gene_set,num_genes,member_genes,max_amplitude,mean_ZT0,ci_lo_ZT0,ci_hi_ZT0,mean_ZT6,ci_lo_ZT6,ci_hi_ZT6,mean_ZT12,ci_lo_ZT12,ci_hi_ZT12,mean_ZT18,ci_lo_ZT18,ci_hi_ZT18
GOBP_FORELIMB_MORPHOGENESIS,3,Msx2;Tfap2b;Zbtb16,2.268495,1.421435,0.876393,1.977752,-0.325545,-0.81408,0.193336,-0.104446,-0.544489,0.385269,-0.84706,-1.4274,-0.117512
GOBP_HINDLIMB_MORPHOGENESIS,3,Msx2;Tfap2b;Zbtb16,2.268495,1.421435,0.876393,1.977752,-0.325545,-0.81408,0.193336,-0.104446,-0.544489,0.385269,-0.84706,-1.4274,-0.117512
GOBP_SYNAPTIC_TRANSMISSION_DOPAMINERGIC,3,Drd1;Rasd2;Ptgs2,1.582146,0.416722,-0.342988,0.871715,-1.165424,-1.753095,-0.596805,-0.253188,-0.727125,0.263344,-0.016044,-0.498703,0.423455
GOBP_RESPONSE_TO_INTERFERON_ALPHA,3,Ifitm3;Gata3;Ifit3,1.443886,0.595361,0.143162,1.030839,0.013834,-0.400434,0.386465,-0.848525,-1.183569,-0.235359,-0.020312,-0.306806,0.33604
GOBP_RESPONSE_TO_REDOX_STATE,4,Vasn;Arntl;Npas2;Clock,1.426127,-0.897154,-1.268096,-0.617194,0.528974,0.190383,0.842129,0.141451,-0.157642,0.440813,-0.278269,-0.68326,0.119252
GOBP_REGULATION_OF_ENDOCRINE_PROCESS,3,Cry1;Inhbb;Nkx3-1,1.406032,-0.175818,-0.586786,0.127462,0.560886,0.164154,0.99291,-0.845146,-1.384047,-0.190699,-0.116611,-0.519084,0.270069
GOBP_REGULATION_OF_TYPE_B_PANCREATIC_CELL_DEVELOPMENT,3,Arntl;Nkx6-1;Clock,1.388542,-0.744792,-1.159845,-0.464406,0.64375,0.162076,1.037792,0.050864,-0.395161,0.519861,-0.301873,-0.716893,0.096471
GOBP_ACTIVATION_OF_ADENYLATE_CYCLASE_ACTIVITY,3,Adrb1;Drd1;Tshr,1.348504,0.560233,-0.098861,1.23428,-0.788272,-1.254344,-0.326047,-0.066009,-0.726495,0.536434,-0.144882,-0.715493,0.342388
GOBP_STEROID_HORMONE_SECRETION,3,Cry1;Nkx3-1;Fzd4,1.303349,-0.046786,-0.41981,0.27731,0.543952,0.129406,1.040813,-0.759397,-1.190061,-0.296723,-0.126475,-0.456928,0.275834
GOBP_LIPID_EXPORT_FROM_CELL,3,Cry1;Nkx3-1;Fzd4,1.303349,-0.046786,-0.41981,0.27731,0.543952,0.129406,1.040813,-0.759397,-1.190061,-0.296723,-0.126475,-0.456928,0.275834
GOBP_ENDOCRINE_HORMONE_SECRETION,5,Cry1;Gata3;Inhbb;Nkx3-1;Fzd4,1.289608,-0.096299,-0.398111,0.207981,0.438863,0.127439,0.792305,-0.850745,-1.2709,-0.434939,-0.015284,-0.299141,0.281739
GOBP_REGULATION_OF_SPINDLE_ORGANIZATION,3,Gnai1;Hspa1a;Hspa1b,1.286145,-1.177233,-1.554064,-0.842035,-0.554036,-0.846451,-0.248015,-0.455607,-0.832805,-0.03478,0.108912,-0.29294,0.432066
GOBP_REGULATION_OF_MICROTUBULE_POLYMERIZATION,3,Fkbp4;Hspa1a;Hspa1b,1.25984,-1.198212,-1.516437,-0.85062,-0.544577,-0.84375,-0.174067,-0.490309,-0.923081,-0.027302,0.061628,-0.338247,0.42842
GOBP_NUCLEOTIDE_BINDING_OLIGOMERIZATION_DOMAIN_CONTAINING_2_SIGNALING_PATHWAY,3,Hspa1a;Hspa1b;Nfkbia,1.251308,-1.107988,-1.561833,-0.657469,-0.572217,-0.907277,-0.265115,-0.408043,-0.815259,0.02141,0.143319,-0.307165,0.522588
GOBP_BEHAVIORAL_RESPONSE_TO_COCAINE,4,Drd1;Htr2a;Ppp1r1b;Homer2,1.226847,0.48987,-0.082725,1.036095,-0.736977,-1.287927,-0.204162,-0.240738,-0.744756,0.329136,-0.053987,-0.472019,0.351097
GOBP_STRESS_INDUCED_PREMATURE_SENESCENCE,3,Cdkn1a;Arntl;Wnt16,1.215701,-0.668471,-0.938917,-0.334685,0.54723,0.102988,0.90098,0.153041,-0.332265,0.587793,-0.310533,-0.726183,0.171278
GOBP_NEGATIVE_REGULATION_OF_INCLUSION_BODY_ASSEMBLY,5,Dnajb2;Hspa1a;Hspa1b;Dnajb1;Dnaja4,1.144119,-1.138654,-1.419354,-0.826825,-0.535,-0.808263,-0.246633,-0.418197,-0.732161,-0.044389,0.005465,-0.197076,0.285323
GOBP_MATING_BEHAVIOR,3,Drd1;Thra;Ppp1r1b,1.086993,0.332915,-0.227845,0.826814,-0.754078,-1.316363,-0.22585,0.059785,-0.425557,0.654243,-0.198396,-0.760081,0.325493
GOBP_MATING,3,Drd1;Thra;Ppp1r1b,1.086993,0.332915,-0.227845,0.826814,-0.754078,-1.316363,-0.22585,0.059785,-0.425557,0.654243,-0.198396,-0.760081,0.325493
GOBP_HEAT_ACCLIMATION,3,Hspa1a;Hspa1b;Hsbp1l1,1.06624,-1.106947,-1.544525,-0.689025,-0.580038,-1.011802,-0.219352,-0.557133,-0.980221,-0.06937,-0.040707,-0.54261,0.367342
GOBP_POSITIVE_REGULATION_OF_SYNAPTIC_TRANSMISSION_GLUTAMATERGIC,4,Drd1;Glul;Ptgs2;Tnr,1.022446,0.313886,-0.199792,0.784112,-0.70856,-1.211033,-0.203345,-0.163969,-0.569388,0.232061,-0.236468,-0.562214,0.189099
GOBP_NEGATIVE_REGULATION_OF_SIGNAL_TRANSDUCTION_IN_ABSENCE_OF_LIGAND,4,Unc5b;Hspa1a;Hspa1b;Pf4,1.020458,-0.998836,-1.405916,-0.568349,-0.481934,-0.837054,0.005235,-0.498494,-0.892233,-0.13837,0.021621,-0.403458,0.342187
GOBP_REGULATION_OF_EXTRINSIC_APOPTOTIC_SIGNALING_PATHWAY_IN_ABSENCE_OF_LIGAND,4,Unc5b;Hspa1a;Hspa1b;Pf4,1.020458,-0.998836,-1.405916,-0.568349,-0.481934,-0.837054,0.005235,-0.498494,-0.892233,-0.13837,0.021621,-0.403458,0.342187
GOBP_POSITIVE_REGULATION_OF_POTASSIUM_ION_TRANSPORT,4,Drd1;Atp1b1;Wnk4;Actn2,1.002605,0.236024,-0.269498,0.858454,-0.766581,-1.220266,-0.275883,-0.047424,-0.477109,0.371512,0.090677,-0.456516,0.530769
GOBP_ANION_HOMEOSTASIS,3,Ckb;Cyb561;Tfap2b,0.99606,0.694324,0.186097,1.126441,-0.196551,-0.604883,0.228304,-0.158267,-0.617448,0.18452,-0.301736,-0.742545,0.225639
GOBP_REGULATION_OF_INCLUSION_BODY_ASSEMBLY,6,Dnajb2;Hspa1a;Hspa1b;Dnajb1;Dnaja4;Sncaip,0.993306,-1.002209,-1.25335,-0.748346,-0.403674,-0.672854,-0.16135,-0.353113,-0.675192,-0.030954,-0.008903,-0.201473,0.208212
GOBP_MICROTUBULE_POLYMERIZATION,4,Fkbp4;Hspa1a;Hspa1b;Tppp3,0.981397,-0.906385,-1.192255,-0.621948,-0.387781,-0.650034,-0.074822,-0.333481,-0.687143,-0.018181,0.075011,-0.259509,0.422056
GOBP_RESPONSE_TO_GLUCAGON,3,Cdo1;Cry1;Hmgcs2,0.9764,0.131649,-0.267776,0.567582,0.256778,-0.116769,0.632962,-0.719622,-1.03785,-0.256589,-0.132627,-0.432703,0.195096
GOBP_REGULATION_OF_NUCLEOTIDE_BINDING_OLIGOMERIZATION_DOMAIN_CONTAINING_SIGNALING_PATHWAY,3,Hspa1a;Hspa1b;Slc15a2,0.96615,-1.14278,-1.535737,-0.723821,-0.932961,-1.272706,-0.477876,-0.67023,-1.064179,-0.204375,-0.176631,-0.610461,0.153258
GOBP_ACYLGLYCEROL_HOMEOSTASIS,4,Lpl;Angptl4;Xbp1;Dgat2,0.96546,0.605243,0.165515,1.10034,-0.031975,-0.488675,0.491158,-0.360217,-0.739283,0.056312,-0.286099,-0.714671,0.132115
GOBP_NEGATIVE_REGULATION_OF_INTERLEUKIN_2_PRODUCTION,3,Gata3;Lag3;Homer2,0.961243,0.203871,-0.390268,0.72791,-0.150408,-0.682381,0.317169,-0.757372,-1.301713,-0.188974,0.032154,-0.58076,0.451934
GOBP_REGULATION_OF_GLUCAN_BIOSYNTHETIC_PROCESS,3,Ppp1r3a;Ppp1r3b;Irs2,0.935633,-0.478811,-0.982146,-0.052106,0.456822,0.06814,0.915687,-0.474902,-0.980542,0.14405,0.128522,-0.233539,0.483574
GOBP_REGULATION_OF_GLYCOGEN_METABOLIC_PROCESS,3,Ppp1r3a;Ppp1r3b;Irs2,0.935633,-0.478811,-0.982146,-0.052106,0.456822,0.06814,0.915687,-0.474902,-0.980542,0.14405,0.128522,-0.233539,0.483574
GOBP_CORTICOSTEROID_RECEPTOR_SIGNALING_PATHWAY,4,Cry1;Arntl;Per1;Clock,0.933766,-0.404176,-0.859805,0.061711,0.529589,0.210731,0.85586,-0.281019,-0.670806,0.156695,-0.252289,-0.576164,0.090135
GOBP_REGULATION_OF_GLUCOCORTICOID_RECEPTOR_SIGNALING_PATHWAY,4,Cry1;Arntl;Per1;Clock,0.933766,-0.404176,-0.859805,0.061711,0.529589,0.210731,0.85586,-0.281019,-0.670806,0.156695,-0.252289,-0.576164,0.090135
GOBP_INCLUSION_BODY_ASSEMBLY,7,Dnajb2;Hspa1a;Hspa1b;Dnajb1;Dnaja4;Bag3;Sncaip,0.931559,-0.938055,-1.188008,-0.687389,-0.396622,-0.660751,-0.187595,-0.32228,-0.603995,-0.022631,-0.006496,-0.201163,0.170491
GOBP_POSITIVE_REGULATION_OF_ERYTHROCYTE_DIFFERENTIATION,4,Ets1;Foxo3;Hspa1a;Hspa1b,0.899172,-0.944369,-1.30144,-0.569287,-0.458964,-0.738055,-0.142931,-0.339608,-0.642673,-0.030812,-0.045196,-0.37335,0.272397
GOBP_LYMPHOCYTE_MIGRATION,4,Gata3;Itga4;Jam2;Wnt5a,0.895706,0.090991,-0.356216,0.576307,0.195652,-0.261767,0.649666,-0.700054,-1.058311,-0.250754,0.007388,-0.315399,0.321408
GOBP_REGULATION_OF_CELL_CYCLE_CHECKPOINT,3,Cry1;Dusp1;Rnaseh2b,0.895564,0.085074,-0.28648,0.520509,0.25775,-0.086059,0.670983,-0.637814,-1.03879,-0.215341,0.029903,-0.281797,0.35798
GOBP_SKELETAL_MUSCLE_CONTRACTION,5,Nr4a1;Slc8a3;Tnnc1;Tnni3;Tcap,0.892568,0.353534,-0.11964,0.786437,-0.539034,-0.848701,-0.1815,-0.265491,-0.688728,0.11087,0.175171,-0.208428,0.611284
GOBP_NEGATIVE_REGULATION_OF_TRANSCRIPTION_FROM_RNA_POLYMERASE_II_PROMOTER_IN_RESPONSE_TO_STRESS,5,Cited2;Hspa1a;Dnajb1;Jun;Bag3,0.88765,-0.769571,-1.168973,-0.44876,-0.341426,-0.676866,-0.094758,-0.251518,-0.534881,0.059974,0.118079,-0.069039,0.311704
GOBP_REGULATION_OF_MICROGLIAL_CELL_ACTIVATION,3,Ldlr;Sphk1;Nr1d1,0.886746,-0.261979,-0.760188,0.117213,-0.560762,-0.952045,-0.14648,0.325984,-0.110374,0.753754,-0.007498,-0.345764,0.357059
GOBP_POSITIVE_REGULATION_OF_PROTEIN_ACETYLATION,4,Arid5a;Gata3;Brd7;Arntl,0.880204,-0.492891,-0.786409,-0.132888,0.387314,0.053428,0.771658,-0.430422,-0.734973,-0.109226,-0.190191,-0.486872,0.169717
GOBP_TYPE_B_PANCREATIC_CELL_DEVELOPMENT,5,Cdk6;Arntl;Nkx6-1;Wnt5a;Clock,0.842862,-0.464046,-0.890354,-0.170481,0.378816,0.053003,0.70732,-0.086857,-0.37415,0.207692,-0.18195,-0.46761,0.15258
GOBP_CIRCADIAN_SLEEP_WAKE_CYCLE,4,Adrb1;Kcna2;Per3;Nr1d1,0.840278,0.185652,-0.364832,0.572832,-0.533276,-0.867512,-0.096137,0.307002,-0.042797,0.696458,-0.13972,-0.491886,0.25901
GOBP_REGULATION_OF_CIRCADIAN_SLEEP_WAKE_CYCLE,4,Adrb1;Kcna2;Per3;Nr1d1,0.840278,0.185652,-0.364832,0.572832,-0.533276,-0.867512,-0.096137,0.307002,-0.042797,0.696458,-0.13972,-0.491886,0.25901
GOBP_REGULATION_OF_TUMOR_NECROSIS_FACTOR_MEDIATED_SIGNALING_PATHWAY,4,Hspa1a;Hspa1b;Sphk1;Nol3,0.840076,-0.874541,-1.263086,-0.505374,-0.710018,-1.031995,-0.380774,-0.352591,-0.676918,0.024498,-0.034466,-0.474001,0.283591
GOBP_T_CELL_DIFFERENTIATION_INVOLVED_IN_IMMUNE_RESPONSE,4,Gata3;Smad7;Rara;Sema4a,0.834692,0.154013,-0.216237,0.587035,0.229676,-0.154085,0.697854,-0.605016,-1.084112,-0.179517,-0.152705,-0.679412,0.296702
GOBP_CD4_POSITIVE_ALPHA_BETA_T_CELL_ACTIVATION,4,Gata3;Smad7;Rara;Sema4a,0.834692,0.154013,-0.216237,0.587035,0.229676,-0.154085,0.697854,-0.605016,-1.084112,-0.179517,-0.152705,-0.679412,0.296702
GOBP_CD4_POSITIVE_ALPHA_BETA_T_CELL_DIFFERENTIATION,4,Gata3;Smad7;Rara;Sema4a,0.834692,0.154013,-0.216237,0.587035,0.229676,-0.154085,0.697854,-0.605016,-1.084112,-0.179517,-0.152705,-0.679412,0.296702
GOBP_POSITIVE_REGULATION_OF_PROTEIN_POLYMERIZATION,5,Hspa1a;Hspa1b;Hsp90aa1;Tppp3;Pfn1,0.833323,-0.742705,-1.014389,-0.512868,-0.366022,-0.620358,-0.087366,-0.298902,-0.591673,-0.038434,0.090618,-0.205725,0.38093
GOBP_LYMPHOID_PROGENITOR_CELL_DIFFERENTIATION,3,Gata3;Hes1;Kit,0.830813,-0.173891,-0.676473,0.421874,0.17025,-0.182918,0.491856,-0.660562,-0.992262,-0.110482,0.025326,-0.317091,0.387315
GOBP_INSULIN_SECRETION_INVOLVED_IN_CELLULAR_RESPONSE_TO_GLUCOSE_STIMULUS,3,Pim3;Ano1;Nr1d1,0.812047,0.093023,-0.365693,0.452482,-0.434251,-0.769104,-0.07392,0.377796,0.077549,0.656713,0.127768,-0.175687,0.534447
GOBP_REGULATION_OF_INSULIN_SECRETION_INVOLVED_IN_CELLULAR_RESPONSE_TO_GLUCOSE_STIMULUS,3,Pim3;Ano1;Nr1d1,0.812047,0.093023,-0.365693,0.452482,-0.434251,-0.769104,-0.07392,0.377796,0.077549,0.656713,0.127768,-0.175687,0.534447
GOBP_REGULATION_OF_GLIAL_CELL_PROLIFERATION,3,Cdkn2b;Hes1;Myc,0.811424,-0.704727,-1.222374,-0.109025,-0.179734,-0.641206,0.24582,0.106698,-0.383707,0.542598,-0.048297,-0.461485,0.363112
GOBP_PHENOL_CONTAINING_COMPOUND_BIOSYNTHETIC_PROCESS,4,Gata3;Nr4a2;Tgfb2;Wnt5a,0.808582,-0.090622,-0.439911,0.338995,0.034585,-0.284988,0.372019,-0.549494,-0.887285,-0.150899,0.259088,-0.094438,0.595503
GOBP_ENDOCRINE_PROCESS,8,Cry1;Enpep;Gata3;Inhbb;Nkx3-1;Pcsk5;Fzd4;Rasl10b,0.807933,-0.035357,-0.29476,0.246098,0.313091,0.052305,0.597715,-0.494843,-0.750238,-0.153044,-0.028667,-0.236778,0.247464
GOBP_MITOTIC_SISTER_CHROMATID_SEGREGATION,6,Smc2;Dusp1;Cdca8;Knstrn;Prc1;Cdc20,0.806692,0.416744,-0.050729,0.801904,-0.192778,-0.536149,0.259747,0.511025,0.20151,0.773905,-0.295667,-0.663328,0.066888
GOBP_CHONDROCYTE_DIFFERENTIATION_INVOLVED_IN_ENDOCHONDRAL_BONE_MORPHOGENESIS,3,Sox9;Axin2;Col27a1,0.796829,0.181143,-0.179684,0.628726,-0.175744,-0.63731,0.299916,-0.615686,-1.058794,-0.160692,-0.163492,-0.538121,0.278632
GOBP_POSITIVE_REGULATION_OF_SKELETAL_MUSCLE_CELL_DIFFERENTIATION,3,Rbm24;Arntl;Cyp26b1,0.795951,-0.538318,-1.010195,-0.085212,0.257633,-0.238676,0.614425,-0.049245,-0.283125,0.2999,-0.280986,-0.739907,0.281472
GOBP_MUSCLE_HYPERTROPHY_IN_RESPONSE_TO_STRESS,3,Klf15;Errfi1;Tcap,0.778677,0.146675,-0.292005,0.688028,-0.589333,-0.902533,-0.290722,0.189344,-0.201628,0.569044,0.113391,-0.305313,0.491851
GOBP_MAMMARY_GLAND_EPITHELIAL_CELL_PROLIFERATION,4,Cebpb;Gata3;Id2;Wnt5a,0.777472,0.11337,-0.21683,0.545796,0.150345,-0.254467,0.519229,-0.627127,-0.93926,-0.233648,0.069061,-0.236202,0.364747
GOBP_REGULATION_OF_TRANSCRIPTION_REGULATORY_REGION_DNA_BINDING,5,Ddit3;Gata3;Msx2;Per2;Klf4,0.775397,0.35392,-0.031193,0.737574,-0.042243,-0.417537,0.363713,-0.421478,-0.722809,-0.066241,-0.064592,-0.336403,0.356441
GOBP_ASTROCYTE_DEVELOPMENT,4,Cdk6;Drd1;Ldlr;Nr1d1,0.77249,-0.002728,-0.61587,0.460256,-0.61698,-1.02031,-0.178861,0.15551,-0.242681,0.536919,-0.025268,-0.287772,0.298641
GOBP_REGULATION_OF_MICROTUBULE_POLYMERIZATION_OR_DEPOLYMERIZATION,5,Mapre2;Fkbp4;Hspa1a;Hspa1b;Map1a,0.751154,-0.702941,-0.965609,-0.455593,-0.251412,-0.481329,0.014005,-0.255556,-0.517592,0.061643,0.048213,-0.251575,0.291891
GOBP_POSITIVE_REGULATION_OF_RESPONSE_TO_DNA_DAMAGE_STIMULUS,6,Ankrd1;Myc;Nkx3-1;Npas2;Shld2;Spire1,0.750669,-0.560852,-0.949834,-0.231533,0.189817,-0.088628,0.500852,-0.006736,-0.26783,0.301279,-0.011901,-0.288619,0.278207
GOBP_PROTEIN_REFOLDING,8,Dnajb2;Hspa1a;Hspa1b;Hspa5;Hspa8;Hsp90aa1;Hspd1;Dnaja4,0.750205,-0.732072,-0.932037,-0.526382,-0.31333,-0.505424,-0.151501,-0.234595,-0.50386,0.005977,0.018133,-0.175881,0.200219
GOBP_ENTEROENDOCRINE_CELL_DIFFERENTIATION,6,Cdk6;Hes1;Arntl;Nkx6-1;Wnt5a;Clock,0.745579,-0.511689,-0.881288,-0.245778,0.23389,-0.042045,0.519806,-0.120471,-0.371392,0.13089,-0.191902,-0.466321,0.113079
GOBP_MICROTUBULE_BUNDLE_FORMATION,4,Dnah5;Tppp3;Armc2;Prc1,0.737552,0.219235,-0.32824,0.7319,-0.172181,-0.5903,0.301956,0.565371,0.1585,0.958307,-0.032113,-0.430377,0.474934
GOBP_REGULATION_OF_INTRACELLULAR_STEROID_HORMONE_RECEPTOR_SIGNALING_PATHWAY,5,Cry1;Arntl;Per1;Lbh;Clock,0.736263,-0.317709,-0.733681,0.023883,0.418554,0.165391,0.676639,-0.171728,-0.462276,0.170048,-0.159824,-0.438368,0.086626
GOBP_NEGATIVE_REGULATION_OF_INTRACELLULAR_STEROID_HORMONE_RECEPTOR_SIGNALING_PATHWAY,5,Cry1;Arntl;Per1;Lbh;Clock,0.736263,-0.317709,-0.733681,0.023883,0.418554,0.165391,0.676639,-0.171728,-0.462276,0.170048,-0.159824,-0.438368,0.086626
GOBP_NUCLEOTIDE_BINDING_DOMAIN_LEUCINE_RICH_REPEAT_CONTAINING_RECEPTOR_SIGNALING_PATHWAY,4,Hspa1a;Hspa1b;Nfkbia;Slc15a2,0.732897,-0.789215,-1.220431,-0.397434,-0.728456,-1.006835,-0.383606,-0.446628,-0.752527,-0.096438,-0.056318,-0.389051,0.271239
GOBP_RESPONSE_TO_NITRIC_OXIDE,3,Dpep1;Hnrnpd;Mmp3,0.727796,-0.590119,-1.003926,-0.191351,0.024715,-0.523647,0.589549,-0.502678,-0.965735,0.018239,0.137677,-0.283358,0.501814
GOBP_CELLULAR_RESPONSE_TO_REACTIVE_NITROGEN_SPECIES,3,Dpep1;Hnrnpd;Mmp3,0.727796,-0.590119,-1.003926,-0.191351,0.024715,-0.523647,0.589549,-0.502678,-0.965735,0.018239,0.137677,-0.283358,0.501814
GOBP_COCHLEA_MORPHOGENESIS,3,Frzb;Sox9;Wnt5a,0.720596,0.184864,-0.358749,0.594643,-0.289042,-0.892614,0.152121,-0.535731,-0.853921,-0.172129,-0.136503,-0.558867,0.329716
GOBP_POSITIVE_REGULATION_OF_HISTONE_ACETYLATION,3,Arid5a;Gata3;Brd7,0.717851,-0.183329,-0.52146,0.208115,0.127305,-0.245278,0.565808,-0.590546,-0.97332,-0.147963,0.073169,-0.211215,0.382853
GOBP_POSITIVE_REGULATION_OF_PEPTIDYL_LYSINE_ACETYLATION,3,Arid5a;Gata3;Brd7,0.717851,-0.183329,-0.52146,0.208115,0.127305,-0.245278,0.565808,-0.590546,-0.97332,-0.147963,0.073169,-0.211215,0.382853
GOBP_SHORT_TERM_MEMORY,3,Rcan1;Npas4;Serpinf1,0.713081,-0.556393,-0.93458,-0.117442,-0.122553,-0.522465,0.322014,-0.245361,-0.76647,0.265106,0.156688,-0.175878,0.489022
GOBP_NEGATIVE_REGULATION_OF_LIPID_TRANSPORT,4,Cry1;Itgb3;Thbs1;Irs2,0.712243,-0.24663,-0.511473,0.093024,0.465613,0.122918,0.760145,-0.235809,-0.665776,0.124543,-0.162487,-0.469791,0.135414
GOBP_B_CELL_APOPTOTIC_PROCESS,3,Tnfrsf21;Irs2;Cd74,0.710875,-0.049175,-0.655697,0.445937,-0.76005,-1.275732,-0.332687,-0.390324,-0.715533,0.103861,-0.100803,-0.700055,0.361974
GOBP_CHAPERONE_COFACTOR_DEPENDENT_PROTEIN_REFOLDING,10,Hsph1;Dnajb4;Sdf2l1;Hspa1a;Hspa1b;Hspa5;Hspa8;Dnajb1;St13;Cd74,0.710432,-0.750448,-0.959062,-0.570431,-0.318726,-0.522505,-0.150815,-0.29501,-0.539054,-0.026153,-0.040016,-0.226592,0.141636
GOBP_NEPHRON_TUBULE_FORMATION,4,Gata3;Six4;Sox9;Irx3,0.703288,-0.159753,-0.514799,0.275036,0.057465,-0.348137,0.404638,-0.645824,-1.114248,-0.213397,0.039972,-0.280741,0.371908
GOBP_COLUMNAR_CUBOIDAL_EPITHELIAL_CELL_DEVELOPMENT,6,Cdk6;Arntl;Nkx6-1;Rara;Wnt5a;Clock,0.702009,-0.410583,-0.77058,-0.138914,0.291427,0.017068,0.557718,-0.134141,-0.399083,0.126497,-0.19991,-0.482422,0.118753
GOBP_GLANDULAR_EPITHELIAL_CELL_DEVELOPMENT,6,Cdk6;Arntl;Nkx6-1;Rara;Wnt5a;Clock,0.702009,-0.410583,-0.77058,-0.138914,0.291427,0.017068,0.557718,-0.134141,-0.399083,0.126497,-0.19991,-0.482422,0.118753
GOBP_ANDROGEN_METABOLIC_PROCESS,3,Tiparp;Hsd17b7;Wnt4,0.701759,-0.686643,-1.163354,-0.140436,-0.185141,-0.62212,0.352167,-0.169638,-0.725107,0.343892,0.015116,-0.33968,0.374947
GOBP_REGULATION_OF_CELLULAR_RESPONSE_TO_HEAT,3,Chordc1;Dnajb1;Ier5,0.70072,-0.644348,-1.038862,-0.200415,-0.190805,-0.457595,0.147089,-0.116499,-0.598799,0.243253,0.056372,-0.302875,0.372705
GOBP_SISTER_CHROMATID_SEGREGATION,7,Smc2;Dusp1;Cdca8;Axin2;Knstrn;Prc1;Cdc20,0.698082,0.40534,-0.037387,0.796109,-0.172885,-0.517444,0.257238,0.363665,0.118178,0.595155,-0.292743,-0.605721,0.053617
GOBP_CHAPERONE_MEDIATED_PROTEIN_COMPLEX_ASSEMBLY,4,Hspa1a;Hsp90aa1;Hsp90ab1;Hspd1,0.688003,-0.589556,-0.850049,-0.311629,-0.302109,-0.522216,-0.075183,-0.180186,-0.510611,0.145989,0.098447,-0.193688,0.362254
GOBP_DE_NOVO_PROTEIN_FOLDING,11,Hsph1;Dnajb4;Sdf2l1;Hspa1a;Hspa1b;Hspa5;Hspa8;Hspd1;Dnajb1;St13;Cd74,0.68578,-0.713195,-0.908097,-0.521163,-0.304435,-0.498544,-0.128537,-0.26528,-0.505608,-0.011539,-0.027415,-0.20248,0.151886
GOBP_AORTIC_VALVE_MORPHOGENESIS,5,Efna1;Eln;Gata3;Smad6;Sox9,0.678684,-0.196134,-0.523409,0.081765,0.126035,-0.184751,0.386057,-0.552649,-0.931799,-0.127985,-0.182446,-0.549009,0.185071
GOBP_REGULATION_OF_CARBOHYDRATE_CATABOLIC_PROCESS,4,Htr2a;Myc;Ppp1r3b;Cbfa2t3,0.670023,-0.54988,-0.875484,-0.162469,0.120143,-0.261423,0.504241,-0.10012,-0.592509,0.35476,0.061491,-0.38153,0.481554
GOBP_CHONDROITIN_SULFATE_PROTEOGLYCAN_METABOLIC_PROCESS,3,Dcn;Chsy1;Cytl1,0.669312,0.073695,-0.377865,0.454071,0.017593,-0.34902,0.319575,-0.595618,-1.011288,-0.166827,-0.207716,-0.552774,0.270446
GOBP_REGULATION_OF_ERYTHROCYTE_DIFFERENTIATION,6,Cdk6;Ets1;Foxo3;Hspa1a;Hspa1b;Zfp36l1,0.667203,-0.68167,-0.946698,-0.402079,-0.236428,-0.45719,0.00506,-0.230785,-0.454219,0.012724,-0.014467,-0.241113,0.238863
GOBP_POSITIVE_REGULATION_OF_PATTERN_RECOGNITION_RECEPTOR_SIGNALING_PATHWAY,5,Hspa1a;Hspa1b;Peli1;Tlr2;Cav1,0.665527,-0.698075,-1.038602,-0.342493,-0.323949,-0.597391,-0.103327,-0.32175,-0.618791,-0.093209,-0.032547,-0.410291,0.300284
GOBP_RESPONSE_TO_AMPHETAMINE,5,Drd1;Nr4a1;Nr4a2;Rgs2;Ppp1r1b,0.661448,0.097753,-0.298535,0.409922,-0.501302,-0.831292,-0.123157,-0.143582,-0.450252,0.243275,0.160146,-0.18905,0.530861
GOBP_DORSAL_VENTRAL_PATTERN_FORMATION,6,Ddit3;Smad6;Grem2;Hhip;Axin2;Acvrl1,0.652874,0.033625,-0.305765,0.394176,-0.06816,-0.388843,0.269323,-0.619249,-0.938031,-0.269034,-0.030595,-0.300175,0.176525
GOBP_APPENDAGE_MORPHOGENESIS,14,Dlx5;Dlx6;Fgfr2;Hoxc10;Asph;Msx2;Pcsk5;Cyp26b1;Sox9;Tfap2b;Tgfb2;Wnt5a;Zbtb16;Pkdcc,0.649442,0.392901,0.142812,0.592557,-0.081608,-0.265282,0.154978,-0.134508,-0.329283,0.048263,-0.256541,-0.491733,-0.01937
GOBP_POSITIVE_REGULATION_OF_TYPE_2_IMMUNE_RESPONSE,3,Gata3;Rara;Cd74,0.645247,-0.133161,-0.584265,0.486369,-0.24549,-0.665168,0.208153,-0.773468,-1.231193,-0.286889,-0.128221,-0.713595,0.310976
GOBP_CAMP_MEDIATED_SIGNALING,4,Rasd2;Gnai1;Pde7a;Sox9,0.63612,0.225126,-0.108119,0.723987,-0.410994,-0.74403,-0.096511,-0.146616,-0.461683,0.155324,0.044726,-0.27082,0.398665
GOBP_REGULATION_OF_EXTRINSIC_APOPTOTIC_SIGNALING_PATHWAY_VIA_DEATH_DOMAIN_RECEPTORS,4,Faim2;Atf3;Serpine1;Thbs1,0.634523,-0.555163,-0.903905,-0.16426,0.07936,-0.216147,0.366181,0.002616,-0.343119,0.337205,-0.221725,-0.558267,0.157659
GOBP_T_CELL_ACTIVATION_INVOLVED_IN_IMMUNE_RESPONSE,5,Gata3;Smad7;Rara;Sema4a;Cd74,0.628059,0.028732,-0.340681,0.45169,-0.039784,-0.364334,0.316455,-0.599327,-0.984423,-0.212548,-0.200443,-0.60986,0.154817
GOBP_ADULT_BEHAVIOR,7,Drd1;Hipk2;Htr2a;Nr4a2;Prex2;Ppp1r1b;Homer2,0.627218,0.21694,-0.100088,0.570077,-0.410278,-0.712351,-0.031472,-0.151964,-0.506934,0.218494,0.053191,-0.245791,0.318257
GOBP_LYSOSOMAL_TRANSPORT,4,Lyst;Hspa1a;Hspa8;Gprasp1,0.623585,-0.595063,-0.854264,-0.272676,-0.200543,-0.483639,0.0614,-0.157226,-0.491942,0.193964,0.028522,-0.270073,0.277339
GOBP_LUNG_MORPHOGENESIS,6,Spry1;Spry2;Fgfr2;Foxf1;Hhip;Sox9,0.613035,0.035965,-0.314938,0.32496,-0.124145,-0.382504,0.161294,-0.483209,-0.852419,-0.124069,0.129826,-0.178719,0.413458
GOBP_EPITHELIAL_TUBE_BRANCHING_INVOLVED_IN_LUNG_MORPHOGENESIS,6,Spry1;Spry2;Fgfr2;Foxf1;Hhip;Sox9,0.613035,0.035965,-0.314938,0.32496,-0.124145,-0.382504,0.161294,-0.483209,-0.852419,-0.124069,0.129826,-0.178719,0.413458
GOBP_OTIC_VESICLE_FORMATION,3,Fgfr2;Sox9;Tcap,0.609918,-0.093587,-0.438915,0.218281,-0.574655,-0.852521,-0.271266,-0.157154,-0.516151,0.280351,0.035263,-0.414197,0.494406
GOBP_OTIC_VESICLE_MORPHOGENESIS,3,Fgfr2;Sox9;Tcap,0.609918,-0.093587,-0.438915,0.218281,-0.574655,-0.852521,-0.271266,-0.157154,-0.516151,0.280351,0.035263,-0.414197,0.494406
GOBP_ACUTE_INFLAMMATORY_RESPONSE,6,Cebpb;F3;Gata3;Ptger3;Ptgs2;C3,0.601576,0.011307,-0.366622,0.535707,-0.023384,-0.330143,0.273061,-0.485987,-0.710099,-0.204035,0.115588,-0.149168,0.422003
GOBP_DNA_TEMPLATED_TRANSCRIPTION_INITIATION,4,Jun;Myc;Atf7ip;Thra,0.596716,-0.497404,-0.869145,-0.138257,0.099312,-0.227443,0.39319,0.078871,-0.191899,0.343957,0.035098,-0.373328,0.378154
GOBP_REGULATION_OF_PROTEIN_POLYMERIZATION,10,Kank4;Eln;Fkbp4;Hspa1a;Hspa1b;Hsp90aa1;Pak3;Tppp3;Pfn1;Fhod3,0.594872,-0.515852,-0.740279,-0.312378,-0.075603,-0.260218,0.11728,-0.098966,-0.320758,0.10248,0.07902,-0.10753,0.305092
GOBP_REGULATION_OF_PROTEIN_LOCALIZATION_TO_PLASMA_MEMBRANE,3,Mmp14;Pkdcc;Akap5,0.589568,-0.196244,-0.576114,0.134754,0.393324,0.048397,0.686792,0.31532,-0.270557,0.856683,0.001364,-0.451206,0.391422
GOBP_POSITIVE_REGULATION_OF_CYTOKINE_PRODUCTION_INVOLVED_IN_IMMUNE_RESPONSE,5,Arid5a;Gata3;Kit;Wnt5a;Cd74,0.587084,-0.176664,-0.62303,0.193996,-0.102364,-0.445922,0.249051,-0.607796,-0.862692,-0.328448,-0.020712,-0.319405,0.236109
GOBP_SIGNAL_TRANSDUCTION_IN_ABSENCE_OF_LIGAND,8,Unc5b;Foxo3;Mknk2;Hspa1a;Hspa1b;Fas;Pf4;Bag3,0.579654,-0.59035,-0.892482,-0.275345,-0.350665,-0.631226,-0.08032,-0.243918,-0.453491,-0.055732,-0.010696,-0.211428,0.169943
GOBP_ENDOCRINE_PANCREAS_DEVELOPMENT,7,Cdk6;Hes1;Arntl;Nkx6-1;Sox9;Wnt5a;Clock,0.577049,-0.435892,-0.729215,-0.174451,0.141158,-0.144908,0.428219,-0.197887,-0.447505,0.045754,-0.172258,-0.434159,0.152075
GOBP_AMINE_METABOLIC_PROCESS,8,Inmt;Drd1;Gata3;Ly6e;Nr4a2;Sult1a1;Tgfb2;Sncaip,0.576753,-0.160628,-0.520076,0.165148,-0.266191,-0.55459,0.045685,-0.449091,-0.738451,-0.116988,0.127661,-0.175821,0.406644
GOBP_GLANDULAR_EPITHELIAL_CELL_DIFFERENTIATION,10,Cdk6;Fgfr2;Hes1;Arntl;Nkx6-1;Wnt4;Rara;Bmp2;Wnt5a;Clock,0.575182,-0.486381,-0.763208,-0.251535,0.088801,-0.112301,0.287716,-0.191507,-0.418744,0.038975,-0.169163,-0.392022,0.074346
GOBP_EAR_MORPHOGENESIS,11,Spry2;Dlx5;Dlx6;Fgfr2;Frzb;Gata3;Insig1;Six4;Sox9;Wnt5a;Tcap,0.574729,0.228687,-0.046999,0.506441,-0.252625,-0.460968,0.002592,-0.346042,-0.548197,-0.105927,-0.106007,-0.29888,0.140948
GOBP_INNER_EAR_MORPHOGENESIS,11,Spry2;Dlx5;Dlx6;Fgfr2;Frzb;Gata3;Insig1;Six4;Sox9;Wnt5a;Tcap,0.574729,0.228687,-0.046999,0.506441,-0.252625,-0.460968,0.002592,-0.346042,-0.548197,-0.105927,-0.106007,-0.29888,0.140948
GOBP_MICROTUBULE_POLYMERIZATION_OR_DEPOLYMERIZATION,7,Mapre2;Cryab;Fkbp4;Hspa1a;Hspa1b;Map1a;Tppp3,0.573763,-0.499257,-0.717048,-0.299644,-0.175197,-0.361458,0.053693,-0.167208,-0.403299,0.090312,0.074506,-0.129642,0.307411
GOBP_CELLULAR_RESPONSE_TO_ARSENIC_CONTAINING_SUBSTANCE,5,Mknk2;Hnrnpa1;Myc;Atf3;Atf4,0.569454,-0.487559,-0.87164,-0.112603,-0.167623,-0.502197,0.089322,-0.143438,-0.40118,0.165819,0.081895,-0.175629,0.383041
GOBP_LEUKOCYTE_APOPTOTIC_PROCESS,8,Tsc22d3;Efna1;Tnfrsf21;Fas;Irf7;Wnt5a;Irs2;Cd74,0.566126,0.151139,-0.242738,0.5047,-0.414987,-0.754358,-0.065251,-0.214221,-0.490006,0.057826,-0.249399,-0.50344,0.006394
GOBP_INTERLEUKIN_4_PRODUCTION,5,Cebpb;Ddit3;Gata3;Rara;Ndfip1,0.560427,0.117256,-0.174421,0.489148,0.047085,-0.219583,0.328799,-0.443172,-0.727532,-0.055537,0.032794,-0.295365,0.329731
GOBP_TYPE_2_IMMUNE_RESPONSE,4,Gata3;Rara;Ndfip1;Cd74,0.549372,-0.048111,-0.409863,0.358896,-0.180736,-0.508405,0.228089,-0.597483,-0.984428,-0.216861,-0.081211,-0.489576,0.317006
GOBP_REGULATION_OF_MITOCHONDRIAL_MEMBRANE_PERMEABILITY,3,Hspa1a;Chchd10;Nol3,0.549103,-0.408598,-0.979813,0.016568,-0.587214,-0.986305,-0.256116,-0.287194,-0.764567,0.032093,-0.038111,-0.422061,0.331607
GOBP_REGULATION_OF_MEMBRANE_PERMEABILITY,3,Hspa1a;Chchd10;Nol3,0.549103,-0.408598,-0.979813,0.016568,-0.587214,-0.986305,-0.256116,-0.287194,-0.764567,0.032093,-0.038111,-0.422061,0.331607
GOBP_REGULATION_OF_MITOCHONDRIAL_MEMBRANE_PERMEABILITY_INVOLVED_IN_APOPTOTIC_PROCESS,3,Hspa1a;Chchd10;Nol3,0.549103,-0.408598,-0.979813,0.016568,-0.587214,-0.986305,-0.256116,-0.287194,-0.764567,0.032093,-0.038111,-0.422061,0.331607
GOBP_EXTRINSIC_APOPTOTIC_SIGNALING_PATHWAY_VIA_DEATH_DOMAIN_RECEPTORS,5,Faim2;Atf3;Serpine1;Thbs1;Bag3,0.547382,-0.554757,-0.879826,-0.280004,-0.007375,-0.290812,0.240733,-0.025364,-0.293127,0.269608,-0.175792,-0.502702,0.167628
GOBP_REGULATION_OF_EXTRINSIC_APOPTOTIC_SIGNALING_PATHWAY,12,Unc5b;Faim2;Hspa1a;Hspa1b;Atf3;G0s2;Serpine1;Tnfrsf12a;Pf4;Thbs1;Cav1;Nol3,0.545404,-0.581427,-0.826733,-0.334462,-0.199427,-0.410399,0.030732,-0.250044,-0.423267,-0.062268,-0.036022,-0.239085,0.172144
GOBP_RESPONSE_TO_AMINE,6,Nqo1;Drd1;Nr4a1;Nr4a2;Rgs2;Ppp1r1b,0.544801,0.108891,-0.244318,0.387875,-0.432094,-0.755339,-0.093906,-0.138967,-0.400408,0.189764,0.112707,-0.197301,0.433985
GOBP_PHARYNGEAL_SYSTEM_DEVELOPMENT,5,Gata3;Hes1;Nkx3-1;Six4;Tgfb2,0.538669,-0.169823,-0.490467,0.267189,0.086288,-0.239106,0.367217,-0.452381,-0.759748,-0.102322,-0.041243,-0.347557,0.265911
GOBP_REGULATION_OF_PHOSPHOLIPASE_ACTIVITY,6,Adra1a;Fgfr2;Htr2a;Ccn1;Kit;Rgs2,0.537743,-0.264115,-0.488605,-0.031659,0.273628,0.006829,0.514237,-0.042859,-0.340675,0.235671,0.045457,-0.293972,0.299489
GOBP_RESPONSE_TO_VITAMIN_D,3,Penk;Ptgs2;Stc2,0.536817,-0.062587,-0.576064,0.532855,-0.540566,-1.036876,-0.133921,-0.413453,-0.930852,0.121371,-0.003749,-0.390965,0.47679
GOBP_NEGATIVE_REGULATION_OF_STEROID_METABOLIC_PROCESS,3,Insig1;Wnt4;Bmp2,0.536344,-0.637208,-1.152735,-0.173673,-0.232996,-0.720023,0.204724,-0.407764,-0.911717,0.066507,-0.100864,-0.549811,0.220128
GOBP_PEPTIDYL_LYSINE_METHYLATION,5,Mecom;Etfbkmt;Phf19;Gata3;Prdm16,0.535001,0.0966,-0.186629,0.441212,0.138167,-0.241696,0.496039,-0.396834,-0.683886,-0.056573,0.00778,-0.385102,0.274179
GOBP_CARDIAC_VENTRICLE_MORPHOGENESIS,9,Fgfr2;Foxf1;Gata3;Ly6e;Smad7;Tgfb2;Tnnc1;Tnni3;Tnnt2,0.534849,0.084845,-0.264933,0.365113,-0.037655,-0.276158,0.252016,-0.450003,-0.73386,-0.110565,0.034179,-0.249333,0.264345
GOBP_NEGATIVE_REGULATION_OF_LEUKOCYTE_APOPTOTIC_PROCESS,5,Tsc22d3;Efna1;Irf7;Irs2;Cd74,0.5287,0.106104,-0.361288,0.520045,-0.422596,-0.81859,-0.021504,-0.220986,-0.542383,0.137678,-0.412574,-0.769357,-0.060474
GOBP_POSITIVE_REGULATION_OF_BONE_MINERALIZATION,9,Gpm6b;Ccn1;Wnt4;Tent5a;Ptn;Bmp2;Slc8a1;Tgfb3;Pkdcc,0.527897,-0.473652,-0.752872,-0.122729,0.054246,-0.192528,0.277614,-0.153576,-0.379501,0.138771,-0.02507,-0.265182,0.19779
GOBP_ASCENDING_AORTA_DEVELOPMENT,3,Hes1;Lox;Tgfb2,0.527796,-0.534581,-0.895902,-0.22757,-0.116075,-0.432152,0.191828,-0.006786,-0.397567,0.389585,-0.15472,-0.471267,0.137878
GOBP_MIDGUT_DEVELOPMENT,3,Foxf1;Hmgcs2;Wnt5a,0.524971,0.040183,-0.339974,0.462525,-0.07112,-0.643408,0.367477,-0.484788,-0.848598,-0.182593,-0.071518,-0.487051,0.29904
GOBP_CHROMATIN_REMODELING,7,Baz1a;Gata3;Myc;Rbbp4;Sox9;Naa60;Mbd2,0.522514,-0.093889,-0.390386,0.231428,0.018725,-0.257887,0.357057,-0.378828,-0.645332,-0.099435,0.143686,-0.118174,0.367637
GOBP_DOPAMINERGIC_NEURON_DIFFERENTIATION,4,Vegfd;Nr4a2;Wnt5a;Manf,0.51876,-0.09396,-0.435403,0.152357,0.040494,-0.36353,0.423533,-0.357548,-0.605503,-0.061962,0.161213,-0.119638,0.510623
GOBP_PARASYMPATHETIC_NERVOUS_SYSTEM_DEVELOPMENT,3,Egr2;Hes1;Nav2,0.517012,-0.53405,-0.842762,-0.142006,-0.017038,-0.369343,0.297349,-0.184511,-0.500335,0.248589,-0.036562,-0.392329,0.380155
GOBP_REGULATION_OF_INSULIN_LIKE_GROWTH_FACTOR_RECEPTOR_SIGNALING_PATHWAY,5,Igfbp2;Igfbp5;Igfbp6;Nkx3-1;Bmp2,0.516101,-0.252004,-0.651754,0.135467,0.129138,-0.220204,0.393883,-0.386963,-0.737173,-0.052918,-0.132389,-0.376712,0.176757
GOBP_POSITIVE_REGULATION_OF_CHEMOKINE_PRODUCTION,4,Lpl;Tlr2;Wnt5a;Cd74,0.516074,-0.032747,-0.594044,0.450269,-0.323327,-0.768572,0.132967,-0.548821,-0.879131,-0.218988,-0.194331,-0.550818,0.162252
GOBP_NEGATIVE_REGULATION_OF_INFLAMMATORY_RESPONSE,13,Plk2;Dusp10;Foxf1;Gata3;Smpdl3b;Ldlr;Serpinf1;Tnfaip6;Ndfip1;Socs3;Klf4;Nr1d1;Nr1d2,0.515877,-0.095444,-0.290311,0.06989,-0.21236,-0.381691,-0.023192,-0.351802,-0.558471,-0.19555,0.164075,-0.05174,0.334717
GOBP_CARTILAGE_DEVELOPMENT_INVOLVED_IN_ENDOCHONDRAL_BONE_MORPHOGENESIS,5,Por;Rara;Sox9;Axin2;Col27a1,0.512219,0.048368,-0.273346,0.31492,-0.185419,-0.453313,0.143798,-0.463851,-0.762064,-0.176828,-0.190734,-0.512042,0.118255
GOBP_APPENDAGE_DEVELOPMENT,18,Fermt2;Dlx5;Dlx6;Fgfr2;Hoxc10;Asph;Msx2;Pcsk5;Cyp26b1;Rara;Smoc1;Scx;Sox9;Tfap2b;Tgfb2;Wnt5a;Zbtb16;Pkdcc,0.508504,0.292168,0.076055,0.447137,-0.086292,-0.244824,0.090623,-0.109929,-0.279802,0.056324,-0.216335,-0.408201,0.001687
GOBP_CELLULAR_RESPONSE_TO_LIGHT_STIMULUS,10,Cdkn1a;Slc24a4;Cry1;Mme;Mmp3;Myc;Atf4;Ptgs2;Timp1;Bmf,0.508456,-0.197816,-0.486654,0.068019,0.052679,-0.241436,0.306715,-0.455777,-0.717663,-0.151035,-0.101107,-0.312178,0.102065
GOBP_MITOTIC_NUCLEAR_DIVISION,15,Smc2;Dusp1;Klhdc8b;Ereg;Rgcc;Hspa1a;Hspa1b;Pdgfb;Anln;Cdca8;Sphk1;Knstrn;Prc1;Kif20b;Cdc20,0.507744,0.02933,-0.212566,0.266833,-0.290481,-0.482715,-0.049819,0.217263,0.026742,0.399484,-0.141149,-0.365283,0.04755
GOBP_POSITIVE_REGULATION_OF_INTERLEUKIN_1_BETA_PRODUCTION,4,Gbp5;Hspb1;Lpl;Wnt5a,0.497169,0.00408,-0.410307,0.444011,-0.095393,-0.674842,0.359317,-0.493089,-0.888714,-0.169619,-0.132824,-0.520653,0.196909
GOBP_NEGATIVE_REGULATION_OF_EXTRINSIC_APOPTOTIC_SIGNALING_PATHWAY,8,Unc5b;Faim2;Hspa1a;Hspa1b;Serpine1;Pf4;Thbs1;Nol3,0.496822,-0.630636,-0.898051,-0.300427,-0.252159,-0.515608,0.030451,-0.27014,-0.503243,-0.055851,-0.133815,-0.403249,0.139111
GOBP_POSITIVE_REGULATION_OF_CALCIUM_ION_TRANSPORT,8,Drd1;Atp1b1;P2rx5;Pdgfb;Cacna1d;Cacnb2;Capn3;Cav1,0.495201,0.128901,-0.204159,0.421149,-0.359383,-0.576541,-0.082245,0.135818,-0.127901,0.410253,-0.146869,-0.504655,0.18128
GOBP_VASCULAR_ENDOTHELIAL_GROWTH_FACTOR_SIGNALING_PATHWAY,4,Spry2;Dcn;Vegfd;Hspb1,0.493436,-0.055758,-0.479789,0.307031,-0.151944,-0.464309,0.144114,-0.518702,-0.813806,-0.2445,-0.025266,-0.288612,0.289648
GOBP_MITOCHONDRIAL_MEMBRANE_ORGANIZATION,6,Hspa1a;Hsp90aa1;Chchd10;Myc;Chchd6;Nol3,0.489788,-0.432996,-0.794696,-0.100038,-0.342873,-0.600353,-0.077239,-0.154138,-0.431892,0.112238,0.056793,-0.225524,0.341251
GOBP_NEURAL_PRECURSOR_CELL_PROLIFERATION,8,Fgfr2;Foxo3;Id2;Id4;Ptn;Ptprz1;Hhip;Wnt5a,0.489607,0.014227,-0.268476,0.290723,0.137383,-0.124523,0.374398,-0.352224,-0.612324,-0.044988,0.064391,-0.210938,0.294334
GOBP_SKIN_EPIDERMIS_DEVELOPMENT,7,Apcdd1;Fgfr2;Igfbp5;Msx2;Sox9;Tgfb2;Wnt5a,0.486893,0.107112,-0.206343,0.392298,0.009394,-0.24632,0.350764,-0.37978,-0.614353,-0.151619,-0.171566,-0.451347,0.129604
GOBP_CHAPERONE_MEDIATED_PROTEIN_FOLDING,15,Hsph1;Dnajb4;Fkbp4;Fkbp5;Sdf2l1;Chordc1;Dnajb2;Hspa1a;Hspa1b;Hspa5;Hspa8;Hspb1;Dnajb1;St13;Cd74,0.482175,-0.505839,-0.699896,-0.336668,-0.34158,-0.490085,-0.204563,-0.231481,-0.440028,-0.058629,-0.023664,-0.164535,0.153253
GOBP_ATP_METABOLIC_PROCESS,11,Aldoa;Hspa1a;Hspa1b;Hspa8;Htr2a;Chchd10;Myc;Ndufv3;Atp1b1;Slc25a33;Cbfa2t3,0.479579,-0.431109,-0.641737,-0.17976,-0.268915,-0.484215,-0.095257,-0.106251,-0.319752,0.118011,0.04847,-0.189588,0.292706
GOBP_COLUMNAR_CUBOIDAL_EPITHELIAL_CELL_DIFFERENTIATION,12,Cdk6;Cebpb;Fgfr2;Hes1;Arntl;Nkx6-1;Serpine1;Wnt4;Rara;Bmp2;Wnt5a;Clock,0.47712,-0.423593,-0.677256,-0.212023,0.053527,-0.119367,0.238701,-0.169892,-0.386516,0.036865,-0.126054,-0.336979,0.092771
GOBP_MONOSACCHARIDE_BIOSYNTHETIC_PROCESS,6,Cry1;Sik1;Atf3;Atf4;Dgat2;Per2,0.47669,-0.167193,-0.432224,0.17863,-0.086504,-0.419282,0.194489,-0.384536,-0.716469,-0.071991,0.092154,-0.234418,0.43847
GOBP_PANCREAS_DEVELOPMENT,8,Cdk6;Foxf1;Hes1;Arntl;Nkx6-1;Sox9;Wnt5a;Clock,0.4744,-0.388367,-0.646446,-0.161212,0.086032,-0.173927,0.356025,-0.212564,-0.427702,0.014429,-0.144829,-0.424155,0.152135
GOBP_UNSATURATED_FATTY_ACID_METABOLIC_PROCESS,4,Cyp1b1;Ephx1;Ptgs2;Cd74,0.468763,-0.116882,-0.476722,0.280571,-0.585646,-0.95041,-0.145875,-0.306507,-0.719153,0.067623,-0.124625,-0.479229,0.27529
GOBP_NEGATIVE_REGULATION_OF_GLIOGENESIS,8,Cdkn2b;Dusp10;Hes1;Id4;Ldlr;Nkx6-1;Ntrk3;Nr1d1,0.468513,-0.402328,-0.630874,-0.145545,-0.071561,-0.295882,0.149285,0.066185,-0.247086,0.32522,-0.040037,-0.249209,0.160214
GOBP_ADENOHYPOPHYSIS_DEVELOPMENT,3,Hes1;Wnt4;Bmp2,0.468429,-0.648502,-1.158788,-0.190329,-0.385936,-0.777236,0.1457,-0.3204,-0.759917,0.167863,-0.180072,-0.598803,0.258109
GOBP_NEUROENDOCRINE_CELL_DIFFERENTIATION,3,Hes1;Wnt4;Bmp2,0.468429,-0.648502,-1.158788,-0.190329,-0.385936,-0.777236,0.1457,-0.3204,-0.759917,0.167863,-0.180072,-0.598803,0.258109
GOBP_CELLULAR_RESPONSE_TO_RADIATION,15,Cdkn1a;Net1;Slc24a4;Cry1;Cryab;Gata3;Hspa5;Mme;Mmp3;Myc;Atf4;Ptgs2;Timp1;Bmf;Clock,0.466537,-0.130838,-0.369263,0.065156,0.091299,-0.155324,0.294066,-0.375238,-0.599316,-0.172639,-0.030539,-0.177049,0.167749
GOBP_SEMI_LUNAR_VALVE_DEVELOPMENT,7,Efna1;Eln;Gata3;Smad6;Bmp2;Sox9;Tgfb2,0.46621,-0.217038,-0.521053,0.004508,0.035875,-0.231802,0.277245,-0.430335,-0.744207,-0.078694,-0.139322,-0.415206,0.174972
GOBP_POSITIVE_REGULATION_OF_GLIOGENESIS,9,Egr2;Hes1;Id2;Myc;Nkx6-1;Ptn;Ptprz1;Bmp2;Tlr2,0.465959,-0.354167,-0.605894,-0.069112,0.111792,-0.09935,0.324791,-0.219753,-0.454956,0.031843,-0.022441,-0.201569,0.210015
GOBP_REGULATION_OF_FIBROBLAST_GROWTH_FACTOR_RECEPTOR_SIGNALING_PATHWAY,9,Spry1;Spry2;Sulf1;Gata3;Wnt4;Hhip;Thbs1;Wnt5a;Creb3l1,0.457455,-0.069462,-0.341714,0.189807,0.006711,-0.231005,0.243461,-0.447052,-0.677778,-0.118166,0.010403,-0.300407,0.264658
GOBP_VASODILATION,7,Klf2;Adrb1;Drd1;Vstm4;Itga1;Npr3;Rgs2,0.456161,0.148828,-0.158696,0.475595,-0.307333,-0.578718,-0.066272,-0.082106,-0.342806,0.207295,-0.009084,-0.242803,0.237888
GOBP_CELLULAR_RESPONSE_TO_UNFOLDED_PROTEIN,14,Ddit3;Hspa1a;Hspa1b;Hspa5;Hspa8;Hspd1;Serp2;Atf3;Atf4;Xbp1;Stc2;Creb3l1;Bag3;Herpud1,0.45514,-0.481497,-0.653531,-0.299662,-0.237187,-0.390395,-0.062833,-0.176982,-0.324199,0.007352,-0.026357,-0.208385,0.145815
GOBP_SECRETORY_GRANULE_ORGANIZATION,3,Lyst;Bloc1s1;Rfx2,0.454827,0.092711,-0.205025,0.403433,0.450726,0.184336,0.759393,0.379014,0.033448,0.681387,-0.004101,-0.393981,0.509735
GOBP_NEGATIVE_REGULATION_OF_DEFENSE_RESPONSE,15,Plk2;Dusp10;Foxf1;Samhd1;Gata3;Smpdl3b;Ldlr;Serpinf1;Sec14l1;Tnfaip6;Ndfip1;Socs3;Klf4;Nr1d1;Nr1d2,0.452208,-0.081454,-0.274811,0.072237,-0.191481,-0.355619,-0.023987,-0.307081,-0.499525,-0.14235,0.145127,-0.042205,0.313155
GOBP_RESPONSE_TO_ARSENIC_CONTAINING_SUBSTANCE,7,Cyp1b1;Mknk2;Hnrnpa1;Myc;Atf3;Atf4;Serpinf1,0.450361,-0.400414,-0.702604,-0.088854,-0.144796,-0.34045,0.092234,-0.166284,-0.395932,0.080391,0.049947,-0.162489,0.308774
GOBP_ENDODERM_DEVELOPMENT,7,Leo1;Col8a1;Dusp1;Arc;Itga4;Mmp14;Zfp36l1,0.449855,-0.19239,-0.527084,0.04026,0.257465,0.063561,0.444709,-0.08835,-0.357036,0.212941,-0.01556,-0.239284,0.203452
GOBP_RESPONSE_TO_AMINO_ACID_STARVATION,5,Cdkn1a;Rnf152;Fas;Atf3;Atf4,0.449429,-0.39483,-0.671029,-0.136897,-0.055605,-0.311079,0.193312,0.054599,-0.27303,0.36101,0.025664,-0.18711,0.289727
GOBP_THYMUS_DEVELOPMENT,5,Cited2;Gata3;Hes1;Six4;Lmo4,0.44594,-0.24288,-0.570326,0.125403,-0.131743,-0.435496,0.109776,-0.40118,-0.677091,-0.103625,0.044759,-0.221388,0.28616
GOBP_NEGATIVE_REGULATION_OF_ENDOPLASMIC_RETICULUM_STRESS_INDUCED_INTRINSIC_APOPTOTIC_SIGNALING_PATHWAY,5,Hyou1;Hspa1a;Xbp1;Creb3l1;Herpud1,0.44501,-0.467122,-0.774791,-0.19517,-0.200043,-0.465821,0.086858,-0.162677,-0.435831,0.089778,-0.022112,-0.291232,0.232225
GOBP_METANEPHRIC_NEPHRON_DEVELOPMENT,5,Hes1;Pdgfb;Wnt4;Sox9;Tfap2b,0.444814,-0.065196,-0.583183,0.44737,-0.51001,-0.810122,-0.167428,-0.28746,-0.658662,0.058565,-0.318319,-0.784422,0.189744
GOBP_POSITIVE_REGULATION_OF_PROTEASOMAL_UBIQUITIN_DEPENDENT_PROTEIN_CATABOLIC_PROCESS,12,Trib1;Plk3;Trib2;Dnajb2;Hspa1a;Hspa1b;Smad7;Trib3;Cav1;Cbfa2t3;Herpud1;Cdc20,0.44442,-0.528551,-0.769314,-0.309315,-0.283477,-0.512996,-0.074999,-0.145429,-0.32606,0.075371,-0.084131,-0.3214,0.145153
GOBP_POSITIVE_REGULATION_OF_UBIQUITIN_DEPENDENT_PROTEIN_CATABOLIC_PROCESS,12,Trib1;Plk3;Trib2;Dnajb2;Hspa1a;Hspa1b;Smad7;Trib3;Cav1;Cbfa2t3;Herpud1;Cdc20,0.44442,-0.528551,-0.769314,-0.309315,-0.283477,-0.512996,-0.074999,-0.145429,-0.32606,0.075371,-0.084131,-0.3214,0.145153
GOBP_NEGATIVE_REGULATION_OF_PROTEIN_AUTOPHOSPHORYLATION,3,Jun;Errfi1;Cav1,0.443787,-0.364087,-0.682323,-0.077685,0.079699,-0.221365,0.357018,-0.057968,-0.316736,0.203551,0.069283,-0.193167,0.305125
GOBP_POSITIVE_REGULATION_OF_CELLULAR_PROTEIN_CATABOLIC_PROCESS,15,Trib1;Plk3;Trib2;Dnajb2;Hspa1a;Hspa1b;Hsp90aa1;Ldlr;Smad7;Rnft1;Trib3;Cav1;Cbfa2t3;Herpud1;Cdc20,0.442545,-0.508317,-0.694682,-0.31392,-0.2401,-0.422802,-0.03783,-0.130827,-0.280886,0.045022,-0.065771,-0.283025,0.134508
GOBP_SENSORY_ORGAN_MORPHOGENESIS,18,Spry2;Cited2;Col8a1;Dlx5;Dlx6;Fgfr2;Frzb;Gata3;Hipk2;Insig1;Atf4;Wnt16;Six4;Cyp26b1;Sox9;Tfap2b;Wnt5a;Tcap,0.441354,0.19714,-0.01062,0.405765,-0.163315,-0.32687,0.004248,-0.244214,-0.395944,-0.062727,-0.078697,-0.241731,0.085584
GOBP_POSITIVE_REGULATION_OF_ANIMAL_ORGAN_MORPHOGENESIS,8,Spry1;Csf1;Gata3;Six4;Wnt4;Bmp2;Sox9;Wnt5a,0.437526,-0.18518,-0.505406,0.112455,-0.105853,-0.396016,0.192538,-0.434157,-0.705888,-0.091523,0.003369,-0.242248,0.26912
GOBP_NEGATIVE_REGULATION_OF_MITOCHONDRION_ORGANIZATION,3,Hspa1a;Parl;Nol3,0.437288,-0.473558,-0.872514,-0.031206,-0.474442,-0.787752,-0.13661,-0.355972,-0.740061,-0.044617,-0.037154,-0.379515,0.336606
GOBP_REGULATION_OF_DNA_TEMPLATED_TRANSCRIPTION_IN_RESPONSE_TO_STRESS,13,Klf2;Cited2;Cebpb;Ddit3;Hspa1a;Hspa5;Dnajb1;Jun;Atf3;Atf4;Tcim;Creb3l1;Bag3,0.436087,-0.364506,-0.590393,-0.149756,-0.162418,-0.307544,-0.010462,-0.148674,-0.290266,0.00125,0.071581,-0.056202,0.23138
GOBP_REGULATION_OF_WOUND_HEALING,12,Fermt2;Hbegf;F3;Serpine1;Tnfrsf12a;Pdgfb;Plau;Wnt4;Thbs1;Xbp1;Cav1;Cd9,0.435731,-0.316258,-0.517303,-0.115111,-0.087722,-0.259436,0.088563,0.119473,-0.102031,0.34364,-0.047728,-0.238186,0.170792
GOBP_MESONEPHRIC_TUBULE_MORPHOGENESIS,7,Gata3;Hes1;Myc;Six4;Wnt4;Bmp2;Sox9,0.432107,-0.388276,-0.805796,-0.053529,-0.174265,-0.475275,0.108482,-0.436212,-0.706376,-0.117854,-0.004106,-0.248262,0.276123
GOBP_NEGATIVE_REGULATION_OF_MIRNA_TRANSCRIPTION,3,Pdgfb;Rara;Sox9,0.431234,-0.088766,-0.596561,0.390535,-0.520001,-0.827847,-0.093178,-0.192262,-0.566337,0.205124,-0.244768,-0.947724,0.324242
GOBP_REGULATION_OF_STEROID_BIOSYNTHETIC_PROCESS,6,Stard4;Insig1;Wnt4;Por;Bmp2;Nr1d1,0.428832,-0.489359,-0.802005,-0.202514,-0.334848,-0.627816,-0.064646,-0.099853,-0.44786,0.246026,-0.060528,-0.288674,0.142916
GOBP_EXTRINSIC_APOPTOTIC_SIGNALING_PATHWAY,18,Unc5b;Faim2;Foxo3;Mknk2;Hspa1a;Hspa1b;Fas;Krt18;Atf3;G0s2;Serpine1;Tnfrsf12a;Pf4;Tgfb2;Thbs1;Cav1;Nol3;Bag3,0.428358,-0.454316,-0.643034,-0.282117,-0.191991,-0.373709,0.018256,-0.170764,-0.309324,-0.009153,-0.025958,-0.185079,0.123742
GOBP_NEGATIVE_REGULATION_OF_ERK1_AND_ERK2_CASCADE,6,Spry1;Spry2;Dusp10;Cnksr3;Atf3;Errfi1,0.428075,-0.362608,-0.708249,-0.125488,-0.081128,-0.351039,0.168734,-0.141911,-0.430412,0.17783,0.065467,-0.14551,0.287692
GOBP_PROSTATE_GLAND_MORPHOGENESIS,7,Fgfr2;Sulf1;Tnc;Id4;Nkx3-1;Sox9;Wnt5a,0.426079,-0.055576,-0.318011,0.200009,0.117513,-0.131282,0.349382,-0.308565,-0.558069,-0.095926,-0.03764,-0.302343,0.231735
GOBP_GROWTH_PLATE_CARTILAGE_DEVELOPMENT,4,Por;Rara;Sox9;Col27a1,0.425921,-0.023769,-0.335395,0.28996,-0.218392,-0.528427,0.123136,-0.44969,-0.752881,-0.144361,-0.169618,-0.583699,0.223946
GOBP_STEM_CELL_DIVISION,5,Kit;Zfp36l2;Tgfb2;Zbtb16;Lbh,0.425776,0.284893,0.023319,0.596254,-0.140883,-0.449667,0.105536,-0.074133,-0.35184,0.200221,-0.101428,-0.436456,0.263698
GOBP_POSITIVE_REGULATION_OF_PROTEOLYSIS_INVOLVED_IN_CELLULAR_PROTEIN_CATABOLIC_PROCESS,13,Trib1;Plk3;Trib2;Dnajb2;Hspa1a;Hspa1b;Smad7;Rnft1;Trib3;Cav1;Cbfa2t3;Herpud1;Cdc20,0.422431,-0.499729,-0.709393,-0.274058,-0.247319,-0.457349,-0.059108,-0.128819,-0.300876,0.071247,-0.077298,-0.315705,0.142862
GOBP_REGULATION_OF_MACROAUTOPHAGY,3,Dcn;Bag3;Fez1,0.422315,-0.120382,-0.526958,0.305198,-0.257325,-0.643911,0.112894,-0.422065,-0.7326,-0.143724,0.00025,-0.308985,0.295147
GOBP_CELLULAR_RESPONSE_TO_TOPOLOGICALLY_INCORRECT_PROTEIN,15,Ddit3;Sdf2l1;Hspa1a;Hspa1b;Hspa5;Hspa8;Hspd1;Serp2;Atf3;Atf4;Xbp1;Stc2;Creb3l1;Bag3;Herpud1,0.42075,-0.456319,-0.629052,-0.277162,-0.175493,-0.328623,-0.006112,-0.189376,-0.34551,0.021172,-0.03557,-0.207435,0.12195
GOBP_RESPONSE_TO_FLUID_SHEAR_STRESS,7,Klf2;Cited2;Smad6;Smad7;Ptgs2;Tgfb3;Klf4,0.420673,-0.321956,-0.580563,-0.091111,-0.166719,-0.36926,0.072166,-0.229123,-0.472583,-0.005651,0.098717,-0.102292,0.324837
GOBP_REGULATION_OF_ORGANELLE_ASSEMBLY,10,Rbm14;Plk2;Tbc1d1;Hspa1a;Hspa1b;Ntrk3;Ptprd;Stil;Cdkl5;Fez1,0.419281,-0.422262,-0.648941,-0.239935,-0.165462,-0.361034,0.04061,-0.126827,-0.37959,0.097305,-0.002981,-0.213209,0.226099
GOBP_RESPONSE_TO_MUSCLE_STRETCH,6,Fos;Ankrd1;Jun;Nfkbia;Slc8a1;Tcap,0.419198,-0.260912,-0.491438,-0.003055,-0.294585,-0.510571,-0.068629,0.124567,-0.157937,0.401769,0.124614,-0.098594,0.408645
GOBP_METANEPHROS_MORPHOGENESIS,3,Hes1;Wnt4;Sox9,0.418435,-0.592453,-1.045263,-0.038278,-0.447804,-0.820894,0.003054,-0.504198,-0.944565,-0.048234,-0.174018,-0.632526,0.313763
GOBP_METANEPHRIC_TUBULE_DEVELOPMENT,3,Hes1;Wnt4;Sox9,0.418435,-0.592453,-1.045263,-0.038278,-0.447804,-0.820894,0.003054,-0.504198,-0.944565,-0.048234,-0.174018,-0.632526,0.313763
GOBP_METANEPHRIC_TUBULE_MORPHOGENESIS,3,Hes1;Wnt4;Sox9,0.418435,-0.592453,-1.045263,-0.038278,-0.447804,-0.820894,0.003054,-0.504198,-0.944565,-0.048234,-0.174018,-0.632526,0.313763
GOBP_METANEPHRIC_EPITHELIUM_DEVELOPMENT,3,Hes1;Wnt4;Sox9,0.418435,-0.592453,-1.045263,-0.038278,-0.447804,-0.820894,0.003054,-0.504198,-0.944565,-0.048234,-0.174018,-0.632526,0.313763
GOBP_METANEPHRIC_NEPHRON_MORPHOGENESIS,3,Hes1;Wnt4;Sox9,0.418435,-0.592453,-1.045263,-0.038278,-0.447804,-0.820894,0.003054,-0.504198,-0.944565,-0.048234,-0.174018,-0.632526,0.313763
GOBP_RHYTHMIC_BEHAVIOR,9,Ciart;Adrb1;Egr2;Id2;Kcna2;Per3;Usp2;Nr1d1;Nr1d2,0.417408,0.018962,-0.248312,0.246114,-0.38655,-0.617633,-0.133052,0.006793,-0.202344,0.210551,0.030858,-0.216789,0.316271
GOBP_POSITIVE_REGULATION_OF_MYELOID_CELL_DIFFERENTIATION,13,Trib1;Csf1;Ets1;Mturn;Foxo3;Fos;Hspa1a;Hspa1b;Id2;Pf4;Tesc;Zfp36l1;Cd74,0.414948,-0.405068,-0.618868,-0.185966,-0.228761,-0.424634,-0.051025,-0.236665,-0.467437,-0.072941,0.00988,-0.16143,0.217313
GOBP_SPHINGOLIPID_METABOLIC_PROCESS,7,Serinc3;Smpdl3b;Ccn1;Kit;Neu2;St3gal5;Sphk1,0.413994,0.026939,-0.281134,0.366073,0.002911,-0.281817,0.291015,-0.387055,-0.651273,-0.083465,-0.091037,-0.353835,0.165203
GOBP_STEROID_HORMONE_MEDIATED_SIGNALING_PATHWAY,9,Ddx17;Cry1;Fkbp4;Arntl;Nkx3-1;Per1;Lbh;Nr1d1;Clock,0.41084,-0.185611,-0.418424,0.049083,0.225229,0.028105,0.461145,-0.031545,-0.272751,0.197914,-0.100304,-0.270652,0.074528
GOBP_ENTRY_INTO_HOST,10,Ifitm3;Hspa1a;Hspa1b;Htr2a;Ide;Itgb3;Ldlr;Ly6e;Cav1;Cd74,0.410685,-0.541916,-0.781028,-0.296871,-0.314178,-0.507131,-0.104338,-0.183527,-0.392139,0.006223,-0.131231,-0.319586,0.083172
GOBP_BIOLOGICAL_PROCESS_INVOLVED_IN_INTERACTION_WITH_HOST,10,Ifitm3;Hspa1a;Hspa1b;Htr2a;Ide;Itgb3;Ldlr;Ly6e;Cav1;Cd74,0.410685,-0.541916,-0.781028,-0.296871,-0.314178,-0.507131,-0.104338,-0.183527,-0.392139,0.006223,-0.131231,-0.319586,0.083172
GOBP_POSITIVE_REGULATION_OF_PROTEIN_CONTAINING_COMPLEX_ASSEMBLY,11,Fermt2;Gbp5;Hspa1a;Hspa1b;Hsp90aa1;Rhoc;Mmp3;Tppp3;Pfn1;Bik;Bmf,0.399397,-0.446236,-0.633354,-0.288558,-0.046839,-0.227698,0.145182,-0.300274,-0.525672,-0.073319,-0.099522,-0.313526,0.080958
GOBP_CELL_MIGRATION_INVOLVED_IN_SPROUTING_ANGIOGENESIS,6,Plk2;Nr4a1;Ptgs2;Thbs1;Pik3r3;Klf4,0.39915,-0.31666,-0.624222,-0.069098,-0.083669,-0.337985,0.207152,-0.115061,-0.401521,0.215778,0.08249,-0.154736,0.388414
GOBP_RENAL_ABSORPTION,5,Maged2;Klhl3;Sgk1;Wnk4;Slc15a2,0.395531,-0.050246,-0.430722,0.367691,-0.402577,-0.857507,-0.033978,-0.007046,-0.441052,0.395927,-0.226458,-0.650235,0.173877
GOBP_INTERLEUKIN_8_PRODUCTION,10,Ddit3;F3;Hspa1a;Hspa1b;Serpine1;Tlr2;Wnt5a;Cd14;Klf4;Cd74,0.393803,-0.443732,-0.763704,-0.162022,-0.339796,-0.563208,-0.14786,-0.417558,-0.637897,-0.172193,-0.049929,-0.326864,0.187022
GOBP_REGULATION_OF_MICROTUBULE_CYTOSKELETON_ORGANIZATION,7,Mapre2;Fam107a;Fkbp4;Gnai1;Hspa1a;Hspa1b;Map1a,0.393768,-0.333174,-0.578047,-0.127987,-0.373917,-0.603658,-0.120419,-0.203351,-0.421905,0.032774,0.019851,-0.23251,0.253847
GOBP_RESPONSE_TO_LAMINAR_FLUID_SHEAR_STRESS,5,Klf2;Smad6;Smad7;Tgfb3;Klf4,0.39342,-0.342281,-0.57992,-0.076659,-0.025712,-0.203159,0.169265,-0.193562,-0.484293,0.063611,0.051139,-0.241156,0.344956
GOBP_RESPONSE_TO_TOPOLOGICALLY_INCORRECT_PROTEIN,28,Hsph1;Dnajb4;Ddit3;Hspa4l;Sdf2l1;Hspb7;Dnajb2;Dnaja1;Hspa1a;Hspa1b;Hspa5;Hspa8;Hspb1;Hsp90aa1;Hsp90ab1;Hspd1;Dnajb1;Serp2;Atf3;Atf4;Thbs1;Xbp1;Manf;Chac1;Stc2;Creb3l1;Bag3;Herpud1,0.393064,-0.432336,-0.563706,-0.304714,-0.172112,-0.289622,-0.036877,-0.135035,-0.254174,-0.010364,-0.039271,-0.161744,0.092859
GOBP_ENDOCRINE_SYSTEM_DEVELOPMENT,17,Cdk6;Cited2;Cyp1b1;Gata3;Hes1;Inhbb;Arntl;Ly6e;Nkx6-1;Wnt4;Bmp2;Sox9;Tg;Thra;Wnt5a;Arid5b;Clock,0.39194,-0.351228,-0.534284,-0.190307,0.040712,-0.13418,0.223635,-0.21167,-0.384906,-0.004073,-0.121093,-0.334697,0.073644
GOBP_POSITIVE_REGULATION_OF_MYELOID_LEUKOCYTE_CYTOKINE_PRODUCTION_INVOLVED_IN_IMMUNE_RESPONSE,3,Kit;Wnt5a;Cd74,0.391909,-0.148657,-0.784938,0.412964,-0.274075,-0.670956,0.17952,-0.51526,-0.855647,-0.16827,-0.123351,-0.514073,0.404432
GOBP_PITUITARY_GLAND_DEVELOPMENT,5,Hes1;Inhbb;Wnt4;Bmp2;Wnt5a,0.390989,-0.497691,-0.921012,-0.124473,-0.260287,-0.660591,0.09253,-0.442559,-0.849088,-0.004039,-0.106701,-0.451442,0.23501
GOBP_REGULATION_OF_POTASSIUM_ION_TRANSPORT,9,Drd1;Ank3;Htr2a;Atf4;Atp1b1;Wnk4;Cacna1d;Cav1;Actn2,0.389253,-0.009549,-0.310913,0.327903,-0.339002,-0.619551,-0.053482,0.007683,-0.296164,0.282186,0.050251,-0.21592,0.29857
GOBP_PROTEIN_FOLDING,28,Pdia6;Ahsa1;Hsph1;Dnajb4;Cryab;Hspa4l;Fkbp4;Fkbp5;Sdf2l1;Chordc1;Dnajb2;Dnaja1;Hspa1a;Hspa1b;Hspa5;Hspa8;Hspb1;Hsp90aa1;Hsp90ab1;Hspd1;Dnajb1;Dnaja4;Dnajc1;St13;Hsp90b1;Lman2l;Bag3;Cd74,0.387363,-0.373996,-0.501868,-0.283767,-0.22602,-0.342685,-0.122178,-0.145994,-0.268883,-0.01723,0.013367,-0.078364,0.129625
GOBP_NEGATIVE_REGULATION_OF_LIPID_BIOSYNTHETIC_PROCESS,7,Sik1;Insig1;Pdgfb;Wnt4;Trib3;Bmp2;Sphk1,0.387223,-0.40855,-0.794855,-0.01319,-0.369912,-0.692623,-0.085932,-0.021328,-0.324729,0.290163,-0.060063,-0.383064,0.267453
GOBP_PROTEIN_LOCALIZATION_TO_NUCLEUS,17,Cdkn1a;Txnip;Fermt2;Pkig;Abra;Drd1;Glul;Hsp90ab1;Chchd10;Nfkbia;Six4;Banp;Ptgs2;Sox9;Zbtb16;Dclk1;Bag3,0.386638,0.08522,-0.088912,0.309417,-0.301418,-0.476416,-0.145903,-0.114098,-0.297582,0.057253,0.003308,-0.154619,0.168099
GOBP_CARDIAC_VENTRICLE_DEVELOPMENT,16,Cited2;Fgfr2;Foxf1;Gata3;Hes1;Ccn1;Ly6e;Smad6;Smad7;Tgfb2;Tnnc1;Tnni3;Tnnt2;Wnt5a;Lmo4;Myocd,0.38625,-0.114436,-0.305504,0.106422,-0.08637,-0.25895,0.065343,-0.387732,-0.570366,-0.205841,-0.001482,-0.178849,0.145433
GOBP_REGULATION_OF_LYMPHOCYTE_APOPTOTIC_PROCESS,5,Tsc22d3;Efna1;Wnt5a;Irs2;Cd74,0.386204,0.002378,-0.378078,0.405977,-0.321497,-0.733693,0.077236,-0.383826,-0.664233,-0.122321,-0.156883,-0.51538,0.234392
GOBP_VENTRICULAR_SEPTUM_DEVELOPMENT,10,Cited2;Fgfr2;Gata3;Hes1;Ccn1;Smad6;Smad7;Tgfb2;Wnt5a;Lmo4,0.385561,-0.340471,-0.59137,-0.105185,-0.039217,-0.23294,0.156975,-0.403515,-0.633685,-0.178792,-0.017954,-0.222363,0.137967
GOBP_POSITIVE_REGULATION_OF_APOPTOTIC_SIGNALING_PATHWAY,11,Serinc3;Ddit3;Fas;Inhbb;Myc;Atf3;Nkx3-1;G0s2;Tnfrsf12a;Thbs1;Cav1,0.384177,-0.314712,-0.555168,-0.101793,0.069465,-0.175354,0.251256,-0.132087,-0.338604,0.117658,-0.009991,-0.198805,0.189294
GOBP_POSITIVE_REGULATION_OF_PRODUCTION_OF_MOLECULAR_MEDIATOR_OF_IMMUNE_RESPONSE,7,Arid5a;Gata3;Kit;Shld2;Wnt5a;Xbp1;Cd74,0.383108,-0.17534,-0.503015,0.086317,-0.042917,-0.321785,0.29144,-0.424342,-0.645264,-0.197507,-0.041234,-0.292921,0.20288
GOBP_CARDIAC_CELL_DEVELOPMENT,9,Spry1;Adra1a;Fhl2;Asb2;Rgs2;Slc8a1;Fhod3;Tcap;Actn2,0.382361,-0.263163,-0.490809,-0.074513,0.035433,-0.154859,0.268117,0.119198,-0.200283,0.420439,0.102022,-0.124855,0.368757
GOBP_NEGATIVE_REGULATION_OF_RESPONSE_TO_ENDOPLASMIC_RETICULUM_STRESS,6,Hyou1;Hspa1a;Hspa5;Xbp1;Creb3l1;Herpud1,0.381122,-0.406421,-0.67308,-0.167458,-0.114841,-0.33399,0.145906,-0.120267,-0.390761,0.117584,-0.025299,-0.270114,0.205486
GOBP_NEGATIVE_REGULATION_OF_GLIAL_CELL_DIFFERENTIATION,7,Dusp10;Hes1;Id4;Ldlr;Nkx6-1;Ntrk3;Nr1d1,0.379716,-0.395058,-0.668569,-0.104665,-0.080353,-0.301126,0.16086,-0.015341,-0.282648,0.258905,-0.025228,-0.231996,0.185885
GOBP_T_CELL_DIFFERENTIATION_IN_THYMUS,7,Cdk6;Gata3;Wnt4;Zfp36l1;Zfp36l2;Prr7;Cd74,0.3791,-0.177213,-0.476557,0.132314,-0.143939,-0.49586,0.118765,-0.389639,-0.679507,-0.114426,-0.010538,-0.271874,0.266736
GOBP_CARDIOCYTE_DIFFERENTIATION,17,Spry1;Cited2;Adra1a;Sik1;Fhl2;Hes1;Asb2;Rara;Rgs2;Bmp2;Slc8a1;Tgfb2;Irx3;Fhod3;Tcap;Actn2;Myocd,0.377499,-0.293528,-0.446829,-0.120146,-0.03386,-0.157205,0.118578,-0.001271,-0.181658,0.153926,0.083971,-0.116862,0.256851
GOBP_CHEMOKINE_PRODUCTION,5,Lpl;Tlr2;Wnt5a;Klf4;Cd74,0.377283,-0.091958,-0.505577,0.326198,-0.297546,-0.69082,0.058902,-0.469241,-0.752227,-0.152969,-0.094376,-0.391845,0.274577
GOBP_INTERFERON_GAMMA_PRODUCTION,8,Arid5a;Ddit3;Gata3;Hspd1;Pde4b;Rara;Wnt5a;Cd14,0.37714,-0.099848,-0.347956,0.169786,-0.030717,-0.251847,0.30332,-0.407857,-0.630749,-0.086011,-0.038272,-0.264191,0.178713
GOBP_CELLULAR_RESPONSE_TO_HEAT,14,Chordc1;Scara5;Hspa1a;Hspa1b;Hsp90aa1;Hsp90ab1;Dnajb1;Hsbp1l1;Ier5;Ano1;Tcim;Ptgs2;Thbs1;Bag3,0.375138,-0.383599,-0.57724,-0.205276,-0.259331,-0.439079,-0.092774,-0.238944,-0.447782,-0.03773,-0.008461,-0.176557,0.170462
GOBP_NEGATIVE_REGULATION_OF_OSSIFICATION,4,Chsy1;Smad6;Smad7;Sox9,0.374628,-0.301902,-0.622274,0.017939,-0.040217,-0.304309,0.248895,-0.414845,-0.820486,-0.060155,-0.100204,-0.494381,0.248034
GOBP_PLACENTA_BLOOD_VESSEL_DEVELOPMENT,3,Hes1;Ccn1;Socs3,0.373593,-0.480285,-0.798276,-0.164844,-0.111492,-0.394584,0.226049,-0.249762,-0.527507,0.056905,-0.106692,-0.415734,0.228967
GOBP_CELLULAR_RESPONSE_TO_MECHANICAL_STIMULUS,7,Ankrd1;Fas;Ptgs2;Piezo2;Scx;Sox9;Bag3,0.373234,-0.201145,-0.458604,0.051859,-0.362246,-0.628183,-0.103076,-0.077134,-0.402961,0.27046,0.010988,-0.171117,0.220652
GOBP_REGULATION_OF_MORPHOGENESIS_OF_AN_EPITHELIUM,8,Sulf1;Gata3;Six4;Wnt4;Ntn4;Sox9;Wnt5a;Adamts12,0.371066,-0.189091,-0.458159,0.0711,-0.030749,-0.294857,0.275947,-0.379995,-0.613623,-0.097619,-0.008929,-0.26737,0.265178
GOBP_REGULATION_OF_ATP_DEPENDENT_ACTIVITY,8,Ahsa1;Dnajb2;Dnajb1;Atp1b1;Pfn1;Tnnc1;Tnni3;Tnnt2,0.369107,0.072139,-0.274804,0.341928,-0.190028,-0.468933,0.11758,-0.274652,-0.504929,-0.038562,0.094454,-0.171758,0.424111
GOBP_REGULATION_OF_GLIOGENESIS,15,Cdkn2b;Dusp10;Egr2;Hes1;Id2;Id4;Ldlr;Myc;Nkx6-1;Ntrk3;Ptn;Ptprz1;Bmp2;Tlr2;Nr1d1,0.368697,-0.341061,-0.519396,-0.151725,0.027635,-0.12388,0.184674,-0.064594,-0.289683,0.112038,-0.02464,-0.164841,0.152738
GOBP_POSITIVE_REGULATION_OF_INTERLEUKIN_8_PRODUCTION,9,Ddit3;F3;Hspa1a;Hspa1b;Serpine1;Tlr2;Wnt5a;Cd14;Cd74,0.367087,-0.456502,-0.783307,-0.137646,-0.355949,-0.605335,-0.148784,-0.447184,-0.667727,-0.186519,-0.089415,-0.403129,0.144147
GOBP_REGULATION_OF_PROTEASOMAL_UBIQUITIN_DEPENDENT_PROTEIN_CATABOLIC_PROCESS,15,Trib1;Plk3;Trib2;Hfe;Dnajb2;Hspa1a;Hspa1b;Hsp90ab1;Smad7;Map1a;Trib3;Cav1;Cbfa2t3;Herpud1;Cdc20,0.364996,-0.436028,-0.638038,-0.184041,-0.225257,-0.423342,-0.063123,-0.111136,-0.271041,0.059146,-0.071032,-0.276089,0.109224
GOBP_REGULATION_OF_UBIQUITIN_DEPENDENT_PROTEIN_CATABOLIC_PROCESS,16,Trib1;Plk3;Trib2;Hipk2;Hfe;Dnajb2;Hspa1a;Hspa1b;Hsp90ab1;Smad7;Map1a;Trib3;Cav1;Cbfa2t3;Herpud1;Cdc20,0.361687,-0.42994,-0.622891,-0.201253,-0.199926,-0.392956,-0.042616,-0.092545,-0.225726,0.07949,-0.068253,-0.245662,0.110238
GOBP_CELL_ACTIVATION_INVOLVED_IN_IMMUNE_RESPONSE,13,Foxf1;Gata3;Hspd1;Kit;Smad7;Shld2;Dock10;Tcim;Rara;Sema4a;Xbp1;Ndfip1;Cd74,0.360183,0.04901,-0.196709,0.291623,0.005075,-0.15693,0.204668,-0.311172,-0.531249,-0.129863,-0.069454,-0.275442,0.106522
GOBP_EAR_DEVELOPMENT,19,Spry2;Cebpd;Dlx5;Dlx6;Fgfr2;Frzb;Gata3;Hes1;Insig1;Kcnk3;Ntrk3;Six4;Cytl1;Bmp2;Sox9;Tgfb2;Tgfb3;Wnt5a;Tcap,0.357988,0.082687,-0.078961,0.232967,-0.199006,-0.333605,-0.022073,-0.275301,-0.419256,-0.102805,-0.120664,-0.278578,0.050319
GOBP_RESPONSE_TO_HEAT,18,Dnajb4;Chordc1;Scara5;Dnaja1;Hspa1a;Hspa1b;Hsp90aa1;Hsp90ab1;Dnajb1;Hsbp1l1;Ier5;Ano1;Dnaja4;Tcim;Ptgs2;Thbs1;Cd14;Bag3,0.357956,-0.360137,-0.551139,-0.162782,-0.253125,-0.416313,-0.12739,-0.238866,-0.420927,-0.067738,-0.002181,-0.163091,0.138595
GOBP_POSITIVE_REGULATION_OF_TRANSMEMBRANE_TRANSPORT,14,Cnksr3;Drd1;Arc;Glrx;Ank3;Klf15;Atp1b1;Tesc;Wnk4;C3;Cacnb2;Capn3;Irs2;Actn2,0.35771,0.04768,-0.199018,0.325333,-0.31003,-0.490535,-0.126084,-0.06193,-0.257608,0.152969,0.030722,-0.172044,0.263904
GOBP_REGULATION_OF_RESPONSE_TO_DNA_DAMAGE_STIMULUS,11,Cry1;Ankrd1;Myc;Nkx3-1;Npas2;Shld2;Spire1;Rnaseh2b;Axin2;Ier3;Cd74,0.357655,-0.304489,-0.580471,-0.045301,0.053166,-0.174082,0.262551,-0.275624,-0.495802,-0.075027,-0.046226,-0.302743,0.214335
GOBP_STEROL_BIOSYNTHETIC_PROCESS,12,Dhcr24;Fdps;Hmgcr;Hmgcs1;Hmgcs2;Idi1;Insig1;Mvd;Hsd17b7;Por;Msmo1;Sqle,0.356755,-0.383013,-0.546758,-0.197374,-0.026258,-0.282421,0.225947,-0.214277,-0.454036,0.00154,-0.060796,-0.240326,0.108246
GOBP_TUMOR_NECROSIS_FACTOR_MEDIATED_SIGNALING_PATHWAY,9,Foxo3;Hspa1a;Hspa1b;Fas;Krt18;Nfkbia;Plvap;Sphk1;Nol3,0.356382,-0.376805,-0.612825,-0.110053,-0.357752,-0.565938,-0.126682,-0.020424,-0.233367,0.19394,-0.068346,-0.285002,0.145709
GOBP_NEGATIVE_REGULATION_OF_SUPRAMOLECULAR_FIBER_ORGANIZATION,9,Cryab;Kank4;Fkbp4;Tmeff2;Hspa8;Ldlr;Pfn1;Fhod3;Cgnl1,0.356006,-0.245337,-0.44856,-0.024414,0.110669,-0.122412,0.342315,0.004617,-0.245421,0.279922,0.025425,-0.144635,0.187553
GOBP_DIGESTIVE_TRACT_MORPHOGENESIS,4,Fgfr2;Foxf1;Id2;Wnt5a,0.355033,-0.167187,-0.481176,0.169764,0.01143,-0.379509,0.335805,-0.343604,-0.705445,-0.078095,-0.001838,-0.342525,0.292192
GOBP_PROSTATE_GLAND_DEVELOPMENT,10,Fgfr2;Fkbp4;Sulf1;Tnc;Id4;Nkx3-1;Serpinf1;Rara;Sox9;Wnt5a,0.353317,-0.10629,-0.27963,0.104968,0.043461,-0.172164,0.235487,-0.309856,-0.509965,-0.140302,-0.027523,-0.262853,0.191844
GOBP_NEGATIVE_REGULATION_OF_APOPTOTIC_SIGNALING_PATHWAY,22,Hyou1;Unc5b;Faim2;Dnaja1;Hspa1a;Hspa1b;Hspb1;Mnt;Nr4a2;Serpine1;Pf4;Plaur;Wnt4;Parl;Ptgs2;Bdnf;Thbs1;Xbp1;Nol3;Creb3l1;Herpud1;Cd74,0.353063,-0.401309,-0.6072,-0.192472,-0.280286,-0.421751,-0.1248,-0.216759,-0.345031,-0.088905,-0.048246,-0.193319,0.094726
GOBP_FIBROBLAST_GROWTH_FACTOR_RECEPTOR_SIGNALING_PATHWAY,13,Spry1;Spry2;Ccn2;Fgfr2;Sulf1;Flrt1;Gata3;Wnt4;Hhip;Thbs1;Wnt5a;Creb3l1;Fibp,0.352703,-0.101263,-0.309159,0.101075,0.019892,-0.155957,0.211686,-0.332811,-0.571221,-0.068917,-0.014233,-0.236262,0.185675
GOBP_ERYTHROCYTE_HOMEOSTASIS,14,Cdk6;Klf2;Cited2;Ets1;Foxo3;Trim58;Gata3;Hipk2;Hspa1a;Hspa1b;Id2;Kit;Zfp36l1;Thra,0.35231,-0.333992,-0.52037,-0.132633,-0.025993,-0.189154,0.123608,-0.175484,-0.320826,-0.011299,0.018318,-0.09924,0.183913
GOBP_REGULATION_OF_PROTEASOMAL_PROTEIN_CATABOLIC_PROCESS,16,Trib1;Plk3;Trib2;Hfe;Dnajb2;Hspa1a;Hspa1b;Hsp90ab1;Smad7;Map1a;Rnft1;Trib3;Cav1;Cbfa2t3;Herpud1;Cdc20,0.352094,-0.418393,-0.598769,-0.174014,-0.199518,-0.369704,-0.047319,-0.099784,-0.240759,0.07244,-0.066299,-0.280576,0.106147
GOBP_B_CELL_MEDIATED_IMMUNITY,8,Hspd1;Ighm;Irf7;Shld2;C3;C4b;Ndfip1;Cd74,0.351646,-0.021859,-0.352004,0.334184,-0.373505,-0.669903,-0.070695,-0.149727,-0.42196,0.120125,-0.162661,-0.435245,0.113108
GOBP_PROTEIN_IMPORT,12,Cdkn1a;Txnip;Pkig;Abra;Drd1;Hspa8;Hsp90aa1;Hsp90ab1;Hspd1;Nfkbia;Ptgs2;Bag3,0.350719,-0.088388,-0.301028,0.144509,-0.291863,-0.480981,-0.068069,-0.078269,-0.265541,0.116562,0.058856,-0.092227,0.218206
GOBP_CARDIAC_MUSCLE_CELL_DIFFERENTIATION,13,Adra1a;Sik1;Fhl2;Asb2;Rara;Rgs2;Bmp2;Slc8a1;Irx3;Fhod3;Tcap;Actn2;Myocd,0.348086,-0.248603,-0.437258,-0.086572,0.008841,-0.123377,0.193987,0.052045,-0.154066,0.263378,0.099483,-0.101057,0.300972
GOBP_COLLAGEN_METABOLIC_PROCESS,11,Cygb;Ccn2;Tns2;Rgcc;Mmp3;Mmp14;Errfi1;Wnt4;Scx;Tgfb3;Creb3l1,0.347884,-0.331714,-0.533913,-0.145955,-0.116163,-0.326361,0.098201,-0.158259,-0.402791,0.053133,0.016171,-0.186054,0.228234
GOBP_LIPOPROTEIN_METABOLIC_PROCESS,5,Zdhhc23;Glul;Itgb3;Ldlr;Dgat2,0.347621,-0.088016,-0.436013,0.348381,-0.435636,-0.807457,-0.076297,-0.157907,-0.430965,0.165552,-0.090409,-0.437364,0.296162
GOBP_CYTOPLASMIC_PATTERN_RECOGNITION_RECEPTOR_SIGNALING_PATHWAY,6,Hspa1a;Hspa1b;Irf7;Nfkbia;Sec14l1;Slc15a2,0.346823,-0.471348,-0.815584,-0.076871,-0.592092,-0.846867,-0.279123,-0.262987,-0.576918,-0.023981,-0.245269,-0.539581,0.061252
GOBP_POSITIVE_REGULATION_OF_HORMONE_SECRETION,10,Glul;Hfe;Inhbb;Nkx3-1;Nkx6-1;Nmb;Ano1;Psmd9;Irs2;Rasl10b,0.344582,0.083772,-0.149786,0.316025,0.041523,-0.229167,0.307199,-0.260809,-0.508574,-0.028353,-0.079977,-0.332237,0.17032
GOBP_NEGATIVE_REGULATION_OF_FAT_CELL_DIFFERENTIATION,12,Fermt2;Ccdc85b;Ddit3;Gata3;Trib2;Id4;Insig1;Arntl;Msx2;Trib3;Zfp36l2;Wnt5a,0.343219,-0.10426,-0.342046,0.126281,0.090547,-0.116125,0.306764,-0.252672,-0.448613,-0.04155,-0.16369,-0.359167,0.04579
GOBP_NEGATIVE_REGULATION_OF_INTRINSIC_APOPTOTIC_SIGNALING_PATHWAY,12,Hyou1;Dnaja1;Hspa1a;Hspb1;Plaur;Parl;Ptgs2;Xbp1;Nol3;Creb3l1;Herpud1;Cd74,0.341243,-0.316701,-0.538523,-0.091843,-0.386191,-0.564938,-0.179239,-0.231175,-0.412271,-0.063586,-0.044948,-0.255212,0.146145
GOBP_CYTOKINE_PRODUCTION_INVOLVED_IN_IMMUNE_RESPONSE,9,Arid5a;Gata3;Hfe;Kit;Smad7;Tgfb2;Tgfb3;Wnt5a;Cd74,0.341241,-0.187627,-0.423458,0.042406,-0.096753,-0.327064,0.170686,-0.365996,-0.53937,-0.052191,-0.024755,-0.227469,0.226042
GOBP_ISOPRENOID_BIOSYNTHETIC_PROCESS,6,Fdps;Hmgcr;Hmgcs1;Hmgcs2;Idi1;Mvd,0.340607,-0.297391,-0.516531,-0.050749,0.043216,-0.258725,0.411002,-0.191885,-0.620694,0.105843,-0.07045,-0.305597,0.164303
GOBP_SMOOTH_MUSCLE_CELL_PROLIFERATION,19,Trib1;Cdkn1a;Hbegf;Eln;Ereg;Fgfr2;Htr1b;Id2;Igfbp5;Jun;Myc;Npr3;Pdgfb;Ptgs2;Bmp2;Tgfb3;Thbs1;Myocd;Adamts1,0.337893,-0.320522,-0.50867,-0.151512,0.017372,-0.116382,0.153793,-0.038457,-0.179299,0.10286,-0.011603,-0.18788,0.182848
GOBP_MYELOID_CELL_HOMEOSTASIS,15,Cdk6;Klf2;Cited2;Ets1;Foxo3;Trim58;Gata3;Hipk2;Hspa1a;Hspa1b;Id2;Kit;Pde4b;Zfp36l1;Thra,0.337435,-0.331618,-0.50605,-0.141937,-0.018892,-0.177747,0.121784,-0.165915,-0.311319,-0.013665,0.005816,-0.1239,0.157891
GOBP_POSITIVE_REGULATION_OF_LIPID_BIOSYNTHETIC_PROCESS,11,Stard4;Fabp3;Htr2a;Ccn1;Ldlr;Wnt4;Por;Ptgs2;Dgat2;Nr1d1;Cd74,0.335576,-0.373292,-0.623249,-0.15254,-0.4202,-0.638848,-0.165699,-0.111584,-0.345019,0.111937,-0.084625,-0.304808,0.131376
GOBP_ANTERIOR_POSTERIOR_PATTERN_SPECIFICATION,17,Ddit3;Foxf1;Arc;Hipk2;Hoxc10;Hes1;Msx2;Nkx3-1;Pcsk5;Hes6;Bmp2;Wnt5a;Zbtb16;Bhlhe41;Axin2;Bhlhe40;Tcap,0.333266,0.095542,-0.130434,0.300264,-0.237724,-0.447248,-0.052035,-0.139352,-0.327282,0.033604,-0.158242,-0.339676,-0.00059
GOBP_POSITIVE_REGULATION_OF_PROTEIN_CATABOLIC_PROCESS,22,Trib1;Plk2;Plk3;Asb5;Tiparp;Trib2;Dnajb2;Hspa1a;Hspa1b;Hsp90aa1;Ide;Ldlr;Smad7;Rnft1;Trib3;Sox9;Wnt5a;Ndfip1;Cav1;Cbfa2t3;Herpud1;Cdc20,0.332439,-0.360274,-0.515819,-0.22484,-0.187196,-0.3302,-0.054707,-0.139498,-0.278214,0.010568,-0.027835,-0.186407,0.131919
GOBP_POSITIVE_REGULATION_OF_SMALL_MOLECULE_METABOLIC_PROCESS,11,Stard4;Cpt1a;Htr2a;Myc;Wnt4;Por;Ptgs2;Dgat2;Irs2;Nr1d1;Cd74,0.332279,-0.379567,-0.646629,-0.088967,-0.370643,-0.600697,-0.113532,-0.091862,-0.328009,0.128248,-0.047288,-0.300903,0.164978
GOBP_NEGATIVE_REGULATION_OF_MUSCLE_CELL_DIFFERENTIATION,9,Ereg;Id2;Pdgfb;Rgs2;Bdnf;Bmp2;Xbp1;Bhlhe41;Myocd,0.330944,-0.107548,-0.387832,0.161367,-0.2798,-0.469887,-0.087806,0.051144,-0.150109,0.253123,-0.025016,-0.255559,0.184644
GOBP_MESENCHYMAL_CELL_PROLIFERATION,7,Fgfr2;Foxf1;Myc;Bmp2;Sox9;Wnt5a;Irs2,0.330083,-0.271968,-0.557883,-0.008571,-0.121897,-0.404732,0.149343,-0.288962,-0.54064,-0.05682,0.041121,-0.252552,0.290248
GOBP_CELLULAR_GLUCOSE_HOMEOSTASIS,9,Foxo3;Klf15;Kcnb1;Pim3;Serpinf1;Ano1;Xbp1;Irs2;Nr1d1,0.330066,-0.052513,-0.32041,0.210775,-0.240761,-0.464559,-0.04102,0.089305,-0.107598,0.269544,0.033119,-0.182735,0.228307
GOBP_MAMMARY_GLAND_EPITHELIUM_DEVELOPMENT,10,Cebpb;Csf1;Fgfr2;Foxf1;Gata3;Id2;Msx2;Wnt4;Wnt5a;Lbh,0.327632,0.015245,-0.201037,0.215651,0.014088,-0.214519,0.233334,-0.312387,-0.571127,-0.085982,-0.069681,-0.307485,0.15
GOBP_POSITIVE_REGULATION_OF_RESPONSE_TO_CYTOKINE_STIMULUS,8,Csf1;Hspa1a;Hspa1b;Irf7;Tlr2;Wnt5a;Zbp1;Cd74,0.327374,-0.412838,-0.761772,-0.133918,-0.536806,-0.804309,-0.266533,-0.304732,-0.584437,-0.023526,-0.209431,-0.543079,0.066073
GOBP_RESPONSE_TO_FIBROBLAST_GROWTH_FACTOR,17,Spry1;Spry2;Ccn2;Fgfr2;Sulf1;Flrt1;Gata3;Nr4a1;Myc;Wnt4;Hhip;Zfp36l1;Zfp36l2;Thbs1;Wnt5a;Creb3l1;Fibp,0.326602,-0.15786,-0.338897,0.049675,0.02241,-0.134699,0.204317,-0.297338,-0.471665,-0.089715,0.029264,-0.174916,0.196825
GOBP_POSITIVE_REGULATION_OF_MIRNA_TRANSCRIPTION,12,Ets1;Foxo3;Fos;Gata3;Jun;Smad6;Myc;Pdgfb;Bmp2;Tgfb2;Atoh8;Klf4,0.325689,-0.325112,-0.586095,-0.11495,-0.064267,-0.230869,0.140887,-0.215639,-0.391958,0.007262,0.000578,-0.232834,0.183642
GOBP_SKELETAL_MUSCLE_CELL_DIFFERENTIATION,19,Klhl41;Cited2;Ddx17;Egr2;Rbm24;Fos;Ankrd1;Hlf;Nr4a1;Arntl;Atf3;Asb2;Six4;Cyp26b1;Hivep3;Scx;Sap30;Myocd;Nr1d2,0.325066,-0.262693,-0.470024,-0.10402,-0.101011,-0.21482,0.056972,-0.008775,-0.152962,0.134036,0.062373,-0.089362,0.18032
GOBP_REGULATION_OF_CELLULAR_PROTEIN_CATABOLIC_PROCESS,20,Trib1;Plk3;Efna1;Trib2;Hipk2;Hfe;Dnajb2;Hspa1a;Hspa1b;Hsp90aa1;Hsp90ab1;Ldlr;Smad7;Map1a;Rnft1;Trib3;Cav1;Cbfa2t3;Herpud1;Cdc20,0.324512,-0.403814,-0.557775,-0.219646,-0.163664,-0.313407,-0.000512,-0.092891,-0.223701,0.043432,-0.079302,-0.269098,0.086119
GOBP_CYTOKINESIS,13,Cenpa;Plk2;Plk3;Klhdc8b;Ank3;Rhoc;Anln;Spire1;Efhc2;Prc1;Unc119;Kif20b;Cdc25b,0.32029,0.04127,-0.219032,0.277472,-0.049294,-0.262355,0.206084,0.254594,0.07903,0.414601,-0.065696,-0.284122,0.160102
GOBP_MUSCLE_CELL_PROLIFERATION,21,Trib1;Cdkn1a;Cited2;Hbegf;Eln;Ereg;Fgfr2;Htr1b;Id2;Igfbp5;Jun;Myc;Npr3;Pdgfb;Ptgs2;Bmp2;Tgfb2;Tgfb3;Thbs1;Myocd;Adamts1,0.319897,-0.315988,-0.474818,-0.148995,-0.001257,-0.119394,0.125735,-0.044287,-0.187713,0.087999,0.003909,-0.161125,0.173924
GOBP_MESODERM_DEVELOPMENT,9,Cited2;Fgfr2;Foxf1;Itgb3;Scx;Zfp36l1;Wnt5a;Irx3;Klf4,0.31971,-0.24988,-0.47401,-0.054012,-0.016142,-0.213917,0.189932,-0.155466,-0.40656,0.068897,0.06983,-0.18556,0.247845
GOBP_NEGATIVE_REGULATION_OF_OSTEOBLAST_DIFFERENTIATION,10,Cdk6;Twist2;Bambi;Id3;Igfbp5;Smad6;Sox9;Tnfaip6;Axin2;Limd1,0.318064,-0.208579,-0.409648,0.013118,0.001353,-0.200652,0.166925,-0.316711,-0.570314,-0.076772,-0.061564,-0.306264,0.185198
GOBP_REGULATION_OF_STEROID_METABOLIC_PROCESS,9,Stard4;Insig1;Kit;Ldlr;Wnt4;Por;Bmp2;Dgat2;Nr1d1,0.316736,-0.39625,-0.694217,-0.111626,-0.268411,-0.500754,-0.00122,-0.147157,-0.421339,0.089914,-0.079513,-0.331702,0.158147
GOBP_REGULATION_OF_LIPID_BIOSYNTHETIC_PROCESS,19,Stard4;Sik1;Fabp3;Htr2a;Ccn1;Insig1;Ldlr;Pdgfb;Pdk4;Wnt4;Por;Ptgs2;Trib3;Bmp2;C3;Dgat2;Sphk1;Nr1d1;Cd74,0.315859,-0.266009,-0.504317,-0.034623,-0.375506,-0.574781,-0.195455,-0.08173,-0.229604,0.10211,-0.059647,-0.250795,0.116539
GOBP_CARDIAC_SEPTUM_DEVELOPMENT,13,Cited2;Fgfr2;Gata3;Hes1;Ccn1;Smad6;Smad7;Msx2;Tgfb2;Wnt5a;Zbtb14;Lmo4;Dhrs3,0.312949,-0.178184,-0.39875,0.048254,-0.002574,-0.177407,0.181074,-0.315523,-0.49817,-0.164508,-0.102438,-0.281778,0.080073
GOBP_REGULATION_OF_B_CELL_PROLIFERATION,6,Cdkn1a;Tnfrsf21;Pawr;Peli1;Irs2;Cd74,0.311199,-0.066409,-0.39477,0.241936,-0.310065,-0.597657,-0.015995,-0.087453,-0.360225,0.205079,0.001135,-0.329147,0.317531
GOBP_ER_NUCLEUS_SIGNALING_PATHWAY,4,Ddit3;Hspa5;Insig1;Atf4,0.311147,-0.313244,-0.531834,-0.061489,-0.002097,-0.271047,0.24333,-0.196558,-0.6155,0.128449,-0.003276,-0.225599,0.25161
GOBP_POSITIVE_REGULATION_OF_ION_TRANSPORT,17,Cebpb;Cnksr3;Drd1;Arc;Glrx;Ank3;Atf4;Atp1b1;P2rx5;Pdgfb;Tesc;Wnk4;Cacna1d;Cacnb2;Capn3;Cav1;Actn2,0.31096,0.013483,-0.215523,0.221923,-0.297477,-0.457655,-0.12043,-0.029224,-0.219804,0.158285,-0.038875,-0.231289,0.154412
GOBP_REGULATION_OF_RESPONSE_TO_CYTOKINE_STIMULUS,14,Csf1;Samhd1;Hspa1a;Hspa1b;Hsp90ab1;Irf7;Tlr2;Wnt5a;Zbp1;Cav1;Sphk1;Nol3;Klf4;Cd74,0.310907,-0.257593,-0.564677,-0.050434,-0.4274,-0.631896,-0.235982,-0.192125,-0.392271,0.031728,-0.116493,-0.311986,0.073105
GOBP_NEGATIVE_REGULATION_OF_CELL_CELL_ADHESION,16,Cebpb;Lrrc32;Tnfrsf21;Rgcc;Hfe;Lag3;Smad7;Pawr;Lax1;Peli1;Bmp2;Tnr;Ndfip1;Cd9;Klf4;Cd74,0.30894,0.102197,-0.110594,0.291694,-0.206743,-0.359846,-0.037509,-0.038209,-0.248281,0.112921,-0.050569,-0.245081,0.144249
GOBP_KIDNEY_MORPHOGENESIS,10,Klhl3;Gata3;Hes1;Myc;Six4;Wnt4;Bmp2;Wnk4;Sox9;Irx3,0.308295,-0.374139,-0.63983,-0.066988,-0.160442,-0.470793,0.100358,-0.316122,-0.648434,0.026069,-0.065844,-0.299193,0.184002
GOBP_NEPHRON_MORPHOGENESIS,10,Klhl3;Gata3;Hes1;Myc;Six4;Wnt4;Bmp2;Wnk4;Sox9;Irx3,0.308295,-0.374139,-0.63983,-0.066988,-0.160442,-0.470793,0.100358,-0.316122,-0.648434,0.026069,-0.065844,-0.299193,0.184002
GOBP_BIOLOGICAL_PROCESS_INVOLVED_IN_SYMBIOTIC_INTERACTION,18,Ifitm3;Hspa1a;Hspa1b;Hspa8;Hsp90ab1;Hspd1;Htr2a;Ide;Inhbb;Itgb3;Jun;Ldlr;Ly6e;Pf4;Tfap4;Cav1;Sap30;Cd74,0.306799,-0.350336,-0.529421,-0.1493,-0.222969,-0.367729,-0.076276,-0.1848,-0.342955,-0.023112,-0.043536,-0.218405,0.088927
GOBP_GLAND_MORPHOGENESIS,18,Cebpb;Csf1;Fgfr2;Sulf1;Tnc;Id4;Igfbp5;Msx2;Nkx3-1;Wnt4;Ptn;Ntn4;Sox9;Tgfb2;Tgfb3;Wnt5a;Xbp1;Cav1,0.304951,-0.074429,-0.205094,0.075033,0.068211,-0.079617,0.214682,-0.236739,-0.421674,-0.080104,-0.089269,-0.234285,0.07953
GOBP_B_CELL_PROLIFERATION,7,Cdkn1a;Tnfrsf21;Hspd1;Pawr;Peli1;Irs2;Cd74,0.303903,-0.105589,-0.398265,0.238026,-0.288846,-0.535936,-0.041081,-0.070386,-0.308649,0.215562,0.015057,-0.295209,0.26871
GOBP_NEGATIVE_REGULATION_OF_MAPK_CASCADE,20,Spry1;Spry2;Dusp10;Cnksr3;Dusp1;Dusp8;Efna1;Mecom;Hmgcr;Dnaja1;Klhl31;Myc;Atf3;Per1;Errfi1;Lax1;Rgs2;Bmp2;Dusp16;Cav1,0.303858,-0.30229,-0.48867,-0.095752,-0.049052,-0.186448,0.080057,-0.048995,-0.218084,0.1186,0.001567,-0.184691,0.151153
GOBP_REGULATION_OF_ANIMAL_ORGAN_MORPHOGENESIS,14,Spry1;Cited2;Csf1;Apcdd1;Daam1;Sulf1;Gata3;Six4;Wnt4;Ntn4;Bmp2;Sox9;Wnt5a;Rspo3,0.302799,-0.053958,-0.267674,0.114787,-0.058939,-0.275155,0.180885,-0.259917,-0.435072,-0.025262,0.042882,-0.126268,0.215618
GOBP_CARDIAC_CHAMBER_MORPHOGENESIS,19,Cited2;Fgfr2;Fhl2;Foxf1;Gata3;Hes1;Ccn1;Ly6e;Smad6;Smad7;Msx2;Bmp2;Tgfb2;Tnnc1;Tnni3;Tnnt2;Wnt5a;Dhrs3;Adamts1,0.302591,-0.062697,-0.245909,0.109213,-0.03637,-0.18145,0.109088,-0.33896,-0.498475,-0.182415,-0.045853,-0.222869,0.100649
GOBP_RESPONSE_TO_TOXIC_SUBSTANCE,17,Inmt;Txnrd3;Cygb;Cyp1b1;Nqo1;Ephx1;Fos;Abtb2;Glrx;Gstt1;Inhbb;Atf4;Penk;Ptgs2;Scn2b;Slc15a2;Tlr2,0.302528,-0.218382,-0.391835,-0.025117,-0.198188,-0.377553,-0.036837,-0.312907,-0.509795,-0.118866,-0.010379,-0.165154,0.151127
GOBP_REGULATION_OF_COLLAGEN_METABOLIC_PROCESS,8,Cygb;Ccn2;Rgcc;Errfi1;Wnt4;Scx;Tgfb3;Creb3l1,0.300024,-0.290342,-0.52568,-0.064732,-0.18306,-0.39983,0.07933,-0.147633,-0.42727,0.065621,0.009681,-0.209703,0.245923
GOBP_COLLAGEN_BIOSYNTHETIC_PROCESS,8,Cygb;Ccn2;Rgcc;Errfi1;Wnt4;Scx;Tgfb3;Creb3l1,0.300024,-0.290342,-0.52568,-0.064732,-0.18306,-0.39983,0.07933,-0.147633,-0.42727,0.065621,0.009681,-0.209703,0.245923
GOBP_NEGATIVE_REGULATION_OF_PROTEIN_LOCALIZATION,16,Pkig;Gpm6b;Hmgcr;Dnaja1;Inhbb;Insig1;Kcnb1;Map1a;Pim3;Frmd4a;Psmd9;Ndfip1;Actn2;Pkdcc;Dclk1;Bag3,0.299958,-0.231404,-0.417385,-0.070913,0.025258,-0.103602,0.19148,-0.075365,-0.242678,0.122454,0.068554,-0.100255,0.243721
GOBP_POSITIVE_REGULATION_OF_SMOOTH_MUSCLE_CELL_PROLIFERATION,12,Hbegf;Ereg;Fgfr2;Htr1b;Id2;Igfbp5;Jun;Myc;Pdgfb;Ptgs2;Thbs1;Adamts1,0.298962,-0.309987,-0.508767,-0.080017,-0.015508,-0.216234,0.169217,-0.065298,-0.224646,0.088485,-0.011025,-0.225672,0.204244
GOBP_REGULATION_OF_ENDOPLASMIC_RETICULUM_STRESS_INDUCED_INTRINSIC_APOPTOTIC_SIGNALING_PATHWAY,7,Hyou1;Serinc3;Ddit3;Hspa1a;Xbp1;Creb3l1;Herpud1,0.298563,-0.333151,-0.539969,-0.099977,-0.183841,-0.409121,0.081441,-0.179122,-0.398709,0.035017,-0.034588,-0.26873,0.178076
GOBP_NEGATIVE_REGULATION_OF_CELLULAR_RESPONSE_TO_GROWTH_FACTOR_STIMULUS,17,Spry1;Spry2;Dcn;Sulf1;Bambi;Gata3;Hipk2;Vwc2;Smad6;Smad7;Wnt4;Grem2;Thbs1;Tnfaip6;Wnt5a;Adamts12;Creb3l1,0.297852,-0.243238,-0.416042,-0.046221,-0.002518,-0.160205,0.142294,-0.30037,-0.48667,-0.109133,-0.07267,-0.222871,0.092079
GOBP_RECEPTOR_METABOLIC_PROCESS,8,Arc;Htr1b;Itgb3;Ldlr;Rin3;Cav1;Cd9;Gprasp1,0.296846,-0.286536,-0.482142,-0.073208,0.01031,-0.196849,0.21349,-0.045632,-0.243497,0.180629,-0.035504,-0.196011,0.165717
GOBP_DEVELOPMENT_OF_PRIMARY_FEMALE_SEXUAL_CHARACTERISTICS,14,Cebpb;Ereg;Foxo3;Tiparp;Hspa5;Inhbb;Kit;Mmp14;Myc;Wnt4;Tnfaip6;Fzd4;Arid5b;Adamts1,0.296776,-0.273892,-0.473587,-0.057971,0.009048,-0.172749,0.242946,-0.164626,-0.38304,0.028393,0.022884,-0.133927,0.172832
GOBP_LIPID_OXIDATION,9,Cygb;Cpt1a;Fabp3;Etfbkmt;Pdk4;Por;Sox9;Dgat2;Irs2,0.296715,0.061932,-0.206317,0.373779,-0.205434,-0.428241,0.088633,-0.234783,-0.441986,-0.046314,-0.069645,-0.370503,0.171552
GOBP_SOMITE_DEVELOPMENT,9,Foxf1;Frzb;Nkx3-1;Six4;Wnt4;Scx;Wnt5a;Axin2;Tcap,0.296524,-0.000728,-0.315589,0.266638,-0.297253,-0.551525,-0.101216,-0.247766,-0.486934,0.016469,-0.10774,-0.343379,0.097625
GOBP_POSITIVE_REGULATION_OF_LYMPHOCYTE_DIFFERENTIATION,9,Dusp10;Foxo3;Gata3;Il15ra;Mmp14;Rara;Xbp1;Zbtb16;Cd74,0.294919,0.038976,-0.239143,0.286119,-0.168541,-0.406834,0.068199,-0.255942,-0.448476,-0.049783,-0.184525,-0.448266,0.114617
GOBP_MOLTING_CYCLE,11,Apcdd1;Fgfr2;Igfbp5;Arntl;Msx2;Per1;Ptgs2;Sox9;Tgfb2;Wnt5a;Clock,0.294867,-0.101107,-0.344475,0.142609,0.035068,-0.17448,0.292646,-0.259799,-0.439127,-0.108433,-0.18281,-0.394975,0.031895
GOBP_REGULATION_OF_ASTROCYTE_DIFFERENTIATION,7,Hes1;Id2;Id4;Ldlr;Ntrk3;Bmp2;Nr1d1,0.292341,-0.319597,-0.640308,-0.102233,-0.179224,-0.38411,0.058551,-0.027255,-0.285616,0.207745,-0.077673,-0.258918,0.129286
GOBP_MONOCARBOXYLIC_ACID_BIOSYNTHETIC_PROCESS,12,Stard4;Insig1;Lpl;Cyp39a1;Pdk4;Ptgs2;Trib3;Xbp1;Acss1;Per2;Nr1d1;Cd74,0.291095,-0.060383,-0.31652,0.251676,-0.351477,-0.608672,-0.078774,-0.161685,-0.316274,0.002125,-0.087129,-0.286523,0.091518
GOBP_POSITIVE_REGULATION_OF_EPITHELIAL_CELL_DIFFERENTIATION,7,Cdkn2b;Nkx6-1;Serpine1;Sox9;Btg1;Atoh8;Acvrl1,0.290931,-0.400499,-0.638327,-0.170773,-0.109568,-0.334619,0.133633,-0.139264,-0.476124,0.080268,-0.135898,-0.383484,0.090734
GOBP_NEGATIVE_REGULATION_OF_TRANSFORMING_GROWTH_FACTOR_BETA_RECEPTOR_SIGNALING_PATHWAY,14,Spry1;Spry2;Vasn;Htra4;Bambi;Hspa1a;Hspa5;Smad6;Smad7;Prdm16;Bmp2;Rasl11b;Tgfb3;Cav1,0.288263,-0.307174,-0.475778,-0.100938,-0.050991,-0.210659,0.152961,-0.179957,-0.371144,-0.015048,-0.01891,-0.17906,0.142044
GOBP_CELLULAR_RESPONSE_TO_RETINOIC_ACID,10,Fgfr2;Myc;Ntrk3;Serpinf1;Tesc;Cyp26b1;Rara;Sox9;Wnt5a;Fzd4,0.287311,-0.2285,-0.437082,-0.013509,-0.155121,-0.413251,0.038381,-0.302971,-0.50888,-0.114696,-0.015661,-0.240247,0.208996
GOBP_PROTEIN_STABILIZATION,17,Ifi30;Cryab;Efna1;Hspa1a;Hspa1b;Hsp90aa1;Hsp90ab1;Hspd1;Smad7;Atp1b1;Pfn1;Tesc;Atf7ip;Per3;Usp2;Bag3;Rassf2,0.283521,-0.175088,-0.355883,-0.009516,-0.26242,-0.407555,-0.091912,-0.172237,-0.341754,-0.023146,0.021101,-0.170586,0.193978
GOBP_RESPONSE_TO_TRANSFORMING_GROWTH_FACTOR_BETA,42,Spry1;Spry2;Cdkn2b;Cited2;Lefty1;Fermt2;Vasn;Lrg1;Htra4;Fgfr2;Fmod;Fos;Bambi;Lrrc32;Ankrd1;Hipk2;Hspa1a;Hspa5;Hsp90ab1;Id1;Jun;Lox;Smad6;Smad7;Penk;Wnt4;Prdm16;Scx;Bmp2;Rasl11b;Sox9;Zfp36l1;Zfp36l2;Tgfb2;Tgfb3;Thbs1;Clec3b;Wnt5a;Cav1;Myocd;Acvrl1;Gdf15,0.282951,-0.279721,-0.377918,-0.179321,-0.062586,-0.167129,0.050415,-0.118553,-0.227665,-0.022867,0.003229,-0.085338,0.089136
GOBP_STRESS_ACTIVATED_PROTEIN_KINASE_SIGNALING_CASCADE,25,Trib1;Arl6ip5;Dusp10;Cryab;Ccn2;Dusp1;Mecom;Mturn;Plcb1;Hipk2;Dnaja1;Igfbp6;Fas;Klhl31;Myc;Wnt16;Per1;Sema4c;Bmp2;Zfp36l1;Tgfb2;Wnt5a;Dusp16;Sphk1;Rassf2,0.281121,-0.259307,-0.416432,-0.126539,-0.00206,-0.116382,0.113224,-0.037613,-0.17918,0.074572,0.021814,-0.138341,0.141338
GOBP_MUSCLE_ORGAN_MORPHOGENESIS,12,Fgfr2;Ankrd1;Ly6e;Smad7;Bmp2;Tgfb2;Tnnc1;Tnni3;Tnnt2;Wnt5a;Arid5b;Tcap,0.280862,-0.05173,-0.276579,0.18608,-0.273585,-0.489583,-0.04959,-0.220271,-0.459505,0.026038,0.007277,-0.207855,0.195203
GOBP_CARDIAC_MUSCLE_TISSUE_MORPHOGENESIS,11,Fgfr2;Ankrd1;Ly6e;Smad7;Bmp2;Tgfb2;Tnnc1;Tnni3;Tnnt2;Wnt5a;Tcap,0.280506,-0.025774,-0.274408,0.217792,-0.285306,-0.524079,-0.076099,-0.238886,-0.500928,0.013099,-0.004799,-0.231625,0.187981
GOBP_CELLULAR_RESPONSE_TO_FATTY_ACID,9,Cpt1a;Plcb1;Hmgcs2;Hes1;Id3;Ldlr;Lpl;Pdk4;Dgat2,0.280128,0.033091,-0.21539,0.296557,-0.078362,-0.349729,0.162886,-0.247038,-0.413635,-0.051467,-0.152393,-0.384603,0.072037
GOBP_SKELETAL_MUSCLE_ORGAN_DEVELOPMENT,26,Klhl41;Cited2;Ddx17;Rcan1;Egr2;Eln;Rbm24;Fos;Ankrd1;Hlf;Nr4a1;Arntl;Atf3;Asb2;Myoz2;Six4;Gpcpd1;Cyp26b1;Hivep3;Popdc3;Scx;Cav1;Sap30;Igsf8;Myocd;Nr1d2,0.278862,-0.233422,-0.389554,-0.088477,-0.109332,-0.223004,0.035364,-0.001282,-0.114768,0.102232,0.045439,-0.062559,0.15417
GOBP_FEMALE_SEX_DIFFERENTIATION,15,Cebpb;Ereg;Foxo3;Tiparp;Hspa5;Inhbb;Kit;Mmp14;Myc;Wnt4;Tnfaip6;Wnt5a;Fzd4;Arid5b;Adamts1,0.276043,-0.254675,-0.457829,-0.026301,-0.003516,-0.194297,0.212193,-0.196939,-0.395092,-0.020777,0.021368,-0.125672,0.176698
GOBP_POSITIVE_REGULATION_OF_IMMUNE_EFFECTOR_PROCESS,13,Arid5a;Foxf1;Gata3;Hspd1;Kit;Lag3;Shld2;Rara;C3;Wnt5a;Xbp1;Colec11;Cd74,0.268891,-0.181483,-0.429079,0.020317,-0.125683,-0.318924,0.080038,-0.31524,-0.482539,-0.128715,-0.046349,-0.229861,0.162243
GOBP_NEGATIVE_REGULATION_OF_WNT_SIGNALING_PATHWAY,14,Apcdd1;Ddit3;Foxo3;Frzb;Igfbp2;Igfbp6;Bmp2;Sox9;Tle1;Wnt5a;Axin2;Fzd4;Cav1;Limd1,0.268811,-0.011003,-0.220417,0.202,-0.1549,-0.319721,0.121251,-0.279814,-0.453907,-0.096338,-0.114905,-0.26884,0.042544
GOBP_REGULATION_OF_PEPTIDYL_SERINE_PHOSPHORYLATION,12,Spry2;Cnksr3;Hsp90aa1;Hsp90ab1;Smad7;Ntrk3;Ptgs2;Bdnf;Caprin2;Wnt5a;Cav1;Rassf2,0.268689,-0.178766,-0.412572,0.015122,-0.252984,-0.457474,-0.063726,-0.148368,-0.353009,0.033495,0.015705,-0.158304,0.192325
GOBP_STEROID_BIOSYNTHETIC_PROCESS,18,Stard3;Stard4;Dhcr24;Fdps;Hmgcr;Hmgcs1;Hmgcs2;Idi1;Insig1;Mvd;Cyp39a1;Hsd17b7;Wnt4;Por;Msmo1;Bmp2;Sqle;Nr1d1,0.268328,-0.334869,-0.500965,-0.190986,-0.117796,-0.30123,0.064118,-0.151155,-0.359245,0.023278,-0.066541,-0.225686,0.082781
GOBP_REGULATION_OF_CELL_FATE_COMMITMENT,3,Hes1;Wnt5a;Lmo4,0.265952,-0.387759,-0.776285,-0.006529,-0.340911,-0.850562,0.06009,-0.397445,-0.676147,-0.120562,-0.131492,-0.472126,0.211305
GOBP_RESPONSE_TO_ETHANOL,14,Cdo1;Adcy7;Cpt1a;Nqo1;Fgfr2;Gata3;Hmgcs2;Htr1b;Myc;Ntrk3;Penk;Rara;Rgs2;Cd14,0.265723,-0.041128,-0.26112,0.208649,-0.001553,-0.194739,0.188023,-0.267276,-0.463931,-0.076319,-0.012529,-0.189448,0.177335
GOBP_REGULATION_OF_STRESS_ACTIVATED_PROTEIN_KINASE_SIGNALING_CASCADE,22,Arl6ip5;Dusp10;Ccn2;Dusp1;Mecom;Mturn;Plcb1;Hipk2;Dnaja1;Igfbp6;Fas;Klhl31;Myc;Wnt16;Per1;Sema4c;Bmp2;Tgfb2;Wnt5a;Dusp16;Sphk1;Rassf2,0.263537,-0.263437,-0.429121,-0.120139,-0.014842,-0.151726,0.11195,-0.028566,-0.18754,0.100023,0.0001,-0.160792,0.13161
GOBP_REGULATION_OF_MIRNA_TRANSCRIPTION,14,Ets1;Foxo3;Fos;Gata3;Jun;Smad6;Myc;Pdgfb;Rara;Bmp2;Sox9;Tgfb2;Atoh8;Klf4,0.263467,-0.287551,-0.50826,-0.098581,-0.09514,-0.249898,0.082774,-0.258615,-0.440969,-0.056461,-0.024084,-0.247976,0.154518
GOBP_TRANSFORMING_GROWTH_FACTOR_BETA_RECEPTOR_SIGNALING_PATHWAY,32,Spry1;Spry2;Cdkn2b;Cited2;Lefty1;Fermt2;Vasn;Lrg1;Htra4;Fmod;Fos;Bambi;Lrrc32;Hipk2;Hspa1a;Hspa5;Hsp90ab1;Id1;Jun;Lox;Smad6;Smad7;Prdm16;Bmp2;Rasl11b;Tgfb2;Tgfb3;Thbs1;Cav1;Myocd;Acvrl1;Gdf15,0.263253,-0.271588,-0.374209,-0.156375,-0.024011,-0.130289,0.094775,-0.073062,-0.184722,0.043102,-0.008335,-0.122172,0.095321
GOBP_CELLULAR_KETONE_METABOLIC_PROCESS,18,Stard3;Stard4;Cpt1a;Fabp3;Etfbkmt;Insig1;Pdk4;Wnt4;Ptgs2;Trib3;Bmp2;Sox9;Coq10b;Dgat2;Cav1;Irs2;Nr1d1;Cd74,0.262749,-0.137991,-0.353238,0.110631,-0.337878,-0.504253,-0.155615,-0.164685,-0.303685,-0.005112,-0.075129,-0.251587,0.092532
GOBP_NEGATIVE_REGULATION_OF_BMP_SIGNALING_PATHWAY,8,Bambi;Hipk2;Vwc2;Smad6;Smad7;Grem2;Tnfaip6;Wnt5a,0.262643,-0.214739,-0.476044,0.00694,-0.071467,-0.303225,0.149077,-0.324777,-0.549455,-0.101474,-0.062134,-0.265054,0.178423
GOBP_CARDIAC_CHAMBER_DEVELOPMENT,22,Cited2;Fgfr2;Fhl2;Foxf1;Gata3;Hes1;Ccn1;Ly6e;Smad6;Smad7;Msx2;Bmp2;Tgfb2;Tnnc1;Tnni3;Tnnt2;Wnt5a;Zbtb14;Lmo4;Dhrs3;Myocd;Adamts1,0.262082,-0.059919,-0.213406,0.100013,-0.04566,-0.184205,0.071188,-0.302217,-0.443657,-0.16644,-0.040134,-0.215505,0.106292
GOBP_OLIGODENDROCYTE_DIFFERENTIATION,11,Cdkn2c;Dusp10;Tnfrsf21;Hes1;Id4;Nkx6-1;Ptn;Ptprz1;Slc8a3;Sox9;Tlr2,0.258309,-0.004815,-0.284361,0.269599,-0.047949,-0.26645,0.16832,-0.263124,-0.503547,-0.093056,-0.028944,-0.247451,0.171964
GOBP_RESPONSE_TO_RETINOIC_ACID,12,Fgfr2;Igfbp2;Myc;Ntrk3;Serpinf1;Tesc;Cyp26b1;Rara;Sox9;Wnt5a;Fzd4;Klf4,0.258118,-0.172348,-0.37191,0.030912,-0.206524,-0.41573,-0.030476,-0.271047,-0.464824,-0.083542,-0.012929,-0.224633,0.191528
GOBP_MAMMARY_GLAND_DEVELOPMENT,18,Cdo1;Cebpb;Csf1;Fgfr2;Foxf1;Gata3;Id2;Igfbp5;Msx2;Wnt4;Sox9;Tgfb3;Wnt5a;Xbp1;Lbh;Cav1;Irs2;Socs2,0.256852,-0.021788,-0.178804,0.13888,-0.033546,-0.208404,0.15506,-0.27864,-0.429016,-0.121956,-0.07115,-0.225486,0.08808
GOBP_NEGATIVE_REGULATION_OF_LIPID_METABOLIC_PROCESS,11,Pik3ip1;Sik1;Etfbkmt;Insig1;Pdgfb;Wnt4;Trib3;Bmp2;Sox9;Dgat2;Sphk1,0.256828,-0.13956,-0.415801,0.258896,-0.327376,-0.593647,-0.096767,-0.103273,-0.317871,0.169045,-0.070548,-0.367738,0.242388
GOBP_MITOCHONDRIAL_TRANSPORT,11,Stard3;Cpt1a;Hspa1a;Hsp90aa1;Hspd1;Chchd10;Parl;Rhou;Micall2;Nol3;Bag3,0.256393,-0.220541,-0.500434,0.003033,-0.276364,-0.45318,-0.116953,-0.137499,-0.321378,0.008973,-0.019971,-0.205524,0.20201
GOBP_MESONEPHROS_DEVELOPMENT,13,Spry1;Fgfr2;Gata3;Hes1;Smad6;Smad7;Myc;Six4;Wnt4;Rara;Bmp2;Sox9;Zbtb16,0.256242,-0.247776,-0.459847,-0.001059,-0.126365,-0.320924,0.065068,-0.356286,-0.580819,-0.08983,-0.100044,-0.283986,0.115795
GOBP_HEART_FORMATION,4,Hes1;Bmp2;Wnt5a;Axin2,0.255369,-0.13697,-0.533264,0.287689,-0.238327,-0.735923,0.092176,-0.392339,-0.749568,-0.091177,-0.147317,-0.457572,0.091316
GOBP_DIGESTIVE_SYSTEM_DEVELOPMENT,13,Fgfr2;Foxf1;Hmgcs2;Hes1;Id2;Kit;Pcsk5;Pdgfc;Tgfb2;Tgfb3;Wnt5a;Pkdcc;Myocd,0.254198,-0.159307,-0.308284,0.027246,0.08059,-0.090457,0.224127,-0.173608,-0.338996,-0.036832,-0.012852,-0.133433,0.134809
GOBP_POSITIVE_REGULATION_OF_NF_KAPPAB_TRANSCRIPTION_FACTOR_ACTIVITY,9,Rhebl1;Hspa1a;Hspa1b;Tlr2;Wnt5a;Capn3;Cav1;Sphk1;Clock,0.253606,-0.353096,-0.671025,-0.099476,-0.222696,-0.467185,0.009661,-0.197526,-0.450131,0.038296,-0.099491,-0.346744,0.158062
GOBP_NEGATIVE_REGULATION_OF_ESTABLISHMENT_OF_PROTEIN_LOCALIZATION,12,Pkig;Hmgcr;Dnaja1;Inhbb;Insig1;Kcnb1;Pim3;Frmd4a;Psmd9;Ndfip1;Pkdcc;Bag3,0.252597,-0.2032,-0.384696,-0.040322,-0.024924,-0.17666,0.145186,-0.088169,-0.282703,0.092629,0.049397,-0.166538,0.285439
GOBP_POSITIVE_REGULATION_OF_LIPID_METABOLIC_PROCESS,16,Stard4;Cpt1a;Fabp3;Htr2a;Ccn1;Kit;Ldlr;Pdgfb;Wnt4;Por;Pnpla2;Ptgs2;Dgat2;Irs2;Nr1d1;Cd74,0.251959,-0.273601,-0.466324,-0.07292,-0.329477,-0.510204,-0.131714,-0.077518,-0.264837,0.107824,-0.086431,-0.308653,0.100126
GOBP_MRNA_CATABOLIC_PROCESS,15,Hnrnpa0;Cirbp;Tent5b;Rbm24;Csdc2;Hnrnpd;Hspa1a;Hspa1b;Nanos1;Hnrnpm;Tent5a;Zfp36l1;Zfp36l2;Prr5l;Axin2,0.248532,-0.23936,-0.443693,-0.060139,-0.180689,-0.328167,-0.055231,-0.182164,-0.34267,0.009397,0.009172,-0.169441,0.222033
GOBP_RESPONSE_TO_FATTY_ACID,14,Cpt1a;Ccn2;Foxo3;Plcb1;Hmgcs2;Hes1;Id3;Ldlr;Lpl;Pdk4;Ptgs2;Sox9;Tlr2;Dgat2,0.248035,-0.031326,-0.202317,0.205959,-0.175727,-0.383324,0.021795,-0.279362,-0.429092,-0.088893,-0.142142,-0.308664,0.057228
GOBP_NEGATIVE_REGULATION_OF_LEUKOCYTE_CELL_CELL_ADHESION,12,Cebpb;Lrrc32;Tnfrsf21;Hfe;Lag3;Smad7;Pawr;Lax1;Peli1;Ndfip1;Klf4;Cd74,0.247818,0.027402,-0.227274,0.299868,-0.220416,-0.39329,-0.014973,-0.068202,-0.291708,0.154368,-0.022182,-0.2611,0.17724
GOBP_ALCOHOL_BIOSYNTHETIC_PROCESS,15,Dhcr24;Fdps;Hmgcr;Hmgcs1;Hmgcs2;Idi1;Insig1;Mvd;Ip6k2;Hsd17b7;Wnt4;Por;Msmo1;Bmp2;Sphk1,0.247283,-0.321881,-0.527011,-0.155111,-0.102027,-0.33582,0.075148,-0.166133,-0.389608,0.052408,-0.074598,-0.214502,0.091116
GOBP_REGULATION_OF_BMP_SIGNALING_PATHWAY,14,Sulf1;Bambi;Hipk2;Hes1;Ccn1;Vwc2;Smad6;Smad7;Msx2;Grem2;Tfap2b;Tnfaip6;Wnt5a;Acvrl1,0.245871,-0.022085,-0.265348,0.16709,-0.10535,-0.269977,0.067821,-0.267956,-0.429068,-0.085137,-0.197003,-0.391249,0.009676
GOBP_REGULATION_OF_PRODUCTION_OF_MOLECULAR_MEDIATOR_OF_IMMUNE_RESPONSE,12,Arid5a;Gata3;Hfe;Kit;Smad7;Shld2;Tgfb2;Tgfb3;Wnt5a;Xbp1;Ndfip1;Cd74,0.245571,-0.152138,-0.363423,0.048197,-0.053821,-0.247674,0.154221,-0.274575,-0.442102,-0.055942,-0.029004,-0.193899,0.18775
GOBP_HORMONE_TRANSPORT,24,Slc16a10;Cpt1a;Cry1;Gata3;Pclo;Glul;Hfe;Inhbb;Kcnb1;Arntl;Pim3;Nkx3-1;Nkx6-1;Nmb;Ano1;Psmd9;Scg5;Tfap2b;Fzd4;Irs2;Per2;Rasl10b;Nr1d1;Clock,0.244677,0.034843,-0.114968,0.164478,0.053753,-0.105211,0.205937,-0.190925,-0.353491,-0.025425,-0.089651,-0.238284,0.061096
GOBP_NEGATIVE_REGULATION_OF_CYSTEINE_TYPE_ENDOPEPTIDASE_ACTIVITY,10,Cryab;Dhcr24;Dpep1;Nr4a1;Plaur;Por;Ptgs2;Thbs1;Nol3;Klf4,0.244276,-0.270877,-0.526285,-0.047039,-0.18102,-0.432883,0.095664,-0.199785,-0.428414,0.033361,-0.026602,-0.261854,0.162573
GOBP_REGULATION_OF_CELLULAR_RESPONSE_TO_TRANSFORMING_GROWTH_FACTOR_BETA_STIMULUS,22,Spry1;Spry2;Cdkn2b;Cited2;Vasn;Lrg1;Htra4;Bambi;Hipk2;Hspa1a;Hspa5;Hsp90ab1;Lox;Smad6;Smad7;Prdm16;Bmp2;Rasl11b;Tgfb3;Thbs1;Cav1;Myocd,0.243787,-0.25179,-0.419701,-0.076882,-0.008002,-0.134175,0.139864,-0.043794,-0.180235,0.114705,-0.036902,-0.161939,0.093681
GOBP_DETOXIFICATION,7,Txnrd3;Cygb;Nqo1;Glrx;Gstt1;Ptgs2;Slc15a2,0.242085,-0.140218,-0.35817,0.123644,-0.373249,-0.647459,-0.08786,-0.316389,-0.553555,-0.102653,-0.131163,-0.363911,0.067043
GOBP_OUTFLOW_TRACT_MORPHOGENESIS,11,Cited2;Eln;Fgfr2;Hes1;Jun;Smad6;Msx2;Npy1r;Tgfb2;Wnt5a;Dhrs3,0.242025,-0.255614,-0.46295,-0.060702,-0.013589,-0.166991,0.173295,-0.181508,-0.371154,0.011207,-0.14916,-0.360416,0.058279
GOBP_REGULATION_OF_FATTY_ACID_METABOLIC_PROCESS,12,Cpt1a;Fabp3;Etfbkmt;Insig1;Pdk4;Ptgs2;Trib3;Sox9;Dgat2;Cav1;Irs2;Cd74,0.241366,-0.053478,-0.296557,0.241888,-0.294844,-0.51922,-0.046374,-0.249109,-0.423612,-0.028988,-0.10927,-0.30633,0.122371
GOBP_BRANCHING_MORPHOGENESIS_OF_AN_EPITHELIAL_TUBE,15,Spry1;Spry2;Csf1;Fgfr2;Foxf1;Mmp14;Msx2;Myc;Nkx3-1;Six4;Wnt4;Hhip;Bmp2;Sox9;Wnt5a,0.240669,-0.049457,-0.310805,0.143748,-0.060368,-0.246313,0.104858,-0.279258,-0.483425,-0.073589,-0.038589,-0.242793,0.147914
GOBP_INTRACELLULAR_RECEPTOR_SIGNALING_PATHWAY,25,Klf2;Cited2;Ddx17;Cry1;Fkbp4;Nr4a1;Hspa1a;Hspa1b;Irf7;Arntl;Nfkbia;Nkx3-1;Nr4a2;Per1;Cyp26b1;Rara;Sec14l1;Bmp2;Slc15a2;Thra;Lbh;Dhrs3;Nr1d1;Clock;Nr1d2,0.240611,-0.270557,-0.430313,-0.125929,-0.142083,-0.238852,-0.012185,-0.087477,-0.21023,0.045989,-0.029945,-0.168845,0.129718
GOBP_ORGAN_GROWTH,13,Spry2;Cited2;Adra1a;Fgfr2;Ly6e;Msx2;Por;Tmem38b;Rara;Rgs2;Sox9;Tgfb2;Col27a1,0.240045,0.010345,-0.203806,0.20382,-0.073526,-0.247499,0.107707,-0.229699,-0.396544,-0.049888,-0.135097,-0.368081,0.111817
GOBP_RESPONSE_TO_INSULIN,25,Nampt;Cry1;Egr2;Tns2;Grb14;Klf15;Eef2k;Hmgcs2;Ide;Inhbb;Insig1;Lpl;Myc;Pdk4;Errfi1;Trib3;Srsf5;Lpin3;Zfp36l1;Tlr2;Xbp1;Slc25a33;Pik3r3;Irs2;Socs3,0.235291,-0.095031,-0.248082,0.083895,0.027539,-0.088087,0.155457,-0.207753,-0.340811,-0.088038,-0.079515,-0.225039,0.043007
GOBP_REGULATION_OF_CELLULAR_KETONE_METABOLIC_PROCESS,16,Stard4;Cpt1a;Fabp3;Etfbkmt;Insig1;Pdk4;Wnt4;Ptgs2;Trib3;Bmp2;Sox9;Dgat2;Cav1;Irs2;Nr1d1;Cd74,0.235254,-0.168971,-0.384444,0.077564,-0.328809,-0.522901,-0.114837,-0.18351,-0.33088,-0.01376,-0.093555,-0.275413,0.092602
GOBP_POSITIVE_REGULATION_OF_SUPRAMOLECULAR_FIBER_ORGANIZATION,15,Fermt2;Ccn2;Limch1;Rgcc;Hspa1a;Hspa1b;Id1;Rhoc;Pfn1;Wnt4;Tgfb3;Synpo2l;Actn2;Wasf1;Sema5a,0.23441,-0.198352,-0.411605,-0.027292,-0.15892,-0.315909,0.00123,-0.078093,-0.261081,0.08874,0.036058,-0.099168,0.213491
GOBP_CELLULAR_RESPONSE_TO_VASCULAR_ENDOTHELIAL_GROWTH_FACTOR_STIMULUS,7,Spry2;Dcn;Vegfd;Nr4a1;Hspb1;Adamts12;Sphk1,0.234263,-0.174115,-0.501806,0.123906,-0.122292,-0.357731,0.11493,-0.241741,-0.523234,-0.03881,-0.007478,-0.284062,0.218368
GOBP_DEVELOPMENT_OF_PRIMARY_SEXUAL_CHARACTERISTICS,26,Cited2;Cebpb;Cyp1b1;Ereg;Foxo3;Patz1;Tiparp;Gata3;Hspa5;Inhbb;Kit;Mmp14;Myc;Nkx3-1;Six4;Wnt4;Rara;Bik;Scx;Sox9;Tgfb2;Tnfaip6;Wnt5a;Fzd4;Arid5b;Adamts1,0.233613,-0.152301,-0.284247,-0.022434,0.006573,-0.104679,0.151305,-0.22704,-0.372715,-0.064165,-0.004699,-0.144154,0.109944
GOBP_REGULATION_OF_CALCIUM_ION_TRANSPORT,23,Efhb;Drd1;Epb41;Gem;Rem1;Hes1;Il16;Atp1b1;P2rx5;Pde4b;Pdgfb;Tmem38b;Ptgs2;Rrad;Slc8a1;Cacna1d;Cacnb2;Ahnak;Camk2b;Capn3;Cav1;Stc2;Homer2,0.233545,0.025763,-0.125396,0.219221,-0.207781,-0.361947,-0.069067,-0.010615,-0.153018,0.142254,-0.140352,-0.281488,0.009416
GOBP_SEX_DIFFERENTIATION,28,Cited2;Cebpb;Cyp1b1;Dhcr24;Ereg;Fkbp4;Foxo3;Patz1;Tiparp;Gata3;Hspa5;Inhbb;Kit;Mmp14;Myc;Nkx3-1;Six4;Wnt4;Rara;Bik;Scx;Sox9;Tgfb2;Tnfaip6;Wnt5a;Fzd4;Arid5b;Adamts1,0.232886,-0.148492,-0.281608,-0.012633,0.012426,-0.104737,0.149814,-0.220459,-0.368022,-0.050318,-0.008066,-0.142169,0.104738
GOBP_ASTROCYTE_DIFFERENTIATION,10,Cdk6;Drd1;Hes1;Id2;Id4;Ldlr;Ntrk3;Bmp2;Sox9;Nr1d1,0.231833,-0.137154,-0.426366,0.092095,-0.305957,-0.505853,-0.079735,-0.085542,-0.256941,0.133329,-0.074124,-0.244801,0.142868
GOBP_METANEPHROS_DEVELOPMENT,13,Spry1;Gata3;Hes1;Id3;Myc;Nkx3-1;Aph1a;Pdgfb;Six4;Wnt4;Sox9;Tfap2b;Irx3,0.230996,-0.141519,-0.373049,0.098209,-0.080766,-0.30509,0.116247,-0.311761,-0.514467,-0.069904,-0.105321,-0.332958,0.131781
GOBP_POSITIVE_REGULATION_OF_CYTOSKELETON_ORGANIZATION,17,Fermt2;Ccn2;Limch1;Rgcc;Hspa1a;Hspa1b;Id1;Rhoc;Ntrk3;Pfn1;Wnt4;Stil;Tgfb3;Synpo2l;Actn2;Wasf1;Sema5a,0.230022,-0.225814,-0.431016,-0.076274,-0.129544,-0.298327,-0.009204,-0.021107,-0.189689,0.117212,0.004207,-0.149487,0.161159
GOBP_REGULATION_OF_INTRINSIC_APOPTOTIC_SIGNALING_PATHWAY,17,Hyou1;Serinc3;Ddit3;Dnaja1;Hspa1a;Hspb1;Myc;Nkx3-1;Plaur;Parl;Ptgs2;Xbp1;Cav1;Nol3;Creb3l1;Herpud1;Cd74,0.229587,-0.276887,-0.433961,-0.095787,-0.251173,-0.391041,-0.098091,-0.216091,-0.364139,-0.075697,-0.0473,-0.235745,0.112406
GOBP_CARTILAGE_DEVELOPMENT,27,Arid5a;Ccn2;Chsy1;Sulf1;Frzb;Ccn1;Snorc;Smad7;Mgp;Msx2;Cytl1;Por;Rara;Scx;Bmp2;Bmp3;Sox9;Tgfbi;Thra;Timp1;Wnt5a;Zbtb16;Adamts12;Axin2;Col27a1;Pkdcc;Acvrl1,0.227946,0.022824,-0.144073,0.152831,-0.109211,-0.25359,0.041836,-0.18699,-0.315911,-0.065808,-0.205122,-0.322524,-0.078092
GOBP_NEGATIVE_REGULATION_OF_CELL_ACTIVATION,19,Cebpb;Cygb;Foxf1;Lrrc32;Tnfrsf21;Hfe;Hmgb3;Id2;Lag3;Ldlr;Smad7;Pawr;Pdgfb;Lax1;Peli1;Ndfip1;Cd9;Nr1d1;Cd74,0.227653,-0.04972,-0.228215,0.156182,-0.267426,-0.409114,-0.091285,-0.039773,-0.217149,0.128022,-0.044216,-0.210805,0.115212
GOBP_POSITIVE_REGULATION_OF_CELL_DEVELOPMENT,25,Trib1;Fermt2;Egr2;Eef2k;Hes1;Id2;Kit;Smad7;Mme;Myc;Nkx6-1;Pak3;Serpinf1;Ptn;Ptprd;Ptprz1;Bdnf;Bmp2;Caprin2;Cdkl5;Tlr2;Fbxo31;Dock5;Camk2b;Sema5a,0.227566,-0.212888,-0.358507,-0.055793,0.012264,-0.130047,0.146932,-0.079982,-0.199512,0.049768,0.014678,-0.132958,0.148956
GOBP_DNA_BIOSYNTHETIC_PROCESS,17,Cdkn1a;Ccn2;Cyp1b1;Ankrd1;Lin9;Rgcc;Hnrnpa1;Hnrnpd;Hsp90aa1;Hsp90ab1;Lox;Myc;Pak3;Pdgfb;Sphk1;Klf4;Acvrl1,0.226934,-0.148012,-0.323777,0.035165,-0.202012,-0.339137,-0.030515,0.024922,-0.119208,0.197362,-0.003066,-0.188244,0.160776
GOBP_PATTERN_RECOGNITION_RECEPTOR_SIGNALING_PATHWAY,16,Gramd4;Rftn1;Smpdl3b;Hspa1a;Hspa1b;Hspd1;Irf7;Nfkbia;Peli1;Sec14l1;Slc15a2;Tlr2;Mapkapk3;Cav1;Cd14;Nr1d1,0.226673,-0.105054,-0.37433,0.093957,-0.331727,-0.539998,-0.169189,-0.163105,-0.356109,0.022711,-0.161844,-0.383457,0.02316
GOBP_REGULATION_OF_MICROTUBULE_BASED_PROCESS,14,Rbm14;Plk2;Mapre2;Fam107a;Fkbp4;Cfap45;Trim58;Chordc1;Gnai1;Hspa1a;Hspa1b;Map1a;Stil;Fez1,0.224582,-0.219514,-0.406436,0.003662,-0.216306,-0.406032,-0.076393,-0.090109,-0.285998,0.134675,0.005068,-0.174452,0.15994
GOBP_LIPID_STORAGE,11,Stard4;Cpt1a;Cry1;Itgb3;Lpl;Nfkbia;Pnpla2;Sqle;C3;Dgat2;Cav1,0.224566,-0.101864,-0.331038,0.128579,-0.025217,-0.261285,0.168825,-0.234073,-0.415049,-0.038612,-0.009507,-0.215335,0.206467
GOBP_NEGATIVE_REGULATION_OF_CANONICAL_WNT_SIGNALING_PATHWAY,13,Ddit3;Foxo3;Frzb;Igfbp2;Igfbp6;Bmp2;Sox9;Tle1;Wnt5a;Axin2;Fzd4;Cav1;Limd1,0.223915,-0.052236,-0.277405,0.178503,-0.167934,-0.383138,0.094188,-0.276151,-0.471696,-0.113089,-0.115802,-0.275495,0.05971
GOBP_REGULATION_OF_PATTERN_RECOGNITION_RECEPTOR_SIGNALING_PATHWAY,11,Gramd4;Smpdl3b;Hspa1a;Hspa1b;Irf7;Peli1;Sec14l1;Slc15a2;Tlr2;Cav1;Nr1d1,0.220905,-0.203338,-0.50248,0.064646,-0.409624,-0.588556,-0.172154,-0.260661,-0.530488,-0.057729,-0.188719,-0.412584,-0.006327
GOBP_POSITIVE_REGULATION_OF_RNA_SPLICING,5,Cirbp;Hspa1a;Hspa8;Rbm3;Srsf5,0.220641,-0.209625,-0.552506,0.116895,-0.205654,-0.402302,-0.021087,-0.264488,-0.576772,-0.031329,-0.043847,-0.319136,0.304894
GOBP_NEGATIVE_REGULATION_OF_TRANSMEMBRANE_RECEPTOR_PROTEIN_SERINE_THREONINE_KINASE_SIGNALING_PATHWAY,19,Spry1;Spry2;Vasn;Htra4;Bambi;Hipk2;Hspa1a;Hspa5;Vwc2;Smad6;Smad7;Prdm16;Grem2;Bmp2;Rasl11b;Tgfb3;Tnfaip6;Wnt5a;Cav1,0.218083,-0.253647,-0.427015,-0.05863,-0.068753,-0.21315,0.075123,-0.219177,-0.372382,-0.072688,-0.035565,-0.165463,0.125507
GOBP_EPITHELIAL_TUBE_FORMATION,18,Cited2;Fgfr2;Mthfd1l;Gata3;Mthfr;Six4;Pfn1;Wnt4;Sema4c;Rara;Stil;Sox9;Tgfb2;Wnt5a;Irx3;Lmo4;Tcap;Kif20b,0.217182,-0.095892,-0.278191,0.083436,-0.107559,-0.270311,0.016637,-0.236967,-0.402131,-0.076675,-0.019785,-0.21496,0.147413
GOBP_CARDIAC_SEPTUM_MORPHOGENESIS,10,Cited2;Fgfr2;Hes1;Ccn1;Smad6;Smad7;Msx2;Tgfb2;Wnt5a;Dhrs3,0.215648,-0.237917,-0.498506,-0.008552,-0.022269,-0.189408,0.170491,-0.222065,-0.425462,-0.033785,-0.140567,-0.351912,0.067892
GOBP_RESPONSE_TO_BMP,25,Lefty1;Dlx5;Sulf1;Bambi;Gata3;Hipk2;Hfe;Hes1;Ccn1;Vwc2;Smad6;Smad7;Msx2;Scx;Grem2;Bmp2;Sox9;Tfap2b;Tgfb2;Tgfb3;Tnfaip6;Wnt5a;Adamts12;Acvrl1;Gdf15,0.213949,-0.015281,-0.172184,0.146546,-0.103899,-0.248213,0.020591,-0.22923,-0.379004,-0.11193,-0.131992,-0.248472,0.065473
GOBP_COLLAGEN_FIBRIL_ORGANIZATION,10,Cyp1b1;Fmod;Optc;Lox;Lum;P4ha1;Scx;Tgfb2;Col14a1;Adamts12,0.213299,-0.253716,-0.484444,-0.088808,-0.040418,-0.210155,0.159224,-0.047739,-0.266959,0.173394,-0.060528,-0.247708,0.160793
GOBP_BIOMINERALIZATION,22,Cebpb;Slc24a4;Fbln7;Fgfr2;Gpm6b;Ccn1;Lox;Mgp;Msx2;Atf4;Wnt4;Tmem38b;Tent5a;Ptgs2;Ptn;Bmp2;Slc8a1;Sox9;Tgfb3;Clec3b;Axin2;Pkdcc,0.21194,-0.171738,-0.373834,0.024861,-0.000151,-0.134766,0.124067,-0.212091,-0.362861,-0.062579,-0.067833,-0.184013,0.044837
GOBP_POSITIVE_REGULATION_OF_ENDOTHELIAL_CELL_DIFFERENTIATION,3,Btg1;Atoh8;Acvrl1,0.211513,-0.40467,-0.740194,-0.077196,-0.193157,-0.589841,0.127644,-0.286668,-0.678694,0.034961,-0.312926,-0.583894,0.015498
GOBP_REGULATION_OF_PROTEIN_MODIFICATION_BY_SMALL_PROTEIN_CONJUGATION_OR_REMOVAL,26,Spry2;Fam107a;Cry1;Rasd2;Rwdd3;Dnajb2;Dnaja1;Hspa1a;Hspa1b;Hspa5;Hsp90aa1;Hsp90ab1;Smad7;Peli1;Arrdc3;Trib3;Aimp2;Prr7;Ndfip1;Capn3;Cav1;Per2;Sphk1;Arrdc4;Herpud1;Cdc20,0.211217,-0.041777,-0.212398,0.112455,-0.252994,-0.375779,-0.12119,-0.129383,-0.255649,0.004748,-0.072286,-0.193423,0.088792
GOBP_REGULATION_OF_EPITHELIAL_CELL_DIFFERENTIATION,20,Spry1;Spry2;Cdkn2b;Cebpb;S1pr3;Plcb1;Frzb;Gata3;Hes1;Id1;Msx2;Nkx6-1;Serpine1;Errfi1;Sox9;Zfp36l1;Btg1;Atoh8;Cav1;Acvrl1,0.211176,-0.131945,-0.293695,0.029364,0.032827,-0.09114,0.176231,-0.178348,-0.330868,-0.022005,-0.106137,-0.226001,0.043349
GOBP_ANATOMICAL_STRUCTURE_MATURATION,21,Klf2;Slc24a4;Ddit3;Ereg;Foxo3;Trim58;Gata3;Hes1;Msx2;Nkx6-1;Nr4a2;Pcsk4;Ntn4;Bmp2;Tgfb2;C3;Wnt5a;Zbtb16;Adamts12;Acvrl1;Cdc25b,0.209856,0.047273,-0.149298,0.259431,-0.084649,-0.237864,0.083699,-0.162583,-0.298275,-0.023683,-0.058309,-0.224215,0.108395
GOBP_ORGANIC_HYDROXY_COMPOUND_BIOSYNTHETIC_PROCESS,25,Stard4;Dhcr24;Fdps;Gata3;Hmgcr;Hmgcs1;Hmgcs2;Idi1;Insig1;Mvd;Nr4a2;Cyp39a1;Ip6k2;Hsd17b7;Wnt4;Por;Msmo1;Bmp2;Sqle;Tgfb2;Wnt5a;Pdxk;Per2;Sphk1;Nr1d1,0.209488,-0.21904,-0.341719,-0.10095,-0.106983,-0.254528,0.051018,-0.214489,-0.380883,-0.045943,-0.009552,-0.123977,0.102309
GOBP_CELL_FATE_COMMITMENT,17,Spry2;Leo1;Fgfr2;Gata3;Hoxc10;Hes1;Id2;Ntrk3;Wnt16;Wnt4;Cyp26b1;Rara;Bmp2;Sox9;Wnt5a;Lmo4;Klf4,0.209073,-0.232236,-0.385035,-0.063054,-0.061817,-0.232639,0.093026,-0.264505,-0.435915,-0.120366,-0.055433,-0.236811,0.073522
GOBP_RESPONSE_TO_TEMPERATURE_STIMULUS,29,Dnajb4;Cirbp;Adrb1;Fos;Chordc1;Scara5;Hmgcs2;Dnaja1;Hspa1a;Hspa1b;Hsp90aa1;Hsp90ab1;Hspd1;Dnajb1;Htr1b;Htr2a;Lpl;Hsbp1l1;Nfkbia;Ier5;Ano1;Dnaja4;Tcim;Lxn;Ptgs2;Thbs1;Thra;Cd14;Bag3,0.208181,-0.218416,-0.368389,-0.058835,-0.164007,-0.272482,-0.065622,-0.164294,-0.313462,-0.021456,-0.010235,-0.129449,0.093712
GOBP_T_CELL_DIFFERENTIATION,18,Cdk6;Dusp10;Foxo3;Patz1;Gata3;Kit;Lag3;Smad7;Wnt4;Cyp26b1;Rara;Sema4a;Zfp36l1;Zfp36l2;Xbp1;Zbtb16;Prr7;Cd74,0.207338,-0.022057,-0.191835,0.148628,-0.091576,-0.273892,0.093476,-0.229395,-0.38654,-0.087067,-0.13275,-0.3097,0.047248
GOBP_CHONDROCYTE_DIFFERENTIATION,18,Arid5a;Ccn2;Chsy1;Sulf1;Smad7;Msx2;Cytl1;Por;Scx;Bmp2;Sox9;Tgfbi;Zbtb16;Adamts12;Axin2;Col27a1;Pkdcc;Acvrl1,0.207221,0.015877,-0.151405,0.175995,-0.106334,-0.248684,0.061137,-0.184228,-0.362211,-0.050999,-0.191344,-0.348635,-0.026985
GOBP_RNA_CATABOLIC_PROCESS,16,Hnrnpa0;Cirbp;Tent5b;Rbm24;Csdc2;Hnrnpd;Hspa1a;Hspa1b;Nanos1;Hnrnpm;Tent5a;Zfp36l1;Zfp36l2;Rnaseh2b;Prr5l;Axin2,0.206779,-0.194949,-0.382389,-0.0334,-0.187375,-0.345298,-0.027719,-0.189173,-0.34448,-0.002064,0.01183,-0.147031,0.212509
GOBP_REGULATION_OF_LEUKOCYTE_PROLIFERATION,13,Cdkn1a;Cebpb;Csf1;Efnb1;Lrrc32;Tnfrsf21;Hes1;Igfbp2;Pawr;Peli1;Ndfip1;Irs2;Cd74,0.202403,-0.06167,-0.259371,0.190017,-0.246877,-0.413424,-0.06221,-0.095613,-0.283128,0.098505,-0.044474,-0.242124,0.109296
GOBP_NEGATIVE_REGULATION_OF_PROTEIN_MODIFICATION_BY_SMALL_PROTEIN_CONJUGATION_OR_REMOVAL,11,Spry2;Cry1;Dnaja1;Hspa1a;Hspa1b;Smad7;Prr7;Capn3;Cav1;Per2;Cdc20,0.201957,-0.238129,-0.432132,0.010046,-0.226916,-0.471071,0.039408,-0.290973,-0.492991,-0.062041,-0.089015,-0.303017,0.152016
GOBP_REGULATION_OF_OSSIFICATION,21,Tob2;Csf1;Egr2;Chsy1;Gpm6b;Ccn1;Smad6;Smad7;Mgp;Wnt4;Tent5a;Ptn;Bmp2;Slc8a1;Sox9;Tgfb2;Tgfb3;Wnt5a;Zbtb16;Pkdcc;Dhrs3,0.201931,-0.237889,-0.391848,-0.023861,-0.035959,-0.162762,0.100733,-0.214992,-0.353521,-0.050176,-0.068465,-0.219257,0.084886
GOBP_REGULATION_OF_ENDOTHELIAL_CELL_MIGRATION,25,Plk2;Dcn;Efna1;Ets1;Patz1;Gata3;Glul;Angpt2;Rgcc;Hspb1;Itgb3;Angpt4;Pdgfb;Serpinf1;Dnaja4;Adamts9;Ptgs2;Ptn;Sema4a;Thbs1;Wnt5a;Atoh8;Sema5a;Klf4;Acvrl1,0.19797,-0.042781,-0.204671,0.134843,-0.043462,-0.18403,0.09265,-0.24075,-0.405513,-0.0971,-0.053008,-0.161091,0.076568
GOBP_TUBE_FORMATION,19,Cited2;Fgfr2;Mthfd1l;Gata3;Mthfr;Six4;Pfn1;Wnt4;Sema4c;Rara;Stil;Sox9;Tgfb2;Wnt5a;Irx3;Atoh8;Lmo4;Tcap;Kif20b,0.196941,-0.111593,-0.292607,0.061734,-0.103334,-0.265346,0.026285,-0.231101,-0.398623,-0.078865,-0.03416,-0.215036,0.131423
GOBP_KIDNEY_EPITHELIUM_DEVELOPMENT,18,Spry1;Fgfr2;Klhl3;Gata3;Klf15;Hes1;Smad6;Smad7;Myc;Pecam1;Six4;Wnt4;Rara;Bmp2;Wnk4;Sox9;Tfap2b;Irx3,0.196453,-0.185523,-0.385871,0.026197,-0.088927,-0.280432,0.111847,-0.28538,-0.466861,-0.103085,-0.118697,-0.317839,0.081823
GOBP_REGULATION_OF_EPITHELIAL_CELL_MIGRATION,33,Plk2;Mapre2;Dusp10;Dcn;Hbegf;Efna1;Ets1;Patz1;Gata3;Glul;Angpt2;Rgcc;Hspb1;Itgb3;Jun;Angpt4;Pdgfb;Serpinf1;Pfn1;Dnaja4;Adamts9;Ptgs2;Ptn;Sema4a;Sox9;Tgfb2;Thbs1;Wnt5a;Dock5;Atoh8;Sema5a;Klf4;Acvrl1,0.19548,-0.054745,-0.205404,0.075997,-0.042064,-0.181125,0.064752,-0.213117,-0.315952,-0.104606,-0.017638,-0.13302,0.07369
GOBP_HOMEOSTASIS_OF_NUMBER_OF_CELLS,22,Cdk6;Klf2;Cited2;Csf1;Tsc22d3;Ets1;Foxo3;Trim58;Gata3;Hipk2;Hspa1a;Hspa1b;Id2;Fas;Kit;Pde4b;Dock10;Sox9;Zfp36l1;Thra;Cd74;Rassf2,0.193451,-0.211881,-0.379489,-0.037501,-0.123239,-0.306322,0.050614,-0.191914,-0.317653,-0.059019,-0.01843,-0.14479,0.135991
GOBP_MYELOID_LEUKOCYTE_DIFFERENTIATION,26,Cdk6;Trib1;Cited2;Cebpb;Tob2;Csf1;Fos;Gata3;Id2;Irf7;Jun;Kit;Myc;Pf4;Tesc;Rara;Zfp36l1;Tlr2;Tnfaip6;Lrrk1;Ndfip1;Pir;Cbfa2t3;Sh3pxd2a;Cd74;Rassf2,0.192606,-0.120857,-0.300436,0.06405,-0.082009,-0.235919,0.046389,-0.231435,-0.35522,-0.091464,-0.038829,-0.186691,0.097592
GOBP_POSITIVE_REGULATION_OF_FIBROBLAST_PROLIFERATION,11,Cdk6;Cdkn1a;Ereg;Jun;Myc;Pdgfb;Pdgfc;Wnt5a;Rnaseh2b;Sphk1;Cd74,0.190792,-0.187749,-0.426575,0.066435,-0.24081,-0.485019,-0.061632,-0.057738,-0.224278,0.185074,-0.050018,-0.258263,0.242757
GOBP_SKELETAL_SYSTEM_MORPHOGENESIS,25,Cited2;Ccn2;Dlx5;Fgfr2;Chsy1;Mthfd1l;Tiparp;Insig1;Mgp;Mmp14;Msx2;Six4;Por;Cyp26b1;Rara;Scx;Hhip;Csrnp1;Sox9;Tgfb3;Thra;Axin2;Arid5b;Col27a1;Dhrs3,0.188007,-0.002044,-0.111148,0.132714,-0.083165,-0.195369,0.022958,-0.190051,-0.330793,-0.064572,-0.034018,-0.163707,0.099341
GOBP_SECONDARY_ALCOHOL_METABOLIC_PROCESS,17,Stard3;Dhcr24;Fdps;Hmgcr;Hmgcs1;Hmgcs2;Idi1;Insig1;Ldlr;Mvd;Cyp39a1;Hsd17b7;Por;Apobr;Msmo1;Sqle;Dgat2,0.184955,-0.260285,-0.414368,-0.076745,-0.07533,-0.281438,0.104301,-0.198752,-0.414261,-0.029942,-0.11076,-0.312,0.077889
GOBP_MESENCHYMAL_CELL_DIFFERENTIATION,28,Spry1;Spry2;Cited2;Ddx17;Fermt2;Vasn;Efna1;Efnb1;Fgfr2;Frzb;Bambi;Gata3;Rgcc;Hes1;Smad7;Msx2;Wnt16;Wnt4;Sema4c;Sema4a;Bmp2;Sox9;Tgfb2;Tgfb3;Wnt5a;Axin2;Sema5a;Acvrl1,0.184921,-0.028448,-0.183348,0.104626,-0.020547,-0.128351,0.106757,-0.205468,-0.358879,-0.066548,-0.095986,-0.209233,0.031318
GOBP_CONNECTIVE_TISSUE_DEVELOPMENT,37,Nampt;Arid5a;Csf1;Ccn2;Chsy1;Sulf1;Frzb;Hmgcs2;Id4;Ccn1;Snorc;Lox;Smad7;Mgp;Msx2;Pdgfb;Cytl1;Por;Arrdc3;Rara;Scx;Bmp2;Bmp3;Sox9;Tgfbi;Thra;Timp1;Wnt5a;Xbp1;Zbtb16;Adamts12;Axin2;Arid5b;Dgat2;Col27a1;Pkdcc;Acvrl1,0.180173,0.002929,-0.125367,0.126267,-0.112065,-0.240879,-0.001285,-0.145401,-0.25978,-0.024445,-0.177243,-0.291975,-0.061129
GOBP_REGULATION_OF_PROTEIN_BINDING,21,Cdkn1a;Efhb;Xirp1;Epb41;Bambi;Hipk2;Hfe;Dnajb2;Hsp90ab1;Id1;Ide;Itga4;Lox;Pdgfb;Trib3;Bdnf;Grem2;Bmp2;Caprin2;Wnt5a;Cav1,0.179592,-0.216561,-0.405458,-0.031173,-0.104402,-0.263544,0.059633,-0.036969,-0.181309,0.160668,-0.113709,-0.240244,0.014606
GOBP_ENDOTHELIAL_CELL_MIGRATION,30,Plk2;Cyp1b1;Dcn;Efna1;Vstm4;Ets1;Patz1;Gata3;Glul;Angpt2;Rgcc;Nr4a1;Hspb1;Id1;Itgb3;Angpt4;Pdgfb;Serpinf1;Dnaja4;Adamts9;Ptgs2;Ptn;Sema4a;Thbs1;Wnt5a;Atoh8;Pik3r3;Sema5a;Klf4;Acvrl1,0.178904,-0.040014,-0.187539,0.11792,-0.035444,-0.161602,0.07704,-0.214348,-0.364384,-0.050473,-0.045307,-0.150462,0.058188
GOBP_FIBROBLAST_PROLIFERATION,13,Cdk6;Cdkn1a;Ifi30;Ereg;Jun;Myc;Pawr;Pdgfb;Pdgfc;Wnt5a;Rnaseh2b;Sphk1;Cd74,0.178416,-0.127644,-0.35544,0.09076,-0.194749,-0.372795,-0.025842,-0.017678,-0.173265,0.210762,-0.016333,-0.218605,0.196139
GOBP_EPITHELIAL_TO_MESENCHYMAL_TRANSITION,21,Spry1;Spry2;Ddx17;Fermt2;Vasn;Efna1;Fgfr2;Bambi;Gata3;Rgcc;Smad7;Msx2;Wnt16;Wnt4;Bmp2;Sox9;Tgfb2;Tgfb3;Wnt5a;Axin2;Acvrl1,0.176382,-0.029088,-0.198034,0.157927,-0.037154,-0.155796,0.107457,-0.20547,-0.38271,-0.043538,-0.06596,-0.219937,0.094308
GOBP_REGULATION_OF_NEURON_DIFFERENTIATION,15,Dpysl2;Foxo3;Hes1;Id2;Id4;Vwc2;Nkx6-1;Rara;Bdnf;Bmp2;Sox9;Irx3;Gdpd5;Socs2;Fez1,0.16914,-0.106945,-0.297281,0.086935,-0.081372,-0.245736,0.05367,-0.250512,-0.435538,-0.107417,-0.134949,-0.313723,0.030205
GOBP_REGULATION_OF_OSTEOBLAST_DIFFERENTIATION,22,Cdk6;Cebpb;Cebpd;Fermt2;Twist2;Fgfr2;Bambi;Id3;Igfbp5;Ccn1;Smad6;Msx2;Atf4;Wnt4;Tent5a;Smoc1;Bmp2;Sox9;Tnfaip6;Axin2;Limd1;Rassf2,0.167828,-0.179102,-0.320473,-0.028683,-0.06514,-0.219751,0.075372,-0.232968,-0.369194,-0.094033,-0.077936,-0.22311,0.102585
GOBP_RESPIRATORY_SYSTEM_DEVELOPMENT,26,Spry1;Spry2;Klf2;Ccn2;Dlx5;Fgfr2;Foxf1;Hmgcs2;Hes1;Igfbp5;Lox;Mme;Mmp14;Six4;Errfi1;Tmem38b;Rara;Hhip;Sox9;Tgfb3;Thra;Wnt5a;Aimp2;Crispld2;Pkdcc;Myocd,0.161747,-0.052974,-0.204579,0.109277,-0.047153,-0.159956,0.082999,-0.166918,-0.291604,-0.050333,-0.005171,-0.127416,0.120052
GOBP_POSITIVE_REGULATION_OF_HEMOPOIESIS,16,Trib1;Dusp10;Csf1;Foxo3;Fos;Gata3;Id2;Il15ra;Mmp14;Pf4;Tesc;Rara;Zfp36l1;Xbp1;Zbtb16;Cd74,0.159754,-0.049678,-0.271999,0.190937,-0.10247,-0.240827,0.053181,-0.209433,-0.384548,-0.053917,-0.059624,-0.23366,0.121708
GOBP_FAT_CELL_DIFFERENTIATION,43,Cebpb;Cebpd;Fermt2;Ccdc85b;Dusp10;Lrg1;Adrb1;Ddit3;Ccdc71l;Egr2;Fabp3;Plcb1;Frzb;Gata3;Grk5;Trib2;Nr4a1;Hes1;Htr2a;Id2;Id4;Inhbb;Insig1;Lpl;Arntl;Smad6;Msx2;Nr4a2;Ptgs2;Trib3;Rgs2;Prdm16;Bmp2;Zfp36l1;Zfp36l2;Tfap2b;Wnt5a;Xbp1;Zbtb16;Arid5b;Per2;Klf4;Nr1d1,0.158302,-0.033844,-0.142539,0.072468,-0.086847,-0.200156,0.052188,-0.192146,-0.299285,-0.095729,-0.053053,-0.140912,0.041184
GOBP_REGULATION_OF_MAP_KINASE_ACTIVITY,22,Trib1;Spry1;Spry2;Dusp10;Dusp1;Trib2;Hmgcr;Dnaja1;Htr2a;Kit;Ntrk3;Pdgfb;Lax1;Pdgfc;Trib3;Rgs2;Bmp2;Thbs1;Wnt5a;Dusp16;Fzd4;Cav1,0.157489,-0.184133,-0.341386,-0.048734,-0.026644,-0.165055,0.111805,-0.059323,-0.202517,0.102948,-0.046544,-0.183891,0.092749
GOBP_OSTEOBLAST_DIFFERENTIATION,31,Cdk6;Cebpb;Cebpd;Fermt2;Twist2;Vcan;Dlx5;Fgfr2;Fhl2;Bambi;Tnc;Id3;Id4;Igfbp5;Ccn1;Lox;Smad6;Msx2;Atf4;Penk;Wnt4;Tent5a;Smoc1;Bmp2;Bmp3;Sox9;Tnfaip6;Axin2;Limd1;Creb3l1;Rassf2,0.151285,-0.096265,-0.218501,0.023698,-0.041512,-0.152582,0.084846,-0.192797,-0.343854,-0.077431,-0.059946,-0.178914,0.078892
GOBP_POSITIVE_REGULATION_OF_DNA_BINDING_TRANSCRIPTION_FACTOR_ACTIVITY,22,Rhebl1;Abra;Ddit3;Rgcc;Hipk2;Hspa1a;Hspa1b;Kit;Ndp;Nkx3-1;Nkx6-1;Cytl1;Bmp2;Tlr2;Wnt5a;Capn3;Fzd4;Arid5b;Cav1;Sphk1;Myocd;Clock,0.150752,-0.111073,-0.295076,0.055292,-0.036965,-0.173317,0.124644,-0.187717,-0.343625,-0.055453,-0.05571,-0.198514,0.081715
GOBP_REGULATION_OF_FAT_CELL_DIFFERENTIATION,26,Cebpb;Fermt2;Ccdc85b;Dusp10;Ddit3;Ccdc71l;Frzb;Gata3;Trib2;Hes1;Htr2a;Id2;Id4;Insig1;Lpl;Arntl;Msx2;Ptgs2;Trib3;Bmp2;Zfp36l1;Zfp36l2;Wnt5a;Xbp1;Zbtb16;Nr1d1,0.148449,-0.028762,-0.181001,0.117818,-0.069394,-0.21014,0.0885,-0.177211,-0.299743,-0.050802,-0.124135,-0.242847,-0.014139
GOBP_STEROL_METABOLIC_PROCESS,19,Stard3;Cyp1b1;Dhcr24;Fdps;Hmgcr;Hmgcs1;Hmgcs2;Idi1;Insig1;Ldlr;Mvd;Cyp39a1;Hsd17b7;Por;Apobr;Cyp26b1;Msmo1;Sqle;Dgat2,0.146036,-0.229737,-0.391158,-0.072068,-0.083701,-0.274883,0.079221,-0.173692,-0.360039,-0.023079,-0.114131,-0.288419,0.068722
GOBP_RESPONSE_TO_TUMOR_NECROSIS_FACTOR,23,Klf2;Cyp1b1;Foxo3;Gata3;Ankrd1;Tnfrsf21;Hes1;Hspa1a;Hspa1b;Fas;Krt18;Nfkbia;Nkx3-1;Ptgs2;Zfp36l1;Zfp36l2;Thbs1;Adamts12;Plvap;Sphk1;Nol3;Cd14;Nr1d1,0.145967,-0.19532,-0.391239,-0.0084,-0.212279,-0.342339,-0.056751,-0.09919,-0.240625,0.02845,-0.066311,-0.23154,0.067113
GOBP_CIRCADIAN_RHYTHM,27,Nampt;Cry1;Ciart;Sik1;Adrb1;Dbp;Fbxl22;Hnrnpd;Id1;Id2;Id3;Id4;Kcna2;Arntl;Atf4;Nfil3;Npas2;Per1;Klf9;Bhlhe41;Bhlhe40;Per3;Per2;Usp2;Nr1d1;Clock;Nr1d2,0.144733,-0.082587,-0.243191,0.053398,-0.125835,-0.272431,-0.010896,-0.032456,-0.159812,0.094676,0.018898,-0.132538,0.126007
GOBP_RESPONSE_TO_NUTRIENT,15,Cdkn2b;Cyp1b1;Nqo1;Hmgcs2;Igfbp2;Lpl;Mthfr;Penk;Por;Cyp26b1;Ptgs2;Rara;Slc8a1;Xbp1;Stc2,0.142326,-0.031826,-0.188268,0.14261,-0.174151,-0.356613,-0.005851,-0.135387,-0.306464,0.087893,-0.13097,-0.329274,0.076595
GOBP_INTRINSIC_APOPTOTIC_SIGNALING_PATHWAY,26,Cdkn1a;Cebpb;Hyou1;Arl6ip5;Serinc3;Cyp1b1;Ddit3;Hipk2;Dnaja1;Hspa1a;Hspb1;Myc;Atf4;Nkx3-1;Plaur;Parl;Prodh;Ptgs2;Trib3;Xbp1;Chac1;Cav1;Nol3;Creb3l1;Herpud1;Cd74,0.142127,-0.221933,-0.357746,-0.054386,-0.182568,-0.308778,-0.028743,-0.142341,-0.264185,-0.016246,-0.079806,-0.221942,0.033776
GOBP_CELLULAR_RESPONSE_TO_STEROID_HORMONE_STIMULUS,24,Ddx17;Fam107a;Cry1;Cyp1b1;Fkbp4;Foxo3;Npas4;Hmgcs2;Hspa1a;Hspa1b;Hspa8;Arntl;Nkx3-1;Serpinf1;Per1;Errfi1;Sgk1;Zfp36l1;Zfp36l2;Klf9;Tfap4;Lbh;Nr1d1;Clock,0.141202,-0.185492,-0.344235,-0.016523,-0.044291,-0.179018,0.078255,-0.146209,-0.306518,-0.020352,-0.048094,-0.180839,0.094297
GOBP_HEART_MORPHOGENESIS,36,Spry1;Cited2;Lefty1;Bbs5;Efna1;Eln;Fgfr2;Fhl2;Foxf1;Gata3;Ankrd1;Hes1;Ccn1;Jun;Ly6e;Smad6;Smad7;Msx2;Npy1r;Wnt16;Asb2;Stil;Bmp2;Sox9;Tgfb2;Tgfb3;Tnnc1;Tnni3;Tnnt2;Wnt5a;Synpo2l;Axin2;Tcap;Dhrs3;Acvrl1;Adamts1,0.103994,-0.098562,-0.233118,0.041866,-0.074437,-0.18281,0.039489,-0.177283,-0.314307,-0.041697,-0.07329,-0.190053,0.044148
GOBP_NEGATIVE_REGULATION_OF_CELL_GROWTH,21,Cdkn1a;Cdkn2c;Ccdc85b;Cryab;Frzb;Sertad3;Osgin1;Dnajb2;Hspa1a;Hspa1b;Ip6k2;Sema4c;Rgs2;Sema4a;Caprin2;Btg1;Tgfb2;Tnr;Wnt5a;Sema5a;Acvrl1,0.103162,-0.201476,-0.352103,-0.047227,-0.098314,-0.257216,0.048472,-0.188635,-0.333393,-0.024164,-0.119371,-0.27861,0.042947
GOBP_REGULATION_OF_MYELOID_CELL_DIFFERENTIATION,27,Cdk6;Trib1;Cebpb;Tob2;Leo1;Csf1;Ets1;Mturn;Foxo3;Fos;Hmgb3;Hspa1a;Hspa1b;Id2;Irf7;Lox;Myc;Nfkbia;Pf4;Tesc;Rara;Zfp36l1;Tnfaip6;Zbtb16;Ndfip1;Cd74;Rassf2,0.099635,-0.167362,-0.325486,0.020299,-0.178367,-0.319619,-0.059294,-0.12986,-0.26684,-0.007671,-0.078733,-0.186461,0.047492
GOBP_NEGATIVE_REGULATION_OF_GROWTH,28,Cdkn1a;Cdkn2c;Cited2;Ccdc85b;Dusp10;Cryab;Adrb1;Frzb;Sertad3;Osgin1;Dnajb2;Hspa1a;Hspa1b;Igfbp5;Ip6k2;Sema4c;Rgs2;Sema4a;Caprin2;Btg1;Tgfb2;Tnr;Wnt5a;Stc2;Socs2;Sema5a;Acvrl1;Gdf15,0.083205,-0.146835,-0.28241,-0.01689,-0.116141,-0.242455,0.019926,-0.192271,-0.33837,-0.038809,-0.109067,-0.24369,0.030703
GOBP_POSITIVE_REGULATION_OF_LEUKOCYTE_CELL_CELL_ADHESION,15,Hsph1;Dusp10;Efnb1;Ets1;Foxo3;Gata3;Hes1;Hspd1;Igfbp2;Itga4;Rara;Xbp1;Zbtb16;Cav1;Cd74,0.07726,-0.126527,-0.337244,0.087883,-0.188064,-0.333627,-0.025071,-0.203787,-0.359208,-0.033377,-0.13841,-0.30367,0.037409
GOBP_REGULATION_OF_TRANSMEMBRANE_RECEPTOR_PROTEIN_SERINE_THREONINE_KINASE_SIGNALING_PATHWAY,38,Spry1;Spry2;Cdkn2b;Cited2;Lefty1;Vasn;Lrg1;Htra4;Sulf1;Bambi;Hipk2;Hfe;Hes1;Hspa1a;Hspa5;Hsp90ab1;Ccn1;Inhbb;Vwc2;Lox;Smad6;Smad7;Msx2;Prdm16;Grem2;Bmp2;Bmp3;Rasl11b;Tfap2b;Tgfb2;Tgfb3;Thbs1;Tnfaip6;Wnt5a;Cav1;Myocd;Acvrl1;Gdf15,0.077162,-0.135506,-0.269243,-0.011306,-0.067423,-0.17932,0.028973,-0.144585,-0.250127,-0.048985,-0.094934,-0.213173,0.033162
