gene	log_min	log_max
Tctn2	-13.434407	-9.980528999999999
Afap1l1	-18.603857	-15.14998
Ccnf	-17.069927	-13.616048999999999
Hist1h2bb	-16.004541	-12.550663
Scn9a	-21.001753	-17.547876000000002
Rac2	-18.362696	-14.908818
Cdkn1a	-11.454083	-8.000205000000001
Rab33a	-15.516956	-12.063077999999999
4933408B17Rik	-15.640460999999998	-12.186583
Zdhhc20	-11.699107000000001	-8.245229
Magix	-18.436804000000002	-14.982926
Rbm43	-13.129298	-9.675419999999999
1700047M11Rik	-19.392315	-15.938437
Blvra	-12.300906	-8.847028
Pisd	-13.503437	-10.049559
Clip4	-12.38925	-8.935371
Abat	-12.21438	-8.760502
Camk1d	-14.307191	-10.8533125
Ceacam1	-19.209993	-15.756116
Syngr1	-18.516845999999997	-15.062968
Mbtps2	-13.344942999999999	-9.891065
Gna14	-15.958328	-12.50445
Cox6a1	-9.797815	-6.343937400000001
Eif3j2	-14.06833	-10.614450999999999
Mrps16	-11.176228	-7.7223496
Chchd4	-12.756369	-9.302489999999999
Tcaf1	-11.133375	-7.679497200000001
Gm12031	-18.00602	-14.552142000000002
Pfdn1	-10.479546000000001	-7.0256677
BC048559	-19.903141	-16.449265
Zfp622	-12.285381	-8.831503
Frs3	-14.803273999999998	-11.349396
Runx1	-14.4694195	-11.015541
Prox2os	-17.031462	-13.577582999999999
Ago4	-13.830096	-10.376218
A830008E24Rik	-19.903141	-16.449265
Gpatch2l	-13.140797000000001	-9.686917999999999
Tatdn3	-13.258918	-9.805039
Polr2m	-10.82992	-7.376042
Pik3ap1	-20.308605	-16.854729000000003
Gm46123	-19.392315	-15.938437
Adrb3	-19.209993	-15.756116
Tram1l1	-15.945507999999998	-12.49163
Extl1	-17.288180999999998	-13.834303
Plppr3	-18.603857	-15.14998
Klf6	-9.713435	-6.2595572
Gm16685	-21.001753	-17.547876000000002
4930444A19Rik	-20.308605	-16.854729000000003
Bckdha	-11.950409	-8.496531
Tmsb15b2	-13.261089000000002	-9.807211
Nrn1	-14.511029999999998	-11.057152
Adamts16	-21.001753	-17.547876000000002
Gjd4	-21.001753	-17.547876000000002
Atg9a	-12.675962	-9.222083999999999
Bhlhe41	-12.337866	-8.883987
Lpl	-12.498456	-9.044578
Gm46430	-13.775544	-10.321666
Khdc4	-12.576675	-9.122797
Gm26632	-12.103251	-8.649372999999999
Alms1	-13.303723999999999	-9.849846000000001
Rrp36	-12.852441	-9.398562
Plrg1	-12.832134	-9.378256
Fbxo27	-14.30843	-10.854550999999999
Samd1	-13.149703	-9.695825
Dkkl1	-21.001753	-17.547876000000002
Rnf149	-13.532098999999999	-10.07822
Ache	-16.045925	-12.592048
Rbp4	-9.56546	-6.1115828
Gm33195	-18.436804000000002	-14.982926
Man2a1	-11.880572	-8.426694
Pip4p1	-12.330124	-8.8762455
C330018D20Rik	-14.014263	-10.560385
Gm44956	-18.603857	-15.14998
Ube2w	-11.976297	-8.522419000000001
Anks1b	-17.91071	-14.456832
Dock4	-14.116242999999999	-10.662365
Rln1	-21.001753	-17.547876000000002
Kcnc2	-19.903141	-16.449265
Zfp623	-14.168721	-10.714843
Stub1	-10.547431	-7.093553
Rprd1b	-12.134466999999999	-8.680589
Rassf4	-13.442194	-9.988316000000001
Bcas1	-17.264084	-13.810204999999998
Cox6a2	-21.001753	-17.547876000000002
Odr4	-11.463982000000001	-8.010102999999999
Adcy6	-12.230538000000001	-8.776660000000001
Akr1b10	-13.267632500000001	-9.813754
Gm38563	-18.922311999999998	-15.468434
1810026B05Rik	-11.517044	-8.063166
Vav3	-13.287522000000001	-9.833644
Mcee	-11.416545	-7.962667
Inpp5k	-12.71347	-9.259592
4930467E23Rik	-21.001753	-17.547876000000002
Tchh	-20.308605	-16.854729000000003
2900079G21Rik	-21.001753	-17.547876000000002
Gm8206	-21.001753	-17.547876000000002
Poglut3	-11.556578	-8.102699000000001
Slc35b2	-12.274623	-8.8207445
Mrps10	-12.795169999999999	-9.341291
Coq4	-13.234913	-9.781034
Gm27168	-21.001753	-17.547876000000002
Bmp8a	-19.615458	-16.161580999999998
Shc2	-15.331872	-11.877994000000001
Dedd	-12.859399	-9.40552
Mindy3	-11.822594	-8.368715
Ttc39a	-16.874619	-13.420739999999999
Peak1os	-19.615458	-16.161580999999998
Sh2b1	-12.833267	-9.379389
4831440D22Rik	-17.338192000000003	-13.884314000000002
Arfip2	-12.310439	-8.856561
Gm30082	-16.782246	-13.328367000000002
Coch	-16.319622	-12.865744
Tpo	-18.111382	-14.657504000000001
Omd	-12.394354	-8.940475
Smg8	-13.540688000000001	-10.086808999999999
Plet1	-19.903141	-16.449265
Zc3hc1	-13.0929985	-9.63912
Hmces	-13.25675	-9.802872
Zc3h10	-13.362592000000001	-9.908713
Tcea3	-11.040374	-7.586496
Heatr1	-13.417997	-9.964119
Agpat1	-12.917808	-9.463928999999998
Cdt1	-15.836967000000001	-12.383089
Txndc16	-12.818077	-9.364199000000001
Dcdc2a	-21.001753	-17.547876000000002
Meox2	-15.698448	-12.24457
Oip5	-16.9764	-13.522523000000001
Gm35326	-21.001753	-17.547876000000002
Ubp1	-11.552711500000001	-8.098833
Osbpl8	-12.362343	-8.908464
Hcrtr1	-18.436804000000002	-14.982926
Derl2	-11.987428	-8.533549
Amhr2	-17.866259	-14.412381
Klra2	-18.922311999999998	-15.468434
Gm42696	-17.338192000000003	-13.884314000000002
Sppl2b	-13.206517999999999	-9.75264
Tg	-15.472323999999999	-12.018446
Pfn1	-8.751013	-5.297135400000001
Disp1	-14.351474	-10.897594999999999
Nfib	-9.4730625	-6.0191846
Pyroxd2	-17.364166	-13.910289
Gm5617	-12.724086999999999	-9.270208
Mdm1	-15.274904999999999	-11.821027
Mfsd14a	-12.089549	-8.635671
Gm2895	-19.903141	-16.449265
Ccdc169	-17.050507999999997	-13.596631
Lpin2	-13.671349	-10.21747
Ifi204	-17.866259	-14.412381
Pidd1	-16.941309	-13.487432
Fut4	-16.890879	-13.437001
Polr2c	-10.919576	-7.465698
Sirt5	-13.253725	-9.799847
Atf7ip2	-18.922311999999998	-15.468434
Pcdhga10	-14.532503	-11.078625
4930595D18Rik	-21.001753	-17.547876000000002
Gm39244	-20.308605	-16.854729000000003
Hoxb4	-12.621526	-9.167647
Pla2g4e	-16.004541	-12.550663
Gpt	-15.30131	-11.847431
Gm13920	-18.516845999999997	-15.062968
Ltb4r2	-17.634457	-14.180579000000002
Peg10	-15.110109	-11.656231
Iscu	-10.248564	-6.7946860000000004
Ctsf	-11.523831	-8.069953
Prrx1	-10.867272999999999	-7.4133954
Zswim7	-13.165382999999999	-9.711505
Trpv4	-18.111382	-14.657504000000001
1810058I24Rik	-10.717025	-7.263147
Gm14305	-13.535525	-10.081647
Cd5	-16.547404999999998	-13.093528
Phgdh	-12.752178	-9.2983
Mon2	-11.712417	-8.258538
1700003M07Rik	-20.308605	-16.854729000000003
Gm13822	-21.001753	-17.547876000000002
Rad9b	-15.152429000000001	-11.69855
Wfdc3	-17.446405	-13.992526999999999
Cln6	-13.765414000000002	-10.311536
Rela	-11.679246000000001	-8.225368
Gm38410	-21.001753	-17.547876000000002
Ube3a	-10.585832	-7.1319536999999995
Aldh9a1	-13.025501	-9.571622999999999
Gm34866	-18.362696	-14.908818
Cfap300	-16.547404999999998	-13.093528
Slc25a19	-12.890426	-9.436547000000001
Mmp21	-21.001753	-17.547876000000002
Zfp992	-13.482603	-10.028725
Cenps	-16.096478	-12.6426
3110070M22Rik	-14.200470000000001	-10.746592
Erbb4	-13.445848000000002	-9.99197
Smarcc2	-11.465207000000001	-8.011329
S100a2	-17.446405	-13.992526999999999
Them6	-14.670252	-11.216372999999999
Jade3	-15.064217999999999	-11.610339
Naalad2	-14.10203	-10.648150999999999
Psme2	-11.296046	-7.842168300000001
Ccdc149	-13.618385	-10.164507
Gm6133	-15.576803	-12.122925
Pmepa1	-8.673719	-5.219842
Enpp3	-14.621630999999999	-11.167752
Tbca	-10.311900999999999	-6.858022999999999
Ppdpf	-11.528126	-8.074247
Ap1s1	-11.88298	-8.429102
Gm42477	-21.001753	-17.547876000000002
Kifc2	-14.691835000000001	-11.237957000000002
5033406O09Rik	-19.615458	-16.161580999999998
2410018L13Rik	-16.684265	-13.230387
Vrk2	-13.397855999999999	-9.943977
Incenp	-14.265973	-10.812095
Fjx1	-11.714174	-8.260296
Ndufa5	-10.032573	-6.578695
Ehhadh	-14.675604000000002	-11.221725
Msr1	-19.903141	-16.449265
Hist1h3i	-17.446405	-13.992526999999999
Pafah1b3	-14.830051999999998	-11.376174
Tex2	-13.098896	-9.645017999999999
Rad18	-14.357964	-10.904085
4930517E14Rik	-16.37678	-12.922902
Tnmd	-16.458458	-13.0045805
Pwp2	-14.075176	-10.621298
Thoc1	-12.017686999999999	-8.563808
Ranbp9	-12.107083	-8.653205
Mocs2	-11.872297	-8.418419
Zap70	-19.615458	-16.161580999999998
A930024E05Rik	-17.288180999999998	-13.834303
Dnaaf2	-13.375182999999998	-9.921305
Arid5a	-11.501883	-8.048003999999999
Gm13066	-20.308605	-16.854729000000003
Dut	-11.83286	-8.378982
Srek1ip1	-11.999914	-8.546036
Gcsam	-21.001753	-17.547876000000002
Itm2b	-8.813575	-5.359697
Pdk4	-13.378112	-9.924233000000001
Eps8	-15.854258999999999	-12.40038
Gm4651	-17.634457	-14.180579000000002
Pcdhb7	-15.842698	-12.388819999999999
Atpaf2	-13.278633	-9.824755
Cds2	-11.213845	-7.7599673
Slc38a4	-16.84287	-13.388992000000002
Gm21917	-17.418233999999998	-13.964356
Tex10	-12.843523	-9.389645
Satb2	-16.292223	-12.838345
Nek9	-11.373624000000001	-7.919746000000001
Exd1	-16.437405	-12.983527
9130019P16Rik	-15.268413	-11.814534
Mocos	-14.866188000000001	-11.41231
Slc38a5	-20.308605	-16.854729000000003
A230103J11Rik	-19.392315	-15.938437
Nr2f1	-13.450041	-9.996162
Usb1	-13.904204	-10.450325999999999
Clec3b	-13.620873999999999	-10.166996000000001
Gm10366	-18.229164	-14.775286999999999
Nup93	-12.903414999999999	-9.449536
Zfp990	-19.209993	-15.756116
2410002F23Rik	-12.942793	-9.4889145
Fscn1	-18.00602	-14.552142000000002
Rep15	-14.892506	-11.438627
Gm15738	-17.130551999999998	-13.676673999999998
Arl4aos	-16.9764	-13.522523000000001
Asmt	-21.001753	-17.547876000000002
Fndc1	-15.860089000000002	-12.406211
Cenpx	-11.143943	-7.690065
Mir99ahg	-12.228369	-8.77449
Ahsa2	-11.725906	-8.272028
Trim36	-13.729354999999998	-10.275476
Sh2d6	-18.516845999999997	-15.062968
Ppp3cb	-11.357619	-7.9037414
Slc33a1	-12.569682	-9.115803999999999
Pla2g2e	-19.615458	-16.161580999999998
Gm17089	-19.903141	-16.449265
Mgme1	-13.4114065	-9.957528
4931431C16Rik	-19.392315	-15.938437
Zfp53	-13.599912	-10.146033000000001
Trat1	-19.209993	-15.756116
Gm43434	-20.308605	-16.854729000000003
Pilra	-21.001753	-17.547876000000002
Alx4	-16.684265	-13.230387
Crtc3	-10.682817	-7.2289395
Sipa1l3	-13.744045000000002	-10.290167
Mturn	-13.217279999999999	-9.763402000000001
Myh1	-21.001753	-17.547876000000002
Sorbs2os	-17.669548000000002	-14.215670999999999
Hivep3	-12.905545	-9.451667
Jph1	-13.340226000000001	-9.886348
Gm36745	-19.392315	-15.938437
Bin3	-13.629635	-10.175756
Rbm11	-16.99442	-13.540542000000002
2310081O03Rik	-21.001753	-17.547876000000002
Gm6277	-14.055739	-10.601861
Gm12678	-19.392315	-15.938437
Lin52	-13.440110999999998	-9.986233
Caml	-12.19518	-8.741302000000001
Auh	-11.748641000000001	-8.294763
Alox5	-19.615458	-16.161580999999998
Zc3h12a	-13.974439000000002	-10.520560000000001
Abi3	-14.178467000000001	-10.724588
Gipc3	-14.562403	-11.108524000000001
Tfap2e	-19.615458	-16.161580999999998
Ptpn20	-20.308605	-16.854729000000003
Ccdc138	-14.203813	-10.749934
Ccl17	-19.615458	-16.161580999999998
A530046M15Rik	-14.452103	-10.998224
Lrrc7	-15.52529	-12.071411
Gm15556	-20.308605	-16.854729000000003
Hipk4	-16.173439000000002	-12.719562
Eif3k	-10.111945	-6.658067
Shmt1	-17.782877	-14.3289995
D630029K05Rik	-20.308605	-16.854729000000003
Itm2a	-14.892506	-11.438627
Mcf2l	-18.057314	-14.603435999999999
Gm12981	-16.437405	-12.983527
Tesc	-13.156338	-9.702459
Lrrc18	-16.858618	-13.404739999999999
Phtf1os	-16.427042	-12.973164
Ccne1	-16.038908	-12.585030999999999
Tmem248	-12.112859	-8.65898
Fate1	-19.903141	-16.449265
Ier5	-11.3328495	-7.8789716
Gm36486	-18.922311999999998	-15.468434
Trdmt1	-13.474498	-10.020619
Gm31693	-17.669548000000002	-14.215670999999999
Snx7	-12.339595	-8.885716
Gm44549	-18.922311999999998	-15.468434
Zfp512	-12.88713	-9.433251
Metap1d	-13.133882	-9.680003
Mast3	-14.011497	-10.557618
Saysd1	-12.007954	-8.554075
Gm36445	-16.038908	-12.585030999999999
Limk1	-15.52529	-12.071411
4833415N18Rik	-14.397809	-10.943931
Ezh1	-12.273004	-8.819125
Ccl27a	-12.012184	-8.558306
Map9	-13.637205999999999	-10.183328
Gm46440	-16.283255	-12.829376
Jazf1	-13.910010999999999	-10.456133
Il1b	-17.173111	-13.7192335
E130308A19Rik	-14.204929000000002	-10.751051
4932438A13Rik	-11.406151	-7.952273
Gm15856	-19.209993	-15.756116
Ccdc170	-18.436804000000002	-14.982926
Vmn2r4	-19.615458	-16.161580999999998
Retsat	-13.679243	-10.225365
2310068J16Rik	-14.935645000000001	-11.481767
Anapc10	-12.51998	-9.066102
Mrpl54	-11.062657000000002	-7.608779400000001
Rnasel	-16.657948	-13.204069
Fcgbp	-21.001753	-17.547876000000002
Orc4	-11.968031	-8.514153
E130101E03Rik	-18.111382	-14.657504000000001
Smc1a	-10.670941000000001	-7.217063400000001
Taf9	-16.479965	-13.026087
Ammecr1l	-12.641448	-9.18757
Gm15287	-18.804527	-15.35065
Mcts2	-13.121326999999999	-9.667449000000001
Entpd6	-14.518645999999999	-11.064767999999999
Appbp2os	-17.240553	-13.7866745
D830044D21Rik	-19.615458	-16.161580999999998
Nipsnap1	-13.588989000000002	-10.135111
Zcchc9	-11.773671	-8.319792999999999
Stox1	-17.364166	-13.910289
Apof	-21.001753	-17.547876000000002
Map2k4	-12.267515	-8.813637
Dync1i1	-18.804527	-15.35065
Cdk12	-11.595188	-8.14131
Pcolce2	-10.65358	-7.199702
Mdp1	-12.298911	-8.845033
Gm16098	-18.922311999999998	-15.468434
Gm32569	-20.308605	-16.854729000000003
Gm13012	-21.001753	-17.547876000000002
Mmp19	-17.364166	-13.910289
Psmc2	-10.857596000000001	-7.4037185
Pcdhb8	-17.031462	-13.577582999999999
Utp25	-13.492417999999999	-10.03854
E330017L17Rik	-21.001753	-17.547876000000002
Olfr620	-21.001753	-17.547876000000002
Dhrs4	-11.870564	-8.416686
Apbb3	-13.485320000000002	-10.031442
Pygb	-11.612848	-8.15897
Ifrd2	-12.676447	-9.2225685
Tulp3	-13.238732	-9.784854
Slc16a2	-13.0414295	-9.587551
S100g	-19.392315	-15.938437
Gm29055	-15.831269	-12.377391000000001
Pak3	-13.810324	-10.356444999999999
Tmem106c	-13.289757	-9.835878
Snrnp27	-10.650859	-7.196981
Cops7a	-12.019067	-8.565188000000001
Abcb7	-13.392882	-9.939003999999999
Yipf5	-11.244216999999999	-7.790339
Gm49891	-20.308605	-16.854729000000003
Gm16172	-19.055841	-15.601964
9330151L19Rik	-14.585021	-11.131143
Pdlim3	-9.563207	-6.109328700000001
Gm30127	-19.903141	-16.449265
Zfp850	-15.352779	-11.898900999999999
Fopnl	-12.347585	-8.893706
Casp1	-18.057314	-14.603435999999999
Pex2	-12.58438	-9.130502
Hnrnpdl	-10.663953999999999	-7.210075999999999
Catspere1	-21.001753	-17.547876000000002
Ube3b	-12.876714999999999	-9.422836
Tmem263	-11.841654	-8.387775
Ciart	-13.915852	-10.461973
Gm35060	-21.001753	-17.547876000000002
Zfp141	-14.275520000000002	-10.821642
Gm30239	-19.209993	-15.756116
Mrrf	-12.812786000000001	-9.358908
Zfp707	-12.616493	-9.162614999999999
1810019N24Rik	-17.743656	-14.289779000000001
Rb1	-12.363936	-8.910058
Pcsk1n	-18.293703	-14.839826
Bst2	-11.948067	-8.494188000000001
Mlec	-11.309852000000001	-7.855973700000001
Pex6	-12.911351	-9.457473
Mapt	-14.630141	-11.176263
Gm12676	-15.568031	-12.114153
Gm26685	-18.229164	-14.775286999999999
Ptcd3	-12.859982	-9.406103
5033428I22Rik	-14.375035	-10.921157000000001
Gad2	-19.615458	-16.161580999999998
Gm44570	-21.001753	-17.547876000000002
Cers5	-11.875012	-8.421134
Ccdc114	-14.544984	-11.091105
Uchl3	-12.765333	-9.311455
Ddx19a	-12.874939999999999	-9.4210615
Gm34150	-18.057314	-14.603435999999999
Spin2c	-17.08973	-13.635851999999998
Trim56	-11.959949499999999	-8.506071
1700010B13Rik	-18.804527	-15.35065
Hhipl2	-18.362696	-14.908818
1700034P13Rik	-18.111382	-14.657504000000001
Kti12	-13.413936999999999	-9.960058
Foxr1	-19.903141	-16.449265
Gltpd2	-19.615458	-16.161580999999998
Celf4	-15.359846	-11.905968
Trabd2b	-11.253751	-7.799873
L1cam	-17.705915	-14.252038
Tprkb	-12.814733	-9.360854
Rims4	-20.308605	-16.854729000000003
Sox5	-12.400219	-8.946341
Gm16235	-21.001753	-17.547876000000002
Clip1	-10.589402	-7.1355243
Gm44899	-16.697687	-13.24381
Gm2447	-17.264084	-13.810204999999998
Ankrd6	-17.866259	-14.412381
Tlcd1	-13.302817000000001	-9.848939
Faah	-19.055841	-15.601964
Creb3l3	-19.209993	-15.756116
Polr3f	-12.763745	-9.309867
Ier2	-10.567461	-7.113583
Dnmt3a	-11.516816	-8.062938
Dyrk2	-12.080563	-8.626684
Smim14	-9.831698	-6.3778205
Lpar6	-14.385688	-10.931809
Ccdc177	-19.903141	-16.449265
Ahrr	-17.390835	-13.936957000000001
Trim45	-14.011497	-10.557618
Fam220a-1	-14.360570999999998	-10.9066925
Insc	-17.705915	-14.252038
C1ra	-12.8714	-9.417521
Gse1	-14.479660999999998	-11.025783
Pex5	-12.975583	-9.521705
AI593442	-21.001753	-17.547876000000002
Gm28294	-19.055841	-15.601964
Nhp2	-11.962794	-8.508916000000001
Golga3	-11.565553	-8.111674
Gm13405	-21.001753	-17.547876000000002
Snrpc	-11.097116	-7.6432385
Gm11527	-18.516845999999997	-15.062968
Plp2	-11.386348	-7.9324699999999995
Hist1h2ad	-19.055841	-15.601964
A930033M14Rik	-18.804527	-15.35065
Grin3b	-19.615458	-16.161580999999998
Gm43703	-18.00602	-14.552142000000002
Stab1	-16.0745	-12.620622000000001
Thumpd2	-13.943855	-10.489977
Olfr330	-15.152429000000001	-11.69855
Mrps21	-10.398888000000001	-6.945009700000001
Mindy2	-12.316844999999999	-8.862967
Anapc15	-13.103714	-9.649836
Tctn1	-14.024472	-10.570594
Gm38604	-18.922311999999998	-15.468434
Fam186a	-18.922311999999998	-15.468434
Gm15063	-17.390835	-13.936957000000001
Cntn4	-21.001753	-17.547876000000002
Msi1	-15.848462	-12.394584
Kif14	-16.797060000000002	-13.343182999999998
Ccr10	-17.312874	-13.858995000000002
Gm38304	-17.312874	-13.858995000000002
Zbtb3	-15.488323999999999	-12.034446
Bmp3	-12.034632	-8.580753
Morn1	-15.311394	-11.857515
Sema6b	-17.195091	-13.741213
Ccl8	-18.436804000000002	-14.982926
Fgfr1op	-13.320654000000001	-9.866775500000001
Fbxl7	-12.797355	-9.343475999999999
Zfp945	-12.403165	-8.949286
Mtch1	-10.630233	-7.176355
Sds	-21.001753	-17.547876000000002
Cgn	-18.603857	-15.14998
Gm10762	-13.072627	-9.618749000000001
Mphosph9	-13.2218685	-9.76799
Mapk7	-13.786513000000001	-10.332635
Gm28967	-21.001753	-17.547876000000002
Tbc1d30	-15.786817999999998	-12.332939
Muc1	-16.165470000000003	-12.711592999999999
Slc36a4	-12.619922	-9.166043
P2ry13	-21.001753	-17.547876000000002
Lmod2	-17.031462	-13.577582999999999
Kalrn	-11.816218	-8.36234
Nr4a3	-13.161833999999999	-9.707955
Slc15a1	-20.308605	-16.854729000000003
Map6	-12.236138	-8.78226
A830082K12Rik	-14.679188	-11.225309
Lmcd1	-9.397206	-5.9433284
Rnf126	-12.526633	-9.072755
Tomm20l	-19.903141	-16.449265
Kcnma1	-11.172397	-7.718518700000001
Shpk	-15.242851000000002	-11.788973
1500032F14Rik	-18.111382	-14.657504000000001
Rtl9	-20.308605	-16.854729000000003
Naaladl1	-21.001753	-17.547876000000002
Gm13008	-19.209993	-15.756116
Ift22	-12.962274	-9.508395
Egfl8	-16.089098	-12.635221000000001
Tcf20	-12.271225	-8.817347
Gm36447	-19.903141	-16.449265
Sprn	-16.292223	-12.838345
Cdv3	-10.994897	-7.541019
Fbxo30	-10.339705	-6.8858274999999995
Usp1	-11.932631	-8.478752
Gm15892	-16.547404999999998	-13.093528
Sept10	-13.129298	-9.675419999999999
Gm11713	-18.436804000000002	-14.982926
Chchd6	-12.392528	-8.938649
Gm26588	-18.111382	-14.657504000000001
Setdb1	-12.745405	-9.291527
Zc3h13	-10.892024000000001	-7.438146000000001
Rad51ap2	-13.332258	-9.87838
Cutal	-19.615458	-16.161580999999998
Gm16028	-19.903141	-16.449265
Thap12	-11.430596000000001	-7.976718400000001
Gm20544	-15.776007	-12.322128
Eri2	-14.144239	-10.690361
Supv3l1	-13.857347	-10.403468
Fbxo2	-12.595939	-9.14206
Gm20492	-16.22263	-12.768751
Cryab	-9.360039	-5.906161
9330121J05Rik	-18.804527	-15.35065
Sstr3	-19.615458	-16.161580999999998
Ampd1	-18.922311999999998	-15.468434
H6pd	-12.97591	-9.522032000000001
Prdx3	-11.883966000000001	-8.430088
Rnf122	-15.115649	-11.661771
Ms4a1	-21.001753	-17.547876000000002
Ypel1	-15.664214999999999	-12.210336999999999
1110065P20Rik	-11.302711	-7.8488326
Cpt1b	-15.484301	-12.030422
Tatdn1	-12.711712	-9.2578335
Foxred2	-16.767647	-13.313768
Tia1	-12.00201	-8.548132
Bex3	-10.900563	-7.4466853
Tnk1	-19.392315	-15.938437
Ctf1	-13.033434	-9.5795555
Thoc7	-10.66085	-7.2069716
Klhl35	-17.536016	-14.082139000000002
Psmc3ip	-13.413936999999999	-9.960058
Gm10649	-18.436804000000002	-14.982926
Mdga2	-15.294642999999999	-11.840765
Ankrd9	-11.893557000000001	-8.439678
Cep128	-14.568813	-11.114935000000001
Sfi1	-13.521889999999999	-10.068011
Idh3b	-11.309111	-7.8552327
Ptprb	-15.331872	-11.877994000000001
1700110C19Rik	-21.001753	-17.547876000000002
Lamtor4	-10.632458999999999	-7.178580800000001
Traf5	-11.880025999999999	-8.426147
Tle6	-14.523244	-11.0693655
Josd1	-12.800916	-9.347037
Cyb561d2	-12.977219	-9.52334
Apod	-17.217564000000003	-13.763685
Sparc	-6.972414	-3.5185366
Arhgap27os1	-21.001753	-17.547876000000002
1700066B19Rik	-18.603857	-15.14998
Zfas1	-11.847453999999999	-8.393576
Brd2	-10.523227	-7.069349000000001
Zadh2	-12.537961	-9.084083
Dr1	-12.673785	-9.219907000000001
Mettl21c	-17.866259	-14.412381
Gm4668	-18.804527	-15.35065
Tmsb15b1	-13.170136	-9.716258
Cog7	-12.735075	-9.281197
Gm44767	-21.001753	-17.547876000000002
6330418K02Rik	-13.545876500000002	-10.091998
Slc2a2	-19.615458	-16.161580999999998
Gm15704	-16.619726	-13.165849
Zfp846	-13.434925	-9.981047
Itga2	-16.711294	-13.257416000000001
Ctnna3	-12.273004	-8.819125
Zbtb1	-11.997823	-8.543944
Nr2c2	-11.967433999999999	-8.513556
Clp1	-13.372748999999999	-9.918871000000001
Dlg4	-12.707704	-9.253825
Hspd1	-10.352811	-6.898933
Traf7	-11.928265	-8.474386
Naa30	-12.741519	-9.287641
Trbc2	-16.657948	-13.204069
Atg2a	-13.040731	-9.586853
Cep89	-13.478272	-10.024394000000001
F730043M19Rik	-17.95723	-14.503352
Trim9	-19.392315	-15.938437
Trmt1	-12.441500999999999	-8.987622
Lmnb1	-14.625027	-11.171147999999999
Sdhd	-11.481725	-8.027846
Gm10226	-17.91071	-14.456832
Gm19569	-18.057314	-14.603435999999999
Pnpla1os	-21.001753	-17.547876000000002
Smim8	-12.514607	-9.060728999999998
Ptprs	-10.804402	-7.3505244
Gm42413	-20.308605	-16.854729000000003
Tmem251	-12.839236999999999	-9.385359
Dync1li1	-11.388217	-7.934339
Aig1	-11.575173	-8.121295
Rom1	-12.730205	-9.276326
Gm43666	-18.516845999999997	-15.062968
Loxl1	-10.196845	-6.742967
Gm47257	-18.436804000000002	-14.982926
Pnmt	-15.971314999999999	-12.517437
Mrvi1	-10.203873	-6.7499948000000005
Kcng2	-17.069927	-13.616048999999999
9230104M06Rik	-16.559101000000002	-13.105224
Arhgef3	-13.24342	-9.789541
Cd209b	-21.001753	-17.547876000000002
Ascl3	-19.903141	-16.449265
Gstz1	-12.983458	-9.529579
Mb21d2	-13.649312	-10.195433999999999
4930502E09Rik	-17.782877	-14.3289995
Aatf	-13.065808	-9.611930000000001
Gm28379	-17.91071	-14.456832
Bche	-12.16538	-8.711501
Klf5	-15.698448	-12.24457
Actn4	-9.180197	-5.726319
Rpap2	-13.059391	-9.605513
Kyat1	-14.961498	-11.50762
Crb2	-18.699167000000003	-15.245289999999999
Sema3a	-12.25902	-8.805141
Usp18	-15.964801000000001	-12.510922
1810030O07Rik	-12.884739	-9.4308605
Gm15880	-17.536016	-14.082139000000002
Chtf18	-15.8837595	-12.429881
Trp53bp1	-12.624052	-9.170174000000001
Gm49889	-18.293703	-14.839826
Smim1	-12.463386	-9.009507000000001
Stk32b	-15.338792999999999	-11.884914
Zfand3	-11.287672	-7.833794
Cacfd1	-12.438630999999999	-8.984753
Vmn2r20	-21.001753	-17.547876000000002
Siae	-13.012871	-9.558992
Ccdc62	-14.549705	-11.095825999999999
Gm10644	-16.739073	-13.285195000000002
Wdr1	-10.49425	-7.0403724
Cgnl1	-12.455584	-9.001705000000001
Styx	-13.463791	-10.0099125
Bdh1	-12.377680999999999	-8.923802
Ndrg2	-10.284495	-6.8306173999999995
Gm3364	-17.475391000000002	-14.021514000000002
Kdm2a	-11.705694	-8.251816
D5Ertd615e	-19.055841	-15.601964
Diras1	-18.603857	-15.14998
Gch1	-15.051110999999999	-11.597233000000001
Ntrk2	-13.238732	-9.784854
Zcchc10	-12.370339	-8.916461
Wipi1	-11.638263	-8.184384
Cers1	-17.669548000000002	-14.215670999999999
Gm14029	-19.903141	-16.449265
Hsd3b7	-12.931473	-9.477594
Chst7	-15.673877	-12.219998
Tnxb	-10.846378999999999	-7.392501400000001
Hif1a	-10.604728999999999	-7.150850999999999
Abcc1	-11.438505000000001	-7.984627199999999
Pde7b	-16.386633	-12.9327545
Ptprn	-13.687201000000002	-10.233322
Coro2b	-16.559101000000002	-13.105224
Fuom	-12.312626	-8.8587475
Gpr160	-18.699167000000003	-15.245289999999999
Kcnc4	-12.498659	-9.044781
Mtcl1	-15.683632999999999	-12.229754
Rbbp6	-11.149453999999999	-7.695575999999999
Gar1	-12.526216	-9.072337
Gm15832	-17.08973	-13.635851999999998
Uhrf2	-11.784338	-8.33046
Gm19557	-19.615458	-16.161580999999998
Emc6	-11.270062	-7.8161845
Fam174a	-11.201296000000001	-7.747418
Usf2	-11.524597	-8.070719
Slc25a16	-12.562089	-9.108211
1700122E12Rik	-17.91071	-14.456832
Wdr54	-14.789147	-11.335269
Rdh9	-17.669548000000002	-14.215670999999999
A230087F16Rik	-17.312874	-13.858995000000002
Fam210a	-12.573829	-9.11995
Ncf4	-18.922311999999998	-15.468434
Vav1	-21.001753	-17.547876000000002
1700019J19Rik	-17.567766	-14.113888000000001
Dhx37	-14.13795	-10.684072
Ccdc7a	-19.055841	-15.601964
Rpl9-ps1	-20.308605	-16.854729000000003
Shisal2a	-21.001753	-17.547876000000002
Nusap1	-15.572408	-12.118528999999999
2610206C17Rik	-21.001753	-17.547876000000002
Gm2044	-20.308605	-16.854729000000003
Stx1a	-12.58438	-9.130502
Micu2	-12.525174	-9.071296
Cdr1os	-15.399633999999999	-11.945756
Insl5	-20.308605	-16.854729000000003
4930477N07Rik	-21.001753	-17.547876000000002
Adora1	-15.030492	-11.576613
Map3k14	-14.608163000000001	-11.1542845
Gm33051	-17.91071	-14.456832
Cbs	-14.135862	-10.681984
Snph	-21.001753	-17.547876000000002
Gm44077	-21.001753	-17.547876000000002
Supt20	-11.96529	-8.511412
Tnpo3	-11.737114	-8.283236
Serinc4	-16.84287	-13.388992000000002
Mastl	-15.342270999999998	-11.888392
Etos1	-20.308605	-16.854729000000003
Cpd	-11.951113000000001	-8.497233999999999
Pbx1	-10.573774	-7.119896400000001
Atp6v1f	-10.02115	-6.5672717
Cdkl2	-13.205283999999999	-9.751406
Mbd6	-12.848979	-9.395100999999999
Ppfibp1	-11.360605	-7.9067273
Gm43768	-16.524416	-13.0705385
Rnf157	-13.840907000000001	-10.387029
Fcor	-16.582912	-13.129033999999999
Dgkb	-11.884076	-8.430197999999999
Hsd3b2	-19.392315	-15.938437
Fbxl5	-12.339939999999999	-8.886061999999999
Spata5l1	-16.248163	-12.794285
A230060F14Rik	-19.209993	-15.756116
Cdhr1	-18.516845999999997	-15.062968
Slc16a13	-15.175754000000001	-11.721875
Ccdc148	-15.274904999999999	-11.821027
Dbi	-9.662836	-6.208958
Gm2381	-21.001753	-17.547876000000002
Gm43061	-16.501944	-13.048065
Tcf7	-17.050507999999997	-13.596631
Pibf1	-12.512547999999999	-9.05867
Gm28730	-19.209993	-15.756116
Ctif	-12.508647999999999	-9.0547695
Il7	-17.505245000000002	-14.051368
Arap2	-11.689579	-8.235700999999999
Palmd	-19.615458	-16.161580999999998
E2f7	-17.505245000000002	-14.051368
Cspg5	-16.173439000000002	-12.719562
Creb3l4	-15.770645000000002	-12.316767
Ehbp1l1	-10.987977	-7.534099
C1ql1	-18.516845999999997	-15.062968
Gm16754	-17.338192000000003	-13.884314000000002
Hist2h3b	-16.684265	-13.230387
Trak2	-11.681125	-8.227246000000001
Anxa7	-11.032010000000001	-7.578132000000001
Ly6e	-14.885860999999998	-11.431983
Ly6g6e	-18.00602	-14.552142000000002
Ap3m2	-13.757525	-10.303647
Zfp524	-13.031359	-9.57748
Smc5	-12.2455435	-8.791665
St6galnac2-1	-19.903141	-16.449265
Trip4	-12.388160000000001	-8.934281
Rap2b	-12.82846	-9.374581
Lnpep	-10.134157	-6.6802793000000005
Pus10	-13.631523000000001	-10.177645
Zfp618	-19.392315	-15.938437
Fam122b	-15.152429000000001	-11.69855
Orc5	-13.872456	-10.418577
Gm4924	-14.108097	-10.654219
Igfbp7	-6.795797299999999	-3.3419199999999996
Ypel4	-14.910442999999999	-11.456565
Adar	-13.525847	-10.071969000000001
Mettl4	-12.976564	-9.522686
Egflam	-17.151606	-13.697726999999999
Srrm2	-9.961153999999999	-6.507276
Lrrn4cl	-17.031462	-13.577582999999999
Tent5c	-13.307816	-9.853937
Gm13056	-15.297970999999999	-11.844092
Nkain2	-15.659419	-12.205541
Slc44a4	-21.001753	-17.547876000000002
Sin3a	-12.339767	-8.885889
Gm49085	-14.990485999999999	-11.536608
Cmtm3	-15.058954	-11.605075999999999
Lgi1	-18.362696	-14.908818
Slc30a1	-13.169342000000002	-9.715464
Cep41	-12.998056	-9.544178
Iqch	-19.903141	-16.449265
Ccser2	-10.362634	-6.9087559999999995
Srprb	-12.25886	-8.804981
Spaca1	-17.364166	-13.910289
Cd302	-11.312821000000001	-7.8589435
Arhgef33	-18.111382	-14.657504000000001
Spag4	-15.576803	-12.122925
Wdr31	-15.786817999999998	-12.332939
Ralgapb	-12.299908	-8.846029
Pax2	-18.362696	-14.908818
Aar2	-13.138487	-9.684608
Sec63	-11.142949	-7.689071
Klhdc1	-13.082397	-9.628519
Gbx1	-21.001753	-17.547876000000002
Fcgr1	-19.055841	-15.601964
A330102I10Rik	-18.699167000000003	-15.245289999999999
Gm47467	-16.406633	-12.952755
Acly	-12.131511999999999	-8.677633
Reck	-11.940145	-8.486266
Elfn2	-21.001753	-17.547876000000002
Gm46355	-19.209993	-15.756116
Gm48796	-16.671019	-13.217141
Faim2	-14.657873	-11.203994999999999
Gm33370	-21.001753	-17.547876000000002
Fbxw11	-12.03578	-8.581902000000001
Gm50134	-21.001753	-17.547876000000002
AI463170	-15.860089000000002	-12.406211
Gm26827	-19.615458	-16.161580999999998
Chrna1	-14.209408999999999	-10.75553
Ripk2	-13.200362	-9.746483999999999
Myo15b	-20.308605	-16.854729000000003
Cerkl	-14.914979	-11.461101
Dnah1	-18.603857	-15.14998
Mcu	-13.45478	-10.000900999999999
Zfx	-11.8236265	-8.369748
1700086D15Rik	-17.01277	-13.558891000000001
Gm26682	-16.189567999999998	-12.73569
Rps24	-7.786144999999999	-4.3322678
Ppp2r5b	-13.088232000000001	-9.634354
Mrgprh	-18.516845999999997	-15.062968
Slc18a2	-17.01277	-13.558891000000001
Map3k3	-12.556916000000001	-9.103038
Gm43260	-15.932849	-12.478971000000001
Ankrd55	-18.699167000000003	-15.245289999999999
Atxn7l1	-13.564547	-10.110667999999999
Lcn8	-16.890879	-13.437001
Efcab8	-19.903141	-16.449265
T2	-21.001753	-17.547876000000002
Bach2	-14.6352825	-11.181403999999999
6430531B16Rik	-19.209993	-15.756116
4933427D14Rik	-15.803256	-12.349378
3425401B19Rik	-14.198248000000001	-10.744369500000001
Rhbg	-21.001753	-17.547876000000002
Gm17058	-17.446405	-13.992526999999999
Ldb2	-14.503471	-11.049593
Ighm	-15.733895	-12.280016999999999
Fcer2a	-21.001753	-17.547876000000002
4930597A21Rik	-21.001753	-17.547876000000002
Cry2	-12.367133	-8.913255
Ccdc88b	-18.922311999999998	-15.468434
Trim67	-17.536016	-14.082139000000002
Insl6	-15.877789499999999	-12.423911
Gm13274	-18.436804000000002	-14.982926
Gm7160	-15.472323999999999	-12.018446
Gm12963	-16.479965	-13.026087
Inpp1	-12.567289	-9.113411
Zfp870	-14.233260000000001	-10.779382
Btrc	-12.979184	-9.525306
Mmgt1	-12.530186	-9.076307
Gm10300	-18.229164	-14.775286999999999
Btnl10	-21.001753	-17.547876000000002
Otulinl	-17.823698	-14.369821
Fitm2	-13.063664	-9.609786
Abtb1	-13.010161	-9.556283
Car14	-17.312874	-13.858995000000002
Cul5	-11.460312	-8.0064335
Sqstm1	-10.733032000000001	-7.2791543
4930413F20Rik	-15.871854999999998	-12.417976
Foxp4	-12.344797999999999	-8.89092
Gm35554	-19.615458	-16.161580999999998
Gm45231	-19.903141	-16.449265
Tk1	-14.997867000000001	-11.543988
Smim7	-11.319349	-7.865471400000001
Flvcr1	-13.723815	-10.269936999999999
Sntb2	-11.364708	-7.910830000000001
Hist1h2bn	-18.436804000000002	-14.982926
Sesn2	-14.568813	-11.114935000000001
Cct7	-10.391635	-6.937757
Acoxl	-21.001753	-17.547876000000002
Gm26800	-20.308605	-16.854729000000003
Ing3	-12.291134	-8.8372555
Fam189b	-12.6906	-9.236722
Rc3h1	-11.554051	-8.100173
Eif3i	-10.278772	-6.824894400000001
Mipep	-13.174113	-9.720235
Triap1	-11.976539	-8.52266
Trim8	-12.408339999999999	-8.954462
1110018N20Rik	-13.719679999999999	-10.265801
Ccdc92	-15.101856	-11.647978
Oxsr1	-12.08928	-8.635402000000001
Usp16	-11.623951	-8.170073
Magi1	-13.029977	-9.576098
Igfbp6	-13.604804999999999	-10.150927000000001
Gm26520	-17.069927	-13.616048999999999
Fancc	-14.425282999999999	-10.971405
Denr	-11.236207	-7.782328999999999
Caap1	-12.812786000000001	-9.358908
Brsk1	-13.576991	-10.123113
Tcam1	-19.903141	-16.449265
Sdha	-11.02655	-7.5726724
Med20	-13.214787	-9.760908
Fam220a	-14.153748499999999	-10.699869999999999
Art1	-19.615458	-16.161580999999998
Ppil6	-15.488323999999999	-12.034446
Gm26533	-16.941309	-13.487432
Chdh	-16.205963	-12.752085000000001
Bmx	-17.705915	-14.252038
Gm16133	-14.244821	-10.790942
Fam91a1	-12.218511	-8.764632
Ipo5	-11.956995	-8.503117
Tceal6	-12.182383999999999	-8.728505
Cbll1	-12.10626	-8.652382000000001
Lrrfip2	-11.481285	-8.027407
Usf3	-12.265264	-8.811385000000001
Il12rb2	-18.293703	-14.839826
Mbnl2	-9.798169	-6.344291
Gm44948	-21.001753	-17.547876000000002
1700084C06Rik	-16.924215	-13.470338
Pls3	-8.747881	-5.2940035000000005
Pdzd9	-16.684265	-13.230387
Dock11	-12.33873	-8.884851
Gm11541	-19.209993	-15.756116
Fzd4	-12.14966	-8.695782000000001
Ddi1	-15.599076	-12.145197999999999
Zfp383	-13.862093	-10.408215
Cntn2	-19.392315	-15.938437
Smim20	-12.250437	-8.796558000000001
Ccdc116	-18.516845999999997	-15.062968
Gm30906	-20.308605	-16.854729000000003
Olfr1254	-21.001753	-17.547876000000002
Cdc42ep3	-9.805100999999999	-6.3512235
2410004P03Rik	-18.362696	-14.908818
Tasor	-11.373032	-7.9191537
Gtf3c2	-12.220198	-8.766319000000001
Cep83	-12.500893	-9.047014
Samd15	-15.792267	-12.338388
Ecel1	-19.903141	-16.449265
Wdr77	-13.279962	-9.826083
Zcchc17	-11.400791	-7.9469132
Gm13594	-14.170879000000001	-10.717001
5930430L01Rik	-13.138487	-9.684608
Kctd12	-13.791673999999999	-10.337795
Gm49179	-16.427042	-12.973164
Shank3	-16.126556	-12.672678
Clec4d	-19.209993	-15.756116
Gm44366	-17.866259	-14.412381
AI987944	-13.050547	-9.596668
Gin1	-13.021728999999999	-9.567851
E130307A14Rik	-13.606646	-10.152766999999999
Srm	-11.930905000000001	-8.477027
Hacd2	-12.124092	-8.670214
Mrpl37	-12.912578	-9.458699000000001
Gm31342	-20.308605	-16.854729000000003
C330011M18Rik	-14.757586499999999	-11.303708
Aip	-11.252292	-7.798413799999999
Ubl5	-9.910209	-6.456331
Gm17203	-16.437405	-12.983527
Gpnmb	-15.464419	-12.010541
Vamp7	-12.498861999999999	-9.044984
Smg6	-11.524903	-8.071025
Gm15562	-16.907408	-13.453529999999999
Apbb1	-12.08123	-8.627352
B230217O12Rik	-15.5507145	-12.096836
Rasgef1b	-17.240553	-13.7866745
Hnrnpd	-10.894386	-7.440508400000001
Rpl23a	-8.853326	-5.3994480000000005
Lamc1	-10.882549000000001	-7.428671400000001
4933405L10Rik	-19.209993	-15.756116
Casq2	-17.264084	-13.810204999999998
Dmpk	-9.942658999999999	-6.4887815
Acbd6	-11.351482	-7.8976045
Fscn2	-16.01132	-12.557443
Nsmce4a	-11.230997	-7.777119
Gdpd2	-16.310406	-12.856527
Slc9a5	-16.9764	-13.522523000000001
Tsnax	-11.659858999999999	-8.20598
Fam13b	-12.363405	-8.909527
Mettl7a2	-18.804527	-15.35065
Tle2	-13.424631	-9.970753
Cpeb1	-13.817124	-10.363246
1810041H14Rik	-16.697687	-13.24381
Cav2	-10.814441	-7.360563000000001
Cops7b	-13.567495999999998	-10.113617999999999
Gmps	-11.7551775	-8.301299
Rpl22	-8.725515	-5.271637999999999
Vps11	-12.668483	-9.214604
Fbl	-11.951699000000001	-8.497821
Thumpd1	-12.106535000000001	-8.652657000000001
Egfr	-12.730972	-9.277094
Gm36229	-19.903141	-16.449265
A230065N10Rik	-16.858618	-13.404739999999999
Atp5k	-9.517906	-6.064028700000001
Dpp7	-13.374695999999998	-9.920817
Gm13814	-19.903141	-16.449265
Lyrm1	-13.677263	-10.223385
Fer1l5	-19.615458	-16.161580999999998
Tmem242	-12.180316	-8.726438
Plekhh3	-12.865235	-9.411357
Acvrl1	-12.225431	-8.771552999999999
Car13	-17.634457	-14.180579000000002
Adgre5	-11.312635	-7.858757499999999
Gm43813	-13.574015	-10.120136
Ncoa3	-11.379105000000001	-7.9252267000000005
Slc27a3	-14.988038000000001	-11.53416
5031415H12Rik	-19.615458	-16.161580999999998
Pald1	-13.764694	-10.310816
Rrbp1	-9.186983999999999	-5.733105999999999
Ssb	-10.298442	-6.844564
Gm34113	-18.293703	-14.839826
Tnfsf8	-21.001753	-17.547876000000002
Nt5c3b	-11.822285	-8.368406
Tle4	-12.282436	-8.828558000000001
Cplx3	-20.308605	-16.854729000000003
Nxph4	-18.516845999999997	-15.062968
Lum	-12.913806	-9.459928
Klkb1	-17.130551999999998	-13.676673999999998
Scamp5	-15.472323999999999	-12.018446
Gm49322	-17.782877	-14.3289995
Cars	-13.078043	-9.624165
Mrps24	-10.638881	-7.185003
Gm48530	-17.866259	-14.412381
Strn3	-10.562709	-7.1088309999999995
Gm14093	-19.615458	-16.161580999999998
Slc9a4	-17.109932	-13.656054500000002
Gm9925	-18.804527	-15.35065
Rtn4ip1	-14.815545000000002	-11.361667
Zfp341	-15.069509	-11.61563
Pik3r5	-18.804527	-15.35065
Adam5	-16.274364000000002	-12.820487
Abcf2	-12.158714999999999	-8.704837
Rpl9	-8.099903999999999	-4.6460266
Vmn1r66	-19.903141	-16.449265
Ltb4r1	-17.217564000000003	-13.763685
Zfp940	-14.890285500000001	-11.436407
Trim62	-14.840546	-11.386667
Sfxn2	-14.049980999999999	-10.596103
Gm16001	-17.418233999999998	-13.964356
Gdf6	-19.392315	-15.938437
Pdcd7	-12.17238	-8.718502
Far2	-18.00602	-14.552142000000002
Zkscan17	-13.223961	-9.770082
Ulbp1	-17.866259	-14.412381
Casc3	-12.360574	-8.906695
Ctdspl2	-12.0409	-8.587022
Mcl1	-10.464949	-7.011070699999999
Got1	-13.632782999999998	-10.178905
Dhx58	-16.84287	-13.388992000000002
H2-Q6	-19.615458	-16.161580999999998
Ubash3b	-18.111382	-14.657504000000001
Ncor2	-11.819504	-8.365625
Ajm1	-16.347792000000002	-12.893914
Ppp1r16a	-13.43131	-9.977431
2310057M21Rik	-12.794897	-9.341019000000001
Cryl1	-13.063308000000001	-9.609428999999999
Gm12319	-19.055841	-15.601964
Csgalnact2	-11.528587	-8.074709
Usp31	-13.683214000000001	-10.229336
Mest	-16.479965	-13.026087
Pmm1	-11.566989999999999	-8.1131115
Dgki	-15.848462	-12.394584
Fam126b	-11.078071000000001	-7.6241927
2810021J22Rik	-14.864026	-11.410148
A730081D07Rik	-16.827366	-13.373486999999999
Mtus2	-10.194552999999999	-6.7406754
Skap2	-11.4718685	-8.01799
Slc37a4	-13.661567000000002	-10.207688000000001
Xylb	-17.364166	-13.910289
Shld3	-14.675604000000002	-11.221725
Drosha	-12.728162	-9.274283
Gm29488	-15.612681	-12.158803
Gcnt2	-11.80207	-8.348191
Wnt9a	-13.395864000000001	-9.941985
Slmap	-9.353406	-5.899528
Dcbld2	-12.230228	-8.77635
Pecam1	-12.134607	-8.680729
Srpr	-10.852617	-7.3987393
Cd300ld3	-20.308605	-16.854729000000003
Iqsec1	-12.032721	-8.578842
Obscn	-19.615458	-16.161580999999998
BC106179	-14.961498	-11.50762
Usp9x	-10.7717	-7.3178220000000005
Sox12	-13.895147	-10.441269
C1qc	-15.797747	-12.343867999999999
Gm17634	-15.819970000000001	-12.366092
Rassf8	-11.9677925	-8.513914
Gm10010	-16.924215	-13.470338
Gosr1	-12.678144	-9.224266
Rnaseh2b	-12.952964999999999	-9.499086
Fam135b	-17.418233999999998	-13.964356
Gm50186	-21.001753	-17.547876000000002
Rapgef4	-14.507999	-11.054121
Rab2b	-12.306414	-8.852535000000001
Mtmr14	-13.155945999999998	-9.702067
Ablim3	-18.111382	-14.657504000000001
Gm16181	-21.001753	-17.547876000000002
Uhmk1	-12.72485	-9.270971000000001
Stxbp5	-13.090063	-9.636185000000001
Maml1	-12.978201	-9.5243225
Gm42764	-19.615458	-16.161580999999998
Astn2	-13.467525	-10.013646000000001
Frmpd1	-20.308605	-16.854729000000003
Fam124b	-21.001753	-17.547876000000002
R3hcc1	-12.420272	-8.966393
Gm33023	-14.598179	-11.1443
Atp6v0b	-10.115569	-6.661691
Gm48790	-20.308605	-16.854729000000003
Gm12976	-16.941309	-13.487432
Ptgs1	-15.836967000000001	-12.383089
Slc22a2	-12.796535	-9.342656
Cd209d	-19.903141	-16.449265
Mroh8	-17.823698	-14.369821
Naif1	-14.677394	-11.2235155
Gm36670	-21.001753	-17.547876000000002
Gxylt2	-10.819536	-7.3656583
Plod3	-12.00473	-8.550852
Mapk8ip1	-13.359709	-9.90583
Pex7	-12.579091	-9.125213
Sept9	-11.4014	-7.9475217
Gm35371	-15.659419	-12.205541
Nprl2	-13.508992999999998	-10.055114999999999
Gm43112	-17.634457	-14.180579000000002
Ahsa1	-11.043115	-7.5892367
Gm16069	-18.16854	-14.714661999999999
Gm30648	-17.288180999999998	-13.834303
2210016F16Rik	-11.761078	-8.3071995
Fam3c	-11.230027	-7.7761493
Plxnb3	-20.308605	-16.854729000000003
Rec114	-19.392315	-15.938437
Gpr85	-18.362696	-14.908818
Tmem178b	-18.603857	-15.14998
0610040J01Rik	-19.903141	-16.449265
Vnn1	-15.345760999999998	-11.891883
Cdc16	-12.008823	-8.554945
Tomm5	-10.955205	-7.501327000000001
Gm13067	-19.903141	-16.449265
Fgf23	-20.308605	-16.854729000000003
Dnaja1	-9.535133	-6.081256
Cd68	-14.933328	-11.479449
Pde9a	-16.01132	-12.557443
Snrpd1	-11.081211999999999	-7.627333999999999
Cdc34b	-19.615458	-16.161580999999998
Gm4117	-12.746184	-9.292306
Ube2s	-10.565963	-7.112085
Elovl7	-16.01132	-12.557443
Def6	-15.129635999999998	-11.675757
Akap11	-11.466868	-8.01299
Inafm2	-11.800151	-8.346272
Slx1b	-13.373722	-9.919844
Gm15261	-13.999598	-10.545719
Rhof	-16.941309	-13.487432
Nek5	-18.516845999999997	-15.062968
Gm6598	-16.427042	-12.973164
Spidr	-13.726581	-10.272702
Slc25a15	-15.030492	-11.576613
Tmprss5	-19.209993	-15.756116
Gm48249	-19.209993	-15.756116
Hs1bp3	-13.756098000000001	-10.302219000000001
Zfp944	-13.446371	-9.992493
Gm2897	-20.308605	-16.854729000000003
Crlf2	-11.863446000000001	-8.409568
Gm15401	-19.055841	-15.601964
Odc1	-11.102425	-7.648546700000001
Phyhip	-19.615458	-16.161580999999998
Chml	-13.165779	-9.711901
Slc49a4	-11.900782000000001	-8.446903
Hoxa13	-17.173111	-13.7192335
Ncan	-15.239702	-11.785824
Mnd1	-14.08901	-10.635132
March1	-18.436804000000002	-14.982926
Gm17749	-17.743656	-14.289779000000001
Serbp1	-9.68723	-6.233352
F530104D19Rik	-17.782877	-14.3289995
Sp6	-18.16854	-14.714661999999999
Zfp13	-14.193817999999998	-10.739939999999999
Micall1	-12.199532000000001	-8.745652999999999
Gm31135	-16.089098	-12.635221000000001
Zfp967	-16.214261999999998	-12.760384
A230028O05Rik	-17.446405	-13.992526999999999
Spout1	-12.955524	-9.501646000000001
Efs	-13.079130000000001	-9.625252
Cstf1	-13.49187	-10.037992
Zfp346	-13.555751999999998	-10.101873
Gm44647	-20.308605	-16.854729000000003
Prkdc	-12.894335	-9.440456
A530041M06Rik	-15.425804000000001	-11.971926
Rgs1	-14.425282999999999	-10.971405
Gm17529	-17.069927	-13.616048999999999
Nt5c	-11.574046000000001	-8.120168
Slco5a1	-16.767647	-13.313768
Gm43707	-16.416786	-12.962908
Phf7	-13.841683999999999	-10.387806
Gm11769	-16.890879	-13.437001
G2e3	-12.748526	-9.294647
Kdsr	-12.028402	-8.574524
Fhad1os2	-21.001753	-17.547876000000002
Slc18a1	-19.055841	-15.601964
A730011C13Rik	-15.698448	-12.24457
Klk14	-21.001753	-17.547876000000002
Vopp1	-13.575204000000001	-10.121325500000001
Olfr906	-21.001753	-17.547876000000002
Cabp1	-16.479965	-13.026087
Pcdh19	-16.874619	-13.420739999999999
Gm38165	-17.705915	-14.252038
Trappc11	-12.649435	-9.195557
Rptor	-12.803389	-9.34951
Wdr34	-13.517385	-10.063506
Gpt2	-14.783154000000001	-11.329275
Eda	-14.659632	-11.205753
Babam1	-11.80978	-8.355902
Casp4	-13.931029	-10.477151
Wipi2	-12.183863	-8.729984
Vps26b	-12.868753	-9.414875
Rgs18	-18.436804000000002	-14.982926
Gm16751	-15.71855	-12.264671
Lpcat3	-12.654637	-9.200759
Bub1	-17.475391000000002	-14.021514000000002
Tnfrsf13b	-19.209993	-15.756116
Epyc	-18.362696	-14.908818
Atp5mpl	-10.467711999999999	-7.0138345
Phf13	-13.364519	-9.910641
Rhog	-12.798176	-9.344297000000001
Olfr1342	-21.001753	-17.547876000000002
Podxl2	-12.243184	-8.789306
Prr16	-17.705915	-14.252038
Gm47167	-16.9764	-13.522523000000001
Apba3	-12.639344	-9.185466
Vwa5a	-12.159582	-8.705703999999999
Nkrf	-14.005987	-10.552109
Gm44646	-18.436804000000002	-14.982926
Ppat	-13.116048000000001	-9.662169
Mef2a	-10.055854	-6.601976
Tspan4	-11.26941	-7.815532000000001
Ism2	-20.308605	-16.854729000000003
B230334C09Rik	-15.865955	-12.412077
Csrp1	-8.383719000000001	-4.929842
Tubb4b	-10.557949	-7.104071
Gm20650	-19.615458	-16.161580999999998
Ppfia4	-14.556033	-11.102155
1700013D24Rik	-20.308605	-16.854729000000003
Lage3	-11.618974	-8.165094999999999
Gm17178	-20.308605	-16.854729000000003
mt-Nd1	-7.4714622	-4.0175849999999995
Cobl	-12.839236999999999	-9.385359
Apoc1	-18.922311999999998	-15.468434
Wnt11	-18.16854	-14.714661999999999
Gm42917	-18.516845999999997	-15.062968
Tmem45a	-12.081365	-8.627486
Gm49216	-16.958702	-13.504824
Wdr38	-18.00602	-14.552142000000002
Cox15	-13.996870999999999	-10.542993
1700022I11Rik	-16.632305	-13.178427
Nrk	-14.108097	-10.654219
Scd2	-11.540576	-8.086698
Pnma1	-15.4763	-12.022422
Cep126	-13.884548	-10.43067
Hey1	-14.198248000000001	-10.744369500000001
Ttll4	-13.907518	-10.45364
Smox	-14.23441	-10.780532000000001
Npffr1	-19.903141	-16.449265
Hid1	-13.526414	-10.072535499999999
Kdm3a	-13.12284	-9.668961999999999
Apln	-21.001753	-17.547876000000002
Naca	-8.688766000000001	-5.2348875999999995
Slx4	-13.805816	-10.351937
Zfp729b	-13.276864999999999	-9.822987
1110004F10Rik	-10.819234	-7.365355999999999
Wincr1	-20.308605	-16.854729000000003
Vmn2r95	-20.308605	-16.854729000000003
Phtf1	-12.604921000000001	-9.151043
4930455G09Rik	-17.705915	-14.252038
Cacnb3	-12.578871000000001	-9.124992
Fkbp6	-20.308605	-16.854729000000003
Xdh	-15.640460999999998	-12.186583
Usp6nl	-13.342111	-9.888232
Olfr729	-20.308605	-16.854729000000003
Gm42658	-16.595034	-13.141156
Pgam1	-10.557484	-7.1036057
Eya4	-15.860089000000002	-12.406211
Gm5103	-19.903141	-16.449265
Plagl1	-14.787146	-11.333267
Tm6sf1	-12.194581	-8.740703
Aldh7a1	-11.491679	-8.037801
Sumo1	-10.967106	-7.513228
Gbp5	-15.640460999999998	-12.186583
Platr30	-21.001753	-17.547876000000002
Cyba	-10.418787	-6.964909
Baz2b	-11.227521000000001	-7.773642999999999
C1s1	-12.9431095	-9.489231
Nsun4	-14.242498000000001	-10.78862
Cdk5	-12.444186	-8.990308
Zdhhc8	-11.891786	-8.437907000000001
Chst10	-15.155314	-11.701436
3110039M20Rik	-21.001753	-17.547876000000002
Slc9a3	-18.436804000000002	-14.982926
Gm42997	-17.823698	-14.369821
Sox17	-19.392315	-15.938437
5031434O11Rik	-14.988038000000001	-11.53416
Stxbp5l	-18.16854	-14.714661999999999
4833417C18Rik	-14.4885235	-11.034645
Col17a1	-19.209993	-15.756116
9430041J12Rik	-21.001753	-17.547876000000002
Csf3r	-19.615458	-16.161580999999998
Nampt	-11.746344	-8.292465
Tent5b	-13.1983185	-9.744439999999999
Rad50	-11.76302	-8.309141
Xlr4c	-18.603857	-15.14998
Trim68	-14.103039	-10.64916
Tubg1	-12.70396	-9.250082
Gm47414	-21.001753	-17.547876000000002
Npl	-19.209993	-15.756116
Rnase1	-21.001753	-17.547876000000002
Prps1	-12.971344	-9.517466
Gm13663	-21.001753	-17.547876000000002
Prdm15	-13.789458999999999	-10.335581
Nemp2	-15.124018	-11.670139
Six4	-13.033088000000001	-9.579209
Cited1	-17.288180999999998	-13.834303
Dnajc18	-12.360221000000001	-8.906342500000001
Diaph2	-10.998284	-7.5444064
Gm10419	-16.283255	-12.829376
Hist1h2bc	-10.430898	-6.9770199999999996
2010109A12Rik	-15.542167999999998	-12.088289
9530051G07Rik	-15.688547	-12.234669
Dynlrb1	-9.98654	-6.532662
Rimkla	-18.804527	-15.35065
Czib	-11.804093	-8.350214999999999
Gsto2	-16.301273000000002	-12.847395
Zfp113	-13.389910999999998	-9.936032
2310033P09Rik	-12.439396	-8.9855175
Tsacc	-14.334797	-10.8809185
Adgrg6	-17.446405	-13.992526999999999
Taf9b	-13.709416000000001	-10.255538
Xpot	-12.637478	-9.183599000000001
Manea	-12.648727000000001	-9.194849000000001
Lgals12	-21.001753	-17.547876000000002
Sirt3	-12.513164999999999	-9.059287
Gas5	-9.642714	-6.1888356
Gm17767	-21.001753	-17.547876000000002
mt-Nd2	-7.2555375	-3.80166
Nr2e1	-19.903141	-16.449265
Hist2h2ab	-16.357363	-12.903483999999999
Itgb4	-17.031462	-13.577582999999999
Gm47484	-15.533693	-12.079815
Dennd2d	-19.055841	-15.601964
Tmem45a2	-19.615458	-16.161580999999998
Gm15512	-18.436804000000002	-14.982926
Sh3bgrl2	-17.312874	-13.858995000000002
F2rl2	-21.001753	-17.547876000000002
Gm19265	-17.705915	-14.252038
Uba6	-12.715988000000001	-9.26211
Abcc10	-14.866188000000001	-11.41231
Gm26586	-17.567766	-14.113888000000001
Gm31812	-16.697687	-13.24381
Mtx3	-14.098006	-10.644128
Spdya	-15.977873	-12.523994
Cxxc5	-11.7988405	-8.344961999999999
Ppnr	-15.325	-11.871121
Timd4	-19.392315	-15.938437
Cthrc1	-16.753258	-13.299379
Nr6a1os	-17.01277	-13.558891000000001
Ssmem1	-19.209993	-15.756116
Zfp114	-14.744085	-11.290207
Mcf2	-19.615458	-16.161580999999998
Fmo6	-16.214261999999998	-12.760384
Cep68	-13.29514	-9.841262
Gm28192	-17.050507999999997	-13.596631
Bcas3os1	-17.312874	-13.858995000000002
Gm43915	-16.697687	-13.24381
Nup35	-13.04703	-9.593152
Arf6	-12.272033	-8.818154
Atp5l	-9.159071	-5.705193
Sbk1	-14.491495	-11.037617
B020010K11Rik	-15.242851000000002	-11.788973
Nol4l	-14.825885999999999	-11.372007
Kcp	-19.392315	-15.938437
Gm29016	-20.308605	-16.854729000000003
Coq6	-12.98841	-9.534532
6030407O03Rik	-19.055841	-15.601964
A530072M11Rik	-16.283255	-12.829376
Tmem140	-12.5917	-9.137821
Xlr4a	-17.240553	-13.7866745
Micu3	-12.132074000000001	-8.678196
Tmem253	-17.173111	-13.7192335
H2-Eb1	-15.733895	-12.280016999999999
Gm47920	-17.390835	-13.936957000000001
Hebp1	-11.224623	-7.770745
Gm45542	-18.16854	-14.714661999999999
4930481B07Rik	-16.03194	-12.578062
Zfp672	-12.302739	-8.848861
Pbld2	-16.684265	-13.230387
Meaf6	-12.172235	-8.718356
Ipo7	-11.398628	-7.9447503
Lrr1	-19.615458	-16.161580999999998
Mkx	-15.626475	-12.172597
Tex16	-21.001753	-17.547876000000002
Foxk1	-12.740744	-9.286864999999999
Cdc42ep2	-14.866188000000001	-11.41231
Lcmt1	-12.317014	-8.863135
Taldo1	-10.566874	-7.112995599999999
Rims2	-18.516845999999997	-15.062968
Cd79a	-18.699167000000003	-15.245289999999999
Gm29292	-19.903141	-16.449265
Gpihbp1	-18.229164	-14.775286999999999
Alg9	-13.532098999999999	-10.07822
Gm9967	-16.858618	-13.404739999999999
Wdr41	-13.4531975	-9.999319
Timm17a	-10.998375	-7.544497
Zeb2	-11.286646000000001	-7.832768
Proz	-18.922311999999998	-15.468434
Fcnaos	-20.308605	-16.854729000000003
Ak8	-19.903141	-16.449265
Ercc4	-13.370807000000001	-9.916928
Tmem164	-13.334595000000002	-9.880716
Smim18	-17.567766	-14.113888000000001
Hccs	-13.021046	-9.567167
Ptgir	-16.396584	-12.942705
Eml5	-14.348889999999999	-10.895012
Tspo	-9.417549000000001	-5.963671700000001
Orc1	-18.362696	-14.908818
Polk	-12.727905999999999	-9.274028
0610010K14Rik	-11.830778	-8.3769
Gm48903	-21.001753	-17.547876000000002
Gm44026	-21.001753	-17.547876000000002
Sptssa	-10.745182000000002	-7.291303999999999
4930447N08Rik	-19.209993	-15.756116
Tmem143	-13.875666	-10.421787
Cryba4	-16.547404999999998	-13.093528
Smim22	-20.308605	-16.854729000000003
Tbx15	-15.278169	-11.82429
Abcg4	-14.564001999999999	-11.110124
Yars2	-13.641013000000001	-10.187135000000001
Schip1	-11.292639999999999	-7.838761999999999
Slc25a42	-14.779176999999999	-11.325298
Zfp639	-11.5483885	-8.094510000000001
Tcp10b	-18.293703	-14.839826
Nbea	-12.069277	-8.615397999999999
Eif4ebp2	-11.186332	-7.732454
Casp6	-13.389417000000002	-9.935538000000001
Cks1b	-12.204054	-8.750175
Sik2	-12.839522	-9.385644000000001
Gm48727	-18.16854	-14.714661999999999
Fyb	-13.135031	-9.681152
Ppp1r16b	-18.362696	-14.908818
Gm47096	-18.699167000000003	-15.245289999999999
Atp11c	-12.842951	-9.389072
Perm1	-15.252360000000001	-11.798482
Bcar3	-11.3941145	-7.9402365999999995
Ankrd13a	-12.524965	-9.071087
Gm29254	-16.038908	-12.585030999999999
Adcy1	-15.366963	-11.913085
Thap7	-12.384534	-8.930655499999999
Tpcn2	-13.8772745	-10.423396
Rraga	-11.331586	-7.877708
Cyp4f18	-19.055841	-15.601964
Gucy2g	-16.711294	-13.257416000000001
Cd180	-19.903141	-16.449265
Gm48228	-19.055841	-15.601964
Gm17102	-17.390835	-13.936957000000001
Ifitm6	-21.001753	-17.547876000000002
Socs7	-12.919042999999999	-9.465164
Gm43330	-16.239578	-12.785701
0610040B10Rik	-15.363399	-11.90952
Prrx2	-13.398852999999999	-9.944975
Vps35	-10.99269	-7.538811999999999
Hist1h3g	-18.00602	-14.552142000000002
Slfn3	-16.890879	-13.437001
AU021092	-18.603857	-15.14998
Plagl2	-13.268507999999999	-9.814630000000001
Zfp760	-13.979776999999999	-10.525899
Gm14120	-21.001753	-17.547876000000002
Cip2a	-15.366963	-11.913085
Gm50209	-18.699167000000003	-15.245289999999999
Mrc2	-12.632133	-9.178253999999999
1700012D14Rik	-14.105058999999999	-10.65118
Gm19938	-14.371070000000001	-10.9171915
Zfpl1	-12.247435000000001	-8.793556
Flacc1	-18.603857	-15.14998
Rap1gap	-15.4410715	-11.987193
Arg2	-18.804527	-15.35065
Saal1	-13.377134	-9.923256
Dpyd	-16.697687	-13.24381
Oas3	-21.001753	-17.547876000000002
Tmem119	-14.866188000000001	-11.41231
4930471L23Rik	-21.001753	-17.547876000000002
Gm34471	-15.30466	-11.850781
Senp2	-12.154106	-8.700228
Ggt1	-18.603857	-15.14998
Gm31172	-19.392315	-15.938437
Twf2	-12.648727000000001	-9.194849000000001
Bloc1s1	-10.87921	-7.4253325
Kcnk6	-14.888071	-11.434192999999999
Lemd2	-12.034886	-8.581008
C030037D09Rik	-15.698448	-12.24457
Map1lc3b	-9.427545	-5.9736667
Cenpf	-15.093670999999999	-11.639792
Rpl6	-8.282034	-4.828156
Scrn2	-13.399852	-9.945973
Otoa	-17.390835	-13.936957000000001
Tshr	-15.311394	-11.857515
Cxcr4	-18.293703	-14.839826
4930539J05Rik	-15.25555	-11.801672
Ccdc47	-11.226894999999999	-7.7730174
Tnrc6b	-10.780285000000001	-7.326407000000001
9530053A07Rik	-19.209993	-15.756116
Tmem121	-17.031462	-13.577582999999999
Gm20618	-19.392315	-15.938437
Fbxl4	-13.340697	-9.886819000000001
Arhgef40	-12.402612	-8.948733
Nell2	-17.151606	-13.697726999999999
Rps6kc1	-13.476113	-10.022235
Acr	-21.001753	-17.547876000000002
Cep55	-16.782246	-13.328367000000002
Rps6ka1	-17.705915	-14.252038
Wars	-12.900378	-9.4465
Rxfp4	-21.001753	-17.547876000000002
Tmem237	-12.474808	-9.020928999999999
Marveld1	-10.119769999999999	-6.6658919999999995
Sdhb	-10.916361	-7.462483
Kif27	-17.01277	-13.558891000000001
Cbx6	-10.979017	-7.525139299999999
Serac1	-15.271653	-11.817775
4731419I09Rik	-19.615458	-16.161580999999998
Zfp318	-12.336139999999999	-8.882261
Mei4	-15.703435999999998	-12.2495575
1700060C20Rik	-19.055841	-15.601964
Evi2	-18.922311999999998	-15.468434
Alyref2	-14.156938	-10.703059
Rbm18	-12.423277	-8.9693985
Pum1	-11.074794	-7.620916
Osbpl10	-15.311394	-11.857515
Psmb7	-10.9644785	-7.510600599999999
1110006O24Rik	-16.239578	-12.785701
Hhipl1	-15.521114	-12.067236
Mrpl42	-10.805858	-7.3519797
Chd8	-11.586189	-8.132311
Gm42529	-19.615458	-16.161580999999998
Mrpl52	-10.262858999999999	-6.8089813999999995
B230206L02Rik	-14.425282999999999	-10.971405
Crip2	-9.851248	-6.39737
1110059G10Rik	-12.073511	-8.619633
1110059E24Rik	-12.181054	-8.727176
Gm15614	-15.30466	-11.850781
Pink1	-10.8326	-7.378721700000001
Dab2	-13.179708999999999	-9.725831
CT009536.1	-18.603857	-15.14998
Tcf7l1	-11.56715	-8.113272
Brd3os	-14.17738	-10.723500999999999
Fntb	-13.805067000000001	-10.351189
Hist2h2ac	-13.176507999999998	-9.72263
Aldh3a2	-12.856494	-9.402616
4930426I24Rik	-14.903679	-11.4498005
Zfp991	-14.012417999999998	-10.558539
Zfp280b	-14.1698	-10.715921
6330411D24Rik	-20.308605	-16.854729000000003
Gm42884	-20.308605	-16.854729000000003
Gm17590	-17.823698	-14.369821
Hoxa3	-12.2455435	-8.791665
Apol9b	-16.479965	-13.026087
Vps51	-13.03205	-9.578172
Gm49223	-18.516845999999997	-15.062968
Gm48824	-17.95723	-14.503352
Gm31458	-19.209993	-15.756116
Phlda3	-11.80978	-8.355902
Gtf3c3	-12.920897	-9.467018
Xpr1	-10.589853	-7.1359754
Smad4	-11.266507	-7.812628999999999
Gm12762	-18.603857	-15.14998
Gm15581	-19.615458	-16.161580999999998
Prdm4	-13.781379999999999	-10.327501
Riox2	-13.459010000000001	-10.005132000000001
Gm3550	-17.109932	-13.656054500000002
Psmc3	-10.437408999999999	-6.983531500000001
Cab39l	-12.177075	-8.723197
Nomo1	-11.968269	-8.514391
Vat1	-11.733238	-8.27936
Cnot7	-12.167417	-8.713538
Tnks2	-11.519403	-8.065525
Mogs	-13.205695	-9.751816999999999
Ccdc160	-18.111382	-14.657504000000001
Fnip2	-13.034473	-9.580594999999999
Gm20324	-15.945507999999998	-12.49163
Ddhd1	-13.579379999999999	-10.125502000000001
Gm47739	-18.699167000000003	-15.245289999999999
Smug1	-13.626497	-10.172619000000001
Lsr	-18.111382	-14.657504000000001
Ldhd	-14.01334	-10.559462
Pak7	-16.096478	-12.6426
Lrp1	-10.075599	-6.621721000000001
Tsta3	-12.615353	-9.161474
Gpr183	-16.582912	-13.129033999999999
Dennd4b	-14.454967499999999	-11.001089
Ccdc141	-11.545257000000001	-8.091378
Psmb1	-10.022649000000001	-6.568771000000001
Rabepk	-12.873758	-9.419880000000001
Taf1c	-14.277921	-10.824042
Nfe2l1	-10.521063	-7.067185
Gm10863	-16.595034	-13.141156
Usp53	-11.487685	-8.033807000000001
Lrrc28	-13.555168	-10.101289999999999
Gtse1	-17.069927	-13.616048999999999
Homez	-14.769305	-11.315427
Sharpin	-12.436341	-8.982463000000001
1700069B07Rik	-19.209993	-15.756116
Gstt4	-18.922311999999998	-15.468434
Upk3a	-19.903141	-16.449265
Myl3	-20.308605	-16.854729000000003
Arhgef15	-18.436804000000002	-14.982926
Tmem184b	-12.031194000000001	-8.577314999999999
Emd	-11.183987	-7.7301087
Mafb	-13.048083	-9.594205
Pigg	-13.480977	-10.027099
Ddn	-21.001753	-17.547876000000002
Tbc1d20	-11.931595	-8.477716000000001
Gm37963	-17.782877	-14.3289995
Rbm12b1	-14.03951	-10.585631
Msmp	-17.823698	-14.369821
Kifc1	-17.217564000000003	-13.763685
Hk1	-12.292453	-8.838574000000001
Slc35g2	-15.236562	-11.782683
Nmd3	-12.483161	-9.029283
Gm4035	-18.436804000000002	-14.982926
Prr22	-18.436804000000002	-14.982926
Adamts3	-15.678742999999999	-12.224865
BC034090	-14.736451999999998	-11.282574
Zfhx4	-13.67266	-10.218781
Gm42721	-21.001753	-17.547876000000002
Ehd2	-10.093542999999999	-6.639664999999999
Armcx2	-12.225431	-8.771552999999999
Hs3st3b1	-18.362696	-14.908818
Taf11	-11.859906	-8.406028
A230056P14Rik	-15.776007	-12.322128
Vmn2r24	-19.903141	-16.449265
Sptan1	-10.577094	-7.123216
Chmp4c	-11.181702	-7.727823700000001
Stim1	-11.667781	-8.213902000000001
Il2	-16.141941	-12.688063
Gem	-10.69711	-7.243232300000001
Zfc3h1	-12.335623	-8.881744
Gm50115	-17.475391000000002	-14.021514000000002
Noct	-14.207167000000002	-10.753288000000001
Yipf1	-12.10626	-8.652382000000001
Mbtps1	-11.622852	-8.168974
Ptgis	-8.507109	-5.053231200000001
Gm27222	-18.804527	-15.35065
Gsto1	-12.435199	-8.98132
Alox8	-19.615458	-16.161580999999998
Ap3s2	-13.071187	-9.617308999999999
Bmp6	-16.214261999999998	-12.760384
Ptk2	-12.332011	-8.878133
2600002D14Rik	-16.767647	-13.313768
Triml2	-19.209993	-15.756116
Tet2	-12.5957155	-9.141836999999999
Gm15445	-16.214261999999998	-12.760384
Fosb	-10.071633	-6.6177554
Gm34084	-20.308605	-16.854729000000003
Acot9	-11.701664	-8.247786
4930402D18Rik	-21.001753	-17.547876000000002
Gm39469	-14.200470000000001	-10.746592
Sdr39u1	-12.611031	-9.157152
Pcdhac2	-15.908002999999999	-12.454124
Usp19	-11.705419000000001	-8.251539999999999
Gm45894	-19.615458	-16.161580999999998
Vash2	-18.603857	-15.14998
Vcan	-10.416407000000001	-6.9625287
Adtrp	-18.436804000000002	-14.982926
Fbxl22	-9.532978	-6.0791
Cbx5	-10.840759	-7.3868814
Tmem229a	-21.001753	-17.547876000000002
Sp7	-16.632305	-13.178427
1700039M10Rik	-18.603857	-15.14998
Cd163	-17.151606	-13.697726999999999
Inha	-15.410767000000002	-11.956888000000001
Igf2bp3	-14.94263	-11.488750999999999
Cep131	-14.134820000000001	-10.680942
Kctd12b	-13.730744	-10.276866
Palld	-10.235904	-6.782025999999999
2810442N19Rik	-17.823698	-14.369821
Tnks1bp1	-11.922319	-8.468441
Pgap1	-13.223961	-9.770082
Aldh5a1	-14.4885235	-11.034645
Unc13b	-14.389712	-10.935834
Kif17	-19.055841	-15.601964
1700109G14Rik	-19.209993	-15.756116
Nop14	-11.936554	-8.482676
Gm9796	-18.229164	-14.775286999999999
Man2a2	-12.513783	-9.059905
5330439K02Rik	-16.753258	-13.299379
Gm29724	-16.081772	-12.627894
Sf3a3	-11.995489	-8.541611
Gm20186	-14.543415	-11.089537
Tom1l2	-12.1849	-8.731022
Entpd2	-13.317429999999998	-9.863551
Ube2q1	-12.017938000000001	-8.564059
1700125H20Rik	-21.001753	-17.547876000000002
Mrgbp	-13.35206	-9.898182
4931423N10Rik	-17.669548000000002	-14.215670999999999
Col11a2	-16.081772	-12.627894
Rpp25l	-12.2384815	-8.784603
Gm18280	-20.308605	-16.854729000000003
Cfap206	-21.001753	-17.547876000000002
Dio3os	-20.308605	-16.854729000000003
Mppe1	-13.512341500000002	-10.058463
Arfgef1	-11.747492	-8.293613
Gm2974	-18.922311999999998	-15.468434
Tslp	-16.907408	-13.453529999999999
Rhoj	-10.593378	-7.1395
Zfp267	-12.906155	-9.452276
Ctdnep1	-11.983906	-8.530027
Ly6g6d	-14.053816000000001	-10.599936999999999
Abcb4	-19.055841	-15.601964
Secisbp2	-12.915035000000001	-9.461157
Nr1h4	-21.001753	-17.547876000000002
Myo1f	-18.516845999999997	-15.062968
Cndp1	-20.308605	-16.854729000000003
Ik	-10.882469	-7.4285913
Gm49208	-20.308605	-16.854729000000003
Gm20033	-16.038908	-12.585030999999999
Gm40685	-18.293703	-14.839826
Gm43134	-21.001753	-17.547876000000002
Rps9	-8.185388	-4.73151
Fxyd1	-9.0762415	-5.6223636
Tada3	-12.384715	-8.930837
Kcnq1ot1	-10.927511	-7.4736332999999995
Pigc	-13.129679999999999	-9.675801
Synpo2l	-13.265882999999999	-9.812005000000001
Gm12315	-20.308605	-16.854729000000003
Tmem39a	-12.455195	-9.001317
Gm48336	-17.866259	-14.412381
Ptpn14	-12.401690499999999	-8.947811999999999
Idi2	-21.001753	-17.547876000000002
Gm17200	-19.209993	-15.756116
G430095P16Rik	-14.9734745	-11.519596
Erbin	-11.698013000000001	-8.244135
Anxa9	-16.0745	-12.620622000000001
Coa3	-10.907108000000001	-7.453230400000001
Plxnd1	-13.356356	-9.902477000000001
Gm19705	-12.96615	-9.512272
Unc119b	-13.359709	-9.90583
Dnah11	-20.308605	-16.854729000000003
Mcc	-14.43087	-10.976992
C920021L13Rik	-14.332254999999998	-10.878377
Lrp5	-12.639344	-9.185466
Gm12122	-14.565603	-11.111725
Icmt	-12.707704	-9.253825
Homer2	-15.374132000000001	-11.920254
Rtn1	-19.055841	-15.601964
Alpl	-14.067356	-10.613478
Slfn2	-17.95723	-14.503352
Dok5	-17.08973	-13.635851999999998
Gm19466	-17.288180999999998	-13.834303
Txndc2	-18.922311999999998	-15.468434
Gm26811	-19.903141	-16.449265
Erich5	-21.001753	-17.547876000000002
Lrch1	-12.564036	-9.110158
Gm16556	-21.001753	-17.547876000000002
Rbm19	-13.736323	-10.282445
Asb10	-15.061582000000001	-11.607703
Glb1l	-13.925099	-10.471221
Efhd1	-10.468617	-7.0147395
Pepd	-12.690846	-9.236968
Rnf8	-12.409267	-8.955389
Gpcpd1	-11.947365	-8.493486
Bdh2	-14.963882	-11.510003999999999
Zbed3	-12.695528	-9.24165
Pdzd3	-14.842657999999998	-11.38878
Dnmbp	-13.631523000000001	-10.177645
Scn3a	-15.099120000000001	-11.645242
Klhl5	-12.745146	-9.291267
Gm12735	-19.615458	-16.161580999999998
Gnl3	-11.660210000000001	-8.206331
Fermt3	-15.889766	-12.435887
Foxl2	-19.903141	-16.449265
Zfp960	-15.30131	-11.847431
Cntn6	-15.563673999999999	-12.109796000000001
Saa2	-21.001753	-17.547876000000002
Dusp28	-12.829589	-9.3757105
Fam3a	-12.323632	-8.869753999999999
Rtbdn	-18.436804000000002	-14.982926
E030013I19Rik	-10.184398	-6.730519999999999
Pld3	-12.670649000000001	-9.21677
AI507597	-16.535845000000002	-13.081966
Gdf10	-13.210644	-9.756765
Scn8a	-18.436804000000002	-14.982926
Mmp17	-11.797935	-8.344056
Zfp275	-12.912578	-9.458699000000001
Wee1	-12.444571	-8.990692
C87436	-12.604696	-9.150818
Nfia	-9.827228	-6.3733497
Zgrf1	-14.767342999999999	-11.313464
Dctn6	-10.623959	-7.1700807
1700072G22Rik	-19.209993	-15.756116
Dstyk	-12.290804	-8.836925500000001
Rffl	-14.107083	-10.653205
Clec12a	-19.903141	-16.449265
Tshz1	-11.743576	-8.289698
Ccdc66	-12.4598675	-9.005989
Greb1l	-14.4183445	-10.964466
Tbx3os1	-18.922311999999998	-15.468434
Unc13a	-16.06728	-12.613401
Adgrb2	-16.858618	-13.404739999999999
Gm44053	-16.490892000000002	-13.037015
Gclc	-12.461821	-9.007942
4933422A05Rik	-19.209993	-15.756116
H2-M5	-21.001753	-17.547876000000002
Sema7a	-18.436804000000002	-14.982926
Frzb	-12.848116000000001	-9.3942375
Arf1	-9.922692	-6.4688144
Osbpl5	-12.213465	-8.759586
Slc2a9	-17.634457	-14.180579000000002
Olfr403	-19.903141	-16.449265
Gm10603	-19.209993	-15.756116
Lrrc8c	-12.679359	-9.225481
Sf3a1	-12.440927	-8.987048
Gm50254	-18.922311999999998	-15.468434
Ifitm7	-21.001753	-17.547876000000002
Fam120c	-13.571639000000001	-10.117761
Ildr2	-16.165470000000003	-12.711592999999999
Apon	-21.001753	-17.547876000000002
Cntnap5a	-18.436804000000002	-14.982926
Gm11542	-19.055841	-15.601964
Ltf	-19.615458	-16.161580999999998
Zfp362	-12.233802	-8.779923
Gm50396	-19.615458	-16.161580999999998
Tmed8	-12.990730000000001	-9.536852
Gm44632	-21.001753	-17.547876000000002
Tubg2	-15.112875	-11.658997
Crtc1	-13.579978	-10.1261
Spata5	-13.473420999999998	-10.019542999999999
Ccl21a	-15.388625	-11.934747
Mybl1	-13.602967000000001	-10.149089
Mmp25	-18.362696	-14.908818
Timm50	-12.399852000000001	-8.945973
Ctu2	-12.877307	-9.423428999999999
L3mbtl1	-19.055841	-15.601964
Parp9	-13.50955	-10.055672
Cx3cl1	-14.985597	-11.531718
Nav1	-11.339128	-7.8852496
Nup88	-11.978104	-8.524225
Tmem246	-12.405379	-8.951500999999999
Nhsl1	-15.074826999999999	-11.620949000000001
Pagr1a	-16.99442	-13.540542000000002
Dhrs1	-11.79733	-8.3434515
Slc44a1	-12.65606	-9.202182
Acad9	-13.049489999999999	-9.595612
Pi4kb	-13.165779	-9.711901
Jun	-8.988155	-5.534277400000001
Gm49975	-18.699167000000003	-15.245289999999999
Rab28	-11.719092	-8.265214
Selenof	-9.670589	-6.2167115
Tarbp2	-12.684476	-9.2305975
Cd226	-19.392315	-15.938437
Rasgrp2	-11.264025	-7.810147
9530082P21Rik	-15.080174	-11.626296
Fbxo42	-12.980825	-9.526947
Kcnip4	-13.24513	-9.791250999999999
Gm44123	-16.396584	-12.942705
Gm4756	-21.001753	-17.547876000000002
Gm21411	-19.392315	-15.938437
Pold2	-12.855044	-9.401166
Rwdd2b	-14.809391	-11.355513
Ppp1r14a	-8.651444999999999	-5.197568
Acp4	-19.903141	-16.449265
Ptgdr2	-20.308605	-16.854729000000003
Isl2	-18.111382	-14.657504000000001
Ak5	-17.669548000000002	-14.215670999999999
4933407E24Rik	-16.671019	-13.217141
Dlgap3	-19.903141	-16.449265
2600014E21Rik	-21.001753	-17.547876000000002
1700047G03Rik	-21.001753	-17.547876000000002
Nkx6-3	-21.001753	-17.547876000000002
Lrrc4b	-14.763429	-11.30955
Hrct1	-12.828177	-9.374299
Gria4	-16.406633	-12.952755
Pola2	-13.898431	-10.444552
Cxxc1	-12.225586	-8.771708
A130010J15Rik	-14.840546	-11.386667
Naaa	-13.104828999999999	-9.65095
Heatr6	-12.414102	-8.960223
Zscan29	-13.618385	-10.164507
Inppl1	-12.638411	-9.184532
Wiz	-12.547713	-9.093835
Greb1	-18.804527	-15.35065
Ythdf2	-11.84218	-8.388302000000001
Gm12940	-13.582373	-10.128494
Tmie	-15.472323999999999	-12.018446
Mybpc3	-19.615458	-16.161580999999998
Gjc1	-11.081016	-7.6271377000000005
Gm50240	-13.490229000000001	-10.03635
Gm11549	-16.797060000000002	-13.343182999999998
Gm38150	-18.516845999999997	-15.062968
Tars2	-13.105573	-9.651694
Mthfd2l	-11.838505	-8.384625999999999
C3	-14.180646	-10.726768
Ip6k2	-12.677417	-9.223538000000001
Igsf9	-12.427991	-8.9741125
Spsb4	-14.503471	-11.049593
Gm14327	-15.164022000000001	-11.710144
Daglb	-13.427709	-9.97383
Tcn2	-12.913192	-9.459313
Gm17435	-14.813489	-11.359611
Prkacb	-10.862996	-7.409117999999999
Enkur	-15.096392000000002	-11.642513000000001
Lime1	-18.516845999999997	-15.062968
Ano2	-15.143820000000002	-11.689941000000001
Plod1	-12.126466	-8.672587
Npm3	-11.563400999999999	-8.109523
Acvr1b	-13.472347000000001	-10.018469
Zbtb41	-12.332526	-8.878648
Gm36495	-17.050507999999997	-13.596631
Idnk	-12.309263	-8.855385
Slitrk6	-18.16854	-14.714661999999999
Azi2	-11.598069	-8.144191000000001
Snapc1	-12.301739	-8.84786
Sdc2	-10.843895	-7.390016999999999
Rab40b	-13.321578	-9.8677
AI427809	-19.903141	-16.449265
Ndufaf7	-12.446109	-8.992230000000001
Map2k7	-12.338557000000002	-8.884679
Agt	-20.308605	-16.854729000000003
Dtx2	-13.635941	-10.182062
Ibsp	-15.281442000000002	-11.827563
Ube2a	-11.538244	-8.084366000000001
Nadk	-12.195779	-8.7419
Pdp1	-13.197501999999998	-9.743624
2310014F06Rik	-16.111404	-12.657525999999999
Aicda	-20.308605	-16.854729000000003
Hoxd3os1	-14.546555	-11.092675999999999
Hist1h2bp	-17.669548000000002	-14.215670999999999
Gm20468	-18.804527	-15.35065
Hr	-12.961951	-9.508073
Comt	-10.757019	-7.303141
Pfkfb2	-14.82381	-11.369931
Cma2	-21.001753	-17.547876000000002
Hist3h2ba	-16.157566	-12.703688
Rrn3	-12.971994	-9.518116000000001
Pgk1	-11.162911	-7.7090335
Dnal4	-12.354761	-8.900883
Itgax	-19.903141	-16.449265
Gm39397	-20.308605	-16.854729000000003
Gm50044	-20.308605	-16.854729000000003
Ssu72	-11.176876	-7.722998
Gm7008	-16.469151999999998	-13.015275
Fgd6	-12.968095	-9.514216000000001
Cst7	-20.308605	-16.854729000000003
Mn1	-12.538805	-9.084927
Gm12158	-18.16854	-14.714661999999999
Csrnp3	-17.390835	-13.936957000000001
Nfil3	-11.669195	-8.215317
Olfr922	-19.903141	-16.449265
Ntf5	-21.001753	-17.547876000000002
Eri1	-13.168153	-9.714274000000001
Hba-a2	-14.392404999999998	-10.938526
Negr1	-15.786817999999998	-12.332939
Nckipsd	-14.287582	-10.833704
Gga3	-14.000507	-10.546629
Mzb1	-19.392315	-15.938437
Gjb5	-18.922311999999998	-15.468434
Gm26676	-19.392315	-15.938437
Gjb4	-21.001753	-17.547876000000002
Klhl2	-13.524714000000001	-10.070836
Sez6	-19.903141	-16.449265
Gm20478	-21.001753	-17.547876000000002
Ppbp	-18.00602	-14.552142000000002
Morf4l2	-10.42596	-6.9720816999999995
Bbip1	-11.510453	-8.056575
Cluh	-13.025501	-9.571622999999999
Rpf2	-12.978529	-9.524650999999999
Tm4sf1	-8.495198	-5.0413203
Zfp94	-14.227529999999998	-10.773651
Dnase1	-20.308605	-16.854729000000003
Neurl4	-13.187354000000001	-9.733476
Tmem97	-13.329460999999998	-9.875583
Gm45885	-15.444925	-11.991047
4930509G22Rik	-17.130551999999998	-13.676673999999998
Birc2	-12.021329	-8.567451
Mlxip	-12.394354	-8.940475
Kcna2	-14.840546	-11.386667
Rpia	-13.100746000000001	-9.646868
Mt1	-8.762338	-5.3084598
Notch4	-15.865955	-12.412077
Gm15246	-18.603857	-15.14998
5730507C01Rik	-15.599076	-12.145197999999999
Dhx34	-13.781379999999999	-10.327501
Serinc5	-12.639578	-9.185699000000001
4930444P10Rik	-20.308605	-16.854729000000003
Miga2	-13.596257000000001	-10.142379
Chrna9	-19.903141	-16.449265
Sim2	-20.308605	-16.854729000000003
Pard6g	-13.8772745	-10.423396
Abhd13	-12.852730000000001	-9.398850999999999
Slc6a20b	-16.582912	-13.129033999999999
Zfp781	-16.458458	-13.0045805
Pot1b	-13.752539	-10.29866
Dnajc3	-10.250554	-6.796676
Slc39a6	-12.506805	-9.052927
Gm14210	-21.001753	-17.547876000000002
I830134H01Rik	-17.536016	-14.082139000000002
Jakmip2	-19.903141	-16.449265
Zfp979	-14.186113	-10.732235000000001
Mlf1	-13.010838	-9.556958999999999
Lrrc8d	-15.877789499999999	-12.423911
Gm16316	-19.209993	-15.756116
Piezo2	-13.919204999999998	-10.465326
Usp3	-12.355112	-8.901234
Gm5464	-17.390835	-13.936957000000001
Ero1l	-11.844392	-8.390513
Gm15579	-20.308605	-16.854729000000003
Gm960	-18.111382	-14.657504000000001
March8	-12.230228	-8.77635
Mipepos	-21.001753	-17.547876000000002
Igsf8	-11.676567	-8.222689
Sf3b4	-12.202091000000001	-8.748213
Cym	-20.308605	-16.854729000000003
Asb11	-17.050507999999997	-13.596631
Ric8b	-12.987417	-9.533539
Tubb5	-10.250125	-6.796247
Gm47551	-18.057314	-14.603435999999999
Picalm	-10.372724	-6.918845699999999
Frmd7	-19.903141	-16.449265
St13	-10.33452	-6.8806424
Agap2	-16.767647	-13.313768
Gm15222	-17.600555	-14.146678
Snx12	-12.609897	-9.156018
Aqp1	-10.824885	-7.371007400000001
Yipf6	-12.696022	-9.242144
Gm28791	-14.5004635	-11.046585
Nceh1	-13.690535	-10.236656
Vmn1r4	-18.293703	-14.839826
Grik5	-12.862312	-9.408434
Pnkd	-11.038488000000001	-7.584610499999999
Matk	-18.00602	-14.552142000000002
Laptm5	-16.941309	-13.487432
Zfp664	-11.847560000000001	-8.393682
Nek4	-13.734228	-10.28035
2210039B01Rik	-16.941309	-13.487432
Pyroxd1	-13.11793	-9.664052
Elk1	-13.185739499999999	-9.731861
Loxl4	-16.386633	-12.9327545
H3f3a	-8.452556	-4.9986777
Dhdds	-12.632133	-9.178253999999999
Gm29477	-21.001753	-17.547876000000002
Dpm1	-10.892716	-7.438838499999999
Eri3	-11.688856	-8.234978
Gm49539	-14.94263	-11.488750999999999
Cdk19	-12.589032000000001	-9.135154
Gm15940	-17.288180999999998	-13.834303
Lrrc41	-12.591477000000001	-9.137599
2610001J05Rik	-11.574287	-8.120409
2810459M11Rik	-19.903141	-16.449265
Hif3a	-16.189567999999998	-12.73569
Vrk3	-13.283512	-9.829634
Dpm2	-11.877842999999999	-8.4239645
Cd209g	-19.392315	-15.938437
Gapvd1	-11.600958	-8.147079
Rpn2	-10.45242	-6.9985422999999995
Gm47403	-20.308605	-16.854729000000003
Erich3	-18.436804000000002	-14.982926
Gm43126	-17.240553	-13.7866745
Zcrb1	-10.4652405	-7.011362599999999
Gm10754	-21.001753	-17.547876000000002
Pcna	-11.90391	-8.450031
Mlf2	-10.343459	-6.889581
Ang	-13.752539	-10.29866
Cbr3	-13.062238	-9.608359
Prag1	-15.399633999999999	-11.945756
Nemf	-11.399168	-7.945289999999999
Blm	-15.143820000000002	-11.689941000000001
Ascc1	-12.508853	-9.054975
Gmppa	-12.1480875	-8.694208999999999
E330020D12Rik	-21.001753	-17.547876000000002
Ugcg	-12.998725	-9.544847
BC017158	-13.463791	-10.0099125
Slc38a1	-11.999545	-8.545667
Fastk	-11.850102	-8.396224
Slc25a51	-12.396549	-8.942671
Sptbn5	-17.505245000000002	-14.051368
Inmt	-15.178707000000001	-11.724829
Pard6a	-13.121704999999999	-9.667827
Vsig1	-17.475391000000002	-14.021514000000002
Abcd2	-16.513117	-13.059238
Celf3	-19.209993	-15.756116
Gm14636	-14.971067999999999	-11.51719
Gm32401	-20.308605	-16.854729000000003
Flad1	-13.982455999999999	-10.528578
Tes	-10.844321	-7.3904433
Gm13270	-17.240553	-13.7866745
Nelfb	-12.168436	-8.714558
C1qtnf6	-12.079895	-8.626017
Gm49860	-19.209993	-15.756116
Mzt2	-12.572954	-9.119076
Ruvbl1	-12.022966	-8.569088
Kansl3	-12.309935000000001	-8.856056
Capsl	-15.007791500000002	-11.553913
Mif	-10.447922	-6.994044000000001
Pln	-13.235760999999998	-9.781882000000001
Zfp280c	-13.623995	-10.170116
Dnpep	-11.924259	-8.470381
A330009N23Rik	-17.08973	-13.635851999999998
Onecut3	-19.615458	-16.161580999999998
Lipo2	-18.111382	-14.657504000000001
Ftsj3	-12.771175999999999	-9.317298
Lsm5	-11.677816	-8.223938
Cdk17	-12.996387	-9.542508
Edem2	-13.173317	-9.719439
Cd53	-18.603857	-15.14998
Rgs14	-19.903141	-16.449265
Grk3	-13.382520000000001	-9.928641
Fbxl16	-15.297970999999999	-11.844092
Zcchc24	-11.501883	-8.048003999999999
Rcl1	-13.406869	-9.952991
Gm30794	-15.000339000000002	-11.54646
Gm44957	-18.436804000000002	-14.982926
Etv4	-18.229164	-14.775286999999999
Fam76a	-11.0576515	-7.603773599999999
Tbc1d9b	-12.58416	-9.130281
Cx3cr1	-17.743656	-14.289779000000001
Wrb	-12.985764999999999	-9.531887
Gm44020	-21.001753	-17.547876000000002
Gm32061	-21.001753	-17.547876000000002
Ankdd1a	-21.001753	-17.547876000000002
Zbtb40	-14.304719	-10.850841
Gm21750	-18.922311999999998	-15.468434
Antxr2	-12.759523	-9.305645
Arhgap20	-16.812098000000002	-13.358220000000001
Gm43598	-17.173111	-13.7192335
Gm11127	-18.229164	-14.775286999999999
Rab3d	-12.163200999999999	-8.709323
Phf11d	-13.93273	-10.478850999999999
Pdia6	-10.655151	-7.2012734
0610039K10Rik	-17.031462	-13.577582999999999
mt-Nd4	-7.243023399999999	-3.789146
Anp32e	-11.00966	-7.555782000000001
Acsf3	-14.575265	-11.121387
Epsti1	-18.603857	-15.14998
Usp27x	-15.568031	-12.114153
3300005D01Rik	-19.615458	-16.161580999999998
Gm12111	-17.705915	-14.252038
Fam8a1	-11.752096	-8.298217999999999
Araf	-11.595024	-8.141146
Exo1	-17.669548000000002	-14.215670999999999
Epb41l4aos	-12.75532	-9.301441
Exoc4	-12.033612	-8.579734
Prrt4	-19.615458	-16.161580999999998
Fam89a	-19.055841	-15.601964
Slc25a38	-12.703214	-9.249335
Rbfox2	-10.677846	-7.223967999999999
Parp11	-14.588294	-11.134416
Avp	-19.055841	-15.601964
Gm45437	-19.903141	-16.449265
Bora	-14.323410999999998	-10.869533
Adam22	-16.367023	-12.913146000000001
C1qbp	-11.516892	-8.063014
Phf3	-11.152405	-7.698527
Gm13288	-19.392315	-15.938437
Tex30	-13.439591	-9.985713
Fbxw2	-11.485767999999998	-8.031889999999999
Gm49083	-17.418233999999998	-13.964356
Gm10532	-18.057314	-14.603435999999999
Tab1	-14.000507	-10.546629
Eny2	-10.953560000000001	-7.499682000000001
Dscam	-17.195091	-13.741213
Boc	-12.614213000000001	-9.160335
Ruvbl2	-12.885635	-9.431757000000001
Gm14211	-20.308605	-16.854729000000003
Gm35188	-20.308605	-16.854729000000003
Zfp748	-13.878885999999998	-10.425008
Ctsc	-11.699655	-8.245776
Gzma	-19.903141	-16.449265
Phlpp1	-12.996053	-9.542174000000001
Igbp1	-11.885175	-8.431296000000001
Spef1	-13.921726999999999	-10.467849000000001
1700007K13Rik	-18.229164	-14.775286999999999
Cfap97d2	-21.001753	-17.547876000000002
Col5a3	-16.958702	-13.504824
Pole	-16.310406	-12.856527
Gm36723	-17.823698	-14.369821
Hs6st2	-13.688532999999998	-10.234653999999999
Aox2	-19.903141	-16.449265
Gm24362	-16.84287	-13.388992000000002
Gm49548	-20.308605	-16.854729000000003
Nr3c1	-10.426598	-6.9727197
Gm13269	-15.760006	-12.306128
Nxn	-11.341612	-7.887734
2410080I02Rik	-14.191610999999998	-10.737733
Mast1	-19.903141	-16.449265
Atox1	-10.245064	-6.791186
Pigu	-13.310097	-9.856218
Zfp354a	-13.895147	-10.441269
Rab8a	-11.909183500000001	-8.455305000000001
Slc25a10	-14.122397	-10.668519
Utp14b	-13.822446	-10.368567
Efcab14	-11.580828	-8.126949
Sec31a	-10.723638000000001	-7.269759700000001
Sox13	-13.889426	-10.435547999999999
Fam71a	-13.081306	-9.627428
Katnal2	-18.229164	-14.775286999999999
Gm16618	-17.91071	-14.456832
2700038G22Rik	-15.284725	-11.830847
Qsox2	-12.859108	-9.40523
Cmpk2	-15.007791500000002	-11.553913
Mycn	-18.293703	-14.839826
Ppm1f	-13.811077	-10.357199000000001
Mylk2	-12.676932	-9.223054
Lrrc49	-13.830865	-10.376986500000001
Fndc5	-15.977873	-12.523994
Clec4a2	-18.603857	-15.14998
BC055324	-16.797060000000002	-13.343182999999998
Mrpl49	-12.4274235	-8.973545
Rskr	-16.501944	-13.048065
4921507G05Rik	-19.055841	-15.601964
Gm47675	-21.001753	-17.547876000000002
Metap2	-10.47605	-7.022172500000001
Bcl2	-11.383883	-7.930005599999999
Rpl18	-8.385523	-4.931645400000001
Tfdp2	-11.720303	-8.266424
Mpped2	-12.695281	-9.241403
Asb16	-17.217564000000003	-13.763685
AC154200.1	-18.804527	-15.35065
Mpzl2	-19.615458	-16.161580999999998
Snhg7os	-19.615458	-16.161580999999998
Vps37c	-12.976564	-9.522686
Rfc5	-14.120342	-10.666464
Kdm4c	-12.513989	-9.060111000000001
Neurl2	-12.426103	-8.972224
Rad21	-11.512569000000001	-8.058691
Adss	-11.425104	-7.971226
Ggn	-16.447876	-12.993998
Efhb	-15.129635999999998	-11.675757
Rnpepl1	-11.920383000000001	-8.466505
Pgp	-11.356648	-7.9027705
Msl3l2	-13.354444500000001	-9.900566
Ly6c1	-15.52529	-12.071411
Vmn2r114	-20.308605	-16.854729000000003
AC149090.1	-11.785332	-8.331453
Cox4i2	-13.003753999999999	-9.549875
Espnl	-21.001753	-17.547876000000002
Sh2d5	-18.804527	-15.35065
Cstf2	-13.641013000000001	-10.187135000000001
Mrpl55	-11.638606	-8.184728
Gm16159	-21.001753	-17.547876000000002
Ffar1	-19.615458	-16.161580999999998
Scnm1	-12.625663000000001	-9.171783999999999
Slc8a3	-14.868356	-11.414477
Ptgr1	-13.041080000000001	-9.587202
Gm11992	-21.001753	-17.547876000000002
N4bp2	-13.123219500000001	-9.669341000000001
Arid2	-11.907273	-8.453395
Scai	-12.866114	-9.412235
Mapk1	-11.406014	-7.952136500000001
Alpk1	-14.712038	-11.25816
Slc7a11	-17.866259	-14.412381
Nr2c1	-13.309184	-9.855306
Gm42397	-15.52529	-12.071411
Gm10648	-16.797060000000002	-13.343182999999998
Tnfsf13	-13.261959	-9.808081
Prdm8	-19.055841	-15.601964
Gm13179	-18.293703	-14.839826
Dna2	-15.914157000000001	-12.460278500000001
Pik3cb	-12.797082000000001	-9.343204
Gm5086	-19.392315	-15.938437
A530065N20Rik	-19.903141	-16.449265
6030442K20Rik	-15.908002999999999	-12.454124
Decr1	-12.091707000000001	-8.637829
Hmga2	-17.109932	-13.656054500000002
Atrip	-12.854175999999999	-9.400297
Nipa1	-12.847828	-9.3939495
Mknk2	-11.679246000000001	-8.225368
Tmem255a	-17.195091	-13.741213
Arhgap12	-12.472434	-9.018556
Fasn	-12.665602999999999	-9.211724
Sept7	-9.689953	-6.2360754
Pigv	-13.794635000000001	-10.340755999999999
1700120B22Rik	-19.615458	-16.161580999999998
AW551984	-19.615458	-16.161580999999998
Gm11646	-18.804527	-15.35065
Btla	-18.00602	-14.552142000000002
Fam111a	-14.34246	-10.888581
Lcorl	-13.184529999999999	-9.730652000000001
Dkk3	-10.25517	-6.801292
5430405H02Rik	-13.326207	-9.872328999999999
Gm15587	-21.001753	-17.547876000000002
Il20rb	-16.9764	-13.522523000000001
Kcng4	-18.16854	-14.714661999999999
Sephs2	-13.127775	-9.673897
Scrn1	-12.610804	-9.156925
Chd9	-11.0580845	-7.6042065999999995
Edf1	-9.663253	-6.209375
Dynlt1b	-14.588294	-11.134416
Cwc25	-12.258061999999999	-8.804184
4930432K21Rik	-16.941309	-13.487432
Amn1	-12.961307000000001	-9.507427999999999
Ggnbp1	-12.935546	-9.4816675
Misp	-19.209993	-15.756116
Syne4	-17.782877	-14.3289995
Gm45877	-19.615458	-16.161580999999998
Glrx3	-10.95101	-7.497132000000001
F830208F22Rik	-18.16854	-14.714661999999999
Fundc2	-10.913696	-7.4598184000000005
Bmpr1b	-12.176782000000001	-8.722903
Dkc1	-12.423841	-8.969963
Med19	-12.335106	-8.8812275
4930407G08Rik	-21.001753	-17.547876000000002
Dmxl1	-11.428785000000001	-7.974907400000001
Cyct	-17.031462	-13.577582999999999
Qrich2	-18.516845999999997	-15.062968
Zc2hc1a	-10.745814	-7.2919364
Gm6712	-15.08825	-11.634372
Insig2	-11.247114	-7.793236299999999
Cpne2	-11.56827	-8.114391
Gm20705	-16.283255	-12.829376
Cav1	-9.636550999999999	-6.182673
Cyb5r3	-9.307032000000001	-5.8531537
Ece1	-12.583497	-9.129619
Gm47948	-19.903141	-16.449265
1300017J02Rik	-17.240553	-13.7866745
Gm11655	-20.308605	-16.854729000000003
Acin1	-10.718666	-7.264788
Slc16a3	-13.062238	-9.608359
Adarb1	-11.085596	-7.631717999999999
Lratd2	-15.480292000000002	-12.026414
Sox10	-19.392315	-15.938437
Diaph3	-15.051110999999999	-11.597233000000001
Gm46409	-17.217564000000003	-13.763685
Irgc1	-17.217564000000003	-13.763685
Plxdc2	-10.533263999999999	-7.079386
Cd209c	-19.903141	-16.449265
Crybb2	-20.308605	-16.854729000000003
Rab33b	-12.431208999999999	-8.97733
Dhx58os	-15.178707000000001	-11.724829
Eif1ad	-12.659866000000001	-9.205988
Gxylt1	-12.819754	-9.365875
Gm44226	-21.001753	-17.547876000000002
Akt1	-11.419367	-7.965489
Dsc2	-16.924215	-13.470338
Cyp27b1	-18.362696	-14.908818
Elmo1	-13.200362	-9.746483999999999
Btbd18	-19.615458	-16.161580999999998
Phkb	-12.131933	-8.678055
Siva1	-10.876323	-7.422445
Sdcbp	-10.553184	-7.0993056
Igsf21	-19.055841	-15.601964
E430024P14Rik	-15.842698	-12.388819999999999
Gm11915	-17.505245000000002	-14.051368
Tcp11	-18.057314	-14.603435999999999
Cdk2ap2	-10.980393	-7.5265154999999995
Homer3	-13.290652	-9.836774
BC018473	-17.240553	-13.7866745
AV039307	-16.469151999999998	-13.015275
Gm47565	-19.903141	-16.449265
Spag9	-10.159862	-6.7059836
Bclaf3	-12.302572	-8.848694
2610507B11Rik	-11.444778	-7.9909005
Mmrn2	-14.971067999999999	-11.51719
Hcfc1r1	-9.271212	-5.8173337
Gm28505	-21.001753	-17.547876000000002
Pik3c3	-12.968419	-9.514541
Gm12089	-16.367023	-12.913146000000001
Tmem234	-10.626919000000001	-7.1730410000000004
Gm16278	-18.516845999999997	-15.062968
Gm47906	-19.392315	-15.938437
Prkrip1	-12.37463	-8.920752
Gm26566	-16.874619	-13.420739999999999
Gbp8	-21.001753	-17.547876000000002
Tm9sf4	-12.106124000000001	-8.6522455
9930021J03Rik	-11.876644	-8.422766000000001
Eif2b3	-12.465542	-9.011663
1700064H15Rik	-18.436804000000002	-14.982926
Gm13528	-21.001753	-17.547876000000002
Sacs	-11.115514	-7.661636
Atf6	-12.091436999999999	-8.637559
Tmem35b	-13.648031	-10.194153
Necab3	-19.392315	-15.938437
Tnfrsf11a	-12.396549	-8.942671
Plcb4	-9.382217	-5.92834
Scg2	-21.001753	-17.547876000000002
Vmn2r59	-18.922311999999998	-15.468434
Dmc1	-15.199635	-11.745756
Pcdhga9	-15.110109	-11.656231
Tnfaip8	-11.630741	-8.176863
2700062C07Rik	-12.778932000000001	-9.325053
Armcx6	-14.530953	-11.077075
Gm43604	-17.95723	-14.503352
Ndufaf8	-11.112314	-7.6584363
Itga2b	-14.560807	-11.106929
Sept6	-11.641959	-8.188081
Dffa	-13.827795000000002	-10.373917
C5ar1	-18.293703	-14.839826
D330037F02Rik	-20.308605	-16.854729000000003
Npr2	-12.246804	-8.792926
Vmn2r3	-19.615458	-16.161580999999998
Cdc42	-9.838755	-6.3848767
Anxa3	-10.438546	-6.9846683
Itih3	-13.995964	-10.542086
Emg1	-11.336269	-7.8823915
Spock3	-17.743656	-14.289779000000001
Gm38398	-18.922311999999998	-15.468434
Gm30015	-17.264084	-13.810204999999998
Atp5o	-10.343671	-6.889792999999999
Ywhah	-10.420613000000001	-6.966735400000001
Hpgds	-15.819970000000001	-12.366092
Clic4	-9.107368	-5.6534905
Mxd1	-12.698249	-9.24437
4930594M22Rik-1	-18.229164	-14.775286999999999
Bag1	-10.321145	-6.867267
Hsdl1	-13.188970999999999	-9.735092
Gm15663	-13.965604999999998	-10.511726
Cma1	-17.823698	-14.369821
Slc22a20	-21.001753	-17.547876000000002
Ccrl2	-12.844096	-9.390217999999999
Cenpq	-13.347783999999999	-9.893906
4930549G23Rik	-17.705915	-14.252038
Whamm	-12.3065815	-8.852703
Dnajc21	-11.266152	-7.812274499999999
A330033J07Rik	-21.001753	-17.547876000000002
Frat1	-16.501944	-13.048065
Mxra7	-11.308802	-7.8549237000000005
Cstf2t	-13.273778	-9.8199
Dpf3	-16.890879	-13.437001
Zfp40	-13.553419	-10.099541
Gm45184	-16.84287	-13.388992000000002
Dusp4	-17.338192000000003	-13.884314000000002
Slc9a9	-16.907408	-13.453529999999999
Gm38246	-20.308605	-16.854729000000003
Gfra2	-16.248163	-12.794285
Rnf14	-11.762825	-8.308947
Kbtbd12	-16.645044	-13.191166
Ifi44l	-21.001753	-17.547876000000002
4933411E06Rik	-17.364166	-13.910289
S100a16	-10.939810000000001	-7.485932000000001
Ghdc	-13.245557999999999	-9.791679
Ppm1a	-10.960636000000001	-7.5067580000000005
Pkd2	-11.714452	-8.260572999999999
Tmem208	-11.451803	-7.9979252999999995
Mpi	-13.733529999999998	-10.279652
Tmbim1	-11.426978	-7.9731
Ccdc36	-17.705915	-14.252038
Gm11837	-14.260053	-10.806174
Zan	-20.308605	-16.854729000000003
Dsn1	-15.4296	-11.975721
B630019K06Rik	-14.771272	-11.317393
Slit3	-10.994492	-7.540613700000001
F2r	-12.154967999999998	-8.701089999999999
4632428C04Rik	-17.634457	-14.180579000000002
Notum	-19.209993	-15.756116
Chrna10	-19.615458	-16.161580999999998
Gm47251	-20.308605	-16.854729000000003
Gm45738	-18.603857	-15.14998
A230083G16Rik	-18.516845999999997	-15.062968
2610020C07Rik	-15.169870000000001	-11.715992
Slc2a13	-13.032395	-9.578517
Gm3235	-21.001753	-17.547876000000002
Dchs1	-13.210644	-9.756765
Gm26781	-21.001753	-17.547876000000002
Shisal2b	-19.615458	-16.161580999999998
Gm10778	-16.357363	-12.903483999999999
Minar1	-17.95723	-14.503352
Cmtm6	-12.576017	-9.122139
Dglucy	-14.642179500000001	-11.188301
Asns	-15.669035000000001	-12.215157000000001
Idi1	-12.160884	-8.7070055
Epcam	-19.903141	-16.449265
Cdkn3	-15.939157999999999	-12.48528
Mmp9	-15.895807999999999	-12.441930000000001
Gm30893	-21.001753	-17.547876000000002
4632404M16Rik	-19.903141	-16.449265
Lvrn	-16.437405	-12.983527
Pde1c	-14.262417000000001	-10.808538
Mea1	-11.695103999999999	-8.241225
Retreg1	-14.333525	-10.879646000000001
Cyb5d2	-13.734228	-10.28035
Gm28792	-18.516845999999997	-15.062968
Gm15155	-21.001753	-17.547876000000002
Gpr137b	-13.617142999999999	-10.163264
D730003I15Rik	-13.627751000000002	-10.173873
Vps26a	-12.080563	-8.626684
Hdac8	-13.806566	-10.352688
Galt	-12.635383000000001	-9.181503999999999
1110012L19Rik	-12.734048	-9.280169500000001
Gm14326	-14.1060705	-10.652192
Tmem161a	-12.257584	-8.803705
Tmprss9	-16.697687	-13.24381
Prkcg	-15.249181	-11.795302000000001
Cers3	-18.603857	-15.14998
Snapc5	-11.339128	-7.8852496
4930483P17Rik	-19.209993	-15.756116
Rtn4	-10.092244	-6.638366
Prim1	-13.291996	-9.838118
Gm29237	-17.390835	-13.936957000000001
Psma5	-10.779049	-7.325171000000001
Gm5533	-17.01277	-13.558891000000001
Gm15691	-20.308605	-16.854729000000003
Grp	-17.705915	-14.252038
Mtfr2	-17.446405	-13.992526999999999
Zfp521	-16.827366	-13.373486999999999
Prmt1	-11.105089	-7.6512113
Slc38a7	-13.510107999999999	-10.056230000000001
Pirt	-20.308605	-16.854729000000003
Lrrc1	-14.645646	-11.191768
Poc1a	-14.515592999999999	-11.061714
Nup205	-13.262394	-9.808516000000001
Gm44421	-15.126822	-11.672944000000001
Sppl2a	-11.406423	-7.9525447
Gm20633	-16.416786	-12.962908
Wrn	-12.367488999999999	-8.91361
Gm38287	-18.603857	-15.14998
Pusl1	-13.164594000000001	-9.710714999999999
C230037L18Rik	-15.854258999999999	-12.40038
Gm17035	-19.209993	-15.756116
Ero1lb	-13.879693	-10.425815
Pigm	-13.412923999999999	-9.959045
Anp32a	-10.819801	-7.3659234
Sesn1	-11.565872	-8.111994000000001
Zbtb24	-13.353489999999999	-9.899611
Gm32389	-17.338192000000003	-13.884314000000002
Uty	-13.002747	-9.548867999999999
Drd1	-16.173439000000002	-12.719562
Nsmce2	-12.3600445	-8.906166
Pspn	-19.903141	-16.449265
Scaf4	-12.765862	-9.311983999999999
Ptpn4	-13.261089000000002	-9.807211
Vmn1r201	-19.615458	-16.161580999999998
Gm44702	-17.195091	-13.741213
Ttbk2	-13.077681	-9.623802
Scara3	-11.768771000000001	-8.314893
Gm10570	-15.366963	-11.913085
Napg	-11.7937155	-8.339837
Neurl1a	-15.363399	-11.90952
Tmem44	-16.725085999999997	-13.271208999999999
Gm12953	-18.603857	-15.14998
Hint3	-11.6480055	-8.194127
Paf1	-11.470417	-8.016539
Gm8994	-19.615458	-16.161580999999998
Gnpda2	-12.126746	-8.672868
Mpnd	-11.516892	-8.063014
Gm37986	-15.733895	-12.280016999999999
Pms2	-13.415457	-9.961578
B430306N03Rik	-20.308605	-16.854729000000003
Prep	-12.9076805	-9.453802
Smg9	-13.300101000000002	-9.846223
Slc35g1	-14.524780999999999	-11.070903
Ostm1	-13.323889999999999	-9.870011
2610037D02Rik	-13.514579999999999	-10.060701
Pkp1	-19.392315	-15.938437
Rp2	-12.549418	-9.09554
Unc13d	-16.458458	-13.0045805
Ubb	-8.017588	-4.5637099999999995
Ankrd13c	-12.57099	-9.117111
Tubgcp3	-12.843523	-9.389645
Gm15809	-15.381352	-11.927474
Nudt2	-13.070109	-9.616230999999999
Zbtb7a	-10.931692	-7.4778139999999995
Gm37850	-17.866259	-14.412381
Rbpjl	-17.705915	-14.252038
Rab39	-21.001753	-17.547876000000002
Sntb1	-12.260457	-8.806579
Gnptg	-12.838667	-9.384788499999999
Lsg1	-12.724086999999999	-9.270208
Gm35315	-15.895807999999999	-12.441930000000001
Gm44997	-16.089098	-12.635221000000001
Gm11149	-16.782246	-13.328367000000002
Gm16066	-18.229164	-14.775286999999999
Etohd2	-15.146682	-11.692803
Clstn3	-21.001753	-17.547876000000002
Gm14319	-19.615458	-16.161580999999998
Gm13075	-18.603857	-15.14998
Setd4	-14.585021	-11.131143
Rab8b	-13.044226	-9.590347
Ano3	-16.052994	-12.599115
Gm8075	-19.615458	-16.161580999999998
AA386476	-15.649896	-12.196017
Arnt	-12.21897	-8.765092
Tafa2	-18.057314	-14.603435999999999
Gm45218	-18.293703	-14.839826
Gas2	-15.418257	-11.964378
Eif2c5	-14.057666000000001	-10.603786999999999
Ascc3	-11.794017	-8.340138
Tmcc1	-12.201338	-8.747459
B3gnt6	-18.293703	-14.839826
Gm11734	-16.874619	-13.420739999999999
1810055G02Rik	-12.438630999999999	-8.984753
Jak3	-18.804527	-15.35065
Cabp7	-21.001753	-17.547876000000002
Gm35019	-16.052994	-12.599115
Il34	-17.705915	-14.252038
Gm2245	-19.392315	-15.938437
Nudt6	-13.697237	-10.243359
Rell2	-17.823698	-14.369821
Cep170	-12.185938	-8.7320595
Gm45022	-16.619726	-13.165849
Gm36608	-14.466512	-11.012633000000001
Gm16268	-20.308605	-16.854729000000003
Chrac1	-11.222639	-7.7687610000000005
Fnip1	-11.815296	-8.361417999999999
Bag3	-11.19643	-7.7425523
Bhlhe40	-13.561606	-10.107728
Bdkrb1	-17.475391000000002	-14.021514000000002
Map10	-14.914979	-11.461101
Eln	-8.046911	-4.593033999999999
Ccr5	-18.699167000000003	-15.245289999999999
Mydgf	-11.095519	-7.641641
Atr	-13.101858	-9.64798
Ptgds	-16.338314	-12.884436
Bms1	-12.191294000000001	-8.737414999999999
Pdlim4	-10.793026	-7.339148
Egfl7	-16.310406	-12.856527
Gm42517	-15.984473000000001	-12.530595
Scube3	-10.646585	-7.1927075
Cdhr3	-18.603857	-15.14998
Zdhhc1	-12.799271000000001	-9.345392
Gmip	-14.744085	-11.290207
Plcd4	-17.600555	-14.146678
Capn3	-14.423892000000002	-10.970014
Gm35438-1	-17.669548000000002	-14.215670999999999
Gm49086	-18.603857	-15.14998
Col9a1	-17.866259	-14.412381
Msln	-17.669548000000002	-14.215670999999999
Gm20621	-19.615458	-16.161580999999998
Cavin2	-11.277153	-7.823275
Dynlrb2	-21.001753	-17.547876000000002
Noxo1	-13.414442999999999	-9.960564999999999
Gm50410	-15.713486999999999	-12.259608
Gm26590	-16.739073	-13.285195000000002
Wdr33	-11.506159	-8.05228
Acss2os	-21.001753	-17.547876000000002
4933433G19Rik	-18.516845999999997	-15.062968
Fgf8	-21.001753	-17.547876000000002
Itga6	-15.792267	-12.338388
Glipr1	-12.127166	-8.673287
Upf3b	-11.871323	-8.417444
Tspyl1	-11.701207	-8.247328999999999
Zbtb10	-12.693553999999999	-9.2396755
Gm14207	-21.001753	-17.547876000000002
Cyth4	-18.229164	-14.775286999999999
9330175E14Rik	-21.001753	-17.547876000000002
Filip1l	-8.491060000000001	-5.0371823
9530052E02Rik	-17.669548000000002	-14.215670999999999
Rexo5	-15.452677	-11.998797999999999
Gm26604	-21.001753	-17.547876000000002
Gm28557	-14.365807	-10.911928
Zfp994	-13.718992000000002	-10.265114
Ak2	-11.911549	-8.45767
Gm42846	-18.516845999999997	-15.062968
2700046G09Rik	-14.416962	-10.963083000000001
Nifk	-12.50558	-9.051702
BC037032	-14.368435	-10.9145565
Marveld2	-19.055841	-15.601964
Adal	-14.018889999999999	-10.565012
Zfp493	-15.085551	-11.631673
Cdh20	-21.001753	-17.547876000000002
Kctd13	-13.232375	-9.778497
N4bp1	-12.414847	-8.960969
Rpl9-ps6	-12.960018	-9.50614
Hyal2	-12.88444	-9.430562
BB557941	-17.866259	-14.412381
Aldh3b1	-15.594582	-12.140703
Pglyrp1	-16.924215	-13.470338
Phpt1	-11.912677	-8.458798
Dhx30	-12.056028999999999	-8.602151
Fam168a	-11.315552	-7.861674000000001
Ncald	-11.671322	-8.217443
AC133103.1	-19.903141	-16.449265
Eif5b	-9.8329115	-6.3790336
Stn1	-13.565725	-10.111847000000001
Tdrd3	-12.199231	-8.745353
Gm5141	-14.497465	-11.043586999999999
Gm9747	-17.130551999999998	-13.676673999999998
Trim10	-21.001753	-17.547876000000002
Gm50169	-17.567766	-14.113888000000001
Iah1	-11.883528	-8.429649000000001
Exosc10	-12.485761	-9.031882000000001
Zfp518b	-13.460071	-10.006192
Kcnk5	-19.055841	-15.601964
Tmed3	-10.409051	-6.955172999999999
Fgf1	-11.408875	-7.9549975
Fbxl8	-13.976215	-10.522337
Aldh18a1	-13.413429	-9.959551
Gm15747	-17.130551999999998	-13.676673999999998
Dnajb13	-21.001753	-17.547876000000002
Ces1a	-18.603857	-15.14998
Dbn1	-12.317691	-8.863812
Ninj1	-11.220321	-7.766442999999999
Kdm3b	-12.694787	-9.240909
Plaat5	-20.308605	-16.854729000000003
Larp6	-14.838438	-11.38456
Nphp1	-12.915958	-9.46208
BC028471	-21.001753	-17.547876000000002
Gm5741	-19.055841	-15.601964
Col23a1	-14.937968	-11.48409
Nod1	-13.852622	-10.398744
Trex1	-19.209993	-15.756116
Cela1	-14.385688	-10.931809
Zfp853	-17.743656	-14.289779000000001
Osmr	-13.280404999999998	-9.826527
Arhgef28	-14.859715	-11.405837
Gm11808	-12.555627000000001	-9.101747999999999
4933431E20Rik	-14.677394	-11.2235155
Adamts2	-11.186496	-7.7326179999999995
Emilin1	-11.050667	-7.596789
Slc5a2	-17.95723	-14.503352
Sh3glb2	-11.975576	-8.521697999999999
Mmp11	-13.847138000000001	-10.39326
Gm9926	-18.436804000000002	-14.982926
Hspa1l	-13.020703	-9.566825
Bnip3l	-10.840644000000001	-7.386766000000001
Tsr3	-12.905545	-9.451667
Cope	-10.528191	-7.074312700000001
Lrrc45	-12.956486	-9.502607000000001
Sorbs1	-11.417644500000002	-7.9637666
Kcnd1	-16.025019	-12.571141
Osbpl11	-12.585486	-9.131608
Tfeb	-12.4573345	-9.003456
Gm32624	-19.903141	-16.449265
Tysnd1	-12.890725	-9.436847
Mtm1	-13.375182999999998	-9.921305
Kcnq5	-13.590801	-10.136923
Pfkp	-10.857517999999999	-7.403640299999999
Sorbs2	-10.729603	-7.275725
Trappc12	-12.718511999999999	-9.264633
Pde8a	-14.659632	-11.205753
Als2cl	-15.572408	-12.118528999999999
Myo1b	-15.877789499999999	-12.423911
Olfr552	-18.362696	-14.908818
Smo	-11.995367	-8.541489
Sult1e1	-18.516845999999997	-15.062968
Kcnq2	-18.436804000000002	-14.982926
Trim30d	-15.010289000000002	-11.556411
Klhl24	-11.350838000000001	-7.896960000000001
Gm11008	-17.782877	-14.3289995
Hoxb3	-12.954244000000001	-9.500364999999999
Gm9801	-17.782877	-14.3289995
Gm49417	-15.242851000000002	-11.788973
Ppil1	-12.242556	-8.788677
Tec	-16.595034	-13.141156
A530095I07Rik	-13.870854000000001	-10.416976
Hps5	-13.480435	-10.026557
9230112E08Rik	-15.363399	-11.90952
Itgb5	-9.777016999999999	-6.3231387
1700016K05Rik	-19.903141	-16.449265
Spin4	-13.993248000000001	-10.53937
Gm14418	-14.145291	-10.691413
Zdhhc18	-13.021388	-9.56751
Scarletltr	-16.265554	-12.811676
Gm13166	-16.081772	-12.627894
Aknaos	-21.001753	-17.547876000000002
Pgam2	-15.603591	-12.149713
Itgb2	-18.603857	-15.14998
Etfdh	-12.674511	-9.220633
Fstl1	-8.917639	-5.4637613
Gm8369	-21.001753	-17.547876000000002
Rbak	-13.819401000000001	-10.365522
Tcof1	-12.330981	-8.877103
Smim12	-11.619731	-8.165853
D930030I03Rik	-17.264084	-13.810204999999998
Heatr3	-12.86846	-9.414581
Flicr	-17.782877	-14.3289995
Gm16121	-21.001753	-17.547876000000002
Btf3l4	-12.697753	-9.243875
Apol7d	-15.377735999999999	-11.923858000000001
D630039A03Rik	-18.436804000000002	-14.982926
Rnf180	-17.418233999999998	-13.964356
Scyl3	-13.333192000000002	-9.879313
Rpl10a	-8.587168	-5.133290000000001
Abhd18	-13.237032999999998	-9.7831545
Mgat2	-11.565633	-8.111754
Zc3h7b	-12.215908	-8.762030000000001
Gm13470	-18.516845999999997	-15.062968
Kitl	-12.308760000000001	-8.854880999999999
Gm2694	-19.209993	-15.756116
1810062O18Rik	-15.308022	-11.854142999999999
Gm47633	-19.055841	-15.601964
Atg5	-12.128706	-8.674828
S100a8	-18.362696	-14.908818
Gopc	-12.450739	-8.9968605
Ccsap	-16.283255	-12.829376
Elob	-9.129267	-5.6753893
Eif3j1	-10.778322	-7.3244443
Bok	-14.388370000000002	-10.934491
Per2	-11.9885235	-8.534645
Gm11110	-15.187623	-11.733744999999999
Gm48025	-18.699167000000003	-15.245289999999999
Ccdc9	-12.805593	-9.351714
Glrx2	-10.971236	-7.5173583
Gskip	-12.545585	-9.091706
Ebf4	-14.449245000000001	-10.995367
Gpr108	-11.921294	-8.467416
Vwa3b	-15.080174	-11.626296
Extl3	-12.587701	-9.133822
Scn4b	-19.209993	-15.756116
Gm43699	-17.91071	-14.456832
Rrnad1	-13.048083	-9.594205
Ube4bos1	-18.057314	-14.603435999999999
Dlx3	-19.055841	-15.601964
Daxx	-12.832417	-9.378538
Ccnq	-12.607633	-9.153754
Plau	-15.512815	-12.058937
Tmem214	-12.310439	-8.856561
Gm15545	-15.321581	-11.8677025
Gm26784	-19.903141	-16.449265
Hoxc6	-13.402351999999999	-9.948474000000001
Ces2f	-19.615458	-16.161580999999998
Gm44836	-18.699167000000003	-15.245289999999999
Tnr	-14.723232000000001	-11.269354
Fgf15	-18.436804000000002	-14.982926
Chmp5	-11.08023	-7.626352000000001
Gm15491	-16.338314	-12.884436
Dse	-12.4773855	-9.023507
Pcsk5	-11.511511	-8.057632
Gm43920	-15.739063	-12.285185
Kdr	-17.418233999999998	-13.964356
Ccdc186	-11.223886	-7.7700076000000005
Rfc1	-11.304614	-7.850736
Myo5c	-16.301273000000002	-12.847395
Gm15991	-16.0745	-12.620622000000001
Pdcd6	-11.032852	-7.5789742
Gm26916	-19.615458	-16.161580999999998
Uqcc3	-11.486578999999999	-8.032701
Rnf169	-13.034125999999999	-9.580248
Gm15551	-15.452677	-11.998797999999999
Gm14011	-19.392315	-15.938437
Ppp1r14c	-12.124232000000001	-8.670354
Larp1	-11.5601425	-8.106264
Cib3	-19.055841	-15.601964
Cfap100	-19.392315	-15.938437
Ccdc13	-17.031462	-13.577582999999999
C030034I22Rik	-15.121220999999998	-11.667342
Gm6556	-16.9764	-13.522523000000001
Efhd2	-11.579047000000001	-8.125169
Atpif1	-9.812773	-6.3588949999999995
Arid3a	-14.761477	-11.307599
C330018A13Rik	-21.001753	-17.547876000000002
Ddx28	-13.741230999999999	-10.287353
Agps	-12.727905999999999	-9.274028
4930500M09Rik	-18.057314	-14.603435999999999
Bbs7	-13.4328575	-9.978978999999999
Rab5if	-10.879612	-7.425733999999999
Tmem59	-10.057371	-6.603492999999999
Pus3	-13.966485	-10.512607000000001
Tubgcp5	-12.5013	-9.047421
Zfp329	-12.237855999999999	-8.783977499999999
Gm50012	-14.276720000000001	-10.822842
Eddm3b	-21.001753	-17.547876000000002
Hey2	-11.550272	-8.096394
Rtn4rl1	-14.312154000000001	-10.858275
Pdss1	-14.657873	-11.203994999999999
Gm20075	-16.018147	-12.564267999999998
Ednra	-13.7497	-10.295821
Mpg	-12.855044	-9.401166
9530046B11Rik	-18.436804000000002	-14.982926
Sar1b	-11.151614	-7.6977363
Caprin1	-11.341166000000001	-7.887287599999999
G530012D18Rik	-19.903141	-16.449265
Pkp3	-21.001753	-17.547876000000002
Tbc1d22b	-13.823970999999998	-10.370092
Tmppe	-15.395951	-11.942072999999999
Rab3gap2	-12.1626215	-8.708743
Pik3r6	-14.949664000000002	-11.495786
Nap1l4	-11.256675999999999	-7.802797999999999
Rasl10b	-13.747576	-10.293697
Sh3kbp1	-13.442194	-9.988316000000001
Crispld2	-10.610515	-7.1566367
Dnaic1	-20.308605	-16.854729000000003
Tstd2	-13.239582999999998	-9.785705
4833422C13Rik	-17.240553	-13.7866745
Zfp980	-21.001753	-17.547876000000002
Sin3b	-11.223375	-7.7694974000000006
Nr4a1	-10.499814	-7.045936
Gm11274	-20.308605	-16.854729000000003
Gm12037	-19.209993	-15.756116
Znrf2	-12.789456	-9.335578
Siah2	-13.078768	-9.624889
Edil3	-19.055841	-15.601964
Tnfsf18	-19.903141	-16.449265
Klhdc10	-12.577772	-9.123894
Gm43140	-17.866259	-14.412381
Itch	-11.5384	-8.084521
Zkscan16	-19.903141	-16.449265
Gm41496	-21.001753	-17.547876000000002
Krt15	-18.229164	-14.775286999999999
Fam241a	-12.072716	-8.618837
Cdkl4	-20.308605	-16.854729000000003
Shank2	-16.657948	-13.204069
Cpne3	-10.8859005	-7.4320226
Syap1	-11.321534	-7.867656
Thap1	-13.328529999999999	-9.874652000000001
Tcf3	-12.93116	-9.477282
Col4a4	-13.186546	-9.732667999999999
Pcdhga12	-14.429471	-10.975593
Cbx2	-16.118952	-12.665073
1700019D03Rik	-16.595034	-13.141156
1700001G11Rik	-16.619726	-13.165849
Vmn2r120	-18.436804000000002	-14.982926
Gm37634	-17.01277	-13.558891000000001
Hecw2	-15.265181	-11.811302
Prpf40b	-12.930534	-9.476656
Rnf144a	-16.645044	-13.191166
Dnaja4	-12.692815	-9.238936
C2cd4b	-19.615458	-16.161580999999998
Setmar	-14.652614999999999	-11.198736
Stt3a	-11.374283	-7.920405000000001
Gnal	-16.458458	-13.0045805
4930558K02Rik	-19.903141	-16.449265
Ralgapa2	-12.028149	-8.57427
Abcb1a	-17.01277	-13.558891000000001
Gbgt1	-17.418233999999998	-13.964356
Gm43221	-18.516845999999997	-15.062968
St8sia1	-21.001753	-17.547876000000002
Gm5105	-20.308605	-16.854729000000003
4921528I07Rik	-19.903141	-16.449265
Plch2	-17.536016	-14.082139000000002
Sh3bgrl3	-10.745463	-7.291585400000001
Eif2ak3	-13.6576805	-10.203802
Kctd11	-13.931879	-10.478000999999999
Utp6	-12.526216	-9.072337
Gm47882	-17.743656	-14.289779000000001
Tspan17	-12.700728	-9.24685
Irgm2	-14.807348000000001	-11.35347
Baz2a	-12.309599	-8.8557205
Pkn2	-10.454283	-7.000405000000001
Pla2g2d	-19.392315	-15.938437
Chad	-15.152429000000001	-11.69855
Man2b2	-14.186113	-10.732235000000001
Zcchc4	-13.780648000000001	-10.32677
2900093K20Rik	-14.395103	-10.941225
Prnd	-19.903141	-16.449265
Stxbp3	-11.801060000000001	-8.347180999999999
1700028N14Rik	-19.209993	-15.756116
Gm26652	-17.95723	-14.503352
Gm48708	-17.338192000000003	-13.884314000000002
Lncppara	-14.32593	-10.872050999999999
Pip5k1b	-12.808353	-9.354475
Gm17216	-16.149723	-12.695845
Srrm4	-15.781398000000001	-12.327519
Dock6	-12.489573	-9.035694
6430710C18Rik	-19.903141	-16.449265
Clint1	-11.296839	-7.842961
Gm43570	-17.95723	-14.503352
Serf1	-12.302238000000001	-8.848360000000001
Gm13830	-15.178707000000001	-11.724829
Pip4p2	-12.650851	-9.196973
Zswim8	-11.937016499999999	-8.483138
Gpn2	-13.677263	-10.223385
Elf3	-21.001753	-17.547876000000002
Ptgs2	-12.530186	-9.076307
Tigar	-14.055739	-10.601861
Stum	-11.669725999999999	-8.215848
Zmym6	-13.795376000000001	-10.341497
Gpr52	-18.057314	-14.603435999999999
Gltp	-12.142532000000001	-8.688654
Esrp2	-20.308605	-16.854729000000003
Natd1	-13.585977	-10.132098
Sntg2	-11.972575	-8.518697
Akr1a1	-10.045907000000001	-6.592028999999999
Gm31659	-17.446405	-13.992526999999999
Ptchd1	-20.308605	-16.854729000000003
Gm36584	-18.922311999999998	-15.468434
Gm26901	-18.229164	-14.775286999999999
Bglap3	-19.903141	-16.449265
Pcdh10	-16.570936	-13.117057999999998
Vps28	-10.788358	-7.33448
Dera	-13.425142999999998	-9.971264999999999
Trim69	-18.603857	-15.14998
Vma21	-11.709003	-8.255125
Fndc3a	-11.708176	-8.254297
Pard3bos3	-17.634457	-14.180579000000002
Gm31410	-19.209993	-15.756116
Rnf165	-16.858618	-13.404739999999999
Gm15567	-19.903141	-16.449265
Fam104a	-10.893734	-7.439856
Fbxo17	-13.67266	-10.218781
Bloc1s6os	-17.475391000000002	-14.021514000000002
2610002M06Rik	-12.906765	-9.452886999999999
Pheta2	-14.933328	-11.479449
Gm12088	-20.308605	-16.854729000000003
Unc50	-11.293612	-7.8397336
Ppifos	-19.903141	-16.449265
Hsf5	-17.567766	-14.113888000000001
Oard1	-11.936554	-8.482676
Bnipl	-17.782877	-14.3289995
Fam90a1b-1	-20.308605	-16.854729000000003
Dmac2	-13.293792000000002	-9.839913000000001
Pde1b	-16.490892000000002	-13.037015
Ndufs7	-10.4004545	-6.9465766
Agbl3	-13.56337	-10.109491
Dock8	-11.965885	-8.512007
Ncln	-12.698001	-9.244122500000001
Pdzd8	-11.856164999999999	-8.402287
Rad52	-13.443235999999999	-9.989358
2610528A11Rik	-18.922311999999998	-15.468434
Cdkn2d	-12.295263	-8.841385
H2-DMb1	-13.646111999999999	-10.192234
Acpp	-19.903141	-16.449265
L3hypdh	-13.593829000000001	-10.139951
Nid2	-14.426677999999999	-10.972799
Stx16	-12.285872999999999	-8.831995
Mrps5	-11.827351	-8.373472
Ets2	-11.598399	-8.144521000000001
Cysltr1	-16.173439000000002	-12.719562
Coq7	-12.033484	-8.579606
Gm11444	-17.505245000000002	-14.051368
Rsl1	-14.908184	-11.454305999999999
Yeats4	-11.896663	-8.442784
Plac9b	-13.273337	-9.819459
8430426J06Rik	-19.392315	-15.938437
A430035B10Rik	-14.200470000000001	-10.746592
Dhdh	-14.280327999999999	-10.826449
Zfp457	-17.536016	-14.082139000000002
Pccb	-12.369626	-8.915747999999999
Slc44a3	-17.866259	-14.412381
Snrnp35	-14.164420000000002	-10.710542
Gm27003	-15.776007	-12.322128
Gpbp1l1	-11.9235735	-8.469695
Chchd3	-11.771807	-8.317928
Eif2b2	-12.533541	-9.079661999999999
Pnkp	-12.761632	-9.307754
Msl3	-11.600793	-8.146914500000001
Zfp827	-13.079493	-9.625614
Zfp157	-13.339756	-9.885878
Frmd8os	-14.924110999999998	-11.470233
Naa80	-11.891344	-8.437466
E2f2	-17.823698	-14.369821
Inka2	-12.205565	-8.751686999999999
Gm16189	-21.001753	-17.547876000000002
Gm43137	-17.567766	-14.113888000000001
Btbd1	-12.4403515	-8.986473
Sec22b	-11.44903	-7.995152
Dcaf12l2	-17.669548000000002	-14.215670999999999
Gucy1b1	-10.092208	-6.638330000000001
mt-Nd5	-8.875904	-5.422026
Cd80	-16.9764	-13.522523000000001
Otud1	-11.032947	-7.5790687000000005
Iqgap1	-9.927752	-6.4738736
Coro1c	-10.98601	-7.5321317
Gm33180	-19.615458	-16.161580999999998
Gm47769	-19.903141	-16.449265
Ccdc155	-21.001753	-17.547876000000002
Armh2	-20.308605	-16.854729000000003
Klhl8	-13.7073765	-10.253498
2410004I01Rik	-18.293703	-14.839826
Amph	-17.743656	-14.289779000000001
Lyst	-11.457873	-8.003995
Lyzl4	-17.475391000000002	-14.021514000000002
Gm21123	-20.308605	-16.854729000000003
Sirpb1b	-21.001753	-17.547876000000002
2010007H06Rik	-16.812098000000002	-13.358220000000001
Rbpms2	-10.77271	-7.3188320000000004
Afap1l2	-16.274364000000002	-12.820487
Sap30bp	-12.589477	-9.135598
Gm40323	-21.001753	-17.547876000000002
Gm45669	-16.004541	-12.550663
Megf10	-16.347792000000002	-12.893914
Fahd2a	-12.934291	-9.4804125
Borcs7	-11.839027999999999	-8.38515
Myc	-15.012792000000001	-11.558913
Cptp	-14.080095000000002	-10.626217
A430093F15Rik	-15.5507145	-12.096836
Zbtb8a	-13.806566	-10.352688
Gm45447	-14.830051999999998	-11.376174
Hnrnpa1	-10.608796	-7.1549179999999994
Slc25a47	-14.336070000000001	-10.882192
Wdr45b	-11.9825735	-8.528694999999999
Cdkl3	-14.022607999999998	-10.568729
Tbc1d19	-12.966475	-9.512596
Gm20554	-17.195091	-13.741213
Slc7a5	-13.548191000000001	-10.094313
Zfp943	-13.254588	-9.80071
Baz1a	-13.734926000000002	-10.281048
Gm26812	-19.055841	-15.601964
Ralgds	-14.746003	-11.292125
Papolg	-13.445848000000002	-9.99197
Col12a1	-14.059597	-10.605719
Bbs10	-15.053719000000001	-11.599839999999999
Apol7e	-17.390835	-13.936957000000001
1700101I11Rik	-16.347792000000002	-12.893914
Pstpip1	-15.284725	-11.830847
Scrt1	-20.308605	-16.854729000000003
Pate2	-16.797060000000002	-13.343182999999998
Gm128	-16.01132	-12.557443
Pias3	-12.742036	-9.288157
B830012L14Rik	-15.10735	-11.653472
Tbc1d17	-12.326019	-8.872141000000001
Arrb2	-14.317142	-10.863263
Tubb6	-12.119361999999999	-8.665483
Olfr839-ps1	-18.804527	-15.35065
Fam169b	-15.860089000000002	-12.406211
Ms4a6b	-18.229164	-14.775286999999999
Abl1	-11.966957	-8.513079
Clic5	-16.941309	-13.487432
Cnksr3	-12.401138000000001	-8.94726
Smoc1	-10.4677925	-7.0139146
Gm45494	-16.437405	-12.983527
Xrcc3	-16.739073	-13.285195000000002
Kcnrg	-18.111382	-14.657504000000001
Esf1	-11.227293	-7.773414999999999
Olfr1036	-17.217564000000003	-13.763685
Suv39h2	-15.227201	-11.773323
Gm16310	-15.027944	-11.574065
Capn9	-16.406633	-12.952755
Pon1	-21.001753	-17.547876000000002
Tango2	-12.932098	-9.47822
Gm47507	-21.001753	-17.547876000000002
Speg	-10.921417	-7.467539299999999
9530097N15Rik	-16.513117	-13.059238
Cklf	-14.112162	-10.658283
Uimc1	-12.027262	-8.573383
Vamp3	-11.768674	-8.3147955
Gm37748	-17.823698	-14.369821
Plpp6	-13.399852	-9.945973
Ndc1	-13.840132	-10.386253
Qsox1	-10.422875	-6.9689975
Timp2	-9.377688000000001	-5.923811
Sertad2	-11.390358	-7.93648
Rmdn1	-12.321761	-8.867883
Gm47101	-14.726992000000001	-11.273113
A930028N01Rik	-16.697687	-13.24381
Gm12758	-15.819970000000001	-12.366092
Apoe	-10.675092	-7.221214
Fbln5	-9.31606	-5.862182
Mtch2	-11.2582	-7.804322
Msmo1	-11.93667	-8.482792
Lrp8	-14.642179500000001	-11.188301
A630009H07Rik	-15.8837595	-12.429881
Fam129b	-11.724783	-8.270905
Gm42744	-21.001753	-17.547876000000002
3110082I17Rik	-13.727274	-10.273396
Parp16	-14.517118	-11.063239999999999
Tkt	-10.799347000000001	-7.3454690000000005
Pkdcc	-10.320088	-6.866210499999999
Gm43190	-18.922311999999998	-15.468434
1810012K16Rik	-18.603857	-15.14998
Rnf214	-12.262217	-8.808338000000001
Ubl3	-11.220038	-7.7661605
Gm47770	-19.392315	-15.938437
Tmem254c	-17.782877	-14.3289995
Wdr62	-16.173439000000002	-12.719562
Dlc1	-11.130324	-7.676446400000001
Polr1d	-10.485109	-7.0312314
Pura	-10.03694	-6.5830617
Arhgap15	-18.229164	-14.775286999999999
Eva1c	-12.615353	-9.161474
Pja1	-12.506192	-9.052313999999999
Ces1g	-18.436804000000002	-14.982926
Guca1b	-14.961498	-11.50762
Fbxl14	-13.057616000000001	-9.603738
Ahcy	-14.275520000000002	-10.821642
1700015F17Rik	-17.669548000000002	-14.215670999999999
Usp40	-12.908291	-9.454412
Qrich1	-12.312626	-8.8587475
Adssl1	-12.596833	-9.142955
Lcn2	-17.95723	-14.503352
Tmem74	-18.111382	-14.657504000000001
Uhrf1bp1	-14.203813	-10.749934
Lrfn1	-16.265554	-12.811676
Morc4	-13.108181	-9.654303
Eif2ak2	-12.599971	-9.146092
Kdelr1	-10.676337	-7.2224593
Il9r	-19.903141	-16.449265
Ppie	-11.893335	-8.439457
Cdh6	-11.288035	-7.8341575
Psmb11	-19.392315	-15.938437
Zfp143	-13.358749	-9.904871
Evi2a	-19.209993	-15.756116
Prnp	-11.55216	-8.098282000000001
Large1	-11.687954	-8.234076
Sytl2	-15.015301999999998	-11.561423
Kcnab2	-18.362696	-14.908818
Ocstamp	-21.001753	-17.547876000000002
Pcyox1l	-12.695034	-9.241156
Fmo5	-12.712716	-9.258838
Irf2bp1	-12.386526	-8.932648
Spag8	-18.293703	-14.839826
Dlat	-12.061779	-8.607901
H2-Q4	-14.813489	-11.359611
Hacl1	-13.216032	-9.762153999999999
9330154K18Rik	-19.903141	-16.449265
Gprc5a	-16.524416	-13.0705385
Hnrnpu	-10.305817	-6.8519387
Scamp3	-12.00634	-8.552462
Tex14	-18.436804000000002	-14.982926
Ltbp1	-9.386541000000001	-5.932664
Tex24	-20.308605	-16.854729000000003
Duox1	-21.001753	-17.547876000000002
Setd7	-10.888247999999999	-7.4343705
Sgca	-11.946314	-8.492435
Gm42869	-14.761477	-11.307599
Rtraf	-10.32126	-6.8673825
Serp1	-11.160886	-7.707008
Mcoln1	-13.80357	-10.349691
Nabp2	-11.750175	-8.296297000000001
Btbd7	-10.550433	-7.096555
Trim38	-18.603857	-15.14998
Gm34590	-17.195091	-13.741213
A530017D24Rik	-13.981563000000001	-10.527683999999999
1110032A03Rik	-12.465346	-9.011467999999999
Tktl1	-18.293703	-14.839826
Gpd1	-14.341178	-10.8873
Hoxb3os	-13.107807999999999	-9.65393
Lbx2	-17.91071	-14.456832
Gm43138	-14.543415	-11.089537
Acot11	-12.638411	-9.184532
Gm17552	-16.437405	-12.983527
Gm49767	-15.051110999999999	-11.597233000000001
Pitpnb	-11.078610000000001	-7.6247324999999995
Stard7	-12.531023	-9.077145
Gm16192	-16.189567999999998	-12.73569
Gm5767	-19.615458	-16.161580999999998
4933406G16Rik	-21.001753	-17.547876000000002
Gkn2	-21.001753	-17.547876000000002
Cenpj	-14.411451999999999	-10.957574000000001
Ttc38	-13.591406	-10.137527
Rnft1	-12.096988	-8.643108999999999
Pik3c2a	-11.837038	-8.38316
Immp2l	-15.926579	-12.472700999999999
Serhl	-13.024471	-9.570592999999999
Gm43465	-18.922311999999998	-15.468434
Prrg3	-12.969717999999999	-9.515839999999999
Aldh4a1	-13.529253	-10.075375
Nf2	-12.682767	-9.2288885
Cul3	-11.265029	-7.811151
Srxn1	-12.915343	-9.461464999999999
Ciao2a	-12.375706	-8.921827
Casp3	-12.834118	-9.3802395
Gm48949	-16.416786	-12.962908
Gm45016	-20.308605	-16.854729000000003
Clec1b	-17.95723	-14.503352
Fdxr	-13.779917999999999	-10.326039
Sh3tc2	-21.001753	-17.547876000000002
Cyhr1	-10.96129	-7.507412400000001
Clpp	-11.527434	-8.073556
Slc39a4	-19.615458	-16.161580999999998
Gm10037	-15.399633999999999	-11.945756
Smad2	-12.569465	-9.115586
Oip5os1	-10.921501	-7.467623
Krt79	-16.458458	-13.0045805
Hist1h1e	-11.620658	-8.1667795
Gm16201	-14.755647	-11.301768
Ptger4	-16.231068	-12.77719
Uggt1	-11.959595	-8.505716
Vmn2r89	-19.209993	-15.756116
Clca2	-21.001753	-17.547876000000002
Zscan12	-13.753960999999999	-10.300082000000002
Cfap299	-18.804527	-15.35065
Fndc10	-14.838438	-11.38456
Iqgap3	-16.582912	-13.129033999999999
Adgrf5	-17.866259	-14.412381
Rapgef6	-11.481285	-8.027407
Slc25a46	-12.322441	-8.868563
Ovgp1	-16.37678	-12.922902
D330041H03Rik	-15.669035000000001	-12.215157000000001
Bola3	-11.06097	-7.6070924
Prox1	-17.95723	-14.503352
Fbln2	-13.572232000000001	-10.118354
Cish	-16.06728	-12.613401
Kif16b	-12.927727	-9.473848
Trappc9	-12.57558	-9.121701
Bcat1	-18.804527	-15.35065
Rad51b	-16.490892000000002	-13.037015
AI661453	-21.001753	-17.547876000000002
Frg1	-11.975697	-8.521818
Wwox	-13.737023	-10.283145
Sdc3	-14.050939000000001	-10.59706
Fbxw8	-12.827896	-9.374018
Nbdy	-11.163712	-7.7098336
4930534D22Rik	-18.436804000000002	-14.982926
Tph1	-21.001753	-17.547876000000002
Rbm41	-13.746162	-10.292284
Commd8	-12.046047	-8.592169
Obp2b	-21.001753	-17.547876000000002
Cdipt	-12.195628999999998	-8.741750999999999
Ppp2r1b	-13.866862	-10.412984
Gm45871	-14.127555	-10.6736765
Arfgap2	-12.185048	-8.73117
Cbarp	-14.811438	-11.357559
Oca2	-18.699167000000003	-15.245289999999999
Rgl1	-13.997779000000001	-10.543900500000001
Wif1	-11.053005	-7.5991273
Slc9a2	-14.3096695	-10.855791
Nol12	-12.301739	-8.84786
A330041J22Rik	-15.448792999999998	-11.994914999999999
P2rx5	-12.679359	-9.225481
Prss36	-14.286370000000002	-10.832492
Gsdme	-13.753960999999999	-10.300082000000002
Rftn2	-11.604768	-8.150889
Klf3	-11.23483	-7.780952
Zfp446	-14.292449	-10.838571
Vill	-15.836967000000001	-12.383089
Snhg15	-14.230964000000002	-10.777085000000001
Vapa	-10.360503999999999	-6.906625999999999
Olfr678	-20.308605	-16.854729000000003
1700061G19Rik	-13.871654500000002	-10.417776
Bid	-15.814367	-12.360489
3110045C21Rik	-16.18147	-12.727592999999999
Coro1a	-17.600555	-14.146678
Atmin	-13.609106	-10.155228
Junos	-15.776007	-12.322128
Gm32004	-21.001753	-17.547876000000002
Fer	-12.136583	-8.682705
Zdhhc17	-12.855914	-9.402036
Zc3h11a	-14.143188	-10.68931
4930481A15Rik	-13.994153	-10.540275
Adipor2	-12.175018	-8.72114
Crebl2	-12.41896	-8.965081
Nfatc2	-16.595034	-13.141156
Spindoc	-13.253293	-9.799415
Dnmt3l	-21.001753	-17.547876000000002
Rgma	-12.806144	-9.352265
Gnl3l	-11.945847	-8.491968
Zfp426	-13.060102	-9.606224000000001
Sema5a	-10.74157	-7.2876925
Slc45a1	-19.392315	-15.938437
Rarb	-13.497912	-10.044034
Dab1	-19.903141	-16.449265
Pou3f4	-19.903141	-16.449265
Fkbp10	-11.469764999999999	-8.015886
Thtpa	-13.507879	-10.054001
Pdzd7	-18.293703	-14.839826
Kpna2	-13.944716	-10.490838
Il10rb	-12.544735000000001	-9.090857000000002
Ucp3	-20.308605	-16.854729000000003
Kifc5b	-16.501944	-13.048065
Slc27a6	-20.308605	-16.854729000000003
9530026P05Rik	-13.305541	-9.851663
Tap1	-14.495969	-11.04209
Gm43848	-14.842657999999998	-11.38878
Vwa3a	-15.659419	-12.205541
Wsb2	-11.578158	-8.12428
Gm553	-19.615458	-16.161580999999998
Wdr59	-14.018889999999999	-10.565012
Il17rc	-12.327214	-8.873336
Gm35339	-16.214261999999998	-12.760384
Gm37362	-20.308605	-16.854729000000003
Pafah2	-13.962093	-10.508215
Rps6kb1	-11.6804085	-8.22653
Gm20275	-19.392315	-15.938437
2310009B15Rik	-12.256787	-8.802909
Zfp235	-13.809571	-10.355692999999999
Atp6ap1l	-13.679904	-10.226026
Nox1	-17.505245000000002	-14.051368
Cdc14a	-12.677660000000001	-9.223782
Gm37170	-18.516845999999997	-15.062968
Gm14486	-17.91071	-14.456832
Cttn	-11.775737	-8.321858
Alg1	-12.810567	-9.356688499999999
Gm12701	-17.536016	-14.082139000000002
Twist1	-12.147945	-8.694067
Aqp7	-18.16854	-14.714661999999999
Ccdc157	-13.710778	-10.2569
Rtn4r	-17.782877	-14.3289995
Tceal3	-11.674697	-8.2208185
Vim	-6.681811	-3.2279334
Mxd4	-10.758549	-7.304671000000001
Dydc2	-19.392315	-15.938437
Acot8	-12.799271000000001	-9.345392
Prkcz	-15.52529	-12.071411
Zfp462	-15.749479999999998	-12.295602
4933409K07Rik	-16.711294	-13.257416000000001
Runx1t1	-11.752673	-8.298795
Tmem59l	-20.308605	-16.854729000000003
Nedd8	-9.828407	-6.3745294
Ssh3	-13.963847	-10.509969
Bex1	-16.924215	-13.470338
Pcdhgb1	-16.038908	-12.585030999999999
Kdm6b	-11.9235735	-8.469695
Ncaph	-16.657948	-13.204069
Tbcb	-10.850586	-7.396708
Pclo	-14.498963	-11.045085
Ubiad1	-14.174123999999999	-10.720245
Mks1	-15.0178175	-11.563939
Gm50295	-21.001753	-17.547876000000002
Tm4sf20	-19.392315	-15.938437
Gm9774	-16.427042	-12.973164
C1qtnf5	-19.903141	-16.449265
Snx15	-13.159867000000002	-9.705989
Rtp4	-16.874619	-13.420739999999999
Gm38534	-21.001753	-17.547876000000002
Gm49579	-18.436804000000002	-14.982926
Zbtb12	-13.773365	-10.319486999999999
Cpne1	-12.345842	-8.891964
4930565N06Rik	-17.264084	-13.810204999999998
Atp8b2	-12.866114	-9.412235
Moxd1	-21.001753	-17.547876000000002
Zfp277	-12.755057	-9.301179
Slc30a2	-21.001753	-17.547876000000002
Gm43847	-15.205695	-11.751816999999999
Dnah14	-19.055841	-15.601964
Madd	-14.926407000000001	-11.472528
Spink5	-17.151606	-13.697726999999999
Ppp1r3a	-15.356306	-11.902428
Hace1	-13.273337	-9.819459
Csgalnact1	-12.520394	-9.066516
Unc13c	-15.314778	-11.8609
Rnf114	-12.864065	-9.410186999999999
Cadm1	-16.248163	-12.794285
Tpd52l2	-10.855711999999999	-7.401834
Mcrip1	-10.964785000000001	-7.5109067
Fmn1	-13.837032999999998	-10.383155
Glis1	-14.859715	-11.405837
Vmn1r183	-18.699167000000003	-15.245289999999999
Ahr	-15.765310999999999	-12.311433000000001
Eif4h	-10.856850999999999	-7.4029727
St6galnac2	-16.797060000000002	-13.343182999999998
Bmt2	-12.053167	-8.599289
Tnrc6a	-10.803956	-7.350078
Pcnp	-10.762258000000001	-7.308379700000001
Gm28523	-15.175754000000001	-11.721875
Dcp2	-12.962918	-9.509039999999999
Gm15594	-17.705915	-14.252038
Scmh1	-12.128426	-8.674547
Orai3	-12.065324	-8.611445
Hspb1	-7.855417299999999	-4.40154
H2afy	-10.855947500000001	-7.4020696
Scx	-12.545797	-9.091919
Gabbr2	-19.615458	-16.161580999999998
Eif5a	-9.682825	-6.228947
Olfr322	-17.505245000000002	-14.051368
Evpl	-16.99442	-13.540542000000002
Dmp1	-20.308605	-16.854729000000003
Nrl	-18.293703	-14.839826
Nipa2	-11.982816	-8.528936999999999
Zfp771	-11.218458	-7.764580199999999
Prex1	-15.074826999999999	-11.620949000000001
Ube2cbp	-16.018147	-12.564267999999998
Gm26714	-18.111382	-14.657504000000001
Tmem38a	-12.961307000000001	-9.507427999999999
Pck1	-19.615458	-16.161580999999998
Kif18a	-15.082859	-11.628981
Hs3st5	-19.055841	-15.601964
Gnpnat1	-12.502113	-9.048235
Gm26805	-19.903141	-16.449265
Cdc25b	-13.68255	-10.228672
Trpm4	-12.780543	-9.326665
Slc10a7	-13.214787	-9.760908
Dynlt1f	-14.397809	-10.943931
Gm47061	-18.516845999999997	-15.062968
Fam166b	-18.229164	-14.775286999999999
Dcbld1	-14.606492000000001	-11.152614
Olfm1	-12.406118	-8.95224
Dnah5	-15.294642999999999	-11.840765
Tsga13	-21.001753	-17.547876000000002
Prr7	-14.359266	-10.905388
Dync1li2	-11.924487	-8.470609
Nob1	-12.657962	-9.204083
Tspoap1	-21.001753	-17.547876000000002
Eed	-12.360221000000001	-8.906342500000001
Nipal1	-18.922311999999998	-15.468434
Gm36677	-19.055841	-15.601964
Socs6	-12.490578999999999	-9.0367
Stx11	-15.297970999999999	-11.844092
Qrfp	-19.903141	-16.449265
Ston2	-13.635307999999998	-10.18143
Wfdc13	-21.001753	-17.547876000000002
Ndfip2	-12.136866	-8.682986999999999
Sfswap	-11.836933	-8.383055
Spata13	-12.91565	-9.461772
Dennd6a	-11.749983	-8.296104
Abcd1	-12.963564	-9.5096855
Dap	-10.820861	-7.366983
Ccdc28a	-13.169342000000002	-9.715464
Mical1	-11.961253	-8.507375
Chsy3	-12.626123	-9.172245
Gm15713	-19.392315	-15.938437
Cd300a	-18.699167000000003	-15.245289999999999
Wapl	-11.076797500000001	-7.6229195999999995
Apc2	-16.725085999999997	-13.271208999999999
BC030867	-19.903141	-16.449265
Brpf3	-13.757525	-10.303647
Olfr301	-20.308605	-16.854729000000003
C130071C03Rik	-17.567766	-14.113888000000001
Nlrp5	-19.209993	-15.756116
Mslnl	-16.03194	-12.578062
Cend1	-13.605417999999998	-10.151539999999999
Rbis	-10.96715	-7.513272
Ccn3	-9.122776	-5.668898
Tex29	-19.903141	-16.449265
Rapsn	-13.836260000000001	-10.382381
4930428N03Rik	-21.001753	-17.547876000000002
Gm49144	-19.209993	-15.756116
Ddx10	-12.478181	-9.0243025
Zcchc7	-11.274764	-7.820886
Mfap3l	-16.570936	-13.117057999999998
Parp3	-11.563322	-8.109444
Agtr2	-20.308605	-16.854729000000003
Matn2	-12.827614	-9.373735
Bbs9	-13.441673000000002	-9.987795
Kif26a	-18.436804000000002	-14.982926
5830454E08Rik	-15.664214999999999	-12.210336999999999
Ccdc171	-14.803273999999998	-11.349396
Washc1	-12.658914	-9.205035
Gm20644	-18.922311999999998	-15.468434
Gm20560	-21.001753	-17.547876000000002
Zmpste24	-11.758268	-8.30439
Gm14325	-14.628433	-11.174555
Selenok-ps1	-15.555016	-12.101137
F8a	-13.226478	-9.772599000000001
Gm19951	-21.001753	-17.547876000000002
Platr8	-21.001753	-17.547876000000002
Shmt2	-13.187757500000002	-9.733879
Ddias	-16.890879	-13.437001
Fos	-8.273428	-4.8195505
Arfgef2	-12.941529	-9.487651
Lhx8	-19.903141	-16.449265
Gm20659	-16.874619	-13.420739999999999
Rida	-12.923685	-9.469807000000001
Mmp12	-20.308605	-16.854729000000003
Hykk	-14.208287	-10.754408999999999
Espn	-14.797195	-11.343316999999999
Gm2788	-19.392315	-15.938437
Pgap3	-14.690019	-11.236139999999999
Mdfi	-15.854258999999999	-12.40038
Olfr986	-19.055841	-15.601964
Gm15976	-19.903141	-16.449265
Edc4	-12.635150999999999	-9.1812725
Gm43581	-15.555016	-12.101137
Nat8f5	-21.001753	-17.547876000000002
Lrp6	-11.272858	-7.818979700000001
Rnf5	-12.336139999999999	-8.882261
A930004D18Rik	-14.527863	-11.073984
BC028528	-12.63678	-9.182901
Il2rg	-19.055841	-15.601964
Mgst3	-11.528741	-8.0748625
Frmd8	-13.769020000000001	-10.315142
Txlng	-12.858817	-9.404939
Kctd18	-13.520761499999999	-10.066883
Tpsab1	-21.001753	-17.547876000000002
Ovol1	-21.001753	-17.547876000000002
Gm42893	-16.941309	-13.487432
Chek1	-16.134218	-12.680341
Cog8	-12.584601	-9.130723
Gm35696	-19.903141	-16.449265
Eif2b4	-12.547286999999999	-9.093409
Pdpk1	-11.640668	-8.1867895
1700024B18Rik	-16.283255	-12.829376
Nars2	-14.128589999999999	-10.674711
Gm13261	-21.001753	-17.547876000000002
Pbrm1	-10.12152	-6.667642
Prrt2	-17.475391000000002	-14.021514000000002
Zfp513	-13.6177635	-10.163885
Gm6980	-19.903141	-16.449265
Bik	-11.940261	-8.4863825
Slurp1	-19.903141	-16.449265
Lamc2	-14.985597	-11.531718
Gm10244	-17.240553	-13.7866745
Gm27232	-18.804527	-15.35065
Pym1	-13.575204000000001	-10.121325500000001
Rab3gap1	-11.815398	-8.36152
Alb	-21.001753	-17.547876000000002
Gm44929	-20.308605	-16.854729000000003
Lmx1b	-20.308605	-16.854729000000003
Ttc9	-16.657948	-13.204069
Gpd2	-12.546861	-9.092982000000001
AC132444.1	-19.615458	-16.161580999999998
Kcnd3	-13.302817000000001	-9.848939
F5	-19.055841	-15.601964
Gm49957	-18.603857	-15.14998
Smg5	-12.816682	-9.362803
Rabgap1l	-12.042828	-8.588949000000001
Msl1	-11.656882000000001	-8.203004
Pip5k1a	-12.189058000000001	-8.73518
Gm20632	-14.908184	-11.454305999999999
Nxnl2	-15.739063	-12.285185
Stag2	-11.046764999999999	-7.592887400000001
Mtx2	-12.660105	-9.206226
Gm4788	-18.436804000000002	-14.982926
B4galt2	-12.458113	-9.004234
Eif1ax	-10.34205	-6.8881717
Hibch	-12.800642	-9.346764
Dock9	-13.240860000000001	-9.786982
Tbl1xr1	-11.903015	-8.449137
Tln1	-9.330252999999999	-5.8763747
Gp5	-18.00602	-14.552142000000002
Tuba1a	-10.657691	-7.203813
Psd2	-19.392315	-15.938437
Mucl2	-20.308605	-16.854729000000003
Gm15558	-19.615458	-16.161580999999998
Zdhhc19	-17.312874	-13.858995000000002
Ddit4	-12.791357000000001	-9.337479
Laptm4a	-9.435875	-5.981997
Card9	-21.001753	-17.547876000000002
Mrln	-16.753258	-13.299379
Map7	-13.764694	-10.310816
4930448D08Rik	-16.501944	-13.048065
Fam122a	-11.683636	-8.229757000000001
Hapln2	-21.001753	-17.547876000000002
AC132444.6	-18.16854	-14.714661999999999
Chmp1a	-12.056811999999999	-8.602934
Klhl36	-13.924254999999999	-10.470377000000001
Snx17	-11.084313	-7.6304355
Iqcd	-16.231068	-12.77719
Prpf6	-11.900224	-8.446344999999999
Znrd1	-11.523449000000001	-8.069571
Gm42902	-20.308605	-16.854729000000003
Htr6	-19.209993	-15.756116
Aldob	-19.615458	-16.161580999999998
Gm11361	-16.265554	-12.811676
Dyrk3	-18.699167000000003	-15.245289999999999
Gm14597	-18.16854	-14.714661999999999
F7	-21.001753	-17.547876000000002
Caln1	-20.308605	-16.854729000000003
Gm10855	-14.728876000000001	-11.274998
Rnf125	-17.069927	-13.616048999999999
Chit1	-16.99442	-13.540542000000002
Wnt2b	-17.823698	-14.369821
Epha1	-13.675286999999999	-10.221409
Gm34059	-19.903141	-16.449265
Selenow	-9.090810000000001	-5.6369324
Gm38186	-17.288180999999998	-13.834303
Gm48529	-12.668483	-9.214604
Gm45824	-19.615458	-16.161580999999998
Zcwpw1	-16.524416	-13.0705385
9530062K07Rik	-16.619726	-13.165849
Fam160a2	-12.772243	-9.318364
Lamtor1	-11.265325	-7.8114467
Sap25	-14.495969	-11.04209
Kif3a	-11.640926	-8.187047999999999
Zfhx2	-13.746162	-10.292284
Canx	-10.271047	-6.817168700000001
Pax9	-15.101856	-11.647978
Ahdc1	-12.235047	-8.781169
Gm45121	-18.16854	-14.714661999999999
Lhx2	-19.903141	-16.449265
Gm26705	-16.18147	-12.727592999999999
Anpep	-14.949664000000002	-11.495786
Ccdc89	-16.858618	-13.404739999999999
Setd6	-12.608085	-9.154206
Tmsb4x	-5.983105	-2.5292277000000003
Jcad	-12.259818	-8.80594
Colec12	-10.646585	-7.1927075
Arhgap9	-19.209993	-15.756116
Tmem115	-12.1195	-8.665622
Mta1	-12.085784	-8.631905999999999
Grifin	-21.001753	-17.547876000000002
Zswim4	-14.064439000000002	-10.610560000000001
Tlr8	-20.308605	-16.854729000000003
Gm16158	-21.001753	-17.547876000000002
Sez6l2	-17.475391000000002	-14.021514000000002
Ccnk	-12.825643	-9.371764
Gast	-19.392315	-15.938437
Npc2	-10.831182	-7.377303599999999
Gm20628	-18.293703	-14.839826
Gm4779	-18.603857	-15.14998
Numbl	-12.6593895	-9.205511
Bcar1	-12.818077	-9.364199000000001
Itgb8	-13.275982	-9.8221035
Bsdc1	-12.579531	-9.125652
Lpin3	-14.280327999999999	-10.826449
Gm21284	-18.16854	-14.714661999999999
Gm44214	-18.603857	-15.14998
Ptpn22	-19.209993	-15.756116
4930405O22Rik	-18.436804000000002	-14.982926
Tspyl3	-14.846895000000002	-11.393017
Tspan3	-10.509729	-7.0558515
Ppp1cb	-9.690026	-6.2361484
Esco2	-16.479965	-13.026087
Rbbp8	-12.923065	-9.469187
Traf3ip1	-13.175310000000001	-9.721432
Rdh12	-15.484301	-12.030422
Pqlc2	-14.343742	-10.889864
Ranbp3	-12.500283	-9.046405
Cog6	-12.800094	-9.346214999999999
Htr1d	-18.804527	-15.35065
Prkg1	-11.070554	-7.616675999999999
Gm16048	-17.312874	-13.858995000000002
A530013C23Rik	-14.708333999999999	-11.254456
Rmi2	-16.767647	-13.313768
Arntl	-13.555751999999998	-10.101873
Hhat	-16.03194	-12.578062
Ints7	-13.300101000000002	-9.846223
Gm14412	-16.427042	-12.973164
Gm4951	-17.364166	-13.910289
Sf3b6	-10.94576	-7.491882
Lrrk1	-12.938061	-9.484182
Cenpo	-14.637003	-11.183125
Pck2	-12.133059	-8.67918
Lcmt2	-14.141089000000001	-10.687211
Nin	-12.93869	-9.484812
Ak1	-12.157561	-8.703683
Jmjd7	-14.611513	-11.157635
Tnnt3	-15.082859	-11.628981
Gm50152	-19.392315	-15.938437
4930469K13Rik	-21.001753	-17.547876000000002
Gm29156	-18.00602	-14.552142000000002
Gtf2h5	-10.644899	-7.1910214
Olfr77	-18.057314	-14.603435999999999
Srrm4os	-18.603857	-15.14998
Zfp217	-15.452677	-11.998797999999999
Sugt1	-10.8015375	-7.347659599999999
Fkbp2	-10.66043	-7.206552
Irf2	-11.599884	-8.146006
Dpf2	-12.443033999999999	-8.989156
Ctbp2	-12.512547999999999	-9.05867
Rccd1	-13.84324	-10.389361
Mtdh	-9.623308	-6.1694303
Lrrc58	-10.717400999999999	-7.2635226
Spata24	-13.632153	-10.178274
Gldc	-19.392315	-15.938437
Gm45848	-21.001753	-17.547876000000002
Gm13393	-20.308605	-16.854729000000003
Tfam	-12.428558	-8.974680000000001
Fbxl13	-15.271653	-11.817775
Hax1	-12.148660000000001	-8.694780999999999
Efcab1	-18.603857	-15.14998
Bhmt	-19.903141	-16.449265
Gart	-12.57975	-9.125872
Adgb	-21.001753	-17.547876000000002
Tnni2	-18.804527	-15.35065
Ighg2c	-21.001753	-17.547876000000002
Mmd2	-19.903141	-16.449265
Txlna	-12.208293	-8.754415
Gm15726	-18.00602	-14.552142000000002
Rps27rt	-12.842951	-9.389072
Gm15492	-16.157566	-12.703688
Gm40915	-21.001753	-17.547876000000002
Chd1l	-13.580576	-10.126698
Dctn2	-10.699993	-7.246115
Smpd2	-12.703463000000001	-9.249584
Gm9991	-16.103912	-12.650035
Gm42595	-15.356306	-11.902428
4933425B07Rik	-19.392315	-15.938437
Gm45060	-17.069927	-13.616048999999999
Pan2	-13.880501	-10.426622
Usp20	-12.646374	-9.192495
Uqcrc1	-10.861022	-7.407144000000001
Gm30042	-21.001753	-17.547876000000002
Stoml3	-20.308605	-16.854729000000003
F2rl3	-16.570936	-13.117057999999998
Mpp1	-12.274948	-8.821069999999999
Adora2b	-15.914157000000001	-12.460278500000001
9430085M18Rik	-15.9978075	-12.543928999999999
Gm43065	-20.308605	-16.854729000000003
Gm11534	-19.903141	-16.449265
Gbp4	-21.001753	-17.547876000000002
Gm53	-15.991118	-12.537239999999999
Dop1a	-12.368556	-8.914678
Homer1	-13.181714999999999	-9.727837
Mrpl43	-11.425382	-7.9715036999999995
Wdr7	-13.32528	-9.871402
Hltf	-12.273166	-8.819287
Gm45869	-20.308605	-16.854729000000003
Nadsyn1	-15.155314	-11.701436
Gm9939	-17.95723	-14.503352
B230110C06Rik	-21.001753	-17.547876000000002
Lbp	-16.416786	-12.962908
2810001G20Rik	-12.990067	-9.536188000000001
Ptpn7	-18.699167000000003	-15.245289999999999
Krt20	-20.308605	-16.854729000000003
Plin4	-10.665413000000001	-7.2115350000000005
AL845275.1	-20.308605	-16.854729000000003
Bag4	-13.316969	-9.8630905
Entpd1	-10.444144999999999	-6.990267299999999
Ndc80	-16.607304	-13.153426000000001
Olfr912	-19.055841	-15.601964
Serpine3	-21.001753	-17.547876000000002
Slc29a3	-13.104457	-9.6505785
Gm40604	-20.308605	-16.854729000000003
Rbbp5	-13.581774	-10.127895
Adam32	-17.338192000000003	-13.884314000000002
Gm29107	-15.349264000000002	-11.895386
Bace2	-14.757586499999999	-11.303708
Zic1	-18.922311999999998	-15.468434
Gm13272	-19.615458	-16.161580999999998
Rpgr	-14.415582	-10.961703
Adam23	-17.109932	-13.656054500000002
2510046G10Rik	-14.356663000000001	-10.902784
Btbd3	-12.995052000000001	-9.541174
Ankrd37	-13.924254999999999	-10.470377000000001
Unc45bos	-21.001753	-17.547876000000002
Gm21814	-15.8256035	-12.371725
Gm47815	-21.001753	-17.547876000000002
Ano1	-11.916296	-8.462418
Phrf1	-12.621756	-9.167877
Nedd4l	-13.265882999999999	-9.812005000000001
8030456M14Rik	-15.803256	-12.349378
C1qtnf9	-19.209993	-15.756116
Krt80	-14.291229999999999	-10.837352000000001
Gm13465	-19.903141	-16.449265
Slc30a6	-13.265882999999999	-9.812005000000001
Csdc2	-12.620838000000001	-9.166960000000001
Slc39a9	-12.73174	-9.277861999999999
4833403J16Rik	-21.001753	-17.547876000000002
Eps15l1	-12.939006	-9.485127
Ifitm3	-10.288648	-6.8347697
Gm15998	-14.081081	-10.627203
Gm15903	-17.031462	-13.577582999999999
Gfer	-12.843237	-9.3893585
Vmn2r53	-19.055841	-15.601964
Faxc	-13.982455999999999	-10.528578
Mettl18	-14.443556	-10.989677
Lpar2	-17.390835	-13.936957000000001
Rnf181	-12.442076	-8.988197
Ttn	-16.0745	-12.620622000000001
C1qtnf2	-11.163765	-7.709886999999999
Gm35455	-19.615458	-16.161580999999998
Tpra1	-13.057971	-9.604092999999999
Cramp1l	-12.822273	-9.368395
Tpbgl	-18.057314	-14.603435999999999
Bag2	-12.026629	-8.572751
Rnf6	-11.522684	-8.068806
Tmem144	-17.475391000000002	-14.021514000000002
Mfap1a	-12.040772	-8.586894000000001
Gm11457	-17.390835	-13.936957000000001
Gm43466	-15.110109	-11.656231
Cacna2d3	-14.288797	-10.834919000000001
Gm3696	-19.903141	-16.449265
Hk1os	-16.657948	-13.204069
Ganab	-11.993406	-8.539528
Cd81	-9.242546	-5.788668
Klrg1	-21.001753	-17.547876000000002
Synj2bp	-11.240694	-7.786816
Tmem185a	-12.970694	-9.516815
Gnb1l	-15.224101000000001	-11.770223
Pdpr	-13.279962	-9.826083
Gm28723	-18.804527	-15.35065
B4galt7	-13.606646	-10.152766999999999
Gm16577	-17.705915	-14.252038
Rpgrip1l	-13.416979999999999	-9.963101
Pum3	-12.390524000000001	-8.936645500000001
Cpa3	-17.069927	-13.616048999999999
Cnrip1	-13.112669	-9.658791
Vmac	-13.216864000000001	-9.762985
Ado	-12.741002	-9.287124
Gm44854	-17.475391000000002	-14.021514000000002
Ybx1	-8.465773	-5.0118947
Nmi	-12.816403	-9.362525
Sytl5	-13.521325	-10.067447
Ptgfrn	-12.574923	-9.121044
Tatdn2	-12.993055	-9.539177
Mcmdc2	-16.619726	-13.165849
2610035D17Rik	-14.699133999999999	-11.245255
Tmem101	-12.890125	-9.436247
Kcnk4	-17.782877	-14.3289995
C730002L08Rik	-21.001753	-17.547876000000002
Fn1	-8.38842	-4.934542700000001
Tmem53	-13.229001	-9.775122999999999
Arih2	-12.72231	-9.268432
Slc25a34	-13.480435	-10.026557
Plk1	-17.130551999999998	-13.676673999999998
6820408C15Rik	-19.392315	-15.938437
Ugp2	-10.995574000000001	-7.541696000000001
Oxld1	-13.21853	-9.764650999999999
Dlgap5	-17.109932	-13.656054500000002
Chst11	-14.437898	-10.984019
Myadml2os	-20.308605	-16.854729000000003
Alkbh2	-13.734926000000002	-10.281048
Npm2	-18.00602	-14.552142000000002
Rhobtb3	-12.251704	-8.797825999999999
Galnt12	-16.310406	-12.856527
Exoc7	-11.945030000000001	-8.491152
Ddx59	-14.104049	-10.65017
Pparg	-14.872704	-11.418825
Ears2	-13.99054	-10.536661
Tmem41a	-13.2893095	-9.835431
Plekha4	-15.529482999999999	-12.075604
Zdhhc9	-13.051956	-9.598078
2810049E08Rik	-20.308605	-16.854729000000003
Msrb2	-13.021046	-9.567167
Fam102a	-15.096392000000002	-11.642513000000001
Ube2r2	-10.651147	-7.197269
Rin3	-13.168946	-9.715067999999999
Psip1	-10.740032000000001	-7.286154300000001
Lilra5	-19.615458	-16.161580999999998
Ccdc33	-17.418233999999998	-13.964356
Gm48086	-16.231068	-12.77719
Nrd1	-11.38262	-7.928742
Gm43378	-16.06011	-12.606233
Ambra1	-13.15204	-9.698161
Zfp454	-15.152429000000001	-11.69855
Vwf	-15.664214999999999	-12.210336999999999
Krt13	-19.055841	-15.601964
Tlr3	-14.235560999999999	-10.781683000000001
Trip13	-16.725085999999997	-13.271208999999999
B4galt3	-12.812509	-9.35863
Dynll2	-11.330639	-7.876761
Clec5a	-19.903141	-16.449265
Gm21833	-18.16854	-14.714661999999999
AI839979	-14.753711	-11.299832
Gm15728	-16.427042	-12.973164
Rassf6	-15.8256035	-12.371725
Tusc2	-12.431398	-8.97752
Il25	-20.308605	-16.854729000000003
Gm26789	-17.446405	-13.992526999999999
Lrrc39	-13.231953	-9.778074
Fgd4	-12.494409	-9.04053
Rxrb	-12.316169	-8.86229
Gm17173	-19.615458	-16.161580999999998
B230217C12Rik	-14.247148999999999	-10.793271
Fkrp	-12.396915	-8.943037
Fbln7	-12.796535	-9.342656
Spag17	-20.308605	-16.854729000000003
Faap20	-11.822388	-8.368509
Mark1	-11.132442999999999	-7.6785654999999995
Ankrd29	-12.702467	-9.248588999999999
Gm30003	-16.797060000000002	-13.343182999999998
Tnfsf15	-18.516845999999997	-15.062968
Gm13497	-21.001753	-17.547876000000002
Cystm1	-11.765939999999999	-8.312061
Proser3	-14.312154000000001	-10.858275
Rnf123	-12.380741	-8.926863
Tmem72	-20.308605	-16.854729000000003
4933404O12Rik	-14.08901	-10.635132
Mre11a	-13.520761499999999	-10.066883
Gnrhr	-21.001753	-17.547876000000002
Tsc2	-12.701473	-9.247595
Eif2s3x	-11.645756	-8.191877
Prxl2b	-13.090063	-9.636185000000001
Ippk	-13.529820999999998	-10.075942999999999
Wipf2	-12.444571	-8.990692
Vmn1r58	-21.001753	-17.547876000000002
Gm13496	-17.600555	-14.146678
Tmem240	-14.797195	-11.343316999999999
Pitx2	-17.475391000000002	-14.021514000000002
Dgkg	-12.849267	-9.395389
Aif1	-17.91071	-14.456832
Gm38590	-21.001753	-17.547876000000002
Get4	-12.212246	-8.758367999999999
Necab2	-19.615458	-16.161580999999998
Vasn	-10.352573	-6.8986955000000005
Acrbp	-14.609836999999999	-11.155958
Zfp568	-12.211789	-8.757911
Gm12764	-19.615458	-16.161580999999998
Arid3b	-13.827795000000002	-10.373917
Tug1	-12.285708999999999	-8.831831
Gm50166	-19.392315	-15.938437
Rab11fip5	-13.060814	-9.606935499999999
Gle1	-12.227131	-8.7732525
Fbxo5	-14.903679	-11.4498005
Gm20707	-15.132457	-11.678578
1700026N04Rik	-17.823698	-14.369821
Alg13	-13.986938	-10.53306
Rbmxl1	-12.253131	-8.7992525
Zfp526	-14.803273999999998	-11.349396
Aqp2	-17.240553	-13.7866745
Xpo7	-12.586814	-9.132936
Ggps1	-11.738726	-8.284847000000001
Rbm8a2	-16.570936	-13.117057999999998
Gm47802	-16.490892000000002	-13.037015
Klhl29	-14.819669000000001	-11.365789999999999
Mtif3	-13.14776	-9.693882
Nat8	-19.392315	-15.938437
Parvb	-18.293703	-14.839826
Atp6v0e2	-13.907518	-10.45364
Gm17029	-18.804527	-15.35065
1700120K04Rik	-19.903141	-16.449265
Zfp595	-13.68255	-10.228672
Telo2	-13.300101000000002	-9.846223
Sh3bp1	-14.005987	-10.552109
Prpf38a	-12.407784	-8.953906
Dtx1	-14.952020000000001	-11.498141
Klf13	-10.419724	-6.9658465
Rph3al	-18.111382	-14.657504000000001
Rpl3l	-19.209993	-15.756116
Tpt1	-7.4231997000000005	-3.9693222
Yif1b	-11.421782499999999	-7.9679046
Bloc1s6	-12.610804	-9.156925
Mrfap1	-9.947725	-6.4938474
Dclre1a	-13.435960000000001	-9.982080999999999
Gm13421	-16.248163	-12.794285
Fth1	-6.6507277	-3.1968502999999995
Aasdhppt	-12.273004	-8.819125
Fdps	-11.41284	-7.958962
Sel1l	-11.407035	-7.953157000000001
Ccdc68	-11.61931	-8.165432000000001
Gatm	-16.858618	-13.404739999999999
Klhdc8a	-19.209993	-15.756116
Dpy19l3	-13.789458999999999	-10.335581
Nsfl1c	-11.501134	-8.047255499999999
Tril	-14.255342	-10.801463
Pde5a	-10.469871000000001	-7.015992599999999
Gm20663	-21.001753	-17.547876000000002
Col2a1	-15.099120000000001	-11.645242
Golga4	-11.022092	-7.568214
Aamdc	-11.352447999999999	-7.8985705
Ttc4	-12.409267	-8.955389
Ube2o	-12.474808	-9.020928999999999
Ostf1	-10.977022	-7.5231442
AC156546.1	-21.001753	-17.547876000000002
Ccndbp1	-12.255514	-8.801636
Zfp236	-13.316051000000002	-9.862172
Flot2	-11.512796	-8.058917999999998
Gm45620	-16.479965	-13.026087
Efr3a	-10.918364	-7.4644856
Hps4	-12.946913	-9.493034
Cmtm5	-19.903141	-16.449265
Cmtm8	-14.384351	-10.930472
4930435F18Rik	-18.436804000000002	-14.982926
Apba1	-13.312382999999999	-9.858504
Serping1	-11.01558	-7.5617023
Grcc10	-10.127108999999999	-6.6732306
Tmem186	-14.126520999999999	-10.672642999999999
Eps15	-12.217438000000001	-8.763558999999999
Tmem30a	-10.458177000000001	-7.0042987000000005
Brix1	-12.143811	-8.689933
Gm34921	-19.615458	-16.161580999999998
Dhrs7	-11.106954	-7.6530757
Gm43400	-21.001753	-17.547876000000002
Cd151	-10.258747999999999	-6.804869999999999
Jmjd1c	-11.434928	-7.98105
Lck	-17.95723	-14.503352
Snapin	-11.90067	-8.446792
2810457G06Rik	-14.006904	-10.553025
E230032D23Rik	-21.001753	-17.547876000000002
Slc22a21	-14.210532	-10.756654
Fkbp15	-12.882355	-9.428476
Nek10	-18.00602	-14.552142000000002
Slc25a11	-11.803991	-8.350113
Htt	-12.756369	-9.302489999999999
Zdhhc5	-12.232713	-8.778834
Ttf1	-12.572736	-9.118857
Slfn5	-15.977873	-12.523994
Ephb6	-13.828562	-10.374683000000001
3110040N11Rik	-12.745146	-9.291267
Hilpda	-13.201591	-9.747712
Pxmp2	-13.238307	-9.784429
Rbm15	-12.923685	-9.469807000000001
Stat5b	-12.600869	-9.146991
Rasa1	-11.738062	-8.284183500000001
Creb3	-11.690482000000001	-8.236604
Phc1	-13.152820000000002	-9.698941
Gm50070	-18.229164	-14.775286999999999
Rpl38	-8.134246000000001	-4.680368
Mgat5b	-14.568813	-11.114935000000001
Sox5it	-19.392315	-15.938437
Exosc1	-12.269287	-8.815408999999999
Zfp719	-13.450566	-9.996688
Zfp174	-14.773242000000002	-11.319364
Yap1	-11.9677925	-8.513914
Cfb	-16.214261999999998	-12.760384
Csmd2	-21.001753	-17.547876000000002
Rgmb	-12.506397	-9.052519
Ermp1	-12.629586	-9.175708
Frem2	-17.782877	-14.3289995
Isca1	-12.619464	-9.165585499999999
Ly9	-19.903141	-16.449265
C130026L21Rik	-19.392315	-15.938437
Rhbdl3	-14.817604000000001	-11.363726
Gal3st4	-14.785148000000001	-11.331269
Bud13	-13.582373	-10.128494
1700123M08Rik	-14.650867000000002	-11.196989
Radil	-16.248163	-12.794285
Ephb1	-15.166943	-11.713064
Magee1	-12.890426	-9.436547000000001
Gm4473	-15.294642999999999	-11.840765
Ehd3	-13.085311	-9.631433
4930439A04Rik	-21.001753	-17.547876000000002
Wfs1	-12.449579	-8.995700999999999
E130309D02Rik	-13.377623000000002	-9.923744000000001
Fam169a	-17.505245000000002	-14.051368
Rnd1	-13.781379999999999	-10.327501
Stk38l	-11.017147	-7.563269
Stk24	-11.721513999999999	-8.267635
Pygo2	-13.293792000000002	-9.839913000000001
Gm6938	-18.804527	-15.35065
Reep6	-16.657948	-13.204069
Dcaf13	-12.559931	-9.106052
Ifi30	-11.883417999999999	-8.42954
Lrrc57	-13.177307	-9.723429
Prcp	-13.010161	-9.556283
Mir17hg	-15.352779	-11.898900999999999
Gm6410	-19.903141	-16.449265
Med8	-11.933784	-8.479905
Mall	-16.890879	-13.437001
Osgepl1	-13.170136	-9.716258
Dusp16	-12.543037	-9.089159
Rab1a	-10.659141	-7.2052627000000005
Hoxb8	-13.29514	-9.841262
Epb41l3	-14.588294	-11.134416
Glb1	-12.825643	-9.371764
Kcnmb4os2	-20.308605	-16.854729000000003
Uqcr11	-9.451242	-5.997365
Irf4	-19.615458	-16.161580999999998
Gm50114	-17.418233999999998	-13.964356
Gm32618	-13.858135999999998	-10.404258
Chuk	-12.560362	-9.106483
Cblb	-12.95105	-9.497171
Sox2ot	-19.055841	-15.601964
Skor1	-19.209993	-15.756116
Tmod3	-11.736357	-8.282478
Smyd5	-14.004157000000001	-10.550279
Parn	-12.52893	-9.075051
Nrep	-12.137148	-8.683269500000002
Rnf138rt1	-17.823698	-14.369821
Tes3-ps	-16.501944	-13.048065
Necab1	-19.055841	-15.601964
Nkain3	-17.364166	-13.910289
Ap3b2	-21.001753	-17.547876000000002
Gm17251	-13.647391	-10.193513000000001
Zfp868	-13.936995000000001	-10.483116
Btbd8	-14.292449	-10.838571
Zfp949	-13.248988	-9.795110000000001
Dst	-8.975561	-5.521683
Tmprss4	-21.001753	-17.547876000000002
Gnb2	-10.029117	-6.5752387
Gm15912	-14.105058999999999	-10.65118
A930005H10Rik	-13.844018	-10.390139999999999
Gipr	-19.903141	-16.449265
Mgst1	-12.593483	-9.139605
Atxn10	-11.599223	-8.145344999999999
E330013P04Rik	-19.615458	-16.161580999999998
Gm12473	-18.16854	-14.714661999999999
Apol9a	-15.713486999999999	-12.259608
Gpr150	-17.91071	-14.456832
Ggcx	-12.657722999999999	-9.203845
Chkb	-12.571425999999999	-9.117548
Luzp2	-19.615458	-16.161580999999998
Arhgap23	-12.674994	-9.221116
Cmss1	-13.394372	-9.940494000000001
Rassf9	-14.684588	-11.23071
Tbc1d5	-12.963564	-9.5096855
Gmds	-12.612166	-9.158288
Itgb1bp1	-11.884625	-8.430747
Zfp300	-15.053719000000001	-11.599839999999999
Slc25a18	-20.308605	-16.854729000000003
Ei24	-11.717419999999999	-8.263541
Naprt	-13.375182999999998	-9.921305
Klk13	-20.308605	-16.854729000000003
Bhlha9	-20.308605	-16.854729000000003
Ppp1r1c	-21.001753	-17.547876000000002
Kctd15	-13.598692000000002	-10.144814
Gm49519	-17.130551999999998	-13.676673999999998
Gja4	-13.047381	-9.593503
Ddx11	-15.328429999999999	-11.874552
Svbp	-11.299831	-7.8459535
Adprhl2	-12.761368	-9.307489
Plppr4	-17.446405	-13.992526999999999
Syt15	-12.694787	-9.240909
Prrt1	-15.508692000000002	-12.054813000000001
Klhl26	-12.712968	-9.259089
Amigo2	-12.637245	-9.183367
4930479D17Rik	-19.615458	-16.161580999999998
Gm20394	-21.001753	-17.547876000000002
Gm20457	-16.827366	-13.373486999999999
Cbfa2t3	-13.613425	-10.159547
Pigyl	-11.046575	-7.5926967
Pik3cg	-18.603857	-15.14998
Gm26810	-17.505245000000002	-14.051368
Gm45442	-18.111382	-14.657504000000001
Olfr804	-19.903141	-16.449265
Txlnb	-13.042478	-9.588599
St6gal1	-12.37858	-8.924702
Gm2093	-19.055841	-15.601964
Tbc1d24	-14.844774	-11.390896000000001
Scn1b	-11.681751	-8.227872999999999
Rbfox3	-18.603857	-15.14998
Bcl2l11	-14.442138	-10.988259
C2	-15.608126	-12.154247
Gm37885	-16.06728	-12.613401
Fbxo11	-11.617712	-8.163834
C1qtnf4	-14.069304999999998	-10.615427
Yrdc	-12.39344	-8.939561999999999
Clcn2	-15.291326500000002	-11.837448
Leng9	-13.328064999999999	-9.8741865
Prdm10	-14.135862	-10.681984
Prc1	-14.575265	-11.121387
Gm33524	-18.922311999999998	-15.468434
Nfya	-12.590143	-9.136265
Gps1	-11.554604	-8.100725
Tnn	-18.603857	-15.14998
Cfap70	-19.392315	-15.938437
Sall2	-14.087023	-10.633144
Id2	-9.807615	-6.3537374
Gm3830	-18.922311999999998	-15.468434
Gal3st3	-13.409388	-9.955509
Swap70	-12.182530999999999	-8.728653
Col28a1	-18.804527	-15.35065
Jaml	-17.130551999999998	-13.676673999999998
9930104L06Rik	-13.544144000000001	-10.090264999999999
Pdcd4	-11.755466	-8.301588
E130202H07Rik	-20.308605	-16.854729000000003
Cnpy3	-12.178547	-8.7246685
Dpysl4	-21.001753	-17.547876000000002
Chm	-12.306247	-8.852367999999998
Pag1	-14.116242999999999	-10.662365
Aplp1	-12.424218	-8.97034
Gm47541	-18.804527	-15.35065
Tigd5	-14.388370000000002	-10.934491
Entpd7	-13.831634	-10.377755
Cd274	-15.085551	-11.631673
C1qtnf7	-12.917808	-9.463928999999998
1700102P08Rik	-16.559101000000002	-13.105224
P3h4	-11.414485	-7.960607
Mink1	-12.568377	-9.114498
Gpr1	-21.001753	-17.547876000000002
Tmem245	-11.596093	-8.142215
Osbpl1a	-11.646360000000001	-8.192482
Zfp85os	-16.767647	-13.313768
Dnah2	-18.922311999999998	-15.468434
Tmem74bos	-20.308605	-16.854729000000003
Fam149b	-12.227131	-8.7732525
Srsf5	-10.225154	-6.771275999999999
Abce1	-11.7093725	-8.255494
Steap2	-13.335063	-9.881185
Med14	-12.272841	-8.818963
Abcc2	-21.001753	-17.547876000000002
Meg3	-10.460869	-7.006991
A930029G22Rik	-16.406633	-12.952755
Zfp704	-11.05143	-7.597552
Zfp712	-14.423892000000002	-10.970014
Cracr2b	-13.06724	-9.613361
Etnk2	-16.559101000000002	-13.105224
Gm28403	-20.308605	-16.854729000000003
Commd9	-12.831567999999999	-9.377689
Abhd14b	-12.337003	-8.883124
Ccp110	-13.622121	-10.168242
Ccnyl1	-13.607875	-10.153996000000001
Urm1	-12.608764	-9.154885
Lrrc4	-16.283255	-12.829376
Ercc6	-13.614663	-10.160785
Lncbate1	-17.536016	-14.082139000000002
Gm17494	-15.640460999999998	-12.186583
Mapre2	-11.54424	-8.090361999999999
Rhno1	-13.486954	-10.033075
Clpb	-12.767188	-9.313310000000001
Atl1	-14.042354999999999	-10.588476
1810014P07Rik	-19.392315	-15.938437
Gm31805	-17.475391000000002	-14.021514000000002
Ckb	-9.710972	-6.257094
Rgs7	-12.198029	-8.74415
Slc25a53	-14.686395999999998	-11.232517
Brms1	-13.251139000000002	-9.797260000000001
Gm3854	-15.673877	-12.219998
Cfap126	-15.723639000000002	-12.26976
Kcnj11	-14.795176999999999	-11.341299000000001
Sema5b	-16.283255	-12.829376
Med24	-13.554001999999999	-10.100123
Ccnh	-12.196228	-8.74235
Gm34256	-18.699167000000003	-15.245289999999999
Gm15462	-19.903141	-16.449265
Gm15270	-13.286183	-9.832305
Katna1	-12.490377	-9.036499000000001
Nostrin	-17.600555	-14.146678
Snrpn	-12.340633	-8.886755
Doc2b	-18.804527	-15.35065
Zbtb6	-12.940267	-9.486388
Gm12224	-18.922311999999998	-15.468434
Chmp6	-12.496633000000001	-9.042753999999999
Gm50210	-19.209993	-15.756116
Fhod1	-13.574015	-10.120136
Gm15774	-18.804527	-15.35065
G6pc3	-12.512136	-9.058258
4933413J09Rik	-16.671019	-13.217141
Fem1a	-12.895539999999999	-9.441661999999999
Slc46a3	-14.899195	-11.445316
Zfp993	-15.384982	-11.931104
Trappc2l	-11.154148	-7.70027
Gm11730	-19.903141	-16.449265
Ppm1e	-13.053367999999999	-9.599489
Gm15886	-18.699167000000003	-15.245289999999999
Ppara	-14.540285	-11.086407000000001
Rcc1	-14.397809	-10.943931
Zfp970	-14.661394	-11.207516
4931422A03Rik	-20.308605	-16.854729000000003
Entpd5	-13.767576000000002	-10.313698
Dtwd1	-13.316510000000001	-9.862632000000001
Pakap	-14.744085	-11.290207
Adamts18	-21.001753	-17.547876000000002
Ahi1	-12.197428	-8.743549
Gm3924	-20.308605	-16.854729000000003
Gm9895	-16.141941	-12.688063
Scpep1	-10.905581	-7.451703500000001
Nupl2	-13.8613	-10.407422
Ctxn2	-20.308605	-16.854729000000003
Ankrd54	-12.625663000000001	-9.171783999999999
2510002D24Rik	-11.8518	-8.397922
Gm10371	-14.151628	-10.697749
Cdh1	-21.001753	-17.547876000000002
Srp54b	-17.01277	-13.558891000000001
Dhh	-18.293703	-14.839826
Lipo3	-12.871105	-9.417227
Gm10767	-16.22263	-12.768751
Asphd1	-21.001753	-17.547876000000002
Gm10847	-17.600555	-14.146678
Fam20b	-12.465738	-9.01186
Gm9484	-16.907408	-13.453529999999999
Fam72a	-15.040748	-11.586869
Ndufs3	-10.913780000000001	-7.4599023
Myo5a	-13.187354000000001	-9.733476
Ints1	-12.669927000000001	-9.216047999999999
Stc2	-14.638725	-11.184847
Dmwd	-12.053038	-8.599159
Hint1	-9.452062	-5.998183999999999
Klhl40	-15.8837595	-12.429881
Plekhg3	-11.115005499999999	-7.6611275999999995
Gm11946	-14.903679	-11.4498005
A630023A22Rik	-17.600555	-14.146678
Rapgef1	-12.549205	-9.095326
Mcmbp	-12.020072	-8.566194
Cnn3	-9.689366	-6.2354884
Neu2	-15.193610999999999	-11.739733
Elmo2	-13.003753999999999	-9.549875
Cstad	-14.021676999999999	-10.567799
Galnt7	-13.298294	-9.844416
Scarb1	-14.288797	-10.834919000000001
Ttc39c	-14.055739	-10.601861
Wdr63	-21.001753	-17.547876000000002
Dag1	-10.129004	-6.675125599999999
Slc10a1	-15.693485	-12.239607000000001
Znrf1	-12.1339035	-8.680025
B3gat2	-15.433409	-11.97953
Gpr162	-17.743656	-14.289779000000001
Rbp1	-8.923593499999999	-5.4697156
Med15	-12.044243	-8.590364
Gm13684	-17.705915	-14.252038
Gm26788	-17.418233999999998	-13.964356
Cdc26	-11.478355	-8.024477000000001
Gm13285	-19.903141	-16.449265
Mrpl46	-12.530395	-9.076516
Tent5d	-20.308605	-16.854729000000003
Mthfsd	-13.251139000000002	-9.797260000000001
Degs2	-19.209993	-15.756116
Eps8l1	-15.085551	-11.631673
Pip5kl1	-19.903141	-16.449265
Abhd10	-12.991726	-9.5378475
D830024N08Rik	-16.22263	-12.768751
Clvs2	-19.615458	-16.161580999999998
Bsg	-9.675218	-6.221339700000001
Gm10643	-14.903679	-11.4498005
Nup98	-12.176635000000001	-8.722756
4933412O06Rik	-17.069927	-13.616048999999999
1810044D09Rik	-16.231068	-12.77719
Mlph	-15.0774975	-11.623619
Rad51ap1	-16.858618	-13.404739999999999
Hsp90ab1	-7.911386	-4.4575086
Etv1	-11.922889999999999	-8.469011
Six1	-13.135031	-9.681152
9230116N13Rik	-15.693485	-12.239607000000001
Med23	-13.079855	-9.625977
Fmo3	-10.728981	-7.275103
Acbd4	-12.0589	-8.605021
Cd200r1	-21.001753	-17.547876000000002
Pigx	-12.491988000000001	-9.038110000000001
1700028J19Rik	-16.437405	-12.983527
Kif15	-17.173111	-13.7192335
Impdh2	-11.580099	-8.126221000000001
Zfp652	-11.6804085	-8.22653
Ch25h	-17.195091	-13.741213
Lsm12	-11.328749	-7.874871000000001
Hpx	-17.669548000000002	-14.215670999999999
Gm45570	-16.767647	-13.313768
Rufy2	-12.6910925	-9.237214
Cry1	-13.22145	-9.767571
4933415A04Rik	-19.615458	-16.161580999999998
Zfp184	-15.703435999999998	-12.2495575
Sod3	-9.211536	-5.757658999999999
Clec14a	-14.744085	-11.290207
Gm37459	-19.903141	-16.449265
Gm45823	-19.903141	-16.449265
Pcx	-14.769305	-11.315427
Cdc73	-11.603109	-8.149231
Fam78a	-19.615458	-16.161580999999998
Cenpn	-15.926579	-12.472700999999999
Rapgef3	-16.416786	-12.962908
Zfp90	-13.440110999999998	-9.986233
Gm46620	-16.490892000000002	-13.037015
Camk2n2	-14.548128	-11.09425
Hist1h2ac	-14.643911	-11.190033
Hsd17b10	-10.792326	-7.338448
Gm32255	-18.293703	-14.839826
Gm49512	-19.392315	-15.938437
Nxpe2	-18.603857	-15.14998
Nbeal1	-10.020655999999999	-6.5667777
Itpr3	-16.157566	-12.703688
Zfpm1	-14.175208	-10.72133
Paqr9	-16.874619	-13.420739999999999
Gm47962	-16.524416	-13.0705385
Hspg2	-9.679855	-6.2259774000000006
Smarcb1	-11.676835	-8.222957000000001
Rhoh	-20.308605	-16.854729000000003
Gm42903	-18.804527	-15.35065
Gm17115	-18.804527	-15.35065
Gm34093	-16.684265	-13.230387
Eef1aknmt	-14.252994000000001	-10.799114999999999
C1s2	-18.804527	-15.35065
Gdap1	-16.513117	-13.059238
Rpa2	-13.24342	-9.789541
Mettl14	-12.849267	-9.395389
Ankib1	-12.153388	-8.69951
Ly6k	-18.293703	-14.839826
Col22a1	-16.357363	-12.903483999999999
Tjp3	-19.055841	-15.601964
Gm44067	-17.536016	-14.082139000000002
Lgals4	-15.271653	-11.817775
Gm36328	-19.392315	-15.938437
Gm49477	-18.603857	-15.14998
Psmd13	-11.062802	-7.6089244
Zcchc13	-20.308605	-16.854729000000003
Gm20658	-21.001753	-17.547876000000002
Catsper3	-17.782877	-14.3289995
Eef1g	-9.807052	-6.3531737
Ngf	-16.490892000000002	-13.037015
Gm39119	-19.903141	-16.449265
Hnrnpa0	-10.412269	-6.958390700000001
Klhl31	-15.208739000000001	-11.754861
B3galt5	-21.001753	-17.547876000000002
Esm1	-16.111404	-12.657525999999999
Rcc2	-13.168153	-9.714274000000001
Ncdn	-13.26283	-9.808950999999999
Dnajc17	-12.789456	-9.335578
Nup50	-12.650143	-9.196264
Eif2s2	-10.14414	-6.6902623
Ptbp2	-11.989133	-8.5352545
Ankrd28	-13.48859	-10.034711999999999
Mtmr6	-11.687503999999999	-8.233625
Tmem38b	-10.847857000000001	-7.3939794999999995
Cytl1	-13.788722	-10.334844
Lypd8	-19.615458	-16.161580999999998
Cep164	-12.275758999999999	-8.82188
Gm49953	-18.922311999999998	-15.468434
Ago3	-11.99023	-8.536351
Akr1cl	-19.903141	-16.449265
Htr5b	-19.615458	-16.161580999999998
Gnpat	-12.569900500000001	-9.116022000000001
Mfsd10	-11.994508999999999	-8.54063
Sel1l3	-12.512342	-9.058464
Tnip2	-12.771709	-9.317831
Pabpc4l	-14.789147	-11.335269
Snhg5	-13.083488000000001	-9.629610000000001
Gm30054	-18.16854	-14.714661999999999
Larp1b	-11.237183	-7.7833047
Dnmt1	-12.701224	-9.247346
Tbx3	-16.118952	-12.665073
Raver2	-14.384351	-10.930472
Rgsl1	-17.505245000000002	-14.051368
Gm26787	-19.903141	-16.449265
Hormad1	-20.308605	-16.854729000000003
Tbx4	-21.001753	-17.547876000000002
Tgfa	-18.229164	-14.775286999999999
Lrp2	-19.903141	-16.449265
Gm20546	-19.903141	-16.449265
Gm3510	-18.603857	-15.14998
Rubcnl	-20.308605	-16.854729000000003
Tmem108	-13.784310000000001	-10.330432
Gas6	-9.988203	-6.534325
Zfp335os	-16.386633	-12.9327545
Map3k1	-12.620379	-9.166501
Pds5b	-11.845552	-8.391674
Mttp	-14.404607999999998	-10.950728999999999
Mmp28	-15.484301	-12.030422
Gm17098	-18.436804000000002	-14.982926
Bmp2	-12.786747	-9.332869
Odf2l	-13.521889999999999	-10.068011
G630093K05Rik	-18.362696	-14.908818
Rnf225	-17.390835	-13.936957000000001
Per3	-11.786525	-8.332646
Kctd1	-13.851835999999999	-10.397958000000001
Tmed5	-12.107494	-8.653616
Dzip1	-13.60849	-10.154612
Igsf6	-19.392315	-15.938437
Ttc34	-17.782877	-14.3289995
Cdk5rap1	-14.091002	-10.637124
Aipl1	-18.16854	-14.714661999999999
Adig	-18.436804000000002	-14.982926
Bbs2	-13.532669	-10.078791
Sh3yl1	-15.135285000000001	-11.681407
AA465934	-15.744257999999999	-12.29038
Gm20274	-15.022867000000002	-11.568989
Tnfsf10	-18.436804000000002	-14.982926
Gm47918	-19.615458	-16.161580999999998
Lnx2	-13.444281	-9.990402
Gm28068	-20.308605	-16.854729000000003
D630003M21Rik	-17.069927	-13.616048999999999
Trpv2	-12.821992999999999	-9.368114
Lonrf2	-14.817604000000001	-11.363726
Fscn3	-19.903141	-16.449265
Rpl7a	-8.90163	-5.4477525
5033403F01Rik	-16.812098000000002	-13.358220000000001
A630001G21Rik	-17.634457	-14.180579000000002
Sfrp4	-13.506210999999999	-10.052333
Rusc1	-13.008133	-9.554255
B430319H21Rik	-19.209993	-15.756116
Uqcrb	-9.544583	-6.090706
Gm13844	-19.615458	-16.161580999999998
Ptrh1	-14.098006	-10.644128
Fgd2	-19.392315	-15.938437
Gm43463	-17.050507999999997	-13.596631
Vwa1	-13.082033000000001	-9.628155
Prxl2a	-13.833944	-10.380066000000001
Yae1d1	-11.282128	-7.8282504
BC065397	-14.388370000000002	-10.934491
Gja3	-18.00602	-14.552142000000002
Rbm28	-11.800958999999999	-8.34708
Gm31305	-15.792267	-12.338388
H2al1m	-16.812098000000002	-13.358220000000001
Ccdc166	-16.18147	-12.727592999999999
Fam98c	-12.503743	-9.049864999999999
Myo1d	-11.088068	-7.634189999999999
Cntn1	-17.782877	-14.3289995
Glmn	-13.457951000000001	-10.004072
Fancf	-14.357964	-10.904085
A230059L01Rik	-16.357363	-12.903483999999999
Hes5	-19.615458	-16.161580999999998
Ogfod1	-13.042128	-9.588249000000001
Irs2	-11.366145	-7.912267
Arhgap39	-14.158004	-10.704125
Ap4e1	-13.551673999999998	-10.0977955
Fxr1	-10.985652	-7.531774
Zfp2	-13.678582	-10.224704
Tmem43	-11.435839	-7.981961
4930505A04Rik	-18.057314	-14.603435999999999
Fam92a	-11.365557	-7.9116789999999995
Rtl5	-15.349264000000002	-11.895386
Pigw	-14.94263	-11.488750999999999
Ntng1	-14.751779	-11.2979
Baiap2l1	-14.123426	-10.669547999999999
Slc35e3	-14.264787	-10.810908
Ggact	-13.544144000000001	-10.090264999999999
Zpbp	-17.600555	-14.146678
Sntg1	-20.308605	-16.854729000000003
Psme1	-11.116583	-7.662705
Gm10373	-17.95723	-14.503352
Vmn2r69	-20.308605	-16.854729000000003
Tarsl2	-13.582973	-10.129094
2310008N11Rik	-17.536016	-14.082139000000002
Gm10076	-8.543304	-5.0894265
Pik3r1	-11.138411	-7.6845326
Fez1	-11.701389	-8.247511
Kcnh1	-21.001753	-17.547876000000002
Syce1l	-19.903141	-16.449265
Slc41a2	-13.784310000000001	-10.330432
Gm11100	-17.705915	-14.252038
Troap	-17.446405	-13.992526999999999
Rab11a	-11.4423065	-7.988428599999999
Abhd14a	-12.10873	-8.654852
Fbxo8	-12.387796	-8.933917999999998
Rpl37a	-7.65544	-4.2015624
Bmp2k	-12.724086999999999	-9.270208
Trip6	-11.974134	-8.520256
Mmut	-11.749983	-8.296104
Crppa	-15.035606	-11.581728
8430423G03Rik	-21.001753	-17.547876000000002
Oxtr	-18.922311999999998	-15.468434
Trp63	-16.490892000000002	-13.037015
A330048O09Rik	-16.396584	-12.942705
Tspan1	-19.903141	-16.449265
Nup54	-12.433487	-8.979609
Lama5	-11.553736	-8.099857
Deaf1	-13.159081	-9.705203
Kpna6	-12.139694	-8.685816
March5	-11.130633999999999	-7.6767563999999995
Usp32	-12.556486	-9.102608
Zfp11	-14.840546	-11.386667
Pgbd1	-15.754729000000001	-12.300851
Gm14540	-19.209993	-15.756116
Tent4b	-12.448614	-8.994736
Gm45449	-17.866259	-14.412381
Scrib	-13.132352	-9.678473
Mok	-16.607304	-13.153426000000001
Kctd6	-13.199135	-9.745256
Zfp91	-10.142714999999999	-6.6888375
Rhpn2	-15.384982	-11.931104
Ing1	-11.412771000000001	-7.958893300000001
Txnip	-10.3409	-6.8870225000000005
Glmp	-11.778792999999999	-8.324914999999999
Rap1a	-10.647509	-7.1936307
Gm49980	-14.509514000000001	-11.055635
Zfp661	-15.723639000000002	-12.26976
Gm17122	-21.001753	-17.547876000000002
Skp1a	-10.436583500000001	-6.9827056
Atp9b	-12.5006895	-9.046811
Clec4a3	-18.804527	-15.35065
Zfp930	-14.327192000000002	-10.873314
Fut7	-19.055841	-15.601964
Ap3m1	-11.977261	-8.523382000000002
AI182371	-17.705915	-14.252038
1700066M21Rik	-14.633566	-11.1796875
Fktn	-12.434818	-8.980939999999999
Trpm1	-17.95723	-14.503352
Rabif	-12.768516	-9.314637
Chac1	-15.542167999999998	-12.088289
Gm28085	-19.392315	-15.938437
4930448E22Rik	-18.804527	-15.35065
Nxt1	-12.6346855	-9.180807000000001
Dop1b	-13.265882999999999	-9.812005000000001
Bccip	-11.366342	-7.9124637
Gm13398	-21.001753	-17.547876000000002
A4galt	-12.824238000000001	-9.370358999999999
Phxr2	-21.001753	-17.547876000000002
Paox	-13.258484	-9.8046055
Brsk2	-18.436804000000002	-14.982926
Pdcl3	-10.206226	-6.7523484
Dkk2	-18.603857	-15.14998
Gm12703	-15.559335999999998	-12.105457000000001
Gm17092	-14.111144	-10.657266
Zfp61	-14.110126999999999	-10.656249
Gstp2	-14.504978	-11.0511
Kmt5c	-13.836260000000001	-10.382381
Pex11b	-12.502928	-9.049049
Gm36543	-16.052994	-12.599115
Fig4	-13.151648999999999	-9.697771000000001
Scfd2	-14.098006	-10.644128
Gm13840	-18.293703	-14.839826
Mlana	-19.209993	-15.756116
Gm15446	-14.243659	-10.789781
Susd5	-9.684465	-6.230588
CAAA01066123.1	-17.151606	-13.697726999999999
Cngb3	-18.362696	-14.908818
Fcna	-20.308605	-16.854729000000003
Hsp90aa1	-8.741717999999999	-5.2878404
Tmem218	-12.387252	-8.933373
Gm45606	-20.308605	-16.854729000000003
Cript	-11.195328	-7.74145
Pllp	-20.308605	-16.854729000000003
Prkg2	-14.736451999999998	-11.282574
Eps8l2	-13.739123999999999	-10.285246
Gm3646	-17.600555	-14.146678
Gm11725	-21.001753	-17.547876000000002
Dnm3	-14.670252	-11.216372999999999
Lpcat1	-13.114169	-9.660291
Mtpn	-10.773288	-7.31941
Fam174b	-13.644197	-10.190319
Eml1	-11.251358999999999	-7.797480999999999
Hdac4	-12.295097	-8.841219
Sp140	-12.672578	-9.218699
Gnl2	-12.343408	-8.889529
Snai2	-13.077681	-9.623802
Rpl21	-8.112793	-4.6589155
Necap2	-12.744368	-9.290488999999999
Gata2	-17.050507999999997	-13.596631
Galnt2	-10.526524	-7.0726457
Gm26575	-17.782877	-14.3289995
D10Wsu102e	-12.703463000000001	-9.249584
Gm47956	-17.288180999999998	-13.834303
Lmtk2	-13.786513000000001	-10.332635
Aldh1a1	-15.576803	-12.122925
Olfr1388	-19.209993	-15.756116
Erich2os	-21.001753	-17.547876000000002
Gm47843	-16.582912	-13.129033999999999
Prkaa1	-12.47362	-9.019741999999999
Ssu2	-19.392315	-15.938437
Slc35f2	-17.95723	-14.503352
Itgb1bp2	-16.84287	-13.388992000000002
Etfa	-11.080377	-7.626498700000001
Bbx	-11.054153	-7.6002755
Polm	-13.7066965	-10.252818
Mrpl39	-12.673544	-9.219666
Oasl1	-19.615458	-16.161580999999998
Uso1	-11.414142	-7.9602637000000005
Cdc23	-12.471642999999998	-9.017764999999999
Cdkn2aip	-11.472886	-8.019008
Aunip	-19.055841	-15.601964
Ctrc	-21.001753	-17.547876000000002
Bod1l	-10.530654	-7.076776
Ube4a	-12.403533	-8.949655
Emsy	-11.699655	-8.245776
Zfp418	-15.512815	-12.058937
Gm48696	-19.615458	-16.161580999999998
Gtpbp6	-13.086405000000001	-9.632525999999999
Ccl9	-16.671019	-13.217141
B230312C02Rik	-14.472335000000001	-11.018456
Arpc1a	-11.444353999999999	-7.990475999999999
Ube2d2a	-10.669801	-7.215922999999999
Kars	-12.052908	-8.59903
Cpsf4	-14.3096695	-10.855791
Gm44317	-17.823698	-14.369821
Glipr2	-13.391395999999999	-9.937517
Plac8	-16.958702	-13.504824
Gm9776	-15.25875	-11.804872
Zfp784	-15.831269	-12.377391000000001
A730020M07Rik	-17.669548000000002	-14.215670999999999
Teddm3	-21.001753	-17.547876000000002
BC029722	-12.575799	-9.121921
Pgs1	-12.978529	-9.524650999999999
Meis3	-12.933977	-9.480099000000001
Olfr920	-14.702804	-11.248925
Lrrc15	-21.001753	-17.547876000000002
Cdc42ep1	-14.322154000000001	-10.868276
Tgfb1	-12.026375999999999	-8.572497
Sdf2l1	-13.370320999999999	-9.916443
5830487J09Rik	-16.767647	-13.313768
Trmt112	-10.845718	-7.3918405
Rbp7	-19.392315	-15.938437
Adcy7	-11.841233	-8.387355
Gm21887	-13.597473999999998	-10.143596
Fat1	-10.374661999999999	-6.9207845
Tfap2a	-16.248163	-12.794285
Dhx40	-12.311111	-8.857233
B230217J21Rik	-21.001753	-17.547876000000002
Gm17546	-17.866259	-14.412381
C2cd2	-11.833694	-8.379816
Rho	-18.057314	-14.603435999999999
Celf5	-17.364166	-13.910289
Ppp2r2b	-19.903141	-16.449265
Plb1	-12.939950999999999	-9.486073
Rel	-13.125494	-9.671616
Rbm8a	-10.682917	-7.2290387
Txndc15	-11.110237	-7.656358999999999
Gatad2a	-12.1769285	-8.72305
Foxo3	-12.1914425	-8.737564
Map3k6	-13.774091	-10.320212
Slx4ip	-14.408709	-10.954830000000001
Pelo	-12.970694	-9.516815
Arl5b	-12.758734	-9.304855
BC051142	-19.615458	-16.161580999999998
Gpr4	-16.231068	-12.77719
D130020L05Rik	-14.1698	-10.715921
Zfp120	-13.301004999999998	-9.847127
Dennd1a	-12.767984	-9.314105999999999
Elk4	-12.409638000000001	-8.95576
Dsg2	-19.903141	-16.449265
Zdhhc11	-21.001753	-17.547876000000002
Ptn	-14.757586499999999	-11.303708
Spaca3	-19.615458	-16.161580999999998
Atg4d	-12.956486	-9.502607000000001
4933400F21Rik	-20.308605	-16.854729000000003
Dcxr	-12.521639	-9.06776
Cd109	-12.181792	-8.727914
Tmem182	-20.308605	-16.854729000000003
Gm47031	-19.615458	-16.161580999999998
Trim21	-14.842657999999998	-11.38878
Grm5	-19.615458	-16.161580999999998
Degs1	-10.717981	-7.2641034
Lamp5	-19.055841	-15.601964
Dynll1	-8.423724	-4.9698462
Serpinc1	-15.739063	-12.285185
Fcf1	-12.209204	-8.755325
Zwint	-12.059553999999999	-8.605675999999999
Gm50383	-20.308605	-16.854729000000003
Gm43077	-20.308605	-16.854729000000003
Prr14l	-13.074067999999999	-9.62019
Ric3	-13.496811	-10.0429325
Tor4a	-14.509514000000001	-11.055635
Thrap3	-10.923221	-7.4693426999999994
Myo9a	-11.280268	-7.826389999999999
Cd247	-17.634457	-14.180579000000002
Slc8a1	-11.364382	-7.9105039999999995
M6pr	-11.668399	-8.21452
Akr1c12	-21.001753	-17.547876000000002
Ccdc84	-13.526981	-10.073103
Il4	-18.922311999999998	-15.468434
P4hb	-10.0396595	-6.585781599999999
Trabd	-12.598177	-9.144299
Nupr1l	-14.224107	-10.770228
Cyb5r1	-12.521432	-9.0675535
Ptges2	-12.947866000000001	-9.493988
Brdt	-14.237867999999999	-10.78399
Atp5b	-9.543389	-6.089512
Naa38	-11.105139999999999	-7.651261999999999
Fhit	-15.585653	-12.131775
Scyl1	-11.797130000000001	-8.343250999999999
Ankrd35	-14.129625	-10.675747
Ifitm1	-17.173111	-13.7192335
Zmiz1	-11.778991	-8.325111999999999
Mark4	-13.164594000000001	-9.710714999999999
Gm48646	-16.283255	-12.829376
Akap5	-14.365807	-10.911928
Gm34788	-18.16854	-14.714661999999999
Gm10287	-19.209993	-15.756116
Pign	-13.906689000000002	-10.452810000000001
Ankrd33b	-19.055841	-15.601964
Ccdc34	-11.676835	-8.222957000000001
Rasa2	-11.881338000000001	-8.42746
8030451A03Rik	-17.264084	-13.810204999999998
F10	-19.209993	-15.756116
Arl6ip5	-10.402422	-6.948544
Inpp5b	-13.091897	-9.638019
Dock7	-11.474414999999999	-8.020536
B3galnt2	-11.528972	-8.075092999999999
Zfp592	-12.723071000000001	-9.269193
Commd7	-11.962083	-8.508204
Gm14936	-21.001753	-17.547876000000002
Col14a1	-11.121893	-7.668015
Pax5	-19.903141	-16.449265
A330076H08Rik	-17.109932	-13.656054500000002
Atp11b	-11.888254	-8.434376
Grm2	-21.001753	-17.547876000000002
Gm1587	-21.001753	-17.547876000000002
Pcsk4	-15.508692000000002	-12.054813000000001
Vamp5	-11.984877000000001	-8.530998
Man2c1	-12.564252999999999	-9.110374
Serpinh1	-9.266652	-5.8127747
Ptger2	-17.823698	-14.369821
Ncor1	-10.057848	-6.6039699999999995
Vamp8	-10.664505	-7.210627000000001
A930037H05Rik	-15.797747	-12.343867999999999
Mylpf	-15.224101000000001	-11.770223
Atp8b1	-10.904139500000001	-7.450261599999999
Nudt22	-12.960984	-9.507106
Spon2	-18.436804000000002	-14.982926
Ndufaf6	-13.474498	-10.020619
Cstdc2	-17.288180999999998	-13.834303
Dcst1	-19.209993	-15.756116
Fam135a	-12.012433999999999	-8.558556
Smg1	-11.717419999999999	-8.263541
Asb13	-12.88444	-9.430562
Gm5580	-18.603857	-15.14998
Gm48045	-16.357363	-12.903483999999999
Tnk2os	-20.308605	-16.854729000000003
Tmem19	-12.778395	-9.324516000000001
Rev1	-12.443033999999999	-8.989156
Smarcad1	-12.207686	-8.753808
Cltc	-10.057865	-6.603986999999999
Ppm1b	-11.499042	-8.045163
Slc12a3	-19.055841	-15.601964
Panx1	-17.338192000000003	-13.884314000000002
Gm49422	-17.505245000000002	-14.051368
Gm38947	-21.001753	-17.547876000000002
Mpp7	-11.5156765	-8.061798
Ctnnd1	-11.345766000000001	-7.891888000000001
2610307P16Rik	-14.844774	-11.390896000000001
Gabpb2	-12.043213	-8.5893345
Ccl2	-16.301273000000002	-12.847395
Mtus1	-11.171105	-7.717227499999999
Rbm15b	-12.876418	-9.42254
Fsd1l	-13.986938	-10.53306
Tm4sf5	-20.308605	-16.854729000000003
Rnf41	-12.949776	-9.495897
Mindy4	-14.179556	-10.7256775
Pfkl	-11.995857	-8.541979
Ndufs1	-11.820841999999999	-8.366963
Scrn3	-13.215617000000002	-9.761739
Lias	-12.197278	-8.7434
Ccl5	-17.743656	-14.289779000000001
Gm5475	-18.293703	-14.839826
Zfp574	-13.60849	-10.154612
1700113A16Rik	-14.888071	-11.434192999999999
Tas2r135	-19.392315	-15.938437
Trmt61b	-13.325744	-9.871865
Fam167a	-20.308605	-16.854729000000003
Kpna3	-12.132074000000001	-8.678196
Tcap	-9.45795	-6.004071700000001
Dhrs13os	-15.698448	-12.24457
Olfr742	-20.308605	-16.854729000000003
Pros1	-11.872515	-8.418636
Nat14	-12.407043	-8.953165
Gm48855	-15.819970000000001	-12.366092
Adamts13	-21.001753	-17.547876000000002
Luc7l3	-10.867749	-7.4138713
A930041C12Rik	-20.308605	-16.854729000000003
Cd3e	-19.392315	-15.938437
BB365896	-17.195091	-13.741213
Gm37662	-18.436804000000002	-14.982926
Myl4	-13.081306	-9.627428
Rbms2	-11.676567	-8.222689
Gm20219	-16.547404999999998	-13.093528
Dok6	-18.362696	-14.908818
Rax	-17.338192000000003	-13.884314000000002
Gm14391	-15.964801000000001	-12.510922
Nubpl	-14.060563	-10.606685
Zer1	-12.713721000000001	-9.259843
Smim40	-19.903141	-16.449265
Dctpp1	-12.645433	-9.191555000000001
Ppp1r14b	-11.332154	-7.8782763
Miga1	-13.382029999999999	-9.928151
Slamf9	-13.601132000000002	-10.147254
Tmem189	-12.461234	-9.007356
Lmbrd1	-11.496731	-8.042852
Gm12974	-17.866259	-14.412381
Eml4	-12.713721000000001	-9.259843
Sdad1	-12.848403999999999	-9.394525999999999
Vsig8	-16.9764	-13.522523000000001
Zfp459	-17.536016	-14.082139000000002
Akap9	-10.568814	-7.1149364
Fmo4	-15.895807999999999	-12.441930000000001
A930038B10Rik	-16.767647	-13.313768
Ncoa6	-12.412798	-8.958919999999999
Krr1	-12.169749000000001	-8.715871
Dnah2os	-19.392315	-15.938437
Sike1	-11.830361	-8.376483
Ptdss1	-12.666322000000001	-9.212442999999999
Stip1	-11.111958999999999	-7.658081500000001
Psd	-13.631523000000001	-10.177645
Gm38948	-21.001753	-17.547876000000002
Hoxc5	-16.357363	-12.903483999999999
Kin	-12.011063	-8.557184
Grhpr	-11.641959	-8.188081
Uqcr10	-9.577374	-6.123497
Dhx29	-12.464758	-9.0108795
Pdgfra	-13.468595	-10.014716
Ctsz	-10.706663	-7.252785
Hnrnpm	-11.066235	-7.612356699999999
Gm13657	-17.95723	-14.503352
Map3k4	-11.928608	-8.474730000000001
Trbc1	-17.217564000000003	-13.763685
Dok3	-15.664214999999999	-12.210336999999999
Ndufs5	-9.749789999999999	-6.2959123
Rack1	-8.837931	-5.3840528
Slc35a2	-12.528512	-9.074634
Olfr63	-19.209993	-15.756116
Enox1	-16.265554	-12.811676
AW146154	-13.993248000000001	-10.53937
Gm42918	-15.749479999999998	-12.295602
Cuta	-10.868186	-7.414308
Gm50092	-19.055841	-15.601964
Col5a2	-10.181275	-6.7273974
Sf3b3	-12.022085	-8.568207000000001
Slc29a4	-20.308605	-16.854729000000003
Apoa1	-17.536016	-14.082139000000002
Nme3	-14.094998	-10.641119999999999
Cog3	-13.252	-9.798121
Trps1	-11.999914	-8.546036
En2	-19.209993	-15.756116
Gabrr2	-17.109932	-13.656054500000002
Hist2h4	-14.817604000000001	-11.363726
Tlx1	-21.001753	-17.547876000000002
C330002G04Rik	-17.288180999999998	-13.834303
Atxn2	-11.591907	-8.138028
Coq2	-11.815808	-8.361930000000001
Tceal9	-10.146588000000001	-6.692710400000001
Gm45359	-19.615458	-16.161580999999998
Galnt14	-17.743656	-14.289779000000001
Gm17509	-18.516845999999997	-15.062968
Dusp18	-14.732657000000001	-11.278779
4930426L09Rik	-15.860089000000002	-12.406211
Selenop	-10.315598	-6.8617196
Gm31105	-14.083058	-10.62918
Gm26852	-17.217564000000003	-13.763685
Gpatch1	-12.784044999999999	-9.330167
Slc38a11	-12.300406	-8.846528
Spns2	-17.069927	-13.616048999999999
Sema6a	-15.808797	-12.3549185
Nppc	-16.924215	-13.470338
Llgl1	-13.665467000000001	-10.211589
Rttn	-14.256517	-10.802639
Phyh	-11.866999	-8.41312
Slc5a3	-12.6158085	-9.16193
A830012C17Rik	-19.615458	-16.161580999999998
Gtf3c1	-12.434057000000001	-8.980179
Supt6	-11.443577000000001	-7.989699000000001
Clock	-11.548938	-8.095059
Hsf1	-12.487164	-9.033285000000001
Gm28836	-19.209993	-15.756116
Clpx	-11.934475	-8.480597
Gm48294	-18.111382	-14.657504000000001
Rpl32	-8.253487	-4.799608999999999
Nrbp2	-12.376961999999999	-8.923083
Pm20d2	-14.524780999999999	-11.070903
Creb3l2	-10.619055	-7.165177000000001
Sytl1	-17.130551999999998	-13.676673999999998
Slc6a9	-12.762952	-9.309073
Vmn1r12	-17.505245000000002	-14.051368
Dhx36	-11.1504545	-7.6965766
Angpt2	-12.118252	-8.664373
Cox7a1	-15.239702	-11.785824
Aptx	-12.855044	-9.401166
Trim2	-13.644835	-10.190957000000001
Golph3	-11.73977	-8.285892
Scgb1a1	-21.001753	-17.547876000000002
Gm41717	-18.362696	-14.908818
Gm16132	-18.436804000000002	-14.982926
Myh10	-9.452322	-5.9984446
Tk2	-13.864475	-10.410597000000001
Armc10	-12.907374	-9.453496000000001
Cacnb2	-11.908846	-8.4549675
A630019I02Rik	-17.669548000000002	-14.215670999999999
Nrg2	-16.0745	-12.620622000000001
Ric1	-12.419334	-8.965456
Sec14l2	-15.581219	-12.12734
Fxyd5	-11.93102	-8.477141
Nrbf2	-12.100522999999999	-8.646645
5430425K12Rik	-16.9764	-13.522523000000001
Tmem68	-13.043876	-9.589997
Ythdf3	-11.846397	-8.392519
Tas2r143	-17.130551999999998	-13.676673999999998
Nudt3	-12.151666	-8.697787
Psmb6	-9.889439999999999	-6.4355617
Zfp597	-13.374208	-9.92033
Tppp3	-10.623275	-7.169397
1700041G16Rik	-16.797060000000002	-13.343182999999998
Gm28731	-16.684265	-13.230387
Pafah1b1	-9.934272	-6.480394
Wnk1	-10.462642	-7.008764
Gm16499-1	-17.743656	-14.289779000000001
G0s2	-14.740262	-11.286384
Atp6v1e1	-10.874522	-7.4206443
Srek1	-11.332028	-7.8781505
Mylk3	-17.866259	-14.412381
Epha4	-13.330858	-9.87698
Gm6569	-19.392315	-15.938437
Gm38115	-15.265181	-11.811302
Cct5	-10.558444999999999	-7.104566999999999
Grhl2	-19.055841	-15.601964
Ndufaf4	-11.9655285	-8.51165
Cfap44	-18.603857	-15.14998
Mief1	-13.103342	-9.649464
Tulp2	-17.743656	-14.289779000000001
Gm45897	-16.697687	-13.24381
Gm16275	-19.615458	-16.161580999999998
Phf12	-12.154106	-8.700228
Slc10a6	-15.889766	-12.435887
1600010M07Rik	-20.308605	-16.854729000000003
Mms19	-13.19791	-9.744032
Synb	-21.001753	-17.547876000000002
4932441J04Rik	-13.8772745	-10.423396
Begain	-17.634457	-14.180579000000002
Mfsd5	-12.974277	-9.520398
Ccdc194	-20.308605	-16.854729000000003
Gm15651	-18.804527	-15.35065
Ccar1	-11.15653	-7.702652499999999
Akirin1	-11.696012	-8.242133
Spry4	-13.725197	-10.271317999999999
Gm5244	-19.392315	-15.938437
Olfr1322	-19.615458	-16.161580999999998
Helb	-13.432342000000002	-9.978463
Uevld	-13.230265	-9.776386
Chst12	-11.827662	-8.373783999999999
Mrpl1	-12.512136	-9.058258
Sepsecs	-13.366933	-9.913053999999999
Apmap	-12.460453	-9.006575
Fam102b	-12.58438	-9.130502
Olfr224	-13.01695	-9.563071
Nat10	-13.115295999999999	-9.661418
Rbp2	-18.804527	-15.35065
Kifc3	-13.522453	-10.068575
Areg	-16.9764	-13.522523000000001
Cacna1s	-21.001753	-17.547876000000002
Ar	-12.046306	-8.592427
Cks2	-13.744751	-10.290873
Apoa2	-17.567766	-14.113888000000001
Thrb	-11.286827	-7.832949
Gfpt2	-15.0774975	-11.623619
Ncoa1	-12.043341999999999	-8.589463
Ttc36	-17.669548000000002	-14.215670999999999
Pabpc1l	-17.01277	-13.558891000000001
Slc37a2	-15.621856	-12.167977
Casc4	-11.122558999999999	-7.6686807
Rint1	-12.80449	-9.350612
Gm47113	-18.00602	-14.552142000000002
Rcor2	-15.786817999999998	-12.332939
Ecsit	-12.556486	-9.102608
Cyp4f16	-14.047114	-10.593236
Tspyl4	-12.953284	-9.499406
Snx31	-21.001753	-17.547876000000002
Rai2	-14.881456	-11.427578
D3Ertd751e	-13.537244	-10.083364999999999
Zfp111	-13.821684	-10.3678055
Ptges3	-10.159842	-6.7059636
Gm43577	-19.055841	-15.601964
A330074K22Rik	-17.567766	-14.113888000000001
Plekhf1	-13.556920000000002	-10.103042
Gm49786	-16.827366	-13.373486999999999
Spp1	-15.338792999999999	-11.884914
Memo1	-12.6906	-9.236722
Alg12	-13.794635000000001	-10.340755999999999
Dync1h1	-10.659269	-7.205391400000001
Gm13610	-17.823698	-14.369821
4930434F21Rik	-20.308605	-16.854729000000003
Rnf13	-11.839764	-8.385885
Acsl6	-17.240553	-13.7866745
Map2k6	-13.582373	-10.128494
Aff2	-13.131587	-9.677709
Gm45235	-17.634457	-14.180579000000002
Cd52	-18.16854	-14.714661999999999
Uba7	-15.066859	-11.612981
Crybg2	-21.001753	-17.547876000000002
Sft2d3	-12.663447	-9.209569
Grm7	-21.001753	-17.547876000000002
Bbc3	-14.113180999999999	-10.659303
Nans	-12.58438	-9.130502
Gm28386	-19.615458	-16.161580999999998
Bsn	-18.229164	-14.775286999999999
Camk1	-10.641411	-7.187533
Grtp1	-13.774817	-10.320939
Myrf	-13.404859	-9.95098
Gm9873	-18.362696	-14.908818
6330562C20Rik	-15.211793	-11.757914999999999
Gm46218	-15.688547	-12.234669
Polr2f	-10.446957000000001	-6.9930787
Mgl2	-17.418233999999998	-13.964356
Ranbp1	-10.700564	-7.246686500000001
Pitpna	-10.895284	-7.441406
Cyp27a1	-14.225245999999999	-10.771367999999999
Skp2	-14.183923000000002	-10.730044
G730013B05Rik	-19.615458	-16.161580999999998
Rasd2	-14.465062	-11.011184
Gm17705	-18.293703	-14.839826
Hspa4l	-11.875882	-8.422004
Gpsm1	-13.269822	-9.815944
Igsf1	-19.903141	-16.449265
Nck2	-13.606646	-10.152766999999999
Stoml1	-12.906460000000001	-9.452581
3110006O06Rik	-18.436804000000002	-14.982926
Rad9a	-14.075176	-10.621298
Lin7c	-11.645842	-8.191963000000001
Dlx6os1	-15.085551	-11.631673
Lcp2	-19.392315	-15.938437
Myl2	-19.055841	-15.601964
Syngr4	-19.209993	-15.756116
Gm9908	-14.524780999999999	-11.070903
Dnase1l1	-13.463791	-10.0099125
Ttll6	-18.436804000000002	-14.982926
Ppp1cc	-11.646360000000001	-8.192482
Brca2	-14.302253	-10.848374
Atp9a	-12.194132000000002	-8.740253
Intu	-14.763429	-11.30955
Dcdc2b	-15.14955	-11.695672
1520401A03Rik	-20.308605	-16.854729000000003
2310026L22Rik	-19.903141	-16.449265
Slc14a1	-19.392315	-15.938437
Inhbe	-18.699167000000003	-15.245289999999999
Fermt2	-9.241124000000001	-5.787246700000001
1700066B17Rik	-19.209993	-15.756116
Qk	-10.916737	-7.4628587
Gm12709	-21.001753	-17.547876000000002
Boll	-21.001753	-17.547876000000002
Npy	-18.057314	-14.603435999999999
Arhgef37	-17.782877	-14.3289995
Ttpal	-13.162228	-9.708349
Dcun1d5	-11.466218	-8.01234
Zfp879	-14.834237	-11.380359
Mzf1	-16.347792000000002	-12.893914
Hspbap1	-14.312154000000001	-10.858275
Gm10069	-14.825885999999999	-11.372007
Gm11261	-19.615458	-16.161580999999998
Ppargc1b	-13.687866	-10.233988
Usp25	-11.844498	-8.390619000000001
Gm47794	-18.922311999999998	-15.468434
Pard6b	-18.436804000000002	-14.982926
Snhg8	-10.612666	-7.158788
Myom3	-14.888071	-11.434192999999999
Mbtd1	-12.764803	-9.310925
Zfp106	-10.698282	-7.2444043
Gm49207	-16.328924	-12.875046000000001
Phf2os1	-16.559101000000002	-13.105224
Car15	-15.814367	-12.360489
Ctnnbip1	-12.410009	-8.956131
Uqcrc2	-10.936147	-7.4822690000000005
Tspo2	-17.151606	-13.697726999999999
Usp9y	-18.699167000000003	-15.245289999999999
Gm47819	-19.615458	-16.161580999999998
Dnah7a	-16.25682	-12.802942999999999
Gpm6b	-15.230312	-11.776434
Fam227b	-18.804527	-15.35065
Syn1	-15.284725	-11.830847
1110035H17Rik	-14.570422	-11.116544000000001
Donson	-14.874885	-11.421006
Gm26716	-19.903141	-16.449265
Gm26531	-19.392315	-15.938437
Slc22a1	-11.246766000000001	-7.7928880000000005
Slc30a4	-12.922755	-9.468877
Mid2	-12.759523	-9.305645
Bclaf1	-10.731438	-7.2775598
Gm28981	-21.001753	-17.547876000000002
Tpx2	-14.341178	-10.8873
Gm16984	-19.055841	-15.601964
Gm3636	-15.654646	-12.2007675
Trerf1	-14.052856	-10.598978
Myl1	-15.939157999999999	-12.48528
Iqsec2	-13.200771	-9.746893
Gm20597	-18.603857	-15.14998
Cdk6	-12.0965805	-8.642702
Ankrd66	-21.001753	-17.547876000000002
Wdr45	-12.422149000000001	-8.96827
Rpl36a-ps1	-14.193817999999998	-10.739939999999999
Il17b	-12.160884	-8.7070055
Zfp287	-13.816366	-10.362488
Alkbh3	-12.687411	-9.233533
Slc22a3	-14.767342999999999	-11.313464
9630028B13Rik	-19.903141	-16.449265
Cdkn2a	-17.195091	-13.741213
Gm15472	-19.392315	-15.938437
Setd2	-11.491975	-8.038096000000001
Lynx1	-12.358985	-8.905107000000001
Rnf25	-13.323426999999999	-9.869549000000001
Wdr24	-13.985144	-10.531265
Pigk	-11.811106	-8.357227
Ackr2	-17.782877	-14.3289995
Mdga1	-13.233642999999999	-9.779764
Gm47903	-21.001753	-17.547876000000002
Zscan2	-15.205695	-11.751816999999999
Elavl4	-19.903141	-16.449265
Gen1	-15.781398000000001	-12.327519
Gm12971	-17.069927	-13.616048999999999
Emc7	-10.456728	-7.00285
Gm15477	-19.392315	-15.938437
Smarca1	-13.570454000000002	-10.116575
Cul1	-10.942459	-7.488581
Ube2h	-10.789825	-7.3359475000000005
Cox7a2	-9.326446	-5.8725677
Ppm1h	-14.485560000000001	-11.031682
Ulk2	-11.578401	-8.124522
Kmt5a	-10.760188000000001	-7.306310000000001
Ccdc163	-13.282623000000001	-9.828745
2810433D01Rik	-13.439072	-9.985192999999999
Zbtb9	-14.364495000000002	-10.910617
Uqcrq	-9.77695	-6.323072
Gm48027	-14.556033	-11.102155
Ppp4c	-12.3775015	-8.923623
Tbk1	-12.599523	-9.145644
Gm13715	-18.922311999999998	-15.468434
Gngt2	-14.734551999999999	-11.280674000000001
Ptpn3	-13.036208	-9.58233
Mgat1	-11.788916	-8.335037
Vash1	-16.907408	-13.453529999999999
Peli3	-14.258873000000001	-10.804995
Hebp2	-13.732137	-10.278258000000001
Ubxn8	-13.061169999999999	-9.607291
Vamp2	-11.118774	-7.664896499999999
Rps27a	-8.067617	-4.61374
Gm15764	-17.109932	-13.656054500000002
Olfr183	-17.866259	-14.412381
Gm16251	-19.392315	-15.938437
Fam13a	-13.071907000000001	-9.618029
Mapk9	-12.384172	-8.930294
Ankrd46	-12.340114	-8.886235000000001
Eme2	-14.43087	-10.976992
Isy1	-12.511519999999999	-9.057642
Pkmyt1	-15.064217999999999	-11.610339
Olfr1124	-17.505245000000002	-14.051368
Hdhd2	-12.265746	-8.811867999999999
Gm16758	-18.516845999999997	-15.062968
Nipal3	-13.700605	-10.246727
Cck	-14.0732155	-10.619337
4833439L19Rik	-11.328812	-7.8749337
Cenpk	-15.230312	-11.776434
Tmem63c	-21.001753	-17.547876000000002
Rcsd1	-12.269933	-8.816054
Rgs6	-15.143820000000002	-11.689941000000001
Mfhas1	-11.185022	-7.731144400000001
Gm45397	-20.308605	-16.854729000000003
Fendrr	-15.314778	-11.8609
Fndc4	-13.658975	-10.205096000000001
Gm11273	-15.617257999999998	-12.16338
Gm1673	-14.276720000000001	-10.822842
B3gnt9	-12.75532	-9.301441
Rmrp	-15.112875	-11.658997
Ndn	-12.769313	-9.315434
Smarcal1	-13.150870000000001	-9.696992
Gm10392	-18.293703	-14.839826
Olfr172	-18.00602	-14.552142000000002
Aff3	-13.295589999999999	-9.841712
Gimap6	-15.388625	-11.934747
Erh	-11.266507	-7.812628999999999
Gm49032	-16.890879	-13.437001
Prpf4b	-10.621224	-7.1673465
Fam204a	-11.944914	-8.491035
Ube2b	-10.213961999999999	-6.7600837
Slc38a9	-12.822273	-9.368395
Mtmr3	-12.129406	-8.675528
Tspan32	-17.823698	-14.369821
Kremen2	-19.209993	-15.756116
Col13a1	-18.603857	-15.14998
Abcg5	-20.308605	-16.854729000000003
Scn3b	-18.293703	-14.839826
Gm33466	-19.392315	-15.938437
Sp3os	-12.829589	-9.3757105
Pzp	-19.903141	-16.449265
Gm50340	-16.265554	-12.811676
Lrrc66	-20.308605	-16.854729000000003
Ntn3	-15.384982	-11.931104
Cemip	-18.922311999999998	-15.468434
Gm49643	-16.958702	-13.504824
Galnt15	-12.623822	-9.169944000000001
Gm20402	-19.903141	-16.449265
Ctbp1	-11.348780999999999	-7.8949027
Ddx24	-10.631016	-7.177138
Colec10	-19.055841	-15.601964
Malt1	-12.480369	-9.026489999999999
Tada2a	-13.037946	-9.584067
Anapc7	-10.849338000000001	-7.395459700000001
Ccnd2	-9.6156845	-6.1618066
L3mbtl2	-13.702632000000001	-10.248754
Rnf185	-13.1258745	-9.671996
Grb10	-12.104344000000001	-8.650466
D930007J09Rik	-15.765310999999999	-12.311433000000001
Dbf4	-15.205695	-11.751816999999999
Ndufa13	-9.176377	-5.7225
Gm14455	-16.248163	-12.794285
Dapk2	-12.013058000000001	-8.559178999999999
Klhl12	-13.461132000000001	-10.007254
Dok1	-12.282599000000001	-8.828721
Gm31718	-17.109932	-13.656054500000002
Ginm1	-10.891699000000001	-7.4378210000000005
Calm2	-9.137783	-5.6839056
Lmo1	-13.129679999999999	-9.675801
Pcdhb18	-15.274904999999999	-11.821027
Fadd	-13.926789999999999	-10.472911999999999
Ica1	-13.993248000000001	-10.53937
4933427E11Rik	-19.055841	-15.601964
Tmub1	-13.198726999999998	-9.744848
Gm9984	-18.603857	-15.14998
Rab5c	-11.366734	-7.912855599999999
A230072C01Rik	-14.811438	-11.357559
Gm16208	-17.505245000000002	-14.051368
Far1os	-18.804527	-15.35065
AW554918	-13.255451999999998	-9.801574
Rpl39	-8.083707	-4.629829
Anxa11os	-19.392315	-15.938437
Sgsh	-13.570454000000002	-10.116575
Cyp1b1	-12.952007	-9.498128999999999
Brinp2	-19.903141	-16.449265
Arhgap30	-18.436804000000002	-14.982926
Hoxb7	-12.838098	-9.384219
Gm29521	-20.308605	-16.854729000000003
Synrg	-11.5433035	-8.089425
Cadm3	-17.91071	-14.456832
Ube2d1	-12.345494	-8.891616
Cars2	-12.61353	-9.159652000000001
Htra2	-12.592145	-9.138266999999999
Mrpl19	-12.452287	-8.998408
Cd72	-16.958702	-13.504824
Gm37584	-18.922311999999998	-15.468434
Gm43569	-19.055841	-15.601964
Nudt1	-14.02634	-10.572461
Tmem14c	-10.686421000000001	-7.232543499999999
Resf1	-10.601103	-7.147225
Dlk2	-19.392315	-15.938437
Sirt2	-11.3636	-7.909722
Bcat2	-12.373914	-8.920035
Xkr6	-16.118952	-12.665073
Zswim3	-14.87926	-11.425382
Lefty1	-13.612807	-10.158928999999999
Ttll11	-15.713486999999999	-12.259608
Prkab1	-13.486954	-10.033075
Alas2	-18.229164	-14.775286999999999
Kdm4d	-17.536016	-14.082139000000002
Lrrc75aos2	-16.214261999999998	-12.760384
Rragc	-11.72872	-8.274841
Slc22a18	-17.050507999999997	-13.596631
Tnfaip8l1	-17.567766	-14.113888000000001
Gm50278	-19.903141	-16.449265
9530018F02Rik	-14.773242000000002	-11.319364
Ostc	-10.716342	-7.262464
Gm37168	-18.516845999999997	-15.062968
Gm26839	-19.615458	-16.161580999999998
Hnrnpl	-11.156478	-7.7026
Ybx2	-17.782877	-14.3289995
Rmdn2	-13.775544	-10.321666
Mtor	-12.440735	-8.986856
Ankrd24	-13.404357000000001	-9.950479
Slc16a8	-16.725085999999997	-13.271208999999999
Pak2	-10.432103999999999	-6.978225999999999
Axl	-10.789238000000001	-7.3353600000000005
Ndufv2	-10.666418	-7.21254
Tifa	-14.588294	-11.134416
Gm26602	-18.804527	-15.35065
Gm19719	-17.446405	-13.992526999999999
Cbln3	-19.209993	-15.756116
Aacs	-13.625871	-10.171992
Snx1	-12.002257	-8.548378999999999
Cyp2e1	-17.705915	-14.252038
Bmp1	-12.064929	-8.611051
Aaas	-14.079108999999999	-10.625231
Mrps25	-11.720489	-8.26661
Chrna1os	-13.60726	-10.153381
Rims3	-19.209993	-15.756116
Taco1	-14.487040499999999	-11.033161999999999
Gm45890	-16.214261999999998	-12.760384
9930014A18Rik	-15.26196	-11.808082
Zbtb39	-13.902551999999998	-10.448673
Mat2b	-11.24578	-7.791902
1700013F07Rik	-17.91071	-14.456832
Ticrr	-17.173111	-13.7192335
Traf3ip2	-13.552256	-10.098377000000001
Vldlr	-10.730468	-7.27659
Toe1	-12.670408	-9.21653
Gm11266	-14.13795	-10.684072
Slc36a1	-14.777195	-11.323317
4930562C15Rik	-18.16854	-14.714661999999999
Gadd45gip1	-11.629805000000001	-8.175925999999999
Nudt13	-12.47125	-9.017371
Ebp	-12.015557000000001	-8.561679
Gm10717	-21.001753	-17.547876000000002
Sema3c	-10.542256	-7.0883784
Grin2d	-15.480292000000002	-12.026414
Cox4i1	-8.702860000000001	-5.248982
Cops8	-11.419504	-7.9656262
4930592C13Rik	-17.669548000000002	-14.215670999999999
Gpm6a	-15.703435999999998	-12.2495575
Map3k10	-12.057333999999999	-8.603456
Lrrc10b	-15.599076	-12.145197999999999
Sp100	-16.274364000000002	-12.820487
Il4ra	-14.4183445	-10.964466
Zfp109	-15.814367	-12.360489
Mios	-12.855044	-9.401166
1700086O06Rik	-14.442138	-10.988259
Lrrc55	-19.903141	-16.449265
Olfr131	-20.308605	-16.854729000000003
Commd2	-12.028655	-8.574777000000001
Rps29	-7.530444999999999	-4.0765676
Bicc1	-13.896788	-10.442909
Spock2	-14.866188000000001	-11.41231
Lipt1	-14.283949	-10.8300705
Serpinb6a	-10.368811	-6.9149327000000005
Abcc12	-20.308605	-16.854729000000003
Ptch2	-16.081772	-12.627894
Vmn1r13	-18.00602	-14.552142000000002
Xiap	-11.276137	-7.8222594
Duxbl3	-17.536016	-14.082139000000002
B3galt6	-13.731441	-10.277562
Mob4	-10.928438	-7.4745603
Sass6	-13.447417999999999	-9.99354
Gstk1	-12.472039	-9.018161
Gm41541	-18.436804000000002	-14.982926
Zfp458	-14.537165	-11.083286
Jpx	-14.43087	-10.976992
Gm43149	-16.025019	-12.571141
Igsf5	-17.312874	-13.858995000000002
Pi4k2a	-12.222196	-8.768317
1700019G24Rik	-19.615458	-16.161580999999998
Zbtb43	-13.040731	-9.586853
Gm43063	-19.615458	-16.161580999999998
Dbndd1	-19.615458	-16.161580999999998
Dhx9	-11.643510000000001	-8.189631
Prdx2	-10.170541	-6.7166630000000005
Frmd5	-17.364166	-13.910289
Psma6	-10.748525	-7.2946467
Gm43803	-18.057314	-14.603435999999999
Tmem175	-13.083488000000001	-9.629610000000001
Mterf2	-13.963847	-10.509969
Pcsk2	-17.08973	-13.635851999999998
Gm805	-21.001753	-17.547876000000002
Ifit3	-13.601132000000002	-10.147254
Crb1	-21.001753	-17.547876000000002
Plekhh1	-16.310406	-12.856527
Actn2	-13.2218685	-9.76799
9230112J17Rik	-13.548191000000001	-10.094313
Zfp72	-13.853407999999998	-10.399529
Iqcb1	-12.665842	-9.211964
Pde6h	-14.252994000000001	-10.799114999999999
Fosl2	-11.689127000000001	-8.235249000000001
Oxnad1	-13.345889000000001	-9.892011
4933406I18Rik	-18.00602	-14.552142000000002
E2f8	-19.392315	-15.938437
Rgs20	-19.615458	-16.161580999999998
Gm12999	-19.209993	-15.756116
C9orf72	-13.305086	-9.851208
Gm31592	-18.436804000000002	-14.982926
Pih1d2	-15.590107000000001	-12.136229
Sord	-12.220505000000001	-8.766625999999999
Bcl2l2	-12.5127535	-9.058875
Zbtb26	-14.264787	-10.810908
Dusp19	-13.03205	-9.578172
6430548M08Rik	-15.101856	-11.647978
Stx2	-12.524965	-9.071087
Mmrn1	-16.416786	-12.962908
Tnfaip1	-11.793315	-8.339437
Nipsnap3a	-21.001753	-17.547876000000002
Large2	-19.392315	-15.938437
Wipf1	-11.863338	-8.409460000000001
Dnah7b	-15.958328	-12.50445
Purg	-13.231953	-9.778074
Gm17034	-18.229164	-14.775286999999999
3110009E18Rik	-13.734228	-10.28035
Il17rd	-13.982455999999999	-10.528578
Npff	-15.603591	-12.149713
Itk	-19.209993	-15.756116
Cyp26b1	-13.764694	-10.310816
Crebbp	-10.897655	-7.4437766000000005
Zmym2	-11.928608	-8.474730000000001
Cab39	-10.859839	-7.4059615
Ezr	-14.40734	-10.953462
D830036C21Rik	-14.672032000000002	-11.218154
AI506816	-12.230072999999999	-8.776195
Wdr13	-12.478578	-9.024699
Tti1	-13.572232000000001	-10.118354
Slc16a11	-13.937849	-10.483971
Ccpg1os	-13.2707	-9.816822
Gm45822	-18.00602	-14.552142000000002
Gm20400	-17.866259	-14.412381
Zyg11b	-11.809272	-8.355393
Cdk5rap2	-13.182117000000002	-9.728239
Gm10131	-15.645167	-12.191289
Trim66	-18.16854	-14.714661999999999
Rnf103	-12.123814	-8.669935
Stac	-13.769743	-10.315864999999999
Gm4724	-15.760006	-12.306128
Gm17349	-17.338192000000003	-13.884314000000002
Pkig	-10.733831	-7.2799535
Gm20379	-20.308605	-16.854729000000003
Dnmt3aos	-18.804527	-15.35065
Gm10322	-18.603857	-15.14998
Vamp4	-12.499064	-9.045186
Olfr1160	-19.392315	-15.938437
Gm41442	-18.603857	-15.14998
9630001P10Rik	-16.753258	-13.299379
Gchfr	-15.814367	-12.360489
Cenpu	-15.964801000000001	-12.510922
Arhgap27os2	-18.111382	-14.657504000000001
1010001N08Rik	-14.256517	-10.802639
Sar1a	-11.066961000000001	-7.6130834
Ntpcr	-12.77518	-9.321301
Tsku	-15.9978075	-12.543928999999999
Spg21	-12.310439	-8.856561
Hnrnph2	-11.635178999999999	-8.1813
Gm12474	-18.603857	-15.14998
Lims1	-10.8837595	-7.429881599999999
Pcsk6	-13.723124499999999	-10.269246
Brat1	-14.100016	-10.646137
Gm45040	-21.001753	-17.547876000000002
Cxcl1	-15.599076	-12.145197999999999
Srp54c	-14.3096695	-10.855791
Ifi27l2a	-13.471273000000002	-10.017395
Nek6	-14.686395999999998	-11.232517
Lmf1	-13.160260000000001	-9.706382000000001
Tlr2	-14.580132	-11.126253
Cnnm3	-12.963564	-9.5096855
Gm44837	-16.711294	-13.257416000000001
Gm6710	-14.143188	-10.68931
Cmc2	-12.401875	-8.947996
Aftph	-12.125767999999999	-8.671889
Atrx	-10.185863000000001	-6.731984599999999
Bcl9	-12.636313000000001	-9.182435
Sema6d	-15.649896	-12.196017
Nif3l1	-13.7073765	-10.253498
Sept3	-20.308605	-16.854729000000003
Esrrb	-21.001753	-17.547876000000002
Pnrc2	-11.747492	-8.293613
Gm42699	-16.524416	-13.0705385
Mecr	-12.900985	-9.447106
Wdr19	-13.890241	-10.436361999999999
1700087M22Rik	-19.055841	-15.601964
Ccny	-11.598811	-8.144933
Nup37	-13.722434	-10.268556
Med25	-12.003739999999999	-8.549862
Gm12199	-21.001753	-17.547876000000002
Kcnip2	-18.603857	-15.14998
Apbb1ip	-14.018889999999999	-10.565012
N4bp2os	-15.345760999999998	-11.891883
Adh7	-17.743656	-14.289779000000001
Vps4b	-11.40581	-7.9519324000000005
Dlx2	-16.570936	-13.117057999999998
Arglu1	-10.738077	-7.284199
Ppp1r12c	-10.635381	-7.181503
Gm43560	-16.096478	-12.6426
Rpsa	-8.361806	-4.907928500000001
Pdcd11	-12.256947	-8.803068
Prkx	-12.967122	-9.513244
Gm20682	-15.683632999999999	-12.229754
Ccl6	-17.536016	-14.082139000000002
Xrcc6	-12.848116000000001	-9.3942375
Casp12	-11.476967	-8.023088000000001
Spats1	-19.903141	-16.449265
Atg2b	-13.343054	-9.889175
Ubxn2b	-12.568377	-9.114498
Gprin2	-14.515592999999999	-11.061714
Rilpl1	-11.615361	-8.161483
Agl	-11.628614	-8.174736
Rabggta	-13.842462	-10.388583
Hoxc4	-14.719485999999998	-11.265608
Gm26779	-16.99442	-13.540542000000002
Rbm27	-11.508266	-8.054388000000001
Mfrp	-21.001753	-17.547876000000002
Tmem131l	-12.851285	-9.397407000000001
Zfp566	-14.115222	-10.661344
Xkr4	-14.050939000000001	-10.59706
Gm26831	-18.00602	-14.552142000000002
Rab3c	-19.209993	-15.756116
Qrfpr	-21.001753	-17.547876000000002
Armc6	-13.616523	-10.162644
Fam98a	-12.226975999999999	-8.773098
Fh1	-11.543225	-8.089347
Fbxw17	-13.178907999999998	-9.72503
Zfp786	-16.632305	-13.178427
Zfp628	-13.851835999999999	-10.397958000000001
Nutf2-ps1	-14.992939999999999	-11.539062
Gm44780	-19.392315	-15.938437
Fgfr2	-11.490346	-8.036468
Aebp2	-11.752289	-8.29841
Mnt	-12.906460000000001	-9.452581
Brwd1	-11.651564	-8.197685
Gpr149	-19.392315	-15.938437
Trp53i11	-13.657034	-10.2031555
4930548H24Rik	-17.600555	-14.146678
Cinp	-12.48017	-9.026292
Tbxas1	-16.725085999999997	-13.271208999999999
Yipf3	-11.122712	-7.6688339999999995
Slc52a2	-13.658975	-10.205096000000001
Fhl1	-9.1074915	-5.6536136
Ctps2	-12.489975	-9.036097
Tmlhe	-14.736451999999998	-11.282574
Ick	-11.935399	-8.481521
9130024F11Rik	-16.697687	-13.24381
Ddost	-10.688277000000001	-7.234399300000001
Zfp608	-12.838667	-9.384788499999999
Gpr135	-15.30131	-11.847431
1810006J02Rik	-17.567766	-14.113888000000001
Cul9	-13.104085000000001	-9.650207
Sox18	-18.699167000000003	-15.245289999999999
Mansc1	-14.17738	-10.723500999999999
Lonrf3	-15.265181	-11.811302
Agpat5	-11.63955	-8.185672
Rbm22	-12.121167999999999	-8.66729
Mbp	-17.823698	-14.369821
Fam171a2	-14.145291	-10.691413
Cpm	-16.657948	-13.204069
Asna1	-12.123534	-8.669656
Prr11	-16.045925	-12.592048
Gm49932	-18.111382	-14.657504000000001
Ids	-11.488646000000001	-8.034767
Gstm6	-15.516956	-12.063077999999999
Fam192a	-12.236919	-8.783041
Nsun7	-17.338192000000003	-13.884314000000002
Glt28d2	-13.406366	-9.952488
Ncmap	-17.050507999999997	-13.596631
Cnih1	-11.433529	-7.979651
Usp15	-11.433459	-7.9795814
Mal	-18.804527	-15.35065
Tmem132e	-19.209993	-15.756116
Dqx1	-17.08973	-13.635851999999998
Fxyd2	-17.364166	-13.910289
4930417O22Rik	-15.18167	-11.727791999999999
Gm16144	-18.00602	-14.552142000000002
Smu1	-11.845869	-8.391991
Prtg	-14.952020000000001	-11.498141
Capn7	-12.729693	-9.275815
1700001P01Rik	-18.804527	-15.35065
Ins2	-18.603857	-15.14998
Gm31645	-17.823698	-14.369821
Prps1l3	-13.668076500000002	-10.214198
Sfxn3	-12.007829	-8.55395
Mdm4	-11.8832	-8.429321
Dnm3os	-13.228159	-9.774281
Wscd1	-19.392315	-15.938437
Pcdh1	-15.854258999999999	-12.40038
Vps39	-13.502884	-10.0490055
Cep63	-12.289158	-8.835279
Pla2g4a	-11.333165	-7.8792872
Fam89b	-11.656358	-8.202478999999999
Alg6	-13.773365	-10.319486999999999
Gm13346	-17.01277	-13.558891000000001
Fam210b	-13.428222	-9.974343
Zfp382	-14.328454999999998	-10.874577
Kat8	-12.926169999999999	-9.472292
Tex26	-18.16854	-14.714661999999999
Tcf24	-16.782246	-13.328367000000002
Mboat7	-12.908597	-9.454719
Gm10827	-16.684265	-13.230387
Olfr889	-18.229164	-14.775286999999999
Uqcc2	-10.518847000000001	-7.064969500000001
Gm36602	-20.308605	-16.854729000000003
Apool	-12.701721000000001	-9.247843
Hhip	-14.256517	-10.802639
Rfc3	-13.638473499999998	-10.184595
Gm17949	-17.536016	-14.082139000000002
Gm9899	-18.804527	-15.35065
Plcb2	-19.392315	-15.938437
Shisa3	-17.634457	-14.180579000000002
Ccl24	-18.057314	-14.603435999999999
Ubr2	-11.380231	-7.926353
AU022252	-12.969069000000001	-9.515189999999999
Gm14762	-17.109932	-13.656054500000002
Gm15232	-17.069927	-13.616048999999999
Tmem11	-12.228988000000001	-8.775109
Gm5784	-15.926579	-12.472700999999999
Cpb1	-14.787146	-11.333267
Fam181b	-18.00602	-14.552142000000002
Cd164	-11.00911	-7.5552325
2900005J15Rik	-15.30131	-11.847431
Fam49a	-15.138123	-11.684244
Tctex1d2	-12.667282	-9.213403999999999
Otx1	-19.392315	-15.938437
Gm17227	-17.634457	-14.180579000000002
Cyp2u1	-13.976215	-10.522337
Yipf2	-13.670038	-10.21616
D130040H23Rik	-14.34246	-10.888581
Nono	-11.29867	-7.844792
Igfbpl1	-19.903141	-16.449265
3830403N18Rik	-15.786817999999998	-12.332939
Ggh	-11.413182	-7.9593043
Bcl2l1	-12.395999999999999	-8.942121499999999
Nipbl	-10.584186	-7.1303077
Fam43a	-14.668473	-11.214595
Ube2v2	-11.358657000000001	-7.9047789999999996
D630033O11Rik	-19.055841	-15.601964
Ebi3	-21.001753	-17.547876000000002
Plpp1	-11.139608	-7.685730499999999
Ly6g6c	-18.362696	-14.908818
Kcnj5	-21.001753	-17.547876000000002
Raf1	-11.388083	-7.934205499999999
Tmem136	-12.509673	-9.055795
Pdzd11	-12.118807	-8.664928
Gm15507	-17.91071	-14.456832
Smco3	-19.903141	-16.449265
Gm7324	-16.725085999999997	-13.271208999999999
Cd55b	-21.001753	-17.547876000000002
2810429I04Rik	-18.699167000000003	-15.245289999999999
Dctn4	-11.3980875	-7.944209599999999
Sh2d3c	-16.357363	-12.903483999999999
Itga4	-13.094102000000001	-9.6402235
Maea	-12.12507	-8.671191
6030443J06Rik	-15.4763	-12.022422
Adcy10	-17.95723	-14.503352
4930579K19Rik	-15.4410715	-11.987193
Sash1	-11.615528999999999	-8.161650999999999
Tomt	-18.804527	-15.35065
Arhgap18	-14.749849	-11.295971
Gm28989	-20.308605	-16.854729000000003
Ptp4a1	-15.546432500000002	-12.092554
Fignl1	-16.797060000000002	-13.343182999999998
Fv1	-16.671019	-13.217141
Apol7b	-17.91071	-14.456832
Pcdhb17	-13.791673999999999	-10.337795
Zfp3	-14.554447	-11.100569
Adamts1	-9.802416000000001	-6.348538
Hgfac	-18.922311999999998	-15.468434
Msantd3	-13.4328575	-9.978978999999999
Ell3	-19.209993	-15.756116
Tmeff2	-13.565135999999999	-10.111258
Gm12184	-14.94263	-11.488750999999999
8030474K03Rik	-18.699167000000003	-15.245289999999999
Rxra	-12.31583	-8.861952
Stxbp6	-15.061582000000001	-11.607703
Zfp512b	-12.968743	-9.514864999999999
Hist1h2bk	-20.308605	-16.854729000000003
Slc25a3	-9.492664999999999	-6.0387874
C4a	-17.743656	-14.289779000000001
Pfn4	-17.782877	-14.3289995
Phyhd1	-12.071524	-8.617645
Gm12781	-18.362696	-14.908818
Arid4b	-10.540853	-7.0869746
Gm34655	-16.632305	-13.178427
Col4a1	-9.168891	-5.7150135
Urb1	-13.389417000000002	-9.935538000000001
Cldn12	-13.584774	-10.130896
Helz2	-14.588294	-11.134416
Pced1a	-14.091002	-10.637124
2310030G06Rik	-13.714877	-10.260999
Adcy4	-14.874885	-11.421006
Itgbl1	-10.368088	-6.914210000000001
Ttr	-20.308605	-16.854729000000003
Glt8d2	-15.012792000000001	-11.558913
Pmpca	-12.826205999999999	-9.372328
Clic1	-10.151	-6.697122
Gm32552	-19.903141	-16.449265
Wdfy2	-13.203641000000001	-9.749763
Commd1	-11.115666000000001	-7.661788499999999
Gm12059	-16.197731	-12.743853999999999
Stox2	-12.29394	-8.840061
Lrrc69	-18.922311999999998	-15.468434
Zfp963	-14.526320000000002	-11.072442
Srgap2	-12.6879015	-9.234022999999999
Clmp	-11.079689	-7.625811
Bnip2	-9.518865	-6.0649866999999995
Gm40557	-18.00602	-14.552142000000002
Gm8113	-17.567766	-14.113888000000001
Adamtsl5	-11.335889	-7.882011
Tnfsf13os	-16.03194	-12.578062
Mecp2	-11.454155	-8.000277
Hnrnph3	-11.355547999999999	-7.901669999999999
Bglap2	-19.903141	-16.449265
Kctd8	-17.173111	-13.7192335
Snx19	-12.950094	-9.496216
Tlnrd1	-13.555168	-10.101289999999999
Herc4	-12.709956	-9.256078
Ap4b1	-13.743341000000001	-10.289463
Adra1d	-14.6352825	-11.181403999999999
Shoc2	-11.8964405	-8.442561999999999
Pacc1	-14.432272	-10.978394
Defb25	-15.349264000000002	-11.895386
Guca2a	-18.922311999999998	-15.468434
3222401L13Rik	-13.655098	-10.20122
Gm26903	-21.001753	-17.547876000000002
Prpf19	-11.888914999999999	-8.435037
Gtf2e1	-13.769743	-10.315864999999999
Senp6	-10.483350999999999	-7.029472999999999
Pank1	-12.837812	-9.383934
4933433G15Rik	-15.723639000000002	-12.26976
Hmcn2	-17.567766	-14.113888000000001
Pkp2	-17.743656	-14.289779000000001
Eci2	-11.518641	-8.064763000000001
Mrpl15	-11.653653	-8.199775
Spg20	-11.874034	-8.420156
Ccdc78	-18.603857	-15.14998
Prr19	-20.308605	-16.854729000000003
Xrcc4	-12.566855	-9.112977
Cd46	-15.388625	-11.934747
Gm13986	-17.95723	-14.503352
Atg10	-12.532071	-9.078192999999999
Zmym1	-13.18011	-9.726232000000001
Hip1r	-12.334762	-8.880883
Mpp4	-17.536016	-14.082139000000002
Gm31108	-18.111382	-14.657504000000001
Gm43376	-19.209993	-15.756116
Ddx17	-11.027295	-7.573417
Arhgap1	-12.133339999999999	-8.6794615
Gm36693	-18.516845999999997	-15.062968
Gm14295	-13.920885	-10.467007
Mroh1	-12.864942999999998	-9.411064
Yif1a	-11.7114935	-8.257615
Csnk1a1	-9.799219	-6.345341
Vmn1r88	-19.392315	-15.938437
Arhgef5	-12.063878	-8.61
Ola1	-11.4825325	-8.028654
5430416N02Rik	-13.501776999999999	-10.047898
Zfp706	-10.804962	-7.351083999999999
Xrra1	-18.229164	-14.775286999999999
Gm42937	-15.504585	-12.050707000000001
Ap1g2	-15.433409	-11.97953
P2rx3	-18.804527	-15.35065
Gm15444	-18.603857	-15.14998
Pcdh7	-8.894065	-5.4401875
Hbb-y	-19.392315	-15.938437
Gm16701	-17.743656	-14.289779000000001
Ppp6r2	-12.958089999999999	-9.504211
Slc16a7	-11.679604	-8.225725
Tsen54	-13.441673000000002	-9.987795
Psd3	-12.533750999999999	-9.079872
Oser1	-12.419334	-8.965456
Phkg1	-12.166688	-8.712810000000001
Acaa1a	-11.279009	-7.825131
Atic	-12.201941	-8.748062
Igsf3	-12.420835	-8.966956
Gm15326	-20.308605	-16.854729000000003
Gnb1	-10.519267999999999	-7.06539
1700023H06Rik	-18.16854	-14.714661999999999
BC048403	-15.407042	-11.953163
Lipc	-17.418233999999998	-13.964356
Adgrl2	-10.536766	-7.0828880000000005
Gm16794	-15.754729000000001	-12.300851
Atxn7l1os2	-20.308605	-16.854729000000003
Igf1	-13.802075	-10.348197
Gucd1	-12.882355	-9.428476
Mfsd8	-13.606031	-10.152153
Fam217b	-12.855334	-9.401456
Glud1	-10.743322000000001	-7.289444400000001
Serpinb6c	-18.804527	-15.35065
Vmn2r124	-19.615458	-16.161580999999998
Krba1	-13.582373	-10.128494
Lrrc20	-13.635941	-10.182062
Fgf17	-19.209993	-15.756116
Eci1	-11.8335905	-8.379712
Ticam2	-18.436804000000002	-14.982926
Macrod1	-11.860228	-8.406349
Mob3b	-14.425282999999999	-10.971405
Cfdp1	-11.174930999999999	-7.7210526
Strn	-12.969069000000001	-9.515189999999999
Gm45902	-15.038174	-11.584295
Slc2a5	-19.903141	-16.449265
Lamp2	-10.705852499999999	-7.2519746
Ankrd23	-14.009657	-10.5557785
Med7	-12.488167	-9.034288
Sphkap	-13.2218685	-9.76799
Gm30262	-20.308605	-16.854729000000003
Txndc17	-10.393239	-6.939361
Col16a1	-13.506767000000002	-10.052889
Gtf2f2	-13.462727	-10.008848
Nus1	-11.731824000000001	-8.2779455
Dlgap2	-16.725085999999997	-13.271208999999999
Kcnh3	-17.475391000000002	-14.021514000000002
Fam161b	-14.603157999999999	-11.149280000000001
Ifnlr1	-16.570936	-13.117057999999998
Chpf2	-12.667762	-9.213883000000001
Srd5a1	-14.732657000000001	-11.278779
Gm10433	-19.209993	-15.756116
Xpc	-12.487966	-9.034087
Polr1b	-14.188309	-10.73443
Fam45a	-12.287678999999999	-8.8338
Yars	-13.01321	-9.559332000000001
9530077C05Rik	-12.531861	-9.077983
2310074N15Rik	-16.01132	-12.557443
Sorcs2	-16.84287	-13.388992000000002
Atp8a1	-13.471810000000001	-10.017932
Vmn1r83	-20.308605	-16.854729000000003
Serpini1	-10.999825	-7.5459466
Erc1	-11.643597	-8.189718
Fam228b	-15.958328	-12.50445
3110056K07Rik	-13.102971	-9.649092999999999
Prrt3	-17.782877	-14.3289995
Mis18a	-14.446397	-10.992517999999999
Rbm44	-15.069509	-11.61563
Pde4a	-12.05161	-8.597732
Gm32098	-21.001753	-17.547876000000002
Kifap3	-11.476602999999999	-8.022724
Fam151b	-14.661394	-11.207516
Trit1	-13.830096	-10.376218
Mtap	-11.986091	-8.532212
Acap2	-11.660297	-8.206419
Srsf10	-10.740836	-7.286958
Cd276	-13.412417000000001	-9.958539
Frmd4a	-12.566638000000001	-9.11276
4933405D12Rik	-15.728754	-12.274875999999999
Gm47357	-17.866259	-14.412381
Msi2	-10.82124	-7.3673625
Lhfpl3	-19.903141	-16.449265
Cct6a	-10.57017	-7.1162925
Smc4	-11.926431	-8.472552
Sftpb	-19.055841	-15.601964
Timeless	-16.173439000000002	-12.719562
Cacul1	-12.523717	-9.069839
Gm29570	-18.922311999999998	-15.468434
Gpr65	-18.922311999999998	-15.468434
Bap1	-13.083853	-9.629974
Paqr8	-14.145291	-10.691413
5330434G04Rik	-17.866259	-14.412381
Ptprh	-21.001753	-17.547876000000002
4933409D19Rik	-21.001753	-17.547876000000002
Fkbp4	-10.817003999999999	-7.363126299999999
Thoc2	-10.8979	-7.4440217
Wfdc2	-19.903141	-16.449265
Gtf3a	-11.71214	-8.258262
Tbc1d13	-14.13795	-10.684072
Asic5	-21.001753	-17.547876000000002
Iqank1	-18.804527	-15.35065
Col19a1	-13.216448000000002	-9.762569000000001
Lsm1	-11.926775	-8.472897
Emcn	-18.293703	-14.839826
Mien1	-11.363013	-7.9091353
Gm34643	-19.392315	-15.938437
Elmo3	-15.208739000000001	-11.754861
Grin2c	-21.001753	-17.547876000000002
Alkbh5	-11.493236999999999	-8.039358
Hecw1	-17.91071	-14.456832
Mroh3	-18.516845999999997	-15.062968
9630015K15Rik	-15.0178175	-11.563939
Tcaim	-13.224379999999998	-9.770501
Slc7a14	-18.436804000000002	-14.982926
Gm13362	-21.001753	-17.547876000000002
Gm20735	-19.392315	-15.938437
BC048644	-20.308605	-16.854729000000003
Fam180a	-16.711294	-13.257416000000001
1700029H14Rik	-19.903141	-16.449265
Zfp281	-11.562606	-8.108727
Tsga10	-12.697258	-9.24338
Ampd2	-12.743849	-9.28997
Car3	-18.229164	-14.775286999999999
Arl6	-13.078768	-9.624889
Zfp128	-14.864026	-11.410148
Ptk7	-18.16854	-14.714661999999999
Gm29674	-21.001753	-17.547876000000002
Mat2a	-10.728359	-7.2744813
Rab25	-18.922311999999998	-15.468434
Zfp326	-11.698013000000001	-8.244135
Gm10719	-20.308605	-16.854729000000003
Il2rb	-16.367023	-12.913146000000001
Numa1	-11.5479965	-8.094118
Prodh	-14.053816000000001	-10.599936999999999
Gm13656	-17.536016	-14.082139000000002
Nlrc4	-18.362696	-14.908818
Tsix	-19.392315	-15.938437
Lrrc32	-12.380741	-8.926863
Nav3	-16.265554	-12.811676
Gm50232	-15.422023999999999	-11.968145
Gak	-12.317860000000001	-8.863980999999999
Snw1	-11.094972	-7.641093700000001
Gm42756	-21.001753	-17.547876000000002
Slc7a6os	-13.078043	-9.624165
Prdm9	-15.585653	-12.131775
Vps52	-12.544735000000001	-9.090857000000002
Chid1	-13.083125	-9.629247
Mrps15	-11.331776	-7.8778977
Gm5914	-13.971781	-10.517902000000001
Tm6sf2	-17.390835	-13.936957000000001
A530001N23Rik	-18.922311999999998	-15.468434
Mme	-15.135285000000001	-11.681407
Gm15927	-16.890879	-13.437001
Cdadc1	-12.013931	-8.560053
Tlk1	-11.219134	-7.7652564
Ttc22	-15.480292000000002	-12.026414
Gm35229	-17.634457	-14.180579000000002
Kmt5b	-11.557053	-8.103174000000001
Gm11722	-21.001753	-17.547876000000002
1810013D15Rik	-18.603857	-15.14998
Dvl2	-13.349207999999999	-9.895328999999998
Jmjd4	-14.827967999999998	-11.374089
Frem3	-21.001753	-17.547876000000002
1700056E22Rik	-15.035606	-11.581728
Bad	-11.673718	-8.21984
Psmb10	-13.177307	-9.723429
Gm29666	-16.9764	-13.522523000000001
E2f1	-15.414504999999998	-11.960627
Tbcel	-12.376603	-8.922725
Mpzl3	-15.328429999999999	-11.874552
Slc35a4	-12.443033999999999	-8.989156
Gm48133	-19.615458	-16.161580999999998
Plekhj1	-11.881885	-8.428006
Gm28050	-17.08973	-13.635851999999998
Ctdspl	-11.138150999999999	-7.684273200000001
Hoxd8	-14.575265	-11.121387
Idh1	-12.181202	-8.727324000000001
Ccdc184	-19.055841	-15.601964
Agtr1b	-14.400523000000002	-10.946645
Nr3c2	-13.0929985	-9.63912
Gns	-11.588716999999999	-8.134839
Capzb	-9.938276	-6.484398400000001
Cenph	-16.890879	-13.437001
Gdi1	-11.716955	-8.263077000000001
Pcbp4	-12.179725999999999	-8.725847
Gm15972	-15.345760999999998	-11.891883
Dscc1	-17.536016	-14.082139000000002
Gm15479	-21.001753	-17.547876000000002
Prkcd	-11.824866	-8.370988
Nsun3	-14.432272	-10.978394
Spata31d1a	-19.615458	-16.161580999999998
Cdc42bpb	-11.868618	-8.41474
Gm17139	-19.392315	-15.938437
Fam20a	-13.316969	-9.8630905
Cobll1	-11.745007000000001	-8.291128
Eif3l	-11.254861	-7.8009830000000004
Trp53i13	-11.892228	-8.43835
Gm6034	-21.001753	-17.547876000000002
C430042M11Rik	-19.392315	-15.938437
Fnta	-11.271548	-7.8176703
Enox2	-13.101486999999999	-9.647609
Zfp692	-14.255342	-10.801463
Snap91	-19.392315	-15.938437
Stx18	-12.699736	-9.245857
Gm49313	-19.392315	-15.938437
Nat8f3	-18.804527	-15.35065
Gm15406	-18.516845999999997	-15.062968
Erlin1	-13.832403	-10.378525
Ercc5	-12.390705	-8.936827000000001
Acsbg2	-16.858618	-13.404739999999999
Lrrn1	-15.803256	-12.349378
Rab11b	-10.740941000000001	-7.287063000000001
Pld4	-18.229164	-14.775286999999999
Ccdc142	-16.427042	-12.973164
Abra	-11.571555	-8.117677
Cacybp	-10.788101	-7.3342233
Lypd2	-19.903141	-16.449265
Camkk2	-12.057725	-8.603847
Gm10125	-14.661394	-11.207516
Brca1	-16.941309	-13.487432
Gm45607	-20.308605	-16.854729000000003
Gm26569	-17.195091	-13.741213
A430106G13Rik	-16.328924	-12.875046000000001
Gm10479	-17.195091	-13.741213
Psmd7	-10.133661	-6.6797832999999995
Pcif1	-11.784736	-8.330857
Avpi1	-11.614691	-8.160812
Agap3	-12.530395	-9.076516
Pcdh11x	-13.530959	-10.077081
Bend5	-14.645646	-11.191768
Zfp282	-13.557504999999999	-10.103626
Mettl8	-14.108097	-10.654219
Rtn2	-12.55391	-9.100032
Pwp1	-13.000063	-9.546185000000001
Eif2s3y	-11.611844999999999	-8.157967
Gal	-17.418233999999998	-13.964356
4930539E08Rik	-21.001753	-17.547876000000002
Fgfr4	-20.308605	-16.854729000000003
Fam189a2	-15.101856	-11.647978
Mapk14	-12.346539	-8.892660000000001
Dner	-18.362696	-14.908818
Epha3	-11.784139999999999	-8.330261
Gfpt1	-11.938521000000001	-8.484643
Ercc6l	-17.173111	-13.7192335
Stpg4	-17.338192000000003	-13.884314000000002
Fchsd1	-14.399165	-10.945286999999999
Tinagl1	-10.023827	-6.569948700000001
Plat	-11.909409	-8.45553
Slc8a2	-13.080944	-9.627066000000001
Sdf2	-11.324727000000001	-7.870849000000001
Tfap2c	-21.001753	-17.547876000000002
4933433H22Rik	-19.903141	-16.449265
Gm10160	-19.903141	-16.449265
Cchcr1	-13.635307999999998	-10.18143
Cspg4	-9.915649	-6.461771499999999
Mri1	-12.745405	-9.291527
Spty2d1	-11.822904	-8.369025
Calr3	-16.782246	-13.328367000000002
Kcna1	-17.446405	-13.992526999999999
Enpp4	-12.889825	-9.435946000000001
Aldh6a1	-12.045403	-8.591524
Gm42031	-17.288180999999998	-13.834303
7330404K18Rik	-21.001753	-17.547876000000002
Gsk3a	-11.857125	-8.403247
Pstk	-12.182975	-8.729096
St6galnac4	-12.720028999999998	-9.26615
Gli3	-13.602967000000001	-10.149089
Vmn2r56	-21.001753	-17.547876000000002
Gm10457	-16.22263	-12.768751
Lig3	-13.288862	-9.834984
Chac2	-13.406869	-9.952991
Pde2a	-16.189567999999998	-12.73569
Oaz1	-8.720091	-5.266213
Gpkow	-13.437515	-9.983637
Cd40	-19.392315	-15.938437
Zfp438	-13.710778	-10.2569
Zfp87	-12.831002	-9.377124
Kctd7	-14.437898	-10.984019
Zfp790	-13.889426	-10.435547999999999
Vps45	-12.768516	-9.314637
Klrg2	-15.512815	-12.058937
Ikzf1	-19.055841	-15.601964
C030017B01Rik	-13.627751000000002	-10.173873
Mrpl22	-12.228523	-8.774645
Pdc	-21.001753	-17.547876000000002
Pla2g12b	-17.338192000000003	-13.884314000000002
Cbr4	-13.267195000000001	-9.813316
Mgat3	-15.395951	-11.942072999999999
Tbc1d10c	-17.567766	-14.113888000000001
Gm17077	-18.516845999999997	-15.062968
Ccdc32	-12.154537	-8.700659
Tgfbr3l	-16.274364000000002	-12.820487
Nbl1	-11.551059	-8.09718
Ubap1	-12.629586	-9.175708
Rnf38	-12.707704	-9.253825
Klhl9	-11.525286999999999	-8.071408
Pdgfd	-11.270894	-7.817016000000001
Cdc42se2	-12.730717	-9.276838
Tpk1	-14.446397	-10.992517999999999
Acy1	-14.302253	-10.848374
Taok3	-11.943748	-8.48987
Itga3	-11.624628	-8.17075
Cd300lg	-18.229164	-14.775286999999999
B230104I21Rik	-19.903141	-16.449265
Ppil2	-12.022715	-8.568836
Tuba3b	-18.922311999999998	-15.468434
Haghl	-12.342713	-8.888835
Gm16188	-19.615458	-16.161580999999998
Gm45076	-14.765384	-11.311505
Gm42939	-17.390835	-13.936957000000001
Mospd3	-13.290652	-9.836774
Dync2h1	-12.43102	-8.977141
1110008P14Rik	-11.552711500000001	-8.098833
Tagln3	-17.505245000000002	-14.051368
Gcfc2	-13.690535	-10.236656
Nrap	-14.481132500000001	-11.027254
Zfp345	-19.392315	-15.938437
Cluap1	-12.360750999999999	-8.906873
Tuba1b	-10.843817999999999	-7.389939999999999
Poglut2	-12.657486	-9.203608000000001
Gm20594	-15.236562	-11.782683
Gm9844	-15.831269	-12.377391000000001
Adrb1	-15.374132000000001	-11.920254
Gm13267	-21.001753	-17.547876000000002
0610005C13Rik	-17.600555	-14.146678
Gm31804	-19.055841	-15.601964
Ppp1r3e	-14.713895	-11.260016
A330040F15Rik	-18.057314	-14.603435999999999
Gm27010	-15.713486999999999	-12.259608
Pcdhb9	-16.357363	-12.903483999999999
Bco2	-21.001753	-17.547876000000002
Bola1	-11.724783	-8.270905
Mcidas	-21.001753	-17.547876000000002
Zw10	-12.912271	-9.458392
Gm35166	-18.16854	-14.714661999999999
Epb41l4b	-15.152429000000001	-11.69855
Tmem250-ps	-12.48017	-9.026292
Cd101	-20.308605	-16.854729000000003
Zmat4	-21.001753	-17.547876000000002
Il1rapl2	-19.392315	-15.938437
Cbfb	-13.379579000000001	-9.9257
Gm33424	-19.903141	-16.449265
Nfkbie	-15.781398000000001	-12.327519
Eml6	-14.360570999999998	-10.9066925
Micos10	-9.976653	-6.522775
Nlk	-12.859399	-9.40552
Insyn1	-14.267160999999998	-10.813283
Fam78b	-14.087023	-10.633144
Gm27030	-15.603591	-12.149713
Ripk4	-21.001753	-17.547876000000002
Gm30292	-16.301273000000002	-12.847395
Efna2	-15.504585	-12.050707000000001
Slc3a2	-11.861728	-8.407849
E030030I06Rik	-15.328429999999999	-11.874552
Siglec1	-18.057314	-14.603435999999999
Gm10629	-20.308605	-16.854729000000003
Casp9	-13.866862	-10.412984
Med9	-12.240203	-8.7863245
Ppp1r1b	-13.939561999999999	-10.485683
Lrriq3	-16.214261999999998	-12.760384
Rilpl2	-12.560146000000001	-9.106268
B130055M24Rik	-15.448792999999998	-11.994914999999999
Washc2	-11.944098	-8.490219999999999
Ap2s1	-10.96715	-7.513272
Gm15417	-11.701664	-8.247786
A930033H14Rik	-13.579978	-10.1261
A330084C13Rik	-16.126556	-12.672678
Gm15979	-19.903141	-16.449265
Tmc7	-16.524416	-13.0705385
Parg	-12.360928	-8.907049
Zfp563	-13.991442000000001	-10.537563
Egln1	-11.413182	-7.9593043
Ptp4a2	-10.056382000000001	-6.6025043000000005
Mfap4	-9.200938	-5.747060299999999
Zfand1	-13.443235999999999	-9.989358
Spcs3	-11.8384	-8.3845215
Exoc3l2	-21.001753	-17.547876000000002
Churc1	-11.06097	-7.6070924
Ireb2	-12.521224	-9.067346
Atp6v0c	-9.945354	-6.4914765
4921536K21Rik	-19.055841	-15.601964
Pqlc3	-13.648670999999998	-10.194792999999999
Clnk	-21.001753	-17.547876000000002
Atf7	-11.900335	-8.446457
Fzd8	-11.9572315	-8.503353
Ntrk3	-11.000232	-7.546353999999999
Pdzk1ip1	-16.367023	-12.913146000000001
Olfr1423	-18.699167000000003	-15.245289999999999
Rrs1	-12.705207000000001	-9.251327999999999
Masp2	-17.505245000000002	-14.051368
2900089D17Rik	-13.2218685	-9.76799
Dclre1c	-14.686395999999998	-11.232517
Gm6787	-17.743656	-14.289779000000001
Ppm1m	-12.099842	-8.645964
Exosc9	-12.608991	-9.155111999999999
Vmn2r57	-15.576803	-12.122925
Sec22c	-14.141089000000001	-10.687211
Exosc5	-12.093735	-8.639856
Timm23	-11.606511	-8.152633
Papolb	-18.804527	-15.35065
St6galnac5	-21.001753	-17.547876000000002
Sft2d2	-11.622515	-8.168636
Dph1	-16.797060000000002	-13.343182999999998
Wsb1	-11.794919	-8.341041
Pcdhga4	-16.149723	-12.695845
Ppef2	-18.00602	-14.552142000000002
C130013H08Rik	-15.239702	-11.785824
Atl3	-10.638218	-7.18434
Glce	-13.20241	-9.748531
Car9	-18.111382	-14.657504000000001
Ephb4	-13.367416	-9.913538
Vmn2r90	-20.308605	-16.854729000000003
Polr1e	-13.879693	-10.425815
Exosc3	-12.244598	-8.79072
Nudcd2	-12.1357355	-8.681857
Sfxn4	-14.437898	-10.984019
AB124611	-16.941309	-13.487432
Akr1c14	-13.129679999999999	-9.675801
Ptprd	-10.734074	-7.280195699999999
Setd1b	-11.985969	-8.53209
Gm9929	-18.922311999999998	-15.468434
Ptgr2	-12.622214	-9.168336
Pigf	-13.368382999999998	-9.914505
Hectd2	-13.305541	-9.851663
Vmn1r76	-21.001753	-17.547876000000002
Zc3h18	-12.002257	-8.548378999999999
Man2c1os	-14.963882	-11.510003999999999
Igfbp3	-16.827366	-13.373486999999999
Gria2	-21.001753	-17.547876000000002
Gm16538	-21.001753	-17.547876000000002
Gm50100	-15.765310999999999	-12.311433000000001
Col1a2	-8.294887	-4.841009
Artn	-15.169870000000001	-11.715992
Eif2b5	-12.309766999999999	-8.855888
Ppm1n	-14.684588	-11.23071
Gm10605	-18.804527	-15.35065
Cpeb2	-13.53839	-10.084512
Dclk2	-17.217564000000003	-13.763685
Bdnf	-11.972575	-8.518697
Gm27045	-21.001753	-17.547876000000002
Gm40650	-21.001753	-17.547876000000002
B3galnt1	-13.599912	-10.146033000000001
Lpar5	-21.001753	-17.547876000000002
Plekhg6	-20.308605	-16.854729000000003
Mip	-21.001753	-17.547876000000002
Snapc3	-12.996053	-9.542174000000001
Gm40884	-21.001753	-17.547876000000002
B430010I23Rik	-13.480977	-10.027099
Radx	-18.111382	-14.657504000000001
Champ1	-12.908597	-9.454719
Cd28	-19.055841	-15.601964
Zfp474	-17.782877	-14.3289995
Recql4	-17.446405	-13.992526999999999
Sap130	-13.064021	-9.610142999999999
Akirin2	-11.335508	-7.881630400000001
Ces2c	-21.001753	-17.547876000000002
Clip3	-12.048113	-8.594234
Rchy1	-11.849466	-8.395588
Gm43647	-21.001753	-17.547876000000002
Pbx4	-16.126556	-12.672678
Ppan	-12.992722500000001	-9.538844000000001
Coil	-13.514579999999999	-10.060701
Actr1b	-11.562685	-8.108807
Arhgdia	-10.340525999999999	-6.8866477
Tsg101	-11.935052	-8.4811735
Bst1	-19.903141	-16.449265
Zfp791	-15.713486999999999	-12.259608
Gm15609	-18.229164	-14.775286999999999
Zbtb22	-13.006110000000001	-9.552232
Pabpc1	-10.209963	-6.756085000000001
Gm32219	-16.386633	-12.9327545
Uxt	-12.725867	-9.271989
Hoxa7	-11.61788	-8.164000999999999
Gm4013	-13.826263	-10.372385000000001
Zfp839	-13.660917999999999	-10.20704
Foxf1	-13.6512375	-10.197359
Cdan1	-13.86527	-10.411391
Tlr7	-19.392315	-15.938437
Efemp2	-10.999461	-7.545583199999999
Gm5878	-18.922311999999998	-15.468434
Spx	-18.00602	-14.552142000000002
Gm35065	-18.229164	-14.775286999999999
Upf2	-11.678709	-8.224831
Npm1	-9.26272	-5.8088427000000005
Rmnd5b	-12.652269	-9.198391
B3gnt7	-21.001753	-17.547876000000002
Ndst1	-11.581557	-8.127678999999999
Hsf3	-18.922311999999998	-15.468434
Atg14	-12.862605	-9.408727
Acaa1b	-19.055841	-15.601964
Gm45159	-18.16854	-14.714661999999999
2900060N12Rik	-17.288180999999998	-13.834303
Actr5	-13.796118	-10.342239
1810034E14Rik	-14.767342999999999	-11.313464
A230072E10Rik	-16.396584	-12.942705
Mcm3	-13.725888000000001	-10.27201
Gm13783	-19.209993	-15.756116
Gm43462	-13.572826000000001	-10.118948
Snapc2	-12.786747	-9.332869
Cdca8	-15.349264000000002	-11.895386
Ubr4	-11.507287	-8.053409
Tie1	-18.111382	-14.657504000000001
Plekhm2	-12.308256	-8.854378
Fubp3	-12.508238	-9.054359
Plod2	-10.706933	-7.253055000000001
Iffo1	-13.220614000000001	-9.766736
Rprd2	-12.014180999999999	-8.560303
Sgta	-11.847032	-8.393153
Rgn	-18.699167000000003	-15.245289999999999
Gys1	-13.766855	-10.312977
Zfp119b	-14.395103	-10.941225
Slc26a6	-14.479660999999998	-11.025783
Arfgap3	-12.193684	-8.739805
Exoc5	-11.855738	-8.401859
Zfp105	-14.215035999999998	-10.761158
Lrrn2	-16.753258	-13.299379
Hoxb9	-14.757586499999999	-11.303708
Slfn14	-21.001753	-17.547876000000002
Slc7a8	-17.567766	-14.113888000000001
Mypopos	-16.657948	-13.204069
Lmx1a	-21.001753	-17.547876000000002
Rnf43	-19.392315	-15.938437
Mvd	-14.244821	-10.790942
Rps23	-7.835443499999999	-4.381566
Prkce	-13.3554	-9.901522
Kif1a	-13.073347	-9.619469
Trnt1	-12.162911	-8.709033
Mtrr	-14.230964000000002	-10.777085000000001
Alad	-13.115295999999999	-9.661418
Atp6v1a	-10.639482000000001	-7.185603599999999
Tlr4	-12.943425999999999	-9.489548
Snrnp40	-12.564469	-9.110591000000001
9430078K24Rik	-18.699167000000003	-15.245289999999999
Adra2a	-18.362696	-14.908818
4930500F10Rik	-18.057314	-14.603435999999999
Sec16a	-12.401506	-8.947628
Chn2	-14.03951	-10.585631
N4bp3	-15.733895	-12.280016999999999
Taf15	-11.597986	-8.144108000000001
Camsap3	-15.836967000000001	-12.383089
Rnf168	-12.329782000000002	-8.875903
Cadm4	-15.9978075	-12.543928999999999
Sema4f	-21.001753	-17.547876000000002
Gm49747	-17.312874	-13.858995000000002
Acsl5	-13.014567999999999	-9.56069
Nudt11	-14.460723000000002	-11.006844500000001
Ak3	-11.004138000000001	-7.550260000000001
Psmd5	-12.443033999999999	-8.989156
Vps35l	-12.565336	-9.111458
Gm29123	-19.903141	-16.449265
Slc2a12	-14.840546	-11.386667
Gm16174	-18.057314	-14.603435999999999
Pnpla8	-11.154413	-7.7005353
Rbm4b	-12.695034	-9.241156
Fam81a	-11.475581	-8.021703
Sipa1l2	-13.358270999999998	-9.904392
Igfals	-19.903141	-16.449265
Crygs	-19.615458	-16.161580999999998
Cfap410	-13.216032	-9.762153999999999
Leprot	-11.2871895	-7.833311599999999
Fhod3	-13.380557999999999	-9.926680000000001
Gm26777	-16.338314	-12.884436
Wdr6	-12.018439	-8.564561
Gm17276	-18.516845999999997	-15.062968
Zfp651	-11.342378	-7.888499700000001
Cst3	-7.6615944	-4.207717
Pola1	-13.025158	-9.57128
Mcrs1	-12.187869000000001	-8.733991
Trappc2	-12.733535	-9.279656
Gm48610	-19.903141	-16.449265
Stat3	-11.602364999999999	-8.148486
E430024I08Rik	-13.886171	-10.432293
Ms4a7	-17.475391000000002	-14.021514000000002
Vmn2r28	-19.392315	-15.938437
Gm35549	-21.001753	-17.547876000000002
Paxbp1	-12.262056	-8.808178
Hsd17b4	-11.845869	-8.391991
1110017D15Rik	-17.567766	-14.113888000000001
Kctd10	-10.689507	-7.235628599999999
Scand1	-10.646904	-7.193026
Gm16094	-21.001753	-17.547876000000002
Gm43111	-16.858618	-13.404739999999999
Angel2	-11.726092999999999	-8.272215
Syt4	-17.338192000000003	-13.884314000000002
Kif1bp	-11.975817	-8.521938
Mrps28	-11.3164835	-7.862605599999999
Dnah8	-14.399165	-10.945286999999999
St8sia4	-19.209993	-15.756116
Gm7644	-19.055841	-15.601964
Edem1	-12.202846000000001	-8.748967
Creld2	-12.4369135	-8.983035000000001
Ccdc187	-17.364166	-13.910289
Plekho1	-10.647285	-7.193407499999999
Olfr1307	-18.436804000000002	-14.982926
Gm47128	-20.308605	-16.854729000000003
Mtmr10	-13.490229000000001	-10.03635
Gm14487	-21.001753	-17.547876000000002
Bicdl2	-17.743656	-14.289779000000001
Slc15a4	-13.497912	-10.044034
Gm45370	-17.91071	-14.456832
Cstf3	-12.388160000000001	-8.934281
Hip1	-10.53968	-7.0858016
Vmo1	-16.84287	-13.388992000000002
Hgd	-19.392315	-15.938437
Tmem109	-10.902329	-7.4484515
Rangap1	-12.518738	-9.064859
Gm32687	-16.386633	-12.9327545
2010315B03Rik	-13.775544	-10.321666
Actr3	-10.220882000000001	-6.7670045
Hs6st3	-18.804527	-15.35065
Gm33948	-19.055841	-15.601964
Asb8	-12.628893	-9.1750145
4930405A21Rik	-17.288180999999998	-13.834303
Timp4	-12.140827999999999	-8.68695
Ranbp2	-10.885173	-7.4312949999999995
Fzd6	-13.362110999999999	-9.908233000000001
Slc39a2	-16.797060000000002	-13.343182999999998
Gm19610	-16.725085999999997	-13.271208999999999
C1qtnf12	-11.845447	-8.391568
Exoc2	-12.99372	-9.539842
Wdr92	-13.26632	-9.812441999999999
Snf8	-11.174930999999999	-7.7210526
Plaa	-12.191145	-8.737267
Vmn2r44	-17.634457	-14.180579000000002
Ccdc6	-12.090089	-8.63621
Mitf	-12.451706	-8.997828
Smarce1	-11.302035	-7.848157400000001
Gm26743	-18.804527	-15.35065
Lrrk2	-12.853019	-9.39914
Psma1	-10.897122	-7.4432445000000005
4930596I21Rik	-19.903141	-16.449265
Nckap1	-10.813764	-7.3598857
Vmn2r1	-17.173111	-13.7192335
Prickle3	-13.482060999999998	-10.028183
Clns1a	-12.065719	-8.611839999999999
1700095J07Rik	-19.615458	-16.161580999999998
Dnajc9	-12.76216	-9.308282
Nlgn3	-14.069304999999998	-10.615427
Snhg1	-11.951113000000001	-8.497233999999999
4930579P08Rik	-14.809391	-11.355513
Ankrd17	-11.388017	-7.934139
Izumo1r	-18.603857	-15.14998
Ube2m	-10.591086	-7.137208500000001
Trim41	-12.780812	-9.326934
Psmb2	-10.667133	-7.2132554
2610044O15Rik8	-13.211471	-9.757592
CT868723.1	-18.436804000000002	-14.982926
Sfpq	-10.767021000000002	-7.3131433
Ttyh3	-14.608163000000001	-11.1542845
Trmt5	-14.123426	-10.669547999999999
Abracl	-10.443392	-6.989514
Rtkn	-14.575265	-11.121387
Vmn1r197	-19.392315	-15.938437
Vamp1	-14.813489	-11.359611
Sertad4	-14.557622	-11.103744
Gfi1b	-21.001753	-17.547876000000002
Coro2a	-19.903141	-16.449265
Tomm40l	-12.972646000000001	-9.518767
Wdr66	-15.831269	-12.377391000000001
5430400D12Rik	-17.91071	-14.456832
Taf10	-11.565392999999998	-8.111514999999999
C330021F23Rik	-21.001753	-17.547876000000002
Sms	-11.919133	-8.465255
Gm50362	-19.392315	-15.938437
Sec61a2	-13.657034	-10.2031555
Hsdl2	-12.640746	-9.186867999999999
Gm20536	-15.314778	-11.8609
Gm43263	-17.866259	-14.412381
Rufy4	-17.567766	-14.113888000000001
Ppp2cb	-11.573885	-8.120007000000001
Tmc4	-13.954235999999998	-10.500358
Tmem167b	-12.309766999999999	-8.855888
4930429F24Rik	-17.567766	-14.113888000000001
Focad	-13.807317000000001	-10.353438
Ihh	-13.919204999999998	-10.465326
Vit	-14.186113	-10.732235000000001
Sem1	-9.264667999999999	-5.810791
Rab26os	-14.049980999999999	-10.596103
Sln	-21.001753	-17.547876000000002
Hivep2	-11.672209	-8.21833
Tgm3	-19.392315	-15.938437
4930520O04Rik	-12.811122	-9.357244
Cipc	-12.8544655	-9.400587
Spast	-12.366066	-8.912188
Gm49708	-11.762630999999999	-8.308753
Eef1akmt3	-16.447876	-12.993998
Unc5a	-19.055841	-15.601964
Grk2	-12.170041000000001	-8.716163
2310040G24Rik	-14.239023999999999	-10.785146000000001
Ccdc80	-10.17258	-6.718702
1700029J03Rik	-21.001753	-17.547876000000002
Cabcoco1	-15.056332999999999	-11.602454
Rfxank	-13.317429999999998	-9.863551
Prdx1	-9.472561	-6.018683
Gm37323	-18.516845999999997	-15.062968
Susd4	-16.038908	-12.585030999999999
Limch1	-9.935849000000001	-6.4819713
Cd37	-18.16854	-14.714661999999999
Kif18b	-18.699167000000003	-15.245289999999999
Gm14698	-15.803256	-12.349378
Chst3	-12.041671000000001	-8.587792
Ino80dos	-14.673817000000001	-11.219938
Ston1	-13.353013	-9.899135000000001
Gm35082	-19.615458	-16.161580999999998
1700063J08Rik	-16.396584	-12.942705
Slc2a4	-13.208166	-9.754288
Txnrd3	-12.742813	-9.288935
Zfp54	-15.056332999999999	-11.602454
Hspa5	-9.358606	-5.904729
Gm16740	-14.411451999999999	-10.957574000000001
Glg1	-10.047286999999999	-6.593408999999999
Stac2	-20.308605	-16.854729000000003
Map4k5	-12.162766	-8.708888
Nagk	-11.967553	-8.513675
Gm525	-17.782877	-14.3289995
Sfmbt1	-13.013889	-9.560011
Thap3	-11.926316	-8.472438
Ggct	-13.663515	-10.209636999999999
Gm9754	-19.615458	-16.161580999999998
Apba2	-19.209993	-15.756116
Lrrc25	-18.699167000000003	-15.245289999999999
Prkag2	-12.033866999999999	-8.579988499999999
Il17d	-14.070282	-10.616404
Chchd2	-8.778701	-5.324823
Cebpz	-11.347304	-7.893426400000001
Dpp9	-12.527467999999999	-9.073589
Gm42504	-18.699167000000003	-15.245289999999999
Tcf25	-10.325567999999999	-6.871690299999999
Vmn1r224	-19.392315	-15.938437
Kcnmb4	-17.288180999999998	-13.834303
Rab39b	-13.697237	-10.243359
Prr15	-13.065451	-9.611572
Pcgf2	-13.226897	-9.773019
Aars2	-14.194923999999999	-10.741046
Prdm14	-19.615458	-16.161580999999998
Gm26952	-19.615458	-16.161580999999998
Gm45145	-21.001753	-17.547876000000002
2900076A07Rik	-13.503991000000001	-10.050113
Ubash3a	-18.16854	-14.714661999999999
Sybu	-16.711294	-13.257416000000001
Uba5	-11.42983	-7.9759517
Olfr318	-21.001753	-17.547876000000002
Fmn2	-18.603857	-15.14998
Gm16118	-18.603857	-15.14998
Gm37800	-16.149723	-12.695845
Rab42	-14.959121	-11.505241999999999
Atp1b2	-11.599554	-8.145676
Pex11g	-14.138995000000001	-10.685117
Mcph1	-13.953367000000002	-10.499489
Sult2b1	-18.057314	-14.603435999999999
Srp9	-10.580872	-7.126993700000001
Cops9	-10.017698	-6.5638204
Akna	-14.747925	-11.294046
Tmem9b	-13.208992000000002	-9.755114
Gm50068	-19.055841	-15.601964
Btg1	-10.312175	-6.858297
Tspan8	-17.312874	-13.858995000000002
Dcaf10	-12.715735	-9.261857000000001
Tob1	-11.417094	-7.9632163
Lyz1	-18.804527	-15.35065
Rbm38	-13.748282999999999	-10.294405000000001
Nsun5	-13.563958	-10.11008
Ascl4	-21.001753	-17.547876000000002
Nip7	-12.343408	-8.889529
Porcn	-13.566316	-10.112437
Gm12688	-21.001753	-17.547876000000002
Eaf1	-13.460601	-10.006722
Strap	-11.497028	-8.04315
Zkscan1	-12.080296	-8.626417
Igf2	-15.814367	-12.360489
Kif2a	-11.889577000000001	-8.4356985
Hrk	-20.308605	-16.854729000000003
Gm44238	-18.804527	-15.35065
Stard3nl	-11.789914	-8.336036
Gm26638	-21.001753	-17.547876000000002
Cnih4	-11.210707000000001	-7.756829
Cadm2	-17.91071	-14.456832
Anapc1	-11.989864	-8.535986
Ppm1l	-13.917527	-10.463649
Dlg1	-11.905702	-8.451823
Arsg	-14.700968	-11.247089
Fbln1	-13.46699	-10.013112
Cyp4x1	-19.392315	-15.938437
Gm16152	-17.08973	-13.635851999999998
Zfp593	-12.816403	-9.362525
Dicer1	-11.715564	-8.261685
Tas1r3	-16.924215	-13.470338
Gm10584	-20.308605	-16.854729000000003
Eno4	-18.516845999999997	-15.062968
Gm13999	-19.903141	-16.449265
Gm26759	-15.242851000000002	-11.788973
Uprt	-14.924110999999998	-11.470233
S100a9	-19.055841	-15.601964
Rtcb	-11.673008	-8.21913
Mrtfb	-12.538805	-9.084927
Sh3tc1	-19.055841	-15.601964
Gm39318	-19.392315	-15.938437
Taf13	-12.283908	-8.8300295
Gm28641	-21.001753	-17.547876000000002
Gm41804	-20.308605	-16.854729000000003
Bcas3os2	-17.705915	-14.252038
Gm13554	-18.922311999999998	-15.468434
Itsn1	-12.630049	-9.176169999999999
Cryz	-13.566904999999998	-10.113027
Rbbp4	-11.152088000000001	-7.6982102
Amy1	-16.367023	-12.913146000000001
Foxs1	-12.729438	-9.275559
Eif3g	-10.780722	-7.3268437
D030047H15Rik	-19.903141	-16.449265
Chp1	-11.317853	-7.863975
Gk5	-13.302817000000001	-9.848939
Fam222b	-13.042478	-9.588599
Lamtor2	-10.294719	-6.840841
D2hgdh	-14.286370000000002	-10.832492
Egfros	-16.671019	-13.217141
Mtr	-12.9076805	-9.453802
Gm13091	-16.357363	-12.903483999999999
Adck1	-13.468060000000001	-10.014180999999999
4833422M21Rik	-18.603857	-15.14998
Pla2g4b	-15.945507999999998	-12.49163
Mab21l2	-16.416786	-12.962908
Irgm1	-13.761821	-10.307942
Ddb1	-10.852813000000001	-7.398935000000001
Mtf2	-12.341325999999999	-8.887447
Pank4	-13.343054	-9.889175
Top1mt	-13.789458999999999	-10.335581
Gm27252	-16.089098	-12.635221000000001
Tpmt	-13.51402	-10.060141999999999
Serpinb9b	-19.615458	-16.161580999999998
Pcbp1	-10.450064	-6.996186
Gdi2	-10.378525999999999	-6.9246479999999995
Hormad2	-19.615458	-16.161580999999998
Tmem67	-13.805067000000001	-10.351189
Socs3	-13.000733	-9.546855
Gm17111	-18.436804000000002	-14.982926
Crybg3	-12.124511	-8.670632000000001
Gm3448	-15.559335999999998	-12.105457000000001
Spsb2	-12.267354	-8.813476
Gm10309	-19.392315	-15.938437
Wfikkn2	-14.301023	-10.847144
Adap1	-15.335326	-11.881447999999999
5033417F24Rik	-15.659419	-12.205541
Adcy3	-12.527258999999999	-9.07338
Aebp1	-8.312832	-4.858954
1500002C15Rik	-14.935645000000001	-11.481767
Os9	-11.914598	-8.46072
Tram2	-12.467506	-9.013628
Nr1h3	-14.118291000000001	-10.6644125
9330188P03Rik	-17.031462	-13.577582999999999
Frs2	-12.329438	-8.87556
Gm12951	-19.209993	-15.756116
Socs5	-12.667282	-9.213403999999999
Lars2	-8.88144	-5.427562
1700016F12Rik	-17.505245000000002	-14.051368
Gm43258	-16.559101000000002	-13.105224
Unc79	-20.308605	-16.854729000000003
9330182L06Rik	-14.120342	-10.666464
Mdh2	-10.680938000000001	-7.227060000000001
Angptl1	-16.501944	-13.048065
1190005I06Rik	-10.127487	-6.673609299999999
Rab3ip	-13.130823999999999	-9.676946000000001
Zfp931	-12.771709	-9.317831
Tnni1	-18.362696	-14.908818
Blzf1	-12.521224	-9.067346
Ifi203	-17.312874	-13.858995000000002
F3	-12.373198	-8.919319
Gm11508	-18.436804000000002	-14.982926
Gm3248	-16.941309	-13.487432
Ms4a6d	-18.699167000000003	-15.245289999999999
Heph	-15.388625	-11.934747
Fam110a	-14.6649275	-11.211049000000001
Mknk1	-13.548770999999999	-10.0948925
Cyp2b10	-16.18147	-12.727592999999999
Exoc6	-13.263266	-9.809387
Dgcr6	-11.517729	-8.06385
Plcg2	-16.427042	-12.973164
Cpne6	-15.464419	-12.010541
Stk11	-11.309975	-7.8560967
Sod2	-10.816099000000001	-7.3622212
Tlr1	-20.308605	-16.854729000000003
Abca6	-14.33862	-10.884742
Hras	-10.789825	-7.3359475000000005
4930537H20Rik	-16.595034	-13.141156
Ylpm1	-11.660999	-8.207121
Igf2os	-19.392315	-15.938437
Rundc3b	-19.055841	-15.601964
Gm48809	-18.922311999999998	-15.468434
Nsf	-12.291628999999999	-8.83775
Creg1	-11.180833	-7.726955
Sde2	-11.776917999999998	-8.323039999999999
Caskin1	-16.157566	-12.703688
Gm7607	-17.217564000000003	-13.763685
Gm34777	-21.001753	-17.547876000000002
Akr7a5	-12.193384	-8.739506
2010016I18Rik	-20.308605	-16.854729000000003
Tfpi	-13.465389000000002	-10.011511
Znhit6	-12.604019000000001	-9.150141
Slc30a9	-11.732578	-8.2787
Qser1	-11.94643	-8.492552
Xrcc5	-12.757156	-9.303278
Tmem170b	-13.330858	-9.87698
Gm26815	-19.392315	-15.938437
Erlec1	-11.273394	-7.819515700000001
Fam217a	-18.229164	-14.775286999999999
Fastkd1	-13.475574499999999	-10.021696
Mss51	-15.268413	-11.814534
Rars	-11.783742	-8.329864
Mfsd11	-12.981154	-9.527275999999999
Tmem37	-17.95723	-14.503352
Rab11fip4	-17.364166	-13.910289
Stil	-15.161112	-11.707233
Zfp626	-13.328996	-9.875117
Gm12840	-12.290969	-8.8370905
Ift74	-12.156552	-8.702674
Dapl1	-17.338192000000003	-13.884314000000002
Gm47136	-21.001753	-17.547876000000002
Gm16272	-18.436804000000002	-14.982926
Efcab7	-14.679188	-11.225309
4930562F07Rik	-16.416786	-12.962908
Gm12204	-17.418233999999998	-13.964356
Tbl2	-13.486409	-10.032531
Tmem80	-12.586592999999999	-9.132714
Stbd1	-10.458177000000001	-7.0042987000000005
Rbm3	-10.10568	-6.6518025
Neat1	-10.518483	-7.064605
Sap30	-14.870527	-11.416649000000001
AW046200	-17.364166	-13.910289
Slmapos2	-18.699167000000003	-15.245289999999999
AU015336	-16.089098	-12.635221000000001
Gm48508	-18.922311999999998	-15.468434
Gm11521	-20.308605	-16.854729000000003
Ms4a4d	-16.797060000000002	-13.343182999999998
E230013L22Rik	-16.958702	-13.504824
Jkamp	-11.415650999999999	-7.961773399999999
Gm10032	-21.001753	-17.547876000000002
Gm43329	-14.926407000000001	-11.472528
Rad1	-13.088598	-9.63472
1700003F12Rik	-19.209993	-15.756116
Zfp738	-13.098157	-9.644279
Trafd1	-11.569711	-8.115832000000001
Thbs3	-12.278196000000001	-8.824318
Abcb6	-14.317142	-10.863263
Mlip	-18.00602	-14.552142000000002
Bco1	-21.001753	-17.547876000000002
Arhgap10	-11.696831	-8.242952
Dph6	-12.767984	-9.314105999999999
Cxxc4	-13.107435	-9.653557000000001
Kbtbd13	-15.161112	-11.707233
Lsamp	-16.513117	-13.059238
Gm49915	-17.505245000000002	-14.051368
Gm14817	-18.699167000000003	-15.245289999999999
Cpsf6	-12.004111	-8.550233
Htatsf1	-11.383285	-7.929406599999999
Arl14epl	-20.308605	-16.854729000000003
Brms1l	-12.754534	-9.300655
Mkln1os	-15.521114	-12.067236
A130051J06Rik	-15.617257999999998	-12.16338
Mfsd3	-13.977104	-10.523226
Ivns1abp	-13.073708	-9.619829
Tm7sf3	-12.249963000000001	-8.796084
Klhl7	-11.994387	-8.540508
Rabgap1	-11.822078999999999	-8.3682
Tjap1	-13.234913	-9.781034
Psmd10	-12.431968	-8.978089
Zfp473	-17.109932	-13.656054500000002
6720483E21Rik	-17.669548000000002	-14.215670999999999
Ina	-20.308605	-16.854729000000003
Tdrkh	-17.91071	-14.456832
Gm37502	-19.209993	-15.756116
Rdx	-10.283919000000001	-6.830041400000001
Gfra4	-12.790813	-9.336935
Pik3r4	-12.786475999999999	-9.332597999999999
Guf1	-12.627738	-9.173860000000001
Gm17218	-15.321581	-11.8677025
Gm47469	-15.236562	-11.782683
Hps1	-13.712826000000002	-10.258947000000001
Gm47814	-18.699167000000003	-15.245289999999999
Ldah	-12.356167	-8.902288
Uba3	-12.222196	-8.768317
Gm41639	-18.00602	-14.552142000000002
Gm41517	-18.229164	-14.775286999999999
Rcn2	-10.454467	-7.000589
Pcp4l1	-10.079184	-6.6253057
Sp9	-18.804527	-15.35065
Gm20548	-20.308605	-16.854729000000003
1810049J17Rik	-18.436804000000002	-14.982926
Mapk6	-12.805593	-9.351714
Cit	-17.069927	-13.616048999999999
A530053G22Rik	-21.001753	-17.547876000000002
Fbxo22	-11.851376	-8.397497
Ptpn12	-12.362165	-8.908287
Pcp4	-12.983128	-9.529249
Dctn1	-11.2716675	-7.817789599999999
Borcs8	-11.870348	-8.41647
Fkbp11	-13.135031	-9.681152
Gss	-12.846966	-9.393087
Gm28499	-19.392315	-15.938437
Scaf1	-11.947014999999999	-8.493136
Pithd1	-12.777054	-9.323175
Zfp955a	-13.588989000000002	-10.135111
Ogg1	-13.796860999999998	-10.342982000000001
Cyp4v3	-13.835486999999999	-10.381609
Pomk	-13.951630999999999	-10.497752
Phactr4	-12.1709175	-8.717039
Asic2	-18.804527	-15.35065
Cct3	-11.017331	-7.563453
Nexn	-9.371346	-5.9174690000000005
Wdpcp	-13.785778	-10.3319
Slc25a20	-13.622745499999999	-10.168867
Gabrb1	-17.536016	-14.082139000000002
Fbxo16	-17.173111	-13.7192335
D330023K18Rik	-13.035514	-9.581635
Gmnn	-13.931879	-10.478000999999999
Zfp956	-14.807348000000001	-11.35347
Cdk18	-18.922311999999998	-15.468434
6530402F18Rik	-15.500495	-12.046617
D8Ertd738e	-9.876374	-6.4224963
Gm47248	-19.903141	-16.449265
Gm16299	-16.582912	-13.129033999999999
Cybrd1	-17.600555	-14.146678
Dlk1	-18.516845999999997	-15.062968
Tmem202	-14.98316	-11.529282
Dcaf11	-11.999914	-8.546036
Mrpl23	-10.612727	-7.1588492
Lncenc1	-18.922311999999998	-15.468434
Tomm6os	-18.16854	-14.714661999999999
Gm41760	-16.437405	-12.983527
Kcnd3os	-16.427042	-12.973164
Gm20443	-19.903141	-16.449265
Chtf8	-14.133779	-10.6799
Akr1e1	-12.406858	-8.95298
Gm26964	-16.570936	-13.117057999999998
Hist2h2bb	-15.297970999999999	-11.844092
Ppwd1	-12.522469500000001	-9.068591
4930431P22Rik	-17.634457	-14.180579000000002
Gm10451	-15.8256035	-12.371725
Zfp933	-13.920045000000002	-10.4661665
Ccdc3	-9.721744000000001	-6.267866000000001
Asb3	-12.8398075	-9.385928999999999
Gm17201	-18.111382	-14.657504000000001
Tipin	-12.267998	-8.814119
Zfp65	-13.4913225	-10.037444
Ptprm	-12.652742	-9.198864
Wdfy1	-11.839027999999999	-8.38515
Arap3	-19.392315	-15.938437
Ccdc8	-13.639107999999998	-10.185229
Tprn	-14.793163	-11.339285
Hexa	-11.176065	-7.7221875
Tmod2	-13.487498	-10.033619999999999
4933417D19Rik	-17.446405	-13.992526999999999
Ttc7b	-12.161463000000001	-8.707583999999999
Chrnb1	-14.239023999999999	-10.785146000000001
Srp54a	-12.087261	-8.633383
Cldn5	-16.725085999999997	-13.271208999999999
Gm14902	-15.002817000000002	-11.548939
Plxdc1	-19.055841	-15.601964
Fgd3	-19.903141	-16.449265
Neto2	-16.958702	-13.504824
Acp2	-12.357750999999999	-8.9038725
Adamtsl2	-15.673877	-12.219998
Reps1	-12.776518	-9.322639
Nlrp3	-21.001753	-17.547876000000002
Gpatch11	-12.194730999999999	-8.740852
Olfr1152	-20.308605	-16.854729000000003
Gkn3	-17.634457	-14.180579000000002
Rnf135	-14.6404505	-11.186572
Plscr4	-13.951630999999999	-10.497752
Mfap2	-12.893130000000001	-9.439252
Gm36278	-17.109932	-13.656054500000002
Bcr	-12.163200999999999	-8.709323
Snx11	-13.370807000000001	-9.916928
Cnga4	-19.209993	-15.756116
Scin	-15.418257	-11.964378
Tctn3	-14.749849	-11.295971
Gm38560	-17.536016	-14.082139000000002
Fyco1	-11.156372	-7.702494000000001
Zfp652os	-15.814367	-12.360489
Fcgr3	-17.338192000000003	-13.884314000000002
Gm38250	-16.739073	-13.285195000000002
Kcnc3	-18.922311999999998	-15.468434
3632454L22Rik	-16.907408	-13.453529999999999
Adam33	-11.479306	-8.025428
Crym	-19.903141	-16.449265
Scamp4	-17.866259	-14.412381
Kif13a	-11.446052	-7.992173700000001
Ss18l2	-11.709096	-8.255218
Ndufa2	-9.372887	-5.9190087
Bcl2a1d	-21.001753	-17.547876000000002
Mapk4	-18.057314	-14.603435999999999
Skint8	-18.516845999999997	-15.062968
Igfbp2	-12.415967	-8.962089
Gm36913	-20.308605	-16.854729000000003
Gm34934	-13.676604000000001	-10.222726
Micu1	-12.980497	-9.526619
Myh14	-19.392315	-15.938437
Phf11b	-18.516845999999997	-15.062968
Spata2l	-14.589935	-11.136057000000001
Zfp932	-13.621497	-10.167619
Mcpt4	-18.16854	-14.714661999999999
Gm15655	-16.37678	-12.922902
Slbp	-12.309599	-8.8557205
Nyx	-16.812098000000002	-13.358220000000001
E030042O20Rik	-16.725085999999997	-13.271208999999999
Ptar1	-12.04566	-8.591782
Rtl10	-17.823698	-14.369821
Mapkapk2	-11.766525	-8.312647
Tfap4	-15.012792000000001	-11.558913
Gm15775	-19.209993	-15.756116
Smpd1	-11.498594	-8.044716000000001
Gm26902	-18.804527	-15.35065
Grem2	-14.601496	-11.147617
Gm30938	-14.232110999999998	-10.778233
Fas	-11.27393	-7.8200517000000005
Sfrp5	-20.308605	-16.854729000000003
Hus1b	-17.91071	-14.456832
Hdgf	-10.578639	-7.124761
Gm14966	-15.30131	-11.847431
Arhgap5	-10.563206	-7.109328
Gm20512	-18.603857	-15.14998
Ccbe1	-17.536016	-14.082139000000002
Cnot6l	-11.713341999999999	-8.259463
Ints10	-13.183323000000001	-9.729444500000001
Ptafr	-18.229164	-14.775286999999999
Trnau1ap	-12.083772999999999	-8.629894
Ankrd27	-12.674994	-9.221116
Pacsin1	-19.615458	-16.161580999999998
Ralgps1	-14.356663000000001	-10.902784
Cubn	-16.328924	-12.875046000000001
Fndc11	-20.308605	-16.854729000000003
Gm16229	-18.922311999999998	-15.468434
Gm15915	-16.753258	-13.299379
Txnrd1	-11.801060000000001	-8.347180999999999
Tbl1x	-10.556291	-7.1024127
Gm8378	-19.392315	-15.938437
Limd2	-14.379017000000001	-10.925138
Aplnr	-20.308605	-16.854729000000003
Gm28221	-17.743656	-14.289779000000001
Pou3f3	-20.308605	-16.854729000000003
Anapc13	-10.68778	-7.233902499999999
Bbs1	-14.198248000000001	-10.744369500000001
Hlx	-14.361877	-10.907999
Sypl2	-15.331872	-11.877994000000001
Hpgd	-17.505245000000002	-14.051368
Tsr1	-13.116048000000001	-9.662169
Gm40621	-21.001753	-17.547876000000002
Khdrbs2	-21.001753	-17.547876000000002
Zfp599	-16.205963	-12.752085000000001
Olfr455	-18.699167000000003	-15.245289999999999
1700026J14Rik	-18.922311999999998	-15.468434
Mpdz	-11.254394	-7.800515700000001
Fam53c	-12.589477	-9.135598
Kctd2	-12.573391	-9.119513000000001
Snx18	-10.983509	-7.529631
Gpat4	-12.673544	-9.219666
Ccdc92b	-17.634457	-14.180579000000002
Tssc4	-12.155256	-8.701378
Peli1	-11.346983999999999	-7.8931059999999995
Ighd	-20.308605	-16.854729000000003
Fam161a	-14.544984	-11.091105
Evi5l	-13.86527	-10.411391
Gm48552	-15.814367	-12.360489
Slk	-11.10132	-7.6474423
Scly	-13.817124	-10.363246
Plgrkt	-11.519250999999999	-8.065372
Ncoa2	-12.47125	-9.017371
Stk36	-15.749479999999998	-12.295602
Gatd3a	-12.010565	-8.556686000000001
Mlh3	-13.069033000000001	-9.615153999999999
2810408A11Rik	-17.743656	-14.289779000000001
Gm14443	-15.30466	-11.850781
Gm9821	-18.111382	-14.657504000000001
Nes	-10.710353999999999	-7.256475999999999
Hoxa4	-13.71146	-10.257582000000001
Gm16845	-14.870527	-11.416649000000001
Klf8	-14.695478	-11.2416
Gm26512	-21.001753	-17.547876000000002
Gm45774	-17.600555	-14.146678
Nprl3	-13.368382999999998	-9.914505
Nkx6-1	-12.954564	-9.500686
Gm42531	-18.804527	-15.35065
Gm1627	-21.001753	-17.547876000000002
Cox10	-13.316051000000002	-9.862172
Gpd1l	-12.751394	-9.297516
Arl16	-12.616264	-9.162386
Phc2	-11.994508999999999	-8.54063
Gm35333	-19.615458	-16.161580999999998
Ttc37	-12.290144999999999	-8.836266499999999
Gm32817	-13.611572	-10.157694000000001
Fbxo25	-12.924617	-9.470738
Tnfaip8l2	-19.903141	-16.449265
Usp10	-12.294106	-8.840227
Cdkn2aipnl	-13.3786	-9.924722000000001
Gm1720	-19.392315	-15.938437
Pcdha9	-19.615458	-16.161580999999998
Snhg20	-13.199953	-9.746075
Lrat	-19.615458	-16.161580999999998
Pot1a	-13.4847765	-10.030897999999999
Cir1	-11.458805	-8.004927
Gm13054	-17.536016	-14.082139000000002
Pcolce	-12.519152	-9.065273
Pdcd5	-10.168013	-6.714134700000001
Epn3	-20.308605	-16.854729000000003
Rims1	-15.951898000000002	-12.498019000000001
Cnst	-13.110797	-9.656919
Chodl	-21.001753	-17.547876000000002
Olfr675	-19.903141	-16.449265
Slc45a2	-21.001753	-17.547876000000002
Tmem252	-16.239578	-12.785701
Aasdh	-14.369751999999998	-10.915874
Maged2	-11.307322000000001	-7.8534436
Neil1	-14.282741	-10.828861999999999
Slc25a44	-13.13695	-9.683071
Tdo2	-17.91071	-14.456832
4930550C14Rik	-14.666699	-11.212821
Zfp865	-13.334595000000002	-9.880716
Cald1	-7.359417999999999	-3.9055405
2810455O05Rik	-18.00602	-14.552142000000002
Lrp2bp	-17.288180999999998	-13.834303
Nuak1	-11.995122	-8.541244
Gm15952	-14.874885	-11.421006
Neu1	-12.470066000000001	-9.016188
Spg11	-13.094102000000001	-9.6402235
Klhdc7a	-19.615458	-16.161580999999998
Mrm1	-14.712038	-11.25816
Gm10143	-17.743656	-14.289779000000001
Carf	-13.746162	-10.292284
Gimap8	-20.308605	-16.854729000000003
Mnat1	-11.649306	-8.195428
Ror2	-17.130551999999998	-13.676673999999998
Ndufb2	-9.917213	-6.4633355
Gm12394	-20.308605	-16.854729000000003
Actr1a	-11.981606	-8.527727
Krt33a	-21.001753	-17.547876000000002
Kcna7	-21.001753	-17.547876000000002
Ankfy1	-12.574485000000001	-9.120606
Nr2f2	-11.132392	-7.678514
Gng8	-13.367416	-9.913538
AC163347.1	-18.16854	-14.714661999999999
Mir670hg	-17.91071	-14.456832
Gnb5	-13.05125	-9.597372
Rpl10	-8.250983999999999	-4.797106299999999
Rtl6	-14.719485999999998	-11.265608
C1qtnf1	-13.0929985	-9.63912
4632427E13Rik	-12.299908	-8.846029
A530040E14Rik	-21.001753	-17.547876000000002
Clip2	-13.988737	-10.534858999999999
Pou2f1	-12.491182	-9.037303999999999
Fam229a	-18.16854	-14.714661999999999
Eef1a2	-14.92182	-11.467941
Polr3gl	-12.152239999999999	-8.698361
Gpr180	-12.024353999999999	-8.570476
9430065F17Rik	-15.161112	-11.707233
Polb	-12.3600445	-8.906166
2410021H03Rik	-21.001753	-17.547876000000002
Malsu1	-11.990839999999999	-8.536961999999999
Ppp1r13l	-14.151628	-10.697749
Hist1h2an	-18.699167000000003	-15.245289999999999
Ndufaf2	-11.742051	-8.288173
Gm49864	-16.645044	-13.191166
Gm26947	-21.001753	-17.547876000000002
Rps7	-8.283230999999999	-4.829353299999999
Tmem127	-12.325166000000001	-8.871286999999999
Prrg1	-14.397809	-10.943931
Btd	-12.482363000000001	-9.028483999999999
Camkk1	-13.621497	-10.167619
Cth	-15.138123	-11.684244
Crat	-12.507829	-9.05395
Aqp11	-14.98316	-11.529282
Prdm16	-11.292214	-7.8383365000000005
Gpc2	-16.657948	-13.204069
Gm46404	-14.702804	-11.248925
Tecpr1	-12.540919	-9.087041000000001
Tsnaxip1	-20.308605	-16.854729000000003
Taf8	-13.426167999999999	-9.97229
Lekr1	-14.268351999999998	-10.814473
Rnf44	-12.532491	-9.078612
Slc25a43	-14.078125	-10.624247
Fam160b1	-11.538555	-8.084677000000001
Slc35c1	-13.979776999999999	-10.525899
Zcwpw2	-15.964801000000001	-12.510922
Gm6213	-17.418233999999998	-13.964356
Ifih1	-14.919535	-11.465656
Ghsr	-20.308605	-16.854729000000003
Gm36419	-18.922311999999998	-15.468434
Cby3	-18.699167000000003	-15.245289999999999
Gm44167	-21.001753	-17.547876000000002
Numb	-12.490176	-9.036298
Pi15	-9.623114	-6.169235700000001
Cnnm4	-13.619007	-10.165128999999999
Vars	-12.529976	-9.076097500000001
Gm27206	-19.392315	-15.938437
St5	-10.227977000000001	-6.7740990000000005
Ccl11	-16.874619	-13.420739999999999
Rab31	-12.61353	-9.159652000000001
Bicdl1	-13.8613	-10.407422
Tdp2	-13.047732	-9.593853999999999
Gpr34	-17.600555	-14.146678
Rbbp7	-10.644677	-7.190799
Paqr3	-15.002817000000002	-11.548939
2010310C07Rik	-15.166943	-11.713064
Kcnab3	-17.050507999999997	-13.596631
Cfap43	-15.669035000000001	-12.215157000000001
Gm30382	-17.217564000000003	-13.763685
Lbx1	-21.001753	-17.547876000000002
Tmem51os1	-15.392282000000002	-11.938403
Wdr74	-12.441884	-8.988006
Taz	-12.452093	-8.998215
Slc25a4	-8.7770405	-5.3231626
Aplp2	-9.003675999999999	-5.549799
Camkmt	-13.666772	-10.2128935
Mga	-11.322535	-7.8686566
Zfp871	-11.710847	-8.2569685
AY074887	-17.446405	-13.992526999999999
Gm43573	-15.456576	-12.002697999999999
Gab1	-12.317521000000001	-8.863643
Cd47	-10.614668	-7.1607899999999995
Slco2b1	-17.338192000000003	-13.884314000000002
Bcap31	-10.460578	-7.0067
Zfp455	-15.951898000000002	-12.498019000000001
Atp8a2	-17.866259	-14.412381
Wrap53	-14.388370000000002	-10.934491
Smc2os	-17.264084	-13.810204999999998
Dmtf1	-12.495824	-9.041945
Aurkc	-19.392315	-15.938437
Pogz	-12.851574000000001	-9.397696
Slc12a2	-12.783236	-9.329357
Olfr15	-20.308605	-16.854729000000003
Gm38096	-21.001753	-17.547876000000002
Gstt1	-11.407784	-7.9539065
Enho	-14.154810000000001	-10.700932
Crabp2	-18.16854	-14.714661999999999
Kif3b	-13.201591	-9.747712
Zyx	-9.269805	-5.815926999999999
Plcxd2	-15.448792999999998	-11.994914999999999
Nfs1	-12.813898	-9.36002
Dpp3	-12.311111	-8.857233
Plppr5	-21.001753	-17.547876000000002
Tpm2	-6.905054600000001	-3.4511771
Snhg11	-18.922311999999998	-15.468434
Pou1f1	-19.055841	-15.601964
AI467606	-19.903141	-16.449265
Prkar2b	-16.038908	-12.585030999999999
Pcdh8	-21.001753	-17.547876000000002
March3	-16.632305	-13.178427
Mrps35	-12.383991	-8.930113
Galnt4	-13.837807000000002	-10.383928
Snrpd3	-10.915028	-7.4611497
1700008O03Rik	-15.926579	-12.472700999999999
1700014D04Rik	-19.615458	-16.161580999999998
Hars2	-13.0414295	-9.587551
Basp1	-16.99442	-13.540542000000002
Osbpl3	-11.077189	-7.623311500000001
Ankrd10	-11.715842	-8.261964
Il1rap	-14.1060705	-10.652192
Bfsp1	-15.288020000000001	-11.834142
Ntrk1	-20.308605	-16.854729000000003
Pnpt1	-13.257617000000002	-9.803739
Rtl4	-21.001753	-17.547876000000002
E2f5	-12.525799000000001	-9.07192
Gm30873	-16.570936	-13.117057999999998
Cnn2	-10.256569	-6.802691
Gm17249	-16.197731	-12.743853999999999
Gm30961	-17.91071	-14.456832
Yaf2	-11.435138	-7.981260000000001
Ciapin1	-12.700728	-9.24685
Gm26877	-18.16854	-14.714661999999999
Gm11747	-18.293703	-14.839826
Mettl7a1	-11.972814999999999	-8.518936
Lnpk	-12.600196	-9.1463175
Lrp4	-16.437405	-12.983527
Pcmt1	-11.084955	-7.6310773
Otub2	-14.787146	-11.333267
Rfesd	-12.840093	-9.386214
Zc3hav1	-13.01695	-9.563071
Grb14	-11.043872	-7.589994
Gm4279	-21.001753	-17.547876000000002
Abcc3	-18.111382	-14.657504000000001
Esyt2	-10.096053999999999	-6.642175999999999
Efna1	-14.721357000000001	-11.267479
Ccr2	-20.308605	-16.854729000000003
Acvr1	-12.483361	-9.029483
Eprs	-10.824696000000001	-7.3708177
Nfxl1	-13.077681	-9.623802
Gm16151	-19.209993	-15.756116
Ccl19	-13.585375	-10.131496
Cd36	-16.767647	-13.313768
Ttf2	-14.397809	-10.943931
Oga	-12.037825	-8.583946000000001
Arl6ip4	-11.505182000000001	-8.051304
Hcar2	-19.903141	-16.449265
Phactr2	-11.518794	-8.064916
A030005L19Rik	-16.890879	-13.437001
Spcs2	-10.806753	-7.352875
Dab2ip	-11.507814	-8.053936
Phkg2	-12.931473	-9.477594
Gm4524	-16.812098000000002	-13.358220000000001
Osgin2	-13.508435999999998	-10.054558
Jpt1	-12.321252000000001	-8.867372999999999
Ints5	-13.321578	-9.8677
Ndufb3	-9.997889	-6.5440106
Ubap1l	-17.338192000000003	-13.884314000000002
Gm50269	-21.001753	-17.547876000000002
Shc4	-16.025019	-12.571141
Npc1l1	-18.699167000000003	-15.245289999999999
Dlx1	-16.570936	-13.117057999999998
Mis18bp1	-16.657948	-13.204069
Etfrf1	-12.648492	-9.194613
Tnfrsf4	-17.173111	-13.7192335
Havcr2	-19.615458	-16.161580999999998
Slfnl1	-19.209993	-15.756116
Timp3	-8.601599	-5.1477213
Slc1a7	-21.001753	-17.547876000000002
Depdc1a	-17.08973	-13.635851999999998
Ube2t	-15.958328	-12.50445
Irf3	-12.180611	-8.726732
E2f3	-13.748991	-10.295113
Dhrs9	-15.889766	-12.435887
Fnbp4	-12.353181	-8.8993025
Galr2	-16.753258	-13.299379
Cyld	-11.764479	-8.3106
Gm10544	-18.699167000000003	-15.245289999999999
Vpreb1	-16.570936	-13.117057999999998
Hoxa10	-13.336938	-9.8830595
Ublcp1	-11.62556	-8.171681
Qars	-12.075103	-8.621224
Gm36595	-19.903141	-16.449265
Ssbp1	-11.442871	-7.988992999999999
Gm36246	-19.903141	-16.449265
Gm14302	-18.229164	-14.775286999999999
Gm39460	-18.603857	-15.14998
Snhg6	-11.564516000000001	-8.110638
Rcan1	-12.13842	-8.684542
Efna5	-11.296351	-7.8424735
Stard10	-12.525591	-9.0717125
4931415C17Rik	-17.217564000000003	-13.763685
Zfp229	-14.015187	-10.561309
Abcc8	-16.941309	-13.487432
Ptger3	-13.523582999999999	-10.069705
Gm43568	-19.055841	-15.601964
Rybp	-12.381282	-8.927403
BC052040	-15.138123	-11.684244
Ackr3	-14.091002	-10.637124
Tmem150c	-19.392315	-15.938437
Poll	-14.017037	-10.563158999999999
Stat5a	-13.817882999999998	-10.364004
Alkbh8	-12.446494	-8.992616
A730085K08Rik	-18.603857	-15.14998
Gm15564	-14.465062	-11.011184
Msh6	-13.387935	-9.934056
Dreh	-18.16854	-14.714661999999999
Fbrsl1	-12.62843	-9.174552
Ugdh	-12.201187	-8.747309
Hist1h1b	-15.5507145	-12.096836
Nsun2	-12.47362	-9.019741999999999
Myocd	-10.483242	-7.029364
Exoc8	-13.305086	-9.851208
Ide	-11.765647999999999	-8.3117695
A330069K06Rik	-18.516845999999997	-15.062968
Trim30b	-20.308605	-16.854729000000003
Eef1d	-9.846316999999999	-6.3924394
Caprin2	-13.93273	-10.478850999999999
Unc5c	-11.345061999999999	-7.891184299999999
Eno1	-10.930593	-7.476714599999999
Ccdc90b	-11.809372999999999	-8.3554945
Ube2k	-10.913738	-7.4598603
Tssk4	-17.338192000000003	-13.884314000000002
Pmf1	-12.901591999999999	-9.447714
Crim1	-10.713275999999999	-7.259398
Gm50069	-15.230312	-11.776434
Mrap	-19.615458	-16.161580999999998
Iqcm	-20.308605	-16.854729000000003
Zbtb37	-13.079855	-9.625977
Gm45576	-21.001753	-17.547876000000002
Zfp78	-14.910442999999999	-11.456565
Camta2	-12.229608	-8.775729
Col20a1	-16.118952	-12.665073
Atm	-12.889825	-9.435946000000001
Plek	-15.129635999999998	-11.675757
Dusp10	-12.553053	-9.0991745
Ufsp2	-11.498221000000001	-8.044343
Stt3b	-11.354256	-7.900377799999999
Nup153	-12.297583	-8.843703999999999
Ap2a2	-12.181939999999999	-8.728062
Wasf2	-10.55597	-7.1020923
Gm10734	-16.890879	-13.437001
Hist2h3c2	-14.87926	-11.425382
Atp6v1b2	-12.636080999999999	-9.182202
Cass4	-19.903141	-16.449265
Gabarap	-9.351547	-5.8976693
Ovol3	-21.001753	-17.547876000000002
Xpnpep1	-12.6398115	-9.185933
Dusp22	-13.757525	-10.303647
Socs2	-11.666544	-8.212666
Nasp	-11.673808	-8.21993
Mphosph8	-11.3300085	-7.8761306
Ociad1	-11.220489500000001	-7.766611599999999
Gfra3	-18.699167000000003	-15.245289999999999
Mxd3	-17.312874	-13.858995000000002
Mindy1	-13.029977	-9.576098
Stmn3	-18.922311999999998	-15.468434
4930512B01Rik	-17.669548000000002	-14.215670999999999
Xcr1	-20.308605	-16.854729000000003
1700022N22Rik	-16.812098000000002	-13.358220000000001
Kcnj4	-18.603857	-15.14998
Rpl24	-8.363291	-4.9094133
Elobl	-17.823698	-14.369821
Gm16701-1	-14.838438	-11.38456
Cplx4	-19.392315	-15.938437
Gm17088	-18.516845999999997	-15.062968
Matn3	-19.615458	-16.161580999999998
Galk2	-13.665467000000001	-10.211589
Tuba4a	-13.562194	-10.108315
Ankdd1b	-19.615458	-16.161580999999998
Gm13558	-17.536016	-14.082139000000002
Rnase10	-16.941309	-13.487432
Sox2	-19.903141	-16.449265
Mosmo	-11.360864999999999	-7.9069867
Tpr	-10.072529	-6.618651
Oaz2	-11.212107000000001	-7.758228999999999
Eea1	-10.509257	-7.0553794000000005
Gm26724	-14.604823999999999	-11.150946000000001
Gm12295	-14.478191	-11.024313000000001
Nme6	-13.43389	-9.980012
Scimp	-21.001753	-17.547876000000002
Prokr1	-19.209993	-15.756116
Fmo2	-8.462667	-5.00879
Gm50103	-18.16854	-14.714661999999999
Irf7	-15.901887	-12.448008999999999
Arhgap26	-15.138123	-11.684244
Duox2	-19.615458	-16.161580999999998
Elp4	-12.914113	-9.460235
Hcls1	-14.728876000000001	-11.274998
Mill2	-13.261524	-9.807646
Ctnnb1	-9.910819	-6.4569410000000005
Gripap1	-12.218204	-8.764325
Ell	-13.172919	-9.719041
Zkscan5	-13.907518	-10.45364
Tmcc2	-13.774091	-10.320212
Tnk2	-12.255196	-8.801317
Ccdc110	-16.338314	-12.884436
Pcdhb5	-16.490892000000002	-13.037015
Ranbp6	-13.093734	-9.639855
Hspe1	-9.975303	-6.521425
Vstm5	-17.151606	-13.697726999999999
A230057D06Rik	-17.475391000000002	-14.021514000000002
Gm4876	-12.915035000000001	-9.461157
Peg12	-16.958702	-13.504824
Bmpr1a	-10.277538999999999	-6.8236612999999995
Gm32027	-16.907408	-13.453529999999999
Ddx3x	-10.259742	-6.805864
Gm44686	-19.392315	-15.938437
Zdhhc2	-13.316969	-9.8630905
Kmt2b	-12.401875	-8.947996
Spef2	-19.209993	-15.756116
Gm48768	-14.40734	-10.953462
Gm47460	-18.229164	-14.775286999999999
Gm26797	-14.855424	-11.401546000000002
Kank1	-10.360528	-6.90665
Wdr90	-15.196617999999999	-11.74274
Gm13293	-15.865955	-12.412077
Cdc37	-10.374638000000001	-6.9207597000000005
Prtn3	-19.209993	-15.756116
Ndrg4	-12.986426	-9.532548
Cntln	-11.926086999999999	-8.472209
Slc38a10	-11.955109	-8.50123
Klhl22	-13.022757	-9.568878
Acss2	-13.435442000000002	-9.981564
Gm48053	-13.027909	-9.574031
Lif	-20.308605	-16.854729000000003
Stam2	-12.491182	-9.037303999999999
Arfrp1	-11.970659	-8.516781
Zfp469	-15.480292000000002	-12.026414
Fxyd6	-15.585653	-12.131775
Pcbd2	-11.638177	-8.1842985
Ssna1	-11.5225315	-8.068653
Ccdc83	-18.00602	-14.552142000000002
Ebf2	-16.767647	-13.313768
Mettl27	-13.646111999999999	-10.192234
Tnf	-18.699167000000003	-15.245289999999999
Zfp273	-15.138123	-11.684244
Gm31683	-16.052994	-12.599115
Fmr1nb	-17.705915	-14.252038
Syt9	-17.505245000000002	-14.051368
Herc1	-11.395458999999999	-7.941581200000001
Tmem220	-13.811831	-10.357953
Gm29394	-16.06728	-12.613401
Olfr259	-19.209993	-15.756116
Hmgb2	-12.166542999999999	-8.712665
Ppp4r3a	-11.819504	-8.365625
Ctcflos	-16.396584	-12.942705
1700040D17Rik	-21.001753	-17.547876000000002
Gm40617	-19.055841	-15.601964
Arpp21	-17.130551999999998	-13.676673999999998
Il12a	-17.390835	-13.936957000000001
Shisa4	-11.20357	-7.7496924
Map11	-13.816366	-10.362488
Gm15943	-17.634457	-14.180579000000002
Zpbp2	-19.615458	-16.161580999999998
Thrsp	-14.015187	-10.561309
Fcho1	-19.615458	-16.161580999999998
Morrbid	-16.671019	-13.217141
Gm43807	-17.669548000000002	-14.215670999999999
Cyfip1	-11.224509	-7.7706313
Afg3l1	-12.553696	-9.099817
Rfng	-13.195057	-9.7411785
Lyl1	-15.9978075	-12.543928999999999
Snx10	-12.980497	-9.526619
Musk	-18.603857	-15.14998
Med21	-11.357425	-7.9035470000000005
Rnf112	-17.91071	-14.456832
Sema3f	-11.495391	-8.0415125
Gm26891	-19.209993	-15.756116
Hes1	-11.595928	-8.14205
Mrps17	-11.434438	-7.9805600000000005
Gm26770	-19.209993	-15.756116
Gm37696	-18.00602	-14.552142000000002
Klf11	-13.564547	-10.110667999999999
Pcgf6	-13.156729	-9.70285
Myo18b	-13.041779	-9.5879
Nrp2	-14.713895	-11.260016
Gm15879	-16.189567999999998	-12.73569
1700058P15Rik	-17.08973	-13.635851999999998
Nog	-16.941309	-13.487432
Spata6	-12.698001	-9.244122500000001
Bola2	-10.945458	-7.4915804999999995
Spdef	-20.308605	-16.854729000000003
Psme2b	-15.338792999999999	-11.884914
Hist1h2ab	-17.195091	-13.741213
Gm48935	-18.516845999999997	-15.062968
Nav2	-11.14274	-7.688862299999999
Kmt2d	-12.513989	-9.060111000000001
Phc3	-11.632275	-8.178396000000001
Edn1	-12.747484	-9.293606
Taf1d	-11.735033	-8.281155
Gk	-12.144238	-8.69036
Ndufa9	-11.529664	-8.075786
Cdo1	-11.016916	-7.5630383000000005
Gm45509	-15.803256	-12.349378
Ubox5	-14.836335	-11.382457
Golga1	-12.573829	-9.11995
Gm4221	-16.038908	-12.585030999999999
Jakmip3	-18.436804000000002	-14.982926
Col4a6	-10.870095	-7.4162173
Gfm1	-12.367844999999999	-8.913966
Tmem160	-10.568667	-7.1147895000000005
Plekhb1	-17.364166	-13.910289
Cr1l	-11.404112	-7.950234
Vmn1r229	-19.615458	-16.161580999999998
Ppp1r26	-14.92182	-11.467941
Mreg	-14.881456	-11.427578
Ikzf5	-12.104481	-8.650602000000001
Irx5	-16.103912	-12.650035
6530409C15Rik	-17.95723	-14.503352
Angptl6	-13.69791	-10.244032
A730071L15Rik	-17.95723	-14.503352
Aatk	-14.368435	-10.9145565
Gm20300	-12.851574000000001	-9.397696
D330050G23Rik	-18.922311999999998	-15.468434
Gm22146	-15.388625	-11.934747
Pakap-1	-11.247288000000001	-7.793410000000001
Gm5493	-19.392315	-15.938437
Tm4sf4	-16.559101000000002	-13.105224
Eno3	-13.681889000000002	-10.228010000000001
Ss18	-12.009569	-8.555691
Tagln	-5.948375700000001	-2.4944982999999996
Ldha	-10.339752	-6.8858743
Gm16104	-19.209993	-15.756116
Prkca	-12.353181	-8.8993025
2700054A10Rik	-17.95723	-14.503352
Rhbdl2	-16.958702	-13.504824
Ly6g5b	-18.436804000000002	-14.982926
Gfod2	-13.823208	-10.369328999999999
Gm43031	-17.823698	-14.369821
Lrtm1	-18.699167000000003	-15.245289999999999
Arpc2	-9.014713	-5.560836
Zfp395	-12.404456	-8.950578
Gm10369	-21.001753	-17.547876000000002
Gm50431	-14.603157999999999	-11.149280000000001
Gm49303	-20.308605	-16.854729000000003
Fbn1	-10.404843	-6.950965400000001
Chka	-11.822388	-8.368509
Gm42418	-5.6455535999999995	-2.1916761
Gm49212	-21.001753	-17.547876000000002
Cdc40	-11.350838000000001	-7.896960000000001
Gm49097	-19.903141	-16.449265
Garnl3	-14.185018	-10.731139
Capza1	-11.644978	-8.191099000000001
Ank1	-15.196617999999999	-11.74274
9930111J21Rik1	-17.264084	-13.810204999999998
Plekhn1	-12.92835	-9.474472
Selenoh	-12.166688	-8.712810000000001
Wwp1	-11.313441000000001	-7.859563400000001
Atp5g3	-10.141697	-6.687819
1700125G22Rik	-19.209993	-15.756116
Gpn1	-12.694787	-9.240909
Gm42303	-18.699167000000003	-15.245289999999999
Gm48709	-17.288180999999998	-13.834303
Sergef	-13.516823	-10.062944
Gm4425	-17.866259	-14.412381
Psmd8	-10.251453	-6.797575500000001
Tnip1	-13.055843	-9.601965
Hmbs	-12.966799	-9.51292
4933400A11Rik	-18.603857	-15.14998
Dpagt1	-13.359709	-9.90583
Nudt18	-12.190399000000001	-8.736521
Ppp1r27	-21.001753	-17.547876000000002
Bdp1	-11.510227	-8.056349
Gm35610	-21.001753	-17.547876000000002
Icam2	-17.217564000000003	-13.763685
Tut1	-14.053816000000001	-10.599936999999999
Ptpn13	-14.586657	-11.132778
Eid2	-12.816403	-9.362525
Hadhb	-11.417783	-7.9639050000000005
Gm16540	-19.903141	-16.449265
Elp5	-12.090358	-8.636479
Zdhhc4	-12.394171	-8.940292
Foxa3	-19.055841	-15.601964
Pop7	-12.566855	-9.112977
Gm45495	-15.673877	-12.219998
Gm28874	-16.570936	-13.117057999999998
Fam83g	-18.229164	-14.775286999999999
Gm12536	-18.804527	-15.35065
Arrdc3	-11.330703	-7.876825
C030004G16Rik	-13.534382	-10.080503
Pkn1	-12.068089500000001	-8.614211
Prph	-16.274364000000002	-12.820487
Gga2	-11.861085000000001	-8.407207000000001
Gm30889	-21.001753	-17.547876000000002
Fkbp7	-11.072452	-7.618573700000001
Rab30	-14.789147	-11.335269
Efcab5	-16.84287	-13.388992000000002
Psrc1	-15.951898000000002	-12.498019000000001
Pdk1	-13.412417000000001	-9.958539
Ube2g1	-11.884076	-8.430197999999999
Mxi1	-12.205565	-8.751686999999999
Dhrs3	-10.981772	-7.5278945
Gm42809	-18.16854	-14.714661999999999
Gm30655	-19.392315	-15.938437
Xirp1	-11.420539	-7.966661
Pabpn1l	-19.903141	-16.449265
Il1rl2	-18.229164	-14.775286999999999
Kcnk2	-18.922311999999998	-15.468434
Stx4a	-11.445203	-7.991325
Rnf215	-12.473818	-9.019939
Clk3	-12.472039	-9.018161
Kat6a	-11.693379	-8.239500999999999
Orai2	-15.617257999999998	-12.16338
Plec	-10.780211999999999	-7.3263345
Gm47423	-19.615458	-16.161580999999998
Gm10501	-16.01132	-12.557443
Tsc22d1	-9.933023	-6.4791455000000004
Dazl	-19.055841	-15.601964
Chrna7	-16.595034	-13.141156
Wasf1	-14.746003	-11.292125
Cd3d	-18.436804000000002	-14.982926
Gm31462	-17.866259	-14.412381
Muc2	-17.338192000000003	-13.884314000000002
Lhx6	-20.308605	-16.854729000000003
Tslrn1	-21.001753	-17.547876000000002
Mecom	-11.668134	-8.214255
Plaur	-13.499015	-10.045136
Slc4a1ap	-12.557131	-9.103252000000001
Mmp14	-12.267676	-8.813798
Sox5os3	-18.922311999999998	-15.468434
Calu	-10.086756	-6.632878
Tsc22d4	-10.775205	-7.321326700000001
Gjc3	-21.001753	-17.547876000000002
Trf	-15.568031	-12.114153
Gm48899	-16.684265	-13.230387
6330415G19Rik	-16.84287	-13.388992000000002
Gm15873	-17.600555	-14.146678
Dipk1c	-20.308605	-16.854729000000003
mt-Nd4l	-8.305717999999999	-4.8518405
Gm16549	-19.615458	-16.161580999999998
Bbox1	-17.390835	-13.936957000000001
Gm46555	-19.903141	-16.449265
4921513I03Rik	-17.95723	-14.503352
Eif1a	-11.625136	-8.171258
Trrap	-12.272518	-8.81864
Nox4	-9.757322	-6.3034444
Ralyl	-18.111382	-14.657504000000001
Mab21l1	-16.547404999999998	-13.093528
Tnfaip3	-14.937968	-11.48409
Tbr1	-18.516845999999997	-15.062968
Gm4419	-16.149723	-12.695845
Nucb1	-10.354092999999999	-6.900214699999999
4933424G05Rik	-18.804527	-15.35065
Flrt1	-13.311010000000001	-9.857132
Ywhab	-10.0284815	-6.5746036
Cggbp1	-10.773758	-7.31988
Gm13306	-15.377735999999999	-11.923858000000001
Hsd17b1	-17.217564000000003	-13.763685
Gm11639	-15.403332	-11.949453
Grrp1	-20.308605	-16.854729000000003
Gm20110	-18.804527	-15.35065
Ccdc142os	-15.901887	-12.448008999999999
Megf11	-19.615458	-16.161580999999998
Gprasp2	-13.409388	-9.955509
Myh7	-17.031462	-13.577582999999999
S100a10	-10.458282	-7.0044045
Ppp1r15b	-12.316506	-8.862627999999999
Leprotl1	-11.474779	-8.020901
Gm12681	-15.926579	-12.472700999999999
Tgs1	-12.041157	-8.587278
9930111J21Rik2	-13.948167999999999	-10.494289
Tmem154	-14.432272	-10.978394
Lrriq4	-21.001753	-17.547876000000002
5033426O07Rik	-21.001753	-17.547876000000002
Gm33280	-18.057314	-14.603435999999999
Polr2h	-12.333214	-8.879335000000001
Egr1	-9.136277999999999	-5.6824007000000005
Pctp	-15.977873	-12.523994
Rhox8	-19.903141	-16.449265
Def8	-13.240860000000001	-9.786982
Klhdc7b	-20.308605	-16.854729000000003
Tspan2	-10.095687	-6.641808999999999
Fam222a	-16.03194	-12.578062
Lysmd1	-13.834716	-10.380837
Gm16712	-17.567766	-14.113888000000001
Rasgrf2	-14.708333999999999	-11.254456
Zfp955b	-12.874644	-9.420766
Hspa12a	-15.848462	-12.394584
Rab18	-10.528106	-7.074228
Cep72	-16.301273000000002	-12.847395
Ear2	-21.001753	-17.547876000000002
Zfp658	-14.905929	-11.45205
Elavl3	-17.634457	-14.180579000000002
Dnaja3	-12.952645	-9.498766999999999
Gm45322	-21.001753	-17.547876000000002
Gm11525	-18.057314	-14.603435999999999
Vkorc1	-10.566697	-7.112819
Olfr1310	-19.903141	-16.449265
Dhps	-12.056550999999999	-8.602673
Gm12305	-16.725085999999997	-13.271208999999999
Clec2d	-12.525799000000001	-9.07192
Smc6	-10.494496	-7.0406184000000005
Rabggtb	-11.97054	-8.516662
0610038B21Rik	-15.698448	-12.24457
Cep170b	-12.399301	-8.945422
Olfr477	-21.001753	-17.547876000000002
Plcd1	-11.841444000000001	-8.387566
Il6st	-11.256383	-7.802505
2310002F09Rik	-18.804527	-15.35065
Phf6	-13.016608999999999	-9.562731
Lmo3	-19.903141	-16.449265
a	-20.308605	-16.854729000000003
Crabp1	-21.001753	-17.547876000000002
Creb3l1	-12.069144	-8.615266
Rhd	-18.229164	-14.775286999999999
Utp20	-12.912578	-9.458699000000001
Gm27019	-19.392315	-15.938437
Zfp212	-13.148537	-9.694658
Tex261	-11.6971035	-8.243225
Adrb2	-16.149723	-12.695845
Ubd	-21.001753	-17.547876000000002
Gm15965	-18.436804000000002	-14.982926
Efnb1	-13.641013000000001	-10.187135000000001
Lama3	-15.8837595	-12.429881
Gm527	-14.433676	-10.979797
Olfr1459	-21.001753	-17.547876000000002
Ggt7	-14.379017000000001	-10.925138
Ccdc59	-11.0542965	-7.6004186
Lsm8	-11.552475	-8.098597
Cmah	-17.475391000000002	-14.021514000000002
Plcg1	-13.038641	-9.584763
C2cd4d	-19.615458	-16.161580999999998
Ppp4r4	-15.964801000000001	-12.510922
Rasd1	-13.708055499999999	-10.254177
4632411P08Rik	-17.743656	-14.289779000000001
Shq1	-14.43087	-10.976992
Fam124a	-12.617863	-9.163984
Hnrnpul1	-11.575092	-8.121214
Gm15690	-15.640460999999998	-12.186583
Dazap1	-11.909858999999999	-8.45598
Pfdn4	-11.98221	-8.528332
Gm7967	-19.615458	-16.161580999999998
1700041I07Rik	-21.001753	-17.547876000000002
Fam149a	-13.521325	-10.067447
Cabp4	-18.804527	-15.35065
Ptprq	-17.418233999999998	-13.964356
Spin1	-12.053557000000001	-8.599679
Crk	-11.477114	-8.023235000000001
Minpp1	-12.676689	-9.222811
Prdm11	-14.028210999999999	-10.574332
Rsbn1l	-10.91966	-7.4657817
Isg20l2	-13.469666	-10.015787
Gm14055	-21.001753	-17.547876000000002
Gm38901	-20.308605	-16.854729000000003
D830026I12Rik	-15.0774975	-11.623619
Kank3	-14.504978	-11.0511
Shisa5	-11.706337	-8.252459
Notch1	-13.977104	-10.523226
Crtc2	-13.004763	-9.550884
Nphp3	-13.421054000000002	-9.9671755
Lrrc73	-14.985597	-11.531718
Tfpi2	-19.615458	-16.161580999999998
Ctcfl	-16.767647	-13.313768
Sgip1	-13.763975	-10.310097
Flywch1	-12.235983000000001	-8.782104499999999
Krtcap3	-16.310406	-12.856527
Slc38a8	-19.903141	-16.449265
Zfp580	-12.616036	-9.162158
Dnajb14	-11.630911	-8.177032
1300002E11Rik	-12.497442999999999	-9.043565
Sgcb	-10.987799	-7.533921
Vmn1r90	-18.603857	-15.14998
Bmi1	-12.487164	-9.033285000000001
Uap1l1	-13.268070000000002	-9.814192
BC005537	-10.848168	-7.394290400000001
1110046J04Rik	-13.225219000000001	-9.771339999999999
Arrdc4	-13.879693	-10.425815
Fam162a	-10.442846000000001	-6.988968400000001
Mmp2	-12.774111	-9.320232
Hemgn	-21.001753	-17.547876000000002
Pten	-10.687846	-7.233968300000001
Myg1	-12.178105	-8.724227
Calcoco1	-11.517576	-8.063698
Gm33940	-19.209993	-15.756116
Apeh	-12.726122	-9.2722435
Recql5	-14.414204000000002	-10.960325
Fam133b	-11.529895	-8.076016000000001
Kif1b	-11.049285000000001	-7.595407000000001
Amh	-18.16854	-14.714661999999999
Gm16141	-15.854258999999999	-12.40038
Nnat	-17.050507999999997	-13.596631
Gm35248	-16.753258	-13.299379
Prrc2a	-11.317666000000001	-7.8637880000000004
Exoc6b	-11.887592999999999	-8.433715
AV356131	-14.363185999999999	-10.909307499999999
Ap1ar	-12.4528675	-8.998989
Akr1c19	-21.001753	-17.547876000000002
Alg10b	-12.758734	-9.304855
4921523L03Rik	-21.001753	-17.547876000000002
Cisd3	-12.651796000000001	-9.197918
Rngtt	-12.793262	-9.339383
Ptpru	-15.190612	-11.736733000000001
Prlr	-16.570936	-13.117057999999998
Atf7ip	-11.726281	-8.272403
Cdk8	-12.383991	-8.930113
Elac2	-13.66027	-10.206391
Gm26631	-16.367023	-12.913146000000001
Tom1l1	-14.130662	-10.676784
Gm15737	-14.811438	-11.357559
Gp6	-20.308605	-16.854729000000003
Zfp583	-14.1698	-10.715921
Rhob	-10.082927	-6.629049
Mis12	-12.9018955	-9.448017
Pnpla2	-11.487906	-8.034028
Adam10	-12.311278999999999	-8.857401
Rpf1	-12.436341	-8.982463000000001
Sfmbt2	-14.354065	-10.900186999999999
Gm9465	-17.823698	-14.369821
Arpin	-13.036555	-9.582677
4930513N10Rik	-15.688547	-12.234669
Tnnt1	-13.530389999999999	-10.076511
Ube2l6	-14.191610999999998	-10.737733
Slc30a5	-12.464758	-9.0108795
Fat4	-11.95452	-8.500642
Rflna	-17.288180999999998	-13.834303
Pou5f1	-15.555016	-12.101137
Fcsk	-13.613425	-10.159547
Rps10	-8.201252	-4.747374
Syngap1	-14.903679	-11.4498005
Atp5e	-8.830323	-5.376446
Gm32031	-13.498464000000002	-10.044585000000001
Fign	-13.161047	-9.707169
Oprl1	-19.903141	-16.449265
Tmed2	-10.478819	-7.024941
Olfr1385	-18.362696	-14.908818
Rpl28	-8.260477	-4.8065996
Traf4	-14.787146	-11.333267
Dgkk	-15.640460999999998	-12.186583
Rab43	-12.972646000000001	-9.518767
Ccdc69	-12.375347	-8.921469
Bach2os	-21.001753	-17.547876000000002
4930599N23Rik	-17.130551999999998	-13.676673999999998
Mapk1ip1	-13.053721000000001	-9.599843
Dcp1a	-13.214372000000001	-9.760492999999999
Lcp1	-17.418233999999998	-13.964356
Chmp1b	-12.705456	-9.251577000000001
Fuca1	-11.434788000000001	-7.980910000000001
9430018G01Rik	-21.001753	-17.547876000000002
Brd3	-11.550901	-8.097023
Brip1	-12.766658	-9.312778999999999
Mir155hg	-17.109932	-13.656054500000002
Gm43597	-15.617257999999998	-12.16338
Kcnab3os	-18.516845999999997	-15.062968
Gnat2	-17.069927	-13.616048999999999
Rwdd1	-10.359142	-6.9052644
Chd7	-15.951898000000002	-12.498019000000001
Xylt2	-13.447417999999999	-9.99354
Clec2l	-18.516845999999997	-15.062968
Grid2	-15.082859	-11.628981
Gm43507	-19.903141	-16.449265
Rsl1d1	-11.521234	-8.067355000000001
Gm37027	-17.705915	-14.252038
Gm41077	-16.858618	-13.404739999999999
Smco1	-19.392315	-15.938437
Rc3h2	-11.558319000000001	-8.104441
Dnaja2	-10.835939999999999	-7.3820624000000015
Gm26782	-12.326702000000001	-8.872824000000001
Stau2	-13.53839	-10.084512
Syp	-15.951898000000002	-12.498019000000001
Tal2	-15.025402	-11.571524
Ndst2	-14.258873000000001	-10.804995
Mrps30	-12.540284	-9.086406
Creb5	-10.863234	-7.4093556
Gm12863	-18.362696	-14.908818
Rps21	-7.5719970000000005	-4.1181197
Dnajb6	-10.570701	-7.1168227
Anxa1	-10.057528999999999	-6.6036515
Rara	-13.597473999999998	-10.143596
Rab37	-19.209993	-15.756116
Slc7a4	-18.00602	-14.552142000000002
Arhgap17	-12.212093	-8.758215
Pcdhb12	-16.657948	-13.204069
Vps54	-12.564686	-9.110807000000001
Cldn2	-18.436804000000002	-14.982926
Ophn1	-13.293343	-9.839464
Rnf111	-12.094683	-8.640804
Gm17163	-16.958702	-13.504824
Scml4	-20.308605	-16.854729000000003
Sorbs3	-13.01355	-9.559671
Klre1	-19.055841	-15.601964
AI847159	-20.308605	-16.854729000000003
Bcl7c	-11.206965	-7.7530875
Limd1	-11.689579	-8.235700999999999
Npat	-12.395268	-8.94139
Fanca	-19.209993	-15.756116
Srsf1	-11.765452	-8.311574
Gpr39	-15.951898000000002	-12.498019000000001
Jmjd8	-12.457529	-9.003651
Gm11729	-21.001753	-17.547876000000002
Tbl3	-13.012871	-9.558992
Klf15	-11.870997000000001	-8.417119
Ctnnbl1	-12.645667999999999	-9.19179
Apoo	-13.11793	-9.664052
Zfp456	-15.590107000000001	-12.136229
Gm37240	-15.521114	-12.067236
Lrrd1	-15.581219	-12.12734
Polr2l	-11.906936	-8.453057000000001
Zfp551	-14.903679	-11.4498005
Mmp15	-14.809391	-11.355513
Bzw2	-12.441884	-8.988006
Dynlt1a	-15.703435999999998	-12.2495575
Edn3	-19.903141	-16.449265
Dnajc11	-12.98841	-9.534532
Spryd4	-13.833174	-10.379294999999999
Gm12705	-19.615458	-16.161580999999998
Kif11	-15.926579	-12.472700999999999
Ganc	-12.785395	-9.331516
Gm10655	-17.151606	-13.697726999999999
Csrp2	-7.389241	-3.9353637999999997
3110001I22Rik	-15.072165	-11.618286
Alg3	-13.1536	-9.699721
Hydin	-19.903141	-16.449265
Dennd4c	-12.346016	-8.892138000000001
Sec62	-9.7449465	-6.291068599999999
4930578M07Rik	-17.705915	-14.252038
Fhad1	-15.14955	-11.695672
Rps6kb2	-13.000399	-9.54652
Dtwd2	-14.98073	-11.526852
Lipe	-14.512548	-11.05867
H2-Ke6	-11.92403	-8.470152
Cep19	-13.311467000000002	-9.857589
Cldn3	-13.45478	-10.000900999999999
Cntrl	-12.676932	-9.223054
Tbkbp1	-16.386633	-12.9327545
Tfdp1	-12.838098	-9.384219
Flnb	-11.833694	-8.379816
Ptpn23	-13.067956	-9.614078
Rbm48	-12.688882000000001	-9.235003
Phf1	-12.608085	-9.154206
Thbs2	-12.150661999999999	-8.696784
Fignl2	-15.640460999999998	-12.186583
Tyw3	-14.162277	-10.708399
6030445D17Rik	-17.050507999999997	-13.596631
Lhfp	-9.587908	-6.1340303
Gm39458	-18.436804000000002	-14.982926
Entr1	-12.701473	-9.247595
Mtfmt	-13.249848000000002	-9.79597
Gm49763	-21.001753	-17.547876000000002
Wdr25	-15.172807999999998	-11.718929
Zc2hc1c	-15.099120000000001	-11.645242
Olfr558	-16.619726	-13.165849
Them4	-13.394869	-9.94099
Pih1d1	-12.503539	-9.049661
Gm11940	-17.95723	-14.503352
Tmem151b	-19.615458	-16.161580999999998
Swt1	-11.632872	-8.178993
Matn4	-16.096478	-12.6426
Gm45151	-17.743656	-14.289779000000001
Rgs5	-8.264541	-4.8106627
Tagap	-15.698448	-12.24457
Il6	-17.782877	-14.3289995
Nlrc5	-16.283255	-12.829376
Gm26936	-19.903141	-16.449265
2810002D19Rik	-13.579978	-10.1261
Gm13287	-21.001753	-17.547876000000002
Prrc2c	-10.098828999999999	-6.644951299999999
Hepacam2	-21.001753	-17.547876000000002
Ankrd11	-10.522411	-7.068533400000001
Coa6	-12.096038	-8.642159
Nmur1	-21.001753	-17.547876000000002
Zfp408	-14.72511	-11.271232000000001
Agrp	-18.229164	-14.775286999999999
Rnh1	-10.740102	-7.286224000000001
Dot1l	-12.795715	-9.341837
Tmem81	-15.143820000000002	-11.689941000000001
Cryzl1	-11.923916	-8.470037
Atp6v0d1	-11.307938	-7.8540597000000005
Klf7	-10.698819	-7.244941000000001
Gdpd5	-13.931879	-10.478000999999999
Pdzd4	-13.276423000000001	-9.822545
Haus7	-13.29514	-9.841262
Pgpep1l	-14.320898999999999	-10.867021000000001
Ccng1	-11.962676	-8.508797999999999
Tasp1	-13.716932	-10.263053999999999
Sars2	-14.726992000000001	-11.273113
Gm3336	-14.817604000000001	-11.363726
Vps72	-12.24854	-8.7946615
Gm11967	-16.03194	-12.578062
H2afj	-10.576916	-7.123038
B3gnt3	-19.903141	-16.449265
Sh3pxd2b	-12.359161	-8.905283
Ndfip1	-10.304029	-6.8501515
4933411E08Rik	-20.308605	-16.854729000000003
Adamts15	-12.7348175	-9.280939
Ifi213	-19.903141	-16.449265
Echdc1	-13.010161	-9.556283
5830444B04Rik	-17.109932	-13.656054500000002
Ppcdc	-13.179708999999999	-9.725831
Nelfa	-12.612392999999999	-9.158515
Gm26704	-17.634457	-14.180579000000002
Sp4	-12.749568	-9.295689999999999
Mettl5os	-16.231068	-12.77719
Pebp1	-9.892774000000001	-6.4388957
Ccn2	-8.037546	-4.5836687000000005
Gm14376	-21.001753	-17.547876000000002
Mrpl16	-12.357399000000001	-8.903521000000001
Wfdc6a	-20.308605	-16.854729000000003
Srsf12	-18.804527	-15.35065
Tspyl2	-12.992391	-9.538511999999999
Gm10848	-14.554447	-11.100569
Dgat2l6	-20.308605	-16.854729000000003
Wac	-11.001321	-7.5474429999999995
Sh2d4a	-16.619726	-13.165849
Klf16	-13.995964	-10.542086
Dbh	-21.001753	-17.547876000000002
Aff4	-10.379230999999999	-6.9253535
Plxna1	-13.279518	-9.82564
Ago2	-11.069678	-7.6158004
Mfn1	-13.024471	-9.570592999999999
Cdc42bpa	-10.890358	-7.43648
Gm49194	-18.922311999999998	-15.468434
Hc	-21.001753	-17.547876000000002
Mettl15	-13.955105999999999	-10.501227
Slc26a8	-16.570936	-13.117057999999998
Zfp866	-13.26632	-9.812441999999999
Gm12708	-20.308605	-16.854729000000003
Tmem64	-12.0509615	-8.597083
Xist	-17.264084	-13.810204999999998
Gm14963	-17.109932	-13.656054500000002
Acot1	-15.626475	-12.172597
4933423P22Rik	-17.866259	-14.412381
Trappc8	-12.232246	-8.778367999999999
Bub1b	-15.958328	-12.50445
D430040D24Rik	-15.496422	-12.042542999999998
Tnfaip2	-17.600555	-14.146678
Gm43653	-18.436804000000002	-14.982926
Kcnq4	-12.384172	-8.930294
B230317F23Rik	-17.031462	-13.577582999999999
Ms4a8a	-21.001753	-17.547876000000002
Knl1	-16.157566	-12.703688
Ctdsp2	-10.701169	-7.247291000000001
Fam228a	-17.634457	-14.180579000000002
Ccdc112	-12.570117999999999	-9.11624
Gpank1	-12.847253	-9.393374
Coq10b	-11.035853999999999	-7.581976400000001
Tsen2	-13.427195000000001	-9.973316
Dusp27	-13.948167999999999	-10.494289
Pja2	-10.702414	-7.2485356
Mus81	-13.058681	-9.604802000000001
Hcn3	-17.669548000000002	-14.215670999999999
Kctd3	-13.178507999999999	-9.724629
Als2	-14.490008	-11.03613
Zglp1	-17.264084	-13.810204999999998
C1qb	-15.345760999999998	-11.891883
Timm8a1	-13.007795	-9.553917
Car4	-20.308605	-16.854729000000003
Kcnmb3	-19.903141	-16.449265
Pi4ka	-12.426103	-8.972224
Mbd3	-11.085992	-7.632114
Dnajb7	-19.392315	-15.938437
Rps26	-8.5220375	-5.06816
Seh1l	-12.177811	-8.723932000000001
Map3k19	-16.283255	-12.829376
Cited2	-10.305522	-6.851644
Gmpr	-12.932724	-9.478846
Zfp773	-16.406633	-12.952755
Rbm7	-11.590106	-8.136228
Daam2	-14.291229999999999	-10.837352000000001
Gm26910	-14.481132500000001	-11.027254
Tmem50b	-12.163782000000001	-8.709904
Mns1	-16.189567999999998	-12.73569
Gm12264	-17.743656	-14.289779000000001
Adam2	-21.001753	-17.547876000000002
Ttc30a2	-18.436804000000002	-14.982926
Gm1698	-20.308605	-16.854729000000003
Gm47398	-19.209993	-15.756116
Rad23b	-11.528279	-8.074401
Rsf1os2	-18.603857	-15.14998
Zbtb48	-14.164420000000002	-10.710542
Smim10l1	-10.690404	-7.236526
Gm15541	-16.283255	-12.829376
Gm568	-19.055841	-15.601964
Hdac7	-12.609217	-9.155338
Odf2	-12.726887	-9.273008
Med16	-12.790813	-9.336935
Hist1h4d	-11.884735000000001	-8.430857000000001
Adra2b	-20.308605	-16.854729000000003
Egf	-17.031462	-13.577582999999999
Gap43	-18.16854	-14.714661999999999
Gm47662	-19.392315	-15.938437
Stk11ip	-14.388370000000002	-10.934491
Adap2os	-21.001753	-17.547876000000002
Gm9903	-17.109932	-13.656054500000002
Gm48004	-21.001753	-17.547876000000002
Fancl	-13.745455999999999	-10.291577
1700061N14Rik	-19.615458	-16.161580999999998
Lrp12	-13.315132	-9.861253999999999
Tspan15	-14.821735999999998	-11.367858
Pop5	-11.319286	-7.865408400000001
Cfap77	-19.055841	-15.601964
AI197445	-21.001753	-17.547876000000002
Cd82	-13.343998000000001	-9.89012
Tmem29	-12.572736	-9.118857
Tmem100	-16.812098000000002	-13.358220000000001
Gamt	-11.235347	-7.781469
Rasgrp1	-21.001753	-17.547876000000002
Shd	-14.475259	-11.02138
Nutf2	-14.001419	-10.547541
Gm15489	-18.603857	-15.14998
Bmf	-14.058631	-10.604753
Tmem117	-13.71146	-10.257582000000001
Thumpd3	-13.26283	-9.808950999999999
Tmem51	-13.510666	-10.0567875
Snd1	-12.018188	-8.56431
Gm38944	-16.767647	-13.313768
Serpina3m	-21.001753	-17.547876000000002
Gm9530	-17.705915	-14.252038
Gab2	-12.2358265	-8.781948
Rhbdf2	-13.485320000000002	-10.031442
Nat8f2	-21.001753	-17.547876000000002
Marcks	-13.230685999999999	-9.776808
Mageb3	-18.516845999999997	-15.062968
Mafk	-12.021581	-8.567702
Spata46	-20.308605	-16.854729000000003
Aox3	-17.069927	-13.616048999999999
Lsm3	-11.444283500000001	-7.9904056
Itpka	-17.130551999999998	-13.676673999999998
Vps33b	-13.756812	-10.302934
Pdhx	-13.206107000000001	-9.752229
Sgsm3	-13.827029000000001	-10.373151
Zmynd15	-17.823698	-14.369821
Cd160	-21.001753	-17.547876000000002
Tmem184a	-18.516845999999997	-15.062968
Cdpf1	-12.259658	-8.805779
Gm21541	-20.308605	-16.854729000000003
Cd44	-12.567289	-9.113411
Dph2	-14.693655	-11.239777
Zfp668	-14.4059725	-10.952094
Usp35	-14.43087	-10.976992
Cep78	-14.050939000000001	-10.59706
Sema4a	-16.038908	-12.585030999999999
Myadm	-10.322295	-6.8684173
Anxa6	-10.185580999999999	-6.7317032999999995
Ahctf1	-11.932631	-8.478752
Gstm4	-13.836260000000001	-10.382381
Ppp2r5d	-12.829307	-9.375428
Lrrn3	-19.903141	-16.449265
1600020E01Rik	-13.2707	-9.816822
Dlx6	-14.881456	-11.427578
Rmnd5a	-11.645928	-8.19205
St3gal5	-11.832130000000001	-8.378252
Tefm	-13.869256	-10.415378
Gm45716	-12.936803	-9.482924
Gm45148	-17.95723	-14.503352
Olfr735	-21.001753	-17.547876000000002
Terf1	-12.8544655	-9.400587
Blcap	-13.174513000000001	-9.720634
Ccdc88a	-10.768602	-7.3147244
Mphosph6	-12.028909	-8.57503
Ap5m1	-13.000733	-9.546855
Prkd3	-12.036547	-8.582668
B4galnt4	-19.615458	-16.161580999999998
Gm12802	-15.563673999999999	-12.109796000000001
Rasl11b	-10.676238	-7.222360000000001
Gnat1	-17.600555	-14.146678
Gm48617	-16.684265	-13.230387
Hoxd4	-15.581219	-12.12734
Gm10353	-16.570936	-13.117057999999998
Ndufaf3	-11.807441	-8.353562
Lrsam1	-13.969129999999998	-10.515251
Plscr3	-12.362343	-8.908464
Gm26640	-18.922311999999998	-15.468434
Camta1	-11.144834	-7.6909556
Gm12279	-18.804527	-15.35065
Glis2	-12.761896	-9.308017999999999
Asph	-10.358355	-6.904476600000001
Il18r1	-20.308605	-16.854729000000003
Maf1	-11.670081	-8.216203
Mybbp1a	-11.755274	-8.301395
Mov10	-15.115649	-11.661771
Gabpb1	-13.431826000000001	-9.977947
Ube3c	-12.363405	-8.909527
Gm4890	-15.688547	-12.234669
Pigl	-15.061582000000001	-11.607703
Rasgef1c	-19.209993	-15.756116
Srpk3	-12.694541000000001	-9.240663
Gm17359	-21.001753	-17.547876000000002
Aph1c	-14.645646	-11.191768
Pdzrn4	-12.895843	-9.441964
Tmem41b	-12.673785	-9.219907000000001
Vmn1r15	-21.001753	-17.547876000000002
Tead3	-11.950292	-8.496413
Gm35835	-20.308605	-16.854729000000003
Dnajc12	-14.304719	-10.850841
Mef2b	-16.595034	-13.141156
Zfp966	-15.4410715	-11.987193
Fmnl3	-12.391252	-8.937373
Mapk11	-17.390835	-13.936957000000001
Pycrl	-12.952007	-9.498128999999999
Prex2	-12.478181	-9.0243025
Aox4	-21.001753	-17.547876000000002
Hsd17b14	-21.001753	-17.547876000000002
Virma	-11.824142	-8.370264
F2	-17.505245000000002	-14.051368
Agrn	-12.130528	-8.67665
Lsm14b	-12.859399	-9.40552
Znrd2	-11.959475999999999	-8.505597999999999
Fgfrl1	-11.570913000000001	-8.117035000000001
Rabl6	-11.760689999999999	-8.306811
Gm17473	-19.903141	-16.449265
Tns3	-12.468097	-9.014218
Dhx35	-14.256517	-10.802639
Kcnmb1	-10.362706	-6.9088283
Adck2	-13.710778	-10.2569
Gm16861	-15.338792999999999	-11.884914
5330438D12Rik	-14.507999	-11.054121
Vmn1r207-ps	-21.001753	-17.547876000000002
Gm16536	-13.263266	-9.809387
Lrrc61	-14.485560000000001	-11.031682
Zhx2	-12.957448	-9.50357
Snn	-14.487040499999999	-11.033161999999999
Xkrx	-18.229164	-14.775286999999999
Gm16230	-17.536016	-14.082139000000002
Gm49785	-17.01277	-13.558891000000001
Hsd17b12	-11.824659	-8.370781
Zzef1	-12.311784	-8.857905
Trmt10a	-13.807317000000001	-10.353438
Atf3	-9.984256	-6.530378
Kdm1b	-13.996870999999999	-10.542993
Myo15	-18.229164	-14.775286999999999
Cep112	-13.043876	-9.589997
Slc35g3	-19.392315	-15.938437
Amn	-19.615458	-16.161580999999998
Frat2	-14.614873999999999	-11.1609955
Atp13a2	-13.279518	-9.82564
Hnrnph1	-10.61365	-7.1597724000000005
Zfp169	-15.118431	-11.664553
Vstm4	-12.715484	-9.261605
Dagla	-15.196617999999999	-11.74274
Sag	-15.555016	-12.101137
Gm45345	-18.16854	-14.714661999999999
Slc25a5	-10.241683	-6.7878050000000005
Capn6	-14.795176999999999	-11.341299000000001
Coq5	-12.498456	-9.044578
Olfr1321	-20.308605	-16.854729000000003
Tsen34	-11.103982	-7.650104
Srp19	-10.934532	-7.4806542
Tex264	-11.750655	-8.296777
Eef1b2	-9.154392999999999	-5.7005153
Gm12043	-16.547404999999998	-13.093528
Cfl1	-9.585482	-6.131604
Gm26693	-20.308605	-16.854729000000003
Bloc1s4	-12.395268	-8.94139
Gm26542	-17.866259	-14.412381
D030068K23Rik	-17.505245000000002	-14.051368
Sh3d19	-11.857018	-8.403139999999999
Rpl17	-8.2914715	-4.837594
Zfp518a	-13.359709	-9.90583
Abcd3	-11.693197999999999	-8.23932
Lsp1	-12.670649000000001	-9.21677
Plxnb1	-12.993055	-9.539177
Tox3	-19.209993	-15.756116
Sf3a2	-12.529139500000001	-9.075261
Ndufs4	-11.065653999999999	-7.611776
Cdk10	-12.941844999999999	-9.487967
Gm4737	-18.16854	-14.714661999999999
Gm5129	-18.111382	-14.657504000000001
Pak4	-14.057666000000001	-10.603786999999999
Eif3b	-11.391899	-7.938021000000001
Gm11685	-21.001753	-17.547876000000002
Scgb3a1	-21.001753	-17.547876000000002
2610301B20Rik	-13.077681	-9.623802
Ankrd16	-13.174113	-9.720235
Ces5a	-19.209993	-15.756116
Wdr86	-18.699167000000003	-15.245289999999999
Gpr21	-14.379017000000001	-10.925138
Calb1	-19.209993	-15.756116
Nedd1	-13.175310000000001	-9.721432
Pcdh20	-16.619726	-13.165849
Gm21057	-18.057314	-14.603435999999999
Lrrcc1	-11.551766	-8.097888000000001
Pabpn1	-10.701774	-7.247895699999999
Dpys	-21.001753	-17.547876000000002
Hyls1	-14.890285500000001	-11.436407
Lpcat2	-15.603591	-12.149713
Col4a3bp	-11.84218	-8.388302000000001
Rab17	-13.678582	-10.224704
Nefm	-16.99442	-13.540542000000002
Gm16091	-18.057314	-14.603435999999999
Peg3	-11.584642	-8.130764
Vti1a	-12.817798	-9.363919000000001
Mllt1	-13.216032	-9.762153999999999
Cstdc4	-20.308605	-16.854729000000003
Lactb2	-12.40077	-8.946892
Cacna2d1	-10.441964	-6.988086
Arxes2	-15.30131	-11.847431
Gm12592	-17.264084	-13.810204999999998
Treml1	-19.392315	-15.938437
Ssx2ip	-13.305541	-9.851663
Armc1	-11.511511	-8.057632
Pfkfb3	-12.60447	-9.150592
Mrpl14	-10.965091000000001	-7.511213000000001
Abi2	-12.115344	-8.661466
Cep350	-11.595106	-8.141228
A930006K02Rik	-15.964801000000001	-12.510922
Cmc1	-12.400035	-8.9461565
Prkcsh	-11.661789	-8.207911
Ice1	-12.18668	-8.732801
Lin7a	-18.699167000000003	-15.245289999999999
Kcna6	-15.464419	-12.010541
Stx17	-12.273489	-8.819611
Slamf1	-17.364166	-13.910289
Cacna2d2	-17.240553	-13.7866745
Gm49625	-19.055841	-15.601964
Gm49257	-19.615458	-16.161580999999998
Akap1	-12.730205	-9.276326
Chst15	-14.866188000000001	-11.41231
Txndc11	-12.707453999999998	-9.253575
1700087I21Rik	-17.743656	-14.289779000000001
Renbp	-15.723639000000002	-12.26976
Ppp1r10	-11.265384	-7.811506
Phax	-11.522378999999999	-8.0685005
Ctdsp1	-11.374349	-7.920470699999999
St6galnac3	-21.001753	-17.547876000000002
Rnase4	-11.778991	-8.325111999999999
Acads	-12.004111	-8.550233
Epb41l4a	-18.516845999999997	-15.062968
2500004C02Rik	-14.846895000000002	-11.393017
Mpp2	-13.444802	-9.990924
Susd6	-11.725063	-8.271185000000001
Mfsd12	-14.109112	-10.655233
Hsd11b1	-16.03194	-12.578062
Rab29	-13.439591	-9.985713
Gm32816	-18.057314	-14.603435999999999
Cc2d2b	-17.475391000000002	-14.021514000000002
1700011L22Rik	-18.293703	-14.839826
Eef1akmt1	-12.33683	-8.882952000000001
Mcat	-13.429251	-9.975372
Farsa	-12.530603999999999	-9.076725999999999
Gm17657	-18.699167000000003	-15.245289999999999
Serpinf2	-18.229164	-14.775286999999999
Mrps12	-11.314993	-7.861115
4933434E20Rik	-12.573391	-9.119513000000001
Gpatch8	-11.413182	-7.9593043
1700029I15Rik	-16.386633	-12.9327545
Gm15634	-18.111382	-14.657504000000001
Cdon	-12.999728	-9.54585
5830405F06Rik	-16.9764	-13.522523000000001
Mpig6b	-19.615458	-16.161580999999998
Fbxo24	-15.854258999999999	-12.40038
Diras2	-15.208739000000001	-11.754861
Sra1	-11.508191	-8.054313
Zcchc14	-11.795823	-8.341944999999999
Gm13524	-15.908002999999999	-12.454124
Hemk1	-14.892506	-11.438627
Cldn20	-18.603857	-15.14998
Rgl2	-12.980167999999999	-9.52629
Gm49761	-19.615458	-16.161580999999998
Gask1a	-15.152429000000001	-11.69855
Gphn	-12.660105	-9.206226
Gm20686	-18.516845999999997	-15.062968
D430041D05Rik	-19.903141	-16.449265
Trim29	-17.338192000000003	-13.884314000000002
Slc8b1	-13.857347	-10.403468
Ankef1	-17.705915	-14.252038
4930578M01Rik	-16.141941	-12.688063
Fam166a	-19.903141	-16.449265
BC006965	-18.804527	-15.35065
Lancl2	-13.382029999999999	-9.928151
Rnf121	-12.668963	-9.215085
Ndufb4	-10.359858500000001	-6.9059805999999995
Tac4	-19.903141	-16.449265
Fzd2	-10.703087	-7.249209
Plcxd1	-18.293703	-14.839826
Trpc3	-16.725085999999997	-13.271208999999999
4930453N24Rik	-11.913355000000001	-8.459475999999999
Gm48857	-20.308605	-16.854729000000003
Eldr	-16.725085999999997	-13.271208999999999
Eif4e2	-11.612764	-8.158886
Optc	-10.306745	-6.8528666
Elovl2	-19.903141	-16.449265
Nell1	-19.209993	-15.756116
Aagab	-13.548191000000001	-10.094313
Kcnq3	-13.660917999999999	-10.20704
Tmem30c	-18.699167000000003	-15.245289999999999
Dnah9	-21.001753	-17.547876000000002
Ctnna1	-10.339986999999999	-6.886108999999999
Nop56	-11.807847	-8.353969000000001
Gm17110	-18.922311999999998	-15.468434
Tstd1	-17.823698	-14.369821
BC004004	-11.846292	-8.392413000000001
Rbck1	-11.902009	-8.448131
Anapc5	-10.799605999999999	-7.3457284
4930524O07Rik	-17.08973	-13.635851999999998
Gm43332	-19.615458	-16.161580999999998
Cdh17	-18.229164	-14.775286999999999
AW011738	-13.748282999999999	-10.294405000000001
Mpst	-12.0384655	-8.584586999999999
Stpg3	-18.436804000000002	-14.982926
Tmem151a	-16.01132	-12.557443
Nfkb2	-13.219779999999998	-9.765902
Clps	-19.903141	-16.449265
Cd209f	-18.516845999999997	-15.062968
Nts	-19.055841	-15.601964
Trip10	-11.518108	-8.06423
Gm48742	-17.418233999999998	-13.964356
Cnbp	-10.047654	-6.593775999999999
4930556M19Rik	-16.427042	-12.973164
Gm42851	-19.055841	-15.601964
Gm41307	-17.418233999999998	-13.964356
Ufc1	-10.85383	-7.3999524
Ciita	-18.16854	-14.714661999999999
Ppt2	-12.290969	-8.8370905
Il5ra	-21.001753	-17.547876000000002
Hoxaas3	-14.332254999999998	-10.878377
Gm29367	-17.600555	-14.146678
Depp1	-18.00602	-14.552142000000002
Chchd5	-12.977874	-9.523995
Tcea2	-14.426677999999999	-10.972799
Ccn6	-19.903141	-16.449265
Rsph10b	-16.684265	-13.230387
Klrb1f	-21.001753	-17.547876000000002
Armcx1	-12.544735000000001	-9.090857000000002
Gm26621	-14.401882999999998	-10.948005
Gm5608	-18.603857	-15.14998
BB123696	-15.765310999999999	-12.311433000000001
Cln3	-13.756098000000001	-10.302219000000001
Actn1	-8.342458	-4.88858
Cercam	-11.748928	-8.29505
Lrrc29	-16.447876	-12.993998
C1galt1c1	-12.284562	-8.830684
Gmcl1	-12.873758	-9.419880000000001
Fbn2	-19.055841	-15.601964
Gm10614	-17.536016	-14.082139000000002
Fzd7	-11.807339	-8.35346
Stom	-11.753153999999999	-8.299275
Arhgap33	-15.308022	-11.854142999999999
1700029J07Rik	-14.166569	-10.71269
F2rl1	-17.069927	-13.616048999999999
Ada	-14.093998000000001	-10.64012
CJ186046Rik	-19.615458	-16.161580999999998
Slc20a1	-13.310554000000002	-9.856675
Tnfrsf1b	-15.713486999999999	-12.259608
Gli1	-14.588294	-11.134416
Art5	-17.866259	-14.412381
Cnga1	-18.293703	-14.839826
Bhlhb9	-12.857655000000001	-9.403775999999999
Tubb4a	-12.892828999999999	-9.438951
Lrrn4	-19.392315	-15.938437
Gm48089	-19.209993	-15.756116
Nsd1	-11.221734	-7.767856
Rgs4	-10.792584	-7.3387065
Gm34939	-17.866259	-14.412381
Atg3	-11.138722999999999	-7.6848453999999995
Pvt1	-14.518645999999999	-11.064767999999999
Cfap36	-11.524981	-8.071102
Tnfsf9	-14.312154000000001	-10.858275
Gla	-14.153748499999999	-10.699869999999999
Gm36211	-17.567766	-14.113888000000001
Gcn1	-12.083639	-8.629761
Idh2	-10.743463	-7.289584599999999
Lrrc9	-18.516845999999997	-15.062968
Gm49762	-19.209993	-15.756116
Tlr6	-16.684265	-13.230387
Gm39465	-19.903141	-16.449265
Pnmal1	-20.308605	-16.854729000000003
Pde6c	-18.436804000000002	-14.982926
Gm32369	-19.903141	-16.449265
C030013C21Rik	-14.511029999999998	-11.057152
Angel1	-15.860089000000002	-12.406211
Fbxo40	-12.540284	-9.086406
Tstd3	-12.643087	-9.189209
Tmem132a	-12.047596	-8.593717999999999
4930483J18Rik	-18.699167000000003	-15.245289999999999
Slc12a9	-14.197139000000002	-10.743260000000001
Pcdhgb2	-15.508692000000002	-12.054813000000001
Nme4	-16.06728	-12.613401
C2cd2l	-13.458479999999998	-10.0046015
Sgk1	-10.750712	-7.2968345
Sox4	-12.096309	-8.642430000000001
Gsta3	-15.842698	-12.388819999999999
Bcl7b	-11.350195	-7.896317
Gm36839	-15.693485	-12.239607000000001
Slc35a3	-13.214372000000001	-9.760492999999999
Phf14	-11.652434	-8.198556
Gm14288	-18.804527	-15.35065
Arl8a	-11.844392	-8.390513
Gm16315	-17.782877	-14.3289995
Psmd2	-11.000686	-7.546808
Kirrel3os	-18.293703	-14.839826
Pik3c2b	-13.389417000000002	-9.935538000000001
March6	-12.046692	-8.5928135
Cdk5rap3	-11.907497	-8.453619
9430060I03Rik	-16.265554	-12.811676
Cxcl9	-21.001753	-17.547876000000002
Nptx2	-13.799092000000002	-10.345214
Rad51c	-15.345760999999998	-11.891883
Actl6a	-12.085114	-8.631235
Krt10	-13.228579500000002	-9.774701
Hist1h3f	-14.452103	-10.998224
Ccdc42	-10.951571000000001	-7.4976935
Aldh1a2	-18.922311999999998	-15.468434
Nudt16	-13.061882	-9.608004
2900052L18Rik	-15.115649	-11.661771
Gm13187	-17.475391000000002	-14.021514000000002
Insyn2a	-19.209993	-15.756116
Fam24b	-18.362696	-14.908818
4833407H14Rik	-19.615458	-16.161580999999998
Gm37612	-16.06011	-12.606233
Gm45406	-17.600555	-14.146678
Tbc1d8b	-12.597729	-9.14385
Ank	-11.614187	-8.160309
Snhg16	-13.850267	-10.396389
A730036I17Rik	-20.308605	-16.854729000000003
Prrc1	-11.583749000000001	-8.12987
Gm30122	-15.349264000000002	-11.895386
Gm10931	-18.293703	-14.839826
Wnt10b	-18.293703	-14.839826
2810013P06Rik	-12.670167	-9.216289
Gm45805	-16.18147	-12.727592999999999
Actr6	-12.890725	-9.436847
Gfm2	-13.710778	-10.2569
Lsmem1	-14.058631	-10.604753
Chgb	-17.390835	-13.936957000000001
Muc15	-18.922311999999998	-15.468434
Pter	-13.494063	-10.040185000000001
Gm50242	-20.308605	-16.854729000000003
Crot	-12.204054	-8.750175
Chrna5	-21.001753	-17.547876000000002
Mybpc1	-21.001753	-17.547876000000002
Cplane1	-12.333557	-8.879679
Adamts7	-17.567766	-14.113888000000001
Gm13305	-17.91071	-14.456832
Gm38190	-14.789147	-11.335269
D630008O14Rik	-19.903141	-16.449265
Tm2d1	-11.56189	-8.108011
G730003C15Rik	-15.484301	-12.030422
Vps9d1	-13.170532999999999	-9.716655000000001
Zfp958	-13.974439000000002	-10.520560000000001
Slirp	-11.12087	-7.6669917000000005
Slc35f3	-21.001753	-17.547876000000002
Sytl4	-14.959121	-11.505241999999999
Abca3	-12.989073	-9.535194
Gorab	-12.706453999999999	-9.252576
Gm16933	-16.99442	-13.540542000000002
D030040B21Rik	-18.16854	-14.714661999999999
Snx8	-14.408709	-10.954830000000001
Slc43a1	-15.051110999999999	-11.597233000000001
Hist1h3e	-14.914979	-11.461101
C3ar1	-17.195091	-13.741213
Aarsd1	-11.496805	-8.042927
Gm29591	-17.505245000000002	-14.051368
Gm44037	-18.362696	-14.908818
Flt3l	-14.275520000000002	-10.821642
Npas3	-17.031462	-13.577582999999999
5830408C22Rik	-14.937968	-11.48409
Cox6b2	-13.537817	-10.083938999999999
AI413582	-13.15126	-9.697382000000001
Nfyc	-12.854175999999999	-9.400297
Igf2r	-11.654437	-8.200559
Stk38	-11.7310705	-8.277192
Yju2	-13.231107999999999	-9.777229
4933427D06Rik	-20.308605	-16.854729000000003
Slc35a1	-12.565988	-9.112109
Gm29322	-17.130551999999998	-13.676673999999998
Pcdhgb4	-14.905929	-11.45205
Gdap1l1	-19.392315	-15.938437
Tead2	-14.095999999999998	-10.642121000000001
Frmd3	-19.209993	-15.756116
Plekhg1	-14.894731	-11.440852
Apopt1	-11.701756	-8.247877
Zfp959	-13.595042000000001	-10.141164
Oacyl	-17.95723	-14.503352
Crtac1	-21.001753	-17.547876000000002
Csf1	-12.097123	-8.643245
Ilf3	-12.303072	-8.849194
Dusp11	-10.982084	-7.5282063
Gm13429	-20.308605	-16.854729000000003
Gm48591	-18.229164	-14.775286999999999
Chmp2b	-11.370928	-7.91705
Bcs1l	-13.385469	-9.931591000000001
Gm16000	-19.903141	-16.449265
Lrch2	-12.930222500000001	-9.476344000000001
Spdye4a	-21.001753	-17.547876000000002
Rps19bp1	-11.939565	-8.485686
Fes	-16.858618	-13.404739999999999
Commd4	-11.914937	-8.461058999999999
Zfp51	-14.241339000000002	-10.787460000000001
Nat9	-12.694541000000001	-9.240663
Gm9949	-19.392315	-15.938437
Scn11a	-20.308605	-16.854729000000003
Eif5	-10.12135	-6.6674724
Ccdc77	-13.365483	-9.911605
Gm42836	-21.001753	-17.547876000000002
Galk1	-11.852331	-8.398453
Lpp	-8.315823	-4.8619447000000005
Gm17308	-18.293703	-14.839826
Gng12	-10.500116	-7.046238400000001
Gm37469	-21.001753	-17.547876000000002
Gm37083	-19.209993	-15.756116
Dusp12	-12.821992999999999	-9.368114
Meis1	-12.173259	-8.719380000000001
Osbp2	-16.479965	-13.026087
D830050J10Rik	-12.190399000000001	-8.736521
Gm43259	-15.945507999999998	-12.49163
Gm9869	-16.310406	-12.856527
Tdrd12	-18.516845999999997	-15.062968
Nme7	-13.604192000000001	-10.150313
Grb7	-21.001753	-17.547876000000002
Gm47140	-17.312874	-13.858995000000002
4931440F15Rik	-16.671019	-13.217141
Tm2d3	-11.454655	-8.000776
Syndig1	-21.001753	-17.547876000000002
Ndst3	-13.941277	-10.487397999999999
Chadl	-13.716932	-10.263053999999999
Zfp787	-12.619464	-9.165585499999999
C130060C02Rik	-18.111382	-14.657504000000001
Ms4a6c	-17.151606	-13.697726999999999
Ccdc18	-16.118952	-12.665073
Gm16156	-18.057314	-14.603435999999999
Gm48831	-21.001753	-17.547876000000002
Macrod2os2	-19.615458	-16.161580999999998
Gm43118	-17.264084	-13.810204999999998
Ntmt1	-12.383991	-8.930113
Nup210	-17.536016	-14.082139000000002
Gm49901	-18.804527	-15.35065
Nwd2	-19.615458	-16.161580999999998
Sun2	-10.704603	-7.2507253
Mfsd6	-12.512547999999999	-9.05867
Gm7072	-13.062238	-9.608359
Gm29054	-15.977873	-12.523994
Gde1	-10.939980499999999	-7.4861026
Stpg1	-17.390835	-13.936957000000001
Hpse2	-16.547404999999998	-13.093528
Gm34589	-21.001753	-17.547876000000002
Zfp358	-12.664644000000001	-9.210766
Mrpl41	-11.619563000000001	-8.165685
Gm44699	-13.938704999999999	-10.484827000000001
Lpar4	-13.945578	-10.491699
Gpr3	-18.516845999999997	-15.062968
Gm26850	-18.16854	-14.714661999999999
Gm26978	-15.678742999999999	-12.224865
E130304I02Rik	-18.436804000000002	-14.982926
Map6d1	-21.001753	-17.547876000000002
Pogk	-12.922445	-9.468567
4430402I18Rik	-13.905032	-10.451153999999999
Car5b	-13.621497	-10.167619
Slc5a8	-19.392315	-15.938437
Pdia5	-13.211471	-9.757592
Zfp511	-12.334417	-8.880539
Tmem18	-12.427046	-8.973167
Gm48022	-19.903141	-16.449265
Dnal1	-13.048435000000001	-9.594557
Abca2	-12.399668	-8.945789
4933407K13Rik	-14.37239	-10.918511
Inpp5f	-12.514194999999999	-9.060317
Enah	-9.300094	-5.8462157
Ensa	-11.467592	-8.013714
D730045B01Rik	-16.096478	-12.6426
Elmsan1	-12.59326	-9.139381
Chd1	-11.693017	-8.239139
Gstm1	-9.233131	-5.779254
Tardbp	-11.6564455	-8.202567
Rnaseh2a	-12.896747999999999	-9.442869
Mak16	-12.456750999999999	-9.002872
Atp2a3	-13.09705	-9.643171
Nosip	-12.139694	-8.685816
Ccdc17	-15.488323999999999	-12.034446
Fau	-7.995242599999999	-4.541365
Dync1i2	-10.725841	-7.271962599999999
Gm43846	-18.699167000000003	-15.245289999999999
Pramef12	-16.874619	-13.420739999999999
Coq9	-12.538594	-9.084716
Ube2z	-12.030051	-8.576172999999999
Pou6f1	-13.598692000000002	-10.144814
Atp6v0e	-9.949896	-6.496018
Gm36208	-20.308605	-16.854729000000003
Slc6a7	-14.233260000000001	-10.779382
Gm12522	-18.804527	-15.35065
Brinp1	-17.567766	-14.113888000000001
Thsd1	-17.823698	-14.369821
Smim38	-18.00602	-14.552142000000002
Pnn	-10.893734	-7.439856
Sec14l5	-21.001753	-17.547876000000002
Luzp1	-10.717606	-7.2637277000000005
St3gal1	-13.854981	-10.401102999999999
Mtpap	-12.716744	-9.262866
Babam2	-12.347934	-8.894055
Acer2	-15.958328	-12.50445
Wwc2	-11.161792	-7.707914
Sh3bgr	-9.119218	-5.6653400000000005
Ttc26	-14.279123	-10.825244999999999
Klhl41	-13.451618	-9.99774
Gm20496	-19.903141	-16.449265
Zfp385c	-16.081772	-12.627894
Gm13778	-16.165470000000003	-12.711592999999999
Gpat2	-18.516845999999997	-15.062968
Gm43403	-17.600555	-14.146678
Gm46332	-19.209993	-15.756116
Sult1a1	-12.313637	-8.859758
Ykt6	-12.461821	-9.007942
Fam83c	-20.308605	-16.854729000000003
Abhd17a	-11.348844999999999	-7.8949666
Nudt9	-11.588389999999999	-8.134511999999999
Gm12610	-19.903141	-16.449265
Slc35f1	-17.823698	-14.369821
5430427O19Rik	-17.031462	-13.577582999999999
Gm13853	-19.903141	-16.449265
Ppp3cc	-13.820922	-10.3670435
Mfsd14b	-12.704958	-9.25108
Pcbp3	-13.534954	-10.081076
Rnf31	-13.443235999999999	-9.989358
Pmpcb	-11.656707	-8.202828
Opa1	-12.267838000000001	-8.813958999999999
Slc3a1	-17.95723	-14.503352
B9d1	-13.012871	-9.558992
Krtcap2	-10.249483	-6.795605
Hsd17b11	-12.071921000000001	-8.618043
Arhgef19	-13.925944	-10.472066
Mapk3	-11.406763	-7.952885
A830035O19Rik	-15.703435999999998	-12.2495575
Trappc6a	-12.041671000000001	-8.587792
Mroh6	-20.308605	-16.854729000000003
Gm49226	-21.001753	-17.547876000000002
Ccdc152	-15.082859	-11.628981
Cep162	-12.700975999999999	-9.247098
Slc22a23	-18.362696	-14.908818
Agbl5	-14.675604000000002	-11.221725
Gm11831	-18.699167000000003	-15.245289999999999
Ikbke	-14.255342	-10.801463
Gm14434	-17.390835	-13.936957000000001
Anks3	-13.167360999999998	-9.713483
BC051226	-13.494613000000001	-10.040734
Cpxm2	-14.9734745	-11.519596
Gm47424	-17.240553	-13.7866745
Gm39214	-17.050507999999997	-13.596631
Rnf220	-12.1920395	-8.738161
Best3	-17.069927	-13.616048999999999
Jph4	-14.320898999999999	-10.867021000000001
5530601H04Rik	-13.436995999999999	-9.983118
Samhd1	-12.491384	-9.037505
Lrrc75b	-14.411451999999999	-10.957574000000001
Coq8b	-13.845576000000001	-10.391698
BC024386	-18.699167000000003	-15.245289999999999
Pdk2	-13.084217	-9.630339
Gm49479	-17.01277	-13.558891000000001
Fbxw9	-13.499567	-10.045689
Tbx1	-14.771272	-11.317393
Tmem86b	-16.06728	-12.613401
Ttc17	-12.85042	-9.396542
Rap1gds1	-12.242556	-8.788677
Gipc1	-11.985483	-8.531605
Gm15441	-16.427042	-12.973164
Osbpl7	-14.181737	-10.727859
Nmt1	-11.590351	-8.136472999999999
Dnajb5	-11.829219	-8.37534
Pdlim7	-9.767311999999999	-6.313434
Bivm	-13.823208	-10.369328999999999
Nnt	-14.523244	-11.0693655
Spryd7	-12.365889	-8.91201
Pfdn2	-10.92385	-7.469972
Gm7568	-21.001753	-17.547876000000002
Gm5860	-14.17196	-10.718081
Qpctl	-13.897609	-10.44373
Gm36199	-19.055841	-15.601964
E130102H24Rik	-12.850708000000001	-9.39683
Tmem8	-16.874619	-13.420739999999999
Uba52	-8.831956	-5.3780779999999995
Gm4285	-15.5507145	-12.096836
Asxl1	-12.679359	-9.225481
Rgs9	-18.804527	-15.35065
Smyd3	-13.699931	-10.246053
Aspn	-11.822801	-8.368922
Pdxp	-15.939157999999999	-12.48528
Acy3	-13.90586	-10.451982000000001
Gm50250	-19.392315	-15.938437
Pde6a	-16.01132	-12.557443
Gm33699	-18.362696	-14.908818
4930444E06Rik	-21.001753	-17.547876000000002
Gm44949	-18.16854	-14.714661999999999
Arid3c	-21.001753	-17.547876000000002
Hpcal1	-12.2139225	-8.760044
Nuf2	-17.217564000000003	-13.763685
Dennd6b	-15.066859	-11.612981
Ttc9c	-13.190185000000001	-9.736305999999999
Gm12273	-21.001753	-17.547876000000002
Lrrc71	-17.446405	-13.992526999999999
Txndc5	-10.923724	-7.4698462
Hottip	-21.001753	-17.547876000000002
Fundc1	-12.604019000000001	-9.150141
Iyd	-17.743656	-14.289779000000001
Dnmt3b	-14.944969	-11.491091
2810454H06Rik	-13.737723	-10.283845
4933430I17Rik	-17.866259	-14.412381
Gm10310	-21.001753	-17.547876000000002
Oxct1	-9.219633	-5.765755
Gtf2a1l	-20.308605	-16.854729000000003
Arl14ep	-13.0231	-9.5692215
Ube2v1	-10.996928	-7.5430503
Gm12280	-18.436804000000002	-14.982926
Akt1s1	-11.947131	-8.493253
Rapgefl1	-16.06011	-12.606233
Gm15478	-20.308605	-16.854729000000003
Unkl	-13.556335	-10.102457000000001
Aurkaip1	-10.955811500000001	-7.501933599999999
Inafm1	-12.336139999999999	-8.882261
A430018G15Rik	-12.477186999999999	-9.023309
Gm8797	-14.138995000000001	-10.685117
Ufl1	-11.660210000000001	-8.206331
Itgb3	-11.404519	-7.950641
P2rx6	-15.612681	-12.158803
L3mbtl4	-18.436804000000002	-14.982926
Pcdhb13	-15.877789499999999	-12.423911
Siglech	-18.922311999999998	-15.468434
9230116L04Rik	-17.446405	-13.992526999999999
Prg4	-16.310406	-12.856527
Pth1r	-12.723833	-9.269955
Gm5820	-15.099120000000001	-11.645242
Trp53	-11.970061	-8.516183
Tvp23b	-12.041414	-8.587536
Dppa2	-17.08973	-13.635851999999998
Mprip	-10.564378	-7.1105
Fut2	-18.922311999999998	-15.468434
A930002H24Rik	-18.922311999999998	-15.468434
Cwc22	-12.671130999999999	-9.217253
Bysl	-13.057616000000001	-9.603738
Gm16287	-16.25682	-12.802942999999999
Slc24a4	-14.506488000000001	-11.052609
Hlf	-11.550664999999999	-8.0967865
Comp	-12.404825	-8.950947
Gm43000	-17.866259	-14.412381
Fn3k	-14.728876000000001	-11.274998
Gm17018	-12.041414	-8.587536
Sgf29	-12.663687	-9.209808
D130058E05Rik	-21.001753	-17.547876000000002
4931428F04Rik	-16.469151999999998	-13.015275
Tnni3	-14.700968	-11.247089
Clcc1	-12.040772	-8.586894000000001
Caly	-18.922311999999998	-15.468434
Olfr90	-19.055841	-15.601964
Kbtbd3	-13.232798	-9.778919
Gm38405	-20.308605	-16.854729000000003
Gm49123	-17.364166	-13.910289
Pdia3	-9.715816499999999	-6.2619386
Zfhx3	-9.589831	-6.135953400000001
Gm37214	-17.050507999999997	-13.596631
Ltk	-16.570936	-13.117057999999998
Sltm	-11.096417	-7.642539500000001
Pcgf1	-13.759670999999999	-10.305793
BC051019	-18.922311999999998	-15.468434
4930580E04Rik	-21.001753	-17.547876000000002
Gm47715	-18.699167000000003	-15.245289999999999
Alg2	-13.338816	-9.884936999999999
Fabp4	-10.166456	-6.7125783
Cmya5	-12.74359	-9.289712
Phex	-13.428222	-9.974343
Ndufb1-ps	-9.491391	-6.0375133000000005
Dnaaf5	-13.985144	-10.531265
Ogdhl	-19.615458	-16.161580999999998
AI854703	-17.364166	-13.910289
5330439A09Rik	-17.418233999999998	-13.964356
Btc	-11.890460000000001	-8.436582000000001
Gm48829	-21.001753	-17.547876000000002
Cpe	-8.218301	-4.764423000000001
6430571L13Rik	-18.699167000000003	-15.245289999999999
Slc15a3	-18.16854	-14.714661999999999
Mos	-20.308605	-16.854729000000003
Gm3716	-18.057314	-14.603435999999999
Cfd	-17.600555	-14.146678
Olfr373	-18.436804000000002	-14.982926
Gm35558-1	-17.446405	-13.992526999999999
Gm48772	-19.903141	-16.449265
Caps2	-16.559101000000002	-13.105224
Gm26555	-17.705915	-14.252038
Vgll4	-11.887924	-8.434046
Stimate	-10.377941	-6.924063
Pcdha8	-21.001753	-17.547876000000002
Ttyh2	-16.189567999999998	-12.73569
Angptl8	-20.308605	-16.854729000000003
Mob2	-10.938105	-7.484226700000001
Sesn3	-12.029924000000001	-8.576046
Zc3h8	-13.942995000000002	-10.489117
Eepd1	-14.327192000000002	-10.873314
Gm44206	-21.001753	-17.547876000000002
E230025N22Rik	-18.804527	-15.35065
Rnf219	-12.890426	-9.436547000000001
Rbm10	-12.732764999999999	-9.278887
Fgf7	-15.321581	-11.8677025
Cd22	-20.308605	-16.854729000000003
Rab20	-14.523244	-11.0693655
Tdrp	-16.103912	-12.650035
Cwf19l1	-14.183923000000002	-10.730044
Kbtbd11	-17.069927	-13.616048999999999
Aass	-14.27193	-10.818050999999999
Snrk	-11.2582	-7.804322
Gm20635	-17.264084	-13.810204999999998
Acaa2	-11.760302000000001	-8.306422999999999
Taf1b	-12.613758	-9.159880000000001
Spata48	-19.392315	-15.938437
Gm43585	-19.615458	-16.161580999999998
Gpi1	-10.2751	-6.821222
1810073O08Rik	-20.308605	-16.854729000000003
Gm3417	-20.308605	-16.854729000000003
Acp6	-13.474498	-10.020619
Tacc1	-10.305817	-6.8519387
Elf1	-11.228033	-7.774155
Vsig10	-14.365807	-10.911928
Map2	-15.022867000000002	-11.568989
Gpr25	-21.001753	-17.547876000000002
Dok2	-17.390835	-13.936957000000001
Rrm2b	-11.875556	-8.421678
Gm49801	-15.889766	-12.435887
Rnf216	-12.181349	-8.72747
Faim	-12.864358	-9.41048
Taf5	-13.261959	-9.808081
Trpv6	-19.903141	-16.449265
Trim28	-11.734088	-8.28021
Pacs1	-13.153210000000001	-9.699330999999999
Acot10	-17.567766	-14.113888000000001
Ly6a	-14.270735	-10.816856
Nop9	-13.026189	-9.57231
Ripor1	-12.179283999999999	-8.725406
Acyp2	-11.248043	-7.794165
Cetn3	-10.71682	-7.262942
Ppef1	-11.989985	-8.536107000000001
Kirrel	-12.769048	-9.315169000000001
Kptn	-12.917808	-9.463928999999998
Rap1gap2	-13.119438	-9.665560000000001
A730020E08Rik	-19.615458	-16.161580999999998
D030045P18Rik	-20.308605	-16.854729000000003
Xirp2	-20.308605	-16.854729000000003
Aff1	-11.937364	-8.483485
Ilf2	-11.752673	-8.298795
Ddx51	-13.941277	-10.487397999999999
Cyp26a1	-21.001753	-17.547876000000002
Lilr4b	-18.516845999999997	-15.062968
1700084E18Rik	-15.932849	-12.478971000000001
Pla2g1b	-19.903141	-16.449265
Lipg	-20.308605	-16.854729000000003
Gm3055	-15.945507999999998	-12.49163
Slc39a11	-15.175754000000001	-11.721875
Cd2	-21.001753	-17.547876000000002
Cic	-12.181644	-8.727766
Tnfaip8l3	-17.312874	-13.858995000000002
Pemt	-14.846895000000002	-11.393017
Gm11642	-19.615458	-16.161580999999998
Kdelr3	-11.490716	-8.036838000000001
Gm40849	-21.001753	-17.547876000000002
Zbtb4	-11.142531	-7.6886535
Gsap	-14.836335	-11.382457
Yeats2	-13.455835	-10.001957
Gm16578	-21.001753	-17.547876000000002
Grm1	-17.866259	-14.412381
Pip5k1c	-12.43083	-8.976952
Hist2h2aa1	-12.170625999999999	-8.716747
Ppp3ca	-11.692563999999999	-8.238686
Tprg	-18.111382	-14.657504000000001
Fndc3c1	-18.804527	-15.35065
Ints4	-13.157121	-9.703242
Tfb1m	-14.202698000000002	-10.748819000000001
Slc6a8	-11.872731	-8.418853
Rasal2	-11.670258	-8.216379
Gm16638	-14.92182	-11.467941
Gm30624	-19.615458	-16.161580999999998
Fam98b	-12.016308	-8.562429
Pianp	-15.020339000000002	-11.566461
Olfr873	-21.001753	-17.547876000000002
Atf2	-11.750079	-8.296201
Mettl2	-13.506767000000002	-10.052889
Scaf8	-12.304072999999999	-8.850195
Fxr2	-12.112169	-8.658291
Gcsh	-11.891786	-8.437907000000001
Retnla	-17.866259	-14.412381
Gm49291	-18.111382	-14.657504000000001
Stac3	-15.977873	-12.523994
Platr14	-21.001753	-17.547876000000002
Sub1	-10.445314999999999	-6.9914374000000015
Chmp3	-10.821809	-7.367931
Hist1h1c	-11.627595	-8.173717
Lmln	-14.659632	-11.205753
Aamp	-11.063912	-7.6100345
Nop16	-12.776786	-9.322907
Tsc22d2	-11.347368	-7.893490299999999
Gng11	-11.315055000000001	-7.8611770000000005
Znfx1	-12.265906	-8.812028
Letm1	-12.031957	-8.578078
Usp30	-14.136906	-10.683027000000001
Pla2g6	-14.354065	-10.900186999999999
Foxc1	-10.617075	-7.163197
Ttc33	-12.231159	-8.777281
Gm27011	-17.95723	-14.503352
Gm26826	-16.607304	-13.153426000000001
Pdcl	-12.292123	-8.838244
Castor2	-12.454031	-9.000153
9330160F10Rik	-15.224101000000001	-11.770223
Cda	-18.436804000000002	-14.982926
Gm47127	-17.475391000000002	-14.021514000000002
Gm15410	-17.288180999999998	-13.834303
Tbce	-12.792172	-9.338294
Stx12	-11.729941	-8.276063
Atxn7l3	-12.444955	-8.991076
Dnajc8	-10.418811999999999	-6.9649339999999995
Smim26	-11.344038000000001	-7.890160000000001
Gm26912	-16.490892000000002	-13.037015
Slc22a13	-18.804527	-15.35065
Emc2	-11.385548	-7.9316697
Kcne3	-21.001753	-17.547876000000002
Tomm70a	-11.843022	-8.389144
Gm34973	-21.001753	-17.547876000000002
Vcpkmt	-14.125488	-10.671610000000001
Gm12898	-16.9764	-13.522523000000001
Topbp1	-13.078768	-9.624889
D630036H23Rik	-15.865955	-12.412077
Nkiras2	-12.504967	-9.051088
F8	-15.908002999999999	-12.454124
Tceal1	-12.699736	-9.245857
Tmem94	-13.327136	-9.873258
Htr1b	-11.502182000000001	-8.048304
Gm16677	-19.392315	-15.938437
Hbb-bt	-14.239023999999999	-10.785146000000001
Lrch3	-11.888805	-8.434927
Tmem141	-12.234268	-8.780389999999999
Fam171b	-12.799819	-9.345941
Gm36198	-17.866259	-14.412381
Khdc3	-18.229164	-14.775286999999999
Tada2b	-12.866699	-9.412821000000001
Cpxm1	-14.391057	-10.937178999999999
Atxn7l1os1	-19.209993	-15.756116
Hs2st1	-13.119816	-9.665937
Vta1	-12.172235	-8.718356
9030624G23Rik	-15.52529	-12.071411
Flywch2	-13.26632	-9.812441999999999
Fbxl12os	-15.958328	-12.50445
Snx30	-13.696565	-10.242686
Cadps2	-18.603857	-15.14998
Atad3aos	-15.002817000000002	-11.548939
Gng13	-19.903141	-16.449265
Nudt21	-11.926889	-8.473011
Brip1os	-12.598849000000001	-9.144971
Smarcd2	-12.901288000000001	-9.447410000000001
Tmem26	-13.886984	-10.433105
Pknox1	-12.992722500000001	-9.538844000000001
Tlk2	-11.840603	-8.386724000000001
Rps3	-8.278209	-4.8243313
B230354K17Rik	-13.084946	-9.631067
Smn1	-12.318197999999999	-8.86432
Rpl37	-7.8061724	-4.352295
Ptdss2	-12.785395	-9.331516
Vps37a	-11.766428	-8.31255
Zfp882	-14.032903	-10.579024
Kcnj9	-21.001753	-17.547876000000002
Zfp579	-13.785778	-10.3319
Gm16675	-16.657948	-13.204069
Llph	-11.570111	-8.116233
Edar	-19.615458	-16.161580999999998
Bloc1s2	-13.259785999999998	-9.805907000000001
Huwe1	-10.795314	-7.341436
Ppp2r2a	-11.239311	-7.7854333
Cldn1	-19.903141	-16.449265
Ifit1bl2	-18.603857	-15.14998
Plxna4	-12.016684	-8.562805
Foxred1	-13.5157	-10.061822
Tmem168	-12.530813	-9.076935
Vps50	-13.145822	-9.691942999999998
Ltbr	-12.285708999999999	-8.831831
Tmx3	-11.660210000000001	-8.206331
Slc39a7	-11.712694	-8.258816
Gm29019	-20.308605	-16.854729000000003
Gm48495	-21.001753	-17.547876000000002
Gm17231	-20.308605	-16.854729000000003
Mrpl58	-11.44393	-7.9900517
Ifrd1	-10.656019	-7.2021413
Camk2a	-19.615458	-16.161580999999998
Gm50023	-17.95723	-14.503352
2510009E07Rik	-11.897663	-8.443785
Hist1h3c	-18.057314	-14.603435999999999
Arel1	-13.539538	-10.08566
Orm1	-19.615458	-16.161580999999998
Creb1	-11.752962	-8.299083999999999
Nr1d1	-11.364774	-7.910896000000001
Cygb	-14.012417999999998	-10.558539
Gm10578	-21.001753	-17.547876000000002
Ccdc25	-12.163637	-8.709759
Gemin4	-17.669548000000002	-14.215670999999999
Gm30411	-19.903141	-16.449265
Ranbp10	-12.91565	-9.461772
2810403D21Rik	-14.450673000000002	-10.996795
Slitrk5	-21.001753	-17.547876000000002
Psenen	-10.659688000000001	-7.2058100000000005
Ggt6	-20.308605	-16.854729000000003
Rimklb	-14.730764	-11.276886
Gm9917	-17.069927	-13.616048999999999
Tmem40	-18.603857	-15.14998
Vhl	-13.316969	-9.8630905
Rnf128	-17.338192000000003	-13.884314000000002
Pld5	-18.922311999999998	-15.468434
Gm12589	-17.782877	-14.3289995
Rsph4a	-21.001753	-17.547876000000002
Zfp24	-12.180464	-8.726585
Ptp4a1-1	-15.093670999999999	-11.639792
Gng7	-14.992939999999999	-11.539062
Has1	-16.645044	-13.191166
Gm49970	-16.118952	-12.665073
Grip1	-18.699167000000003	-15.245289999999999
4930488N15Rik	-20.308605	-16.854729000000003
Tmem221	-18.516845999999997	-15.062968
Ddx41	-12.4573345	-9.003456
Ncam2	-17.505245000000002	-14.051368
Mapkbp1	-13.530959	-10.077081
Gm17017	-21.001753	-17.547876000000002
Aen	-12.904632000000001	-9.450753
Serpinb5	-17.823698	-14.369821
Scarb2	-10.998058	-7.5441804
Hdx	-16.458458	-13.0045805
Slc25a27	-13.696565	-10.242686
Errfi1	-10.77087	-7.3169923
Emc1	-12.572299000000001	-9.118421000000001
Gm26740	-19.903141	-16.449265
Dnajb9	-11.843653999999999	-8.389775
Gm15241	-19.615458	-16.161580999999998
Prkaca	-11.81632	-8.362442
Arc	-13.917527	-10.463649
Gm30075	-17.240553	-13.7866745
Gm15513	-15.608126	-12.154247
Gm15910	-14.529407500000001	-11.075529
1700126G02Rik	-21.001753	-17.547876000000002
Hypm	-16.524416	-13.0705385
Abhd15	-18.804527	-15.35065
Cabyr	-18.293703	-14.839826
Lysmd3	-11.849466	-8.395588
Mrps26	-11.738914999999999	-8.285036999999999
Gm826	-19.615458	-16.161580999999998
Epb41l1	-12.4390135	-8.985135000000001
Avpr1a	-15.889766	-12.435887
Gm42681	-19.055841	-15.601964
Olfr1029	-18.603857	-15.14998
Gm37401	-16.84287	-13.388992000000002
Pgam5	-13.456892000000002	-10.003014
Acbd3	-10.901342999999999	-7.447465400000001
Rarres1	-13.377623000000002	-9.923744000000001
Nbr1	-11.940958	-8.48708
Alk	-21.001753	-17.547876000000002
Taf4	-13.304632000000002	-9.850754
Mrpl2	-11.963983	-8.510104
Cyb561d1	-14.807348000000001	-11.35347
Gm34653	-19.615458	-16.161580999999998
Tomm7	-9.452736999999999	-5.9988589999999995
Pfkfb1	-16.458458	-13.0045805
Pde4c	-17.338192000000003	-13.884314000000002
2510017J16Rik	-14.9734745	-11.519596
Dusp2	-15.288020000000001	-11.834142
AC103362.1	-18.922311999999998	-15.468434
Gm20416	-20.308605	-16.854729000000003
Son	-9.26383	-5.8099523
Smim10l2a	-15.533693	-12.079815
Ddx18	-11.550587	-8.096708
Becn1	-11.731542	-8.277663
Tbx21	-20.308605	-16.854729000000003
4930412C18Rik	-14.851150500000001	-11.397272000000001
Abca9	-15.291326500000002	-11.837448
Zmat2	-11.007557	-7.553678999999999
Dnajc7	-12.035524	-8.581646000000001
Msh4	-17.866259	-14.412381
Gm16099	-20.308605	-16.854729000000003
Mxra8	-10.569757000000001	-7.1158795
Parl	-11.881119	-8.42724
S100a4	-9.243641	-5.789763
Slc38a2	-9.604911999999999	-6.1510344
Zfp324	-14.302253	-10.848374
Clk4	-11.867106	-8.413228
Arhgef2	-10.969037	-7.515159
1700006J14Rik	-21.001753	-17.547876000000002
Gm26879	-15.991118	-12.537239999999999
Tc2n	-15.964801000000001	-12.510922
4921516A02Rik	-17.634457	-14.180579000000002
Cdh2	-14.111144	-10.657266
Mustn1	-9.136489	-5.6826115
A930001C03Rik	-17.536016	-14.082139000000002
Fam118a	-12.362343	-8.908464
Xrcc2	-15.233432999999998	-11.779554
Rbfox1	-18.16854	-14.714661999999999
Agfg2	-12.992391	-9.538511999999999
Actn3	-16.595034	-13.141156
Gtf2ird2	-14.628433	-11.174555
Tspan9	-12.397099	-8.94322
Pcmtd1	-10.580336	-7.1264577000000005
Hmgcs1	-11.634068	-8.180189
St7	-13.237457000000001	-9.783579
Apom	-20.308605	-16.854729000000003
Chaf1b	-15.708448	-12.25457
Tnfrsf26	-20.308605	-16.854729000000003
Ldlrad3	-12.149089	-8.695210000000001
Dus3l	-12.733022	-9.279143
Cep57l1	-13.178107	-9.724229
Baz1b	-11.153567	-7.6996894000000005
Lhfpl4	-17.264084	-13.810204999999998
Cldnd1	-10.901466000000001	-7.447588400000001
Lpxn	-18.229164	-14.775286999999999
Polr3b	-14.010576	-10.556697999999999
Impg1	-19.615458	-16.161580999999998
Gm42984	-16.524416	-13.0705385
Zkscan14	-13.859716	-10.405838000000001
Zfp108	-14.866188000000001	-11.41231
Gm10097	-17.031462	-13.577582999999999
Gm19412	-15.626475	-12.172597
Adra2c	-17.264084	-13.810204999999998
Hdac6	-13.576395000000002	-10.122517
Gm10062	-16.01132	-12.557443
Epm2a	-13.804317000000001	-10.350439
Lrrc8e	-17.95723	-14.503352
Tmem258	-10.52887	-7.0749917
Ltv1	-12.633291999999999	-9.179414
Rps12	-8.043331	-4.589453
Spire2	-21.001753	-17.547876000000002
Smap1	-10.758477000000001	-7.3045993000000005
Scap	-12.913499	-9.45962
Vcam1	-12.6593895	-9.205511
Slc9b1	-17.782877	-14.3289995
Zfhx2os	-19.903141	-16.449265
Pcdhb21	-14.830051999999998	-11.376174
4930545L23Rik	-18.922311999999998	-15.468434
4933428G20Rik	-18.922311999999998	-15.468434
Eid3	-16.347792000000002	-12.893914
Mpp5	-12.114654	-8.660775
Tom1	-13.424631	-9.970753
1110038B12Rik	-13.01695	-9.563071
Ces2b	-21.001753	-17.547876000000002
Ttl	-12.407784	-8.953906
Cenpc1	-12.655349000000001	-9.20147
C130036L24Rik	-14.530953	-11.077075
Sec11a	-10.718836999999999	-7.264958999999999
Polr2a	-11.412908	-7.9590297
Ap1s3	-19.392315	-15.938437
Kif5c	-13.929332	-10.475453
Adam3	-21.001753	-17.547876000000002
Abca7	-14.747925	-11.294046
Smim15	-11.518946000000001	-8.065066999999999
Enpp5	-12.269772	-8.815892999999999
Fbrs	-12.963887	-9.510009
Golgb1	-10.282503	-6.828625
Gm42802	-18.111382	-14.657504000000001
Flvcr2	-18.699167000000003	-15.245289999999999
Fhl3	-14.303485	-10.8496065
Clec4a1	-18.362696	-14.908818
Gpr137	-13.210644	-9.756765
Optn	-12.542401	-9.088523
4921511C10Rik	-19.209993	-15.756116
Lancl3	-12.091033	-8.637155
Dcaf17	-12.69924	-9.245361
Grpel2	-13.276864999999999	-9.822987
Atp2a2	-9.331807000000001	-5.877929
Mcam	-9.912360000000001	-6.4584823
Ints13	-12.826769	-9.37289
Pcsk9	-20.308605	-16.854729000000003
Gm10484	-17.600555	-14.146678
Cpsf1	-13.3859625	-9.932084
Epha5	-18.699167000000003	-15.245289999999999
Gm45441	-18.922311999999998	-15.468434
Ccdc151	-17.866259	-14.412381
Gm16892	-17.669548000000002	-14.215670999999999
Cnot4	-11.229685	-7.775807
Gm20161	-21.001753	-17.547876000000002
Zfp316	-13.795376000000001	-10.341497
Cmtm4	-13.309184	-9.855306
Wdr89	-12.022085	-8.568207000000001
Pir	-14.060563	-10.606685
Hist1h1a	-16.141941	-12.688063
Igdcc4	-15.349264000000002	-11.895386
Fbxo15	-21.001753	-17.547876000000002
Cap2	-11.353932	-7.9000544999999995
Gm50341	-17.364166	-13.910289
4921509A06Rik	-19.615458	-16.161580999999998
Gm10390	-20.308605	-16.854729000000003
Odf3l1	-17.050507999999997	-13.596631
Aoc2	-15.654646	-12.2007675
Olfm2	-14.712038	-11.25816
Gpr82	-17.031462	-13.577582999999999
Olfr1383	-21.001753	-17.547876000000002
Adgre1	-18.057314	-14.603435999999999
Med4	-12.295263	-8.841385
Wdr26	-11.045103999999998	-7.591226
Rin2	-11.299892	-7.846014500000001
Sh2d4b	-17.173111	-13.7192335
Ctsk	-13.078405	-9.624527
Gm5165	-13.971781	-10.517902000000001
Ablim2	-17.050507999999997	-13.596631
Psmc6	-10.73175	-7.2778716
Ctxn3	-17.600555	-14.146678
Adamts6	-13.036208	-9.58233
C8g	-16.739073	-13.285195000000002
Copz1	-12.061386	-8.607508000000001
Meis2	-11.156955	-7.703077
Gm44296	-19.209993	-15.756116
Smim41	-15.335326	-11.881447999999999
Fbxl15	-13.134265	-9.680387
1700030K09Rik	-14.3463125	-10.892434
Magohb	-12.217744	-8.763865
Slc17a9	-16.0745	-12.620622000000001
Hoxc8	-13.958592999999999	-10.504715
Fam234b	-14.332254999999998	-10.878377
Gm16025	-21.001753	-17.547876000000002
Phlda1	-12.828742	-9.374864
Casp8ap2	-12.127865	-8.673986
Gm49709	-19.903141	-16.449265
Med30	-11.876644	-8.422766000000001
Cdh24	-16.149723	-12.695845
Il5	-19.615458	-16.161580999999998
Lef1	-19.903141	-16.449265
Gm44622	-21.001753	-17.547876000000002
Spns3	-20.308605	-16.854729000000003
A630095N17Rik	-21.001753	-17.547876000000002
Hps6	-14.119316	-10.665438
Tyms	-13.552256	-10.098377000000001
Nid1	-12.478378999999999	-9.024500999999999
Igip	-12.382726	-8.928847
Bpnt1	-12.608311	-9.154432
Hint2	-11.356907000000001	-7.903028999999999
Adgrf4	-18.804527	-15.35065
Pradc1	-13.142341	-9.688462
Tepp	-19.209993	-15.756116
Batf	-19.392315	-15.938437
Gm34342	-14.515592999999999	-11.061714
Sec23b	-12.725613000000001	-9.271734
Scaf11	-10.639607	-7.1857295
Sertm1	-19.392315	-15.938437
Nipal4	-15.377735999999999	-11.923858000000001
Actg1	-8.208263	-4.754385500000001
Gm45752	-21.001753	-17.547876000000002
Veph1	-21.001753	-17.547876000000002
St3gal4	-13.284847000000001	-9.830969
Tent5a	-10.117574000000001	-6.663696000000001
Dtx3l	-13.606646	-10.152766999999999
Brcc3	-12.21255	-8.758672
Hook2	-15.831269	-12.377391000000001
Gm40117	-17.418233999999998	-13.964356
Trim13	-14.530953	-11.077075
Ltbp2	-12.032721	-8.578842
Zdhhc6	-12.791628999999999	-9.33775
Gm36372	-18.436804000000002	-14.982926
Mmp27	-20.308605	-16.854729000000003
Slc25a21	-17.312874	-13.858995000000002
D030034A15Rik	-21.001753	-17.547876000000002
Jak1	-11.292519	-7.838640700000001
Napepld	-11.58676	-8.132881
Zfp36l3	-21.001753	-17.547876000000002
Ggt5	-16.547404999999998	-13.093528
Rps6ka5	-13.308271	-9.854393
Atp7b	-19.392315	-15.938437
Selenoo	-12.748265	-9.294387
Upk1b	-19.903141	-16.449265
Pus7l	-14.503471	-11.049593
Tmem212	-18.00602	-14.552142000000002
1700037H04Rik	-14.260053	-10.806174
Postn	-8.658174	-5.2042956
Slc35f5	-12.392528	-8.938649
Wdr37	-12.997053999999999	-9.543175999999999
Fst	-13.770467000000002	-10.316588000000001
AC135859.1	-18.00602	-14.552142000000002
Gm38336	-16.697687	-13.24381
Kcnip1	-20.308605	-16.854729000000003
Tcirg1	-13.699931	-10.246053
Rsrc2	-10.629230999999999	-7.1753535
Gpam	-13.518509	-10.0646305
Acp5	-16.671019	-13.217141
Zfp687	-13.570454000000002	-10.116575
Ramp2	-14.870527	-11.416649000000001
Gm13032	-18.804527	-15.35065
Psmd9	-12.3234625	-8.869584
Atf4	-10.784002000000001	-7.330124400000001
Dcn	-11.178662	-7.7247844
Gm48202	-18.436804000000002	-14.982926
Gm34961	-16.004541	-12.550663
Wnt16	-11.248857000000001	-7.794978599999999
Cldn10	-17.173111	-13.7192335
Ndufa1	-10.004064	-6.5501857
Atp2b3	-20.308605	-16.854729000000003
Lgmn	-11.221507	-7.7676289999999995
2900097C17Rik	-10.735465	-7.281586999999999
Gm13391	-21.001753	-17.547876000000002
2310022B05Rik	-10.53369	-7.0798125
Rpl18a	-8.294784	-4.8409059999999995
Gm49359	-13.314673	-9.860795
Gm43042	-21.001753	-17.547876000000002
Gm7097	-21.001753	-17.547876000000002
Drap1	-10.02195	-6.568072
Akr1b7	-20.308605	-16.854729000000003
Bach1	-12.324996	-8.871118
C430014B12Rik	-15.202660999999999	-11.748782
Ccdc43	-12.8158455	-9.361967
Slc39a13	-12.065980999999999	-8.612102499999999
Syne1	-10.041031	-6.587153
Nsmaf	-12.37984	-8.9259615
Vcpip1	-12.009071	-8.555193
Tmem95	-18.111382	-14.657504000000001
Gm49066	-15.311394	-11.857515
Lgals3bp	-14.161207000000001	-10.707329
9630014M24Rik	-18.111382	-14.657504000000001
Olfr78	-17.600555	-14.146678
Necap1	-13.161439999999999	-9.7075615
Mtfr1l	-11.611594	-8.157716
Nudcd3	-11.064057	-7.610179400000001
Klhl28	-12.822273	-9.368395
Timm10	-12.462603	-9.008724
Gpr68	-19.209993	-15.756116
Fam136a	-12.34933	-8.895452
Runx2os1	-17.475391000000002	-14.021514000000002
D630024D03Rik	-18.00602	-14.552142000000002
6530413G14Rik	-16.753258	-13.299379
Vezf1	-10.833981	-7.3801026
Paip2	-10.145855000000001	-6.6919770000000005
Hjurp	-12.086724	-8.632846
Rsf1	-11.160300999999999	-7.706423299999999
Pqlc1	-12.743072	-9.289193
Smarcd1	-12.210267	-8.756389
Tbc1d1	-11.823214	-8.369335000000001
Ndufaf1	-13.113794	-9.659916
BC067074	-15.158209	-11.70433
Gm47587	-19.903141	-16.449265
Gm45715	-19.903141	-16.449265
Tbc1d7	-12.879382000000001	-9.425504
Rorb	-18.516845999999997	-15.062968
Gm15708	-14.490008	-11.03613
Spred2	-12.791085	-9.337207000000001
Tox2	-14.34246	-10.888581
Gsc	-14.654364999999999	-11.200486
Sytl3	-20.308605	-16.854729000000003
Jade2	-13.277748999999998	-9.823871
Glrx	-12.848979	-9.395100999999999
Supt4a	-11.496209	-8.042330999999999
Dcun1d1	-11.828388	-8.37451
Mia	-11.827765	-8.373887
Dtnbp1	-12.007581	-8.553702000000001
Ccdc40	-18.804527	-15.35065
Tsen15	-12.611258	-9.157378999999999
Ckap5	-11.632275	-8.178396000000001
Klb	-19.903141	-16.449265
Sfxn1	-11.921636	-8.467757
Hic2	-14.656116500000001	-11.202238000000001
Ccnjl	-17.743656	-14.289779000000001
Man1b1	-13.056198	-9.602319999999999
Polh	-14.628433	-11.174555
Las1l	-11.87523	-8.421351
Gm50050	-18.804527	-15.35065
Pik3cd	-15.239702	-11.785824
Zfp131	-11.711216	-8.257338
Srl	-14.08901	-10.635132
Hjv	-14.975887	-11.522008999999999
Commd10	-12.996387	-9.542508
Grik2	-18.362696	-14.908818
Olfr1033	-10.483647999999999	-7.029770399999999
Gm29112	-18.436804000000002	-14.982926
Neil2	-18.293703	-14.839826
Gm33838	-16.406633	-12.952755
Col6a1	-10.09292	-6.6390424
Afg1l	-14.233260000000001	-10.779382
Slc16a9	-14.115222	-10.661344
Slc35b1	-11.609342	-8.155463000000001
Gas2l3	-14.503471	-11.049593
Tmem184c	-12.883248	-9.42937
Abr	-12.768782	-9.314903
Cenpp	-15.46049	-12.006611999999999
4930447C04Rik	-14.527863	-11.073984
Dhx57	-12.954564	-9.500686
Lrrtm4	-19.903141	-16.449265
Cxadr	-17.866259	-14.412381
Hnf1aos1	-21.001753	-17.547876000000002
Upp2	-12.60967	-9.155791
Pcnt	-12.011935000000001	-8.558057000000002
Ssr2	-10.835055	-7.3811774
Pxylp1	-13.833944	-10.380066000000001
Dsp	-10.368112	-6.9142337
Cpa6	-18.804527	-15.35065
Mia3	-11.03187	-7.577992
Dhrs7b	-12.777054	-9.323175
Vmn1r81	-18.16854	-14.714661999999999
Efcab2	-14.467964000000002	-11.014086
Hmgcl	-12.374808999999999	-8.920931
Echdc2	-12.834969500000001	-9.381091
Prickle4	-16.319622	-12.865744
Chrne	-17.705915	-14.252038
5430414B19Rik	-16.328924	-12.875046000000001
Tex11	-18.362696	-14.908818
Nr2e3	-16.684265	-13.230387
Rab4b	-11.819401	-8.365522
Ctso	-12.953605	-9.499725999999999
Eml2	-11.634751	-8.180873
Txndc12	-12.371589	-8.917710000000001
Ttyh1	-17.866259	-14.412381
Cyp2ab1	-21.001753	-17.547876000000002
Gm44987	-19.209993	-15.756116
Gm20342	-13.724504999999999	-10.270627000000001
Megf9	-12.922755	-9.468877
Rcor3	-11.919701	-8.465822
Gm45833	-16.416786	-12.962908
Mybpc2	-14.256517	-10.802639
Rad51d	-13.187757500000002	-9.733879
Khdrbs3	-11.335255	-7.881376700000001
Zfp410	-12.934291	-9.4804125
Gkap1	-11.038253	-7.584375
Snrnp200	-11.608092	-8.154214
Blmh	-11.29088	-7.8370023
AU022793	-21.001753	-17.547876000000002
Nup85	-12.891927	-9.438048
Atp8b5	-19.615458	-16.161580999999998
Pomgnt1	-12.035397999999999	-8.581519
Fbxo48	-17.475391000000002	-14.021514000000002
Lamtor5	-10.805782	-7.351904400000001
Abca5	-12.573172999999999	-9.119294
Tbx19	-21.001753	-17.547876000000002
Pthlh	-14.933328	-11.479449
1700042O10Rik	-20.308605	-16.854729000000003
Pmel	-17.505245000000002	-14.051368
Cep85l	-12.669445	-9.215567
Scn7a	-15.814367	-12.360489
Nek1	-12.891326	-9.437448
Syde2	-12.216978999999998	-8.763100999999999
Tgm4	-18.057314	-14.603435999999999
Il4i1	-17.08973	-13.635851999999998
Kcns3	-13.582973	-10.129094
Grik3	-20.308605	-16.854729000000003
Wfdc21	-21.001753	-17.547876000000002
Tmem98	-12.166688	-8.712810000000001
Plcxd3	-14.562403	-11.108524000000001
Gm48194	-16.797060000000002	-13.343182999999998
Chst14	-13.296942000000001	-9.843063
Gm15850	-18.922311999999998	-15.468434
Gm26574	-19.615458	-16.161580999999998
1500026H17Rik	-13.93614	-10.482262
Gm49164	-16.559101000000002	-13.105224
Gm44696	-17.505245000000002	-14.051368
Gm9856	-14.168721	-10.714843
Tmem71	-16.513117	-13.059238
Izumo4	-12.406488000000001	-8.95261
Sap30l	-11.641098	-8.18722
Cryzl2	-14.059597	-10.605719
Ccdc181	-13.075150500000001	-9.621272
Parp12	-13.662866000000001	-10.208986999999999
Gm49335	-17.95723	-14.503352
Tmem63b	-12.213617	-8.759739
Gm15852	-18.293703	-14.839826
Jup	-11.958412	-8.504534
Vps4a	-11.779682000000001	-8.325804
Fyn	-14.357964	-10.904085
Hpcal4	-19.903141	-16.449265
Cdh11	-12.849843	-9.395964999999999
Pfas	-14.857567999999999	-11.403689
Gm16006	-19.392315	-15.938437
Cd99l2	-11.950057000000001	-8.496179
Auts2	-10.179558	-6.7256800000000005
Akt3	-11.454798	-8.000919
Urah	-18.699167000000003	-15.245289999999999
Ube4b	-12.098618	-8.644739
1700119H24Rik	-18.362696	-14.908818
AW047730	-17.536016	-14.082139000000002
Paxx	-11.872189500000001	-8.418311
Phyhipl	-16.797060000000002	-13.343182999999998
Gm45052	-20.308605	-16.854729000000003
0610012D04Rik	-18.111382	-14.657504000000001
Btbd2	-12.403533	-8.949655
Med29	-11.988889	-8.53501
Tmtc1	-11.230369999999999	-7.7764916
Gm14235	-21.001753	-17.547876000000002
Zcchc18	-14.371070000000001	-10.9171915
Prelid3a	-14.670252	-11.216372999999999
Gm30881	-21.001753	-17.547876000000002
Maff	-13.078405	-9.624527
Prxl2c	-10.915652	-7.4617743
Larp4b	-11.4532995	-7.9994216
AK157302	-16.99442	-13.540542000000002
Ccdc71l	-12.573391	-9.119513000000001
Cdk15	-16.25682	-12.802942999999999
A730090N16Rik	-18.699167000000003	-15.245289999999999
Tnik	-12.157705	-8.703827
Ankrd39	-12.561441	-9.107563
H2-T23	-13.799837	-10.345958999999999
Cpsf2	-12.070598	-8.616719
Ldlr	-11.991083999999999	-8.537206
Prr3	-13.836260000000001	-10.382381
Scd4	-16.469151999999998	-13.015275
Carmil1	-13.637205999999999	-10.183328
2210016L21Rik	-11.306519999999999	-7.8526425
Tubb3	-17.446405	-13.992526999999999
Gm17233	-19.055841	-15.601964
Clgn	-19.392315	-15.938437
Chd2	-11.752384	-8.298506
Vezt	-12.577333	-9.123455
Galnt11	-11.949354	-8.495476
Mamstr	-14.104049	-10.65017
Cdc5l	-11.305659	-7.8517814
Phka1	-13.507323000000001	-10.053445
Tspyl5	-13.326207	-9.872328999999999
Gtpbp1	-13.142726000000001	-9.688848
Coro7	-13.995057999999998	-10.54118
Sdc1	-13.014567999999999	-9.56069
Prmt9	-13.582373	-10.128494
4833418N02Rik	-14.514070000000002	-11.060191
Tgfb1i1	-9.974295	-6.5204167
Olfr461	-21.001753	-17.547876000000002
Ung	-15.617257999999998	-12.16338
Gm13257	-20.308605	-16.854729000000003
Sncg	-11.517425	-8.063546
Setd5	-11.173259	-7.719380999999999
Acox3	-13.122461999999999	-9.668584
Krt7	-17.669548000000002	-14.215670999999999
Smarcc1	-11.696649	-8.24277
Tfg	-11.554604	-8.100725
Tmco3	-12.159582	-8.705703999999999
9530026F06Rik	-21.001753	-17.547876000000002
Cast	-10.257992999999999	-6.8041149999999995
Pin1rt1	-20.308605	-16.854729000000003
AW549877	-11.665221	-8.211343
Hspa2	-10.9928255	-7.538947599999999
Ndufv3	-9.955413	-6.501535
Zbtb11os1	-13.138871	-9.684992999999999
Recql	-13.046329	-9.59245
Stk26	-12.965827	-9.511949000000001
D030025P21Rik	-16.513117	-13.059238
Inpp4a	-11.781958	-8.328078999999999
Alg11	-13.048083	-9.594205
Bves	-12.677660000000001	-9.223782
Mrpl50	-12.324825	-8.870947
Csprs	-20.308605	-16.854729000000003
Gabarapl1	-11.099317	-7.645438700000001
Tmem161b	-13.209404000000001	-9.755526
Gm2464	-19.392315	-15.938437
Dnttip2	-11.545491	-8.091613
Cnksr2	-19.903141	-16.449265
Ccz1	-12.353181	-8.8993025
Pitx1	-16.941309	-13.487432
Gpc4	-12.527467999999999	-9.073589
Gm49484	-19.903141	-16.449265
Tmco1	-10.423333	-6.9694552
Pcdhgb6	-15.184642000000002	-11.730763
Ube2ql1	-16.874619	-13.420739999999999
Psmd1	-10.811772	-7.3578944
Gpaa1	-12.544735000000001	-9.090857000000002
Thnsl2	-13.451618	-9.99774
Dhx33	-13.436995999999999	-9.983118
1700030J22Rik	-15.939157999999999	-12.48528
Rab32	-13.592617	-10.138739
Gm17324	-17.505245000000002	-14.051368
Scube2	-17.173111	-13.7192335
Caskin2	-12.953605	-9.499725999999999
9530020I12Rik	-17.418233999999998	-13.964356
AC160336.1	-14.233260000000001	-10.779382
Top3b	-12.664644000000001	-9.210766
Sox7	-17.705915	-14.252038
Car12	-18.229164	-14.775286999999999
Hap1	-17.312874	-13.858995000000002
Rprd1a	-12.815010000000001	-9.361132000000001
Pdzrn3	-11.623275	-8.169396
Cnot2	-12.158571	-8.704692999999999
Ckap2	-15.914157000000001	-12.460278500000001
Vps29	-10.885536	-7.4316583
Cyp4f13	-13.227738	-9.77386
Gm2a	-11.6676035	-8.213725
Dram2	-12.871694999999999	-9.417816
Nup188	-13.140026	-9.686148
Rsph3b	-14.181737	-10.727859
Gm45188	-17.446405	-13.992526999999999
Zfp57	-17.823698	-14.369821
Ccng2	-13.492417999999999	-10.03854
Dhtkd1	-15.043328	-11.58945
Scara5	-15.096392000000002	-11.642513000000001
Gvin1	-21.001753	-17.547876000000002
Lrrc3	-17.130551999999998	-13.676673999999998
Zbtb33	-13.242566	-9.788688
Gm11665	-16.357363	-12.903483999999999
Lgr5	-17.08973	-13.635851999999998
Gm46565	-18.804527	-15.35065
Mtln	-10.951269	-7.497391
Zfp821	-12.972646000000001	-9.518767
Nkd2	-15.865955	-12.412077
Bcl6b	-17.536016	-14.082139000000002
Ccm2l	-18.922311999999998	-15.468434
Kat7	-12.587701	-9.133822
Map3k7cl	-10.607999999999999	-7.154122
Gm28941	-16.37678	-12.922902
Ppif	-14.079108999999999	-10.625231
Sh2d7	-19.615458	-16.161580999999998
Ccnl2	-11.328812	-7.8749337
Ddit4l	-14.247148999999999	-10.793271
Nim1k	-13.570454000000002	-10.116575
Gm48807	-21.001753	-17.547876000000002
Gm17024	-16.141941	-12.688063
Repin1	-13.675286999999999	-10.221409
Dusp26	-18.362696	-14.908818
Syn3	-12.400035	-8.9461565
Pnp2	-15.291326500000002	-11.837448
Tafa5	-13.348733	-9.894855
Nr4a2	-11.661964	-8.208086
CR974586.2	-21.001753	-17.547876000000002
Arl9	-18.293703	-14.839826
Parpbp	-17.288180999999998	-13.834303
Spata2	-13.4531975	-9.999319
Gm44982	-16.582912	-13.129033999999999
Ptbp3	-11.865382	-8.411503999999999
0610009B22Rik	-12.195628999999998	-8.741750999999999
Tenm3	-12.1480875	-8.694208999999999
Vps13c	-12.122699	-8.66882
Rpl26	-8.071527	-4.6176486
Gm16725	-19.055841	-15.601964
Cd9	-8.676947	-5.223069000000001
1700064M15Rik	-19.903141	-16.449265
Rufy1	-12.482562	-9.028684
Slc39a14	-12.034377000000001	-8.580499
Ankrd42	-15.082859	-11.628981
Ly86	-18.603857	-15.14998
Lrig3	-12.316844999999999	-8.862967
6030468B19Rik	-21.001753	-17.547876000000002
Gm43951	-16.9764	-13.522523000000001
2410022M11Rik	-13.671349	-10.21747
Sh3rf3	-14.846895000000002	-11.393017
Glul	-11.528587	-8.074709
Pitpnm2os2	-17.782877	-14.3289995
Atf1	-11.982331	-8.528453
Cfap47	-19.392315	-15.938437
Pkm	-9.572405	-6.1185274000000005
Gm7628	-15.991118	-12.537239999999999
Ewsr1	-11.193841	-7.739963
Nfe2l2	-11.103681	-7.6498027
Ngrn	-12.389977	-8.936099
Faap24	-14.09901	-10.645132
Gm15344	-17.338192000000003	-13.884314000000002
Bcas3	-12.509263	-9.055385000000001
Cul7	-13.0959425	-9.642064
Phf19	-14.805309	-11.351431
Ddx55	-12.969393	-9.515514
Wdfy4	-16.547404999999998	-13.093528
Hmgn5	-11.272262	-7.8183837
Manbal	-11.191258	-7.7373804999999996
Ccne2	-15.085551	-11.631673
Farp2	-13.860508	-10.40663
Gm15582	-19.903141	-16.449265
Gm34552	-16.99442	-13.540542000000002
Hspa14	-12.254242	-8.800364
Pomt1	-13.510666	-10.0567875
Gm42743	-17.536016	-14.082139000000002
Terb1	-18.804527	-15.35065
Psmc5	-10.703491	-7.2496133
Spaca6	-12.936803	-9.482924
Hoxa1	-15.121220999999998	-11.667342
Ttc30a1	-15.335326	-11.881447999999999
Rab19	-18.16854	-14.714661999999999
Btg2	-9.045008000000001	-5.591130000000001
mt-Co1	-6.735811	-3.2819337999999996
Rdh11	-13.096312	-9.642433
Reep1	-13.142726000000001	-9.688848
Impdh1	-12.897352	-9.443474
Lats2	-11.247288000000001	-7.793410000000001
Frmpd2	-21.001753	-17.547876000000002
Tmem222	-12.306916000000001	-8.853038
E2f4	-12.814454	-9.360576
Siah1b	-14.465062	-11.011184
Dusp6	-13.459010000000001	-10.005132000000001
Gm10248	-19.615458	-16.161580999999998
Gm44946	-17.240553	-13.7866745
Treml2	-19.903141	-16.449265
Gatc	-13.483146	-10.029266999999999
Tmed7	-11.366734	-7.912855599999999
A430110L20Rik	-16.458458	-13.0045805
Tigd3	-18.516845999999997	-15.062968
Gm20655	-13.569269	-10.115391
Gm38079	-21.001753	-17.547876000000002
Zfp503	-12.568811	-9.114933
Osm	-19.903141	-16.449265
Sac3d1	-12.552196499999999	-9.098317999999999
Gm5111	-20.308605	-16.854729000000003
Gm4673	-15.1046	-11.650722
Pask	-16.173439000000002	-12.719562
Hdhd3	-14.4059725	-10.952094
Rbm14	-13.160653	-9.706775
Mplkip	-12.06414	-8.610261999999999
Gp9	-18.293703	-14.839826
Frmpd4	-16.0745	-12.620622000000001
Tmem134	-10.688011999999999	-7.234134
Gm19689	-14.849020999999999	-11.395143
Ddah1	-17.418233999999998	-13.964356
Gm33054	-18.111382	-14.657504000000001
Tiparp	-12.957768	-9.50389
Nkap	-12.083505	-8.629626
Wdr91	-14.019817999999999	-10.56594
Gdpd3	-16.697687	-13.24381
Nrarp	-15.945507999999998	-12.49163
Ksr2	-17.536016	-14.082139000000002
Rnd3	-10.452944	-6.999066
Gins4	-12.625433000000001	-9.171555
Sp1	-11.676745	-8.222866999999999
Rnf217	-12.56512	-9.111241
Pomgnt2	-13.229422	-9.775542999999999
Emp3	-9.460979	-6.0071015
D030028A08Rik	-15.342270999999998	-11.888392
Gm49035	-19.392315	-15.938437
Smoc2	-13.56337	-10.109491
Thap8	-16.118952	-12.665073
Thnsl1	-13.822446	-10.368567
Med18	-14.732657000000001	-11.278779
Tab2	-11.382886	-7.9290080000000005
Slc39a3	-12.752701	-9.298822
5031434C07Rik	-16.9764	-13.522523000000001
Zfp26	-12.992722500000001	-9.538844000000001
Pcdha4	-20.308605	-16.854729000000003
Gm11613	-16.089098	-12.635221000000001
Tnfrsf1a	-11.732389	-8.278511
Pde6d	-11.87708	-8.423202
Pcdhb2	-16.827366	-13.373486999999999
Ktn1	-10.087119	-6.633241
Dennd2a	-14.255342	-10.801463
Trmt9b	-14.523244	-11.0693655
Tanc1	-12.709205	-9.255326
Eif4g1	-10.544007	-7.090129400000001
Krt19	-18.111382	-14.657504000000001
H2-Ab1	-15.496422	-12.042542999999998
Trir	-10.663663	-7.209785000000001
Esr2	-19.209993	-15.756116
Spink4	-18.436804000000002	-14.982926
Gm20712	-13.769743	-10.315864999999999
Gab3	-15.46049	-12.006611999999999
Tmem9	-12.471052	-9.017174
Ly6g5c	-21.001753	-17.547876000000002
Tesk2	-14.670252	-11.216372999999999
Rab27b	-12.155975999999999	-8.702098
Gm17103	-19.903141	-16.449265
Gm47525	-17.475391000000002	-14.021514000000002
Gm28087	-19.903141	-16.449265
Gm20531	-20.308605	-16.854729000000003
Gm41409	-19.055841	-15.601964
Gm3739	-19.903141	-16.449265
Gm13055	-21.001753	-17.547876000000002
Amd2	-15.920349	-12.466471
AY036118	-9.2513	-5.7974224
Pold4	-11.119796000000001	-7.665918
Mst1r	-14.795176999999999	-11.341299000000001
Azin1	-11.5483885	-8.094510000000001
Gm30641	-21.001753	-17.547876000000002
Gnaq	-11.3830185	-7.9291406
Bvht	-15.612681	-12.158803
Il17ra	-15.010289000000002	-11.556411
Stard5	-14.594873000000002	-11.140995
Carhsp1	-12.292784	-8.838905
1700001L05Rik	-15.166943	-11.713064
Gm4841	-19.615458	-16.161580999999998
Gulp1	-11.825901	-8.372023
Adgrl1	-11.521386	-8.067508
Plcb3	-12.294106	-8.840227
Gm10115	-12.708955	-9.255075999999999
1810019D21Rik	-17.151606	-13.697726999999999
Cnbd2	-15.590107000000001	-12.136229
Foxq1	-15.590107000000001	-12.136229
Bach2it1	-18.293703	-14.839826
A130014A01Rik	-14.8836565	-11.429778
Cd300ld	-18.922311999999998	-15.468434
Cpne9	-18.057314	-14.603435999999999
Fam129c	-16.231068	-12.77719
Pdrg1	-11.902345	-8.448466
Actl9	-18.362696	-14.908818
Rpl27a	-8.131013000000001	-4.677135
Ctsh	-10.599644999999999	-7.1457667
Gm12728	-17.567766	-14.113888000000001
D430036J16Rik	-14.470876	-11.016997
Gm16153	-17.536016	-14.082139000000002
Zfp248	-13.878079999999999	-10.424202000000001
Gtpbp3	-13.453725	-9.999846
Nhlrc2	-12.021078	-8.5672
Mettl6	-12.701224	-9.247346
Tekt2	-15.033045999999999	-11.579167
Gm30018	-19.615458	-16.161580999999998
Bglap	-18.229164	-14.775286999999999
Map7d2	-12.145377	-8.691499
Utp4	-13.240434	-9.786555
Gm39383	-19.392315	-15.938437
Trpv1	-21.001753	-17.547876000000002
Mpeg1	-19.209993	-15.756116
Gm49756	-17.782877	-14.3289995
Map3k8	-12.932724	-9.478846
Tbc1d4	-14.769305	-11.315427
Il18bp	-15.781398000000001	-12.327519
Accs	-14.005987	-10.552109
Cby1	-12.152383	-8.698504
Cd27	-16.753258	-13.299379
Gm36210	-19.209993	-15.756116
Hhatl	-19.055841	-15.601964
Kdm7a	-12.316338	-8.862459
9630028H03Rik	-19.209993	-15.756116
Uspl1	-12.608538000000001	-9.154658999999999
Frg2f1	-14.649123999999999	-11.195246000000001
Mutyh	-14.149510000000001	-10.695632000000002
Usp5	-12.255514	-8.801636
Tmod4	-18.516845999999997	-15.062968
Tex33	-21.001753	-17.547876000000002
Acvr2b	-13.578782	-10.124903999999999
A930006L05Rik	-17.069927	-13.616048999999999
Gm49838	-17.08973	-13.635851999999998
Epg5	-13.792413	-10.338534
Aurkb	-17.069927	-13.616048999999999
Selenoi	-13.028597999999999	-9.574719
Dnm2	-11.999545	-8.545667
Tor1aip1	-10.880657000000001	-7.426779300000001
9330102E08Rik	-17.446405	-13.992526999999999
Gm26510	-18.229164	-14.775286999999999
Slc6a20a	-21.001753	-17.547876000000002
Il20ra	-21.001753	-17.547876000000002
Gpld1	-16.437405	-12.983527
Pramef8	-14.030085	-10.576205999999999
2010001K21Rik	-14.400523000000002	-10.946645
Wnt5b	-14.4225025	-10.968624
Gm47232	-17.475391000000002	-14.021514000000002
Trank1	-21.001753	-17.547876000000002
Cds1	-15.158209	-11.70433
Pacrg	-16.406633	-12.952755
Zkscan6	-13.986938	-10.53306
Sync	-11.65435	-8.200472
Tvp23bos	-15.422023999999999	-11.968145
Eci3	-18.516845999999997	-15.062968
Leap2	-21.001753	-17.547876000000002
Ppp1r21	-12.830719	-9.376841
Psmd4	-10.601467999999999	-7.147589999999999
Atp7a	-13.214787	-9.760908
Acot4	-19.055841	-15.601964
Bri3bp	-13.395366000000001	-9.941487
Gm12367	-19.615458	-16.161580999999998
4732487G21Rik	-19.903141	-16.449265
Abcb9	-13.136182000000002	-9.682303
Gm45518	-18.516845999999997	-15.062968
Spink2	-18.293703	-14.839826
4930519K11Rik	-18.229164	-14.775286999999999
Gm15411	-15.71855	-12.264671
Gm45864	-15.739063	-12.285185
Pkp4	-9.901091000000001	-6.4472127
Gm12353	-18.436804000000002	-14.982926
Elof1	-11.318726	-7.8648477
Gm47767	-14.104049	-10.65017
Prps2	-12.296588	-8.84271
March9	-13.828562	-10.374683000000001
Tmem183a	-12.128845	-8.674967
Myl12b	-10.952088999999999	-7.4982114
Tcf12	-11.534061	-8.080183
Deptor	-14.282741	-10.828861999999999
Agpat3	-11.786425999999999	-8.332547
Stau1	-11.898775	-8.444897000000001
Sost	-8.7593	-5.305423
Nacc2	-11.119539999999999	-7.665662299999999
Gm26771	-13.944716	-10.490838
Engase	-14.944969	-11.491091
Trim59	-15.118431	-11.664553
Gm12932	-17.390835	-13.936957000000001
Stard9	-14.465062	-11.011184
Arhgap35	-12.133481	-8.679603
Gm17066	-14.003243	-10.549365
Ahcyl1	-11.000322	-7.5464444
Polr3k	-12.401875	-8.947996
Gga1	-12.458113	-9.004234
Hspb8	-10.983064	-7.529186
Chp2	-18.229164	-14.775286999999999
Otud6b	-11.72338	-8.269502000000001
Abcf3	-12.798997	-9.3451185
Tfrc	-13.768298000000001	-10.31442
Tmem8b	-13.397357000000001	-9.943479
Zfp41	-14.236714000000001	-10.782836
Sox30	-16.386633	-12.9327545
Gm28609	-19.903141	-16.449265
Cndp2	-12.765597	-9.311719
Prpf39	-11.874251	-8.420373
Msx1	-13.32204	-9.868161
Ppip5k1	-12.713219	-9.25934
Olfr718-ps1	-19.055841	-15.601964
Hgs	-12.628893	-9.1750145
Gm48276	-17.705915	-14.252038
Teddm2	-15.640460999999998	-12.186583
Actr3b	-14.210532	-10.756654
Mettl24	-11.9276905	-8.473811999999999
Nelfcd	-12.973298	-9.51942
Gm27042	-18.603857	-15.14998
Plxnb2	-11.690934	-8.237055999999999
Nck1	-11.994142	-8.540263000000001
Ccdc174	-12.08901	-8.635132
Vcl	-9.639151	-6.1852730000000005
Sash3	-19.903141	-16.449265
Tbrg1	-10.585801	-7.131923
Kcnj15	-12.2660675	-8.812189
Srsf7	-10.523367	-7.069489
Vmn1r32	-21.001753	-17.547876000000002
Gm45069	-20.308605	-16.854729000000003
Lama4	-10.677781	-7.223903
Ak9	-19.392315	-15.938437
Svil	-9.965317	-6.511439
Pofut1	-12.717754	-9.263876
Tut4	-11.581395	-8.127517
Ubr3	-11.569871000000001	-8.115993
Ednrb	-16.205963	-12.752085000000001
Gm13523	-15.236562	-11.782683
Gm14085	-21.001753	-17.547876000000002
Ssr3	-10.822188	-7.3683105
Gm47861	-21.001753	-17.547876000000002
Zfp398	-12.637944000000001	-9.184066
Ints3	-12.423653999999999	-8.969775
9930012K11Rik	-16.99442	-13.540542000000002
Clmn	-16.06011	-12.606233
Zfp69	-17.195091	-13.741213
Ipo4	-12.458308	-9.004430000000001
Tmsb10	-9.929708	-6.475829599999999
Tgfbi	-14.33862	-10.884742
Ptchd4	-16.437405	-12.983527
Glyctk	-16.874619	-13.420739999999999
Gm43728	-16.671019	-13.217141
Gm14410	-15.377735999999999	-11.923858000000001
2010001A14Rik	-13.064735	-9.610857000000001
Naip5	-19.903141	-16.449265
Olfr366	-19.392315	-15.938437
Srbd1	-13.184529999999999	-9.730652000000001
Sri	-11.2522335	-7.7983556
Gm15918	-20.308605	-16.854729000000003
Wbp2	-11.263907000000001	-7.8100295
Gm49745	-17.338192000000003	-13.884314000000002
Trpt1	-13.579379999999999	-10.125502000000001
Zfp385b	-13.562781	-10.108903
Sh3gl3	-19.903141	-16.449265
B430218F22Rik	-18.111382	-14.657504000000001
Szt2	-13.901726000000002	-10.447847
2310002D06Rik	-16.103912	-12.650035
Smurf2	-11.481651	-8.027773
Hsbp1l1	-15.472323999999999	-12.018446
Gm43572	-17.634457	-14.180579000000002
Zfp809	-11.671499	-8.217621000000001
Gm50228	-19.903141	-16.449265
Gm13448	-19.055841	-15.601964
Vsir	-16.37678	-12.922902
4930544D05Rik	-20.308605	-16.854729000000003
Cbx4	-12.915958	-9.46208
Zfp59	-14.742172	-11.288294
Dnah10	-19.615458	-16.161580999999998
Rrp9	-12.924617	-9.470738
Adam8	-16.9764	-13.522523000000001
Guk1	-10.848597999999999	-7.394719599999999
Cxcl13	-17.390835	-13.936957000000001
Mrgprf	-13.579379999999999	-10.125502000000001
Slc41a1	-12.873758	-9.419880000000001
Klhl38	-14.905929	-11.45205
Gm17133	-20.308605	-16.854729000000003
Gls2	-16.328924	-12.875046000000001
Mmadhc	-11.5606985	-8.106819999999999
Vipr2	-17.109932	-13.656054500000002
Rab34	-11.328182	-7.8743043
Gng2	-14.874885	-11.421006
Vstm2b	-12.627046	-9.173167
Gm44275	-21.001753	-17.547876000000002
Flrt3	-15.363399	-11.90952
Tulp4	-11.314372	-7.860494
Polr3e	-13.2751	-9.821221000000001
Trim33	-12.011436	-8.557558
Zfp965	-16.595034	-13.141156
Gnas	-8.3838825	-4.930004599999999
Cdh23	-19.615458	-16.161580999999998
Wnk3	-16.283255	-12.829376
Rbm47	-19.615458	-16.161580999999998
Gm36635	-19.903141	-16.449265
Ly96	-13.732137	-10.278258000000001
Nkx2-3	-15.626475	-12.172597
Rsl24d1	-12.090358	-8.636479
Usp47	-11.23506	-7.781182
Rasl12	-10.558853	-7.104975
St3gal2	-11.329694	-7.875816
Hsf2bp	-17.151606	-13.697726999999999
D830030K20Rik	-18.362696	-14.908818
Lamc3	-12.032975	-8.579097
Sult5a1	-16.367023	-12.913146000000001
Mrpl11	-11.795522	-8.341643
Hs3st1	-16.283255	-12.829376
Tax1bp3	-11.201794999999999	-7.7479167
Zfp68	-12.293114	-8.839235
Capn1	-12.7792	-9.325321
Ap1m2	-19.903141	-16.449265
Tcf15	-16.9764	-13.522523000000001
Psg16	-18.293703	-14.839826
Mettl16	-12.295759	-8.841880999999999
Xaf1	-13.876470999999999	-10.422592
4930557J02Rik	-21.001753	-17.547876000000002
Fbxo33	-12.9165745	-9.462696000000001
Epm2aip1	-12.458308	-9.004430000000001
Klhl4	-18.922311999999998	-15.468434
Gm2366	-16.197731	-12.743853999999999
Tmem260	-13.155555	-9.701675999999999
Gata5	-18.436804000000002	-14.982926
Pycr1	-13.494063	-10.040185000000001
Fgd1	-13.13695	-9.683071
A530016L24Rik	-15.414504999999998	-11.960627
Samd13	-17.91071	-14.456832
Wdr3	-13.214787	-9.760908
Tdp1	-13.889426	-10.435547999999999
Ttc21a	-17.567766	-14.113888000000001
Tmem201	-13.893509	-10.4396305
Cd59a	-10.960898	-7.5070205
Prune2	-14.359266	-10.905388
Gm50323	-19.209993	-15.756116
Gm49602	-14.166569	-10.71269
Atp23	-14.047114	-10.593236
Otud4	-12.341499	-8.887621000000001
Ints8	-12.58438	-9.130502
Gm46212	-20.308605	-16.854729000000003
Mpc1	-9.88701	-6.433131700000001
Gm10575	-15.012792000000001	-11.558913
Gm44623	-16.319622	-12.865744
Dtnb	-13.583572	-10.129694
Sdk2	-15.384982	-11.931104
Mrps34	-11.556341	-8.102463
Gm17382	-19.209993	-15.756116
Uqcc1	-12.941214	-9.487335
Ect2l	-14.940296	-11.486417999999999
Islr	-10.412067	-6.9581895000000005
Dennd3	-14.663159	-11.209280999999999
AW209491	-12.8949375	-9.441059
Hmgb3	-13.209404000000001	-9.755526
Psma2	-10.169592	-6.715714
2010320M18Rik	-12.339595	-8.885716
Gm26813	-17.600555	-14.146678
Wwc1	-14.543415	-11.089537
Prkag2os1	-20.308605	-16.854729000000003
Gm4316	-18.603857	-15.14998
5830428M24Rik	-16.767647	-13.313768
Gm26801	-18.436804000000002	-14.982926
Gm26739	-18.436804000000002	-14.982926
Tmem35a	-13.817124	-10.363246
Acsm3	-19.903141	-16.449265
Mapk8	-12.837527	-9.383649
Nup214	-12.359867999999999	-8.90599
Tspan32os	-21.001753	-17.547876000000002
Ifi211	-18.603857	-15.14998
Gm47400	-16.570936	-13.117057999999998
Gm50147	-18.00602	-14.552142000000002
Gm29684	-21.001753	-17.547876000000002
Gm47112	-18.16854	-14.714661999999999
Gm37065	-18.922311999999998	-15.468434
Tada1	-13.323889999999999	-9.870011
Hoxd11	-19.615458	-16.161580999999998
Cacna1e	-18.111382	-14.657504000000001
Oxa1l	-12.579531	-9.125652
1700001J03Rik	-18.516845999999997	-15.062968
Wrnip1	-12.5941515	-9.140272999999999
4930473H19Rik	-21.001753	-17.547876000000002
Ift80	-13.272898000000001	-9.819019
Prss47	-19.392315	-15.938437
Gm11423	-14.400523000000002	-10.946645
Rfx7	-12.725867	-9.271989
Mgll	-10.492257	-7.038378999999999
Tnnc1	-15.708448	-12.25457
Wscd2	-11.895552	-8.441673
Wdr70	-12.376782	-8.922903999999999
Tshz3	-12.639578	-9.185699000000001
Lat2	-17.823698	-14.369821
Fxn	-13.061525	-9.607647
Ppl	-15.984473000000001	-12.530595
Robo1	-15.161112	-11.707233
Gm13709	-19.903141	-16.449265
Vwc2	-11.558477	-8.104599
Ube2q2	-11.832756	-8.378878
Xndc1	-13.541839000000001	-10.08796
Gm17207	-18.362696	-14.908818
Supt5	-11.343910000000001	-7.8900323000000006
Ftl1-ps1	-14.838438	-11.38456
AI837181	-11.938174	-8.484296
Gas7	-14.549705	-11.095825999999999
Atp6v0a1	-12.057203	-8.603325
Sv2a	-13.566904999999998	-10.113027
Ppp1r3b	-12.783505	-9.329627
Tmem203	-12.558422	-9.104544
Gcnt4	-16.189567999999998	-12.73569
Slc31a2	-12.562954	-9.109076
Tmem200a	-19.209993	-15.756116
Adamtsl1	-13.430795000000002	-9.976916000000001
Trmt6	-12.899167	-9.445289
Bcap29	-12.688637	-9.234758
Lurap1	-13.435960000000001	-9.982080999999999
Ankzf1	-13.248559	-9.794681
0610009E02Rik	-15.281442000000002	-11.827563
Gm15473	-16.427042	-12.973164
Fam214b	-12.214075	-8.760197
Gm47210	-17.669548000000002	-14.215670999999999
Zfp961	-14.467964000000002	-11.014086
Gm15350	-20.308605	-16.854729000000003
Wnt4	-15.649896	-12.196017
Zp1	-18.699167000000003	-15.245289999999999
Map4k2	-13.730744	-10.276866
I830077J02Rik	-17.634457	-14.180579000000002
Cdr2	-11.3830185	-7.9291406
Pimreg	-16.619726	-13.165849
Gbp9	-17.446405	-13.992526999999999
Serpina3c	-19.903141	-16.449265
Gm36283	-15.236562	-11.782683
Gm30097	-21.001753	-17.547876000000002
Slc13a4	-19.392315	-15.938437
Cecr2	-18.603857	-15.14998
Best2	-19.392315	-15.938437
Tbcd	-13.393875	-9.939997
Mtmr1	-12.922135	-9.468257000000001
Cnep1r1	-11.85905	-8.405171000000001
4930526L06Rik	-21.001753	-17.547876000000002
Hdgfl2	-12.165089	-8.711210000000001
Mrpl53	-11.255797	-7.8019195
Ppp1r8	-13.179708999999999	-9.725831
Wdsub1	-12.361458	-8.907579
Prpf8	-11.486947	-8.033069
Gm27017	-16.99442	-13.540542000000002
Shfl	-14.844774	-11.390896000000001
Adra1b	-14.400523000000002	-10.946645
Pdxdc1	-11.345766000000001	-7.891888000000001
Kcnj14	-21.001753	-17.547876000000002
Igf1r	-10.687283	-7.2334046
Srpk2	-11.368238999999999	-7.914361500000001
Prcd	-17.782877	-14.3289995
Dolpp1	-13.779917999999999	-10.326039
Mogat2	-17.195091	-13.741213
Ndor1	-13.879693	-10.425815
Noxred1	-17.240553	-13.7866745
Aqr	-12.039489999999999	-8.585611
Phf10	-11.922433	-8.4685545
Zfp981	-18.057314	-14.603435999999999
Trim47	-11.219248	-7.76537
Mast4	-10.750571	-7.2966933
Ilkap	-11.448391	-7.994513
Mkrn2	-12.576017	-9.122139
Nat1	-21.001753	-17.547876000000002
Chpt1	-10.269059	-6.8151813
Slfn8	-16.645044	-13.191166
Pomt2	-13.455307000000001	-10.001429
Ptpn1	-11.8701315	-8.416253
Atp6v1h	-11.880791	-8.426912
Slc15a2	-13.910010999999999	-10.456133
Mrpl12	-11.432061000000001	-7.9781832999999995
Acox1	-12.459087	-9.005208999999999
Rnf208	-19.392315	-15.938437
Vmn1r217	-21.001753	-17.547876000000002
Zfp874b	-13.762538000000001	-10.30866
Ociad2	-14.562403	-11.108524000000001
Trarg1	-19.392315	-15.938437
Gm47547	-15.308022	-11.854142999999999
Srp14	-10.250061	-6.796183
Rai1	-12.885635	-9.431757000000001
Tmem176b	-12.441500999999999	-8.987622
Gm20627	-18.293703	-14.839826
1700010K24Rik	-18.603857	-15.14998
Plekha7	-15.392282000000002	-11.938403
Gm19792	-17.866259	-14.412381
Zfp612	-12.687656	-9.233778
Smyd1	-18.16854	-14.714661999999999
Gpr22	-17.95723	-14.503352
Pcdhb4	-17.109932	-13.656054500000002
Mas1	-19.209993	-15.756116
Rnf223	-17.95723	-14.503352
Gm36033	-16.038908	-12.585030999999999
Ddx46	-11.299281	-7.845403
Gal3st2b	-17.536016	-14.082139000000002
Zfp7	-14.971067999999999	-11.51719
Atp2c1	-12.269449	-8.815571
Olfr482	-17.743656	-14.289779000000001
Calm3	-10.607663	-7.153785000000001
Edem3	-12.328583	-8.874704
Itpkc	-14.211656	-10.757777
Nhs	-12.868753	-9.414875
Gtf2i	-11.159769	-7.705891
Vil1	-19.392315	-15.938437
Gm13380	-19.209993	-15.756116
Hmcn1	-17.634457	-14.180579000000002
Gm35110	-17.505245000000002	-14.051368
Adamts19	-21.001753	-17.547876000000002
5330426L24Rik	-21.001753	-17.547876000000002
Bbs12	-14.769305	-11.315427
Ddx54	-11.986819	-8.532941000000001
Zfp110	-13.006783500000001	-9.552905
Ipo8	-12.388703999999999	-8.934826
Trpm6	-21.001753	-17.547876000000002
Nras	-12.518738	-9.064859
Saraf	-10.685527	-7.231649000000001
Tra2b	-10.619612	-7.165734
Gnrh1	-16.725085999999997	-13.271208999999999
C330013E15Rik	-14.377688000000001	-10.923810000000001
Gm12737	-19.903141	-16.449265
Spns1	-12.267998	-8.814119
Timm13	-10.477260000000001	-7.0233817
Irf2bpl	-11.63236	-8.178482
Ecm1	-9.586749000000001	-6.1328716
Gm15867	-13.571045999999999	-10.117167
B230208H11Rik	-15.939157999999999	-12.48528
Rslcan18	-16.671019	-13.217141
Nckap1l	-18.516845999999997	-15.062968
Spink13	-21.001753	-17.547876000000002
Npdc1	-10.562855	-7.108977
Lrpap1	-10.629481	-7.1756034
Hbegf	-10.615901	-7.162023
Sgo1	-16.310406	-12.856527
Iars	-12.554125	-9.100246
Parp6	-13.382029999999999	-9.928151
Alkbh1	-13.128535999999999	-9.674658
Vps33a	-13.679904	-10.226026
4930432B10Rik	-16.214261999999998	-12.760384
Cpsf3	-12.624972	-9.171094
Haus8	-11.604436	-8.1505575
Syt5	-18.229164	-14.775286999999999
C030005K06Rik	-16.437405	-12.983527
Prdm6	-11.28725	-7.8333716
Sardh	-13.118684	-9.664805
Trib1	-12.790542	-9.336663
Cabin1	-12.0384655	-8.584586999999999
Gls	-11.033696	-7.5798182
Nipsnap3b	-13.198726999999998	-9.744848
Ano6	-11.090843	-7.636965299999999
Arl5c	-15.612681	-12.158803
Wnk2	-16.265554	-12.811676
Fbxo36	-14.024472	-10.570594
Tnfsf13b	-16.890879	-13.437001
Vwa7	-19.209993	-15.756116
Pcgf3	-12.266871	-8.812992999999999
Gm13710	-17.240553	-13.7866745
Lncpint	-13.040383	-9.586505
Arhgef1	-11.742813	-8.288935
Sox6	-12.78135	-9.327472
Lipt2	-13.776998999999998	-10.323121
Rassf1	-11.980276	-8.526398
Ccdc51	-14.275520000000002	-10.821642
Sdhaf3	-13.176908	-9.723028999999999
Gm4070	-19.903141	-16.449265
Dgkz	-12.792989	-9.33911
Mecomos	-16.01132	-12.557443
Lnx1	-13.311467000000002	-9.857589
Zfp202	-15.635777	-12.181899000000001
Tctex1d4	-16.9764	-13.522523000000001
Gmeb1	-13.254588	-9.80071
Cpt1c	-13.188566	-9.734688
Gm44710	-15.4763	-12.022422
Fdx1	-11.2485075	-7.7946296
Creld1	-11.888254	-8.434376
D930016D06Rik	-13.440632	-9.986753
Zcchc3	-13.374208	-9.92033
Lman2l	-12.711210000000001	-9.257332
Fpgs	-13.7066965	-10.252818
Gm33474	-21.001753	-17.547876000000002
Osgin1	-15.096392000000002	-11.642513000000001
C030006K11Rik	-12.894636	-9.440758
Sumo3	-11.4829	-8.029021
Slc37a1	-14.585021	-11.131143
Mettl7a3	-18.516845999999997	-15.062968
Golph3l	-12.723071000000001	-9.269193
Tmem132c	-18.922311999999998	-15.468434
Cox18	-12.95105	-9.497171
Gja1	-11.139921000000001	-7.686043300000001
Rasa4	-13.776272	-10.322393
Mcm10	-17.567766	-14.113888000000001
Cacng7	-13.508992999999998	-10.055114999999999
Gm17344	-16.84287	-13.388992000000002
Ccr8	-19.392315	-15.938437
Prpsap2	-13.235760999999998	-9.781882000000001
Snhg10	-14.621630999999999	-11.167752
6720427I07Rik	-13.698584	-10.244705
Wdr49	-19.903141	-16.449265
Abcg2	-13.7497	-10.295821
Gm12100	-18.516845999999997	-15.062968
Cdc14b	-13.088598	-9.63472
Akap6	-11.469837	-8.015959
D6Ertd527e	-17.536016	-14.082139000000002
Washc4	-12.187422999999999	-8.733544
Gm9833	-16.386633	-12.9327545
Nr5a2	-19.615458	-16.161580999999998
Ercc3	-12.7984495	-9.344571
Pex26	-13.618385	-10.164507
Gm48682	-18.229164	-14.775286999999999
Ccdc65	-15.865955	-12.412077
Ptma	-8.337711	-4.883833999999999
Grpel1	-11.027901	-7.5740229999999995
Adam30	-15.500495	-12.046617
Gtf2b	-11.835992	-8.382113
Cyth1	-13.333658999999999	-9.879781
Gm12333	-21.001753	-17.547876000000002
Rnaseh2c	-10.906406	-7.4525285000000006
2510039O18Rik	-12.410752	-8.956874000000001
Nsg1	-13.926789999999999	-10.472911999999999
Dph7	-13.584774	-10.130896
Col9a3	-17.312874	-13.858995000000002
Gm15104	-19.903141	-16.449265
Myh6	-17.743656	-14.289779000000001
Eloa	-12.059685	-8.605806
Man1a	-14.328454999999998	-10.874577
Mras	-12.31212	-8.858242
Gnl1	-12.117004	-8.663126
B230322F03Rik	-15.516956	-12.063077999999999
Pou3f1	-13.134265	-9.680387
Nhsl2	-12.234892	-8.7810135
B530045E10Rik	-20.308605	-16.854729000000003
Map1a	-10.503035	-7.049156699999999
1700003G18Rik	-18.804527	-15.35065
Gm12022	-17.866259	-14.412381
Gm21691	-16.25682	-12.802942999999999
Nudt10	-14.937968	-11.48409
Shcbp1l	-18.603857	-15.14998
Sirpa	-14.261234	-10.807356
Esam	-12.543037	-9.089159
Foxg1	-19.055841	-15.601964
Pkdrej	-18.00602	-14.552142000000002
Gm15743	-17.823698	-14.369821
Tulp1	-13.718992000000002	-10.265114
Arhgap22	-17.288180999999998	-13.834303
Cyp2d9	-19.209993	-15.756116
Sypl	-10.737833	-7.283955000000001
Cacna1h	-16.328924	-12.875046000000001
Gm9947	-19.903141	-16.449265
Egr4	-18.922311999999998	-15.468434
Olfr286	-21.001753	-17.547876000000002
L3mbtl3	-13.170136	-9.716258
Olfr173	-18.922311999999998	-15.468434
Tmcc3	-11.444708	-7.99083
2810030D12Rik	-17.91071	-14.456832
Tex15	-17.195091	-13.741213
Acot2	-13.790196	-10.336317999999999
Hal	-19.903141	-16.449265
Zfp655	-12.487164	-9.033285000000001
Ddx50	-10.799496000000001	-7.345617999999999
Svip	-12.650143	-9.196264
Macc1	-17.669548000000002	-14.215670999999999
Gpc5	-21.001753	-17.547876000000002
BC005624	-11.372308	-7.91843
Lztr1	-12.186233999999999	-8.732356
Aldh2	-9.509408	-6.05553
2810006K23Rik	-12.951369	-9.497491
Tmed10	-10.109542999999999	-6.655664999999999
Hspa1a	-9.438486	-5.9846087
Tbc1d14	-13.547611999999999	-10.093734
Wdhd1	-15.744257999999999	-12.29038
Nckap5l	-13.953367000000002	-10.499489
Copb2	-10.74923	-7.295352499999999
D6Wsu163e	-13.305995000000001	-9.852117
Tmprss6	-19.055841	-15.601964
Heg1	-12.696269000000001	-9.242391
Diablo	-12.119223	-8.665344000000001
Osbp	-11.615445	-8.161567
Slc12a5	-21.001753	-17.547876000000002
4930452A19Rik	-21.001753	-17.547876000000002
AC166172.1	-14.586657	-11.132778
Ccdc115	-12.434628	-8.980749000000001
Tsx	-17.782877	-14.3289995
Oscar	-18.362696	-14.908818
Kazald1	-11.835052000000001	-8.381173
Gm27209	-18.804527	-15.35065
Serpinb7	-21.001753	-17.547876000000002
Gm32633	-18.804527	-15.35065
Gm2379	-21.001753	-17.547876000000002
2610028H24Rik	-17.418233999999998	-13.964356
Fgf13	-12.635848	-9.18197
Rangrf	-12.519566000000001	-9.065686999999999
Chrdl1	-13.552837	-10.098958999999999
Spsb1	-11.633213	-8.179335
Coq3	-13.614044	-10.160166
Thy1	-16.141941	-12.688063
Rhot2	-13.307816	-9.853937
Smco2	-21.001753	-17.547876000000002
Mfsd9	-16.328924	-12.875046000000001
Tbc1d15	-11.821357	-8.367478
Gm43773	-16.99442	-13.540542000000002
Cap1	-10.614636	-7.160758500000001
Rit1	-11.610843	-8.156964
1700066J03Rik	-19.615458	-16.161580999999998
Cwc15	-10.730744999999999	-7.2768673999999995
B930036N10Rik	-14.560807	-11.106929
Opn1sw	-17.669548000000002	-14.215670999999999
Hpn	-18.603857	-15.14998
Rnf17	-19.209993	-15.756116
Ecrg4	-13.673316	-10.219438
Apol8	-15.563673999999999	-12.109796000000001
Bag6	-11.580099	-8.126221000000001
Pcsk7	-12.848691	-9.394813000000001
Gm37768	-16.797060000000002	-13.343182999999998
Was	-19.055841	-15.601964
Gmppb	-12.47362	-9.019741999999999
1500002F19Rik	-15.631115	-12.177237
Nrtn	-10.918949000000001	-7.465071000000001
Itpripl2	-11.335825	-7.881947
Amd1	-12.139411	-8.685533
Rrad	-10.160664	-6.7067857
Gm29863	-21.001753	-17.547876000000002
Lrrc59	-11.8478775	-8.393999
Sort1	-11.828699	-8.374821
Med12l	-14.204929000000002	-10.751051
Smad1	-11.726842999999999	-8.2729645
Rpusd4	-13.469129999999998	-10.015251
Nrcam	-18.922311999999998	-15.468434
Kmt2e	-10.373886	-6.920008
Uxs1	-12.863773	-9.409895
2410006H16Rik	-11.387349	-7.933471000000001
9430037G07Rik	-15.321581	-11.8677025
Parp2	-12.469869000000001	-9.015989999999999
Il17rb	-17.782877	-14.3289995
Vtcn1	-14.501966	-11.048088
Cped1	-9.182623	-5.7287455000000005
Ppil4	-11.524214	-8.070335
Trdn	-18.922311999999998	-15.468434
Cep112os1	-18.229164	-14.775286999999999
Trub1	-13.26022	-9.806341
Gpr89	-12.6293545	-9.175476
Lix1	-15.311394	-11.857515
Map4k4	-11.258493	-7.8046155
C230066G23Rik	-17.217564000000003	-13.763685
Psmb5	-10.1975155	-6.743637599999999
Rspo2	-19.392315	-15.938437
Mical2	-10.381402	-6.927524000000001
Atrn	-12.422149000000001	-8.96827
Gm10401	-17.109932	-13.656054500000002
Pld2	-13.245985999999998	-9.792108
Lmbr1l	-14.037618	-10.583739
Pcbp2	-9.989819	-6.535940599999999
Nkapd1	-12.370339	-8.916461
Tmem196	-15.508692000000002	-12.054813000000001
9130604C24Rik	-16.292223	-12.838345
Plekhg2	-12.129126	-8.675247
C630043F03Rik	-14.713895	-11.260016
Acat2	-13.212298	-9.75842
Gstcd	-14.677394	-11.2235155
Ndufb9	-9.497444	-6.0435667
Cd38	-19.615458	-16.161580999999998
Snap47	-12.735332000000001	-9.281452999999999
Fbxo21	-12.892228	-9.43835
Gm49027	-18.436804000000002	-14.982926
Fam25c	-14.656116500000001	-11.202238000000001
Ttc39b	-11.976899000000001	-8.523021
Pak1	-14.686395999999998	-11.232517
Gm13713	-19.209993	-15.756116
Cxcr6	-19.055841	-15.601964
Napa	-11.337666	-7.883787599999999
Smndc1	-11.513175	-8.059297
Zc3h12c	-13.209817000000001	-9.755939
Map2k1	-12.251387	-8.797508
Prdx4	-10.0962925	-6.6424145999999995
Myef2	-12.480767	-9.026889
Gal3st2	-18.516845999999997	-15.062968
C230034O21Rik	-17.418233999999998	-13.964356
Ifitm5	-17.08973	-13.635851999999998
BC043934	-14.849020999999999	-11.395143
Atpaf1	-12.955204	-9.501325999999999
1700040L08Rik	-18.922311999999998	-15.468434
Armc7	-14.971067999999999	-11.51719
Syngr2	-11.415789	-7.961910700000001
Rps8	-7.648368400000001	-4.194491
Kbtbd7	-13.529820999999998	-10.075942999999999
Mcm8	-15.082859	-11.628981
Lzts3	-14.17196	-10.718081
Cycs	-10.950363000000001	-7.496485000000001
Cd74	-15.099120000000001	-11.645242
Cetn2	-11.242482	-7.7886043
Atp6v1g2	-15.770645000000002	-12.316767
Gm15601	-17.95723	-14.503352
Bet1	-12.045015	-8.591137
Gm26645	-16.874619	-13.420739999999999
Dmap1	-12.909513	-9.455635000000001
Wdr81	-14.132739	-10.678861
Xpo6	-12.579091	-9.125213
Gprasp1	-12.0418	-8.587921000000001
Lrp11	-16.205963	-12.752085000000001
Zfp449	-13.0860405	-9.632162
Gm31615	-19.392315	-15.938437
Zc3h12b	-13.01355	-9.559671
Gid4	-11.355806	-7.9019284
Kif21a	-14.92182	-11.467941
Dhrs11	-14.470876	-11.016997
Gpc6	-11.109225	-7.6553473
C530008M17Rik	-14.559213	-11.105334
Zfp442	-14.027273999999998	-10.573396
Chil1	-16.812098000000002	-13.358220000000001
Gm44649	-19.392315	-15.938437
Agtpbp1	-11.698195	-8.244317
Npepps	-11.4808445	-8.026966
Cgas	-15.294642999999999	-11.840765
Adra1a	-14.618247	-11.164369
H2-D1	-10.43927	-6.985392
Elmod1	-19.615458	-16.161580999999998
Gm44752	-17.069927	-13.616048999999999
P4htm	-12.736875999999999	-9.282997
Meox1	-17.390835	-13.936957000000001
Pam16	-11.380628999999999	-7.9267506999999995
Acsbg1	-19.055841	-15.601964
Gm49794	-21.001753	-17.547876000000002
Abi1	-11.49852	-8.0446415
Kit	-12.716744	-9.262866
Eef2	-9.187406	-5.7335277
Mrpl13	-11.253809	-7.799931
Gramd1b	-16.319622	-12.865744
Qdpr	-12.003864	-8.549986
Cxcl2	-15.321581	-11.8677025
Pnma2	-20.308605	-16.854729000000003
Surf1	-11.678888	-8.225010000000001
Ddx56	-12.767719	-9.313841
Gm44691	-21.001753	-17.547876000000002
Nt5m	-13.195870999999999	-9.741992999999999
Epn1	-12.149374	-8.695496
Foxd3	-19.615458	-16.161580999999998
Cntnap5b	-19.209993	-15.756116
Cdh15	-19.209993	-15.756116
1700049E15Rik	-16.645044	-13.191166
Nppa	-19.615458	-16.161580999999998
Cldn4	-21.001753	-17.547876000000002
Prss57	-15.035606	-11.581728
Slc7a2	-12.254560000000001	-8.800682
Ccdc82	-11.51068	-8.056802000000001
Fgf9	-18.516845999999997	-15.062968
Ccar2	-13.947304	-10.493425
Ropn1l	-15.733895	-12.280016999999999
Fech	-12.324996	-8.871118
Pbx3	-13.103714	-9.649836
Zfp407	-13.240860000000001	-9.786982
Xlr3a	-16.958702	-13.504824
Isg15	-13.965604999999998	-10.511726
Gm45591	-17.600555	-14.146678
Nlgn2	-13.668076500000002	-10.214198
Higd2a	-10.908596000000001	-7.454718
Mterf3	-12.348283	-8.894404
Miip	-13.554001999999999	-10.100123
Zfp874a	-13.968245999999999	-10.514368
E330032C10Rik	-17.536016	-14.082139000000002
Slc38a3	-15.5507145	-12.096836
Ddx4	-20.308605	-16.854729000000003
Serpinb1c	-19.055841	-15.601964
Gm26760	-15.860089000000002	-12.406211
1110013H19Rik	-15.733895	-12.280016999999999
Acsl1	-11.212779	-7.758901
Nos3	-16.025019	-12.571141
4833411C07Rik	-21.001753	-17.547876000000002
Gm41724	-14.330987	-10.877108999999999
Rps6ka3	-12.045274000000001	-8.591395
Irf6	-20.308605	-16.854729000000003
Utp18	-12.386889	-8.933011
Adamts4	-16.01132	-12.557443
Htra4	-14.408709	-10.954830000000001
Gm16576	-14.244821	-10.790942
Trim63	-17.823698	-14.369821
Nufip1	-13.007795	-9.553917
Idh3g	-11.341292999999999	-7.887415400000001
Commd5	-15.786817999999998	-12.332939
Hamp	-18.057314	-14.603435999999999
Chtop	-11.504731	-8.050853
Slc9b2	-14.275520000000002	-10.821642
Olfr279	-18.922311999999998	-15.468434
Msx2	-15.26196	-11.808082
Arhgdig	-16.632305	-13.178427
Map4k1	-18.00602	-14.552142000000002
Gm44066	-17.264084	-13.810204999999998
Gm47093	-18.436804000000002	-14.982926
Spata1	-14.643911	-11.190033
Gm28875	-14.130662	-10.676784
Ppp2r3c	-12.787559	-9.333680000000001
Gm14091	-21.001753	-17.547876000000002
1500009L16Rik	-12.081899	-8.62802
Myo1c	-10.464869	-7.0109906
Slc13a5	-19.392315	-15.938437
Ccdc9b	-11.812432000000001	-8.358554
Plp1	-14.633566	-11.1796875
Gm2174	-20.308605	-16.854729000000003
Harbi1	-14.166569	-10.71269
Asah1	-11.264557	-7.8106789999999995
Lrrc38	-17.173111	-13.7192335
Gm35439	-18.229164	-14.775286999999999
Ptprj	-12.676205	-9.222325999999999
Ptgfr	-16.907408	-13.453529999999999
Dnase2b	-20.308605	-16.854729000000003
Gm9922	-15.713486999999999	-12.259608
Dele1	-12.613986	-9.160108000000001
Gm47950	-16.874619	-13.420739999999999
Gm47123	-15.631115	-12.177237
Gm26822	-17.743656	-14.289779000000001
Gm3164	-20.308605	-16.854729000000003
Rcc1l	-13.225219000000001	-9.771339999999999
Gm2115	-19.209993	-15.756116
Ftl1	-9.731447	-6.2775693
Gm20109	-16.739073	-13.285195000000002
Tmeff1	-16.089098	-12.635221000000001
Hnrnpab	-10.412471	-6.958593
Kdm6bos	-17.418233999999998	-13.964356
OR5BS1P	-20.308605	-16.854729000000003
Hist1h4a	-15.005301000000001	-11.551423
Tnks	-12.084711	-8.630833
Gm26684	-16.292223	-12.838345
Glo1	-11.01535	-7.5614724
Derl3	-16.827366	-13.373486999999999
Dbil5	-17.536016	-14.082139000000002
Rtn3	-10.676107	-7.2222295
Zfr	-10.65589	-7.2020125
Tcf4	-11.108165	-7.654286999999999
Cul4a	-12.020197	-8.5663185
Zdhhc12	-13.047381	-9.593503
Ephx1	-11.057412	-7.603534
Pgls	-10.625111	-7.171232700000001
Pttg1ip	-10.748032	-7.2941537
Gne	-12.119779	-8.6659
Fbxl17	-12.741519	-9.287641
Gm9750	-18.804527	-15.35065
Dnah3	-20.308605	-16.854729000000003
H2-DMa	-15.688547	-12.234669
Zc4h2	-14.117267000000002	-10.663388000000001
Lman1	-11.114345	-7.6604667
Banp	-12.705456	-9.251577000000001
2200002D01Rik	-11.228089	-7.7742114
Slc25a33	-12.913806	-9.459928
AC159140.1	-18.516845999999997	-15.062968
Gm42702	-15.559335999999998	-12.105457000000001
Cebpa	-16.292223	-12.838345
Qtrt1	-13.910844	-10.456965
Car11	-12.50191	-9.048032000000001
Rufy3	-13.207754000000001	-9.753876
Rtca	-12.6017685	-9.14789
Gm48933	-15.576803	-12.122925
Trim46	-13.988737	-10.534858999999999
Haus1	-12.888626	-9.434747999999999
Msh5	-16.607304	-13.153426000000001
Dennd2c	-15.781398000000001	-12.327519
Prkag3	-17.151606	-13.697726999999999
Dhfr	-13.924254999999999	-10.470377000000001
Kcnv2	-19.055841	-15.601964
Pak1ip1	-11.419367	-7.965489
Lin9	-14.135862	-10.681984
4930571N24Rik	-18.699167000000003	-15.245289999999999
Capn2	-10.646044999999999	-7.1921669999999995
Gm29542	-17.217564000000003	-13.763685
Gp1ba	-20.308605	-16.854729000000003
Gm26749	-16.907408	-13.453529999999999
Ppfibp2	-13.174911499999999	-9.721033
Gm28187	-17.364166	-13.910289
Hmg20a	-12.350903500000001	-8.897025
Olfr1369-ps1	-17.567766	-14.113888000000001
Trim34a	-14.354065	-10.900186999999999
Ltbp4	-9.501872	-6.0479946
Abcd4	-13.050899000000001	-9.59702
Capn15	-13.029977	-9.576098
Gm43062	-17.240553	-13.7866745
Wrap73	-13.322501999999998	-9.868624
Grsf1	-12.204507000000001	-8.750628
Ddx39	-13.29514	-9.841262
Ipp	-13.940419	-10.486541
Ushbp1	-17.195091	-13.741213
1500004A13Rik	-12.969069000000001	-9.515189999999999
Nploc4	-12.848403999999999	-9.394525999999999
Ap1s2	-12.040644	-8.586765
Gale	-14.473795999999998	-11.0199175
Vmn1r43	-19.615458	-16.161580999999998
Gm45081	-19.055841	-15.601964
Cntnap2	-15.951898000000002	-12.498019000000001
Nsun6	-13.198726999999998	-9.744848
Jsrp1	-19.392315	-15.938437
Adgrd1	-15.045916	-11.592037
Cplx1	-19.903141	-16.449265
Prmt2	-12.583938999999999	-9.13006
Gm50399	-17.173111	-13.7192335
Fam57b	-17.95723	-14.503352
Gm16222	-18.804527	-15.35065
Ccdc159	-15.645167	-12.191289
Erp44	-11.441249000000001	-7.987371
3110021N24Rik	-15.14955	-11.695672
Foxj1	-16.632305	-13.178427
Cd55	-15.158209	-11.70433
4932702P03Rik	-17.95723	-14.503352
Polr1c	-12.255673	-8.801795
Peg13	-12.046563	-8.592685000000001
Plcl1	-12.26414	-8.810262
Unc93b1	-14.254167	-10.800288
0610012G03Rik	-11.267987	-7.814109299999999
H2afx	-12.620838000000001	-9.166960000000001
Lhfpl5	-20.308605	-16.854729000000003
Haus2	-13.325744	-9.871865
Pnpla1	-21.001753	-17.547876000000002
Zfp788	-13.246843	-9.792964999999999
Pno1	-12.525591	-9.0717125
Cfap298	-12.403349	-8.9494705
Gm16214	-19.615458	-16.161580999999998
Eif3h	-9.926326	-6.472448
Kif1c	-10.854849	-7.400971000000001
Ccdc88c	-13.0860405	-9.632162
Gpr88	-19.392315	-15.938437
Sc5d	-12.639578	-9.185699000000001
Myoz2	-11.733899000000001	-8.280021000000001
Slc2a3	-15.166943	-11.713064
Elovl1	-11.632872	-8.178993
Gm17112	-21.001753	-17.547876000000002
Gm37855	-17.634457	-14.180579000000002
Gm16157	-19.055841	-15.601964
Tmem30b	-16.22263	-12.768751
Gm16499	-18.699167000000003	-15.245289999999999
P2rx7	-14.928709	-11.474831
Ncam1	-9.172179	-5.7183013
Ppm1g	-11.815705	-8.361827
Slc26a10	-18.111382	-14.657504000000001
Chrm3	-19.615458	-16.161580999999998
Ttc25	-17.069927	-13.616048999999999
Cybb	-17.446405	-13.992526999999999
Gm16958	-18.804527	-15.35065
Zfand6	-11.16842	-7.714542
Otud3	-14.116242999999999	-10.662365
Hectd3	-13.074428999999999	-9.62055
Cd4	-19.392315	-15.938437
Shld2	-13.691872	-10.237993
Fam178b	-14.749849	-11.295971
Pip4k2a	-12.167853	-8.713975
B4galnt3	-16.089098	-12.635221000000001
Thap11	-12.353005	-8.899127
Atp5h	-9.214808	-5.760930999999999
Gm31881	-16.22263	-12.768751
Dbndd2	-10.594616	-7.140738000000001
Rest	-11.70551	-8.251632
C1galt1	-11.630997	-8.177118
Gbp2	-13.266757	-9.812878999999999
Slc28a1	-19.903141	-16.449265
Fam184a	-17.338192000000003	-13.884314000000002
Pnoc	-18.362696	-14.908818
Fkbp5	-12.729693	-9.275815
Arf5	-10.708964	-7.2550864
Folh1	-16.231068	-12.77719
Myom1	-9.528192500000001	-6.074314599999999
4930478P22Rik	-21.001753	-17.547876000000002
Adipoq	-21.001753	-17.547876000000002
Gm49893	-19.615458	-16.161580999999998
AC125149.2	-19.392315	-15.938437
Ciao1	-12.136441	-8.682563
Chrnb2	-17.823698	-14.369821
Ly75	-12.910126	-9.456247
Gm6288	-17.705915	-14.252038
Naglu	-12.4688835	-9.015005
Vcp	-10.03914	-6.585261999999999
Orc6	-12.536064	-9.082186
Bbs4	-13.008133	-9.554255
Glrx5	-11.441178	-7.9873004000000005
Tpp2	-11.963388	-8.50951
Anxa8	-16.767647	-13.313768
Dus2	-13.539538	-10.08566
Smarca5	-10.331334	-6.877456
Pde12	-13.177307	-9.723429
Lmbrd2	-12.455001	-9.001122
1110020A21Rik	-14.312154000000001	-10.858275
Duoxa1	-19.615458	-16.161580999999998
Gm11973	-17.01277	-13.558891000000001
Cttnbp2	-13.946441	-10.492562
Dapk1	-13.874863000000001	-10.420983999999999
Olfr212	-17.050507999999997	-13.596631
4930474H06Rik	-19.055841	-15.601964
Col6a3	-10.258661	-6.8047832999999995
Pcdhb15	-16.328924	-12.875046000000001
Fam227a	-15.512815	-12.058937
Gclm	-11.404927	-7.9510493
Gm26737	-16.189567999999998	-12.73569
Gm36266	-16.283255	-12.829376
Acss3	-16.052994	-12.599115
Pnpla6	-13.588385999999998	-10.134507000000001
Gm14393	-17.364166	-13.910289
Taf6l	-14.229817	-10.775939
Add3	-12.959054	-9.505175999999999
Mtx1	-12.083639	-8.629761
Lrrc75a	-12.923685	-9.469807000000001
Scyl2	-13.1536	-9.699721
Rasgrp4	-18.804527	-15.35065
Ccser1	-18.603857	-15.14998
Clptm1	-11.859585000000001	-8.405706
Grap	-14.453534	-10.999656
Celf2	-10.269627	-6.815748700000001
B3gnt5	-13.920045000000002	-10.4661665
Gm26576	-19.903141	-16.449265
Lrif1	-12.480767	-9.026889
Kcna5	-14.825885999999999	-11.372007
Depdc1b	-18.00602	-14.552142000000002
Syt7	-18.229164	-14.775286999999999
4930589L23Rik	-16.469151999999998	-13.015275
Klf10	-13.18011	-9.726232000000001
Elf2	-11.149402	-7.695523700000001
Aph1b	-13.034473	-9.580594999999999
Dtx3	-11.56883	-8.114951
Med10	-11.953225999999999	-8.499348
Mtf1	-12.716493	-9.262614
Tgfbr3	-11.761369	-8.30749
Kdelr2	-11.035713000000001	-7.581835300000001
Gm48286	-17.338192000000003	-13.884314000000002
Fhl5	-17.505245000000002	-14.051368
C2cd4c	-19.392315	-15.938437
Tex13b	-18.699167000000003	-15.245289999999999
Prickle1	-13.646111999999999	-10.192234
Pin1	-11.095369999999999	-7.6414924
Klf9	-9.506644999999999	-6.0527678
Dnlz	-11.405063	-7.951184700000001
Zfp780b	-13.120949	-9.667069999999999
Gdap2	-13.197094	-9.743216
Zfp420	-14.103039	-10.64916
Slc37a3	-12.97591	-9.522032000000001
Timm8a2	-18.699167000000003	-15.245289999999999
Sept5	-13.472347000000001	-10.018469
Nr1h2	-11.454941	-8.001062
Gm32051	-21.001753	-17.547876000000002
Ap2a1	-11.589697	-8.1358185
Rps5	-8.185258000000001	-4.731380000000001
Atp13a1	-12.951369	-9.497491
Micall2	-14.809391	-11.355513
Gm11379	-17.669548000000002	-14.215670999999999
Maml3	-13.912510000000001	-10.458631500000001
Arl3	-10.878086999999999	-7.424208999999999
Iqce	-13.991442000000001	-10.537563
Slco1c1	-15.958328	-12.50445
Rerg	-19.055841	-15.601964
Kantr	-13.237457000000001	-9.783579
Khdc1c	-21.001753	-17.547876000000002
Lrrc40	-13.566316	-10.112437
Gm13562	-17.866259	-14.412381
Eva1b	-10.2270355	-6.7731576
Thsd7b	-16.907408	-13.453529999999999
Zfp629	-13.737023	-10.283145
Rtf2	-11.571957000000001	-8.118078
Clstn1	-10.81625	-7.362372
Kcnk7	-17.95723	-14.503352
Cdh8	-21.001753	-17.547876000000002
Lrrfip1	-9.299969	-5.8460913
Gm31107	-21.001753	-17.547876000000002
Armcx4	-12.9018955	-9.448017
Dok7	-15.654646	-12.2007675
Etfb	-10.76677	-7.3128924
Dohh	-11.605514999999999	-8.151636
Praf2	-12.122003	-8.668124
Ep400	-11.927233	-8.473353999999999
Rps15	-8.639963999999999	-5.186086
Csnk1g2	-11.232769000000001	-7.778891000000001
E430018J23Rik	-14.003243	-10.549365
Atxn1	-11.348267	-7.8943887
Taf12	-12.203600999999999	-8.7497225
Iqub	-16.858618	-13.404739999999999
Psme3	-12.790271	-9.336392
Pgrmc1	-10.53369	-7.0798125
Exosc4	-11.935861000000001	-8.481982
Wdr72	-17.240553	-13.7866745
Ccdc57	-15.308022	-11.854142999999999
Synpr	-18.804527	-15.35065
Hapln4	-18.057314	-14.603435999999999
Ttc23	-12.935546	-9.4816675
Prkd1	-13.302364	-9.848486
Chmp2a	-10.281376	-6.827497999999999
Lrmda	-16.134218	-12.680341
Hdac10	-14.310910999999999	-10.857033
Fbxl3	-11.743671	-8.289793
Ccdc85a	-13.697237	-10.243359
1110032F04Rik	-20.308605	-16.854729000000003
Gm16083	-19.055841	-15.601964
Arsa	-13.130060999999998	-9.676183
Eloc	-10.656822	-7.2029442999999995
Ccl28	-17.634457	-14.180579000000002
Nenf	-9.370547	-5.9166694
Arl6ip6	-12.641916	-9.188038
Psph	-13.401351000000002	-9.947473
Tmem191c	-13.792413	-10.338534
Abcc5	-12.186086999999999	-8.732208
Thsd7a	-15.352779	-11.898900999999999
Cd6	-17.743656	-14.289779000000001
Icosl	-17.669548000000002	-14.215670999999999
Gm14471	-19.392315	-15.938437
Per1	-12.272841	-8.818963
Gm37335	-21.001753	-17.547876000000002
Pkd1l3	-19.615458	-16.161580999999998
Mfsd7a	-14.2973385	-10.84346
1700034J05Rik	-20.308605	-16.854729000000003
Snx27	-12.511725	-9.057847
Foxm1	-16.347792000000002	-12.893914
4631405J19Rik	-12.998389999999999	-9.544512
Acot6	-14.827967999999998	-11.374089
Tbpl1	-12.510083	-9.056205
Gm48293	-19.615458	-16.161580999999998
Ttll1	-13.020703	-9.566825
Psmg4	-11.731636	-8.277758
Raet1d	-20.308605	-16.854729000000003
Bcorl1	-12.666561999999999	-9.212684
Card14	-21.001753	-17.547876000000002
Gm15228	-17.669548000000002	-14.215670999999999
Ccdc113	-19.055841	-15.601964
2810408I11Rik	-15.356306	-11.902428
Mansc4	-18.699167000000003	-15.245289999999999
Spry3	-19.903141	-16.449265
2810402E24Rik	-13.681227	-10.227348
Tbc1d22a	-14.268351999999998	-10.814473
Sdhaf1	-12.370161	-8.916283
Olfr655	-15.374132000000001	-11.920254
Gbp6	-16.396584	-12.942705
Carmil2	-18.603857	-15.14998
Gm15013	-15.4410715	-11.987193
Ninl	-14.432272	-10.978394
Zwilch	-15.926579	-12.472700999999999
Card19	-11.109983999999999	-7.6561065
Gm17597	-18.111382	-14.657504000000001
Gm12404	-18.699167000000003	-15.245289999999999
Gsk3b	-10.490213	-7.0363355
Trio	-11.063671000000001	-7.609792999999999
Arsb	-13.000063	-9.546185000000001
Gm49334	-14.844774	-11.390896000000001
C330007P06Rik	-12.098074	-8.644196
Thbs1	-13.328064999999999	-9.8741865
Snap29	-13.016608999999999	-9.562731
Sdccag8	-13.078405	-9.624527
Hist1h4h	-12.404825	-8.950947
Gm10550	-19.392315	-15.938437
Gm37637	-17.240553	-13.7866745
Tti2	-13.754673	-10.300794999999999
Pigp	-10.840682000000001	-7.386804
Rhot1	-11.928952	-8.475074000000001
Trub2	-13.665467000000001	-10.211589
Gm35097	-19.615458	-16.161580999999998
Cc2d1a	-13.2218685	-9.76799
Cpt2	-13.104085000000001	-9.650207
Grk1	-19.903141	-16.449265
Esyt1	-11.468895	-8.015017
Apol10a	-20.308605	-16.854729000000003
Pbk	-16.367023	-12.913146000000001
Lor	-16.907408	-13.453529999999999
Rdh5	-13.009822999999999	-9.555944
Samm50	-11.307815	-7.8539367
Sprtn	-13.366933	-9.913053999999999
Tyrobp	-16.437405	-12.983527
Gatad2b	-11.172559	-7.718681
Sdhc	-10.9644785	-7.510600599999999
Sbno2	-13.103342	-9.649464
Mfsd6l	-20.308605	-16.854729000000003
Tgtp2	-18.603857	-15.14998
Gm16759	-15.803256	-12.349378
Poln	-17.505245000000002	-14.051368
Slc25a31	-18.362696	-14.908818
Snx29	-13.902551999999998	-10.448673
Pcyox1	-12.204961	-8.751082
Rassf3	-10.235039	-6.781161
Rnf39	-19.209993	-15.756116
Heca	-11.613434	-8.159555000000001
Tmem231	-13.708055499999999	-10.254177
Ankrd52	-13.712143	-10.258265
Snx6	-11.335952	-7.882074
Sbds	-11.015489	-7.5616107
Gm16031	-20.308605	-16.854729000000003
Arhgef10l	-11.656009	-8.20213
Elp3	-12.873758	-9.419880000000001
Mlx	-12.156984	-8.703106
Fam53b	-12.931786	-9.477907
Nlrp10	-16.173439000000002	-12.719562
B230311B06Rik	-21.001753	-17.547876000000002
Gnb3	-17.705915	-14.252038
Slc19a2	-14.744085	-11.290207
Mapk1ip1l	-12.118668	-8.664789
Zfp397	-12.239107	-8.785229
Myo1h	-14.670252	-11.216372999999999
Ppp1r15a	-11.286283500000001	-7.8324055999999995
Abca1	-12.892828999999999	-9.438951
Lrig2	-13.043177	-9.589298
Zfp641	-13.808067000000001	-10.354189
Gm20751	-18.804527	-15.35065
Endov	-13.634676	-10.180798
Prrg4	-18.922311999999998	-15.468434
Adap2	-18.057314	-14.603435999999999
Gm10549	-15.781398000000001	-12.327519
Rpap1	-13.604192000000001	-10.150313
Ncbp1	-12.765862	-9.311983999999999
4930423D22Rik	-21.001753	-17.547876000000002
AI504432	-18.362696	-14.908818
Tnnc2	-14.303485	-10.8496065
Tanc2	-12.325849	-8.87197
Gm42596	-19.055841	-15.601964
H1foo	-20.308605	-16.854729000000003
Efcab11	-17.505245000000002	-14.051368
Sept1	-13.866066	-10.412188
Car7	-16.924215	-13.470338
Ppp1r13b	-12.697753	-9.243875
Col6a5	-21.001753	-17.547876000000002
Gspt1	-10.970753	-7.516875
Bend3	-15.010289000000002	-11.556411
Ap2b1	-11.911324	-8.457445
Ebag9	-12.687411	-9.233533
Sestd1	-12.308089	-8.854211
Tcfl5	-19.392315	-15.938437
Nradd	-13.450041	-9.996162
Tap2	-12.855624	-9.401746000000001
BC026513	-17.08973	-13.635851999999998
1700020L24Rik	-18.16854	-14.714661999999999
Tubb1	-21.001753	-17.547876000000002
Gm49733	-18.922311999999998	-15.468434
Pkd1	-10.314091000000001	-6.860213000000001
0610009L18Rik	-11.886823	-8.432944
Gm15866	-17.288180999999998	-13.834303
Acadvl	-11.3158	-7.861922
9330020H09Rik	-14.721357000000001	-11.267479
Gm38409	-19.392315	-15.938437
Sec24c	-12.180021	-8.726142999999999
Sec11c	-11.098816000000001	-7.644938000000001
Exosc2	-13.492417999999999	-10.03854
Jag2	-15.022867000000002	-11.568989
Apobec2	-14.392404999999998	-10.938526
Zfp654	-12.871989	-9.418111
Gm13010	-15.069509	-11.61563
Srp68	-12.053167	-8.599289
Myl6b	-14.98316	-11.529282
Gars	-12.021707000000001	-8.567828
Vav2	-14.746003	-11.292125
Gm12002	-17.669548000000002	-14.215670999999999
Pax3	-18.057314	-14.603435999999999
Rpl36	-8.212784	-4.758906
Trp53inp2	-11.319848	-7.86597
Arl2	-11.389019000000001	-7.935141000000001
Usp38	-13.219363000000001	-9.765485
Helq	-14.034785999999999	-10.580908
Adam18	-18.804527	-15.35065
Lmbr1	-13.227317999999999	-9.773439
Dennd4a	-12.419334	-8.965456
Iqcg	-16.697687	-13.24381
Dhx16	-12.917191	-9.463312
Myocos	-20.308605	-16.854729000000003
Bicra	-13.680565	-10.226686500000001
4930523C07Rik	-9.764937	-6.3110595
Map4k3	-12.816682	-9.362803
Lin7b	-14.721357000000001	-11.267479
Gca	-16.559101000000002	-13.105224
Cenpe	-15.410767000000002	-11.956888000000001
2310039H08Rik	-11.87708	-8.423202
Lpar3	-17.173111	-13.7192335
Zfp830	-12.277546000000001	-8.823668
Spire1	-12.613303	-9.159425
Vmn1r18	-19.209993	-15.756116
Gm48715	-16.684265	-13.230387
1700021F05Rik	-12.587923	-9.134045
Irx2	-15.708448	-12.25457
Dus1l	-13.062238	-9.608359
Mfsd13a	-16.501944	-13.048065
Fndc7	-17.95723	-14.503352
Tgif2	-16.782246	-13.328367000000002
Gm43254	-15.776007	-12.322128
Ehd1	-11.678799	-8.22492
4921531C22Rik	-13.168153	-9.714274000000001
Fgfr3	-15.599076	-12.145197999999999
Plekhs1	-18.293703	-14.839826
Cdh13	-9.982403	-6.528525
Cbr1	-12.441500999999999	-8.987622
Eogt	-13.285738	-9.83186
Rhobtb2	-13.19791	-9.744032
Gatd1	-12.814454	-9.360576
Mpc2	-10.054128	-6.60025
Nfic	-10.119245	-6.6653666
Rrp12	-14.267160999999998	-10.813283
Sgpp1	-12.952645	-9.498766999999999
Mbd2	-11.029813	-7.575935
Zfp472	-14.215035999999998	-10.761158
Il33	-14.881456	-11.427578
Tmem56	-15.281442000000002	-11.827563
Ccdc124	-11.150296	-7.6964183
Lman2	-11.347497	-7.893619
Hsf4	-15.803256	-12.349378
Gm14409	-18.111382	-14.657504000000001
Hddc2	-12.613075	-9.159197
Atad1	-12.078562	-8.624683000000001
Ints6	-12.180168	-8.726289999999999
Gpha2	-18.922311999999998	-15.468434
Arpc5l	-10.909341	-7.455463000000001
Gm14419	-15.321581	-11.8677025
Gm29290	-21.001753	-17.547876000000002
Rer1	-10.575166000000001	-7.121288000000001
Specc1l	-11.459235000000001	-8.005357
Id3	-8.939805	-5.485926999999999
Csnk1d	-11.788019	-8.334141
Itih4	-10.603844	-7.149966
Gm33228	-18.804527	-15.35065
Gstm5	-11.410036	-7.956158
Dzip3	-13.019337	-9.565458
Ttll5	-13.332725	-9.878846000000001
Itpr1	-10.480597	-7.026718600000001
Hif1an	-13.16855	-9.714671000000001
P3h3	-10.993996000000001	-7.5401177
Nwd1	-17.634457	-14.180579000000002
Zfp606	-13.606646	-10.152766999999999
Dlx5	-14.628433	-11.174555
Gm45463	-21.001753	-17.547876000000002
Scoc	-10.985562	-7.5316844
9230112D13Rik	-16.301273000000002	-12.847395
Gm49375	-19.903141	-16.449265
Plscr2	-16.248163	-12.794285
Sgpp2	-19.903141	-16.449265
Nphp4	-16.357363	-12.903483999999999
Mthfd1	-12.613986	-9.160108000000001
Rhpn1	-18.804527	-15.35065
Gm20383	-15.8837595	-12.429881
Cnpy4	-12.47679	-9.022912
Ngly1	-11.953696	-8.499818
Ppm1d	-12.769048	-9.315169000000001
Exph5	-19.392315	-15.938437
Muc3a	-19.903141	-16.449265
Tmem156	-19.055841	-15.601964
Qtrt2	-13.421054000000002	-9.9671755
Aspm	-15.914157000000001	-12.460278500000001
Slc4a4	-13.339756	-9.885878
Ttc5	-12.399484	-8.945605
Chpf	-11.624543	-8.170665
Mier2	-13.942995000000002	-10.489117
Sulf2	-11.317167999999999	-7.863290299999999
Pdhb	-11.863016	-8.409138
Gm48654	-21.001753	-17.547876000000002
Mbd5	-12.421397	-8.967519
1810013L24Rik	-12.11742	-8.663542
Sox6os	-14.249482999999998	-10.795605
Sec61b	-10.082963000000001	-6.629085000000001
4930458D05Rik	-16.103912	-12.650035
Ccdc173	-13.593223000000002	-10.139344
Amot	-14.928709	-11.474831
Slc2a8	-12.830437	-9.376558000000001
Baiap2l2	-15.733895	-12.280016999999999
Zfp691	-15.027944	-11.574065
Spata9	-19.209993	-15.756116
Parva	-10.986500999999999	-7.532622999999999
Gm35558	-18.436804000000002	-14.982926
Ube2e1	-11.560777999999999	-8.106899
Mef2c	-9.666317	-6.212439
Platr23	-17.505245000000002	-14.051368
Gm17087	-17.151606	-13.697726999999999
Hcfc2	-12.747745	-9.293866
Gm13522	-21.001753	-17.547876000000002
Plekhm3	-13.161047	-9.707169
Naxe	-11.436469	-7.982591
Hoxb5	-13.074428999999999	-9.62055
Dnajc4	-11.709833	-8.255955
Acsf2	-14.459280999999999	-11.005403
Akr1b3	-11.044772	-7.5908940000000005
Tef	-11.337221000000001	-7.883342999999999
Enc1	-15.500495	-12.046617
Gm17501	-12.142248	-8.688369999999999
Eif4a2	-10.050017	-6.5961394
Fam193b	-12.979184	-9.525306
Mmgt2	-12.529139500000001	-9.075261
Lst1	-15.945507999999998	-12.49163
Mid1	-14.081081	-10.627203
H2-T24	-17.823698	-14.369821
Gm11963	-16.84287	-13.388992000000002
Arpc3	-10.338021000000001	-6.884143400000001
Spred1	-12.255673	-8.801795
Gm42567	-18.699167000000003	-15.245289999999999
Rbm33	-12.197878999999999	-8.744
Oas1a	-19.903141	-16.449265
Gm15893	-19.209993	-15.756116
Nos1ap	-12.726632	-9.272753999999999
Gm34099	-19.392315	-15.938437
Gstm7	-12.863773	-9.409895
Cdca2	-16.924215	-13.470338
Rps19	-8.310573	-4.856694999999999
Hspa8	-8.156417	-4.702539
Tmem269	-18.699167000000003	-15.245289999999999
Adh5	-11.192797	-7.738919
Msn	-9.469407	-6.0155296
Csnk1g1	-12.358985	-8.905107000000001
Hk2	-12.029162	-8.575284
4930555F03Rik	-20.308605	-16.854729000000003
Rassf5	-15.52529	-12.071411
Gm48882	-14.01334	-10.559462
Cpeb4	-11.645237	-8.191359
Gm50107	-16.447876	-12.993998
Dpep1	-14.695478	-11.2416
Cavin3	-9.274329	-5.8204517
Cpne5	-15.492365	-12.038486500000001
Kcne1l	-19.055841	-15.601964
Dnajb12	-12.535853	-9.081975
Rps15a	-8.184592	-4.730715
Bdkrb2	-15.836967000000001	-12.383089
Tenm4	-16.941309	-13.487432
Slc14a2	-19.903141	-16.449265
Pex5l	-16.437405	-12.983527
Cdh16	-15.366963	-11.913085
Tmem176a	-13.403354	-9.949475
Zfp825	-13.730744	-10.276866
Csnk2a2	-11.786525	-8.332646
Tdg	-12.686676	-9.232797999999999
Acss1	-14.532503	-11.078625
Mef2d	-11.322847	-7.8689694
Ms4a10	-21.001753	-17.547876000000002
Gm42868	-19.903141	-16.449265
Noa1	-13.478812	-10.024934
Wdr4	-13.809571	-10.355692999999999
Capg	-12.552196499999999	-9.098317999999999
Muc4	-15.46049	-12.006611999999999
Katnb1	-13.55926	-10.105382
Sqor	-12.284889999999999	-8.831012
2310058D17Rik	-16.890879	-13.437001
Tmem238	-12.149947000000001	-8.696069
Cav3	-11.963626	-8.509747500000001
Gm13889	-9.899099	-6.4452214
Erbb2	-13.866066	-10.412188
Spats2	-13.447942999999999	-9.994064
Ryr3	-16.99442	-13.540542000000002
Unc45b	-17.08973	-13.635851999999998
Ing4	-11.957822	-8.503943
Foxo6	-15.000339000000002	-11.54646
9130230N09Rik	-15.576803	-12.122925
Gm17108	-16.347792000000002	-12.893914
Vmn1r203	-20.308605	-16.854729000000003
Tubgcp2	-12.796261999999999	-9.342383
St6galnac6	-12.017436	-8.563558
Mcm3ap	-12.727905999999999	-9.274028
Olfr714	-20.308605	-16.854729000000003
Slc12a8	-18.057314	-14.603435999999999
Itga11	-16.570936	-13.117057999999998
Lclat1	-12.896144	-9.4422655
Ctnnal1	-12.747484	-9.293606
Nfkbid	-17.743656	-14.289779000000001
Dclk3	-19.209993	-15.756116
Acsl4	-12.848979	-9.395100999999999
LTO1	-13.302817000000001	-9.848939
1700008J07Rik	-14.521708499999999	-11.06783
Vdac2	-10.202219	-6.748341
Ptpn11	-10.869856	-7.415978
Gm14167	-16.406633	-12.952755
Sparcl1	-9.717801	-6.263923
AI429214	-15.452677	-11.998797999999999
Simc1	-14.031023000000001	-10.577145
Ell2	-11.989133	-8.5352545
Fam184b	-14.744085	-11.290207
C030032O16Rik	-17.505245000000002	-14.051368
9130008F23Rik	-13.394372	-9.940494000000001
Lrp3	-12.873758	-9.419880000000001
9530052C20Rik	-18.362696	-14.908818
Gm10801	-19.903141	-16.449265
Rab3il1	-15.25875	-11.804872
Scn2a	-12.356519	-8.90264
Prpf18	-12.564469	-9.110591000000001
Spopl	-12.282272	-8.828394
Dgkh	-12.252179	-8.798300999999999
Gm16617	-20.308605	-16.854729000000003
Gm45479	-18.922311999999998	-15.468434
Litaf	-13.412417000000001	-9.958539
Safb2	-11.910535000000001	-8.456656
Mllt10	-11.628784	-8.174906
Gm16537	-15.895807999999999	-12.441930000000001
Ass1	-15.388625	-11.934747
Nr1i3	-17.782877	-14.3289995
Gm14862	-16.004541	-12.550663
Gm47320	-18.516845999999997	-15.062968
Isl1	-15.749479999999998	-12.295602
6530437J22Rik	-16.37678	-12.922902
Fars2	-12.494611	-9.040732
Ift57	-12.226204	-8.7723255
Foxr2	-21.001753	-17.547876000000002
Tmtc2	-11.731917999999999	-8.278039999999999
Rxylt1	-11.547918	-8.09404
Fermt1	-21.001753	-17.547876000000002
Hmgxb3	-13.028597999999999	-9.574719
Casc1	-16.0745	-12.620622000000001
Ppp3r2	-20.308605	-16.854729000000003
Sarm1	-16.657948	-13.204069
Ccdc144b	-20.308605	-16.854729000000003
F11r	-13.166570000000002	-9.712691
Commd6	-11.493236999999999	-8.039358
Slc35e1	-12.9642105	-9.510332
Tmem104	-13.696565	-10.242686
Maip1	-12.282599000000001	-8.828721
F630040K05Rik	-21.001753	-17.547876000000002
Zfp984	-14.227529999999998	-10.773651
Tacc3	-14.813489	-11.359611
Spry1	-13.729354999999998	-10.275476
Ino80c	-13.278191	-9.824311999999999
Gm10184	-16.524416	-13.0705385
Irx1	-18.804527	-15.35065
Aven	-12.918425	-9.464546
Bzw1	-10.956116	-7.502238
S100a5	-21.001753	-17.547876000000002
Usp28	-13.4114065	-9.957528
Gm16835	-15.964801000000001	-12.510922
Nrm	-14.198248000000001	-10.744369500000001
Fbxo31	-12.1655245	-8.711646
Rpl8	-8.246568	-4.792690299999999
Gm7598	-16.189567999999998	-12.73569
Armt1	-13.473958999999999	-10.020081
Gm30524	-15.581219	-12.12734
Cxcl5	-18.922311999999998	-15.468434
Rubie	-19.055841	-15.601964
Txk	-19.209993	-15.756116
Trappc3l	-17.95723	-14.503352
Kat2b	-11.816218	-8.36234
Fam20c	-12.48396	-9.030082
Ikbkg	-13.303723999999999	-9.849846000000001
Rnf19a	-11.578885000000001	-8.125007
Gm10857	-21.001753	-17.547876000000002
Eif2a	-11.5063095	-8.052431
Arhgef10	-12.725613000000001	-9.271734
Prss35	-16.328924	-12.875046000000001
Knop1	-12.265585	-8.811707
Cgref1	-13.252862	-9.798983999999999
5730409E04Rik	-12.548779	-9.0949
Nrip3	-17.634457	-14.180579000000002
B230398E01Rik	-16.711294	-13.257416000000001
Ackr4	-19.209993	-15.756116
Pvr	-13.371292	-9.917413999999999
Aida	-11.677192	-8.223313000000001
Btbd16	-18.229164	-14.775286999999999
Dao	-19.903141	-16.449265
Lamb2	-9.623365	-6.1694875
Zmynd12	-17.669548000000002	-14.215670999999999
Nln	-13.703985000000001	-10.250107
Pdap1	-10.343859	-6.889981
Jmy	-11.589126	-8.135247
She	-18.699167000000003	-15.245289999999999
Cops2	-11.609425	-8.155546000000001
Lsm2	-12.155832	-8.701953999999999
Gm16105	-21.001753	-17.547876000000002
Platr1	-18.603857	-15.14998
Prkn	-15.069509	-11.61563
Sclt1	-12.97984	-9.525962
Zfp975	-14.005987	-10.552109
Atp1b4	-21.001753	-17.547876000000002
4933430L12Rik	-19.615458	-16.161580999999998
Gm49668	-19.209993	-15.756116
Srr	-13.179708999999999	-9.725831
Olfr46	-17.782877	-14.3289995
Gm9008	-19.615458	-16.161580999999998
Xylt1	-13.311010000000001	-9.857132
Nle1	-13.874863000000001	-10.420983999999999
Ccdc127	-11.4729595	-8.019081
Abhd6	-13.208166	-9.754288
Gpr87	-21.001753	-17.547876000000002
2700033N17Rik	-14.728876000000001	-11.274998
Dlec1	-18.436804000000002	-14.982926
Smcr8	-13.955105999999999	-10.501227
Zfyve28	-14.498963	-11.045085
Lrrc46	-17.536016	-14.082139000000002
Ripor3	-20.308605	-16.854729000000003
Atcay	-19.209993	-15.756116
Gypa	-19.903141	-16.449265
Dbt	-12.108317999999999	-8.65444
Rwdd3	-15.022867000000002	-11.568989
Fbxl18	-13.403854999999998	-9.949977
Gm46378	-16.619726	-13.165849
Iffo2	-13.293343	-9.839464
Trim43a	-19.055841	-15.601964
Map3k15	-17.364166	-13.910289
Sco2	-13.351583999999999	-9.897706
Coro6	-14.217297	-10.763418
Aqp5	-17.312874	-13.858995000000002
Uchl4	-16.890879	-13.437001
Ccnb1ip1	-15.407042	-11.953163
Gm11536	-16.607304	-13.153426000000001
Prf1	-21.001753	-17.547876000000002
Nnmt	-11.842391000000001	-8.388513
Armh1	-19.055841	-15.601964
Fcmr	-21.001753	-17.547876000000002
Camsap2	-12.220350999999999	-8.766473
Trim27	-12.440543	-8.986664999999999
Gm29101	-17.08973	-13.635851999999998
Tsc1	-13.173317	-9.719439
4833420G17Rik	-12.283744	-8.829865
Dip2b	-12.637245	-9.183367
BC001981	-19.392315	-15.938437
Lgals9	-15.321581	-11.8677025
L2hgdh	-13.677263	-10.223385
Gm16897	-16.874619	-13.420739999999999
Cacnb4	-15.121220999999998	-11.667342
Spon1	-14.154810000000001	-10.700932
Gm14154	-19.209993	-15.756116
Gm42726	-15.590107000000001	-12.136229
9030612E09Rik	-15.964801000000001	-12.510922
Rhbdf1	-12.393989	-8.94011
Casd1	-12.131511999999999	-8.677633
Gm16059	-18.436804000000002	-14.982926
Zfp213	-14.048069	-10.594191
Rpl5	-8.824064	-5.3701870000000005
Gm49024	-16.632305	-13.178427
Pilrb1	-20.308605	-16.854729000000003
Bcl3	-16.941309	-13.487432
4930520M14Rik	-21.001753	-17.547876000000002
S100pbp	-12.877899000000001	-9.424021
Nudt16l1	-12.459477	-9.005599
Med22	-13.315132	-9.861253999999999
Mcm5	-14.872704	-11.418825
Ap5s1	-13.587782999999998	-10.133904
Nanp	-13.387935	-9.934056
Gm32036	-15.284725	-11.830847
Mterf1b	-15.901887	-12.448008999999999
Mm2pr	-17.312874	-13.858995000000002
Clspn	-15.46049	-12.006611999999999
1810037I17Rik	-10.045715	-6.591837400000001
Ipo11	-13.755385	-10.301507
A330035P11Rik	-16.0745	-12.620622000000001
Ptprc	-17.634457	-14.180579000000002
Pcdhgc4	-15.233432999999998	-11.779554
Dctd	-16.149723	-12.695845
Mt3	-17.446405	-13.992526999999999
Gm11733	-19.903141	-16.449265
Rnase13	-19.903141	-16.449265
Dmtn	-13.751828	-10.29795
Lrpprc	-12.469277	-9.015399
Tmem74b	-18.804527	-15.35065
Rpl7	-8.389985000000001	-4.9361076
Cebpd	-10.9132395	-7.459361599999999
Psors1c2	-17.669548000000002	-14.215670999999999
Mrps2	-13.783576	-10.329697999999999
Hsf2	-12.966475	-9.512596
Prrc2b	-10.805932	-7.352053999999999
Gm7879	-16.99442	-13.540542000000002
Mettl23	-11.758462	-8.304584
Cyth3	-11.152194	-7.698316
Nlrx1	-13.748282999999999	-10.294405000000001
0610025J13Rik	-18.362696	-14.908818
Sephs1	-12.780543	-9.326665
1700105P06Rik	-15.608126	-12.154247
Gata4	-16.535845000000002	-13.081966
Adcy2	-15.456576	-12.002697999999999
Ndufc2	-10.463622	-7.009744
Sh2b3	-12.838952	-9.385074000000001
Lmod1	-8.504560000000001	-5.050683
Gm30409	-21.001753	-17.547876000000002
Ppp2r5a	-10.970355999999999	-7.516478
Gdf7	-21.001753	-17.547876000000002
Atp10a	-12.095089	-8.641211
Elavl1	-11.432061000000001	-7.9781832999999995
Cd200r3	-21.001753	-17.547876000000002
Fmo1	-13.489682	-10.035803999999999
Ubn2	-11.207746	-7.7538675999999995
Atp5j	-9.382227	-5.928349
Zfp97	-14.892506	-11.438627
Wars2	-14.092	-10.638122000000001
Lmntd1	-14.371070000000001	-10.9171915
Mrps9	-12.259818	-8.80594
Lockd	-13.855769	-10.401891
4930547M16Rik	-17.634457	-14.180579000000002
Lgals7	-18.699167000000003	-15.245289999999999
Pmepa1os	-16.753258	-13.299379
Ndrg1	-11.481725	-8.027846
Ipcef1	-21.001753	-17.547876000000002
Fam234a	-12.364823	-8.910945
Gm44732	-20.308605	-16.854729000000003
Ybey	-13.874863000000001	-10.420983999999999
Mrps22	-12.723578999999999	-9.269701
Il13ra1	-13.228579500000002	-9.774701
5330417C22Rik	-18.362696	-14.908818
Mkrn1	-12.102022	-8.648144
Hapln3	-16.328924	-12.875046000000001
Igflr1	-15.146682	-11.692803
Gm12108	-19.392315	-15.938437
Smg7	-12.072848	-8.61897
Gm19325	-15.08825	-11.634372
Cyp39a1	-13.830096	-10.376218
Tex38	-19.209993	-15.756116
Tmtc3	-12.394719	-8.940841
Egln2	-11.7937155	-8.339837
1700082M22Rik	-20.308605	-16.854729000000003
Efcc1	-18.699167000000003	-15.245289999999999
Prdm5	-12.816124	-9.362246
P4ha3	-17.536016	-14.082139000000002
mt-Atp8	-9.504093	-6.0502157
Cidec	-19.615458	-16.161580999999998
Sertad3	-13.065093	-9.611215
Ccdc38	-18.804527	-15.35065
Sucla2	-11.292397	-7.8385186000000004
A930012O16Rik	-15.161112	-11.707233
Lrrc24	-16.141941	-12.688063
Ancv1r	-18.229164	-14.775286999999999
Gm49698	-15.877789499999999	-12.423911
Tafa3	-17.823698	-14.369821
Smtnl2	-16.513117	-13.059238
Oaz3	-18.699167000000003	-15.245289999999999
Prorp	-14.437898	-10.984019
Ctbs	-12.822834	-9.368955999999999
Gm32123	-21.001753	-17.547876000000002
B3gnt4	-17.823698	-14.369821
Kbtbd6	-17.390835	-13.936957000000001
Gimap9	-17.634457	-14.180579000000002
Gm10190	-19.903141	-16.449265
Trim24	-12.203299000000001	-8.749419999999999
Gm9803	-14.992939999999999	-11.539062
Lgi3	-14.240181	-10.786303
Pgm2	-13.693210999999998	-10.239332000000001
Ppp2r3a	-11.995367	-8.541489
Trp53bp2	-12.500283	-9.046405
Ubxn4	-10.601863999999999	-7.147986
Stkld1	-18.922311999999998	-15.468434
AA986860	-15.331872	-11.877994000000001
Ppid	-11.711032000000001	-8.257153500000001
Dnah12	-20.308605	-16.854729000000003
Tmem236	-18.16854	-14.714661999999999
Jph2	-10.656887	-7.203009
Gdf11	-15.025402	-11.571524
Pop1	-14.129625	-10.675747
Ptges3l	-11.881119	-8.42724
Mto1	-13.334595000000002	-9.880716
4933408J17Rik	-18.293703	-14.839826
Cebpzos	-12.502928	-9.049049
Trmt44	-13.738423000000001	-10.284545
Tnfrsf14	-18.922311999999998	-15.468434
Ski	-10.627044	-7.173166
Pigh	-13.398852999999999	-9.944975
Mamld1	-13.258484	-9.8046055
Slc12a4	-11.839553	-8.385674
2900045O20Rik	-17.669548000000002	-14.215670999999999
Fam185a	-14.150568	-10.69669
Hmgn3	-10.6647	-7.2108216
Cradd	-13.160260000000001	-9.706382000000001
4930562D21Rik	-20.308605	-16.854729000000003
2610027K06Rik	-14.529407500000001	-11.075529
Edc3	-13.710097	-10.256219
Ice2	-13.453725	-9.999846
Fbxo10	-13.811077	-10.357199000000001
Rell1	-13.012532	-9.558653999999999
Dynlt1c	-16.357363	-12.903483999999999
Hapln1	-13.506767000000002	-10.052889
Plekha1	-11.18934	-7.7354617
Cdk19os	-17.109932	-13.656054500000002
Gpatch3	-14.803273999999998	-11.349396
Foxl1	-14.252994000000001	-10.799114999999999
Bicral	-12.298411999999999	-8.844534
Ech1	-10.898391	-7.444513000000001
Gm32352	-14.440722000000001	-10.986844
Ppp4r2	-11.032759	-7.578881
Kctd19	-21.001753	-17.547876000000002
Clcf1	-14.753711	-11.299832
Ccdc102a	-12.389432000000001	-8.935554
Ebf3	-16.84287	-13.388992000000002
Traf3	-12.683011	-9.229133000000001
Cfap57	-18.057314	-14.603435999999999
Zmym3	-13.114169	-9.660291
Rasl10a	-15.908002999999999	-12.454124
Pcdhga5	-14.286370000000002	-10.832492
Lyrm2	-12.040772	-8.586894000000001
Ppig	-10.48557	-7.031692
Btf3	-9.436159	-5.982281700000001
Ywhae	-10.314569	-6.8606915
Ror1	-11.974375	-8.520496000000001
Tmem181a	-13.405361	-9.951483
1700007F19Rik	-21.001753	-17.547876000000002
Gm15537	-17.364166	-13.910289
Paics	-11.387483	-7.933604700000001
Gzmm	-15.284725	-11.830847
Polr2d	-12.255196	-8.801317
Mob1b	-12.037441000000001	-8.583563
Samd11	-18.229164	-14.775286999999999
Car5a	-19.209993	-15.756116
4930455M05Rik	-19.903141	-16.449265
Ndel1	-11.653478999999999	-8.1996
Gm17455	-15.46049	-12.006611999999999
Ly6d	-19.615458	-16.161580999999998
Nsdhl	-13.577588	-10.12371
Gm31282	-17.505245000000002	-14.051368
Ccm2	-12.305745	-8.851867
Skiv2l	-12.654163	-9.200285000000001
Hp	-19.209993	-15.756116
4833419F23Rik	-14.657873	-11.203994999999999
Lzts1	-16.941309	-13.487432
Atp2b4	-10.253127000000001	-6.7992490000000005
Esrrg	-18.699167000000003	-15.245289999999999
1700104B16Rik	-19.615458	-16.161580999999998
Spr	-11.245375	-7.791496799999999
Atp11a	-13.011854	-9.557976
Hist1h1t	-19.903141	-16.449265
Ido1	-19.903141	-16.449265
Slc7a7	-14.593225	-11.139346000000002
Rmnd1	-12.784044999999999	-9.330167
Zcchc8	-12.481365	-9.027486999999999
Nalcn	-12.602443	-9.148564
Emc3	-11.335952	-7.882074
1110019B22Rik	-17.634457	-14.180579000000002
Itgb6	-19.903141	-16.449265
Csrnp1	-12.708955	-9.255075999999999
Cort	-21.001753	-17.547876000000002
Rec8	-19.903141	-16.449265
Fam131b	-15.749479999999998	-12.295602
4921514A10Rik	-18.699167000000003	-15.245289999999999
Ddx1	-11.1424265	-7.688548599999999
March10	-19.055841	-15.601964
Mylk	-8.542392	-5.0885143
Bhlha15	-19.392315	-15.938437
Olfr1564	-18.699167000000003	-15.245289999999999
Il1r1	-12.077497	-8.623617999999999
Sec23a	-11.541199	-8.08732
Klhl32	-15.659419	-12.205541
Gm36011	-19.903141	-16.449265
Nrf1	-12.953924	-9.500046000000001
Ngfr	-20.308605	-16.854729000000003
Acacb	-14.473795999999998	-11.0199175
Wdtc1	-12.430072000000001	-8.976192999999999
Gm16541	-18.922311999999998	-15.468434
Top2a	-14.767342999999999	-11.313464
Maneal	-17.418233999999998	-13.964356
Gm38097	-20.308605	-16.854729000000003
Selenbp1	-12.006712	-8.552833999999999
mt-Cytb	-6.605731	-3.1518536
Tmc6	-13.349207999999999	-9.895328999999998
Pdcd1	-20.308605	-16.854729000000003
Zbtb46	-13.906689000000002	-10.452810000000001
Ubl4a	-12.215908	-8.762030000000001
4930404H11Rik	-20.308605	-16.854729000000003
Gm37273	-17.050507999999997	-13.596631
Fen1	-15.040748	-11.586869
Klhl10	-17.264084	-13.810204999999998
Hopx	-16.941309	-13.487432
Kif9	-16.479965	-13.026087
Kmt2c	-11.151667	-7.6977887
Rsad1	-14.389712	-10.935834
A630014C17Rik	-19.209993	-15.756116
Gm50251	-18.804527	-15.35065
Ccl4	-16.941309	-13.487432
Dazap2	-11.206909	-7.753031299999999
Synpo2	-9.25408	-5.800202
Kcnj13	-16.501944	-13.048065
Gabra2	-21.001753	-17.547876000000002
Gm17690	-15.472323999999999	-12.018446
Msrb1	-9.588758	-6.1348805
Gm49380	-15.9978075	-12.543928999999999
Hacd4	-11.600958	-8.147079
Snta1	-11.154254	-7.700375999999999
Rbpj	-11.172504	-7.7186265
Fastkd3	-14.134820000000001	-10.680942
Henmt1	-19.903141	-16.449265
Gm47917	-19.903141	-16.449265
Gm29358	-15.914157000000001	-12.460278500000001
Wbp4	-11.015074	-7.561196000000001
Zfp942	-13.646111999999999	-10.192234
Polr3c	-13.245557999999999	-9.791679
Rtel1	-14.226386999999999	-10.772509
D730003K21Rik	-18.293703	-14.839826
Nab1	-11.2294	-7.775521799999999
Gm29151	-21.001753	-17.547876000000002
Loxl3	-12.25107	-8.797191999999999
6230400D17Rik	-14.944969	-11.491091
Smad7	-10.96225	-7.5083720000000005
Abcg3	-21.001753	-17.547876000000002
Tinf2	-13.993248000000001	-10.53937
Gm10785	-16.310406	-12.856527
Neb	-15.25875	-11.804872
Ankrd45	-14.0732155	-10.619337
Mia2	-11.378178	-7.924299700000001
Slc16a4	-14.781163000000001	-11.327285
Dcst2	-19.209993	-15.756116
Eapp	-11.311212	-7.8573337
H2-Q10	-17.264084	-13.810204999999998
Hist2h3c1	-14.559213	-11.105334
Dffb	-14.276720000000001	-10.822842
Maged1	-10.607174	-7.153296000000001
Ehbp1	-13.355878	-9.901999
Pigt	-12.667521	-9.213643
Olfr30	-19.055841	-15.601964
Nxf1	-12.562305	-9.108427
Jund	-8.654597	-5.20072
Cyp4f14	-15.058954	-11.605075999999999
A330032B11Rik	-18.603857	-15.14998
Pamr1	-12.020826	-8.566948
Ccn1	-9.131944	-5.6780663
Src	-12.786747	-9.332869
Cnot11	-12.63028	-9.176401
Arrdc2	-13.712826000000002	-10.258947000000001
Nr2c2ap	-12.717502	-9.263622999999999
C030017D09Rik	-19.615458	-16.161580999999998
Slc35d2	-14.512548	-11.05867
Erich6	-18.057314	-14.603435999999999
Gm29994	-15.831269	-12.377391000000001
Slc25a14	-13.577588	-10.12371
Cdca4	-13.717619000000001	-10.263741
Rpl29	-8.913052	-5.459174
Gm830	-12.548139	-9.09426
Gm11944	-18.057314	-14.603435999999999
2610203C22Rik	-16.338314	-12.884436
Ust	-12.501096	-9.047217
Herpud2	-11.843127	-8.389249000000001
S1pr3	-15.030492	-11.576613
Micos13	-10.658174	-7.204295599999999
Gm28857	-21.001753	-17.547876000000002
Tubgcp4	-13.103714	-9.649836
Stxbp4	-13.394869	-9.94099
Mrps27	-13.427709	-9.97383
Zc3h7a	-12.029162	-8.575284
Rab44	-21.001753	-17.547876000000002
Apobr	-14.294891	-10.841013
Clic3	-17.705915	-14.252038
Med27	-13.002410000000001	-9.548532000000002
Gm29331	-19.615458	-16.161580999999998
Olfr1344	-21.001753	-17.547876000000002
Arhgap45	-17.288180999999998	-13.834303
Prdx5	-10.266509	-6.812631
Git1	-13.204873000000001	-9.750995
Gm43698	-18.436804000000002	-14.982926
Vps37b	-12.189653999999999	-8.735776
Dek	-9.910209	-6.456331
Ces1d	-18.603857	-15.14998
Zdhhc22	-21.001753	-17.547876000000002
Zfp971	-14.100016	-10.646137
Gm28417	-19.392315	-15.938437
Nudt7	-13.840907000000001	-10.387029
Lrrtm2	-17.743656	-14.289779000000001
Timm17b	-11.682649000000001	-8.228769999999999
Zbtb8b	-21.001753	-17.547876000000002
Gm11626	-18.922311999999998	-15.468434
App	-9.540784	-6.0869064
Pou3f2	-21.001753	-17.547876000000002
4930471G24Rik	-19.209993	-15.756116
Rbm24	-11.891012	-8.437134
Pcdha5	-18.922311999999998	-15.468434
Gm35769	-20.308605	-16.854729000000003
Idh3a	-11.664252000000001	-8.210374
Eomes	-19.615458	-16.161580999999998
Spryd3	-12.314142	-8.860264
Gm10490	-21.001753	-17.547876000000002
Ntng2	-17.173111	-13.7192335
Dpm3	-10.209655	-6.755777
Mtmr4	-13.248129999999998	-9.794251
Atp5g1	-9.77135	-6.317472
Slc35d1	-12.885933999999999	-9.432055
Zfp182	-13.425656	-9.971778
Msra	-11.725906	-8.272028
Tpm3	-11.4090805	-7.9552026
Smim24	-17.312874	-13.858995000000002
Dleu2	-11.7521925	-8.298314
Chrd	-13.679243	-10.225365
Dact3	-10.53369	-7.0798125
Kansl1l	-11.93217	-8.4782915
2310061I04Rik	-13.035861	-9.581983000000001
Nsmce1	-11.655833	-8.201955
Ska1	-17.669548000000002	-14.215670999999999
2010013B24Rik	-20.308605	-16.854729000000003
Fbxo44	-13.896788	-10.442909
Skil	-10.937593	-7.4837155
9130221H12Rik	-14.125488	-10.671610000000001
Cfap20	-11.878824	-8.424946
A530088E08Rik	-18.362696	-14.908818
Sobp	-12.233179	-8.779301
Jade1	-12.412798	-8.958919999999999
Fetub	-16.874619	-13.420739999999999
Dio2	-15.836967000000001	-12.383089
Pim3	-12.255833	-8.801953999999999
Ptk2b	-17.505245000000002	-14.051368
Rbm26	-11.418816	-7.964937700000001
Kcnk12	-21.001753	-17.547876000000002
Slc52a3	-18.804527	-15.35065
Ube2j2	-12.057072999999999	-8.603194
Ebna1bp2	-11.397346	-7.943467599999999
Ret	-20.308605	-16.854729000000003
Itih5	-14.467964000000002	-11.014086
Fam199x	-12.937746	-9.483868
Ppp1r12a	-8.637642999999999	-5.1837654
Ctc1	-13.590801	-10.136923
Gm15835	-21.001753	-17.547876000000002
Nmrk1	-13.773365	-10.319486999999999
Gemin2	-13.618385	-10.164507
Mff	-11.3070135	-7.8531356
Naf1	-11.868618	-8.41474
Ormdl1	-13.765414000000002	-10.311536
Gm39323	-19.055841	-15.601964
Mapre1	-10.351388	-6.8975100000000005
1700019L13Rik	-15.331872	-11.877994000000001
Ctsd	-9.74216	-6.288282
Zfp689	-14.797195	-11.343316999999999
Cox11	-13.070109	-9.616230999999999
Usp36	-12.793534	-9.339656
Gm41609	-19.615458	-16.161580999999998
Gm37876	-19.392315	-15.938437
Irak1	-11.944681	-8.490803
BC049352	-21.001753	-17.547876000000002
Gm11335	-19.209993	-15.756116
Gfap	-17.669548000000002	-14.215670999999999
Sept2	-12.899773	-9.445894000000001
Tpsb2	-18.804527	-15.35065
Cyp4b1	-18.922311999999998	-15.468434
1700007L15Rik	-15.5507145	-12.096836
Pank2	-12.2942705	-8.840392
Cmc4	-13.000063	-9.546185000000001
Mc5r	-16.767647	-13.313768
Gon4l	-11.910309	-8.456430000000001
Trdv4	-20.308605	-16.854729000000003
Nuggc	-19.903141	-16.449265
Ndufs8	-11.073915	-7.6200366
Gm32200	-19.903141	-16.449265
Fkbp1a	-9.778419	-6.3245406
Gm30373	-18.922311999999998	-15.468434
Mrps11	-12.300906	-8.847028
Gm47121	-16.84287	-13.388992000000002
Cd69	-20.308605	-16.854729000000003
Gm42372	-18.603857	-15.14998
Ddx3y	-11.027108	-7.5732303
Senp7	-11.87523	-8.421351
Ak7	-18.436804000000002	-14.982926
BC049987	-20.308605	-16.854729000000003
Mob1a	-11.523066499999999	-8.069188
Olfr1156	-21.001753	-17.547876000000002
Dlg3	-12.740227	-9.286348
Slc43a2	-15.585653	-12.131775
Ckap2l	-16.004541	-12.550663
Tnfrsf22	-16.118952	-12.665073
Shisa2	-16.858618	-13.404739999999999
Mtss2	-12.023344999999999	-8.569467
Bhlhe22	-21.001753	-17.547876000000002
Ppme1	-11.822801	-8.368922
E130116L18Rik	-20.308605	-16.854729000000003
Usp8	-11.602199	-8.14832
Glyat	-21.001753	-17.547876000000002
Maf	-11.650261	-8.1963825
Rab5a	-11.220207	-7.766329300000001
P2ry12	-18.804527	-15.35065
Camk4	-17.567766	-14.113888000000001
A930001M01Rik	-16.827366	-13.373486999999999
Dlg2	-14.623327	-11.169449
Msh3	-13.241285999999999	-9.787408000000001
Rnpep	-12.370161	-8.916283
Gzf1	-12.543461	-9.089582
Stamos	-16.292223	-12.838345
Baiap2	-14.199359	-10.745481
Ppp2r5c	-11.205016	-7.751138
Tor2a	-12.690355	-9.236477
Gm38102	-16.9764	-13.522523000000001
Thap2	-12.026375999999999	-8.572497
Mypop	-13.490229000000001	-10.03635
Trim17	-18.293703	-14.839826
Baiap3	-18.00602	-14.552142000000002
Cct6b	-16.205963	-12.752085000000001
Frk	-13.353013	-9.899135000000001
Gm15559	-16.319622	-12.865744
4930549P19Rik	-21.001753	-17.547876000000002
Ythdc2	-13.027565	-9.573687
Adk	-10.986366	-7.5324883
Gm12454	-14.361877	-10.907999
Ptpn6	-18.603857	-15.14998
Gm32184	-20.308605	-16.854729000000003
Rexo4	-12.54219	-9.088311000000001
Hbb-bs	-12.900681500000001	-9.446803
Gpsm2	-11.296228999999999	-7.842351400000001
Mrm2	-13.585375	-10.131496
Rmst	-20.308605	-16.854729000000003
Gorasp1	-13.480977	-10.027099
Fgl1	-18.922311999999998	-15.468434
Gm47079	-19.209993	-15.756116
Arhgap42	-14.126520999999999	-10.672642999999999
Mta3	-12.600644	-9.146766
4930553P18Rik	-19.903141	-16.449265
Dtna	-10.88679	-7.432912299999999
Usp22	-12.615353	-9.161474
Bin2	-18.922311999999998	-15.468434
Klc3	-12.318368	-8.86449
Uhrf1	-16.767647	-13.313768
Ubxn2a	-11.052719	-7.598841
Gm49691	-19.392315	-15.938437
Hmbox1	-12.548779	-9.0949
Ntn5	-21.001753	-17.547876000000002
Gm21188	-19.903141	-16.449265
Impact	-12.084442999999998	-8.630564999999999
Gm11264	-15.464419	-12.010541
Rps27l	-9.76341	-6.3095317
Rnf139	-12.375885	-8.922007
Fzd5	-12.935546	-9.4816675
5730414N17Rik	-15.403332	-11.949453
Ccdc191	-12.976237	-9.522359
Spop	-10.333611999999999	-6.8797345000000005
Gm37864	-16.416786	-12.962908
Slain2	-11.37481	-7.9209323000000005
Gm7854	-18.111382	-14.657504000000001
Uap1	-12.267192999999999	-8.813314
5430403G16Rik	-13.86527	-10.411391
Bpgm	-13.087501	-9.633622
Mrpl9	-12.277221	-8.823342
Il15ra	-14.092998499999998	-10.63912
Bnc2	-17.069927	-13.616048999999999
Chrm1	-19.392315	-15.938437
Gm50333	-21.001753	-17.547876000000002
9630028I04Rik	-19.055841	-15.601964
Gpatch2	-12.773844	-9.319965
Gm29992	-21.001753	-17.547876000000002
Ipmk	-13.745455999999999	-10.291577
Gm14401	-18.293703	-14.839826
Dnaaf4	-14.94263	-11.488750999999999
C1qa	-15.193610999999999	-11.739733
Zfp982	-13.951630999999999	-10.497752
Tex43	-19.055841	-15.601964
Zfp709	-14.928709	-11.474831
Cplane2	-17.364166	-13.910289
Fli1	-13.576991	-10.123113
Gm30363	-18.362696	-14.908818
Sertad1	-11.241732	-7.787853699999999
A630089N07Rik	-13.949032	-10.495153
Spta1	-21.001753	-17.547876000000002
Bace1	-11.611093499999999	-8.157214999999999
Pgm1	-12.651796000000001	-9.197918
Ppp1r36	-13.698584	-10.244705
Mhrt	-19.392315	-15.938437
Ubac1	-12.298411999999999	-8.844534
Ints2	-13.355878	-9.901999
Phka2	-12.793806	-9.339928
Gm42538	-19.209993	-15.756116
Zfr2	-13.639107999999998	-10.185229
Gm26594	-19.615458	-16.161580999999998
Mettl21a	-12.726122	-9.2722435
Grik1	-21.001753	-17.547876000000002
4930509E16Rik	-19.615458	-16.161580999999998
Gpx1	-9.203182	-5.7493050000000006
4930509H03Rik	-14.761477	-11.307599
Clybl	-12.367844999999999	-8.913966
Pacsin2	-11.1222	-7.668322
Gm20685	-21.001753	-17.547876000000002
Cacna1c	-12.19025	-8.736372
Kctd21	-14.6404505	-11.186572
Gm15535	-15.437232999999999	-11.983355
Trim16	-13.908349	-10.454471
H1f0	-11.737778	-8.283899
Olfr1393	-19.903141	-16.449265
Arf2	-12.212855000000001	-8.758977
Nyap1	-14.249482999999998	-10.795605
Tmem87b	-11.613099	-8.159221
Fgf12	-16.239578	-12.785701
Tph2	-19.392315	-15.938437
Gpr17	-18.00602	-14.552142000000002
1700092M07Rik	-20.308605	-16.854729000000003
Psmb4	-10.311105	-6.857227000000001
Plekha5	-11.762049000000001	-8.30817
Gm4907	-19.615458	-16.161580999999998
Appl1	-11.334748	-7.8808703
Spag1	-15.0774975	-11.623619
Herc3	-12.810013	-9.356133999999999
Klhl23	-12.464561	-9.010683
Slc38a6	-14.152687	-10.698808999999999
Hdac11	-13.000063	-9.546185000000001
Slc7a3	-17.600555	-14.146678
Ereg	-13.199544	-9.745666
Gm39653	-21.001753	-17.547876000000002
Tep1	-13.06975	-9.615871
R3hdm2	-10.8679085	-7.414030599999999
B4galt1	-12.224506	-8.770628
9130015G15Rik	-16.958702	-13.504824
Gm50196	-17.475391000000002	-14.021514000000002
Rsph1	-14.08901	-10.635132
Dlgap4	-10.935382	-7.481503999999999
Cep152	-14.857567999999999	-11.403689
Zfp180	-13.085311	-9.631433
Krt17	-19.209993	-15.756116
Ttll12	-14.285158	-10.83128
Gm36899	-17.505245000000002	-14.051368
Pcdhb20	-14.369751999999998	-10.915874
Coro1b	-13.281292	-9.827414
Gm16196	-15.52529	-12.071411
Rgs7bp	-10.46042	-7.0065417000000005
Fmc1	-10.954815	-7.5009369999999995
Gtdc1	-13.989638000000001	-10.53576
2900072N19Rik	-18.057314	-14.603435999999999
4930505N22Rik	-18.057314	-14.603435999999999
Vac14	-13.330858	-9.87698
Ctla2b	-17.823698	-14.369821
Ankrd49	-12.795715	-9.341837
Fbxo32	-10.363066	-6.909188
Nrg1	-21.001753	-17.547876000000002
Nxf2	-17.823698	-14.369821
Snhg14	-13.9647255	-10.510847
Gng5	-9.343836	-5.8899584
Gm31356	-16.231068	-12.77719
Bfar	-11.639379	-8.1855
Pcdh18	-13.868457000000001	-10.414578
Ptms	-8.4829855	-5.0291076
Cacna1a	-14.534054999999999	-11.080176
Nfatc3	-12.368734	-8.914856
Znhit1	-11.586433	-8.132555
Eif4ebp1	-11.096617	-7.642739
Zfp968	-15.26196	-11.808082
Dcaf4	-13.93273	-10.478850999999999
Zpr1	-12.451125	-8.997247
Polr1a	-13.27554	-9.821662
Trmt13	-12.773844	-9.319965
Prmt5	-12.66297	-9.209091
Selenom	-9.675748	-6.22187
Smchd1	-11.045056	-7.5911783999999995
Gm20743	-18.111382	-14.657504000000001
A430033K04Rik	-14.251822	-10.797944000000001
R3hdm1	-11.551373	-8.097494000000001
Cdk14	-13.346835999999998	-9.892958
Srrt	-11.883747	-8.429869
Cops5	-11.597739	-8.143861
Elp1	-12.880272999999999	-9.426394
Rpl30	-8.058867999999999	-4.6049904999999995
Popdc2	-13.12284	-9.668961999999999
1700003I16Rik	-20.308605	-16.854729000000003
Fam71e1	-15.196617999999999	-11.74274
Arpc5	-11.126614	-7.6727357000000005
Slc16a12	-21.001753	-17.547876000000002
Thsd4	-10.227202	-6.773324499999999
Gucy1a2	-14.463613500000001	-11.009735000000001
Trmt11	-13.350634	-9.896755
Naa15	-11.547761	-8.093883
Tns1	-8.638722999999999	-5.184846
Gm1976	-14.154810000000001	-10.700932
Phlda2	-18.00602	-14.552142000000002
St6galnac1	-19.903141	-16.449265
Ogfrl1	-12.483361	-9.029483
Fkbp3	-11.099116	-7.6452384
Lingo1	-15.739063	-12.285185
Plekhf2	-12.591923	-9.138044
3010003L21Rik	-15.161112	-11.707233
Dnajc15	-11.803587	-8.349708999999999
Coq8a	-11.885504	-8.431625
1700016G22Rik	-17.173111	-13.7192335
Malat1	-5.428205	-1.9743273999999997
Gm29707	-17.91071	-14.456832
Umad1	-13.621497	-10.167619
Tamm41	-14.337344	-10.883466
Zfp746	-13.242566	-9.788688
4930556C24Rik	-21.001753	-17.547876000000002
Znhit3	-12.4499655	-8.996087
Dap3	-11.753058	-8.29918
Zhx1	-11.884625	-8.430747
Borcs5	-13.401851999999998	-9.947973
P2rx1	-11.937016499999999	-8.483138
Mafa	-14.861869	-11.40799
Sh2d1b1	-21.001753	-17.547876000000002
Tmco4	-14.031023000000001	-10.577145
Gm48321	-17.95723	-14.503352
1700034E13Rik	-18.111382	-14.657504000000001
Tor1b	-11.581395	-8.127517
Tial1	-11.831819	-8.377939999999999
Gm26930	-16.096478	-12.6426
Slc4a1	-21.001753	-17.547876000000002
Cd300lb	-20.308605	-16.854729000000003
1810062G17Rik	-14.4183445	-10.964466
Gm19409	-15.621856	-12.167977
Afg3l2	-12.489573	-9.035694
Pcdhb19	-14.813489	-11.359611
Vmn1r218	-18.699167000000003	-15.245289999999999
Grin2a	-19.392315	-15.938437
Rusc2	-11.718999	-8.2651205
Rnf138	-12.123674000000001	-8.669796
Hs6st1	-13.724504999999999	-10.270627000000001
Fbxl20	-12.206625	-8.752747
Gm39228	-16.274364000000002	-12.820487
Itprip	-13.901726000000002	-10.447847
G530011O06Rik	-14.616559	-11.162681
Mars	-12.746445	-9.292566
Trappc1	-12.267033	-8.813153999999999
2310047D07Rik	-16.524416	-13.0705385
Katnal1	-13.121326999999999	-9.667449000000001
Scn2b	-14.9734745	-11.519596
Aldh8a1	-18.111382	-14.657504000000001
Slc5a5	-17.866259	-14.412381
Nthl1	-12.880272999999999	-9.426394
Csf2ra	-14.247148999999999	-10.793271
Sh3rf1	-13.313298000000001	-9.85942
Acbd5	-11.457444	-8.003566000000001
Upf1	-11.904694000000001	-8.450814999999999
Gm9946	-18.804527	-15.35065
Gabarapl2	-10.569463	-7.115585
Gm9961	-20.308605	-16.854729000000003
Kcnj8	-12.155111999999999	-8.701234
Snrpb	-10.084649	-6.630771000000001
Spic	-19.615458	-16.161580999999998
Kank4	-13.699931	-10.246053
Frmpd3	-21.001753	-17.547876000000002
Pdha1	-11.17272	-7.7188419999999995
Rbm6	-11.842601	-8.388722
Rab1b	-11.560777999999999	-8.106899
Dusp9	-19.209993	-15.756116
Pinx1	-12.7984495	-9.344571
Nelfe	-12.237544	-8.783666
Atp5d	-9.753718	-6.2998405
Bcdin3d	-13.739123999999999	-10.285246
Syt11	-11.516511999999999	-8.0626335
Dmkn	-18.804527	-15.35065
Slc43a3	-13.118684	-9.664805
Gm4319	-21.001753	-17.547876000000002
Mkln1	-11.245142999999999	-7.791264999999999
Supt3	-13.3679	-9.9140215
Rlim	-12.084711	-8.630833
Gm35934	-19.615458	-16.161580999999998
Gm48940	-19.055841	-15.601964
Trp53cor1	-16.347792000000002	-12.893914
Hist1h2bg	-17.669548000000002	-14.215670999999999
Slc6a6	-11.028506	-7.5746284
Slc4a8	-13.720367000000001	-10.266489
Gm4211	-18.699167000000003	-15.245289999999999
Vsnl1	-19.615458	-16.161580999999998
Ndufa7	-9.614879	-6.161000700000001
Gm10561	-13.519634	-10.065756
Pwwp2b	-13.759670999999999	-10.305793
Gstp1	-10.471579	-7.0177007
4930433N12Rik	-18.111382	-14.657504000000001
Pabpc4	-12.193086	-8.739207
Agpat2	-12.71347	-9.259592
Zc3h15	-10.908845	-7.454967
Crb3	-16.711294	-13.257416000000001
Pdf	-15.271653	-11.817775
BC025920	-16.827366	-13.373486999999999
Gm40977	-20.308605	-16.854729000000003
Gm11574	-19.615458	-16.161580999999998
Usp2	-13.105945	-9.652066
Gm47761	-19.209993	-15.756116
Olfr107	-19.055841	-15.601964
Gucy2c	-21.001753	-17.547876000000002
Gnao1	-12.3600445	-8.906166
Akap8l	-12.066245	-8.612366999999999
Gm30173	-19.903141	-16.449265
Stat4	-19.903141	-16.449265
Gm34730	-21.001753	-17.547876000000002
2810407A14Rik	-18.804527	-15.35065
Gm36043	-19.903141	-16.449265
Pias2	-13.134265	-9.680387
Mccc1os	-17.634457	-14.180579000000002
5730455P16Rik	-12.358457000000001	-8.904578
Rundc1	-13.774817	-10.320939
Sorcs1	-19.903141	-16.449265
Gm47425	-16.427042	-12.973164
Fam71e2	-21.001753	-17.547876000000002
Rps4x	-8.050767	-4.596889
Epha2	-17.01277	-13.558891000000001
S100a13	-10.268492	-6.814614
Rgs10	-13.2502775	-9.796399000000001
Tmem259	-11.644805	-8.190927
Dpep3	-21.001753	-17.547876000000002
Ephx2	-15.196617999999999	-11.74274
Prpf3	-12.989073	-9.535194
Pdgfb	-14.189407999999998	-10.73553
Cse1l	-12.53312	-9.079242
Cyp2d22	-13.448991	-9.995111999999999
Hist1h4c	-14.535607999999998	-11.08173
Grik4	-19.903141	-16.449265
Fam160a1	-13.291996	-9.838118
Rbl1	-14.5915785	-11.1377
Asb2	-11.324225	-7.8703475
B930094E09Rik	-16.645044	-13.191166
2700081O15Rik	-12.845243	-9.391364999999999
1700109K24Rik	-18.00602	-14.552142000000002
Zfp808	-15.508692000000002	-12.054813000000001
Slc45a4	-12.994053	-9.5401745
Ufsp1	-13.675946	-10.222068
Olfr1238	-19.055841	-15.601964
Zfp938	-12.443033999999999	-8.989156
AI463229	-21.001753	-17.547876000000002
1600002K03Rik	-12.805317	-9.351438499999999
4930544F09Rik	-18.516845999999997	-15.062968
Cep295nl	-15.448792999999998	-11.994914999999999
3930402G23Rik	-15.776007	-12.322128
Pcgf5	-10.801389	-7.347511
Tex19.1	-21.001753	-17.547876000000002
Gm15902	-18.16854	-14.714661999999999
Efhd1os	-18.603857	-15.14998
Gm15851	-16.141941	-12.688063
Arl11	-19.055841	-15.601964
Gm3734	-18.922311999999998	-15.468434
Nmrk2	-16.570936	-13.117057999999998
Saa3	-17.264084	-13.810204999999998
Gm3455	-21.001753	-17.547876000000002
Zfp28	-14.565603	-11.111725
A730063M14Rik	-14.511029999999998	-11.057152
Gm48730	-21.001753	-17.547876000000002
Gm28867	-17.634457	-14.180579000000002
Ifngr1	-11.736073	-8.282194
Cct8	-10.707237	-7.2533593
Gm38134	-19.055841	-15.601964
Nt5dc2	-14.890285500000001	-11.436407
5730405O15Rik	-16.437405	-12.983527
Clu	-9.131608	-5.67773
A430005L14Rik	-12.219124	-8.765245
Tssk6	-16.134218	-12.680341
Pi16	-13.357312	-9.903433999999999
Tpd52l1	-12.634453	-9.180574
Trim72	-19.055841	-15.601964
Gm12798	-21.001753	-17.547876000000002
Itfg1	-11.471651	-8.017773
Slco3a1	-11.421437	-7.9675593
Afmid	-13.773365	-10.319486999999999
Arl15	-13.821684	-10.3678055
Hand2	-12.431588	-8.97771
Snrpa1	-11.901116	-8.447238
Vxn	-21.001753	-17.547876000000002
Tpm4	-10.524212	-7.070334
Gpat3	-15.608126	-12.154247
Ercc1	-12.067957	-8.6140785
Psen1	-12.797082000000001	-9.343204
Cfap97	-12.187422999999999	-8.733544
Xpo1	-11.784934	-8.331056
Rsrc1	-11.664076	-8.210197
Ddx60	-17.91071	-14.456832
Scnn1a	-16.458458	-13.0045805
Gm50087	-19.392315	-15.938437
Mterf4	-13.332725	-9.878846000000001
Ripk1	-12.16538	-8.711501
Gm50358	-17.91071	-14.456832
Heatr5a	-12.151666	-8.697787
Rnf150	-11.648178999999999	-8.194301
Il18	-17.264084	-13.810204999999998
Naa16	-12.429126	-8.975247
Csnk2b	-10.99598	-7.5421023
Siglece	-19.615458	-16.161580999999998
Fabp5	-12.683988000000001	-9.230108999999999
Znrd1as	-13.368382999999998	-9.914505
Bpifb5	-21.001753	-17.547876000000002
Mab21l3	-18.516845999999997	-15.062968
Gm43514	-17.536016	-14.082139000000002
Gm38037	-18.436804000000002	-14.982926
Btk	-19.903141	-16.449265
Catsper2	-15.865955	-12.412077
Bbof1	-16.111404	-12.657525999999999
Fap	-14.142138500000001	-10.688260000000001
Prss12	-14.183923000000002	-10.730044
Ccdc60	-14.454967499999999	-11.001089
Gm45605	-15.693485	-12.239607000000001
Pdlim2	-11.0862875	-7.632409599999999
Uvrag	-12.109142	-8.655264
Klhl18	-13.214372000000001	-9.760492999999999
Gm20616	-19.392315	-15.938437
Gm47043	-18.16854	-14.714661999999999
Timm8b	-10.76695	-7.3130717
Kdm8	-15.082859	-11.628981
1700099I09Rik	-20.308605	-16.854729000000003
Epor	-18.16854	-14.714661999999999
Trim3	-12.678388	-9.224509
Nptxr	-12.88713	-9.433251
Ptrhd1	-12.509058	-9.05518
Kif5b	-9.608478999999999	-6.154601
Pphln1	-12.770377	-9.316499
Ppox	-13.082397	-9.628519
Csmd3	-21.001753	-17.547876000000002
Gm12946	-19.903141	-16.449265
Sf1	-11.620742	-8.166863000000001
Mepce	-12.33873	-8.884851
Vmn2r100	-19.903141	-16.449265
Cnot10	-11.900335	-8.446457
Gm43774	-15.836967000000001	-12.383089
Hmga1b	-18.922311999999998	-15.468434
Nudt17	-15.612681	-12.158803
Gm49719	-15.612681	-12.158803
Elovl3	-18.057314	-14.603435999999999
Trmt1l	-12.63678	-9.182901
Spib	-19.615458	-16.161580999999998
Gm12830	-18.603857	-15.14998
Fyttd1	-10.849806	-7.395928
H13	-11.418402	-7.964524000000001
Traf3ip3	-20.308605	-16.854729000000003
Apex2	-13.791673999999999	-10.337795
Clasp2	-11.655223	-8.201344500000001
Ric8a	-12.277221	-8.823342
Psap	-9.516075	-6.0621977
Gm17655	-15.381352	-11.927474
Gimap3	-19.903141	-16.449265
Pgpep1	-12.761896	-9.308017999999999
Bscl2	-12.012309	-8.558431
Emilin2	-17.364166	-13.910289
Nqo1	-12.595044999999999	-9.141167
Aifm3	-17.390835	-13.936957000000001
Gm33027	-19.615458	-16.161580999999998
Prom1	-19.615458	-16.161580999999998
Gm6525	-18.516845999999997	-15.062968
Hnrnpul2	-10.943016	-7.4891380000000005
Gm32856	-15.797747	-12.343867999999999
Serpinb1b	-21.001753	-17.547876000000002
Farsb	-12.571862	-9.117984
Gm45615	-20.308605	-16.854729000000003
Zfp9	-12.249963000000001	-8.796084
Cul4b	-12.751394	-9.297516
Sdf4	-10.623864999999999	-7.169987
Nmral1	-13.817882999999998	-10.364004
Gm765	-19.055841	-15.601964
1600014C10Rik	-13.471810000000001	-10.017932
Fsd1	-16.607304	-13.153426000000001
Ccdc86	-13.018655	-9.564776
Tnfsf14	-21.001753	-17.547876000000002
Fry	-10.687714	-7.2338357
H2afv	-10.323124	-6.869246
Zbtb2	-13.534382	-10.080503
Csrnp2	-14.809391	-11.355513
Cdh4	-14.912707999999999	-11.45883
Gm29650	-16.134218	-12.680341
Agtr1a	-15.590107000000001	-12.136229
Ccdc189	-15.563673999999999	-12.109796000000001
Dalrd3	-12.560362	-9.106483
Gan	-13.007795	-9.553917
Cacna1g	-16.697687	-13.24381
Gm20089	-20.308605	-16.854729000000003
Kmo	-19.209993	-15.756116
Serpinb6b	-11.32548	-7.8716025
Asic1	-19.615458	-16.161580999999998
Tbc1d2b	-12.139978	-8.6861
Arhgef39	-14.947314000000002	-11.493436
Tmtc4	-13.833944	-10.380066000000001
Lyar	-11.696831	-8.242952
Gm36159	-21.001753	-17.547876000000002
Tubd1	-14.293669	-10.839789999999999
Lox	-10.656758	-7.202880400000001
Mpl	-19.392315	-15.938437
Rem2	-18.922311999999998	-15.468434
Mtbp	-14.120342	-10.666464
Gins3	-14.704644	-11.250766
Snrnp70	-10.725462	-7.271584
Gatb	-14.027273999999998	-10.573396
Srgn	-15.274904999999999	-11.821027
Cdkn1c	-12.00053	-8.546652
Nova1	-17.475391000000002	-14.021514000000002
Adgrl4	-19.055841	-15.601964
4732471J01Rik	-16.490892000000002	-13.037015
Gm36172	-19.903141	-16.449265
Rap2a	-12.666322000000001	-9.212442999999999
Actr8	-12.529767	-9.075889
Rfk	-11.972336	-8.518457000000001
Esrra	-13.010838	-9.556958999999999
Golga5	-12.100114999999999	-8.646236
Ajap1	-19.209993	-15.756116
Snx20	-18.293703	-14.839826
Cnih3	-18.516845999999997	-15.062968
Nudt5	-12.838382000000001	-9.384503
Synj2	-12.331496000000001	-8.877618
Gm15751	-19.209993	-15.756116
Cachd1	-13.667423999999999	-10.213546000000001
Kank4os	-21.001753	-17.547876000000002
Tgm2	-10.402047999999999	-6.948169999999999
E230029C05Rik	-15.407042	-11.953163
Gpc1	-13.367416	-9.913538
Limk2	-13.858135999999998	-10.404258
Hist1h3a	-16.684265	-13.230387
Ttc8	-12.851863	-9.3979845
Fgd5	-17.705915	-14.252038
Ttc13	-13.300101000000002	-9.846223
Plpp5	-12.482961999999999	-9.029083
Atxn3	-12.686432	-9.2325535
4930471G03Rik	-21.001753	-17.547876000000002
Trim34b	-20.308605	-16.854729000000003
Tmem65	-11.112212	-7.658334299999999
Jrk	-15.214856	-11.760978
S1pr4	-19.392315	-15.938437
Spice1	-13.289757	-9.835878
Lhcgr	-18.516845999999997	-15.062968
Mir142hg	-20.308605	-16.854729000000003
Zfp872	-14.588294	-11.134416
Slc39a10	-13.003753999999999	-9.549875
Prdm1	-21.001753	-17.547876000000002
Rd3	-19.903141	-16.449265
Banf1	-10.822986	-7.369107700000001
Rassf2	-16.157566	-12.703688
Ctss	-17.475391000000002	-14.021514000000002
Ucn	-20.308605	-16.854729000000003
Smim3	-13.747576	-10.293697
Opcml	-17.08973	-13.635851999999998
Kcnk1	-15.04851	-11.594631
Ost4	-9.798769	-6.3448910000000005
Cyth2	-11.619647	-8.165769000000001
Mrm3	-14.091002	-10.637124
Unc119	-11.957467	-8.503589
Ffar2	-21.001753	-17.547876000000002
Sptbn2	-19.055841	-15.601964
Rimbp3	-19.903141	-16.449265
Myoz1	-14.583388000000001	-11.12951
Gm11412	-19.903141	-16.449265
Snrpa	-11.840603	-8.386724000000001
Ccdc58	-13.230685999999999	-9.776808
Nfix	-9.474008	-6.02013
Gpr35	-19.615458	-16.161580999999998
Gm40723	-21.001753	-17.547876000000002
Gm48623	-15.537922	-12.0840435
Usp13	-12.989735000000001	-9.535855999999999
Lat	-17.782877	-14.3289995
Gal3st2c	-16.890879	-13.437001
Ccnd1	-14.801244	-11.347365
Lhpp	-13.249417999999999	-9.795539999999999
Egr3	-12.678388	-9.224509
Rabac1	-9.294058999999999	-5.8401814000000005
Lmo7	-14.859715	-11.405837
Cfap157	-17.866259	-14.412381
Tbp	-13.53839	-10.084512
Slc4a10	-17.031462	-13.577582999999999
Rps18	-8.430617	-4.9767394
Slco4a1	-21.001753	-17.547876000000002
Fance	-12.201789999999999	-8.747911
Gm42457	-19.392315	-15.938437
Csf3	-18.603857	-15.14998
2810430I11Rik	-15.484301	-12.030422
Ddx19b	-13.638473499999998	-10.184595
Gm20442	-19.055841	-15.601964
Cenpv	-13.026532000000001	-9.572654
Lilrb4a	-18.362696	-14.908818
Omp	-18.922311999999998	-15.468434
Gm12827	-18.804527	-15.35065
Gm37756	-17.743656	-14.289779000000001
Gm3519	-17.823698	-14.369821
Gm29325	-18.293703	-14.839826
Gm27028	-17.91071	-14.456832
Zfp644	-10.718119	-7.2642407
Rab14	-10.181735	-6.727857000000001
Polr3g	-15.508692000000002	-12.054813000000001
Nol9	-13.561020000000001	-10.1071415
Zdbf2	-15.311394	-11.857515
Tmem129	-13.2808485	-9.82697
Tfcp2l1	-16.671019	-13.217141
Dctn3	-11.519327	-8.065449000000001
Clk1	-10.945888499999999	-7.4920106
Myd88	-13.283512	-9.829634
Bcam	-9.627332000000001	-6.173454
Akap12	-12.46143	-9.007551
Gstt3	-12.661775	-9.207896
Cerk	-12.562737	-9.108858999999999
Otub1	-11.756046000000001	-8.302168
Fer1l6	-18.603857	-15.14998
Lrrc4c	-19.615458	-16.161580999999998
Gm47863	-14.154810000000001	-10.700932
Gm34680	-19.615458	-16.161580999999998
Gsdmd	-15.895807999999999	-12.441930000000001
Stx3	-13.347783999999999	-9.893906
Rbakdn	-19.615458	-16.161580999999998
Phf20l1	-11.105542	-7.651664299999999
Cxcl16	-14.178467000000001	-10.724588
Dcdc2c	-21.001753	-17.547876000000002
Copg1	-11.560222	-8.106342999999999
Gm49741	-15.496422	-12.042542999999998
Gm15938	-17.567766	-14.113888000000001
Kdm2b	-13.265447	-9.811568
Arl10	-13.565135999999999	-10.111258
Castor1	-12.937117	-9.483238
Bbs5	-13.410397	-9.956517999999999
Dnajc24	-12.878196	-9.424317
Ecm2	-10.202484	-6.748606
Ticam1	-13.837807000000002	-10.383928
Olfr374	-19.209993	-15.756116
Prss23os	-16.711294	-13.257416000000001
Hoxa5	-12.58615	-9.132272
Vmn1r86	-20.308605	-16.854729000000003
Gm17160	-21.001753	-17.547876000000002
Chmp4b	-10.544898	-7.091019999999999
Pprc1	-13.313298000000001	-9.85942
D630045J12Rik	-14.797195	-11.343316999999999
Nsrp1	-11.342122	-7.888244
Map3k2	-11.36693	-7.913052
Hyal1	-12.597057000000001	-9.143179
Rrp1	-10.910872999999999	-7.4569955000000006
Pxdc1	-11.096019	-7.6421410000000005
Gm48814	-18.111382	-14.657504000000001
Uncx	-19.903141	-16.449265
Luc7l	-11.981484	-8.527606
Kcnd2	-19.209993	-15.756116
Col4a5	-9.92963	-6.4757524
Snhg17	-13.855769	-10.401891
Lypd6b	-21.001753	-17.547876000000002
Gm32014	-18.00602	-14.552142000000002
Igtp	-14.866188000000001	-11.41231
Ubqln4	-13.21853	-9.764650999999999
Gm10817	-17.600555	-14.146678
1700027A07Rik	-19.209993	-15.756116
Rmc1	-13.319270999999999	-9.865393
C730034F03Rik	-14.4059725	-10.952094
Alx1	-17.195091	-13.741213
Clcn4	-11.275839	-7.821961
Emilin3	-19.903141	-16.449265
1700025N23Rik	-21.001753	-17.547876000000002
Kif23	-15.865955	-12.412077
Asap2	-10.500502000000001	-7.0466237000000005
Spag5	-17.240553	-13.7866745
Arhgap11a	-15.895807999999999	-12.441930000000001
Adipor1	-11.166812	-7.712934
Bnip1	-13.272018	-9.81814
Mrto4	-12.178547	-8.7246685
Cdc42ep5	-11.916296	-8.462418
Angptl3	-18.293703	-14.839826
Sugct	-14.836335	-11.382457
Sh3rf2	-12.752701	-9.298822
Ssbp2	-11.339065	-7.8851867
Ddo	-13.671349	-10.21747
Adgrb1	-16.827366	-13.373486999999999
Tma16	-12.954244000000001	-9.500364999999999
Gm16364-1	-15.224101000000001	-11.770223
Olfr190	-20.308605	-16.854729000000003
Adgrg1	-16.479965	-13.026087
Ocrl	-12.455778	-9.0019
Timm21	-12.463386	-9.009507000000001
Scd1	-12.348108	-8.89423
Kif16bos	-19.209993	-15.756116
Trappc4	-11.671677	-8.217798
Olfr56	-21.001753	-17.547876000000002
Kif20a	-16.447876	-12.993998
Prorsd1	-11.787023	-8.333144
Lrp10	-11.462973	-8.009094000000001
Gm26917	-11.986697999999999	-8.53282
Cpa2	-18.293703	-14.839826
Dubr	-11.889136	-8.435258000000001
Olfr633	-18.516845999999997	-15.062968
Gm50321	-15.932849	-12.478971000000001
Fads2	-12.14609	-8.692211
Kdm6a	-12.49643	-9.042552
Fbxw10	-14.557622	-11.103744
Gm44040	-19.209993	-15.756116
Gm15527	-14.444975	-10.9910965
Gpsm3	-17.264084	-13.810204999999998
Gm47872	-17.91071	-14.456832
Uri1	-11.674787	-8.220908
Mvp	-12.070200999999999	-8.6163225
Gm16793	-15.848462	-12.394584
Gm11520	-17.08973	-13.635851999999998
Grk4	-14.028210999999999	-10.574332
Rnft2	-17.338192000000003	-13.884314000000002
Dars2	-14.201583	-10.7477045
Ube2d3	-10.155994999999999	-6.7021174
4732419C18Rik	-18.436804000000002	-14.982926
Cuzd1	-18.603857	-15.14998
Tnrc18	-10.952608	-7.49873
Atp5c1	-9.7952175	-6.3413395999999995
Fbxo39	-21.001753	-17.547876000000002
Sidt2	-11.847983000000001	-8.394105
Islr2	-18.436804000000002	-14.982926
Gm48488	-17.743656	-14.289779000000001
Pip4k2b	-13.500670999999999	-10.046793
Kif19a	-19.615458	-16.161580999999998
Ppp1r11	-11.126203	-7.6723247
Ifi207	-17.069927	-13.616048999999999
Gm15420	-17.91071	-14.456832
Ppfia1	-11.702579	-8.2487
Klhdc3	-12.162911	-8.709033
Pcdhga11	-15.311394	-11.857515
Foxc2	-12.117836	-8.663958000000001
Pdcd6ip	-10.931523	-7.4776454
Golim4	-9.943714	-6.489836
Aldh1l1	-15.640460999999998	-12.186583
Ripor2	-17.669548000000002	-14.215670999999999
Adamts10	-11.789914	-8.336036
Clasp1	-11.999545	-8.545667
Gm26513	-17.634457	-14.180579000000002
Gm16894	-18.699167000000003	-15.245289999999999
Tln2	-13.430279999999998	-9.976401
Fbxl2	-13.141954	-9.688075999999999
Cdc6	-17.705915	-14.252038
Ttc9b	-16.274364000000002	-12.820487
Stx6	-12.943425999999999	-9.489548
Eif3d	-11.208806	-7.754928
Lipa	-12.427235000000001	-8.973355999999999
S100a14	-19.392315	-15.938437
Immt	-11.170406	-7.7165284
Atp6ap2	-11.402755	-7.948877
Paxip1	-13.156338	-9.702459
Arid1b	-11.712694	-8.258816
4930532G15Rik	-14.874885	-11.421006
Tspan7	-12.300075	-8.846196
Tiprl	-11.595517	-8.141639
Gm17055	-21.001753	-17.547876000000002
Hist1h2ak	-19.209993	-15.756116
Polg	-12.483561	-9.029682000000001
Cd300c2	-19.055841	-15.601964
Pknox2	-13.8772745	-10.423396
Zc3h4	-12.865235	-9.411357
Rem1	-14.323410999999998	-10.869533
Gm13881	-21.001753	-17.547876000000002
Fam83a	-19.209993	-15.756116
Rbm17	-11.679692	-8.225814
Kcnh8	-21.001753	-17.547876000000002
Spa17	-13.276864999999999	-9.822987
Gm7102	-20.308605	-16.854729000000003
Ccnt1	-11.794719	-8.34084
Gm12996	-17.050507999999997	-13.596631
Copg2	-12.820872	-9.366994
Rps14	-7.9310279999999995	-4.4771504
Smc2	-12.869635	-9.415756
Nfrkb	-12.983787	-9.529908
Tomm22	-10.892187	-7.438308999999999
Ccl1	-18.436804000000002	-14.982926
Dpysl3	-9.816775999999999	-6.3628983
Enoph1	-13.700605	-10.246727
Rnasek	-10.078174	-6.624295699999999
Gm11342	-19.903141	-16.449265
Ulk4	-14.476723999999999	-11.022845
Ebf1	-10.361485	-6.907606599999999
Mrpl28	-11.516967999999999	-8.063089
Ccdc122	-16.501944	-13.048065
Gpr107	-12.175018	-8.72114
Tmem52	-18.699167000000003	-15.245289999999999
D930048N14Rik	-16.941309	-13.487432
Zbtb18	-13.469129999999998	-10.015251
Ccdc121	-16.958702	-13.504824
Gm11131	-17.91071	-14.456832
3010001F23Rik	-14.928709	-11.474831
Col8a1	-13.485864999999999	-10.031986
Gm15050	-13.35206	-9.898182
Rps25	-8.555125	-5.101248
Esd	-10.362323	-6.9084449999999995
Plekhm1	-13.536098	-10.082219
Gm13625	-16.37678	-12.922902
Hmox2	-11.923688	-8.46981
Slc26a3	-16.149723	-12.695845
Nkx3-1	-13.53324	-10.079362
Angptl2	-11.446477	-7.992599
Csta1	-18.804527	-15.35065
4930581F22Rik	-13.741230999999999	-10.287353
Bmp4	-14.439309	-10.985431
Gm32282	-15.010289000000002	-11.556411
Abi3bp	-10.6791935	-7.2253156
Gm11205	-16.657948	-13.204069
Thra	-10.183456	-6.729578500000001
Atad2b	-12.0757675	-8.621889
Gm12744	-21.001753	-17.547876000000002
Stam	-12.497038	-9.0431595
Psma3	-10.0821295	-6.6282516000000005
1700011D18Rik	-19.055841	-15.601964
Vps16	-12.882652	-9.428774
Gna12	-11.857339	-8.4034605
D430042O09Rik	-13.090428999999999	-9.636550999999999
Nipsnap2	-12.512342	-9.058464
Mb	-17.91071	-14.456832
Sipa1	-13.708055499999999	-10.254177
Itgae	-18.00602	-14.552142000000002
Tmem82	-13.751828	-10.29795
Ccdc74a	-15.831269	-12.377391000000001
Syt12	-16.004541	-12.550663
Mtmr9	-13.386948	-9.933069
Arfip1	-11.723474000000001	-8.269594999999999
Mex3b	-14.6404505	-11.186572
Gm36975	-19.903141	-16.449265
Trim58	-14.5817585	-11.127880000000001
Gm44867	-20.308605	-16.854729000000003
Zfp367	-12.16045	-8.706572
Ufd1	-11.9720955	-8.518217
Dnm1	-16.739073	-13.285195000000002
Nemp1	-13.403354	-9.949475
Gm15984	-21.001753	-17.547876000000002
Gm15859	-17.390835	-13.936957000000001
Snx14	-12.208445	-8.754566
Gm13212	-12.513371000000001	-9.059493
Adamts5	-11.824969	-8.371091
Api5	-11.588144999999999	-8.134267
Tpm3-rs7	-15.951898000000002	-12.498019000000001
Pdcd1lg2	-17.130551999999998	-13.676673999999998
Tcrg-C4	-21.001753	-17.547876000000002
Cuedc2	-10.950579	-7.496701
Nudcd1	-13.031704	-9.577826
Tmem126b	-12.696022	-9.242144
Sart3	-13.073708	-9.619829
Hectd1	-10.815232	-7.361354400000001
Taf7	-12.2768955	-8.823017
4930447K03Rik	-21.001753	-17.547876000000002
Aimp2	-11.983906	-8.530027
Rad51	-16.111404	-12.657525999999999
Ntf3	-11.116633	-7.662755499999999
Id4	-10.989500999999999	-7.535622999999999
Gm14027	-17.364166	-13.910289
Prune1	-13.450041	-9.996162
Nme1	-11.28562	-7.831742
Ngef	-12.759523	-9.305645
Pla2g3	-18.229164	-14.775286999999999
BB218582	-14.201583	-10.7477045
Dgcr8	-13.036208	-9.58233
Pik3ip1	-12.135313	-8.681435
Gm19426	-14.532503	-11.078625
Hrc	-12.668963	-9.215085
Calhm2	-13.058681	-9.604802000000001
Nfkbiz	-12.0896845	-8.635806
Kctd5	-13.365967000000001	-9.912088
Tmem200b	-14.654364999999999	-11.200486
Gm28913	-17.364166	-13.910289
Krt8	-18.00602	-14.552142000000002
Foxd2os	-15.926579	-12.472700999999999
Gm19696	-20.308605	-16.854729000000003
Vasp	-10.8017235	-7.347845599999999
Zfp507	-13.034125999999999	-9.580248
Ptpn9	-12.094006	-8.640127
Tbc1d32	-13.518509	-10.0646305
Gm35576	-17.130551999999998	-13.676673999999998
Kcnt1	-17.390835	-13.936957000000001
4933431K23Rik	-18.229164	-14.775286999999999
Gm43566	-16.357363	-12.903483999999999
Sema3b	-12.325849	-8.87197
Piga	-14.233260000000001	-10.779382
Gm14546	-21.001753	-17.547876000000002
Foxj2	-12.153388	-8.69951
Gm12905	-16.111404	-12.657525999999999
Ptpa	-11.776819999999999	-8.322942
Arl4c	-14.076159	-10.62228
Sec13	-11.2481	-7.7942224
Mrpl48	-11.2534	-7.7995220000000005
Nrde2	-13.5129	-10.059022
Psd4	-19.903141	-16.449265
Nek2	-17.069927	-13.616048999999999
Psmd6	-11.034915	-7.581036999999999
Gm48740	-18.057314	-14.603435999999999
Dad1	-9.962326	-6.5084480000000005
1700028E10Rik	-15.951898000000002	-12.498019000000001
Gm28932	-16.06011	-12.606233
Cdc37l1	-10.856104	-7.402226
Gm45216	-18.922311999999998	-15.468434
Gm49795	-18.922311999999998	-15.468434
Slc4a5	-18.293703	-14.839826
Pard3bos1	-16.99442	-13.540542000000002
Zfp27	-14.036673	-10.582794
Rnf4	-12.170041000000001	-8.716163
Mrgprd	-19.615458	-16.161580999999998
Ssc4d	-16.357363	-12.903483999999999
E130218I03Rik	-21.001753	-17.547876000000002
Gm15247	-16.081772	-12.627894
Tex9	-13.486954	-10.033075
Cox8a	-8.919210000000001	-5.465333
Syne3	-14.313398000000001	-10.85952
Calcrl	-12.051739999999999	-8.597861
Sfxn5	-14.751779	-11.2979
Hcst	-19.055841	-15.601964
Chl1	-18.00602	-14.552142000000002
Spata18	-16.797060000000002	-13.343182999999998
Gm35550	-18.922311999999998	-15.468434
Ptpre	-17.338192000000003	-13.884314000000002
Itfg2	-13.287969	-9.83409
Zc3h3	-13.823970999999998	-10.370092
Gm44731	-16.205963	-12.752085000000001
Zfp286	-14.018889999999999	-10.565012
Xpa	-12.043599	-8.589721
Serinc2	-17.390835	-13.936957000000001
Setd1a	-12.800916	-9.347037
Rab4a	-13.22145	-9.767571
Ces2e	-19.392315	-15.938437
4930404A12Rik	-19.209993	-15.756116
Ipo13	-12.892828999999999	-9.438951
Glra1	-16.827366	-13.373486999999999
Lin54	-13.392385999999998	-9.938508
Ptp4a3	-11.051573	-7.597695
Poli	-14.170879000000001	-10.717001
Irs1	-12.68228	-9.228401
AC241534.1	-14.885860999999998	-11.431983
Gm45510	-21.001753	-17.547876000000002
Ak4	-14.775217000000001	-11.321339
Jchain	-18.362696	-14.908818
Unc5b	-13.222705	-9.7688265
Dlst	-12.023598	-8.569719000000001
Vps25	-14.769305	-11.315427
Tyw1	-13.007121000000001	-9.553243
Vmp1	-12.034632	-8.580753
Arhgef16	-17.567766	-14.113888000000001
Fastkd2	-13.342111	-9.888232
Carnmt1	-12.114514999999999	-8.660637
Gm35572	-17.446405	-13.992526999999999
Gm28616	-21.001753	-17.547876000000002
Trip11	-10.697042999999999	-7.2431655
Anapc16	-11.373361000000001	-7.9194827000000005
B3gat3	-12.118945	-8.665067
Pmvk	-12.002257	-8.548378999999999
Pde3b	-14.23441	-10.780532000000001
Ssh1	-12.213008	-8.75913
Gm48707	-19.209993	-15.756116
Riok3	-11.518946000000001	-8.065066999999999
Apol7a	-19.615458	-16.161580999999998
Ltc4s	-17.338192000000003	-13.884314000000002
Nfyb	-12.254083999999999	-8.800205
Hspa13	-12.140262	-8.686383
Shld1	-12.794079	-9.3402
Vegfd	-12.260617	-8.806739
Stim2	-12.745666	-9.291787
Top3a	-14.27193	-10.818050999999999
2310039L15Rik	-18.111382	-14.657504000000001
Pomc	-15.585653	-12.131775
Ddc	-16.089098	-12.635221000000001
Mad2l1	-14.647383999999999	-11.193505
Gm9920	-17.475391000000002	-14.021514000000002
Arl13b	-11.808763	-8.354884
Mcm6	-11.944215	-8.490336
Crnde	-15.901887	-12.448008999999999
Oplah	-13.609106	-10.155228
Fancd2	-15.71855	-12.264671
Atcayos	-12.06047	-8.606591
Gm16279	-16.301273000000002	-12.847395
Rspo3	-12.585486	-9.131608
Cenpl	-14.963882	-11.510003999999999
Pacsin3	-12.282109	-8.828231
Oas1c	-15.074826999999999	-11.620949000000001
Cd79b	-19.615458	-16.161580999999998
Tpgs1	-11.800858	-8.346979
Myl6	-6.48335	-3.0294724
Slc35a5	-12.6158085	-9.16193
Col25a1	-19.615458	-16.161580999999998
Thada	-13.666772	-10.2128935
Gm49476	-18.362696	-14.908818
Lypla1	-12.032975	-8.579097
Pard3	-12.14609	-8.692211
Ly6m	-20.308605	-16.854729000000003
Nmnat1	-13.847138000000001	-10.39326
Letm2	-12.959697	-9.505818
Gm49463	-14.732657000000001	-11.278779
Kri1	-13.508992999999998	-10.055114999999999
Cog4	-12.53965	-9.085772
Zfp219	-12.855044	-9.401166
Magi3	-12.9854355	-9.531557000000001
Col8a2	-17.338192000000003	-13.884314000000002
Gm34574	-19.209993	-15.756116
Best1	-16.711294	-13.257416000000001
Gm39526	-18.436804000000002	-14.982926
Gatad1	-10.973574000000001	-7.5196958
Lpgat1	-12.036036	-8.582157
Ttc14	-11.412429	-7.958550999999999
Tgm1	-21.001753	-17.547876000000002
4930506C21Rik	-16.582912	-13.129033999999999
Gm36988	-16.469151999999998	-13.015275
Tank	-12.360928	-8.907049
Nudt8	-13.418505999999999	-9.964627
Sdc4	-9.965508999999999	-6.5116315
Gm10138	-14.937968	-11.48409
Tmem116	-16.907408	-13.453529999999999
Ralgps2	-16.739073	-13.285195000000002
Gabra3	-11.679604	-8.225725
Apcdd1	-13.703985000000001	-10.250107
Ulk3	-14.509514000000001	-11.055635
Dido1	-12.077763000000001	-8.623884
Fam120a	-11.265206	-7.8113284
Pelp1	-12.600644	-9.146766
Cldn7	-15.908002999999999	-12.454124
Vps13a	-11.690844	-8.236965
Tfpt	-12.826769	-9.37289
Gm15672	-15.808797	-12.3549185
1700022H01Rik	-17.743656	-14.289779000000001
Fam219a	-13.642285000000001	-10.188407000000002
Sez6l	-20.308605	-16.854729000000003
Arl2bp	-11.783742	-8.329864
F13a1	-14.781163000000001	-11.327285
Ccdc106	-15.603591	-12.149713
E230016K23Rik	-18.699167000000003	-15.245289999999999
Zbtb45	-13.814853	-10.360974
Lyz2	-14.730764	-11.276886
Slc12a7	-13.942995000000002	-10.489117
Rbm3os	-17.567766	-14.113888000000001
Zdhhc23	-13.073347	-9.619469
Zfp58	-13.878885999999998	-10.425008
Pcdhb3	-16.513117	-13.059238
Mag	-18.922311999999998	-15.468434
Capns1	-9.694377000000001	-6.240499
1700124L16Rik	-17.782877	-14.3289995
Arg1	-17.95723	-14.503352
Gm3512	-18.293703	-14.839826
Add1	-11.247346	-7.793467999999999
Slc9a8	-13.578782	-10.124903999999999
Gm43825	-18.00602	-14.552142000000002
Hist1h1d	-15.617257999999998	-12.16338
Tceal8	-11.520775	-8.066896
Nacc1	-12.377680999999999	-8.923802
Tcp11l2	-12.458697	-9.004819
Usp37	-13.070109	-9.616230999999999
Fam151a	-19.615458	-16.161580999999998
Ago1	-12.267838000000001	-8.813958999999999
Tesk1	-11.777016999999999	-8.323138
Ep300	-11.559746	-8.105867
Spdl1	-16.84287	-13.388992000000002
Sbf2	-12.037058	-8.583179
Atg12	-12.017938000000001	-8.564059
Phospho2	-12.861438	-9.407559
Tfap2b	-14.935645000000001	-11.481767
Hlcs	-13.820162	-10.366283000000001
Gm14285	-15.836967000000001	-12.383089
Dzank1	-14.944969	-11.491091
Rab10os	-13.148148999999998	-9.69427
Elp2	-12.648021	-9.194142
Gm15816	-18.229164	-14.775286999999999
Cbx3	-10.941989	-7.488111
Map2k3os	-14.022607999999998	-10.568729
Gm14764	-18.229164	-14.775286999999999
Unc5d	-14.220695499999998	-10.766817
Smad3	-13.506210999999999	-10.052333
Gm11479	-20.308605	-16.854729000000003
Gm29155	-18.00602	-14.552142000000002
Acta2	-5.5680737	-2.1141963
Wfdc1	-9.898617999999999	-6.44474
Ivd	-12.01982	-8.565942
Rps16	-8.042989	-4.5891113
Hmgcr	-12.606728	-9.152849
Pcdhb22	-13.910010999999999	-10.456133
Eif4g3	-11.579695	-8.125816
Isg20	-15.673877	-12.219998
Olfr1381	-19.615458	-16.161580999999998
Gm11454	-21.001753	-17.547876000000002
Gm4707	-15.26196	-11.808082
Dtnbos	-19.392315	-15.938437
Slc7a15	-21.001753	-17.547876000000002
Gm48684	-19.392315	-15.938437
Gm35206	-19.392315	-15.938437
Dnttip1	-12.087665	-8.633786
Dus4l	-14.202698000000002	-10.748819000000001
Pik3ca	-11.260962	-7.8070835999999995
Gm42938	-18.516845999999997	-15.062968
Rps13	-8.483108999999999	-5.0292315
Gm47701	-18.804527	-15.35065
Gm3137	-19.903141	-16.449265
Zfp950	-11.956878	-8.502999
Hsh2d	-21.001753	-17.547876000000002
Gm15674	-21.001753	-17.547876000000002
Raph1	-12.237231	-8.783353
Cfap46	-17.91071	-14.456832
Mccc1	-13.023442	-9.569564
Fubp1	-11.550901	-8.097023
Zfp319	-13.675286999999999	-10.221409
Gm28404	-17.031462	-13.577582999999999
Steap3	-12.751656	-9.297777
Bri3	-9.209341	-5.7554636
Glod4	-12.008078	-8.554199
Zfp36l1	-9.7321615	-6.2782836
D930015M05Rik	-20.308605	-16.854729000000003
Vmn2r113	-19.903141	-16.449265
Aifm1	-12.178989	-8.725111
Gm14964	-15.352779	-11.898900999999999
Cox7b	-9.771257	-6.3173794999999995
Unc5cl	-19.615458	-16.161580999999998
Slc4a11	-17.91071	-14.456832
Prob1	-15.392282000000002	-11.938403
Kansl1	-11.709464	-8.255586
Gm10000	-17.109932	-13.656054500000002
Prss27	-17.505245000000002	-14.051368
Mllt3	-12.116866	-8.662988
1700067K01Rik	-17.475391000000002	-14.021514000000002
Tfip11	-13.172521	-9.718642
Bard1	-15.770645000000002	-12.316767
Trmt2a	-13.128156	-9.674277
Gm30541	-15.860089000000002	-12.406211
Dlg5	-13.054782000000001	-9.600903500000001
Prelp	-9.969788000000001	-6.5159097
Gm12655	-13.823970999999998	-10.370092
Jam3	-11.27823	-7.824352
Odf3b	-18.922311999999998	-15.468434
Gm20539	-18.229164	-14.775286999999999
Nap1l1	-9.981731	-6.5278535
Rpl39l	-16.767647	-13.313768
Trmt2b	-12.707453999999998	-9.253575
Rnf227	-15.274904999999999	-11.821027
Hinfp	-13.814096	-10.360218
Tet1	-12.430639999999999	-8.976761999999999
AC168977.1	-19.055841	-15.601964
Clec3a	-21.001753	-17.547876000000002
Got2	-11.593053999999999	-8.139175
Fam13c	-10.58724	-7.133362299999999
Fgl2	-9.429775999999999	-5.9758983
Pclaf	-16.03194	-12.578062
B3gnt2	-11.519784	-8.065906
Plekha3	-11.677013	-8.223135000000001
1700023F06Rik	-18.293703	-14.839826
Cbl	-11.806425	-8.352547
Pole2	-15.061582000000001	-11.607703
4732491K20Rik	-13.863679999999999	-10.4098015
Marveld3	-17.390835	-13.936957000000001
Fus	-10.313611	-6.859733
Gm44777	-14.885860999999998	-11.431983
P4ha2	-11.7742605	-8.320382
Lrch4	-13.214372000000001	-9.760492999999999
Cdk11b	-11.013373	-7.559495399999999
Gcc2	-11.728814	-8.274936
Abcb8	-13.562194	-10.108315
Slc5a1	-19.209993	-15.756116
0610040F04Rik	-19.209993	-15.756116
Htatip2	-13.700605	-10.246727
Ift122	-13.497912	-10.044034
Eppk1	-13.898431	-10.444552
S100a6	-7.718755000000001	-4.2648773
Lrrc47	-12.942793	-9.4889145
Gm11638	-17.390835	-13.936957000000001
Gm41231	-17.446405	-13.992526999999999
Tnfrsf10b	-13.482603	-10.028725
Elf5	-20.308605	-16.854729000000003
Zfp703	-11.965885	-8.512007
Slc25a29	-13.133882	-9.680003
Layn	-12.999728	-9.54585
Gspt2	-13.699931	-10.246053
C130026I21Rik	-17.866259	-14.412381
C030010L15Rik	-17.418233999999998	-13.964356
Pim1	-13.26501	-9.8111315
Prr36	-18.516845999999997	-15.062968
Iglc2	-16.739073	-13.285195000000002
Fryl	-10.9273	-7.473422500000001
Ncl	-9.436454	-5.982576
Il1rl1	-19.615458	-16.161580999999998
Gemin5	-13.440632	-9.986753
Zmat3	-13.201591	-9.747712
Itpripl1	-14.978306	-11.524427000000001
Srrm1	-10.516581	-7.0627027
Hddc3	-13.778457999999999	-10.324579
Rps6	-8.611402499999999	-5.1575246
Gm46210	-19.615458	-16.161580999999998
A330094K24Rik	-16.619726	-13.165849
Kif26b	-13.034125999999999	-9.580248
Glcci1	-12.215144	-8.761266
Ccdc125	-17.475391000000002	-14.021514000000002
A330015K06Rik	-16.924215	-13.470338
Trib2	-13.362592000000001	-9.908713
Plekha6	-16.347792000000002	-12.893914
Klk10	-18.922311999999998	-15.468434
Gm19434	-20.308605	-16.854729000000003
Zmym4	-11.844287	-8.390408500000001
Slc25a26	-14.035729000000002	-10.581851
Gm13856	-20.308605	-16.854729000000003
Dpy19l1	-12.603344	-9.149466
Pwwp3a	-12.646374	-9.192495
Mdm2	-12.076698	-8.622819999999999
Ciz1	-12.665842	-9.211964
Vnn3	-20.308605	-16.854729000000003
Ypel3	-10.687813	-7.233935000000001
Pheta1	-13.587782999999998	-10.133904
Ttc28	-9.66442	-6.210542
6530403H02Rik	-21.001753	-17.547876000000002
Gm16008	-16.367023	-12.913146000000001
Tsks	-17.669548000000002	-14.215670999999999
Slc50a1	-11.354901	-7.9010234
Gm45464	-15.349264000000002	-11.895386
Ints14	-13.213126999999998	-9.759249
Gm15327	-18.00602	-14.552142000000002
Tmub2	-12.783775	-9.329897
Pmp22	-10.612511999999999	-7.1586337
Shb	-12.684232000000002	-9.230353
Atg4c	-13.833174	-10.379294999999999
Poc1b	-13.3276005	-9.873722
Ky	-13.522453	-10.068575
Nqo2	-13.178107	-9.724229
Gm33785	-18.922311999999998	-15.468434
Evc	-12.805041000000001	-9.351163
Smim6	-15.374132000000001	-11.920254
Polr2k	-10.951097	-7.4972186
Wdr35	-12.68228	-9.228401
Otud7b	-11.865274000000001	-8.411396
Ankle2	-12.39016	-8.936281
Ap3s1	-12.133059	-8.67918
Hist1h4n	-17.823698	-14.369821
Gm49231	-21.001753	-17.547876000000002
Gdpgp1	-14.463613500000001	-11.009735000000001
Zfp810	-13.255885000000001	-9.802007000000001
Purb	-10.146009	-6.6921315
Lgr6	-10.652459	-7.198581
Gm12915	-17.95723	-14.503352
Gm49492	-15.659419	-12.205541
Trim23	-13.297842999999999	-9.843964999999999
Tmem266	-19.392315	-15.938437
Eef2k	-11.419504	-7.9656262
Gm43136	-15.808797	-12.3549185
Gm33936	-19.209993	-15.756116
Taf4b	-14.695478	-11.2416
Ctps	-12.003492999999999	-8.549615
Ubxn1	-10.213466	-6.759588000000001
Spsb3	-12.449386	-8.995507
Vegfb	-11.679246000000001	-8.225368
B230307C23Rik	-13.383010999999998	-9.929132000000001
BC005561	-11.718999	-8.2651205
Apol10b	-19.615458	-16.161580999999998
Hdac3	-12.317014	-8.863135
Zfp770	-13.128535999999999	-9.674658
Zfp710	-13.835486999999999	-10.381609
Sult6b1	-20.308605	-16.854729000000003
Zfp867	-14.319645000000001	-10.865767
Mdc1	-13.285738	-9.83186
N6amt1	-11.052384	-7.5985065
Adprm	-13.089697	-9.6358185
Elk3	-12.920588	-9.466709
Slc25a1	-12.112997	-8.659119
Invs	-13.055136	-9.601257
Gm46323	-16.248163	-12.794285
Tbc1d10b	-12.560362	-9.106483
Prima1	-17.567766	-14.113888000000001
Zfyve1	-13.440632	-9.986753
E130114P18Rik	-16.22263	-12.768751
Podn	-14.593225	-11.139346000000002
Dyrk1a	-12.220350999999999	-8.766473
Ppfia3	-17.217564000000003	-13.763685
Kif21b	-14.583388000000001	-11.12951
Spink10	-17.173111	-13.7192335
Fam172a	-11.822285	-8.368406
Tuba8	-17.109932	-13.656054500000002
1700062C10Rik	-20.308605	-16.854729000000003
Flot1	-11.416682000000002	-7.9628043
Tmem120a	-12.8203125	-9.366434
Bean1	-15.546432500000002	-12.092554
Papss2	-13.640378	-10.1865
Gtf3c4	-12.837242999999999	-9.383365
Dnase1l2	-15.914157000000001	-12.460278500000001
Gpr63	-15.971314999999999	-12.517437
Anxa2	-10.049019	-6.595141
Dnajc30	-12.099842	-8.645964
Trmt61a	-13.689198999999999	-10.235321
Gm29797	-19.055841	-15.601964
1110002E22Rik	-17.634457	-14.180579000000002
Adpgk	-12.387615	-8.933736999999999
Il3ra	-14.781163000000001	-11.327285
Aldh1l2	-13.576395000000002	-10.122517
Ltbp3	-10.299251	-6.8453726999999995
2210407C18Rik	-11.070505	-7.616627
Scfd1	-11.671588	-8.21771
Tprgl	-10.332216	-6.8783383
Hist1h2ae	-14.821735999999998	-11.367858
Cntfr	-15.010289000000002	-11.556411
Nckap5	-18.603857	-15.14998
Tesmin	-18.111382	-14.657504000000001
Gm16010	-18.922311999999998	-15.468434
Rpl4	-9.058611	-5.6047335
Zbtb17	-13.934434	-10.480556
Nedd9	-11.277811	-7.823933
Zfp185	-15.542167999999998	-12.088289
Ralbp1	-10.656019	-7.2021413
Rab38	-18.922311999999998	-15.468434
Grwd1	-13.720367000000001	-10.266489
Lepr	-13.525281	-10.071403
Zfand2b	-12.503947	-9.050069
Gata6	-10.675649	-7.221771
Pcdhb6	-17.705915	-14.252038
Gm10441	-21.001753	-17.547876000000002
Cyp2d26	-18.436804000000002	-14.982926
Olfr1535	-19.209993	-15.756116
Asf1a	-12.240986999999999	-8.787108
Txndc9	-11.492124	-8.038245
G3bp2	-10.888573	-7.434695
Gm36888	-17.91071	-14.456832
Arid1a	-11.477771	-8.023892
mt-Co2	-6.4625816	-3.0087042
Gm28424	-18.516845999999997	-15.062968
Macrod2	-13.708735	-10.254857000000001
Ddx52	-12.264461500000001	-8.810583
Gjc2	-18.00602	-14.552142000000002
Adamts14	-14.910442999999999	-11.456565
Sema3d	-11.1564245	-7.7025466
Cspp1	-12.015305999999999	-8.561428
Pnpo	-13.606646	-10.152766999999999
Ces2g	-13.623995	-10.170116
Zfp444	-13.075150500000001	-9.621272
Afap1	-11.341484	-7.887606
Cyp20a1	-12.285708999999999	-8.831831
Uqcrh	-9.19143	-5.7375526
Ptbp1	-11.725438	-8.271560000000001
Plxna2	-12.826205999999999	-9.372328
Gm31946	-17.95723	-14.503352
Shisa9	-18.603857	-15.14998
Nudt12	-14.162277	-10.708399
Gm49544	-20.308605	-16.854729000000003
Gm13620	-16.607304	-13.153426000000001
Gm31834	-16.753258	-13.299379
Bcl11a	-17.536016	-14.082139000000002
Actrt3	-19.209993	-15.756116
Panct2	-21.001753	-17.547876000000002
Csf2rb	-19.615458	-16.161580999999998
1700102H20Rik	-15.871854999999998	-12.417976
Fdx2	-11.838189999999999	-8.384312
Jagn1	-11.889026	-8.435147
Cd24a	-16.239578	-12.785701
Tecpr2	-13.889426	-10.435547999999999
Bex4	-11.974615	-8.520736999999999
Gm17644	-21.001753	-17.547876000000002
Nepro	-14.497465	-11.043586999999999
Tmem14a	-12.987748	-9.53387
Sla	-18.804527	-15.35065
Armcx5	-13.043876	-9.589997
Vmn2r29	-15.932849	-12.478971000000001
9130401M01Rik	-12.316844999999999	-8.862967
Prmt7	-12.840093	-9.386214
Ube2i	-11.025341000000001	-7.5714630000000005
Sgms1	-12.898259	-9.444381
Vrk1	-13.324816	-9.870937
Tmem39b	-13.679904	-10.226026
Nat8l	-18.16854	-14.714661999999999
Gm26679	-21.001753	-17.547876000000002
Kcnab1	-10.442224000000001	-6.988345599999999
St7l	-12.618091999999999	-9.164213
Aldh1a7	-21.001753	-17.547876000000002
Mgst2	-19.209993	-15.756116
Gm26793	-21.001753	-17.547876000000002
Psmg2	-11.9764185	-8.52254
Nxph3	-15.311394	-11.857515
Atp8b3	-18.057314	-14.603435999999999
Lzic	-12.934291	-9.4804125
Gm48342	-18.16854	-14.714661999999999
Mannr	-21.001753	-17.547876000000002
Derl1	-11.391698	-7.937819999999999
Ets1	-12.438630999999999	-8.984753
Pid1	-12.268481	-8.814603
Dnajb11	-11.613518	-8.159639
Fcgr2b	-17.634457	-14.180579000000002
Kcnh7	-19.903141	-16.449265
Tcte2	-16.189567999999998	-12.73569
Gm17354	-14.466512	-11.012633000000001
Nfkbia	-10.532072	-7.078194
Mir100hg	-11.347625	-7.893747
Rubcn	-12.850708000000001	-9.39683
Ncf1	-18.362696	-14.908818
Birc5	-15.971314999999999	-12.517437
Mcm7	-13.657034	-10.2031555
Abcb1b	-13.844018	-10.390139999999999
Foxj3	-12.382545	-8.928666999999999
4930519P11Rik	-18.293703	-14.839826
Tbxa2r	-11.6250515	-8.171173
Birc6	-10.841572	-7.387694000000001
Gm45311	-16.328924	-12.875046000000001
Gm38394	-14.3816805	-10.927802
Ppp5c	-12.002257	-8.548378999999999
C230012O17Rik	-18.362696	-14.908818
Zfp740	-12.545372	-9.091494
Rtkn2	-17.536016	-14.082139000000002
Pitpnm2	-11.991817	-8.537939
Gm45670	-12.501096	-9.047217
Arhgef7	-11.798942	-8.345063
Selenot	-11.272143	-7.818265400000001
Ppm1j	-13.980669	-10.526791000000001
Ace	-11.4023485	-7.948470599999999
Il13	-20.308605	-16.854729000000003
Trmt10c	-12.888926	-9.435047
Hspa1b	-10.11885	-6.664972
Nrros	-17.217564000000003	-13.763685
Dipk2a	-12.603344	-9.149466
Calcoco2	-19.903141	-16.449265
4921504A21Rik	-14.497465	-11.043586999999999
Fut8	-12.390524000000001	-8.936645500000001
Pik3r3	-13.194243	-9.740364999999999
Gm29152	-19.055841	-15.601964
Cwf19l2	-11.684803	-8.230925
Gm15675	-18.699167000000003	-15.245289999999999
Isoc2a	-14.196031	-10.742152
Cebpg	-12.004111	-8.550233
P2ry2	-14.017963	-10.564085
Nars	-10.945159	-7.491281
Olfr1260	-19.392315	-15.938437
Lta4h	-12.227903999999999	-8.774026
Fam114a2	-11.871323	-8.417444
Sox9	-13.425656	-9.971778
Asf1b	-17.240553	-13.7866745
Pgd	-12.557345	-9.103467
Phykpl	-13.323889999999999	-9.870011
Cyp3a13	-21.001753	-17.547876000000002
Pomp	-10.286003	-6.832125
Morn2	-12.815289	-9.361410000000001
Gpr155	-12.898864	-9.444985
Tkfc	-14.122397	-10.668519
Gm14634	-16.958702	-13.504824
U2surp	-10.819574000000001	-7.365696400000001
Slc25a13	-16.292223	-12.838345
Proser2	-13.16341	-9.709532000000001
H2afy2	-12.759523	-9.305645
Gsn	-9.230355	-5.776478
Med17	-12.838382000000001	-9.384503
Cd84	-19.903141	-16.449265
Gm20619	-16.547404999999998	-13.093528
Gm47204	-14.616559	-11.162681
Gm47237	-15.252360000000001	-11.798482
Lmo2	-16.84287	-13.388992000000002
1810008B01Rik	-17.217564000000003	-13.763685
Agbl2	-16.490892000000002	-13.037015
Gm13205	-14.604823999999999	-11.150946000000001
Adam15	-12.013183	-8.559304
Ncbp3	-12.142674000000001	-8.688796
Wdr12	-12.65606	-9.202182
Gm39929	-16.739073	-13.285195000000002
Crbn	-12.277059	-8.82318
Cnn1	-8.161806	-4.707928
Kif22	-16.416786	-12.962908
Gm42067	-14.518645999999999	-11.064767999999999
Samd4b	-11.669638	-8.215759
Zfp946	-13.828562	-10.374683000000001
Srrd	-13.232798	-9.778919
Gtpbp10	-13.336938	-9.8830595
Fabp7	-17.669548000000002	-14.215670999999999
Barx1	-16.645044	-13.191166
Pcmtd2	-12.209811	-8.755933
Btnl9	-18.516845999999997	-15.062968
Xkr5	-17.91071	-14.456832
Dusp13	-19.392315	-15.938437
Ptprt	-20.308605	-16.854729000000003
Fxyd3	-17.634457	-14.180579000000002
Trpc1	-12.772243	-9.318364
Tnfrsf18	-19.209993	-15.756116
Fam120b	-12.456555999999999	-9.002678
Pygl	-13.875666	-10.421787
Cntd1	-16.812098000000002	-13.358220000000001
5330439B14Rik	-18.922311999999998	-15.468434
Trappc3	-11.770925	-8.317046000000001
Brf2	-13.466455999999999	-10.012578
Fcrls	-18.057314	-14.603435999999999
Eif3c	-10.127278	-6.6734004
Dusp8	-11.080524	-7.6266465
Gm42701	-16.357363	-12.903483999999999
B3glct	-12.077763000000001	-8.623884
Arhgef17	-10.882187	-7.428309
Nucks1	-10.6211	-7.1672225
Dnd1	-16.890879	-13.437001
Ptk6	-21.001753	-17.547876000000002
Kcnb1	-12.737132	-9.283254
Colq	-17.782877	-14.3289995
Ttbk1	-19.055841	-15.601964
Rhod	-13.200771	-9.746893
Drc1	-19.903141	-16.449265
Srcin1	-18.516845999999997	-15.062968
Grhl1	-16.827366	-13.373486999999999
4933406C10Rik	-15.640460999999998	-12.186583
Fbxo4	-12.641448	-9.18757
Psmd3	-11.712879	-8.259001
Ctcf	-11.226042999999999	-7.772164999999999
Vti1b	-11.065169000000001	-7.611291400000001
Ankrd50	-12.9076805	-9.453802
Tfec	-16.103912	-12.650035
Pskh1	-13.431826000000001	-9.977947
Cbfa2t2	-12.840378	-9.386499
Gm31087	-16.812098000000002	-13.358220000000001
Cyp26c1	-21.001753	-17.547876000000002
Dusp15	-18.16854	-14.714661999999999
Sec22a	-12.677175	-9.223296000000001
Hgh1	-14.403244	-10.949366
Plin3	-11.476383	-8.022505
2700049A03Rik	-13.119438	-9.665560000000001
Zfp429	-14.578505999999999	-11.124628
Mapre3	-12.006092	-8.552214
Gm16982	-18.111382	-14.657504000000001
Smurf1	-12.737132	-9.283254
Ube2g2	-12.471052	-9.017174
Pdp2	-11.972695	-8.518817
Wdr47	-12.898864	-9.444985
Snhg12	-11.750751	-8.296872
Gm14023	-16.858618	-13.404739999999999
Plxna4os1	-16.513117	-13.059238
Crtap	-11.130944	-7.6770663
Zbp1	-15.015301999999998	-11.561423
Agk	-13.131969	-9.678091
Ndufa6	-9.804525	-6.350647400000001
Mapk13	-18.603857	-15.14998
Gm14286	-17.418233999999998	-13.964356
Marf1	-11.962913499999999	-8.509035
Prelid2	-13.673973000000002	-10.220095
Ptprz1	-10.173571	-6.7196926999999995
Tmigd3	-20.308605	-16.854729000000003
Hira	-13.026532000000001	-9.572654
Gm34388	-21.001753	-17.547876000000002
Fut9	-21.001753	-17.547876000000002
Pgr	-12.43577	-8.981892
Alyref	-11.826419	-8.372539999999999
Utp11	-11.408669999999999	-7.9547925
Nucb2	-12.076166	-8.622288000000001
2810032G03Rik	-17.91071	-14.456832
Ccn4	-13.716932	-10.263053999999999
Serpina3n	-16.559101000000002	-13.105224
Mlh1	-13.762538000000001	-10.30866
Slc2a1	-12.284399	-8.830521000000001
Hsbp1	-10.25864	-6.804762400000001
D030056L22Rik	-12.964856	-9.510978
Fam76b	-12.25615	-8.802272
Rergl	-17.91071	-14.456832
2310010J17Rik	-13.042827	-9.588948
Abl2	-12.885933999999999	-9.432055
Zik1	-14.611513	-11.157635
Dhodh	-13.452670999999999	-9.998793
Gm42064	-19.903141	-16.449265
9330179D12Rik	-14.959121	-11.505241999999999
Adnp2	-12.863481	-9.409602
Rbm42	-11.191258	-7.7373804999999996
Mapk15	-21.001753	-17.547876000000002
Dnm1l	-11.434438	-7.9805600000000005
4930525G20Rik	-16.319622	-12.865744
Ncoa5	-13.180912	-9.727034
Atp1a4	-19.903141	-16.449265
Eif6	-11.381689999999999	-7.927811999999999
Stk39	-12.279011	-8.825132
Eda2r	-16.274364000000002	-12.820487
Pxmp4	-12.036163	-8.582285
Tshb	-16.797060000000002	-13.343182999999998
Fam241b	-18.00602	-14.552142000000002
Cdkl1	-16.427042	-12.973164
Rab22a	-11.563322	-8.109444
Rft1	-13.448466	-9.994588
Ppp2r1a	-11.05842	-7.604542299999999
1700036A12Rik	-21.001753	-17.547876000000002
Awat2	-17.130551999999998	-13.676673999999998
Ccdc73	-13.920045000000002	-10.4661665
Tspan33	-16.595034	-13.141156
Zfp553	-13.479353	-10.025475
Hmgcs2	-11.550508500000001	-8.096630000000001
Nop53	-11.169225	-7.715347
Ppia	-7.788574700000001	-4.3346972
Ogfod2	-13.337876000000001	-9.883998
Dld	-11.723754	-8.269876
Tcp11l1	-13.841683999999999	-10.387806
Spry2	-12.884739	-9.4308605
Zbtb44	-11.726092999999999	-8.272215
Zeb1	-10.599766	-7.145888
Top1	-10.304844000000001	-6.8509660000000006
Dpysl2	-11.603192	-8.149314
Nuak2	-17.217564000000003	-13.763685
Polr3a	-13.418505999999999	-9.964627
Xpo4	-12.741519	-9.287641
Acp1	-10.958765	-7.504886999999999
Dnajc2	-12.107632	-8.653753
Gm49700	-14.785148000000001	-11.331269
Cdc45	-15.284725	-11.830847
Ccdc130	-13.503437	-10.049559
Gm46516	-17.195091	-13.741213
Gm42706	-20.308605	-16.854729000000003
Ptgs2os	-16.338314	-12.884436
Snrpe	-10.486138	-7.032260400000001
Usf1	-12.785395	-9.331516
Kansl2	-12.590588	-9.136709
Syt3	-15.158209	-11.70433
Dip2a	-13.108928	-9.655049
Slc41a3	-12.675962	-9.222083999999999
Zbtb7c	-14.34246	-10.888581
A530084C06Rik	-18.922311999999998	-15.468434
Clta	-10.084032	-6.630153999999999
Zscan22	-13.884548	-10.43067
Tagln2	-9.405847999999999	-5.951969999999999
Hcfc1	-12.084041000000001	-8.630162
Chchd1	-10.830186999999999	-7.376309
4933439C10Rik	-14.248316	-10.794437
Mrpl40	-12.501096	-9.047217
Cdc7	-16.338314	-12.884436
Ilvbl	-12.857365	-9.403486000000001
Arhgap31	-13.216032	-9.762153999999999
Gm31513	-16.874619	-13.420739999999999
Drd3	-17.705915	-14.252038
Asb4	-15.640460999999998	-12.186583
Psmb3	-10.212703	-6.758825
Samd5	-14.087023	-10.633144
Usp44	-19.615458	-16.161580999999998
Cnr1	-16.406633	-12.952755
Cbln1	-21.001753	-17.547876000000002
Mettl26	-11.766817999999999	-8.31294
Gm48295	-18.699167000000003	-15.245289999999999
Mgarp	-21.001753	-17.547876000000002
Rlf	-11.926316	-8.472438
4930522O17Rik	-19.903141	-16.449265
Aifm2	-13.431826000000001	-9.977947
Cpne8	-14.210532	-10.756654
Strip1	-13.002075	-9.548197
Jak2	-12.098074	-8.644196
Pex14	-12.73174	-9.277861999999999
Suco	-11.829531	-8.375652
Zfp263	-13.084946	-9.631067
Scamp2	-12.0409	-8.587022
Gm49312	-18.922311999999998	-15.468434
Fam57a	-15.239702	-11.785824
Slfn9	-16.406633	-12.952755
Gm48908	-17.069927	-13.616048999999999
Padi1	-18.436804000000002	-14.982926
Rapgef5	-12.1127205	-8.658842
Tmem192	-13.570454000000002	-10.116575
Sspnos	-19.055841	-15.601964
Trim44	-11.421368	-7.9674897
Zrsr1	-12.630511	-9.176633
Vmn1r85	-20.308605	-16.854729000000003
Firre	-13.374208	-9.92033
4930578G10Rik	-18.229164	-14.775286999999999
Chrna2	-20.308605	-16.854729000000003
Gm12185	-18.804527	-15.35065
Rala	-11.438576	-7.984698
Gm41611	-16.907408	-13.453529999999999
St14	-17.634457	-14.180579000000002
Atn1	-11.710294000000001	-8.256414999999999
Med26	-14.005072	-10.551193
Gm10282	-16.607304	-13.153426000000001
Pawr	-10.545502	-7.091624
Gm28112	-16.697687	-13.24381
Pmaip1	-18.804527	-15.35065
Chd6	-10.477125	-7.023247200000001
Slc23a4	-17.418233999999998	-13.964356
Lsm6	-11.00774	-7.553862
2010106G04Rik	-19.903141	-16.449265
Desi2	-11.042122	-7.588244
Vangl1	-13.315132	-9.861253999999999
Ubqln2	-12.204356	-8.750478
Gm50019	-19.392315	-15.938437
Tmem123	-11.20246	-7.748582400000001
Hao1	-19.392315	-15.938437
Srgap1	-17.338192000000003	-13.884314000000002
AI662270	-17.173111	-13.7192335
Efna4	-14.928709	-11.474831
Nubp2	-13.015248	-9.56137
Ocel1	-13.047732	-9.593853999999999
Fmod	-14.446397	-10.992517999999999
Srpk1	-11.815501	-8.361623
Med6	-12.552839	-9.098961
3300002I08Rik	-15.444925	-11.991047
Paip2b	-12.911351	-9.457473
Kcnh2	-11.69202	-8.238142
Gja5	-18.436804000000002	-14.982926
Dock5	-12.949457	-9.495579
4930563E22Rik	-15.854258999999999	-12.40038
Gm15706	-14.830051999999998	-11.376174
Gm10658	-16.469151999999998	-13.015275
Haus5	-14.264787	-10.810908
Oasl2	-16.619726	-13.165849
Gm13134	-16.782246	-13.328367000000002
Nat8f4	-17.866259	-14.412381
Wdr95	-13.388923000000002	-9.935044
Aopep	-9.968688	-6.51481
Ctrl	-19.392315	-15.938437
Gm48693	-17.475391000000002	-14.021514000000002
Ess2	-13.208579	-9.754700999999999
Ppp1ca	-10.506072	-7.052194
Gm41144	-19.615458	-16.161580999999998
Ube2e2	-12.631669	-9.177791000000001
Zmynd19	-13.2707	-9.816822
BC016579	-18.111382	-14.657504000000001
2310015D24Rik	-13.119060999999999	-9.665183
Pm20d1	-19.392315	-15.938437
Gm42717	-15.964801000000001	-12.510922
1700095J03Rik	-16.753258	-13.299379
Gm39033	-18.922311999999998	-15.468434
Stx19	-18.16854	-14.714661999999999
Pbld1	-18.057314	-14.603435999999999
Zfp763	-14.207167000000002	-10.753288000000001
Med13l	-11.458519	-8.004641000000001
Nap1l2	-20.308605	-16.854729000000003
Prkch	-17.01277	-13.558891000000001
Ccdc61	-13.756812	-10.302934
Nmnat2	-15.274904999999999	-11.821027
Ecd	-12.830437	-9.376558000000001
Gm50143	-19.615458	-16.161580999999998
Phf21b	-17.600555	-14.146678
Etaa1os	-14.332254999999998	-10.878377
Mirg	-15.236562	-11.782683
Zmiz2	-12.252497	-8.798618
Eif3e	-10.1757345	-6.721856599999999
Scn5a	-21.001753	-17.547876000000002
Gm11696	-16.103912	-12.650035
BC003965	-12.126746	-8.672868
Gm9979	-21.001753	-17.547876000000002
Pcdh15	-21.001753	-17.547876000000002
Nr2f6	-11.690301	-8.236423
Stard8	-13.680565	-10.226686500000001
Tmem106b	-10.951442	-7.497564
Rock2	-9.202753999999999	-5.7488766
Rilp	-13.284401999999998	-9.8305235
Ift81	-11.848301	-8.394423
Zhx3	-12.027515	-8.573637
Zfp873	-14.267160999999998	-10.813283
Dancr	-13.095206	-9.641328
Amigo3	-16.0745	-12.620622000000001
Ifnb1	-21.001753	-17.547876000000002
Bak1	-12.709705	-9.255827
Cmip	-14.666699	-11.212821
Cgrrf1	-11.870455999999999	-8.416577
Gm12198	-16.958702	-13.504824
Dusp23	-13.208579	-9.754700999999999
Olfr267	-16.111404	-12.657525999999999
Gm29113	-19.392315	-15.938437
Ptch1	-12.977874	-9.523995
4930415O20Rik	-18.804527	-15.35065
Gm45187	-16.874619	-13.420739999999999
Plcd3	-13.076234	-9.622355
Gm49427	-18.00602	-14.552142000000002
Cdsn	-15.4763	-12.022422
Hist1h3d	-17.217564000000003	-13.763685
Ccdc167	-12.560362	-9.106483
Tmbim6	-10.551214	-7.097336299999999
Tmem79	-15.590107000000001	-12.136229
Usp14	-11.419367	-7.965489
B9d1os	-17.288180999999998	-13.834303
Aco1	-12.42648	-8.972602
Gm34455	-11.879589	-8.425711
Gm11592	-18.922311999999998	-15.468434
Eya2	-14.719485999999998	-11.265608
Baat	-19.903141	-16.449265
Fcgrt	-10.936913	-7.483034599999999
Gm15611	-19.055841	-15.601964
Med13	-11.52851	-8.074632000000001
Jtb	-11.414416000000001	-7.960538400000001
Mark3	-11.647053	-8.193174
Abcf1	-11.246360000000001	-7.792482000000001
Wnt7b	-21.001753	-17.547876000000002
4732465J04Rik	-17.91071	-14.456832
Klhdc9	-15.708448	-12.25457
Slc25a32	-12.7004795	-9.246601
5031439G07Rik	-13.357791	-9.903913000000001
BC049739	-20.308605	-16.854729000000003
Cd63	-9.044103999999999	-5.5902257
Hdhd5	-14.594873000000002	-11.140995
Pdlim1	-9.886057000000001	-6.432179
Kpna4	-11.095868	-7.64199
Gm13749	-19.903141	-16.449265
Vwa5b2	-18.16854	-14.714661999999999
Ipo9	-12.508443	-9.054564
Gpbp1	-11.430178999999999	-7.9763006999999995
Naa60	-12.711712	-9.2578335
Gm17036	-20.308605	-16.854729000000003
Liph	-17.536016	-14.082139000000002
Ogdh	-10.7848425	-7.3309646
Gm41349	-17.536016	-14.082139000000002
Slc22a5	-14.572034	-11.118155499999999
Hnrnpk	-9.916815	-6.462937
Polr2e	-11.748066	-8.294188
Dll4	-18.804527	-15.35065
Pear1	-12.828177	-9.374299
Ercc8	-13.986938	-10.53306
Mier1	-10.668661	-7.214783000000001
Ftsj1	-13.186143	-9.732264500000001
Tab3	-14.0732155	-10.619337
Sh3pxd2a	-10.53968	-7.0858016
Abcg1	-15.914157000000001	-12.460278500000001
Zranb2	-10.797939	-7.3440614
Ap2m1	-10.545358	-7.091480000000001
Stard4	-13.593223000000002	-10.139344
Irs3	-17.782877	-14.3289995
2900041M22Rik	-12.81029	-9.356411999999999
Dnajc10	-10.638534	-7.1846557
Csk	-12.556916000000001	-9.103038
4930470G03Rik	-17.173111	-13.7192335
Pla2r1	-15.085551	-11.631673
Fam131a	-12.980497	-9.526619
Fbxo41	-16.958702	-13.504824
Sh3bp2	-15.082859	-11.628981
Asnsd1	-12.515431	-9.061553
Bahcc1	-13.937849	-10.483971
Runx2	-15.958328	-12.50445
Ttll3	-15.224101000000001	-11.770223
Acadl	-10.918322	-7.4644437
9830166K06Rik	-21.001753	-17.547876000000002
Chn1	-14.552864000000001	-11.098986
Ephb3	-14.239023999999999	-10.785146000000001
Sspn	-10.589733	-7.135855
Gm44418	-20.308605	-16.854729000000003
Ccdc120	-15.951898000000002	-12.498019000000001
Eif2ak1	-12.616493	-9.162614999999999
Emb	-10.650922999999999	-7.197045
Tceanc	-14.467964000000002	-11.014086
Tmprss7	-18.699167000000003	-15.245289999999999
Slc35e2	-13.494063	-10.040185000000001
A930016O22Rik	-17.669548000000002	-14.215670999999999
Casq1	-11.794417	-8.340539
Slc25a28	-12.825924	-9.3720455
Sbno1	-11.160088	-7.7062097000000005
Eef1akmt4	-14.914979	-11.461101
Gm45507	-18.699167000000003	-15.245289999999999
Sec61a1	-11.407989	-7.9541106
Smim19	-11.780275	-8.326397
Impg2	-17.195091	-13.741213
Slc39a8	-15.889766	-12.435887
Milr1	-14.479660999999998	-11.025783
Gm26944	-17.364166	-13.910289
Upf3a	-11.608175	-8.154297
Gm50334	-18.516845999999997	-15.062968
Echdc3	-13.464323	-10.010444999999999
Ppa1	-12.036419	-8.5825405
Tmem150b	-18.362696	-14.908818
Mkks	-13.337876000000001	-9.883998
Gm47003	-17.95723	-14.503352
Myoz3	-17.364166	-13.910289
Decr2	-13.195057	-9.7411785
Grk6	-12.794352	-9.340473
Mycbpap	-18.293703	-14.839826
Gm44265	-17.95723	-14.503352
Tmem249	-21.001753	-17.547876000000002
Gm36287	-16.052994	-12.599115
Gm29114	-21.001753	-17.547876000000002
Il21r	-19.903141	-16.449265
Lrp1b	-15.939157999999999	-12.48528
Snhg3	-11.713897	-8.260017999999999
A730017L22Rik	-14.751779	-11.2979
Tmem131	-12.066377000000001	-8.612498
Hist1h4j	-18.804527	-15.35065
Zbtb5	-13.900078	-10.446199
C430049B03Rik	-15.377735999999999	-11.923858000000001
Gm10425	-19.903141	-16.449265
Gfod1	-13.391891500000002	-9.938013
Tfe3	-12.778126	-9.324247
Agfg1	-11.405402	-7.9515243
Kidins220	-11.171482000000001	-7.717604
Lxn	-11.489310000000001	-8.035432
Gm10053	-14.613192000000002	-11.159313000000001
Gm42555	-21.001753	-17.547876000000002
Mad2l2	-13.361629999999998	-9.907752
Abhd12	-12.372125	-8.918246
Lrmp	-19.209993	-15.756116
Ccdc103	-16.874619	-13.420739999999999
Scaper	-11.979069	-8.52519
Szrd1	-11.854566	-8.400687
Cyb5a	-10.175674	-6.7217965
Socs4	-12.042828	-8.588949000000001
Snapc4	-13.808819	-10.35494
Itgal	-19.903141	-16.449265
Gabra4	-18.293703	-14.839826
Gm48683	-21.001753	-17.547876000000002
Map7d1	-10.433929	-6.9800515
Gadd45g	-10.023025	-6.5691466
Gm39566	-19.903141	-16.449265
B430212C06Rik	-17.600555	-14.146678
Slc31a1	-13.371292	-9.917413999999999
Eaf2	-15.278169	-11.82429
Exoc1	-12.803389	-9.34951
Nom1	-12.356342999999999	-8.902465
Loxl2	-12.600196	-9.1463175
Fat3	-18.362696	-14.908818
Rbm4	-12.883546	-9.429667
6430550D23Rik	-17.264084	-13.810204999999998
Mms22l	-15.991118	-12.537239999999999
Plpp2	-13.19465	-9.740771
Fam205a1	-20.308605	-16.854729000000003
Dtx4	-15.908002999999999	-12.454124
Klk8	-18.699167000000003	-15.245289999999999
Mrpl44	-12.915343	-9.461464999999999
1500011B03Rik	-12.999728	-9.54585
Gpr173	-13.447417999999999	-9.99354
Uck1	-12.868166	-9.414288
Ksr1	-13.644835	-10.190957000000001
Gm26887	-15.46049	-12.006611999999999
Zfp414	-12.576895	-9.123016
Hp1bp3	-10.565023	-7.1111455
Cdk5r1	-15.366963	-11.913085
Sptbn4	-16.874619	-13.420739999999999
Nlgn1	-18.603857	-15.14998
Svep1	-15.52529	-12.071411
Kcnf1	-16.99442	-13.540542000000002
1110002L01Rik	-13.646111999999999	-10.192234
Tbrg4	-14.196031	-10.742152
Myadml2	-15.053719000000001	-11.599839999999999
Adgrg2	-15.395951	-11.942072999999999
Slc24a5	-13.669383999999999	-10.215506
Ube2l3	-10.943872	-7.489994500000001
Samd12	-16.559101000000002	-13.105224
B630019A10Rik	-14.666699	-11.212821
Gabpa	-12.407228	-8.95335
Gm17191	-18.362696	-14.908818
Dapk3	-11.776721	-8.322842999999999
Hps3	-13.2118845	-9.758006
Lztfl1	-11.942934	-8.489056
Eef1akmt2	-12.673060000000001	-9.219182
Gm44170	-18.699167000000003	-15.245289999999999
Mdn1	-12.968743	-9.514864999999999
Gm5148	-17.866259	-14.412381
Bicd1	-11.319286	-7.865408400000001
6430562O15Rik	-15.1046	-11.650722
Rundc3a	-19.615458	-16.161580999999998
Gm48795	-18.229164	-14.775286999999999
Aprt	-11.137215	-7.6833367
Hacd3	-13.107435	-9.653557000000001
Tcerg1	-11.558794	-8.104916000000001
Gm49108	-20.308605	-16.854729000000003
Scrt2	-21.001753	-17.547876000000002
C130046K22Rik	-16.99442	-13.540542000000002
Specc1	-11.489606	-8.0357275
Nsd2	-12.368913000000001	-8.915034
Nanos3	-16.338314	-12.884436
Gm45474	-18.362696	-14.908818
Nfkb1	-11.980758999999999	-8.52688
D130043K22Rik	-19.209993	-15.756116
Adcy9	-12.576017	-9.122139
Gm46400	-21.001753	-17.547876000000002
Tmem86a	-13.030667	-9.576789
K230015D01Rik	-15.012792000000001	-11.558913
Gm45353	-18.516845999999997	-15.062968
Gm3513	-18.229164	-14.775286999999999
Fibp	-12.082032	-8.628153999999999
Med9os	-14.6352825	-11.181403999999999
Cnnm1	-18.111382	-14.657504000000001
Mapkapk5	-14.031023000000001	-10.577145
Eif3m	-10.659818	-7.205939999999999
Rnaset2b	-13.566904999999998	-10.113027
Gnmt	-18.111382	-14.657504000000001
Slc26a1	-20.308605	-16.854729000000003
Naa10	-11.976057	-8.522179
Gm10432	-15.4410715	-11.987193
Gpr161	-13.332725	-9.878846000000001
Phldb3	-17.705915	-14.252038
Wdr53	-13.207754000000001	-9.753876
Fam216a	-12.769845	-9.315967
Plekhb2	-12.977874	-9.523995
Lbhd1	-15.786817999999998	-12.332939
Tufm	-12.6906	-9.236722
Zfp560	-11.942003	-8.488125
Hypk	-12.173113	-8.719234
Gm49282	-17.634457	-14.180579000000002
Ifit1	-16.447876	-12.993998
Cenpw	-13.100006	-9.646128
Pappa2	-15.585653	-12.131775
Fam49b	-12.749827999999999	-9.29595
Mon1a	-13.202	-9.748121000000001
Gm36169	-19.903141	-16.449265
Cyp2s1	-18.922311999999998	-15.468434
Col24a1	-19.055841	-15.601964
Syn2	-14.146344000000001	-10.692466
Rictor	-11.933092	-8.479214
Sec24b	-12.236138	-8.78226
Tubgcp6	-14.315892000000002	-10.862014
Tra2a	-11.075624000000001	-7.6217464999999995
Fam117a	-14.4885235	-11.034645
Adprhl1	-19.615458	-16.161580999999998
Cln8	-13.355878	-9.901999
Cenpm	-15.581219	-12.12734
Dhrs2	-19.615458	-16.161580999999998
Apbb2	-12.204961	-8.751082
Grasp	-14.226386999999999	-10.772509
1700120C14Rik	-12.250595	-8.796717
Mgp	-6.53046	-3.0765824
Arhgef25	-10.982173	-7.528295
Twist2	-14.769305	-11.315427
4930592I03Rik	-21.001753	-17.547876000000002
AL607088.1	-17.705915	-14.252038
Hvcn1	-18.516845999999997	-15.062968
Gm11770	-21.001753	-17.547876000000002
Nrip2	-16.447876	-12.993998
Col11a1	-17.475391000000002	-14.021514000000002
9030025P20Rik	-15.132457	-11.678578
Ccr9	-18.057314	-14.603435999999999
Klhl6	-19.055841	-15.601964
Gm44763	-19.903141	-16.449265
Chchd7	-11.654612	-8.200733
Ifit1bl1	-18.699167000000003	-15.245289999999999
Hspb2	-10.234891000000001	-6.781013000000001
Mtfr1	-12.49643	-9.042552
Kctd14	-18.111382	-14.657504000000001
Gm40841	-17.823698	-14.369821
Bpifb1	-19.903141	-16.449265
Gm49797	-13.545876500000002	-10.091998
Cnnm2	-13.021046	-9.567167
Hipk1	-11.065267	-7.6113887
Zswim9	-13.322965	-9.869086
Adnp	-11.461102499999999	-8.007224
Heatr5b	-12.846391	-9.392512
Slamf8	-20.308605	-16.854729000000003
Rtf1	-10.672475	-7.218597
Bud31	-11.874251	-8.420373
Gm46224	-21.001753	-17.547876000000002
Abca8a	-14.544984	-11.091105
S100a7a	-15.146682	-11.692803
mt-Atp6	-6.0496893	-2.5958118
Gm10718	-19.903141	-16.449265
Gm29562	-18.229164	-14.775286999999999
Mroh2a	-18.229164	-14.775286999999999
Tmem198b	-14.211656	-10.757777
Crebzf	-12.445532	-8.991653
Gm45572	-18.922311999999998	-15.468434
Kat6b	-11.341931	-7.8880533999999995
Pip4k2c	-12.453837	-8.999959
H2-Q7	-18.699167000000003	-15.245289999999999
Abhd17c	-14.819669000000001	-11.365789999999999
Slpi	-19.615458	-16.161580999999998
Gm44210	-20.308605	-16.854729000000003
Vmn2r27	-18.699167000000003	-15.245289999999999
Ccni	-10.55188	-7.098002
Klc2	-13.257617000000002	-9.803739
Mvk	-12.560794	-9.106914999999999
Pnpla3	-19.055841	-15.601964
Smad6	-12.291792999999998	-8.837914
Gm26843	-21.001753	-17.547876000000002
Washc3	-11.892007000000001	-8.438128
Rps11	-8.337173	-4.883296
Gmfb	-12.826205999999999	-9.372328
Dcakd	-13.234066	-9.780188
Gm9970	-15.4763	-12.022422
Cnih2	-16.958702	-13.504824
Fam221b	-15.484301	-12.030422
Hunk	-16.118952	-12.665073
Ntn4	-12.426669	-8.972791
Sec31b	-15.781398000000001	-12.327519
Gdf15	-13.487498	-10.033619999999999
March2	-11.020194	-7.5663160000000005
Zfp598	-12.715232	-9.2613535
Gm11767	-18.699167000000003	-15.245289999999999
Gm12207	-17.195091	-13.741213
Htra3	-11.123275999999999	-7.669397999999999
Gm5084	-20.308605	-16.854729000000003
Camsap1	-11.921636	-8.467757
B430219N15Rik	-16.797060000000002	-13.343182999999998
Scarf1	-15.698448	-12.24457
Kl	-21.001753	-17.547876000000002
Mavs	-13.024815	-9.570936
4930579G24Rik	-14.817604000000001	-11.363726
Clvs1	-17.109932	-13.656054500000002
Tnfrsf9	-19.615458	-16.161580999999998
Setd3	-11.113277	-7.659399499999999
4632404H12Rik	-15.377735999999999	-11.923858000000001
Dact1	-13.50955	-10.055672
5730420D15Rik	-16.607304	-13.153426000000001
Dusp5	-13.844018	-10.390139999999999
Phf21a	-12.005473	-8.551594999999999
Emp2	-10.497207000000001	-7.043328999999999
Gm6377	-16.111404	-12.657525999999999
Kif5a	-17.536016	-14.082139000000002
Gm26756	-17.866259	-14.412381
Rnf213	-13.782110999999999	-10.328233
B230206H07Rik	-18.603857	-15.14998
Cat	-12.044114	-8.590236
Rnd2	-12.444955	-8.991076
D16Ertd472e	-12.400035	-8.9461565
Klhl21	-12.537328	-9.083449
Dcaf7	-12.454031	-9.000153
Gm20481	-17.338192000000003	-13.884314000000002
B230119M05Rik	-19.055841	-15.601964
Galntl6	-21.001753	-17.547876000000002
Kat14	-13.401351000000002	-9.947473
Neil3	-17.390835	-13.936957000000001
CR974586.4	-16.524416	-13.0705385
Spats2l	-10.869458	-7.4155803
Ttc1	-11.797531	-8.343653
Plac9a	-15.920349	-12.466471
Rftn1	-15.645167	-12.191289
mt-Nd3	-7.9872464999999995	-4.533369
Hils1	-18.111382	-14.657504000000001
Gm47689	-16.437405	-12.983527
Vegfa	-13.107061999999999	-9.653184
Klf4	-11.064976	-7.611097999999999
Hcn1	-17.823698	-14.369821
Peak1	-11.841339	-8.387461
Amotl2	-11.477844000000001	-8.023966
Tmem42	-12.838098	-9.384219
Cmtm7	-12.360397	-8.906519
Gng3	-15.836967000000001	-12.383089
Med12	-12.384534	-8.930655499999999
Dym	-12.744886	-9.291008
A630052C17Rik	-15.224101000000001	-11.770223
Slc6a1	-21.001753	-17.547876000000002
Spen	-11.833694	-8.379816
Mylip	-12.312963	-8.859084
Mrgpre	-15.325	-11.871121
Hnrnpr	-10.955421000000001	-7.5015434999999995
Rpl34	-8.026564	-4.5726857
Prkci	-12.7856655	-9.331787
Sh3bgrl	-8.969772	-5.5158944000000005
Cldn19	-20.308605	-16.854729000000003
Olfr543	-19.903141	-16.449265
7420700N18Rik	-21.001753	-17.547876000000002
Gm10337	-20.308605	-16.854729000000003
Trmt12	-13.687866	-10.233988
Gm17491	-14.467964000000002	-11.014086
Rplp2	-8.453521	-4.9996433
Trnp1	-12.7792	-9.325321
Abhd16a	-11.653044	-8.199164999999999
Smarca2	-10.561625999999999	-7.1077485000000005
Zfp93	-14.514070000000002	-11.060191
4930579D07Rik	-19.903141	-16.449265
Rnf32	-16.858618	-13.404739999999999
Ramac	-11.290759	-7.836881
Zscan21	-13.216448000000002	-9.762569000000001
A830035A12Rik	-20.308605	-16.854729000000003
Proser1	-13.048435000000001	-9.594557
Tmed6	-20.308605	-16.854729000000003
Map4	-10.655248	-7.20137
E330009J07Rik	-14.606492000000001	-11.152614
C2cd5	-13.161833999999999	-9.707955
Abhd3	-14.9734745	-11.519596
Gm36823	-21.001753	-17.547876000000002
Aak1	-12.161173	-8.707294000000001
Tbc1d10a	-12.871694999999999	-9.417816
2310011J03Rik	-12.086993	-8.633115
Max	-12.188761	-8.734882
Rap2c	-12.603569	-9.149691
Rad54l2	-12.730205	-9.276326
AU020206	-13.478272	-10.024394000000001
Rgs11	-14.87926	-11.425382
Rgs2	-11.998928999999999	-8.545050999999999
Ubald2	-11.688676	-8.2347975
Peli2	-11.307815	-7.8539367
Gm49442	-21.001753	-17.547876000000002
Akr1c18	-18.436804000000002	-14.982926
Ppp4r1	-12.9603405	-9.506461999999999
Aldh1a3	-16.782246	-13.328367000000002
Gm6225	-15.268413	-11.814534
Znhit2	-12.704708	-9.25083
Tomm34	-12.407043	-8.953165
Il23a	-18.603857	-15.14998
Itpk1	-12.1849	-8.731022
Tapbpl	-13.907518	-10.45364
Ubap2	-12.038721	-8.584843
Dcaf5	-12.715735	-9.261857000000001
Gm33543	-15.233432999999998	-11.779554
Phlpp2	-13.1392565	-9.685378
Pecr	-12.751133	-9.297255
Arf3	-11.894	-8.440122
Tmem69	-14.654364999999999	-11.200486
Des	-10.508509	-7.054630800000001
Hm629797	-17.705915	-14.252038
Sptb	-17.173111	-13.7192335
Arhgap19	-15.792267	-12.338388
Slc25a24	-12.572736	-9.118857
Katnbl1	-12.375885	-8.922007
Adam4	-16.103912	-12.650035
Stk19	-12.543037	-9.089159
Ndufa11	-9.665971	-6.212093
Zfp251	-12.787288	-9.333409
Cd2ap	-10.776000999999999	-7.3221229999999995
Olfr959	-19.903141	-16.449265
Gpr146	-13.056907	-9.603028
Palm3	-20.308605	-16.854729000000003
Tle1	-11.987063000000001	-8.533185000000001
Pds5a	-11.889577000000001	-8.4356985
Fzd10os	-19.392315	-15.938437
Dhrs7c	-17.446405	-13.992526999999999
Csnk1g3	-12.112308	-8.658429
Pgbd5	-17.390835	-13.936957000000001
2900009J06Rik	-14.280327999999999	-10.826449
Gm1667	-21.001753	-17.547876000000002
Fam118b	-13.790196	-10.336317999999999
Parp10	-14.864026	-11.410148
Sae1	-11.803889999999999	-8.350012
Camp	-21.001753	-17.547876000000002
4930404N11Rik	-15.958328	-12.50445
Ctsa	-10.982617999999999	-7.528740400000001
Slc25a37	-13.692541	-10.238663
Ndufb6	-10.576975	-7.1230970000000005
Atg16l2	-12.871694999999999	-9.417816
Ccnj	-15.051110999999999	-11.597233000000001
Zfp952	-13.517945999999998	-10.064067999999999
Klhl42	-12.955204	-9.501325999999999
Prkcq	-19.392315	-15.938437
Gm29811	-17.264084	-13.810204999999998
Gm48657	-18.516845999999997	-15.062968
Gm50130	-19.055841	-15.601964
Tmpo	-11.390893	-7.937015
Dnajb1	-11.23615	-7.782272
Fbxo47	-17.91071	-14.456832
Gm9913	-15.920349	-12.466471
Abitram	-13.525847	-10.071969000000001
Phox2a	-19.903141	-16.449265
6030442E23Rik	-16.607304	-13.153426000000001
Smarca4	-11.671677	-8.217798
Surf4	-11.208806	-7.754928
Arcn1	-10.954295	-7.500417
Gm28729	-20.308605	-16.854729000000003
Mtmr11	-12.963242	-9.509363
Olfr921	-18.699167000000003	-15.245289999999999
Klhl30	-13.121326999999999	-9.667449000000001
Gli2	-13.779917999999999	-10.326039
Trim43c	-18.362696	-14.908818
Sil1	-12.317014	-8.863135
Ldlrad4	-11.641012	-8.187134
Zbed5	-14.926407000000001	-11.472528
Hmgxb4	-12.180611	-8.726732
Rab27a	-13.147372	-9.693494
Mlkl	-17.050507999999997	-13.596631
Nfkbil1	-12.910126	-9.456247
Xlr3c	-20.308605	-16.854729000000003
Cldn22	-13.012532	-9.558653999999999
Ubfd1	-12.265906	-8.812028
Sspo	-19.392315	-15.938437
Gpr62	-17.217564000000003	-13.763685
Smim4	-11.577916	-8.124038
Cstb	-10.913988	-7.46011
Gm17134	-19.615458	-16.161580999999998
Cr2	-17.634457	-14.180579000000002
Gm19710	-17.130551999999998	-13.676673999999998
Gm14444	-19.615458	-16.161580999999998
Gm26571	-17.91071	-14.456832
Zfp532	-12.480568	-9.026689999999999
Rapgef3os2	-18.516845999999997	-15.062968
Gm14209	-17.338192000000003	-13.884314000000002
Ndufa4l2	-15.099120000000001	-11.645242
Rpl35	-8.463258999999999	-5.009381299999999
Serpina9	-18.516845999999997	-15.062968
Adam12	-17.109932	-13.656054500000002
Aldh1b1	-15.728754	-12.274875999999999
Gm43113	-17.567766	-14.113888000000001
Ncbp2	-11.823007	-8.369128
Trim43b	-19.055841	-15.601964
Zfp62	-12.380921	-8.927043
Wasl	-11.142793	-7.688915
Cd33	-18.922311999999998	-15.468434
2810404F17Rik	-21.001753	-17.547876000000002
Fmnl2	-13.36115	-9.907271000000001
Gm9958	-16.357363	-12.903483999999999
Zkscan4	-15.265181	-11.811302
Ifnar2	-11.540030999999999	-8.086153
A930015D03Rik	-16.347792000000002	-12.893914
Foxo6os	-16.632305	-13.178427
Pf4	-15.10735	-11.653472
Tbc1d9	-12.688392	-9.234513
Sqle	-12.538172	-9.084292999999999
Gm13184	-21.001753	-17.547876000000002
Snx4	-11.600297	-8.146419
Poldip2	-12.240986999999999	-8.787108
Sv2b	-17.743656	-14.289779000000001
Crlf1	-13.04703	-9.593152
Psmd11	-10.931947000000001	-7.4780690000000005
Setdb2	-14.339898000000002	-10.88602
1700112J16Rik	-16.767647	-13.313768
Gm26549	-15.22101	-11.767132
Rpl36a	-8.704542	-5.250664700000001
Mtg1	-13.501223999999999	-10.047345
Alox5ap	-15.227201	-11.773323
Flrt2	-13.487498	-10.033619999999999
Gm11934	-17.505245000000002	-14.051368
Ncapd2	-14.985597	-11.531718
Terf2	-12.683011	-9.229133000000001
Ccdc50	-10.808174000000001	-7.354296000000001
Pls1	-18.516845999999997	-15.062968
Zmynd10	-18.436804000000002	-14.982926
Slc22a4	-15.25555	-11.801672
Epha7	-13.456892000000002	-10.003014
Arrb1	-13.761821	-10.307942
Ap1g1	-12.179283999999999	-8.725406
F420014N23Rik	-15.045916	-11.592037
Fads1	-12.038209	-8.584331
Itga9	-9.667536	-6.213658000000001
Zc3h12d	-18.922311999999998	-15.468434
Shc3	-20.308605	-16.854729000000003
D230025D16Rik	-13.233642999999999	-9.779764
Rpp30	-12.6247425	-9.170864
Gm26717	-17.338192000000003	-13.884314000000002
Rassf10	-17.823698	-14.369821
Sirpb1a	-21.001753	-17.547876000000002
Gm12925	-16.205963	-12.752085000000001
Cfap69	-16.045925	-12.592048
Sema4c	-13.681889000000002	-10.228010000000001
Myl9	-7.131705800000001	-3.6778282999999994
Rpl35a	-7.965244	-4.5113664
Ethe1	-11.206128999999999	-7.752250999999999
Lhx1	-19.903141	-16.449265
Irf1	-13.667423999999999	-10.213546000000001
Hells	-14.901434	-11.447556
Gm26626	-21.001753	-17.547876000000002
Endou	-16.111404	-12.657525999999999
Gipc2	-12.049147999999999	-8.595269
Mthfd2	-12.764009	-9.310131
Ppp1r3d	-13.973552	-10.519673
Mctp1	-17.782877	-14.3289995
Zscan25	-15.594582	-12.140703
Gt(ROSA)26Sor	-12.730717	-9.276838
Cfap97d1	-20.308605	-16.854729000000003
Rtl3	-17.364166	-13.910289
Rnase6	-20.308605	-16.854729000000003
Exosc8	-12.33873	-8.884851
Ergic1	-11.441108999999999	-7.9872309999999995
Gm44751	-15.926579	-12.472700999999999
Ube2j1	-11.933322	-8.479444
Raet1e	-20.308605	-16.854729000000003
Spn	-19.055841	-15.601964
Fam83h	-17.151606	-13.697726999999999
Rcan3	-13.078768	-9.624889
Hectd4	-12.728928	-9.275049000000001
Hist1h2be	-14.06833	-10.614450999999999
Aim2	-19.392315	-15.938437
Nkd1	-11.145619	-7.691741499999999
Ikzf4	-14.400523000000002	-10.946645
Atf5	-11.262846000000001	-7.808967999999999
Cmklr1	-13.807317000000001	-10.353438
Ss18l1	-15.14955	-11.695672
Gm536	-19.615458	-16.161580999999998
Gm43464	-21.001753	-17.547876000000002
Ubqln1	-12.153962	-8.700084
Dact2	-18.229164	-14.775286999999999
Gm17057	-19.615458	-16.161580999999998
Mpdu1	-13.016608999999999	-9.562731
A030001D20Rik	-14.327192000000002	-10.873314
Galnt10	-14.43087	-10.976992
P3h1	-12.294766000000001	-8.840888
Gm13404	-20.308605	-16.854729000000003
Gm13483	-15.056332999999999	-11.602454
Dync2li1	-12.502521	-9.048642
Sbf1	-12.733022	-9.279143
A930002C04Rik	-15.546432500000002	-12.092554
Cers6	-14.504978	-11.0511
Gm37305	-14.765384	-11.311505
Ctr9	-11.93748	-8.483602000000001
Pea15a	-11.447398	-7.993520299999999
Fxyd4	-15.958328	-12.50445
Gm26876	-19.055841	-15.601964
Atrnl1	-12.629124000000001	-9.175245
Slc18b1	-13.824735	-10.370856
Nectin4	-19.615458	-16.161580999999998
Gm3604	-14.98073	-11.526852
Gm42700	-17.866259	-14.412381
Snorc	-13.718992000000002	-10.265114
Asphd2	-19.055841	-15.601964
Snap23	-11.292883	-7.839005
Fam219b	-13.057616000000001	-9.603738
Gm26620	-16.18147	-12.727592999999999
Slc25a2	-18.16854	-14.714661999999999
Gm47404	-19.903141	-16.449265
Hbp1	-11.609841000000001	-8.155963
Cp	-13.599912	-10.146033000000001
Gm50203	-17.195091	-13.741213
Prss23	-10.164253	-6.7103753
Mfge8	-8.831992	-5.378114
Poglut1	-12.074705	-8.620827
Sned1	-14.330987	-10.877108999999999
Cherp	-12.73739	-9.283511
Armc8	-12.308256	-8.854378
Vgf	-19.392315	-15.938437
9430097D07Rik	-21.001753	-17.547876000000002
4930546K05Rik	-17.705915	-14.252038
Rfx5	-13.642922	-10.189044
Zcchc2	-13.1983185	-9.744439999999999
Trem2	-18.057314	-14.603435999999999
Ehd4	-11.045103999999998	-7.591226
Usp45	-12.47461	-9.020732
Myorg	-15.085551	-11.631673
Aoah	-19.392315	-15.938437
Gm17167	-13.149314000000002	-9.695436
Crls1	-12.641448	-9.18757
Gm4189	-15.504585	-12.050707000000001
Mrps7	-11.658457	-8.204578
Bphl	-12.352129	-8.898251
Capns2	-19.903141	-16.449265
Rtl8b	-12.399852000000001	-8.945973
Csl	-19.055841	-15.601964
Ndufa10	-11.115005499999999	-7.6611275999999995
Bod1	-11.088217	-7.634339
Hexim1	-11.258141499999999	-7.8042636
Armcx3	-11.512721	-8.058843
Gm3331	-18.293703	-14.839826
Cavin4	-17.069927	-13.616048999999999
Gm31243	-21.001753	-17.547876000000002
Tmem126a	-11.705235499999999	-8.251357
Ywhaz	-9.827102	-6.373224
Akip1	-13.486409	-10.032531
Zfp811	-15.585653	-12.131775
Snhg9	-14.088016	-10.634136999999999
4930507D05Rik	-18.436804000000002	-14.982926
Tma7	-10.227789	-6.773911
Plk3	-14.00782	-10.553942
Pdgfrb	-11.003092	-7.549214
Cbx1	-10.934617	-7.480739
1010001B22Rik	-14.652614999999999	-11.198736
Pcdhga6	-14.702804	-11.248925
Serpinf1	-12.826488000000001	-9.372608999999999
Luc7l2	-10.197942	-6.744064
Zfp800	-12.188166	-8.734287
Krt18	-12.591255	-9.137377
Ttc21b	-13.067956	-9.614078
Isoc1	-13.124735999999999	-9.670857
Pofut2	-10.8000145	-7.3461365999999995
Gm45411	-17.782877	-14.3289995
Gm15987	-20.308605	-16.854729000000003
0610043K17Rik	-14.890285500000001	-11.436407
Mtrex	-12.017059	-8.563181
Cdk9	-11.6111765	-8.157297999999999
Mrps31	-12.314311	-8.860433
Reep2	-13.626497	-10.172619000000001
Gm43156	-19.055841	-15.601964
Cdrt4	-17.312874	-13.858995000000002
Megf8	-12.957127	-9.503248
Slc5a11	-21.001753	-17.547876000000002
Gm29417	-18.057314	-14.603435999999999
Cyb5b	-11.855951	-8.402073
Immp1l	-11.451091	-7.997213
Sfrp2	-10.610299000000001	-7.156421000000001
Orc3	-12.995386	-9.541508
Ghitm	-11.214126	-7.7602477
Gm13427	-19.392315	-15.938437
Triobp	-12.0743065	-8.620428
Me2	-13.123598000000001	-9.66972
Prr5	-17.782877	-14.3289995
Gm2000	-12.984446	-9.530567
Gm41290	-21.001753	-17.547876000000002
Acot13	-11.863769	-8.409889999999999
Zswim1	-13.639107999999998	-10.185229
Imp4	-12.613758	-9.159880000000001
Spi1	-18.111382	-14.657504000000001
Dennd5b	-12.067166	-8.613288
Il31ra	-18.804527	-15.35065
Dnah6	-19.055841	-15.601964
Tecta	-19.615458	-16.161580999999998
Shisa8	-21.001753	-17.547876000000002
Usp12	-12.416528	-8.962649
Gtpbp4	-11.571234	-8.117355
Coa5	-12.591477000000001	-9.137599
D430018E03Rik	-15.926579	-12.472700999999999
Poldip3	-12.35828	-8.904402000000001
Rnf152	-13.212298	-9.75842
Gm20337	-17.069927	-13.616048999999999
Rs1	-17.08973	-13.635851999999998
Tmem89	-17.312874	-13.858995000000002
H2al3	-18.922311999999998	-15.468434
Zfand4	-15.488323999999999	-12.034446
Gm10101	-16.941309	-13.487432
Syne2	-10.929621000000001	-7.475743
Dhrs13	-14.158004	-10.704125
Shank1	-13.954235999999998	-10.500358
Ptcd1	-13.696565	-10.242686
Csmd1	-18.00602	-14.552142000000002
4930474N09Rik	-19.615458	-16.161580999999998
Gm5	-19.903141	-16.449265
1700093K21Rik	-18.057314	-14.603435999999999
1810012K08Rik	-18.436804000000002	-14.982926
Atp1a1	-10.713308999999999	-7.2594313999999995
Gm50270	-19.903141	-16.449265
Pdk3	-12.444186	-8.990308
Mmab	-14.017037	-10.563158999999999
Nanos1	-14.821735999999998	-11.367858
Gm10134	-14.6352825	-11.181403999999999
Pcf11	-12.022211	-8.568333
Il27ra	-18.362696	-14.908818
Stradb	-12.945008999999999	-9.491131
Gm35330	-17.338192000000003	-13.884314000000002
Rpp21	-11.63236	-8.178482
Emid1	-13.485864999999999	-10.031986
Fam209	-16.595034	-13.141156
Gm17396	-13.793153	-10.339274000000001
Gm34121	-16.924215	-13.470338
Cd8b1	-18.229164	-14.775286999999999
Upp1	-20.308605	-16.854729000000003
Insr	-11.599884	-8.146006
Hotairm1	-11.167401	-7.7135234
Lair1	-18.922311999999998	-15.468434
Kdm5b	-11.6635475	-8.209669
Bmerb1	-19.209993	-15.756116
Procr	-16.874619	-13.420739999999999
Capn12	-14.367120000000002	-10.913241000000001
9530068E07Rik	-10.5841255	-7.1302476
Rnf2	-12.824238000000001	-9.370358999999999
Zfp934	-13.814853	-10.360974
Puf60	-11.397143	-7.943265400000001
9430091E24Rik	-16.22263	-12.768751
Slc9a3r1	-13.195870999999999	-9.741992999999999
Sigirr	-19.055841	-15.601964
Zfat	-14.793163	-11.339285
Yme1l1	-11.297327000000001	-7.843449000000001
Gm27194	-19.903141	-16.449265
Tfcp2	-13.291996	-9.838118
Tmem219	-11.908059	-8.454181
Cdk4	-11.530049	-8.076171
Scamp1	-12.396732	-8.942853999999999
Ap3d1	-11.750271000000001	-8.296391999999999
Eif4b	-10.960027	-7.506149000000001
4930570G19Rik	-18.057314	-14.603435999999999
Suds3	-11.852438000000001	-8.39856
E130317F20Rik	-14.503471	-11.049593
Gm10638	-13.876470999999999	-10.422592
Mllt6	-12.457139999999999	-9.003262
Synpo	-11.0239935	-7.5701156
Med1	-12.042441	-8.588563
Dnah17	-18.362696	-14.908818
Crkl	-12.583938999999999	-9.13006
Axin2	-14.781163000000001	-11.327285
Dcaf15	-13.991442000000001	-10.537563
Gm26583	-16.890879	-13.437001
Gna15	-19.615458	-16.161580999999998
Padi2	-18.516845999999997	-15.062968
Ldb3	-10.965747	-7.511869
Map7d3	-14.117267000000002	-10.663388000000001
Ucma	-17.240553	-13.7866745
B4galt5	-13.883738000000001	-10.429859
Myzap	-15.4296	-11.975721
Celsr2	-13.542991	-10.089112
Ndnf	-13.963847	-10.509969
4933432I09Rik	-16.697687	-13.24381
Asb7	-12.983787	-9.529908
Desi1	-12.943425999999999	-9.489548
Gm14435	-17.866259	-14.412381
Myh11	-6.982344	-3.5284667
Aldoart1	-18.293703	-14.839826
Zfp30	-12.971344	-9.517466
Gid8	-12.194730999999999	-8.740852
Mocs3	-13.721055999999999	-10.267178
Pcyt2	-12.726377000000001	-9.272497999999999
Tmem88	-15.444925	-11.991047
Dok4	-13.945578	-10.491699
Armc2	-14.236714000000001	-10.782836
Mrps6	-11.737967	-8.284088
Lrrc17	-10.9045925	-7.4507145999999995
Arih1	-11.4606	-8.0067215
Itgb7	-18.516845999999997	-15.062968
Cop1	-11.466435	-8.012557000000001
Zdhhc21	-12.480369	-9.026489999999999
Slco1a4	-17.782877	-14.3289995
Rrh	-19.392315	-15.938437
Selp	-19.615458	-16.161580999999998
Lamp1	-9.380287	-5.9264092
Sphk1	-14.532503	-11.078625
Syngr3	-14.433676	-10.979797
Adam19	-13.079855	-9.625977
Inf2	-13.166570000000002	-9.712691
Uchl1os	-17.91071	-14.456832
Yod1	-12.932724	-9.478846
Adamts9	-12.735846	-9.281967
Gm50322	-17.782877	-14.3289995
Kdm4a	-12.919042999999999	-9.465164
Lrrc3b	-18.516845999999997	-15.062968
Selenon	-12.624052	-9.170174000000001
P2ry1	-18.804527	-15.35065
Batf2	-19.615458	-16.161580999999998
9430015G10Rik	-14.691835000000001	-11.237957000000002
Gm12679	-19.392315	-15.938437
Cyp2f2	-20.308605	-16.854729000000003
Aup1	-11.802373	-8.348495
Sh3d21	-13.319732	-9.865853
Macf1	-9.5589285	-6.105050599999999
Fam207a	-12.985764999999999	-9.531887
Dmrtc1a	-17.264084	-13.810204999999998
Adgrv1	-18.293703	-14.839826
Proca1	-14.537165	-11.083286
Cbx7	-12.542401	-9.088523
Kctd4	-18.603857	-15.14998
Cers4	-11.663899	-8.210021000000001
Zfp36	-11.31115	-7.8572717
Ppp4r3b	-11.491383	-8.037504
Ppp1r42	-19.903141	-16.449265
Mex3d	-13.180912	-9.727034
Cmas	-11.928265	-8.474386
Olfr57	-18.16854	-14.714661999999999
Gm10687	-12.9947195	-9.540841
Kat2a	-13.620873999999999	-10.166996000000001
Chd5	-16.173439000000002	-12.719562
Gm42982	-19.903141	-16.449265
Asap3	-14.706488	-11.252609
B4gat1	-12.149231	-8.695352999999999
1700048O20Rik	-15.140967000000002	-11.687089
Vps26c	-12.552625	-9.098746
Ranbp17	-14.093998000000001	-10.64012
Gpr153	-13.712826000000002	-10.258947000000001
Chic2	-11.656707	-8.202828
Dpy30	-11.526667	-8.072788000000001
Cxcl12	-11.889357	-8.435478
Cldn15	-16.725085999999997	-13.271208999999999
Gm48619	-18.362696	-14.908818
Gm17021	-17.475391000000002	-14.021514000000002
Opn1mw	-18.293703	-14.839826
Shroom1	-16.096478	-12.6426
Cacna2d4	-17.475391000000002	-14.021514000000002
Gm16253	-16.447876	-12.993998
Slc25a30	-14.110126999999999	-10.656249
Gm42047	-15.25555	-11.801672
Gm47512	-16.437405	-12.983527
Gm5602	-15.744257999999999	-12.29038
Flt4	-17.743656	-14.289779000000001
Msantd4	-11.834529	-8.3806505
Htr2b	-19.055841	-15.601964
Gprc5c	-15.865955	-12.412077
Sik3	-12.642617999999999	-9.18874
Napb	-13.942995000000002	-10.489117
Gm36041	-19.209993	-15.756116
Axin1	-12.711210000000001	-9.257332
Sirt6	-14.055739	-10.601861
Stk40	-11.791113000000001	-8.337234500000001
Arap1	-13.092264	-9.638386
Cfap54	-19.615458	-16.161580999999998
Gm12409	-16.118952	-12.665073
Inpp5j	-15.659419	-12.205541
Mtg2	-12.702219	-9.248341
Inip	-13.459010000000001	-10.005132000000001
Pde4d	-13.063664	-9.609786
Map1lc3a	-9.610735	-6.1568575
A430078I02Rik	-16.890879	-13.437001
Ccdc27	-19.903141	-16.449265
Gna11	-10.534316	-7.080438000000001
Ccdc91	-13.314214999999999	-9.860336
9330198N18Rik	-17.866259	-14.412381
E330011O21Rik	-17.264084	-13.810204999999998
Tac1	-18.436804000000002	-14.982926
Thap4	-13.575204000000001	-10.121325500000001
Gtf2f1	-12.009818	-8.55594
Palm	-12.248224	-8.794346
Gm20412	-17.130551999999998	-13.676673999999998
Fzd9	-16.22263	-12.768751
Pnpla7	-14.5915785	-11.1377
Col6a2	-10.202933	-6.7490554000000005
A430048G15Rik	-19.055841	-15.601964
Mipol1	-13.851052	-10.397174
Sacm1l	-11.811616	-8.357738000000001
Agtrap	-12.791628999999999	-9.33775
Cracr2a	-17.050507999999997	-13.596631
Tmem158	-15.414504999999998	-11.960627
Ska2	-13.420032999999998	-9.966155
Arhgap4	-16.924215	-13.470338
Gm38293	-19.392315	-15.938437
Romo1	-9.836089999999999	-6.382212
Gm35167	-17.823698	-14.369821
Klf1	-18.293703	-14.839826
Eef1e1	-12.921825	-9.467947
Kcnj12	-15.594582	-12.140703
Daam1	-11.492124	-8.038245
Pcdh17	-16.547404999999998	-13.093528
Kcnt2	-14.310910999999999	-10.857033
Gm41396	-18.16854	-14.714661999999999
Tert	-17.01277	-13.558891000000001
Fancg	-15.403332	-11.949453
Slc9a3r2	-12.698744	-9.244864999999999
Ddhd2	-12.021455	-8.567575999999999
Dock3	-17.705915	-14.252038
Atp1a2	-10.185441	-6.731563
Shf	-14.160138	-10.70626
Gm49201	-16.645044	-13.191166
Zxdc	-13.098527	-9.644649000000001
Tpi1	-10.25418	-6.800302
Psmc4	-10.892146	-7.438267999999999
Sbsn	-14.034785999999999	-10.580908
2310034G01Rik	-15.342270999999998	-11.888392
Kpna1	-11.93102	-8.477141
Afdn	-12.222042	-8.768164
Zfp708	-18.804527	-15.35065
Gm26554	-21.001753	-17.547876000000002
Vmn1r46	-19.903141	-16.449265
Rsph3a	-14.148454999999998	-10.694576
Olfr975	-20.308605	-16.854729000000003
Chst8	-19.615458	-16.161580999999998
Gm13716	-20.308605	-16.854729000000003
Nptx1	-17.866259	-14.412381
Hnrnpa3	-10.060767	-6.6068892
Ccdc12	-11.458232	-8.004354
Chd3	-10.572797999999999	-7.11892
Klhl25	-14.228673	-10.774795
Lancl1	-12.080162	-8.626284
Gm14569	-21.001753	-17.547876000000002
Ints9	-13.114920999999999	-9.661042
Cdk16	-12.644494	-9.190616
Olfr392	-19.903141	-16.449265
Ahnak	-8.808416000000001	-5.354538400000001
Qrsl1	-14.286370000000002	-10.832492
Hcar1	-17.069927	-13.616048999999999
Tspan18	-16.338314	-12.884436
Crybb1	-17.050507999999997	-13.596631
Mcur1	-11.078316000000001	-7.6244380000000005
Zfp148	-11.2148	-7.760922
Rab40c	-13.517945999999998	-10.064067999999999
Ube2u	-17.338192000000003	-13.884314000000002
Ndufb10	-9.9021635	-6.4482856
Prkar2a	-10.949717	-7.4958386
Tnfrsf17	-20.308605	-16.854729000000003
Rnf167	-11.841864999999999	-8.387986
Ptprcap	-17.705915	-14.252038
Vps36	-11.464486	-8.010608
Metap1	-12.712465	-9.258587
Cela3b	-19.615458	-16.161580999999998
Cfap53	-16.711294	-13.257416000000001
Tomm6	-9.823755	-6.3698773
Frs3os	-21.001753	-17.547876000000002
Gm16348	-19.209993	-15.756116
Etv3	-12.775447	-9.3215685
Igf2bp2	-14.626728	-11.17285
Marc1	-18.804527	-15.35065
Fbxo34	-12.355464	-8.901586
Nhej1	-13.896788	-10.442909
Fam131c	-18.436804000000002	-14.982926
2700046A07Rik	-17.600555	-14.146678
Zfyve9	-12.359338000000001	-8.905459
Myof	-11.113481	-7.6596025999999995
BC035044	-21.001753	-17.547876000000002
Penk	-15.132457	-11.678578
Dyrk1b	-13.48859	-10.034711999999999
Gm48924	-20.308605	-16.854729000000003
Hdac2	-11.739295	-8.285417
Pla2g4c	-18.603857	-15.14998
Secisbp2l	-11.32385	-7.869971799999999
Cpped1	-12.555841000000001	-9.101963
Tet3	-11.932746	-8.478867999999999
Elfn1	-20.308605	-16.854729000000003
Primpol	-14.124457000000001	-10.670579
Cdc123	-11.75431	-8.300431
Platr27	-21.001753	-17.547876000000002
Prr5l	-13.564547	-10.110667999999999
Dcaf12	-12.415967	-8.962089
Plekha2	-12.737132	-9.283254
Thop1	-13.127395000000002	-9.673516000000001
Dnajb4	-9.476672	-6.0227942
Tmem241	-14.699133999999999	-11.245255
Prox2	-15.072165	-11.618286
Tmem229b	-13.225219000000001	-9.771339999999999
Lypla2	-12.747225	-9.293346000000001
Hipk2	-12.664405	-9.210526
Icam4	-16.711294	-13.257416000000001
6330408M09Rik	-15.311394	-11.857515
Impa1	-11.298975	-7.845097
Brk1	-10.576025999999999	-7.122147999999999
Actr10	-11.026224000000001	-7.5723460000000005
Soga1	-13.388923000000002	-9.935044
Zfp941	-19.903141	-16.449265
Brwd3	-13.036555	-9.582677
Rab12	-10.742341	-7.288463
Gm49077	-15.760006	-12.306128
Lrrc8a	-11.78772	-8.333841
Rnf113a2	-13.492417999999999	-10.03854
Matr3	-11.019408	-7.5655303
Map1s	-12.943425999999999	-9.489548
Pgm3	-13.008809	-9.554931
Asb15	-19.615458	-16.161580999999998
Pitpnc1	-14.463613500000001	-11.009735000000001
Col3a1	-8.353973	-4.9000955
Omg	-18.922311999999998	-15.468434
Pde6b	-21.001753	-17.547876000000002
Fbxo7	-13.727967000000001	-10.274089
A230077H06Rik	-16.99442	-13.540542000000002
Ccna2	-16.274364000000002	-12.820487
Gm37336	-20.308605	-16.854729000000003
Dennd1b	-12.902199000000001	-9.448319999999999
Itprid2	-11.887483999999999	-8.433605
Fem1b	-12.571862	-9.117984
Srpx	-15.621856	-12.167977
Mertk	-11.457086	-8.003207000000002
Zfp772	-14.245984	-10.792106
Mkrn2os	-18.516845999999997	-15.062968
Lyrm7	-15.158209	-11.70433
9330136K24Rik	-16.725085999999997	-13.271208999999999
Bcor	-12.397649000000001	-8.943769999999999
Rnf183	-19.903141	-16.449265
Hpse	-18.516845999999997	-15.062968
Rab24	-11.8376665	-8.383788000000001
Colec11	-14.949664000000002	-11.495786
Gm5127	-15.631115	-12.177237
Eng	-12.254083999999999	-8.800205
Polr2g	-11.420747	-7.966869
4930488L21Rik	-17.475391000000002	-14.021514000000002
Stambpl1	-14.621630999999999	-11.167752
Gm17025	-21.001753	-17.547876000000002
Calml4	-14.194923999999999	-10.741046
Gm38163	-17.390835	-13.936957000000001
Oxr1	-12.195478999999999	-8.741601
Gm2453	-20.308605	-16.854729000000003
Snx3	-10.238398	-6.7845197
Stpg2	-19.615458	-16.161580999999998
Vwce	-17.505245000000002	-14.051368
Sbspon	-14.190509	-10.73663
AA467197	-18.057314	-14.603435999999999
Gm50394	-16.890879	-13.437001
Gm27227	-21.001753	-17.547876000000002
Gm17146	-16.84287	-13.388992000000002
Fgf11	-14.155873000000001	-10.701995
Stk17b	-11.022648	-7.56877
Rpusd2	-15.30131	-11.847431
Grina	-11.879807000000001	-8.425929
Pigq	-13.244273999999999	-9.790396000000001
Rdh1	-19.903141	-16.449265
Snx24	-11.819298	-8.365419000000001
Ikbkb	-12.287514	-8.833635000000001
Gm47990	-15.202660999999999	-11.748782
Mysm1	-11.857446000000001	-8.403567
Arf4	-10.293644	-6.839766
Grap2	-19.055841	-15.601964
Morf4l1	-8.965580000000001	-5.511702
Pick1	-12.961628999999999	-9.5077505
Rab7	-10.878649000000001	-7.424771000000001
Zfp799	-13.842462	-10.388583
Ufm1	-11.191862	-7.737984
Gpr27	-13.316969	-9.8630905
Gm13556	-19.903141	-16.449265
Zfp653	-13.523582999999999	-10.069705
Krt222	-20.308605	-16.854729000000003
Dpep2	-18.699167000000003	-15.245289999999999
Gm14322	-14.416962	-10.963083000000001
Cyren	-13.868457000000001	-10.414578
Flna	-7.698319000000001	-4.2444415
Myom2	-19.615458	-16.161580999999998
Hnmt	-13.609106	-10.155228
Gigyf2	-11.706061	-8.252183
Stk10	-13.614663	-10.160785
Epb41	-11.902567999999999	-8.448689
Ngdn	-12.221734	-8.767856
Atp5a1	-9.765965	-6.3120875
Gm28809	-17.634457	-14.180579000000002
Kbtbd8	-16.357363	-12.903483999999999
Tenm1	-20.308605	-16.854729000000003
Ncf2	-15.056332999999999	-11.602454
Stk33	-15.971314999999999	-12.517437
Ndufab1	-10.311765	-6.857887
Arntl2	-14.638725	-11.184847
Sh3gl1	-11.906151	-8.452272
Gm49870	-16.205963	-12.752085000000001
Rpe	-12.637478	-9.183599000000001
Lysmd2	-12.508034	-9.054155
Tigd4	-15.033045999999999	-11.579167
Adcyap1r1	-18.804527	-15.35065
Hist1h4m	-17.743656	-14.289779000000001
Gm47438	-16.22263	-12.768751
Gm34922	-21.001753	-17.547876000000002
Gm34885	-19.209993	-15.756116
R74862	-13.743341000000001	-10.289463
Bcl10	-12.182827	-8.728949
Tbx5	-17.312874	-13.858995000000002
Ddx20	-13.651879000000001	-10.198001
Gm29157	-19.209993	-15.756116
5430402O13Rik	-15.492365	-12.038486500000001
Helz	-11.413387	-7.9595094
Msh2	-13.029287	-9.575409
Dclre1b	-14.40734	-10.953462
Hist3h2a	-12.77625	-9.3223715
Psmd14	-11.587003999999999	-8.133125
Adamtsl4	-13.116423999999999	-9.662545
Zfp688	-13.244701999999998	-9.790824
Zfp451	-11.941654	-8.487776
Gm47664	-14.113180999999999	-10.659303
Ldhal6b	-18.229164	-14.775286999999999
Kiss1r	-16.081772	-12.627894
Ano8	-13.933581	-10.479703
Ldhc	-19.615458	-16.161580999999998
Ran	-10.458572	-7.0046945
P3h2	-12.263498	-8.809619999999999
Txnl4b	-14.92182	-11.467941
Cyp2r1	-15.422023999999999	-11.968145
4933428P19Rik	-18.603857	-15.14998
Cdyl	-12.044243	-8.590364
Olfr539	-18.804527	-15.35065
D17H6S53E	-13.672004000000001	-10.218125
Pcdhga2	-16.319622	-12.865744
Camk2n1	-10.756202	-7.3023240000000005
Ablim1	-11.828907000000001	-8.375029
Nlrp1b	-21.001753	-17.547876000000002
Gm12689	-16.479965	-13.026087
Gp1bb	-16.141941	-12.688063
Gm48079	-16.890879	-13.437001
Unc45a	-11.066913000000001	-7.613034700000001
Lgals2	-19.615458	-16.161580999999998
4930478M13Rik	-20.308605	-16.854729000000003
Vmn1r55	-18.516845999999997	-15.062968
Gstt2	-12.867286	-9.413407000000001
Zfp39	-14.357964	-10.904085
Tmem50a	-10.415245	-6.961367
Pcdhb10	-17.743656	-14.289779000000001
Icam1	-15.713486999999999	-12.259608
Ddx21	-11.87937	-8.425491000000001
Fam173a	-11.630486	-8.176607
Gm11175	-16.874619	-13.420739999999999
Fan1	-14.492984	-11.039105000000001
Gramd4	-14.618247	-11.164369
Mfsd13b	-16.84287	-13.388992000000002
Khdrbs1	-11.353223	-7.899344999999999
Hoga1	-16.657948	-13.204069
Mcfd2	-12.034504	-8.580625999999999
Ssc5d	-15.418257	-11.964378
Gm15983	-17.151606	-13.697726999999999
Rnf146	-11.9764185	-8.52254
Arxes1	-16.141941	-12.688063
Zranb1	-11.538167	-8.084289
H2-Aa	-16.173439000000002	-12.719562
Gm30934	-18.362696	-14.908818
Clcn3	-12.285708999999999	-8.831831
Gimap4	-19.392315	-15.938437
Cfl2	-10.0828905	-6.629012599999999
Abhd2	-12.640512	-9.186634
Gm12289	-19.903141	-16.449265
Marcksl1	-14.198248000000001	-10.744369500000001
Ttc16	-16.739073	-13.285195000000002
Foxp3	-21.001753	-17.547876000000002
Slc5a6	-14.834237	-11.380359
Qprt	-19.903141	-16.449265
Gm39090	-17.505245000000002	-14.051368
Clcn1	-19.392315	-15.938437
Snrpg	-10.005738000000001	-6.5518602999999995
Cyb561	-11.99194	-8.538061
Btg3	-11.267039	-7.8131614
Gm29093	-16.874619	-13.420739999999999
Gm19391	-15.271653	-11.817775
Slc24a3	-11.73977	-8.285892
Man2b1	-11.931135000000001	-8.477257
Ibtk	-12.393989	-8.94011
Gm36535	-19.615458	-16.161580999999998
Pdcd2	-12.459087	-9.005208999999999
Zfp52	-13.231953	-9.778074
Gm26532	-12.28735	-8.833471000000001
Plpp3	-10.581617	-7.1277394
Adamts12	-14.704644	-11.250766
Slc27a1	-13.213126999999998	-9.759249
Pcdhga8	-16.045925	-12.592048
Cpne7	-19.392315	-15.938437
Sccpdh	-12.768782	-9.314903
Ehmt2	-12.193684	-8.739805
Prkd2	-13.751828	-10.29795
Snai1	-15.920349	-12.466471
Atp5f1	-10.009149	-6.5552706999999995
Smdt1	-9.819863	-6.3659854000000005
1700017B05Rik	-13.572826000000001	-10.118948
Gm14232	-21.001753	-17.547876000000002
Herc2	-11.41572	-7.961842
Suclg1	-10.842887	-7.389009
Tiam1	-15.46049	-12.006611999999999
Suox	-13.972666	-10.518787
Ckm	-13.926789999999999	-10.472911999999999
Gm35551	-18.603857	-15.14998
Gm47732	-21.001753	-17.547876000000002
4930558J22Rik	-18.436804000000002	-14.982926
Neurl3	-18.293703	-14.839826
Appl2	-13.457951000000001	-10.004072
Supt7l	-13.437515	-9.983637
Gm48485	-19.615458	-16.161580999999998
Mki67	-14.959121	-11.505241999999999
Vbp1	-11.745197000000001	-8.291319
Uhrf1bp1l	-11.450521	-7.996643499999999
Capn5	-14.049980999999999	-10.596103
Gm28277	-18.229164	-14.775286999999999
Spc24	-15.484301	-12.030422
Khnyn	-13.101858	-9.64798
Ccn5	-10.851718	-7.3978399999999995
Slc35f6	-13.394372	-9.940494000000001
Slit2	-13.887797	-10.433919
Csrp3	-20.308605	-16.854729000000003
Doc2g	-14.975887	-11.522008999999999
Catsperd	-18.922311999999998	-15.468434
Leng8	-12.044628999999999	-8.590751
Gm48281	-21.001753	-17.547876000000002
Gcdh	-13.005099000000001	-9.551221
Dupd1	-20.308605	-16.854729000000003
Khk	-12.648492	-9.194613
Spint2	-10.473664999999999	-7.019787299999999
Gm11476	-17.705915	-14.252038
Pik3r2	-12.780005000000001	-9.326127
4732463B04Rik	-19.055841	-15.601964
Nebl	-13.431826000000001	-9.977947
Phf2	-11.732295	-8.278417
Arpc1b	-9.739009	-6.285131
Plekho2	-11.761078	-8.3071995
Eif1b	-10.775205	-7.321326700000001
Gas2l1	-11.853076	-8.399198
Cxcr5	-19.392315	-15.938437
2610507I01Rik	-13.732833	-10.2789545
6430590A07Rik	-13.606031	-10.152153
Gmpr2	-12.3516035	-8.897725
Cyb561a3	-13.698584	-10.244705
Rrp7a	-12.336312	-8.882434
Gm26660	-15.786817999999998	-12.332939
Nxt2	-12.50415	-9.050272
H3f3aos	-16.490892000000002	-13.037015
Hspb7	-10.209799	-6.755921000000001
Echs1	-11.227805	-7.7739270000000005
Sox3	-21.001753	-17.547876000000002
Pcdhb11	-16.739073	-13.285195000000002
Gm10640	-19.392315	-15.938437
Tmem63a	-12.065324	-8.611445
Gm21269	-17.782877	-14.3289995
Rfwd3	-13.547611999999999	-10.093734
Fgf22	-17.418233999999998	-13.964356
Gm29100	-19.055841	-15.601964
March7	-11.604436	-8.1505575
Samd10	-14.801244	-11.347365
Zmym5	-11.744625	-8.290747
Gm20652	-18.293703	-14.839826
B230112J18Rik	-17.01277	-13.558891000000001
Il17re	-18.804527	-15.35065
Mrpl24	-11.174661	-7.720782799999999
Syncrip	-11.002410000000001	-7.548532000000001
Dand5	-13.465389000000002	-10.011511
Ubc	-8.370351	-4.916473000000001
Lbhd2	-16.535845000000002	-13.081966
Tctex1d1	-19.903141	-16.449265
Sphk2	-12.802564	-9.348685000000001
Gm42664	-16.004541	-12.550663
Ccdc81	-17.338192000000003	-13.884314000000002
Aph1a	-11.790613	-8.336735000000001
Gm35842	-18.804527	-15.35065
Lrrc42	-12.552196499999999	-9.098317999999999
Gm5432	-19.392315	-15.938437
Has3	-14.94263	-11.488750999999999
Plxnc1	-16.797060000000002	-13.343182999999998
Card6	-14.966272	-11.512394
Ak6	-11.834529	-8.3806505
Nudt4	-9.278210000000001	-5.824332
Tmem125	-18.922311999999998	-15.468434
Anxa5	-9.6394415	-6.1855636
Sufu	-13.233642999999999	-9.779764
Clec2e	-17.634457	-14.180579000000002
Tmem147	-11.298243	-7.8443646
Olfr976	-19.392315	-15.938437
Smim5	-11.349423	-7.8955455
Tmem216	-13.23153	-9.777652
Gpx3	-15.352779	-11.898900999999999
Thoc3	-12.363936	-8.910058
Gm13571	-16.396584	-12.942705
Foxf2	-18.111382	-14.657504000000001
Mmp24	-19.209993	-15.756116
Ubr1	-11.89911	-8.445231
Tgif1	-14.133779	-10.6799
5730522E02Rik	-20.308605	-16.854729000000003
Tuft1	-18.057314	-14.603435999999999
Higd1a	-9.643717	-6.1898394
Mex3c	-12.17048	-8.716600999999999
Anxa13	-17.505245000000002	-14.051368
Tmem62	-13.8613	-10.407422
Aplf	-14.245984	-10.792106
Crhr2	-14.213907999999998	-10.76003
Dixdc1	-13.255885000000001	-9.802007000000001
S100a3	-16.367023	-12.913146000000001
Ubap2l	-10.868822	-7.414944
Gigyf1	-12.216519	-8.762641
Fzd1	-11.687774000000001	-8.233895
Gm40909	-17.91071	-14.456832
Galnt16	-11.857659	-8.403781
Fgf2os	-15.508692000000002	-12.054813000000001
Srrm3	-18.603857	-15.14998
Zfp715	-13.236184	-9.782306
Taco1os	-14.723232000000001	-11.269354
Dlgap1	-12.726632	-9.272753999999999
Relb	-12.823114	-9.369236
Fuca2	-13.429765	-9.975886000000001
Dcun1d2	-13.166570000000002	-9.712691
Gm29642	-18.436804000000002	-14.982926
Mpp6	-11.77112	-8.317242
Grip2	-12.071655999999999	-8.617778
A030014E15Rik	-19.209993	-15.756116
Mon1b	-13.770467000000002	-10.316588000000001
Gm16838	-18.16854	-14.714661999999999
Tbc1d23	-12.352129	-8.898251
Zkscan8	-13.201591	-9.747712
Endog	-12.188612	-8.734734
Gm14798	-18.436804000000002	-14.982926
Gm4544	-16.018147	-12.564267999999998
Ndufb8	-10.200728999999999	-6.746851400000001
Gm31013	-19.615458	-16.161580999999998
Dnhd1	-15.349264000000002	-11.895386
Pan3	-12.343408	-8.889529
Gm20036	-17.95723	-14.503352
Acvr1c	-17.312874	-13.858995000000002
Gm12524	-18.699167000000003	-15.245289999999999
Gm10602	-14.947314000000002	-11.493436
Pafah1b2	-11.823936	-8.370058
Zfp354c	-12.353356	-8.899478
Ctsw	-18.603857	-15.14998
Pam	-8.813355	-5.359478
Lyplal1	-13.791673999999999	-10.337795
Mmp3	-14.482606	-11.028728
Acod1	-21.001753	-17.547876000000002
Myh9	-11.076553	-7.6226754
Hhex	-18.00602	-14.552142000000002
Gpr157	-15.274904999999999	-11.821027
Hmgn1	-9.406528999999999	-5.9526515
Mib1	-11.560063000000001	-8.106185
Zfp647	-14.931016	-11.477138
Flt3	-21.001753	-17.547876000000002
Ptger1	-15.492365	-12.038486500000001
Sirt7	-12.70421	-9.250332
Phtf2	-11.17888	-7.725002000000001
Sdk1	-18.057314	-14.603435999999999
P2rx4	-13.051603	-9.597725
Abcc9	-10.693234	-7.2393565
Unk	-13.440110999999998	-9.986233
Samd9l	-12.109554	-8.655676
Adprh	-11.868402	-8.414522999999999
Dusp3	-10.549798	-7.09592
Gm34006	-16.01132	-12.557443
Gm36738	-17.338192000000003	-13.884314000000002
Gm32926	-19.392315	-15.938437
Nup210l	-16.697687	-13.24381
Mgat5	-12.158138000000001	-8.704260000000001
Gm49240	-21.001753	-17.547876000000002
Pgm5	-10.647891	-7.194013000000001
Mfsd1	-12.679116	-9.225238000000001
Sptbn1	-9.844204	-6.390326
Zmat5	-11.660648	-8.20677
Tceanc2	-12.743072	-9.289193
Hba-a1	-14.181737	-10.727859
Slu7	-11.842812	-8.388933
Gm44698	-17.91071	-14.456832
Tsfm	-12.526424	-9.072546
Gm10941	-14.744085	-11.290207
Efnb2	-11.742337	-8.288459
Sh2b2	-17.418233999999998	-13.964356
Gm16075	-21.001753	-17.547876000000002
Anln	-11.49837	-8.044492
Rab36	-14.928709	-11.474831
Rcan2	-9.610555	-6.156676999999999
Pcyt1b	-16.347792000000002	-12.893914
Iqcn	-14.532503	-11.078625
2610204G07Rik	-18.516845999999997	-15.062968
Plxna3	-15.452677	-11.998797999999999
Stmn1	-13.372748999999999	-9.918871000000001
Gpbar1	-15.797747	-12.343867999999999
Slco1b2	-17.95723	-14.503352
Gm48071	-19.615458	-16.161580999999998
Rac3	-12.876418	-9.42254
Sec24a	-12.420459	-8.96658
Upk3b	-17.475391000000002	-14.021514000000002
Cnot8	-12.221427	-8.767549
5031425E22Rik	-12.560146000000001	-9.106268
Ankk1	-19.903141	-16.449265
4930579G18Rik	-18.516845999999997	-15.062968
Far2os1	-20.308605	-16.854729000000003
Gm26543	-20.308605	-16.854729000000003
Myo1g	-19.055841	-15.601964
Gm12278	-18.516845999999997	-15.062968
Plvap	-13.073347	-9.619469
4930402H24Rik	-12.459087	-9.005208999999999
2310001H17Rik	-15.10735	-11.653472
Vegfc	-14.611513	-11.157635
Mtmr12	-13.304178	-9.8503
Dcun1d3	-12.874349	-9.42047
Riiad1	-15.568031	-12.114153
Gnai3	-11.435417999999999	-7.98154
Fbxo9	-11.316111	-7.862232700000001
Exoc3l4	-15.464419	-12.010541
Gm26728	-15.914157000000001	-12.460278500000001
Rpl13	-7.5887785	-4.134901
Tmem132b	-17.536016	-14.082139000000002
Gm13563	-18.00602	-14.552142000000002
V1ra8	-19.055841	-15.601964
Tyw5	-12.70197	-9.248092
Med28	-10.837710000000001	-7.3838325
Por	-11.377913000000001	-7.9240355
Arhgap32	-13.116423999999999	-9.662545
Tmem138	-13.412923999999999	-9.959045
Pgf	-13.7497	-10.295821
Rbmx	-12.694541000000001	-9.240663
Itpkb	-11.998191	-8.5443125
Rbm25	-10.48576	-7.031882
Ddx39b	-10.966667	-7.5127892
Cxcl17	-18.699167000000003	-15.245289999999999
Atp2b1	-10.885213	-7.431335000000001
Irak1bp1	-11.9276905	-8.473811999999999
Gm12258	-14.817604000000001	-11.363726
Gm13199	-17.288180999999998	-13.834303
Vdac3	-10.546911999999999	-7.093034299999999
Snhg4	-12.392711	-8.938832000000001
Acbd7	-17.866259	-14.412381
H2-K1	-11.048143	-7.5942655
Cldn6	-18.804527	-15.35065
Odf1	-21.001753	-17.547876000000002
Tjp1	-11.504731	-8.050853
Klhl15	-13.651879000000001	-10.198001
Mbnl3	-19.055841	-15.601964
Bmyc	-11.109681	-7.655803
Vps13d	-12.06664	-8.612761500000001
Slc27a4	-13.0200205	-9.566142
G3bp1	-11.071381	-7.6175027
Nckap5los	-18.111382	-14.657504000000001
Gm43727	-17.050507999999997	-13.596631
Gm37062	-18.603857	-15.14998
Mrps23	-12.143385	-8.689507
Pabpc5	-15.422023999999999	-11.968145
Sap18b	-14.236714000000001	-10.782836
4833445I07Rik	-15.30466	-11.850781
Bcas2	-11.191752000000001	-7.737874499999999
Selenov	-18.436804000000002	-14.982926
Ermap	-17.288180999999998	-13.834303
D5Ertd579e	-11.906151	-8.452272
Gm43480	-18.229164	-14.775286999999999
Fn3krp	-14.866188000000001	-11.41231
Gria3	-14.324670000000001	-10.870791
Gm17300	-17.338192000000003	-13.884314000000002
Il16	-14.149510000000001	-10.695632000000002
A930023M06Rik	-21.001753	-17.547876000000002
Cilp2	-13.811831	-10.357953
A930019D19Rik	-19.903141	-16.449265
Rnf26	-13.043177	-9.589298
Gm10634	-21.001753	-17.547876000000002
2010001M07Rik	-17.288180999999998	-13.834303
Myo19	-14.697304999999998	-11.243426
Hk3	-19.615458	-16.161580999999998
1700086P04Rik	-17.288180999999998	-13.834303
Wdr5b	-14.395103	-10.941225
Uba2	-10.760864999999999	-7.306987299999999
Sart1	-12.069937	-8.616058
Hoxa9	-13.625245000000001	-10.171367
Erich6b	-20.308605	-16.854729000000003
Wdr73	-13.567495999999998	-10.113617999999999
Csad	-11.783742	-8.329864
Ildr1	-19.903141	-16.449265
Ccdc183	-19.903141	-16.449265
Gm28370	-18.804527	-15.35065
B230216N24Rik	-13.499567	-10.045689
Slc25a22	-13.69791	-10.244032
Ttc30b	-13.823208	-10.369328999999999
Slc25a40	-13.305086	-9.851208
Soat1	-12.343408	-8.889529
Ctdp1	-13.316051000000002	-9.862172
Avl9	-12.908902000000001	-9.455024
Hnrnpc	-10.753471000000001	-7.299593400000001
Gm5426	-18.804527	-15.35065
Gm42742	-18.516845999999997	-15.062968
Zfp947	-15.022867000000002	-11.568989
Cept1	-12.386526	-8.932648
2810029C07Rik	-17.069927	-13.616048999999999
Gm29064	-18.804527	-15.35065
Ccdc97	-12.912885000000001	-9.459006
Man1a2	-10.765801	-7.3119235
Fkbp14	-12.361989	-8.908111
Vmn2r26	-18.436804000000002	-14.982926
Lcat	-15.265181	-11.811302
Acyp1	-12.149089	-8.695210000000001
Prim2	-13.598692000000002	-10.144814
Gm42849	-19.615458	-16.161580999999998
Klhl33	-16.205963	-12.752085000000001
Gm33508	-19.615458	-16.161580999999998
Ppib	-9.481196	-6.027319
Gm31793	-18.922311999999998	-15.468434
Gm14019	-19.615458	-16.161580999999998
Mcub	-14.368435	-10.9145565
Snx22	-17.669548000000002	-14.215670999999999
Aldh16a1	-13.815609	-10.361730999999999
Slc7a13	-20.308605	-16.854729000000003
Cnot6	-12.098754	-8.644876
5930403N24Rik	-20.308605	-16.854729000000003
Lrrtm1	-20.308605	-16.854729000000003
4930594M22Rik	-16.739073	-13.285195000000002
Usp43	-18.804527	-15.35065
Rabl2	-13.558675	-10.104796
Kctd17	-12.023344999999999	-8.569467
Ier3	-10.658431	-7.204553
Gm43714	-16.739073	-13.285195000000002
Ccdc136	-13.581175	-10.127296000000001
Vmn2r108	-17.567766	-14.113888000000001
Mbd4	-14.472335000000001	-11.018456
Rbm5	-11.0105295	-7.5566516
Gm48607	-19.209993	-15.756116
Ift20	-10.399385	-6.9455075
4930412L05Rik	-21.001753	-17.547876000000002
Osbpl9	-11.167133	-7.7132554
Cntnap1	-14.985597	-11.531718
Rdh13	-13.787985	-10.334106
Tor1a	-12.206171000000001	-8.752293
Gm28529	-16.437405	-12.983527
Tapbp	-11.600132	-8.146253999999999
Doc2a	-18.293703	-14.839826
Slc27a5	-17.705915	-14.252038
Gm44148	-17.151606	-13.697726999999999
Gm16302	-18.516845999999997	-15.062968
Gm266	-18.922311999999998	-15.468434
Rwdd2a	-14.917253500000001	-11.463375
Gm28940	-18.516845999999997	-15.062968
Setx	-12.259658	-8.805779
Clcn6	-14.024472	-10.570594
Pou2f2	-18.16854	-14.714661999999999
Gmeb2	-13.364519	-9.910641
Card10	-17.505245000000002	-14.051368
Cntnap4	-19.209993	-15.756116
Hoxc11	-16.490892000000002	-13.037015
Edrf1	-13.110048	-9.65617
Rb1cc1	-10.850780499999999	-7.3969026
Slc36a2	-20.308605	-16.854729000000003
Bloc1s3	-14.250651999999999	-10.796774000000001
Eif2b1	-12.61035	-9.156471
Rpa3	-12.760577	-9.306699
1700016P03Rik	-16.469151999999998	-13.015275
Trim6	-15.488323999999999	-12.034446
Gm10824	-18.516845999999997	-15.062968
Gm21119	-19.903141	-16.449265
Col5a1	-10.77459	-7.320711599999999
Fut11	-12.381102	-8.927223
Khsrp	-12.282763000000001	-8.828884
Gm11627	-11.364382	-7.9105039999999995
Chrdl2	-16.782246	-13.328367000000002
Blvrb	-11.279967	-7.8260894
Lpin1	-12.689127000000001	-9.235249000000001
Lmna	-9.405885000000001	-5.952007
Cux1	-10.722401	-7.2685227
Tshz2	-13.885359	-10.43148
Camk2g	-10.821999	-7.3681206999999995
Hprt	-11.879479	-8.425601
Ccdc24	-15.723639000000002	-12.26976
Zbtb38	-10.166634	-6.7127557
Gm15642	-20.308605	-16.854729000000003
Zfp335	-13.695893	-10.242014999999999
Cys1	-11.634152	-8.180274
A430073D23Rik	-15.414504999999998	-11.960627
Gm48008	-17.669548000000002	-14.215670999999999
Hfe	-14.630141	-11.176263
Clasrp	-13.287969	-9.83409
Gm47941	-20.308605	-16.854729000000003
Gm15853	-15.808797	-12.3549185
Tbc1d16	-13.508435999999998	-10.054558
Gm17224	-18.16854	-14.714661999999999
Zfp369	-13.412417000000001	-9.958539
Gm17259	-15.033045999999999	-11.579167
Gm26703	-19.392315	-15.938437
Scube1	-16.684265	-13.230387
Gpc3	-13.154773	-9.700894
Arl8b	-11.657407000000001	-8.203528
1200007C13Rik	-14.551282999999998	-11.0974045
Scg3	-18.436804000000002	-14.982926
Efcab9	-16.357363	-12.903483999999999
Hdc	-18.362696	-14.908818
1700012C14Rik	-18.436804000000002	-14.982926
Maz	-12.119361999999999	-8.665483
Ppp1r3f	-14.623327	-11.169449
Slc26a2	-13.119816	-9.665937
Nup107	-13.572232000000001	-10.118354
A830082N09Rik	-14.746003	-11.292125
Naa40	-13.819401000000001	-10.365522
Cd8a	-18.699167000000003	-15.245289999999999
H1fx	-13.261524	-9.807646
4930579H20Rik	-19.392315	-15.938437
Drp2	-19.392315	-15.938437
Plin1	-18.804527	-15.35065
Fkbp9	-10.650667	-7.1967893
Mfap3	-12.394902	-8.941024
Evi5	-11.200077	-7.746199000000001
Rnaset2a	-13.579978	-10.1261
Tor3a	-13.01355	-9.559671
Map3k7	-12.240203	-8.7863245
1810053B23Rik	-21.001753	-17.547876000000002
1600022D10Rik	-19.615458	-16.161580999999998
Gm15612	-17.782877	-14.3289995
Lonp1	-12.269126	-8.815248
Sema3g	-19.903141	-16.449265
Rhoa	-9.542925	-6.089047
Wnt8b	-21.001753	-17.547876000000002
Gm43623	-17.567766	-14.113888000000001
1810059C17Rik	-17.866259	-14.412381
Gm44264	-18.922311999999998	-15.468434
Tlr5	-18.804527	-15.35065
Clec4e	-21.001753	-17.547876000000002
Acad11	-13.53839	-10.084512
Kirrel3	-19.903141	-16.449265
Cyp7b1	-16.427042	-12.973164
Apoc4	-19.209993	-15.756116
AV099323	-16.126556	-12.672678
Gm48681	-21.001753	-17.547876000000002
Gm31749	-18.922311999999998	-15.468434
2610306M01Rik	-13.135031	-9.681152
Eml3	-13.429251	-9.975372
Gm11772	-16.239578	-12.785701
2610021A01Rik	-14.197139000000002	-10.743260000000001
Nagpa	-12.48897	-9.035091
Cdh3	-14.074195999999999	-10.620317
Brd7	-11.0516205	-7.597742599999999
Pkd2l2	-15.889766	-12.435887
Ict1os	-18.804527	-15.35065
Lmtk3	-15.803256	-12.349378
Cog2	-12.818356	-9.364477
Ifi27l2b	-15.877789499999999	-12.423911
Map1b	-8.416022	-4.962144400000001
Mdh1	-10.366331	-6.912453
Arsk	-12.758997	-9.305119
Gm11491	-16.941309	-13.487432
Frmd6	-11.507438	-8.053559
Asxl2	-12.109005	-8.655127
Sowahc	-14.1698	-10.715921
Dhcr7	-14.273125	-10.819246000000001
Ppp1r3c	-13.761104000000001	-10.307225
Fcho2	-11.149348	-7.695470299999999
Il11	-16.725085999999997	-13.271208999999999
Pex12	-14.093998000000001	-10.64012
Nrxn3	-21.001753	-17.547876000000002
Zc3h6	-12.379660000000001	-8.925781
4930519A11Rik	-19.903141	-16.449265
Pif1	-18.057314	-14.603435999999999
Adrm1	-11.482679	-8.028801
Foxd2	-17.240553	-13.7866745
Slc30a10	-21.001753	-17.547876000000002
2310015A10Rik	-13.242139000000002	-9.788260000000001
Olfr731	-19.903141	-16.449265
Pcdha11-1	-19.903141	-16.449265
A930012L18Rik	-16.081772	-12.627894
Cybc1	-13.088598	-9.63472
Gm36862	-20.308605	-16.854729000000003
Gm44941	-20.308605	-16.854729000000003
Gm20878	-14.212782	-10.7589035
4930535L15Rik	-21.001753	-17.547876000000002
Agmat	-21.001753	-17.547876000000002
1700088E04Rik	-14.924110999999998	-11.470233
Rpl13a	-8.401583	-4.9477053
Gm32250	-18.00602	-14.552142000000002
Armh4	-14.107083	-10.653205
Ilrun	-11.6711445	-8.217266
Gm16046	-19.903141	-16.449265
Rnf207	-15.414504999999998	-11.960627
Ogt	-11.5857	-8.131822
Zbtb42	-14.130662	-10.676784
Cep192	-13.544144000000001	-10.090264999999999
Casp8	-13.072267	-9.618388000000001
Npy1r	-10.673423	-7.219545
Gm17039	-18.516845999999997	-15.062968
Ddit3	-11.4978485	-8.04397
Hacd1	-10.055202	-6.601323599999999
Nsmf	-12.618091999999999	-9.164213
Fmr1	-11.711955	-8.258077
Pld6	-18.699167000000003	-15.245289999999999
Atp10b	-16.319622	-12.865744
Atg16l1	-12.664644000000001	-9.210766
Cyp46a1	-17.418233999999998	-13.964356
Col10a1	-17.705915	-14.252038
Gm49256	-21.001753	-17.547876000000002
Gm47471	-21.001753	-17.547876000000002
Ralb	-12.085649499999999	-8.631771
Dnajc6	-17.782877	-14.3289995
Trim14	-19.392315	-15.938437
Gm35290	-17.195091	-13.741213
Stk25	-11.617712	-8.163834
Gm4356	-14.775217000000001	-11.321339
Gm11532	-17.364166	-13.910289
Zfp607b	-14.025405	-10.571527
Diaph1	-11.47107	-8.017192
Gm34069	-19.055841	-15.601964
Aco2	-10.932878500000001	-7.479000599999999
Olfr639	-18.16854	-14.714661999999999
2810405F17Rik	-15.8256035	-12.371725
Myct1	-18.16854	-14.714661999999999
Prrxl1	-19.903141	-16.449265
Gm49701	-21.001753	-17.547876000000002
Samd8	-12.80119	-9.347311999999999
Gm39121	-18.922311999999998	-15.468434
Nxph1	-15.342270999999998	-11.888392
Gm29675	-18.362696	-14.908818
Hoxa6	-15.249181	-11.795302000000001
Spaar	-15.4410715	-11.987193
Carlr	-21.001753	-17.547876000000002
Gm48832	-21.001753	-17.547876000000002
Minar2	-16.292223	-12.838345
Piwil4	-19.055841	-15.601964
8430432A02Rik	-16.907408	-13.453529999999999
Gm40437	-19.615458	-16.161580999999998
Nabp1	-12.689864	-9.235986
Ydjc	-15.132457	-11.678578
4930583K01Rik	-18.293703	-14.839826
As3mt	-14.002331	-10.548452000000001
Carm1	-12.526216	-9.072337
Celf1	-11.211323	-7.757445
Shtn1	-17.536016	-14.082139000000002
Dmrta2	-16.265554	-12.811676
Npr1	-10.942032000000001	-7.488154
Inhba	-10.647445	-7.193567
G630016G05Rik	-18.00602	-14.552142000000002
Gm37933	-18.362696	-14.908818
Fbxo46	-14.058631	-10.604753
Sinhcaf	-14.186113	-10.732235000000001
Rpl23	-7.9377837	-4.483906299999999
Adgra2	-13.889426	-10.435547999999999
Gm45309	-17.240553	-13.7866745
Cdc27	-12.360221000000001	-8.906342500000001
Akap10	-13.197501999999998	-9.743624
Trim39	-13.310554000000002	-9.856675
Nmbr	-20.308605	-16.854729000000003
Ngb	-15.770645000000002	-12.316767
Gm15829	-18.00602	-14.552142000000002
Knstrn	-15.480292000000002	-12.026414
Foxo4	-13.329460999999998	-9.875583
1700003E16Rik	-16.9764	-13.522523000000001
Nectin1	-14.310910999999999	-10.857033
Grb2	-11.591169	-8.137291000000001
Gm47904	-16.37678	-12.922902
Klhl3	-15.659419	-12.205541
Zfyve21	-11.510756	-8.056877
A430010J10Rik	-17.567766	-14.113888000000001
Iqgap2	-17.08973	-13.635851999999998
Abca8b	-15.836967000000001	-12.383089
Cdk2	-13.910010999999999	-10.456133
Atp8b4	-20.308605	-16.854729000000003
B930095G15Rik	-16.197731	-12.743853999999999
Bcl7a	-12.255037	-8.801159
Pygm	-11.936439	-8.482560000000001
Hmmr	-15.854258999999999	-12.40038
Mfsd4a	-13.851052	-10.397174
Usp50	-13.584774	-10.130896
Ccdc137	-13.480435	-10.026557
Cdk7	-12.316506	-8.862627999999999
Gm21860	-13.699257000000001	-10.245378500000001
Epdr1	-11.595928	-8.14205
Amz1	-16.632305	-13.178427
Bmper	-16.292223	-12.838345
Serinc1	-10.208258	-6.7543797
Chek2	-13.86766	-10.413781
Mblac1	-14.456404000000001	-11.002525
Cd248	-12.694294000000001	-9.240416
Pim2	-14.517118	-11.063239999999999
Iqck	-16.559101000000002	-13.105224
Ppp2r5e	-11.572117	-8.118238
1110019D14Rik	-13.860508	-10.40663
Gm43696	-14.274322	-10.820443
Gm36787	-19.903141	-16.449265
Otud5	-12.439587	-8.985708
Saxo2	-14.616559	-11.162681
A230083N12Rik	-16.725085999999997	-13.271208999999999
Gm10873	-20.308605	-16.854729000000003
Mdfic	-13.404859	-9.95098
Nod2	-18.922311999999998	-15.468434
Gm3839	-18.436804000000002	-14.982926
Asb12	-16.37678	-12.922902
Fam193a	-11.895774000000001	-8.4418955
Aldh3a1	-16.367023	-12.913146000000001
Gcc1	-13.814096	-10.360218
Gm6994	-19.903141	-16.449265
9530036M11Rik	-15.22101	-11.767132
5430427M07Rik	-19.903141	-16.449265
Camk2b	-13.360669	-9.906791
Timm22	-12.412053	-8.958175
Slurp2	-17.338192000000003	-13.884314000000002
Arpc4	-11.228488	-7.774610000000001
Tal1	-19.392315	-15.938437
Ifitm2	-9.397033	-5.943155
Sumo2	-9.701823	-6.2479453000000005
Ntm	-18.516845999999997	-15.062968
Bank1	-19.392315	-15.938437
Rinl	-16.06728	-12.613401
Galnt18	-13.629007000000001	-10.175129
Gm13609	-19.903141	-16.449265
Apaf1	-13.746162	-10.292284
Cd3g	-18.804527	-15.35065
4931429L15Rik	-21.001753	-17.547876000000002
Gm20406	-20.308605	-16.854729000000003
Lpar1	-14.787146	-11.333267
Filip1	-10.541999	-7.088121000000001
Tmem256	-10.113008500000001	-6.6591306
Nup155	-13.328996	-9.875117
4930517O19Rik	-19.055841	-15.601964
Rpl10-ps3	-12.505375	-9.051496499999999
Stat1	-13.066166	-9.6122875
Cacna1d	-12.862605	-9.408727
Dnajb3	-17.08973	-13.635851999999998
Podxl	-17.782877	-14.3289995
Inka1	-15.374132000000001	-11.920254
Gm40155	-17.669548000000002	-14.215670999999999
Ccdc28b	-12.3653555	-8.911477
Cops6	-10.84436	-7.390482400000001
Arhgap24	-12.509468	-9.055589999999999
Phldb1	-12.099434	-8.645555499999999
Gm49494	-16.858618	-13.404739999999999
Slc25a35	-13.441673000000002	-9.987795
Fbxo3	-11.575576	-8.121697
Zbtb14	-13.3211155	-9.867237
Atp6v1d	-11.509774	-8.055896
Gm45604	-17.743656	-14.289779000000001
AI838599	-11.879807000000001	-8.425929
Tmc8	-18.603857	-15.14998
Mrc1	-16.319622	-12.865744
Haspin	-18.16854	-14.714661999999999
Cytip	-17.600555	-14.146678
Rhebl1	-14.183923000000002	-10.730044
Gm11651	-18.922311999999998	-15.468434
Nf1	-12.058247999999999	-8.604369
Pex19	-12.206474	-8.752596
Col4a2	-9.524486	-6.070608
Fbh1	-12.361811999999999	-8.907933
Tbcc	-12.503335	-9.049457
Vmn2r97	-19.615458	-16.161580999999998
Trpc6	-17.536016	-14.082139000000002
Zfp869	-12.537328	-9.083449
Gm38182	-16.767647	-13.313768
Gtf3c6	-12.128845	-8.674967
Endod1	-10.572768	-7.1188902999999994
Mndal	-17.031462	-13.577582999999999
Gm17477	-16.265554	-12.811676
Apol6	-13.226057999999998	-9.77218
Il7r	-19.392315	-15.938437
Rere	-11.520242	-8.066363
Cenpa	-14.832142999999999	-11.378264
Usp39	-12.763481	-9.309603
Cotl1	-15.889766	-12.435887
4930425P05Rik	-17.173111	-13.7192335
Sigmar1	-12.294435499999999	-8.840557
4933413C19Rik	-20.308605	-16.854729000000003
Sdsl	-15.202660999999999	-11.748782
Nfatc1	-13.078768	-9.624889
AU040320	-13.547611999999999	-10.093734
Ddx6	-10.530625	-7.0767474
Rsbn1	-11.808763	-8.354884
Lgals8	-11.845658	-8.39178
Gm43948	-18.00602	-14.552142000000002
Ap5z1	-14.447820000000002	-10.993941
A230020J21Rik	-18.922311999999998	-15.468434
Arhgef11	-12.757945	-9.304067
Egfem1	-21.001753	-17.547876000000002
AU021063	-21.001753	-17.547876000000002
Itih2	-12.125347999999999	-8.67147
Svopl	-19.209993	-15.756116
Oma1	-12.952645	-9.498766999999999
E230001N04Rik	-13.721055999999999	-10.267178
Psmd12	-10.951614	-7.4977365
Igsf10	-15.698448	-12.24457
Trim32	-13.01355	-9.559671
C7	-15.945507999999998	-12.49163
Zfp637	-11.812534	-8.358656
Il13ra2	-18.00602	-14.552142000000002
Aspa	-16.753258	-13.299379
Arrdc1	-13.891057	-10.437178999999999
Ube2f	-11.929182	-8.475304
Fkbpl	-13.8959675	-10.442089
Lsmem2	-13.5401125	-10.086234
Nol8	-12.508647999999999	-9.0547695
Rtl8c	-14.567206	-11.113328
Mesp2	-19.055841	-15.601964
Srebf1	-12.245700999999999	-8.791822
Adck5	-13.391891500000002	-9.938013
Gm16337	-20.308605	-16.854729000000003
Srsf3	-10.020332000000002	-6.5664544000000005
Gm29361	-16.797060000000002	-13.343182999999998
Polrmt	-13.69791	-10.244032
Rarres2	-9.102566	-5.648688
Airn	-12.6282	-9.174321
Hs3st3a1	-17.669548000000002	-14.215670999999999
Rbl2	-11.8130455	-8.359167
Dock10	-11.940725	-8.486847000000001
Ercc6l2	-12.685943	-9.232064
4930553M12Rik	-19.903141	-16.449265
Snrnp48	-11.576705	-8.122827000000001
Mgat4b	-12.509468	-9.055589999999999
Erbb3	-17.031462	-13.577582999999999
Gm49874	-18.229164	-14.775286999999999
Rnpc3	-12.512342	-9.058464
Tssk1	-18.362696	-14.908818
Rsad2	-17.475391000000002	-14.021514000000002
Rpl31	-9.091314	-5.6374364
Parp4	-12.58438	-9.130502
Manba	-13.035861	-9.581983000000001
Gm47545	-18.293703	-14.839826
Gm28535	-17.338192000000003	-13.884314000000002
Cmpk1	-11.456799499999999	-8.002921
Amz2	-12.611258	-9.157378999999999
Ints11	-13.258484	-9.8046055
Cep290	-12.042185	-8.588306
Gm26873	-18.516845999999997	-15.062968
BC023719	-20.308605	-16.854729000000003
D630044L22Rik	-20.308605	-16.854729000000003
Gm4793	-16.711294	-13.257416000000001
Gba	-13.832403	-10.378525
Pex11a	-14.504978	-11.0511
Hcn4	-19.903141	-16.449265
Sprr2a3	-21.001753	-17.547876000000002
Myo16	-18.362696	-14.908818
Zfp384	-13.488044	-10.034165
Vmn2r79	-18.111382	-14.657504000000001
Gbf1	-11.548624	-8.094746
Ooep	-15.760006	-12.306128
Ccnt2	-12.166252	-8.712374
Erp29	-10.809859	-7.3559813
Scg5	-15.781398000000001	-12.327519
Tomm40	-11.836933	-8.383055
Gja10	-21.001753	-17.547876000000002
Olfr1090	-21.001753	-17.547876000000002
Arl4a	-10.003461	-6.549583
Dnajc27	-13.399351999999999	-9.945474
Cemip2	-12.017185000000001	-8.563307
Gm32849	-19.903141	-16.449265
Gm50105	-18.293703	-14.839826
1810010H24Rik	-14.908184	-11.454305999999999
4930511M06Rik	-15.230312	-11.776434
Zbtb49	-14.719485999999998	-11.265608
Arsj	-15.374132000000001	-11.920254
Gm28818	-17.446405	-13.992526999999999
Gm17484	-15.877789499999999	-12.423911
Dvl1	-12.434628	-8.980749000000001
AC121792.1	-19.615458	-16.161580999999998
Bub3	-11.398358	-7.944480400000001
Gm15265	-16.479965	-13.026087
Gm27253	-17.130551999999998	-13.676673999999998
Gm15677	-19.209993	-15.756116
Gm11523	-17.866259	-14.412381
Prickle2	-13.442715	-9.988836000000001
P2ry6	-13.177307	-9.723429
A230005M16Rik	-16.559101000000002	-13.105224
Cpz	-15.291326500000002	-11.837448
Ppp1r12b	-9.704251	-6.2503734
Stat2	-13.709416000000001	-10.255538
Otogl	-16.141941	-12.688063
Gm46367	-21.001753	-17.547876000000002
Bgn	-7.728733999999999	-4.2748566
Lrrc56	-14.562403	-11.108524000000001
Chchd10	-12.576017	-9.122139
Mical3	-11.528433999999999	-8.074555
Cyb5rl	-14.437898	-10.984019
Abt1	-12.521432	-9.0675535
Wdr83os	-10.66967	-7.2157919999999995
Dda1	-11.762825	-8.308947
Gm49886	-17.173111	-13.7192335
Gm14820	-19.903141	-16.449265
Terf2ip	-12.460258	-9.006378999999999
Gm15569	-21.001753	-17.547876000000002
Lmnb2	-14.395103	-10.941225
Gm29243	-21.001753	-17.547876000000002
Atp5g2	-9.648058	-6.19418
Amacr	-13.674629999999999	-10.220752000000001
Tubb2a	-11.749599	-8.295721
Plekhg5	-12.899469	-9.445591
Gm28777	-20.308605	-16.854729000000003
Gm32913	-18.111382	-14.657504000000001
Gm40652	-19.615458	-16.161580999999998
A630001O12Rik	-21.001753	-17.547876000000002
Gm28512	-21.001753	-17.547876000000002
Lrba	-13.069033000000001	-9.615153999999999
Hyou1	-12.707953	-9.254075
Rplp0	-8.228077	-4.774198999999999
Rps6ka2	-14.855424	-11.401546000000002
Olfml3	-14.851150500000001	-11.397272000000001
Pcdhgc5	-15.288020000000001	-11.834142
Utp3	-11.492495	-8.038616000000001
5830416I19Rik	-16.134218	-12.680341
Slc25a12	-12.516257000000001	-9.062379
Sycp2	-16.99442	-13.540542000000002
Dis3	-12.777322	-9.323443
Rnf34	-12.306747999999999	-8.85287
Wdcp	-13.551092	-10.097214
Etfbkmt	-13.020361999999999	-9.5664835
Ppp1r9a	-12.897352	-9.443474
Wnt6	-16.767647	-13.313768
5730480H06Rik	-12.812231	-9.358353
Nkx6-2	-18.804527	-15.35065
Polr2b	-12.068748	-8.61487
Btbd9	-12.691831	-9.237952
Gm16244	-18.111382	-14.657504000000001
Slc6a13	-18.922311999999998	-15.468434
Gm43328	-15.14955	-11.695672
Zfp445	-11.791713	-8.337833999999999
Osbpl2	-12.554982	-9.101104
Tor1aip2	-12.022463	-8.568584
Hist1h2bh	-16.018147	-12.564267999999998
Atf6b	-12.335278500000001	-8.8814
Mpz	-18.057314	-14.603435999999999
Zdhhc16	-13.571639000000001	-10.117761
Gm50229	-19.615458	-16.161580999999998
Csf2rb2	-21.001753	-17.547876000000002
Coq10a	-12.385258	-8.931379
Rab3b	-16.469151999999998	-13.015275
Mcts1	-11.796526	-8.342647999999999
Rbm45	-13.750407999999998	-10.29653
Gabrq	-15.096392000000002	-11.642513000000001
Lhx9	-19.392315	-15.938437
D130062J10Rik	-15.865955	-12.412077
Gyg	-11.768478	-8.3146
Gm44175	-17.217564000000003	-13.763685
Pts	-12.54601	-9.092132000000001
Jdp2	-13.01355	-9.559671
Gm49694	-18.057314	-14.603435999999999
Ackr1	-19.903141	-16.449265
1700013H16Rik	-21.001753	-17.547876000000002
Neu4	-21.001753	-17.547876000000002
AC132307.1	-15.020339000000002	-11.566461
Trpc4	-18.699167000000003	-15.245289999999999
Zfp266	-12.172673	-8.718795
Haus4	-14.250651999999999	-10.796774000000001
Cdhr4	-18.699167000000003	-15.245289999999999
Htr2a	-13.207342	-9.753464
Med31	-11.689217999999999	-8.235339
mt-Nd6	-11.835155499999999	-8.381277
Zfp142	-13.201179999999999	-9.747302000000001
Has2	-18.293703	-14.839826
Eif4a3	-11.534061	-8.080183
Dock1	-11.982452	-8.528574
Tango6	-13.387442000000002	-9.933563000000001
Nmb	-15.971314999999999	-12.517437
Bcl9l	-11.498146	-8.044267999999999
Fitm1	-15.723639000000002	-12.26976
Pars2	-14.734551999999999	-11.280674000000001
Zfp146	-13.445848000000002	-9.99197
Tgfbr1	-11.1586	-7.704722
Cox17	-10.051105	-6.5972266
Gm21738	-19.903141	-16.449265
Padi3	-21.001753	-17.547876000000002
Gm39326	-18.229164	-14.775286999999999
Mpp3	-16.767647	-13.313768
Tcp1	-10.383357	-6.929479
Grm3	-15.770645000000002	-12.316767
Rpl11	-8.5278425	-5.073965
Usp11	-14.252994000000001	-10.799114999999999
1700007J10Rik	-19.392315	-15.938437
Dnajc25	-11.536305	-8.082427000000001
Tmem215	-15.926579	-12.472700999999999
Catsperg1	-16.490892000000002	-13.037015
Pcdhb16	-14.680985	-11.227107
Dmd	-9.271324	-5.817446
Umps	-13.376159	-9.92228
Mmp23	-10.590364	-7.1364865
Gpr182	-18.436804000000002	-14.982926
Gm42670	-14.643911	-11.190033
Lta	-18.804527	-15.35065
Cyp2c23	-19.209993	-15.756116
Txnrd2	-12.993388000000001	-9.53951
Golga7b	-19.209993	-15.756116
Smgc	-18.699167000000003	-15.245289999999999
Serpind1	-19.903141	-16.449265
Ifi47	-15.8837595	-12.429881
Adam11	-12.737648	-9.28377
Pax1	-14.118291000000001	-10.6644125
Zfp189	-13.993248000000001	-10.53937
2410004B18Rik	-12.524133	-9.070253999999998
Gm5427	-19.209993	-15.756116
Iws1	-11.986941	-8.533063
Trappc10	-12.157128	-8.70325
Retreg2	-12.308256	-8.854378
Gm15929	-18.603857	-15.14998
A730061H03Rik	-17.01277	-13.558891000000001
Sh3gl2	-16.645044	-13.191166
Gm16565	-19.615458	-16.161580999999998
Nsa2	-10.050139999999999	-6.5962625
Gm10030	-21.001753	-17.547876000000002
Gm48302	-14.949664000000002	-11.495786
Fibin	-9.946918499999999	-6.4930406
Uros	-13.994153	-10.540275
Ssh2	-12.640279	-9.1864
Gm13031	-19.392315	-15.938437
Ino80	-12.273166	-8.819287
Mrps33	-11.55927	-8.1053915
Clec10a	-19.055841	-15.601964
Cyp2j9	-17.866259	-14.412381
Vmn1r168	-20.308605	-16.854729000000003
Wdfy3	-11.819607000000001	-8.365728
Foxd1	-16.941309	-13.487432
Soat2	-19.209993	-15.756116
Strbp	-11.644978	-8.191099000000001
Mocs1	-14.470876	-11.016997
H2afz	-10.415674000000001	-6.9617963000000005
2210411M09Rik	-19.615458	-16.161580999999998
Zfp330	-12.045917999999999	-8.592039999999999
Mthfsl	-13.060814	-9.606935499999999
Tnfrsf21	-14.706488	-11.252609
Antxr1	-11.380033000000001	-7.9261546
Phldb2	-10.554025	-7.100147
Faf1	-12.065061	-8.611182000000001
Ldlrad2	-17.173111	-13.7192335
Safb	-11.651043	-8.197165
Gtpbp2	-12.264461500000001	-8.810583
Fis1	-10.451477	-6.997599
Mettl1	-12.286694	-8.832815
Vmn2r23	-18.804527	-15.35065
Gosr2	-12.80449	-9.350612
Rad54l	-15.908002999999999	-12.454124
Srcap	-12.033102	-8.579224
Calhm5	-11.529664	-8.075786
Npr3	-12.721043	-9.267164
Sgsm1	-19.903141	-16.449265
Gm8883	-18.362696	-14.908818
Tead4	-19.615458	-16.161580999999998
Map3k21	-19.209993	-15.756116
Adam21	-19.055841	-15.601964
9230114K14Rik	-12.456750999999999	-9.002872
Pygo1	-12.383087	-8.929209
Wasf3	-14.365807	-10.911928
Xlr3b	-14.892506	-11.438627
Gm39375	-21.001753	-17.547876000000002
Rian	-12.543037	-9.089159
Rcbtb2	-12.176635000000001	-8.722756
Sumf2	-13.036555	-9.582677
Slitrk2	-19.903141	-16.449265
Bet1l	-11.396537	-7.942659
Sfn	-16.197731	-12.743853999999999
Rpain	-12.233335	-8.779456
Aggf1	-12.367844999999999	-8.913966
Thoc5	-13.016608999999999	-9.562731
Efemp1	-15.512815	-12.058937
Tox4	-11.867861999999999	-8.413983
Sarnp	-10.70275	-7.2488722999999995
Rpl7l1	-11.554604	-8.100725
Ttc27	-13.808819	-10.35494
7530414M10Rik	-18.804527	-15.35065
Tmem199	-12.957448	-9.50357
Kiz	-12.580191000000001	-9.126311999999999
Zbtb8os	-12.019193	-8.565314
Abraxas2	-12.257265	-8.803386999999999
1700030C12Rik	-16.907408	-13.453529999999999
Tmem230	-12.60447	-9.150592
Slc10a5	-18.436804000000002	-14.982926
Txn1	-9.418275999999999	-5.9643984
Zc3hav1l	-14.149510000000001	-10.695632000000002
Ube2c	-15.193610999999999	-11.739733
1700081N11Rik	-16.827366	-13.373486999999999
Paip1	-11.722167	-8.268289
Ptpro	-18.699167000000003	-15.245289999999999
Bicd2	-11.715749	-8.26187
Snx13	-12.328411000000001	-8.874533
Wdr83	-12.582394	-9.128515
Atg7	-13.208992000000002	-9.755114
Clptm1l	-11.548859	-8.09498
Dgkeos	-16.924215	-13.470338
Tmem25	-15.555016	-12.101137
Cd3eap	-12.552625	-9.098746
Opn3	-15.608126	-12.154247
Prrg2	-13.237032999999998	-9.7831545
Gm19531	-15.388625	-11.934747
Sema4g	-15.635777	-12.181899000000001
Adam17	-12.385982499999999	-8.932103999999999
4930558J18Rik	-19.615458	-16.161580999999998
Ostn	-19.392315	-15.938437
Etv6	-12.731997	-9.278118
AI646519	-15.444925	-11.991047
Igfbp4	-11.387549	-7.9336715
Rsrp1	-9.635022	-6.181144000000001
Set	-10.079816000000001	-6.6259380000000005
Ano7	-20.308605	-16.854729000000003
Tm7sf2	-14.432272	-10.978394
Olfr338	-19.615458	-16.161580999999998
Gm10800	-17.288180999999998	-13.834303
Rspo1	-18.16854	-14.714661999999999
Thg1l	-14.043304999999998	-10.589427
Ercc2	-13.783576	-10.329697999999999
Gm11027	-19.903141	-16.449265
Brd9	-11.499864	-8.045985
Strada	-13.390901000000001	-9.937022
Sept11	-12.564469	-9.110591000000001
Gm11583	-18.804527	-15.35065
Zbed4	-13.925099	-10.471221
Ankrd34a	-15.233432999999998	-11.779554
Spata20	-21.001753	-17.547876000000002
Gm26881	-13.274659	-9.820781
Gbp3	-15.311394	-11.857515
Slitrk4	-21.001753	-17.547876000000002
Ccdc126	-13.207342	-9.753464
Cdh26	-19.209993	-15.756116
Slc29a1	-10.836286999999999	-7.3824086
Ubr7	-12.317691	-8.863812
Ptges	-16.607304	-13.153426000000001
4732440D04Rik	-14.286370000000002	-10.832492
Fam168b	-11.781562	-8.327683
Kif24	-17.288180999999998	-13.834303
Car2	-19.055841	-15.601964
Ints6l	-12.524757000000001	-9.070879
Gm12843	-17.823698	-14.369821
Pla2g7	-18.229164	-14.775286999999999
Gm36315	-19.615458	-16.161580999999998
Sf3b5	-10.8368635	-7.3829856
Prkab2	-11.808864999999999	-8.354986
Gm48898	-19.392315	-15.938437
Gm10399	-15.723639000000002	-12.26976
Glp1r	-21.001753	-17.547876000000002
Fez2	-11.294889	-7.8410115000000005
Galc	-14.585021	-11.131143
Cpt1a	-12.310607000000001	-8.856729
Relch	-12.594598	-9.140719
Hist1h2ai	-18.699167000000003	-15.245289999999999
Ppp1r1a	-13.921726999999999	-10.467849000000001
Btbd6	-12.786747	-9.332869
Cers2	-11.405878	-7.952000000000001
Gm49974	-21.001753	-17.547876000000002
Tgtp1	-19.903141	-16.449265
Duoxa2	-21.001753	-17.547876000000002
Ralgapa1	-11.434088000000001	-7.9802100000000005
Nup62	-13.195057	-9.7411785
Carmil3	-16.84287	-13.388992000000002
Esco1	-12.356519	-8.90264
4921522P10Rik	-19.903141	-16.449265
Gm9968	-17.505245000000002	-14.051368
R3hcc1l	-13.128535999999999	-9.674658
Ergic3	-10.895366000000001	-7.4414880000000005
Wdr43	-11.787421	-8.333542999999999
Ppp1r37	-11.990352	-8.536472999999999
Ica1l	-16.711294	-13.257416000000001
Csnk2a1	-10.343295	-6.889417
Eif4g2	-9.186275	-5.7323965999999995
Tmem70	-12.049665	-8.595787
Efhc1	-15.683632999999999	-12.229754
Orc2	-12.557561	-9.1036825
4833427F10Rik	-17.91071	-14.456832
Gtf2h2	-13.439072	-9.985192999999999
Rnf145	-12.779469	-9.32559
Gm4208	-21.001753	-17.547876000000002
Kank2	-10.750254	-7.2963758
Gm17193	-19.615458	-16.161580999999998
Crp	-21.001753	-17.547876000000002
Dtd2	-12.484760000000001	-9.030882
Syt17	-15.626475	-12.172597
Pqbp1	-12.046434	-8.592556
BC024063	-14.815545000000002	-11.361667
Ankrd12	-10.2146015	-6.760723599999999
Zfp697	-14.751779	-11.2979
Susd1	-19.055841	-15.601964
Tsn	-10.591749	-7.1378713000000005
Pebp4	-19.055841	-15.601964
Dnaaf3	-16.025019	-12.571141
Mpv17l	-12.440927	-8.987048
Emc4	-11.377979	-7.924101400000001
Eefsec	-13.213126999999998	-9.759249
Crybb3	-13.205283999999999	-9.751406
AI314278	-19.903141	-16.449265
Syt8	-21.001753	-17.547876000000002
Zkscan7	-14.666699	-11.212821
Mlycd	-12.46143	-9.007551
Ap1b1	-13.000733	-9.546855
Gm14866	-17.782877	-14.3289995
Sh3bp5	-16.0745	-12.620622000000001
Pdia4	-11.461606	-8.007728
Agpat4	-12.441309	-8.987430999999999
Srsf9	-11.090347	-7.6364694
Celsr1	-16.111404	-12.657525999999999
Men1	-13.200362	-9.746483999999999
Gm2822	-19.903141	-16.449265
Gm48433	-17.823698	-14.369821
Nkiras1	-12.405379	-8.951500999999999
Tradd	-13.072987	-9.619108
Gm10874	-16.941309	-13.487432
Atxn1l	-12.943425999999999	-9.489548
C1qtnf3	-17.195091	-13.741213
Syt13	-20.308605	-16.854729000000003
Bend6	-15.678742999999999	-12.224865
Cdca7l	-20.308605	-16.854729000000003
Smpd4	-13.435442000000002	-9.981564
Zfp366	-20.308605	-16.854729000000003
Mrps14	-10.650922999999999	-7.197045
Col6a4	-19.903141	-16.449265
Stk35	-12.951369	-9.497491
Ift140	-13.736323	-10.282445
1810024B03Rik	-13.458479999999998	-10.0046015
Rnf20	-11.900558	-8.44668
Slc29a2	-15.456576	-12.002697999999999
4933402J07Rik	-20.308605	-16.854729000000003
Sbk3	-18.16854	-14.714661999999999
Ikbip	-11.053484	-7.599606
Gm30025	-13.214372000000001	-9.760492999999999
Taf3	-11.827351	-8.373472
Etl4	-13.253725	-9.799847
Gpx2	-19.392315	-15.938437
Atp6v1e2	-19.903141	-16.449265
Snu13	-10.718563	-7.264685000000001
Nudt19	-12.460063	-9.006185
Reep4	-13.490775	-10.036897
Myrip	-19.615458	-16.161580999999998
Zup1	-12.414847	-8.960969
Gm48420	-16.06011	-12.606233
Mettl25	-13.842462	-10.388583
Serpina1e	-20.308605	-16.854729000000003
Gm26559	-14.630141	-11.176263
Gm10710	-19.615458	-16.161580999999998
Tmem163	-19.055841	-15.601964
Pde4b	-11.963744	-8.509866
Rrm2	-15.395951	-11.942072999999999
Nupr1	-8.705469	-5.2515917000000005
Duxbl1	-18.699167000000003	-15.245289999999999
Ddx23	-12.529976	-9.076097500000001
Flcn	-13.802075	-10.348197
Hadha	-11.106046000000001	-7.652168
5330411J11Rik	-18.111382	-14.657504000000001
Gm28154	-15.190612	-11.736733000000001
Gm48914	-16.437405	-12.983527
Gtf2a1	-12.257743	-8.8038645
Gm12381	-16.782246	-13.328367000000002
Mybl2	-17.240553	-13.7866745
Ptpra	-11.080475	-7.626597
Kpnb1	-11.613016	-8.159138
Iba57	-15.537922	-12.0840435
March4	-19.903141	-16.449265
Cnot9	-13.492966000000001	-10.039087
Zdhhc13	-14.176293	-10.722415
Gm15718	-18.603857	-15.14998
Ccdc14	-14.10203	-10.648150999999999
Sgo2a	-14.400523000000002	-10.946645
Lifr	-11.968628	-8.51475
Mvb12a	-11.463333	-8.009455
Dennd1c	-18.922311999999998	-15.468434
Gng4	-18.699167000000003	-15.245289999999999
D630023F18Rik	-19.209993	-15.756116
Tas2r137	-20.308605	-16.854729000000003
Rab3a	-11.837876	-8.383998
Asgr1	-18.603857	-15.14998
Lca5l	-14.526320000000002	-11.072442
Elac1	-13.486954	-10.033075
Casz1	-12.970694	-9.516815
Slc25a25	-13.966485	-10.512607000000001
Aga	-11.681841	-8.2279625
Gm30556	-15.951898000000002	-12.498019000000001
Gm47231	-18.362696	-14.908818
Cep76	-13.956848	-10.50297
Colgalt1	-10.752692	-7.298814299999999
A830019P07Rik	-19.055841	-15.601964
4921524J17Rik	-11.766721	-8.312842
Selenos	-10.357161999999999	-6.9032845
Prpf38b	-11.071527	-7.617648599999999
Mrs2	-12.798722999999999	-9.344845
Larp7	-12.087261	-8.633383
Blnk	-19.903141	-16.449265
Mitd1	-12.618777	-9.164899
4921507P07Rik	-15.388625	-11.934747
Tnpo1	-11.715378999999999	-8.2615
Gm15234	-18.00602	-14.552142000000002
Stx7	-11.407989	-7.9541106
Acot7	-13.211058	-9.757178999999999
Nfe2	-19.903141	-16.449265
Gm50350	-20.308605	-16.854729000000003
Ddx47	-12.143669000000001	-8.689791
Cep44	-13.166570000000002	-9.712691
Higd1b	-17.743656	-14.289779000000001
Nat2	-14.498963	-11.045085
Gm46658	-18.00602	-14.552142000000002
Gm43387	-15.871854999999998	-12.417976
Gm13546	-20.308605	-16.854729000000003
4933439K11Rik	-17.217564000000003	-13.763685
Efnb3	-17.312874	-13.858995000000002
Tmem169	-16.081772	-12.627894
Smim13	-12.331667999999999	-8.8777895
Ppm1k	-12.748265	-9.294387
Pacs2	-13.16855	-9.714671000000001
Wwtr1	-10.862601	-7.4087233999999995
Plag1	-15.085551	-11.631673
Anapc4	-11.784338	-8.33046
Arhgap8	-18.111382	-14.657504000000001
Mycl	-21.001753	-17.547876000000002
Foxn3	-10.273937	-6.8200593
Rnf187	-10.600191	-7.146313
Nfe2l3	-16.427042	-12.973164
Pdcd2l	-12.852730000000001	-9.398850999999999
Paqr4	-13.18695	-9.733071
Gins2	-14.599835999999998	-11.145958
4933417O13Rik	-20.308605	-16.854729000000003
Clca3a1	-17.91071	-14.456832
Osgep	-11.551373	-8.097494000000001
Lmntd2	-20.308605	-16.854729000000003
Rfx2	-12.859399	-9.40552
BC037039	-15.739063	-12.285185
Dedd2	-13.471273000000002	-10.017395
Mark2	-11.762534	-8.308656
E130208F15Rik	-16.619726	-13.165849
Faap100	-13.242139000000002	-9.788260000000001
Zfp948	-12.929286	-9.475408
Usp7	-11.604353	-8.150475
Rasl2-9	-18.603857	-15.14998
Hist1h3b	-18.436804000000002	-14.982926
Ankrd44	-12.388160000000001	-8.934281
Pltp	-12.949457	-9.495579
Dusp1	-9.514802	-6.0609245000000005
Muc19	-17.782877	-14.3289995
Rars2	-13.524714000000001	-10.070836
Gemin8	-14.436488	-10.982610000000001
Ilk	-9.837563000000001	-6.3836846
Zfp777	-13.452144	-9.998265
Rap1b	-11.128210000000001	-7.674332000000001
3110099E03Rik	-18.516845999999997	-15.062968
Gm28901	-19.615458	-16.161580999999998
Ubac2	-12.530186	-9.076307
Gm13838	-18.804527	-15.35065
Gm43674	-17.743656	-14.289779000000001
Catsper4	-19.903141	-16.449265
Gm34868	-18.057314	-14.603435999999999
Patz1	-13.344942999999999	-9.891065
Mcoln2	-19.209993	-15.756116
Reps2	-15.932849	-12.478971000000001
Myb	-19.209993	-15.756116
Thbs4	-18.922311999999998	-15.468434
Gm43256	-17.01277	-13.558891000000001
Gm44081	-17.866259	-14.412381
Ormdl2	-13.917527	-10.463649
Gpr20	-17.418233999999998	-13.964356
Gm6116	-19.392315	-15.938437
Zfp467	-11.952639	-8.49876
4732496C06Rik	-17.240553	-13.7866745
Upk1a	-17.475391000000002	-14.021514000000002
Zbtb20	-8.446415	-4.9925375
Ccdc93	-13.249848000000002	-9.79597
Tapt1	-12.602443	-9.148564
Plppr2	-14.757586499999999	-11.303708
Rab6b	-12.557345	-9.103467
Elp6	-14.181737	-10.727859
Ascc2	-13.293343	-9.839464
Reep5	-9.582061999999999	-6.1281843
Gm14827	-18.603857	-15.14998
Tgoln1	-10.986142999999998	-7.532265
Zfp747	-14.203813	-10.749934
Clhc1	-17.866259	-14.412381
Nicn1	-12.322782	-8.868903
0610030E20Rik	-12.6544	-9.200521
Ndufa12	-10.419775	-6.965897
Gys2	-21.001753	-17.547876000000002
Golt1b	-12.262377	-8.808498
Syde1	-12.22775	-8.773871
Gm49172	-17.505245000000002	-14.051368
BC049762	-17.288180999999998	-13.834303
Fahd1	-13.263701000000001	-9.809823
Lag3	-14.926407000000001	-11.472528
Nt5e	-17.338192000000003	-13.884314000000002
Vmn2r66	-19.615458	-16.161580999999998
Vdac1	-10.6620455	-7.2081675999999995
Gm9887	-14.392404999999998	-10.938526
Exd2	-13.311925	-9.858047000000001
4833408A19Rik	-15.175754000000001	-11.721875
Gm20667	-18.699167000000003	-15.245289999999999
Gm4258	-14.327192000000002	-10.873314
Olfr709-ps1	-21.001753	-17.547876000000002
Sp3	-11.747587	-8.293709
Maml2	-11.896663	-8.442784
Aldoc	-16.319622	-12.865744
Mrtfa	-13.217695999999998	-9.763817999999999
1700001K19Rik	-20.308605	-16.854729000000003
Gm35853	-17.069927	-13.616048999999999
Zfp60	-12.617405999999999	-9.163527499999999
Pcdhgb7	-15.865955	-12.412077
Gm10135	-17.91071	-14.456832
Hgf	-15.274904999999999	-11.821027
Gm10260	-14.623327	-11.169449
Atp1b1	-12.879679	-9.4258
Angpt4	-13.815609	-10.361730999999999
Tmed4	-11.504506	-8.050628
Cep95	-14.435081	-10.981202
Gm20535	-18.362696	-14.908818
Pla2g5	-21.001753	-17.547876000000002
Rab5b	-11.5334425	-8.079564
Sall3	-19.615458	-16.161580999999998
Gm48653	-18.057314	-14.603435999999999
Zfp322a	-12.182088	-8.7282095
2310009A05Rik	-12.041157	-8.587278
Slc39a1	-11.594695	-8.140817
Ddx58	-13.004425999999999	-9.550548
Mtag2	-18.362696	-14.908818
Cage1	-15.673877	-12.219998
Psat1	-15.056332999999999	-11.602454
Itga10	-13.371777999999999	-9.917899
Mphosph10	-11.944914	-8.491035
Cep85	-13.300553	-9.846675
Naa20	-11.696649	-8.24277
Pttg1	-11.116074000000001	-7.6621957
Tns2	-10.947047999999999	-7.493170299999999
Gm2415	-13.716247000000001	-10.262367999999999
A130077B15Rik	-19.392315	-15.938437
Gm31763	-18.00602	-14.552142000000002
Arhgef18	-12.803939	-9.350060000000001
Nrxn2	-15.713486999999999	-12.259608
Gm46652	-20.308605	-16.854729000000003
Tut7	-11.606012	-8.152134
Gm13307	-14.894731	-11.440852
Dbr1	-13.272457999999999	-9.81858
Wdr93	-17.95723	-14.503352
Furin	-12.047209	-8.59333
Txn2	-11.248449	-7.794571400000001
Vmn2r17	-21.001753	-17.547876000000002
Mrpl27	-11.52108	-8.067202
Slc35b3	-13.246414000000001	-9.792536
Ino80d	-11.873274	-8.419395
Gm28586	-18.922311999999998	-15.468434
Fabp3	-11.626153	-8.172275
A730056A06Rik	-18.699167000000003	-15.245289999999999
Slc46a1	-15.437232999999999	-11.983355
Dcaf8	-11.161099	-7.707221499999999
Sympk	-12.386345	-8.932466499999999
Gm47601	-18.229164	-14.775286999999999
Pla2g4d	-21.001753	-17.547876000000002
Gm44851	-20.308605	-16.854729000000003
Ppcs	-13.164198999999998	-9.71032
Zfp422	-12.801464999999999	-9.347586999999999
Ern1	-13.429765	-9.975886000000001
B4galt6	-12.48516	-9.031281
Polg2	-13.400351	-9.946472
Taf1a	-12.493399	-9.03952
Ndufb7	-9.864919	-6.411041
Appbp2	-11.575576	-8.121697
Hoxd3	-18.436804000000002	-14.982926
Gm8098	-16.570936	-13.117057999999998
Gm30108	-14.836335	-11.382457
Msantd1	-16.501944	-13.048065
1700026D11Rik	-17.505245000000002	-14.051368
Trappc5	-12.008078	-8.554199
Soga3	-21.001753	-17.547876000000002
Trem1	-19.903141	-16.449265
Gabbr1	-12.209355	-8.755477
Snx21	-12.341673	-8.8877945
Robo2	-21.001753	-17.547876000000002
Gm15963	-20.308605	-16.854729000000003
E130018N17Rik	-20.308605	-16.854729000000003
Smpx	-19.903141	-16.449265
Fam187b	-19.055841	-15.601964
Fads3	-11.636291499999999	-8.182413
Ttc12	-13.781379999999999	-10.327501
Ring1	-12.53312	-9.079242
Anks1	-12.756105999999999	-9.302228
Tgfb3	-11.396132000000001	-7.9422545
Cln5	-13.212298	-9.75842
Gdf9	-16.134218	-12.680341
Gm47270	-17.109932	-13.656054500000002
Gm43109	-21.001753	-17.547876000000002
Zfp976	-13.473420999999998	-10.019542999999999
C1d	-11.342122	-7.888244
4833438C02Rik	-14.479660999999998	-11.025783
Ncoa7	-11.730883	-8.277004
2610316D01Rik	-19.615458	-16.161580999999998
Gtf2ird1	-13.225219000000001	-9.771339999999999
B130046B21Rik	-16.9764	-13.522523000000001
Gm26562	-17.567766	-14.113888000000001
Ankrd26	-12.791357000000001	-9.337479
Amer1	-12.565988	-9.112109
Zfp575	-15.984473000000001	-12.530595
Ssr4	-10.106738	-6.65286
Uts2r	-16.99442	-13.540542000000002
Klrd1	-21.001753	-17.547876000000002
A930007I19Rik	-16.347792000000002	-12.893914
Epgn	-18.699167000000003	-15.245289999999999
Zeb2os	-14.351474	-10.897594999999999
Polr3h	-13.018995	-9.565116999999999
Gps2	-12.027895	-8.574017
Npas4	-13.835486999999999	-10.381609
B230220B15Rik	-20.308605	-16.854729000000003
Fbxo38	-12.949139	-9.49526
Zfp317	-13.335531	-9.881653
Capza2	-10.215242	-6.7613645
Gm35021	-18.516845999999997	-15.062968
Stard6	-14.763429	-11.30955
Gm49336	-12.669685000000001	-9.215807
Cox16	-11.146668	-7.6927905
Gm26648	-18.057314	-14.603435999999999
Dph5	-13.373235999999999	-9.919357000000002
Lrguk	-18.699167000000003	-15.245289999999999
Ptprr	-18.922311999999998	-15.468434
Vkorc1l1	-12.554768	-9.100889
Cdh10	-21.001753	-17.547876000000002
Olfr332	-19.615458	-16.161580999999998
Gm15834	-17.600555	-14.146678
Gm43689	-18.057314	-14.603435999999999
D830035M03Rik	-16.619726	-13.165849
Stard13	-13.155555	-9.701675999999999
Prss34	-21.001753	-17.547876000000002
Pramel7	-21.001753	-17.547876000000002
Gm11827	-14.815545000000002	-11.361667
Anks6	-14.416962	-10.963083000000001
Thoc6	-13.104828999999999	-9.65095
Gm50138	-19.055841	-15.601964
Hck	-19.615458	-16.161580999999998
Moap1	-15.492365	-12.038486500000001
4931406C07Rik	-12.303239	-8.84936
Cyfip2	-15.161112	-11.707233
Tspan2os	-15.161112	-11.707233
Kncn	-18.229164	-14.775286999999999
Dpp10	-16.458458	-13.0045805
Pptc7	-11.926316	-8.472438
Gm43331	-15.274904999999999	-11.821027
Ifitm10	-13.887797	-10.433919
Idua	-13.308271	-9.854393
Acadsb	-10.798902499999999	-7.3450246
Ctrb1	-20.308605	-16.854729000000003
Ext2	-11.435979	-7.982100999999999
Gm29502	-18.362696	-14.908818
4833412C05Rik	-13.824735	-10.370856
Lmf2	-12.271871	-8.817992
F730016J06Rik	-20.308605	-16.854729000000003
Ccnl1	-11.164886	-7.711008500000001
Hoxb5os	-14.173041	-10.719163
Xrn2	-11.223659	-7.7697806
Cox7a2l	-10.009737	-6.555859
Anapc2	-11.876971000000001	-8.423093
Ubxn7	-12.404639999999999	-8.950762
Ankmy1	-16.725085999999997	-13.271208999999999
Copb1	-10.938999	-7.4851213
Ppp1r32	-18.804527	-15.35065
Cyb5r4	-12.4081545	-8.954276
Olfr961	-19.615458	-16.161580999999998
Gm48155	-18.699167000000003	-15.245289999999999
Rhbdd2	-13.319732	-9.865853
Hoxd10	-18.603857	-15.14998
Usp29	-17.536016	-14.082139000000002
Melk	-17.866259	-14.412381
Nubp1	-12.673785	-9.219907000000001
Tmem254a	-15.053719000000001	-11.599839999999999
Bmp7	-17.95723	-14.503352
Sptlc1	-13.017632	-9.563753
Ncstn	-12.514401	-9.060523
Chn1os3	-16.052994	-12.599115
Fbxw4	-13.075512	-9.621634
Astl	-20.308605	-16.854729000000003
Arhgap27	-17.390835	-13.936957000000001
Hspa12b	-15.612681	-12.158803
4930579C12Rik	-21.001753	-17.547876000000002
Lix1l	-11.421782499999999	-7.9679046
Lonp2	-11.616703999999999	-8.162825999999999
Slc25a23	-11.293064999999999	-7.839187
A730049H05Rik	-15.819970000000001	-12.366092
Gm20756	-19.392315	-15.938437
Cd300lf	-21.001753	-17.547876000000002
Meak7	-14.472335000000001	-11.018456
Bricd5	-20.308605	-16.854729000000003
Metrn	-13.154382	-9.700503
Slf1	-12.916266	-9.462388
Ucn2	-18.699167000000003	-15.245289999999999
Prcc	-12.934291	-9.4804125
Lrwd1	-13.4225855	-9.968707
Syt1	-18.699167000000003	-15.245289999999999
Klf12	-12.902503	-9.448625
Serf2	-8.029475	-4.575598
Acaca	-12.561873	-9.107994999999999
Dennd5a	-11.434018	-7.98014
Arid4a	-11.3991	-7.9452224000000005
B230118H07Rik	-11.552238000000001	-8.098360000000001
Gmfg	-17.446405	-13.992526999999999
Clba1	-14.063469	-10.609591
Cdh18	-14.459280999999999	-11.005403
Gm2449	-17.264084	-13.810204999999998
Gm15638	-19.903141	-16.449265
Rnps1	-11.554445	-8.100567
Plpbp	-12.25902	-8.805141
Mrpl32	-11.748161999999999	-8.294284
Gm10130	-14.512548	-11.05867
Ermard	-13.834716	-10.380837
Gm3468	-16.479965	-13.026087
AI480526	-14.327192000000002	-10.873314
Slc9a1	-12.905849	-9.451971
Psen2	-12.477783	-9.023905000000001
Gnb4	-10.356614	-6.902736
Fkbp8	-10.824847	-7.3709693
D030051J21Rik	-16.607304	-13.153426000000001
Phf20	-11.714174	-8.260296
Gm15482	-21.001753	-17.547876000000002
Tdrd7	-13.298745000000002	-9.844867
Gm29585	-18.804527	-15.35065
Smad5	-12.264942999999999	-8.811065
Dzip1l	-12.319215	-8.865336
Xpnpep2	-18.699167000000003	-15.245289999999999
Ephx3	-17.050507999999997	-13.596631
Gm12166	-16.292223	-12.838345
Cad	-13.129679999999999	-9.675801
Vgll3	-11.570111	-8.116233
Pcnx4	-12.892228	-9.43835
Gm6871	-21.001753	-17.547876000000002
Erlin2	-13.004763	-9.550884
1190007I07Rik	-12.669685000000001	-9.215807
Gm15524	-19.903141	-16.449265
Fam114a1	-11.163605	-7.709727
Capn10	-13.730744	-10.276866
Aars	-12.365178	-8.9113
Alpk2	-16.490892000000002	-13.037015
Cox14	-10.805708000000001	-7.3518300000000005
Sgcd	-10.453941	-7.0000634
Sema4b	-14.988038000000001	-11.53416
Atg4a	-13.234913	-9.781034
Mfap5	-9.278559	-5.824681
Rexo2	-9.6620035	-6.2081256
Gm14703	-17.195091	-13.741213
Pfkfb4	-14.215035999999998	-10.761158
Rac1	-10.474603	-7.020725
Gm15688	-15.803256	-12.349378
Skap1	-19.055841	-15.601964
Gm36028	-18.516845999999997	-15.062968
Pum2	-10.944301	-7.4904227
Gm44759	-17.743656	-14.289779000000001
Gjb3	-19.055841	-15.601964
Gm14496	-20.308605	-16.854729000000003
Extl2	-12.871105	-9.417227
Fancb	-15.914157000000001	-12.460278500000001
Gtf2h4	-13.09153	-9.637651
Ifngr2	-10.994807000000002	-7.5409293
Ephx4	-17.338192000000003	-13.884314000000002
Wdr27	-14.548128	-11.09425
Hist1h4i	-15.836967000000001	-12.383089
Zfp619	-14.690019	-11.236139999999999
Cacnb1	-13.873257999999998	-10.419379
Me3	-13.935286499999998	-10.481408
Ppp2r3d	-12.848691	-9.394813000000001
Oaf	-13.26283	-9.808950999999999
9330159F19Rik	-17.567766	-14.113888000000001
Gm11899	-19.392315	-15.938437
Mdk	-13.426167999999999	-9.97229
Timp1	-12.534591	-9.080712
9330175M20Rik	-18.804527	-15.35065
Gm36634	-19.392315	-15.938437
Lrrc51	-14.304719	-10.850841
Hagh	-11.402755	-7.948877
Gm29340	-19.209993	-15.756116
Zfp607a	-14.337344	-10.883466
Cyp4f17	-14.203813	-10.749934
Gpr171	-18.362696	-14.908818
Saxo1	-19.903141	-16.449265
Shox2	-16.671019	-13.217141
Tmem223	-11.102926	-7.6490483
Gpr174	-19.615458	-16.161580999999998
Ap5b1	-15.693485	-12.239607000000001
Gm17096	-18.436804000000002	-14.982926
Pcid2	-12.968419	-9.514541
Gm11672	-19.055841	-15.601964
Tusc3	-11.802171000000001	-8.348292
Colca2	-15.877789499999999	-12.423911
Gm11455	-19.903141	-16.449265
Rbx1	-10.031626	-6.577748
Ccdc162	-15.939157999999999	-12.48528
Rnaseh1	-12.965179	-9.511301
Gm42659	-14.9954	-11.541522
Gm10320	-16.118952	-12.665073
Gypc	-13.613425	-10.159547
Espl1	-16.37678	-12.922902
Rpp40	-13.558675	-10.104796
Zfp974	-14.109112	-10.655233
Gm26707	-21.001753	-17.547876000000002
B130011K05Rik	-21.001753	-17.547876000000002
Tars	-11.968866	-8.514988
Cd86	-18.804527	-15.35065
Zdhhc15	-15.4296	-11.975721
Upk3bl	-19.055841	-15.601964
Pdss2	-13.571045999999999	-10.117167
Gm44017	-21.001753	-17.547876000000002
Ecpas	-11.668399	-8.21452
Enpp6	-16.25682	-12.802942999999999
Mpzl1	-13.241285999999999	-9.787408000000001
Tyr	-17.705915	-14.252038
Mfsd4b5	-17.600555	-14.146678
Gm47725	-16.205963	-12.752085000000001
Ripk3	-16.265554	-12.811676
Rab13	-12.2089	-8.755022
Hnrnpf	-10.618775999999999	-7.164898399999999
Ash2l	-12.412798	-8.958919999999999
Pcdhgc3	-13.609722	-10.155844
Gm16575	-18.699167000000003	-15.245289999999999
B3gnt8	-13.937849	-10.483971
Gpr75	-16.84287	-13.388992000000002
Gm19619	-21.001753	-17.547876000000002
Snupn	-13.058326	-9.604447
Rex1bd	-10.3564	-6.9025216
Exog	-14.377688000000001	-10.923810000000001
Fndc3b	-10.49283	-7.0389524
Sirt1	-12.276571	-8.822693
Kcne4	-13.443235999999999	-9.989358
Hspa9	-11.119898	-7.66602
Otos	-19.615458	-16.161580999999998
Slc16a1	-14.935645000000001	-11.481767
Map2k2	-10.912866000000001	-7.458987700000001
Themis2	-20.308605	-16.854729000000003
Sp2	-13.063664	-9.609786
1700008B11Rik	-21.001753	-17.547876000000002
Erich1	-12.516463	-9.062585
Tbc1d25	-14.332254999999998	-10.878377
Htra1	-9.221055	-5.767176999999999
Elovl4	-15.895807999999999	-12.441930000000001
Gm12395	-18.516845999999997	-15.062968
Plcb1	-11.58245	-8.1285715
Rpl41	-7.801033	-4.3471556
Sla2	-18.516845999999997	-15.062968
Pgm2l1	-13.331791	-9.8779125
Nfat5	-10.9585905	-7.504712599999999
Fblim1	-8.615537	-5.161658999999999
Chaf1a	-15.04851	-11.594631
Pp2d1	-18.229164	-14.775286999999999
1700017M07Rik	-21.001753	-17.547876000000002
Clcnkb	-17.069927	-13.616048999999999
Spcs1	-10.412219	-6.958341000000001
Gm48242	-18.922311999999998	-15.468434
Nfkbib	-12.604696	-9.150818
Tmem204	-14.122397	-10.668519
D830039M14Rik	-16.9764	-13.522523000000001
Utp15	-13.191806	-9.737927
E030037K01Rik	-17.195091	-13.741213
Ppp1r18os	-16.149723	-12.695845
Sept4	-13.492966000000001	-10.039087
Usp4	-12.199380999999999	-8.745502
Impad1	-10.9800825	-7.5262046
Dhx15	-11.045010000000001	-7.591131699999999
Mad2l1bp	-13.283068	-9.829189
Gm15469	-19.615458	-16.161580999999998
Rnf11	-10.529264999999999	-7.0753875
1700020D05Rik	-16.239578	-12.785701
Tmem33	-11.527127	-8.073249
Rad23a	-11.491383	-8.037504
Trp53rka	-12.960662	-9.506783500000001
Syk	-17.536016	-14.082139000000002
B3galt4	-13.866862	-10.412984
Ttc7	-14.085038	-10.631160000000001
Ywhaq	-9.893133	-6.439255
Olfr624	-18.804527	-15.35065
Ggnbp2	-11.30874	-7.8548617
Trappc6b	-11.097866	-7.643988
Nek7	-11.027901	-7.5740229999999995
Slc7a6	-12.963564	-9.5096855
Tppp	-14.280327999999999	-10.826449
Proscos	-17.01277	-13.558891000000001
Adora2a	-16.684265	-13.230387
Sgms2	-12.616949	-9.163071
Frmd4b	-12.962274	-9.508395
Hoxd9	-15.166943	-11.713064
Gm15966	-20.308605	-16.854729000000003
Wdr82	-12.144238	-8.69036
Use1	-10.687747	-7.233869
2010308F09Rik	-19.615458	-16.161580999999998
Traf1	-16.165470000000003	-12.711592999999999
Tnfsf12	-11.16633	-7.7124524
AC109619.1	-14.537165	-11.083286
Rdh16	-19.055841	-15.601964
Ndp	-14.235560999999999	-10.781683000000001
Gm47765	-17.338192000000003	-13.884314000000002
Syvn1	-13.177707999999999	-9.723828999999999
Tmem267	-14.643911	-11.190033
Dmac2l	-13.86527	-10.411391
Slc6a17	-14.368435	-10.9145565
Pram1	-17.338192000000003	-13.884314000000002
Srp72	-11.281708	-7.8278300000000005
Snrpd2	-10.043919	-6.5900407
Tbc1d2	-16.84287	-13.388992000000002
Galnt17	-16.025019	-12.571141
Rpl14	-8.650853	-5.196975
C1rb	-21.001753	-17.547876000000002
Id1	-9.983353999999999	-6.529475700000001
2810004N23Rik	-11.799244	-8.345366
Gm9993	-14.677394	-11.2235155
Gm29430	-17.705915	-14.252038
Lenep	-19.903141	-16.449265
Gm13375	-14.87926	-11.425382
Fbp1	-21.001753	-17.547876000000002
Pgrmc2	-11.504956	-8.051078
Gm43608	-20.308605	-16.854729000000003
Man1c1	-14.840546	-11.386667
Gm15283	-15.268413	-11.814534
Gm49004	-21.001753	-17.547876000000002
Togaram2	-18.293703	-14.839826
Atxn7l3b	-10.480732000000001	-7.026853999999999
Actr2	-10.743953999999999	-7.290075999999999
Cenpt	-14.440722000000001	-10.986844
Hsd17b13	-18.804527	-15.35065
Ttk	-17.446405	-13.992526999999999
Fgfr1op2	-10.730226	-7.276347599999999
Eid2b	-13.48859	-10.034711999999999
Ro60	-11.637661999999999	-8.183784
Gm10642	-18.436804000000002	-14.982926
Tns4	-16.22263	-12.768751
Trim12a	-12.845243	-9.391364999999999
Atp5j2	-9.268488	-5.814610500000001
Ftx	-13.5758	-10.121922
Cdca7	-15.594582	-12.140703
Pcdh12	-19.615458	-16.161580999999998
Opa3	-12.498254	-9.044375
BC051537	-17.743656	-14.289779000000001
Fabp2	-19.903141	-16.449265
2010300C02Rik	-13.60726	-10.153381
Fem1c	-12.468293	-9.014415
Pdgfrl	-12.690846	-9.236968
AC142100.1	-17.866259	-14.412381
Gm42941	-14.713895	-11.260016
Arhgdib	-13.528685000000001	-10.074806
Siah1a	-12.259818	-8.80594
Fgf2	-11.250194	-7.796315700000001
Cd320	-12.499267999999999	-9.045389
B9d2	-12.458893	-9.005014
Ypel2	-12.005349	-8.551471000000001
Armc3	-15.033045999999999	-11.579167
Fiz1	-13.184128	-9.730249
Hexb	-11.460239999999999	-8.006362
Usp21	-13.423097	-9.969218
Lap3	-11.780572	-8.326694
Il22ra2	-21.001753	-17.547876000000002
Xpnpep3	-13.4225855	-9.968707
Slc28a2	-21.001753	-17.547876000000002
Npnt	-8.565383	-5.111505
2310067P03Rik	-21.001753	-17.547876000000002
Mamdc4	-17.312874	-13.858995000000002
Itga8	-8.198667	-4.744789
Rgs19	-13.796860999999998	-10.342982000000001
E4f1	-13.170136	-9.716258
Prpf4	-12.817518	-9.36364
Atg4a-ps	-18.00602	-14.552142000000002
Tmbim4	-11.624628	-8.17075
Gm4791	-21.001753	-17.547876000000002
Ect2	-15.211793	-11.757914999999999
Mroh7	-18.362696	-14.908818
Gm49769	-16.118952	-12.665073
Ctxn1	-12.94882	-9.494942
Hook3	-10.730917999999999	-7.2770399999999995
Ubl7	-12.361458	-8.907579
Gdpd1	-13.485864999999999	-10.031986
Nynrin	-13.066882000000001	-9.613004
Igf1os	-21.001753	-17.547876000000002
Mapk8ip3	-12.394537	-8.940659
Ccdc42os	-13.970896	-10.517017
Chsy1	-11.889136	-8.435258000000001
Atxn7l2	-14.761477	-11.307599
Gtf3c5	-13.859716	-10.405838000000001
Gm37233	-16.01132	-12.557443
9130213A22Rik	-17.705915	-14.252038
Mlxipl	-14.473795999999998	-11.0199175
E030018B13Rik	-18.804527	-15.35065
Sec16b	-15.781398000000001	-12.327519
Lct	-19.615458	-16.161580999999998
Lmo4	-11.168796	-7.7149177
Jarid2	-12.513164999999999	-9.059287
Gm48960	-16.25682	-12.802942999999999
Olfr93	-21.001753	-17.547876000000002
1700109H08Rik	-15.338792999999999	-11.884914
A430090L17Rik	-18.293703	-14.839826
Gm15402	-16.535845000000002	-13.081966
Mib2	-13.044576	-9.590697
Rps20	-7.930291	-4.4764137
Tssk3	-20.308605	-16.854729000000003
Gm16033	-18.603857	-15.14998
Gm43091	-19.209993	-15.756116
Rgcc	-13.27554	-9.821662
Gm10802	-21.001753	-17.547876000000002
2210011C24Rik	-17.195091	-13.741213
Gm49189	-21.001753	-17.547876000000002
Crispld1	-12.582614	-9.128736
Smyd2	-12.377680999999999	-8.923802
Samsn1	-18.516845999999997	-15.062968
Tnip3	-18.699167000000003	-15.245289999999999
Rnf7	-10.629544000000001	-7.1756663
Gm43101	-17.08973	-13.635851999999998
Trim11	-13.145432999999999	-9.691555000000001
Lig1	-13.594435999999998	-10.140557000000001
Pcca	-12.519152	-9.065273
1700047I17Rik2	-18.699167000000003	-15.245289999999999
Gm34804	-21.001753	-17.547876000000002
Chst1	-17.782877	-14.3289995
Gm45338	-18.804527	-15.35065
Gm49357	-19.055841	-15.601964
Sdhaf2	-12.487966	-9.034087
Slc25a17	-12.036163	-8.582285
Hmox1	-14.544984	-11.091105
9430002A10Rik	-16.767647	-13.313768
Prpsap1	-11.513705	-8.059827
BC002059	-14.194923999999999	-10.741046
Nkain4	-15.669035000000001	-12.215157000000001
Gm8066	-16.782246	-13.328367000000002
Hadh	-11.382686999999999	-7.9288087
Gm16552	-17.505245000000002	-14.051368
Gm11789	-21.001753	-17.547876000000002
Clcn5	-14.5004635	-11.046585
E130215H24Rik	-17.08973	-13.635851999999998
Tspan14	-14.523244	-11.0693655
Nol6	-13.516823	-10.062944
Crnkl1	-11.974375	-8.520496000000001
Cib2	-13.002410000000001	-9.548532000000002
Zswim5	-17.505245000000002	-14.051368
Nptn	-9.896780999999999	-6.442903
Slc23a2	-13.049842	-9.5959635
Haus6	-13.610338	-10.156460000000001
Pwwp2a	-12.487364	-9.033485
Dcaf12l1	-17.240553	-13.7866745
Gm12841	-18.057314	-14.603435999999999
Klk11	-19.903141	-16.449265
Mageh1	-12.146803	-8.6929245
Imp3	-10.900808999999999	-7.4469313999999995
Pmm2	-12.92835	-9.474472
Stag1	-11.142218	-7.688339699999999
Mrps36	-11.106096	-7.6522183
Urgcp	-12.605147	-9.151269000000001
Riok2	-12.922135	-9.468257000000001
Tfb2m	-12.427613000000001	-8.973735000000001
Kras	-11.385548	-7.9316697
Fgf14	-16.214261999999998	-12.760384
Tmem91	-15.698448	-12.24457
Nek3	-14.827967999999998	-11.374089
Fam117b	-13.032741999999999	-9.578863
Thbd	-12.88176	-9.427881
Dysf	-12.371053	-8.917174000000001
Eif3a	-9.844118	-6.39024
Pold3	-13.005436	-9.551558
Mt2	-10.953084	-7.499206
Gask1b	-10.139069000000001	-6.685190700000001
Stra6	-20.308605	-16.854729000000003
Rnf10	-10.708692999999998	-7.2548146
Mcrip2	-13.045978	-9.592099000000001
Susd2	-12.9175	-9.463621
Asic3	-19.903141	-16.449265
Mesd	-11.203348	-7.74947
Vmn1r49	-21.001753	-17.547876000000002
Gm12359	-14.726992000000001	-11.273113
Spem1	-16.645044	-13.191166
Exoc3	-11.302833	-7.8489547
Sele	-18.516845999999997	-15.062968
Bptf	-10.58703	-7.1331525
Rhoc	-9.882315	-6.428436799999999
1110038F14Rik	-11.773966	-8.320087
Gm44200	-18.804527	-15.35065
Dipk1a	-12.754009	-9.300131
Nup43	-13.837032999999998	-10.383155
Col15a1	-10.2589	-6.805022
Mtss1	-11.34455	-7.890672
Trak1	-12.092922999999999	-8.639045
Stx8	-11.82146	-8.367581
Apex1	-12.721803	-9.267924
Rtl1	-19.903141	-16.449265
St3gal6	-13.425656	-9.971778
Nhlrc3	-13.914179999999998	-10.460301
Pcdhb14	-13.800582	-10.346703999999999
Pkib	-17.782877	-14.3289995
Chd4	-10.311628	-6.8577504000000005
Gm45371	-18.516845999999997	-15.062968
Gm43017	-17.240553	-13.7866745
Cep295	-12.702716	-9.248837
Cog1	-13.420032999999998	-9.966155
5830448L01Rik	-14.997867000000001	-11.543988
Dhx32	-11.7460575	-8.292178999999999
Syt2	-15.877789499999999	-12.423911
Tbck	-13.136565	-9.682687
Pias4	-12.796808	-9.34293
Isyna1	-11.847348	-8.393469999999999
Il17f	-20.308605	-16.854729000000003
Cnot1	-11.643338	-8.18946
Npy4r	-16.03194	-12.578062
Stag3	-17.91071	-14.456832
Trpm3	-14.532503	-11.078625
Mtif2	-12.440735	-8.986856
Rorc	-18.922311999999998	-15.468434
Tmem170	-13.998688000000001	-10.544808999999999
Gm19510	-17.505245000000002	-14.051368
4930592A05Rik	-18.922311999999998	-15.468434
St3gal3	-13.478812	-10.024934
Lgals3	-11.698925	-8.245047
Ppp1r2	-10.6842375	-7.230359599999999
Gm30198	-19.392315	-15.938437
Mogat1	-19.903141	-16.449265
Osbpl6	-13.210231	-9.756352
Serpine1	-9.788366	-6.334488400000001
Gm6566	-17.338192000000003	-13.884314000000002
Nt5dc1	-13.197094	-9.743216
Cdr2l	-14.255342	-10.801463
Styk1	-17.338192000000003	-13.884314000000002
Dll1	-16.173439000000002	-12.719562
Etaa1	-12.774378	-9.320499
Srsf4	-11.831819	-8.377939999999999
Gramd2	-16.406633	-12.952755
Axdnd1	-18.699167000000003	-15.245289999999999
1810021B22Rik	-14.926407000000001	-11.472528
Mapk12	-14.319645000000001	-10.865767
Alpk3	-16.214261999999998	-12.760384
Cdc42bpg	-14.910442999999999	-11.456565
Amdhd1	-20.308605	-16.854729000000003
Apobec3	-14.277921	-10.824042
Dnase2a	-14.377688000000001	-10.923810000000001
Slc25a36	-12.127445	-8.673567
Tst	-12.833267	-9.379389
Trib3	-15.964801000000001	-12.510922
3300002A11Rik	-21.001753	-17.547876000000002
Gm28151	-17.288180999999998	-13.834303
Zfp260	-11.418816	-7.964937700000001
Msrb3	-10.030491	-6.576613
6720468P15Rik	-21.001753	-17.547876000000002
Gm46447	-15.964801000000001	-12.510922
2810414N06Rik	-17.173111	-13.7192335
Zfp85	-14.736451999999998	-11.282574
Cisd2	-11.378178	-7.924299700000001
Gm28119	-15.352779	-11.898900999999999
Slc6a2	-18.922311999999998	-15.468434
Oxsm	-13.87406	-10.420181
Mllt11	-12.469081	-9.0152025
Nsl1	-17.536016	-14.082139000000002
Trap1	-12.229453	-8.775575
Itgb3bp	-13.121326999999999	-9.667449000000001
Rexo1	-12.310943	-8.857064
Mfap1b	-11.966124	-8.512245
Col27a1	-12.652505999999999	-9.198627
E230016M11Rik	-15.792267	-12.338388
Metrnl	-12.279499000000001	-8.825621
Gja6	-13.299648999999999	-9.845771000000001
Nkain1	-21.001753	-17.547876000000002
Gm43189	-17.050507999999997	-13.596631
Zfp81	-13.391891500000002	-9.938013
Tmem159	-12.212398	-8.758519
Dexi	-12.303906	-8.850028
G6pdx	-13.034125999999999	-9.580248
Nbeal2	-15.349264000000002	-11.895386
BC031181	-10.680016499999999	-7.2261386
Nek8	-14.333525	-10.879646000000001
Snx33	-13.43131	-9.977431
Ntsr2	-21.001753	-17.547876000000002
P2ry14	-15.205695	-11.751816999999999
Gm44190	-16.283255	-12.829376
Gm28800	-19.209993	-15.756116
Nit2	-12.621297	-9.1674185
Ncoa4	-11.821872	-8.367992999999998
Ccdc117	-12.777054	-9.323175
Slc1a1	-16.469151999999998	-13.015275
B4galt4	-13.395366000000001	-9.941487
Stc1	-14.154810000000001	-10.700932
Lrrtm3	-14.530953	-11.077075
Rwdd4a	-12.732509	-9.27863
Clec11a	-12.758997	-9.305119
Gm7694	-13.410397	-9.956517999999999
Gm15990	-19.209993	-15.756116
Mettl5	-12.744627000000001	-9.290749
Hmgb1	-9.240992	-5.7871137
Prss38	-19.903141	-16.449265
Zfp995	-13.972666	-10.518787
8030462N17Rik	-12.742813	-9.288935
Zcchc12	-18.436804000000002	-14.982926
Sars	-11.419711	-7.965833
Mbip	-12.912885000000001	-9.459006
Gm26968	-21.001753	-17.547876000000002
Pirb	-17.312874	-13.858995000000002
Rbbp9	-11.987063000000001	-8.533185000000001
Gm27184	-17.264084	-13.810204999999998
Mrpl47	-13.324816	-9.870937
Drg2	-12.497038	-9.0431595
Gpn3	-12.501096	-9.047217
D5Ertd605e	-19.903141	-16.449265
Gm43024	-16.490892000000002	-13.037015
Zfpm2	-12.698992	-9.245113
Vsig10l	-15.688547	-12.234669
Fxyd7	-13.242566	-9.788688
Gm31786	-17.312874	-13.858995000000002
Eno1b	-15.464419	-12.010541
Pnck	-11.854778999999999	-8.400901
Ptov1	-10.543002	-7.089124000000001
Ribc1	-16.812098000000002	-13.358220000000001
Tedc2	-14.952020000000001	-11.498141
Lemd3	-13.017972	-9.564094
Sco1	-14.124457000000001	-10.670579
Gnpda1	-13.607875	-10.153996000000001
Myo18a	-12.203752	-8.749873
N4bp2l1	-14.846895000000002	-11.393017
Vapb	-10.929874	-7.4759965
Irak4	-13.5545845	-10.100706
Rnf144b	-13.371292	-9.917413999999999
Fras1	-17.634457	-14.180579000000002
Gm12352	-21.001753	-17.547876000000002
Hipk3	-11.00998	-7.5561023
Pcdh9	-13.950764000000001	-10.496885
Gm29491	-19.615458	-16.161580999999998
Dcp1b	-13.246414000000001	-9.792536
Mul1	-13.002075	-9.548197
Zfp37	-13.200771	-9.746893
Fosl1	-16.03194	-12.578062
Cblc	-16.096478	-12.6426
Myh13	-19.903141	-16.449265
Rfc4	-13.765414000000002	-10.311536
Zp3	-21.001753	-17.547876000000002
Gm26642	-21.001753	-17.547876000000002
Ccdc150	-18.057314	-14.603435999999999
Azin2	-13.975326999999998	-10.521448
Platr25	-13.625245000000001	-10.171367
Gm26854	-20.308605	-16.854729000000003
Reln	-17.109932	-13.656054500000002
Rabep1	-11.550901	-8.097023
Fgf5	-16.458458	-13.0045805
Pcsk1	-19.615458	-16.161580999999998
Gm19522	-15.664214999999999	-12.210336999999999
Stx5a	-11.876535	-8.422657000000001
Timm29	-12.858236	-9.404358
Gm2026	-21.001753	-17.547876000000002
Adamts8	-12.38363	-8.929751
Btbd19	-15.422023999999999	-11.968145
Akap17b	-12.595267999999999	-9.14139
Morc2b	-18.699167000000003	-15.245289999999999
Naaladl2	-14.092998499999998	-10.63912
2610318N02Rik	-21.001753	-17.547876000000002
F630028O10Rik	-19.209993	-15.756116
Gm15510	-15.082859	-11.628981
Ptpn21	-11.974255	-8.520375999999999
Cdkl5	-10.940792	-7.486914
Tmem128	-12.274462	-8.820583000000001
Krtdap	-19.392315	-15.938437
4921539H07Rik	-19.903141	-16.449265
Gm20467	-18.922311999999998	-15.468434
Armh3	-14.027273999999998	-10.573396
Gm29154	-17.91071	-14.456832
Gm15342	-18.16854	-14.714661999999999
Gramd3	-12.858526	-9.404648
4930412M03Rik	-18.057314	-14.603435999999999
Rtl8a	-11.833173	-8.379294
Dcps	-12.765333	-9.311455
Atg101	-12.211637	-8.757758
Myl12a	-9.5995245	-6.145647
Cables1	-13.039338	-9.585460000000001
Actl7b	-19.055841	-15.601964
Ddrgk1	-10.9131565	-7.459278599999999
Urb2	-14.4183445	-10.964466
Spg7	-11.72338	-8.269502000000001
Gm43713	-19.903141	-16.449265
Adam1b	-18.699167000000003	-15.245289999999999
Dnajc1	-10.661366000000001	-7.207488499999999
Maats1	-18.516845999999997	-15.062968
Tle5	-9.421076	-5.967198000000001
Zswim6	-12.611939	-9.158061
Gm38335	-21.001753	-17.547876000000002
Atp1b3	-10.547979	-7.094101400000001
Pxn	-13.077681	-9.623802
Psmb9	-15.115649	-11.661771
Gm16853	-18.922311999999998	-15.468434
Wwp2	-10.022189	-6.5683110000000005
Gm2479	-18.057314	-14.603435999999999
Syt6	-20.308605	-16.854729000000003
Ly6f	-21.001753	-17.547876000000002
Gm17746	-17.109932	-13.656054500000002
Gm50013	-18.516845999999997	-15.062968
Eef1a1	-7.391744999999999	-3.9378676
Gm8579	-17.866259	-14.412381
Slc17a8	-19.055841	-15.601964
Etnk1	-11.975456	-8.521578
Gm38004	-19.392315	-15.938437
Rmi1	-13.103342	-9.649464
Gm15956	-16.753258	-13.299379
1110051M20Rik	-13.170532999999999	-9.716655000000001
Cd83	-17.240553	-13.7866745
Grem1	-15.836967000000001	-12.383089
Zfp354b	-14.191610999999998	-10.737733
Mrpl21	-11.344294999999999	-7.8904166
Fgf16	-15.164022000000001	-11.710144
Adgra3	-12.162042	-8.708163
Amdhd2	-13.337876000000001	-9.883998
Suclg2	-11.193951	-7.7400727
Pnrc1	-10.1564245	-6.7025466
Pitpnm1	-12.965827	-9.511949000000001
Wdr61	-11.6564455	-8.202567
Gm19605	-14.890285500000001	-11.436407
Papola	-11.006782000000001	-7.5529037
Gm15396	-21.001753	-17.547876000000002
Gm48952	-18.699167000000003	-15.245289999999999
Gm49894	-18.16854	-14.714661999999999
Pdgfa	-10.259115	-6.805237299999999
Hist1h2ap	-12.889525	-9.435647
Gtf2a2	-11.011171000000001	-7.557293400000001
Ubxn11	-16.645044	-13.191166
Gm26636	-18.922311999999998	-15.468434
1700065D16Rik	-18.516845999999997	-15.062968
Parp8	-12.321252000000001	-8.867372999999999
Spag7	-11.161471	-7.707593400000001
Sppl3	-12.083236999999999	-8.629358
Fut10	-13.824735	-10.370856
Lrrc14b	-14.030085	-10.576205999999999
Cd48	-18.804527	-15.35065
Tigd2	-12.410009	-8.956131
Kcnh5	-21.001753	-17.547876000000002
Pikfyve	-12.67089	-9.217011
Epop	-17.031462	-13.577582999999999
Fhl2	-13.108554999999999	-9.654676
Lyve1	-14.254167	-10.800288
Nadk2	-13.135414	-9.681536
Cdh12	-19.209993	-15.756116
Gm17638	-18.436804000000002	-14.982926
Fdxacb1	-14.110126999999999	-10.656249
Iigp1	-13.470201000000001	-10.016322
Cfap45	-15.480292000000002	-12.026414
Ubr5	-10.963735	-7.509856699999999
Gm36423	-16.9764	-13.522523000000001
Gapdh	-9.185889999999999	-5.7320123
Gm609	-17.782877	-14.3289995
Ofd1	-13.32528	-9.871402
2300009A05Rik	-12.07497	-8.621091999999999
Pex10	-14.1698	-10.715921
Tpst2	-12.864942999999998	-9.411064
Abhd17b	-11.686783	-8.232904
Gnptab	-12.843523	-9.389645
Gm14508	-17.418233999999998	-13.964356
Rif1	-11.781463	-8.327584
Ino80e	-12.121306	-8.667428
2810410L24Rik	-15.984473000000001	-12.530595
Cep57	-12.325678	-8.871799000000001
Zranb3	-14.549705	-11.095825999999999
Slc10a3	-14.529407500000001	-11.075529
Gm15894	-21.001753	-17.547876000000002
Vmn2r30	-19.615458	-16.161580999999998
Cep250	-12.94882	-9.494942
Ift46	-11.902345	-8.448466
Pitrm1	-12.3052435	-8.851365
Dipk1b	-13.548770999999999	-10.0948925
Gm2670	-19.055841	-15.601964
1700123L14Rik	-17.130551999999998	-13.676673999999998
Clec1a	-19.209993	-15.756116
Commd3	-11.066622	-7.612744
Mpv17	-11.921749	-8.467871
B3gntl1	-14.935645000000001	-11.481767
Mrpl36	-11.47799	-8.024111999999999
Zfp937	-14.633566	-11.1796875
Ap4m1	-13.198726999999998	-9.744848
Lsm14a	-11.670967	-8.217089
Pml	-13.557504999999999	-10.103626
Tm9sf1	-12.351954	-8.898076
Msmb	-20.308605	-16.854729000000003
1700010I14Rik	-17.823698	-14.369821
Zfp296	-16.9764	-13.522523000000001
Hpdl	-15.659419	-12.205541
Zbtb11	-12.426669	-8.972791
Eral1	-13.869256	-10.415378
Rnf130	-11.528818	-8.07494
Adgrl3	-17.567766	-14.113888000000001
Mettl9	-11.584074000000001	-8.130196
Btaf1	-12.318029	-8.864151
Gm14214	-19.392315	-15.938437
Traf6	-13.245985999999998	-9.792108
Slc23a3	-16.22263	-12.768751
Rpa1	-12.621297	-9.1674185
2010204K13Rik	-16.501944	-13.048065
Vsig2	-17.505245000000002	-14.051368
C77080	-14.623327	-11.169449
Gm49227	-21.001753	-17.547876000000002
4930540M05Rik	-17.338192000000003	-13.884314000000002
Gm39459	-18.603857	-15.14998
Zfp516	-12.386889	-8.933011
Kif28	-21.001753	-17.547876000000002
A830018L16Rik	-18.922311999999998	-15.468434
Phf11c	-16.697687	-13.24381
Slc23a1	-17.669548000000002	-14.215670999999999
Galnt3	-20.308605	-16.854729000000003
S100b	-14.207167000000002	-10.753288000000001
Gm31508	-19.615458	-16.161580999999998
Hoxa11os	-16.134218	-12.680341
Mboat2	-13.825498999999999	-10.37162
Arhgef12	-10.172481	-6.7186027
Chst2	-13.320193	-9.866315
Kcmf1	-11.194721000000001	-7.740843300000001
Isca2	-12.132355	-8.678476
Otor	-16.310406	-12.856527
Gm45250	-16.025019	-12.571141
4932422M17Rik	-15.027944	-11.574065
Gm15517	-21.001753	-17.547876000000002
D930028M14Rik	-21.001753	-17.547876000000002
Vps13b	-12.434057000000001	-8.980179
Adam9	-11.940145	-8.486266
Cnppd1	-12.567724	-9.113846
Gm26802	-11.209700999999999	-7.7558226999999995
Zc3h14	-11.571074000000001	-8.117194999999999
Gm30177	-19.615458	-16.161580999999998
Togaram1	-12.596833	-9.142955
Pex13	-12.364114	-8.910235
Snrnp25	-13.174513000000001	-9.720634
Ogfod3	-12.560577	-9.106699
Snca	-18.362696	-14.908818
Gm4129	-16.513117	-13.059238
Gm47644	-15.110109	-11.656231
Wnt1	-20.308605	-16.854729000000003
Myo7a	-16.081772	-12.627894
Mta2	-12.563603	-9.109725
Gm41505	-16.827366	-13.373486999999999
Qpct	-12.47461	-9.020732
Gm14198	-19.392315	-15.938437
Gm26935	-15.836967000000001	-12.383089
Lrig1	-12.977546	-9.523667
Gm15787	-14.211656	-10.757777
Arhgap28	-17.240553	-13.7866745
Pipox	-14.175208	-10.72133
Hic1	-16.671019	-13.217141
Stard3	-12.821153	-9.367274
Etv5	-14.164420000000002	-10.710542
Gm50136	-18.229164	-14.775286999999999
Dck	-14.695478	-11.2416
Slc17a7	-17.91071	-14.456832
Pef1	-12.301239	-8.847361
C230035I16Rik	-16.338314	-12.884436
Alcam	-10.7920685	-7.3381906
Col6a6	-14.236714000000001	-10.782836
Cdc42se1	-10.9036455	-7.4497675999999995
Pde3a	-10.025057	-6.571178999999999
Dpp4	-18.804527	-15.35065
Map3k13	-15.040748	-11.586869
Ccl7	-18.436804000000002	-14.982926
Ltn1	-11.9143715	-8.460493
Fancm	-13.904204	-10.450325999999999
Nop58	-11.682289	-8.228411
Gm13547	-19.903141	-16.449265
B3galt1	-11.431852000000001	-7.977974400000001
2210408F21Rik	-12.956806	-9.502928
Defb42	-17.151606	-13.697726999999999
Lyrm4	-13.056552	-9.602674
Mkrn3	-17.069927	-13.616048999999999
Eif2s1	-11.556736	-8.102858
Ptpdc1	-13.518509	-10.0646305
Tacr1	-19.209993	-15.756116
Snrpf	-10.558997999999999	-7.105119999999999
Disp2	-20.308605	-16.854729000000003
Stab2	-18.922311999999998	-15.468434
D230022J07Rik	-15.422023999999999	-11.968145
Pak6	-14.243659	-10.789781
Ext1	-10.791627	-7.3377490000000005
Gm49959	-17.95723	-14.503352
Tsc22d3	-12.663926	-9.210048
Dolk	-13.149703	-9.695825
Miat	-21.001753	-17.547876000000002
Stambp	-12.159582	-8.705703999999999
Hdgfl3	-11.234314999999999	-7.780436999999999
Olfml2a	-13.020703	-9.566825
Fbxw7	-12.425537	-8.971658999999999
Hmga1	-14.619937	-11.166058999999999
Gm43625	-16.595034	-13.141156
Stmn2	-17.338192000000003	-13.884314000000002
Copa	-10.68252	-7.228642
Bex2	-17.338192000000003	-13.884314000000002
Heyl	-11.19643	-7.7425523
Rogdi	-13.168153	-9.714274000000001
Shroom2	-16.858618	-13.404739999999999
Gm28196	-18.804527	-15.35065
Olfr550	-21.001753	-17.547876000000002
2310015A16Rik	-13.838581	-10.384703
Rdh10	-13.477732000000001	-10.023852999999999
Plin2	-12.357750999999999	-8.9038725
Pou2f3	-16.547404999999998	-13.093528
Gm42679	-18.699167000000003	-15.245289999999999
Ppp1r9b	-12.318029	-8.864151
Igsf11	-19.903141	-16.449265
Serp2	-13.696565	-10.242686
Hspe1-rs1	-14.318392999999999	-10.864514
Gm31641	-16.292223	-12.838345
Usp49	-14.355363	-10.9014845
Lrrc36	-17.217564000000003	-13.763685
Adcy5	-9.775737	-6.321859
Gm29455	-21.001753	-17.547876000000002
Olfr691	-19.903141	-16.449265
Erfe	-18.516845999999997	-15.062968
Gm15627	-17.536016	-14.082139000000002
Pde7a	-12.540284	-9.086406
C030034L19Rik	-17.264084	-13.810204999999998
8030442B05Rik	-18.057314	-14.603435999999999
Klhdc8b	-11.74472	-8.290842
Kazn	-15.8837595	-12.429881
Gm16183	-19.392315	-15.938437
Rhag	-21.001753	-17.547876000000002
Arhgap6	-12.287678999999999	-8.8338
Klhl20	-13.103714	-9.649836
Steap1	-17.669548000000002	-14.215670999999999
Calhm6	-17.567766	-14.113888000000001
Gm43409	-18.922311999999998	-15.468434
Acad8	-12.799545	-9.345667
Dmac1	-11.492124	-8.038245
Keap1	-11.681125	-8.227246000000001
Slc22a17	-13.358749	-9.904871
C530005A16Rik	-15.064217999999999	-11.610339
Bckdhb	-13.242992000000001	-9.789114
Hoxaas2	-13.539538	-10.08566
Dio3	-18.699167000000003	-15.245289999999999
BC037704	-17.109932	-13.656054500000002
Etf1	-11.521768	-8.067889
Atp6v1g1	-10.150554	-6.696675999999999
Comtd1	-13.468060000000001	-10.014180999999999
Ciao3	-13.256317999999998	-9.802439999999999
Xlr	-14.495969	-11.04209
Edaradd	-19.903141	-16.449265
Tcf21	-15.673877	-12.219998
Bcl2l10	-19.903141	-16.449265
Ehmt1	-11.85905	-8.405171000000001
Sit1	-17.634457	-14.180579000000002
Glb1l2	-13.830096	-10.376218
Gm46603	-20.308605	-16.854729000000003
Tecr	-10.390033	-6.936155
H2-T22	-12.619235	-9.165357
S1pr1	-15.781398000000001	-12.327519
D1Ertd622e	-12.895539999999999	-9.441661999999999
Bop1	-12.588144	-9.134266
Nup62cl	-20.308605	-16.854729000000003
Gm20522	-15.765310999999999	-12.311433000000001
Arhgap44	-12.704708	-9.25083
Gm35867	-16.907408	-13.453529999999999
Ucp1	-18.603857	-15.14998
Trmu	-13.670038	-10.21616
Bc1	-16.328924	-12.875046000000001
Gm14104	-21.001753	-17.547876000000002
B130024G19Rik	-14.771272	-11.317393
Irf5	-15.576803	-12.122925
Prdx6	-10.965572	-7.5116944000000005
Mrpl35	-11.690934	-8.237055999999999
Cep70	-13.723815	-10.269936999999999
Slc13a3	-21.001753	-17.547876000000002
Cflar	-11.375206	-7.921328
Ncapg2	-14.109112	-10.655233
Cyp2t4	-20.308605	-16.854729000000003
Amigo1	-13.886984	-10.433105
Lgalsl	-10.691367999999999	-7.237489999999999
Srebf2	-11.56939	-8.115511999999999
Magt1	-11.739485	-8.285606
Gm26674	-18.603857	-15.14998
A830005F24Rik	-17.364166	-13.910289
Timmdc1	-13.316051000000002	-9.862172
Gm10518	-21.001753	-17.547876000000002
Spata33	-15.25555	-11.801672
Ubald1	-13.317889000000001	-9.864011
Egln3	-14.3816805	-10.927802
Lrrc8b	-16.274364000000002	-12.820487
Wdr18	-12.137996000000001	-8.684117
Taf5l	-13.584774	-10.130896
Retreg3	-13.073708	-9.619829
Gm48163	-21.001753	-17.547876000000002
1700055D18Rik	-16.559101000000002	-13.105224
Gm16124	-12.9431095	-9.489231
Gm48226	-13.771191	-10.317312
Gm44577	-18.922311999999998	-15.468434
Cdc34	-12.355464	-8.901586
Oxt	-17.390835	-13.936957000000001
Dnajb2	-11.705603	-8.251724000000001
Col18a1	-8.648602	-5.194724
Gm1141	-17.705915	-14.252038
Armc5	-13.160260000000001	-9.706382000000001
Gm45767	-15.25875	-11.804872
Rab7b	-16.559101000000002	-13.105224
Tax1bp1	-10.115102	-6.661224000000001
Hspbp1	-12.56512	-9.111241
Aard	-16.141941	-12.688063
Cyp2j6	-14.276720000000001	-10.822842
Lamtor3	-11.267158	-7.8132796
Rrp15	-12.496025999999999	-9.042148
Lig4	-13.692541	-10.238663
Gm5106	-21.001753	-17.547876000000002
Ttc32	-12.933977	-9.480099000000001
Paqr6	-12.370517999999999	-8.916639
Wdr11	-13.070469000000001	-9.6165905
Rbpms	-8.716255	-5.2623773
Tro	-14.148454999999998	-10.694576
Tmem102	-20.308605	-16.854729000000003
Grm8	-20.308605	-16.854729000000003
Pth2r	-19.615458	-16.161580999999998
St8sia6	-18.603857	-15.14998
Plek2	-19.392315	-15.938437
Poc5	-13.330392999999999	-9.876514
Whrn	-14.117267000000002	-10.663388000000001
Pdlim5	-10.130654	-6.676776400000001
Elovl6	-14.652614999999999	-11.198736
Cdnf	-14.753711	-11.299832
Dntt	-18.699167000000003	-15.245289999999999
Ndufa4	-9.086172999999999	-5.6322956
9130023H24Rik	-14.518645999999999	-11.064767999999999
Grk5	-12.580851	-9.126972
Gm12511	-21.001753	-17.547876000000002
Mrpl30	-10.912949000000001	-7.4590707
Masp1	-17.418233999999998	-13.964356
Twnk	-13.984247	-10.530369
Hmgn2	-11.791013000000001	-8.337133999999999
Itpr2	-13.927635999999998	-10.473758
Cnpy2	-10.626014999999999	-7.172136999999999
Adgrg3	-19.615458	-16.161580999999998
Akap7	-12.333041	-8.879163
Ssbp4	-11.637234	-8.183355
Fam229b	-14.057666000000001	-10.603786999999999
Ctla2a	-15.399633999999999	-11.945756
Spc25	-15.971314999999999	-12.517437
Prom2	-21.001753	-17.547876000000002
Serpinb1a	-14.226386999999999	-10.772509
Gm20508	-19.615458	-16.161580999999998
Cntnap3	-21.001753	-17.547876000000002
Gabre	-12.976564	-9.522686
2210406O10Rik	-16.958702	-13.504824
Cntf	-16.416786	-12.962908
P2ry10b	-16.173439000000002	-12.719562
Arnt2	-16.782246	-13.328367000000002
Eif5a2	-13.101117	-9.647239
Kcnn3	-16.501944	-13.048065
Slc6a4	-19.055841	-15.601964
Manf	-10.626763	-7.172885400000001
Lysmd4	-13.823970999999998	-10.370092
Zfp617	-13.364037	-9.910158000000001
Robo4	-20.308605	-16.854729000000003
Nefh	-19.209993	-15.756116
Dgkq	-13.776272	-10.322393
Erp27	-16.396584	-12.942705
Tmem167	-10.980616	-7.526737700000001
Ager	-17.475391000000002	-14.021514000000002
Pstpip2	-16.827366	-13.373486999999999
Gm14296	-13.811077	-10.357199000000001
Atad3a	-12.933036999999999	-9.479158
Gm26671	-21.001753	-17.547876000000002
Gpr45	-15.984473000000001	-12.530595
BC030343	-17.95723	-14.503352
Fndc8	-21.001753	-17.547876000000002
Wbscr25	-17.08973	-13.635851999999998
Sat2	-13.140026	-9.686148
Gaa	-11.720116	-8.266237
Rdh14	-12.064666	-8.610787
Fbxl6	-12.872873	-9.418994999999999
Rin1	-15.71855	-12.264671
Sptlc2	-12.899167	-9.445289
Akr1b8	-13.910010999999999	-10.456133
Fam83d	-16.753258	-13.299379
4930447F24Rik	-19.903141	-16.449265
Synm	-11.197534	-7.7436557
6330403K07Rik	-13.672004000000001	-10.218125
Tollip	-12.537328	-9.083449
Inpp4b	-16.197731	-12.743853999999999
Pet100	-11.588472	-8.134594
Cdc42ep4	-12.698496	-9.244617
Rcor1	-11.94212	-8.488241
Stxbp1	-12.476592	-9.022714
Fnbp1l	-12.769845	-9.315967
Ccdc158	-16.657948	-13.204069
Gm12153	-17.600555	-14.146678
Sfrp1	-13.952498	-10.498619999999999
Vgll2	-15.058954	-11.605075999999999
Actl10	-19.055841	-15.601964
Ammecr1	-13.510666	-10.0567875
Enpep	-13.105945	-9.652066
Gm49067	-19.903141	-16.449265
Gm15721	-15.080174	-11.626296
Rbmx2	-12.961628999999999	-9.5077505
Ranbp3l	-20.308605	-16.854729000000003
Plekhh2	-12.9018955	-9.448017
Brd1	-11.3267355	-7.8728576
Gm17080	-18.229164	-14.775286999999999
Gm38843	-19.903141	-16.449265
Acan	-12.038081	-8.584203
Tmem17	-13.862885999999998	-10.409008
B930059L03Rik	-17.08973	-13.635851999999998
Arl1	-10.424964	-6.971086
Mmp16	-13.076958	-9.623078999999999
Dcaf1	-12.424028999999999	-8.970151
Ndufc1	-9.788326	-6.3344483
Prkar1b	-15.765310999999999	-12.311433000000001
Cnmd	-21.001753	-17.547876000000002
Wtap	-12.071655999999999	-8.617778
Gm16568	-20.308605	-16.854729000000003
Ppp6c	-11.834529	-8.3806505
Erich2	-19.209993	-15.756116
Six5	-12.945327	-9.491448
Gm26511	-17.95723	-14.503352
Ppp1r7	-11.686783	-8.232904
Ip6k1	-11.986212	-8.532333
Ptgs2os2	-19.209993	-15.756116
Gm31447	-20.308605	-16.854729000000003
Pbdc1	-12.2768955	-8.823017
Zmynd8	-12.120334	-8.666455000000001
Pappa	-15.814367	-12.360489
Gm45051	-14.429471	-10.975593
Utrn	-9.901015	-6.4471374
Tmem243	-12.947549	-9.49367
Rarg	-12.699488	-9.245609
Zfp46	-12.898259	-9.444381
9930004E17Rik	-17.130551999999998	-13.676673999999998
Tmx4	-11.03468	-7.5808024000000005
Ip6k3	-19.903141	-16.449265
Plbd2	-11.778201	-8.324323
Ube2e3	-11.396941	-7.9430633
Magoh	-11.366276	-7.912398
Mcm4	-13.268507999999999	-9.814630000000001
Gm45470	-19.392315	-15.938437
Gm12743	-15.895807999999999	-12.441930000000001
Dkk1	-16.06011	-12.606233
Prkra	-12.292949	-8.83907
Itga7	-11.303938	-7.850060000000001
Rad17	-12.167853	-8.713975
Myo5b	-19.055841	-15.601964
A430105J06Rik	-16.607304	-13.153426000000001
Dph3	-10.888937	-7.435059
1810065E05Rik	-20.308605	-16.854729000000003
Gm29458	-21.001753	-17.547876000000002
Ptpn18	-16.045925	-12.592048
Parm1	-11.795421000000001	-8.341542
Scn4a	-19.055841	-15.601964
Cltrn	-21.001753	-17.547876000000002
Gusb	-12.064929	-8.611051
Ddx49	-12.646374	-9.192495
Selenok	-9.735164	-6.281286
Prr13	-12.1735525	-8.719674000000001
Slc35e4	-12.734304	-9.280426
Golga7	-11.978949	-8.52507
Pigz	-15.594582	-12.140703
Aox1	-13.34731	-9.893432
Tspan31	-11.863338	-8.409460000000001
Gm32885	-18.293703	-14.839826
Pfdn6	-11.167133	-7.7132554
Ccer1	-17.536016	-14.082139000000002
Gimap5	-20.308605	-16.854729000000003
Sfr1	-9.9008045	-6.446926599999999
Cdca5	-18.057314	-14.603435999999999
Llgl2	-14.968667000000002	-11.514789
Nae1	-11.570111	-8.116233
Col26a1	-19.392315	-15.938437
Heatr9	-21.001753	-17.547876000000002
AI597479	-12.736103	-9.282225
Rragb	-14.359266	-10.905388
Gm16867	-14.924110999999998	-11.470233
S1pr2	-14.628433	-11.174555
Relt	-16.570936	-13.117057999999998
Ece2	-14.444975	-10.9910965
Crybg1	-17.312874	-13.858995000000002
Cd2bp2	-12.746184	-9.292306
Pcnx3	-12.937431	-9.483553
Pspc1	-12.735332000000001	-9.281452999999999
Cox6b1	-9.636435	-6.182557
Izumo1	-17.823698	-14.369821
Klhdc2	-11.483561	-8.029682000000001
Ikzf2	-12.918117	-9.464238
Irx3os	-18.804527	-15.35065
Ppfia2	-17.505245000000002	-14.051368
Ctnnd2	-16.907408	-13.453529999999999
Tfr2	-17.823698	-14.369821
9630013D21Rik	-16.711294	-13.257416000000001
Mospd1	-12.959697	-9.505818
Lypd6	-16.595034	-13.141156
Tcim	-13.898431	-10.444552
Olfr1030	-19.392315	-15.938437
Rhov	-19.903141	-16.449265
Tmem173	-16.06011	-12.606233
Gm10775	-19.392315	-15.938437
Rpl15	-8.452665	-4.998787999999999
Gm43646	-18.16854	-14.714661999999999
Ing5	-12.474016	-9.020138000000001
Sos1	-12.470855	-9.016976
Adamtsl3	-12.082835000000001	-8.628957000000002
Gm44773	-19.392315	-15.938437
Dgat2	-15.30131	-11.847431
Ccdc63	-17.634457	-14.180579000000002
Prkaa2	-12.005101	-8.551223
Smim27	-11.1375265	-7.683648599999999
Ndufs2	-10.75976	-7.305882
Gm50335	-21.001753	-17.547876000000002
Parp1	-12.134044	-8.680164999999999
Uchl5	-12.145804	-8.691925999999999
Phf24	-16.118952	-12.665073
Galnt9	-21.001753	-17.547876000000002
Apip	-11.711863000000001	-8.257984
Lmod3	-14.5915785	-11.1377
Insig1	-12.630974	-9.177095
Itga5	-10.833903	-7.3800254
Depdc5	-13.544144000000001	-10.090264999999999
Il1bos	-21.001753	-17.547876000000002
Asxl3	-16.595034	-13.141156
Fuz	-12.351778999999999	-8.897901
Map3k11	-14.08901	-10.635132
Rnf113a1	-14.544984	-11.091105
Car8	-18.603857	-15.14998
Tbata	-20.308605	-16.854729000000003
Gpr176	-17.109932	-13.656054500000002
Mmaa	-13.117176999999998	-9.663299
Vmn1r84	-19.392315	-15.938437
Gm12602	-17.567766	-14.113888000000001
Impa2	-13.820162	-10.366283000000001
Pdzd2	-12.049665	-8.595787
Gm47230	-21.001753	-17.547876000000002
Ampd3	-14.487040499999999	-11.033161999999999
Dguok	-11.5255165	-8.071638
Styxl1	-17.240553	-13.7866745
CAAA01118383.1	-12.470855	-9.016976
Ddr2	-10.678142	-7.2242637
Fgf18	-16.283255	-12.829376
Banf2os	-19.903141	-16.449265
Fra10ac1	-11.710201	-8.256323
Slc9a7	-20.308605	-16.854729000000003
Ogfr	-13.042827	-9.588948
Med11	-13.344942999999999	-9.891065
Tsr2	-12.876714999999999	-9.422836
Rhbdl1	-14.303485	-10.8496065
Sycp3	-17.600555	-14.146678
Tekt3	-17.130551999999998	-13.676673999999998
Narf	-12.775447	-9.3215685
Snx5	-12.005597	-8.551719
Hars	-11.941539	-8.48766
C4b	-15.242851000000002	-11.788973
Trac	-18.603857	-15.14998
Ergic2	-11.515753	-8.061874000000001
Nkx2-5	-18.229164	-14.775286999999999
Fam110b	-11.994753999999999	-8.540875
Mfsd2a	-16.941309	-13.487432
Tlcd2	-13.961217000000001	-10.507339
Smagp	-16.812098000000002	-13.358220000000001
Gm31152	-18.229164	-14.775286999999999
Mapk10	-19.392315	-15.938437
Rbm34	-12.670408	-9.21653
Clec16a	-13.504546	-10.050668
Rabl3	-14.060563	-10.606685
Myo6	-12.795715	-9.341837
Pglyrp2	-21.001753	-17.547876000000002
Zfp768	-13.192618	-9.73874
Ddx5	-8.797798	-5.34392
Senp8	-14.111144	-10.657266
Zfp112	-14.436488	-10.982610000000001
Spaca9	-17.418233999999998	-13.964356
Gm47447	-18.922311999999998	-15.468434
Eid1	-10.209634	-6.755756
Rabep2	-13.272898000000001	-9.819019
Oscp1	-13.520761499999999	-10.066883
Ndufaf5	-13.590197	-10.136318
Mrpl34	-11.059478	-7.6056
Iars2	-11.701298	-8.247419
Me1	-11.434158	-7.980280400000001
Rmdn3	-13.053367999999999	-9.599489
Gm9780	-16.479965	-13.026087
Nt5dc3	-13.579978	-10.1261
Mtrf1l	-12.983787	-9.529908
4930515G01Rik	-17.130551999999998	-13.676673999999998
Zfp365	-12.572736	-9.118857
Catip	-16.231068	-12.77719
Tcf19	-14.120342	-10.666464
Dgat1	-13.255020000000002	-9.801142
Ankrd1	-12.249963000000001	-8.796084
Col9a2	-19.903141	-16.449265
Tagap1	-14.198248000000001	-10.744369500000001
Rhou	-13.065093	-9.611215
Slamf6	-21.001753	-17.547876000000002
Tex22	-20.308605	-16.854729000000003
Efr3b	-14.404607999999998	-10.950728999999999
D830025C05Rik	-14.027273999999998	-10.573396
Glis3	-15.172807999999998	-11.718929
Noc2l	-12.739194	-9.2853155
Gm16973	-15.025402	-11.571524
AW112010	-18.16854	-14.714661999999999
Gm49271	-19.209993	-15.756116
Gstm2	-10.4244795	-6.9706016
Olfr328	-15.492365	-12.038486500000001
Vwa8	-13.097788000000001	-9.643908999999999
1700056N10Rik	-15.786817999999998	-12.332939
Lin37	-12.949776	-9.495897
Zfp160	-12.756369	-9.302489999999999
Ncapd3	-13.26022	-9.806341
Tgds	-13.490229000000001	-10.03635
Gsc2	-21.001753	-17.547876000000002
Mrgprb1	-20.308605	-16.854729000000003
Slc25a39	-11.412155	-7.958277000000001
3830408C21Rik	-15.814367	-12.360489
4930445N18Rik	-17.446405	-13.992526999999999
Tmem179b	-12.428936	-8.975058
Gm31728	-17.823698	-14.369821
Capn11	-19.209993	-15.756116
Gm44812	-17.866259	-14.412381
Shroom3	-12.089953	-8.636075
Rps3a1	-7.858644	-4.404766599999999
Rgp1	-13.351583999999999	-9.897706
Nrgn	-12.53333	-9.079452
Rp9	-10.954945	-7.5010667
Gpr84	-17.600555	-14.146678
Borcs6	-12.697753	-9.243875
Paqr5	-21.001753	-17.547876000000002
Polr2i	-11.114243	-7.660364599999999
Zfp973	-14.180646	-10.726768
Dnajc14	-12.426291	-8.972413000000001
Gm15958	-20.308605	-16.854729000000003
Nme5	-14.224107	-10.770228
9330158H04Rik	-20.308605	-16.854729000000003
Lax1	-14.838438	-11.38456
9330162012Rik	-16.338314	-12.884436
Rps2	-8.256798	-4.8029203
Trim12c	-12.955845	-9.501966
Eno2	-14.419728	-10.96585
BC049715	-17.390835	-13.936957000000001
Dtymk	-11.613267	-8.159389
Gm50071	-16.447876	-12.993998
Cxcr2	-17.866259	-14.412381
D11Wsu47e	-14.530953	-11.077075
L1td1	-19.615458	-16.161580999999998
F830016B08Rik	-18.603857	-15.14998
Gm3435	-16.0745	-12.620622000000001
Sapcd2	-18.804527	-15.35065
8030423F21Rik	-18.293703	-14.839826
Fbxo45	-13.393875	-9.939997
Gria1	-14.27193	-10.818050999999999
Efl1	-12.8042145	-9.350336
Lims2	-9.99324	-6.5393624
Epb41l5	-13.288862	-9.834984
Nr1d2	-11.682289	-8.228411
9230111E07Rik	-16.328924	-12.875046000000001
Abtb2	-12.478378999999999	-9.024500999999999
Kxd1	-11.591579	-8.137701
Fgfbp3	-14.517118	-11.063239999999999
Scd3	-21.001753	-17.547876000000002
Ctns	-13.763256	-10.309378
Gm39556	-19.903141	-16.449265
Tmem87a	-12.852441	-9.398562
Tarbp1	-14.27193	-10.818050999999999
Cox8b	-18.699167000000003	-15.245289999999999
Fbxo43	-20.308605	-16.854729000000003
Ptcra	-17.195091	-13.741213
Lamb3	-19.615458	-16.161580999999998
Atad2	-12.731484	-9.277606
Has2os	-19.615458	-16.161580999999998
Eif3f	-10.085756	-6.6318784
Ifnz	-19.903141	-16.449265
Mmachc	-14.224107	-10.770228
Snx32	-13.3679	-9.9140215
Arid5b	-9.369287	-5.915408599999999
Cox7c	-8.621823	-5.167946
4933425L06Rik	-18.699167000000003	-15.245289999999999
Ficd	-13.252	-9.798121
S100a1	-10.676435000000001	-7.2225575
A830052D11Rik	-16.367023	-12.913146000000001
Vmn2r60	-19.903141	-16.449265
Zfp385a	-13.983351999999998	-10.529473
Vps37d	-13.811831	-10.357953
Tll1	-21.001753	-17.547876000000002
Tob2	-10.371659	-6.9177814
Slc4a3	-11.650261	-8.1963825
Abcc6	-18.436804000000002	-14.982926
Cep97	-13.358749	-9.904871
Tmem198	-15.236562	-11.782683
Pkia	-11.975937	-8.5220585
Csde1	-9.701007	-6.247129
Ulk1	-12.666801	-9.212923
Lsm4	-11.10373	-7.6498523
Gm47972	-17.95723	-14.503352
Slc35b4	-12.782697	-9.328818
Mterf1a	-14.870527	-11.416649000000001
Cdk2ap1	-12.454613	-9.000734
Rdm1	-12.081097	-8.627218
Ffar4	-15.30466	-11.850781
2410131K14Rik	-13.635307999999998	-10.18143
1110002J07Rik	-21.001753	-17.547876000000002
BC065403	-18.516845999999997	-15.062968
Tbc1d31	-14.868356	-11.414477
Arhgap21	-12.325507	-8.871628999999999
Gm9951	-12.843523	-9.389645
Gm49064	-17.01277	-13.558891000000001
Lrrc19	-18.699167000000003	-15.245289999999999
Scp2	-10.078588499999999	-6.6247106
Mpv17l2	-11.817757	-8.363878
H2-Q2	-21.001753	-17.547876000000002
Vps53	-12.28309	-8.829211
Gm47730	-21.001753	-17.547876000000002
Pcnx	-11.697011999999999	-8.243134
6030458C11Rik	-13.052309	-9.598431
Maoa	-12.331325	-8.877446
4930522L14Rik	-13.435960000000001	-9.982080999999999
Gm45792	-21.001753	-17.547876000000002
Zbtb32	-20.308605	-16.854729000000003
3830406C13Rik	-12.015932000000001	-8.562054
Fam83e	-17.288180999999998	-13.834303
Ppargc1a	-14.056703	-10.602824
Dock2	-19.615458	-16.161580999999998
Rhobtb1	-10.855084	-7.4012065
Msantd2	-12.818914	-9.365036
Itm2c	-10.579205	-7.1253266
Gm47162	-19.903141	-16.449265
Itgam	-18.922311999999998	-15.468434
Slc46a2	-16.595034	-13.141156
Hsph1	-10.507622	-7.053744
Rab2a	-9.982845	-6.528967400000001
Eef2kmt	-12.639344	-9.185466
Snip1	-13.035167	-9.581288
Fmnl1	-19.055841	-15.601964
Naxd	-11.365557	-7.9116789999999995
Galm	-14.055739	-10.601861
Socs1	-13.384977	-9.931099
Acad12	-14.495969	-11.04209
Naip2	-19.903141	-16.449265
Serpinb9	-12.321252000000001	-8.867372999999999
Serpinb8	-13.49187	-10.037992
Sgcg	-10.159001	-6.7051234
Gm15635	-19.209993	-15.756116
A630012P03Rik	-21.001753	-17.547876000000002
Cyb5d1	-14.755647	-11.301768
Gm37896	-21.001753	-17.547876000000002
Slc1a2	-15.939157999999999	-12.48528
Anxa11	-10.502373	-7.048495
Plaat3	-12.500283	-9.046405
Epb41l2	-11.762825	-8.308947
Stk32a	-15.308022	-11.854142999999999
Ccdc15	-14.03951	-10.585631
Gsdmc4	-19.392315	-15.938437
Pitpnm3	-13.211471	-9.757592
Eva1a	-13.736323	-10.282445
Gm21781	-16.01132	-12.557443
Mthfs	-13.144273000000002	-9.690394
Gm36037	-18.603857	-15.14998
Arsi	-18.229164	-14.775286999999999
Esyt3	-19.392315	-15.938437
Hist1h4b	-18.362696	-14.908818
Gm14488	-14.136906	-10.683027000000001
Ccdc134	-13.520198	-10.066319
Enkd1	-14.244821	-10.790942
Asb1	-13.326207	-9.872328999999999
Mzt1	-12.449579	-8.995700999999999
Gm30984	-14.877069	-11.423191000000001
Tmem255b	-18.516845999999997	-15.062968
Gm13446	-14.684588	-11.23071
Rbms3	-10.452838999999999	-6.998961
Dis3l	-13.564547	-10.110667999999999
Lbh	-10.433904	-6.980026
Tmem88b	-18.516845999999997	-15.062968
Usp17la	-21.001753	-17.547876000000002
Gm4787	-16.501944	-13.048065
Cavin1	-9.4483	-5.9944224
Zfp820	-14.529407500000001	-11.075529
Wdr44	-12.193086	-8.739207
Atat1	-12.986756	-9.532878
2700097O09Rik	-13.524149	-10.070271
Tceal5	-14.008738500000002	-10.554860000000001
Vdr	-18.293703	-14.839826
Ndufs6	-10.136753	-6.682875
Cnr2	-19.615458	-16.161580999999998
Gpx4	-9.478204	-6.0243263
Six2	-16.607304	-13.153426000000001
4930431P03Rik	-19.903141	-16.449265
Lurap1l	-14.779176999999999	-11.325298
U2af1l4	-11.946314	-8.492435
Acad10	-15.274904999999999	-11.821027
Klk9	-21.001753	-17.547876000000002
Gm20753	-18.516845999999997	-15.062968
Ramp3	-19.615458	-16.161580999999998
Zfp119a	-14.119316	-10.665438
Iglon5	-14.908184	-11.454305999999999
Hscb	-12.960018	-9.50614
Efcab3	-18.293703	-14.839826
Piezo1	-13.447942999999999	-9.994064
Pla2g4f	-21.001753	-17.547876000000002
Gm9725	-17.217564000000003	-13.763685
Rflnb	-13.811077	-10.357199000000001
Zbtb34	-14.257694	-10.803816000000001
Ppp1r18	-11.568429	-8.114550999999999
Eya3	-13.498464000000002	-10.044585000000001
Gm48770	-19.615458	-16.161580999999998
Dis3l2	-13.664817000000001	-10.210938
Mrps18c	-11.3766575	-7.9227796
Dgcr2	-12.364646	-8.910768
Dhcr24	-13.050194	-9.596314999999999
Gm15533	-18.804527	-15.35065
Rps6kl1	-19.615458	-16.161580999999998
Zdhhc24	-15.118431	-11.664553
Dnajc5	-11.703677	-8.249799000000001
Adcy8	-16.684265	-13.230387
Plk2	-13.740528	-10.28665
Zfp35	-13.646111999999999	-10.192234
Gm12714	-18.603857	-15.14998
Akt2	-11.765161	-8.311282
Psme4	-11.3000145	-7.8461365999999995
Csnk1e	-11.614355	-8.160477
Gm29670	-18.804527	-15.35065
Cdc20	-15.377735999999999	-11.923858000000001
8430419K02Rik	-16.697687	-13.24381
Tcf23	-16.547404999999998	-13.093528
Ldlrap1	-12.860563	-9.406685000000001
Zfp14	-14.395103	-10.941225
Gm50336	-17.866259	-14.412381
Ttc3	-10.323492	-6.869614
Hmg20b	-10.907687	-7.4538093
Cdkal1	-12.65156	-9.197681
Dusp7	-12.595267999999999	-9.14139
Eif4e3	-12.512547999999999	-9.05867
Gm45892	-21.001753	-17.547876000000002
Inpp5a	-10.896754	-7.442876299999999
Gm44672	-18.603857	-15.14998
Letmd1	-13.249848000000002	-9.79597
Golga2	-12.041157	-8.587278
Dhx38	-12.843523	-9.389645
Mcm9	-13.900901999999999	-10.447023
Ccl25	-13.993248000000001	-10.53937
Syce2	-14.412826999999998	-10.958948
Gm32950	-18.699167000000003	-15.245289999999999
Rhoq	-10.658142	-7.204264
Hectd2os	-15.504585	-12.050707000000001
Slc35f4	-21.001753	-17.547876000000002
B230319C09Rik	-16.118952	-12.665073
Clk2	-12.810844	-9.356966
Ccdc107	-10.304437	-6.8505588
Gm48503	-17.446405	-13.992526999999999
Tmem200c	-19.903141	-16.449265
Gsdma	-19.903141	-16.449265
Ppih	-13.377623000000002	-9.923744000000001
Rbms1	-11.247056	-7.793178
Csf1r	-16.645044	-13.191166
Tmem135	-12.910126	-9.456247
Eftud2	-12.5928135	-9.138935
4933429H19Rik	-16.547404999999998	-13.093528
Ppip5k2	-13.534954	-10.081076
Zfp775	-13.735624	-10.281746
Sec61g	-9.2672615	-5.8133836
Itgb1	-8.252754	-4.798877
Cnp	-13.727274	-10.273396
Aspscr1	-12.539017	-9.085138
Hkdc1	-19.903141	-16.449265
Klf2	-10.683247	-7.2293687
Gm39363	-19.615458	-16.161580999999998
Tmem47	-10.212538	-6.758660000000001
Atp6v0d2	-18.057314	-14.603435999999999
Pvalb	-20.308605	-16.854729000000003
Hand1	-17.823698	-14.369821
Cartpt	-19.615458	-16.161580999999998
Ccdc190	-17.364166	-13.910289
R3hdm4	-11.798942	-8.345063
Eya1	-18.804527	-15.35065
Gm47772	-17.288180999999998	-13.834303
9330159M07Rik	-13.753248999999999	-10.299371
Gm5544	-18.436804000000002	-14.982926
Lrrc34	-19.903141	-16.449265
Lratd1	-13.409892000000001	-9.956014
Plekhd1	-20.308605	-16.854729000000003
Fto	-11.799546000000001	-8.345668
Pcdhga1	-16.99442	-13.540542000000002
Bmp5	-18.516845999999997	-15.062968
Ppp3r1	-11.815705	-8.361827
Depdc7	-16.319622	-12.865744
Washc5	-13.001739500000001	-9.547861
Phb2	-11.337221000000001	-7.883342999999999
Ntan1	-10.939767999999999	-7.4858899999999995
Eif4enif1	-12.121306	-8.667428
Ccdc146	-14.440722000000001	-10.986844
Tusc1	-11.92346	-8.469582
Gm5577	-16.524416	-13.0705385
Asb6	-13.288414999999999	-9.834537
Evl	-13.915014999999999	-10.461136999999999
Rps27	-8.024757000000001	-4.570880000000001
Gm8817	-18.922311999999998	-15.468434
Atxn7	-12.234268	-8.780389999999999
Eif2d	-12.745405	-9.291527
Plk4	-13.734926000000002	-10.281048
Drg1	-11.969942	-8.516064
Abca4	-19.615458	-16.161580999999998
Mapk8ip2	-18.804527	-15.35065
Ssrp1	-11.498072	-8.044193
Gm42789	-21.001753	-17.547876000000002
C230013L11Rik	-15.184642000000002	-11.730763
Elmod3	-13.551092	-10.097214
Gadd45a	-13.497361999999999	-10.043484
Gtf2h3	-13.458479999999998	-10.0046015
Prr15l	-20.308605	-16.854729000000003
Nfasc	-15.654646	-12.2007675
Slc48a1	-10.818703999999999	-7.3648257
Lypd1	-19.055841	-15.601964
Tomm20	-10.351554	-6.897676
Gpr37l1	-19.392315	-15.938437
Suv39h1	-14.066382	-10.612504
Gm16043	-21.001753	-17.547876000000002
Ift88	-13.012193	-9.558314
Gm14022	-19.055841	-15.601964
1700016J18Rik	-17.600555	-14.146678
Dpt	-13.600522	-10.146644
Pycr2	-12.053428	-8.599549
Gm13848	-20.308605	-16.854729000000003
Asrgl1	-12.366599	-8.912721000000001
Slc24a1	-18.516845999999997	-15.062968
Gimap1	-19.209993	-15.756116
5730435O14Rik	-19.615458	-16.161580999999998
Ahsg	-17.288180999999998	-13.834303
Gm30400	-20.308605	-16.854729000000003
Gm16938	-19.392315	-15.938437
Capn13	-16.890879	-13.437001
9830144P21Rik	-18.922311999999998	-15.468434
Kif13b	-12.462212	-9.008333
Phactr1	-11.138722999999999	-7.6848453999999995
Twf1	-11.5331335	-8.079255
Ifi27	-10.070971	-6.617092599999999
Marc2	-11.002955	-7.549077499999999
Fgfr1	-10.851796	-7.397917999999999
Gm44626	-21.001753	-17.547876000000002
Junb	-10.183396	-6.729518400000001
Gm41556	-17.536016	-14.082139000000002
Tmed1	-11.987063000000001	-8.533185000000001
B230219D22Rik	-10.045086999999999	-6.591208999999999
Prmt3	-13.601132000000002	-10.147254
Sulf1	-10.570406	-7.116528
Aldoa-1	-19.392315	-15.938437
2610008E11Rik	-12.846679	-9.3928
4933406P04Rik	-16.197731	-12.743853999999999
Irf8	-17.823698	-14.369821
Gm16055	-20.308605	-16.854729000000003
Pnp	-12.015431	-8.561553
Calr	-9.572133000000001	-6.1182555999999995
Carns1	-12.521847	-9.067967999999999
Polr2j	-11.076651	-7.6227727
Gm36660	-16.535845000000002	-13.081966
Preb	-12.263498	-8.809619999999999
Creg2	-15.559335999999998	-12.105457000000001
Atg4b	-12.56382	-9.1099415
Gm36371	-15.112875	-11.658997
Hist1h2bm	-17.866259	-14.412381
Ttll13	-16.437405	-12.983527
Rab6a	-10.921375	-7.4674973
Abcb10	-13.261524	-9.807646
Tnnt2	-12.136018	-8.682139
Gata3	-14.704644	-11.250766
Cand2	-14.03951	-10.585631
Chfr	-12.577992	-9.124114
Pgap2	-12.710207	-9.256329
Corin	-15.749479999999998	-12.295602
Gm31019	-17.95723	-14.503352
Nkx2-4	-20.308605	-16.854729000000003
Gm10277	-18.362696	-14.908818
Pole3	-12.225431	-8.771552999999999
Gm12256	-18.922311999999998	-15.468434
Rgl3	-14.412826999999998	-10.958948
Wdr76	-13.975326999999998	-10.521448
Sh3bp4	-12.853597	-9.399718
Pnmal2	-15.842698	-12.388819999999999
Il11ra1	-9.780705000000001	-6.3268275
Naga	-12.579531	-9.125652
Mybphl	-19.209993	-15.756116
Coprs	-13.43389	-9.980012
Zfp972	-17.705915	-14.252038
Gm13861	-11.693651	-8.239773
Sugp2	-13.409892000000001	-9.956014
Hist1h4k	-21.001753	-17.547876000000002
Asprv1	-16.9764	-13.522523000000001
Rprm	-19.615458	-16.161580999999998
Lats1	-11.873165	-8.419286999999999
Zfp536	-17.505245000000002	-14.051368
Copz2	-10.650827	-7.1969495
Wdr17	-16.657948	-13.204069
Gm13256	-18.699167000000003	-15.245289999999999
Gprc5b	-15.093670999999999	-11.639792
Mlst8	-14.269542999999999	-10.815664
Smpdl3b	-15.4296	-11.975721
Asb17os	-21.001753	-17.547876000000002
Snrpb2	-11.61218	-8.158301
Zfp207	-11.634922	-8.181044
Slc19a1	-14.165494	-10.711616000000001
Rsph9	-13.080581	-9.626702
Gm44386	-19.055841	-15.601964
Anxa4	-11.720116	-8.266237
4732414G09Rik	-14.765384	-11.311505
Lss	-13.722434	-10.268556
Hikeshi	-11.421161	-7.967283
Tnfrsf19	-15.831269	-12.377391000000001
1810009A15Rik	-12.903719	-9.449841000000001
Sap18	-10.867988	-7.414109700000001
Agmo	-17.195091	-13.741213
Kctd9	-13.357312	-9.903433999999999
Yy1	-10.933938000000001	-7.480060000000001
Cited4	-14.262417000000001	-10.808538
6720489N17Rik	-14.437898	-10.984019
Clstn2	-18.804527	-15.35065
Slc35c2	-12.990730000000001	-9.536852
Tmem177	-14.395103	-10.941225
Gm16170	-18.111382	-14.657504000000001
Mtmr7	-14.568813	-11.114935000000001
G630030J09Rik	-17.823698	-14.369821
Actc1	-14.666699	-11.212821
Rabgef1	-12.246489	-8.79261
Tmx2	-12.647314	-9.193436
Acer3	-12.688637	-9.234758
Smap2	-12.648256	-9.194378
Fam47e	-14.512548	-11.05867
Mrps18b	-12.439396	-8.9855175
Trim30a	-16.858618	-13.404739999999999
Olfr24	-21.001753	-17.547876000000002
Gm47040	-20.308605	-16.854729000000003
Ncs1	-12.428936	-8.975058
Il2ra	-19.392315	-15.938437
Kcnip3	-16.582912	-13.129033999999999
Psmg1	-12.37463	-8.920752
4930403P22Rik	-14.98073	-11.526852
Gm20470	-21.001753	-17.547876000000002
Tmem106a	-15.099120000000001	-11.645242
Gprc5d	-18.516845999999997	-15.062968
Gm9828	-16.038908	-12.585030999999999
1600012H06Rik	-12.729693	-9.275815
Mroh5	-19.615458	-16.161580999999998
Sept8	-11.978949	-8.52507
Cdc25c	-18.057314	-14.603435999999999
Midn	-12.212093	-8.758215
Icam5	-17.536016	-14.082139000000002
Far1	-11.537856	-8.083978
Traip	-16.582912	-13.129033999999999
Pax6	-19.055841	-15.601964
Ppa2	-12.178252	-8.724374000000001
Stxbp2	-14.952020000000001	-11.498141
C86187	-19.392315	-15.938437
Rpl19	-8.117576	-4.663698
Ahnak2	-10.669410000000001	-7.2155320000000005
Gm38973	-16.103912	-12.650035
Sptssb	-19.055841	-15.601964
Ggta1	-12.950094	-9.496216
D330050I16Rik	-15.728754	-12.274875999999999
Tirap	-13.360188500000001	-9.906310000000001
Icos	-21.001753	-17.547876000000002
Cd164l2	-18.922311999999998	-15.468434
Sprr1a	-18.111382	-14.657504000000001
Uqcrfs1	-11.175255	-7.721377
BC048507	-19.055841	-15.601964
Cideb	-17.634457	-14.180579000000002
Cenpi	-17.418233999999998	-13.964356
Ppp2r2d	-11.443365	-7.989487
Map2k5	-13.035861	-9.581983000000001
Pank3	-12.139128	-8.685249
Fbxo6	-12.258061999999999	-8.804184
Galns	-14.317142	-10.863263
Lin28b	-19.903141	-16.449265
Tent4a	-12.232713	-8.778834
Ndufv1	-11.073524	-7.6196465
9330198I05Rik	-18.804527	-15.35065
Map3k5	-12.262377	-8.808498
Gm40910	-19.903141	-16.449265
Lrrc23	-19.903141	-16.449265
Herc6	-13.5129	-10.059022
Irgq	-13.165382999999999	-9.711505
4933421O10Rik	-13.278633	-9.824755
Gm37328	-17.151606	-13.697726999999999
Rasgef1a	-16.081772	-12.627894
Rad54b	-18.111382	-14.657504000000001
Hus1	-13.499567	-10.045689
Hist1h2bl	-19.209993	-15.756116
Gm5532	-15.132457	-11.678578
Gm44199	-20.308605	-16.854729000000003
Pard3b	-12.039489999999999	-8.585611
Pop4	-13.010161	-9.556283
Gm36279	-18.699167000000003	-15.245289999999999
Bfsp2	-18.229164	-14.775286999999999
Pcdhga3	-16.052994	-12.599115
Pde4dip	-10.496768	-7.042889999999999
Ajuba	-14.245984	-10.792106
Smco4	-11.683994	-8.230116
Ankrd7	-19.903141	-16.449265
Rrm1	-13.114545000000001	-9.660666
Alkbh6	-12.396366	-8.942488
Galnt1	-10.973618	-7.519739599999999
Gtf2h1	-12.272679	-8.818800999999999
Gm12811	-21.001753	-17.547876000000002
Wbp1	-12.012808	-8.558929
Gm12503	-16.782246	-13.328367000000002
Smad9	-12.911964	-9.458086
Mier3	-12.322951	-8.869073
Dpy19l4	-12.621067	-9.167189
1700028K03Rik	-17.600555	-14.146678
Arf4os	-16.406633	-12.952755
Gm10382	-15.265181	-11.811302
4932438H23Rik	-19.615458	-16.161580999999998
Mast2	-12.301072999999999	-8.847195
1700001O22Rik	-15.193610999999999	-11.739733
3110083C13Rik	-19.055841	-15.601964
Hook1	-17.475391000000002	-14.021514000000002
Ccs	-11.579695	-8.125816
Itgav	-11.140912	-7.687034
Sys1	-11.502856	-8.048978
Hes6	-12.90524	-9.451362
Tcea1	-10.735151	-7.2812734
Hirip3	-12.979512	-9.525634
Gm34030	-14.350182	-10.896303
BC028777	-18.922311999999998	-15.468434
Krcc1	-11.010758000000001	-7.556880499999999
Rbm20	-14.783154000000001	-11.329275
Aurka	-16.292223	-12.838345
Rbfaos	-19.903141	-16.449265
Eif2ak4	-13.333658999999999	-9.879781
Tnc	-11.317167999999999	-7.863290299999999
Cdk13	-11.761175	-8.307297
Fndc9	-18.922311999999998	-15.468434
Folr2	-17.505245000000002	-14.051368
Nek11	-18.603857	-15.14998
Selenbp2	-19.615458	-16.161580999999998
Rbmxl2	-16.547404999999998	-13.093528
Alg8	-14.699133999999999	-11.245255
Prx	-14.437898	-10.984019
Otud7a	-21.001753	-17.547876000000002
Gm35190	-16.725085999999997	-13.271208999999999
Met	-18.362696	-14.908818
Gm27022	-19.055841	-15.601964
Ctsl	-9.904313	-6.450435
Gm22000	-17.446405	-13.992526999999999
Zfp239	-14.557622	-11.103744
Kdm5d	-13.167757	-9.713878999999999
Gm12784	-18.362696	-14.908818
Gm43660	-15.848462	-12.394584
Guca1a	-15.932849	-12.478971000000001
Kbtbd2	-12.677902	-9.224024
U2af1	-10.940023	-7.4861455
Fam160b2	-12.995719	-9.541841
Dnajc28	-14.935645000000001	-11.481767
1700034I23Rik	-16.958702	-13.504824
Dsc3	-19.392315	-15.938437
Zbtb7b	-13.090063	-9.636185000000001
Zfp954	-13.781379999999999	-10.327501
Stk32c	-16.338314	-12.884436
Iqcc	-13.425142999999998	-9.971264999999999
Ripply3	-19.055841	-15.601964
Lrrc2	-18.804527	-15.35065
Gm10721	-19.615458	-16.161580999999998
Dbp	-10.463834	-7.009956
Rab9b	-15.1046	-11.650722
Wnt5a	-13.613425	-10.159547
Nctc1	-21.001753	-17.547876000000002
Anp32b	-9.935819	-6.4819407
Lrrc74b	-20.308605	-16.854729000000003
Nkpd1	-19.615458	-16.161580999999998
Slc36a3os	-14.944969	-11.491091
Il20	-21.001753	-17.547876000000002
Gm30339	-21.001753	-17.547876000000002
Rhcg	-21.001753	-17.547876000000002
Atp6ap1	-10.979816	-7.5259385
A830009L08Rik	-17.505245000000002	-14.051368
Hspa4	-10.40342	-6.949542500000001
Ankrd13d	-14.401882999999998	-10.948005
Rab26	-15.654646	-12.2007675
Rbm39	-9.498161	-6.0442834
Smyd4	-14.261234	-10.807356
Tspan5	-11.257086	-7.803208000000001
Gm14403	-14.207167000000002	-10.753288000000001
Tbc1d8	-14.368435	-10.9145565
Spag6	-18.057314	-14.603435999999999
Amt	-15.175754000000001	-11.721875
Trim65	-13.402351999999999	-9.948474000000001
Dusp14	-13.385469	-9.931591000000001
Arhgap15os	-21.001753	-17.547876000000002
Palb2	-16.089098	-12.635221000000001
Gm19684	-21.001753	-17.547876000000002
Cant1	-12.428558	-8.974680000000001
Sstr1	-20.308605	-16.854729000000003
Gck	-18.111382	-14.657504000000001
Kcng1	-21.001753	-17.547876000000002
Gm8251	-15.038174	-11.584295
Fam214a	-12.662492	-9.208613
Atpsckmt	-13.027221	-9.573342
Cnksr1	-16.038908	-12.585030999999999
Gm35031	-20.308605	-16.854729000000003
Gcat	-12.708203	-9.254325
Pxk	-12.317014	-8.863135
Nr5a1	-21.001753	-17.547876000000002
Stmnd1	-16.958702	-13.504824
Dlx1as	-19.903141	-16.449265
Gm16364	-16.535845000000002	-13.081966
Ddi2	-11.5793705	-8.125492
Npc1	-12.425348	-8.97147
Gabra1	-16.874619	-13.420739999999999
Oat	-9.558069999999999	-6.1041927000000005
Rcn1	-11.663724	-8.209846
Chmp7	-12.61353	-9.159652000000001
Stap1	-17.173111	-13.7192335
Pycard	-12.904327	-9.450449
Nrg4	-17.288180999999998	-13.834303
Morn5	-18.922311999999998	-15.468434
Ank2	-11.091439	-7.6375613
Map2k3	-11.534758	-8.080879
Usp33	-12.442651	-8.988772
Dach1	-14.501966	-11.048088
Alox15	-21.001753	-17.547876000000002
Apoa4	-21.001753	-17.547876000000002
Gm1968	-21.001753	-17.547876000000002
Usp24	-12.543037	-9.089159
Medag	-13.392385999999998	-9.938508
Cox6c	-8.651152	-5.1972737
Clec4n	-21.001753	-17.547876000000002
Ccnc	-12.5941515	-9.140272999999999
Slf2	-12.736875999999999	-9.282997
Gm26619	-17.312874	-13.858995000000002
Rita1	-13.604192000000001	-10.150313
Hspb6	-10.545387	-7.091509299999999
Nit1	-12.161463000000001	-8.707583999999999
Naa25	-12.868166	-9.414288
Gpr19	-14.112162	-10.658283
Dcun1d4	-13.398354000000001	-9.944475
Emc8	-10.508759	-7.0548806
Cs	-11.502481	-8.048603
Map3k9	-21.001753	-17.547876000000002
Rfx8	-17.705915	-14.252038
Nol3	-14.715755	-11.261877
Kif2c	-17.475391000000002	-14.021514000000002
Mc1r	-15.693485	-12.239607000000001
Gm17745	-19.392315	-15.938437
Dtl	-15.984473000000001	-12.530595
Dhx8	-12.518945	-9.065066
Kyat3	-13.941277	-10.487397999999999
Utp14a	-12.583497	-9.129619
AC113595.1	-18.804527	-15.35065
Stap2	-18.436804000000002	-14.982926
Cep112it	-15.708448	-12.25457
Ubxn6	-11.313689	-7.8598113
Gm16070	-16.134218	-12.680341
Olfr466	-19.903141	-16.449265
Cpeb3	-12.49643	-9.042552
B3galt2	-17.130551999999998	-13.676673999999998
Platr16	-19.903141	-16.449265
1810064F22Rik	-18.922311999999998	-15.468434
Ormdl3	-11.585375	-8.131496
Jrkl	-13.056198	-9.602319999999999
Cpox	-12.597505	-9.143626
Gm35585	-21.001753	-17.547876000000002
Pa2g4	-11.197313000000001	-7.743435400000001
Xrcc1	-12.88444	-9.430562
Igsf23	-16.890879	-13.437001
Rrp1b	-13.021728999999999	-9.567851
Strip2	-16.797060000000002	-13.343182999999998
Farp1	-14.686395999999998	-11.232517
Pfn2	-12.705456	-9.251577000000001
Tespa1	-19.392315	-15.938437
Gm17056	-13.451092000000001	-9.997213
Sdcbp2	-17.364166	-13.910289
Hdac1	-11.336903999999999	-7.883025599999999
Cables2	-13.309184	-9.855306
Gm26865	-20.308605	-16.854729000000003
Ndufa8	-10.552691000000001	-7.098813499999999
Tspan13	-17.240553	-13.7866745
Gm31479	-19.903141	-16.449265
Dnajc13	-12.228369	-8.77449
Zkscan3	-11.821769	-8.36789
Tent2	-12.720028999999998	-9.26615
Riok1	-12.275272	-8.821394
Cplx2	-13.970011999999999	-10.516133
Fbf1	-13.683876999999999	-10.229999000000001
Cib1	-12.230538000000001	-8.776660000000001
Eipr1	-13.258918	-9.805039
Olfr457	-19.055841	-15.601964
Tox	-16.427042	-12.973164
Ncaph2	-12.209355	-8.755477
Abhd5	-12.544311	-9.090432
Rbfa	-12.185197	-8.731318
Gm48678	-19.903141	-16.449265
4930452B06Rik	-17.069927	-13.616048999999999
Ndrg3	-12.348108	-8.89423
Rgs9bp	-18.603857	-15.14998
Papss1	-11.987063000000001	-8.533185000000001
Pfkm	-12.106124000000001	-8.6522455
Ssbp3	-11.648699	-8.19482
Cand1	-11.855417999999998	-8.401539999999999
Crip3	-16.632305	-13.178427
Kcnb2	-20.308605	-16.854729000000003
Lsm7	-11.557686	-8.103807000000002
Kcnn4	-18.922311999999998	-15.468434
Rfx3	-14.167644500000002	-10.713766
Adm	-11.878824	-8.424946
Eif4a1	-10.140641	-6.6867633
Apoh	-17.634457	-14.180579000000002
Gm43672	-13.364037	-9.910158000000001
Gtpbp8	-13.215617000000002	-9.761739
Zfp638	-11.148296	-7.694418400000001
Slc16a10	-13.374208	-9.92033
Tmem120b	-14.815545000000002	-11.361667
Hcn2	-16.547404999999998	-13.093528
Acd	-12.829307	-9.375428
Klc1	-11.433109	-7.9792314
Ifit3b	-14.369751999999998	-10.915874
Myrfl	-20.308605	-16.854729000000003
Gm47708	-18.111382	-14.657504000000001
Tpd52	-12.028909	-8.57503
Rnf170	-13.155164000000001	-9.701285
Vmn1r6	-19.903141	-16.449265
Gldn	-12.262857	-8.808978999999999
Gm45356	-19.392315	-15.938437
Gramd1c	-14.507999	-11.054121
Cpq	-10.326469	-6.8725914999999995
Gm20703	-21.001753	-17.547876000000002
Arpp19	-10.39715	-6.943272
Exo5	-14.401882999999998	-10.948005
Ccdc96	-17.01277	-13.558891000000001
Gm16140	-17.600555	-14.146678
Hes7	-17.173111	-13.7192335
Hexim2	-14.840546	-11.386667
Rgs12	-14.074195999999999	-10.620317
Mrpl17	-11.049476	-7.5955977
Gm26614	-14.100016	-10.646137
Emc10	-10.355947500000001	-6.9020696
Atad5	-13.941277	-10.487397999999999
Hnrnpa2b1	-9.845517	-6.391639
Ddx27	-12.166834	-8.712955000000001
Vipr1	-16.37678	-12.922902
Coasy	-13.223123999999999	-9.769245
Klhl13	-12.527885000000001	-9.074007
Gm47879	-21.001753	-17.547876000000002
Tmem273	-21.001753	-17.547876000000002
Nrxn1	-18.603857	-15.14998
Srfbp1	-12.82846	-9.374581
2500002B13Rik	-17.069927	-13.616048999999999
Senp1	-12.599523	-9.145644
Dpp8	-12.028402	-8.574524
Gm11464	-17.01277	-13.558891000000001
Kntc1	-17.743656	-14.289779000000001
Gm29773	-18.436804000000002	-14.982926
Nab2	-12.870811	-9.416933
Gm44096	-19.055841	-15.601964
Fgr	-15.977873	-12.523994
Rfx1	-13.676604000000001	-10.222726
Xlr4b	-16.753258	-13.299379
Zfp428	-14.439309	-10.985431
9130019O22Rik	-14.699133999999999	-11.245255
Avil	-16.711294	-13.257416000000001
Fsbp	-17.240553	-13.7866745
Fzd3	-13.90918	-10.455300999999999
Rpgrip1	-13.763975	-10.310097
Zfyve19	-13.273337	-9.819459
Map3k12	-13.229842999999999	-9.775965
AI849053	-20.308605	-16.854729000000003
Nufip2	-11.468314999999999	-8.014437
Nol10	-13.829329000000001	-10.37545
B230303O12Rik	-16.367023	-12.913146000000001
Ovca2	-15.395951	-11.942072999999999
Fdft1	-12.419334	-8.965456
Cmtr1	-12.869341	-9.4154625
Rps6ka4	-14.688206	-11.234327
Senp3	-12.667762	-9.213883000000001
Gm15934	-18.603857	-15.14998
Ythdc1	-10.845602	-7.391724000000001
Mrpl38	-12.187274	-8.733396
Bcl2l12	-12.711210000000001	-9.257332
Amfr	-11.72142	-8.267542
Efna3	-16.310406	-12.856527
A630072M18Rik	-13.977104	-10.523226
Olfml1	-13.547032999999999	-10.093155
Herpud1	-10.910789999999999	-7.4569125
Txnl1	-10.954382	-7.500503999999999
Dgka	-13.340697	-9.886819000000001
Ing2	-12.179136	-8.725258
Acat3	-15.877789499999999	-12.423911
B130034C11Rik	-15.895807999999999	-12.441930000000001
Gm12500	-15.224101000000001	-11.770223
C2cd6	-21.001753	-17.547876000000002
E230034D01Rik	-19.903141	-16.449265
Slc1a6	-16.711294	-13.257416000000001
Tbx18	-11.357425	-7.9035470000000005
Eqtn	-17.782877	-14.3289995
Zfp12	-13.699931	-10.246053
Tead1	-11.336841	-7.882962700000001
Rab11fip2	-11.766525	-8.312647
Gm9989	-21.001753	-17.547876000000002
Uckl1os	-18.111382	-14.657504000000001
Ltb	-18.699167000000003	-15.245289999999999
Nlrc3	-16.081772	-12.627894
Timm44	-12.076698	-8.622819999999999
Jpt2	-14.09901	-10.645132
Ckmt1	-18.436804000000002	-14.982926
Tnfrsf12a	-10.185943	-6.7320647
Gpr137c	-14.118291000000001	-10.6644125
Tbccd1	-13.675946	-10.222068
Bnc1	-19.903141	-16.449265
Gm38832	-18.16854	-14.714661999999999
Gm20163	-17.823698	-14.369821
Kdm5c	-12.489371	-9.035492999999999
Dip2c	-11.448249	-7.994371000000001
Cttnbp2nl	-11.974495	-8.520617
Taok2	-12.519359	-9.06548
Thpo	-16.645044	-13.191166
Gm16093	-18.362696	-14.908818
Pbxip1	-9.090924000000001	-5.637047
Hexdc	-13.969129999999998	-10.515251
Uck2	-13.084217	-9.630339
Actg2	-9.818291	-6.364413
Gm15908	-18.922311999999998	-15.468434
Swi5	-10.043884	-6.5900064
Ssr1	-10.943700999999999	-7.4898229999999995
4930417H01Rik	-17.217564000000003	-13.763685
mt-Co3	-6.3353124	-2.8814349999999997
Adgrb3	-18.16854	-14.714661999999999
Cux2	-15.964801000000001	-12.510922
C1rl	-13.929332	-10.475453
Morc2a	-12.547713	-9.093835
Wdr36	-12.977546	-9.523667
Tpst1	-11.610509	-8.156630499999999
8430429K09Rik	-14.059597	-10.605719
Map3k20	-10.035194	-6.5813165
Mgmt	-13.13695	-9.683071
Ghrl	-18.699167000000003	-15.245289999999999
Ankrd2	-20.308605	-16.854729000000003
9130017K11Rik	-18.699167000000003	-15.245289999999999
Vipas39	-12.849555	-9.395677000000001
Ddt	-11.07289	-7.619012400000001
Sh3bp5l	-13.326672	-9.872793
Tmem265	-14.614873999999999	-11.1609955
Zfp985	-19.615458	-16.161580999999998
Smtn	-9.145422	-5.6915445
Racgap1	-15.708448	-12.25457
Nfu1	-11.593463999999999	-8.139585499999999
Muc16	-18.229164	-14.775286999999999
P4ha1	-11.2855	-7.8316216
Hsd11b2	-18.516845999999997	-15.062968
Gm38407	-20.308605	-16.854729000000003
Nedd4	-8.879551	-5.4256735
Nrip1	-11.265857	-7.811978999999999
Tmem60	-12.216367	-8.762488000000001
Cox5b	-9.714926	-6.261048000000001
Casp7	-14.079108999999999	-10.625231
Dpf1	-14.302253	-10.848374
Cnot3	-12.047984	-8.594106
Atp2b2	-16.632305	-13.178427
Gm26766	-19.392315	-15.938437
Zmynd11	-10.91991	-7.4660325
Ntn1	-11.280567	-7.826689200000001
Fcer1g	-16.427042	-12.973164
Dynlt3	-10.635917	-7.182039
Gnaz	-14.110126999999999	-10.656249
Zbtb16	-11.669725999999999	-8.215848
Nos1	-19.615458	-16.161580999999998
Cdk1	-15.744257999999999	-12.29038
Lyrm9	-13.69791	-10.244032
Sumf1	-12.5006895	-9.046811
Gpalpp1	-12.912578	-9.458699000000001
Kif3c	-13.219363000000001	-9.765485
Gm47450	-17.364166	-13.910289
Brap	-12.612166	-9.158288
G930009F23Rik	-17.151606	-13.697726999999999
Gm48161	-19.903141	-16.449265
Leo1	-12.856204	-9.402325999999999
Cfap74	-16.697687	-13.24381
Perp	-11.279009	-7.825131
Hoxc12	-18.699167000000003	-15.245289999999999
Gm44709	-19.209993	-15.756116
Slain1	-18.922311999999998	-15.468434
Ldb1	-12.031067	-8.5771885
Cwc27	-12.459087	-9.005208999999999
Pde6g	-18.293703	-14.839826
Ccno	-15.090957000000001	-11.637078
Hsd17b7	-13.691203	-10.237325
Hdac5	-11.479892999999999	-8.026014
Fam186b	-19.209993	-15.756116
Tube1	-16.301273000000002	-12.847395
Sdhaf4	-12.124092	-8.670214
M1ap	-18.293703	-14.839826
Stx1b	-14.801244	-11.347365
AU041133	-13.348733	-9.894855
Drc3	-16.03194	-12.578062
Trp53rkb	-14.145291	-10.691413
Rreb1	-13.023786	-9.569907
Zfp292	-11.289971000000001	-7.836093400000001
Smarcd3	-10.470991	-7.017113
Tbc1d12	-12.03527	-8.581391
Chordc1	-11.337157000000001	-7.883279300000001
Pdik1l	-13.27554	-9.821662
Rpn1	-10.878929	-7.425051
Cetn4	-13.095574000000001	-9.641696000000001
Twsg1	-10.231038999999999	-6.777161
Cyp11a1	-21.001753	-17.547876000000002
Mblac2	-13.432342000000002	-9.978463
Gabrb2	-20.308605	-16.854729000000003
Vars2	-14.291229999999999	-10.837352000000001
Gm16062	-14.985597	-11.531718
Cxcl14	-20.308605	-16.854729000000003
Lamb1	-16.338314	-12.884436
Mycbp	-12.185048	-8.73117
Fyb2	-20.308605	-16.854729000000003
Hibadh	-11.313441000000001	-7.859563400000001
Slc2a10	-13.299197	-9.845319
Nfatc2ip	-13.435442000000002	-9.981564
Supt16	-11.388484	-7.934606
Mrps18a	-11.562128	-8.10825
Nap1l3	-14.384351	-10.930472
Ift52	-13.031704	-9.577826
Tbx6	-16.607304	-13.153426000000001
Kctd20	-12.686187	-9.232308
Wdr48	-12.267515	-8.813637
Gm3294	-19.209993	-15.756116
Mmd	-11.856698	-8.40282
Tpbg	-15.542167999999998	-12.088289
Slc4a7	-11.408739	-7.954861
Epas1	-11.379502	-7.9256244
Git2	-12.208748	-8.754869
Zfp386	-12.829589	-9.3757105
Gm48357	-16.427042	-12.973164
8430436N08Rik	-19.615458	-16.161580999999998
Uckl1	-12.519772999999999	-9.065894
Spred3	-14.403244	-10.949366
Rpp38	-13.429251	-9.975372
Olfml2b	-10.956593	-7.502714599999999
E530011L22Rik	-14.572034	-11.118155499999999
Gm26672	-16.0745	-12.620622000000001
Obsl1	-12.935546	-9.4816675
Scml2	-15.854258999999999	-12.40038
Ogn	-8.459659	-5.0057807
Ezh2	-13.530389999999999	-10.076511
Pbx2	-12.691831	-9.237952
Akap13	-10.525678	-7.071799799999999
Gm48780	-18.436804000000002	-14.982926
Prelid3b	-12.437104	-8.983226
Myt1	-21.001753	-17.547876000000002
Elmod2	-13.182519000000001	-9.728641
Gm29771	-18.699167000000003	-15.245289999999999
Carmn	-10.974677	-7.520799
Ier5l	-11.652695	-8.198816
Igdcc3	-19.209993	-15.756116
Pex1	-13.753248999999999	-10.299371
2900026A02Rik	-10.71144	-7.257561999999999
4930563E18Rik	-19.392315	-15.938437
Adam1a	-15.392282000000002	-11.938403
Gm36569	-15.683632999999999	-12.229754
5430431A17Rik	-13.840907000000001	-10.387029
Snx16	-12.666801	-9.212923
Rps6ka6	-18.229164	-14.775286999999999
Mr1	-12.722817	-9.268939
B230369F24Rik	-14.347601000000001	-10.893723
S100a11	-8.902542	-5.448664
Zfp711	-16.924215	-13.470338
Gm29686	-13.637839000000001	-10.183961
Pcbd1	-15.444925	-11.991047
Pin4	-11.235289	-7.7814107
Trip12	-11.378112	-7.924233999999999
Rpl3	-8.508121000000001	-5.054243
BC046401	-19.209993	-15.756116
Flt1	-12.578211999999999	-9.124333
Timm10b	-10.641221	-7.187342999999999
Smim11	-10.632772000000001	-7.178894500000001
Gm15608	-17.95723	-14.503352
Zfp433	-15.678742999999999	-12.224865
Wtip	-10.048248	-6.5943704
4930597O21Rik	-16.827366	-13.373486999999999
Gm14549	-19.209993	-15.756116
Inpp5e	-13.710097	-10.256219
C130074G19Rik	-16.338314	-12.884436
Taf2	-12.612848	-9.15897
Zfp276	-13.926789999999999	-10.472911999999999
Mapkap1	-11.697741	-8.243862
Tubb2b	-15.865955	-12.412077
Phip	-11.071916	-7.6180377
Usp46	-12.131089999999999	-8.677211999999999
Tmod1	-12.707953	-9.254075
Myo1e	-11.511058	-8.057179
Phf23	-12.485560000000001	-9.031682
Gm973	-14.949664000000002	-11.495786
Rxrg	-17.95723	-14.503352
Gm15133	-17.782877	-14.3289995
Ccnb2	-16.274364000000002	-12.820487
Mrpl33	-9.93848	-6.4846025
Mars2	-13.986938	-10.53306
Ndufb5	-10.391561	-6.9376826000000005
Colgalt2	-19.392315	-15.938437
Igfbp5	-10.974412	-7.520534
Acat1	-10.952306	-7.498428
Hoxc9	-14.056703	-10.602824
Calhm4	-18.436804000000002	-14.982926
Ripply1	-21.001753	-17.547876000000002
Chst4	-21.001753	-17.547876000000002
Pde10a	-15.007791500000002	-11.553913
Cryba1	-18.922311999999998	-15.468434
Trim35	-12.127166	-8.673287
Arhgef6	-12.677660000000001	-9.223782
Srsf2	-10.657981	-7.204103
Cct2	-10.464922	-7.011044
Ubtd1	-13.350157999999999	-9.896279
Gfra1	-17.364166	-13.910289
Atp6v1fnb	-19.615458	-16.161580999999998
Gpr18	-19.055841	-15.601964
D930007P13Rik	-18.603857	-15.14998
Hist1h2af	-19.903141	-16.449265
Gm20939	-15.214856	-11.760978
Taf1	-11.838295	-8.384417
Gm14291	-18.057314	-14.603435999999999
Ppard	-12.874939999999999	-9.4210615
Mrpl10	-12.722564	-9.268685000000001
Gbe1	-12.771175999999999	-9.317298
Krit1	-11.136175	-7.682297
Pex3	-12.57536	-9.121482
Ecscr	-15.664214999999999	-12.210336999999999
Bcan	-18.922311999999998	-15.468434
Rasgrp3	-18.804527	-15.35065
Zfp759	-15.010289000000002	-11.556411
Rab23	-12.598625	-9.144747
Tm2d2	-11.2165985	-7.762720599999999
Tcf7l2	-10.881744	-7.4278664999999995
BC147527	-21.001753	-17.547876000000002
Uaca	-11.576947	-8.123069000000001
Sec24d	-11.119847	-7.665969400000001
Cdc25a	-13.116048000000001	-9.662169
Mfsd4b1	-15.480292000000002	-12.026414
Gm26982	-14.719485999999998	-11.265608
Gm49871	-17.288180999999998	-13.834303
Mief2	-14.048069	-10.594191
Edn2	-17.418233999999998	-13.964356
Asah2	-13.145822	-9.691942999999998
Cbx8	-14.361877	-10.907999
Nectin3	-12.680332	-9.226453999999999
Dbnl	-11.884953999999999	-8.431076
Cenpb	-10.305568	-6.85169
Sh3glb1	-10.257344999999999	-6.803467299999999
Prss53	-15.626475	-12.172597
Erg	-11.913015	-8.459137
Asl	-12.633524000000001	-9.179646
4933425D22Rik	-18.436804000000002	-14.982926
Dmxl2	-13.112669	-9.658791
Plbd1	-21.001753	-17.547876000000002
Abraxas1	-13.90918	-10.455300999999999
Zfyve26	-13.619629000000002	-10.1657505
Raly	-10.683973	-7.2300954
Cbwd1	-13.0959425	-9.642064
Reep3	-10.510591	-7.056712599999999
9530034E10Rik	-17.264084	-13.810204999999998
Zfp523	-12.933663000000001	-9.479785000000001
Gm1123	-19.209993	-15.756116
Cisd1	-10.935764	-7.4818864000000005
Olig1	-19.392315	-15.938437
Gm39307	-17.95723	-14.503352
Mbd1	-12.939635	-9.485757000000001
Olfr1392	-20.308605	-16.854729000000003
Cdip1	-12.487565	-9.033686999999999
Serinc3	-9.991883	-6.5380054
Garem1	-12.923065	-9.469187
Sec14l1	-12.495216000000001	-9.041338
Lzts2	-11.3225975	-7.8687195999999995
4933421D24Rik	-21.001753	-17.547876000000002
Asb5	-13.438034	-9.984156
Ppic	-11.041649000000001	-7.587771000000001
Gm50373	-19.392315	-15.938437
Grn	-10.706731	-7.252853
Gm11715	-18.699167000000003	-15.245289999999999
Zfyve27	-13.241713	-9.787834
Gm48193	-18.804527	-15.35065
Tnni3k	-15.331872	-11.877994000000001
Mtmr2	-12.809736000000001	-9.355858
Ten1	-12.306078999999999	-8.8522005
Hotair	-18.00602	-14.552142000000002
Meig1	-19.392315	-15.938437
6430628N08Rik	-20.308605	-16.854729000000003
Adsl	-12.587036	-9.133158
Ndufb11	-9.830248	-6.37637
Npepl1	-11.721141000000001	-8.267261999999999
Gm16185	-17.600555	-14.146678
Patj	-14.988038000000001	-11.53416
Plce1	-12.499877	-9.045999
Psmb8	-14.92182	-11.467941
Acmsd	-21.001753	-17.547876000000002
Gm27241	-19.055841	-15.601964
Bcl2a1b	-19.209993	-15.756116
Gm42788	-19.392315	-15.938437
Cyb5r2	-18.293703	-14.839826
Tcaf2	-15.158209	-11.70433
Hivep1	-11.651477	-8.197598
Ttll7	-10.850311999999999	-7.396434299999999
Efhc2	-14.002331	-10.548452000000001
Atp5md	-9.735278	-6.2814
Bmp15	-19.209993	-15.756116
Ryr2	-11.647399	-8.193521
Ptprg	-12.859399	-9.40552
Gm45237	-18.229164	-14.775286999999999
Gm28320	-16.9764	-13.522523000000001
Tle3	-12.593483	-9.139605
Rgs17	-12.700728	-9.24685
Cilp	-17.217564000000003	-13.763685
Lgals1	-7.783962700000001	-4.3300852999999995
Sh2d2a	-21.001753	-17.547876000000002
Mapkapk3	-15.121220999999998	-11.667342
Ash1l	-10.366692	-6.9128137
Gm41192	-20.308605	-16.854729000000003
Kif7	-14.540285	-11.086407000000001
Wdr46	-13.080217	-9.626339
Atp13a3	-11.379567999999999	-7.9256899999999995
Tgfbr2	-11.426423	-7.972544999999999
Cfh	-10.562299000000001	-7.108421000000001
Topors	-11.681214	-8.227336
Batf3	-17.536016	-14.082139000000002
Cst6	-15.939157999999999	-12.48528
Tlr13	-20.308605	-16.854729000000003
1700123O20Rik	-12.0445	-8.590622
Vmn2r76	-19.392315	-15.938437
Platr31	-19.392315	-15.938437
Uggt2	-12.969393	-9.515514
Hdlbp	-10.101815	-6.647937299999999
Gm14493	-18.804527	-15.35065
Ankrd13b	-13.892692000000002	-10.438813
Ubtf	-11.29977	-7.8458924
Cog5	-12.555627000000001	-9.101747999999999
Gm14320	-17.91071	-14.456832
Lsm11	-13.477732000000001	-10.023852999999999
Npas2	-13.441673000000002	-9.987795
Cntrob	-14.526320000000002	-11.072442
Hist1h2bj	-17.823698	-14.369821
Gm47015	-19.392315	-15.938437
Gm36367	-21.001753	-17.547876000000002
Sema3e	-14.672032000000002	-11.218154
Phactr3	-13.920045000000002	-10.4661665
Maob	-12.284235	-8.830357000000001
Rasal3	-21.001753	-17.547876000000002
Fah	-13.202820000000001	-9.748941
Gm45847	-17.050507999999997	-13.596631
Slc28a3	-19.615458	-16.161580999999998
Skida1	-15.626475	-12.172597
4931414P19Rik	-15.015301999999998	-11.561423
CAAA01147332.1	-12.296091	-8.842213000000001
Cops3	-11.710663	-8.256784
Tcta	-12.103798	-8.649919500000001
1300014J16Rik	-18.362696	-14.908818
4833413G10Rik	-14.849020999999999	-11.395143
Vps8	-12.953605	-9.499725999999999
Apobec1	-14.589935	-11.136057000000001
Faf2	-11.848513	-8.394634
Myl7	-19.615458	-16.161580999999998
Pdpn	-15.708448	-12.25457
Rhbdd3	-13.93273	-10.478850999999999
Themis	-21.001753	-17.547876000000002
Isoc2b	-12.809183	-9.355305
Arhgef9	-12.819194	-9.365314999999999
Gm28501	-20.308605	-16.854729000000003
Aloxe3	-18.436804000000002	-14.982926
Sft2d1	-13.359229000000001	-9.905351
Hrh2	-19.055841	-15.601964
Gm49802	-19.615458	-16.161580999999998
Lhx3	-21.001753	-17.547876000000002
Hnrnpll	-12.400587	-8.946709
Gdnf	-20.308605	-16.854729000000003
Slc35d3	-18.16854	-14.714661999999999
Myo10	-12.825361000000001	-9.371483
Gm4631	-14.475259	-11.02138
Fgf10	-19.055841	-15.601964
Foxn2	-12.468097	-9.014218
Polq	-17.505245000000002	-14.051368
Sgsm2	-13.7073765	-10.253498
Steap4	-16.547404999999998	-13.093528
Plpp4	-19.055841	-15.601964
Ttc41	-16.396584	-12.942705
Suz12	-11.66434	-8.210462
Phf8	-12.908291	-9.454412
Gbp7	-13.599912	-10.146033000000001
Tub	-12.214533	-8.760653999999999
Zscan26	-12.123395	-8.669516999999999
Ccdc85c	-15.414504999999998	-11.960627
Lgi2	-15.895807999999999	-12.441930000000001
A3galt2	-17.109932	-13.656054500000002
Gm26688	-18.603857	-15.14998
Hat1	-12.678631	-9.224752
C78859	-17.312874	-13.858995000000002
Bloc1s5	-13.100006	-9.646128
Nol7	-10.358331	-6.904453
AA388235	-19.209993	-15.756116
Acadm	-10.670159	-7.2162814
Glrb	-17.195091	-13.741213
2900060B14Rik	-14.163348000000001	-10.70947
Josd2	-11.031028	-7.57715
Gm7480	-21.001753	-17.547876000000002
Podnl1	-21.001753	-17.547876000000002
Kcna4	-19.055841	-15.601964
Olfr1284	-20.308605	-16.854729000000003
Gprin3	-17.364166	-13.910289
Stat6	-12.16567	-8.711791999999999
St8sia2	-17.446405	-13.992526999999999
Plcl2	-18.603857	-15.14998
Rgs3	-11.786028	-8.3321495
Zfp74	-12.816403	-9.362525
Gnai2	-9.335772	-5.881894
Gpx7	-11.871756	-8.417877
Padi4	-18.362696	-14.908818
Nudc	-10.708150999999999	-7.2542729999999995
Cfp	-15.249181	-11.795302000000001
Nsg2	-19.209993	-15.756116
Gm41764	-14.637003	-11.183125
Gm37422	-17.446405	-13.992526999999999
Kif20b	-15.284725	-11.830847
Tmem147os	-14.608163000000001	-11.1542845
Ndufa3	-10.313862	-6.859984
Sp110	-13.503991000000001	-10.050113
Shc1	-12.038592999999999	-8.584715
Cdh9	-19.209993	-15.756116
Notch3	-12.296256	-8.842378
Cd93	-15.224101000000001	-11.770223
Cct4	-10.688941	-7.235063
E2f6	-12.839522	-9.385644000000001
Mad1l1	-13.687866	-10.233988
Ddah2	-11.24306	-7.789182
Kat5	-12.648727000000001	-9.194849000000001
Arfgap1	-12.556486	-9.102608
1700001L19Rik	-17.173111	-13.7192335
Txnl4a	-11.898108	-8.444229
Gm37494	-12.584823	-9.130944
Hist1h2bf	-19.055841	-15.601964
Tnrc6c	-10.707305	-7.253427
Neurl1b	-16.283255	-12.829376
Wdr55	-13.853407999999998	-10.399529
Gm47071	-19.209993	-15.756116
Fstl3	-10.820975	-7.3670974000000005
Gm47271	-19.903141	-16.449265
Olfr73	-20.308605	-16.854729000000003
Sun1	-12.076299	-8.62242
Gm17399	-18.804527	-15.35065
Platr32	-19.392315	-15.938437
Disc1	-18.229164	-14.775286999999999
Gm26981	-16.03194	-12.578062
Gulo	-20.308605	-16.854729000000003
Cbr2	-9.703495	-6.249617
Brd4	-11.262551	-7.8086734
Gm42901	-16.890879	-13.437001
Cdh19	-17.782877	-14.3289995
Cmtr2	-14.661394	-11.207516
Tuba1c	-12.113273	-8.659394
Gm14308	-17.031462	-13.577582999999999
Gm32296	-21.001753	-17.547876000000002
Adam28	-18.436804000000002	-14.982926
Sgtb	-14.351474	-10.897594999999999
Gm15243	-18.516845999999997	-15.062968
Ccdc192	-21.001753	-17.547876000000002
Gm15408	-16.941309	-13.487432
Gm44091	-16.134218	-12.680341
Tspan6	-12.687411	-9.233533
Rpl12	-8.5226345	-5.068757
Rora	-10.850976	-7.397098
Fam177a	-12.499877	-9.045999
Foxp1	-9.909173	-6.455295
Bcl2a1a	-21.001753	-17.547876000000002
Adgra1	-17.109932	-13.656054500000002
Galnt6	-14.048069	-10.594191
Aif1l	-17.418233999999998	-13.964356
Wdr5	-13.440632	-9.986753
Bend4	-14.206048000000001	-10.75217
Rragd	-15.425804000000001	-11.971926
Mfsd4b4	-14.704644	-11.250766
Inhbb	-14.4694195	-11.015541
Tspan11	-15.608126	-12.154247
Ybx3	-10.455491	-7.001613000000001
Trim5	-14.609836999999999	-11.155958
Cacng4	-15.908002999999999	-12.454124
Bud23	-12.223272999999999	-8.769395
Gm17753	-18.16854	-14.714661999999999
Ptx3	-15.908002999999999	-12.454124
Lcor	-12.5475	-9.093621
Hist1h2br	-16.595034	-13.141156
Gm45163	-17.130551999999998	-13.676673999999998
2210408I21Rik	-13.412923999999999	-9.959045
Sox11	-18.516845999999997	-15.062968
Srsf6	-11.322973	-7.8690953
Gm17090	-21.001753	-17.547876000000002
Trpm7	-11.157273	-7.7033954
Cd200	-9.141656	-5.687778
Tmx1	-11.630911	-8.177032
Pus1	-13.769020000000001	-10.315142
Prelid1	-10.802578	-7.3487
Gsr	-12.178105	-8.724227
Crip1	-7.929191	-4.4753137
Spata7	-13.212713	-9.758835000000001
Samd4	-9.716355	-6.262478
Gm30146	-18.057314	-14.603435999999999
Emp1	-13.612807	-10.158928999999999
Aldoa	-9.4535475	-5.9996696
4931406P16Rik	-11.887373	-8.433494999999999
Gm36236	-18.16854	-14.714661999999999
Alkal2	-16.427042	-12.973164
Gm30124	-16.697687	-13.24381
A330023F24Rik	-13.217695999999998	-9.763817999999999
Rab11fip1	-17.240553	-13.7866745
Cpsf7	-12.171503	-8.717625
Laptm4b	-11.871756	-8.417877
Gm43050	-18.516845999999997	-15.062968
E130006D01Rik	-13.688532999999998	-10.234653999999999
Gm3892	-16.157566	-12.703688
Ascl2	-19.055841	-15.601964
Net1	-10.140641	-6.6867633
Gm20721	-14.196031	-10.742152
Slc44a2	-11.322473	-7.8685946
Fpgt	-13.3276005	-9.873722
E130311K13Rik	-13.532669	-10.078791
Gm15503	-17.475391000000002	-14.021514000000002
Tmem268	-15.422023999999999	-11.968145
Gm19500	-18.16854	-14.714661999999999
Cacng8	-19.903141	-16.449265
B2m	-10.00398	-6.550101799999999
Cebpb	-10.944344000000001	-7.4904656
C230038L03Rik	-18.436804000000002	-14.982926
Rfxap	-12.368022	-8.914144
Senp5	-12.2563095	-8.802431
Mrpl57	-11.245838000000001	-7.7919602
Mynn	-12.765333	-9.311455
Gm38033	-18.362696	-14.908818
Wfdc17	-17.195091	-13.741213
Kdm5a	-11.594613	-8.140735000000001
Amotl1	-11.332912	-7.8790345
Zfp609	-12.808907000000001	-9.355027999999999
Uba1	-11.199911	-7.746033000000001
Calca	-19.903141	-16.449265
Acta1	-15.708448	-12.25457
Gm20463	-18.229164	-14.775286999999999
Adat2	-14.071259	-10.61738
Arl6ip1	-11.238389999999999	-7.784511999999999
Gm16023	-15.30131	-11.847431
Gm28959	-17.109932	-13.656054500000002
Tafa1	-12.473422	-9.019544
Rsu1	-9.986342	-6.5324645
Igsf9b	-11.6949215	-8.241043
Rps17	-8.864222	-5.410344
Acap3	-13.612807	-10.158928999999999
Shkbp1	-13.623995	-10.170116
Gemin6	-13.539538	-10.08566
Aktip	-11.560222	-8.106342999999999
Lacc1	-17.288180999999998	-13.834303
Gm28651	-17.446405	-13.992526999999999
4930503L19Rik	-13.2118845	-9.758006
Nxpe4	-15.381352	-11.927474
Znrf3	-13.314214999999999	-9.860336
Ccdc22	-13.105573	-9.651694
Cox20	-11.0672035	-7.6133256
1700018L02Rik	-16.103912	-12.650035
Twistnb	-11.721233999999999	-8.267356
Rnmt	-12.516463	-9.062585
Ier3ip1	-10.700832	-7.246954400000001
Cyyr1	-18.293703	-14.839826
E130310I04Rik	-15.342270999999998	-11.888392
Exosc7	-12.053038	-8.599159
Aimp1	-10.690304	-7.236426
Rasl11a	-11.266152	-7.812274499999999
Cox19	-12.010565	-8.556686000000001
Slc4a2	-12.343581	-8.889702999999999
Prkar1a	-10.0381	-6.5842222999999995
Fam126a	-12.572517	-9.118639
Slc17a5	-12.890725	-9.436847
Bax	-10.992061	-7.5381827
Gm16567	-21.001753	-17.547876000000002
Gm49587	-19.055841	-15.601964
9430038I01Rik	-13.497361999999999	-10.043484
Gm43445	-14.5915785	-11.1377
Gm29683	-18.293703	-14.839826
Cdyl2	-14.213907999999998	-10.76003
Atp6v0a2	-12.221119999999999	-8.767241499999999
1110002O04Rik	-18.111382	-14.657504000000001
Pcdhgb5	-14.830051999999998	-11.376174
Gm32834	-19.615458	-16.161580999999998
Wdr78	-14.775217000000001	-11.321339
Gtf2e2	-12.020449000000001	-8.56657
9330154J02Rik	-18.057314	-14.603435999999999
Klc4	-13.161833999999999	-9.707955
Gm29681	-18.603857	-15.14998
Fbxl21	-15.964801000000001	-12.510922
D430020J02Rik	-15.760006	-12.306128
Jag1	-12.308928	-8.855049000000001
Crem	-12.730717	-9.276838
Gm26744	-18.699167000000003	-15.245289999999999
Tjp2	-12.410566000000001	-8.956688
Fhdc1	-16.165470000000003	-12.711592999999999
Gm36756	-20.308605	-16.854729000000003
Prmt6	-14.016110999999999	-10.562233
Kcnn1	-15.211793	-11.757914999999999
Pou4f1	-19.209993	-15.756116
Gm16283	-15.854258999999999	-12.40038
Pkhd1l1	-18.057314	-14.603435999999999
Snx25	-13.905032	-10.451153999999999
1700018B08Rik	-21.001753	-17.547876000000002
Rnf141	-12.694047	-9.240169
Park7	-9.85007	-6.396192
Osr2	-16.01132	-12.557443
Gucy1a1	-9.855495	-6.4016175
Gm47808	-21.001753	-17.547876000000002
Gal3st1	-17.312874	-13.858995000000002
Gm44738	-21.001753	-17.547876000000002
Srgap3	-13.104828999999999	-9.65095
Foxk2	-12.58416	-9.130281
Mbnl1	-8.826032000000001	-5.3721538
Samd14	-13.995964	-10.542086
Olfr411	-20.308605	-16.854729000000003
Ccl12	-17.782877	-14.3289995
Ptrh2	-12.965179	-9.511301
Vangl2	-15.504585	-12.050707000000001
Dvl3	-12.233957	-8.780078999999999
Leng1	-12.247909	-8.794030000000001
Nfatc4	-13.353013	-9.899135000000001
Col7a1	-16.725085999999997	-13.271208999999999
Zfp646	-12.674511	-9.220633
Dchs2	-16.089098	-12.635221000000001
Tm9sf3	-10.062913	-6.609035
Mettl22	-13.630264000000002	-10.176386
Top2b	-10.629075	-7.175197
Nxpe5	-21.001753	-17.547876000000002
2810468N07Rik	-14.663159	-11.209280999999999
Zfp82	-15.135285000000001	-11.681407
Ankrd61	-17.475391000000002	-14.021514000000002
Kif4	-16.582912	-13.129033999999999
Kmt2a	-10.777994999999999	-7.324117
Gm49774	-15.268413	-11.814534
Ubn1	-11.460815	-8.006936999999999
Fam50a	-11.598892999999999	-8.145014999999999
Zmiz1os1	-16.924215	-13.470338
Bambi	-11.238966	-7.785088000000001
Mboat1	-14.803273999999998	-11.349396
Tasor2	-12.412984	-8.9591055
Orai1	-12.704958	-9.25108
Gm50241	-18.922311999999998	-15.468434
Ap1m1	-12.244756	-8.790877
Pigo	-14.817604000000001	-11.363726
Xbp1	-11.177038	-7.7231603
Crlf3	-13.012193	-9.558314
Cidea	-11.993528999999999	-8.539651
Gm15471	-20.308605	-16.854729000000003
Utp23	-13.046329	-9.59245
Plpp7	-13.349207999999999	-9.895328999999998
Itga1	-10.094714999999999	-6.640836999999999
Yipf4	-10.788541	-7.334663000000001
1700025G04Rik	-12.904632000000001	-9.450753
Gm29737	-19.615458	-16.161580999999998
Gm17196	-18.804527	-15.35065
Psma8	-17.364166	-13.910289
Ccnb1	-16.03194	-12.578062
Gm12992	-15.158209	-11.70433
Gm14168	-16.089098	-12.635221000000001
Gm20045	-14.463613500000001	-11.009735000000001
Mfsd2b	-16.096478	-12.6426
Gm47766	-16.396584	-12.942705
Gm47283	-11.371782000000001	-7.917904400000001
Psma7	-9.990925	-6.537047
Ctsb	-9.5531845	-6.099307
Rpp14	-12.698992	-9.245113
Myo9b	-11.636206	-8.182327
Smpd5	-16.231068	-12.77719
Epc1	-11.779089	-8.325211
Abcc4	-16.205963	-12.752085000000001
Celsr3	-19.209993	-15.756116
Dnajc19	-11.077532000000001	-7.623653999999999
Prg2	-19.903141	-16.449265
2210010C04Rik	-16.406633	-12.952755
Smpdl3a	-10.941604	-7.4877256999999995
Cirbp	-11.268046	-7.8141685
Slc19a3	-17.031462	-13.577582999999999
Gm12498	-18.362696	-14.908818
Ephb2	-15.693485	-12.239607000000001
Adamts17	-16.416786	-12.962908
Zfp36l2	-10.852969	-7.3990912
Gm36363	-20.308605	-16.854729000000003
Zbtb25	-13.924254999999999	-10.470377000000001
Ywhag	-11.486358000000001	-8.032478999999999
Xxylt1	-12.77331	-9.319431
Tgm5	-19.392315	-15.938437
Gm33148	-19.903141	-16.449265
Gm47289	-20.308605	-16.854729000000003
Pla1a	-17.536016	-14.082139000000002
A730035I17Rik	-21.001753	-17.547876000000002
Tnfrsf11b	-12.674269	-9.22039
Tnfrsf23	-14.578505999999999	-11.124628
Gm29170	-15.836967000000001	-12.383089
Gm4107	-20.308605	-16.854729000000003
Enpp1	-12.19848	-8.744601
Alas1	-12.425537	-8.971658999999999
Mthfd1l	-14.154810000000001	-10.700932
Usp42	-12.438058	-8.9841795
Gm10814	-17.050507999999997	-13.596631
H3f3b	-8.895672	-5.4417944
Plxna4os2	-19.392315	-15.938437
Slc30a7	-12.908902000000001	-9.455024
Gpr152	-17.866259	-14.412381
Clec4b1	-20.308605	-16.854729000000003
Gm50375	-16.907408	-13.453529999999999
Cep135	-13.632153	-10.178274
Zfp951	-14.781163000000001	-11.327285
Lrfn3	-13.725197	-10.271317999999999
Ift43	-10.540308999999999	-7.086431
Tmem107	-12.859399	-9.40552
Nipal2	-12.6837435	-9.229865
A530032D15Rik	-18.699167000000003	-15.245289999999999
Ccdc30	-15.728754	-12.274875999999999
Aknad1	-13.083853	-9.629974
Alkbh4	-14.4885235	-11.034645
Cask	-12.267838000000001	-8.813958999999999
Clcn7	-13.050547	-9.596668
Abhd11	-12.714728	-9.26085
Mgat4a	-11.142323	-7.6884445999999995
Otulin	-12.072848	-8.61897
2310043M15Rik	-18.922311999999998	-15.468434
Ptcd2	-12.933977	-9.480099000000001
A930003A15Rik	-18.804527	-15.35065
Olfr1034	-12.528721	-9.074842
4930588J15Rik	-17.418233999999998	-13.964356
Glyr1	-11.865813000000001	-8.411935
Nvl	-12.40298	-8.949100999999999
Apc	-11.467664	-8.013785
Ism1	-15.521114	-12.067236
Urod	-12.006092	-8.552214
Hist2h2be	-13.910844	-10.456965
Oit3	-17.669548000000002	-14.215670999999999
Gm3558	-19.903141	-16.449265
Gm49768	-15.640460999999998	-12.186583
Gm17333	-19.903141	-16.449265
Spatc1l	-19.903141	-16.449265
Zfp605	-13.756812	-10.302934
Parvaos	-18.057314	-14.603435999999999
Tpp1	-11.038583000000001	-7.5847050000000005
Naa50	-10.837710000000001	-7.3838325
Tbx20	-13.65381	-10.199931
Kcnk3	-14.369751999999998	-10.915874
Gm28229	-15.831269	-12.377391000000001
Stk3	-12.134326	-8.680448
Bahd1	-13.845576000000001	-10.391698
Snx9	-11.375403	-7.9215255
Sgk3	-12.945327	-9.491448
Sec23ip	-12.412426	-8.958548
2310022A10Rik	-12.940582000000001	-9.486704
Anapc11	-10.598431	-7.1445527
Mir22hg	-11.104586	-7.650707700000001
Gmnc	-15.399633999999999	-11.945756
Prpf40a	-11.141435000000001	-7.687556699999999
Chrm2	-18.057314	-14.603435999999999
Nhlrc1	-14.199359	-10.745481
Igf2bp1	-21.001753	-17.547876000000002
Exoc3l	-18.603857	-15.14998
Pnisr	-10.645853	-7.191975
Dapp1	-13.19465	-9.740771
Zscan20	-14.944969	-11.491091
Mirt1	-21.001753	-17.547876000000002
Osr1	-10.291031	-6.837153
Tex52	-18.922311999999998	-15.468434
Hbs1l	-12.398933	-8.945055
Tyro3	-14.208287	-10.754408999999999
Gramd1a	-12.761368	-9.307489
Mylk4	-9.420169999999999	-5.966292
Taf6	-12.752962	-9.299083999999999
Atp6v1c1	-11.941305999999999	-8.487428
Syf2	-10.771735000000001	-7.3178573
Prr18	-17.536016	-14.082139000000002
Rxfp3	-21.001753	-17.547876000000002
Zfp983	-13.761104000000001	-10.307225
Swsap1	-14.675604000000002	-11.221725
Pi4k2b	-13.367416	-9.913538
D130017N08Rik	-14.691835000000001	-11.237957000000002
Chic1	-12.926793	-9.472914999999999
Tnpo2	-12.91565	-9.461772
Gm47163	-16.890879	-13.437001
Hamp2	-19.903141	-16.449265
Atl2	-12.504967	-9.051088
Cdkn2b	-13.730744	-10.276866
Trim37	-12.895843	-9.441964
Ccdc39	-14.082069	-10.628191000000001
Nt5c2	-12.133761999999999	-8.679884
Tmem185b	-13.363073000000002	-9.909195
Acsl3	-12.945008999999999	-9.491131
Fastkd5	-14.564001999999999	-11.110124
Il27	-17.823698	-14.369821
Nectin2	-13.646111999999999	-10.192234
Gm43913	-19.392315	-15.938437
Retn	-19.903141	-16.449265
Slc40a1	-15.683632999999999	-12.229754
Arl4d	-13.276864999999999	-9.822987
Rab9	-11.656882000000001	-8.203004
Ano4	-16.396584	-12.942705
Pcdhga7	-14.742172	-11.288294
1700108F19Rik	-17.312874	-13.858995000000002
Abca13	-21.001753	-17.547876000000002
Atxn2l	-12.00127	-8.547392
Mtnr1a	-19.903141	-16.449265
Dgkd	-12.482363000000001	-9.028483999999999
Brox	-12.586592999999999	-9.132714
Gm44700	-15.239702	-11.785824
Pde8b	-17.390835	-13.936957000000001
Pon2	-11.348844999999999	-7.8949666
Nova2	-17.866259	-14.412381
Ap3b1	-11.939565	-8.485686
Mgrn1	-12.009319999999999	-8.555442
Rfc2	-12.664644000000001	-9.210766
Arfgef3	-16.310406	-12.856527
Zdhhc3	-12.400953999999999	-8.947076
Timm9	-12.444186	-8.990308
Lactb	-12.891927	-9.438048
Zfp280d	-12.003739999999999	-8.549862
Gm14705	-17.364166	-13.910289
Nt5c3	-12.854175999999999	-9.400297
Arvcf	-13.673973000000002	-10.220095
Gm16096	-17.418233999999998	-13.964356
Traf2	-13.147372	-9.693494
Catspere2	-16.416786	-12.962908
Foxp2	-10.791185	-7.3373075
Ankmy2	-12.185493	-8.731615
Ccnd3	-11.293004	-7.839125999999999
Gm30928	-20.308605	-16.854729000000003
Xrn1	-11.702304	-8.2484255
Btbd10	-12.177075	-8.723197
Gm13631	-21.001753	-17.547876000000002
Ren1	-20.308605	-16.854729000000003
Prpf31	-12.160305000000001	-8.706427
Sct	-20.308605	-16.854729000000003
Nsd3	-11.428369	-7.9744906
Mex3a	-14.990485999999999	-11.536608
Rock1	-8.241974	-4.788096
Nisch	-10.776472	-7.3225940000000005
Nt5c1a	-18.111382	-14.657504000000001
Ska3	-17.312874	-13.858995000000002
Grin3a	-16.739073	-13.285195000000002
Gm30329	-21.001753	-17.547876000000002
Cuedc1	-11.311336	-7.8574576
Itpa	-12.498456	-9.044578
Angpt1	-15.161112	-11.707233
Neo1	-11.034447	-7.580569000000001
Gm45733	-18.111382	-14.657504000000001
Kdm1a	-11.450877	-7.996999300000001
Atoh8	-12.257903	-8.804025
4930443O20Rik	-19.903141	-16.449265
Gm20732	-16.406633	-12.952755
Rras	-9.198750500000001	-5.744873
C130040N14Rik	-19.903141	-16.449265
Il15	-15.512815	-12.058937
Rnf24	-12.34254	-8.888661
Ankle1	-16.858618	-13.404739999999999
Msl2	-12.170334	-8.716455
Ddb2	-14.108097	-10.654219
Flnc	-11.24549	-7.791612
Yjefn3	-14.544984	-11.091105
Vps41	-12.050832000000002	-8.596953
Gas1	-11.720116	-8.266237
Myoc	-17.669548000000002	-14.215670999999999
Vps18	-13.555751999999998	-10.101873
Sik1	-13.636573	-10.182694
Zscan18	-15.708448	-12.25457
Rpap3	-12.61035	-9.156471
Asb14	-19.903141	-16.449265
0610010F05Rik	-12.710958999999999	-9.257081
Slc25a45	-16.328924	-12.875046000000001
9330111N05Rik	-18.516845999999997	-15.062968
Ugt1a7c	-21.001753	-17.547876000000002
Gm31597	-19.055841	-15.601964
Stk4	-12.447842999999999	-8.993964
Efcab12	-17.600555	-14.146678
Gm40761	-21.001753	-17.547876000000002
Gm19345	-19.055841	-15.601964
Nap1l5	-14.063469	-10.609591
Megf6	-18.362696	-14.908818
Zfand2a	-13.425142999999998	-9.971264999999999
Mycbp2	-10.748242999999999	-7.294365400000001
Scarf2	-11.664781	-8.210902
C030014I23Rik	-13.703985000000001	-10.250107
Usp48	-12.173992	-8.720114
Wnt9b	-21.001753	-17.547876000000002
Adora3	-20.308605	-16.854729000000003
Tnfaip6	-13.541263	-10.087384
Ptprf	-12.888027000000001	-9.434149
Rcbtb1	-13.007458999999999	-9.55358
Epn2	-11.086139999999999	-7.6322618
Cdk20	-14.892506	-11.438627
Nbas	-12.6879015	-9.234022999999999
Phospho1	-17.01277	-13.558891000000001
Rpusd3	-14.128589999999999	-10.674711
Gm16741	-18.922311999999998	-15.468434
Pjvk	-18.922311999999998	-15.468434
9330104G04Rik	-14.966272	-11.512394
Hspb11	-12.027009	-8.573131
Mrnip	-15.124018	-11.670139
Fam71d	-18.922311999999998	-15.468434
Sh2d1a	-21.001753	-17.547876000000002
Ppp1r3g	-20.308605	-16.854729000000003
Rbks	-15.645167	-12.191289
1700052K11Rik	-13.511783	-10.057903999999999
1700036G14Rik	-17.446405	-13.992526999999999
Prr33	-19.615458	-16.161580999999998
Rapgef2	-12.21255	-8.758672
Dctn5	-12.669685000000001	-9.215807
Adi1	-13.220198000000002	-9.766319000000001
Cyp51	-12.022085	-8.568207000000001
Gas8	-12.872873	-9.418994999999999
Platr10	-18.293703	-14.839826
Larp4	-11.403364999999999	-7.9494869999999995
Erich4	-19.903141	-16.449265
Gm14221	-20.308605	-16.854729000000003
4933424G06Rik	-17.705915	-14.252038
Adh1	-17.240553	-13.7866745
Ppp2ca	-10.612604	-7.158726
Irak3	-14.686395999999998	-11.232517
Gm47428	-18.00602	-14.552142000000002
Olfr329-ps	-15.085551	-11.631673
Zfp334	-13.637205999999999	-10.183328
Gm34829	-15.889766	-12.435887
Lpcat4	-14.276720000000001	-10.822842
Il17c	-20.308605	-16.854729000000003
Gm31814	-18.436804000000002	-14.982926
Lyn	-15.8837595	-12.429881
Ddx42	-11.450521	-7.996643499999999
Gdf5	-18.922311999999998	-15.468434
Bend7	-13.701956	-10.248077
Elovl5	-12.744886	-9.291008
Jam2	-14.06833	-10.614450999999999
Mid1ip1	-11.875012	-8.421134
Trmt10b	-12.842665	-9.388786
Nphs1	-16.357363	-12.903483999999999
Kcnj10	-20.308605	-16.854729000000003
Susd3	-19.903141	-16.449265
Psmg3	-12.32807	-8.874191
Defb47	-21.001753	-17.547876000000002
Ap4s1	-11.508417	-8.054539
Ank3	-15.246011	-11.792132
Lncbate10	-21.001753	-17.547876000000002
Uvssa	-12.666561999999999	-9.212684
Mamdc2	-13.409892000000001	-9.956014
Dtd1	-12.066377000000001	-8.612498
Mctp2	-20.308605	-16.854729000000003
Hoxb1	-19.209993	-15.756116
Gm49937	-19.055841	-15.601964
Paqr7	-14.104049	-10.65017
Fam107a	-14.201583	-10.7477045
Nfx1	-11.909858999999999	-8.45598
Frrs1	-13.876470999999999	-10.422592
Stk16	-11.512569000000001	-8.058691
Slc1a4	-13.161439999999999	-9.7075615
Slc2a6	-19.392315	-15.938437
Lonrf1	-12.567072999999999	-9.113194
Gna13	-12.002998	-8.54912
Fnbp1	-11.93413	-8.480250999999999
Atg13	-12.749046	-9.295167999999999
Gm13283	-19.615458	-16.161580999999998
P2rx2	-21.001753	-17.547876000000002
Il6ra	-15.388625	-11.934747
Kcnh6	-20.308605	-16.854729000000003
Lbr	-12.410195	-8.956317
Pla2g12a	-12.296091	-8.842213000000001
Slc11a1	-14.556033	-11.102155
Plaat1	-13.441673000000002	-9.987795
Nsmce3	-12.134044	-8.680164999999999
Wls	-10.465479	-7.011601
Aste1	-14.085038	-10.631160000000001
Gm50315	-17.669548000000002	-14.215670999999999
Tha1	-14.717619000000001	-11.263741
Tmed9	-10.260261	-6.8063827
Col1a1	-9.043513	-5.5896360000000005
Mtfp1	-15.359846	-11.905968
Gng10	-11.096917	-7.643039
Inpp5d	-18.699167000000003	-15.245289999999999
Habp4	-12.240203	-8.7863245
Tas2r126	-19.903141	-16.449265
Gm9918	-19.903141	-16.449265
Cutc	-13.685870000000001	-10.231992
Ddr1	-12.068221000000001	-8.614343
Sv2c	-17.705915	-14.252038
Npb	-17.264084	-13.810204999999998
Gsta4	-14.732657000000001	-11.278779
Braf	-11.550116000000001	-8.096237
C78197	-16.739073	-13.285195000000002
Shroom4	-14.143188	-10.68931
Rbsn	-12.790542	-9.336663
Gm38910	-15.492365	-12.038486500000001
Prr12	-12.280967	-8.827088
Shcbp1	-16.671019	-13.217141
Actb	-6.774961500000001	-3.3210839999999995
Cd1d1	-17.600555	-14.146678
Cdh5	-17.866259	-14.412381
Bag5	-11.901786	-8.447907
Cnga2	-19.392315	-15.938437
Angptl7	-15.384982	-11.931104
Ate1	-11.644546	-8.190667
Alg14	-11.994753999999999	-8.540875
Nrp1	-12.099026	-8.645147
Olfr460	-21.001753	-17.547876000000002
A530020G20Rik	-19.209993	-15.756116
Alkbh7	-12.35283	-8.898952
Pmp2	-21.001753	-17.547876000000002
Eme1	-18.293703	-14.839826
BC024978	-14.180646	-10.726768
Noc4l	-14.064439000000002	-10.610560000000001
Irak2	-12.011561	-8.557683
Cul2	-12.353356	-8.899478
Zfp558	-17.217564000000003	-13.763685
Lars	-11.414278999999999	-7.960400999999999
Dxo	-13.225636999999999	-9.771759
Cox5a	-10.255836500000001	-6.8019586
Mvb12b	-12.690109	-9.236231
Gm15337	-16.447876	-12.993998
Foxo1	-11.573081	-8.119203
Mrpl51	-10.989098	-7.5352197
Zxdb	-13.406869	-9.952991
Kremen1	-13.525281	-10.071403
Atp6v0a4	-19.209993	-15.756116
Phb	-11.445768	-7.991890400000001
Vmn2r2	-21.001753	-17.547876000000002
Armc9	-13.6945505	-10.240672
Tnfrsf25	-15.1046	-11.650722
Smpd3	-15.877789499999999	-12.423911
Magi2	-12.43083	-8.976952
Pdxk	-12.892828999999999	-9.438951
Dram1	-13.439591	-9.985713
Rev3l	-12.128566000000001	-8.674686999999999
Gper1	-16.657948	-13.204069
Pdcd10	-10.635129	-7.181251
Sos2	-12.146517999999999	-8.692639
Ankra2	-11.861085000000001	-8.407207000000001
Hoxa11	-15.971314999999999	-12.517437
Tpm1	-7.5743339999999995	-4.1204567
Mob3a	-12.6910925	-9.237214
Gda	-16.595034	-13.141156
Ifi35	-12.268481	-8.814603
Slc20a2	-11.878824	-8.424946
Plscr1	-15.654646	-12.2007675
Aoc3	-10.27374	-6.819862
Gm16155	-17.264084	-13.810204999999998
Ncapg	-17.312874	-13.858995000000002
1700037C18Rik	-14.492984	-11.039105000000001
Baalc	-16.524416	-13.0705385
Rab15	-18.699167000000003	-15.245289999999999
Stoml2	-11.719744	-8.265865
Ift172	-13.301910999999999	-9.848033000000001
Arv1	-14.704644	-11.250766
Wbp1l	-12.512342	-9.058464
Rab11fip3	-13.006110000000001	-9.552232
Tmem139	-21.001753	-17.547876000000002
Ankrd40	-11.493013000000001	-8.039135
Morc3	-12.260937	-8.807058
Phox2b	-21.001753	-17.547876000000002
Gm26691	-15.512815	-12.058937
Cc2d1b	-12.948184	-9.494306
Kdm4b	-13.394372	-9.940494000000001
Rgs16	-18.603857	-15.14998
Enpp2	-13.185739499999999	-9.731861
Fam53a	-12.043728	-8.589849000000001
Gm21844	-19.615458	-16.161580999999998
Asap1	-11.292275	-7.838397500000001
Rbm46	-21.001753	-17.547876000000002
AY512931	-17.743656	-14.289779000000001
Setbp1	-11.433109	-7.9792314
Nxpe3	-15.713486999999999	-12.259608
Pms1	-14.825885999999999	-11.372007
Cyc1	-10.931185000000001	-7.477307000000001
Mfng	-19.615458	-16.161580999999998
Slc11a2	-13.2808485	-9.82697
Rnf166	-12.292619	-8.83874
Ift27	-11.6504345	-8.196556
Gm16726	-17.446405	-13.992526999999999
Gm34425	-16.535845000000002	-13.081966
Shprh	-12.160884	-8.7070055
Gm26885	-17.446405	-13.992526999999999
Snx2	-11.875339	-8.42146
Dnaic2	-16.890879	-13.437001
Lrrc27	-14.269542999999999	-10.815664
Gm48362	-21.001753	-17.547876000000002
Gm5535	-17.600555	-14.146678
Itsn2	-11.516892	-8.063014
Myo1a	-18.436804000000002	-14.982926
Dars	-11.701664	-8.247786
Ccdc71	-13.022757	-9.568878
Spata25	-19.392315	-15.938437
Hand2os1	-13.445848000000002	-9.99197
Gm15860	-14.713895	-11.260016
Hcrt	-20.308605	-16.854729000000003
Gm15632	-17.130551999999998	-13.676673999999998
Akr1c13	-17.475391000000002	-14.021514000000002
Tac2	-21.001753	-17.547876000000002
Ube2n	-10.963386	-7.5095077
Tvp23a	-15.384982	-11.931104
Cldn11	-18.603857	-15.14998
Cep83os	-14.226386999999999	-10.772509
Gm11636	-17.288180999999998	-13.834303
Cngb1	-17.288180999999998	-13.834303
Gnai1	-10.485380000000001	-7.031502199999999
Gm48604	-15.951898000000002	-12.498019000000001
Nde1	-12.992391	-9.538511999999999
6030452D12Rik	-19.209993	-15.756116
Serpina1d	-19.903141	-16.449265
Cdca3	-16.595034	-13.141156
Sorl1	-10.143004	-6.6891264999999995
Krt16	-19.903141	-16.449265
Ccl3	-18.436804000000002	-14.982926
Rpl22l1	-9.383702	-5.9298244
Zfp84	-12.770377	-9.316499
Ifit2	-13.098896	-9.645017999999999
Nudt15	-15.749479999999998	-12.295602
Ptprk	-13.240008	-9.78613
Atraid	-10.396258	-6.9423804
Serpine2	-8.706132	-5.252254499999999
Ccdc85b	-10.198044	-6.744166000000001
Trim7	-14.241339000000002	-10.787460000000001
2700069I18Rik	-18.922311999999998	-15.468434
Gm48969	-16.725085999999997	-13.271208999999999
Sostdc1	-19.055841	-15.601964
Smc1b	-19.903141	-16.449265
Nktr	-10.84343	-7.3895516
Nacad	-12.550487	-9.096608
Rag1	-18.699167000000003	-15.245289999999999
Sat1	-10.018581	-6.5647035
Cd34	-13.906689000000002	-10.452810000000001
Klhl11	-13.225636999999999	-9.771759
Zfp667	-13.601744	-10.147865
Gm49586	-18.804527	-15.35065
Pole4	-11.539177	-8.085299000000001
Ppp1r35	-12.407784	-8.953906
Nrbp1	-11.282309	-7.8284307
Tmem171	-19.615458	-16.161580999999998
Gm17190	-21.001753	-17.547876000000002
Bcl6	-12.528721	-9.074842
Dct	-20.308605	-16.854729000000003
Bnip3	-11.903687	-8.449808
Tmem209	-13.432342000000002	-9.978463
Glt8d1	-11.843760000000001	-8.389880999999999
Olfr1489	-20.308605	-16.854729000000003
Mau2	-12.300739	-8.846861
Prdm2	-11.93033	-8.476452
Prdm16os	-12.059422999999999	-8.605545
Pigs	-12.616264	-9.162386
Tmco6	-13.796118	-10.342239
Tspan12	-14.564001999999999	-11.110124
Srf	-12.654163	-9.200285000000001
Rce1	-12.479175	-9.025296
Psmc1	-11.199358	-7.745480000000001
Gm43936	-17.130551999999998	-13.676673999999998
1700112D23Rik	-17.600555	-14.146678
Zfp101	-13.591406	-10.137527
Pgghg	-13.138103	-9.684224
Irf2bp2	-11.2379875	-7.784109599999999
Mafg	-11.869807000000002	-8.415929
Mettl3	-13.361629999999998	-9.907752
Adgre4	-20.308605	-16.854729000000003
Brd8	-11.69003	-8.236152
Il10ra	-19.615458	-16.161580999999998
Fam189a1	-21.001753	-17.547876000000002
Fam71f2	-17.446405	-13.992526999999999
Mob3c	-13.534382	-10.080503
Tyk2	-13.574608999999999	-10.12073
Coa7	-13.790935000000001	-10.337056
Cactin	-13.250709	-9.79683
Hsp90b1	-9.309694	-5.855817
Gm29506	-21.001753	-17.547876000000002
Neu3	-14.3096695	-10.855791
Gm13431	-17.634457	-14.180579000000002
Tonsl	-15.781398000000001	-12.327519
Gm6169	-15.739063	-12.285185
Prkcb	-18.436804000000002	-14.982926
Gm20559	-13.649954000000001	-10.196075
Ano10	-11.91743	-8.4635515
Adhfe1	-14.163348000000001	-10.70947
Frem1	-19.903141	-16.449265
1700034H15Rik	-17.669548000000002	-14.215670999999999
Aspg	-21.001753	-17.547876000000002
Rab21	-10.810496	-7.356618400000001
Ghr	-11.800252	-8.346374
A430057M04Rik	-18.16854	-14.714661999999999
Pggt1b	-11.796124	-8.342246000000001
Psmf1	-12.949776	-9.495897
Gm12216	-14.914979	-11.461101
Rsph6a	-20.308605	-16.854729000000003
Gm15201	-17.069927	-13.616048999999999
Lhfpl2	-17.264084	-13.810204999999998
Emc9	-12.233335	-8.779456
Phf5a	-11.353674	-7.899796
Eif4ebp3	-13.292893	-9.839015
Trmo	-14.392404999999998	-10.938526
Gm49754	-21.001753	-17.547876000000002
Rab35	-12.291958000000001	-8.838078999999999
Plekha8	-13.675286999999999	-10.221409
Mrpl4	-11.622767	-8.168889
Tm9sf2	-10.585173	-7.1312947
Haus3	-13.546454	-10.092576
Acvr2a	-12.884739	-9.4308605
Rcn3	-9.462351	-6.008473400000001
Arhgap29	-12.061255000000001	-8.607377
Lins1	-14.239023999999999	-10.785146000000001
Crocc	-14.618247	-11.164369
Pes1	-12.661058	-9.207180000000001
Parp14	-13.596866	-10.142987
Gm43166	-19.903141	-16.449265
Rae1	-12.130248	-8.67637
1700047K16Rik	-16.447876	-12.993998
Sgpl1	-13.472884	-10.019006
Btbd11	-15.015301999999998	-11.561423
Gorasp2	-11.353093	-7.899214999999999
Noc3l	-13.048083	-9.594205
Crebrf	-11.384682000000002	-7.930803999999999
Gm9888	-17.743656	-14.289779000000001
Pigb	-14.3096695	-10.855791
Sod1	-10.819574000000001	-7.365696400000001
Nudt14	-13.521325	-10.067447
Gm43579	-19.392315	-15.938437
Fam129a	-9.704636	-6.2507577
Slc12a6	-12.505988	-9.05211
A930018P22Rik	-17.600555	-14.146678
Bckdk	-12.001392999999998	-8.547514999999999
Rheb	-10.104125999999999	-6.6502479999999995
Esr1	-12.934918	-9.48104
Hoxb6	-13.187354000000001	-9.733476
Kbtbd4	-13.503991000000001	-10.050113
Xk	-11.825175999999999	-8.371298
Pkn3	-18.436804000000002	-14.982926
Msc	-18.922311999999998	-15.468434
1700094D03Rik	-14.463613500000001	-11.009735000000001
Slc7a1	-12.607406	-9.153527
4930478L05Rik	-21.001753	-17.547876000000002
Slc6a15	-18.436804000000002	-14.982926
Akap8	-12.054207	-8.600328
4933412E12Rik	-16.479965	-13.026087
Ighmbp2	-14.118291000000001	-10.6644125
Fkbp1b	-14.454967499999999	-11.001089
Tepsin	-14.6649275	-11.211049000000001
Abhd4	-13.034473	-9.580594999999999
Mthfr	-13.298745000000002	-9.844867
Adgrf3	-18.699167000000003	-15.245289999999999
Zgpat	-12.888926	-9.435047
Ahcyl2	-12.851574000000001	-9.397696
Casp2	-13.701281	-10.247402000000001
9030407P20Rik	-14.92182	-11.467941
Fam32a	-11.500760000000001	-8.046882
Pold1	-14.02634	-10.572461
Gm20387	-21.001753	-17.547876000000002
Mtrf1	-13.670693	-10.216814999999999
Msto1	-13.517385	-10.063506
Upb1	-13.1626215	-9.708743
Rnf115	-12.290475	-8.836596499999999
Grin1	-19.209993	-15.756116
Srarp	-20.308605	-16.854729000000003
Cd96	-18.922311999999998	-15.468434
Xab2	-12.895239	-9.441360000000001
Snhg18	-9.393409	-5.939531
Gm11210	-19.209993	-15.756116
Pdzk1	-19.392315	-15.938437
Ubtd2	-13.383994	-9.930116
Lrg1	-14.949664000000002	-11.495786
Rai14	-14.675604000000002	-11.221725
Pou5f2	-14.645646	-11.191768
Dstn	-7.219812400000001	-3.765935
Dnajc16	-13.936995000000001	-10.483116
Nat8f1	-13.871654500000002	-10.417776
Mrpl20	-10.406095	-6.9522166
Gm37350	-20.308605	-16.854729000000003
Gm49890	-15.388625	-11.934747
Pwwp3b	-12.692569	-9.23869
Nbn	-12.221119999999999	-8.767241499999999
Gm48746	-19.903141	-16.449265
6430573P05Rik	-14.466512	-11.012633000000001
Fbxl12	-13.363554999999998	-9.909677
Piwil2	-15.939157999999999	-12.48528
Yes1	-12.930534	-9.476656
Gm26558	-15.991118	-12.537239999999999
Brpf1	-12.899167	-9.445289
Dgke	-13.399351999999999	-9.945474
Sncaip	-13.034473	-9.580594999999999
Tchp	-13.597473999999998	-10.143596
2600006K01Rik	-13.201591	-9.747712
Gemin7	-11.125894	-7.6720157
Xpo5	-12.986426	-9.532548
Srpx2	-13.120949	-9.667069999999999
Zfp964	-15.265181	-11.811302
Zdhhc7	-13.146984	-9.693106
Gm49490	-16.157566	-12.703688
Nps	-19.392315	-15.938437
Calm1	-8.27293	-4.8190527
Zfp977	-15.765310999999999	-12.311433000000001
Lama2	-12.382364	-8.928486
Fbxw5	-12.314311	-8.860433
Morn4	-15.053719000000001	-11.599839999999999
Maco1	-11.236666	-7.782788
Gm49016	-19.903141	-16.449265
A530083I20Rik	-16.711294	-13.257416000000001
Kcnj2	-20.308605	-16.854729000000003
Gm15169	-19.615458	-16.161580999999998
Clca3a2	-18.362696	-14.908818
Gm2237	-15.22101	-11.767132
Slco2a1	-15.294642999999999	-11.840765
Erap1	-12.562089	-9.108211
Wdr20	-13.119438	-9.665560000000001
4930404I05Rik	-19.209993	-15.756116
Atg9b	-19.209993	-15.756116
Xkr8	-14.446397	-10.992517999999999
Ldhb	-10.472461000000001	-7.0185830000000005
Cfhr2	-18.229164	-14.775286999999999
Surf2	-12.367488999999999	-8.91361
Lgi4	-16.081772	-12.627894
Patl1	-13.3211155	-9.867237
Tmem150a	-12.618091999999999	-9.164213
Prr14	-12.320064	-8.866185
Alox12	-14.661394	-11.207516
4930453C13Rik	-19.055841	-15.601964
Flii	-11.066041	-7.612163000000001
Hoxa2	-14.143188	-10.68931
Krt1	-17.95723	-14.503352
Tmigd1	-17.08973	-13.635851999999998
Srsf11	-10.754676	-7.3007979999999995
Erf	-12.7542715	-9.300393
Rpusd1	-14.719485999999998	-11.265608
Gm16286	-11.217162	-7.763284
Zfp1	-12.878789	-9.424911
Arhgap36	-21.001753	-17.547876000000002
Gm31378	-21.001753	-17.547876000000002
Pced1b	-14.17196	-10.718081
Coa4	-13.598692000000002	-10.144814
Fam107b	-14.426677999999999	-10.972799
5033430I15Rik	-13.475574499999999	-10.021696
Ifnar1	-12.746704	-9.292826
6330403L08Rik	-12.902199000000001	-9.448319999999999
Pex16	-12.721803	-9.267924
Sugp1	-12.894033	-9.440155
Rlbp1	-21.001753	-17.547876000000002
Gm47591	-19.903141	-16.449265
Lfng	-16.958702	-13.504824
Ptpmt1	-11.905478	-8.451599
Naa35	-12.329438	-8.87556
Tek	-17.669548000000002	-14.215670999999999
Gm15494	-18.922311999999998	-15.468434
Prok1	-21.001753	-17.547876000000002
Lrtm2	-15.190612	-11.736733000000001
C530044C16Rik	-18.699167000000003	-15.245289999999999
Dclk1	-13.687866	-10.233988
Pde1a	-12.166252	-8.712374
Gcnt1	-18.229164	-14.775286999999999
C130050O18Rik	-16.479965	-13.026087
Zfp764	-13.774091	-10.320212
Nmnat3	-14.755647	-11.301768
Ist1	-12.365001	-8.911122
Gm45030	-19.615458	-16.161580999999998
Alg5	-12.102022	-8.648144
Sipa1l1	-12.650851	-9.196973
Tbx2	-13.777728	-10.32385
Mfn2	-11.813659	-8.35978
Haao	-21.001753	-17.547876000000002
B430305J03Rik	-17.95723	-14.503352
Gm49584	-21.001753	-17.547876000000002
Gm14399	-14.668473	-11.214595
Zfyve16	-12.164072	-8.710194
Gm12238	-18.516845999999997	-15.062968
9130230L23Rik	-19.209993	-15.756116
Evc2	-12.872284	-9.418406
Zfp64	-13.419015	-9.965137
Slc1a5	-11.454441000000001	-8.000563
Abhd8	-12.07497	-8.621091999999999
C2cd3	-13.272457999999999	-9.81858
Golm1	-15.314778	-11.8609
Usp34	-10.726806	-7.272927799999999
Gm37552	-20.308605	-16.854729000000003
Npw	-18.00602	-14.552142000000002
Pxdn	-12.235203	-8.781324
Gm42829	-15.865955	-12.412077
C5ar2	-15.895807999999999	-12.441930000000001
Ctu1	-14.37239	-10.918511
Wnk4	-16.06011	-12.606233
Pnldc1	-12.894636	-9.440758
Crcp	-13.110422	-9.656544
Mrpl45	-12.399484	-8.945605
Ppt1	-11.3729	-7.919022
Mospd2	-12.392711	-8.938832000000001
Gm10516	-15.345760999999998	-11.891883
Triqk	-12.182236	-8.728357
Pcyt1a	-11.769651	-8.315773
Synj1	-12.855334	-9.401456
Shoc1	-19.903141	-16.449265
Runx3	-19.392315	-15.938437
Zim1	-17.031462	-13.577582999999999
Tgfbrap1	-13.057616000000001	-9.603738
C1ql3	-16.490892000000002	-13.037015
Gm47922	-21.001753	-17.547876000000002
Camk2d	-10.418811999999999	-6.9649339999999995
Ints12	-13.204051000000002	-9.750173
Fggy	-13.390406	-9.936527
Fip1l1	-11.62768	-8.173801
Tedc1	-17.536016	-14.082139000000002
Gm13304	-21.001753	-17.547876000000002
Pcsk2os1	-18.699167000000003	-15.245289999999999
Gm47350	-19.209993	-15.756116
Tmf1	-11.105441	-7.651563
Pus7	-12.692323	-9.238444
Tram1	-11.447539	-7.993661400000001
4930534H18Rik	-17.600555	-14.146678
E130008D07Rik	-19.615458	-16.161580999999998
Gm47735	-18.436804000000002	-14.982926
Star	-15.889766	-12.435887
Mrpl3	-12.173406	-8.719527000000001
Hgsnat	-12.512136	-9.058258
Cep120	-12.523717	-9.069839
1500035N22Rik	-17.536016	-14.082139000000002
Irf9	-13.532669	-10.078791
Zzz3	-11.637319999999999	-8.183441
Det1	-14.452103	-10.998224
Spata17	-19.615458	-16.161580999999998
Abca17	-20.308605	-16.854729000000003
Gm15839	-16.582912	-13.129033999999999
Cd14	-15.14955	-11.695672
Eif4e	-11.565872	-8.111994000000001
Nup133	-13.373722	-9.919844
Nkapl	-15.4410715	-11.987193
Birc7	-19.903141	-16.449265
A230107N01Rik	-17.95723	-14.503352
Gm11537	-21.001753	-17.547876000000002
Hs3st6	-21.001753	-17.547876000000002
Zbtb21	-12.631206	-9.177327
Cltb	-10.719486999999999	-7.2656092999999995
Gm49041	-14.675604000000002	-11.221725
Dnph1	-16.725085999999997	-13.271208999999999
Jmjd6	-12.030813	-8.576935
Rps28	-8.167728	-4.7138504999999995
D430001F17Rik	-19.055841	-15.601964
Fam171a1	-13.064378999999999	-9.6105
Rnf182	-14.148454999999998	-10.694576
Art3	-11.504956	-8.051078
Wfikkn1	-16.328924	-12.875046000000001
Gm7467	-15.649896	-12.196017
Trp53inp1	-11.35432	-7.9004416
Cldn34c1	-13.331325	-9.877446
Rrp8	-12.092518	-8.638639
Gins1	-15.516956	-12.063077999999999
4930547E14Rik	-21.001753	-17.547876000000002
Popdc3	-15.217928	-11.76405
Lsm10	-11.962083	-8.508204
Apold1	-16.582912	-13.129033999999999
Hyal3	-15.488323999999999	-12.034446
Sav1	-12.29064	-8.836761
Slc45a3	-14.145291	-10.691413
Ramp1	-9.070834	-5.6169567
Nr6a1	-14.777195	-11.323317
Ypel5	-12.011063	-8.557184
Ppp6r3	-11.850739	-8.39686
Mrpl18	-10.834864	-7.3809857
Kif6	-16.9764	-13.522523000000001
BC051077	-19.055841	-15.601964
Zfp957	-21.001753	-17.547876000000002
Ddx31	-14.375035	-10.921157000000001
4930430F08Rik	-12.894335	-9.440456
H2-M3	-13.732833	-10.2789545
Fam221a	-15.000339000000002	-11.54646
Gpatch4	-13.139641000000001	-9.685761999999999
Trdc	-20.308605	-16.854729000000003
Wdyhv1	-13.315591	-9.861711999999999
4930551O13Rik	-18.804527	-15.35065
Gm26670	-16.231068	-12.77719
Wbp11	-11.413867	-7.959989
Nol11	-12.164944	-8.711065
Hpf1	-11.547605	-8.093726
Fchsd2	-11.533365	-8.079487
Mcm2	-14.726992000000001	-11.273113
Bin1	-11.994387	-8.540508
Dsel	-12.074174000000001	-8.620296000000002
Gm28707	-16.396584	-12.942705
Dpysl5	-14.450673000000002	-10.996795
Usp54	-12.855914	-9.402036
4930590J08Rik	-16.004541	-12.550663
Irx3	-14.805309	-11.351431
Dcaf6	-12.220198	-8.766319000000001
Nfam1	-19.392315	-15.938437
Ccpg1	-10.935425	-7.481547
Gm39302	-17.743656	-14.289779000000001
Polr3d	-12.449193	-8.995315
Emx2	-19.903141	-16.449265
Mybph	-21.001753	-17.547876000000002
Gm14379	-15.9978075	-12.543928999999999
Lima1	-12.627507000000001	-9.173629
Tmem205	-11.662756	-8.208878
4930570D08Rik	-19.615458	-16.161580999999998
Nop2	-13.387442000000002	-9.933563000000001
Pfdn5	-9.134838	-5.6809607
Rassf7	-14.514070000000002	-11.060191
Fzr1	-12.891326	-9.437448
Ebpl	-12.085649499999999	-8.631771
Crygn	-17.567766	-14.113888000000001
Gm47439	-17.95723	-14.503352
Gm14123	-18.922311999999998	-15.468434
Ucp2	-16.725085999999997	-13.271208999999999
Bcl2l15	-21.001753	-17.547876000000002
Fbxo28	-12.415594	-8.961716000000001
Angptl4	-15.190612	-11.736733000000001
Fanci	-18.603857	-15.14998
Nub1	-11.7042265	-8.250347999999999
Slc16a6	-16.84287	-13.388992000000002
1810059H22Rik	-15.951898000000002	-12.498019000000001
Arhgef4	-15.563673999999999	-12.109796000000001
Egr2	-14.081081	-10.627203
Ryk	-11.02655	-7.5726724
Prepl	-13.587179999999998	-10.133302
Gm16116	-19.903141	-16.449265
Rbm12b2	-13.889426	-10.435547999999999
Gm13383	-19.903141	-16.449265
Fbxl19	-13.940419	-10.486541
Cxcl10	-17.536016	-14.082139000000002
Mettl17	-13.477192	-10.023313499999999
Mif4gd	-11.939217999999999	-8.485339
Nrn1l	-16.84287	-13.388992000000002
Psma4	-10.429924	-6.976046000000001
Arhgef26	-15.5507145	-12.096836
Gpx8	-10.836633	-7.382755
Gpr165	-16.559101000000002	-13.105224
A630072L19Rik	-21.001753	-17.547876000000002
1500015A07Rik	-15.537922	-12.0840435
Gm13919	-20.308605	-16.854729000000003
Cmbl	-15.132457	-11.678578
Sema4d	-16.149723	-12.695845
Zfp677	-14.293669	-10.839789999999999
Gsg1	-21.001753	-17.547876000000002
Bspry	-19.055841	-15.601964
Hoxc10	-12.990397999999999	-9.53652
Cc2d2a	-12.178252	-8.724374000000001
Sox15	-21.001753	-17.547876000000002
Pom121	-12.385800999999999	-8.931923
Sirt4	-13.793894	-10.340015
Sox8	-14.759529999999998	-11.305652
Arl5a	-11.770043	-8.316165
Gm42463	-18.699167000000003	-15.245289999999999
Ckap4	-10.761758	-7.30788
Erg28	-12.042314	-8.588435
Usp51	-17.217564000000003	-13.763685
Ttpa	-17.01277	-13.558891000000001
Brf1	-12.844383	-9.390505000000001
Gm50368	-20.308605	-16.854729000000003
Ythdf1	-12.038209	-8.584331
Trappc13	-12.100796	-8.646917
Pld1	-12.868753	-9.414875
Gba2	-13.992344000000001	-10.5384655
Trim26	-12.689373	-9.235495
Il19	-19.903141	-16.449265
Ino80b	-12.376961999999999	-8.923083
Mccc2	-13.005099000000001	-9.551221
Slc51a	-17.195091	-13.741213
Kcnk15	-19.903141	-16.449265
Zfand5	-10.475836	-7.021958000000001
Rpl27	-8.535638	-5.0817604
N4bp2l2	-11.252875	-7.7989974
Birc3	-14.053816000000001	-10.599936999999999
Inca1	-15.356306	-11.902428
1700096K18Rik	-13.611572	-10.157694000000001
Sapcd1	-18.922311999999998	-15.468434
Lasp1	-13.069391	-9.615513
Zfp423	-13.8772745	-10.423396
Slc47a1	-19.903141	-16.449265
Gm14321	-18.057314	-14.603435999999999
Pdgfc	-12.411124000000001	-8.957246000000001
Fads6	-18.804527	-15.35065
Vamp9	-18.603857	-15.14998
Cd59b	-13.709416000000001	-10.255538
Lca5	-13.569860999999998	-10.115983
Gcgr	-17.600555	-14.146678
Kcnn2	-18.603857	-15.14998
Wdr60	-12.488769	-9.034889999999999
Nup160	-13.406869	-9.952991
Nme2	-8.862376	-5.4084983
Rasip1	-16.559101000000002	-13.105224
Fhl4	-16.725085999999997	-13.271208999999999
Epc2	-11.543538	-8.08966
Rspry1	-12.21897	-8.765092
Thyn1	-12.342887	-8.889008500000001
Trpc4ap	-11.926316	-8.472438
Col4a3	-13.869256	-10.415378
Sema6c	-13.974439000000002	-10.520560000000001
Gm12052	-19.392315	-15.938437
Gm16045	-16.711294	-13.257416000000001
Ttc19	-12.018439	-8.564561
Slc9a6	-12.645904	-9.192025
Sgce	-11.547761	-8.093883
Rhbdd1	-13.15204	-9.698161
Zfp729a	-13.328996	-9.875117
Tmem232	-19.615458	-16.161580999999998
Csta2	-20.308605	-16.854729000000003
Smc3	-10.74462	-7.2907424
Surf6	-13.404357000000001	-9.950479
Strn4	-12.73046	-9.276582000000001
Nolc1	-11.8736	-8.419722
Kctd16	-13.062238	-9.608359
Adat1	-14.341178	-10.8873
Pon3	-11.8086605	-8.354782
S1pr5	-19.903141	-16.449265
Pias1	-11.380695	-7.9268174
B4galnt1	-17.240553	-13.7866745
Zmat1	-12.50558	-9.051702
Gm19967	-15.311394	-11.857515
Ppil3	-12.592367999999999	-9.13849
Slc26a11	-13.939561999999999	-10.485683
Srd5a3	-13.218113	-9.764235000000001
Cops4	-11.52108	-8.067202
Prkag1	-11.84397	-8.390092
Selplg	-15.626475	-12.172597
Zdhhc14	-13.01321	-9.559332000000001
Rab10	-10.571409	-7.1175313
Gm14252	-20.308605	-16.854729000000003
Syt14	-20.308605	-16.854729000000003
Gm19744	-18.804527	-15.35065
Gm47798	-17.173111	-13.7192335
Tpcn1	-13.430795000000002	-9.976916000000001
Nop10	-10.257906	-6.804028
Hpca	-20.308605	-16.854729000000003
Bmpr2	-10.734282499999999	-7.2804046
Oxgr1	-19.903141	-16.449265
Rnf40	-13.160260000000001	-9.706382000000001
Gm43305	-14.647383999999999	-11.193505
Bcl2l13	-13.268070000000002	-9.814192
Gm47117	-19.209993	-15.756116
Zrsr2	-11.802878	-8.349
Sf3b2	-10.354877	-6.900999499999999
Zfp758	-13.524149	-10.070271
Gm38393	-15.410767000000002	-11.956888000000001
Gm49766	-21.001753	-17.547876000000002
Stmn4	-15.612681	-12.158803
Gm40477	-16.941309	-13.487432
Wdr75	-12.448614	-8.994736
Rasa3	-13.798347	-10.344469
Tmem165	-11.222526	-7.7686477
Ptpn2	-11.965053	-8.511174
Gadd45b	-10.286137	-6.8322587
Rpl36al	-9.286712	-5.832834
Mtcp1	-14.348889999999999	-10.895012
Olfr1419	-18.922311999999998	-15.468434
Tiam2	-13.387442000000002	-9.933563000000001
Riox1	-13.768298000000001	-10.31442
D430019H16Rik	-15.236562	-11.782683
Lgr4	-12.851863	-9.3979845
Elf4	-13.769743	-10.315864999999999
Lrrc14	-12.862897	-9.4090185
Hoxb2	-12.156984	-8.703106
Gm4755	-17.240553	-13.7866745
Satb1	-12.900985	-9.447106
Tdrd6	-18.362696	-14.908818
Tnfsf11	-21.001753	-17.547876000000002
Tgfb2	-10.541139	-7.087260700000001
U2af2	-11.882541999999999	-8.428663
Rras2	-12.845243	-9.391364999999999
Pcm1	-10.684204	-7.230326
Sf3b1	-10.323516	-6.869638
Rnf19b	-12.894033	-9.440155
Gm49025	-19.392315	-15.938437
Gm5144	-14.975887	-11.522008999999999
Gm20647	-21.001753	-17.547876000000002
Gdf2	-20.308605	-16.854729000000003
Trim25	-14.628433	-11.174555
Slc22a15	-13.915852	-10.461973
Hdac9	-11.905927	-8.452048
Gm9885	-12.58438	-9.130502
Uchl1	-10.74578	-7.291902
Gpr156	-19.903141	-16.449265
Tpgs2	-12.581291	-9.127413
4930527F14Rik	-18.16854	-14.714661999999999
Nmt2	-11.673274000000001	-8.219396000000001
Gm15890	-19.392315	-15.938437
Rplp1	-7.613156	-4.1592784
Agap1	-12.252179	-8.798300999999999
Gm15271	-15.865955	-12.412077
Eif1	-8.0932	-4.639322
Dimt1	-12.634917999999999	-9.18104
Cdkn1b	-11.196816	-7.742938499999999
Slc1a3	-17.600555	-14.146678
Gm37529	-15.0774975	-11.623619
Ankhd1	-11.720582	-8.266703999999999
Tacc2	-10.519072	-7.065193700000001
Sdr42e1	-15.512815	-12.058937
Wnt2	-18.436804000000002	-14.982926
Sap30bpos	-21.001753	-17.547876000000002
Lrfn4	-14.049025	-10.595146000000002
Cep104	-12.700975999999999	-9.247098
Taok1	-10.632145	-7.178267
Wipf3	-16.924215	-13.470338
Art4	-12.769313	-9.315434
Notch2	-11.80978	-8.355902
Ciao2b	-10.764261	-7.3103833
Muc6	-19.392315	-15.938437
Klhdc4	-13.397855999999999	-9.943977
Ppp6r1	-12.747745	-9.293866
Cdkn2c	-13.384977	-9.931099
Cdiptos	-17.743656	-14.289779000000001
Pla2g15	-13.157513	-9.703634
Hist4h4	-13.87406	-10.420181
Ifi205	-19.209993	-15.756116
Zic2	-21.001753	-17.547876000000002
