gene	log_min	log_max
Gap43	-18.719528	-15.265651
Hdlbp	-10.287457	-6.8335795
Cox20	-10.892287	-7.4384093
Tmem205	-11.479117	-8.025239
Ift122	-13.558559	-10.104681
Fam13c	-10.8422575	-7.3883796
Eid1	-10.069029	-6.615151
Malt1	-12.745719	-9.291841
Iqgap1	-10.05662	-6.6027417
Gm44946	-18.431845	-14.977967
Pard6b	-19.81814	-16.364264
Gm46633	-19.81814	-16.364264
Hnrnpll	-12.452961	-8.999083
Hk3	-18.719528	-15.265651
Helb	-13.667538	-10.213659
Napsa	-19.81814	-16.364264
Ccdc152	-14.576394	-11.122516
Got1	-13.490204	-10.036325
Vmn1r90	-19.81814	-16.364264
Phkg1	-12.170355	-8.716476
Ankrd10	-11.703517	-8.249639
Mcmdc2	-16.773619	-13.31974
Serpinb6b	-10.883686	-7.429808
Msmp	-17.515554	-14.061677
Rmrp	-14.337502	-10.883623
Xlr4a	-16.773619	-13.31974
Wdr13	-12.608061	-9.154182
Sord	-11.975077	-8.521198
Gm42699	-16.640087	-13.186209
Pawr	-10.674154	-7.2202764
Fgf2os	-15.233173	-11.779295
Dmd	-9.504698	-6.0508204
Tsga10	-12.779357	-9.325479
Rerg	-19.124992	-15.671115
Nthl1	-12.69125	-9.237371
Rarres1	-13.528425	-10.074547
Rbm44	-15.340804	-11.886926
Pcnx3	-13.063537	-9.609658
Trappc4	-11.53288	-8.079001
Gm34829	-16.822409	-13.36853
Olfr172	-17.620916	-14.167038
Mtcp1	-14.447503	-10.993625
Rrp9	-12.821459	-9.36758
Tert	-17.045551	-13.591674
Kat14	-13.528425	-10.074547
Col6a2	-10.4796715	-7.0257936
4930483P17Rik	-17.87223	-14.418353
Sars	-11.286256	-7.832378
Tsc22d3	-12.837135	-9.383257
Chd8	-11.7425585	-8.28868
Gm17399	-19.81814	-16.364264
Map3k19	-16.352404	-12.898526
Cep104	-12.849291	-9.395412
Dbt	-12.252866	-8.798987
Chchd5	-12.844598	-9.390719
4930581F22Rik	-13.697844	-10.243965
Sox5it	-19.81814	-16.364264
Ric8b	-13.0542555	-9.600377
Orc2	-12.6503315	-9.196453
Zfp385b	-13.682576	-10.228698
Hist1h2bh	-15.906117	-12.452239
Gm42868	-19.124992	-15.671115
Ppp4r1	-13.087123	-9.6332445
1700047M11Rik	-19.124992	-15.671115
Dazap1	-11.924195	-8.470317
Gm47767	-14.186929	-10.73305
C1galt1	-11.745049	-8.291171
Gm11808	-12.09502	-8.641142
Racgap1	-16.560043	-13.106166
Aktip	-11.547104	-8.0932255
Dact1	-13.560473	-10.106595
Gm50336	-17.620916	-14.167038
Pik3r1	-11.705314	-8.251435
CT868723.1	-18.208702	-14.754825
Abhd6	-13.236115	-9.782237
Zfp993	-15.487408	-12.033529
Tnpo1	-11.804466	-8.350588
Pigo	-14.905486	-11.451608
Csrnp2	-14.755546	-11.301667
Marc2	-10.981767	-7.527889
Nedd9	-11.344899	-7.8910213
Dhrs9	-14.997859	-11.543981
Art3	-12.243069	-8.78919
Rab5b	-11.597737	-8.143859
Klhl15	-13.731366	-10.277488
Pros1	-11.937336	-8.483458
Nat2	-14.375723	-10.9218445
3010003L21Rik	-15.375489	-11.921611
Gm29237	-17.253191	-13.799314
Gm17191	-18.719528	-15.265651
Mrpl53	-11.168517	-7.714639
Wdr59	-14.194123	-10.740245
Gm19792	-18.719528	-15.265651
Gm21269	-17.333233	-13.879355
0610025J13Rik	-17.87223	-14.418353
Cldn19	-19.81814	-16.364264
F2rl1	-16.05694	-12.603063
Cdo1	-10.885797	-7.4319186
Fam25c	-14.280807	-10.826928
Gm20743	-17.333233	-13.879355
Mamstr	-14.009998	-10.55612
Exph5	-19.81814	-16.364264
Lrrn2	-16.682646	-13.228768
Slc38a10	-12.029514	-8.575636
Ankk1	-18.208702	-14.754825
Gm37637	-17.420244	-13.966367
Gm33195	-18.431845	-14.977967
Gm33280	-18.719528	-15.265651
Skil	-11.016973	-7.5630946
Ttc25	-17.333233	-13.879355
Fnbp1l	-12.871164	-9.417286
Cntd1	-16.640087	-13.186209
Zdhhc20	-11.810108	-8.35623
Gm15706	-15.073209	-11.61933
Sdf2l1	-13.519192	-10.065313
Gm49970	-16.207222	-12.753345
Yif1b	-11.431284	-7.977406
Ecsit	-12.627464	-9.173586
Gm11008	-18.719528	-15.265651
Taf6l	-14.141387	-10.687509
Slc35f6	-13.287263	-9.8333845
Rp9	-10.985699	-7.531821
Znhit1	-11.373518	-7.91964
Smo	-12.101234	-8.647356
Haus4	-14.292687	-10.838809
Tyw1	-13.121106	-9.667228
Ogg1	-13.625778	-10.1719
Cep97	-13.534007	-10.080129
Ccnd3	-11.309383	-7.8555055
Ddx21	-11.883627	-8.429749
Gm44190	-16.522303	-13.068425
Slc28a2	-19.81814	-16.364264
Usp45	-12.564671	-9.110792
Bcl7b	-11.249684	-7.7958064
Dtl	-16.129261	-12.675383
Scn7a	-17.253191	-13.799314
Polr3b	-14.075137	-10.621259
Rnf187	-10.508498	-7.0546203
Gfra1	-18.02638	-14.572503
Gm5084	-19.124992	-15.671115
Ttll7	-10.938668	-7.4847903
Zfp114	-15.145312	-11.691434
Zfp7	-14.742967	-11.289088
Impa1	-11.368156	-7.9142785
Zfp740	-12.58613	-9.132252
Tpbg	-15.212971	-11.759092
Rrp8	-12.239995	-8.786117
Trappc5	-11.939607	-8.485728
Rtel1	-14.320972	-10.867094
Plin2	-12.206299	-8.75242
Smagp	-17.045551	-13.591674
Tfdp1	-12.874054	-9.420176
Rdh5	-12.947049	-9.493171
Nacad	-12.759382	-9.305504
Procr	-18.02638	-14.572503
Zfyve21	-11.488724	-8.034845
Krt79	-15.847849	-12.3939705
Irx3os	-17.179083	-13.725205
Gm48242	-19.81814	-16.364264
Mrps14	-10.553881	-7.100003
Mrps6	-11.328319	-7.8744407
Gm20463	-19.124992	-15.671115
Shkbp1	-13.680414	-10.226536
Mapk12	-14.169167	-10.715288
Calhm4	-19.124992	-15.671115
Ppp4r4	-15.946939	-12.493061
4930479D17Rik	-19.124992	-15.671115
Hivep2	-11.819469	-8.365591
2410022M11Rik	-13.724571	-10.270693
Usp43	-18.719528	-15.265651
Sorbs1	-11.526845	-8.072967
Lrrc7	-16.234621	-12.780744
3110006O06Rik	-18.431845	-14.977967
C9orf72	-13.330457	-9.876578
Mast2	-12.381523	-8.927645
Hist1h4c	-14.094556	-10.640677
Vps35	-11.086481	-7.632603
Prdx1	-9.356352	-5.9024744
Wasf1	-14.625184	-11.171306
Trmt44	-13.671811	-10.217933
Gm26682	-16.773619	-13.31974
Adap2	-19.81814	-16.364264
Paqr6	-12.167972	-8.714093
Plec	-11.023315	-7.5694375
Chtop	-11.593977	-8.140099
Hcar1	-16.773619	-13.31974
Lrrc61	-14.641991	-11.188112
Btbd3	-13.178265	-9.724386
Tyms	-13.446528	-9.99265
Rbpms2	-10.889103	-7.435225
Hoxc10	-16.560043	-13.106166
Cyp1b1	-13.901938	-10.44806
Pcgf5	-11.043209	-7.589331
Gm10432	-15.285542	-11.831663
A630072M18Rik	-13.896563	-10.442684
Gm31462	-17.420244	-13.966367
Trim32	-13.047351	-9.5934725
Zfp607a	-14.471033	-11.017155
Sla2	-18.208702	-14.754825
Insyn2a	-18.02638	-14.572503
Atg4b	-12.5527115	-9.098833
Gm49886	-17.253191	-13.799314
Mkrn2os	-17.87223	-14.418353
Polr3h	-13.004696	-9.5508175
Psmc3	-10.338995	-6.885117
Zfp873	-14.419978	-10.9661
Fanca	-19.124992	-15.671115
Alas2	-19.81814	-16.364264
Irf2bp1	-12.380935	-8.927056
Rhbdd1	-13.200738	-9.74686
Ibtk	-12.5142975	-9.060419
Clca3a1	-17.515554	-14.061677
5330438D12Rik	-14.619644	-11.165766
Camta1	-11.163623	-7.709745
Tmem259	-11.735121	-8.281242
Ddx51	-13.9264965	-10.472618
Entr1	-12.753382	-9.299503
Gm35065	-17.87223	-14.418353
Adgrb1	-16.773619	-13.31974
Gm43387	-16.384153	-12.930275
Ackr2	-19.81814	-16.364264
Ankrd13a	-12.538822	-9.084944
Ppp2r5a	-11.136281	-7.682403
Plcxd3	-18.208702	-14.754825
Lix1	-14.415463	-10.961585
Zfp280c	-13.826676	-10.372798
1190005I06Rik	-10.226355	-6.7724767
Pdcd7	-12.243583	-8.789704
1700088E04Rik	-14.997859	-11.543981
Tceal9	-10.091391	-6.6375127
Atg4a	-13.25711	-9.803231
Skint8	-18.719528	-15.265651
Fam78b	-14.094556	-10.640677
Klrg2	-15.375489	-11.921611
Cyb5d1	-14.781188	-11.32731
Tecpr1	-12.581081	-9.127203
Usp13	-13.001405	-9.547526
Hist1h3a	-17.045551	-13.591674
Gm26739	-18.719528	-15.265651
Gm42504	-18.719528	-15.265651
Ivd	-12.0551195	-8.601241
Dhx57	-13.112502	-9.658624
Atp1b1	-11.903889	-8.45001
Gm6787	-18.208702	-14.754825
Edem1	-12.183804	-8.729925
Zdbf2	-14.9203005	-11.466422
Fhl4	-16.384153	-12.930275
Pex11a	-14.36282	-10.908941
Snhg5	-13.163988	-9.71011
Swap70	-12.392783	-8.938905
Med31	-11.679576	-8.2256975
Hvcn1	-19.124992	-15.671115
1810073O08Rik	-19.124992	-15.671115
Mtss2	-12.496291	-9.042413
Bfar	-11.783186	-8.329308
Loxl3	-12.463139	-9.00926
Gm31812	-16.485935	-13.032058
Hist1h1a	-16.450844	-12.996966
Gm30556	-15.340804	-11.886926
Scfd2	-14.176233	-10.722355
Gemin6	-13.3835945	-9.929716
Rnf220	-12.171309	-8.717431
Yme1l1	-11.312615	-7.8587375
Cog4	-12.572486	-9.1186075
Zfp551	-15.073209	-11.61933
Tsn	-10.644671	-7.1907935
Mto1	-13.341168	-9.88729
Parn	-12.605846	-9.151968
Ccser1	-17.333233	-13.879355
Pla1a	-19.81814	-16.364264
Ski	-10.826952	-7.373074
Itgbl1	-10.576108	-7.12223
Gm42903	-19.81814	-16.364264
Slc33a1	-12.618463	-9.164584
Gnl2	-12.393975	-8.940097
March8	-12.347917	-8.894038
Akna	-14.774715	-11.320837
Stx5a	-11.872585	-8.418707
Ttc39c	-14.111031	-10.657152
Dnph1	-17.045551	-13.591674
Myoz2	-11.740073	-8.286195
Topors	-11.825872	-8.371994
Creb3	-11.657622	-8.203744
Cebpa	-16.262793	-12.808914
Irgm1	-13.560473	-10.106595
Dock5	-13.247258	-9.79338
Gm42743	-17.253191	-13.799314
Pla2g4a	-11.540983	-8.087105
Wapl	-11.173434	-7.7195563
Gm4221	-15.598633	-12.144754
Gm42681	-18.719528	-15.265651
Aarsd1	-11.432196	-7.9783177
Ippk	-13.636056	-10.182178
Btg2	-9.213786	-5.759908
Ammecr1l	-12.793491	-9.339613
Gm37885	-16.485935	-13.032058
Slc2a12	-14.670647	-11.216768
Plpp2	-13.127298	-9.67342
Fam160a2	-12.91339	-9.459512
Pigz	-14.927792	-11.473913
Phc1	-13.29752	-9.843641
Zfyve1	-13.42958	-9.975701
Gm9796	-17.333233	-13.879355
Kdm4b	-13.463771	-10.009892
2900026A02Rik	-11.194787	-7.740909
Kdm4c	-12.641122	-9.187243
Ass1	-14.800861	-11.346983
Kif18a	-15.126793	-11.6729145
Mpv17l	-12.611022	-9.157144
Samm50	-11.24117	-7.787292
Ythdf3	-11.933564	-8.479686
Cd276	-13.554743	-10.100864
Skp1a	-10.438648	-6.9847703
Ilf3	-12.373892	-8.920013
Aifm2	-13.463771	-10.009892
Sh3bp5	-15.569646	-12.1157675
Sbk1	-14.485422	-11.031544
H6pd	-13.23889	-9.785011
Cradd	-13.055411	-9.601533
Mindy4	-14.276877	-10.822999
Ago1	-12.441007	-8.987128
Fam161b	-14.927792	-11.473913
Vps26b	-12.882771	-9.428892
Homer2	-15.340804	-11.886926
Eif2b2	-12.50759	-9.053712
Mall	-17.11009	-13.656212
Sbno1	-11.305157	-7.851279
Tceanc	-14.742967	-11.289088
Foxq1	-15.10861	-11.654732
Akap8l	-12.18332	-8.729442
Acss3	-15.723796	-12.2699175
Zfp729a	-13.436325	-9.982447
Gm27028	-17.738699	-14.2848215
Ldhb	-10.297746	-6.843868
Ppih	-13.1901	-9.736221
Slc37a2	-15.500652	-12.046774
4933427E11Rik	-18.719528	-15.265651
D3Ertd751e	-13.519192	-10.065313
Gm44698	-17.620916	-14.167038
Pias3	-12.761104	-9.307225
Zfp773	-16.321632	-12.867755
Tmem159	-12.147246	-8.693368
A730020E08Rik	-18.431845	-14.977967
Cd6	-17.87223	-14.418353
Gm43112	-17.87223	-14.418353
Gm44148	-17.045551	-13.591674
Gm16754	-17.179083	-13.725205
Tlr6	-17.333233	-13.879355
AI854703	-17.420244	-13.966367
Smc2	-13.017971	-9.564093
Cript	-11.099641	-7.645763
Izumo1	-18.431845	-14.977967
Nop56	-11.81244	-8.3585615
Atad3aos	-14.890887	-11.437009
C130046K22Rik	-17.253191	-13.799314
Muc15	-19.81814	-16.364264
Trip12	-11.520597	-8.066719
Gm5141	-14.625184	-11.171306
Gm29394	-16.485935	-13.032058
Gm20756	-18.208702	-14.754825
Sfmbt2	-14.730544	-11.276666
Lmod1	-8.588122	-5.1342444
4930509G22Rik	-16.682646	-13.228768
Gm38407	-19.81814	-16.364264
Usp37	-13.294579	-9.8407
Tmem214	-12.393975	-8.940097
Fam126a	-12.646484	-9.192606
Cpa3	-17.253191	-13.799314
Nolc1	-12.04834	-8.594461
Gm49086	-18.431845	-14.977967
Psmc4	-10.846312	-7.3924336
Sgo1	-16.262793	-12.808914
Vps35l	-12.608061	-9.154182
2610027K06Rik	-14.1833515	-10.729473
Pphln1	-12.90341	-9.449532
Mtmr14	-13.23335	-9.779471
Ttn	-15.555461	-12.101583
Zfp316	-13.896563	-10.442684
Mfsd4b1	-16.104568	-12.65069
Lgals9	-15.212971	-11.759092
Osr2	-14.718274	-11.264396
9230114K14Rik	-12.703371	-9.249493
Ebf4	-14.576394	-11.122516
Foxd2os	-17.738699	-14.2848215
Pcna	-11.908284	-8.454406
Tomm40l	-12.882771	-9.428892
Kcnj12	-15.675006	-12.2211275
Mmp23	-10.525576	-7.0716977
Tmem150a	-12.684845	-9.230967
Gm43466	-15.411422	-11.957543
Zfp2	-13.745096	-10.291218
Kif21a	-15.055966	-11.602088
Lrch2	-12.9616785	-9.5078
Coq4	-13.262784	-9.808906
R3hdm1	-11.6892605	-8.235382
B230369F24Rik	-14.316882	-10.863004
Dnajc3	-10.3798685	-6.9259906
Zfp523	-13.012418	-9.558539
Desi2	-11.037814	-7.583936
Gm11266	-14.292687	-10.838809
Cygb	-15.436114	-11.982236
Vmn1r81	-18.02638	-14.572503
Fam219a	-13.717822	-10.263944
Agap3	-12.563963	-9.110085
Cgas	-16.011478	-12.5576
Gm9888	-17.738699	-14.2848215
Tle2	-13.359802	-9.905924
Wipi2	-12.211753	-8.7578745
Nr2c2	-12.050877	-8.596998
Gpn3	-12.401161	-8.947283
Nt5c3	-12.753382	-9.299503
Qrich1	-12.394572	-8.940694
Nup43	-13.695648	-10.24177
Vwa3a	-15.598633	-12.144754
Clptm1l	-11.567521	-8.113643
Serbp1	-9.651827	-6.1979494
Gm17746	-17.253191	-13.799314
Gm20939	-15.318331	-11.864452
Cd164l2	-19.124992	-15.671115
Zfp532	-12.761104	-9.307225
Nusap1	-15.946939	-12.493061
Ttc27	-13.87272	-10.418841
Tox	-16.984926	-13.531049
Gm44170	-18.431845	-14.977967
Mars2	-14.05295	-10.5990715
Rgn	-18.431845	-14.977967
A730085K08Rik	-19.124992	-15.671115
Depdc7	-16.180553	-12.726676
Zfp689	-14.869381	-11.415503
Poc5	-13.470752	-10.016873
Gm11536	-17.333233	-13.879355
Yod1	-13.061209	-9.60733
Daam1	-11.754448	-8.30057
Kctd16	-13.241672	-9.787793
Eif6	-11.317687	-7.863809
Gm47123	-15.090753	-11.636874
Ssh1	-12.412038	-8.958159
Inip	-13.42455	-9.970672
Gm41442	-17.738699	-14.2848215
Ankrd26	-13.062372	-9.608494
Mndal	-18.208702	-14.754825
Cyyr1	-18.208702	-14.754825
Adnp2	-12.90739	-9.453511
Npw	-17.620916	-14.167038
2810442N19Rik	-17.11009	-13.656212
Gm26586	-17.179083	-13.725205
Apobec2	-14.016023	-10.562144
Gm45371	-18.431845	-14.977967
Shprh	-12.412645	-8.958767
Htr6	-19.81814	-16.364264
Yif1a	-11.594782	-8.140903
Bin3	-13.595565	-10.141686
Cxcl2	-16.450844	-12.996966
Lgi4	-15.906117	-12.452239
Gm53	-19.124992	-15.671115
Thumpd2	-14.062399	-10.6085205
Cenpj	-14.504934	-11.051056
Ppp1r16a	-13.508223	-10.054344
Gm15411	-15.329504	-11.875626
Abr	-13.0057955	-9.551917
Manba	-13.126057	-9.672178
Atad3a	-12.979735	-9.525857
Gm44836	-18.719528	-15.265651
Fam234b	-14.36282	-10.908941
Sp100	-16.15458	-12.700701
Slc4a2	-12.334334	-8.880456
Zc3h7a	-12.151918	-8.69804
Timm50	-12.310451	-8.856572
Mir17hg	-15.126793	-11.6729145
Usp16	-11.789685	-8.335807
Gm50250	-18.719528	-15.265651
Timm29	-12.886669	-9.432791
Myo1a	-18.208702	-14.754825
AI504432	-18.431845	-14.977967
Akirin1	-11.758232	-8.304354
4933425L06Rik	-19.124992	-15.671115
Ces1d	-19.81814	-16.364264
Taf9	-16.640087	-13.186209
Hist2h2bb	-14.883667	-11.429789
Nt5dc2	-15.500652	-12.046774
2900052L18Rik	-15.352233	-11.898355
Egfl7	-16.262793	-12.808914
Mtss1	-11.518357	-8.064479
Znrd1as	-13.2829	-9.829021
Capza2	-10.22656	-6.7726817
A330076H08Rik	-18.02638	-14.572503
Cep290	-12.340536	-8.886658
Syngr2	-11.346154	-7.8922763
4632404H12Rik	-15.411422	-11.957543
Zfp579	-13.806873	-10.352995
Dancr	-13.291646	-9.837768
Arl16	-12.430431	-8.976553
Cds2	-11.296557	-7.8426795
2310010J17Rik	-12.874054	-9.420176
Ano8	-13.971702	-10.517823
1700023F06Rik	-18.431845	-14.977967
Endog	-12.156613	-8.702735
Bnipl	-18.431845	-14.977967
Gm12522	-18.02638	-14.572503
Srp14	-10.189879	-6.7360015
Ncoa4	-11.9068165	-8.452938
Rpusd2	-15.375489	-11.921611
Gm26916	-18.431845	-14.977967
Gm29488	-16.011478	-12.5576
Mei4	-16.599264	-13.145387
Fam8a1	-11.769033	-8.315155
Srrd	-13.149913	-9.696034
Oit3	-17.253191	-13.799314
Epha3	-12.415689	-8.961811
Rpa2	-13.247258	-9.79338
Uevld	-13.211491	-9.757612
Slc26a6	-14.495131	-11.041252
Cfap54	-19.124992	-15.671115
Gm47112	-17.738699	-14.2848215
Atf6	-12.382703	-8.928824
Canx	-10.358755	-6.904877
Cep112it	-15.866897	-12.413018
Kifc1	-16.984926	-13.531049
Spred1	-12.227794	-8.773915
Rpl21	-7.980548	-4.5266705
BC049715	-17.515554	-14.061677
Aprt	-11.056904	-7.603026
Gm45605	-15.613448	-12.15957
Rbmxl1	-12.011851	-8.557973
Pcdh10	-16.321632	-12.867755
Gosr2	-12.9234705	-9.469592
Nr1d2	-11.517116	-8.063237
Platr23	-17.11009	-13.656212
Eif4g2	-9.281123	-5.827245
Slc48a1	-10.635172	-7.181294
Btg3	-11.164495	-7.7106175
Stap1	-17.515554	-14.061677
Ifit1	-15.274846	-11.820968
Hagh	-11.344481	-7.8906035
Mrpl2	-11.937715	-8.483836
Nnat	-17.253191	-13.799314
Fam184b	-14.519823	-11.065945
AA465934	-15.707267	-12.253388
Gm16045	-17.11009	-13.656212
Gm3448	-15.659258	-12.2053795
Nudt10	-14.653355	-11.199476
Mycbpap	-18.719528	-15.265651
Ereg	-13.627826	-10.173947
Amz2	-12.579644	-9.125766
Gpc1	-13.45339	-9.999512
Robo2	-19.81814	-16.364264
Sp2	-13.157565	-9.703687
Mcc	-14.415463	-10.961585
Tcp11	-17.738699	-14.2848215
Card6	-15.387324	-11.933446
Gm9747	-17.515554	-14.061677
Trim30a	-16.599264	-13.145387
Marcks	-13.261362	-9.807484
1700016F12Rik	-19.124992	-15.671115
Ctnna1	-10.43024	-6.9763618
Pnrc2	-11.744738	-8.290859
4930505N22Rik	-17.333233	-13.879355
Jade3	-15.055966	-11.602088
0610010F05Rik	-12.798844	-9.344966
Gprc5d	-18.719528	-15.265651
A630089N07Rik	-14.269065	-10.8151865
1110038B12Rik	-12.868284	-9.414406
Mmp24	-18.431845	-14.977967
Teddm2	-15.423692	-11.969813
Ppp1r16b	-18.719528	-15.265651
4930404I05Rik	-19.81814	-16.364264
Gm15587	-19.81814	-16.364264
Mc5r	-16.599264	-13.145387
Gm11715	-18.719528	-15.265651
Wdr27	-14.581698	-11.12782
Fkbp10	-11.471262	-8.017384
Hdgf	-10.662362	-7.208484
Pik3r3	-13.335033	-9.881155
Unc93b1	-14.2613125	-10.807434
Map4k3	-13.053102	-9.599223
Ankrd1	-12.527166	-9.073288
Pak1ip1	-11.43998	-7.9861016
Med20	-13.167862	-9.713984
Pan3	-12.393379	-8.939501
Smarca4	-11.785781	-8.3319025
Nup133	-13.356672	-9.902794
Fbln7	-15.090753	-11.636874
Cstf3	-12.536067	-9.082189
Pla2g15	-13.119873	-9.665995
Ptges	-16.927769	-13.47389
Rab3b	-16.207222	-12.753345
Lilrb4a	-19.124992	-15.671115
Tia1	-12.192546	-8.7386675
Gm5144	-15.448693	-11.994815
Eomes	-19.81814	-16.364264
Tgfa	-19.81814	-16.364264
Cyth4	-18.719528	-15.265651
Mlec	-11.431284	-7.977406
Tsen15	-12.45931	-9.005431
Lrrc49	-14.081569	-10.62769
Acot11	-12.757665	-9.303786
Ctsl	-9.753258	-6.29938
Sos1	-12.661964	-9.208086
Gm10549	-16.080471	-12.626593
Jpx	-14.367103	-10.913224
A430110L20Rik	-16.927769	-13.47389
Gm11730	-19.81814	-16.364264
Klhl32	-15.527681	-12.073803
Orai2	-15.866897	-12.413018
Papolb	-19.81814	-16.364264
Lca5	-13.826676	-10.372798
1700109G14Rik	-19.81814	-16.364264
Mfap3	-12.510939	-9.05706
Pard3bos3	-16.640087	-13.186209
Sema3e	-15.24343	-11.789552
Abhd17c	-14.787703	-11.333824
Olfr912	-19.81814	-16.364264
Rpsa	-8.2287445	-4.774867
Nudt14	-13.327417	-9.873539
Tnfrsf13c	-19.81814	-16.364264
Bcl9l	-11.610466	-8.156588
Cdk9	-11.576438	-8.12256
Slc5a3	-12.414471	-8.960592
Ets2	-12.089285	-8.6354065
Elf4	-13.888552	-10.434673
Pabpn1l	-19.81814	-16.364264
Gm43050	-18.719528	-15.265651
BC028471	-19.124992	-15.671115
Atl3	-10.789203	-7.335325
Ankrd29	-12.61697	-9.163092
Tspan13	-17.11009	-13.656212
Map3k15	-16.984926	-13.531049
Usp21	-13.511866	-10.057987
Gm43113	-17.738699	-14.2848215
Zfp473	-16.984926	-13.531049
BC002059	-14.354309	-10.900431
2310002D06Rik	-15.829157	-12.375278
a	-18.208702	-14.754825
Nol6	-13.535874	-10.081996
Rbpms	-8.728625	-5.2747474
Gm16272	-19.124992	-15.671115
Rasip1	-16.207222	-12.753345
Kcnj4	-18.719528	-15.265651
Cacna2d3	-14.028181	-10.574303
Pradc1	-13.06587	-9.611992
Ngef	-12.465059	-9.011181
Dhx38	-12.9564295	-9.502551
Klhl42	-13.153731	-9.699853
Gas8	-12.863502	-9.409623
Runx2	-16.011478	-12.5576
Ptprc	-18.719528	-15.265651
Gm28151	-17.11009	-13.656212
Tent5c	-13.029169	-9.575291
Fam172a	-11.901334	-8.447455
Napa	-11.230489	-7.776611
Slc25a11	-11.711023	-8.257145
2610528A11Rik	-18.208702	-14.754825
Dlec1	-17.738699	-14.2848215
Rpl10a	-8.514468	-5.0605903
Baz2a	-12.504254	-9.050376
Gm44317	-17.87223	-14.418353
Uqcrh	-9.147512	-5.6936345
Zfp568	-12.485771	-9.031893
Cyhr1	-11.035665	-7.5817866
Sec24d	-11.299349	-7.845471
Sgsm3	-13.918243	-10.464365
Eci1	-11.599084	-8.1452055
Pdss1	-14.5502825	-11.096404
Ucn2	-19.124992	-15.671115
Casp12	-11.55946	-8.105581
Kcne3	-19.81814	-16.364264
Gls2	-15.847849	-12.3939705
Fitm1	-15.387324	-11.933446
Gm30541	-16.011478	-12.5576
Sgcd	-10.47004	-7.0161624
Usp49	-14.597785	-11.143907
Osgin1	-14.958328	-11.50445
Chic2	-11.711325	-8.257446
Hsh2d	-19.81814	-16.364264
Zfp703	-11.817456	-8.363578
Hgf	-15.145312	-11.691434
2310068J16Rik	-14.973953	-11.520075
Actg2	-9.941973	-6.488095
Atg12	-12.008599	-8.554721
Gm47424	-17.87223	-14.418353
1700001G11Rik	-16.773619	-13.31974
Tmem201	-13.816726	-10.362847
Barx1	-17.179083	-13.725205
Helz2	-14.545141	-11.091263
Hacl1	-13.147374	-9.693496
Phrf1	-12.777604	-9.323726
Zbtb11	-12.568926	-9.115047
Ipo13	-13.040494	-9.586616
Shq1	-14.269065	-10.8151865
Appbp2	-11.774477	-8.320599
Arl9	-18.719528	-15.265651
Gm36037	-18.208702	-14.754825
AA388235	-18.208702	-14.754825
Gm10848	-14.39319	-10.939312
Csad	-11.771272	-8.317393
Ing4	-12.010224	-8.556346
Adora2b	-16.011478	-12.5576
Fastkd2	-13.306396	-9.852517
0610040F04Rik	-19.124992	-15.671115
Dennd5a	-11.68338	-8.229502
1700049E15Rik	-16.727098	-13.27322
Uhrf2	-11.870815	-8.416937
Rps10	-8.145787	-4.6919093
Gpr34	-18.208702	-14.754825
Cdk5rap1	-14.117697	-10.663818
Mical2	-10.429989	-6.976111
Srpx	-17.045551	-13.591674
Pign	-13.948844	-10.494966
Scyl1	-11.844296	-8.390418
Gm49980	-13.95451	-10.500631
Egln1	-11.820814	-8.366936
AW047730	-17.333233	-13.879355
Nptxr	-12.986187	-9.532309
Mrps26	-11.683086	-8.229208
Camsap3	-15.740603	-12.286725
Gm4316	-17.87223	-14.418353
Gabarapl2	-10.527696	-7.0738177
Letm1	-12.075739	-8.6218605
C87436	-12.60954	-9.155662
Fbxo30	-10.479231	-7.025353
Gm14209	-17.179083	-13.725205
Gm20300	-13.00031	-9.546432
Plaat1	-12.845534	-9.391656
Zfp677	-14.571116	-11.117238
Tril	-16.262793	-12.808914
Ddx19b	-13.777886	-10.324008
Clec2l	-18.719528	-15.265651
Tmigd1	-16.873701	-13.419824
1810008B01Rik	-17.11009	-13.656212
Lrp10	-11.557389	-8.103511
Olfr775	-19.81814	-16.364264
Nt5c2	-12.137965	-8.684087
Adora1	-14.619644	-11.165766
Zfp354c	-12.547828	-9.093949
Card10	-17.515554	-14.061677
Purg	-13.663282	-10.209404
Mttp	-14.36282	-10.908941
Snx24	-11.739142	-8.285264
Scarb2	-11.127666	-7.6737885
Khdc4	-12.6503315	-9.196453
L3mbtl2	-13.792274	-10.338396
Gm16141	-15.643753	-12.189875
Rpl30	-7.99483	-4.5409527
Med30	-11.71889	-8.265012
Vangl1	-13.451671	-9.997792
Gm36584	-19.124992	-15.671115
Prkcz	-15.212971	-11.759092
Fam24b	-18.719528	-15.265651
Ift81	-11.972333	-8.518455
Eno1	-10.769261	-7.3153834
Cdc42bpa	-11.257696	-7.803818
Atp5g3	-10.162025	-6.7081475
Efcab11	-17.420244	-13.966367
Ppp3cb	-11.449216	-7.995338
Gm50410	-17.333233	-13.879355
Gm28119	-15.584034	-12.130156
Ube3a	-10.754793	-7.3009152
Palm	-12.111978	-8.658099
Rbm27	-11.629729	-8.175851
Sntb1	-12.30062	-8.846742
Rasgef1a	-15.527681	-12.073803
Pdlim1	-10.170449	-6.7165713
Rem2	-19.81814	-16.364264
Atpsckmt	-13.029169	-9.575291
Rnaseh2c	-10.806617	-7.352739
F2	-17.515554	-14.061677
Slc2a9	-17.179083	-13.725205
Gm45890	-16.29178	-12.837902
Snx11	-13.290183	-9.836305
Clec2e	-19.81814	-16.364264
Commd2	-11.958728	-8.504849
Gm29170	-15.757698	-12.30382
D430018E03Rik	-16.927769	-13.47389
Ahnak2	-10.515494	-7.0616164
Gm20878	-14.162149	-10.708271
Gm30082	-16.727098	-13.27322
Htr5b	-19.124992	-15.671115
Batf3	-17.420244	-13.966367
Pla2g12a	-12.393379	-8.939501
Tubb4a	-12.824208	-9.37033
S100a16	-10.894283	-7.4404054
Pigs	-12.635029	-9.18115
Hip1r	-12.420579	-8.966701
Hps1	-13.64853	-10.194652
Sri	-11.140701	-7.6868234
Olfr1124	-17.11009	-13.656212
1700047I17Rik2	-17.87223	-14.418353
Kdsr	-12.077911	-8.624033
Sh3d21	-13.396519	-9.94264
Mfsd10	-11.71616	-8.262281
Mypop	-13.524721	-10.070843
Dek	-9.967316	-6.5134377
Gspt1	-11.077804	-7.6239257
Igkc	-18.02638	-14.572503
Pomp	-10.166068	-6.71219
Tnnt1	-14.056089	-10.602211
Nab1	-11.203277	-7.7493987
Gm28192	-17.738699	-14.2848215
Bckdk	-12.013889	-8.560011
Ldhc	-19.124992	-15.671115
Apbb1	-11.962596	-8.508718
Zcchc9	-11.552234	-8.098355
Spata5	-13.593582	-10.139704
Rnf111	-12.219742	-8.765863
Ephx4	-16.984926	-13.531049
Ern1	-13.568166	-10.114287
F3	-12.5264845	-9.072606
Thbd	-12.343369	-8.88949
Itpr2	-13.980411	-10.526532
Card19	-10.992581	-7.5387034
Nadk2	-13.227839	-9.773961
Prmt2	-12.5142975	-9.060419
Peli1	-11.614563	-8.160685
Commd9	-12.748266	-9.294388
Brip1os	-12.515644	-9.061766
Scfd1	-11.701724	-8.247846
Foxc1	-10.831069	-7.377191
E2f6	-12.958526	-9.504647
Atp5e	-8.7992	-5.345322
Tatdn1	-12.660405	-9.206527
Pkmyt1	-15.253793	-11.799914
Txnl4a	-11.853638	-8.399759
5031434O11Rik	-15.10861	-11.654732
Zfp950	-12.059808	-8.605929
Smc1a	-10.754561	-7.3006835
Abcb1a	-17.11009	-13.656212
Kctd13	-13.1064005	-9.652522
Dtx2	-13.519192	-10.065313
Tcf25	-10.438733	-6.984855
Lzts3	-14.3333435	-10.879465
Lvrn	-16.104568	-12.65069
Prcp	-13.126057	-9.672178
Cmip	-14.694177	-11.240298
Zfp512	-12.925499	-9.471621
Msl2	-12.374477	-8.920599
Kiss1r	-16.234621	-12.780744
4930426L09Rik	-16.011478	-12.5576
B230206H07Rik	-18.431845	-14.977967
Gm42901	-16.640087	-13.186209
Zbtb40	-14.475806	-11.021928
Zc3h11a	-14.15518	-10.701302
Il7	-16.773619	-13.31974
Tcta	-12.017568	-8.563689
Gm21887	-13.42455	-9.970672
Acap3	-13.545264	-10.091386
Podxl2	-12.2722225	-8.818344
Klhl33	-15.296352	-11.842474
Pcdhga7	-14.768285	-11.314406
C030034I22Rik	-15.145312	-11.691434
Vcp	-10.148416	-6.6945376
Ddx6	-10.6362	-7.182322
Utp14a	-12.582521	-9.128643
Tpst1	-11.617304	-8.163425
Gucy2g	-15.757698	-12.30382
Bmi1	-12.579644	-9.125766
Ccdc158	-17.515554	-14.061677
Tspan31	-11.738523	-8.284644
Tmem191c	-13.740499	-10.28662
Kif20b	-15.829157	-12.375278
Anxa4	-11.721019	-8.26714
Trappc3	-11.734195	-8.280316
Aars	-12.449801	-8.995923
Fcho2	-11.270613	-7.816735
Ramp1	-9.223557	-5.76968
Dzip1l	-12.532634	-9.078755
Apex1	-12.499601	-9.045723
G2e3	-12.921447	-9.467568
Zfp119a	-14.227154	-10.773275
Gm42538	-19.124992	-15.671115
St3gal5	-12.194987	-8.741109
Chpf2	-12.787283	-9.333405
Stxbp3	-11.86412	-8.410241
Gm4524	-16.927769	-13.47389
1700019J19Rik	-17.253191	-13.799314
Sh3rf3	-14.883667	-11.429789
Celf4	-15.223021	-11.769142
Pcdh17	-16.207222	-12.753345
Chmp6	-12.49431	-9.040432
Casc3	-12.541584	-9.087706
Srbd1	-13.339631	-9.885753
Cdc23	-12.520372	-9.066494
Arap3	-19.124992	-15.671115
Gm15050	-13.23889	-9.785011
Mrps30	-12.481204	-9.027326
Dgcr8	-13.23335	-9.779471
Gm49870	-16.05694	-12.603063
Bub1b	-16.180553	-12.726676
Rufy1	-12.551313	-9.097435
Gm44702	-16.984926	-13.531049
Pknox1	-13.093107	-9.639229
Dlx1	-17.620916	-14.167038
Bcr	-12.346778	-8.8928995
Gnat1	-17.87223	-14.418353
Tm6sf1	-12.596305	-9.1424265
Nme1	-11.181033	-7.727155
Tnfrsf1a	-11.617578	-8.163699
Gm16537	-15.757698	-12.30382
Ttc8	-12.916404	-9.462525
Fam129c	-16.321632	-12.867755
Adcy9	-12.773235	-9.319357
Stmn4	-15.723796	-12.2699175
Adcy5	-10.001738	-6.5478597
Olfr1369-ps1	-16.522303	-13.068425
Pex5l	-16.727098	-13.27322
Lig4	-13.801984	-10.348105
Gm32817	-13.619662	-10.165784
Sdf2	-11.262304	-7.8084264
Ino80	-12.424262	-8.970384
Shroom1	-16.080471	-12.626593
Eloa	-12.20235	-8.748471
Idh3a	-11.628618	-8.17474
Rnf227	-15.329504	-11.875626
Ednrb	-16.599264	-13.145387
Aqp9	-19.124992	-15.671115
Bmf	-14.325079	-10.871201
Cilp2	-14.619644	-11.165766
Trmt1l	-12.6580715	-9.204193
Fam193a	-12.089285	-8.6354065
Dnajc7	-12.030759	-8.57688
Gm46440	-16.234621	-12.780744
Plekhg3	-11.316264	-7.862386
Kat2b	-11.898058	-8.44418
Qk	-11.157193	-7.7033153
Dgkd	-12.615479	-9.161601
Rmi2	-16.640087	-13.186209
A730017L22Rik	-14.905486	-11.451608
4632411P08Rik	-17.420244	-13.966367
Gm37864	-16.682646	-13.228768
Gga2	-12.090165	-8.636287
Stat6	-12.260668	-8.806789
Zfp169	-15.081943	-11.628064
Ttc3	-10.618154	-7.1642756
Proser3	-14.249796	-10.7959175
Gm27252	-16.180553	-12.726676
Mex3b	-14.625184	-11.171306
Gm41764	-14.653355	-11.199476
Ppp2r3a	-12.228805	-8.774926
Slc25a25	-14.034315	-10.580437
Gamt	-11.04553	-7.5916524
Gm45447	-14.981859	-11.527981
Hras	-10.757693	-7.3038154
Fam32a	-11.316467	-7.8625894
Mapk1ip1	-12.927531	-9.473653
Gm43539	-19.81814	-16.364264
Creg2	-14.316882	-10.863004
Gnaq	-11.586498	-8.13262
Fignl2	-16.080471	-12.626593
Homez	-14.950606	-11.496728
Gm37273	-17.515554	-14.061677
Dnah6	-19.81814	-16.364264
Tmem229a	-19.81814	-16.364264
Trim34a	-14.216022	-10.762143
Atxn10	-11.567781	-8.113903
Zfp300	-15.126793	-11.6729145
Gm43674	-17.420244	-13.966367
Snx8	-14.410969	-10.95709
Rab4b	-11.768075	-8.314197
Gm15704	-16.927769	-13.47389
Psap	-9.528473	-6.074595
mt-Nd1	-7.4006767	-3.9467993
Vcan	-10.90338	-7.4495025
Selenom	-9.598165	-6.144287
Dok6	-18.719528	-15.265651
Chd9	-11.35182	-7.897942
Sobp	-12.224263	-8.770385
Gm45738	-19.124992	-15.671115
Mterf1a	-14.781188	-11.32731
Pbld2	-16.599264	-13.145387
Neo1	-11.163797	-7.7099195
Nckap1	-10.943973	-7.4900947
Drg2	-12.415689	-8.961811
Blcap	-13.1064005	-9.652522
Gm40117	-16.984926	-13.531049
Fam47e	-14.883667	-11.429789
Nsfl1c	-11.506251	-8.052373
Prx	-14.55545	-11.101572
Eml1	-11.4681835	-8.014305
Pggt1b	-11.996097	-8.542218
Tmtc1	-11.247027	-7.7931495
Yeats2	-13.469002	-10.015123
Mgat5	-12.199398	-8.74552
Gm48286	-17.620916	-14.167038
Fam160a1	-13.491991	-10.038113
Kif2a	-12.068818	-8.61494
Cbwd1	-13.099128	-9.645249
Camk2a	-19.81814	-16.364264
Diaph1	-11.631955	-8.178077
Fam72a	-15.02235	-11.568472
1110008P14Rik	-11.329965	-7.8760867
Rpl7l1	-11.53819	-8.0843115
Gcgr	-18.431845	-14.977967
Srm	-11.934694	-8.480816
Stk16	-11.483429	-8.029551
Eif2s1	-11.499398	-8.04552
2610037D02Rik	-13.627826	-10.173947
Arpp21	-17.620916	-14.167038
Gm44686	-19.124992	-15.671115
Parp1	-12.316506	-8.862628
Slc4a11	-17.515554	-14.061677
Slc20a2	-12.182354	-8.728476
Hbb-bt	-16.485935	-13.032058
Gm49864	-16.450844	-12.996966
8030423F21Rik	-19.124992	-15.671115
Lpar1	-15.487408	-12.033529
4933432I09Rik	-16.873701	-13.419824
E230029C05Rik	-15.399301	-11.945422
Tbx20	-12.682453	-9.228575
Ifnlr1	-15.946939	-12.493061
Gm46447	-16.29178	-12.837902
Pcdhb11	-16.927769	-13.47389
Zfp524	-12.926515	-9.472636
Msh2	-13.061209	-9.60733
Fads1	-11.974292	-8.520413
Epyc	-19.81814	-16.364264
Gm29737	-18.719528	-15.265651
Nlrc3	-15.792789	-12.338911
Gm41556	-17.420244	-13.966367
Lmo1	-12.795273	-9.341394
Dock6	-12.453594	-8.999716
Tex30	-13.301948	-9.848069
Agmo	-16.727098	-13.27322
Sowahc	-14.031243	-10.577365
Nol9	-13.724571	-10.270693
Nnt	-14.608655	-11.154777
Ptp4a2	-10.246775	-6.7928967
Cenpp	-15.274846	-11.820968
4933439K11Rik	-16.822409	-13.36853
Pbld1	-17.87223	-14.418353
Gpatch2	-12.985109	-9.531231
Rnf185	-13.200738	-9.74686
Cyb5r4	-12.4453945	-8.991516
Timm10	-12.377407	-8.923529
Dhtkd1	-15.387324	-11.933446
Fam20c	-12.452961	-8.999083
Zmat1	-12.844598	-9.390719
Cracr2b	-12.701747	-9.247869
Pik3r4	-12.852117	-9.398238
Med1	-12.226784	-8.772905
Notch3	-12.738956	-9.285078
Gm26671	-19.81814	-16.364264
Calhm5	-11.425604	-7.971726
Zfp69	-17.420244	-13.966367
Rwdd4a	-12.775855	-9.321977
Dok4	-14.00103	-10.547152
Stx4a	-11.365593	-7.911715
4930506C21Rik	-16.773619	-13.31974
Thrb	-11.312818	-7.8589396
Pdlim5	-10.264636	-6.810758
Gm48433	-18.02638	-14.572503
Rflnb	-14.031243	-10.577365
Fam221b	-15.423692	-11.969813
Tpd52l1	-12.147246	-8.693368
Slit3	-11.03092	-7.577042
Cited4	-14.504934	-11.051056
Gm5580	-18.719528	-15.265651
Hmox1	-14.603205	-11.149326
Ostf1	-10.939504	-7.4856257
Rab8b	-13.030295	-9.576417
Chordc1	-11.449679	-7.9958014
Gm4117	-12.755949	-9.302071
Gimap4	-19.124992	-15.671115
Bloc1s5	-13.031424	-9.577545
Gnb1l	-15.212971	-11.759092
2900005J15Rik	-15.318331	-11.864452
Plcxd1	-18.719528	-15.265651
Dnajc13	-12.418743	-8.964865
Atat1	-12.911386	-9.457507
Cgref1	-13.438018	-9.984139
Ercc4	-13.631932	-10.178054
Atp6v0d1	-11.210559	-7.756681
Dnaja4	-12.974391	-9.520513
Tmem119	-14.989827	-11.535949
Strip2	-16.03395	-12.580072
Ube2m	-10.633631	-7.179753
Shtn1	-17.420244	-13.966367
Ccdc59	-11.063664	-7.6097865
Tmem184b	-12.121019	-8.667141
Mknk2	-11.696958	-8.243079
Has3	-15.274846	-11.820968
Plpbp	-12.256499	-8.802621
Mitd1	-12.548524	-9.0946455
Myl6b	-14.676477	-11.222599
Tnfsf13	-13.153731	-9.699853
Adig	-18.719528	-15.265651
Fam207a	-12.9658985	-9.51202
Hspe1	-9.9552145	-6.5013366
D830044D21Rik	-19.124992	-15.671115
Elavl4	-19.81814	-16.364264
Tmem129	-13.215553	-9.761675
Usp8	-11.7538185	-8.29994
Jun	-9.168368	-5.7144904
Flrt2	-14.013006	-10.559128
Sars2	-14.890887	-11.437009
Chchd6	-12.381523	-8.927645
Ubqln2	-12.241531	-8.787653
Tbc1d22bos	-19.124992	-15.671115
Csf2ra	-14.292687	-10.838809
Cep152	-14.862314	-11.408436
Disp1	-14.354309	-10.900431
Snrpd1	-11.008576	-7.5546985
Zglp1	-17.515554	-14.061677
4930483J18Rik	-18.431845	-14.977967
Ago4	-14.022083	-10.568205
Zdhhc14	-13.153731	-9.699853
Pfkp	-10.809549	-7.3556714
Slc35g1	-14.078348	-10.62447
Nudt21	-11.881124	-8.427245
Zfp326	-11.788056	-8.334178
Plxnb1	-13.138541	-9.684663
Gcc2	-11.823172	-8.369293
Rcan1	-12.25494	-8.801062
Rbl1	-14.706153	-11.2522745
Emid1	-13.717822	-10.263944
Pdzd4	-13.409612	-9.955733
Glg1	-10.286949	-6.833071
Gm765	-18.208702	-14.754825
Cnih2	-16.927769	-13.47389
Hist1h2ae	-15.039018	-11.585139
Mfhas1	-11.326675	-7.8727975
Larp6	-14.927792	-11.473913
Dlg1	-12.007382	-8.553504
Ndufaf2	-11.585169	-8.13129
Col19a1	-14.091293	-10.637415
Pram1	-17.333233	-13.879355
Abca5	-12.759382	-9.305504
Slc25a29	-13.094308	-9.6404295
Adsl	-12.60954	-9.155662
Fanci	-18.208702	-14.754825
Erf	-12.668224	-9.214346
Mmp19	-17.333233	-13.879355
Unc13d	-16.450844	-12.996966
Ccdc187	-17.515554	-14.061677
Gng2	-14.997859	-11.543981
Klf5	-15.387324	-11.933446
Kcnk13	-19.81814	-16.364264
Sec24a	-12.581801	-9.127923
Gm16240	-18.208702	-14.754825
Rexo5	-15.555461	-12.101583
Tcp11x2	-18.431845	-14.977967
Polb	-12.336021	-8.882143
Olfr1419	-19.81814	-16.364264
Epn2	-11.179261	-7.7253833
Gm37584	-18.431845	-14.977967
R3hdm4	-11.81244	-8.3585615
Dscc1	-17.87223	-14.418353
Cnn1	-8.2733	-4.8194222
Jak2	-12.210759	-8.756881
Birc2	-12.103463	-8.649585
Zscan2	-15.164181	-11.710302
Xpo5	-13.04506	-9.591182
Gm15677	-18.719528	-15.265651
Trim5	-14.636357	-11.182479
Pdlim2	-10.854725	-7.400847
Top3b	-12.779357	-9.325479
Parl	-11.819134	-8.365255
Rpl39	-8.03638	-4.582502
Tmem29	-12.3668995	-8.913021
Gm4668	-18.719528	-15.265651
Fam217b	-12.994855	-9.540977
Zfp820	-14.9203005	-11.466422
Sf3b6	-10.904187	-7.4503093
1700028M03Rik	-18.719528	-15.265651
2610002M06Rik	-12.901425	-9.447547
Scnn1a	-16.29178	-12.837902
Zbtb18	-13.490204	-10.036325
2700046A07Rik	-16.822409	-13.36853
Ptgr1	-12.669795	-9.215917
Naa50	-10.913647	-7.459769
Gabpa	-12.429812	-8.975934
Zfp367	-12.167972	-8.714093
Avpr1a	-19.81814	-16.364264
Tma16	-12.95225	-9.498371
Zbtb44	-11.862015	-8.408136
Tesmin	-18.208702	-14.754825
mt-Nd6	-11.850514	-8.396636
Ttc30a1	-15.500652	-12.046774
Riok3	-11.604218	-8.150339
Carns1	-12.615479	-9.161601
Ppbp	-19.81814	-16.364264
Cnih3	-19.124992	-15.671115
Eed	-12.425493	-8.971615
Ptpn9	-12.211753	-8.7578745
Ube2g2	-12.424878	-8.971
Cubn	-16.207222	-12.753345
Gm19710	-16.822409	-13.36853
Pemt	-14.787703	-11.333824
Gm29685	-19.81814	-16.364264
Gm26810	-17.045551	-13.591674
Adprh	-11.777371	-8.323493
Renbp	-16.080471	-12.626593
Phka1	-13.483087	-10.029208
Gm37876	-19.124992	-15.671115
Lztfl1	-12.087088	-8.633209
Neto2	-16.129261	-12.675383
Csnk1d	-11.882195	-8.428317
Prss12	-15.423692	-11.969813
Zfp446	-14.34587	-10.891992
Gm39214	-17.045551	-13.591674
Acvr2a	-13.123579	-9.669701
Gm5532	-14.664849	-11.210971
Ensa	-11.4710245	-8.017146
Gpt2	-14.862314	-11.408436
Marveld2	-19.124992	-15.671115
Adamtsl3	-12.783752	-9.329874
Gm26964	-16.560043	-13.106166
2810457G06Rik	-14.022083	-10.568205
Cep95	-14.485422	-11.031544
4833403J16Rik	-19.81814	-16.364264
Pdgfra	-13.417883	-9.9640045
Bnip1	-13.248659	-9.794781
Fhod1	-13.656934	-10.203055
1700120C14Rik	-12.966956	-9.513078
R3hcc1l	-13.194076	-9.740197
Nsd3	-11.575384	-8.121506
AW554918	-13.449954	-9.996076
Sipa1l1	-12.788168	-9.33429
Foxd3	-19.124992	-15.671115
Zmiz1	-11.940365	-8.486486
Apba3	-12.638833	-9.184955
Pgm1	-12.585407	-9.131529
Tmem38a	-12.884718	-9.43084
Slx1b	-13.59755	-10.143672
9130015G15Rik	-16.640087	-13.186209
Snx27	-12.6580715	-9.204193
2310015A10Rik	-13.293111	-9.839232
Syt11	-11.59505	-8.141171
Gbp2	-12.993767	-9.539888
Hnrnpab	-10.484256	-7.030378
Dyrk1a	-12.336585	-8.882707
Uchl1	-10.419249	-6.9653707
Gria4	-17.045551	-13.591674
Adam4	-16.080471	-12.626593
Fmnl1	-19.124992	-15.671115
Slc44a3	-17.620916	-14.167038
Plk1	-18.02638	-14.572503
Psmb7	-10.880265	-7.4263873
Sergef	-13.48842	-10.034541
Zfp972	-17.179083	-13.725205
Eml5	-14.36282	-10.908941
Igdcc4	-15.126793	-11.6729145
Gm50147	-18.431845	-14.977967
Gm16133	-14.375723	-10.9218445
Hps6	-14.117697	-10.663818
Gm44123	-16.984926	-13.531049
F2rl3	-16.873701	-13.419824
Med19	-12.279646	-8.8257675
Psmg4	-11.583841	-8.129963
Suclg2	-11.069518	-7.61564
Atxn7l1os1	-19.81814	-16.364264
Gm48202	-19.124992	-15.671115
Ifrd1	-10.701452	-7.2475743
Fbh1	-12.44917	-8.995292
Lgi1	-18.719528	-15.265651
Sec14l1	-12.632753	-9.178875
Cpz	-14.989827	-11.535949
Nipa1	-12.861595	-9.407717
Angptl4	-15.423692	-11.969813
Hcn2	-16.599264	-13.145387
Acox3	-13.019085	-9.565207
Gstt1	-11.227325	-7.7734475
Smarcd2	-12.889603	-9.435724
Plpp6	-13.530282	-10.076404
Cd274	-15.253793	-11.799914
Gm13483	-15.340804	-11.886926
Phex	-13.380389	-9.926511
Platr22	-19.124992	-15.671115
Lamc3	-11.876845	-8.422967
Rsl1	-14.950606	-11.496728
Ank2	-11.121798	-7.6679196
Abhd18	-13.319859	-9.86598
Hsf2	-12.9564295	-9.502551
Glt8d1	-11.882911	-8.429032
Fam3a	-12.278582	-8.824703
Rnf17	-19.124992	-15.671115
Gm47398	-19.124992	-15.671115
5330439K02Rik	-17.11009	-13.656212
Alkbh2	-13.615605	-10.161727
Hils1	-18.431845	-14.977967
Dvl2	-13.449954	-9.996076
Trip11	-10.939504	-7.4856257
Lamtor1	-11.1755495	-7.7216716
Pld1	-12.895497	-9.441619
Gm44549	-19.124992	-15.671115
Cks1b	-12.317612	-8.863733
Cbfb	-13.431261	-9.977383
Gm47708	-17.87223	-14.418353
Fer	-12.274338	-8.820459
Mon1b	-13.722316	-10.268437
2610008E11Rik	-12.97226	-9.518382
Gucy1b1	-10.021682	-6.567804
Ubiad1	-14.230892	-10.777014
Gm26632	-12.034917	-8.581038
1810058I24Rik	-10.673193	-7.219315
Phpt1	-12.223256	-8.769378
Gm4787	-16.873701	-13.419824
Med6	-12.502257	-9.048379
Tbcb	-10.766211	-7.3123326
Lrch1	-12.635789	-9.1819105
Abcc4	-15.967993	-12.514114
Diaph3	-15.691007	-12.237128
Ppp2r2d	-11.541237	-8.087358
Fem1c	-12.6580715	-9.204193
Vti1a	-12.853061	-9.399182
Rbmx2	-12.927531	-9.473653
Olfr920	-14.636357	-11.182479
Manbal	-11.039507	-7.585629
D430041D05Rik	-19.124992	-15.671115
Sirt7	-12.63427	-9.180391
Ddah2	-11.175902	-7.7220244
Tmem176b	-13.081174	-9.6272955
Lmo2	-16.682646	-13.228768
5730405O15Rik	-16.984926	-13.531049
Vmac	-13.174351	-9.720472
Dnpep	-11.832997	-8.379119
Akr1b3	-11.003365	-7.5494866
0610040B10Rik	-15.474336	-12.020457
Gucd1	-12.905398	-9.45152
Mbd4	-14.438243	-10.9843645
Slfn3	-16.873701	-13.419824
Zfp397	-12.415689	-8.961811
Cmas	-11.968817	-8.514938
Coa7	-13.682576	-10.228698
Palb2	-16.104568	-12.65069
Peg12	-17.253191	-13.799314
Gm13710	-17.179083	-13.725205
H13	-11.334711	-7.880833
Ripor2	-17.515554	-14.061677
Gm3364	-18.208702	-14.754825
Gm15609	-17.620916	-14.167038
Izumo1r	-18.02638	-14.572503
Pigb	-14.475806	-11.021928
Gm43598	-17.515554	-14.061677
Arpin	-12.91741	-9.4635315
Hdgfl3	-11.412773	-7.958895
Cipc	-12.971198	-9.51732
Gpr107	-12.244096	-8.790217
Fbxo8	-12.393379	-8.939501
Gm45159	-17.253191	-13.799314
Gm14291	-17.738699	-14.2848215
Pcdhga2	-16.262793	-12.808914
Casq1	-12.561844	-9.107965
Ccne2	-14.706153	-11.2522745
Gm43672	-13.432946	-9.979068
Mrpl50	-12.2823105	-8.828432
Fnip2	-12.978664	-9.524786
Nmt2	-11.609377	-8.1554985
Mageh1	-12.27805	-8.824172
Zfp266	-12.241019	-8.787141
Gm50210	-19.81814	-16.364264
Cdc42	-9.82765	-6.373772
Hist2h2aa1	-12.718939	-9.26506
Brd2	-10.639911	-7.186033
Mylk3	-17.515554	-14.061677
Tmem138	-13.374009	-9.920131
Ybey	-13.885896	-10.432017
Tnfaip8l3	-17.420244	-13.966367
Dnah14	-17.87223	-14.418353
Zfp715	-13.241672	-9.787793
Gm36660	-16.682646	-13.228768
Carmil3	-16.560043	-13.106166
Klhdc2	-11.396358	-7.9424796
Dusp9	-18.719528	-15.265651
Xkrx	-18.208702	-14.754825
Pld3	-12.475362	-9.021483
E130215H24Rik	-16.873701	-13.419824
Adck2	-13.857136	-10.403257
Gm14418	-14.208669	-10.75479
Mvd	-14.320972	-10.867094
Spaar	-15.829157	-12.375278
4930447C04Rik	-14.461555	-11.007676
Add2	-19.124992	-15.671115
Mmgt1	-12.581801	-9.127923
3010001F23Rik	-14.768285	-11.314406
Gm15327	-17.87223	-14.418353
Lctl	-18.719528	-15.265651
2700046G09Rik	-14.581698	-11.12782
March2	-10.993757	-7.5398793
Far1os	-19.124992	-15.671115
Zfp273	-15.073209	-11.61933
Gm13031	-18.719528	-15.265651
Inpp4b	-17.620916	-14.167038
Gm36543	-16.450844	-12.996966
Rbbp8	-13.11741	-9.663531
Inpp1	-12.571773	-9.117894
Wls	-10.440254	-6.9863763
Tulp2	-17.333233	-13.879355
Igsf1	-19.81814	-16.364264
Rab4a	-12.947049	-9.493171
Gm26831	-18.02638	-14.572503
Naa20	-11.597199	-8.143321
Brca2	-14.3500805	-10.896202
Ccnc	-12.597767	-9.143888
Ext1	-10.996556	-7.5426784
Ctnnbl1	-12.538133	-9.084254
Sgca	-11.836066	-8.382188
Leng1	-12.181871	-8.727993
Samd4	-10.017018	-6.5631404
Nprl3	-13.417883	-9.9640045
Capn12	-14.514836	-11.060958
Abca8b	-16.640087	-13.186209
Nln	-13.708893	-10.255014
Gm2366	-16.352404	-12.898526
Ttll13	-16.822409	-13.36853
Peg13	-12.080524	-8.626646
Mbtd1	-12.834351	-9.380472
1700003F12Rik	-18.431845	-14.977967
Chd6	-10.733477	-7.2795987
Rab42	-14.742967	-11.289088
Bdh2	-14.755546	-11.301667
Cmtm3	-14.89816	-11.444282
2810414N06Rik	-16.822409	-13.36853
2610507I01Rik	-13.910058	-10.45618
Tnfaip8l2	-18.719528	-15.265651
Gm26887	-15.92632	-12.472442
Gm42869	-15.06455	-11.610672
Dlx5	-14.834534	-11.380655
Gm13684	-17.420244	-13.966367
Mxi1	-12.225775	-8.771896
Wasf2	-10.634247	-7.180369
Nrp1	-12.184772	-8.730893
Gm37933	-18.02638	-14.572503
Gm30074	-19.124992	-15.671115
Cdkn3	-16.522303	-13.068425
Plxdc1	-19.124992	-15.671115
Mrpl30	-10.797993	-7.344115
Kmt2c	-11.36837	-7.914492
Dhrs1	-11.764571	-8.310693
Ptprs	-10.820869	-7.3669915
Mmut	-11.868343	-8.414465
Gm32950	-18.719528	-15.265651
Igfbp4	-10.836585	-7.382707
Ntng1	-13.854562	-10.400683
Xkr4	-15.757698	-12.30382
Gjc3	-19.81814	-16.364264
Exoc3	-11.383243	-7.9293647
Fam220a	-14.625184	-11.171306
4930563E22Rik	-15.740603	-12.286725
Ptprn	-13.313852	-9.859974
Ugcg	-13.071729	-9.61785
Gm20481	-17.620916	-14.167038
Pax9	-16.450844	-12.996966
Lhpp	-13.484861	-10.030983
Pik3r5	-19.124992	-15.671115
Gm16958	-19.81814	-16.364264
Thg1l	-14.0848	-10.630921
Slc22a2	-14.127781	-10.6739025
Gm6169	-15.555461	-12.101583
Usf2	-11.593441	-8.139563
Sec24b	-12.302252	-8.848373
Mfsd13a	-16.822409	-13.36853
Cebpd	-10.7404175	-7.2865396
Hdac3	-12.335459	-8.88158
Trip13	-16.984926	-13.531049
Abcc8	-17.420244	-13.966367
Mtfp1	-15.329504	-11.875626
4930443O20Rik	-19.81814	-16.364264
Gm37170	-18.02638	-14.572503
Fgfr3	-15.792789	-12.338911
Pax6	-17.333233	-13.879355
Mab21l1	-15.474336	-12.020457
Prox1	-16.15458	-12.700701
Sfxn5	-14.742967	-11.289088
Kcne4	-13.103971	-9.650092
Mcts1	-11.691031	-8.237153
Smarcb1	-11.614837	-8.160958
Enpep	-14.107714	-10.653835
Ttc30b	-13.854562	-10.400683
Lyrm4	-13.108836	-9.654958
Tapbp	-11.530612	-8.076734
Pask	-16.522303	-13.068425
Atf5	-11.195867	-7.7419887
Acaca	-12.688043	-9.234164
Casd1	-12.217738	-8.76386
Rapgef5	-11.929056	-8.475178
Tdp2	-13.07526	-9.621382
Vamp5	-12.033668	-8.579789
Susd4	-15.183412	-11.729533
Sap18b	-14.245987	-10.792109
Dixdc1	-13.351996	-9.898118
Mfsd9	-16.234621	-12.780744
Fosl1	-16.727098	-13.27322
Rassf2	-15.829157	-12.375278
Rbp7	-18.02638	-14.572503
Clec4a3	-19.124992	-15.671115
B3gnt2	-11.647955	-8.194077
Dhx30	-12.144453	-8.690575
Lrrc14	-12.994855	-9.540977
Gm43305	-15.099642	-11.645763
Gtf2f2	-13.5471525	-10.093274
Cox7a1	-14.571116	-11.117238
Tnfsf12	-10.99126	-7.5373816
Pitpnb	-11.186013	-7.7321353
Cybrd1	-17.87223	-14.418353
Camk2d	-10.447554	-6.9936757
Tnfrsf11b	-12.509598	-9.055719
Rmnd1	-12.790826	-9.336947
Exd2	-13.325901	-9.872023
Trappc11	-12.79795	-9.344071
Idnk	-12.2187395	-8.764861
Slc1a3	-17.179083	-13.725205
Ppig	-10.613416	-7.159538
Man1a	-14.25362	-10.799742
Clic1	-10.096235	-6.6423573
Rps15	-8.594298	-5.1404204
Pex7	-12.506254	-9.052376
Mirg	-15.099642	-11.645763
Fmr1nb	-17.515554	-14.061677
Alg2	-13.353553	-9.899674
Nek8	-14.272964	-10.819085
Wdsub1	-12.412645	-8.958767
Macf1	-9.790977	-6.3370986
AY074887	-17.420244	-13.966367
Pdk4	-13.170452	-9.716574
Kif9	-16.352404	-12.898526
Fermt3	-16.29178	-12.837902
Casp7	-14.190519	-10.736641
Gm10603	-19.124992	-15.671115
Mbip	-12.908387	-9.454509
Sdk2	-14.688242	-11.234364
Rhot2	-13.234732	-9.780853
Diaph2	-11.179439	-7.7255607
Zmym5	-11.814109	-8.36023
Lrrc42	-12.496952	-9.043074
Nkx6-1	-13.499172	-10.045294
Rnf20	-12.040348	-8.58647
Gsta4	-14.500021	-11.046143
Alas1	-12.506254	-9.052376
Pomc	-15.448693	-11.994815
Cxadr	-18.02638	-14.572503
Itgae	-17.738699	-14.2848215
Zfp971	-14.284751	-10.830873
Gm12052	-18.208702	-14.754825
Tmem181a	-13.370835	-9.916957
Capn9	-16.450844	-12.996966
Esam	-12.572486	-9.1186075
Nphp4	-16.321632	-12.867755
Gpn1	-12.709897	-9.256019
Pir	-14.040488	-10.58661
1700048O20Rik	-14.942944	-11.489065
Gm16069	-18.02638	-14.572503
Adipoq	-19.81814	-16.364264
Gon4l	-11.979009	-8.52513
Sh2d6	-19.124992	-15.671115
Gm19531	-15.329504	-11.875626
Arhgap5	-10.717727	-7.263849
Lin37	-12.768886	-9.315007
Chchd7	-11.572231	-8.118353
Ankrd24	-13.432946	-9.979068
A430057M04Rik	-18.719528	-15.265651
Fmo4	-15.675006	-12.2211275
Cdk1	-16.522303	-13.068425
Mrpl48	-11.185478	-7.7316003
Hnrnpf	-10.616135	-7.1622567
Cpne8	-13.957355	-10.503476
Top1	-10.399323	-6.9454455
Grk2	-12.197435	-8.743557
Atad2b	-12.272751	-8.818872
Dync1i1	-18.431845	-14.977967
Ddb1	-10.938947	-7.485069
Nos3	-15.598633	-12.144754
Taok3	-12.105697	-8.651818
Zyx	-9.3347025	-5.880825
Ubr7	-12.454862	-9.000983
Col14a1	-10.698491	-7.244613
Tex52	-18.719528	-15.265651
Trmt61b	-13.288722	-9.834844
Gm20275	-19.124992	-15.671115
Oxt	-17.420244	-13.966367
Fam20a	-13.294579	-9.8407
Zpr1	-12.407189	-8.953311
Olfr57	-18.02638	-14.572503
Arl4c	-14.00401	-10.550132
Gm15934	-18.719528	-15.265651
Uxt	-12.667439	-9.213561
0610005C13Rik	-16.927769	-13.47389
Gm35867	-17.253191	-13.799314
Gpc4	-12.696888	-9.24301
Rprd2	-12.158027	-8.704148
Entpd1	-10.594983	-7.141105
Fryl	-11.138828	-7.6849504
Ngrn	-12.347347	-8.893469
C130060C02Rik	-17.179083	-13.725205
Smpdl3b	-14.942944	-11.489065
Gm10855	-14.774715	-11.320837
Vma21	-11.665367	-8.211489
Rassf9	-14.040488	-10.58661
Ero1l	-11.971942	-8.518064
B930036N10Rik	-14.534937	-11.0810585
Mrpl3	-12.158027	-8.704148
Smarcd1	-12.291962	-8.838083
Gm28809	-17.333233	-13.879355
Pcsk6	-14.137968	-10.68409
Dda1	-11.72041	-8.266532
Sox12	-13.977499	-10.523621
Tex26	-17.87223	-14.418353
Gm16712	-18.431845	-14.977967
Ggt7	-13.948844	-10.494966
Parp3	-11.557389	-8.103511
Gtf2h2	-13.463771	-10.009892
Klf4	-10.949868	-7.4959903
Smc6	-10.562445	-7.1085668
Fbxo4	-12.611022	-9.157144
Sypl	-10.910257	-7.4563794
Dctn2	-10.639704	-7.185826
Phospho2	-12.835278	-9.381399
Diablo	-12.004549	-8.550671
Gm45871	-14.158659	-10.704781
Gm49719	-15.613448	-12.15957
Hist1h3f	-14.592394	-11.138515
Ptpn4	-13.467255	-10.013376
Sh2d4a	-16.262793	-12.808914
Arhgap4	-17.179083	-13.725205
Cavin4	-17.420244	-13.966367
Ciao2b	-10.685222	-7.2313437
6720489N17Rik	-14.576394	-11.122516
Ccdc9b	-12.093694	-8.639815
Sec11c	-10.935888	-7.4820104
Lpar2	-17.253191	-13.799314
Gm47391	-19.81814	-16.364264
Kank3	-14.308752	-10.854874
Ankhd1	-11.962209	-8.50833
Hspb2	-10.305624	-6.851746
Slc19a3	-17.179083	-13.725205
Tmco3	-12.241019	-8.787141
Msr1	-19.124992	-15.671115
Slc25a45	-15.847849	-12.3939705
Ccni	-10.524103	-7.0702252
Ppp3r1	-11.897695	-8.443816
Hhip	-16.485935	-13.032058
Spry3	-18.719528	-15.265651
Gm42372	-18.431845	-14.977967
Klhl7	-12.017978	-8.564099
Sptlc2	-12.9894285	-9.53555
Gm26760	-15.906117	-12.452239
Gtf3c3	-12.894512	-9.440634
Rnf123	-12.414471	-8.960592
Gm45216	-19.81814	-16.364264
Star	-16.011478	-12.5576
Klhl11	-13.479547	-10.025668
Mrpl20	-10.380983	-6.9271054
Rab27b	-12.192546	-8.7386675
Tmem42	-12.81054	-9.356662
Ppfia1	-11.966479	-8.512601
Zmym1	-13.251469	-9.79759
Ipmk	-13.82418	-10.370301
Psmd14	-11.555582	-8.101704
Il16	-13.946023	-10.492145
Cpa2	-17.515554	-14.061677
Ppil2	-11.981376	-8.527497
Gm13212	-13.002501	-9.548622
Gpr173	-13.47426	-10.020382
Spata4	-18.208702	-14.754825
Rad54b	-18.02638	-14.572503
Degs1	-10.578921	-7.1250434
Ell2	-12.139352	-8.685473
Prkaca	-11.6787	-8.224822
Grhl1	-17.045551	-13.591674
Letmd1	-13.204757	-9.750878
Mpv17	-11.814777	-8.360899
Slc7a5	-14.121047	-10.667169
Szrd1	-11.873649	-8.41977
Pex19	-12.219742	-8.765863
Lbr	-12.44854	-8.994661
Kank4	-14.208669	-10.75479
Lrrn1	-19.81814	-16.364264
Cfdp1	-11.062088	-7.60821
Sacs	-11.698742	-8.2448635
AI480526	-14.19774	-10.743861
Espn	-14.471033	-11.017155
Prrt2	-18.02638	-14.572503
Spast	-12.501593	-9.047714
Nr2e3	-17.045551	-13.591674
Ttc33	-12.181389	-8.72751
Gm50087	-18.208702	-14.754825
2900009J06Rik	-14.19774	-10.743861
Rnaset2b	-13.469002	-10.015123
D130040H23Rik	-14.592394	-11.138515
Zfp174	-14.848328	-11.394449
Gm15564	-14.694177	-11.240298
C130074G19Rik	-16.03395	-12.580072
Tob2	-10.527696	-7.0738177
Tmem9	-12.336585	-8.882707
Txndc16	-12.821459	-9.36758
Prmt9	-13.749715	-10.295836
Dna2	-15.967993	-12.514114
B230322F03Rik	-15.847849	-12.3939705
Cnbd2	-15.363793	-11.909915
Mettl7a3	-17.87223	-14.418353
Fam178b	-14.495131	-11.041252
Emc6	-11.249684	-7.7958064
Ei24	-11.847746	-8.3938675
Dtnb	-13.545264	-10.091386
4732419C18Rik	-17.87223	-14.418353
Gdf15	-13.558559	-10.104681
Slc1a5	-11.603134	-8.149256
Adgrf5	-17.87223	-14.418353
Slc6a15	-16.873701	-13.419824
Sec63	-11.259421	-7.8055434
Nr4a3	-12.904404	-9.450525
Rnf144a	-16.384153	-12.930275
Tm9sf2	-10.682093	-7.2282147
Wdyhv1	-13.180882	-9.727004
Apol7b	-18.431845	-14.977967
Txlnb	-13.151184	-9.697306
Bmp2k	-13.072905	-9.619026
Gm16066	-18.431845	-14.977967
5930430L01Rik	-13.126057	-9.672178
Itga6	-15.487408	-12.033529
Ly75	-13.078804	-9.624926
Xrn1	-11.857818	-8.403939
Hint1	-9.366214	-5.912336
C4b	-15.775089	-12.321211
Oxnad1	-13.465511	-10.011633
Rfc5	-14.013006	-10.559128
4921507G05Rik	-19.124992	-15.671115
Clcnkb	-17.515554	-14.061677
Mark1	-11.588363	-8.134484
Trim28	-11.771591	-8.317713
Atp6ap1l	-13.965939	-10.51206
N4bp3	-15.757698	-12.30382
Tbc1d30	-15.212971	-11.759092
Gm28875	-14.134561	-10.680682
Acss1	-14.688242	-11.234364
C030014I23Rik	-13.556649	-10.102771
Wdr25	-14.973953	-11.520075
Tab1	-13.963069	-10.509191
Psmd1	-10.9234705	-7.4695926
Eif3j2	-13.439714	-9.985836
Pianp	-15.92632	-12.472442
Pag1	-14.2613125	-10.807434
Ccdc93	-13.255696	-9.801818
Gm9991	-16.640087	-13.186209
Zfp775	-13.556649	-10.102771
Esyt1	-11.5801325	-8.126254
Cdk15	-16.234621	-12.780744
Hotairm1	-11.388686	-7.9348083
Rgs5	-11.031379	-7.577501
2210406O10Rik	-16.599264	-13.145387
Acvr2b	-13.678256	-10.224378
Prrx2	-13.545264	-10.091386
Adrm1	-11.387378	-7.9335
Pisd	-13.422879	-9.969001
Zfp879	-14.989827	-11.535949
Nudt15	-15.691007	-12.237128
2610204G07Rik	-19.124992	-15.671115
Zfp41	-14.2966795	-10.842801
Cpt1c	-13.151184	-9.697306
Cd14	-15.030649	-11.576771
Pfdn4	-11.745673	-8.291795
Fbxl18	-13.787456	-10.333577
Abtb1	-12.942908	-9.48903
Cdc42ep3	-9.889229	-6.435351
Esco1	-12.496952	-9.043074
Tppp	-14.456849	-11.002971
Phactr2	-11.77705	-8.323172
H1fx	-13.434634	-9.980756
Ctu1	-14.480603	-11.026725
Fgfr2	-12.351913	-8.898035
Zfp968	-15.081943	-11.628064
Pramef8	-14.059239	-10.605361
Sytl1	-16.927769	-13.47389
4930579G18Rik	-19.81814	-16.364264
Rab20	-14.519823	-11.065945
Ddc	-16.29178	-12.837902
Mvb12a	-11.428554	-7.9746757
Supt6	-11.55249	-8.098612
Lyplal1	-13.64853	-10.194652
Fig4	-13.248659	-9.794781
Zfp710	-13.948844	-10.494966
Rab10os	-13.126057	-9.672178
Troap	-18.208702	-14.754825
Hnrnpa0	-10.81421	-7.360332
Lsmem2	-13.570098	-10.1162195
Emilin2	-19.124992	-15.671115
Lmna	-9.400244	-5.946366
Fndc1	-16.522303	-13.068425
Seh1l	-12.19401	-8.740131
2810408I11Rik	-15.212971	-11.759092
Bysl	-13.108836	-9.654958
Gm5544	-18.208702	-14.754825
Pdcd4	-11.508218	-8.054339
Arg1	-18.431845	-14.977967
Atm	-13.014635	-9.560757
Aars2	-14.190519	-10.736641
A330094K24Rik	-15.707267	-12.253388
Gm45148	-18.02638	-14.572503
9530068E07Rik	-10.664371	-7.2104926
Gm11638	-17.179083	-13.725205
Gm29686	-13.351996	-9.898118
Nsg1	-13.836726	-10.382848
Rap2a	-12.734753	-9.280874
Cldn1	-19.81814	-16.364264
Wdr61	-11.465587	-8.011708
Ccdc117	-12.860643	-9.406765
Mipol1	-13.965939	-10.51206
Gm34680	-18.719528	-15.265651
Nudcd1	-13.144843	-9.690965
Lrrc57	-13.06587	-9.611992
Rpl39l	-16.984926	-13.531049
Dnajc10	-10.772793	-7.318915
Gm43825	-18.719528	-15.265651
Stag3	-18.208702	-14.754825
Kat6b	-11.547359	-8.093481
Gm36236	-18.431845	-14.977967
9430065F17Rik	-15.164181	-11.710302
Gm42658	-16.599264	-13.145387
Gm10817	-17.045551	-13.591674
Gm26826	-17.11009	-13.656212
Gm36199	-19.124992	-15.671115
Naalad2	-14.800861	-11.346983
Rcc2	-13.327417	-9.873539
Gm48693	-18.719528	-15.265651
Eno3	-13.64853	-10.194652
Cdk11b	-11.15806	-7.704182
Slc25a19	-12.804225	-9.350347
Nin	-13.062372	-9.608494
Cdh17	-18.431845	-14.977967
Abraxas2	-12.308805	-8.854927
Cenpn	-16.450844	-12.996966
Dctn1	-11.402759	-7.9488807
Psmc2	-10.783226	-7.329348
Gm12714	-18.719528	-15.265651
Pim1	-13.345795	-9.891916
Uqcrb	-9.441529	-5.9876513
Gm28730	-19.124992	-15.671115
Bcl2	-11.295761	-7.841883
Nmrk2	-16.321632	-12.867755
Nampt	-11.804466	-8.350588
Pcdhb8	-17.11009	-13.656212
Ggps1	-11.846365	-8.392487
Rpain	-12.251312	-8.797434
Zc3h12d	-18.719528	-15.265651
Gm12974	-18.431845	-14.977967
Fam45a	-12.296823	-8.842944
Gm27253	-17.515554	-14.061677
Dctn3	-11.394819	-7.9409413
Lyn	-15.555461	-12.101583
Gm41192	-19.124992	-15.671115
Tmem56	-15.352233	-11.898355
Gas2l2	-19.81814	-16.364264
Ppil3	-12.520372	-9.066494
Mrpl51	-10.926492	-7.472614
Zbtb5	-13.9264965	-10.472618
Mfsd13b	-16.822409	-13.36853
Rdh10	-13.535874	-10.081996
Akt3	-11.580926	-8.127048
Spata2l	-14.509873	-11.055995
Airn	-13.081174	-9.6272955
Dnd1	-16.773619	-13.31974
4930563E18Rik	-18.208702	-14.754825
Hdac11	-12.889603	-9.435724
Trim14	-19.81814	-16.364264
Fam50a	-11.63112	-8.177241
Bphl	-12.25754	-8.803661
Evi2	-19.124992	-15.671115
4933439C10Rik	-14.212338	-10.75846
Pacs1	-13.103971	-9.650092
Slamf8	-19.81814	-16.364264
Tbx6	-16.927769	-13.47389
Smim14	-9.82765	-6.373772
Edc3	-13.849433	-10.395555
Lrp1	-10.137172	-6.683294
Kctd8	-17.87223	-14.418353
Trim23	-13.401408	-9.94753
Nvl	-12.4625	-9.008621
Zc2hc1a	-10.930626	-7.476748
Gm43258	-16.180553	-12.726676
Pcdhga1	-18.02638	-14.572503
Trim62	-14.876498	-11.42262
Fis1	-10.309401	-6.8555226
Rassf7	-14.292687	-10.838809
1700021F05Rik	-12.492991	-9.039113
Gpd1	-14.016023	-10.562144
Otud3	-14.288712	-10.834833
Cped1	-8.911432	-5.457555
Gm12043	-16.522303	-13.068425
4930549G23Rik	-19.124992	-15.671115
Mlh1	-13.799547	-10.345669
Ssbp2	-11.355192	-7.9013143
Dgat1	-13.222361	-9.768482
Tax1bp3	-11.149601	-7.695723
Lcmt1	-12.204322	-8.750443
Trabd	-12.554111	-9.100232
Zfp414	-12.63124	-9.1773615
A530020G20Rik	-19.124992	-15.671115
Tsen54	-13.377194	-9.923316
Acp6	-13.470752	-10.016873
Gm30146	-18.431845	-14.977967
Gm14326	-14.276877	-10.822999
Vbp1	-11.644283	-8.190405
A730061H03Rik	-16.773619	-13.31974
Olfr1033	-10.932838	-7.4789605
Rnf10	-10.896283	-7.442405
Map4	-10.785134	-7.3312564
Gm6556	-16.560043	-13.106166
Zfp120	-13.388421	-9.934543
Zfp768	-13.258526	-9.804647
Sspnos	-17.620916	-14.167038
Zfyve9	-12.5548115	-9.100933
Gm12655	-13.761356	-10.307478
Gpr182	-18.719528	-15.265651
Tmem254c	-18.02638	-14.572503
Acot7	-13.196735	-9.742857
C230012O17Rik	-18.719528	-15.265651
Etnk1	-12.120111	-8.666233
Txndc15	-11.14857	-7.694692
Flad1	-13.965939	-10.51206
Cers3	-19.124992	-15.671115
Acp1	-10.859986	-7.4061084
Wdr90	-15.352233	-11.898355
Fam98c	-12.372724	-8.918845
Cflar	-11.4998865	-8.046008
Mrgpre	-15.866897	-12.413018
Gm16093	-18.208702	-14.754825
Vps72	-12.14678	-8.692902
Htra3	-10.921005	-7.4671273
Gm20619	-15.183412	-11.729533
Pebp1	-9.793498	-6.33962
Rpl22	-8.634553	-5.180675
Tmed10	-10.180182	-6.7263045
Nmd3	-12.427959	-8.974081
Gm48116	-19.124992	-15.671115
B230334C09Rik	-16.873701	-13.419824
Ptger4	-15.989499	-12.535621
Msi1	-15.474336	-12.020457
Phactr4	-12.227288	-8.77341
Gm49668	-19.81814	-16.364264
Ppfibp1	-11.544039	-8.09016
As3mt	-13.9264965	-10.472618
Emp1	-13.307882	-9.854004
Tpm3-rs7	-15.92632	-12.472442
Ctxn3	-18.431845	-14.977967
Aen	-12.854951	-9.4010725
Atp1a1	-10.712716	-7.258838
Gm14798	-18.719528	-15.265651
Prrt3	-18.208702	-14.754825
Zmynd8	-12.233876	-8.779998
Lepr	-13.108836	-9.654958
Tubgcp3	-12.9234705	-9.469592
Adcy4	-14.625184	-11.171306
Arpc3	-10.186461	-6.7325835
Gm26759	-15.047456	-11.593577
Rap2c	-12.761966	-9.308087
Usp24	-12.713997	-9.2601185
Nkx2-5	-16.822409	-13.36853
Pear1	-12.828806	-9.3749275
Lrrc32	-13.024674	-9.570796
Rassf1	-11.956029	-8.502151
Sumo1	-10.842005	-7.388127
Grina	-11.796556	-8.342678
Snrpe	-10.423481	-6.969603
Slc35c2	-12.934678	-9.4808
Pou3f4	-19.81814	-16.364264
Rab7	-10.89949	-7.4456124
Gm48503	-16.450844	-12.996966
Nck1	-12.03242	-8.578542
Gm13270	-17.333233	-13.879355
Vmn2r120	-19.124992	-15.671115
Cyp51	-12.107488	-8.653609
Gm15859	-18.431845	-14.977967
4930481A15Rik	-13.766051	-10.312173
Tmem59l	-19.81814	-16.364264
1700061N14Rik	-19.124992	-15.671115
1500032F14Rik	-18.431845	-14.977967
Eid2	-12.843662	-9.389784
Rfx3	-14.39319	-10.939312
Gm17435	-15.039018	-11.585139
Baz2b	-11.40431	-7.9504323
Nme6	-13.287263	-9.8333845
Zfp764	-13.801984	-10.348105
Dad1	-9.95329	-6.499412
Cul4b	-12.705813	-9.251935
Arrdc1	-13.839255	-10.385377
Rpl38	-8.004525	-4.5506477
Gm43698	-18.431845	-14.977967
Sap18	-10.857031	-7.403153
Pcdhb13	-15.946939	-12.493061
Ints2	-13.421211	-9.967333
Pfkfb4	-14.424513	-10.970634
Gm44265	-19.124992	-15.671115
Cish	-16.773619	-13.31974
Cpne9	-18.719528	-15.265651
Ube2j1	-11.956413	-8.502535
Mecp2	-11.482229	-8.028351
Rdh9	-18.02638	-14.572503
Slc35f5	-12.518343	-9.064465
Arhgef19	-13.601535	-10.147656
Apip	-11.618676	-8.164798
Wfdc1	-9.938485	-6.484607
Snx22	-17.738699	-14.2848215
Cry1	-13.351996	-9.898118
E430024I08Rik	-13.960208	-10.50633
Tbc1d8b	-12.7474165	-9.293538
Trp53rka	-12.931609	-9.477731
Gm14321	-18.208702	-14.754825
Phlda3	-11.7838335	-8.329955
Gm34425	-16.104568	-12.65069
Gm48824	-18.431845	-14.977967
2310040G24Rik	-14.3333435	-10.879465
Smpdl3a	-10.934085	-7.480207
B430319H21Rik	-19.124992	-15.671115
Ptpdc1	-13.58373	-10.129851
L2hgdh	-13.839255	-10.385377
Mogat2	-16.822409	-13.36853
Ube2j2	-12.052996	-8.599117
Def8	-13.327417	-9.873539
Pex1	-13.960208	-10.50633
Dhrs4	-11.813775	-8.359897
Nol8	-12.553411	-9.099532
BC024063	-15.047456	-11.593577
Dnajc5	-11.855029	-8.401151
Trpm4	-12.832499	-9.37862
Inhbb	-14.4020405	-10.948162
Add1	-11.31667	-7.8627925
Ppia	-7.685289	-4.2314115
Irak4	-13.667538	-10.213659
Gm16222	-18.431845	-14.977967
Myl7	-19.81814	-16.364264
Cdh19	-18.719528	-15.265651
Bcan	-19.81814	-16.364264
Lratd1	-12.9234705	-9.469592
Def6	-14.827708	-11.37383
Gm26812	-19.81814	-16.364264
Sgk3	-13.194076	-9.740197
Tfb2m	-12.43105	-8.977172
Gm8066	-16.822409	-13.36853
Ifngr1	-11.708916	-8.255037
L3mbtl3	-13.345795	-9.891916
Eci3	-18.208702	-14.754825
Glis3	-15.423692	-11.969813
Setd1b	-12.009412	-8.555533
Gm16174	-17.333233	-13.879355
Plxnc1	-16.640087	-13.186209
Zfp790	-13.948844	-10.494966
4933406C10Rik	-15.967993	-12.514114
Serpinb1a	-13.94321	-10.489331
Mal	-18.208702	-14.754825
Smpx	-19.81814	-16.364264
Vsig2	-17.620916	-14.167038
Col4a4	-12.986187	-9.532309
Gm9754	-19.81814	-16.364264
Cep135	-13.787456	-10.333577
Sirt4	-13.787456	-10.333577
Fbxw17	-13.040494	-9.586616
Snhg17	-13.963069	-10.509191
Dtnbos	-18.719528	-15.265651
Zfp61	-14.078348	-10.62447
Mier3	-12.436016	-8.982138
Gnpat	-12.602166	-9.148288
Angel2	-11.869756	-8.415877
Dusp13	-19.81814	-16.364264
Ccdc171	-14.641991	-11.188112
Zfp189	-14.151714	-10.697836
Gm39033	-17.87223	-14.418353
Mir155hg	-17.420244	-13.966367
Gm42717	-16.262793	-12.808914
Zfp746	-13.183507	-9.729629
Mmaa	-13.0670395	-9.613161
Smim3	-12.7397995	-9.285921
Btf3	-9.307118	-5.8532405
Spryd3	-12.308258	-8.85438
Cep295nl	-15.707267	-12.253388
Ranbp10	-13.149913	-9.696034
Secisbp2	-13.069381	-9.615502
Gm48420	-16.352404	-12.898526
Lin52	-13.543379	-10.0895
Zc3h4	-12.987267	-9.533388
Ppil1	-12.198417	-8.744538
Gm29562	-19.81814	-16.364264
Gm14167	-16.384153	-12.930275
Uvssa	-12.823291	-9.369412
Samd5	-14.471033	-11.017155
Rbbp6	-11.329759	-7.8758807
N4bp1	-12.549918	-9.09604
Ikbip	-11.103573	-7.649695
Gm15892	-16.727098	-13.27322
Dpp9	-12.613992	-9.160113
Hs6st2	-13.968816	-10.514937
Gata3	-15.946939	-12.493061
Gm36315	-18.719528	-15.265651
Gm39460	-18.431845	-14.977967
Flvcr1	-13.821689	-10.36781
Actr1b	-11.598276	-8.144398
Dync1h1	-10.888705	-7.4348273
Armc8	-12.402966	-8.949087
Proser1	-13.144843	-9.690965
Smpd4	-13.456839	-10.00296
1700061E18Rik	-17.420244	-13.966367
Ak8	-19.81814	-16.364264
Stxbp5l	-16.873701	-13.419824
Prpf19	-11.858865	-8.404986
Camkk1	-14.009998	-10.55612
Cept1	-12.420579	-8.966701
Rab6a	-10.981331	-7.527453
1110020A21Rik	-14.280807	-10.826928
Mdn1	-13.191423	-9.737545
BC018473	-16.682646	-13.228768
Nek10	-18.719528	-15.265651
Gm11027	-19.81814	-16.364264
Med25	-12.091487	-8.637609
Gm8098	-16.262793	-12.808914
Tstd2	-13.199402	-9.745523
Mrpl36	-11.403202	-7.949324
1110046J04Rik	-13.09792	-9.644042
Tmtc3	-12.527848	-9.07397
Gm20548	-19.81814	-16.364264
Zfp457	-17.253191	-13.799314
Ribc1	-16.599264	-13.145387
Sh3rf1	-13.401408	-9.94753
D10Wsu102e	-12.707444	-9.253566
Nsun6	-13.148643	-9.694764
Coro7	-14.009998	-10.55612
5033430I15Rik	-13.350442	-9.896564
Gm47467	-16.640087	-13.186209
Irgc1	-17.045551	-13.591674
Brip1	-11.873294	-8.419415
BC037039	-15.829157	-12.375278
Gm49427	-18.719528	-15.265651
Cluap1	-12.275928	-8.822049
R3hcc1	-12.43167	-8.977792
Dnajb14	-11.796885	-8.343006
9430091E24Rik	-16.180553	-12.726676
Wdr54	-14.670647	-11.216768
Nat9	-12.6029005	-9.149022
Spag1	-15.047456	-11.593577
Asb8	-12.660405	-9.206527
Apoa2	-17.253191	-13.799314
Cnot8	-12.254421	-8.800543
Rab32	-13.742795	-10.288917
Gm43061	-16.352404	-12.898526
Cdc6	-17.515554	-14.061677
2310047D07Rik	-16.05694	-12.603063
Rufy2	-12.781992	-9.328114
Gm26660	-15.886315	-12.432437
Rab40c	-13.444821	-9.990943
Sema6a	-15.487408	-12.033529
Map6	-12.375062	-8.921184
Rmnd5b	-12.611764	-9.157886
Sf3a3	-11.961047	-8.507169
Gm47469	-14.981859	-11.527981
Gm31410	-18.719528	-15.265651
Uqcrfs1	-11.066983	-7.6131053
4930578G10Rik	-18.02638	-14.572503
Zswim5	-16.984926	-13.531049
Rbm24	-11.682208	-8.22833
Mettl8	-14.312809	-10.858931
Mpzl3	-15.399301	-11.945422
Mrpl39	-12.670582	-9.216703
Gm10634	-19.124992	-15.671115
Trim65	-13.564312	-10.110434
Iqsec2	-13.262784	-9.808906
Ptprq	-19.124992	-15.671115
Sel1l3	-12.982956	-9.529078
Gm16118	-19.124992	-15.671115
Gclm	-11.43174	-7.977862
Gm31683	-16.450844	-12.996966
Kirrel3	-19.124992	-15.671115
Rcor3	-12.026618	-8.57274
Gm20650	-19.81814	-16.364264
Arl5b	-12.925499	-9.471621
Gpr35	-19.124992	-15.671115
1700041G16Rik	-16.416943	-12.963065
Riok1	-12.355351	-8.901473
Gm26640	-19.81814	-16.364264
Dok3	-16.15458	-12.700701
Gm15541	-16.352404	-12.898526
Zfp131	-11.88148	-8.427602
Ssx2ip	-13.572034	-10.1181555
Maip1	-12.277519	-8.823641
Rpa3	-12.508928	-9.05505
Gm47121	-17.420244	-13.966367
Ddx1	-11.112478	-7.6586003
Mapkbp1	-13.697844	-10.243965
Icam1	-15.906117	-12.452239
Pgrmc1	-10.459811	-7.0059333
Dtd1	-12.198907	-8.7450285
2310008N11Rik	-16.984926	-13.531049
Ipo7	-11.545315	-8.091436
Gm34113	-17.620916	-14.167038
Gm15689	-19.81814	-16.364264
Trdmt1	-13.545264	-10.091386
Nicn1	-12.289809	-8.835931
Nek1	-12.994855	-9.540977
Atg13	-12.866368	-9.41249
Polr2e	-11.646824	-8.1929455
Gpr18	-18.431845	-14.977967
Dbr1	-13.196735	-9.742857
Hacd4	-11.724373	-8.270494
4930558K02Rik	-19.124992	-15.671115
Cdk16	-12.65342	-9.199542
Mok	-16.640087	-13.186209
Hmga2	-18.02638	-14.572503
Fxyd5	-11.58278	-8.1289015
Lyrm2	-11.978222	-8.5243435
Ehbp1	-13.411261	-9.957382
Pax2	-16.873701	-13.419824
Il17ra	-14.876498	-11.42262
Atg3	-11.148227	-7.694349
Gm6980	-19.124992	-15.671115
Adamts3	-15.296352	-11.842474
Anxa5	-9.588917	-6.135039
Naa15	-11.669406	-8.215528
F530104D19Rik	-18.719528	-15.265651
9930021J03Rik	-11.961434	-8.507556
Aplf	-14.329203	-10.875324
Cdk2ap2	-10.815193	-7.3613153
Ccdc43	-12.895497	-9.441619
Gdf9	-15.866897	-12.413018
Ctbp2	-12.460585	-9.006706
Galnt16	-11.932812	-8.478933
1190007I07Rik	-12.559729	-9.10585
Gm19265	-17.87223	-14.418353
Zfyve26	-13.766051	-10.312173
Klhdc7a	-19.81814	-16.364264
Cltrn	-19.81814	-16.364264
Gm45442	-18.431845	-14.977967
Cytl1	-13.923738	-10.469859
Sh3tc2	-19.81814	-16.364264
Magt1	-11.900604	-8.446726
Mrvi1	-10.375816	-6.9219384
Ttc32	-12.92855	-9.474671
Gm45060	-16.321632	-12.867755
Rbmxl2	-17.11009	-13.656212
Gm28386	-19.81814	-16.364264
3110040N11Rik	-12.851173	-9.397295
Gm43000	-18.431845	-14.977967
Ndfip2	-12.188165	-8.734286
Atp6v1h	-11.892622	-8.438744
Sh3bp4	-13.042774	-9.588896
Mib2	-13.056568	-9.60269
Ncam1	-9.35498	-5.9011025
Pfn4	-18.208702	-14.754825
Gm13269	-15.810807	-12.356929
4930512B01Rik	-17.738699	-14.2848215
Arhgdig	-16.727098	-13.27322
Fbxl4	-13.359802	-9.905924
U2surp	-10.91107	-7.457192
Mgat2	-11.609377	-8.1554985
Il1rapl1	-19.81814	-16.364264
Srpx2	-12.680862	-9.226984
Hsf5	-17.87223	-14.418353
Fosl2	-11.773515	-8.319636
4932422M17Rik	-14.700147	-11.246268
Pappa	-15.514075	-12.060197
Snai2	-13.572034	-10.1181555
Fbxl14	-13.220995	-9.767117
Plekha7	-14.862314	-11.408436
Zfp94	-14.288712	-10.834833
Timm22	-12.3821125	-8.928234
C330007P06Rik	-12.205804	-8.751925
Acd	-12.734753	-9.280874
Mrpl42	-10.724334	-7.270456
Gin1	-13.004696	-9.5508175
Fen1	-14.958328	-11.50445
Epn1	-12.139352	-8.685473
Ruvbl2	-12.896482	-9.442604
Col4a2	-9.882767	-6.428889
Herpud1	-10.96148	-7.507602
Rexo1	-12.498276	-9.044397
Gbp9	-16.927769	-13.47389
Mia2	-11.480074	-8.026196
Gm21691	-16.129261	-12.675383
Slc35a5	-12.613248	-9.159369
Uap1	-12.274338	-8.820459
Dennd2a	-14.341678	-10.887799
Gm11549	-16.927769	-13.47389
Slc25a53	-14.768285	-11.314406
Ftx	-13.570098	-10.1162195
Gm20686	-18.719528	-15.265651
Hectd3	-13.010206	-9.556328
Gm10941	-15.047456	-11.593577
1700102P08Rik	-16.522303	-13.068425
Cd320	-12.465059	-9.011181
Hopx	-16.873701	-13.419824
Stard10	-12.497614	-9.0437355
Gm50169	-17.87223	-14.418353
Olfr328	-14.890887	-11.437009
Ada	-14.670647	-11.216768
Sntg2	-11.993695	-8.539817
Gpkow	-13.650624	-10.196746
Ttc34	-17.253191	-13.799314
Sfxn2	-13.998058	-10.54418
Ecm2	-10.108298	-6.6544204
Dmtn	-13.504593	-10.0507145
Hcls1	-14.912866	-11.458987
Banf1	-10.705854	-7.2519765
Cdh4	-14.466283	-11.012404
Mef2a	-10.173036	-6.7191577
Arhgap32	-13.380389	-9.926511
Tnrc6c	-10.863854	-7.4099765
F5	-19.81814	-16.364264
Rfx5	-13.680414	-10.226536
Srrm3	-18.719528	-15.265651
Gm9917	-17.420244	-13.966367
Gm48949	-16.822409	-13.36853
Gm49762	-18.208702	-14.754825
Slc36a4	-12.748266	-9.294388
Zbtb8os	-11.928681	-8.474803
Gm39459	-18.208702	-14.754825
Kcnip4	-12.817806	-9.363928
Coq7	-12.118299	-8.66442
Slc1a4	-13.245858	-9.79198
Lgi3	-14.452165	-10.998286
Pkdrej	-18.02638	-14.572503
Sgpp1	-12.991595	-9.537717
Nradd	-13.016858	-9.56298
Msh5	-16.560043	-13.106166
Padi2	-19.81814	-16.364264
Naa35	-12.390997	-8.937119
Zfhx2os	-18.719528	-15.265651
Slc29a4	-19.81814	-16.364264
Dhdh	-14.0687475	-10.614869
Mrps11	-12.219742	-8.765863
Abt1	-12.506923	-9.053044
Etfdh	-12.769754	-9.315876
Aif1l	-18.208702	-14.754825
Npas2	-13.355111	-9.901233
Ggh	-11.258655	-7.8047767
Snd1	-12.109282	-8.655403
Acy3	-13.851994	-10.398115
Spout1	-12.974391	-9.520513
Zfp934	-13.821689	-10.36781
Ier3	-10.959204	-7.505326
Ankrd13c	-12.727231	-9.273353
Col2a1	-19.81814	-16.364264
Olfr90	-19.81814	-16.364264
Fam111a	-14.280807	-10.826928
Kif6	-16.873701	-13.419824
Zfp865	-13.543379	-10.0895
Gm43569	-19.81814	-16.364264
Rnf121	-12.688843	-9.234964
Kcnq1ot1	-11.038122	-7.5842443
Usp4	-12.207288	-8.753409
Calhm6	-17.253191	-13.799314
Gm41541	-17.515554	-14.061677
Inha	-15.448693	-11.994815
Thoc6	-13.229215	-9.775336
Dxo	-13.155008	-9.70113
Ndufb2	-9.840288	-6.38641
Tmem82	-13.937608	-10.483729
Hemk1	-14.935339	-11.481461
Haus2	-13.463771	-10.009892
St7	-13.34425	-9.890371
Pp2d1	-18.431845	-14.977967
Fcgrt	-10.955799	-7.501921
Arhgap15	-18.431845	-14.977967
Plekhb1	-16.599264	-13.145387
Adgrg2	-15.4614315	-12.007553
Cnksr3	-12.455496	-9.001617
Kif26a	-17.87223	-14.418353
Kdm3a	-13.187457	-9.733579
Gm13920	-18.719528	-15.265651
Gulo	-19.81814	-16.364264
Ccdc85a	-13.59755	-10.143672
Platr31	-19.124992	-15.671115
Zfp428	-14.565867	-11.111989
Col26a1	-19.81814	-16.364264
Foxo3	-12.104356	-8.650477
Gm50114	-16.262793	-12.808914
Ypel5	-11.922333	-8.468454
Trmt10a	-13.720066	-10.266188
Epb41l4a	-17.87223	-14.418353
Egr4	-18.208702	-14.754825
Srgn	-15.193168	-11.739289
Commd1	-11.013816	-7.559938
Gm10010	-16.984926	-13.531049
Gm31282	-17.620916	-14.167038
Cox6b1	-9.547409	-6.0935316
Mtbp	-14.121047	-10.667169
D11Wsu47e	-14.466283	-11.012404
Rnf38	-12.761104	-9.307225
Gm36445	-16.450844	-12.996966
Arpc5l	-10.92966	-7.475782
Cdkn2c	-13.661161	-10.207283
Prkacb	-10.974237	-7.5203595
Rfng	-13.198068	-9.744189
Scnm1	-12.486425	-9.032547
Pex12	-14.111031	-10.657152
Ddr2	-10.835831	-7.381953
Dnah10	-19.81814	-16.364264
Gm10648	-17.87223	-14.418353
Gm38004	-19.124992	-15.671115
Slc38a11	-12.692858	-9.238979
Gm26982	-15.126793	-11.6729145
Gm8369	-19.81814	-16.364264
2410002F23Rik	-12.985109	-9.531231
Gm26777	-16.321632	-12.867755
Ddx46	-11.40831	-7.954432
Gm15410	-16.640087	-13.186209
Acyp2	-11.3229885	-7.8691106
AC160336.1	-14.320972	-10.867094
Stom	-11.733579	-8.2797
Mcee	-11.285271	-7.831393
Aldh3a2	-12.855897	-9.402019
6330408M09Rik	-15.411422	-11.957543
Gm45885	-15.541474	-12.087596
Hist1h2bb	-15.810807	-12.356929
Ncapd3	-13.316851	-9.862972
Cxcl15	-18.719528	-15.265651
Nts	-18.719528	-15.265651
Gsdme	-13.296048	-9.84217
Slc16a8	-17.11009	-13.656212
Ube2s	-10.517503	-7.063625
Slc25a33	-12.76542	-9.311542
Arhgef39	-15.005957	-11.552078
Gm49915	-17.253191	-13.799314
Gm9484	-17.738699	-14.2848215
Pou3f1	-13.124817	-9.6709385
Tomm6os	-17.87223	-14.418353
Nup93	-12.792603	-9.338724
Psmf1	-12.889603	-9.435724
Rbbp9	-12.050877	-8.596998
Cers5	-11.865174	-8.411296
Fgd4	-12.723906	-9.270027
Pltp	-13.095511	-9.641633
Slc35b1	-11.573019	-8.119141
Kcnn3	-16.416943	-12.963065
Gm15444	-17.333233	-13.879355
Asap3	-15.030649	-11.576771
9330121J05Rik	-19.124992	-15.671115
Riok2	-12.902417	-9.448539
Rps6ka5	-13.439714	-9.985836
Epha7	-13.951673	-10.497794
Anapc15	-13.0213175	-9.567439
Gm609	-18.208702	-14.754825
Dpyd	-16.450844	-12.996966
Gm10419	-16.485935	-13.032058
Zhx1	-12.022082	-8.568204
Adk	-10.864888	-7.4110103
Ndufa7	-9.531058	-6.077181
Fam229a	-17.87223	-14.418353
Hmbox1	-12.596305	-9.1424265
Dpm3	-10.209628	-6.75575
Katnbl1	-12.49036	-9.036482
Phtf1	-12.704999	-9.251121
Gm43332	-19.124992	-15.671115
Stox1	-17.333233	-13.879355
4933428G20Rik	-18.431845	-14.977967
Gm11837	-14.245987	-10.792109
S100a3	-15.967993	-12.514114
Pde7a	-12.783752	-9.329874
Tmem131	-12.25546	-8.801581
Plcd1	-11.830956	-8.377078
Fam57a	-15.285542	-11.831663
Rab3ip	-13.114953	-9.661075
Clvs2	-19.81814	-16.364264
Zfp182	-13.735922	-10.282043
Ms4a7	-18.431845	-14.977967
Tnfrsf22	-16.234621	-12.780744
9130230N09Rik	-15.436114	-11.982236
Hao1	-18.719528	-15.265651
Limk1	-15.810807	-12.356929
Usp29	-18.431845	-14.977967
Syn3	-12.286589	-8.83271
Zeb2	-11.393063	-7.9391847
Tmem183a	-12.177056	-8.723178
Naa25	-12.958526	-9.504647
Nek7	-11.086966	-7.6330876
Gm48302	-15.10861	-11.654732
Lpcat3	-12.798844	-9.344966
Lrrc28	-13.617632	-10.1637535
Rnasek	-9.9824505	-6.5285726
Pcdhgb6	-15.253793	-11.799914
Gm44647	-18.431845	-14.977967
Trp53i13	-11.73543	-8.281551
Fhl5	-19.124992	-15.671115
Bola1	-11.6510725	-8.197194
Ifitm2	-9.366965	-5.9130874
Abi1	-11.499155	-8.045277
C78859	-16.640087	-13.186209
Mrpl32	-11.666807	-8.212929
Snx33	-13.451671	-9.997792
Tssc4	-12.08402	-8.630141
Vcl	-9.846667	-6.3927894
Stim1	-11.799516	-8.345637
Adgra2	-13.809327	-10.355449
Pcdhgb1	-16.129261	-12.675383
Zfp386	-12.877918	-9.42404
Parvg	-19.81814	-16.364264
Dnajc15	-11.852595	-8.398717
Gm36888	-18.02638	-14.572503
Ist1	-12.353058	-8.899179
Mical3	-11.614016	-8.160137
Gm11651	-17.620916	-14.167038
Gm46332	-18.719528	-15.265651
Commd5	-15.628486	-12.174607
Cul7	-13.309372	-9.855494
Casp4	-13.84179	-10.387912
Mdm2	-12.120111	-8.666233
Sall2	-14.216022	-10.762143
Nedd1	-13.093107	-9.639229
2010001M07Rik	-17.738699	-14.2848215
6330415G19Rik	-16.927769	-13.47389
Slc15a4	-13.451671	-9.997792
Gm43329	-15.090753	-11.636874
Gm45733	-19.124992	-15.671115
Gm2670	-18.719528	-15.265651
H2al1m	-16.682646	-13.228768
Gss	-12.680068	-9.22619
Ccdc74a	-15.792789	-12.338911
4930404N11Rik	-15.775089	-12.321211
Grtp1	-13.247258	-9.79338
Hpse	-19.124992	-15.671115
Rps20	-7.8600483	-4.406171
Cngb3	-17.620916	-14.167038
Uty	-19.81814	-16.364264
Kif15	-17.87223	-14.418353
Smc2os	-16.984926	-13.531049
Umad1	-13.689091	-10.235212
Elavl3	-17.179083	-13.725205
Xpnpep1	-12.49563	-9.041752
Strada	-13.42958	-9.975701
Mpp3	-17.738699	-14.2848215
Gm16196	-15.3072815	-11.853403
C3	-15.691007	-12.237128
Sharpin	-12.416299	-8.96242
Angptl3	-19.81814	-16.364264
Svopl	-18.208702	-14.754825
Gm15594	-17.87223	-14.418353
Slc37a1	-14.755546	-11.301667
Sdk1	-17.620916	-14.167038
Mfap1b	-12.035334	-8.581455
Sdc1	-13.362943	-9.909064
Arfgef2	-13.082361	-9.628483
Lsm11	-13.552839	-10.098961
Chst15	-15.164181	-11.710302
Slc46a1	-15.318331	-11.864452
Epb41	-11.771912	-8.318033
Ip6k1	-12.03742	-8.583542
Hoxb5	-14.814195	-11.360316
4833413G10Rik	-15.20302	-11.749142
Faim	-12.870204	-9.416326
Ppdpf	-11.492351	-8.038472
Gm10658	-16.080471	-12.626593
Car5b	-13.539619	-10.085741
Hist1h1t	-19.81814	-16.364264
Hoxa6	-18.208702	-14.754825
Mga	-11.534647	-8.080769
Phf12	-12.256499	-8.802621
Hsd17b10	-10.668187	-7.214309
Cox7a2	-9.301145	-5.8472667
Gm29052	-18.719528	-15.265651
Camta2	-12.39876	-8.944881
Steap2	-13.285807	-9.831928
Gm45847	-16.984926	-13.531049
Hsd17b7	-13.806873	-10.352995
Slc9a3r2	-12.608061	-9.154182
Ccdc40	-18.02638	-14.572503
Nek3	-14.869381	-11.415503
Tbc1d9	-12.635029	-9.18115
Prdm4	-13.844331	-10.390452
Gm17501	-12.522406	-9.068527
Asap2	-10.589862	-7.135984
Gm27017	-17.045551	-13.591674
Ror1	-12.249762	-8.795883
Gm43263	-17.420244	-13.966367
Gm14902	-14.883667	-11.429789
Rab15	-19.81814	-16.364264
5430405H02Rik	-13.275669	-9.821791
Rbpjl	-18.719528	-15.265651
Gm14455	-16.234621	-12.780744
Tor1aip1	-10.997737	-7.543859
Pink1	-10.789562	-7.3356843
Pml	-13.638124	-10.184246
Rbm6	-11.94683	-8.492951
Hist1h3e	-14.781188	-11.32731
Nudt22	-12.9460125	-9.492134
Upf2	-11.679284	-8.225406
Muc1	-16.352404	-12.898526
Gm15612	-17.045551	-13.591674
Kctd7	-14.545141	-11.091263
Gm15342	-17.420244	-13.966367
Pcdhac2	-16.29178	-12.837902
Orc6	-12.457401	-9.003523
Nudt7	-13.809327	-10.355449
Etv6	-12.904404	-9.450525
Baiap3	-19.81814	-16.364264
Egr3	-12.7423315	-9.288453
Pik3cd	-14.958328	-11.50445
4930548H24Rik	-18.431845	-14.977967
D730045B01Rik	-16.15458	-12.700701
Ticrr	-16.727098	-13.27322
Adam12	-18.02638	-14.572503
Aldh4a1	-13.6464405	-10.192562
Psmd5	-12.512953	-9.059074
Ddx39b	-10.846438	-7.3925605
Nap1l1	-9.951473	-6.4975953
Wnt9a	-13.521031	-10.067153
Ppp1r13b	-12.762828	-9.308949
Prr7	-14.827708	-11.37383
Cxcr4	-17.738699	-14.2848215
Serpinb5	-18.719528	-15.265651
Mccc1	-13.131032	-9.677154
Fzd3	-14.158659	-10.704781
Cxxc4	-13.016858	-9.56298
Oard1	-11.829597	-8.375719
Gm26850	-17.87223	-14.418353
Gm16552	-17.11009	-13.656212
Khdrbs3	-11.749738	-8.295859
Tle4	-12.280178	-8.8263
Pgpep1	-12.753382	-9.299503
Pnkp	-12.661184	-9.207306
Zswim3	-14.781188	-11.32731
Gm47204	-14.724391	-11.270513
Cerk	-12.581081	-9.127203
Asb13	-12.861595	-9.407717
Chic1	-13.002501	-9.548622
Arf6	-12.158027	-8.704148
Samd15	-15.946939	-12.493061
Slc9a6	-12.633512	-9.179633
Zfp513	-13.720066	-10.266188
Pip5k1a	-12.285517	-8.831638
Gal3st2	-17.738699	-14.2848215
Gtf3a	-11.655054	-8.201176
Foxp2	-10.875941	-7.4220634
Rras2	-13.025796	-9.571918
B430010I23Rik	-13.438018	-9.984139
Ogfod3	-12.620706	-9.166827
Sart3	-13.146108	-9.692229
Jpt1	-12.186709	-8.732831
1700108F19Rik	-16.29178	-12.837902
Sphkap	-12.418743	-8.964865
B3gat3	-12.100345	-8.646466
Wdcp	-13.693458	-10.239579
Cdkl4	-18.02638	-14.572503
Fam189a2	-15.164181	-11.710302
Smarca2	-10.66099	-7.207112
Ube4b	-12.203829	-8.74995
Ankef1	-17.515554	-14.061677
Snrpb	-10.027318	-6.57344
Rsf1os2	-18.719528	-15.265651
Taf11	-11.843608	-8.3897295
Psma6	-10.639188	-7.18531
Mcfd2	-11.9595	-8.505622
Gm46355	-18.719528	-15.265651
Rasgrp2	-11.328936	-7.8750577
Ccdc65	-16.207222	-12.753345
Olfml1	-13.364516	-9.910638
Otud6b	-11.66077	-8.206892
Ulbp1	-18.431845	-14.977967
Mul1	-12.974391	-9.520513
Lmbrd1	-11.492835	-8.038957
Gm13187	-18.719528	-15.265651
Supt3	-13.330457	-9.876578
Fam189b	-12.768018	-9.314139
Adap1	-15.352233	-11.898355
Myo9a	-11.49114	-8.037262
Drap1	-9.987278	-6.5334
Gm27184	-17.179083	-13.725205
Rasd1	-13.834205	-10.380326
Pskh1	-13.515522	-10.061644
Bet1	-12.047496	-8.593617
Tcea2	-14.475806	-11.021928
Clstn1	-10.860244	-7.406366
Ccdc120	-16.05694	-12.603063
9130401M01Rik	-12.213246	-8.759368
Nup153	-12.362843	-8.908964
Gm37634	-16.822409	-13.36853
Gm15721	-14.9203005	-11.466422
Hoxaas3	-14.576394	-11.122516
Ptgs2	-12.386249	-8.93237
Insig1	-12.579644	-9.125766
Sspn	-10.710277	-7.2563987
Chd1	-11.876845	-8.422967
Ctps2	-12.4625	-9.008621
Usp46	-12.231338	-8.777459
Nfe2l3	-16.180553	-12.726676
Por	-11.26423	-7.810352
2700038G22Rik	-15.253793	-11.799914
Tmem11	-12.1751375	-8.721259
Aldh9a1	-12.959576	-9.505697
Mif4gd	-11.916763	-8.462885
Dcaf13	-12.5142975	-9.060419
Zeb1	-10.705303	-7.2514253
Rpl17	-8.184964	-4.7310863
Bhlha15	-18.208702	-14.754825
Atp2b1	-11.0505	-7.596622
Hdc	-19.81814	-16.364264
Samd14	-13.977499	-10.523621
Gm50431	-14.787703	-11.333824
Abca1	-13.006896	-9.553018
Mbd6	-12.854951	-9.4010725
Gm20751	-19.81814	-16.364264
Il17d	-13.747403	-10.293525
Klhl10	-17.420244	-13.966367
Id3	-8.9956255	-5.541748
Tgfbr3l	-16.560043	-13.106166
Vps28	-10.666701	-7.2128234
Tmem89	-18.02638	-14.572503
Dock11	-12.599231	-9.145352
Klhl12	-13.591604	-10.137726
Zmynd11	-11.036125	-7.5822473
Gm5129	-19.124992	-15.671115
Vps41	-12.14074	-8.686862
Cbln3	-19.124992	-15.671115
A430035B10Rik	-14.25362	-10.799742
Ldlrad2	-17.253191	-13.799314
Synj2bp	-11.340104	-7.886226
Pygb	-11.754133	-8.300255
Mgrn1	-12.101234	-8.647356
Scamp4	-17.87223	-14.418353
9330136K24Rik	-16.822409	-13.36853
Fancl	-13.669673	-10.215795
Fitm2	-13.277111	-9.823233
Sgpp2	-19.81814	-16.364264
Gm14308	-17.738699	-14.2848215
Lair1	-19.81814	-16.364264
Ide	-11.885778	-8.4319
Neb	-16.321632	-12.867755
Irx2	-15.829157	-12.375278
B3galt1	-11.773193	-8.319315
Fam129a	-9.834134	-6.380256
Xdh	-15.296352	-11.842474
Atp6v0b	-10.082362	-6.6284842
Gm50362	-19.81814	-16.364264
Zmynd10	-18.431845	-14.977967
Clip4	-12.275397	-8.821519
Ncoa7	-11.740383	-8.286505
Fam151a	-19.124992	-15.671115
Gucy1a1	-9.832613	-6.378735
Zfp536	-18.719528	-15.265651
Gm12198	-16.927769	-13.47389
Cct8	-10.666914	-7.213036
4930471C04Rik	-18.431845	-14.977967
Sfswap	-11.996097	-8.542218
1110012L19Rik	-12.6627445	-9.208866
Ccnb2	-17.515554	-14.061677
Crnkl1	-12.032004	-8.578126
2610028H24Rik	-17.420244	-13.966367
B020010K11Rik	-14.950606	-11.496728
Slc43a1	-14.827708	-11.37383
Slc16a10	-13.370835	-9.916957
Chac2	-13.38199	-9.928112
Hoxb3os	-12.260668	-8.806789
Kdm3b	-12.856845	-9.4029665
Rpn1	-11.098987	-7.6451087
Sema4g	-15.707267	-12.253388
Eif1	-8.028865	-4.574987
Ap1s1	-11.720715	-8.266836
Hoxd8	-18.208702	-14.754825
Cacna2d1	-10.73359	-7.279712
Bdp1	-11.732962	-8.279083
Taf2	-12.720592	-9.266713
Cc2d2b	-17.620916	-14.167038
Gal3st2c	-16.384153	-12.930275
1700119H24Rik	-18.719528	-15.265651
Rsad1	-14.141387	-10.687509
Prmt7	-12.853061	-9.399182
Gm19967	-15.436114	-11.982236
Tmem18	-12.664307	-9.210428
BB365896	-16.822409	-13.36853
Tgoln1	-11.1295185	-7.6756406
Col12a1	-14.641991	-11.188112
Hspa2	-10.9132395	-7.4593616
Nrep	-12.498939	-9.04506
Hsf1	-12.572486	-9.1186075
Omg	-18.719528	-15.265651
Pde6h	-16.104568	-12.65069
Gm9908	-14.814195	-11.360316
Map2	-14.883667	-11.429789
Arl8b	-11.729579	-8.275701
Hcn3	-17.333233	-13.879355
Smpd2	-12.760242	-9.306364
Cyp27b1	-17.738699	-14.2848215
Dlat	-12.153325	-8.699447
Vps52	-12.566795	-9.112917
Gm12999	-18.719528	-15.265651
Pstk	-12.190109	-8.736231
Fndc5	-15.829157	-12.375278
Ddx39	-13.212843	-9.758965
9330182L06Rik	-14.141387	-10.687509
Aldh1l2	-13.678256	-10.224378
Cp	-13.528425	-10.074547
Ankmy2	-12.257019	-8.803141
AI413582	-13.004696	-9.5508175
Slc16a11	-13.219632	-9.765754
Stau1	-11.95449	-8.500611
4930432K21Rik	-16.873701	-13.419824
Cfap45	-15.264264	-11.810386
Rps24	-7.7123413	-4.258464
Ndc80	-16.262793	-12.808914
Tsr2	-12.851173	-9.397295
Olfr482	-17.87223	-14.418353
Zswim9	-13.324387	-9.870508
Clasrp	-13.26849	-9.814611
Xkr5	-19.81814	-16.364264
D830050J10Rik	-12.366319	-8.91244
Tnnc2	-15.264264	-11.810386
Gm26705	-16.682646	-13.228768
Map4k2	-13.831689	-10.3778105
9330198N18Rik	-18.02638	-14.572503
Slc8a2	-13.136032	-9.682154
Pex10	-14.028181	-10.574303
Snx32	-13.252876	-9.798998
Casp8	-13.074081	-9.620203
6030443J06Rik	-15.613448	-12.15957
Fgf11	-14.158659	-10.704781
6430548M08Rik	-15.233173	-11.779295
Gm15489	-18.431845	-14.977967
Apol10b	-19.81814	-16.364264
Erg	-12.208775	-8.754896
Arpc2	-9.060302	-5.606424
4930402H24Rik	-12.556213	-9.102335
Mrpl4	-11.4998865	-8.046008
Paqr8	-14.25362	-10.799742
E2f1	-15.4614315	-12.007553
Ltbr	-12.319825	-8.865947
B3galt6	-13.745096	-10.291218
Cyp2b10	-15.099642	-11.645763
Rxylt1	-11.572494	-8.118615
Ddit3	-11.437914	-7.984036
Pld4	-18.719528	-15.265651
Bean1	-15.448693	-11.994815
Sec62	-9.712529	-6.2586513
Prdm10	-14.104408	-10.65053
Llgl1	-13.676104	-10.222225
Ndrg1	-12.334896	-8.881018
Ppp1r11	-11.053775	-7.599897
Npdc1	-10.488952	-7.0350738
Ttyh1	-18.02638	-14.572503
Snap29	-13.147374	-9.693496
Svip	-12.418743	-8.964865
Traf3ip2	-13.554743	-10.100864
Tkt	-10.647477	-7.193599
Dusp26	-17.179083	-13.725205
Nup210l	-16.727098	-13.27322
Gm12524	-17.420244	-13.966367
Tgfb2	-10.609201	-7.1553235
Exoc4	-12.108384	-8.654506
Tigd4	-15.387324	-11.933446
Gm31728	-18.208702	-14.754825
Maml3	-13.481315	-10.027436
Rsrc2	-10.6085005	-7.1546226
Gm45670	-12.712355	-9.258476
Pycrl	-12.929568	-9.47569
Osbpl11	-12.750821	-9.296943
Gm17590	-18.02638	-14.572503
Mtf1	-12.832499	-9.37862
Lta4h	-12.143059	-8.68918
B3gnt4	-18.719528	-15.265651
4833418N02Rik	-14.504934	-11.051056
Fam181b	-18.02638	-14.572503
Gm9869	-16.773619	-13.31974
Pitpnc1	-14.576394	-11.122516
Adrb2	-15.866897	-12.413018
Smap2	-12.827885	-9.374006
Ube4a	-12.564671	-9.110792
Zfp951	-14.950606	-11.496728
Tnnt3	-15.399301	-11.945422
Gm15265	-16.485935	-13.032058
Id2	-10.025361	-6.571483
1700023H06Rik	-17.738699	-14.2848215
Aco2	-11.000102	-7.546224
Get4	-12.199398	-8.74552
Hspa12b	-15.3072815	-11.853403
Dnajb1	-11.252729	-7.7988515
Sms	-11.911593	-8.457715
Ppp4r2	-11.156674	-7.7027965
Ttll12	-14.081569	-10.62769
Gm42047	-15.193168	-11.739289
9130204K15Rik	-19.124992	-15.671115
Gm12100	-18.208702	-14.754825
1700011L22Rik	-19.81814	-16.364264
Ccne1	-15.92632	-12.472442
Tada1	-13.33198	-9.878101
Tmem164	-13.472505	-10.018626
Mfsd4b5	-17.420244	-13.966367
Gm9780	-15.643753	-12.189875
B430218F22Rik	-17.87223	-14.418353
Pdzk1ip1	-16.080471	-12.626593
Cfap74	-16.873701	-13.419824
Gm44238	-18.719528	-15.265651
Tmem106a	-14.9203005	-11.466422
Gatd3a	-11.942262	-8.488383
Trp53inp1	-11.562053	-8.108174
Tra2b	-10.695103	-7.241225
Gm20036	-18.719528	-15.265651
0610039K10Rik	-16.873701	-13.419824
Gm16253	-16.984926	-13.531049
Ash1l	-10.610704	-7.1568265
Runx2os1	-17.045551	-13.591674
Kantr	-13.318354	-9.864475
Numb	-12.604372	-9.150494
Tbl2	-13.700044	-10.246165
Arhgap33	-15.411422	-11.957543
Thap12	-11.552234	-8.098355
Gm33023	-14.814195	-11.360316
Lncbate1	-18.02638	-14.572503
Polr2h	-12.224263	-8.770385
Daam2	-14.781188	-11.32731
Fam53c	-12.792603	-9.338724
Tubb6	-11.947211	-8.493333
Ppm1g	-11.78643	-8.332552
Slc39a9	-12.918418	-9.46454
Dis3l2	-13.768407	-10.314528
Slc4a8	-13.801984	-10.348105
D5Ertd605e	-18.431845	-14.977967
Cntln	-12.1449175	-8.691039
Nmb	-15.757698	-12.30382
Sp3os	-12.701747	-9.247869
Rab29	-13.414567	-9.960689
Exog	-14.485422	-11.031544
Cdk4	-11.432424	-7.9785457
U2af1l4	-11.782538	-8.32866
Gm49539	-15.005957	-11.552078
Fgd6	-13.001405	-9.547526
Pigh	-13.570098	-10.1162195
Plppr4	-19.81814	-16.364264
Ociad1	-11.233102	-7.779224
Col27a1	-12.6006975	-9.146819
Epb41l4aos	-12.660405	-9.206527
Alkbh6	-12.260146	-8.806268
Irs3	-16.984926	-13.531049
Mgl2	-17.738699	-14.2848215
Trp53inp2	-11.440439	-7.9865613
Lbx2	-17.87223	-14.418353
Scrn3	-13.245858	-9.79198
Mrc2	-12.437885	-8.984007
Cdnf	-14.670647	-11.216768
Rbm33	-12.32371	-8.869832
Dab2	-13.192748	-9.73887
Ap5b1	-15.829157	-12.375278
Atp23	-13.965939	-10.51206
G6pc	-18.719528	-15.265651
Ttc16	-16.773619	-13.31974
Tatdn3	-13.203415	-9.7495365
Xrcc1	-12.926515	-9.472636
Plin3	-11.329347	-7.8754687
St13	-10.294744	-6.8408656
Lgr5	-18.02638	-14.572503
Pip4p2	-12.649561	-9.195683
1810062O18Rik	-15.541474	-12.087596
AY512931	-18.431845	-14.977967
Cadm4	-16.129261	-12.675383
Gm41517	-18.208702	-14.754825
Tbk1	-12.651875	-9.197996
BC051537	-18.208702	-14.754825
Srgap3	-13.222361	-9.768482
Hrct1	-13.110057	-9.656178
Slc35b2	-12.23286	-8.778981
Gm20712	-13.84179	-10.387912
Gm49092	-18.02638	-14.572503
Gm47101	-14.927792	-11.473913
Anxa9	-16.03395	-12.580072
Gm6213	-16.927769	-13.47389
Cep126	-14.429069	-10.97519
Fbxo47	-18.02638	-14.572503
Xrra1	-19.81814	-16.364264
Gm7607	-16.234621	-12.780744
Ccl25	-14.137968	-10.68409
Sh3pxd2a	-10.815932	-7.3620543
Rhoc	-9.70496	-6.251082
I830077J02Rik	-18.02638	-14.572503
Fat1	-10.710054	-7.2561765
Fam49b	-12.753382	-9.299503
Brpf1	-12.990512	-9.5366335
Zfp954	-13.738208	-10.284329
St6gal1	-12.623704	-9.169826
Map1s	-12.955383	-9.501505
A330015K06Rik	-16.873701	-13.419824
Cacnb2	-12.171309	-8.717431
Cdk7	-12.416299	-8.96242
Gnpnat1	-12.441632	-8.987754
Osmr	-13.409612	-9.955733
Spata5l1	-16.29178	-12.837902
Btg1	-10.258835	-6.804957
Arih1	-11.612923	-8.159044
Pcdhb16	-15.099642	-11.645763
Tmlhe	-15.06455	-11.610672
E230016K23Rik	-18.719528	-15.265651
Uchl1os	-18.02638	-14.572503
Gpx3	-16.822409	-13.36853
Snf8	-11.115464	-7.6615863
Tmem176a	-14.016023	-10.562144
Glis2	-12.919426	-9.465548
9330151L19Rik	-14.581698	-11.12782
Sart1	-12.1751375	-8.721259
Gm49463	-14.576394	-11.122516
Trim33	-12.173222	-8.719343
Tns3	-12.551313	-9.097435
Zfp770	-13.176959	-9.723081
Zbtb4	-11.257505	-7.8036275
Gm37748	-17.515554	-14.061677
Gm12701	-17.420244	-13.966367
Vmo1	-16.822409	-13.36853
Smim8	-12.313749	-8.859871
Gm43462	-13.880605	-10.426726
Gm50012	-14.265182	-10.811303
Dscam	-18.431845	-14.977967
Ndufa10	-11.056747	-7.6028695
Gm47863	-14.406495	-10.952617
Zfand2b	-12.403568	-8.94969
Rps6ka3	-12.150983	-8.697104
Eef2k	-11.6816225	-8.227744
A430033K04Rik	-14.2966795	-10.842801
Egfros	-16.927769	-13.47389
Ptgfr	-17.515554	-14.061677
Fam135b	-17.11009	-13.656212
Gm36210	-19.81814	-16.364264
Arel1	-13.549045	-10.095166
Vsig1	-18.431845	-14.977967
Stox2	-12.302252	-8.848373
Slc7a1	-12.795273	-9.341394
Ramp2	-15.474336	-12.020457
Cela1	-14.009998	-10.55612
Gm26771	-12.939815	-9.485936
Ppfia2	-17.738699	-14.2848215
Ppp2cb	-12.067096	-8.613217
Eef2kmt	-12.576058	-9.12218
Hmgn1	-9.387059	-5.9331813
Sycp2	-16.682646	-13.228768
Gm30124	-16.822409	-13.36853
Iqce	-14.179786	-10.725907
Ccdc137	-13.366092	-9.912213
Cchcr1	-13.499172	-10.045294
Ptprcap	-18.719528	-15.265651
Gm4013	-13.901938	-10.44806
C1qtnf12	-11.706512	-8.252634
Spire2	-19.81814	-16.364264
Ywhah	-10.318569	-6.8646913
St5	-10.295987	-6.842109
Irx5	-14.981859	-11.527981
Gm35572	-17.738699	-14.2848215
Hoxb6	-15.329504	-11.875626
Pald1	-13.875341	-10.421463
Gm5784	-16.262793	-12.808914
Pygo2	-13.169156	-9.715278
Ccs	-11.520099	-8.06622
Czib	-11.719498	-8.265619
Hmces	-13.236115	-9.782237
Fem1b	-12.694468	-9.240589
Qtrt2	-13.458567	-10.004688
Fam186b	-19.124992	-15.671115
Gm42802	-18.719528	-15.265651
Slc6a6	-11.343437	-7.8895593
Colca2	-15.659258	-12.2053795
Gja1	-11.033214	-7.5793357
Ncapg2	-14.227154	-10.773275
Spry4	-13.534007	-10.080129
Trpm1	-17.620916	-14.167038
Gm48161	-19.81814	-16.364264
Spice1	-13.374009	-9.920131
Mc1r	-16.011478	-12.5576
Dffa	-13.891214	-10.437336
Slc39a8	-15.643753	-12.189875
Rbis	-10.8930855	-7.4392076
Rnf180	-18.431845	-14.977967
4930590J08Rik	-16.104568	-12.65069
Apol7e	-16.984926	-13.531049
Gm15809	-15.423692	-11.969813
2010106G04Rik	-18.719528	-15.265651
Apbb2	-12.556213	-9.102335
Cd59a	-10.7950945	-7.3412166
Bves	-13.007998	-9.55412
Fyb	-14.111031	-10.657152
Dcun1d3	-13.060046	-9.606168
Zfp595	-13.756684	-10.302806
Phf11c	-16.560043	-13.106166
Cat	-12.022905	-8.569027
Kansl1	-11.716463	-8.262585
Bcar3	-11.598276	-8.144398
Sqor	-12.212749	-8.75887
Gstz1	-12.883743	-9.429865
Nes	-10.814456	-7.360578
Zfp3	-14.608655	-11.154777
Tedc2	-14.9203005	-11.466422
Gm45474	-19.81814	-16.364264
Ngfr	-18.02638	-14.572503
Ell3	-19.81814	-16.364264
Ppp1r15b	-12.42242	-8.968541
Lmod3	-15.375489	-11.921611
Lat2	-17.420244	-13.966367
Rexo4	-12.632753	-9.178875
B830012L14Rik	-15.005957	-11.552078
Omd	-11.980192	-8.526314
Fbxo9	-11.350138	-7.89626
Hsd11b2	-18.719528	-15.265651
Gm29358	-15.847849	-12.3939705
Cnga1	-18.02638	-14.572503
Snhg8	-10.668825	-7.214947
Adora2a	-16.927769	-13.47389
Qtrt1	-13.891214	-10.437336
Pcgf3	-12.351341	-8.897463
Gm16201	-14.724391	-11.270513
Slc2a13	-13.033684	-9.579805
Pde2a	-15.946939	-12.493061
Ints5	-13.388421	-9.934543
Dner	-19.81814	-16.364264
1700047K16Rik	-16.560043	-13.106166
Rbm25	-10.551515	-7.0976367
Tshz3	-13.103971	-9.650092
Morc3	-12.386249	-8.93237
Ube2w	-11.907184	-8.453305
Gas6	-9.966209	-6.5123315
Myc	-15.099642	-11.645763
Stab2	-19.81814	-16.364264
Fmn1	-13.749715	-10.295836
Lin7b	-14.712195	-11.258317
Gm14963	-17.253191	-13.799314
Zfp800	-12.338841	-8.884963
Fkbp1b	-14.647656	-11.193778
1700024B18Rik	-16.984926	-13.531049
Tie1	-17.738699	-14.2848215
6430571L13Rik	-19.124992	-15.671115
Ano1	-11.891177	-8.437299
Snx6	-11.345527	-7.891649
Gm50050	-19.124992	-15.671115
4930431P22Rik	-17.738699	-14.2848215
Chmp2a	-10.112433	-6.6585555
Snx10	-12.838065	-9.384187
A530013C23Rik	-14.587032	-11.133154
Pno1	-12.564671	-9.110792
Snx12	-12.536067	-9.082189
Gpsm2	-12.389808	-8.935929
BC049352	-19.81814	-16.364264
Pfkfb1	-16.234621	-12.780744
Gm3513	-17.87223	-14.418353
Lgi2	-16.321632	-12.867755
Gm26930	-16.080471	-12.626593
Shd	-14.820929	-11.36705
Hnrnpm	-11.046306	-7.5924277
Trim27	-12.5305805	-9.076702
Tm4sf4	-15.847849	-12.3939705
Hmga1	-14.749237	-11.295359
Arhgap26	-15.24343	-11.789552
Gm47772	-17.87223	-14.418353
Lama5	-11.781244	-8.327366
Fbxl19	-14.117697	-10.663818
Inafm2	-11.793933	-8.3400545
Mb21d2	-13.669673	-10.215795
Fam177a	-12.731402	-9.277524
Fam222a	-16.180553	-12.726676
Gm17021	-16.822409	-13.36853
Strap	-11.536417	-8.082539
Psmd4	-10.573496	-7.119618
Actr2	-10.702441	-7.2485633
Rundc3a	-19.81814	-16.364264
Tmem39b	-13.631932	-10.178054
Trim59	-15.423692	-11.969813
Rps6ka6	-19.81814	-16.364264
Gm27019	-19.124992	-15.671115
Col28a1	-18.02638	-14.572503
Ctr9	-12.090606	-8.636727
Gm48969	-16.450844	-12.996966
mt-Nd2	-7.264073	-3.8101954
Prkdc	-13.0919075	-9.638029
Xkr8	-14.461555	-11.007676
Rpl27	-8.504826	-5.0509477
Pcdhb18	-15.363793	-11.909915
Vcam1	-12.346209	-8.89233
Prkci	-12.798844	-9.344966
Med27	-12.885693	-9.431814
Hexdc	-14.04982	-10.595942
Psma8	-16.682646	-13.228768
Helz	-11.628896	-8.175017
Hmgxb3	-13.265633	-9.811754
Mroh8	-18.431845	-14.977967
Gm36279	-18.431845	-14.977967
6330403L08Rik	-13.241672	-9.787793
Tnni1	-18.208702	-14.754825
Doc2a	-17.253191	-13.799314
Ap1s2	-11.892983	-8.439105
Foxs1	-13.11741	-9.663531
Tmem94	-13.353553	-9.899674
Fbxo3	-11.667961	-8.214083
Cmc2	-12.396365	-8.942487
Gm35554	-18.719528	-15.265651
AC166172.1	-14.490265	-11.0363865
Zfp40	-13.831689	-10.3778105
Grpel2	-13.335033	-9.881155
Macrod2	-13.801984	-10.348105
Prkag1	-11.785781	-8.3319025
Dhdds	-12.692858	-9.238979
Gm48022	-19.81814	-16.364264
A530095I07Rik	-13.826676	-10.372798
Nrg4	-16.727098	-13.27322
Ngly1	-12.044967	-8.591088
Spin1	-12.099455	-8.6455765
Mettl2	-13.490204	-10.036325
Bcl2a1d	-19.81814	-16.364264
C1ra	-13.088317	-9.6344385
Pigq	-13.309372	-9.855494
C2cd4d	-19.124992	-15.671115
Rnf13	-11.871523	-8.4176445
Avl9	-12.997033	-9.543155
Klf1	-17.87223	-14.418353
Hlx	-15.723796	-12.2699175
Myl12b	-10.823348	-7.36947
Akap9	-10.841373	-7.3874955
Gm44997	-16.450844	-12.996966
Anapc10	-12.477305	-9.023427
Amotl1	-11.511175	-8.057297
Maea	-12.145383	-8.6915045
Rpap1	-13.700044	-10.246165
Xrcc6	-12.857793	-9.403914
Zfp267	-13.024674	-9.570796
Invs	-13.142318	-9.688439
Eif5a	-9.56368	-6.109802
Bcor	-12.463139	-9.00926
4930547M16Rik	-17.045551	-13.591674
Arid1a	-11.619226	-8.165348
Kcnk1	-14.5502825	-11.096404
Tysnd1	-12.795273	-9.341394
Limch1	-10.195955	-6.7420774
Mecom	-11.402759	-7.9488807
Suz12	-11.843952	-8.390074
Appbp2os	-17.045551	-13.591674
Phip	-11.12834	-7.674462
Eif4enif1	-12.291962	-8.838083
Spin4	-14.078348	-10.62447
Fth1	-6.569135	-3.1152577
Knl1	-17.515554	-14.061677
Prr22	-17.515554	-14.061677
Matk	-18.431845	-14.977967
Slc16a6	-16.29178	-12.837902
Fmo2	-8.437319	-4.9834414
Peg3	-11.729886	-8.276008
Gm44091	-16.321632	-12.867755
Ppm1b	-11.590765	-8.136887
Uckl1os	-18.208702	-14.754825
D2hgdh	-14.124409	-10.67053
Spindoc	-13.226467	-9.772589
Usp14	-11.462525	-8.008647
Arl6ip4	-11.450144	-7.996266
Palld	-11.385417	-7.931539
Aopep	-10.046814	-6.592936
6030458C11Rik	-13.21014	-9.756262
Tnrc6b	-10.971068	-7.5171905
Pcif1	-11.7838335	-8.329955
Phf19	-14.834534	-11.380655
Gm10425	-18.431845	-14.977967
Rpe	-12.613992	-9.160113
Pard3b	-12.143988	-8.690109
Slc23a1	-17.045551	-13.591674
Tsfm	-12.488391	-9.0345125
Kif22	-16.262793	-12.808914
Pts	-12.477305	-9.023427
Ostn	-19.81814	-16.364264
F13a1	-15.183412	-11.729533
Sf3b5	-10.7348385	-7.2809606
Gramd4	-14.659085	-11.205207
Chac1	-15.363793	-11.909915
Stub1	-10.47572	-7.0218425
Fxyd1	-8.989997	-5.5361195
Fam241b	-17.253191	-13.799314
Ccdc112	-12.752527	-9.298649
Gipc3	-14.39319	-10.939312
Ranbp1	-10.679189	-7.225311
C330013E15Rik	-14.529874	-11.075995
Nos1ap	-12.66509	-9.211211
Cwc27	-12.471486	-9.017608
Slu7	-11.849821	-8.395943
Tpm4	-10.435445	-6.981567
1700069B07Rik	-19.81814	-16.364264
Ltb4r2	-17.420244	-13.966367
Kirrel	-12.862548	-9.408669
Atp1b2	-11.524841	-8.070963
Tbl3	-12.963786	-9.509908
Slc41a1	-12.926515	-9.472636
F830208F22Rik	-17.620916	-14.167038
Tbc1d5	-13.042774	-9.588896
Eci2	-11.460177	-8.006299
Plxna4os1	-16.485935	-13.032058
Mtpn	-10.865536	-7.411658
Rhof	-17.179083	-13.725205
Ube3c	-12.461223	-9.007344
Gm40909	-17.87223	-14.418353
Gm44386	-19.81814	-16.364264
Gm10827	-16.29178	-12.837902
Ppp2r5d	-12.891563	-9.437685
Gm30648	-16.773619	-13.31974
Tpm2	-6.9373007	-3.4834232
Psma7	-9.892794	-6.4389157
Gm43728	-16.873701	-13.419824
4930453N24Rik	-11.890095	-8.436216
Gcnt4	-16.262793	-12.808914
Arl2	-11.308375	-7.8544974
Steap4	-17.253191	-13.799314
Gm29771	-19.124992	-15.671115
Rasgef1b	-16.927769	-13.47389
Ccng2	-13.345795	-9.891916
Uvrag	-12.274867	-8.820989
Clk3	-12.408399	-8.95452
F420014N23Rik	-14.96611	-11.512232
2410004I01Rik	-18.719528	-15.265651
Tcf23	-19.124992	-15.671115
Nfxl1	-13.215553	-9.761675
Lpcat1	-13.262784	-9.808906
Gm32255	-19.124992	-15.671115
Klhl6	-19.124992	-15.671115
Lipt1	-14.219719	-10.765841
Cxcl16	-14.495131	-11.041252
Samd1	-13.226467	-9.772589
Noc3l	-13.019085	-9.565207
Gm4737	-18.208702	-14.754825
Gm16575	-17.87223	-14.418353
Stat1	-13.006896	-9.553018
5330439A09Rik	-17.420244	-13.966367
Acad8	-12.7397995	-9.285921
Prr36	-18.02638	-14.572503
Ypel4	-14.461555	-11.007676
Agrn	-12.126484	-8.6726055
Rrm2	-15.448693	-11.994815
Clptm1	-11.88148	-8.427602
Gulp1	-11.848783	-8.394904
Best1	-16.104568	-12.65069
Gm17657	-16.560043	-13.106166
Eif2c5	-14.950606	-11.496728
Mettl27	-13.441414	-9.987535
Zc3h13	-11.065559	-7.6116815
Tdrkh	-17.420244	-13.966367
Trir	-10.637641	-7.183763
Ficd	-13.318354	-9.864475
Tmem74	-17.515554	-14.061677
AU021092	-19.124992	-15.671115
Rhpn1	-18.208702	-14.754825
Ecm1	-9.390043	-5.9361653
Oasl1	-18.719528	-15.265651
Tnik	-12.310451	-8.856572
Gm3055	-15.659258	-12.2053795
Tspan14	-14.608655	-11.154777
Gm48604	-16.262793	-12.808914
Gm10101	-16.560043	-13.106166
E130311K13Rik	-13.3852005	-9.931322
Jam2	-13.870106	-10.416227
Taf3	-11.988908	-8.535029
Nceh1	-13.629877	-10.175999
Ankrd13d	-14.504934	-11.051056
Spg21	-12.276988	-8.82311
Fxn	-13.0213175	-9.567439
Dph6	-12.864456	-9.410578
Axl	-10.723435	-7.2695575
Sfr1	-9.894606	-6.4407277
Cab39	-11.026807	-7.572929
Leprotl1	-11.4933195	-8.039441
Podxl	-17.179083	-13.725205
Psme4	-11.566738	-8.11286
Tnfaip8l1	-17.620916	-14.167038
Arhgdib	-13.419546	-9.965668
Rsl24d1	-11.982561	-8.528683
Mrpl40	-12.350199	-8.89632
Rap1gds1	-12.361686	-8.907807
Nqo2	-12.9894285	-9.53555
Gpr20	-19.124992	-15.671115
Rpl36a-ps1	-13.918243	-10.464365
1110013H19Rik	-15.792789	-12.338911
Smad1	-11.912699	-8.45882
Gm31645	-17.11009	-13.656212
Ankrd34a	-15.24343	-11.789552
Rhpn2	-15.448693	-11.994815
Cacnb4	-15.1176605	-11.663782
Tanc1	-12.753382	-9.299503
1700056N10Rik	-16.080471	-12.626593
Zcwpw2	-16.011478	-12.5576
Parp10	-14.700147	-11.246268
Cndp1	-19.81814	-16.364264
Sh3rf2	-13.434634	-9.980756
Cryzl2	-13.644355	-10.190476
1110065P20Rik	-11.2114725	-7.7575946
Npepps	-11.687199	-8.23332
4930507D05Rik	-17.620916	-14.167038
Pik3r6	-14.429069	-10.97519
Swi5	-9.941254	-6.4873757
Chit1	-16.727098	-13.27322
Psat1	-14.761895	-11.308017
Nkrf	-13.960208	-10.50633
Alkbh5	-11.5875635	-8.133685
C030010L15Rik	-18.431845	-14.977967
Tsc2	-12.780235	-9.326357
Myo10	-13.174351	-9.720472
Dph1	-16.927769	-13.47389
Bag4	-13.401408	-9.94753
Wdr17	-16.416943	-12.963065
Idi1	-12.195966	-8.742087
Wdr95	-13.708893	-10.255014
Upb1	-13.194076	-9.740197
Gcnt2	-12.0291	-8.575222
Atl1	-14.134561	-10.680682
Emc8	-10.582425	-7.128547
Vps54	-12.687242	-9.233363
Chrnb1	-14.081569	-10.62769
Acsbg1	-19.81814	-16.364264
Ppox	-12.9894285	-9.53555
Magoh	-11.288032	-7.8341537
Pold2	-12.643416	-9.189538
Sema5b	-15.847849	-12.3939705
B4galt3	-12.725567	-9.271688
Slc50a1	-11.265774	-7.811896
Gm33228	-18.208702	-14.754825
Apoc4	-19.124992	-15.671115
Gm39929	-17.045551	-13.591674
Lamp2	-10.736999	-7.2831206
Mrps34	-11.455499	-8.00162
Zfp433	-15.829157	-12.375278
Gm45767	-15.474336	-12.020457
Arl10	-13.78027	-10.326391
Ddx18	-11.596662	-8.142783
Dyrk1b	-13.500976	-10.047097
Zc2hc1c	-15.145312	-11.691434
Slc17a9	-16.485935	-13.032058
Lnx2	-13.640197	-10.186318
Eef1akmt1	-12.1891365	-8.735258
Usp48	-12.274338	-8.820459
Gm16618	-17.87223	-14.418353
Tmem60	-12.227794	-8.773915
Ranbp17	-14.162149	-10.708271
Mapre2	-11.662492	-8.208613
Ccp110	-13.809327	-10.355449
Intu	-14.814195	-11.360316
Zdhhc15	-15.500652	-12.046774
Gm19345	-19.124992	-15.671115
Ulk2	-11.691031	-8.237153
Tmed9	-10.29892	-6.8450418
Tma7	-10.159979	-6.706101
Gm35558	-19.124992	-15.671115
Gm35290	-17.738699	-14.2848215
Gm5820	-14.855296	-11.401418
Ccdc88c	-13.669673	-10.215795
4930534H18Rik	-17.620916	-14.167038
Gpr75	-16.822409	-13.36853
5830428M24Rik	-16.599264	-13.145387
Prcc	-13.029169	-9.575291
Unc119b	-13.416224	-9.962345
Gm10710	-19.124992	-15.671115
Golgb1	-10.542855	-7.0889773
Sema6b	-17.253191	-13.799314
Vmn2r26	-19.81814	-16.364264
Tmem147os	-14.800861	-11.346983
Vav2	-14.664849	-11.210971
Gm42418	-5.4126534	-1.9587756
Trpm6	-19.124992	-15.671115
Bach1	-12.476657	-9.0227785
Iffo1	-13.237502	-9.783624
Tnpo2	-12.955383	-9.501505
Kmt5b	-11.680452	-8.226574
Hspa4	-10.511854	-7.0579762
Podn	-15.126793	-11.6729145
CR974586.2	-19.81814	-16.364264
Btbd1	-12.522406	-9.068527
Spns2	-16.822409	-13.36853
Gm33940	-19.81814	-16.364264
Nfyb	-12.323154	-8.869276
Abhd4	-12.951207	-9.497329
Slc27a5	-17.738699	-14.2848215
Fuca2	-13.745096	-10.291218
Hist1h4a	-15.005957	-11.552078
Capg	-11.972333	-8.518455
Fgf9	-19.124992	-15.671115
Aco1	-12.529213	-9.075335
Sgf29	-12.602166	-9.148288
Ercc8	-14.0848	-10.630921
Apol9b	-15.829157	-12.375278
Pcgf6	-13.16013	-9.706251
Gm36677	-19.124992	-15.671115
Fem1a	-13.013526	-9.559648
2300009A05Rik	-12.097679	-8.643801
Rnf181	-12.319271	-8.865393
Nxph1	-16.682646	-13.228768
Zfp54	-15.145312	-11.691434
Junb	-10.213059	-6.7591815
Dclk2	-16.984926	-13.531049
Gbp7	-13.401408	-9.94753
Aoc3	-10.307695	-6.8538175
Ngdn	-12.07184	-8.617962
Ttc17	-12.986187	-9.532309
Mterf4	-13.345795	-9.891916
Med21	-11.279186	-7.8253083
Smad2	-12.613992	-9.160113
Fbxl15	-13.028044	-9.574165
Sucla2	-11.355826	-7.9019485
Gm42659	-15.193168	-11.739289
Usp53	-11.629729	-8.175851
Gpd2	-12.473422	-9.019544
Mras	-12.29574	-8.841862
Ppp1r18	-11.54864	-8.094762
Prelid2	-13.673955	-10.220077
1600020E01Rik	-13.335033	-9.881155
Sorbs2os	-18.02638	-14.572503
9330111N05Rik	-19.81814	-16.364264
Hsdl2	-12.731402	-9.277524
Gm13421	-16.727098	-13.27322
Nfix	-9.715269	-6.2613916
Cdk10	-12.770623	-9.316745
Gm47438	-16.080471	-12.626593
Sfpq	-11.010221	-7.5563426
Tpcn2	-14.040488	-10.58661
0610038B21Rik	-15.886315	-12.432437
Gm10501	-15.967993	-12.514114
Efhb	-15.363793	-11.909915
Ppp1cb	-9.731915	-6.2780375
Ube2q2	-11.949504	-8.4956255
Nans	-12.513625	-9.059747
Iigp1	-13.072905	-9.619026
Pnpt1	-13.33198	-9.878101
Gm16364	-16.262793	-12.808914
Ercc6l2	-12.882771	-9.428892
Ckap2	-16.873701	-13.419824
Dhrs7	-10.948883	-7.495005
Rer1	-10.511945	-7.058067
Hist1h1c	-11.249684	-7.7958064
Gm10561	-13.386809	-9.932931
1700012C14Rik	-17.87223	-14.418353
Tex13b	-19.124992	-15.671115
Dhfr	-13.851994	-10.398115
Kif14	-17.253191	-13.799314
Gm49064	-17.420244	-13.966367
Vmn2r124	-18.719528	-15.265651
Prkcsh	-11.747234	-8.293356
Wdr66	-16.321632	-12.867755
Ptcd2	-12.931609	-9.477731
Spa17	-13.17175	-9.717872
Ccdc114	-14.647656	-11.193778
Nenf	-9.314142	-5.8602643
Samd4b	-11.663641	-8.209763
Lrig2	-13.214197	-9.760319
Tmx1	-11.731422	-8.277544
Gm29331	-19.124992	-15.671115
Mrnip	-14.855296	-11.401418
Cep78	-14.071938	-10.618059
Dlx1as	-18.431845	-14.977967
Nefh	-19.81814	-16.364264
Cldn20	-19.124992	-15.671115
Dpp8	-12.16133	-8.707452
Gm8883	-17.87223	-14.418353
Adra1b	-13.965939	-10.51206
Sh3bp5l	-13.396519	-9.94264
Slf1	-12.954337	-9.500459
Fam13a	-13.1297865	-9.675908
Zfp612	-12.769754	-9.315876
Cdc42ep1	-14.227154	-10.773275
Fgr	-15.584034	-12.130156
Snai1	-16.560043	-13.106166
Cd2ap	-10.886853	-7.4329753
Ccl19	-13.407966	-9.954087
E130307A14Rik	-13.611565	-10.157686
Nubp1	-12.604372	-9.150494
1500009L16Rik	-11.869402	-8.415524
B3galt4	-13.934818	-10.48094
Gm42702	-15.514075	-12.060197
Gm12111	-17.620916	-14.167038
BC043934	-15.099642	-11.645763
6430562O15Rik	-14.935339	-11.481461
Gm46323	-17.253191	-13.799314
Lpp	-8.593991	-5.1401134
Adrb3	-18.719528	-15.265651
Med22	-13.390036	-9.936157
Gm38394	-14.452165	-10.998286
Cln8	-13.513692	-10.0598135
Slc17a8	-19.81814	-16.364264
Tmod3	-11.718283	-8.264404
Rnf182	-14.935339	-11.481461
H2-K1	-10.95963	-7.505752
Zbtb43	-13.23335	-9.779471
2610306M01Rik	-13.148643	-9.694764
Adgra3	-12.117393	-8.663514
Sac3d1	-12.504254	-9.050376
Ctps	-12.250278	-8.7964
Coprs	-13.673955	-10.220077
P2rx3	-18.719528	-15.265651
Wdhd1	-16.03395	-12.580072
Rsph3a	-14.424513	-10.970634
Eif5b	-9.882186	-6.428308
Sipa1l2	-13.325901	-9.872023
Bmp2	-12.598498	-9.14462
9830144P21Rik	-19.81814	-16.364264
Gm47541	-19.81814	-16.364264
Smug1	-13.652723	-10.198845
Hibadh	-11.337196	-7.8833184
Zfp944	-13.506406	-10.052527
Pibf1	-12.553411	-9.099532
Popdc3	-15.436114	-11.982236
Snx30	-14.037397	-10.583519
Mtmr2	-12.911386	-9.457507
Tlr2	-14.172694	-10.718816
Gm26797	-15.541474	-12.087596
Pheta2	-14.958328	-11.50445
Endod1	-10.672233	-7.2183547
Gm13380	-19.124992	-15.671115
Dcp2	-13.155008	-9.70113
Gm12279	-17.620916	-14.167038
Cop1	-11.648805	-8.194926
2500004C02Rik	-14.96611	-11.512232
Ccdc9	-12.744024	-9.290146
Yipf1	-12.050031	-8.596152
Micall2	-14.597785	-11.143907
Ndufa4	-9.083398	-5.62952
Gm11963	-16.773619	-13.31974
Tubgcp6	-14.3844185	-10.93054
Gm17089	-19.81814	-16.364264
Ophn1	-13.412912	-9.959034
Rars2	-13.5509405	-10.097062
Yap1	-12.069249	-8.615371
Ss18l2	-11.736048	-8.282169
Camk4	-19.124992	-15.671115
Erap1	-12.592659	-9.138781
Bloc1s4	-12.387434	-8.933556
Tgfbr1	-11.244189	-7.7903113
E330032C10Rik	-18.02638	-14.572503
Tmsb15b2	-13.200738	-9.74686
B3gnt3	-19.81814	-16.364264
Dmpk	-9.865911	-6.4120326
Gm43376	-19.81814	-16.364264
Gm17134	-19.81814	-16.364264
Gm16726	-17.87223	-14.418353
Gm15441	-16.599264	-13.145387
CR974586.4	-16.207222	-12.753345
Mpz	-16.984926	-13.531049
AI506816	-12.172265	-8.718387
Pgls	-10.5456705	-7.0917926
Gm26555	-17.87223	-14.418353
Gm35229	-17.045551	-13.591674
Gm37696	-17.87223	-14.418353
Pole3	-12.176577	-8.722698
Elp1	-13.0670395	-9.613161
Gm16933	-16.727098	-13.27322
Dolk	-13.119873	-9.665995
Plagl2	-13.411261	-9.957382
Cir1	-11.314843	-7.8609653
Azin2	-13.968816	-10.514937
Sass6	-13.530282	-10.076404
Nckap5l	-14.034315	-10.580437
Pygl	-13.82418	-10.370301
Gm17949	-16.927769	-13.47389
Ankrd23	-14.4020405	-10.948162
Mybbp1a	-11.894793	-8.440914
Dus1l	-13.030295	-9.576417
Lsm8	-11.458303	-8.004425
Lynx1	-12.347347	-8.893469
Mcm5	-14.807506	-11.353627
Per2	-12.171787	-8.717909
E130208F15Rik	-16.773619	-13.31974
Ildr1	-19.81814	-16.364264
Lrrc58	-10.849745	-7.395867
Adamts9	-12.973326	-9.519447
Scarb1	-14.276877	-10.822999
Gm15672	-15.707267	-12.253388
Slc35e1	-13.06587	-9.611992
Ptp4a1	-15.628486	-12.174607
Mark2	-11.933564	-8.479686
Col5a1	-10.989207	-7.5353293
Ddx50	-10.900696	-7.446818
Lin7c	-11.645694	-8.191815
Phgdh	-12.641887	-9.188008
Kbtbd12	-16.129261	-12.675383
Selenos	-10.406248	-6.95237
Thumpd1	-12.228299	-8.774421
Mrpl41	-11.54251	-8.088632
Glrx3	-10.874112	-7.420234
Gm32618	-14.141387	-10.687509
Pkd1	-10.422982	-6.9691043
Gm12830	-19.124992	-15.671115
BC051077	-18.02638	-14.572503
Dynll1	-8.427089	-4.9732113
H2-M3	-14.04359	-10.589711
Armc2	-14.176233	-10.722355
Prkx	-13.100336	-9.646458
9430038I01Rik	-13.391652	-9.937774
1700034I23Rik	-17.420244	-13.966367
Nkd2	-15.02235	-11.568472
Epha1	-13.595565	-10.141686
Zfp709	-14.9203005	-11.466422
Gm10479	-17.515554	-14.061677
Gm49698	-16.207222	-12.753345
Zfp566	-14.22343	-10.769551
Cyp4f13	-13.194076	-9.740197
Mtag2	-19.124992	-15.671115
S1pr2	-14.862314	-11.408436
Hps4	-12.959576	-9.505697
Cxcl10	-18.02638	-14.572503
Atxn7l3	-12.563256	-9.109378
Nudt9	-11.550435	-8.096557
Scn2a	-12.5210495	-9.067171
Pcp4l1	-10.210502	-6.7566237
Mepce	-12.487081	-9.033202
Sympk	-12.5305805	-9.076702
Grhl2	-18.719528	-15.265651
B3gnt5	-13.6464405	-10.192562
Hpcal4	-18.719528	-15.265651
Gm48193	-18.719528	-15.265651
Fkbp14	-12.49365	-9.039772
Avil	-16.773619	-13.31974
Hnrnpul2	-11.1017685	-7.6478906
Sem1	-9.197374	-5.7434964
Magix	-17.87223	-14.418353
Slc25a35	-13.328936	-9.875057
Epcam	-19.81814	-16.364264
Wdr83os	-10.589764	-7.1358857
Nr2f2	-11.506251	-8.052373
Pgp	-11.378693	-7.9248147
Bex2	-16.485935	-13.032058
Map3k5	-12.613248	-9.159369
Zfp248	-14.037397	-10.583519
Itm2b	-8.689026	-5.2351484
Tmem117	-13.857136	-10.403257
Coro1a	-17.515554	-14.061677
Adhfe1	-13.801984	-10.348105
Dus2	-13.627826	-10.173947
Rian	-12.608801	-9.1549225
Ehmt1	-12.037838	-8.58396
Gm10401	-16.927769	-13.47389
Zfp930	-14.419978	-10.9661
Sned1	-13.946023	-10.492145
Gm42397	-15.274846	-11.820968
Mrpl27	-11.408755	-7.9548774
Gm29707	-17.87223	-14.418353
Hadh	-11.32565	-7.8717723
Lsm14b	-12.894512	-9.440634
Uhrf1bp1	-14.354309	-10.900431
Wfdc3	-17.253191	-13.799314
Cand1	-11.921588	-8.46771
Dpp10	-15.4614315	-12.007553
Fmo3	-11.257696	-7.803818
Mfsd3	-13.686914	-10.233036
Mbtps1	-11.785781	-8.3319025
Prdm11	-14.257459	-10.80358
Cep89	-13.591604	-10.137726
Spint2	-10.399242	-6.9453645
Sh3bp1	-13.957355	-10.503476
Osbpl7	-14.3333435	-10.879465
Apc	-11.724679	-8.270801
Tpm1	-7.856243	-4.4023657
Gm50130	-18.431845	-14.977967
Mef2d	-11.451538	-7.99766
Ufd1	-11.938849	-8.484971
Rcsd1	-12.441007	-8.987128
Sdr42e1	-15.584034	-12.130156
Hspbp1	-12.487081	-9.033202
Tktl1	-17.738699	-14.2848215
Habp4	-12.3120985	-8.85822
Gfra4	-12.538822	-9.084944
Col1a2	-8.4638	-5.009923
Rnf40	-13.325901	-9.872023
Bet1l	-11.447593	-7.993715
Aebp2	-11.871169	-8.417291
Larp4	-11.608016	-8.154138
Carmn	-11.112478	-7.6586003
Rabgap1	-11.97116	-8.517282
Mynn	-12.880827	-9.426949
Ssr3	-10.789922	-7.336044
Ddx20	-13.875341	-10.421463
Ikzf5	-12.138889	-8.685011
Flywch2	-13.078804	-9.624926
Rsad2	-16.984926	-13.531049
Gm49756	-17.179083	-13.725205
Elmod1	-19.81814	-16.364264
Faah	-18.719528	-15.265651
4833419F23Rik	-14.534937	-11.0810585
Gm12473	-17.738699	-14.2848215
Pnp	-11.9301815	-8.476303
Ppie	-11.738523	-8.284644
Asns	-15.487408	-12.033529
Gm31508	-19.81814	-16.364264
Map2k4	-12.420579	-8.966701
Msrb1	-9.50069	-6.046813
Aoah	-19.81814	-16.364264
Vmn2r57	-15.675006	-12.2211275
Gm36211	-17.87223	-14.418353
Glce	-13.261362	-9.807484
Afap1l1	-19.124992	-15.671115
Paqr3	-15.20302	-11.749142
9330160F10Rik	-15.183412	-11.729533
Gm14597	-18.02638	-14.572503
Tpm3	-11.368156	-7.9142785
Suclg1	-10.759554	-7.305676
Pcbd2	-11.472211	-8.0183325
Plekha2	-12.824208	-9.37033
Dnaic2	-16.522303	-13.068425
Pik3r2	-12.738114	-9.284236
4833422C13Rik	-17.045551	-13.591674
Adamts10	-11.790991	-8.337112
Ckb	-9.606397	-6.1525187
Reep5	-9.518767	-6.0648894
Atp5j2	-9.187854	-5.733976
Lcat	-15.500652	-12.046774
Slc23a3	-15.757698	-12.30382
Ttc9c	-13.294579	-9.8407
Gm16315	-17.515554	-14.061677
Cytip	-17.515554	-14.061677
Taf10	-11.424472	-7.970594
Nod1	-13.875341	-10.421463
Olfr1160	-18.431845	-14.977967
Plrg1	-12.76542	-9.311542
Ppl	-15.569646	-12.1157675
4930579G24Rik	-14.820929	-11.36705
Acin1	-10.871375	-7.417497
Cd209g	-19.81814	-16.364264
Gar1	-12.506254	-9.052376
Gm43803	-18.208702	-14.754825
Smyd1	-18.208702	-14.754825
Gm29093	-17.045551	-13.591674
Wdtc1	-12.469553	-9.015675
Gm16091	-18.02638	-14.572503
Fkbpl	-13.875341	-10.421463
Stard7	-12.501593	-9.047714
Klhdc10	-12.857793	-9.403914
Srp68	-12.03742	-8.583542
Hapln1	-14.761895	-11.308017
4930527F14Rik	-19.81814	-16.364264
Gm31019	-17.253191	-13.799314
Ubxn7	-12.472775	-9.018897
Bok	-14.2966795	-10.842801
Zdhhc13	-14.14826	-10.694382
Rprd1b	-12.287661	-8.833782
Rasgef1c	-18.719528	-15.265651
Rbm4b	-12.674523	-9.220645
Ano6	-11.201102	-7.7472243
Cox18	-12.948088	-9.494209
Efhc2	-14.025127	-10.571249
Gm41724	-14.169167	-10.715288
Borcs7	-11.889375	-8.435496
Zfp938	-12.459947	-9.006068
Timm13	-10.432839	-6.9789615
9130019P16Rik	-15.569646	-12.1157675
Ppp1r14c	-12.563963	-9.110085
Gm28277	-18.719528	-15.265651
Pccb	-12.50759	-9.053712
Sept2	-12.969074	-9.515196
Tfcp2	-13.517355	-10.063477
Gm43577	-18.719528	-15.265651
Idh3g	-11.163275	-7.709397
Celsr3	-19.81814	-16.364264
Fcna	-18.719528	-15.265651
Tmem173	-15.448693	-11.994815
Nt5c	-11.440669	-7.986791
Gm45774	-17.738699	-14.2848215
Rbfaos	-19.124992	-15.671115
Tex10	-12.8060255	-9.352147
Mypopos	-16.984926	-13.531049
Lyar	-11.731115	-8.277237
Skida1	-15.628486	-12.174607
Asxl1	-12.781114	-9.327235
Klhdc1	-13.141057	-9.687179
Gm34030	-12.727231	-9.273353
Gm31458	-18.431845	-14.977967
Rpl24	-8.2370615	-4.7831836
Zhx3	-12.14958	-8.695702
Zcwpw1	-17.045551	-13.591674
Mrpl11	-11.677825	-8.223947
Anxa7	-10.893352	-7.4394736
Gm39121	-18.208702	-14.754825
Gm49282	-18.02638	-14.572503
Kitl	-11.911593	-8.457715
1810064F22Rik	-19.81814	-16.364264
Dedd	-12.787283	-9.333405
Mcub	-14.094556	-10.640677
Dynlt1c	-16.927769	-13.47389
Tmem269	-19.124992	-15.671115
Med26	-14.091293	-10.637415
Tgds	-13.591604	-10.137726
Gng12	-10.6289215	-7.1750436
Sox5	-12.6627445	-9.208866
Gm30524	-15.164181	-11.710302
Copz2	-10.611507	-7.1576295
Gm43166	-19.81814	-16.364264
Trim69	-19.124992	-15.671115
Gm2a	-11.459709	-8.005831
Cenpi	-17.738699	-14.2848215
Hsbp1	-10.156725	-6.702847
Gm31814	-17.738699	-14.2848215
Met	-18.02638	-14.572503
Chst3	-12.65342	-9.199542
Ttc39a	-16.682646	-13.228768
Slc30a9	-11.869756	-8.415877
Mgp	-6.364768	-2.9108906
G630030J09Rik	-17.420244	-13.966367
Phf2	-12.137504	-8.683625
Gm20110	-18.431845	-14.977967
Exoc6	-13.050797	-9.596919
Rab14	-10.239484	-6.785606
Hnmt	-12.926515	-9.472636
Grb14	-11.28981	-7.8359323
Gm20324	-15.500652	-12.046774
Acsl4	-12.898457	-9.444578
Serpine2	-8.959103	-5.505225
Trp53cor1	-15.723796	-12.2699175
Alpl	-14.25362	-10.799742
Zfr2	-13.749715	-10.295836
Gm36595	-19.124992	-15.671115
Gm12841	-19.124992	-15.671115
Brap	-12.640358	-9.18648
Glcci1	-12.391592	-8.937714
Mrpl46	-12.473422	-9.019544
Tnfrsf18	-18.719528	-15.265651
Pinx1	-12.781992	-9.328114
Mrps27	-13.451671	-9.997792
Nmnat1	-13.834205	-10.380326
Gm49587	-18.719528	-15.265651
Tm9sf1	-12.282845	-8.828966
Ufl1	-11.777371	-8.323493
Gm45359	-19.124992	-15.671115
Phf21a	-12.199889	-8.746011
Nmnat2	-14.800861	-11.346983
Frmpd4	-17.738699	-14.2848215
Gpr156	-19.124992	-15.671115
Actr6	-12.822374	-9.368496
Ccnyl1	-13.761356	-10.307478
Hnrnph1	-10.682847	-7.228969
Dhps	-12.091487	-8.637609
Lss	-13.722316	-10.268437
Fam171b	-13.096715	-9.642837
D630045J12Rik	-15.005957	-11.552078
2310011J03Rik	-12.006167	-8.552289
Strbp	-11.763936	-8.310058
Zbtb39	-13.960208	-10.50633
Cbx7	-12.576775	-9.122896
Fmr1	-11.818798	-8.36492
G530011O06Rik	-14.162149	-10.708271
Coq5	-12.4637785	-9.0099
Gm47405	-19.81814	-16.364264
Ints6	-12.239484	-8.785605
Sp7	-16.927769	-13.47389
Opcml	-17.738699	-14.2848215
Caps2	-16.522303	-13.068425
Mfge8	-8.722217	-5.2683387
Cyb561	-12.0513	-8.597422
Crem	-12.605846	-9.151968
Phlda1	-12.547828	-9.093949
Eda	-14.718274	-11.264396
Vwa1	-13.082361	-9.628483
Tmem107	-12.902417	-9.448539
Zbtb9	-14.466283	-11.012404
Cldn3	-13.481315	-10.027436
Mrpl55	-11.6542	-8.200321
1810006J02Rik	-17.045551	-13.591674
Gm15774	-19.124992	-15.671115
Gm568	-19.124992	-15.671115
Pip4k2b	-13.564312	-10.110434
Spg11	-13.237502	-9.783624
Haspin	-19.81814	-16.364264
Dnmt3b	-15.1176605	-11.663782
Bcl9	-12.769754	-9.315876
Nfyc	-12.915398	-9.461519
Rnf170	-13.328936	-9.875057
Fdx1	-11.248545	-7.794667
9630028H03Rik	-18.431845	-14.977967
A730090N16Rik	-18.431845	-14.977967
Gm47843	-16.011478	-12.5576
Gria1	-13.470752	-10.016873
Tmem253	-16.682646	-13.228768
A730020M07Rik	-17.253191	-13.799314
mt-Co3	-6.383517	-2.9296393
AC163347.1	-17.87223	-14.418353
Lcn8	-17.738699	-14.2848215
Rab39	-19.81814	-16.364264
Ptgds	-16.104568	-12.65069
Lrriq3	-16.352404	-12.898526
Rb1cc1	-11.047546	-7.5936685
Desi1	-12.927531	-9.473653
Tnfsf13os	-16.180553	-12.726676
Psmd11	-10.953818	-7.4999404
Ccdc141	-11.694286	-8.240408
Grid2	-14.121047	-10.667169
Tcp1	-10.444237	-6.990359
Tnni2	-18.431845	-14.977967
Tinagl1	-10.068387	-6.614509
Map3k4	-12.143988	-8.690109
Radil	-16.234621	-12.780744
Zc3hav1l	-14.124409	-10.67053
Pcf11	-12.211256	-8.757378
Vps37d	-13.738208	-10.284329
Mrgprf	-12.648021	-9.194142
Tmem19	-12.81054	-9.356662
Tbc1d10a	-12.774981	-9.321102
Snhg16	-13.826676	-10.372798
Abi3bp	-10.6132145	-7.1593366
4930433N12Rik	-17.87223	-14.418353
C78197	-16.599264	-13.145387
Gm11532	-17.515554	-14.061677
Rabl6	-11.844985	-8.391107
Ankrd17	-11.575384	-8.121506
Rab21	-11.1017685	-7.6478906
Nap1l3	-14.509873	-11.055995
Wdr93	-18.02638	-14.572503
Xrcc3	-16.522303	-13.068425
Gm47450	-16.560043	-13.106166
C1qa	-16.384153	-12.930275
Fbxl7	-12.908387	-9.454509
Gm49801	-15.775089	-12.321211
Hap1	-16.682646	-13.228768
Mus81	-12.95225	-9.498371
D130017N08Rik	-14.592394	-11.138515
Wbp1	-11.939607	-8.485728
Nacc2	-11.3272915	-7.8734136
Gm33838	-15.775089	-12.321211
Naa80	-11.921216	-8.467338
Psme2	-11.213487	-7.7596087
Pcgf1	-13.695648	-10.24177
Rspo2	-19.124992	-15.671115
Tspyl5	-13.328936	-9.875057
Rln1	-19.124992	-15.671115
Gal3st4	-14.730544	-11.276666
Epop	-16.822409	-13.36853
Uxs1	-12.9460125	-9.492134
Foxc2	-12.134737	-8.680859
Rpl27a	-8.059613	-4.605736
5330411J11Rik	-18.208702	-14.754825
Gm42788	-17.515554	-14.061677
Hddc2	-12.452961	-8.999083
Ppp1r1b	-13.497373	-10.043494
Unc13c	-15.01412	-11.560242
Gm15013	-15.613448	-12.15957
Crabp2	-17.620916	-14.167038
Ccl28	-19.124992	-15.671115
Zfas1	-11.934318	-8.480439
Alkbh7	-12.346209	-8.89233
Nrp2	-13.907344	-10.453465
Gm50068	-18.719528	-15.265651
Zyg11b	-11.984144	-8.530266
Trip4	-12.510939	-9.05706
A230065N10Rik	-16.682646	-13.228768
Fam192a	-12.27328	-8.819402
Ccdc47	-11.307972	-7.854094
Epb41l4b	-14.509873	-11.055995
Zscan12	-13.740499	-10.28662
Gnb3	-18.719528	-15.265651
Ston2	-13.493782	-10.039904
Gm2447	-17.179083	-13.725205
Fdxr	-13.814254	-10.360375
2310022A10Rik	-13.007998	-9.55412
Dnaaf5	-14.1311655	-10.677287
Tmem160	-10.483461	-7.0295835
Denr	-11.2548275	-7.8009496
Vps26a	-11.936581	-8.482702
Ier5	-11.499642	-8.045764
Ccm2	-12.328729	-8.87485
Chd4	-10.548965	-7.0950875
Ilk	-9.879334	-6.4254565
Papolg	-13.64853	-10.194652
BB123696	-16.352404	-12.898526
Alcam	-10.539207	-7.0853295
Hddc3	-13.686914	-10.233036
Itga7	-11.455965	-8.002087
Slc2a3	-15.039018	-11.585139
Hist1h2ak	-18.719528	-15.265651
Smdt1	-9.768952	-6.3150744
Ddx59	-14.169167	-10.715288
Cad	-13.226467	-9.772589
Fzd2	-10.682308	-7.2284303
Socs4	-12.177537	-8.723659
Nucb1	-10.370991	-6.917113
Gprasp1	-12.082707	-8.628829
Olfr1036	-17.620916	-14.167038
Gramd1b	-15.829157	-12.375278
Haghl	-12.2925005	-8.838622
Tnfrsf10b	-13.499172	-10.045294
Ncoa5	-13.170452	-9.716574
Nox1	-17.620916	-14.167038
Ppp6r2	-12.890583	-9.436705
Psmb9	-14.862314	-11.408436
2610301B20Rik	-13.100336	-9.646458
Lrrc4b	-14.500021	-11.046143
Epm2aip1	-12.614736	-9.160857
Gm49083	-17.515554	-14.061677
Srgap1	-17.620916	-14.167038
Gm26533	-17.11009	-13.656212
Ptpru	-14.89816	-11.444282
Dennd1a	-12.805125	-9.351247
Itprid2	-11.702919	-8.249041
Pofut1	-12.7864	-9.332521
Rad51	-16.104568	-12.65069
Pcdhb3	-16.522303	-13.068425
Dagla	-14.958328	-11.50445
2610307P16Rik	-15.005957	-11.552078
Trac	-18.719528	-15.265651
Fadd	-13.806873	-10.352995
Gm26636	-19.124992	-15.671115
Pcdhb6	-18.208702	-14.754825
Gm45081	-19.81814	-16.364264
Ankle1	-17.045551	-13.591674
Unc13b	-13.849433	-10.395555
Rnh1	-10.52254	-7.068662
Smap1	-10.799082	-7.345204
Prss57	-14.619644	-11.165766
Rnf115	-12.270112	-8.816234
Mrpl28	-11.443664	-7.9897857
Fnip1	-11.905718	-8.451839
Hoxd3os1	-17.620916	-14.167038
4921509O07Rik	-19.81814	-16.364264
Timm9	-12.34564	-8.891762
Eftud2	-12.549221	-9.095343
Gm15632	-16.727098	-13.27322
Glipr2	-13.3835945	-9.929716
Gm38910	-15.584034	-12.130156
Fam227b	-19.81814	-16.364264
Grcc10	-10.02592	-6.572042
Dok2	-17.87223	-14.418353
D930019O06Rik	-17.11009	-13.656212
Nckipsd	-14.158659	-10.704781
Endou	-15.514075	-12.060197
Wrap53	-14.438243	-10.9843645
Erbin	-11.779629	-8.32575
Tfdp2	-11.823846	-8.369967
4933412E12Rik	-16.129261	-12.675383
Cd164	-11.06398	-7.610102
Zfp869	-12.692858	-9.238979
Ccdc28a	-13.014635	-9.560757
Flna	-7.7428203	-4.288943
Ccnd1	-15.375489	-11.921611
Ccdc102a	-12.436639	-8.98276
Gpihbp1	-18.431845	-14.977967
Wdr26	-11.189049	-7.735171
Gpr162	-17.620916	-14.167038
Dynlrb1	-9.833212	-6.379334
Usp22	-12.599231	-9.145352
Dhx34	-13.839255	-10.385377
Polg2	-13.335033	-9.881155
Abracl	-10.324126	-6.8702483
Gm11205	-16.321632	-12.867755
Prxl2c	-10.864888	-7.4110103
Ldlr	-12.105249	-8.651371
Rel	-13.388421	-9.934543
Anxa8	-16.873701	-13.419824
Hcfc1r1	-9.1531	-5.699222
Cpne5	-15.474336	-12.020457
Opa1	-12.41508	-8.961202
Tmem106c	-13.096715	-9.642837
Fam171a2	-14.00103	-10.547152
A830052D11Rik	-16.450844	-12.996966
4833420G17Rik	-12.303886	-8.850008
Dnttip2	-11.598545	-8.144667
Fgf15	-17.738699	-14.2848215
D130043K22Rik	-19.124992	-15.671115
Bicd2	-11.84533	-8.391452
Uspl1	-12.667439	-9.213561
Tob1	-11.4860735	-8.032195
Nrap	-15.099642	-11.645763
Lcp2	-19.124992	-15.671115
Maff	-12.887646	-9.433767
Ffar4	-15.613448	-12.15957
Clk1	-10.901769	-7.4478908
D130062J10Rik	-15.847849	-12.3939705
Nol4l	-14.107714	-10.653835
Rpl10-ps3	-12.406585	-8.952706
Srrm1	-10.62678	-7.1729016
Ivns1abp	-13.211491	-9.757612
Ndufs4	-10.957926	-7.504048
Sertad2	-11.507726	-8.053847
Gm15910	-14.504934	-11.051056
Il15ra	-14.05295	-10.5990715
3830403N18Rik	-15.691007	-12.237128
Tmem215	-16.822409	-13.36853
Gm9949	-19.81814	-16.364264
Galnt7	-13.255696	-9.801818
Drosha	-12.891563	-9.437685
Pou2f2	-17.333233	-13.879355
Foxm1	-16.727098	-13.27322
Gna14	-16.352404	-12.898526
Gm35339	-15.967993	-12.514114
Osbpl8	-12.483159	-9.029281
Morc2a	-12.689645	-9.235766
Ccdc163	-13.220995	-9.767117
Fbxl2	-13.271356	-9.817477
Rpl41	-7.7431107	-4.289233
Sp3	-11.813775	-8.359897
Fkrp	-12.485771	-9.031893
Myo18a	-12.325938	-8.87206
Gm12454	-14.429069	-10.97519
Rab40b	-13.375601	-9.921722
Chml	-13.280001	-9.826122
Dio3os	-18.02638	-14.572503
Gm40557	-17.87223	-14.418353
1600012H06Rik	-12.684047	-9.230168
Gstcd	-14.545141	-11.091263
Arvcf	-13.875341	-10.421463
Ring1	-12.512953	-9.059074
Yipf7	-18.208702	-14.754825
Glra1	-16.599264	-13.145387
Dcaf17	-12.929568	-9.47569
Npy4r	-15.411422	-11.957543
Gm4951	-16.599264	-13.145387
Spop	-10.34459	-6.8907123
Dipk1c	-19.81814	-16.364264
Znrf2	-13.002501	-9.548622
Ttbk1	-18.02638	-14.572503
Kcna1	-16.560043	-13.106166
Smgc	-18.431845	-14.977967
Spag7	-11.087612	-7.633734
4930597O21Rik	-16.927769	-13.47389
Cdh6	-11.182454	-7.728576
Gm14862	-16.03395	-12.580072
Phospho1	-17.253191	-13.799314
Gstt2	-12.7864	-9.332521
Gm45353	-18.719528	-15.265651
B3gnt8	-13.801984	-10.348105
Cacfd1	-12.435394	-8.981516
Ngf	-17.333233	-13.879355
Mxra7	-11.363674	-7.909796
Rnpepl1	-11.982561	-8.528683
Snap47	-12.578208	-9.12433
Exoc7	-11.908284	-8.454406
Brd9	-11.27236	-7.818482
Htra1	-9.399138	-5.9452605
Pgk1	-11.13985	-7.6859717
Gm20682	-15.829157	-12.375278
Npas4	-14.371404	-10.917525
Dlk1	-18.431845	-14.977967
Wdr75	-12.49563	-9.041752
Ccdc61	-13.844331	-10.390452
Crk	-11.620602	-8.166723
Abcb6	-14.316882	-10.863004
Gab2	-12.1039095	-8.650031
Flrt3	-14.325079	-10.871201
1700087I21Rik	-18.431845	-14.977967
Spata25	-19.81814	-16.364264
Stam2	-12.522406	-9.068527
Sh3bgrl	-8.906166	-5.452288
Olfr1307	-19.124992	-15.671115
Serinc2	-16.485935	-13.032058
Polr3g	-15.423692	-11.969813
Rhou	-13.113727	-9.659848
Wdr37	-13.001405	-9.547526
Gpatch11	-12.213246	-8.759368
Rnf149	-13.689091	-10.235212
Gm15494	-19.124992	-15.671115
Mon2	-11.96066	-8.506782
Arhgef17	-11.016069	-7.5621915
Prune1	-13.577865	-10.123986
Rab3gap1	-11.863418	-8.409539
Rcc1l	-13.149913	-9.696034
Gm35934	-19.81814	-16.364264
Gbp4	-19.81814	-16.364264
Surf6	-13.316851	-9.862972
Rgp1	-13.465511	-10.011633
Pithd1	-12.807829	-9.3539505
Rmnd5a	-11.761397	-8.307519
Rgmb	-12.470197	-9.016318
Mpv17l2	-11.751619	-8.297741
Ttc28	-9.847135	-6.3932567
Il18	-17.420244	-13.966367
Ephx1	-10.858058	-7.40418
Gm45441	-18.719528	-15.265651
Sra1	-11.432196	-7.9783177
Tmem38b	-10.95892	-7.5050416
Zfp109	-16.080471	-12.626593
8030474K03Rik	-19.124992	-15.671115
Smurf2	-11.606658	-8.15278
Arsg	-14.619644	-11.165766
Gm10062	-16.773619	-13.31974
Tbx5	-17.11009	-13.656212
Btd	-12.383883	-8.930005
Cmtr2	-14.659085	-11.205207
Cog1	-13.465511	-10.011633
Pfdn6	-11.096212	-7.6423345
Vps26c	-12.602166	-9.148288
Med7	-12.509598	-9.055719
Npm3	-11.536923	-8.083045
Ubap2	-12.160385	-8.706507
Syt9	-17.333233	-13.879355
Phlpp1	-13.08593	-9.632051
Cln6	-13.846879	-10.393001
Serinc4	-17.179083	-13.725205
Gprasp2	-13.497373	-10.043494
Suco	-12.085772	-8.631893
Gm13523	-15.340804	-11.886926
Phf14	-11.862015	-8.408136
Olfr905	-18.208702	-14.754825
Gdpd2	-16.03395	-12.580072
Nr1h3	-13.965939	-10.51206
Tmem87a	-12.860643	-9.406765
Stx12	-11.738213	-8.284334
Gm42726	-14.958328	-11.50445
Slc25a3	-9.471314	-6.0174365
Parvb	-18.208702	-14.754825
Elac2	-13.867498	-10.41362
Lum	-12.886669	-9.432791
Gng8	-13.204757	-9.750878
Gm43101	-16.262793	-12.808914
Pcbp3	-13.611565	-10.157686
Glrx5	-11.445511	-7.991633
Gm13563	-18.431845	-14.977967
Cnot3	-11.892983	-8.439105
Pcsk5	-11.827903	-8.374024
Pbx1	-10.500202	-7.0463243
Gm49544	-19.81814	-16.364264
Notum	-19.124992	-15.671115
Smim5	-11.221212	-7.7673345
Rho	-18.208702	-14.754825
Gm11592	-19.124992	-15.671115
Cmtm6	-12.681658	-9.227779
BC028777	-19.124992	-15.671115
Slc26a1	-18.431845	-14.977967
Tmem44	-16.773619	-13.31974
Etv3	-12.867326	-9.413447
Ppnr	-15.047456	-11.593577
Gm43378	-15.792789	-12.338911
Prodh	-13.715582	-10.2617035
B930095G15Rik	-16.640087	-13.186209
Zfp87	-12.9234705	-9.469592
Zfp960	-15.285542	-11.831663
Ndufb4	-10.259541	-6.8056626
Trappc13	-12.148179	-8.694301
Gm14403	-14.397606	-10.9437275
Hoxa5	-13.500976	-10.047097
Abl2	-13.020201	-9.566322
Pou5f2	-14.890887	-11.437009
Xaf1	-13.26849	-9.814611
Plau	-16.682646	-13.228768
Zfp637	-11.816116	-8.362238
Rest	-11.825534	-8.371655
S100a13	-10.128899	-6.6750207
Aurka	-16.599264	-13.145387
Chd5	-16.773619	-13.31974
Zfp668	-14.300688	-10.846809
Bclaf3	-12.370389	-8.916511
Ints4	-13.229215	-9.775336
Nqo1	-12.688843	-9.234964
3110045C21Rik	-16.15458	-12.700701
Car5a	-18.719528	-15.265651
Jmjd6	-12.065376	-8.611498
Pygo1	-12.721419	-9.267541
Hes6	-12.688843	-9.234964
AI839979	-14.768285	-11.314406
Wdr19	-14.169167	-10.715288
Dgkq	-13.849433	-10.395555
Gapdh	-8.882964	-5.4290867
Rangrf	-12.382703	-8.928824
Acadvl	-11.2219515	-7.7680736
Spink4	-17.87223	-14.418353
Mast4	-10.885532	-7.4316545
Pdgfd	-11.310998	-7.85712
Ppp1r3e	-14.807506	-11.353627
Gm42531	-19.124992	-15.671115
Nipal4	-15.555461	-12.101583
Ddit4	-12.854951	-9.4010725
Rpp14	-12.644949	-9.191071
Thada	-13.631932	-10.178054
Fbxw11	-12.056396	-8.602517
Scin	-15.500652	-12.046774
Lsr	-17.87223	-14.418353
B230206L02Rik	-14.179786	-10.725907
Dnajb5	-11.776084	-8.322206
Fkbp4	-10.834826	-7.3809485
Dcaf7	-12.516993	-9.063114
R74862	-13.689091	-10.235212
Usp42	-12.692858	-9.238979
Opn1sw	-17.045551	-13.591674
Cd99l2	-11.956413	-8.502535
Fbxl17	-12.926515	-9.472636
Sgta	-11.809775	-8.355897
Erp29	-10.856518	-7.40264
Sar1a	-11.126658	-7.6727805
Arl3	-10.872808	-7.4189305
Gm48855	-15.613448	-12.15957
Syde2	-12.385065	-8.931187
Nxpe2	-18.02638	-14.572503
9430037G07Rik	-15.285542	-11.831663
Dusp18	-15.183412	-11.729533
Gm41077	-16.822409	-13.36853
Fut4	-17.11009	-13.656212
Oxsr1	-12.343369	-8.88949
B230208H11Rik	-15.555461	-12.101583
Cd5	-16.640087	-13.186209
Klc4	-13.192748	-9.73887
Odr4	-11.518606	-8.064728
Nub1	-11.679576	-8.2256975
Tsc1	-13.293111	-9.839232
Hba-a1	-15.886315	-12.432437
1500002C15Rik	-15.145312	-11.691434
Ypel3	-10.575527	-7.1216493
Xpo1	-11.786105	-8.332227
Gm30108	-14.89816	-11.444282
Cobll1	-12.157084	-8.703206
Txn1	-9.393036	-5.939158
Alms1	-13.372421	-9.918543
Atp8b4	-19.81814	-16.364264
Ptgs1	-15.757698	-12.30382
Rtl1	-18.719528	-15.265651
Slc25a26	-14.016023	-10.562144
Timm23	-11.647389	-8.193511
Yipf2	-13.595565	-10.141686
Taf9b	-13.671811	-10.217933
Kazald1	-11.544293	-8.090415
Garem1	-13.084739	-9.63086
Lima1	-12.795273	-9.341394
Foxl2	-19.124992	-15.671115
Rffl	-14.0687475	-10.614869
Taf1b	-12.485771	-9.031893
A630019I02Rik	-18.02638	-14.572503
Rnf138rt1	-17.333233	-13.879355
Copg2	-12.793491	-9.339613
Ap5s1	-13.490204	-10.036325
Scoc	-11.036431	-7.5825534
Snhg9	-13.706674	-10.252795
Aard	-16.640087	-13.186209
Trim39	-13.439714	-9.985836
Ubl7	-12.266429	-8.812551
Gm9465	-17.87223	-14.418353
Sbspon	-14.39319	-10.939312
Shmt1	-17.515554	-14.061677
Cnih4	-11.089553	-7.635675
Antxr2	-12.381523	-8.927645
Gm26716	-19.124992	-15.671115
Rasd2	-13.811788	-10.357909
Cxcl5	-19.81814	-16.364264
Pxmp4	-12.092811	-8.638932
Eva1c	-12.368061	-8.914183
Cib2	-12.879856	-9.425978
Dgkb	-12.080089	-8.62621
Nav3	-15.866897	-12.413018
Bcl2l11	-14.641991	-11.188112
Zfp580	-12.736432	-9.282554
Pank3	-12.263806	-8.809928
Col4a6	-10.809305	-7.3554273
Slc6a4	-19.124992	-15.671115
Gpaa1	-12.4347725	-8.980894
Zfp119b	-14.410969	-10.95709
Stpg3	-19.124992	-15.671115
Gid8	-12.286053	-8.832174
Gm15728	-16.485935	-13.032058
Gm14295	-13.766051	-10.312173
Krba1	-13.613583	-10.159704
Nf2	-12.789939	-9.336061
Pon3	-11.67666	-8.222781
Slc35d3	-18.431845	-14.977967
Ina	-19.81814	-16.364264
Cnot6l	-11.9068165	-8.452938
Mis18a	-14.300688	-10.846809
Gm22146	-15.3072815	-11.853403
Agap2	-15.691007	-12.237128
Trim36	-14.151714	-10.697836
Mroh7	-19.81814	-16.364264
Erich1	-12.492333	-9.038455
Zfp472	-14.124409	-10.67053
Slirp	-11.052838	-7.5989604
Jkamp	-11.379126	-7.9252477
Fuz	-12.174658	-8.720779
Kdm2b	-13.47602	-10.022141
Dcun1d4	-13.472505	-10.018626
Ube2t	-15.946939	-12.493061
Cyp7b1	-16.599264	-13.145387
Utp20	-13.06821	-9.614331
Rtn4rl1	-15.3072815	-11.853403
Sapcd2	-19.81814	-16.364264
Pipox	-14.028181	-10.574303
Tmsb15b1	-13.316851	-9.862972
Gm11379	-17.738699	-14.2848215
B130011K05Rik	-19.124992	-15.671115
Myo1h	-14.560645	-11.106767
Mydgf	-11.082133	-7.6282554
Slc52a2	-13.625778	-10.1719
Gm26562	-17.87223	-14.418353
Kif21b	-14.641991	-11.188112
Tacc2	-10.667444	-7.2135663
Map10	-15.253793	-11.799914
Kdelr3	-11.489206	-8.035328
Fam173a	-11.526343	-8.072465
Zfp78	-15.073209	-11.61933
Rdh11	-13.042774	-9.588896
Zfp748	-14.0687475	-10.614869
Mfsd6	-12.371555	-8.917677
Xbp1	-11.051123	-7.5972447
Nudt19	-12.429812	-8.975934
Chrna10	-19.81814	-16.364264
Zfp763	-14.19774	-10.743861
Prss35	-16.560043	-13.106166
Grip1	-19.81814	-16.364264
Mmp11	-13.704458	-10.25058
Pwp2	-14.111031	-10.657152
Gp1bb	-16.352404	-12.898526
4921539H07Rik	-19.124992	-15.671115
Wwp2	-10.223695	-6.769817
Pafah1b3	-14.676477	-11.222599
Kctd21	-14.694177	-11.240298
Ppfia4	-14.234645	-10.7807665
Cdan1	-13.95451	-10.500631
Lasp1	-13.069381	-9.615502
Golim4	-10.174201	-6.720323
Map3k6	-13.724571	-10.270693
Zfp558	-16.822409	-13.36853
Lrrc4	-16.927769	-13.47389
Ddx49	-12.591205	-9.137326
Wdr70	-12.21924	-8.765362
Emc2	-11.292186	-7.838308
Zbtb3	-15.329504	-11.875626
Prlr	-18.431845	-14.977967
Prpf4b	-10.5956745	-7.1417966
Slc45a4	-13.195404	-9.741526
Ccdc157	-13.977499	-10.523621
Fkbp15	-13.114953	-9.661075
Rgs18	-18.431845	-14.977967
Plekhh3	-12.919426	-9.465548
Mrpl16	-12.276458	-8.822579
Setmar	-14.787703	-11.333824
Stk32c	-16.450844	-12.996966
Otogl	-16.599264	-13.145387
Tubg1	-12.57106	-9.117182
Bco2	-19.81814	-16.364264
Gm13383	-19.124992	-15.671115
Vwa3b	-14.848328	-11.394449
Dennd6a	-11.868343	-8.414465
Api5	-11.6892605	-8.235382
Parva	-11.033519	-7.579641
Taok1	-10.831069	-7.377191
Rock1	-8.556488	-5.1026106
Gm5127	-18.431845	-14.977967
Gm12185	-18.719528	-15.265651
Mtx1	-11.961047	-8.507169
Car9	-17.253191	-13.799314
Ears2	-14.137968	-10.68409
Washc3	-11.807117	-8.353239
Tada2a	-13.034816	-9.580937
Gm9920	-17.11009	-13.656212
Nup214	-12.477954	-9.0240755
Slc30a6	-13.252876	-9.798998
Maob	-12.315403	-8.861525
Thap3	-11.989306	-8.535428
Aspa	-16.522303	-13.068425
Tns1	-8.798561	-5.344683
Gm49212	-19.81814	-16.364264
Edrf1	-13.315351	-9.861472
Scd1	-12.329288	-8.875409
Adam17	-12.610281	-9.156403
Pola2	-13.339631	-9.885753
Farsb	-12.583963	-9.130085
Fkbp8	-10.813227	-7.359349
Ccdc81	-18.02638	-14.572503
H2-DMb1	-13.998058	-10.54418
D930007J09Rik	-15.967993	-12.514114
9430015G10Rik	-14.608655	-11.154777
Kcnk4	-18.02638	-14.572503
Spin2c	-16.727098	-13.27322
Aasdh	-14.475806	-11.021928
Eme1	-18.719528	-15.265651
Agps	-12.896482	-9.442604
Sltm	-11.249684	-7.7958064
Fut8	-12.50826	-9.054381
Uck1	-12.741487	-9.287608
Sept11	-12.60954	-9.155662
Gm16577	-17.620916	-14.167038
9330179D12Rik	-14.820929	-11.36705
AW112010	-18.719528	-15.265651
Cldn15	-16.599264	-13.145387
Gm5767	-19.81814	-16.364264
Zmym6	-13.891214	-10.437336
Elmod2	-13.321365	-9.867487
Cox10	-13.401408	-9.94753
D6Wsu163e	-13.426224	-9.972345
Mslnl	-15.886315	-12.432437
Lrrc20	-13.768407	-10.314528
Tle1	-12.057247	-8.603369
Ehd3	-13.187457	-9.733579
Akirin2	-11.390872	-7.936994
Cluh	-13.166569	-9.71269
Mrpl10	-12.589026	-9.135148
Ttyh2	-15.675006	-12.2211275
Gm43573	-15.375489	-11.921611
Dram2	-12.878887	-9.425009
Rnps1	-11.654485	-8.200606
Gm20627	-17.253191	-13.799314
BC048507	-19.124992	-15.671115
Gm43156	-18.719528	-15.265651
Pirb	-16.927769	-13.47389
Nrk	-14.641991	-11.188112
Hnrnpu	-10.446277	-6.9923987
Pih1d1	-12.382703	-8.928824
Pfas	-14.890887	-11.437009
Ubash3b	-17.87223	-14.418353
Mcoln2	-19.81814	-16.364264
Rab39b	-13.932036	-10.478158
Map1a	-10.840111	-7.386233
Chmp3	-10.711718	-7.2578397
Chrna7	-17.420244	-13.966367
Raly	-10.6100025	-7.1561246
Lrrc39	-13.460299	-10.00642
Gm50295	-19.81814	-16.364264
Sprr1a	-19.124992	-15.671115
Dpysl5	-14.883667	-11.429789
Gpat3	-15.318331	-11.864452
Neurl3	-17.738699	-14.2848215
Nat10	-13.353553	-9.899674
Sema3f	-11.619226	-8.165348
Kcnf1	-17.11009	-13.656212
Mhrt	-18.719528	-15.265651
Dcaf12l2	-18.431845	-14.977967
Rbbp4	-11.077324	-7.623446
Adck5	-13.42958	-9.975701
Etnk2	-16.822409	-13.36853
Mtmr9	-13.45339	-9.999512
Rnd1	-13.920987	-10.467109
Sertad3	-13.087123	-9.6332445
Slc30a1	-13.353553	-9.899674
Traf4	-14.514836	-11.060958
Gm3468	-16.15458	-12.700701
Gm49975	-18.208702	-14.754825
1110035H17Rik	-14.529874	-11.075995
Meaf6	-12.213744	-8.759866
Prelp	-9.693591	-6.2397137
Pus10	-13.673955	-10.220077
Nufip1	-13.101546	-9.647668
Gm17196	-19.124992	-15.671115
Phf24	-15.967993	-12.514114
Gm49700	-14.935339	-11.481461
Atrnl1	-12.709897	-9.256019
Raph1	-11.913437	-8.4595585
Mrpl58	-11.390872	-7.936994
Kif24	-17.620916	-14.167038
H3f3b	-8.821824	-5.367946
Gm47872	-17.333233	-13.879355
Lyrm1	-13.638124	-10.184246
Apbb3	-13.543379	-10.0895
Gm11264	-15.02235	-11.568472
Fgd1	-13.16013	-9.706251
Crybg1	-17.179083	-13.725205
Coa4	-13.640197	-10.186318
Spi1	-18.431845	-14.977967
Gm3716	-18.02638	-14.572503
Gm16033	-18.719528	-15.265651
4930556M19Rik	-16.262793	-12.808914
Pgd	-12.525804	-9.071925
Gm26815	-19.81814	-16.364264
Acta2	-5.5918913	-2.1380138
Parp6	-13.419546	-9.965668
A230087F16Rik	-16.822409	-13.36853
Pomgnt2	-13.231969	-9.7780905
BC005561	-11.839145	-8.385266
Pnrc1	-10.193508	-6.73963
Fzd4	-12.573914	-9.120035
Gm26590	-16.773619	-13.31974
Tmem167	-10.998179	-7.5443015
Arntl	-13.738208	-10.284329
Gtf2ird1	-13.347342	-9.893463
Setd6	-12.418743	-8.964865
Tnfrsf23	-14.540027	-11.086148
Cdsn	-15.411422	-11.957543
Hist1h2bf	-19.81814	-16.364264
Gm42696	-17.515554	-14.061677
Gm15829	-19.124992	-15.671115
Sfrp5	-19.124992	-15.671115
Cops3	-11.68133	-8.227451
A430048G15Rik	-19.124992	-15.671115
Gm20033	-16.234621	-12.780744
Jchain	-18.208702	-14.754825
Erich6	-18.719528	-15.265651
Pate2	-16.873701	-13.419824
Armc3	-15.527681	-12.073803
Gm46409	-16.873701	-13.419824
Tnfrsf4	-17.515554	-14.061677
Chmp7	-12.674523	-9.220645
Trmt2a	-13.1297865	-9.675908
Gm27010	-15.387324	-11.933446
Clu	-9.045223	-5.5913453
Golga2	-12.125115	-8.671237
Ccdc12	-11.386288	-7.93241
4933413J09Rik	-16.640087	-13.186209
Slc25a38	-12.664307	-9.210428
Gm3734	-18.431845	-14.977967
4930515G01Rik	-16.822409	-13.36853
Cemip2	-12.238973	-8.785094
Marveld1	-10.235685	-6.7818074
Nrf1	-12.9460125	-9.492134
Lmf1	-13.100336	-9.646458
Cep112	-13.21014	-9.756262
Gm42917	-19.124992	-15.671115
BC048403	-15.274846	-11.820968
Gm17300	-17.045551	-13.591674
Cdkn2aip	-11.5376835	-8.083805
4933431K23Rik	-17.738699	-14.2848215
Vasn	-10.5376215	-7.0837436
Zfp276	-14.081569	-10.62769
Rad52	-13.575917	-10.122039
Atp8a2	-17.515554	-14.061677
Col10a1	-17.515554	-14.061677
Tmem97	-13.192748	-9.73887
Dgke	-13.521031	-10.067153
Gm37233	-16.560043	-13.106166
Napb	-13.862304	-10.408425
Atg7	-13.186139	-9.732261
Pdgfb	-14.245987	-10.792109
Cdc14b	-13.063537	-9.609658
Cnksr1	-15.847849	-12.3939705
Prmt1	-11.053931	-7.6000533
Padi1	-17.738699	-14.2848215
Gpr176	-17.738699	-14.2848215
Col6a3	-10.710498	-7.25662
Gm47428	-18.208702	-14.754825
Tvp23a	-15.154701	-11.700823
Eef1b2	-9.03163	-5.5777516
Nfkbie	-15.967993	-12.514114
Ccdc13	-17.11009	-13.656212
Ccdc28b	-12.311	-8.857121
Slco3a1	-11.565173	-8.111295
Usp31	-13.740499	-10.28662
Rasl11a	-11.153217	-7.6993394
Osbpl6	-13.203415	-9.7495365
Nhlrc2	-12.120111	-8.666233
Golga4	-11.293774	-7.8398957
Med9os	-14.768285	-11.314406
Prkce	-13.45339	-9.999512
Utp4	-13.141057	-9.687179
Tpp1	-11.047857	-7.5939794
D330050I16Rik	-15.866897	-12.413018
Cspg5	-16.080471	-12.626593
Tmed7	-11.430601	-7.976723
Jagn1	-11.9068165	-8.452938
Arl1	-10.399323	-6.9454455
Plcb3	-12.40961	-8.955731
Nelfe	-12.153794	-8.699916
Gm13963	-18.431845	-14.977967
Thnsl2	-13.229215	-9.775336
Pomt1	-13.593582	-10.139704
Mrps23	-12.107936	-8.6540575
Acad10	-15.411422	-11.957543
Oip5os1	-11.040431	-7.586553
Pigm	-13.519192	-10.065313
Lrrc38	-16.822409	-13.36853
Mtmr7	-14.883667	-11.429789
Setx	-12.430431	-8.976553
Parp16	-14.827708	-11.37383
Med13	-11.778983	-8.325105
Pacrg	-16.262793	-12.808914
Ihh	-13.826676	-10.372798
Krtcap2	-10.163243	-6.7093654
Herc3	-12.941876	-9.487998
Mosmo	-11.471736	-8.017858
Azin1	-11.695473	-8.241594
Cbx6	-11.159969	-7.7060914
Zfp1	-12.942908	-9.48903
Ccdc184	-18.208702	-14.754825
Mfsd5	-12.984032	-9.530153
Ldah	-12.408399	-8.95452
Orm1	-19.81814	-16.364264
Otud5	-12.545048	-9.091169
Armh3	-14.0687475	-10.614869
4930505A04Rik	-17.738699	-14.2848215
AW011738	-13.920987	-10.467109
Mphosph9	-13.477781	-10.023903
Adgre5	-11.188691	-7.734813
Lgr4	-12.951207	-9.497329
Klf6	-9.769904	-6.316026
Hnrnpk	-9.8473215	-6.3934436
Lhfpl3	-19.124992	-15.671115
Zfhx4	-15.285542	-11.831663
Bcam	-9.474658	-6.02078
Cfap97	-12.2152405	-8.761362
Srcap	-12.146314	-8.692435
Mthfsl	-12.9616785	-9.5078
Pdhx	-13.215553	-9.761675
Mrpl37	-12.954337	-9.500459
1810041H14Rik	-16.927769	-13.47389
Vps13d	-12.288734	-8.834856
Il12rb2	-18.208702	-14.754825
Hivep3	-12.785517	-9.331638
Prdm9	-15.707267	-12.253388
Platr3	-18.431845	-14.977967
Hexim1	-11.386505	-7.932627
Gm26531	-19.124992	-15.671115
Iqch	-19.124992	-15.671115
Bak1	-12.723906	-9.270027
Bzw1	-10.939225	-7.4853473
Gpank1	-12.693663	-9.239784
Trim47	-11.207093	-7.7532153
Plbd2	-11.649938	-8.196059
Gm4425	-18.431845	-14.977967
A930033M14Rik	-18.02638	-14.572503
Gatad1	-11.038429	-7.5845513
Nploc4	-12.91741	-9.4635315
Cnnm3	-13.103971	-9.650092
Rad51b	-15.584034	-12.130156
Med14	-12.416909	-8.963031
Gm29681	-18.719528	-15.265651
Igsf21	-19.81814	-16.364264
A230107N01Rik	-17.420244	-13.966367
Pkm	-9.496699	-6.042822
Matr3	-11.101113	-7.6472354
Gm31172	-19.81814	-16.364264
Rex1bd	-10.232657	-6.7787795
Pigx	-12.435394	-8.981516
Macrod1	-11.799186	-8.345307
Zfp469	-16.234621	-12.780744
Lgmn	-11.116296	-7.662418
Gm12602	-16.321632	-12.867755
Fendrr	-15.487408	-12.033529
Kcnk5	-18.431845	-14.977967
Zmat3	-13.250063	-9.796185
Scpep1	-10.955374	-7.501496
Dffb	-14.406495	-10.952617
Hyal3	-15.866897	-12.413018
Mtpap	-12.6244545	-9.170576
Sstr2	-18.431845	-14.977967
Plaur	-13.2060995	-9.752221
3830406C13Rik	-11.984144	-8.530266
Ntpcr	-12.7423315	-9.288453
Pde4a	-11.903889	-8.45001
Gm42463	-19.124992	-15.671115
Gm43480	-18.02638	-14.572503
Ppp2r5b	-13.012418	-9.558539
Lama2	-12.311	-8.857121
Tnxb	-11.063507	-7.609629
Zfp358	-12.630484	-9.176605
Fbxo45	-13.511866	-10.057987
Tm2d1	-11.397018	-7.9431405
Timp4	-12.655744	-9.201865
Hadhb	-11.361335	-7.907457
Fndc9	-18.208702	-14.754825
Tagln	-5.9340305	-2.480153
Cc2d1b	-12.993767	-9.539888
Cdkl2	-13.636056	-10.182178
1700037C18Rik	-14.429069	-10.97519
Scamp5	-15.906117	-12.452239
4833445I07Rik	-15.090753	-11.636874
Gm39038	-19.81814	-16.364264
Egf	-17.253191	-13.799314
Fam129b	-11.614837	-8.160958
Gm39323	-18.431845	-14.977967
Fam184a	-17.11009	-13.656212
Gm21844	-19.81814	-16.364264
Mrps24	-10.604805	-7.150927
S100a9	-18.719528	-15.265651
Cmtm8	-13.462033	-10.008155
Gabra3	-11.788708	-8.334829
Gm17396	-13.965939	-10.51206
Gatad2b	-11.296757	-7.842879
Xxylt1	-12.834351	-9.380472
Pfdn2	-10.884608	-7.4307303
Srebf1	-12.357076	-8.903197
Cyp20a1	-12.291962	-8.838083
Cxcl17	-19.124992	-15.671115
Mageb3	-19.124992	-15.671115
Rslcan18	-16.773619	-13.31974
Fam135a	-12.036167	-8.582289
Frmd3	-19.81814	-16.364264
Ell	-13.293111	-9.839232
Cox11	-13.26849	-9.814611
Adprhl2	-12.655744	-9.201865
Pcsk7	-12.888624	-9.434746
Lrrc71	-17.420244	-13.966367
Lpcat2	-15.906117	-12.452239
Itih3	-14.36282	-10.908941
Eif1ad	-12.695274	-9.241396
Pparg	-14.571116	-11.117238
Gngt2	-15.047456	-11.593577
Nipal3	-13.341168	-9.88729
Ydjc	-14.958328	-11.50445
Trim46	-13.920987	-10.467109
Gm20659	-16.485935	-13.032058
Zfp646	-12.812352	-9.358474
Huwe1	-10.934085	-7.480207
Alkbh4	-14.619644	-11.165766
Atp5l	-9.125218	-5.671341
March6	-12.129685	-8.675807
Trappc2	-12.701747	-9.247869
Ap3m1	-12.067957	-8.6140785
Crat	-12.470197	-9.016318
Gm15927	-17.253191	-13.799314
Mir22hg	-11.271389	-7.817511
Atmin	-13.749715	-10.295836
Marveld3	-17.87223	-14.418353
Stard6	-14.79426	-11.340382
Ybx1	-8.449062	-4.9951844
Plscr4	-13.21014	-9.756262
BC003965	-12.064517	-8.610639
Clcn2	-15.183412	-11.729533
Gm11527	-18.208702	-14.754825
Aida	-11.704115	-8.2502365
4933417D19Rik	-17.420244	-13.966367
Serping1	-10.916502	-7.462624
Uqcc1	-12.953293	-9.499414
Ttc9b	-16.207222	-12.753345
Ddx52	-12.246152	-8.7922735
Ap1b1	-13.084739	-9.63086
Jpt2	-14.062399	-10.6085205
Mknk1	-13.661161	-10.207283
Rgs11	-15.126793	-11.6729145
Rnf215	-12.39936	-8.945481
mt-Atp6	-6.127854	-2.6739764
Yae1d1	-11.289414	-7.8355365
Cd9	-8.503044	-5.0491667
Got2	-11.477207	-8.023329
Xpo7	-12.682453	-9.228575
2310039H08Rik	-11.928307	-8.474428
Ermp1	-12.781992	-9.328114
Nbl1	-11.524591	-8.070713
Gm11973	-16.822409	-13.36853
Gsta3	-16.234621	-12.780744
Gm7580	-18.719528	-15.265651
Nfat5	-11.091984	-7.638106
Aspm	-17.253191	-13.799314
Med24	-13.535874	-10.081996
Rpl23	-7.895233	-4.4413557
9630028I04Rik	-17.333233	-13.879355
Acsl3	-13.157565	-9.703687
Tfec	-16.640087	-13.186209
Snrpd2	-10.037951	-6.5840735
Ylpm1	-11.860964	-8.407085
Gm16758	-18.719528	-15.265651
Tbc1d15	-11.887216	-8.433337
Adamtsl2	-15.810807	-12.356929
Vamp1	-14.862314	-11.408436
Atxn1	-11.454332	-8.000454
Spsb2	-12.178498	-8.72462
Rcn3	-9.385261	-5.931383
4933430I17Rik	-17.420244	-13.966367
Srl	-14.438243	-10.9843645
Metrn	-12.943942	-9.490064
Pdss2	-13.549045	-10.095166
C730034F03Rik	-14.190519	-10.736641
Vstm5	-17.179083	-13.725205
Ubox5	-14.718274	-11.264396
Ampd3	-14.320972	-10.867094
Fmo5	-12.504254	-9.050376
Ccdc151	-17.253191	-13.799314
Gata2	-16.560043	-13.106166
Mthfd1l	-14.016023	-10.562144
Ccdc162	-15.967993	-12.514114
Porcn	-13.541497	-10.087619
P2rx4	-12.982956	-9.529078
Ptk2b	-16.682646	-13.228768
A530040E14Rik	-18.719528	-15.265651
Cd209b	-19.124992	-15.671115
Prss38	-19.81814	-16.364264
Pde8b	-16.984926	-13.531049
Tstd1	-17.179083	-13.725205
Sox11	-19.81814	-16.364264
Bcl2l2	-12.573914	-9.120035
Mapk14	-12.535379	-9.081501
Crebrf	-11.447362	-7.993484
Hoxb3	-13.105185	-9.651306
Dennd5b	-12.338841	-8.884963
Mettl4	-13.062372	-9.608494
Tceal6	-13.47602	-10.022141
1700007J10Rik	-19.81814	-16.364264
Cmah	-17.620916	-14.167038
5031434C07Rik	-17.333233	-13.879355
Hist1h4k	-19.124992	-15.671115
Stt3a	-11.415236	-7.9613585
B3galnt2	-11.690441	-8.236563
Arhgef10l	-11.843952	-8.390074
Filip1	-10.879741	-7.425863
Pagr1a	-18.208702	-14.754825
G3bp1	-11.099968	-7.64609
Gm43031	-17.253191	-13.799314
Spaca9	-18.02638	-14.572503
Ptp4a3	-11.244567	-7.790689
Dnhd1	-15.4614315	-12.007553
Vim	-6.684578	-3.2307005
Grhpr	-11.504289	-8.05041
Klhl9	-11.617852	-8.163974
Chek2	-13.23889	-9.785011
Ttc1	-11.766481	-8.312603
Wnk4	-15.06455	-11.610672
Cyp2d22	-13.366092	-9.912213
Gm36198	-17.87223	-14.418353
Ccbe1	-18.719528	-15.265651
Numbl	-12.622953	-9.169075
Gm11944	-18.208702	-14.754825
Rnf34	-12.430431	-8.976553
Tarbp2	-12.67848	-9.224602
Mcu	-13.528425	-10.074547
Hypk	-11.96066	-8.506782
Dysf	-12.506923	-9.053044
Trim41	-12.869244	-9.415365
Gm8251	-15.223021	-11.769142
Myl12a	-9.536662	-6.082784
Pacc1	-14.592394	-11.138515
Erp44	-11.50233	-8.048451
Snca	-19.124992	-15.671115
Rgs2	-12.196945	-8.743067
Sppl3	-12.2420435	-8.788165
Irx3	-14.219719	-10.765841
Gm17455	-14.96611	-11.512232
Agfg2	-12.968015	-9.514136
Col6a6	-13.918243	-10.464365
Gpr135	-15.527681	-12.073803
Gm34961	-15.643753	-12.189875
Hdx	-16.450844	-12.996966
Relb	-12.762828	-9.308949
Ankrd27	-12.783752	-9.329874
Vash1	-16.522303	-13.068425
Gpr152	-17.87223	-14.418353
Aga	-11.519104	-8.065226
Wdfy3	-12.09901	-8.645132
Ncln	-12.666656	-9.212777
Tcaf2	-15.223021	-11.769142
Cic	-12.239484	-8.785605
Eif1ax	-10.306955	-6.8530774
Fscn1	-18.02638	-14.572503
Smox	-14.179786	-10.725907
Dipk2a	-12.782872	-9.328994
Mtif3	-13.245858	-9.79198
Sgce	-11.435393	-7.9815154
Adgre1	-19.124992	-15.671115
Stat5a	-13.638124	-10.184246
Spred3	-14.471033	-11.017155
Dido1	-12.307711	-8.853832
Gm15228	-17.420244	-13.966367
Strip1	-13.095511	-9.641633
Plxna2	-12.76542	-9.311542
Lsm3	-11.40831	-7.954432
Fer1l6	-18.719528	-15.265651
Gm13594	-14.288712	-10.834833
Isca1	-12.834351	-9.380472
Bmpr2	-10.865794	-7.4119163
Kcng2	-18.208702	-14.754825
Hgd	-19.124992	-15.671115
Spag8	-18.02638	-14.572503
2310009B15Rik	-12.224767	-8.770888
Washc4	-12.279646	-8.8257675
Aar2	-13.157565	-9.703687
Scaper	-12.122383	-8.668505
Slc1a6	-16.682646	-13.228768
Wincr1	-18.02638	-14.572503
Gm50334	-17.738699	-14.2848215
Gm15890	-19.124992	-15.671115
Lsm7	-11.595319	-8.14144
Trappc10	-12.385065	-8.931187
H2-Q4	-14.653355	-11.199476
E030030I06Rik	-15.643753	-12.189875
Cherp	-12.829727	-9.375849
Nutf2-ps1	-14.981859	-11.527981
Zscan21	-13.2829	-9.829021
Rab11fip1	-16.773619	-13.31974
Bglap2	-19.81814	-16.364264
Trpm3	-14.272964	-10.819085
Sgms1	-13.063537	-9.609658
Pabpc1	-10.349058	-6.89518
Zfp239	-14.694177	-11.240298
Il17b	-12.534693	-9.080814
Sult2b1	-17.87223	-14.418353
4930448D08Rik	-17.515554	-14.061677
Spink2	-19.124992	-15.671115
9430078K24Rik	-17.738699	-14.2848215
Ctcfl	-17.11009	-13.656212
Slc25a5	-10.20822	-6.7543416
Sema3c	-11.011717	-7.557839
Dkk2	-19.81814	-16.364264
Gm16098	-19.124992	-15.671115
Ddah1	-18.719528	-15.265651
Gm3604	-15.1176605	-11.663782
Rarg	-12.674523	-9.220645
1300017J02Rik	-17.738699	-14.2848215
Hrc	-12.979735	-9.525857
Trim67	-18.719528	-15.265651
Fam216a	-12.793491	-9.339613
Dpysl3	-9.891522	-6.4376445
Ablim1	-12.133817	-8.679938
Timm44	-11.907184	-8.453305
Slc25a22	-13.797117	-10.343239
Ptpro	-19.81814	-16.364264
Gga1	-12.456765	-9.002887
Coq6	-12.90341	-9.449532
Zfp493	-15.136009	-11.682131
Itsn1	-12.729732	-9.275853
Gm14029	-18.719528	-15.265651
Krt18	-12.147712	-8.693833
Serpinb1c	-18.719528	-15.265651
Ppp1r2	-10.767735	-7.3138566
Rpl18a	-8.220203	-4.7663255
Arhgef3	-13.293111	-9.839232
Mavs	-13.013526	-9.559648
Mn1	-12.827885	-9.374006
Pcdh11x	-13.386809	-9.932931
Gm29055	-15.946939	-12.493061
Tgfbrap1	-13.23335	-9.779471
Pqlc2	-14.316882	-10.863004
Vps13c	-12.278582	-8.824703
Ccnb1ip1	-13.676104	-10.222225
Gm44696	-17.738699	-14.2848215
Slc25a39	-11.389123	-7.935245
Ube4bos1	-17.620916	-14.167038
Rsrp1	-9.618742	-6.1648645
Zfp202	-15.4614315	-12.007553
A430108G06Rik	-19.124992	-15.671115
Psmc5	-10.639704	-7.185826
Vmn2r108	-17.87223	-14.418353
Tspan7	-12.122383	-8.668505
Pik3cg	-19.81814	-16.364264
Rhobtb3	-12.418743	-8.964865
Nkx2-3	-16.352404	-12.898526
Zkscan5	-13.95451	-10.500631
Kifap3	-11.515875	-8.061996
Gcn1	-12.237951	-8.784073
Sh3bgrl3	-10.633734	-7.179856
Cenpa	-15.136009	-11.682131
Pde4d	-13.1435795	-9.689701
1700034P13Rik	-17.87223	-14.418353
Mysm1	-12.007382	-8.553504
Hbs1l	-12.426725	-8.972847
Tmem237	-12.489703	-9.035825
Zfp184	-15.775089	-12.321211
Calb2	-18.208702	-14.754825
Golm1	-15.363793	-11.909915
Amz1	-16.599264	-13.145387
Rita1	-13.599541	-10.145662
Hist1h2ab	-16.984926	-13.531049
Gm48795	-19.124992	-15.671115
K230015D01Rik	-15.06455	-11.610672
Sema3b	-12.390997	-8.937119
Cfhr2	-17.253191	-13.799314
Dglucy	-14.490265	-11.0363865
Mfap2	-12.780235	-9.326357
Tmbim4	-11.549152	-8.095274
Rundc1	-13.867498	-10.41362
D930048N14Rik	-17.179083	-13.725205
1810012K08Rik	-18.208702	-14.754825
Cyp2d26	-19.81814	-16.364264
Gm10649	-17.253191	-13.799314
Sap25	-14.540027	-11.086148
Decr2	-13.211491	-9.757612
Olfr729	-19.81814	-16.364264
Tdo2	-16.927769	-13.47389
S100b	-15.775089	-12.321211
Rmi1	-13.090709	-9.63683
Eya2	-18.431845	-14.977967
Mief1	-13.226467	-9.772589
Dcakd	-13.229215	-9.775336
Itprip	-13.880605	-10.426726
Serpinb8	-13.17305	-9.719172
Ar	-12.485118	-9.0312395
Lmod2	-15.989499	-12.535621
1700010B13Rik	-18.719528	-15.265651
Arl15	-13.899247	-10.445369
Acaa1b	-18.431845	-14.977967
Crip3	-16.873701	-13.419824
Fam117b	-13.198068	-9.744189
4933429H19Rik	-16.773619	-13.31974
Mllt10	-11.791317	-8.337439
Gatd1	-12.720592	-9.266713
Sco2	-13.262784	-9.808906
Ppp1r36	-13.644355	-10.190476
D5Ertd579e	-11.985333	-8.531455
Bpnt1	-12.625958	-9.17208
Sinhcaf	-14.158659	-10.704781
Cep120	-12.644949	-9.191071
Megf10	-17.738699	-14.2848215
Cd1d1	-17.515554	-14.061677
Ap5z1	-14.429069	-10.97519
Cyb561a3	-13.768407	-10.314528
Gsk3a	-11.824183	-8.370305
Gm9925	-19.81814	-16.364264
Mink1	-12.598498	-9.14462
Oxld1	-13.196735	-9.742857
Gdpd5	-13.773135	-10.319257
Cyp27a1	-13.883246	-10.429368
Slmap	-9.49256	-6.0386825
Tmem212	-18.431845	-14.977967
4932438A13Rik	-11.6266775	-8.172799
Cldn34c1	-13.463771	-10.009892
Gm13986	-19.81814	-16.364264
Ttpal	-13.132279	-9.678401
4732471J01Rik	-16.640087	-13.186209
Plscr3	-12.201858	-8.747979
Ppp6c	-11.864471	-8.410593
Clcc1	-11.959887	-8.506008
Gpr161	-13.426224	-9.972345
Aqp2	-16.05694	-12.603063
Xlr4b	-17.253191	-13.799314
Pcbp2	-10.059621	-6.605743
Cbx8	-14.388795	-10.9349165
Sod3	-9.083267	-5.6293893
Gm45370	-17.420244	-13.966367
Srpk3	-12.745719	-9.291841
Erlec1	-11.307368	-7.8534904
D630003M21Rik	-17.87223	-14.418353
Nlrc4	-18.208702	-14.754825
4930404A12Rik	-18.719528	-15.265651
Efcab8	-19.124992	-15.671115
Foxa3	-19.81814	-16.364264
Kbtbd3	-12.969074	-9.515196
Tmem63a	-12.069681	-8.615803
Igfbp7	-6.774117	-3.3202395
Nphp3	-13.613583	-10.159704
Car8	-18.208702	-14.754825
Gm43807	-17.333233	-13.879355
Myo1b	-17.253191	-13.799314
Ptpn2	-11.914914	-8.461036
Taf4b	-14.682343	-11.228464
Gm43463	-16.873701	-13.419824
Gm15991	-15.946939	-12.493061
Gm49085	-14.905486	-11.451608
Arrb2	-14.227154	-10.773275
Ermard	-13.809327	-10.355449
Dusp10	-12.760242	-9.306364
Atp6ap1	-10.915957	-7.4620795
Chgb	-17.515554	-14.061677
Golga7b	-18.02638	-14.572503
Ppan	-12.980808	-9.52693
Wdr77	-13.301948	-9.848069
Fgf22	-16.773619	-13.31974
Zfp85os	-16.927769	-13.47389
Ano2	-14.814195	-11.360316
Zscan22	-14.019048	-10.565169
Gm42664	-16.485935	-13.032058
Gcat	-12.584685	-9.130807
Sfxn4	-14.308752	-10.854874
Ptger2	-18.02638	-14.572503
Crispld1	-12.572486	-9.1186075
Gm47232	-17.333233	-13.879355
Sytl2	-16.560043	-13.106166
Edn2	-19.81814	-16.364264
Gm3854	-15.829157	-12.375278
Akip1	-13.621696	-10.167818
Gxylt1	-12.985109	-9.531231
Cpne3	-10.984096	-7.5302176
Ddb2	-14.019048	-10.565169
Lox	-10.875419	-7.4215407
Tnn	-18.719528	-15.265651
Smim10l1	-10.75144	-7.297562
Nfkbia	-10.558439	-7.1045613
Zbtb48	-14.219719	-10.765841
Rpia	-13.122342	-9.668464
Gnrh1	-16.640087	-13.186209
Mms19	-13.243065	-9.7891865
Ndufv2	-10.539114	-7.085236
Gm4707	-15.24343	-11.789552
2610206C17Rik	-19.81814	-16.364264
Adipor1	-11.214219	-7.760341
Gm36839	-15.527681	-12.073803
Tcf24	-16.450844	-12.996966
Tctex1d4	-16.727098	-13.27322
Scap	-13.001405	-9.547526
Cwc22	-12.748266	-9.294388
Kpnb1	-11.728045	-8.274167
Gen1	-16.104568	-12.65069
Atp5mpl	-10.294451	-6.840573
Nprl2	-13.391652	-9.937774
Gm30373	-19.81814	-16.364264
Nap1l5	-13.642274	-10.1883955
Uhmk1	-12.844598	-9.390719
Syne1	-10.2169075	-6.7630296
1110059G10Rik	-12.028273	-8.574394
Tab3	-14.134561	-10.680682
Gjc2	-17.620916	-14.167038
Dym	-12.969074	-9.515196
Rnaseh2a	-12.811445	-9.357567
Gm17354	-14.475806	-11.021928
2900089D17Rik	-13.240279	-9.786401
Gm10282	-16.984926	-13.531049
Gm960	-17.738699	-14.2848215
Lrrc66	-19.124992	-15.671115
Smc1b	-19.81814	-16.364264
Gm16076	-18.208702	-14.754825
Rcbtb2	-12.234893	-8.781014
Ncaph	-17.045551	-13.591674
Cstdc2	-17.515554	-14.061677
Taf1	-12.035334	-8.581455
Cinp	-12.440382	-8.986504
Stk39	-12.421192	-8.967314
1810049J17Rik	-18.431845	-14.977967
Tgfbr3	-11.683086	-8.229208
Hcst	-19.124992	-15.671115
Gm43581	-15.487408	-12.033529
Wdr48	-12.328729	-8.87485
Neurl1b	-18.208702	-14.754825
C330011M18Rik	-14.800861	-11.346983
Rab25	-19.124992	-15.671115
Gm9984	-19.124992	-15.671115
1700029I15Rik	-16.873701	-13.419824
Usp10	-12.315403	-8.861525
Rala	-11.452934	-7.9990563
Pdcd11	-12.235911	-8.782033
Galnt2	-10.647061	-7.1931834
Cd53	-19.124992	-15.671115
Gm35438-1	-16.984926	-13.531049
Gm32885	-18.431845	-14.977967
Nrxn2	-15.296352	-11.842474
Dot1l	-13.184822	-9.730944
Repin1	-13.636056	-10.182178
Cpne6	-16.03395	-12.580072
Anxa11	-10.571276	-7.117398
Gfm1	-12.35077	-8.896892
Prdx3	-11.899512	-8.445634
A030005L19Rik	-17.333233	-13.879355
Emc4	-11.308375	-7.8544974
Cops5	-11.439061	-7.9851832
Taf13	-12.4453945	-8.991516
Grn	-10.64623	-7.192352
Prnd	-19.81814	-16.364264
Gm15611	-19.81814	-16.364264
Nmi	-12.676896	-9.223018
Pcsk2	-16.682646	-13.228768
Lilr4b	-19.81814	-16.364264
Ap1s3	-18.719528	-15.265651
Gm14412	-16.522303	-13.068425
Dis3l	-13.60955	-10.155672
Gm43604	-18.431845	-14.977967
Arhgap8	-17.333233	-13.879355
Hectd2os	-15.375489	-11.921611
Commd7	-11.891177	-8.437299
Gm14827	-18.719528	-15.265651
Agfg1	-11.69666	-8.242782
Arpc4	-11.121296	-7.667418
C030034L19Rik	-17.179083	-13.725205
Vmn2r3	-18.719528	-15.265651
Tmem39a	-12.585407	-9.131529
Gm47904	-16.15458	-12.700701
Tslp	-17.045551	-13.591674
Gm13656	-17.515554	-14.061677
Ncor2	-11.934318	-8.480439
Nedd8	-9.72428	-6.270403
Gm44763	-19.81814	-16.364264
Gm15337	-16.321632	-12.867755
Tcf7l2	-11.068567	-7.6146894
Prima1	-17.620916	-14.167038
Rnf41	-13.020201	-9.566322
Flot2	-11.472448	-8.01857
Ctnnb1	-10.024803	-6.570925
Erbb4	-13.483087	-10.029208
Ahdc1	-12.311	-8.857121
Gm11827	-14.827708	-11.37383
Cnga3	-18.02638	-14.572503
9630015K15Rik	-14.371404	-10.917525
Cby1	-12.217238	-8.76336
Kncn	-18.02638	-14.572503
Dpysl2	-11.458303	-8.004425
Stk38l	-11.082616	-7.628738
Tmem196	-15.691007	-12.237128
Gm15775	-18.431845	-14.977967
Tmem104	-13.711118	-10.257239
Gm17200	-19.81814	-16.364264
Cxcr5	-19.124992	-15.671115
Lxn	-11.374594	-7.920716
Jakmip3	-19.81814	-16.364264
Jazf1	-14.127781	-10.6739025
Myoz3	-17.738699	-14.2848215
Iyd	-18.431845	-14.977967
6430531B16Rik	-18.208702	-14.754825
Rpa1	-12.837135	-9.383257
Mrps36	-11.056591	-7.602713
Thy1	-16.29178	-12.837902
Rab3il1	-15.487408	-12.033529
A930007I19Rik	-16.450844	-12.996966
Dnase2a	-14.124409	-10.67053
Tnip2	-12.820545	-9.366667
3110056K07Rik	-13.012418	-9.558539
Wtip	-10.639601	-7.185723
Clybl	-12.219742	-8.765863
Add3	-12.692858	-9.238979
F8	-16.773619	-13.31974
0610012G03Rik	-11.294966	-7.841088
Gm45606	-19.81814	-16.364264
Gm37502	-19.124992	-15.671115
Usp6nl	-13.554743	-10.100864
Ccdc30	-16.29178	-12.837902
Eif2ak1	-12.792603	-9.338724
Marc1	-18.719528	-15.265651
Cars2	-12.67848	-9.224602
Faap100	-13.198068	-9.744189
Hist4h4	-13.613583	-10.159704
Ruvbl1	-11.984937	-8.531058
1810013L24Rik	-12.187679	-8.733801
Lrrc8a	-11.727432	-8.273554
1700028J19Rik	-16.321632	-12.867755
Tmem161a	-12.210262	-8.756384
Tspan2	-10.445936	-6.9920583
Gm49322	-17.515554	-14.061677
Rtraf	-10.253278	-6.7994
Dll1	-16.599264	-13.145387
Dnajc17	-12.684845	-9.230967
Rab27a	-13.274229	-9.820351
Hoxb5os	-15.757698	-12.30382
Zc3h6	-12.435394	-8.981516
Tmco4	-14.186929	-10.73305
Ushbp1	-17.333233	-13.879355
Cryz	-13.412912	-9.959034
Ltbp2	-12.226279	-8.772401
Gm27022	-18.431845	-14.977967
Fetub	-16.352404	-12.898526
Cilp	-18.02638	-14.572503
Znfx1	-12.353058	-8.899179
Sav1	-12.395767	-8.941889
Rybp	-12.677688	-9.223809
Smim20	-12.1751375	-8.721259
Mapk6	-12.922458	-9.468579
Rnf168	-12.402966	-8.949087
Cybb	-19.81814	-16.364264
Klhl21	-12.676105	-9.222226
Tceal5	-13.9264965	-10.472618
Olfr921	-19.81814	-16.364264
Ly6g6c	-18.719528	-15.265651
Alad	-13.010206	-9.556328
Zbtb20	-8.5114765	-5.057599
Srsf1	-11.852595	-8.398717
Gm13431	-16.682646	-13.228768
Gm13838	-19.124992	-15.671115
Mgat4a	-11.415236	-7.9613585
Copg1	-11.611557	-8.157679
Zfp961	-14.419978	-10.9661
Mrpl43	-11.333884	-7.8800063
Rp2	-12.611764	-9.157886
Gm5148	-17.420244	-13.966367
Rab19	-18.208702	-14.754825
Prorp	-14.614134	-11.160255
Map2k5	-13.026919	-9.573041
Otub2	-14.848328	-11.394449
4833415N18Rik	-14.081569	-10.62769
Dtx4	-15.757698	-12.30382
Fap	-13.713347	-10.259469
Gm26600	-18.431845	-14.977967
Sepsecs	-13.522875	-10.068996
1700007K13Rik	-19.124992	-15.671115
Zmat2	-10.984678	-7.5308003
Lamc2	-14.950606	-11.496728
Atox1	-10.140426	-6.6865478
Wdr81	-14.059239	-10.605361
Ctdsp1	-11.355404	-7.901526
Rps29	-7.317385	-3.8635077
Inf2	-13.318354	-9.864475
Brinp2	-19.124992	-15.671115
Isl1	-14.834534	-11.380655
4933434E20Rik	-12.538822	-9.084944
Pla2g7	-19.81814	-16.364264
Foxj2	-12.272751	-8.818872
Lypla1	-12.073571	-8.619693
Atl2	-12.525123	-9.071244
Cntnap5b	-19.81814	-16.364264
Macc1	-17.253191	-13.799314
Gm15246	-19.124992	-15.671115
Peak1os	-19.81814	-16.364264
Kansl2	-12.573914	-9.120035
Slx4	-13.980411	-10.526532
Ndufs3	-10.855877	-7.401999
Fmnl3	-12.611764	-9.157886
D830024N08Rik	-16.321632	-12.867755
Gdi1	-11.748486	-8.294607
Atf7	-11.956029	-8.502151
Iqcd	-15.757698	-12.30382
Tmem108	-13.607541	-10.153663
Gm6525	-18.719528	-15.265651
Clic6	-19.81814	-16.364264
Rlim	-12.213246	-8.759368
Traf3ip1	-13.3997755	-9.945897
Hspa12a	-16.485935	-13.032058
Man1c1	-14.603205	-11.149326
Gm6710	-13.98333	-10.529451
Arnt2	-16.560043	-13.106166
Slc7a2	-12.77673	-9.322851
Gm48591	-18.719528	-15.265651
E230013L22Rik	-16.727098	-13.27322
Fgl2	-9.506259	-6.052381
Sestd1	-12.393975	-8.940097
Gm28379	-17.738699	-14.2848215
A330009N23Rik	-16.682646	-13.228768
Trappc6a	-11.903523	-8.449645
Gm37214	-17.179083	-13.725205
Slc35e3	-14.447503	-10.993625
Klhl31	-15.253793	-11.799914
Ubn2	-11.3587885	-7.9049106
Gm43951	-17.738699	-14.2848215
Slc22a3	-18.02638	-14.572503
Gas2l3	-14.034315	-10.580437
Ubr1	-12.065805	-8.611927
4930588J15Rik	-16.640087	-13.186209
Gm525	-18.208702	-14.754825
Mbnl3	-19.81814	-16.364264
Eef1a1	-7.3264565	-3.872579
Pcdhb22	-14.028181	-10.574303
Gm13199	-16.984926	-13.531049
Snhg14	-14.040488	-10.58661
Ptpra	-11.201645	-7.747767
Slco2a1	-14.800861	-11.346983
Eif4ebp3	-13.411261	-9.957382
Lzic	-12.925499	-9.471621
Gm26512	-19.81814	-16.364264
Hist1h1e	-11.525592	-8.071713
Ptpn21	-12.148179	-8.694301
Siglece	-19.81814	-16.364264
Gm12688	-19.124992	-15.671115
BE692007	-19.81814	-16.364264
Surf1	-11.55455	-8.100672
Khnyn	-13.248659	-9.794781
Rrn3	-12.942908	-9.48903
Polr3gl	-12.195477	-8.741598
Kctd6	-13.136032	-9.682154
Ubac2	-12.589026	-9.135148
Mylk	-8.619118	-5.1652403
Cfap298	-12.401762	-8.947884
Stambpl1	-14.736736	-11.282858
Gm45449	-18.431845	-14.977967
4930519K11Rik	-18.208702	-14.754825
Colec10	-18.719528	-15.265651
Atic	-12.118299	-8.66442
Mrpl49	-12.320933	-8.867055
Gzmm	-15.569646	-12.1157675
Zdhhc9	-13.114953	-9.661075
Anxa6	-10.212318	-6.7584405
Pln	-12.396963	-8.943085
Tmem170	-14.040488	-10.58661
Pigl	-15.136009	-11.682131
Mtcl1	-15.233173	-11.779295
Mki67	-18.719528	-15.265651
2600002D14Rik	-17.045551	-13.591674
Ankrd37	-13.789863	-10.335984
Gm16217	-18.719528	-15.265651
Supt16	-11.482949	-8.029071
Fcer1g	-16.873701	-13.419824
Lockd	-13.768407	-10.314528
Glyr1	-11.953721	-8.499843
BC055324	-16.682646	-13.228768
Terf2	-12.8060255	-9.352147
Elfn1	-19.81814	-16.364264
Gm27209	-19.81814	-16.364264
Fam243	-18.431845	-14.977967
Erlin1	-13.854562	-10.400683
Chl1	-17.87223	-14.418353
Rpl31	-9.061962	-5.6080847
Zfp846	-13.607541	-10.153663
Sncg	-10.489395	-7.035517
Usp35	-14.485422	-11.031544
Arhgap22	-17.420244	-13.966367
Dnajb4	-9.640474	-6.1865964
Tbce	-12.695274	-9.241396
Acad12	-14.500021	-11.046143
Akr1b10	-13.325901	-9.872023
Pbx4	-16.207222	-12.753345
Gm16751	-15.740603	-12.286725
Atpaf2	-13.301948	-9.848069
Pkia	-12.066236	-8.612357
Gm48715	-16.321632	-12.867755
Amhr2	-18.208702	-14.754825
Pdcd2	-12.353058	-8.899179
Selenbp2	-19.81814	-16.364264
Pacsin2	-11.204366	-7.750488
Fbxl16	-15.039018	-11.585139
Rad23a	-11.504044	-8.050165
Cthrc1	-17.045551	-13.591674
2310058D17Rik	-17.515554	-14.061677
Fam166b	-18.208702	-14.754825
Megf9	-13.219632	-9.765754
Gm12002	-18.02638	-14.572503
Fubp1	-11.612923	-8.159044
Cog5	-12.611764	-9.157886
Mpnd	-11.452934	-7.9990563
Moap1	-15.757698	-12.30382
Rbm3	-10.091032	-6.637154
Smc5	-12.406585	-8.952706
Pmf1	-12.770623	-9.316745
Szt2	-13.965939	-10.51206
C1qc	-17.253191	-13.799314
Cacna1g	-17.045551	-13.591674
Gm39302	-18.208702	-14.754825
Fosb	-10.320068	-6.8661904
2610001J05Rik	-11.524342	-8.070463
Atf4	-10.785493	-7.331615
Prkn	-15.3072815	-11.853403
Efna1	-14.5502825	-11.096404
Cdca7	-16.180553	-12.726676
Gm49417	-15.1176605	-11.663782
Gm13307	-14.997859	-11.543981
Ufc1	-10.776574	-7.322696
Bmt2	-12.188165	-8.734286
Gxylt2	-10.418586	-6.964708
Mapk1ip1l	-12.123748	-8.669869
Tomm7	-9.40132	-5.947443
Ap1m1	-12.290885	-8.837007
Abcd3	-11.634744	-8.180865
Taf1d	-11.685728	-8.23185
Ubtd1	-13.252876	-9.798998
Gm30003	-17.515554	-14.061677
Mkks	-13.280001	-9.826122
Dnajc4	-11.601512	-8.147634
Ccnf	-17.253191	-13.799314
Gm42529	-19.81814	-16.364264
Irak1	-12.0291	-8.575222
Birc6	-11.134417	-7.6805387
Npff	-15.375489	-11.921611
Pdpn	-15.17375	-11.7198715
Bicd1	-11.485592	-8.0317135
Kctd3	-13.26849	-9.814611
Dpy19l4	-12.61697	-9.163092
Ednra	-13.870106	-10.416227
Tmub1	-13.1297865	-9.675908
Gas5	-9.601851	-6.147974
Gm20721	-14.151714	-10.697836
Ogfrl1	-12.523085	-9.069206
Myh9	-11.248924	-7.7950463
Bms1	-12.307163	-8.853285
Ndufb7	-9.814219	-6.3603415
Asb2	-11.605844	-8.151965
Nbas	-12.839927	-9.386048
Meox2	-16.522303	-13.068425
Nit1	-12.125571	-8.671693
Map7d2	-12.015523	-8.561645
Ubxn1	-10.168772	-6.714894
1810059H22Rik	-15.411422	-11.957543
Ranbp6	-13.219632	-9.765754
Fggy	-13.278555	-9.8246765
Adamts14	-15.569646	-12.1157675
AW146154	-14.158659	-10.704781
Akt1s1	-11.926436	-8.472558
C030032O16Rik	-19.124992	-15.671115
Cdkl3	-14.179786	-10.725907
Dip2c	-11.696363	-8.242485
Tbl1xr1	-12.029514	-8.575636
Ppp1r3d	-14.059239	-10.605361
Clasp2	-11.791644	-8.337766
Zfp808	-15.352233	-11.898355
Pgf	-15.030649	-11.576771
Cyb5r3	-9.164771	-5.710893
Kyat1	-14.935339	-11.481461
Myof	-11.167992	-7.7141137
Zscan25	-15.555461	-12.101583
Psmd2	-11.09817	-7.6442924
Plppr3	-18.719528	-15.265651
Resf1	-10.865406	-7.411528
Olfr976	-19.81814	-16.364264
2310074N15Rik	-15.792789	-12.338911
Tmem198b	-14.249796	-10.7959175
Hpgd	-18.208702	-14.754825
Zfp661	-15.659258	-12.2053795
Gstm5	-11.288821	-7.8349433
Fbxl22	-9.489091	-6.0352135
Hat1	-12.599231	-9.145352
Evl	-14.091293	-10.637415
Trpv2	-12.712355	-9.258476
Cdc73	-11.776728	-8.322849
Dclre1b	-14.447503	-10.993625
Arf5	-10.687277	-7.233399
Cers2	-11.342812	-7.8889337
Gm43062	-17.87223	-14.418353
Cmc1	-12.240507	-8.786629
Minpp1	-12.721419	-9.267541
Amn1	-12.922458	-9.468579
Itga11	-16.927769	-13.47389
2700062C07Rik	-12.696081	-9.242203
Celf3	-19.81814	-16.364264
Elovl5	-12.781992	-9.328114
Smyd3	-13.844331	-10.390452
Olfr329-ps	-14.694177	-11.240298
7530414M10Rik	-18.719528	-15.265651
Shisa3	-17.179083	-13.725205
Ago2	-11.285665	-7.8317866
Myh7	-16.927769	-13.47389
4930412M03Rik	-18.719528	-15.265651
Epb41l5	-13.378791	-9.924912
Smad9	-13.21691	-9.763032
Afap1l2	-16.560043	-13.106166
Tnfsf10	-18.431845	-14.977967
Gm16838	-19.124992	-15.671115
Rinl	-16.03395	-12.580072
Nptn	-9.914503	-6.460625
BC106179	-15.285542	-11.831663
Sh3gl2	-16.984926	-13.531049
Kcnd3	-13.074081	-9.620203
Cspg4	-10.07829	-6.624412
Mrln	-16.011478	-12.5576
Ston1	-13.511866	-10.057987
Gm42517	-15.906117	-12.452239
Loxl4	-16.080471	-12.626593
Zc3h14	-11.711626	-8.257748
Ccdc190	-16.873701	-13.419824
Scai	-13.014635	-9.560757
Clcf1	-14.718274	-11.264396
Mrps31	-12.27805	-8.824172
Gm15952	-15.02235	-11.568472
Gm14493	-18.431845	-14.977967
1700001L19Rik	-16.984926	-13.531049
Fbxo40	-12.743177	-9.289299
Myo18b	-13.015746	-9.561868
Pigt	-12.720592	-9.266713
Sumo3	-11.336575	-7.8826966
Ubap1l	-17.515554	-14.061677
Gm30363	-18.719528	-15.265651
Sccpdh	-12.860643	-9.406765
Lonp2	-11.666231	-8.212353
Cct8l1	-19.124992	-15.671115
Cnn2	-10.220296	-6.766418
Carmil1	-13.605535	-10.151656
Zfp91	-10.2704	-6.816522
Thbs2	-12.247698	-8.793819
Wdr4	-13.735922	-10.282043
Slc23a4	-17.515554	-14.061677
Cntn6	-14.950606	-11.496728
Zdhhc2	-13.291646	-9.837768
Ubr4	-11.625017	-8.171139
Eml6	-14.712195	-11.258317
Prr33	-19.81814	-16.364264
Cenpx	-11.092633	-7.6387553
Popdc2	-12.474714	-9.020836
Phf6	-13.122342	-9.668464
Slx4ip	-14.519823	-11.065945
Apobec1	-14.576394	-11.122516
Mrps7	-11.551462	-8.097584
Laptm5	-18.719528	-15.265651
Gm20536	-15.081943	-11.628064
Lins1	-14.424513	-10.970634
Mroh5	-18.208702	-14.754825
Cpe	-8.0492325	-4.595355
Pcnp	-10.779063	-7.3251853
Gm43699	-17.87223	-14.418353
Gm16316	-19.81814	-16.364264
Asah2	-13.255696	-9.801818
4930502E09Rik	-17.87223	-14.418353
Hgfac	-19.81814	-16.364264
Cav1	-9.495581	-6.041703
Arid3a	-15.20302	-11.749142
4933404O12Rik	-14.238411	-10.784533
Ugdh	-12.21924	-8.765362
9930111J21Rik1	-17.253191	-13.799314
Gtf2e2	-11.998906	-8.545028
Rgs10	-13.296048	-9.84217
Wipi1	-11.744115	-8.290236
Sec16a	-12.561138	-9.10726
2810429I04Rik	-18.431845	-14.977967
Mast3	-14.028181	-10.574303
Gm29101	-16.599264	-13.145387
Rheb	-10.031412	-6.577534
Armcx1	-12.549221	-9.095343
Pcdhga8	-15.886315	-12.432437
Larp7	-12.031174	-8.577295
Fam160b1	-11.740383	-8.286505
Slc43a2	-15.212971	-11.759092
Tmem41b	-12.746568	-9.292689
Pou4f1	-18.719528	-15.265651
Cdc42bpb	-11.976254	-8.522376
Cep41	-13.322875	-9.868997
1700120K04Rik	-19.81814	-16.364264
1700063J08Rik	-16.560043	-13.106166
Fbxo31	-12.227288	-8.77341
Rpap3	-12.538133	-9.084254
Rbm39	-9.542883	-6.089005
Stac2	-19.81814	-16.364264
Anapc1	-12.121019	-8.667141
Capn2	-10.806617	-7.352739
Gm45309	-18.208702	-14.754825
Il18bp	-15.4614315	-12.007553
Tbx3	-15.757698	-12.30382
Rbl2	-11.949504	-8.4956255
Tvp23b	-11.958342	-8.504463
Nup88	-12.0919285	-8.63805
Ccdc57	-15.527681	-12.073803
Ahsa2	-11.751619	-8.297741
Gm35190	-17.420244	-13.966367
Pogk	-13.084739	-9.63086
Tmpo	-11.400768	-7.9468904
Sptlc1	-13.087123	-9.6332445
Cmtr1	-13.022435	-9.568557
Ergic2	-11.5260935	-8.072215
G630016G05Rik	-17.253191	-13.799314
Gpr62	-16.773619	-13.31974
Rmdn1	-12.49431	-9.040432
Ubr3	-11.807449	-8.353571
Acat3	-15.707267	-12.253388
D430040D24Rik	-15.136009	-11.682131
Zswim4	-14.075137	-10.621259
Fgf14	-16.927769	-13.47389
Neat1	-10.421736	-6.967858
Pde5a	-10.422982	-6.9691043
Mogat1	-19.81814	-16.364264
Cep112os1	-18.431845	-14.977967
Lancl2	-13.401408	-9.94753
P2ry10b	-16.03395	-12.580072
Gm47950	-17.87223	-14.418353
Dhx33	-13.502783	-10.048904
Ercc6	-13.785054	-10.331176
Bcl2l14	-19.81814	-16.364264
Clec3b	-15.10861	-11.654732
Gaa	-11.708315	-8.2544365
Rbm5	-11.138148	-7.6842704
Arrdc3	-11.358365	-7.904487
Pcdh20	-15.810807	-12.356929
Crb2	-19.124992	-15.671115
Esf1	-11.243245	-7.789367
Abhd14a	-12.082707	-8.628829
Trim17	-18.431845	-14.977967
Acer3	-12.688043	-9.234164
Ldb2	-15.20302	-11.749142
Gm48045	-16.180553	-12.726676
Zfp712	-14.466283	-11.012404
Asb16	-17.11009	-13.656212
Cblb	-12.980808	-9.52693
Zfp933	-13.857136	-10.403257
Cd68	-15.318331	-11.864452
Xpnpep3	-13.625778	-10.1719
Gm11940	-19.124992	-15.671115
Tyk2	-13.483087	-10.029208
Fmnl2	-13.715582	-10.2617035
Cd38	-19.124992	-15.671115
Mrps2	-13.888552	-10.434673
Ptch2	-16.011478	-12.5576
Eefsec	-13.350442	-9.896564
BB557941	-18.431845	-14.977967
1810026B05Rik	-11.568827	-8.114948
Cabcoco1	-14.438243	-10.9843645
Shld2	-13.826676	-10.372798
Mccc1os	-17.87223	-14.418353
Nupr1	-8.46325	-5.009372
Stab1	-16.682646	-13.228768
Sox8	-14.736736	-11.282858
Elp4	-13.074081	-9.620203
Dpf3	-17.11009	-13.656212
Id4	-11.046926	-7.5930476
Tnnt2	-11.365166	-7.911288
Gm14401	-17.620916	-14.167038
Syt15	-12.772365	-9.318486
Pdp1	-13.04506	-9.591182
Hmox2	-11.802814	-8.348935
Rab2b	-12.32371	-8.869832
Atg4a-ps	-18.02638	-14.572503
Adamts15	-13.275669	-9.821791
Gm37986	-16.03395	-12.580072
Wars2	-14.194123	-10.740245
Il2	-16.011478	-12.5576
Gm43848	-14.905486	-11.451608
Zbtb11os1	-13.1064005	-9.652522
Rspry1	-12.359378	-8.905499
Mif	-10.267478	-6.8136
Perm1	-15.4614315	-12.007553
A930015D03Rik	-16.522303	-13.068425
Gm14636	-14.820929	-11.36705
Las1l	-11.915283	-8.461405
9630001P10Rik	-15.92632	-12.472442
Gm44899	-16.522303	-13.068425
Gm47320	-17.515554	-14.061677
Trim25	-14.367103	-10.913224
Slc25a14	-13.587659	-10.1337805
C2cd5	-13.426224	-9.972345
Atp8b3	-18.719528	-15.265651
Serp2	-13.469002	-10.015123
Tnks2	-11.675495	-8.221617
Adcy6	-12.301707	-8.847829
S100a1	-10.531302	-7.0774245
Gm34574	-19.81814	-16.364264
Gm26788	-18.208702	-14.754825
Ufm1	-11.147025	-7.693147
Smg7	-12.20531	-8.751431
Pnpla2	-11.355826	-7.9019485
Opa3	-12.578926	-9.125048
Gm43597	-15.541474	-12.087596
Mphosph10	-12.019207	-8.565329
Tmcc3	-11.38607	-7.9321923
Sod1	-10.832946	-7.379068
Elac1	-13.585692	-10.131814
Ect2l	-14.39319	-10.939312
Socs1	-13.439714	-9.985836
Fmc1	-10.883818	-7.4299397
Tmem165	-11.308173	-7.8542953
Zfp512b	-13.200738	-9.74686
Syncrip	-11.138659	-7.6847806
Noc4l	-13.998058	-10.54418
Bend5	-14.134561	-10.680682
Gm28320	-19.124992	-15.671115
Cryab	-9.478756	-6.024878
Kcnk3	-14.009998	-10.55612
Gm15713	-18.719528	-15.265651
Rgs4	-10.839985	-7.386107
Tsks	-17.253191	-13.799314
Bahcc1	-14.065568	-10.61169
Zfp516	-12.541584	-9.087706
Sag	-15.514075	-12.060197
Htatsf1	-11.53288	-8.079001
Prxl2a	-13.715582	-10.2617035
C8g	-16.873701	-13.419824
Ino80d	-11.98573	-8.531852
Ybx2	-17.179083	-13.725205
Dennd1c	-19.124992	-15.671115
Zfp943	-13.303428	-9.849549
Impdh1	-12.875018	-9.42114
Ints3	-12.601431	-9.1475525
Ldlrad3	-12.297364	-8.843486
Ddx42	-11.664791	-8.210913
Ubxn2a	-11.17873	-7.724852
Nfatc2ip	-13.568166	-10.114287
Ptpn7	-19.124992	-15.671115
Sec24c	-12.279114	-8.825235
Ripply3	-18.431845	-14.977967
Pou2f1	-12.684047	-9.230168
Gm38560	-18.431845	-14.977967
Plekhh1	-16.599264	-13.145387
1300002E11Rik	-12.452961	-8.999083
Vpreb1	-16.450844	-12.996966
Smndc1	-11.575647	-8.121769
Gm12409	-16.05694	-12.603063
Knstrn	-15.92632	-12.472442
Sesn1	-11.743492	-8.289614
Gm15893	-18.719528	-15.265651
Gm30173	-19.81814	-16.364264
Arxes1	-16.560043	-13.106166
Vegfc	-13.831689	-10.3778105
Gm44759	-17.11009	-13.656212
Gm49953	-19.124992	-15.671115
Olfr173	-19.81814	-16.364264
Dnajc30	-12.061518	-8.607639
Glipr1	-11.801493	-8.347614
Gm26621	-14.718274	-11.264396
4931406P16Rik	-12.090165	-8.636287
Gm12843	-17.738699	-14.2848215
Tns2	-11.038429	-7.5845513
Drp2	-19.81814	-16.364264
Begain	-17.620916	-14.167038
Mon1a	-13.225097	-9.771218
Cyp4v3	-13.534007	-10.080129
Drd1	-14.981859	-11.527981
Srp72	-11.323194	-7.8693156
Tbc1d22a	-14.190519	-10.736641
Pex16	-12.582521	-9.128643
Polr2a	-11.633348	-8.17947
Scarf1	-16.080471	-12.626593
Kntc1	-18.719528	-15.265651
Fdxacb1	-14.078348	-10.62447
E030037K01Rik	-17.045551	-13.591674
A730071L15Rik	-16.873701	-13.419824
Selenoh	-12.087526	-8.633648
Cd72	-16.522303	-13.068425
Vars2	-14.292687	-10.838809
Lrrk2	-12.851173	-9.397295
Mta3	-12.564671	-9.110792
Comt	-10.743162	-7.289284
Rnf128	-18.02638	-14.572503
Pptc7	-12.139814	-8.685936
Il4	-18.208702	-14.754825
Defb42	-16.416943	-12.963065
Fbxw8	-12.852117	-9.398238
Cracr2a	-16.773619	-13.31974
Rpl35	-8.430937	-4.9770594
Rabac1	-9.222881	-5.769004
Dus4l	-14.276877	-10.822999
Sept5	-13.42455	-9.970672
Usp34	-10.971356	-7.5174785
Clba1	-14.245987	-10.792109
Tasor2	-12.621454	-9.167576
Cdca2	-17.253191	-13.799314
Tnfsf18	-19.81814	-16.364264
Ogfod2	-13.318354	-9.864475
Hspa14	-12.156613	-8.702735
Bag1	-10.319319	-6.865441
Eif5a2	-13.186139	-9.732261
Crygn	-16.560043	-13.106166
Pom121	-12.435394	-8.981516
Gm16152	-16.727098	-13.27322
Sbf2	-12.1751375	-8.721259
Ccdc63	-17.045551	-13.591674
Mapk7	-13.804425	-10.350547
Matn2	-12.969074	-9.515196
Rtl10	-17.333233	-13.879355
Gstp2	-14.670647	-11.216768
Lamp5	-19.124992	-15.671115
Thbs3	-12.306616	-8.852737
Mindy2	-12.337712	-8.883834
Urod	-11.933941	-8.4800625
Celf1	-11.359425	-7.9055467
Hook2	-15.707267	-12.253388
Tmem251	-12.882771	-9.428892
Gm16638	-15.081943	-11.628064
Slc4a5	-19.124992	-15.671115
Glo1	-10.938668	-7.4847903
Bmx	-17.333233	-13.879355
Ccdc126	-13.202076	-9.748198
Dqx1	-16.984926	-13.531049
Shank1	-13.934818	-10.48094
1700016G22Rik	-17.333233	-13.879355
Tada3	-12.345072	-8.891193
Mbd1	-13.163988	-9.71011
Tbc1d8	-14.375723	-10.9218445
Snapc4	-13.797117	-10.343239
Prpf31	-12.175616	-8.721738
Gm35558-1	-17.11009	-13.656212
Cfap61	-19.81814	-16.364264
Ccar1	-11.229185	-7.775307
Gm29155	-17.87223	-14.418353
Suv39h1	-14.094556	-10.640677
Gm49786	-17.11009	-13.656212
4930404H11Rik	-19.81814	-16.364264
Gstm2	-10.277347	-6.8234687
Sparc	-7.5020256	-4.048148
Rab3a	-11.717373	-8.2634945
Dgka	-13.414567	-9.960689
Insig2	-11.238348	-7.78447
Malsu1	-11.899512	-8.445634
Hnrnpa1	-10.593207	-7.1393294
Il5	-19.124992	-15.671115
Gm42701	-16.522303	-13.068425
Tsc22d1	-9.809348	-6.35547
Irak1bp1	-12.232352	-8.778474
Gm49216	-17.333233	-13.879355
Asf1b	-16.984926	-13.531049
Dazap2	-11.199474	-7.7455964
Ergic1	-11.672011	-8.218133
Gm42067	-14.565867	-11.111989
Ccdc181	-13.11864	-9.664762
Ltk	-16.03395	-12.580072
Tbc1d14	-13.623735	-10.169857
Ect2	-15.775089	-12.321211
Gm34455	-11.912331	-8.458452
Phf8	-13.063537	-9.609658
Gm45822	-18.208702	-14.754825
Nfe2l1	-10.539394	-7.0855165
Adamts5	-11.822161	-8.368282
Nhsl2	-12.1449175	-8.691039
Rnf113a1	-14.461555	-11.007676
Snhg11	-18.431845	-14.977967
Ercc6l	-17.620916	-14.167038
Ccdc173	-13.733642	-10.279763
Gm33543	-15.411422	-11.957543
Nfkb1	-12.196456	-8.742578
Zdhhc5	-12.376821	-8.922942
LTO1	-13.272791	-9.8189125
Fhad1	-15.487408	-12.033529
Tmod4	-19.81814	-16.364264
Eif4a2	-10.028382	-6.5745044
Ms4a6c	-18.208702	-14.754825
Slain2	-11.535152	-8.081274
Ddx28	-13.704458	-10.25058
Gm13166	-16.207222	-12.753345
Eif4ebp1	-11.018479	-7.5646014
Ticam1	-13.87272	-10.418841
Iqcn	-14.942944	-11.489065
Gm26813	-17.420244	-13.966367
Gm11508	-17.515554	-14.061677
Gm11464	-18.431845	-14.977967
9630013D21Rik	-17.179083	-13.725205
Igsf9b	-12.088845	-8.634967
Trim12a	-12.827885	-9.374006
Pacsin3	-12.214742	-8.760863
Gm15956	-16.927769	-13.47389
Elk1	-13.350442	-9.896564
Ccpg1os	-13.258526	-9.804647
Gm38163	-17.738699	-14.2848215
Efnb3	-17.253191	-13.799314
Itpr3	-15.92632	-12.472442
Slc22a18	-17.515554	-14.061677
Gm48709	-17.738699	-14.2848215
Ikbke	-14.186929	-10.73305
Slain1	-18.719528	-15.265651
Eny2	-10.896683	-7.442805
Plekha5	-11.7095175	-8.255639
U2af1	-10.858443	-7.4045653
Six4	-13.300469	-9.846591
Man2b1	-11.8966055	-8.442727
Gm15635	-19.81814	-16.364264
Nfatc3	-12.481204	-9.027326
Ltbp1	-9.573727	-6.1198487
Clec4a1	-19.81814	-16.364264
Arl5c	-15.555461	-12.101583
Efhd1os	-19.124992	-15.671115
Tango6	-13.530282	-10.076404
Man2a2	-12.496952	-9.043074
Dhrs13	-14.212338	-10.75846
Fabp4	-10.303703	-6.8498254
Cenpv	-12.900435	-9.446557
Evi5	-11.351609	-7.8977313
Rtkn	-14.514836	-11.060958
AK157302	-17.045551	-13.591674
Pcca	-12.500264	-9.046386
Tmprss5	-19.124992	-15.671115
Gm15559	-16.485935	-13.032058
Castor2	-12.603637	-9.149758
1700094D03Rik	-14.429069	-10.97519
Arf1	-9.884997	-6.4311194
Dock8	-12.284982	-8.831103
Mitf	-12.829727	-9.375849
Cxcl1	-16.599264	-13.145387
Ttc14	-11.520099	-8.06622
Idh2	-10.802114	-7.3482356
Pank2	-12.29574	-8.841862
2210411M09Rik	-19.81814	-16.364264
Gabra1	-16.180553	-12.726676
Ssc5d	-15.329504	-11.875626
Mmab	-14.065568	-10.61169
Vopp1	-13.615605	-10.161727
Atp6v1e2	-19.124992	-15.671115
Fam126b	-11.396138	-7.9422603
Fsd1l	-13.720066	-10.266188
Myo6	-12.924484	-9.470606
Gm20274	-15.099642	-11.645763
Actr5	-13.7268305	-10.272952
Lpin1	-12.727231	-9.273353
Pdia3	-9.744278	-6.2904
Crispld2	-10.966907	-7.5130286
Pgs1	-13.029169	-9.575291
Zfp52	-13.294579	-9.8407
Fbxo46	-14.144817	-10.690939
Crtc2	-13.088317	-9.6344385
Timm10b	-10.65657	-7.2026925
Mab21l2	-17.045551	-13.591674
Iqgap2	-17.738699	-14.2848215
Llgl2	-15.183412	-11.729533
Ptma	-8.283062	-4.8291845
Cdkn1b	-11.176432	-7.7225537
Sdf4	-10.51431	-7.060432
Gstm6	-14.9203005	-11.466422
Sec61b	-10.043795	-6.5899167
4930455G09Rik	-18.719528	-15.265651
Rassf6	-15.810807	-12.356929
Tm4sf1	-8.24525	-4.791372
Hrh1	-19.81814	-16.364264
Slc12a7	-14.127781	-10.6739025
Ctsw	-19.124992	-15.671115
Gnmt	-17.333233	-13.879355
2010310C07Rik	-15.363793	-11.909915
Wdr82	-12.136119	-8.6822405
Cbs	-13.761356	-10.307478
Praf2	-12.104803	-8.650925
Ezh2	-13.59755	-10.143672
2810454H06Rik	-13.477781	-10.023903
A530083I20Rik	-16.450844	-12.996966
Gmps	-11.850514	-8.396636
Ccdc90b	-11.843264	-8.389385
Fbxo42	-13.316851	-9.862972
Gm44200	-18.208702	-14.754825
Atg10	-12.49563	-9.041752
Hhatl	-17.87223	-14.418353
Kctd1	-13.899247	-10.445369
Csrnp1	-12.838065	-9.384187
Gm4793	-17.253191	-13.799314
Plekhg5	-12.938785	-9.484906
Zfp143	-13.411261	-9.957382
Cnep1r1	-11.829597	-8.375719
Phyh	-11.70262	-8.248741
Znhit2	-12.661964	-9.208086
Srpk2	-11.399443	-7.9455647
Nit2	-12.529213	-9.075335
Fndc4	-13.773135	-10.319257
Iqsec1	-12.143523	-8.689645
Gm35206	-19.81814	-16.364264
Galns	-14.234645	-10.7807665
Syne4	-18.719528	-15.265651
Gm15533	-18.208702	-14.754825
Lrg1	-14.997859	-11.543981
Rnf138	-12.176096	-8.722218
Zkscan1	-12.189623	-8.735744
Lgals4	-15.643753	-12.189875
Stk19	-12.50826	-9.054381
Cyb5b	-11.811107	-8.357228
Golga1	-12.741487	-9.287608
Gm9833	-16.822409	-13.36853
Zfp867	-14.415463	-10.961585
Cmss1	-13.45339	-9.999512
Zfp870	-14.212338	-10.75846
Sugp1	-12.940845	-9.486966
Rida	-12.947049	-9.493171
Esrra	-13.0519495	-9.598071
Gm15856	-19.124992	-15.671115
Tacc3	-15.02235	-11.568472
Fxyd6	-15.423692	-11.969813
Vsig10	-14.367103	-10.913224
Dcaf10	-12.910385	-9.456507
Fbxo17	-13.659045	-10.205167
Cyld	-11.794261	-8.340383
Tmcc2	-13.831689	-10.3778105
Myoz1	-14.774715	-11.320837
Pex11b	-12.426725	-8.972847
Plod1	-12.301707	-8.847829
Tnfrsf19	-16.485935	-13.032058
Ppp1r37	-12.061945	-8.608067
Gm1698	-19.124992	-15.671115
Myh6	-17.420244	-13.966367
Colec12	-10.499215	-7.045337
Gm49359	-13.401408	-9.94753
Aaas	-13.836726	-10.382848
Cetn2	-11.085514	-7.631636
Ddx27	-12.27805	-8.824172
Tmem204	-13.659045	-10.205167
Gm48357	-16.682646	-13.228768
Mgarp	-19.81814	-16.364264
Adgrl1	-11.568827	-8.114948
1700016J18Rik	-17.738699	-14.2848215
Olfr46	-18.208702	-14.754825
Recql	-13.161414	-9.707536
Rsf1	-11.282125	-7.8282475
Gm28800	-19.81814	-16.364264
Mars	-12.755093	-9.301214
C430014B12Rik	-15.1176605	-11.663782
Gm10371	-14.05295	-10.5990715
Jrk	-15.126793	-11.6729145
Zfp346	-13.656934	-10.203055
Imp3	-10.8033285	-7.3494506
Mrpl45	-12.370973	-8.917094
Gps1	-11.481511	-8.027633
2810001G20Rik	-13.069381	-9.615502
Cd209f	-19.81814	-16.364264
Nudt2	-12.964842	-9.510963
Cdc42ep4	-12.713997	-9.2601185
Mob1b	-12.138889	-8.685011
Fxyd7	-13.108836	-9.654958
Gm47906	-19.81814	-16.364264
Fbxo36	-13.920987	-10.467109
Fbxo28	-12.3756485	-8.92177
Ndnf	-13.870106	-10.416227
Dcaf11	-11.993695	-8.539817
Mrgprd	-18.719528	-15.265651
Polr2k	-10.852806	-7.398928
Cep63	-12.339971	-8.886092
Triobp	-12.099899	-8.646021
Tmem238	-12.081397	-8.627519
Atp6v1g2	-15.866897	-12.413018
Rab24	-11.82858	-8.3747015
Ascl3	-17.87223	-14.418353
Ndufaf1	-13.060046	-9.606168
Ppp1r8	-13.243065	-9.7891865
Gkn3	-17.515554	-14.061677
Stk35	-13.0799885	-9.62611
Ppp4r3a	-11.870109	-8.41623
Tbcc	-12.383293	-8.929415
Syt3	-15.375489	-11.921611
Enah	-9.528473	-6.074595
Gm48194	-16.822409	-13.36853
Tnfrsf21	-14.269065	-10.8151865
Gm47283	-11.327086	-7.8732085
Snx20	-18.431845	-14.977967
Gm26885	-16.984926	-13.531049
Mrps15	-11.285665	-7.8317866
Cyth1	-13.285807	-9.831928
Orc4	-11.987318	-8.53344
Adgrg6	-18.208702	-14.754825
Ang	-13.545264	-10.091386
Kbtbd8	-16.180553	-12.726676
Aloxe3	-18.208702	-14.754825
Acot1	-15.500652	-12.046774
Ankle2	-12.486425	-9.032547
Ccl27a	-11.870815	-8.416937
Gm43126	-17.620916	-14.167038
Acot10	-17.738699	-14.2848215
Afg3l1	-12.568926	-9.115047
Usp18	-15.474336	-12.020457
Tctn1	-13.9862585	-10.53238
Ppm1a	-11.0405855	-7.5867076
Fam110a	-14.834534	-11.380655
Pias2	-13.23335	-9.779471
Gm36372	-17.333233	-13.879355
Sirt5	-13.23335	-9.779471
Esd	-10.300021	-6.8461432
Sphk2	-12.846472	-9.392593
Trbc2	-17.515554	-14.061677
Gm14419	-15.005957	-11.552078
Sprtn	-13.444821	-9.990943
Gm11100	-16.873701	-13.419824
Fdft1	-12.383293	-8.929415
B3glct	-12.284982	-8.831103
Gm28221	-18.431845	-14.977967
Cep192	-13.577865	-10.123986
Cnot7	-12.174179	-8.720301
Foxp4	-12.430431	-8.976553
Cd160	-19.81814	-16.364264
Faxc	-14.22343	-10.769551
Gm46378	-16.522303	-13.068425
Rell2	-17.87223	-14.418353
Inhbe	-19.124992	-15.671115
Slc7a7	-14.485422	-11.031544
1700102H20Rik	-15.723796	-12.2699175
Tgm2	-10.598841	-7.144963
Arap1	-13.187457	-9.733579
Nf1	-12.249762	-8.795883
Gm7324	-16.727098	-13.27322
Gm10778	-16.682646	-13.228768
Islr	-10.443303	-6.989425
Gm16155	-17.420244	-13.966367
Rab13	-12.158027	-8.704148
Gdpgp1	-14.466283	-11.012404
Slamf9	-13.686914	-10.233036
Gm4544	-15.628486	-12.174607
Slc24a3	-11.791644	-8.337766
Utrn	-10.174071	-6.7201934
4930540M05Rik	-17.179083	-13.725205
Gm9008	-18.719528	-15.265651
Tom1l1	-14.101113	-10.647235
Sec14l2	-15.643753	-12.189875
Gm11525	-18.719528	-15.265651
Nop9	-12.929568	-9.47569
Gm45495	-15.775089	-12.321211
Eid3	-16.682646	-13.228768
Rbm19	-13.738208	-10.284329
Hhex	-18.208702	-14.754825
March5	-11.219368	-7.76549
Meis3	-12.871164	-9.417286
Trdn	-18.208702	-14.754825
Idua	-13.290183	-9.836305
Mmp16	-13.121106	-9.667228
Hoxa11	-19.124992	-15.671115
Ints14	-13.23889	-9.785011
Bpifb1	-19.81814	-16.364264
Twf2	-12.605846	-9.151968
Pqlc3	-13.1064005	-9.652522
Rab23	-12.639595	-9.185717
Phyhd1	-12.04623	-8.592352
Irf2bp2	-11.388905	-7.9350266
Layn	-12.887646	-9.433767
Trib1	-13.041634	-9.587755
Erg28	-12.030344	-8.576466
Gm17088	-18.431845	-14.977967
Gm26559	-14.79426	-11.340382
Olfr839-ps1	-18.431845	-14.977967
Fbl	-11.854681	-8.400803
Stac3	-15.847849	-12.3939705
Apbb1ip	-13.3108635	-9.856985
Ggnbp2	-11.368585	-7.9147067
Rnf31	-13.497373	-10.043494
Larp1b	-11.27567	-7.821792
Trim37	-13.153731	-9.699853
Pcbp4	-12.116488	-8.66261
Bcap29	-12.65342	-9.199542
Fam13b	-12.500264	-9.046386
Timeless	-16.450844	-12.996966
Atp2b4	-10.449943	-6.9960647
Tmem185b	-13.411261	-9.957382
Mdh1	-10.282534	-6.8286557
Ripk1	-12.303886	-8.850008
Gba2	-14.141387	-10.687509
Gm10602	-14.848328	-11.394449
Retreg1	-14.659085	-11.205207
Zfp385a	-14.04359	-10.589711
Ccdc142	-16.321632	-12.867755
Prrt1	-15.352233	-11.898355
Gm26588	-19.124992	-15.671115
Slco1c1	-16.104568	-12.65069
Ndufb6	-10.527696	-7.0738177
Ppp1r3c	-13.998058	-10.54418
Mlxip	-12.570348	-9.116469
Plcg1	-13.170452	-9.716574
Tbxas1	-15.675006	-12.2211275
Gm9899	-18.719528	-15.265651
Mmp27	-19.81814	-16.364264
Flt3l	-14.230892	-10.777014
Tmem71	-15.164181	-11.710302
Abcc5	-12.191083	-8.737205
Peg10	-15.1176605	-11.663782
Gm47802	-16.104568	-12.65069
Gm9918	-18.431845	-14.977967
Psma4	-10.364854	-6.910976
Brca1	-17.179083	-13.725205
Gm47814	-19.124992	-15.671115
Inpp5e	-13.673955	-10.220077
Zup1	-12.58613	-9.132252
Ndufs1	-11.853638	-8.399759
Cdkn1c	-11.498911	-8.0450325
Haus8	-11.976648	-8.52277
4931440F15Rik	-17.620916	-14.167038
Zmynd19	-13.330457	-9.876578
Tomm40	-11.785456	-8.331577
Pm20d1	-17.420244	-13.966367
Nr4a1	-10.666701	-7.2128234
Zfp959	-13.78027	-10.326391
Baz1b	-11.383243	-7.9293647
B230118H07Rik	-11.496476	-8.042598
Pum1	-11.214953	-7.7610755
Mettl21a	-12.728898	-9.27502
Khk	-12.690447	-9.236568
4930412C18Rik	-14.96611	-11.512232
Gm44752	-16.773619	-13.31974
Gm10320	-15.866897	-12.413018
Relt	-17.253191	-13.799314
Pde10a	-15.02235	-11.568472
Mapk13	-18.719528	-15.265651
Gm11636	-17.253191	-13.799314
Baz1a	-13.891214	-10.437336
Ddx10	-12.551313	-9.097435
0610010K14Rik	-11.755393	-8.301515
Gm26513	-17.515554	-14.061677
H2-T22	-12.65342	-9.199542
Lbp	-18.431845	-14.977967
Gm49733	-19.81814	-16.364264
Irs2	-11.77705	-8.323172
Pde6c	-18.02638	-14.572503
Olfr889	-17.420244	-13.966367
Cmpk2	-14.927792	-11.473913
Itgb8	-12.822374	-9.368496
Bex1	-16.599264	-13.145387
Ctla2a	-17.333233	-13.879355
Nudt6	-13.552839	-10.098961
Rabggtb	-11.917504	-8.463626
Gm29724	-16.522303	-13.068425
Ceacam1	-19.81814	-16.364264
Drc1	-18.431845	-14.977967
Arhgap44	-12.788168	-9.33429
Mylk2	-14.016023	-10.562144
Hhipl2	-18.02638	-14.572503
Cdr2	-11.527347	-8.073468
Yjefn3	-14.272964	-10.819085
Usp54	-12.869244	-9.415365
Gm49959	-18.02638	-14.572503
Spc24	-15.792789	-12.338911
Gm49123	-17.738699	-14.2848215
Col11a1	-18.431845	-14.977967
Cdc25a	-13.291646	-9.837768
Zc3h12a	-13.94321	-10.489331
Ptn	-14.787703	-11.333824
Nlgn2	-13.673955	-10.220077
Psenen	-10.554829	-7.1009507
Pld5	-19.124992	-15.671115
Fam227a	-15.906117	-12.452239
Prc1	-15.675006	-12.2211275
Ccl2	-19.124992	-15.671115
Gm47003	-17.420244	-13.966367
Ppp1r21	-12.955383	-9.501505
Gm41307	-16.927769	-13.47389
Cavin3	-9.453564	-5.9996862
Tmem182	-19.81814	-16.364264
Micu2	-12.519695	-9.065817
Itpa	-12.412645	-8.958767
Vit	-13.504593	-10.0507145
Gm48053	-13.170452	-9.716574
Gm36723	-18.719528	-15.265651
Rrad	-10.290293	-6.836415
Tmem266	-19.81814	-16.364264
Lamb2	-9.67733	-6.2234526
Kcnd1	-15.946939	-12.493061
Gm16157	-18.02638	-14.572503
Fam20b	-12.628973	-9.175095
Heg1	-12.875018	-9.42114
Nhsl1	-15.154701	-11.700823
Wbscr25	-17.333233	-13.879355
Fbxo10	-14.034315	-10.580437
Evc	-12.751674	-9.297795
Nop16	-12.738956	-9.285078
Eldr	-16.984926	-13.531049
Crip2	-9.530003	-6.076125
Muc2	-17.87223	-14.418353
Ino80c	-13.212843	-9.758965
Krtdap	-19.81814	-16.364264
Coq8b	-13.862304	-10.408425
Polrmt	-13.711118	-10.257239
Rhbdf1	-12.57106	-9.117182
Myadml2	-14.774715	-11.320837
Cib1	-12.211753	-8.7578745
Rhod	-13.225097	-9.771218
Serpine1	-10.041067	-6.587189
1700063D05Rik	-18.02638	-14.572503
Slc25a40	-13.316851	-9.862972
Ocel1	-12.994855	-9.540977
Gtf2h4	-12.953293	-9.499414
Mfsd2a	-17.11009	-13.656212
Tgfbi	-15.659258	-12.2053795
A930004D18Rik	-14.560645	-11.106767
Snta1	-11.396358	-7.9424796
Zc3h7b	-12.40056	-8.946682
Ccdc14	-14.097829	-10.64395
Rab1b	-11.527347	-8.073468
Cdc42ep5	-11.779306	-8.325428
Dhx35	-14.234645	-10.7807665
Uba6	-12.797057	-9.343179
Trim21	-14.688242	-11.234364
Klhl18	-13.394894	-9.941015
Tmem134	-10.6542635	-7.2003856
Sema3g	-19.81814	-16.364264
Pde6d	-11.832997	-8.379119
Oxr1	-12.301164	-8.847285
Ptbp3	-11.941882	-8.488004
Senp2	-12.313749	-8.859871
Tmem240	-14.927792	-11.473913
Thsd7a	-14.682343	-11.228464
Selenot	-11.3737335	-7.9198556
Fam219b	-13.039356	-9.585478
Tmem250-ps	-12.347917	-8.894038
Arl4a	-10.22016	-6.7662816
1700058P15Rik	-16.773619	-13.31974
Spats2	-13.522875	-10.068996
Ecrg4	-13.650624	-10.196746
Spink10	-16.773619	-13.31974
Gm48809	-18.431845	-14.977967
Timm17b	-11.639783	-8.1859045
Myl1	-16.03395	-12.580072
Calhm2	-13.137286	-9.683408
Arhgap6	-12.334334	-8.880456
Hdac9	-12.216239	-8.762361
Cep170b	-12.489703	-9.035825
Arf4	-10.303409	-6.8495307
Rras	-9.175887	-5.7220097
Srfbp1	-12.899446	-9.445567
Utp3	-11.460177	-8.006299
Egr2	-14.172694	-10.718816
Mrpl47	-13.321365	-9.867487
S1pr1	-15.92632	-12.472442
Smpd1	-11.454799	-8.00092
Ube2n	-10.842637	-7.388759
Gm17087	-17.738699	-14.2848215
Slc28a3	-19.81814	-16.364264
Ccnt1	-11.897331	-8.443453
Scaf11	-10.863726	-7.4098477
BB218582	-13.965939	-10.51206
Ppp2r1b	-13.821689	-10.36781
Nr1d1	-11.1631	-7.7092223
Zfp963	-14.625184	-11.171306
Gm28050	-17.045551	-13.591674
Rchy1	-11.98573	-8.531852
Kif3c	-13.271356	-9.817477
4933408J17Rik	-18.431845	-14.977967
Bicra	-13.691272	-10.237393
Eva1a	-13.211491	-9.757612
Tmem121	-16.640087	-13.186209
Mcpt4	-17.420244	-13.966367
Pnmal2	-15.792789	-12.338911
Fyco1	-11.249495	-7.7956166
Hsd17b13	-18.719528	-15.265651
Egflam	-17.179083	-13.725205
A830012C17Rik	-19.81814	-16.364264
Pspc1	-12.824208	-9.37033
Lrfn1	-16.485935	-13.032058
Fzd8	-12.148645	-8.694767
Tmem268	-15.4614315	-12.007553
Orc3	-13.042774	-9.588896
Scrn1	-12.581081	-9.127203
Srrt	-12.070112	-8.616234
Ttll4	-13.891214	-10.437336
Stpg1	-17.179083	-13.725205
Plekha8	-13.977499	-10.523621
Sulf1	-10.617144	-7.1632657
Fzd10os	-19.81814	-16.364264
N4bp2l2	-11.339896	-7.8860183
Msmo1	-11.908284	-8.454406
Gm39469	-14.276877	-10.822999
Ccer1	-18.719528	-15.265651
Fancd2	-15.541474	-12.087596
Ktn1	-10.17459	-6.720712
Zdhhc19	-16.822409	-13.36853
Clcn1	-19.81814	-16.364264
Dusp8	-11.210924	-7.757046
Mroh3	-17.87223	-14.418353
Hist2h3c2	-14.4428625	-10.988984
Atp5h	-9.126173	-5.672295
Rtl8a	-11.639783	-8.1859045
Stk36	-15.886315	-12.432437
Gm36693	-17.515554	-14.061677
Gm6277	-14.101113	-10.647235
Fam89a	-19.124992	-15.671115
9630002D21Rik	-19.81814	-16.364264
Taco1os	-14.367103	-10.913224
Sap130	-13.112502	-9.658624
Cpb1	-16.560043	-13.106166
Rpl28	-8.18769	-4.7338123
Nanp	-13.34889	-9.895012
Men1	-13.255696	-9.801818
Grik3	-19.81814	-16.364264
Ap3b1	-12.136119	-8.6822405
Mta1	-12.269585	-8.815706
Micu3	-12.260668	-8.806789
Pappa2	-18.02638	-14.572503
2900076A07Rik	-13.499172	-10.045294
Virma	-11.992895	-8.539017
Stk25	-11.614563	-8.160685
Ess2	-13.149913	-9.696034
Kras	-11.485111	-8.031233
Atxn2l	-12.099455	-8.6455765
Cenph	-16.927769	-13.47389
Tubb5	-10.015137	-6.561259
Abcf2	-12.234893	-8.781014
4933412O06Rik	-16.984926	-13.531049
Gpr165	-16.104568	-12.65069
Gm2974	-18.431845	-14.977967
Lgals3bp	-13.804425	-10.350547
Trap1	-12.249762	-8.795883
Uqcr10	-9.54606	-6.0921817
Cd52	-18.719528	-15.265651
Frmd4a	-12.941876	-9.487998
Stard4	-13.684743	-10.230865
Ptms	-8.496376	-5.042498
Smco4	-11.692805	-8.238927
Gm16302	-18.719528	-15.265651
Nat8f1	-13.814254	-10.360375
App	-9.65275	-6.1988726
Mta2	-12.534693	-9.080814
Cit	-18.208702	-14.754825
Mtch2	-11.282518	-7.8286405
Gm11934	-17.179083	-13.725205
Cntnap2	-15.906117	-12.452239
Gpat4	-12.722247	-9.268369
Csnk1g3	-12.198417	-8.744538
Mettl14	-12.95225	-9.498371
Kdelr2	-10.944392	-7.4905143
Nox4	-9.898436	-6.4445577
Naca	-8.627558	-5.17368
Gm12359	-14.89816	-11.444282
Erh	-11.290403	-7.8365254
Tbc1d1	-12.007382	-8.553504
Gm13134	-16.522303	-13.068425
Ptch1	-13.0670395	-9.613161
Dhx58	-16.384153	-12.930275
Gm49077	-15.628486	-12.174607
Ccpg1	-11.090038	-7.6361604
Tmem242	-11.942262	-8.488383
Abca6	-13.932036	-10.478158
Gm17066	-14.00401	-10.550132
Gm9939	-18.431845	-14.977967
Mbtps2	-13.434634	-9.980756
Nudt5	-12.854005	-9.400126
Ptpa	-11.806123	-8.352244
Tcerg1	-11.691031	-8.237153
Axin2	-14.647656	-11.193778
Rrs1	-12.768018	-9.314139
Mtln	-10.897217	-7.443339
Ccr5	-18.431845	-14.977967
Sp1	-11.797871	-8.343992
Dpep1	-17.515554	-14.061677
Sirt6	-13.963069	-10.509191
Nos1	-18.719528	-15.265651
P4ha3	-18.02638	-14.572503
Safb	-11.775763	-8.321884
Klhl23	-12.628219	-9.17434
Zfp72	-14.0687475	-10.614869
Prickle4	-16.416943	-12.963065
Gm17249	-15.989499	-12.535621
Nme5	-14.560645	-11.106767
Cdhr3	-19.81814	-16.364264
Hmg20b	-10.932008	-7.47813
Acvrl1	-12.250795	-8.796917
B4galnt1	-17.179083	-13.725205
Txlng	-12.934678	-9.4808
Dlx2	-18.02638	-14.572503
Fam131c	-18.02638	-14.572503
Ltn1	-12.088406	-8.634527
Gm26708	-19.124992	-15.671115
Cdyl2	-14.456849	-11.002971
Fancf	-14.304712	-10.850834
Gm12827	-19.81814	-16.364264
Ccdc124	-11.022104	-7.5682263
Trmt1	-12.45613	-9.002252
Cep57l1	-13.2060995	-9.752221
Retreg3	-13.188778	-9.7348995
Impad1	-11.09866	-7.6447825
Rpl34	-7.9970613	-4.543184
Sgip1	-14.4428625	-10.988984
Pax1	-17.620916	-14.167038
C1rl	-14.14826	-10.694382
1700086O06Rik	-14.636357	-11.182479
B230354K17Rik	-13.21014	-9.756262
Slc38a8	-19.81814	-16.364264
1700095J03Rik	-16.822409	-13.36853
Hspb8	-11.059886	-7.606008
Fyn	-14.028181	-10.574303
Arhgap20	-16.05694	-12.603063
Tmem47	-10.366896	-6.9130177
Cd47	-10.666384	-7.212506
BC005624	-11.385852	-7.931974
Gm48882	-13.84179	-10.387912
Fuom	-12.238973	-8.785094
Gm31251	-19.124992	-15.671115
Prpf38b	-11.246839	-7.7929606
Ctso	-12.726398	-9.27252
Gpha2	-18.719528	-15.265651
Wnk2	-17.333233	-13.879355
Cactin	-13.444821	-9.990943
Ranbp3	-12.51228	-9.058402
Dnaic1	-19.81814	-16.364264
Dennd4a	-12.683249	-9.229371
Qsox1	-10.504973	-7.0510955
Uqcc2	-10.386579	-6.9327006
Tusc2	-12.354204	-8.900326
Snhg1	-11.955258	-8.50138
Pbdc1	-11.944543	-8.4906645
Gm50023	-18.208702	-14.754825
Ntn4	-13.029169	-9.575291
Nfil3	-11.92196	-8.468081
Hsf4	-15.164181	-11.710302
Gm2479	-18.719528	-15.265651
Galr2	-18.02638	-14.572503
Gm12500	-15.20302	-11.749142
Ctnnd1	-11.475778	-8.021899
AU040320	-13.59755	-10.143672
Gpr21	-14.36282	-10.908941
3425401B19Rik	-13.995095	-10.541217
Oxct1	-9.356839	-5.9029613
Mlf2	-10.316699	-6.862821
Rps6kc1	-13.684743	-10.230865
Trp53rkb	-14.141387	-10.687509
Herc6	-13.654826	-10.200948
Gm42846	-17.620916	-14.167038
2510017J16Rik	-15.047456	-11.593577
2810468N07Rik	-14.587032	-11.133154
Gm40477	-17.620916	-14.167038
Dmxl1	-11.618676	-8.164798
Gabarapl1	-10.943133	-7.4892554
Gm16973	-15.24343	-11.789552
Sp140	-13.049647	-9.595769
Map2k3os	-13.957355	-10.503476
E330009J07Rik	-14.781188	-11.32731
Eri1	-13.151184	-9.697306
B9d2	-12.44791	-8.994032
Gm3892	-15.886315	-12.432437
Aifm1	-12.259103	-8.805224
4930524O07Rik	-17.179083	-13.725205
Tmem156	-19.124992	-15.671115
Bcas3	-12.486425	-9.032547
Prkab1	-13.4279	-9.974022
Shpk	-15.145312	-11.691434
Gpx7	-11.804797	-8.350919
Nt5e	-18.719528	-15.265651
Rbfox2	-10.867219	-7.413341
Gm49172	-17.738699	-14.2848215
Khdrbs1	-11.425378	-7.9715
Mea1	-11.633906	-8.180028
Tmprss9	-16.599264	-13.145387
Hint3	-11.701426	-8.247547
Ccdc125	-17.045551	-13.591674
BC051226	-13.671811	-10.217933
Gm20468	-18.02638	-14.572503
Gm49041	-14.820929	-11.36705
Napg	-11.77705	-8.323172
Trim66	-18.719528	-15.265651
Hlf	-11.506496	-8.052618
Ppp2r5c	-11.264422	-7.8105445
Guca1b	-15.06455	-11.610672
Tesk2	-14.619644	-11.165766
Gm17139	-19.81814	-16.364264
Rbm4	-12.935703	-9.481825
Sh3kbp1	-13.834205	-10.380326
Rps19bp1	-11.952569	-8.498691
Eif1a	-11.703517	-8.249639
Lemd3	-13.09792	-9.644042
Gm49894	-18.208702	-14.754825
Pxn	-13.23335	-9.779471
Srp54a	-12.315403	-8.861525
Gm26614	-14.292687	-10.838809
Gm49223	-18.719528	-15.265651
Atg9b	-19.124992	-15.671115
Gm27222	-18.208702	-14.754825
Nyx	-17.253191	-13.799314
Cdc123	-11.76489	-8.311011
Ftl1-ps1	-14.807506	-11.353627
Foxo6	-14.905486	-11.451608
Nrn1	-15.691007	-12.237128
Mospd2	-12.601431	-9.1475525
Arsk	-12.911386	-9.457507
Sppl2a	-11.55584	-8.101961
Npy1r	-10.209159	-6.755281
Plb1	-13.155008	-9.70113
Ankrd42	-15.183412	-11.729533
Gm35371	-16.104568	-12.65069
Cecr2	-19.124992	-15.671115
Aacs	-13.735922	-10.282043
Egln2	-11.696958	-8.243079
Rbm11	-16.560043	-13.106166
Acad9	-13.126057	-9.672178
Plcb1	-11.620602	-8.166723
Ss18l1	-15.073209	-11.61933
Ovgp1	-16.522303	-13.068425
Slc5a6	-14.706153	-11.2522745
Gm15344	-18.02638	-14.572503
Aqp11	-14.712195	-11.258317
Hist1h2ad	-19.81814	-16.364264
Tspan5	-11.30596	-7.852082
Champ1	-13.043917	-9.590038
Abhd2	-12.779357	-9.325479
Hist1h2ap	-13.404682	-9.950804
D630036H23Rik	-16.104568	-12.65069
Etfb	-10.675223	-7.2213454
Cotl1	-15.691007	-12.237128
4930570G19Rik	-17.620916	-14.167038
Zfp931	-12.719765	-9.265886
Catsper2	-16.03395	-12.580072
Tmx4	-11.099641	-7.645763
Reep3	-10.573786	-7.119908
Hspb7	-9.901243	-6.4473653
Gm38251	-19.81814	-16.364264
Fam217a	-18.431845	-14.977967
Eogt	-13.3108635	-9.856985
Gm45494	-15.886315	-12.432437
Gns	-11.577756	-8.123878
Pycr2	-12.042026	-8.588147
Cep164	-12.469553	-9.015675
Zfp830	-12.376234	-8.922356
Chrnb2	-18.719528	-15.265651
Spcs1	-10.418255	-6.964377
Ankrd52	-13.893885	-10.440006
Ap2b1	-11.770311	-8.316433
Nphs1	-15.886315	-12.432437
Sphk1	-14.519823	-11.065945
Izumo4	-12.3000765	-8.846198
Gm29112	-18.431845	-14.977967
Gm16183	-19.124992	-15.671115
Mxd3	-18.719528	-15.265651
Zc3h8	-14.007	-10.553122
Mkrn3	-16.485935	-13.032058
Cyp2s1	-19.124992	-15.671115
Tpi1	-10.051332	-6.5974545
Pura	-10.215961	-6.7620835
Eloc	-10.589665	-7.1357875
Ccdc189	-15.584034	-12.130156
Kcnmb1	-10.357509	-6.9036307
Emc1	-12.531264	-9.077386
Lamtor2	-10.255455	-6.801577
Tmem245	-11.751619	-8.297741
Top2a	-16.727098	-13.27322
Zfp658	-15.06455	-11.610672
Cntnap1	-14.876498	-11.42262
Oaz2	-11.192632	-7.738754
Cystm1	-11.58331	-8.129432
Rfx1	-14.019048	-10.565169
Col1a1	-9.317906	-5.864029
Gm43063	-19.81814	-16.364264
Zmym2	-12.044967	-8.591088
Adgrb3	-19.124992	-15.671115
Msh6	-13.479547	-10.025668
Dhrs13os	-15.775089	-12.321211
Gm21860	-13.691272	-10.237393
Zfp90	-13.554743	-10.100864
Gm17753	-17.620916	-14.167038
Oat	-9.503571	-6.0496926
Ifnar2	-11.332644	-7.8787665
Gm1141	-18.208702	-14.754825
Tnfrsf14	-18.431845	-14.977967
Wdr76	-14.05295	-10.5990715
A330074K22Rik	-18.02638	-14.572503
Eif2b3	-12.545742	-9.091864
Edc4	-12.654194	-9.200315
Tuba4a	-13.0919075	-9.638029
1500004A13Rik	-12.994855	-9.540977
Nfatc2	-16.773619	-13.31974
Cklf	-14.216022	-10.762143
Top1mt	-13.84179	-10.387912
Eya3	-13.556649	-10.102771
Gtpbp8	-13.199402	-9.745523
Anapc2	-11.941123	-8.487245
Ndfip1	-10.281956	-6.828078
Pprc1	-13.369251	-9.915373
Gm16059	-17.738699	-14.2848215
Gm48696	-19.124992	-15.671115
Rin2	-11.392186	-7.9383082
Arhgap1	-12.132438	-8.678559
Gm10614	-17.420244	-13.966367
Gm13496	-17.179083	-13.725205
Rnf113a2	-13.470752	-10.016873
Lsm5	-11.584903	-8.131024
Kirrel3os	-19.124992	-15.671115
Foxj3	-12.459947	-9.006068
Pnck	-11.717373	-8.2634945
Gm14434	-17.333233	-13.879355
Eif3k	-9.9717	-6.517822
Chn1	-14.862314	-11.408436
Ier2	-10.739162	-7.2852845
Nsun2	-12.545048	-9.091169
Map1b	-8.735475	-5.281597
Gm43714	-16.822409	-13.36853
Mia3	-11.227325	-7.7734475
Naaladl2	-14.107714	-10.653835
Fbxo22	-11.717979	-8.264101
Synj1	-12.943942	-9.490064
Gsdmd	-15.500652	-12.046774
Tmem51	-13.455112	-10.001234
Gm43660	-15.740603	-12.286725
Fam71e1	-15.352233	-11.898355
Lmtk3	-15.810807	-12.356929
Zbtb25	-13.995095	-10.541217
Fndc3a	-11.824521	-8.370643
Adcy10	-18.02638	-14.572503
Bbs5	-13.417883	-9.9640045
Poc1a	-14.316882	-10.863004
Gm2115	-19.124992	-15.671115
Tbrg1	-10.533993	-7.080115
Slc9a1	-12.997033	-9.543155
Bbof1	-16.207222	-12.753345
Tbcd	-13.552839	-10.098961
Ngb	-15.448693	-11.994815
Dhx29	-12.718114	-9.2642355
Rbm18	-12.470197	-9.016318
Pde9a	-16.080471	-12.626593
Stn1	-13.5509405	-10.097062
9330198I05Rik	-18.719528	-15.265651
Mboat1	-14.876498	-11.42262
Nrip1	-11.286059	-7.8321815
Gsr	-12.331528	-8.877649
Cpt2	-13.254285	-9.800406
Fbxl21	-15.4614315	-12.007553
Txn2	-11.145142	-7.6912637
Smim13	-12.372139	-8.918261
Ccdc58	-13.055411	-9.601533
Cyp4f14	-14.950606	-11.496728
Nomo1	-12.120111	-8.666233
Ppp1r10	-11.442281	-7.988403
Eif3l	-11.212753	-7.7588754
Bmp8a	-18.208702	-14.754825
Bptf	-10.827949	-7.3740706
Zfp68	-12.301164	-8.847285
Kcnmb4	-18.02638	-14.572503
Olfr212	-16.560043	-13.106166
Rell1	-13.187457	-9.733579
Amigo2	-12.334334	-8.880456
Reep1	-13.495576	-10.0416975
Cul1	-11.086481	-7.632603
Ndufa3	-10.1444435	-6.6905656
Slc10a7	-13.338097	-9.884218
Ube2ql1	-17.253191	-13.799314
Gm12802	-15.233173	-11.779295
Vgf	-19.81814	-16.364264
Rab35	-12.303886	-8.850008
Gm15243	-19.81814	-16.364264
Tbc1d22b	-13.989195	-10.535316
Lyrm7	-15.136009	-11.682131
Apba1	-13.481315	-10.027436
Hoxd4	-15.411422	-11.957543
Pou2f3	-16.560043	-13.106166
Mtch1	-10.5483055	-7.0944276
Gm16364-1	-15.20302	-11.749142
E230032D23Rik	-19.124992	-15.671115
Gm45218	-18.208702	-14.754825
Siah1a	-12.270639	-8.816761
Mroh1	-12.848351	-9.394472
Zfp185	-15.675006	-12.2211275
Tcp11l1	-14.00401	-10.550132
Tmed2	-10.461279	-7.007401
Zfp937	-14.950606	-11.496728
Synm	-11.68338	-8.229502
Eml4	-12.935703	-9.481825
Taf1c	-14.300688	-10.846809
8030442B05Rik	-18.02638	-14.572503
Gm47079	-19.81814	-16.364264
Gm50209	-18.719528	-15.265651
Alg10b	-12.811445	-9.357567
Lamp1	-9.327061	-5.8731833
Coro1c	-11.184053	-7.7301755
Mapk1	-11.48199	-8.028111
Brix1	-12.053844	-8.599966
Spx	-18.208702	-14.754825
9130221H12Rik	-14.358555	-10.904676
1700123M08Rik	-14.565867	-11.111989
Cct3	-10.984096	-7.5302176
1110019B22Rik	-18.208702	-14.754825
Gm37240	-15.792789	-12.338911
Lrpap1	-10.570504	-7.1166263
Dock7	-11.6746235	-8.220745
Tmem147	-11.261726	-7.8078485
Hdhd5	-14.614134	-11.160255
1700022H01Rik	-17.333233	-13.879355
Usf3	-12.488391	-9.0345125
Gm32849	-18.208702	-14.754825
Osgepl1	-13.146108	-9.692229
Mgst1	-11.749111	-8.295233
BC026513	-16.822409	-13.36853
Rpl37a	-7.573746	-4.1198688
Fubp3	-12.576058	-9.12218
Gm26910	-14.587032	-11.133154
Gm35439	-18.431845	-14.977967
Ncbp2	-11.752875	-8.298997
Crlf1	-12.90341	-9.449532
Snhg3	-11.741004	-8.287126
Cd63	-8.925372	-5.471494
C1d	-11.341978	-7.8881
Gm19391	-15.274846	-11.820968
Mb	-17.620916	-14.167038
Tulp4	-11.473161	-8.019282
Sarm1	-17.045551	-13.591674
Gm47920	-17.620916	-14.167038
Hs2st1	-13.21014	-9.756262
Gltp	-12.10973	-8.655851
Pcdhga4	-16.180553	-12.726676
Orc1	-18.431845	-14.977967
Ovca2	-15.352233	-11.898355
Cdon	-13.006896	-9.553018
Gm42031	-17.420244	-13.966367
Ipo11	-14.034315	-10.580437
Cnga4	-19.81814	-16.364264
Faap20	-11.736048	-8.282169
Ndufs8	-10.988768	-7.5348897
Gm12258	-14.927792	-11.473913
Mrm2	-13.619662	-10.165784
Tmub2	-12.700935	-9.247057
Ackr4	-19.124992	-15.671115
2310043M15Rik	-19.124992	-15.671115
Eps8	-17.179083	-13.725205
Gm11665	-15.989499	-12.535621
Dtwd1	-13.280001	-9.826122
Brat1	-14.162149	-10.708271
Abhd5	-12.523085	-9.069206
Tekt3	-16.682646	-13.228768
Cip2a	-15.757698	-12.30382
Zfp93	-14.730544	-11.276666
Cdk17	-13.061209	-9.60733
Gm14705	-16.822409	-13.36853
Tceanc2	-12.781992	-9.328114
4921514A10Rik	-18.208702	-14.754825
Spry1	-13.38199	-9.928112
4933408B17Rik	-15.866897	-12.413018
Tpst2	-12.836206	-9.382328
Fam169b	-15.363793	-11.909915
Msi2	-10.851657	-7.397779
Pcdhga6	-14.814195	-11.360316
Npepl1	-11.663641	-8.209763
Bbs2	-13.607541	-10.153663
BC034090	-14.950606	-11.496728
Cfap53	-16.416943	-12.963065
Gm26801	-19.124992	-15.671115
Adam33	-11.635861	-8.181983
Vtcn1	-14.787703	-11.333824
Ephb1	-14.749237	-11.295359
Stk3	-12.146314	-8.692435
Pdzrn4	-12.515644	-9.061766
Myl6	-6.460629	-3.0067515
Ric8a	-12.204322	-8.750443
Ywhaq	-9.879817	-6.425939
9230112D13Rik	-16.080471	-12.626593
Gm15562	-16.927769	-13.47389
Rps8	-7.5750175	-4.12114
Catspere2	-16.129261	-12.675383
Gm10575	-15.099642	-11.645763
Ifi44	-19.124992	-15.671115
Gm47248	-18.431845	-14.977967
Gm13830	-15.030649	-11.576771
Caskin2	-12.987267	-9.533388
Pdcd10	-10.554449	-7.100571
Was	-19.124992	-15.671115
5031439G07Rik	-13.370835	-9.916957
Edem2	-13.133529	-9.67965
Hdac5	-11.580662	-8.126783
Lratd2	-15.555461	-12.101583
Zfp839	-13.806873	-10.352995
Scly	-13.625778	-10.1719
Ccl17	-18.02638	-14.572503
Rassf4	-13.082361	-9.628483
Arhgap35	-12.337712	-8.883834
Acvr1	-12.644182	-9.190304
Gm9913	-15.810807	-12.356929
Extl2	-12.908387	-9.454509
Gipc2	-12.774108	-9.32023
Gm20535	-18.719528	-15.265651
Gm29591	-18.02638	-14.572503
Exosc2	-13.448239	-9.994361
Vps16	-12.861595	-9.407717
Kmt2a	-10.970637	-7.5167594
Vmn1r88	-19.124992	-15.671115
Sqle	-12.710715	-9.256837
Jph4	-14.00401	-10.550132
Mcl1	-10.598247	-7.1443686
Slc46a3	-14.768285	-11.314406
Tamm41	-14.3500805	-10.896202
Gm16105	-19.124992	-15.671115
Tmem79	-15.659258	-12.2053795
Adgrf4	-18.431845	-14.977967
Fzd9	-17.515554	-14.061677
Atf2	-11.867286	-8.413407
1700064H15Rik	-19.124992	-15.671115
Ldlrap1	-13.099128	-9.645249
Midn	-12.190109	-8.736231
Sfxn3	-11.932435	-8.478557
Kifc3	-13.48842	-10.034541
Sgpl1	-13.47602	-10.022141
Lsp1	-12.523764	-9.069885
Gm34885	-18.719528	-15.265651
Git2	-12.342235	-8.888356
Zfp984	-14.00401	-10.550132
Gm47162	-19.124992	-15.671115
Abhd16a	-11.593441	-8.139563
Rnf19a	-11.666519	-8.212641
Dock3	-17.515554	-14.061677
Tjp2	-12.43229	-8.978412
Nxpe3	-15.628486	-12.174607
Gm16685	-19.124992	-15.671115
Ubxn11	-16.560043	-13.106166
Gm50092	-18.719528	-15.265651
Il11ra1	-9.574687	-6.120809
Gm14393	-17.420244	-13.966367
Cdk14	-13.678256	-10.224378
Gm2000	-12.43105	-8.977172
Dop1b	-13.306396	-9.852517
Timm8a2	-19.81814	-16.364264
Gm15247	-16.29178	-12.837902
Zbtb10	-12.905398	-9.45152
Smim41	-15.829157	-12.375278
5430402O13Rik	-15.223021	-11.769142
Gli3	-13.570098	-10.1162195
Cstb	-10.857545	-7.403667
Dll4	-19.81814	-16.364264
Tab2	-11.494775	-8.040896
Stoml1	-12.890583	-9.436705
Pdgfa	-10.53158	-7.077702
Atp6v1c1	-11.987318	-8.53344
Gm50138	-18.208702	-14.754825
Sptssb	-18.431845	-14.977967
Eif2b5	-12.42242	-8.968541
Lime1	-19.124992	-15.671115
Myom2	-19.81814	-16.364264
Firre	-13.362943	-9.909064
Ms4a4c	-19.81814	-16.364264
Slc25a32	-12.958526	-9.504647
Slc9b1	-17.253191	-13.799314
Ero1lb	-14.04359	-10.589711
Gm29100	-19.124992	-15.671115
Cmpk1	-11.5913	-8.137422
Gm45591	-17.738699	-14.2848215
Bnip3l	-10.7558365	-7.3019586
Lcmt2	-14.121047	-10.667169
Rgs19	-13.684743	-10.230865
Tsc22d4	-10.85716	-7.4032817
Nptx2	-14.688242	-11.234364
Spopl	-12.406585	-8.952706
Gm20705	-16.640087	-13.186209
Usp47	-11.374809	-7.9209313
A930024E05Rik	-17.87223	-14.418353
Bsdc1	-12.591205	-9.137326
Rps6kb2	-13.139799	-9.685921
Dnm3	-14.540027	-11.086148
Tagln2	-9.140409	-5.686532
Ubtf	-11.426965	-7.973087
Fbxl12	-13.467255	-10.013376
Tigd3	-18.431845	-14.977967
Snapc5	-11.235909	-7.7820315
Gm11672	-18.719528	-15.265651
A630009H07Rik	-16.15458	-12.700701
Il17re	-17.620916	-14.167038
Hsbp1l1	-15.989499	-12.535621
Naa38	-11.013515	-7.5596375
Selenof	-9.6046715	-6.1507936
Gm11444	-16.560043	-13.106166
Pdcd2l	-12.7082615	-9.254383
2310033P09Rik	-12.173222	-8.719343
Gm13293	-15.989499	-12.535621
Tmem243	-12.90341	-9.449532
Olfr325	-17.738699	-14.2848215
Dmac2	-13.288722	-9.834844
Mir100hg	-11.248734	-7.7948565
Snx14	-12.265903	-8.812025
Nudt16	-12.955383	-9.501505
Gm12031	-17.738699	-14.2848215
Pim2	-14.659085	-11.205207
Tspan6	-12.502257	-9.048379
9330154J02Rik	-17.420244	-13.966367
Otoa	-18.431845	-14.977967
Spata2	-13.5377445	-10.083866
Lamtor3	-11.231049	-7.7771707
Cachd1	-13.759018	-10.30514
Gm49767	-15.10861	-11.654732
Gm47043	-18.431845	-14.977967
Hook1	-17.253191	-13.799314
Vamp4	-12.44917	-8.995292
Hmgb1	-9.165291	-5.7114134
Nemf	-11.420181	-7.9663033
Gm14410	-15.541474	-12.087596
Fam114a1	-11.288821	-7.8349433
Gm49164	-16.180553	-12.726676
Pard6a	-13.031424	-9.577545
Zw10	-13.149913	-9.696034
Gm49694	-17.515554	-14.061677
Zfp458	-14.814195	-11.360316
A830005F24Rik	-17.11009	-13.656212
Gm14168	-15.886315	-12.432437
Hipk3	-11.191017	-7.737139
Phyhipl	-17.179083	-13.725205
Mgat4b	-12.460585	-9.006706
Zfp948	-12.954337	-9.500459
Armcx5	-13.155008	-9.70113
Gm15234	-17.87223	-14.418353
Lyl1	-16.080471	-12.626593
Adam28	-19.124992	-15.671115
Wdr73	-13.659045	-10.205167
Rpl22l1	-9.444087	-5.990209
Dbnl	-11.863418	-8.409539
Il6ra	-15.757698	-12.30382
Eps15	-12.296282	-8.842403
Maneal	-17.420244	-13.966367
Per3	-11.882553	-8.428675
Mak16	-12.527848	-9.07397
Sirpa	-14.14826	-10.694382
Usp3	-12.414471	-8.960592
Ddx23	-12.652647	-9.198769
Rbm20	-14.597785	-11.143907
Tmeff2	-16.234621	-12.780744
A4galt	-12.804225	-9.350347
Ntrk2	-13.167862	-9.713984
Hsd17b2	-19.81814	-16.364264
Serpind1	-19.124992	-15.671115
B130055M24Rik	-15.363793	-11.909915
Map2k3	-11.497693	-8.043815
Coch	-17.87223	-14.418353
Dusp3	-10.625557	-7.171679
A930012O16Rik	-14.942944	-11.489065
Ing2	-12.308258	-8.85438
Rai2	-15.039018	-11.585139
Adgrv1	-17.87223	-14.418353
Gpr171	-18.208702	-14.754825
Celf2	-10.286442	-6.832564
Dynlt1f	-14.288712	-10.834833
Terf2ip	-12.500928	-9.0470495
Fbln5	-9.070008	-5.616131
Il6	-19.81814	-16.364264
Elob	-9.070503	-5.6166253
4930413F20Rik	-16.29178	-12.837902
Bcar1	-12.981881	-9.528003
9330159M07Rik	-13.742795	-10.288917
AC109619.1	-14.456849	-11.002971
Eps8l1	-14.958328	-11.50445
Zgpat	-12.920436	-9.4665575
Sardh	-13.227839	-9.773961
Mtmr12	-13.396519	-9.94264
Cgrrf1	-11.847055	-8.393177
Vars	-12.6006975	-9.146819
Borcs8	-11.853638	-8.399759
Ttf2	-14.509873	-11.055995
Pigv	-13.689091	-10.235212
Zmym3	-13.114953	-9.661075
Rad51d	-13.11741	-9.663531
Unc79	-19.81814	-16.364264
Atp6v0e2	-13.636056	-10.182178
Batf	-19.124992	-15.671115
Gm21781	-15.946939	-12.493061
Gbf1	-11.762348	-8.30847
Usp33	-12.541584	-9.087706
Kdm1b	-14.0848	-10.630921
Mzt2	-12.517668	-9.063789
Tmem132c	-19.124992	-15.671115
Cpox	-12.620706	-9.166827
Gm26576	-19.81814	-16.364264
Nr4a2	-11.677534	-8.223656
Rara	-13.599541	-10.145662
Trim3	-12.767151	-9.313272
Tmem252	-16.207222	-12.753345
Arhgef26	-15.792789	-12.338911
Fdx2	-11.718587	-8.2647085
Lrtm1	-18.719528	-15.265651
Clcn3	-12.354777	-8.900899
Tln1	-9.594673	-6.140795
Simc1	-14.169167	-10.715288
4930481B07Rik	-16.522303	-13.068425
Foxj1	-16.682646	-13.228768
Iglc2	-16.450844	-12.996966
Cbx2	-15.946939	-12.493061
Eda2r	-16.05694	-12.603063
Strn	-13.13478	-9.680902
Dapp1	-13.422879	-9.969001
C2cd2	-12.105249	-8.651371
Pim3	-12.108384	-8.654506
Gid4	-11.395698	-7.9418197
Jade2	-13.296048	-9.84217
Pvt1	-14.242191	-10.788313
Olfr322	-17.738699	-14.2848215
A130051J06Rik	-15.675006	-12.2211275
Uqcrc2	-10.844916	-7.3910384
Gm28199	-18.719528	-15.265651
Chuk	-12.656519	-9.202641
Snap91	-19.81814	-16.364264
Ctla2b	-18.719528	-15.265651
Sox4	-12.23286	-8.778981
Gm9873	-18.431845	-14.977967
Gtpbp4	-11.641749	-8.187871
Myd88	-13.36767	-9.913792
Amd1	-12.2092705	-8.755392
Zfr	-10.838598	-7.3847203
Esco2	-18.431845	-14.977967
Rnf223	-18.208702	-14.754825
A730036I17Rik	-18.719528	-15.265651
Zfp105	-14.094556	-10.640677
Ccl6	-17.87223	-14.418353
Atg2a	-13.11618	-9.662302
Cnot4	-11.332851	-7.8789735
Etfbkmt	-13.174351	-9.720472
4833422M21Rik	-19.124992	-15.671115
Impact	-12.011444	-8.557566
Fn3k	-14.619644	-11.165766
Mtmr10	-13.633992	-10.180114
3930402G23Rik	-15.474336	-12.020457
2810030D12Rik	-16.984926	-13.531049
Tmem50b	-12.304977	-8.851099
Fst	-13.338097	-9.884218
Prdm6	-11.306966	-7.853088
Rbpj	-11.032449	-7.578571
Fry	-10.7713785	-7.3175006
Epb41l3	-13.995095	-10.541217
Gm43920	-15.886315	-12.432437
Gm47230	-19.81814	-16.364264
Rtkn2	-17.420244	-13.966367
Bsx	-19.81814	-16.364264
Gm38944	-17.738699	-14.2848215
Foxo6os	-16.234621	-12.780744
Gm38398	-17.87223	-14.418353
Mfsd8	-13.570098	-10.1162195
Baiap2l2	-17.11009	-13.656212
Zfhx3	-9.8833	-6.429422
Ltb4r1	-16.682646	-13.228768
Rnf139	-12.49365	-9.039772
H1f0	-11.660483	-8.206605
Arl6ip5	-10.241215	-6.787337
Arfgap3	-12.268532	-8.814653
Rab9b	-14.958328	-11.50445
Cops7b	-13.686914	-10.233036
Jph2	-10.885137	-7.4312587
H2-DMa	-15.740603	-12.286725
AW549877	-11.748798	-8.29492
Pik3c2b	-13.436325	-9.982447
A130077B15Rik	-19.81814	-16.364264
1110032F04Rik	-19.81814	-16.364264
Mastl	-15.233173	-11.779295
Crppa	-14.973953	-11.520075
Mpst	-11.947593	-8.493714
Bik	-11.822834	-8.368956
Gm47766	-16.450844	-12.996966
Zfp39	-14.371404	-10.917525
Fxyd2	-17.515554	-14.061677
Gm41639	-17.87223	-14.418353
Krtcap3	-16.822409	-13.36853
Dars	-11.773193	-8.319315
Slc12a4	-11.926436	-8.472558
Nkiras1	-12.377407	-8.923529
Grin2d	-15.569646	-12.1157675
N4bp2os	-15.375489	-11.921611
Fam210a	-12.767151	-9.313272
Magohb	-12.132438	-8.678559
Catsperg1	-16.180553	-12.726676
Hist2h3c1	-14.55545	-11.101572
Gpr180	-12.080524	-8.626646
Igfbp2	-11.406753	-7.9528747
Ifitm5	-17.11009	-13.656212
Zcchc12	-18.719528	-15.265651
Gga3	-14.00401	-10.550132
Yju2	-13.2829	-9.829021
Gpatch4	-13.108836	-9.654958
Chaf1a	-15.223021	-11.769142
Epgn	-19.124992	-15.671115
Nol3	-14.429069	-10.97519
Kif1bp	-12.047073	-8.593195
Rhbdd2	-13.375601	-9.921722
Jtb	-11.389341	-7.9354634
Atg4c	-13.888552	-10.434673
Ddx55	-13.001405	-9.547526
Armh4	-13.713347	-10.259469
Vwf	-15.3072815	-11.853403
Parp8	-12.35077	-8.896892
Gm6712	-15.274846	-11.820968
Serpinb6c	-19.124992	-15.671115
Gm43190	-18.719528	-15.265651
Adamts20	-19.81814	-16.364264
Gm20442	-18.431845	-14.977967
Ccdc150	-19.124992	-15.671115
0610033M10Rik	-19.81814	-16.364264
Kdm4a	-13.089512	-9.635633
2010315B03Rik	-13.977499	-10.523621
Ppp4c	-12.358802	-8.904923
Vmn2r27	-18.431845	-14.977967
Rad51ap1	-17.333233	-13.879355
Mrps9	-12.1751375	-8.721259
Car14	-17.253191	-13.799314
Lrrtm2	-17.333233	-13.879355
Fxr1	-10.895482	-7.441604
Gm39318	-19.124992	-15.671115
Zswim6	-12.738114	-9.284236
4930452B06Rik	-17.333233	-13.879355
Cse1l	-12.569636	-9.115758
Man1a2	-10.960341	-7.5064635
Sfi1	-13.729095	-10.275217
Slc25a43	-14.227154	-10.773275
Slc9a7	-19.81814	-16.364264
Gm38304	-17.87223	-14.418353
Meak7	-14.424513	-10.970634
Gm16536	-13.303428	-9.849549
Gm27003	-15.886315	-12.432437
Gm17227	-17.620916	-14.167038
Rnf26	-13.1297865	-9.675908
Pet100	-11.383243	-7.9293647
Ung	-15.448693	-11.994815
Nkapd1	-12.40961	-8.955731
Fam131b	-15.792789	-12.338911
Dhx37	-14.2966795	-10.842801
Gm49768	-15.775089	-12.321211
Pdap1	-10.226901	-6.773023
Piwil2	-16.180553	-12.726676
Tenm4	-17.87223	-14.418353
Hpn	-19.124992	-15.671115
Zcchc8	-12.563963	-9.110085
Wdr7	-13.419546	-9.965668
Elobl	-17.253191	-13.799314
Dnajc18	-12.3821125	-8.928234
Cks2	-13.642274	-10.1883955
Rasgrp4	-18.719528	-15.265651
Cnpy2	-10.54248	-7.0886025
Pon2	-11.300148	-7.84627
Ropn1l	-15.723796	-12.2699175
Srsf7	-10.57543	-7.121552
Ccdc60	-14.653355	-11.199476
Afg1l	-14.238411	-10.784533
Gm41664	-17.87223	-14.418353
Bbs10	-15.352233	-11.898355
Pgbd5	-17.87223	-14.418353
Kifc2	-14.659085	-11.205207
Ubxn4	-10.730534	-7.2766557
C230035I16Rik	-16.080471	-12.626593
Gm32352	-14.614134	-11.160255
Slc27a3	-14.855296	-11.401418
Lap3	-11.676078	-8.222199
Cldn2	-19.81814	-16.364264
Creb1	-11.933941	-8.4800625
5430427O19Rik	-16.522303	-13.068425
Tpp2	-12.079217	-8.625339
Oscp1	-13.513692	-10.0598135
Rpl14	-8.527896	-5.0740185
Eme2	-14.592394	-11.138515
Ccdc42	-11.32873	-7.8748517
Btbd11	-14.950606	-11.496728
Tlx3	-19.124992	-15.671115
Msto1	-13.532143	-10.078264
Cox17	-10.009514	-6.555636
Trim16	-14.0467	-10.592821
Gldc	-18.719528	-15.265651
Fchsd2	-11.630008	-8.176129
Cstf1	-13.601535	-10.147656
Herc1	-11.618952	-8.165073
Tmem254a	-15.17375	-11.7198715
Hoxc4	-17.333233	-13.879355
Hnrnpa2b1	-9.90154	-6.447662
Itgb7	-18.719528	-15.265651
Tbc1d2	-16.640087	-13.186209
Gm17705	-17.87223	-14.418353
Gm42670	-14.800861	-11.346983
Zfp235	-13.9862585	-10.53238
Znrd2	-11.889734	-8.435856
Nbea	-12.393975	-8.940097
Enpp6	-15.3072815	-11.853403
Nosip	-12.069249	-8.615371
Gm30984	-14.834534	-11.380655
4930509E16Rik	-18.719528	-15.265651
Mybpc2	-15.02235	-11.568472
Slc27a1	-13.11741	-9.663531
Serpinb6a	-10.234446	-6.7805676
1810024B03Rik	-13.3835945	-9.929716
Wdr34	-13.613583	-10.159704
Mrc1	-17.420244	-13.966367
Snx21	-12.291962	-8.838083
Ap2a1	-11.68426	-8.230382
Cx3cl1	-14.466283	-11.012404
Zbtb8a	-13.893885	-10.440006
Ywhag	-11.557131	-8.103252
Mtr	-12.978664	-9.524786
Dennd6b	-14.883667	-11.429789
Man2a1	-12.116036	-8.662158
Gm12737	-19.81814	-16.364264
Polr1b	-14.304712	-10.850834
Ctdnep1	-12.083582	-8.6297035
Rev1	-12.592659	-9.138781
Prickle3	-13.558559	-10.104681
Taf8	-13.451671	-9.997792
Stag2	-11.115298	-7.6614203
Ptcd3	-12.892546	-9.438667
Cd22	-19.81814	-16.364264
Plekhf2	-12.687242	-9.233363
Myef2	-12.407189	-8.953311
Fam220a-1	-14.529874	-11.075995
Sae1	-11.727126	-8.273248
Hsp90aa1	-8.814958	-5.36108
Slc25a13	-16.104568	-12.65069
AI429214	-15.643753	-12.189875
Sh3bgr	-9.303991	-5.8501134
Dock1	-12.096792	-8.642914
Gna12	-12.0171585	-8.56328
Igf2r	-12.121019	-8.667141
Gm12707	-18.208702	-14.754825
Maats1	-19.81814	-16.364264
Gtpbp10	-13.404682	-9.950804
BC024978	-14.325079	-10.871201
Ccdc69	-12.6029005	-9.149022
1500011B03Rik	-12.984032	-9.530153
Itpripl2	-11.558942	-8.105063
Map11	-13.836726	-10.382848
Nfib	-9.423102	-5.9692245
Josd2	-11.15529	-7.7014117
Wdr11	-13.162701	-9.708822
2210016F16Rik	-11.755708	-8.301829
Fpgs	-13.673955	-10.220077
Gm5464	-17.179083	-13.725205
Commd4	-11.798528	-8.344649
Gm49838	-17.738699	-14.2848215
Slc5a8	-17.045551	-13.591674
Zcchc24	-11.596125	-8.142246
Tbc1d4	-14.749237	-11.295359
Axdnd1	-18.431845	-14.977967
Arl8a	-11.74661	-8.292731
Ak5	-17.738699	-14.2848215
Trim63	-16.560043	-13.106166
Smtnl2	-15.584034	-12.130156
Dclk1	-13.747403	-10.293525
Rptor	-12.960627	-9.506748
Bcl2l12	-12.579644	-9.125766
Zcchc17	-11.437225	-7.9833474
Glt28d2	-13.58963	-10.135752
Siglec1	-19.124992	-15.671115
Tmem40	-18.431845	-14.977967
Stoml2	-11.664216	-8.210338
D030051J21Rik	-16.773619	-13.31974
Ccnj	-14.997859	-11.543981
Cacna2d2	-17.179083	-13.725205
Naga	-12.613248	-9.159369
Heatr3	-13.011312	-9.557433
Tlk1	-11.46842	-8.014542
Ubn1	-11.549152	-8.095274
Gas7	-14.636357	-11.182479
Atg16l2	-12.773235	-9.319357
Ube2e2	-12.435394	-8.981516
Exosc9	-12.553411	-9.099532
Ier5l	-12.05597	-8.602092
Fam76a	-11.174667	-7.7207894
Cr1l	-11.414116	-7.960238
Gm1976	-14.216022	-10.762143
C330002G04Rik	-17.515554	-14.061677
Catsper3	-17.11009	-13.656212
Stx17	-12.336585	-8.882707
Kremen1	-13.508223	-10.054344
Lysmd3	-11.934318	-8.480439
Kif1a	-12.874054	-9.420176
Kmt5a	-10.8281975	-7.3743196
Agbl5	-14.862314	-11.408436
Arsb	-13.055411	-9.601533
Nfya	-12.825126	-9.371247
Myom1	-9.803782	-6.3499045
Muc19	-18.02638	-14.572503
Focad	-13.875341	-10.421463
Tex9	-13.611565	-10.157686
Rnaseh1	-12.888624	-9.434746
Tmem123	-11.226026	-7.7721477
Ptges2	-12.886669	-9.432791
B130024G19Rik	-15.375489	-11.921611
Smcr8	-13.932036	-10.478158
Gm48508	-19.81814	-16.364264
Gm37422	-17.620916	-14.167038
Smad6	-12.381523	-8.927645
Gm47664	-13.907344	-10.453465
Timm8a1	-12.9564295	-9.502551
Gm12676	-15.527681	-12.073803
Fastkd1	-13.659045	-10.205167
Cds1	-15.264264	-11.810386
Gm50241	-18.719528	-15.265651
Dnajc9	-12.727231	-9.273353
Pced1b	-14.208669	-10.75479
Tmtc2	-11.862365	-8.408486
Ndel1	-11.584372	-8.130493
Pcdhb10	-18.719528	-15.265651
Fam118a	-12.370389	-8.916511
1700012D14Rik	-14.078348	-10.62447
Tmem177	-14.388795	-10.9349165
Arap2	-11.584372	-8.130493
Pf4	-16.207222	-12.753345
Romo1	-9.778812	-6.3249345
Metap1	-12.646484	-9.192606
Abat	-12.312649	-8.85877
Cd209a	-19.81814	-16.364264
Usb1	-13.932036	-10.478158
Gm2464	-19.81814	-16.364264
Cfap410	-13.195404	-9.741526
Pdzd9	-16.262793	-12.808914
Gm31693	-17.87223	-14.418353
Adamtsl1	-15.030649	-11.576771
2410018L13Rik	-16.984926	-13.531049
1700084E18Rik	-15.967993	-12.514114
Plekhm3	-13.26849	-9.814611
Dusp1	-9.52776	-6.0738816
Mapkap1	-11.844641	-8.390762
Cd44	-12.664307	-9.210428
Tsr3	-12.901425	-9.447547
Tec	-15.967993	-12.514114
Gm29797	-18.208702	-14.754825
Gm28229	-15.775089	-12.321211
Ciao2a	-12.275397	-8.821519
Paqr7	-14.022083	-10.568205
Rtca	-12.712355	-9.258476
Pla2g4e	-16.129261	-12.675383
Smg6	-11.647389	-8.193511
Gm49476	-19.81814	-16.364264
Has2os	-19.81814	-16.364264
Ccnd2	-9.718922	-6.265044
Mcrip2	-12.97226	-9.518382
Gtf2b	-11.799845	-8.345966
Slc39a12	-19.81814	-16.364264
Ywhab	-10.056044	-6.6021657
Efemp2	-11.025591	-7.571713
Bcl2l10	-19.81814	-16.364264
Mkx	-16.927769	-13.47389
Wif1	-10.6132145	-7.1593366
Plekha4	-15.514075	-12.060197
Rpf1	-12.324823	-8.870945
Rasa3	-13.821689	-10.36781
Angpt2	-11.826549	-8.37267
Ancv1r	-18.208702	-14.754825
Galnt18	-14.121047	-10.667169
Gm128	-16.011478	-12.5576
0610009B22Rik	-12.164646	-8.710768
Aptx	-12.8168955	-9.363017
Gorasp2	-11.46653	-8.012651
Gja4	-13.826676	-10.372798
1700093K21Rik	-18.02638	-14.572503
Irgm2	-14.834534	-11.380655
Gm36033	-16.129261	-12.675383
Naa60	-12.795273	-9.341394
Trappc6b	-11.086481	-7.632603
Meox1	-19.81814	-16.364264
Cdc37	-10.333052	-6.8791738
Hmgcs1	-11.685141	-8.231262
Gm15063	-17.11009	-13.656212
Creb3l2	-10.780607	-7.3267293
Ppp2r1a	-11.04553	-7.5916524
Pspn	-19.124992	-15.671115
Stk10	-13.745096	-10.291218
Nabp2	-11.670853	-8.216974
Rnpc3	-12.568926	-9.115047
Slc9b2	-13.893885	-10.440006
Gm30624	-19.124992	-15.671115
Gm15537	-18.208702	-14.754825
Gm49357	-19.124992	-15.671115
Bod1	-11.208186	-7.754308
Zfp945	-12.419354	-8.965476
Adcy3	-12.465059	-9.011181
Hist1h2bg	-17.738699	-14.2848215
Gm31447	-19.81814	-16.364264
Twistnb	-11.720106	-8.266228
Gpr183	-16.03395	-12.580072
AC135859.1	-18.02638	-14.572503
Gm38973	-15.775089	-12.321211
Ifi30	-12.0142975	-8.560419
Nsdhl	-13.521031	-10.067153
Tpk1	-14.514836	-11.060958
Dhx16	-12.973326	-9.519447
Fus	-10.411822	-6.9579444
Acsbg2	-17.11009	-13.656212
Galnt17	-15.740603	-12.286725
Nat8l	-18.431845	-14.977967
Plaa	-12.332088	-8.87821
Tnfrsf1b	-15.792789	-12.338911
Ptger1	-15.375489	-11.921611
Ric3	-13.535874	-10.081996
Klf10	-12.992681	-9.538802
Gm11457	-17.87223	-14.418353
Cnnm4	-13.722316	-10.268437
Polr1d	-10.439578	-6.9857
Gm48768	-14.088041	-10.634163
Rnf216	-12.301164	-8.847285
Tmem143	-13.821689	-10.36781
Foxn3	-10.412151	-6.9582734
Rtl5	-15.723796	-12.2699175
Hspa8	-8.21259	-4.758713
Asb14	-19.81814	-16.364264
C530005A16Rik	-15.193168	-11.739289
Ankmy1	-16.207222	-12.753345
Unc45b	-15.514075	-12.060197
Usp12	-12.636549	-9.182671
Uba3	-12.302252	-8.848373
Mrps12	-11.291195	-7.837317
Rcor1	-12.16275	-8.708872
Gm28154	-15.253793	-11.799914
A530072M11Rik	-16.352404	-12.898526
Grm3	-15.775089	-12.321211
Kcnc3	-18.719528	-15.265651
Ssmem1	-19.124992	-15.671115
Tmem59	-9.970007	-6.516129
Pck2	-12.042445	-8.588567
Psd3	-12.334896	-8.881018
Zfp445	-11.95027	-8.496391
Rnf126	-12.466983	-9.013104
Gm35167	-18.431845	-14.977967
Fbxo34	-12.618463	-9.164584
Ube2d2a	-10.665429	-7.211551
Ap2s1	-10.916502	-7.462624
Gm42303	-18.431845	-14.977967
Snx19	-13.170452	-9.716574
Nynrin	-13.21691	-9.763032
Zfp354b	-14.371404	-10.917525
Reep4	-13.42958	-9.975701
Acad11	-13.678256	-10.224378
Gm15445	-16.450844	-12.996966
Dock2	-19.124992	-15.671115
Snrnp70	-10.793407	-7.3395295
Polm	-13.854562	-10.400683
Bmp5	-19.81814	-16.364264
U2af2	-11.873649	-8.41977
Cda	-18.719528	-15.265651
Vezt	-12.665872	-9.211993
Zfp975	-14.040488	-10.58661
Ankrd40	-11.609649	-8.15577
Rnf135	-14.581698	-11.12782
Stradb	-12.975457	-9.521579
Csk	-12.536067	-9.082189
Pkdcc	-11.100786	-7.6469083
Vamp7	-12.207288	-8.753409
Mrtfa	-13.325901	-9.872023
Srsf6	-11.370512	-7.916634
Sos2	-12.3496275	-8.895749
1810037I17Rik	-9.995483	-6.5416055
Trim8	-12.36748	-8.913602
Adat2	-13.896563	-10.442684
9130019O22Rik	-14.989827	-11.535949
Cstf2t	-13.252876	-9.798998
Ube2z	-12.077042	-8.623163
Cct4	-10.637023	-7.183145
Wdr36	-12.986187	-9.532309
Gm42742	-18.208702	-14.754825
Rpl37	-7.7527213	-4.298844
Rab36	-14.905486	-11.451608
Ndufb1-ps	-9.308481	-5.8546033
Pkd2l2	-15.792789	-12.338911
Phb2	-11.276255	-7.8223767
Lrrn4cl	-17.045551	-13.591674
Atp6v0a4	-19.81814	-16.364264
Prss53	-15.514075	-12.060197
Axin1	-12.919426	-9.465548
Plpp1	-11.15754	-7.7036624
Cryl1	-12.9894285	-9.53555
Adipor2	-12.293579	-8.839701
Adnp	-11.686316	-8.232437
Gm16793	-15.659258	-12.2053795
Ddx41	-12.492333	-9.038455
9330159F19Rik	-19.81814	-16.364264
Chrm1	-19.81814	-16.364264
Smim19	-11.825196	-8.371318
Srsf2	-10.71305	-7.259172
Stxbp2	-14.807506	-11.353627
Pms2	-13.426224	-9.972345
9230112E08Rik	-15.399301	-11.945422
Rps13	-8.423605	-4.969727
Xpo4	-12.862548	-9.408669
Sdc2	-10.792806	-7.3389277
Nek2	-19.81814	-16.364264
Elof1	-11.297553	-7.843675
AB124611	-16.599264	-13.145387
Tatdn2	-13.024674	-9.570796
Etfrf1	-12.640358	-9.18648
Psors1c2	-18.02638	-14.572503
2810455O05Rik	-17.738699	-14.2848215
Zfp236	-13.530282	-10.076404
Stard13	-13.541497	-10.087619
9530034E10Rik	-17.420244	-13.966367
Gdf6	-18.431845	-14.977967
Srsf4	-11.955258	-8.50138
Serinc1	-10.263785	-6.8099074
Arsj	-15.723796	-12.2699175
Anks3	-13.175654	-9.721776
Bmp1	-12.24461	-8.790731
Klhl2	-13.522875	-10.068996
Mad1l1	-13.752032	-10.298154
Gm15283	-15.223021	-11.769142
Gm10260	-15.047456	-11.593577
Syngr1	-18.431845	-14.977967
Gm13620	-16.599264	-13.145387
B4galt2	-12.460585	-9.006706
Gm11175	-16.29178	-12.837902
Tmem231	-13.775508	-10.32163
Ahnak	-8.9413395	-5.4874616
Mbnl1	-9.001868	-5.547991
Gigyf1	-12.287661	-8.833782
Epn3	-19.124992	-15.671115
Strn4	-12.612506	-9.1586275
Sh2b1	-12.877918	-9.42404
Armh1	-19.81814	-16.364264
Gprin3	-16.773619	-13.31974
Comp	-13.5662365	-10.112358
Gm16725	-17.87223	-14.418353
Arglu1	-10.844536	-7.390658
Ublcp1	-11.671721	-8.217843
Igbp1	-11.920472	-8.466594
Hint2	-11.260573	-7.8066955
Duxbl3	-16.873701	-13.419824
Dcbld2	-12.455496	-9.001617
Pcdhb15	-16.450844	-12.996966
St7l	-12.705813	-9.251935
Tro	-14.495131	-11.041252
Shroom2	-17.045551	-13.591674
Gm14443	-15.555461	-12.101583
Gm41396	-18.02638	-14.572503
Gm48488	-17.420244	-13.966367
Sec23b	-12.881798	-9.427919
0610043K17Rik	-14.869381	-11.415503
Nfu1	-11.477923	-8.024045
Gnai1	-10.526866	-7.072988
Ccdc191	-13.07644	-9.622561
Stxbp1	-12.613248	-9.159369
Proscos	-17.333233	-13.879355
Lclat1	-13.0542555	-9.600377
Tox3	-19.81814	-16.364264
Gm44214	-17.87223	-14.418353
Tti2	-13.811788	-10.357909
Pla2g2e	-19.81814	-16.364264
Marf1	-12.004549	-8.550671
Gm19744	-18.719528	-15.265651
Sorbs2	-10.942016	-7.4881377
Ppm1k	-12.844598	-9.390719
Hsd17b12	-11.735121	-8.281242
Acta1	-18.02638	-14.572503
Cyfip1	-11.39812	-7.944242
Klre1	-18.431845	-14.977967
Stx1b	-14.724391	-11.270513
Stt3b	-11.453632	-7.9997544
AI662270	-16.873701	-13.419824
Oaf	-13.241672	-9.787793
Syngr3	-14.2966795	-10.842801
Ncbp1	-12.930588	-9.476709
Scara5	-16.984926	-13.531049
Pla2g5	-19.124992	-15.671115
Icosl	-18.719528	-15.265651
Gm17057	-18.719528	-15.265651
Gm28731	-16.384153	-12.930275
Mrpl13	-11.121129	-7.667251
Npc1l1	-19.124992	-15.671115
Elovl4	-15.584034	-12.130156
Actg1	-8.167777	-4.7138996
Paxip1	-13.225097	-9.771218
Zfp65	-13.686914	-10.233036
Spdya	-15.723796	-12.2699175
Dtna	-11.079566	-7.625688
Prdx5	-10.262014	-6.8081365
Rapgef1	-12.705813	-9.251935
Arl5a	-11.923078	-8.469199
Gm30292	-16.234621	-12.780744
Il17rb	-17.515554	-14.061677
Gm28874	-16.640087	-13.186209
Oplah	-13.554743	-10.100864
A830019P07Rik	-19.81814	-16.364264
Sec23ip	-12.563256	-9.109378
Tgs1	-12.216739	-8.76286
Zfp638	-11.364739	-7.9108615
Tent5b	-13.48842	-10.034541
Cyba	-10.193574	-6.739696
Zfp599	-16.180553	-12.726676
Chchd2	-8.660448	-5.2065706
Glul	-11.515131	-8.061253
Gm11967	-15.946939	-12.493061
1700028E10Rik	-16.416943	-12.963065
Hoxa10	-17.738699	-14.2848215
Zc3h12b	-13.167862	-9.713984
Hnf4g	-19.124992	-15.671115
Gm30239	-19.124992	-15.671115
Nkain3	-16.727098	-13.27322
Fras1	-17.620916	-14.167038
Churc1	-10.957926	-7.504048
Gm26901	-17.87223	-14.418353
Trrap	-12.368061	-8.914183
Phc3	-11.813775	-8.359897
Tcea3	-10.892952	-7.439074
Slc4a10	-17.333233	-13.879355
Yipf4	-10.839102	-7.385224
Ksr2	-18.719528	-15.265651
4930429F24Rik	-17.738699	-14.2848215
Rbm15b	-12.884718	-9.43084
Pip4p1	-12.259103	-8.805224
Gm14508	-17.045551	-13.591674
Socs2	-11.468657	-8.014778
Fam241a	-12.237441	-8.783563
Mcm10	-17.738699	-14.2848215
Ppif	-14.257459	-10.80358
Hars	-11.917504	-8.463626
Fntb	-13.816726	-10.362847
Itga2	-16.984926	-13.531049
Dpy19l1	-12.749118	-9.295239
Slc1a2	-15.500652	-12.046774
Smarcd3	-10.641978	-7.1881003
1700010K24Rik	-18.431845	-14.977967
Arhgap15os	-18.719528	-15.265651
Ppip5k2	-13.78266	-10.328781
Adpgk	-12.533319	-9.079441
Gm16230	-16.773619	-13.31974
Pigg	-13.552839	-10.098961
2610021A01Rik	-14.158659	-10.704781
Rb1	-12.492333	-9.038455
Gm11574	-19.124992	-15.671115
Gstp1	-10.689878	-7.2360005
Cfap300	-16.773619	-13.31974
Donson	-14.862314	-11.408436
Zfp597	-13.545264	-10.091386
Gm38293	-18.208702	-14.754825
Ndufaf6	-13.364516	-9.910638
Tcaf1	-11.278012	-7.8241343
Htra4	-14.320972	-10.867094
Adamts1	-10.026088	-6.57221
Asnsd1	-12.467625	-9.013746
Eng	-12.235402	-8.781524
Stk11ip	-14.456849	-11.002971
Spryd4	-13.816726	-10.362847
E2f2	-17.87223	-14.418353
Zbtb7a	-11.048789	-7.594911
Gm15972	-14.981859	-11.527981
Cpxm2	-15.005957	-11.552078
Pik3c2a	-11.944923	-8.491045
Prickle2	-13.5509405	-10.097062
Supt4a	-11.363249	-7.909371
Atp8b5	-19.81814	-16.364264
Rab11fip3	-13.082361	-9.628483
Ccdc85c	-15.253793	-11.799914
Jmjd4	-14.912866	-11.458987
Dcaf4	-13.918243	-10.464365
Hprt	-11.747547	-8.293669
2010300C02Rik	-13.619662	-10.165784
Ddt	-10.993757	-7.5398793
Gm4473	-15.399301	-11.945422
Gm28818	-18.719528	-15.265651
Nudt16l1	-12.489047	-9.035169
Cdkn1a	-11.564913	-8.111034
Prkcg	-15.411422	-11.957543
Atp5j	-9.326866	-5.8729887
Cbfa2t3	-13.251469	-9.79759
Ranbp2	-11.156674	-7.7027965
Pls1	-18.208702	-14.754825
Usp20	-12.782872	-9.328994
Ndufc2	-10.351377	-6.8974986
Mab21l3	-18.719528	-15.265651
Myorg	-14.905486	-11.451608
Vps37a	-11.891539	-8.43766
Tmem135	-13.107617	-9.653739
Gm43703	-19.124992	-15.671115
Naf1	-11.863769	-8.40989
Celf5	-16.984926	-13.531049
Ywhae	-10.3194685	-6.8655906
Ppara	-14.742967	-11.289088
Ephb6	-13.763701	-10.309823
Rac3	-12.630484	-9.176605
Dlg3	-12.799739	-9.3458605
Sv2a	-13.669673	-10.215795
Irs1	-12.9564295	-9.502551
Gm37083	-17.87223	-14.418353
Gm17690	-15.775089	-12.321211
Sbds	-10.977416	-7.523538
Lbh	-10.516864	-7.062986
Igf1os	-19.81814	-16.364264
Bscl2	-12.005358	-8.551479
Micu1	-13.030295	-9.576417
Ppm1e	-13.309372	-9.855494
Gm15726	-18.02638	-14.572503
Zfp609	-13.047351	-9.5934725
Tuba8	-16.873701	-13.419824
Rtn4r	-17.87223	-14.418353
Hcfc2	-12.8974695	-9.443591
Gm45187	-16.05694	-12.603063
Tnrc18	-11.143431	-7.689553
Gtf3c6	-12.095906	-8.642028
Wrb	-12.957478	-9.503599
P2ry13	-19.81814	-16.364264
Nrde2	-13.407966	-9.954087
Palmd	-17.420244	-13.966367
Tmem100	-18.431845	-14.977967
Mccc2	-13.122342	-9.668464
Swt1	-11.695473	-8.241594
Lcp1	-18.208702	-14.754825
Suv39h2	-15.090753	-11.636874
Fam102a	-14.96611	-11.512232
Rapgef4	-14.245987	-10.792109
Loxl1	-10.302229	-6.848351
Hscb	-12.90739	-9.453511
Pthlh	-15.340804	-11.886926
Gypc	-13.414567	-9.960689
Ercc2	-13.759018	-10.30514
Psen1	-12.834351	-9.380472
Cd248	-12.733914	-9.280036
Ndufab1	-10.261731	-6.807853
D830036C21Rik	-14.841407	-11.387528
Pyroxd2	-17.253191	-13.799314
Rtl3	-17.87223	-14.418353
Gm48163	-18.719528	-15.265651
Plekhb2	-12.968015	-9.514136
Tmem26	-13.893885	-10.440006
Gspt2	-13.601535	-10.147656
Ccnl2	-11.406308	-7.9524302
Zfp354a	-14.227154	-10.773275
Grp	-17.179083	-13.725205
Gins1	-15.399301	-11.945422
2610035D17Rik	-14.447503	-10.993625
Ccdc77	-13.448239	-9.994361
Pex14	-12.666656	-9.212777
Actn3	-16.180553	-12.726676
Gm43689	-18.208702	-14.754825
Vdac2	-10.171806	-6.7179284
Mutyh	-14.3333435	-10.879465
Pdpk1	-11.776406	-8.322528
Tagap	-17.045551	-13.591674
0610012D04Rik	-18.02638	-14.572503
Lats2	-11.419281	-7.965403
Med16	-12.893528	-9.43965
Tomm20l	-19.124992	-15.671115
Ptpmt1	-11.869049	-8.415171
Klhl22	-13.058886	-9.605007
Atp6v1f	-9.944649	-6.490771
Ddhd1	-13.715582	-10.2617035
E030042O20Rik	-16.599264	-13.145387
Tuft1	-17.87223	-14.418353
Gm36495	-18.208702	-14.754825
Zfp786	-16.773619	-13.31974
Blm	-15.387324	-11.933446
Bag6	-11.614837	-8.160958
Cfap100	-19.81814	-16.364264
Zfp626	-13.549045	-10.095166
Gm15832	-17.11009	-13.656212
Xylt1	-13.374009	-9.920131
Chtf8	-14.097829	-10.64395
Ext2	-11.533384	-8.079506
Foxk2	-12.7864	-9.332521
Ano10	-11.985333	-8.531455
Rtl8c	-14.950606	-11.496728
Shisa2	-16.522303	-13.068425
Mnt	-12.941876	-9.487998
Sptbn5	-16.984926	-13.531049
Cxcl12	-11.77705	-8.323172
Derl3	-16.207222	-12.753345
Tbc1d12	-11.9794035	-8.525525
Gm36608	-14.433645	-10.979767
Sufu	-13.362943	-9.909064
Ccdc68	-11.862015	-8.408136
9930111J21Rik2	-13.528425	-10.074547
Prelid1	-10.810407	-7.3565288
Gm47689	-16.560043	-13.106166
Cops4	-11.521095	-8.067217
Rcbtb1	-13.215553	-9.761675
Plxna3	-15.411422	-11.957543
Tlr4	-12.826044	-9.372166
Hacd3	-13.058886	-9.605007
Lyzl4	-17.045551	-13.591674
Tkfc	-13.971702	-10.517823
Sp4	-12.738956	-9.285078
Gm50254	-19.124992	-15.671115
Ckap2l	-17.253191	-13.799314
Rab9	-11.630008	-8.176129
Coq10b	-10.987597	-7.5337195
Ccndbp1	-12.208775	-8.754896
Gm38287	-19.124992	-15.671115
Gm12122	-14.659085	-11.205207
Stau2	-13.615605	-10.161727
Polr3f	-12.912388	-9.458509
Kctd12b	-13.761356	-10.307478
Nsmce3	-12.052996	-8.599117
Iffo2	-13.417883	-9.9640045
Bri3	-9.188772	-5.7348948
Camk1	-10.637435	-7.183557
Zfyve27	-13.378791	-9.924912
Gtf3c4	-12.969074	-9.515196
Lurap1	-13.481315	-10.027436
Rimklb	-14.774715	-11.320837
Lrrc75aos2	-16.450844	-12.996966
2210039B01Rik	-18.431845	-14.977967
Gm7854	-17.87223	-14.418353
Fam71f2	-16.873701	-13.419824
Cwc15	-10.658883	-7.205005
Gm15903	-16.773619	-13.31974
Mtmr3	-12.322043	-8.868165
Pcnx	-11.942262	-8.488383
Pdxdc1	-11.49599	-8.042111
4930534D22Rik	-18.719528	-15.265651
Zfp251	-12.936729	-9.482851
Fhl2	-13.369251	-9.915373
Trafd1	-11.493804	-8.039926
4930558J22Rik	-18.719528	-15.265651
Pold1	-13.960208	-10.50633
Cd109	-11.874713	-8.420835
Fars2	-12.527166	-9.073288
Gm48155	-19.124992	-15.671115
Ltbp3	-10.375499	-6.921621
Myo1f	-18.719528	-15.265651
Rnf2	-12.896482	-9.442604
Vrk2	-13.350442	-9.896564
Crybg3	-12.322598	-8.86872
Pkig	-10.496885	-7.0430074
Parp4	-12.673734	-9.219855
Fbxo6	-12.096349	-8.64247
Rbm42	-11.066192	-7.6123137
Ap4b1	-13.695648	-10.24177
Tti1	-13.650624	-10.196746
D130020L05Rik	-14.176233	-10.722355
B4galt5	-13.875341	-10.421463
Nop58	-11.709819	-8.25594
Ipo9	-12.568215	-9.114337
Golga7	-11.9331875	-8.479309
Dnase1l1	-13.45339	-9.999512
Gm17546	-18.208702	-14.754825
4933428P19Rik	-18.208702	-14.754825
Gpr153	-13.361371	-9.907493
Fcgr3	-18.719528	-15.265651
Gm20652	-18.431845	-14.977967
Gpr132	-19.124992	-15.671115
Lrrc3	-17.420244	-13.966367
Lman2	-11.312413	-7.8585353
Adamts17	-16.384153	-12.930275
AU020206	-13.899247	-10.445369
Cd151	-10.125498	-6.67162
Dnajc25	-11.648238	-8.19436
4933407K13Rik	-14.571116	-11.117238
Gm50323	-19.124992	-15.671115
Zfp108	-14.820929	-11.36705
Rdh12	-16.03395	-12.580072
Cpsf6	-12.065805	-8.611927
Gm536	-18.719528	-15.265651
Nlrx1	-13.891214	-10.437336
Tcf21	-14.587032	-11.133154
Nadk	-12.131061	-8.677182
Abra	-12.103017	-8.649138
Pkp2	-17.179083	-13.725205
Prss36	-14.341678	-10.887799
Gm48276	-18.02638	-14.572503
Colq	-19.124992	-15.671115
Cnpy4	-12.506254	-9.052376
Gm50196	-17.253191	-13.799314
Tlr3	-13.946023	-10.492145
Pja1	-12.468267	-9.014389
Gal3st2b	-17.179083	-13.725205
Gm44957	-18.719528	-15.265651
Aqr	-12.083144	-8.629266
Nr1i3	-17.515554	-14.061677
Sdhaf2	-12.481855	-9.027977
Gm11361	-16.352404	-12.898526
Gm6377	-16.485935	-13.032058
Efcab3	-17.620916	-14.167038
Drd3	-17.87223	-14.418353
Olfm1	-12.07184	-8.617962
Acaa2	-11.563352	-8.109473
Zfp444	-12.947049	-9.493171
Slc3a2	-11.846365	-8.392487
Gtpbp6	-12.979735	-9.525857
Isoc2a	-14.04982	-10.595942
Gm13008	-19.124992	-15.671115
Ccdc51	-14.216022	-10.762143
Fsd1	-16.873701	-13.419824
AC142100.1	-18.208702	-14.754825
Zfp74	-13.003598	-9.54972
F11r	-12.885693	-9.431814
Tpr	-10.269473	-6.815595
Zfp956	-14.942944	-11.489065
Polr2f	-10.37257	-6.918692
Gm15839	-16.384153	-12.930275
Bcap31	-10.423481	-6.969603
Cox4i1	-8.592443	-5.138566
Gpt	-14.9203005	-11.466422
Gm49747	-17.87223	-14.418353
Fgf13	-12.5142975	-9.060419
Casp3	-12.760242	-9.306364
Gtf2i	-11.311807	-7.8579288
Tmem120b	-14.927792	-11.473913
D930015M05Rik	-18.431845	-14.977967
1700092M07Rik	-18.431845	-14.977967
Rgsl1	-17.620916	-14.167038
8430436N08Rik	-18.208702	-14.754825
Lnx1	-12.854005	-9.400126
Hey2	-11.490656	-8.0367775
Rgs16	-19.81814	-16.364264
Wasf3	-14.848328	-11.394449
Pip5k1c	-12.589752	-9.135874
Scp2	-10.021626	-6.5677485
Gm16192	-16.03395	-12.580072
Ankrd61	-18.431845	-14.977967
Atp5d	-9.678909	-6.2250314
Tmem267	-14.603205	-11.149326
Psme2b	-14.973953	-11.520075
Adamts7	-17.738699	-14.2848215
Npr3	-13.347342	-9.893463
Zbed4	-14.234645	-10.7807665
1700022N22Rik	-16.773619	-13.31974
Klf9	-9.507922	-6.0540442
Bloc1s2	-13.280001	-9.826122
Mgat3	-15.723796	-12.2699175
Mycbp2	-10.987452	-7.5335736
Gm21917	-17.87223	-14.418353
Gm48228	-19.81814	-16.364264
Epha5	-18.02638	-14.572503
Ppfibp2	-13.508223	-10.054344
Igf2	-14.827708	-11.37383
Dtnbp1	-11.969207	-8.515328
Stambp	-12.236931	-8.783052
Zfp324	-14.519823	-11.065945
Gm17035	-19.81814	-16.364264
9430002A10Rik	-16.682646	-13.228768
Kcnh2	-11.83436	-8.380482
Snx1	-12.02126	-8.567382
Ccrl2	-12.734753	-9.280874
Sf3a1	-12.569636	-9.115758
Ptprg	-13.0799885	-9.62611
Mapk8	-12.959576	-9.505697
Ifi27	-9.811736	-6.357858
Gm7694	-13.26849	-9.814611
Zik1	-14.718274	-11.264396
Rab33b	-12.573199	-9.119321
Gm11412	-19.124992	-15.671115
Chkb	-12.599231	-9.145352
Rab17	-13.82918	-10.375301
Csrnp3	-16.927769	-13.47389
Hist2h2be	-13.995095	-10.541217
Slfn9	-16.416943	-12.963065
Rgs3	-11.826549	-8.37267
Dmac2l	-13.819204	-10.365326
Phf20l1	-11.250444	-7.7965665
4931428F04Rik	-16.485935	-13.032058
Vps39	-13.56239	-10.108512
D17H6S53E	-13.484861	-10.030983
Gm15446	-14.284751	-10.830873
Srsf12	-18.719528	-15.265651
Tradd	-13.00031	-9.546432
Galnt1	-11.058472	-7.6045938
Txndc9	-11.364953	-7.911075
Nudt17	-15.4614315	-12.007553
Zcchc2	-13.404682	-9.950804
Dctn5	-12.545048	-9.091169
Tmem51os1	-15.318331	-11.864452
Pbxip1	-9.2430105	-5.7891326
Grpel1	-10.967623	-7.513745
Rangap1	-12.604372	-9.150494
Ptgs2os	-15.906117	-12.452239
Nup205	-13.252876	-9.798998
Bbip1	-11.359849	-7.905971
Pcdh19	-16.321632	-12.867755
Gm13610	-17.253191	-13.799314
Fthl17a	-18.719528	-15.265651
Cpeb2	-13.510042	-10.056164
Jag1	-12.167497	-8.713618
Eya4	-14.429069	-10.97519
Tuba1b	-10.625761	-7.171883
Ube2cbp	-16.129261	-12.675383
Rbak	-13.854562	-10.400683
Aph1c	-14.5502825	-11.096404
Prex1	-14.55545	-11.101572
Lrrc75a	-12.771494	-9.3176155
Cltc	-10.337087	-6.8832088
Angpt4	-15.005957	-11.552078
1700052K11Rik	-13.691272	-10.237393
Cbx4	-13.122342	-9.668464
1810034E14Rik	-14.787703	-11.333824
Prune2	-13.506406	-10.052527
Gm49932	-18.719528	-15.265651
Gm48933	-15.707267	-12.253388
1700104B16Rik	-19.124992	-15.671115
Myh10	-9.680767	-6.2268896
Cnbp	-9.92329	-6.4694123
Gm32592	-18.431845	-14.977967
Akap12	-12.9564295	-9.502551
Tsix	-12.706629	-9.25275
Tlk2	-12.030759	-8.57688
Spp1	-15.946939	-12.493061
St3gal1	-13.904637	-10.450759
Map2k7	-12.424262	-8.970384
Lmbr1l	-13.992141	-10.538262
Gm49106	-18.719528	-15.265651
Ube2a	-11.468657	-8.014778
Syt1	-19.124992	-15.671115
A330035P11Rik	-15.886315	-12.432437
Med28	-10.761767	-7.3078895
Cntn1	-17.253191	-13.799314
Gabrb1	-17.253191	-13.799314
B230219D22Rik	-10.22213	-6.768252
Elmo3	-15.055966	-11.602088
Adam9	-12.000918	-8.54704
Nyap1	-14.316882	-10.863004
Ccdc174	-12.108384	-8.654506
Fgfr1op2	-10.856518	-7.40264
Exosc7	-11.988112	-8.534234
4833417C18Rik	-14.576394	-11.122516
Tnfsf14	-19.81814	-16.364264
Trmt9b	-14.724391	-11.270513
Tet1	-12.612506	-9.1586275
Olfr624	-18.719528	-15.265651
Gdnf	-19.124992	-15.671115
Gm33054	-18.431845	-14.977967
Mcm4	-13.327417	-9.873539
Rnd3	-10.813227	-7.359349
Ism1	-15.989499	-12.535621
Slc22a5	-14.730544	-11.276666
Fiz1	-13.250063	-9.796185
Eid2b	-13.511866	-10.057987
Knop1	-12.248213	-8.794334
Gsk3b	-10.615933	-7.1620555
1700040L08Rik	-18.719528	-15.265651
Nfx1	-11.969207	-8.515328
Zranb1	-11.623359	-8.16948
Slc19a1	-14.009998	-10.55612
Elp2	-12.704999	-9.251121
Coro1b	-13.422879	-9.969001
Lmo4	-10.635686	-7.181808
Ogfr	-13.050797	-9.596919
Ralgapb	-12.502257	-9.048379
Lcorl	-13.417883	-9.9640045
Slc25a28	-12.859693	-9.405814
Cenpf	-16.873701	-13.419824
H2afx	-12.594116	-9.140238
Zpbp	-17.420244	-13.966367
Cyp4f16	-13.915507	-10.461629
Madd	-15.030649	-11.576771
Tmem126b	-12.639595	-9.185717
Usp2	-13.640197	-10.186318
Smim10l2a	-15.829157	-12.375278
Nsrp1	-11.338027	-7.884149
Elf1	-11.31789	-7.8640122
Gm17597	-18.02638	-14.572503
Lmcd1	-9.495285	-6.041407
Wdr33	-11.543019	-8.089141
Polr2l	-11.675495	-8.221617
Gm15104	-18.431845	-14.977967
Nkain4	-16.682646	-13.228768
Ccdc92b	-17.87223	-14.418353
Myo1d	-11.18352	-7.7296424
Nsmce2	-12.285517	-8.831638
Gstm4	-13.700044	-10.246165
Kcnv2	-19.81814	-16.364264
Ndrg4	-12.918418	-9.46454
1110038F14Rik	-11.70053	-8.246652
Plekhj1	-11.872585	-8.418707
Fxr2	-12.208279	-8.7544
Heatr1	-13.532143	-10.078264
Vps25	-14.500021	-11.046143
Mnat1	-11.724068	-8.270189
Pex26	-13.839255	-10.385377
Zbtb24	-13.615605	-10.161727
Ndufa6	-9.711835	-6.257957
Plekhh2	-12.679274	-9.225395
Ebp	-11.987318	-8.53344
Zfp708	-18.208702	-14.754825
Basp1	-17.179083	-13.725205
Ppp1r14b	-11.069677	-7.6157994
Dtx3	-11.55172	-8.097841
March3	-17.045551	-13.591674
Fign	-13.844331	-10.390452
Ndufb5	-10.312448	-6.8585696
Acvr1b	-13.486639	-10.032761
Bglap3	-19.81814	-16.364264
4430402I18Rik	-13.915507	-10.461629
Steap3	-12.570348	-9.116469
Ctnnbip1	-12.49497	-9.041092
Xrn2	-11.261726	-7.8078485
Aff4	-10.548023	-7.0941453
Zan	-18.431845	-14.977967
Asprv1	-17.515554	-14.061677
Blnk	-19.124992	-15.671115
Farp1	-14.927792	-11.473913
Nudt3	-12.16275	-8.708872
Gbgt1	-16.416943	-12.963065
Kcnc4	-13.060046	-9.606168
Nkd1	-11.307167	-7.853289
Insyn1	-14.169167	-10.715288
Btf3l4	-12.661184	-9.207306
Vmn2r24	-19.124992	-15.671115
Mdp1	-12.26433	-8.8104515
Cdh12	-19.124992	-15.671115
Hacd1	-10.312373	-6.858495
Gm31135	-16.011478	-12.5576
1700066B19Rik	-19.81814	-16.364264
Mdfi	-15.946939	-12.493061
Rcn2	-10.561776	-7.107898
Ddx56	-12.654968	-9.20109
Capn11	-19.124992	-15.671115
Dlx6	-15.866897	-12.413018
Arhgap27os2	-17.11009	-13.656212
Hid1	-13.605535	-10.151656
Pkib	-17.87223	-14.418353
Gm32401	-19.81814	-16.364264
Gchfr	-15.541474	-12.087596
Dera	-13.458567	-10.004688
Tspan33	-16.560043	-13.106166
Col11a2	-16.234621	-12.780744
Hyls1	-14.883667	-11.429789
Dpt	-14.137968	-10.68409
Tm6sf2	-16.773619	-13.31974
Rnf130	-11.470077	-8.016198
Pdcd6	-11.032601	-7.5787234
Gm48742	-17.179083	-13.725205
Tyr	-17.87223	-14.418353
Son	-9.267576	-5.8136983
Magee1	-13.013526	-9.559648
Cpa6	-18.719528	-15.265651
Ppwd1	-12.561138	-9.10726
Dio2	-17.253191	-13.799314
B4galt7	-13.693458	-10.239579
Myl4	-12.985109	-9.531231
Setbp1	-11.732346	-8.278467
Morf4l2	-10.529359	-7.075481
Casp6	-13.309372	-9.855494
Dars2	-14.2613125	-10.807434
Fbxo5	-15.055966	-11.602088
Zzz3	-11.778983	-8.325105
Cmya5	-13.0462055	-9.592327
Ptgis	-8.62186	-5.1679816
Nid2	-14.19774	-10.743861
Ppil6	-16.262793	-12.808914
Leprot	-11.29875	-7.844872
3300002I08Rik	-15.399301	-11.945422
Rtn2	-12.318164	-8.864285
Kcnd3os	-15.92632	-12.472442
Cand2	-14.0687475	-10.614869
Gm35842	-19.124992	-15.671115
Fndc10	-15.145312	-11.691434
Slc5a5	-17.738699	-14.2848215
Gm17749	-17.87223	-14.418353
Dtx1	-14.781188	-11.32731
Mnd1	-13.989195	-10.535316
Tbx18	-11.745673	-8.291795
C77080	-14.25362	-10.799742
Gm15743	-17.420244	-13.966367
Zfp653	-13.5377445	-10.083866
Myrip	-19.81814	-16.364264
Fbxl6	-12.746568	-9.292689
Prdm2	-12.228805	-8.774926
Shld1	-12.704999	-9.251121
Sec22a	-12.687242	-9.233363
Stx19	-17.87223	-14.418353
Map3k7cl	-11.231608	-7.7777305
Tmem185a	-13.0670395	-9.613161
Zscan26	-12.157556	-8.703677
Elk3	-12.9326315	-9.478753
Tmem230	-12.5471325	-9.093254
Gm43707	-16.560043	-13.106166
Ly6e	-15.047456	-11.593577
Tmem141	-12.102125	-8.648247
Oas2	-19.81814	-16.364264
Capns2	-19.124992	-15.671115
Haus6	-13.671811	-10.217933
Cryba4	-17.11009	-13.656212
Dsc2	-17.045551	-13.591674
Ogdhl	-19.81814	-16.364264
Fahd2a	-12.710715	-9.256837
Nlrp10	-16.485935	-13.032058
Vamp3	-11.798528	-8.344649
Rbm10	-12.848351	-9.394472
Hjv	-16.262793	-12.808914
9130213A22Rik	-17.87223	-14.418353
Rad9b	-15.329504	-11.875626
Chchd1	-10.749019	-7.2951407
AV356131	-14.694177	-11.240298
6330403K07Rik	-13.652723	-10.198845
Mtm1	-13.4063225	-9.952444
Gm35315	-16.640087	-13.186209
Cfap126	-15.411422	-11.957543
Zcchc10	-12.2596245	-8.805746
Mettl1	-12.288734	-8.834856
Snx17	-11.050812	-7.596934
Arid4a	-11.58863	-8.134751
Ttc21a	-17.738699	-14.2848215
Ppm1h	-14.406495	-10.952617
B430305J03Rik	-17.620916	-14.167038
Jund	-8.740392	-5.2865143
Asb11	-17.87223	-14.418353
Gm11476	-17.738699	-14.2848215
Gng4	-17.738699	-14.2848215
Psip1	-10.771968	-7.31809
Zfp442	-14.3333435	-10.879465
Zfp36l2	-10.772793	-7.318915
Oaz1	-8.715577	-5.261699
Osbpl2	-12.629728	-9.17585
Gt(ROSA)26Sor	-12.864456	-9.410578
Rnf225	-17.738699	-14.2848215
Gm12059	-16.180553	-12.726676
Naprt	-13.226467	-9.772589
Zfp629	-13.831689	-10.3778105
Katna1	-12.49497	-9.041092
Tmem220	-13.676104	-10.222225
Klf3	-11.393721	-7.9398427
Gm26645	-17.11009	-13.656212
Dzip1	-13.388421	-9.934543
Zcrb1	-10.432588	-6.9787097
Gm10392	-18.208702	-14.754825
6530437J22Rik	-16.262793	-12.808914
Yrdc	-12.370973	-8.917094
Lrrc8e	-17.253191	-13.799314
Trim29	-17.333233	-13.879355
Igdcc3	-18.719528	-15.265651
Gm17491	-14.565867	-11.111989
Zfp866	-13.372421	-9.918543
Tmem80	-12.506923	-9.053044
4933405D12Rik	-15.1176605	-11.663782
Gng10	-10.919229	-7.4653506
D030028A08Rik	-15.06455	-11.610672
Fez1	-11.345527	-7.891649
Snx13	-12.3821125	-8.928234
Gm15943	-17.620916	-14.167038
Fgf2	-11.261726	-7.8078485
Prkch	-17.045551	-13.591674
Tspo	-9.130683	-5.676805
Zfyve19	-13.148643	-9.694764
Gm43774	-16.262793	-12.808914
Gm49336	-12.802428	-9.34855
Mfsd14a	-12.129685	-8.675807
Ppp1r3a	-17.620916	-14.167038
Acads	-11.910121	-8.456243
Hpgds	-15.487408	-12.033529
Ccdc71l	-12.26119	-8.807312
Cdc5l	-11.367301	-7.913423
Col17a1	-18.431845	-14.977967
Mettl15	-13.891214	-10.437336
Myct1	-17.87223	-14.418353
Abtb2	-12.684047	-9.230168
Fam122b	-15.136009	-11.682131
Gm8378	-18.208702	-14.754825
Sdhaf1	-12.379169	-8.925291
Cnst	-13.298993	-9.845115
Smarcc1	-11.903523	-8.449645
Pak6	-13.971702	-10.517823
Eif2ak2	-12.677688	-9.223809
Tmem169	-16.773619	-13.31974
Pxdn	-12.511609	-9.057731
Papola	-11.092795	-7.6389174
C530008M17Rik	-14.509873	-11.055995
Mef2c	-9.8151245	-6.3612466
1700010I14Rik	-17.87223	-14.418353
Prr16	-19.124992	-15.671115
Arhgef2	-11.254446	-7.800568
Gm47357	-17.620916	-14.167038
Mir670hg	-18.431845	-14.977967
Cyth2	-11.549152	-8.095274
Arhgef33	-17.253191	-13.799314
Ptprr	-18.719528	-15.265651
Gprc5a	-16.773619	-13.31974
Znhit6	-12.590478	-9.1366
Gm31305	-15.487408	-12.033529
Klf2	-10.734385	-7.2805066
Kmt2d	-12.563256	-9.109378
Npas3	-16.599264	-13.145387
Platr25	-13.775508	-10.32163
H2al3	-18.02638	-14.572503
Araf	-11.603405	-8.149527
Tfeb	-12.427959	-8.974081
Satb2	-15.691007	-12.237128
Syce1l	-19.81814	-16.364264
Edem3	-12.608801	-9.1549225
Flvcr2	-18.431845	-14.977967
Ahcyl2	-12.874054	-9.420176
Zfp112	-14.641991	-11.188112
Ahsg	-17.738699	-14.2848215
Mrps25	-11.721932	-8.268054
Hipk4	-16.352404	-12.898526
Harbi1	-14.14826	-10.694382
Mamld1	-13.175654	-9.721776
Zfp719	-13.500976	-10.047097
Chrm2	-18.719528	-15.265651
Scg5	-15.223021	-11.769142
Ankrd13b	-13.78266	-10.328781
Prr18	-17.620916	-14.167038
Dync2h1	-12.738114	-9.284236
Gm32816	-18.431845	-14.977967
Prr11	-16.450844	-12.996966
Spock3	-16.207222	-12.753345
Lnpk	-12.522406	-9.068527
Epdr1	-11.48969	-8.035811
Spata6	-12.799739	-9.3458605
Nudcd2	-12.149113	-8.695234
Slk	-11.467238	-8.01336
Spidr	-13.777886	-10.324008
Hyal2	-12.854005	-9.400126
Pde3b	-14.371404	-10.917525
Rfx8	-16.640087	-13.186209
Zscan29	-13.711118	-10.257239
Npm2	-18.208702	-14.754825
Plxnb2	-11.818798	-8.36492
Tmtc4	-13.806873	-10.352995
6030445D17Rik	-16.822409	-13.36853
Gm17509	-18.431845	-14.977967
Gm48960	-15.989499	-12.535621
Fam49a	-15.193168	-11.739289
Srpr	-10.982639	-7.5287614
Alox5ap	-14.869381	-11.415503
Cyp2u1	-13.95451	-10.500631
Glrb	-16.450844	-12.996966
2200002D01Rik	-11.008726	-7.554848
Mzf1	-16.927769	-13.47389
Zfp651	-11.519601	-8.065722
Nr3c1	-10.649039	-7.1951613
Fancb	-15.584034	-12.130156
Slc9a4	-15.967993	-12.514114
Hbb-bs	-14.883667	-11.429789
Tctex1d2	-12.654194	-9.200315
Gtf3c1	-12.625207	-9.171329
Kif11	-16.773619	-13.31974
Tox2	-14.194123	-10.740245
Tmem14a	-12.793491	-9.339613
Gm973	-15.967993	-12.514114
Uimc1	-12.019618	-8.56574
Vsig8	-16.522303	-13.068425
Mettl7a1	-11.868696	-8.414818
Gm47140	-17.045551	-13.591674
Pou5f1	-15.643753	-12.189875
Tsnax	-11.623912	-8.170033
Rasa4	-13.754355	-10.300477
Hk1os	-16.522303	-13.068425
Atp5c1	-9.729045	-6.275167
Zfp322a	-12.337149	-8.88327
Nifk	-12.436016	-8.982138
Pgpep1l	-14.028181	-10.574303
Gm49207	-15.810807	-12.356929
1700022I11Rik	-17.420244	-13.966367
Gpr160	-19.124992	-15.671115
Scd4	-16.640087	-13.186209
Accs	-14.056089	-10.602211
BC029722	-12.470197	-9.016318
Ak3	-11.103902	-7.650024
Gm42413	-19.81814	-16.364264
Klhl29	-15.183412	-11.729533
Kidins220	-11.25311	-7.799232
Igsf3	-12.1891365	-8.735258
Senp1	-12.774981	-9.321102
Srprb	-12.21924	-8.765362
Hykk	-14.329203	-10.875324
Tcam1	-18.719528	-15.265651
Gtdc1	-14.124409	-10.67053
Gm26676	-19.81814	-16.364264
4930594M22Rik-1	-18.719528	-15.265651
Ctdp1	-13.416224	-9.962345
Mrpl24	-11.077484	-7.623606
Traip	-16.640087	-13.186209
Shc3	-18.431845	-14.977967
Dcxr	-12.387434	-8.933556
Gm10399	-15.866897	-12.413018
Zfp58	-13.875341	-10.421463
Hist2h2ab	-16.352404	-12.898526
Shcbp1l	-18.208702	-14.754825
Aplnr	-19.124992	-15.671115
Uchl5	-12.113329	-8.659451
Nck2	-13.539619	-10.085741
Ccdc89	-16.485935	-13.032058
Mettl3	-13.351996	-9.898118
Gtf2e1	-13.857136	-10.403257
Spaca6	-13.08593	-9.632051
Tmem65	-11.162056	-7.708178
Tbc1d20	-12.029929	-8.576051
Hs1bp3	-13.759018	-10.30514
Gm26811	-19.81814	-16.364264
Fgf17	-19.81814	-16.364264
Kif26b	-13.605535	-10.151656
Lpgat1	-12.211256	-8.757378
Dnajb9	-11.820142	-8.366263
Cadm1	-16.05694	-12.603063
Snx16	-12.784635	-9.330756
Gpx4	-9.383731	-5.929853
9930004E17Rik	-17.738699	-14.2848215
Gm1123	-19.124992	-15.671115
Rab22a	-11.63698	-8.183102
Polr2c	-10.831069	-7.377191
Sh3tc1	-19.81814	-16.364264
Hhipl1	-15.946939	-12.493061
Dnase1l3	-19.81814	-16.364264
Arl6	-13.014635	-9.560757
Xpc	-12.688043	-9.234164
Sde2	-11.838459	-8.384581
B4galt6	-12.745719	-9.291841
Runx3	-18.431845	-14.977967
Ubqln1	-12.211753	-8.7578745
Nostrin	-17.738699	-14.2848215
Fam53a	-12.090606	-8.636727
Iqck	-16.599264	-13.145387
Scyl2	-13.258526	-9.804647
Wdr60	-12.604372	-9.150494
Il33	-15.643753	-12.189875
Gm28535	-16.727098	-13.27322
Mettl25	-13.883246	-10.429368
Iqcg	-16.640087	-13.186209
Ormdl1	-13.7268305	-10.272952
Ntrk3	-11.094421	-7.6405435
Nup188	-13.245858	-9.79198
1700123L14Rik	-17.253191	-13.799314
Col9a1	-17.11009	-13.656212
Trmu	-13.682576	-10.228698
Hsp90ab1	-7.9551992	-4.501322
Cdadc1	-12.029929	-8.576051
Thap11	-12.316506	-8.862628
Ctif	-12.710715	-9.256837
1700112D23Rik	-17.179083	-13.725205
Kansl3	-12.380935	-8.927056
Nkiras2	-12.464418	-9.01054
Exoc5	-11.910121	-8.456243
AI197445	-18.719528	-15.265651
Ssr4	-10.062225	-6.6083474
Alg5	-11.965702	-8.511824
Casp1	-18.208702	-14.754825
Gm4890	-15.723796	-12.2699175
Gale	-14.354309	-10.900431
Ascc1	-12.515644	-9.061766
Gm31834	-17.179083	-13.725205
Lrrtm3	-15.723796	-12.2699175
Lgals1	-7.637124	-4.1832466
C030013C21Rik	-14.581698	-11.12782
Mmgt2	-12.5305805	-9.076702
Kif5a	-17.515554	-14.061677
Ank3	-15.628486	-12.174607
Ino80b	-12.165595	-8.711717
Saxo2	-14.774715	-11.320837
Pcdhb19	-15.154701	-11.700823
Eno1b	-15.20302	-11.749142
Gm20539	-18.02638	-14.572503
Eif1b	-10.758623	-7.304745
Msl3	-11.602593	-8.148715
Egfl8	-16.180553	-12.726676
Pias4	-12.793491	-9.339613
Gm2449	-17.11009	-13.656212
Prdx6	-10.898019	-7.444141
Gm13470	-17.253191	-13.799314
Mfsd11	-12.925499	-9.471621
Trem2	-18.02638	-14.572503
Brd3os	-14.013006	-10.559128
Gm38102	-16.560043	-13.106166
Gm12426	-18.719528	-15.265651
Klhl25	-14.3844185	-10.93054
Gm830	-12.569636	-9.115758
Comtd1	-12.9894285	-9.53555
Tcf20	-12.391592	-8.937714
Dcdc2a	-19.81814	-16.364264
Cnot9	-13.522875	-10.068996
Vmn1r55	-19.124992	-15.671115
Gabrd	-19.81814	-16.364264
Tdrd3	-12.385065	-8.931187
Ercc5	-12.444766	-8.990888
Gm47715	-18.208702	-14.754825
Nuak2	-17.620916	-14.167038
Recql4	-17.620916	-14.167038
Fgf12	-17.738699	-14.2848215
Slc1a1	-16.682646	-13.228768
Acot9	-11.599354	-8.145475
Colgalt2	-19.81814	-16.364264
Pard3	-12.316506	-8.862628
Gm12971	-17.253191	-13.799314
Olfr655	-14.664849	-11.210971
Spdl1	-17.620916	-14.167038
Icam5	-17.179083	-13.725205
Dact2	-18.719528	-15.265651
Btbd19	-15.399301	-11.945422
Gm16008	-16.080471	-12.626593
Tbc1d17	-12.280178	-8.8263
1700086P04Rik	-16.773619	-13.31974
Plagl1	-15.01412	-11.560242
Emcn	-18.719528	-15.265651
Mrpl57	-11.163797	-7.7099195
Psmb1	-9.964579	-6.5107007
Mrm3	-13.968816	-10.514937
Hmmr	-19.81814	-16.364264
Cdc26	-11.453632	-7.9997544
Senp3	-12.756806	-9.302928
Lrrc2	-19.81814	-16.364264
Gm10457	-16.485935	-13.032058
Rbm7	-11.547872	-8.093993
Eif3f	-9.993318	-6.5394397
Adam8	-16.822409	-13.36853
Rgs9bp	-18.208702	-14.754825
Dapk1	-14.040488	-10.58661
Ptgr2	-12.567505	-9.1136265
Gm41717	-19.124992	-15.671115
Klc3	-12.302796	-8.848918
Gm4189	-15.569646	-12.1157675
Cstf2	-13.754355	-10.300477
Rpn2	-10.368783	-6.914905
Emb	-10.643324	-7.189446
Pgr	-12.699314	-9.245436
Gm34866	-19.124992	-15.671115
Nova1	-16.927769	-13.47389
Zfp35	-13.756684	-10.302806
Chst8	-19.81814	-16.364264
2900097C17Rik	-10.92498	-7.471102
Zswim8	-12.136119	-8.6822405
Paip1	-11.789685	-8.335807
Hm629797	-17.333233	-13.879355
Gls	-11.090363	-7.6364846
Cep83os	-14.269065	-10.8151865
Eif3e	-10.06182	-6.607942
4732491K20Rik	-13.951673	-10.497794
Gm16310	-14.761895	-11.308017
Bgn	-7.633158	-4.1792808
Ly96	-13.535874	-10.081996
Cpeb3	-12.744871	-9.290993
Prrc2c	-10.317522	-6.863644
Zfp874a	-14.00401	-10.550132
Zfp422	-12.748266	-9.294388
Fbxo38	-13.0382185	-9.58434
Gm12784	-18.431845	-14.977967
Gpr17	-18.02638	-14.572503
Abcc6	-18.719528	-15.265651
Gnpda2	-11.980586	-8.526708
Dnm3os	-13.258526	-9.804647
E030013I19Rik	-10.354012	-6.9001336
Immp1l	-11.362397	-7.9085193
Gm49797	-13.623735	-10.169857
Gm12996	-16.873701	-13.419824
Ifi35	-12.059381	-8.605502
Gm14488	-14.1833515	-10.729473
Ube2k	-10.910799	-7.456921
Vwa7	-18.719528	-15.265651
Gm44081	-18.431845	-14.977967
Ubxn2b	-12.672945	-9.219067
Ftsj1	-13.191423	-9.737545
Emc7	-10.488685	-7.0348067
Gm43713	-19.81814	-16.364264
Slc38a6	-14.36282	-10.908941
Eif4e2	-11.599084	-8.1452055
Lpar4	-14.208669	-10.75479
Ggt1	-18.719528	-15.265651
Tnfsf9	-14.316882	-10.863004
Gm19412	-15.775089	-12.321211
Tcof1	-12.474714	-9.020836
Gm29542	-17.179083	-13.725205
Gm45507	-19.124992	-15.671115
Itch	-11.600972	-8.147094
Acrbp	-14.688242	-11.234364
Letm2	-12.9616785	-9.5078
Fam107b	-14.292687	-10.838809
Isyna1	-11.549152	-8.095274
Tha1	-14.608655	-11.154777
Bcl7c	-11.156328	-7.7024503
Zfp410	-12.995943	-9.542065
Gm16283	-15.643753	-12.189875
Ebf3	-16.321632	-12.867755
Efs	-13.123579	-9.669701
Polh	-14.712195	-11.258317
Csf1r	-17.045551	-13.591674
Grk4	-14.1833515	-10.729473
Mtf2	-12.426109	-8.972231
Cend1	-13.539619	-10.085741
Gm48294	-17.87223	-14.418353
Cptp	-13.937608	-10.483729
Gm21814	-15.675006	-12.2211275
Gm36371	-15.164181	-11.710302
Elmo1	-12.905398	-9.45152
Lsm1	-11.858516	-8.404637
Nr2f1	-13.342708	-9.888829
Srsf9	-11.0673	-7.613422
Chpf	-11.607744	-8.153866
Smoc2	-14.249796	-10.7959175
Fuca1	-11.323398	-7.8695197
Ogfod1	-13.194076	-9.740197
Msantd4	-11.6214285	-8.16755
Bola2	-10.888043	-7.4341655
Gm26978	-16.104568	-12.65069
Gm17056	-13.506406	-10.052527
Aldh6a1	-11.97547	-8.521591
Sp9	-19.81814	-16.364264
Lcn2	-19.81814	-16.364264
Bcl2l15	-19.124992	-15.671115
Phkb	-12.23083	-8.776952
Gm28529	-16.560043	-13.106166
Wnt2b	-18.02638	-14.572503
1700003G18Rik	-18.431845	-14.977967
C920021L13Rik	-14.380061	-10.926183
Dyrk2	-12.502922	-9.049044
Telo2	-13.294579	-9.8407
Phf5a	-11.307167	-7.853289
Zdhhc16	-13.575917	-10.122039
Capza1	-11.659624	-8.205746
Rab18	-10.617144	-7.1632657
Mrps22	-12.645716	-9.191837
B4galnt3	-16.180553	-12.726676
Skiv2l	-12.787283	-9.333405
Gm12743	-16.416943	-12.963065
Dnal1	-13.183507	-9.729629
Ift57	-12.308805	-8.854927
Snhg18	-9.327894	-5.874017
D930030I03Rik	-16.822409	-13.36853
Gm29113	-19.124992	-15.671115
Katnb1	-13.695648	-10.24177
Mical1	-12.126484	-8.6726055
Med10	-11.856422	-8.402544
Spata9	-17.738699	-14.2848215
Ciart	-13.888552	-10.434673
Brcc3	-12.155203	-8.701324
Gmfg	-17.515554	-14.061677
Nhlrc3	-13.951673	-10.497794
Pef1	-12.256499	-8.802621
Tef	-11.414116	-7.960238
Rom1	-12.628219	-9.17434
Kalrn	-11.864471	-8.410593
Acot2	-13.684743	-10.230865
Gm2237	-15.318331	-11.864452
Grin1	-19.81814	-16.364264
Igfbpl1	-18.431845	-14.977967
Gm47460	-17.620916	-14.167038
Arl4aos	-17.11009	-13.656212
4930579K19Rik	-15.792789	-12.338911
Hook3	-10.935888	-7.4820104
Gbe1	-12.87695	-9.423072
Gm7879	-16.522303	-13.068425
Polg	-12.569636	-9.115758
Ap3s1	-12.089285	-8.6354065
Pcdha5	-19.124992	-15.671115
Tanc2	-11.959114	-8.505236
Prxl2b	-12.8060255	-9.352147
B9d1	-12.988347	-9.534469
Gm16208	-17.515554	-14.061677
Bcas3os1	-17.333233	-13.879355
Gm45716	-13.21014	-9.756262
Fam199x	-13.131032	-9.677154
Gpi1	-10.235685	-6.7818074
Tex14	-18.719528	-15.265651
Pnma1	-15.399301	-11.945422
Mybl2	-18.02638	-14.572503
Gm20342	-13.697844	-10.243965
Pabpn1	-10.777759	-7.3238807
Gm12758	-15.274846	-11.820968
Dpy19l3	-13.907344	-10.453465
Apcdd1	-13.809327	-10.355449
A230057D06Rik	-17.738699	-14.2848215
Clock	-11.7500515	-8.296173
Adgrb2	-16.984926	-13.531049
Utp6	-12.579644	-9.125766
D730003I15Rik	-13.82918	-10.375301
Cyp46a1	-16.773619	-13.31974
Arhgef16	-18.208702	-14.754825
Gm20383	-15.24343	-11.789552
Pakap-1	-11.384546	-7.9306684
Lrrc19	-19.81814	-16.364264
Slc12a9	-14.194123	-10.740245
Pelo	-12.982956	-9.529078
Gm8797	-14.091293	-10.637415
Ankrd54	-12.531949	-9.078071
Foxo1	-11.672881	-8.219003
Gm45518	-18.719528	-15.265651
Adam5	-16.080471	-12.626593
Triap1	-11.938092	-8.484214
Tmed8	-13.307882	-9.854004
Abcc12	-18.719528	-15.265651
Tmem222	-12.152388	-8.698509
Nme7	-13.426224	-9.972345
Zbtb34	-14.504934	-11.051056
1110017D15Rik	-17.045551	-13.591674
Dhx8	-12.63124	-9.1773615
Musk	-19.124992	-15.671115
Fh1	-11.495503	-8.041625
Wdr46	-13.071729	-9.61785
Gm32282	-14.942944	-11.489065
Sapcd1	-19.124992	-15.671115
Olfr323	-18.02638	-14.572503
Cd300lf	-19.81814	-16.364264
Retsat	-13.671811	-10.217933
5031425E22Rik	-12.5142975	-9.060419
Pak2	-10.548683	-7.0948052
Fchsd1	-14.471033	-11.017155
F8a	-13.324387	-9.870508
Ifi211	-19.81814	-16.364264
BC065403	-18.208702	-14.754825
Zfp418	-15.906117	-12.452239
1700056E22Rik	-14.942944	-11.489065
Cd55	-14.39319	-10.939312
Kcna6	-15.514075	-12.060197
Tspan15	-13.891214	-10.437336
Gm5165	-14.249796	-10.7959175
Fance	-12.17898	-8.725101
Gabra4	-17.87223	-14.418353
Tpd52	-12.03242	-8.578542
Sik3	-12.781114	-9.327235
Hyal1	-12.661964	-9.208086
L1cam	-17.420244	-13.966367
Mafk	-12.157084	-8.703206
Tle6	-14.176233	-10.722355
Ecd	-12.934678	-9.4808
E2f4	-12.761966	-9.308087
Plxdc2	-10.533435	-7.079557
Gpc2	-16.599264	-13.145387
Ufsp1	-13.682576	-10.228698
A430010J10Rik	-18.431845	-14.977967
Gm48024	-19.81814	-16.364264
Sh3glb1	-10.254963	-6.801085
Rps27l	-9.713796	-6.259918
Hsd17b4	-11.848783	-8.394904
Rhbdl1	-14.028181	-10.574303
A230028O05Rik	-17.738699	-14.2848215
Nxt1	-12.586854	-9.132976
Hsd3b7	-12.927531	-9.473653
Erc1	-11.929056	-8.475178
Mbd2	-11.405419	-7.9515414
Gm43572	-17.179083	-13.725205
Col8a2	-17.620916	-14.167038
Med29	-11.918987	-8.465109
Me3	-13.880605	-10.426726
Gm20522	-15.740603	-12.286725
Tubgcp2	-12.829727	-9.375849
Gm10143	-18.431845	-14.977967
Sv2c	-17.11009	-13.656212
Gm14288	-19.124992	-15.671115
Filip1l	-8.489126	-5.0352483
Gja6	-13.336564	-9.882686
Hp1bp3	-10.685762	-7.2318845
Flrt1	-13.33198	-9.878101
Zfp456	-15.541474	-12.087596
Chn2	-14.807506	-11.353627
Chchd3	-11.77512	-8.321241
Gabrr2	-17.045551	-13.591674
Dppa2	-18.208702	-14.754825
Rpgr	-14.641991	-11.188112
Polr2i	-11.056747	-7.6028695
P2ry12	-19.81814	-16.364264
Sncaip	-13.158847	-9.704968
Hkdc1	-19.124992	-15.671115
Ctsk	-13.1064005	-9.652522
Rpl18	-8.3266735	-4.872796
Cops9	-9.908074	-6.4541965
Cpt1a	-12.30062	-8.846742
Pcbd1	-14.688242	-11.234364
Prrg2	-13.374009	-9.920131
Myadm	-10.277634	-6.8237557
Spock2	-16.207222	-12.753345
Ccl21a	-17.333233	-13.879355
Ghitm	-11.259997	-7.8061194
Zfp799	-14.04982	-10.595942
Zbtb1	-12.118752	-8.664873
Ptar1	-12.20531	-8.751431
Dnajc1	-10.591238	-7.13736
Isg20l2	-13.638124	-10.184246
Plekhf1	-13.591604	-10.137726
Elovl7	-15.946939	-12.493061
Limd2	-13.968816	-10.514937
Gmcl1	-13.0213175	-9.567439
Dnaaf2	-13.298993	-9.845115
Mturn	-13.219632	-9.765754
Psme3	-12.890583	-9.436705
Zfp791	-15.569646	-12.1157675
Guca1a	-16.180553	-12.726676
Gm38186	-17.620916	-14.167038
Cma1	-17.333233	-13.879355
BC067074	-14.958328	-11.50445
Hs6st1	-13.904637	-10.450759
Apoo	-13.094308	-9.6404295
Cpxm1	-14.700147	-11.246268
Col8a1	-13.729095	-10.275217
Smyd5	-13.9264965	-10.472618
Efcab7	-14.429069	-10.97519
Gm47167	-17.515554	-14.061677
Tuba1c	-12.037003	-8.583124
Drg1	-11.92681	-8.472932
Utp25	-13.613583	-10.159704
Cacna1h	-16.05694	-12.603063
Rps14	-7.8934565	-4.439579
Tmem109	-10.90769	-7.453812
1700122E12Rik	-17.87223	-14.418353
Tbc1d19	-12.964842	-9.510963
Htr1d	-18.431845	-14.977967
Snrnp35	-14.040488	-10.58661
Chchd4	-12.707444	-9.253566
Plcb4	-9.460398	-6.00652
Nmnat3	-14.540027	-11.086148
Cnppd1	-12.5527115	-9.098833
Ctsd	-9.600427	-6.1465487
Tnfrsf11a	-12.497614	-9.0437355
Dis3	-12.911386	-9.457507
Cox8b	-19.124992	-15.671115
Nol12	-12.14958	-8.695702
Gm12503	-16.927769	-13.47389
Cd46	-15.527681	-12.073803
B430219N15Rik	-16.640087	-13.186209
Gm20628	-17.738699	-14.2848215
Cdc45	-15.081943	-11.628064
Tal1	-17.87223	-14.418353
Dio3	-18.02638	-14.572503
Nipal2	-12.654968	-9.20109
Usp9x	-10.944953	-7.491075
C030006K11Rik	-12.788168	-9.33429
Gm42938	-18.208702	-14.754825
Hoxd9	-19.124992	-15.671115
Memo1	-12.789939	-9.336061
Dhh	-19.124992	-15.671115
Rassf8	-12.180906	-8.727028
Timmdc1	-13.319859	-9.86598
Fam120c	-13.839255	-10.385377
Cplx2	-13.631932	-10.178054
Dcaf8	-11.264809	-7.8109307
1810019N24Rik	-17.420244	-13.966367
Apmap	-12.540893	-9.087014
Fam53b	-13.277111	-9.823233
Trmo	-14.438243	-10.9843645
Gm45076	-14.800861	-11.346983
Mtus1	-11.40298	-7.949102
Baalc	-16.384153	-12.930275
Itgav	-11.255592	-7.8017144
Mcm6	-12.193033	-8.739155
1700019L13Rik	-15.514075	-12.060197
Htt	-12.936729	-9.482851
Mrps18b	-12.332649	-8.878771
Cd226	-19.81814	-16.364264
Cfh	-9.461859	-6.0079813
Tbrg4	-14.121047	-10.667169
Fsbp	-17.045551	-13.591674
Gm43111	-16.873701	-13.419824
9530026P05Rik	-13.304911	-9.851032
Gm46404	-14.950606	-11.496728
Bfsp2	-19.124992	-15.671115
Ddx54	-12.039092	-8.585214
Kcnab2	-19.124992	-15.671115
Ppard	-12.924484	-9.470606
Cox5b	-9.707761	-6.253883
Atoh8	-12.383883	-8.930005
Phlpp2	-13.303428	-9.849549
Eef1d	-9.736047	-6.282169
1700026D11Rik	-17.179083	-13.725205
Serpinb1b	-19.81814	-16.364264
Btbd10	-12.330967	-8.877089
P2ry6	-13.733642	-10.279763
Kdm5c	-12.148179	-8.694301
Nckap5los	-18.431845	-14.977967
Nipsnap3b	-13.04506	-9.591182
Morf4l1	-9.044239	-5.590361
Inpp5f	-12.477305	-9.023427
Tstd3	-12.668224	-9.214346
Clk2	-13.012418	-9.558539
Amd2	-16.080471	-12.626593
Gm26724	-14.466283	-11.012404
Cdv3	-11.140872	-7.686994
Clpb	-12.683249	-9.229371
Cisd3	-12.39996	-8.946081
Nsun4	-14.169167	-10.715288
Gipc1	-11.825534	-8.371655
Pcolce2	-10.787286	-7.333408
Gm45620	-17.179083	-13.725205
Lbhd1	-15.847849	-12.3939705
Zfp106	-10.968197	-7.514319
Rnf7	-10.552838	-7.0989604
Fcer2a	-19.81814	-16.364264
Appl2	-13.633992	-10.180114
Dph2	-14.653355	-11.199476
Nr2c2ap	-12.616224	-9.162346
Eps8l2	-13.543379	-10.0895
Erbb3	-16.984926	-13.531049
Dock4	-13.702249	-10.24837
Creg1	-11.066667	-7.6127887
Nkap	-12.091046	-8.637168
Osr1	-10.157426	-6.703548
Tpsb2	-17.738699	-14.2848215
Lmo3	-19.81814	-16.364264
Ndufa9	-11.438831	-7.9849534
Slc6a17	-14.981859	-11.527981
Gm47127	-17.620916	-14.167038
Ptprj	-12.841793	-9.387915
Tctn2	-13.619662	-10.165784
Casz1	-13.156286	-9.702408
Grsf1	-12.36748	-8.913602
Cdc16	-12.1192045	-8.665326
Helq	-14.219719	-10.765841
Adarb1	-11.2267685	-7.7728906
Arxes2	-15.584034	-12.130156
Slc35b4	-12.805125	-9.351247
Gm17092	-14.36282	-10.908941
Casc1	-16.05694	-12.603063
Rpl9-ps6	-12.809635	-9.355757
Pik3cb	-12.825126	-9.371247
Stac	-13.839255	-10.385377
Muc3a	-18.719528	-15.265651
Ccdc110	-16.080471	-12.626593
Tyw3	-14.249796	-10.7959175
Gpr108	-11.901698	-8.44782
Ppp2r3d	-12.805125	-9.351247
Sybu	-16.321632	-12.867755
Rims3	-19.124992	-15.671115
Gm37768	-16.640087	-13.186209
Arrb1	-13.729095	-10.275217
Hypm	-16.727098	-13.27322
Srr	-13.146108	-9.692229
Cpm	-17.179083	-13.725205
Rusc1	-13.032553	-9.578674
Gm15738	-17.515554	-14.061677
Lrp3	-12.798844	-9.344966
Senp5	-12.313199	-8.859321
Gja5	-18.208702	-14.754825
Sept1	-14.071938	-10.618059
Krit1	-11.247975	-7.7940974
Adam10	-12.2925005	-8.838622
Cmtm7	-12.162277	-8.708399
Bmp4	-14.025127	-10.571249
Rad54l	-15.707267	-12.253388
Rps15a	-8.1494	-4.6955223
Dnajc11	-13.039356	-9.585478
Rps27a	-8.006749	-4.552871
Dap3	-11.7425585	-8.28868
4930562C15Rik	-17.420244	-13.966367
Ss18	-11.972725	-8.5188465
Jmjd8	-12.355926	-8.902047
Rprd1a	-12.918418	-9.46454
Ddx5	-8.855232	-5.4013543
Klf8	-14.712195	-11.258317
Togaram2	-18.431845	-14.977967
Mppe1	-13.579816	-10.125937
Aox2	-18.719528	-15.265651
Nckap1l	-19.124992	-15.671115
Bspry	-19.81814	-16.364264
Creb3l1	-11.95757	-8.503692
Dok1	-12.311549	-8.857671
Hmga1b	-18.719528	-15.265651
Tpo	-18.719528	-15.265651
Parvaos	-18.208702	-14.754825
Gm37529	-15.285542	-11.831663
Dab2ip	-11.707414	-8.253535
Gm28932	-16.207222	-12.753345
Galt	-12.479253	-9.025374
Tmed3	-10.310663	-6.8567853
Hic2	-14.855296	-11.401418
Cacng4	-15.20302	-11.749142
Rsrc1	-11.674043	-8.220164
Kbtbd13	-15.598633	-12.144754
Ncbp3	-12.265379	-8.811501
Copz1	-12.070112	-8.616234
Zbtb21	-12.726398	-9.27252
Mmrn2	-14.749237	-11.295359
Slc22a4	-15.1176605	-11.663782
Vhl	-13.446528	-9.99265
Lpar3	-17.515554	-14.061677
P4htm	-12.825126	-9.371247
Actb	-6.8141036	-3.3602262
Smim24	-17.045551	-13.591674
Gm30934	-18.431845	-14.977967
Dcp1b	-13.155008	-9.70113
Ret	-19.81814	-16.364264
Igsf11	-18.719528	-15.265651
Ndn	-12.270639	-8.816761
Pcm1	-10.876465	-7.422587
Gm48558	-17.87223	-14.418353
Ncoa6	-12.569636	-9.115758
Rims2	-18.431845	-14.977967
Copb1	-11.092633	-7.6387553
Cadm2	-17.620916	-14.167038
Rnf157	-13.875341	-10.421463
Eif3b	-11.512409	-8.058531
Mapk8ip1	-13.2829	-9.829021
Rnf112	-17.420244	-13.966367
Limd1	-11.707113	-8.253235
Lemd2	-12.064088	-8.610209
Ptprb	-14.942944	-11.489065
1810009A15Rik	-13.25711	-9.803231
Deptor	-13.932036	-10.478158
Btbd16	-18.431845	-14.977967
Wipf1	-11.938092	-8.484214
Svep1	-17.179083	-13.725205
9630014M24Rik	-17.179083	-13.725205
Lamb1	-17.179083	-13.725205
Pdcd1lg2	-16.599264	-13.145387
Ech1	-10.773737	-7.319859
Trpv1	-19.124992	-15.671115
Sh2b3	-12.749969	-9.29609
Cobl	-12.998124	-9.544246
Mtor	-12.555512	-9.101634
Rbm28	-11.914175	-8.460297
Jup	-11.648805	-8.194926
Fam102b	-12.854005	-9.400126
Sar1b	-11.132049	-7.6781707
Parp9	-13.370835	-9.916957
Gm17259	-14.9203005	-11.466422
1700020L24Rik	-19.81814	-16.364264
Rae1	-12.146314	-8.692435
Dhrs3	-11.278794	-7.8249164
A430073D23Rik	-15.613448	-12.15957
Tut7	-11.759181	-8.305303
5530601H04Rik	-12.90739	-9.453511
Tet3	-12.18332	-8.729442
Ddx24	-10.692269	-7.2383914
Fastkd3	-14.186929	-10.73305
C1qtnf6	-12.553411	-9.099532
Thap1	-13.272791	-9.8189125
Prpsap1	-11.584372	-8.130493
Slc35a3	-13.34425	-9.890371
Bdkrb2	-15.866897	-12.413018
Uqcr11	-9.412697	-5.958819
Gm12224	-17.87223	-14.418353
Arid1b	-11.817121	-8.363242
Ggcx	-12.613992	-9.160113
Tnip3	-18.431845	-14.977967
Sp6	-18.719528	-15.265651
Prss55	-19.124992	-15.671115
Tmed5	-12.123293	-8.6694145
Gm44731	-16.080471	-12.626593
Large1	-11.938849	-8.484971
Gm43024	-16.234621	-12.780744
Gm10000	-19.81814	-16.364264
Adamts8	-13.100336	-9.646458
Piezo1	-13.78027	-10.326391
C130026I21Rik	-18.431845	-14.977967
Gm32856	-16.080471	-12.626593
Tfap2a	-15.164181	-11.710302
Pdlim4	-10.717392	-7.263514
Faap24	-14.14826	-10.694382
Lurap1l	-14.320972	-10.867094
Ntan1	-10.918683	-7.464805
Ino80e	-12.049185	-8.595306
Gm30873	-15.886315	-12.432437
Cnpy3	-12.074004	-8.620126
Sez6l2	-18.719528	-15.265651
Mfsd4b4	-14.820929	-11.36705
Zcchc18	-14.05295	-10.5990715
Scml2	-15.643753	-12.189875
Kcnn2	-19.81814	-16.364264
Fzd1	-11.357942	-7.9040637
Ift52	-13.00031	-9.546432
Olfm2	-14.862314	-11.408436
Trps1	-12.023729	-8.569851
Kcnh3	-17.333233	-13.879355
Tmem179b	-12.3668995	-8.913021
Cited1	-16.984926	-13.531049
Gm44037	-18.719528	-15.265651
Dgkg	-13.910058	-10.45618
M1ap	-18.208702	-14.754825
Ifit3b	-14.107714	-10.653835
6530402F18Rik	-15.584034	-12.130156
D5Ertd615e	-19.124992	-15.671115
9530082P21Rik	-14.950606	-11.496728
Ints13	-12.898457	-9.444578
Sh3gl1	-11.941123	-8.487245
Gorasp1	-13.426224	-9.972345
Mtmr11	-12.883743	-9.429865
Jmjd7	-14.587032	-11.133154
Prss23	-10.195359	-6.7414813
Asgr1	-19.124992	-15.671115
Arfrp1	-11.918616	-8.464738
Hpdl	-16.129261	-12.675383
Zwint	-11.986127	-8.5322485
Peli2	-11.480792	-8.026914
Thoc1	-11.95449	-8.500611
Rab7b	-16.560043	-13.106166
Znrf3	-13.3835945	-9.929716
Asb12	-18.02638	-14.572503
Gpr84	-18.719528	-15.265651
Cdpf1	-12.168924	-8.715046
Net1	-10.430408	-6.9765296
Nle1	-13.766051	-10.312173
Serinc3	-9.913604	-6.459726
Gm19325	-15.274846	-11.820968
Dsp	-10.459811	-7.0059333
Tmem17	-13.893885	-10.440006
Zfp760	-14.238411	-10.784533
Gm48321	-18.719528	-15.265651
Haus7	-13.274229	-9.820351
Apod	-17.333233	-13.879355
Psmd6	-10.992434	-7.5385556
Gm50103	-18.431845	-14.977967
Serpinb9b	-19.81814	-16.364264
Psmc1	-11.106862	-7.652984
Mocos	-14.730544	-11.276666
Whrn	-14.249796	-10.7959175
Gm10451	-16.080471	-12.626593
Cd101	-19.81814	-16.364264
Cfap20	-11.831635	-8.377757
Gm4419	-16.05694	-12.603063
Traf6	-13.456839	-10.00296
Gm28404	-17.11009	-13.656212
Mrps33	-11.462525	-8.008647
Hoxa1	-15.527681	-12.073803
Lzts2	-11.342812	-7.8889337
Cited2	-10.359925	-6.9060473
Pgghg	-13.152457	-9.698579
Eno2	-14.433645	-10.979767
Sco1	-14.137968	-10.68409
Hspg2	-9.916305	-6.4624267
Lrwd1	-13.333506	-9.879627
Slmapos2	-19.124992	-15.671115
H2-T23	-13.607541	-10.153663
Lrba	-13.204757	-9.750878
Shoc2	-11.937336	-8.483458
Rab11fip5	-13.087123	-9.6332445
Gm45237	-17.333233	-13.879355
Kat7	-12.610281	-9.156403
Gm48004	-18.208702	-14.754825
Grhl3	-17.045551	-13.591674
Gm10373	-18.719528	-15.265651
Gm37756	-17.738699	-14.2848215
Lyve1	-14.55545	-11.101572
Lrp8	-14.367103	-10.913224
Gm15663	-14.088041	-10.634163
Nsd1	-11.492108	-8.03823
Mdh2	-10.604506	-7.1506276
Gnas	-8.388705	-4.934828
Hps5	-13.5377445	-10.083866
Spata13	-13.0057955	-9.551917
4930445N18Rik	-17.333233	-13.879355
Gm15634	-18.431845	-14.977967
Dnajc28	-15.01412	-11.560242
4933433H22Rik	-17.620916	-14.167038
Mlip	-16.640087	-13.186209
Atp5o	-10.246009	-6.792131
Ccdc149	-13.680414	-10.226536
Zfx	-11.969988	-8.516109
Gm12153	-17.515554	-14.061677
C030017B01Rik	-13.920987	-10.467109
Ik	-10.951841	-7.4979634
Tspyl3	-14.814195	-11.360316
Deaf1	-13.013526	-9.559648
Pdlim3	-9.707761	-6.253883
Zfp821	-12.987267	-9.533388
Ttc19	-12.103017	-8.649138
Col6a5	-19.81814	-16.364264
Etaa1os	-13.934818	-10.48094
Rgl2	-12.935703	-9.481825
Gpr157	-15.145312	-11.691434
Nfe2l2	-10.988622	-7.534744
Hadha	-11.202551	-7.748673
Klf16	-13.862304	-10.408425
Rabgef1	-12.382703	-8.928824
Gm35853	-16.822409	-13.36853
Celsr2	-13.58373	-10.129851
Megf8	-12.980808	-9.52693
Hspd1	-10.449686	-6.995808
Tmem91	-15.352233	-11.898355
Gm41760	-16.522303	-13.068425
Rps4x	-8.019916	-4.566038
Tex15	-17.11009	-13.656212
Tmem132e	-18.208702	-14.754825
Pdzrn3	-11.966479	-8.512601
Foxred1	-13.532143	-10.078264
Brsk1	-13.747403	-10.293525
Arhgef12	-10.362895	-6.909017
Gata5	-17.420244	-13.966367
Gm17039	-19.124992	-15.671115
Gm17745	-18.208702	-14.754825
Rmdn3	-13.158847	-9.704968
Usp32	-12.716465	-9.262587
Shcbp1	-17.333233	-13.879355
Nxn	-11.21367	-7.759792
Pabpc1l	-16.822409	-13.36853
Mllt1	-13.350442	-9.896564
Dexi	-12.302252	-8.848373
Trim43a	-19.124992	-15.671115
Tmprss7	-19.124992	-15.671115
Ly6c1	-16.560043	-13.106166
9530052C20Rik	-18.431845	-14.977967
Mafb	-12.840859	-9.386981
Mfsd12	-14.022083	-10.568205
Pigf	-13.319859	-9.86598
Gng11	-11.346363	-7.892485
Baiap2l1	-14.22343	-10.769551
Gemin7	-11.158234	-7.7043557
Rpp21	-11.599623	-8.145744
Agtrap	-12.79795	-9.344071
Cenpq	-13.377194	-9.923316
Cntn2	-18.02638	-14.572503
Chd1l	-13.661161	-10.207283
Gprc5c	-17.87223	-14.418353
Cops8	-11.404088	-7.95021
Slc8a1	-11.37137	-7.9174924
Tcf3	-12.929568	-9.47569
Cryba1	-19.124992	-15.671115
Anapc5	-10.827575	-7.373697
Zfp688	-13.196735	-9.742857
AC149090.1	-11.903523	-8.449645
Cenpo	-14.664849	-11.210971
Asf1a	-12.147712	-8.693833
Akap1	-12.843662	-9.389784
Pitrm1	-12.382703	-8.928824
2310015D24Rik	-13.388421	-9.934543
Kcmf1	-11.2817335	-7.8278556
Hacd2	-11.982957	-8.5290785
Kcnq3	-14.718274	-11.264396
Epas1	-11.500131	-8.046252
Cwf19l1	-14.056089	-10.602211
Mpp7	-11.564913	-8.111034
Ywhaz	-9.85596	-6.402082
Cyp2d9	-19.81814	-16.364264
Nadsyn1	-15.183412	-11.729533
Elk4	-12.4453945	-8.991516
Tprg	-17.333233	-13.879355
Luzp2	-19.81814	-16.364264
Ccdc71	-13.0670395	-9.613161
Abcb10	-13.335033	-9.881155
Lag3	-14.647656	-11.193778
Cdk5	-12.305523	-8.8516445
Tmem25	-15.154701	-11.700823
Hebp2	-13.4063225	-9.952444
Amotl2	-11.887216	-8.433337
Imp4	-12.553411	-9.099532
Gm3512	-18.208702	-14.754825
Rnf103	-12.19401	-8.740131
Tes3-ps	-16.15458	-12.700701
Adamts4	-16.15458	-12.700701
Ciao1	-12.02126	-8.567382
Ssr2	-10.854341	-7.4004626
5430400D12Rik	-16.773619	-13.31974
Sin3a	-12.51228	-9.058402
Trit1	-13.923738	-10.469859
Slc18a2	-16.822409	-13.36853
Kcnq5	-13.642274	-10.1883955
Zfp706	-10.780964	-7.327086
Prpf38a	-12.389214	-8.935335
Pi4ka	-12.567505	-9.1136265
Hmgcs2	-11.786105	-8.332227
Tbc1d32	-13.654826	-10.200948
Ckap4	-10.877905	-7.424027
Aggf1	-12.472131	-9.018252
Itpripl1	-14.927792	-11.473913
Stmnd1	-16.321632	-12.867755
Dpp7	-13.112502	-9.658624
Plin1	-18.431845	-14.977967
Stk17b	-11.106862	-7.652984
Npat	-12.615479	-9.161601
Zmiz1os1	-17.420244	-13.966367
Gm10366	-17.179083	-13.725205
Hibch	-12.787283	-9.333405
Cttn	-11.731422	-8.277544
Stil	-15.555461	-12.101583
Maml2	-12.084895	-8.631017
Appl1	-11.43608	-7.982202
Csprs	-19.81814	-16.364264
Gna15	-19.81814	-16.364264
Crot	-12.145848	-8.69197
Dmxl2	-13.312357	-9.858479
Cpeb4	-11.788383	-8.334504
Spag9	-10.274548	-6.8206697
Slc9a2	-14.406495	-10.952617
Slc25a27	-13.695648	-10.24177
mt-Nd3	-7.945347	-4.4914694
Rfxank	-13.34425	-9.890371
Sf3b1	-10.365247	-6.911369
Rabepk	-12.835278	-9.381399
1110004F10Rik	-10.6486225	-7.1947446
Polr1e	-13.968816	-10.514937
Ap3s2	-13.095511	-9.641633
Mtus2	-10.092286	-6.638408
Capzb	-9.926827	-6.4729495
Scgb3a1	-19.81814	-16.364264
Kcnt1	-17.420244	-13.966367
Pdia6	-10.702441	-7.2485633
Phf20	-11.811107	-8.357228
Zbtb42	-14.22343	-10.769551
Rreb1	-13.07526	-9.621382
Gm3331	-17.420244	-13.966367
Rragd	-15.030649	-11.576771
Gm14634	-17.253191	-13.799314
Gm47447	-19.124992	-15.671115
Tmem37	-16.522303	-13.068425
Hunk	-15.723796	-12.2699175
Gmip	-14.718274	-11.264396
Hspb6	-10.097195	-6.6433167
Rps3	-8.185682	-4.731805
Ctu2	-12.813259	-9.359381
Rab30	-14.774715	-11.320837
Rnase4	-11.5875635	-8.133685
Tent4b	-12.615479	-9.161601
1700086D15Rik	-16.927769	-13.47389
Pex13	-12.326495	-8.872617
AC132444.6	-17.87223	-14.418353
Hmcn1	-16.773619	-13.31974
Gm20597	-17.87223	-14.418353
Kremen2	-19.124992	-15.671115
Map3k3	-12.696888	-9.24301
Gm20186	-15.10861	-11.654732
Styx	-13.680414	-10.226536
Naif1	-14.694177	-11.240298
H2-Q10	-16.927769	-13.47389
D030025P21Rik	-16.640087	-13.186209
Mad2l2	-13.237502	-9.783624
Gm12238	-18.208702	-14.754825
Fbxo41	-16.640087	-13.186209
Rhog	-12.669009	-9.215131
Sdad1	-13.035949	-9.58207
Alox12	-14.34587	-10.891992
Gsto1	-12.20531	-8.751431
BC030343	-19.124992	-15.671115
Tcp10b	-18.208702	-14.754825
4930500M09Rik	-19.124992	-15.671115
5930403N24Rik	-18.719528	-15.265651
Pygm	-11.990103	-8.536224
Klhl28	-12.882771	-9.428892
Gm38115	-15.474336	-12.020457
Map4k5	-12.324823	-8.870945
Ms4a6d	-19.81814	-16.364264
Osbpl10	-15.363793	-11.909915
Lrrc51	-14.205012	-10.751134
Igfbp5	-11.683673	-8.2297945
Gnai3	-11.480074	-8.026196
Bend4	-14.308752	-10.854874
Tln2	-13.58963	-10.135752
Specc1l	-11.598276	-8.144398
Gm49066	-15.527681	-12.073803
Megf6	-18.719528	-15.265651
Nat8f4	-17.179083	-13.725205
Itih2	-11.74661	-8.292731
Clns1a	-11.932435	-8.478557
4930431P03Rik	-19.81814	-16.364264
Kcnk6	-15.223021	-11.769142
Gm9967	-16.352404	-12.898526
Rims1	-16.011478	-12.5576
Serp1	-11.223061	-7.7691827
Pi15	-10.089662	-6.6357837
Acacb	-14.25362	-10.799742
Gm50152	-19.81814	-16.364264
Trub2	-13.834205	-10.380326
4930599N23Rik	-17.333233	-13.879355
Eef1akmt2	-12.602166	-9.148288
Gm48796	-17.11009	-13.656212
Nop53	-11.096702	-7.6428237
Rorb	-17.87223	-14.418353
Cdk2ap1	-12.280711	-8.826833
Gm11639	-15.555461	-12.101583
Wnk3	-16.416943	-12.963065
Plxna4	-12.583963	-9.130085
Ppa2	-12.0171585	-8.56328
Zfp560	-11.982166	-8.528288
Arhgef11	-12.855897	-9.402019
Crybb1	-18.208702	-14.754825
Bbs4	-13.0542555	-9.600377
Gm16794	-15.691007	-12.237128
Lats1	-12.060234	-8.606356
9430060I03Rik	-16.29178	-12.837902
AI646519	-18.719528	-15.265651
Pcdhb7	-16.450844	-12.996966
Dph7	-13.517355	-10.063477
Ptpre	-17.87223	-14.418353
Fam83d	-17.179083	-13.725205
Chchd10	-12.216239	-8.762361
Pmpca	-12.709897	-9.256019
Far1	-11.672881	-8.219003
Slc16a13	-15.136009	-11.682131
Gm26704	-17.620916	-14.167038
Gm11946	-14.490265	-11.0363865
Gm42595	-15.340804	-11.886926
Dnajb6	-10.489395	-7.035517
Il4i1	-17.420244	-13.966367
Thap4	-13.59755	-10.143672
Rhoa	-9.4300995	-5.9762216
Egln3	-14.176233	-10.722355
Cdh2	-13.9862585	-10.53238
Gm50163	-19.81814	-16.364264
Leng9	-13.212843	-9.758965
Gm34923	-18.02638	-14.572503
Rrbp1	-9.385526	-5.9316483
Itfg1	-11.4413595	-7.9874816
Tmco6	-13.901938	-10.44806
Qsox2	-12.9894285	-9.53555
Twist2	-14.461555	-11.007676
Hells	-15.154701	-11.700823
Hebp1	-11.122969	-7.6690907
Zfp217	-15.090753	-11.636874
Cybc1	-13.047351	-9.5934725
Gm47525	-17.87223	-14.418353
Pcbp1	-10.484521	-7.030643
Gca	-16.773619	-13.31974
Pfn2	-12.768018	-9.314139
Ptk7	-17.738699	-14.2848215
Rplp1	-7.529419	-4.0755415
Pgap3	-14.96611	-11.512232
Ptafr	-19.124992	-15.671115
Rpl19	-8.046666	-4.592788
Psma5	-10.730194	-7.276316
Arhgef9	-12.959576	-9.505697
Ints7	-13.448239	-9.994361
Msn	-9.516649	-6.0627713
Tubb3	-17.333233	-13.879355
Gm33104	-19.124992	-15.671115
Pcdhb20	-14.647656	-11.193778
Olfr1030	-18.431845	-14.977967
Pde12	-13.229215	-9.775336
Selenbp1	-11.890455	-8.436577
Rflna	-17.620916	-14.167038
BC025920	-16.773619	-13.31974
Aknad1	-14.495131	-11.041252
Txndc5	-11.068091	-7.6142135
Epg5	-13.918243	-10.464365
1700124L16Rik	-17.333233	-13.879355
Ccl12	-18.431845	-14.977967
Cdca3	-17.253191	-13.799314
Ripor1	-12.148179	-8.694301
Zfp286	-14.094556	-10.640677
Odc1	-11.124309	-7.6704307
Sytl4	-14.841407	-11.387528
Apoc1	-19.124992	-15.671115
Eapp	-11.241735	-7.7878575
Gm10300	-17.045551	-13.591674
Proca1	-14.406495	-10.952617
Cyct	-18.719528	-15.265651
Trmt2b	-12.676105	-9.222226
Dtx3l	-13.591604	-10.137726
Zfyve28	-14.480603	-11.026725
Wnt6	-16.180553	-12.726676
Cabin1	-12.0897255	-8.635847
Dctpp1	-12.605846	-9.151968
Gm10184	-16.450844	-12.996966
Ppp1r7	-11.7320385	-8.27816
Trim38	-18.431845	-14.977967
Pafah1b1	-10.018071	-6.5641932
Hpf1	-11.478879	-8.025001
Gm47990	-16.352404	-12.898526
Nkx6-2	-18.719528	-15.265651
Gcfc2	-13.937608	-10.483729
Slc7a6os	-13.226467	-9.772589
Ascc2	-13.322875	-9.868997
Camkmt	-13.849433	-10.395555
5430425K12Rik	-16.727098	-13.27322
Gm17324	-17.87223	-14.418353
Mrpl15	-11.558942	-8.105063
Gimap5	-19.81814	-16.364264
A830009L08Rik	-17.87223	-14.418353
Gm16348	-19.81814	-16.364264
Dusp2	-15.829157	-12.375278
Gm20632	-14.781188	-11.32731
Ifi203	-19.124992	-15.671115
Cks1brt	-18.208702	-14.754825
Hikeshi	-11.408533	-7.954655
Pramef12	-16.927769	-13.47389
Ythdc1	-11.004107	-7.5502295
Tpt1	-7.3268285	-3.872951
Alyref2	-14.14826	-10.694382
Synj2	-12.548524	-9.0946455
Zfp451	-12.106144	-8.652266
BC049762	-16.984926	-13.531049
Gm9951	-13.355111	-9.901233
Psmd7	-10.129271	-6.6753926
Spns1	-12.252866	-8.798987
Calm1	-8.250859	-4.796982
Cep57	-12.410216	-8.956338
2610044O15Rik8	-13.245858	-9.79198
Zbtb37	-13.229215	-9.775336
Chrna1	-15.285542	-11.831663
Lrp1b	-16.262793	-12.808914
Fam160b2	-13.0919075	-9.638029
Ubxn8	-13.013526	-9.559648
Wdpcp	-13.819204	-10.365326
Bpgm	-13.108836	-9.654958
Lysmd4	-13.929263	-10.475385
Smg9	-13.261362	-9.807484
2900045O20Rik	-17.620916	-14.167038
BC017158	-13.799547	-10.345669
Dync1li2	-11.979797	-8.525919
Gm34655	-16.822409	-13.36853
Gper1	-19.124992	-15.671115
Dnajb2	-11.639221	-8.185343
Atp6v0a1	-12.086649	-8.632771
Sfmbt1	-13.214197	-9.760319
Slc15a2	-13.277111	-9.823233
A830035O19Rik	-15.569646	-12.1157675
Pak3	-14.151714	-10.697836
Htra2	-12.640358	-9.18648
Tbc1d10b	-12.726398	-9.27252
Syvn1	-13.11618	-9.662302
Ubap2l	-10.987013	-7.533135
4933415A04Rik	-19.81814	-16.364264
E430024P14Rik	-15.757698	-12.30382
Isg20	-15.628486	-12.174607
2010109A12Rik	-15.659258	-12.2053795
Eea1	-10.738821	-7.284943
Prrxl1	-19.124992	-15.671115
Dbi	-9.590615	-6.1367373
Ubr2	-11.549665	-8.095787
Gne	-12.088406	-8.634527
N4bp2	-13.391652	-9.937774
Gm9970	-15.643753	-12.189875
Trak1	-12.243069	-8.78919
Hmgcl	-12.276458	-8.822579
Atp5a1	-9.801861	-6.347983
Fgd5	-17.620916	-14.167038
Ube2f	-11.961047	-8.507169
Runx1t1	-11.881124	-8.427245
Xpo6	-12.608061	-9.154182
Herc4	-12.854951	-9.4010725
Trappc12	-12.783752	-9.329874
Inmt	-16.984926	-13.531049
Rsbn1l	-10.98497	-7.531092
Zfp369	-13.522875	-10.068996
Hoxb8	-16.773619	-13.31974
Isca2	-12.004953	-8.551075
2700054A10Rik	-19.124992	-15.671115
Kcna4	-17.515554	-14.061677
A230059L01Rik	-15.757698	-12.30382
Gdpd3	-15.757698	-12.30382
2210408I21Rik	-13.519192	-10.065313
Pbrm1	-10.312373	-6.858495
Tbxa2r	-11.62198	-8.168101
Atg4d	-12.962732	-9.508854
Frs2	-12.469553	-9.015675
Glt8d2	-14.935339	-11.481461
Scd2	-11.737594	-8.283715
Setd3	-11.130698	-7.6768203
Ap2a2	-12.125115	-8.671237
9530052E02Rik	-17.87223	-14.418353
Slc22a21	-14.466283	-11.012404
Toe1	-12.697697	-9.243818
Gm9958	-16.682646	-13.228768
Calu	-10.172065	-6.718187
Tenm3	-12.2596245	-8.805746
Prpsap2	-13.237502	-9.783624
Ppef2	-17.87223	-14.418353
Hes7	-16.450844	-12.996966
Csta1	-19.81814	-16.364264
Mpdu1	-12.891563	-9.437685
Lancl3	-12.470841	-9.016963
A930029G22Rik	-16.560043	-13.106166
Asic1	-19.81814	-16.364264
Nt5dc3	-13.625778	-10.1719
C1qtnf3	-18.208702	-14.754825
St14	-17.515554	-14.061677
Pstpip1	-15.10861	-11.654732
Ulk4	-14.461555	-11.007676
Gm14966	-15.375489	-11.921611
Pcgf2	-13.26849	-9.814611
Gm16070	-16.080471	-12.626593
4931406C07Rik	-12.269585	-8.815706
Ncl	-9.493151	-6.039273
Csdc2	-12.7961645	-9.342286
Zfp330	-12.015931	-8.562053
Vgll2	-16.29178	-12.837902
Slco1a4	-17.11009	-13.656212
Gm19705	-12.561844	-9.107965
Ascc3	-11.934318	-8.480439
Iqank1	-18.208702	-14.754825
Col16a1	-13.844331	-10.390452
A230083G16Rik	-18.02638	-14.572503
Ppp2r2b	-19.124992	-15.671115
Prpf6	-11.9595	-8.505622
Ahcy	-14.471033	-11.017155
Tnnc1	-15.775089	-12.321211
Gp9	-19.124992	-15.671115
Dedd2	-13.451671	-9.997792
Gm26770	-18.208702	-14.754825
Gm48086	-16.352404	-12.898526
Gm31641	-15.423692	-11.969813
Usp40	-13.100336	-9.646458
Aplp2	-9.272931	-5.819053
Cyc1	-10.932423	-7.4785447
Zfp507	-13.196735	-9.742857
Cdhr1	-18.719528	-15.265651
Rasa2	-11.878626	-8.424747
Kctd12	-13.627826	-10.173947
Slc35a2	-12.657295	-9.203417
Mylk4	-9.428653	-5.9747753
Crkl	-12.778481	-9.324602
Cul9	-13.081174	-9.6272955
Shc4	-15.643753	-12.189875
Elovl6	-14.565867	-11.111989
Nfkbib	-12.511609	-9.057731
A130014A01Rik	-15.02235	-11.568472
Actr1a	-11.965313	-8.511435
Apoa1	-17.87223	-14.418353
Echdc1	-13.07526	-9.621382
Cdc25b	-13.456839	-10.00296
Jam3	-11.295164	-7.841286
Ice1	-12.383293	-8.929415
Pakap	-14.475806	-11.021928
Eif4g3	-11.633069	-8.179191
Clpx	-12.0513	-8.597422
Agtr1a	-15.274846	-11.820968
9330188P03Rik	-17.87223	-14.418353
Gm26571	-18.719528	-15.265651
Nupl2	-13.851994	-10.398115
Psmg3	-12.2722225	-8.818344
Gm47423	-19.81814	-16.364264
Gm47962	-17.045551	-13.591674
Cnot1	-11.778338	-8.32446
Slc23a2	-13.124817	-9.6709385
Slc25a4	-8.771896	-5.3180184
Doc2b	-17.738699	-14.2848215
Ick	-12.137965	-8.684087
Lmnb2	-14.466283	-11.012404
Vegfa	-13.756684	-10.302806
Thap7	-12.342801	-8.888923
Tmbim6	-10.447128	-6.9932504
Ikzf4	-14.736736	-11.282858
Gdi2	-10.407066	-6.9531884
1810044D09Rik	-16.104568	-12.65069
Cars	-13.155008	-9.70113
Kdm5a	-11.814109	-8.36023
Cant1	-12.434152	-8.980273
Rpl29	-8.868844	-5.414966
Pitx2	-18.02638	-14.572503
Zbtb7c	-14.509873	-11.055995
Zfp654	-13.087123	-9.6332445
Ccdc86	-12.9894285	-9.53555
Gm26542	-17.179083	-13.725205
Prkd1	-13.202076	-9.748198
Ubald1	-13.236115	-9.782237
Gm43140	-19.124992	-15.671115
Msl1	-11.726513	-8.2726345
Clic4	-9.208565	-5.7546873
Lipc	-17.620916	-14.167038
Nrl	-18.02638	-14.572503
Nfkb2	-13.08593	-9.632051
Zc4h2	-14.176233	-10.722355
Kif3a	-11.847401	-8.393522
Spag4	-15.723796	-12.2699175
Crybb3	-13.756684	-10.302806
Cgnl1	-12.758523	-9.304645
Cers4	-11.709217	-8.255339
1700109H08Rik	-15.448693	-11.994815
Stc2	-14.341678	-10.887799
Vps37c	-12.941876	-9.487998
Sidt2	-11.852248	-8.39837
Anxa3	-10.606901	-7.1530232
Stx1a	-12.45613	-9.002252
Apol8	-15.989499	-12.535621
Brd8	-11.725595	-8.271717
Gm43773	-17.515554	-14.061677
Fndc7	-18.719528	-15.265651
Ilkap	-11.403202	-7.949324
Rit1	-11.491866	-8.037988
Pik3ip1	-11.989306	-8.535428
Arl4d	-13.024674	-9.570796
Tes	-10.975536	-7.5216584
Lsm10	-12.031589	-8.57771
2500002B13Rik	-17.253191	-13.799314
Hpcal1	-12.180425	-8.726546
Col22a1	-16.180553	-12.726676
Masp1	-16.727098	-13.27322
B3gntl1	-15.039018	-11.585139
1300014J16Rik	-17.738699	-14.2848215
Gm35576	-16.822409	-13.36853
2810402E24Rik	-13.846879	-10.393001
Gm13010	-15.318331	-11.864452
4631405J19Rik	-12.908387	-9.454509
Hoxb7	-16.080471	-12.626593
Polr3a	-13.607541	-10.153663
Rpl36	-8.18555	-4.731672
Impa2	-14.031243	-10.577365
Gpc3	-12.733076	-9.279198
Pde4c	-18.02638	-14.572503
Gm15241	-19.81814	-16.364264
Ccny	-11.738832	-8.284954
Igf1r	-10.817657	-7.3637795
Ap1ar	-12.574628	-9.120749
Krt7	-19.81814	-16.364264
Them6	-14.341678	-10.887799
Inka2	-12.26433	-8.8104515
Adh7	-18.02638	-14.572503
Asna1	-11.951802	-8.497924
Ebna1bp2	-11.3075695	-7.8536916
Peli3	-14.216022	-10.762143
Ric1	-12.579644	-9.125766
Zbtb41	-12.498939	-9.04506
Pds5b	-12.059808	-8.605929
Gm13376	-19.81814	-16.364264
C2cd3	-13.401408	-9.94753
Taf5l	-13.770768	-10.31689
Mmp14	-12.519019	-9.065141
Ppp3cc	-13.722316	-10.268437
Mterf1b	-16.011478	-12.5576
Zfp667	-13.763701	-10.309823
Irf1	-13.761356	-10.307478
Oca2	-19.124992	-15.671115
Ghdc	-13.255696	-9.801818
Zfp142	-13.470752	-10.016873
Gm12184	-15.005957	-11.552078
Tm9sf3	-10.227926	-6.7740483
Klc2	-13.34889	-9.895012
Cabyr	-18.719528	-15.265651
Hsf2bp	-16.822409	-13.36853
Mthfsd	-13.178265	-9.724386
Il12a	-17.179083	-13.725205
Gm28707	-16.15458	-12.700701
Zfyve16	-12.350199	-8.89632
P3h2	-12.789053	-9.335175
Prkcb	-19.81814	-16.364264
Zfp598	-12.809635	-9.355757
Unc5a	-18.431845	-14.977967
Cdipt	-12.1891365	-8.735258
Wdr47	-13.001405	-9.547526
Lifr	-12.210759	-8.756881
4930532G15Rik	-14.96611	-11.512232
Gm4724	-15.514075	-12.060197
Eef1aknmt	-14.312809	-10.858931
Cpne2	-11.777694	-8.323815
Dct	-19.124992	-15.671115
Rbms3	-10.628819	-7.1749415
Dcun1d2	-13.214197	-9.760319
Rbmx	-12.785517	-9.331638
Igsf8	-11.550435	-8.096557
Plag1	-15.24343	-11.789552
Ro60	-11.7237625	-8.269884
Nhlrc1	-14.371404	-10.917525
Ezh1	-12.224767	-8.770888
Ctdspl	-11.325855	-7.8719773
Afmid	-13.702249	-10.24837
6030452D12Rik	-19.124992	-15.671115
Tomm5	-10.849872	-7.3959937
Uggt2	-13.2060995	-9.752221
Olfr1385	-19.81814	-16.364264
Exoc2	-13.035949	-9.58207
Spryd7	-12.333772	-8.879893
Nelfb	-12.118752	-8.664873
Top2b	-10.813595	-7.359717
Tafa3	-17.253191	-13.799314
Gm31946	-16.773619	-13.31974
Rhob	-9.879913	-6.4260354
Cdc42ep2	-14.670647	-11.216768
Vmn1r218	-19.124992	-15.671115
Tigd5	-14.272964	-10.819085
Gfap	-17.738699	-14.2848215
Gm12925	-15.989499	-12.535621
Il1rap	-14.04982	-10.595942
Smim7	-11.210011	-7.7561326
Rab11fip2	-11.714042	-8.260163
Pdrg1	-11.739142	-8.285264
Klhl5	-12.83065	-9.376772
Antxr1	-11.461351	-8.007473
Gm29675	-19.81814	-16.364264
Gm40910	-18.719528	-15.265651
Grwd1	-13.619662	-10.165784
Nfs1	-12.817806	-9.363928
Wnt11	-18.431845	-14.977967
4930461C15Rik	-17.738699	-14.2848215
Gm5475	-17.87223	-14.418353
Mgat5b	-15.154701	-11.700823
Tmem151a	-16.05694	-12.603063
Gm13562	-18.02638	-14.572503
2610020C07Rik	-15.099642	-11.645763
Gabpb1	-13.42958	-9.975701
Arhgef18	-12.974391	-9.520513
3110099E03Rik	-18.719528	-15.265651
Glyctk	-16.984926	-13.531049
Zfc3h1	-12.591931	-9.138053
Tssk1	-18.208702	-14.754825
Map3k12	-13.3108635	-9.856985
2410004B18Rik	-12.5142975	-9.060419
Rgl3	-14.466283	-11.012404
Ndufa13	-9.149557	-5.6956797
Hs3st3b1	-19.81814	-16.364264
Slc35e4	-12.65342	-9.199542
Trpv4	-18.719528	-15.265651
Gm47237	-15.423692	-11.969813
Vill	-15.285542	-11.831663
Mmp2	-13.034816	-9.580937
4921516A02Rik	-17.738699	-14.2848215
Tnr	-19.81814	-16.364264
Crlf2	-11.944543	-8.4906645
Rps25	-8.531313	-5.0774355
Serpina3n	-17.333233	-13.879355
Pstpip2	-18.208702	-14.754825
Lipo3	-12.853061	-9.399182
Rps6ka1	-18.02638	-14.572503
Dynlt1b	-14.935339	-11.481461
Bend6	-15.20302	-11.749142
Ndufv3	-9.941049	-6.4871707
Chmp1a	-11.948357	-8.494478
Slc39a6	-12.591931	-9.138053
Trim26	-12.854005	-9.400126
Zbtb17	-14.037397	-10.583519
Arhgap11a	-16.416943	-12.963065
Tasp1	-13.680414	-10.226536
Myzap	-15.223021	-11.769142
Hes1	-11.495018	-8.04114
Ndufaf4	-12.006167	-8.552289
Fan1	-14.664849	-11.210971
Stimate	-10.682416	-7.228538
Mrpl52	-10.238515	-6.784637
Sdr39u1	-12.5527115	-9.098833
Gm826	-19.81814	-16.364264
4930519P11Rik	-18.431845	-14.977967
Gm26652	-18.431845	-14.977967
Gm26744	-19.81814	-16.364264
Nxph3	-14.718274	-11.264396
Mpp6	-11.74661	-8.292731
Clec10a	-19.81814	-16.364264
AU022252	-13.035949	-9.58207
A930038B10Rik	-16.822409	-13.36853
Gm37459	-18.719528	-15.265651
Gm14399	-14.942944	-11.489065
Atp1a2	-10.168256	-6.714378
Kars	-12.052571	-8.598693
Clcn7	-13.127298	-9.67342
Ddx47	-12.157084	-8.703206
Tmem127	-12.424262	-8.970384
Gm14023	-16.773619	-13.31974
Gatm	-17.333233	-13.879355
Enho	-14.0687475	-10.614869
Tpx2	-14.712195	-11.258317
Arid2	-12.083144	-8.629266
BC006965	-17.333233	-13.879355
Tm9sf4	-12.204816	-8.750937
Soga1	-13.570098	-10.1162195
Amy1	-15.946939	-12.493061
Ldha	-10.234927	-6.7810493
Gm48646	-16.599264	-13.145387
4933431E20Rik	-14.958328	-11.50445
Tspan32	-16.984926	-13.531049
Ccz1	-12.172265	-8.718387
Coro2b	-16.522303	-13.068425
Fat4	-12.087526	-8.633648
Rnd2	-12.082271	-8.628392
Nek6	-14.592394	-11.138515
Dbil5	-17.179083	-13.725205
Hif1a	-10.762818	-7.3089404
8430419K02Rik	-17.738699	-14.2848215
Supt5	-11.418606	-7.964728
Plk3	-14.075137	-10.621259
Ttc4	-12.454227	-9.000349
Kif13a	-11.777371	-8.323493
C2cd2l	-13.64853	-10.194652
Tmppe	-16.03395	-12.580072
Tmem52	-19.124992	-15.671115
Cwf19l2	-11.63754	-8.183661
Zfp652	-12.024966	-8.571088
Ccdc146	-14.304712	-10.850834
Zfp976	-13.665408	-10.21153
Rad18	-14.280807	-10.826928
Gm11696	-16.080471	-12.626593
9230116L04Rik	-17.738699	-14.2848215
Bhlhb9	-12.922458	-9.468579
Gm26688	-16.873701	-13.419824
Txk	-18.431845	-14.977967
Ggt5	-16.984926	-13.531049
Gm9968	-17.045551	-13.591674
Ano4	-15.1176605	-11.663782
Syn1	-14.96611	-11.512232
Slc39a3	-12.817806	-9.363928
Ppp1r9a	-12.663526	-9.209647
Dstyk	-12.3821125	-8.928234
Zfp335	-13.733642	-10.279763
Gm17216	-16.352404	-12.898526
Prkra	-12.245124	-8.791245
Slc7a4	-18.208702	-14.754825
Shisa4	-10.869425	-7.415547
Gpbar1	-15.340804	-11.886926
Gm37855	-17.738699	-14.2848215
Bst2	-11.623912	-8.170033
Cebpb	-11.007681	-7.553803
Gm11423	-14.292687	-10.838809
Akr1c14	-12.949126	-9.495248
Ccdc167	-12.492991	-9.039113
Bvht	-15.3072815	-11.853403
Efcab12	-17.738699	-14.2848215
Rhobtb1	-11.146854	-7.6929765
Shfl	-15.090753	-11.636874
Ppip5k1	-12.749118	-9.295239
Tmem120a	-12.7025585	-9.24868
Maf	-12.373892	-8.920013
Ptpn6	-19.81814	-16.364264
Lhfp	-9.554883	-6.101005
Gm14341	-19.81814	-16.364264
Gm43256	-17.045551	-13.591674
Senp6	-10.6083	-7.1544223
Rdh13	-13.84179	-10.387912
Zfp940	-15.081943	-11.628064
Aldh1b1	-15.723796	-12.2699175
Ctf1	-13.093107	-9.639229
Fam228b	-16.262793	-12.808914
Kcng4	-19.81814	-16.364264
Gm16759	-15.628486	-12.174607
Gm16096	-18.02638	-14.572503
Tcim	-13.6464405	-10.192562
Lrrc25	-19.81814	-16.364264
Gm15747	-17.045551	-13.591674
Gm10874	-17.045551	-13.591674
D630024D03Rik	-18.02638	-14.572503
Nat8f3	-18.719528	-15.265651
Vwa5a	-12.158969	-8.7050905
Gm20075	-16.05694	-12.603063
Gopc	-12.66509	-9.211211
D230022J07Rik	-15.296352	-11.842474
Dgcr6	-11.446898	-7.9930205
Tctn3	-14.653355	-11.199476
Immt	-11.223802	-7.7699237
Lacc1	-17.420244	-13.966367
Xist	-9.291017	-5.837139
Tprgl	-10.220431	-6.7665534
Gm4755	-16.927769	-13.47389
Ints1	-12.740643	-9.286764
Vsig10l	-15.707267	-12.253388
Gm19610	-16.822409	-13.36853
Ppfia3	-16.727098	-13.27322
Castor1	-12.856845	-9.4029665
Frmd6	-11.640344	-8.186465
Gprin2	-14.79426	-11.340382
Gm10037	-15.387324	-11.933446
Morn4	-15.643753	-12.189875
Gm10322	-18.02638	-14.572503
1110019D14Rik	-13.918243	-10.464365
Ube2e3	-11.21477	-7.7608924
Nupr1l	-14.272964	-10.819085
Gm29811	-17.253191	-13.799314
Fbxl5	-12.446023	-8.992145
Sox30	-17.045551	-13.591674
Pxk	-12.506254	-9.052376
Gm36745	-18.719528	-15.265651
Tmed1	-11.913068	-8.459189
Gm17108	-16.180553	-12.726676
Plch2	-17.179083	-13.725205
Tgfb1	-11.814109	-8.36023
Mvp	-12.072705	-8.618827
Gm16170	-18.431845	-14.977967
Cfap36	-11.631398	-8.17752
Pxdc1	-11.091335	-7.6374574
Chrd	-13.6464405	-10.192562
Eqtn	-18.02638	-14.572503
Stard9	-14.3500805	-10.896202
Arhgef5	-12.25546	-8.801581
1810030O07Rik	-12.844598	-9.390719
Kctd14	-18.208702	-14.754825
1700015F17Rik	-17.515554	-14.061677
Dmac1	-11.402316	-7.948438
Hmbs	-12.880827	-9.426949
Gm15851	-15.555461	-12.101583
Park7	-9.745797	-6.291919
Ppp1r12b	-10.03158	-6.577702
S100a6	-7.591711	-4.1378336
Rbsn	-12.963786	-9.509908
Copb2	-10.849362	-7.3954844
Gm29292	-18.719528	-15.265651
Cdh11	-14.358555	-10.904676
Ankib1	-12.394572	-8.940694
Pla2g12b	-16.560043	-13.106166
Nubp2	-12.896482	-9.442604
2810407A14Rik	-18.719528	-15.265651
A530041M06Rik	-15.613448	-12.15957
Gm26691	-15.436114	-11.982236
Cdk13	-11.9794035	-8.525525
Rfc1	-11.412997	-7.9591193
Irgq	-13.288722	-9.834844
Gm43330	-16.29178	-12.837902
Ccdc3	-10.384817	-6.930939
AI182371	-16.984926	-13.531049
C2cd4c	-19.124992	-15.671115
BC005537	-10.942155	-7.488277
Bzw2	-12.450432	-8.996553
Gabrq	-14.935339	-11.481461
Apold1	-16.727098	-13.27322
A230005M16Rik	-17.179083	-13.725205
Asb10	-15.081943	-11.628064
P2rx7	-14.883667	-11.429789
Fbrs	-13.137286	-9.683408
Gbp3	-14.587032	-11.133154
Prex2	-11.816116	-8.362238
Cntfr	-15.318331	-11.864452
Pfkl	-12.033668	-8.579789
Gm6288	-17.333233	-13.879355
2410080I02Rik	-14.234645	-10.7807665
Arhgef25	-10.918683	-7.464805
Zfp982	-14.078348	-10.62447
Zfp212	-13.23335	-9.779471
Sesn3	-12.033252	-8.579373
Mst1r	-14.272964	-10.819085
Aipl1	-19.81814	-16.364264
2410131K14Rik	-13.673955	-10.220077
Lsm2	-12.128312	-8.674434
Inppl1	-12.684845	-9.230967
Apol9a	-15.329504	-11.875626
Zfp287	-14.00401	-10.550132
Gm16701-1	-14.730544	-11.276666
Hapln3	-17.045551	-13.591674
Trmt12	-13.654826	-10.200948
A630001G21Rik	-16.984926	-13.531049
Mms22l	-16.05694	-12.603063
Fam162a	-10.524011	-7.0701327
Dnajc21	-11.382809	-7.9289308
Neil2	-17.11009	-13.656212
Mtrex	-12.077042	-8.623163
Klk8	-17.87223	-14.418353
Gm48071	-18.431845	-14.977967
Stmn3	-19.81814	-16.364264
Rab8a	-11.906084	-8.452206
Ap5m1	-13.031424	-9.577545
Bcl6	-12.43229	-8.978412
Uba2	-11.031226	-7.577348
Coq9	-12.525123	-9.071244
Erlin2	-13.155008	-9.70113
Fnbp1	-11.751306	-8.297427
Zbtb12	-13.673955	-10.220077
Gm10369	-19.81814	-16.364264
Pcdhga9	-15.145312	-11.691434
Inpp4a	-12.0551195	-8.601241
1700034E13Rik	-16.984926	-13.531049
C1qtnf2	-11.018329	-7.5644507
Anpep	-14.724391	-11.270513
Rdx	-10.238308	-6.78443
Gm45250	-16.262793	-12.808914
Mdfic	-13.300469	-9.846591
Mtx3	-14.007	-10.553122
Aldoa-1	-19.81814	-16.364264
2010308F09Rik	-19.124992	-15.671115
Hmcn2	-18.208702	-14.754825
Psmc6	-10.613316	-7.1594377
Gm43585	-19.124992	-15.671115
Mlx	-12.12877	-8.674891
Uts2r	-19.124992	-15.671115
Snx5	-12.140277	-8.6863985
Zfp319	-13.951673	-10.497794
Polr3d	-12.451695	-8.997817
B4galt4	-13.42958	-9.975701
Depdc1b	-18.719528	-15.265651
Mat2b	-11.224728	-7.7708497
Patj	-14.950606	-11.496728
Dnase1l2	-15.906117	-12.452239
Mxra8	-10.533621	-7.079743
Gm12404	-18.719528	-15.265651
E030018B13Rik	-18.02638	-14.572503
Shisa5	-11.594245	-8.140367
1700013F07Rik	-19.124992	-15.671115
Gm43915	-16.682646	-13.228768
B130046B21Rik	-17.420244	-13.966367
Gm15866	-16.522303	-13.068425
Igsf23	-16.416943	-12.963065
Gm19409	-16.05694	-12.603063
Crhr2	-13.957355	-10.503476
Gch1	-14.659085	-11.205207
Creld2	-12.477954	-9.0240755
Vapb	-10.956507	-7.502629
Tram2	-12.58613	-9.132252
Slc4a7	-11.659052	-8.2051735
Tnk1	-19.124992	-15.671115
Spsb1	-11.873294	-8.419415
Gria3	-14.2966795	-10.842801
Klkb1	-17.179083	-13.725205
Vnn1	-15.073209	-11.61933
Crym	-17.738699	-14.2848215
Slc10a3	-14.452165	-10.998286
Tfg	-11.540729	-8.08685
Gm11646	-19.124992	-15.671115
Prkrip1	-12.319271	-8.865393
Polr3c	-13.255696	-9.801818
Stk32a	-16.640087	-13.186209
Gm11273	-15.487408	-12.033529
Gm26558	-16.207222	-12.753345
Tm2d3	-11.411655	-7.9577775
Nrn1l	-17.179083	-13.725205
4930453C13Rik	-19.81814	-16.364264
Mafg	-11.860964	-8.407085
Mtfmt	-13.278555	-9.8246765
2610203C22Rik	-16.262793	-12.808914
Gm9803	-15.274846	-11.820968
Tmem35b	-13.517355	-10.063477
Cln5	-13.183507	-9.729629
Creld1	-11.804466	-8.350588
Rack1	-8.755291	-5.301413
Tax1bp1	-10.243991	-6.790113
Zdhhc1	-12.878887	-9.425009
Gm49484	-19.81814	-16.364264
Ccdc122	-15.967993	-12.514114
Thop1	-13.121106	-9.667228
Krt80	-14.5502825	-11.096404
Gm17276	-17.87223	-14.418353
Trim56	-12.111078	-8.6572
Efna3	-16.262793	-12.808914
Satb1	-13.290183	-9.836305
Map1lc3a	-9.507123	-6.0532455
Spon2	-18.431845	-14.977967
Gm31105	-14.121047	-10.667169
4930578M07Rik	-17.620916	-14.167038
Itgb1bp2	-16.727098	-13.27322
Rftn2	-11.403423	-7.9495454
4930551O13Rik	-18.208702	-14.754825
Zfp882	-14.088041	-10.634163
Rpl13a	-8.307047	-4.853169
Pam	-8.784219	-5.3303413
Tulp3	-13.215553	-9.761675
Dpagt1	-13.388421	-9.934543
Sec22c	-14.341678	-10.887799
A430005L14Rik	-12.150983	-8.697104
Pdlim7	-9.885775	-6.4318967
Kif23	-16.416943	-12.963065
Bex3	-10.840237	-7.3863587
Anp32b	-9.942847	-6.4889693
Gm16156	-17.87223	-14.418353
Smyd2	-12.51228	-9.058402
Xylb	-17.253191	-13.799314
Hist3h2a	-12.6244545	-9.170576
Zfp260	-11.538697	-8.084819
Zfp474	-17.620916	-14.167038
Fgfbp3	-14.659085	-11.205207
Greb1l	-14.380061	-10.926183
4933400A11Rik	-17.738699	-14.2848215
Stx3	-13.436325	-9.982447
2810013P06Rik	-12.887646	-9.433767
Olfr552	-19.124992	-15.671115
Mrps16	-11.113639	-7.659761
2900093K20Rik	-14.238411	-10.784533
4921531C22Rik	-13.162701	-9.708822
Gpm6b	-15.946939	-12.493061
Mpzl1	-13.231969	-9.7780905
Sh3glb2	-11.866934	-8.413055
Kcnrg	-19.124992	-15.671115
Wrn	-12.50759	-9.053712
Dlg2	-13.910058	-10.45618
Gm33948	-19.124992	-15.671115
Exd1	-16.727098	-13.27322
Cct7	-10.373915	-6.920037
Sh2d4b	-17.420244	-13.966367
Dlgap1	-12.009006	-8.555127
Tcf19	-13.960208	-10.50633
Cacnb3	-12.35077	-8.896892
Mtmr4	-13.359802	-9.905924
Rabep2	-13.26706	-9.813182
Slc7a8	-17.738699	-14.2848215
Cetn3	-10.616438	-7.16256
Ptpn23	-13.064703	-9.610825
Atpif1	-9.668926	-6.215049
Garnl3	-14.071938	-10.618059
Prph	-16.352404	-12.898526
Gm14486	-18.02638	-14.572503
Flot1	-11.34302	-7.8891425
Slc26a10	-18.208702	-14.754825
Olfr1535	-19.81814	-16.364264
4930523C07Rik	-9.813451	-6.359573
Spata19	-18.431845	-14.977967
Zfp64	-13.47602	-10.022141
Kdm2a	-11.835383	-8.381505
Gm10484	-17.87223	-14.418353
Slc35a1	-12.49563	-9.041752
Gm19938	-15.340804	-11.886926
Plekhg2	-12.368643	-8.914764
Sntb2	-11.594782	-8.140903
1110002L01Rik	-13.636056	-10.182178
Gm44956	-18.431845	-14.977967
Pomgnt1	-12.163223	-8.709345
Gm15513	-15.775089	-12.321211
Vwc2	-11.850167	-8.396289
Tardbp	-11.728045	-8.274167
Nhej1	-13.747403	-10.293525
Fbn1	-10.541451	-7.0875735
Cisd1	-10.902709	-7.448831
Slc38a7	-13.515522	-10.061644
Vmn2r97	-19.124992	-15.671115
Pfkfb3	-12.791714	-9.337835
Gm11733	-19.124992	-15.671115
Trim45	-14.071938	-10.618059
Apopt1	-11.670274	-8.216395
Gm30794	-14.855296	-11.401418
Rmc1	-13.285807	-9.831928
Pcnt	-12.1737	-8.719822
Gm13966	-19.124992	-15.671115
March9	-13.857136	-10.403257
Cbr1	-12.13658	-8.682702
Tmprss6	-18.719528	-15.265651
Gm50143	-19.81814	-16.364264
Kctd5	-13.390036	-9.936157
Sftpb	-19.81814	-16.364264
Sec11a	-10.694339	-7.240461
Six5	-12.875984	-9.422106
Zer1	-12.737273	-9.283395
Adh1	-17.253191	-13.799314
Actr3	-10.343438	-6.88956
Col18a1	-8.867878	-5.414
Hipk1	-11.331613	-7.8777347
Dnaaf3	-15.886315	-12.432437
Dact3	-10.687601	-7.233723
Sfrp4	-13.396519	-9.94264
Tmem223	-11.175726	-7.721848
Tshz2	-14.406495	-10.952617
Clpp	-11.488965	-8.035087
Fam229b	-13.963069	-10.509191
Gpm6a	-15.039018	-11.585139
Me2	-13.1901	-9.736221
Gmeb2	-13.407966	-9.954087
Slc25a31	-18.431845	-14.977967
Ube2g1	-11.793279	-8.3394
Coq10a	-12.29574	-8.841862
Gm43646	-18.208702	-14.754825
Psmb3	-10.117198	-6.66332
Gm12681	-15.740603	-12.286725
Nxt2	-12.401762	-8.947884
Gpatch3	-14.597785	-11.143907
A830082K12Rik	-14.490265	-11.0363865
Slc12a8	-18.208702	-14.754825
Grb10	-12.158498	-8.704619
Emsy	-11.740383	-8.286505
Siae	-12.915398	-9.461519
Ticam2	-17.87223	-14.418353
Gm43260	-15.775089	-12.321211
Ccdc85b	-10.28492	-6.831042
Zfp628	-13.896563	-10.442684
Gm43189	-17.738699	-14.2848215
C330018D20Rik	-13.918243	-10.464365
Saal1	-13.390036	-9.936157
Purb	-10.621291	-7.167413
Ccr10	-17.179083	-13.725205
Itga1	-10.386819	-6.932941
Map4k4	-11.466294	-8.012416
Ncam2	-18.719528	-15.265651
Fam117a	-14.466283	-11.012404
Gm50013	-18.02638	-14.572503
Spc25	-17.333233	-13.879355
Sit1	-18.02638	-14.572503
Vmn1r4	-18.431845	-14.977967
Tcea1	-10.728613	-7.274735
E130101E03Rik	-17.045551	-13.591674
Nppa	-18.719528	-15.265651
Higd2a	-10.8842125	-7.4303346
Gm3667	-18.719528	-15.265651
Disc1	-17.87223	-14.418353
6530409C15Rik	-17.515554	-14.061677
Rps7	-8.227106	-4.7732286
H2afz	-10.318195	-6.8643174
Mcts2	-13.102757	-9.648879
Lrig3	-12.413861	-8.959983
Gna13	-12.0581	-8.604221
Gdf10	-14.288712	-10.834833
Nxf1	-12.627464	-9.173586
Fez2	-11.425831	-7.971953
Arl6ip6	-12.680862	-9.226984
Fam221a	-14.509873	-11.055995
P2ry14	-15.145312	-11.691434
Tmem248	-12.182354	-8.728476
Mgll	-10.45345	-6.9995723
Abcc3	-17.738699	-14.2848215
Dnmbp	-13.731366	-10.277488
Csrp1	-8.381632	-4.927754
Borcs6	-12.591205	-9.137326
Rnpep	-12.239995	-8.786117
Fam210b	-13.479547	-10.025668
Cby3	-19.124992	-15.671115
Slc39a2	-17.420244	-13.966367
Gm45069	-19.81814	-16.364264
Set	-10.130014	-6.6761365
Atxn7l3b	-10.622508	-7.16863
Phactr3	-13.678256	-10.224378
Sap30	-14.942944	-11.489065
Mtmr1	-12.90341	-9.449532
Msx2	-16.640087	-13.186209
Slc38a9	-12.887646	-9.433767
Zfp970	-14.736736	-11.282858
Usp30	-14.127781	-10.6739025
9530077C05Rik	-12.951207	-9.497329
Ids	-11.561533	-8.107655
Gm16677	-18.719528	-15.265651
Fstl3	-10.897351	-7.4434733
Socs6	-12.596305	-9.1424265
Gm49271	-19.81814	-16.364264
Ly6g6e	-18.719528	-15.265651
Clhc1	-17.515554	-14.061677
Clp1	-13.412912	-9.959034
Fam124a	-12.95225	-9.498371
Ptpn11	-11.13985	-7.6859717
Tmem132b	-18.431845	-14.977967
Eif3m	-10.55057	-7.0966916
Fkbp1a	-9.704108	-6.250231
Zfp606	-13.695648	-10.24177
Hoxc8	-17.11009	-13.656212
Bambi	-11.105381	-7.651503
Trmt13	-12.859693	-9.405814
Zrsr1	-12.755093	-9.301214
Arhgap19	-15.829157	-12.375278
Kcnab3	-17.420244	-13.966367
Atp9b	-12.5305805	-9.076702
Acbd5	-11.57934	-8.125462
Kxd1	-11.426738	-7.97286
Kif17	-19.81814	-16.364264
Tbx2	-13.470752	-10.016873
Spink5	-17.87223	-14.418353
Acadl	-10.946215	-7.4923368
Gm32913	-17.253191	-13.799314
Rtf1	-10.714495	-7.260617
Mrpl18	-10.822604	-7.3687263
Lancl1	-12.015114	-8.561235
Lgr6	-10.672552	-7.218674
Tmem50a	-10.297452	-6.843574
Spcs2	-10.794612	-7.340734
Agpat3	-11.90024	-8.446362
Gm35330	-16.984926	-13.531049
C130026L21Rik	-18.719528	-15.265651
Akap17b	-12.811445	-9.357567
Zfp981	-17.87223	-14.418353
Lrrc75b	-14.358555	-10.904676
9330102E08Rik	-17.87223	-14.418353
Incenp	-14.2613125	-10.807434
2900060B14Rik	-14.019048	-10.565169
Tra2a	-11.0592575	-7.6053796
Twnk	-14.05295	-10.5990715
Chrne	-17.87223	-14.418353
Syp	-16.321632	-12.867755
Gm26789	-17.738699	-14.2848215
Fam114a2	-11.947975	-8.494097
Banp	-12.683249	-9.229371
Cdc27	-12.483159	-9.029281
Zbtb2	-13.585692	-10.131814
2210407C18Rik	-10.292624	-6.8387465
Map1lc3b	-9.296283	-5.8424053
Psmb2	-10.613818	-7.1599402
Ifi47	-15.005957	-11.552078
Itga10	-13.358236	-9.904358
Slc26a11	-13.951673	-10.497794
Ccdc169	-17.333233	-13.879355
Trf	-15.318331	-11.864452
Enpp2	-12.489703	-9.035825
Chst7	-15.628486	-12.174607
Anln	-11.539205	-8.085326
Gm32688	-19.81814	-16.364264
Arhgap23	-12.891563	-9.437685
Srrm4	-15.448693	-11.994815
Zfp853	-19.124992	-15.671115
Abhd15	-18.431845	-14.977967
4732465J04Rik	-17.179083	-13.725205
Unc50	-11.277036	-7.823158
Zfp449	-13.194076	-9.740197
Pip4k2c	-12.49563	-9.041752
Efhd1	-10.63435	-7.180472
Trip6	-11.963759	-8.509881
Itga3	-11.669406	-8.215528
Cnot11	-12.6244545	-9.170576
4930513N10Rik	-15.527681	-12.073803
Gars	-12.044967	-8.591088
Plekha6	-17.11009	-13.656212
Acss2	-13.315351	-9.861472
Pwwp2a	-12.573914	-9.120035
Frmd5	-17.515554	-14.061677
Sox7	-16.984926	-13.531049
Prpf40b	-13.010206	-9.556328
Atf6b	-12.354204	-8.900326
Gm41611	-16.773619	-13.31974
Efna2	-15.500652	-12.046774
Arfgap2	-12.1542635	-8.700385
Mapkapk5	-14.04359	-10.589711
Pou1f1	-18.431845	-14.977967
Flt4	-19.81814	-16.364264
Gm20635	-17.179083	-13.725205
Slc6a9	-12.568926	-9.115047
Gm45406	-17.333233	-13.879355
Gsto2	-16.207222	-12.753345
Lhfpl4	-18.208702	-14.754825
Il10ra	-19.124992	-15.671115
Gpd1l	-12.733076	-9.279198
Cd34	-13.963069	-10.509191
Ccr9	-18.719528	-15.265651
Olfml3	-15.363793	-11.909915
Slpi	-19.81814	-16.364264
Arid5a	-11.492351	-8.038472
Vkorc1	-10.458261	-7.0043826
Chd7	-16.640087	-13.186209
Calr	-9.566817	-6.1129394
Abhd10	-12.992681	-9.538802
Olfr183	-17.420244	-13.966367
Hamp	-18.431845	-14.977967
Zfp11	-14.89816	-11.444282
Ergic3	-10.742361	-7.288483
Tcfl5	-19.81814	-16.364264
Gimap8	-19.124992	-15.671115
Ace2	-19.81814	-16.364264
Lztr1	-12.229311	-8.775433
Map3k13	-15.20302	-11.749142
Gnb4	-10.408458	-6.95458
Wdr31	-15.829157	-12.375278
Zfp282	-13.729095	-10.275217
Trim68	-14.540027	-11.086148
Rwdd2a	-14.587032	-11.133154
Ramac	-11.2548275	-7.8009496
Sik1	-13.689091	-10.235212
Atrip	-12.974391	-9.520513
Pole	-16.560043	-13.106166
Ttc5	-12.421805	-8.967927
Dync1i2	-10.519149	-7.065271
Gm9774	-16.321632	-12.867755
1700113A16Rik	-15.06455	-11.610672
Zmym4	-12.007382	-8.553504
Gm29322	-17.515554	-14.061677
Tmc6	-13.394894	-9.941015
Gm34552	-17.045551	-13.591674
Slc35b3	-13.353553	-9.899674
Tomm6	-9.810924	-6.3570457
Lrrc45	-12.991595	-9.537717
Kcnk7	-16.984926	-13.531049
Clstn2	-19.124992	-15.671115
Maml1	-13.0057955	-9.551917
Als2	-14.592394	-11.138515
Casc4	-11.373303	-7.9194255
Ep400	-12.07184	-8.617962
Snapin	-11.880409	-8.426531
Pdgfc	-12.588302	-9.134423
Bbs1	-14.312809	-10.858931
Lat	-18.431845	-14.977967
Zfp655	-12.512953	-9.059074
Acly	-12.185255	-8.731377
Kcnq2	-19.124992	-15.671115
Emd	-11.082455	-7.6285768
Ankrd44	-12.898457	-9.444578
Fam209	-16.522303	-13.068425
Eef1g	-9.7853365	-6.3314586
Esm1	-16.03395	-12.580072
Galnt4	-13.864898	-10.411019
Tspyl4	-13.144843	-9.690965
Cdc42se1	-11.096212	-7.6423345
Igsf10	-16.080471	-12.626593
AA467197	-18.208702	-14.754825
Derl2	-11.851901	-8.398023
Mapt	-14.749237	-11.295359
Gm15601	-17.253191	-13.799314
Slc49a4	-11.948739	-8.494861
Penk	-16.384153	-12.930275
Wipf3	-17.515554	-14.061677
Lsm12	-11.302548	-7.8486705
Upk3bl	-18.719528	-15.265651
Gm11523	-17.87223	-14.418353
Arv1	-14.608655	-11.154777
Ddo	-13.854562	-10.400683
Utp15	-13.306396	-9.852517
Lrtm2	-14.848328	-11.394449
Tmem219	-11.856422	-8.402544
Klhl3	-15.757698	-12.30382
Hnrnph2	-11.708916	-8.255037
Elovl3	-17.738699	-14.2848215
Olfr1260	-18.02638	-14.572503
Parp12	-13.629877	-10.175999
4732496C06Rik	-17.11009	-13.656212
Fpgt	-13.356672	-9.902794
Ppt2	-12.262236	-8.808357
Dkk1	-19.124992	-15.671115
AI597479	-12.780235	-9.326357
Qrich2	-18.719528	-15.265651
I830134H01Rik	-17.253191	-13.799314
Trnp1	-12.87695	-9.423072
Ms4a6b	-17.620916	-14.167038
H2-Eb1	-15.555461	-12.101583
Suds3	-11.860264	-8.406385
Mtfr1	-12.515644	-9.061766
Bud23	-12.158969	-8.7050905
Pjvk	-19.81814	-16.364264
Umps	-13.309372	-9.855494
Ska2	-13.484861	-10.030983
Oxsm	-14.013006	-10.559128
Pkd2	-11.751306	-8.297427
Psmd3	-11.728965	-8.275086
Gtf3c5	-13.857136	-10.403257
A330102I10Rik	-18.431845	-14.977967
Lrpprc	-12.575343	-9.121465
Rabif	-12.77673	-9.322851
Nom1	-12.464418	-9.01054
Gm31356	-16.450844	-12.996966
Uqcrc1	-10.744193	-7.290315
Dhx58os	-15.723796	-12.2699175
Cd82	-13.176959	-9.723081
Bag2	-12.04834	-8.594461
Gm47551	-17.87223	-14.418353
Armt1	-13.629877	-10.175999
Luc7l2	-10.309475	-6.855597
Cemip	-19.81814	-16.364264
4930415O20Rik	-19.81814	-16.364264
Sdhb	-10.812982	-7.3591037
Inpp5d	-19.81814	-16.364264
AU041133	-13.627826	-10.173947
Cfap46	-18.719528	-15.265651
Rasal3	-19.81814	-16.364264
Utp23	-13.053102	-9.599223
Gm15764	-16.682646	-13.228768
Frmd8os	-14.912866	-11.458987
Coq3	-13.577865	-10.123986
Mast1	-19.124992	-15.671115
Hmgcr	-12.778481	-9.324602
Wsb2	-11.586232	-8.132354
Zfp46	-12.986187	-9.532309
Phldb2	-10.798356	-7.344478
Gm43948	-17.620916	-14.167038
Fzd7	-11.945305	-8.491426
Uchl4	-16.682646	-13.228768
Vdr	-18.431845	-14.977967
Pde1c	-12.855897	-9.402019
Arhgap29	-12.259103	-8.805224
Dlk2	-19.124992	-15.671115
Mefv	-19.81814	-16.364264
Gm45509	-15.866897	-12.413018
Hdhd3	-14.304712	-10.850834
Pi4k2b	-13.455112	-10.001234
Uri1	-11.807117	-8.353239
Naa40	-13.963069	-10.509191
Mrpl54	-11.009623	-7.5557446
Opn1mw	-18.431845	-14.977967
Gba	-13.851994	-10.398115
Rfx2	-13.511866	-10.057987
Abhd12	-12.335459	-8.88158
Nsun3	-14.509873	-11.055995
Pla2g4b	-16.011478	-12.5576
Zfp13	-14.219719	-10.765841
Ldhal6b	-18.719528	-15.265651
Zfp382	-14.55545	-11.101572
Igflr1	-14.981859	-11.527981
Pimreg	-19.81814	-16.364264
Vmn2r79	-19.124992	-15.671115
Adamts2	-11.306161	-7.852283
Gm48226	-13.974596	-10.520718
Reep6	-16.321632	-12.867755
Tssk4	-16.727098	-13.27322
Rab37	-19.124992	-15.671115
Pmepa1	-8.929004	-5.4751263
Gm49774	-15.030649	-11.576771
Jak1	-11.417931	-7.9640527
Galc	-14.694177	-11.240298
Rpf2	-12.775855	-9.321977
Tgm1	-19.124992	-15.671115
Ap3m2	-13.745096	-10.291218
Lcor	-12.7423315	-9.288453
BC031181	-10.620582	-7.1667037
Eif4g1	-10.780013	-7.326135
Tnni3k	-14.942944	-11.489065
Folr2	-18.02638	-14.572503
2810408A11Rik	-17.420244	-13.966367
Ift22	-12.958526	-9.504647
Copa	-10.82957	-7.375692
Masp2	-18.02638	-14.572503
Gm26648	-18.719528	-15.265651
Hist3h2ba	-15.691007	-12.237128
Amacr	-13.5471525	-10.093274
Matn4	-16.080471	-12.626593
Zranb2	-10.86063	-7.406752
Tulp1	-13.636056	-10.182178
Gata4	-15.193168	-11.739289
Scn3b	-18.719528	-15.265651
Rskr	-17.179083	-13.725205
Ndufaf8	-11.019837	-7.5659595
Aldoc	-16.682646	-13.228768
Fam71a	-13.5377445	-10.083866
Lncppara	-14.380061	-10.926183
Dynlt1a	-15.340804	-11.886926
Marcksl1	-14.280807	-10.826928
Mrpl22	-12.178498	-8.72462
Ddi1	-15.541474	-12.087596
Sec13	-11.198752	-7.7448745
Klhl35	-17.420244	-13.966367
Abi2	-12.245638	-8.7917595
Flcn	-13.785054	-10.331176
Capn7	-12.859693	-9.405814
Capn5	-13.720066	-10.266188
Cntf	-16.29178	-12.837902
Ccn4	-14.876498	-11.42262
Gm14409	-17.738699	-14.2848215
Fam43a	-14.571116	-11.117238
Hist1h2bn	-18.208702	-14.754825
Stkld1	-19.124992	-15.671115
Cxxc1	-12.326495	-8.872617
Stk26	-13.227839	-9.773961
Ptpn13	-14.807506	-11.353627
Tprkb	-12.841793	-9.387915
Rragb	-14.608655	-11.154777
Echdc3	-13.3997755	-9.945897
Vegfd	-14.179786	-10.725907
Vangl2	-15.613448	-12.15957
Gzf1	-12.718939	-9.26506
D16Ertd472e	-12.436016	-8.982138
Gm50100	-15.448693	-11.994815
Itga4	-12.806927	-9.353048
Gm14055	-19.81814	-16.364264
Sbk3	-18.431845	-14.977967
Nsmce1	-11.46913	-8.015251
Stard8	-13.691272	-10.237393
Astn2	-13.715582	-10.2617035
Ddit4l	-13.45339	-9.999512
Tor4a	-14.308752	-10.854874
Olfr77	-17.420244	-13.966367
Usp15	-11.570921	-8.117043
2810433D01Rik	-13.1297865	-9.675908
Shf	-14.065568	-10.61169
Gm17024	-16.011478	-12.5576
Angptl1	-17.620916	-14.167038
Gm42984	-16.682646	-13.228768
Wdr18	-12.066666	-8.612787
Sox9	-12.943942	-9.490064
Pilra	-19.81814	-16.364264
Tas1r3	-17.420244	-13.966367
Csnk2a1	-10.414786	-6.9609084
Tspan9	-12.854005	-9.400126
Ltc4s	-18.431845	-14.977967
Tmem273	-19.124992	-15.671115
Tnni3	-14.905486	-11.451608
Hoxc6	-16.522303	-13.068425
Grik5	-12.881798	-9.427919
Catip	-16.080471	-12.626593
Mcrip1	-10.954808	-7.5009303
Mettl5	-12.628219	-9.17434
Sema4c	-13.684743	-10.230865
Enpp4	-12.992681	-9.538802
Micos13	-10.590058	-7.1361804
Ago3	-12.152388	-8.698509
Cdkl5	-11.343437	-7.8895593
Stk32b	-14.466283	-11.012404
Clec11a	-12.713176	-9.259297
Gm31545	-19.124992	-15.671115
Iqub	-16.640087	-13.186209
Tg	-17.045551	-13.591674
1700016P03Rik	-16.773619	-13.31974
Khsrp	-12.318717	-8.864839
Gm28836	-18.719528	-15.265651
Selenon	-12.625958	-9.17208
Pycr1	-13.493782	-10.039904
Gpr137c	-14.022083	-10.568205
Gm38182	-17.045551	-13.591674
Rnf6	-11.538697	-8.084819
Miga1	-13.458567	-10.004688
Eif2b4	-12.451064	-8.997186
Mboat7	-12.950167	-9.496288
Dync2li1	-12.347917	-8.894038
Neil1	-14.337502	-10.883623
Map3k10	-12.213744	-8.759866
Msrb2	-12.87695	-9.423072
Dnajc24	-12.884718	-9.43084
Xpot	-12.755093	-9.301214
Nol7	-10.260954	-6.807076
Ceacam16	-19.124992	-15.671115
Medag	-13.398146	-9.944267
Nup210	-16.560043	-13.106166
Elp5	-11.9973	-8.543422
Pcid2	-12.951207	-9.497329
Gm14027	-17.87223	-14.418353
Kif5b	-9.755984	-6.3021064
Nfatc1	-13.269921	-9.816043
Fbxo7	-13.742795	-10.288917
Rps17	-8.820702	-5.3668237
A630023A22Rik	-16.522303	-13.068425
Abca7	-14.371404	-10.917525
Itga2b	-14.2966795	-10.842801
Gm47015	-19.124992	-15.671115
Zfp365	-12.665872	-9.211993
Ccdc186	-11.363036	-7.909158
Rngtt	-12.899446	-9.445567
Myh7b	-19.81814	-16.364264
Nasp	-11.92681	-8.472932
Adamts6	-12.944977	-9.491098
9130017K11Rik	-18.431845	-14.977967
Far2	-17.738699	-14.2848215
Panx1	-17.738699	-14.2848215
Mbnl2	-9.948261	-6.4943833
Dusp16	-12.698505	-9.244627
Bbs7	-13.481315	-10.027436
Igsf6	-19.81814	-16.364264
Mphosph6	-12.077911	-8.624033
Col9a3	-18.431845	-14.977967
Lbhd2	-16.262793	-12.808914
Hist1h2bm	-17.253191	-13.799314
Dmwd	-12.129228	-8.675349
Btbd8	-14.325079	-10.871201
Yars2	-13.695648	-10.24177
Surf4	-11.251016	-7.7971377
Il1rapl2	-19.124992	-15.671115
Bard1	-15.691007	-12.237128
Mid1	-13.656934	-10.203055
Gm31763	-17.620916	-14.167038
Trim2	-13.281449	-9.827571
Cdh13	-9.955319	-6.5014415
Slc35d2	-14.490265	-11.0363865
Fgf16	-14.438243	-10.9843645
Adam30	-15.740603	-12.286725
Bmpr1a	-10.390192	-6.936314
Rad9a	-13.995095	-10.541217
Cacul1	-12.648021	-9.194142
Gla	-14.124409	-10.67053
Nat14	-12.265903	-8.812025
D430042O09Rik	-13.11618	-9.662302
Nagpa	-12.335459	-8.88158
Gm46565	-18.719528	-15.265651
Phykpl	-13.262784	-9.808906
Edf1	-9.636567	-6.182689
Ppat	-13.251469	-9.79759
Cdc20	-15.946939	-12.493061
Gast	-18.208702	-14.754825
Gm34921	-19.124992	-15.671115
Fam174b	-14.081569	-10.62769
Kazn	-15.866897	-12.413018
Herpud2	-11.826887	-8.373009
9330162012Rik	-16.080471	-12.626593
Dnajc6	-17.87223	-14.418353
Echdc2	-12.811445	-9.357567
Gm16897	-16.384153	-12.930275
Zc3h3	-13.957355	-10.503476
Mrpl9	-12.200873	-8.746995
Kif16b	-13.184822	-9.730944
Irf2bpl	-11.715252	-8.2613735
Mad2l1bp	-13.139799	-9.685921
Gm3646	-17.87223	-14.418353
Ccl24	-18.431845	-14.977967
Usp38	-13.394894	-9.941015
D030040B21Rik	-18.208702	-14.754825
Rpap2	-13.100336	-9.646458
Ppp1r14a	-8.7311945	-5.2773166
Pmm1	-11.411655	-7.9577775
Elavl1	-11.4817505	-8.027872
Arhgef28	-14.485422	-11.031544
Tssk6	-16.129261	-12.675383
Gm33699	-17.738699	-14.2848215
Amph	-16.485935	-13.032058
Pdk2	-12.892546	-9.438667
Gm17203	-16.822409	-13.36853
Otx1	-19.124992	-15.671115
Slc36a3os	-14.96611	-11.512232
Fam185a	-14.216022	-10.762143
Nelfcd	-13.055411	-9.601533
Cnot2	-12.2420435	-8.788165
Psmb10	-12.79795	-9.344071
C430042M11Rik	-19.124992	-15.671115
Prps2	-12.368643	-8.914764
Ccdc148	-15.448693	-11.994815
5330434G04Rik	-17.620916	-14.167038
Tjap1	-13.262784	-9.808906
Prr14l	-13.306396	-9.852517
Gm12840	-12.771494	-9.3176155
Mm2pr	-17.620916	-14.167038
1700008J07Rik	-14.471033	-11.017155
Smarca5	-10.495901	-7.042023
Cog8	-12.51228	-9.058402
Gm12898	-16.927769	-13.47389
Setdb1	-12.884718	-9.43084
Urb2	-14.4020405	-10.948162
Gm32036	-14.700147	-11.246268
Vps36	-11.482229	-8.028351
Tmem128	-12.217738	-8.76386
Bdkrb1	-17.333233	-13.879355
Carhsp1	-12.231338	-8.777459
Pmp22	-10.682739	-7.2288613
Pdhb	-11.803474	-8.349596
Cd3eap	-12.640358	-9.18648
Zbp1	-15.081943	-11.628064
Gm47061	-17.11009	-13.656212
Nr2c1	-13.287263	-9.8333845
Erfe	-17.87223	-14.418353
Arsi	-18.02638	-14.572503
Sod2	-10.810651	-7.356773
Rraga	-11.360698	-7.90682
Rab11b	-10.732118	-7.2782397
Gm39383	-19.81814	-16.364264
2410004P03Rik	-19.81814	-16.364264
Srrm4os	-18.719528	-15.265651
Kcnj2	-19.81814	-16.364264
Tomm34	-12.320379	-8.866501
Nek9	-11.481511	-8.027633
Miip	-13.530282	-10.076404
Padi4	-18.719528	-15.265651
March7	-11.711928	-8.25805
Med13l	-11.590231	-8.136353
Mapk3	-11.33182	-7.8779416
Prrc2a	-11.404976	-7.951098
Gm43847	-15.005957	-11.552078
Gm45542	-17.420244	-13.966367
Tpbgl	-19.124992	-15.671115
Mapk11	-17.333233	-13.879355
A430078I02Rik	-17.333233	-13.879355
Mvk	-12.49365	-9.039772
Tnc	-12.767151	-9.313272
Prpf8	-11.593977	-8.140099
1700007L15Rik	-15.906117	-12.452239
4930520O04Rik	-12.87309	-9.419211
Foxf1	-13.691272	-10.237393
Rnf114	-12.794382	-9.340504
Cnot10	-11.9510355	-8.497157
Mecr	-12.799739	-9.3458605
Mex3a	-14.942944	-11.489065
Pcdhga11	-14.981859	-11.527981
1700064M15Rik	-19.81814	-16.364264
Rhbdd3	-13.87797	-10.424091
Gm46430	-13.640197	-10.186318
Gm44812	-19.124992	-15.671115
Ube2r2	-10.576495	-7.1226172
Gli2	-13.804425	-10.350547
Lipa	-12.375062	-8.921184
Tcf4	-10.729968	-7.27609
Limk2	-13.826676	-10.372798
Eri2	-14.341678	-10.887799
4933409K07Rik	-16.450844	-12.996966
Aatf	-13.053102	-9.599223
Aff2	-13.208792	-9.754913
Gm21284	-17.738699	-14.2848215
Exoc1	-12.784635	-9.330756
Gm30025	-13.166569	-9.71269
Zfp622	-12.26748	-8.8136015
D830035M03Rik	-16.682646	-13.228768
Dolpp1	-13.915507	-10.461629
Gm15873	-17.738699	-14.2848215
Prps1	-13.142318	-9.688439
Csf1	-12.231845	-8.7779665
Tm2d2	-11.183698	-7.72982
Gm43149	-16.180553	-12.726676
Klf13	-10.535201	-7.081323
Rora	-11.013215	-7.559337
Gm41349	-16.927769	-13.47389
Shank2	-16.450844	-12.996966
Tnfaip2	-19.124992	-15.671115
Cwc25	-12.355926	-8.902047
Srsf10	-10.876203	-7.4223247
Gm34093	-16.384153	-12.930275
Gm49422	-17.87223	-14.418353
Pdcd6ip	-11.050034	-7.5961556
Adat1	-14.284751	-10.830873
Calcoco1	-11.506989	-8.05311
Ttc9	-16.560043	-13.106166
Zfp334	-13.697844	-10.243965
Lin54	-13.619662	-10.165784
Hivep1	-11.841888	-8.38801
Dnah2	-18.719528	-15.265651
Fam78a	-19.124992	-15.671115
Cd81	-8.961413	-5.5075355
5830487J09Rik	-16.727098	-13.27322
Dusp15	-19.81814	-16.364264
Celsr1	-15.866897	-12.413018
Col6a1	-10.426646	-6.9727683
Nmt1	-11.182098	-7.7282205
Sult1a1	-12.619957	-9.166079
Stat2	-13.82918	-10.375301
4930417O22Rik	-15.411422	-11.957543
Hsd17b14	-19.81814	-16.364264
Irx1	-18.719528	-15.265651
Gas1	-11.819134	-8.365255
Gm39090	-17.420244	-13.966367
Mpc2	-10.010724	-6.556846
Fbxw7	-12.761104	-9.307225
Plvap	-12.812352	-9.358474
Ttc37	-12.391592	-8.937714
Pak7	-17.738699	-14.2848215
Chtf18	-15.675006	-12.2211275
Gm14964	-14.958328	-11.50445
Skap2	-11.639221	-8.185343
Fzr1	-12.852117	-9.398238
Zcchc14	-11.912331	-8.458452
AC241534.1	-14.942944	-11.489065
Nckap5	-19.81814	-16.364264
C1qtnf4	-14.749237	-11.295359
Lrrd1	-15.691007	-12.237128
Hcrtr1	-18.431845	-14.977967
Rplp2	-8.427044	-4.973166
Gm15558	-17.87223	-14.418353
Ccdc66	-12.566087	-9.112208
Peak1	-12.104356	-8.650477
Fkbp7	-10.909446	-7.455568
Hectd2	-13.526571	-10.072693
Zfand1	-13.26706	-9.813182
Mfsd2b	-16.522303	-13.068425
She	-18.719528	-15.265651
Sorcs2	-17.515554	-14.061677
Tapt1	-12.679274	-9.225395
Bcl2l1	-12.317059	-8.86318
Prdx4	-9.911309	-6.4574313
2310034G01Rik	-15.4614315	-12.007553
Nfrkb	-13.0919075	-9.638029
Psmg2	-11.829597	-8.375719
Arpc1b	-9.600098	-6.14622
4833439L19Rik	-11.467002	-8.0131235
Mia	-11.744738	-8.290859
Vsnl1	-19.81814	-16.364264
Kpna2	-13.920987	-10.467109
Eef1a2	-15.569646	-12.1157675
Dnm1	-17.045551	-13.591674
Abce1	-11.80546	-8.351582
Gm48529	-12.669795	-9.215917
Slc39a11	-15.055966	-11.602088
Sytl5	-13.896563	-10.442684
Gm7628	-16.560043	-13.106166
Bloc1s6	-12.69125	-9.237371
Tmem101	-12.964842	-9.510963
Pigp	-10.75839	-7.3045125
A730011C13Rik	-15.792789	-12.338911
Gm34121	-16.640087	-13.186209
Hus1b	-18.431845	-14.977967
AC159140.1	-19.124992	-15.671115
Arpc5	-11.163275	-7.709397
Dele1	-12.712355	-9.258476
Ndufs5	-9.673434	-6.2195563
Ssrp1	-11.550692	-8.096813
Mdk	-13.484861	-10.030983
Zfp664	-12.015523	-8.561645
Tmem9b	-13.208792	-9.754913
Trim12c	-12.968015	-9.514136
Gm29054	-16.05694	-12.603063
Bicral	-12.322043	-8.868165
Gm44987	-18.719528	-15.265651
Zfp398	-12.815985	-9.362106
Cadm3	-19.81814	-16.364264
Rfwd3	-13.717822	-10.263944
Phf1	-12.613248	-9.159369
Gm42700	-19.81814	-16.364264
Ccser2	-10.476772	-7.0228944
Gm43696	-14.410969	-10.95709
Gm20544	-15.847849	-12.3939705
Enoph1	-13.667538	-10.213659
Bace1	-11.725289	-8.271411
Uck2	-13.170452	-9.716574
Hspa5	-9.532525	-6.078647
Akap13	-10.665429	-7.211551
Fam89b	-11.408755	-7.9548774
Puf60	-11.304354	-7.850476
Gm9903	-17.253191	-13.799314
Gm46620	-16.450844	-12.996966
Vipr2	-18.431845	-14.977967
Pes1	-12.63124	-9.1773615
Zkscan4	-15.555461	-12.101583
Pdzd7	-17.87223	-14.418353
Gm48898	-19.124992	-15.671115
Oscar	-19.124992	-15.671115
Gm44096	-19.81814	-16.364264
Aimp2	-11.835383	-8.381505
Zfhx2	-13.742795	-10.288917
Sf1	-11.657051	-8.203173
Gm12278	-18.431845	-14.977967
Gm11149	-16.234621	-12.780744
Gm47644	-14.942944	-11.489065
Agtpbp1	-11.722238	-8.268359
Dhrs7c	-17.253191	-13.799314
Alkbh3	-12.575343	-9.121465
Ifitm10	-13.831689	-10.3778105
Gm47425	-16.727098	-13.27322
Maged2	-11.340729	-7.886851
Zfp521	-16.522303	-13.068425
Borcs5	-13.391652	-9.937774
Gm15491	-17.045551	-13.591674
Rhno1	-13.38199	-9.928112
Trappc8	-12.387434	-8.933556
Gm20109	-16.599264	-13.145387
Orai3	-12.005358	-8.551479
Calcrl	-12.487736	-9.033857
4930525G20Rik	-16.822409	-13.36853
Prob1	-15.411422	-11.957543
Chka	-12.037003	-8.583124
C030004G16Rik	-13.335033	-9.881155
Slc25a2	-18.719528	-15.265651
Dock9	-13.245858	-9.79198
Unc5c	-11.437684	-7.983806
Gpn2	-13.6464405	-10.192562
Folh1	-17.420244	-13.966367
H2-T24	-18.431845	-14.977967
Hoxa2	-13.989195	-10.535316
8030462N17Rik	-12.793491	-9.339613
Mien1	-11.231794	-7.7779164
Actr3b	-14.406495	-10.952617
Syce2	-14.201369	-10.747491
B930094E09Rik	-16.927769	-13.47389
Fos	-8.550604	-5.0967264
Slc29a2	-15.584034	-12.130156
Pym1	-13.443116	-9.989238
Gm47117	-18.431845	-14.977967
S100a10	-10.243644	-6.789766
Caml	-12.0897255	-8.635847
Atad2	-12.754237	-9.300359
Ndufb11	-9.748969	-6.295091
Atf1	-11.977041	-8.523163
Ripor3	-19.124992	-15.671115
Nudt4	-9.296256	-5.8423786
Ralgapa1	-11.635861	-8.181983
Gm28557	-14.320972	-10.867094
Cdrt4	-17.420244	-13.966367
Wwtr1	-11.010669	-7.556791
B630019K06Rik	-14.876498	-11.42262
Nup85	-12.838065	-9.384187
Chaf1b	-15.792789	-12.338911
Gm4673	-15.253793	-11.799914
Osgin2	-13.545264	-10.091386
Gtf2f1	-11.97116	-8.517282
Dmc1	-15.500652	-12.046774
Gm3550	-17.87223	-14.418353
Enkd1	-14.227154	-10.773275
Orai1	-12.439133	-8.985254
Slc3a1	-17.333233	-13.879355
Sptb	-16.873701	-13.419824
Ighmbp2	-14.169167	-10.715288
Perp	-11.133571	-7.6796927
Gm40841	-18.431845	-14.977967
Chdh	-16.129261	-12.675383
Ddn	-18.719528	-15.265651
Gm44066	-17.515554	-14.061677
Smim11	-10.528158	-7.0742803
Acan	-11.815782	-8.361903
Erbb2	-14.091293	-10.637415
Smim1	-12.589752	-9.135874
Mlph	-15.090753	-11.636874
C1ql3	-16.927769	-13.47389
Ganc	-12.9234705	-9.469592
Ska3	-17.620916	-14.167038
Dnmt3aos	-18.208702	-14.754825
Gm26766	-18.431845	-14.977967
Gnptg	-12.7864	-9.332521
Stxbp6	-15.487408	-12.033529
Crebl2	-12.501593	-9.047714
E130006D01Rik	-13.932036	-10.478158
B230217O12Rik	-15.527681	-12.073803
9330104G04Rik	-15.183412	-11.729533
Cfap299	-17.87223	-14.418353
Catsperd	-18.719528	-15.265651
Exosc1	-12.261713	-8.807835
Tor2a	-12.704185	-9.250306
Mfn2	-12.000918	-8.54704
Zfp871	-11.846365	-8.392487
Gpr85	-19.124992	-15.671115
Nebl	-13.321365	-9.867487
Ccdc130	-13.458567	-10.004688
Bap1	-13.195404	-9.741526
Wdr83	-12.535379	-9.081501
Nt5dc1	-13.269921	-9.816043
A330048O09Rik	-16.262793	-12.808914
Gm15608	-17.87223	-14.418353
Il18r1	-19.81814	-16.364264
Gask1a	-14.862314	-11.408436
Atf3	-10.246566	-6.792688
Hsp90b1	-9.367226	-5.9133477
Alg3	-13.128542	-9.674664
Alx4	-19.124992	-15.671115
Plcl1	-12.540893	-9.087014
Trappc3l	-18.431845	-14.977967
1700030K09Rik	-14.242191	-10.788313
Llph	-11.469603	-8.015724
Gm49891	-19.81814	-16.364264
Chpt1	-10.333203	-6.8793254
Atp6v0e	-9.906189	-6.452311
Plxna1	-13.319859	-9.86598
Pole2	-15.223021	-11.769142
Smn1	-12.179461	-8.725582
Spint1	-19.81814	-16.364264
Uchl3	-12.737273	-9.283395
Gm28867	-18.719528	-15.265651
Rela	-11.556098	-8.10222
Tlnrd1	-13.633992	-10.180114
Dnah17	-18.02638	-14.572503
Csde1	-9.846201	-6.392323
Ahrr	-17.87223	-14.418353
Epb41l2	-11.950652	-8.496774
Bcas2	-11.124309	-7.6704307
Plekha3	-11.778338	-8.32446
Crcp	-13.001405	-9.547526
Mark4	-13.236115	-9.782237
Slc2a1	-12.237441	-8.783563
Hspa4l	-11.877201	-8.423323
Tnip1	-13.133529	-9.67965
Ppt1	-11.149944	-7.6960664
Ncmap	-17.179083	-13.725205
Gm49201	-16.640087	-13.186209
Tmeff1	-16.129261	-12.675383
Gda	-17.179083	-13.725205
Kdm7a	-12.446023	-8.992145
Myo1c	-10.571276	-7.117398
Rbks	-15.474336	-12.020457
Spty2d1	-11.969988	-8.516109
Nme3	-14.471033	-11.017155
Nelfa	-12.778481	-9.324602
CAAA01118383.1	-12.4453945	-8.991516
Tigar	-14.075137	-10.621259
Arfgap1	-12.636549	-9.182671
Rad51ap2	-13.3835945	-9.929716
Rgs7	-12.44791	-8.994032
Gm43328	-15.500652	-12.046774
Flnc	-11.27236	-7.818482
Gm49625	-18.208702	-14.754825
Tex43	-19.81814	-16.364264
Arhgap30	-19.81814	-16.364264
Bnc2	-19.124992	-15.671115
Gm32624	-19.81814	-16.364264
Atp6v1g1	-10.074118	-6.6202397
Cers6	-15.3072815	-11.853403
Mob3b	-14.031243	-10.577365
Nras	-12.523085	-9.069206
3110009E18Rik	-13.319859	-9.86598
Nexn	-9.509021	-6.0551434
Slc9a5	-17.253191	-13.799314
Gsn	-8.904726	-5.4508486
Asb5	-13.846879	-10.393001
Tbx15	-14.742967	-11.289088
Als2cl	-15.659258	-12.2053795
Stx8	-11.762666	-8.308787
Rxrb	-12.343936	-8.890058
Gmpr	-12.939815	-9.485936
Bud13	-13.669673	-10.215795
Gm43625	-16.560043	-13.106166
Gm15408	-16.522303	-13.068425
Atf7ip	-11.842576	-8.388698
Gfod2	-13.689091	-10.235212
Sept4	-13.259943	-9.806065
Npm1	-9.2488	-5.7949224
Csgalnact2	-11.646258	-8.19238
Rsph3b	-14.308752	-10.854874
Rorc	-17.738699	-14.2848215
Alx1	-16.321632	-12.867755
Gm10053	-14.736736	-11.282858
Uqcrq	-9.741835	-6.2879567
Cct2	-10.471349	-7.017471
Tepp	-17.87223	-14.418353
Ctxn1	-12.963786	-9.509908
Htr2a	-14.158659	-10.704781
1700109K24Rik	-18.431845	-14.977967
Gm28417	-19.81814	-16.364264
Ssbp1	-11.34741	-7.8935323
Gm45163	-17.11009	-13.656212
Gm47948	-19.81814	-16.364264
Ahcyl1	-11.112312	-7.6584344
Rapgef3	-16.104568	-12.65069
Sf3b2	-10.491529	-7.0376515
Vmn1r13	-18.208702	-14.754825
Cep68	-13.530282	-10.076404
Gm9922	-16.560043	-13.106166
Ifih1	-14.807506	-11.353627
Arhgap17	-12.281243	-8.827365
Nrarp	-15.643753	-12.189875
Gnat2	-17.253191	-13.799314
Id1	-10.067105	-6.6132274
Bhlhe40	-13.477781	-10.023903
Gm26619	-16.984926	-13.531049
Ncan	-15.352233	-11.898355
Ddx11	-15.555461	-12.101583
Ctns	-13.729095	-10.275217
Clcn4	-11.356461	-7.9025826
Dipk1b	-13.319859	-9.86598
Clip1	-10.790402	-7.3365245
A930006L05Rik	-17.738699	-14.2848215
Paox	-13.178265	-9.724386
Bclaf1	-10.910257	-7.4563794
Lyz1	-19.81814	-16.364264
Gm6133	-15.375489	-11.921611
Gm4258	-14.3333435	-10.879465
Dlg4	-12.733076	-9.279198
Ppp2r5e	-11.784482	-8.330604
Dgcr2	-12.499601	-9.045723
Dgkeos	-16.640087	-13.186209
Triqk	-12.206793	-8.752914
Pknox2	-13.951673	-10.497794
Nrtn	-11.330171	-7.8762927
Bcas3os2	-17.420244	-13.966367
Mphosph8	-11.377613	-7.923735
Pramef12os	-18.02638	-14.572503
Pcdhga12	-14.276877	-10.822999
Pabpc5	-15.555461	-12.101583
Gm43020	-19.81814	-16.364264
Polr2g	-11.342186	-7.888308
Pttg1ip	-10.72366	-7.2697825
Tmem154	-14.630754	-11.176876
Ces2e	-19.81814	-16.364264
Adgrg1	-15.866897	-12.413018
Slc39a13	-12.186224	-8.732346
Ralb	-12.092811	-8.638932
Dnlz	-11.291195	-7.837317
Mospd3	-13.2829	-9.829021
Tnf	-19.81814	-16.364264
Gm16083	-19.81814	-16.364264
Gm31513	-16.560043	-13.106166
A730049H05Rik	-15.989499	-12.535621
Taf5	-13.298993	-9.845115
Ntf3	-11.019686	-7.565808
1700008O03Rik	-15.792789	-12.338911
Gm26944	-17.179083	-13.725205
G3bp2	-11.045686	-7.591808
Gm14817	-18.208702	-14.754825
Sema4a	-16.104568	-12.65069
Mbd3	-11.089876	-7.6359982
Plekhn1	-12.834351	-9.380472
2210016L21Rik	-11.291987	-7.8381095
Inafm1	-12.40056	-8.946682
Ppp1r3b	-12.705813	-9.251935
Gm45897	-16.640087	-13.186209
Gm9750	-18.719528	-15.265651
Senp7	-12.07184	-8.617962
Adam21	-18.719528	-15.265651
Hsd17b1	-17.045551	-13.591674
Angpt1	-15.24343	-11.789552
Dlgap5	-18.431845	-14.977967
Gm48682	-18.02638	-14.572503
Rnf208	-19.81814	-16.364264
Siva1	-10.926629	-7.472751
Gpr137b	-13.607541	-10.153663
Rif1	-11.993295	-8.539416
Gm10516	-15.352233	-11.898355
BC004004	-11.771912	-8.318033
Ppp2r3c	-12.610281	-9.156403
Hdgfl2	-12.245638	-8.7917595
Ndufs2	-10.661623	-7.207745
Rad17	-12.247698	-8.793819
Tm7sf3	-12.206793	-8.752914
Zfp503	-12.130143	-8.676265
Camk2g	-10.964618	-7.51074
A930037H05Rik	-15.866897	-12.413018
Sema5a	-10.869815	-7.415937
Ksr1	-13.893885	-10.440006
Igf2bp3	-14.664849	-11.210971
Wscd1	-19.81814	-16.364264
Sft2d2	-11.702023	-8.248144
Gm13571	-16.180553	-12.726676
9230112J17Rik	-13.436325	-9.982447
Rcc1	-14.380061	-10.926183
Sorbs3	-12.888624	-9.434746
Tbccd1	-13.814254	-10.360375
Adra2a	-17.620916	-14.167038
Dgki	-15.92632	-12.472442
Gm43017	-17.179083	-13.725205
Wscd2	-11.857818	-8.403939
Spcs3	-11.762666	-8.308787
Pcdhga3	-15.810807	-12.356929
Fbxo16	-16.727098	-13.27322
9330020H09Rik	-14.827708	-11.37383
Pik3c3	-13.020201	-9.566322
Gm11767	-18.431845	-14.977967
Gm13283	-19.124992	-15.671115
Pdgfrl	-13.095511	-9.641633
Slc7a10	-19.124992	-15.671115
Gm49380	-15.906117	-12.452239
Bnip3	-11.952569	-8.498691
Actrt3	-18.719528	-15.265651
Gm16892	-17.515554	-14.061677
Ak6	-11.767118	-8.31324
Kat2a	-13.515522	-10.061644
Tcte2	-16.180553	-12.726676
Nudt11	-14.265182	-10.811303
Rars	-11.732654	-8.278775
A230077H06Rik	-18.02638	-14.572503
Mblac2	-13.513692	-10.0598135
Gm11613	-16.080471	-12.626593
Traf7	-11.914544	-8.460666
Atp5f1	-9.948107	-6.494229
Armc10	-12.81054	-9.356662
Six1	-13.977499	-10.523621
Slc6a2	-19.81814	-16.364264
Iars	-12.651103	-9.197225
Cenpe	-16.522303	-13.068425
Arpp19	-10.264494	-6.810616
Slc25a42	-14.761895	-11.308017
Ufsp2	-11.546593	-8.092714
Dnah8	-14.664849	-11.210971
Gm43137	-17.87223	-14.418353
Dnaja2	-10.8835535	-7.4296756
Nkx3-1	-16.234621	-12.780744
Brdt	-14.320972	-10.867094
Gm48740	-18.02638	-14.572503
2900060N12Rik	-16.984926	-13.531049
Rtp4	-16.234621	-12.780744
Gm13558	-17.179083	-13.725205
AI838599	-12.101234	-8.647356
Itgb3bp	-12.926515	-9.472636
Slc4a4	-13.717822	-10.263944
Lsm14a	-11.746298	-8.292419
B230217C12Rik	-14.0848	-10.630921
Hmgn3	-10.555018	-7.1011405
Tgfb3	-11.590231	-8.136353
Fignl1	-17.045551	-13.591674
Tut1	-14.169167	-10.715288
Gm49479	-16.640087	-13.186209
A330084C13Rik	-16.522303	-13.068425
Hoxa7	-14.935339	-11.481461
4933406I18Rik	-18.431845	-14.977967
Hist1h1d	-15.598633	-12.144754
Irf5	-14.950606	-11.496728
Arid3b	-13.910058	-10.45618
Olfr1238	-17.87223	-14.418353
Sirt1	-12.436639	-8.98276
R3hdm2	-11.037968	-7.5840898
Gm50315	-18.431845	-14.977967
Luc7l3	-10.88725	-7.433372
Tbpl1	-12.509598	-9.055719
4930470G03Rik	-16.727098	-13.27322
Hoxc11	-19.81814	-16.364264
S1pr3	-17.738699	-14.2848215
Rhoj	-10.647998	-7.19412
Isy1	-12.492333	-9.038455
Ppp1r26	-15.17375	-11.7198715
Haus3	-13.470752	-10.016873
Tigd2	-12.546437	-9.092559
Gm14866	-18.719528	-15.265651
Bdh1	-13.1064005	-9.652522
Polr2m	-10.830319	-7.3764415
Trim58	-13.745096	-10.291218
St6galnac2	-17.253191	-13.799314
Gldn	-12.081397	-8.627519
AC168977.1	-19.81814	-16.364264
Aqp1	-10.810039	-7.3561606
Clk4	-11.882911	-8.429032
Gtf2a1	-12.387434	-8.933556
Spem1	-16.234621	-12.780744
Ppp1r9b	-12.42242	-8.968541
Gm41505	-16.416943	-12.963065
Sult5a1	-18.208702	-14.754825
Gm16339	-18.719528	-15.265651
Oacyl	-18.719528	-15.265651
Abhd11	-12.535379	-9.081501
9130230L23Rik	-19.81814	-16.364264
Cntnap3	-18.719528	-15.265651
2510046G10Rik	-14.736736	-11.282858
Klhdc3	-12.245638	-8.7917595
Gnal	-16.822409	-13.36853
Spata17	-19.81814	-16.364264
Atp5b	-9.4518	-5.9979224
Preb	-12.327611	-8.873733
Bri3bp	-13.467255	-10.013376
Zfp281	-11.674333	-8.220454
Bola3	-10.968914	-7.515036
Cdt1	-15.92632	-12.472442
Zpbp2	-19.124992	-15.671115
Ap1g2	-15.193168	-11.739289
Glrx	-12.622204	-9.168325
Rgs9	-18.208702	-14.754825
Pea15a	-11.371156	-7.917278
Banf2os	-17.515554	-14.061677
Zbtb22	-13.070554	-9.616675
Slc30a4	-13.041634	-9.587755
Dohh	-11.503308	-8.04943
Ercc1	-11.988112	-8.534234
Spata33	-15.500652	-12.046774
F2r	-11.981771	-8.527893
Ccdc78	-19.124992	-15.671115
Cpped1	-12.572486	-9.1186075
D230025D16Rik	-13.359802	-9.905924
Gapvd1	-11.7725525	-8.318674
Lims1	-10.959204	-7.505326
Lsamp	-18.431845	-14.977967
Sc5d	-12.73224	-9.278361
Gm47163	-17.179083	-13.725205
Pja2	-10.862048	-7.40817
Cd247	-18.719528	-15.265651
Zfp759	-15.039018	-11.585139
Ube2u	-18.208702	-14.754825
Mri1	-12.659627	-9.205749
Ank1	-14.973953	-11.520075
Gm15261	-13.775508	-10.32163
Gm16023	-15.584034	-12.130156
Errfi1	-10.956082	-7.5022044
Xrcc5	-12.744024	-9.290146
Hectd4	-12.912388	-9.458509
Heph	-15.329504	-11.875626
Scaf4	-13.017971	-9.564093
Sycp3	-17.333233	-13.879355
Tshz1	-11.964925	-8.511046
Abcb8	-13.564312	-10.110434
Cd209c	-18.431845	-14.977967
Slc9a8	-13.652723	-10.198845
Zfp979	-14.088041	-10.634163
Kcna2	-14.608655	-11.154777
Hist1h4j	-18.02638	-14.572503
Ctss	-18.719528	-15.265651
Scand1	-10.611809	-7.157931
Zfp868	-13.992141	-10.538262
Gm32687	-16.450844	-12.996966
Alg9	-13.575917	-10.122039
Myocd	-10.789083	-7.3352046
5830432E09Rik	-19.81814	-16.364264
Zfp563	-14.165651	-10.711773
Cenpb	-10.363757	-6.909879
Slc10a6	-15.363793	-11.909915
AV039307	-16.773619	-13.31974
Sacm1l	-11.917874	-8.463996
Cpsf4	-14.25362	-10.799742
Cldn6	-18.719528	-15.265651
Aph1b	-13.023554	-9.569675
Gm5602	-16.180553	-12.726676
Mcph1	-14.1311655	-10.677287
Slc11a1	-15.264264	-11.810386
Enc1	-15.675006	-12.2211275
Snrpn	-12.230324	-8.776445
Pcdhb4	-17.11009	-13.656212
Zmpste24	-11.805129	-8.351251
Sfxn1	-11.760447	-8.306568
Cryzl1	-11.883627	-8.429749
Prepl	-13.519192	-10.065313
Gm15675	-17.738699	-14.2848215
Mroh9	-18.431845	-14.977967
Tspan17	-12.553411	-9.099532
Snrpb2	-11.50748	-8.053601
Tor1a	-12.093694	-8.639815
Nktr	-11.031074	-7.5771956
Nrros	-17.515554	-14.061677
Slc39a7	-11.685434	-8.231556
Galnt11	-12.044967	-8.591088
Prkar1a	-10.1295805	-6.6757026
Rsph9	-13.087123	-9.6332445
Fam122a	-11.860964	-8.407085
Gm34939	-17.738699	-14.2848215
Noc2l	-12.841793	-9.387915
Zkscan8	-13.412912	-9.959034
Selenok	-9.686999	-6.233122
Syt4	-17.179083	-13.725205
Slc35e2	-13.673955	-10.220077
Trim7	-13.951673	-10.497794
Cdhr4	-18.431845	-14.977967
Hk2	-11.632512	-8.178634
Dnah7a	-16.416943	-12.963065
Gm49708	-12.117393	-8.663514
Tc2n	-15.613448	-12.15957
Hmg20a	-12.523085	-9.069206
Eif2d	-12.725567	-9.271688
Kat5	-12.598498	-9.14462
Gnaz	-14.172694	-10.718816
Hdac7	-12.635789	-9.1819105
Zfp687	-13.5662365	-10.112358
Mterf3	-12.29574	-8.841862
Trpt1	-13.521031	-10.067153
Plcd4	-17.620916	-14.167038
Arih2	-12.814167	-9.360289
Gm30015	-17.420244	-13.966367
Spaca1	-17.87223	-14.418353
Recql5	-14.597785	-11.143907
Anp32a	-10.749019	-7.2951407
Ccdc166	-16.522303	-13.068425
Chmp4b	-10.569638	-7.1157603
Gm50240	-13.625778	-10.1719
Ppp2ca	-10.694121	-7.2402434
Rbfox3	-17.620916	-14.167038
B3galt2	-17.253191	-13.799314
Psma3	-10.006111	-6.552233
Gm26511	-16.927769	-13.47389
Foxred2	-16.727098	-13.27322
Exo1	-18.719528	-15.265651
Mplkip	-12.05342	-8.599542
Gtf2a2	-10.9726515	-7.5187736
Gadd45gip1	-11.568304	-8.114426
Prkar1b	-16.416943	-12.963065
Aspn	-10.974381	-7.5205035
Fbxo2	-12.531949	-9.078071
Trim9	-19.81814	-16.364264
Btbd18	-19.124992	-15.671115
Kif7	-14.653355	-11.199476
Ptpn22	-19.81814	-16.364264
Zfp777	-13.558559	-10.104681
Tlcd2	-14.059239	-10.605361
Tada2b	-13.1435795	-9.689701
Gigyf2	-11.918987	-8.465109
Osbpl9	-11.07429	-7.6204123
Mapre1	-10.388344	-6.934466
Cenpk	-15.10861	-11.654732
Dhodh	-13.513692	-10.0598135
9930014A18Rik	-15.3072815	-11.853403
Agl	-11.881838	-8.427959
Zfp113	-13.530282	-10.076404
Dnm1l	-11.535405	-8.081527
Cntnap4	-18.719528	-15.265651
Anks6	-14.664849	-11.210971
Inca1	-15.1176605	-11.663782
Il27ra	-17.420244	-13.966367
Ttc30a2	-18.431845	-14.977967
BC037704	-17.253191	-13.799314
E230001N04Rik	-13.756684	-10.302806
Sdsl	-14.670647	-11.216768
Zfp84	-12.977594	-9.523716
Sumf2	-12.960627	-9.506748
Gas2	-15.183412	-11.729533
Map2k1	-12.153794	-8.699916
Gm26782	-12.392187	-8.938309
Qpct	-12.142594	-8.688716
Gm30122	-15.20302	-11.749142
Bex4	-11.881124	-8.427245
Gm29773	-17.253191	-13.799314
Nup107	-13.621696	-10.167818
Lrrc34	-19.81814	-16.364264
Sipa1l3	-13.974596	-10.520718
B4gat1	-12.102125	-8.648247
Adra1d	-14.647656	-11.193778
Rfc3	-13.519192	-10.065313
Gm44751	-16.450844	-12.996966
Plac9a	-15.886315	-12.432437
Dgkk	-15.099642	-11.645763
Ccdc7a	-18.02638	-14.572503
Maf1	-11.515875	-8.061996
1810021B22Rik	-14.608655	-11.154777
Samd12	-15.757698	-12.30382
Dynlt3	-10.616236	-7.162358
Slc25a51	-12.491017	-9.037139
Dhx9	-11.686316	-8.232437
Sorl1	-10.126486	-6.672608
Dcun1d5	-11.469366	-8.015488
Gnb5	-13.010206	-9.556328
Slc36a1	-14.736736	-11.282858
Plpp7	-13.45339	-9.999512
Tmem256	-10.014142	-6.560264
Sgsm2	-13.644355	-10.190476
Awat2	-17.11009	-13.656212
Hist1h2br	-17.045551	-13.591674
Lman2l	-12.730567	-9.276689
Tmem62	-13.87797	-10.424091
Fate1	-19.124992	-15.671115
Rps3a1	-7.7820554	-4.328178
3110070M22Rik	-14.242191	-10.788313
Il2ra	-19.81814	-16.364264
Gm19569	-18.431845	-14.977967
Twf1	-11.598276	-8.144398
Nol11	-12.250278	-8.7964
Abca2	-12.306616	-8.852737
Fkbp5	-12.885693	-9.431814
Tmbim1	-11.404088	-7.95021
Cfap157	-17.87223	-14.418353
Gm15510	-15.363793	-11.909915
Hax1	-12.069249	-8.615371
Aamp	-10.950291	-7.4964128
Lgals12	-19.81814	-16.364264
Fibin	-10.419911	-6.9660335
Gm44700	-15.500652	-12.046774
Zfp467	-11.659911	-8.206033
Insl6	-15.723796	-12.2699175
Exoc8	-13.230591	-9.776712
Alyref	-11.814444	-8.360565
Dusp6	-13.271356	-9.817477
Gm48079	-17.179083	-13.725205
4932702P03Rik	-19.81814	-16.364264
Gm15420	-18.02638	-14.572503
Gm37328	-17.515554	-14.061677
Ppm1j	-13.642274	-10.1883955
Tnfaip3	-14.827708	-11.37383
Pex5	-13.034816	-9.580937
Zxdb	-13.497373	-10.043494
Gm27241	-18.208702	-14.754825
Pot1a	-13.611565	-10.157686
Negr1	-16.927769	-13.47389
Wdr53	-13.162701	-9.708822
Gm10353	-16.727098	-13.27322
Cyb5d2	-13.706674	-10.252795
Taco1	-14.682343	-11.228464
6530413G14Rik	-16.599264	-13.145387
Glb1l2	-13.937608	-10.483729
1700028K03Rik	-17.738699	-14.2848215
3110082I17Rik	-13.717822	-10.263944
Gm34590	-17.620916	-14.167038
Sipa1	-13.613583	-10.159704
4833438C02Rik	-14.500021	-11.046143
B230303O12Rik	-16.682646	-13.228768
Dusp12	-12.792603	-9.338724
Mindy3	-11.856422	-8.402544
Trib3	-15.989499	-12.535621
Epc2	-11.604218	-8.150339
Naxe	-11.406975	-7.953097
Cc2d2a	-12.236931	-8.783052
Polr1a	-13.426224	-9.972345
AA386476	-15.514075	-12.060197
Pnpo	-13.421211	-9.967333
Gm26685	-16.873701	-13.419824
Lgals3	-11.301147	-7.8472695
Dbndd1	-18.208702	-14.754825
Mt2	-10.759321	-7.3054433
Gm29670	-18.431845	-14.977967
Gpatch8	-11.549409	-8.0955305
Calm2	-9.073344	-5.619467
Prpf3	-13.088317	-9.6344385
1500035N22Rik	-18.208702	-14.754825
5730409E04Rik	-12.648021	-9.194142
Gm20621	-19.81814	-16.364264
Gm26802	-11.399443	-7.9455647
Pcyt1a	-11.891899	-8.438021
6030407O03Rik	-18.431845	-14.977967
Vmn1r12	-16.822409	-13.36853
Myoc	-17.738699	-14.2848215
Bag5	-11.935449	-8.48157
Kcna5	-16.262793	-12.808914
1700066M21Rik	-14.827708	-11.37383
Zfp711	-17.87223	-14.418353
Map9	-13.888552	-10.434673
Pmepa1os	-16.984926	-13.531049
Gm9856	-14.194123	-10.740245
Tmem216	-13.178265	-9.724386
Platr10	-17.87223	-14.418353
Zxdc	-13.199402	-9.745523
Scara3	-11.90462	-8.450742
Mpdz	-11.502574	-8.048696
Osgep	-11.456199	-8.00232
Gm42893	-16.773619	-13.31974
Atxn1l	-13.033684	-9.579805
Cd36	-16.640087	-13.186209
Cul5	-11.589964	-8.1360855
Rhoq	-10.776929	-7.323051
Upf3b	-11.962596	-8.508718
Pabpc4	-12.289809	-8.835931
Bach2it1	-19.124992	-15.671115
4933433G15Rik	-15.675006	-12.2211275
Zfp992	-13.554743	-10.100864
Ethe1	-11.154772	-7.700894
Gm45464	-15.584034	-12.130156
Max	-12.169401	-8.715523
Prelid3b	-12.410823	-8.956944
Ptx3	-15.541474	-12.087596
Hist1h3c	-19.81814	-16.364264
Tmem202	-14.485422	-11.031544
Tbc1d31	-14.942944	-11.489065
Ctnnal1	-12.717289	-9.263411
Cldn12	-13.650624	-10.196746
Gm13625	-16.416943	-12.963065
Ilf2	-11.774798	-8.32092
Zfp932	-13.682576	-10.228698
Mkrn2	-12.669009	-9.215131
Cldn5	-16.773619	-13.31974
Snrpa1	-11.771272	-8.317393
AI467606	-19.81814	-16.364264
Plac8	-18.719528	-15.265651
Zkscan3	-11.883269	-8.429391
Olfml2a	-12.7082615	-9.254383
Ube2d3	-10.161386	-6.7075076
Liph	-18.02638	-14.572503
Fam180a	-16.522303	-13.068425
Pcdhgb2	-15.387324	-11.933446
Bcl6b	-17.738699	-14.2848215
Tgif1	-13.992141	-10.538262
Cox7c	-8.560121	-5.1062427
Exoc6b	-12.08402	-8.630141
Zfp947	-15.030649	-11.576771
Lrrc40	-13.631932	-10.178054
Kctd11	-13.998058	-10.54418
Lrp11	-15.989499	-12.535621
Dleu2	-11.530361	-8.076483
Aifm3	-18.719528	-15.265651
Large2	-18.719528	-15.265651
Abcf3	-12.811445	-9.357567
Icmt	-12.867326	-9.413447
4632427E13Rik	-12.38862	-8.934742
Agpat1	-12.966956	-9.513078
Aimp1	-10.514584	-7.0607057
Cep295	-12.827885	-9.374006
Dcps	-12.745719	-9.291841
Mindy1	-12.994855	-9.540977
Gm38563	-18.719528	-15.265651
Gm29585	-18.208702	-14.754825
Wwox	-13.804425	-10.350547
Fli1	-13.353553	-9.899674
Ift43	-10.537436	-7.0835576
9330118I20Rik	-18.02638	-14.572503
Metap2	-10.505605	-7.051727
Napepld	-11.598815	-8.144937
Nob1	-12.641887	-9.188008
Reps2	-16.599264	-13.145387
Gm7967	-19.81814	-16.364264
Gm26717	-18.02638	-14.572503
Dnajb3	-17.620916	-14.167038
Hdac4	-12.385657	-8.931779
Rpl23a	-8.845572	-5.3916945
Usp50	-13.421211	-9.967333
Stk4	-12.599231	-9.145352
Jmy	-11.860614	-8.406735
Ccl8	-19.124992	-15.671115
Ephx3	-17.253191	-13.799314
Paf1	-11.609377	-8.1554985
Cdk2	-13.875341	-10.421463
Otulin	-11.992097	-8.5382185
Cspp1	-12.155203	-8.701324
Il2rg	-18.719528	-15.265651
Zdhhc21	-12.5527115	-9.098833
Prag1	-15.555461	-12.101583
Cyfip2	-14.942944	-11.489065
Tsacc	-14.227154	-10.773275
B3gat2	-15.352233	-11.898355
Gm16740	-14.636357	-11.182479
Zfp12	-13.893885	-10.440006
Nova2	-17.87223	-14.418353
Rtcb	-11.6454115	-8.191533
Prkag3	-17.515554	-14.061677
Unc45a	-11.119793	-7.665915
Ssh2	-12.797057	-9.343179
Luc7l	-12.044126	-8.590247
Tmem14c	-10.629637	-7.175759
Fbln1	-14.097829	-10.64395
Pcdhgb4	-14.973953	-11.520075
Timp2	-9.376057	-5.9221787
Gm17529	-16.727098	-13.27322
Atg9a	-12.764555	-9.310677
Dnaaf4	-15.073209	-11.61933
Ephb2	-14.761895	-11.308017
Fam131a	-12.957478	-9.503599
Cul2	-12.510939	-9.05706
Cs	-11.460647	-8.006768
Ypel2	-12.385065	-8.931187
Adam11	-12.92855	-9.474671
Rnf43	-18.431845	-14.977967
Dnah7b	-15.810807	-12.356929
Rnf5	-12.362264	-8.908385
Ak2	-11.948357	-8.494478
Cfl2	-10.05248	-6.598602
Spag6	-17.420244	-13.966367
Rnaseh2b	-12.620706	-9.166827
Fbxo33	-12.991595	-9.537717
Tbp	-13.530282	-10.076404
Gm43091	-18.719528	-15.265651
Poglut1	-12.088845	-8.634967
Lrrc14b	-13.98333	-10.529451
Gyg	-11.831976	-8.378098
Mboat2	-13.745096	-10.291218
Slc26a2	-13.254285	-9.800406
Cenpm	-16.03395	-12.580072
Pnldc1	-13.272791	-9.8189125
Rab33a	-15.829157	-12.375278
Phax	-11.533889	-8.08001
Tiprl	-11.614837	-8.160958
Hif1an	-13.336564	-9.882686
Tnfaip1	-11.80911	-8.355231
Gm49490	-16.599264	-13.145387
Cd59b	-13.291646	-9.837768
Tprn	-15.039018	-11.585139
Kat8	-12.864456	-9.410578
Clspn	-15.866897	-12.413018
Zfp958	-14.056089	-10.602211
Stk33	-15.691007	-12.237128
Pld2	-13.287263	-9.8333845
Dnah5	-15.757698	-12.30382
Camk2b	-13.056568	-9.60269
Tiam1	-14.89816	-11.444282
Tex264	-11.693694	-8.239816
Gm45469	-18.719528	-15.265651
C030005K06Rik	-16.599264	-13.145387
Ak1	-12.108832	-8.654954
Zfp362	-12.519019	-9.065141
Rnf19b	-12.9894285	-9.53555
Gm45669	-16.207222	-12.753345
Gm10076	-8.79632	-5.342442
Cutc	-13.717822	-10.263944
Pdia5	-13.281449	-9.827571
Gm50115	-17.420244	-13.966367
Cbx1	-11.002177	-7.5482993
Gm46218	-15.792789	-12.338911
Trpc4	-18.431845	-14.977967
Ppm1n	-14.855296	-11.401418
Gm11915	-17.87223	-14.418353
1700084C06Rik	-17.11009	-13.656212
Rexo2	-9.673866	-6.2199883
Bud31	-11.765207	-8.311329
Gabbr1	-12.235911	-8.782033
Hoxa9	-17.333233	-13.879355
Qser1	-12.104803	-8.650925
Adss	-11.569612	-8.115733
Prss23os	-16.522303	-13.068425
G0s2	-16.262793	-12.808914
Lrrc27	-14.127781	-10.6739025
Gab1	-12.288734	-8.834856
Inpp5b	-13.219632	-9.765754
Nell2	-19.81814	-16.364264
Sim2	-19.81814	-16.364264
Gmfb	-12.858743	-9.404864
Anks1b	-17.179083	-13.725205
Dusp23	-13.184822	-9.730944
5730507C01Rik	-16.352404	-12.898526
Dus3l	-12.734753	-9.280874
Fbxo24	-15.487408	-12.033529
B3gnt6	-17.620916	-14.167038
Bmp3	-11.673752	-8.219873
Colgalt1	-10.953959	-7.5000815
Hccs	-13.032553	-9.578674
Thumpd3	-13.227839	-9.773961
Ttc41	-16.560043	-13.106166
Myh11	-7.2709527	-3.8170753
Gm26891	-19.81814	-16.364264
Rtn4	-10.101585	-6.6477075
Gng5	-9.310665	-5.856787
Rgcc	-13.1064005	-9.652522
2810405F17Rik	-15.946939	-12.493061
Doc2g	-14.848328	-11.394449
Rax	-17.333233	-13.879355
Zc3h15	-10.865406	-7.411528
Slc31a1	-13.491991	-10.038113
Klf11	-13.519192	-10.065313
Ap3d1	-11.903158	-8.44928
Gm34471	-15.318331	-11.864452
Hapln4	-18.719528	-15.265651
Acox1	-12.567505	-9.1136265
Stpg4	-17.738699	-14.2848215
Fhl3	-14.104408	-10.65053
Il13ra1	-13.5509405	-10.097062
Traf1	-16.416943	-12.963065
Shmt2	-13.087123	-9.6332445
Nudt13	-12.588302	-9.134423
Emc3	-11.283697	-7.829819
Ginm1	-10.969918	-7.5160403
Gm17552	-16.560043	-13.106166
Zfp318	-12.604372	-9.150494
Camk1d	-14.00103	-10.547152
Pcdh7	-9.05703	-5.6031523
Gfer	-12.726398	-9.27252
Ldb1	-12.114681	-8.660803
Rps23	-7.7765884	-4.322711
Ing3	-12.334896	-8.881018
Dclre1c	-14.807506	-11.353627
Syne3	-14.471033	-11.017155
Camsap1	-12.132438	-8.678559
Sclt1	-13.241672	-9.787793
Rai1	-13.022435	-9.568557
Gm46658	-17.87223	-14.418353
Gm45022	-17.420244	-13.966367
Polr2d	-12.289271	-8.835393
Kdr	-18.02638	-14.572503
Rab3d	-12.029514	-8.575636
Fam104a	-10.937416	-7.483538
Vmp1	-12.0581	-8.604221
Mcmbp	-12.128312	-8.674434
Map3k11	-14.141387	-10.687509
Gm3636	-15.500652	-12.046774
Gemin8	-14.456849	-11.002971
1110002E22Rik	-17.333233	-13.879355
Magi1	-13.17305	-9.719172
Slc5a2	-19.124992	-15.671115
Pus3	-14.00401	-10.550132
1700029J07Rik	-14.300688	-10.846809
Gm26670	-16.262793	-12.808914
Aldh7a1	-11.436538	-7.98266
Uros	-13.951673	-10.497794
Slc6a8	-11.994095	-8.540216
Bop1	-12.665872	-9.211993
Sec61a2	-13.715582	-10.2617035
Poc1b	-13.444821	-9.990943
Carmil2	-18.719528	-15.265651
Gm49291	-18.208702	-14.754825
Sf3b3	-12.1192045	-8.665326
Necap2	-12.668224	-9.214346
Rnf165	-17.420244	-13.966367
Kcnk2	-19.124992	-15.671115
Gm29683	-18.719528	-15.265651
Stxbp4	-13.644355	-10.190476
4930511M06Rik	-15.055966	-11.602088
Gm16124	-13.064703	-9.610825
Ccdc36	-17.515554	-14.061677
Ralgps1	-14.272964	-10.819085
Asphd2	-19.81814	-16.364264
Fam120a	-11.442281	-7.988403
Gm45572	-18.719528	-15.265651
1700039M10Rik	-18.208702	-14.754825
Ky	-13.462033	-10.008155
Snip1	-13.13478	-9.680902
Gm14703	-17.333233	-13.879355
Stat3	-11.631398	-8.17752
Mybl1	-13.756684	-10.302806
Eva1b	-10.318944	-6.865066
4931415C17Rik	-18.02638	-14.572503
Slc25a36	-12.234385	-8.780506
Ccdc97	-12.953293	-9.499414
9230116N13Rik	-15.989499	-12.535621
Agbl3	-13.82918	-10.375301
Pfn1	-8.679371	-5.225493
Tagln3	-17.420244	-13.966367
Gm28791	-14.540027	-11.086148
Pomt2	-13.490204	-10.036325
Cep131	-14.304712	-10.850834
1810013D15Rik	-19.124992	-15.671115
Ccdc96	-16.727098	-13.27322
Kpna4	-11.250064	-7.796186
Gtf2a1l	-19.81814	-16.364264
Gm12295	-14.509873	-11.055995
L3hypdh	-13.386809	-9.932931
Serac1	-15.285542	-11.831663
Xylt2	-13.517355	-10.063477
Trpc4ap	-12.008599	-8.554721
Gm15402	-16.080471	-12.626593
Rbfox1	-18.431845	-14.977967
Neurl1a	-15.154701	-11.700823
Pmm2	-12.916404	-9.462525
Gm36287	-16.180553	-12.726676
Hilpda	-13.048499	-9.594621
Elp3	-12.824208	-9.37033
Nphp1	-12.971198	-9.51732
Parp11	-14.641991	-11.188112
5830408C22Rik	-15.030649	-11.576771
Tmem186	-14.201369	-10.747491
Rps9	-8.099088	-4.64521
Gm26631	-16.29178	-12.837902
Gm11131	-17.333233	-13.879355
Prkd3	-12.062373	-8.608495
Mcam	-10.280297	-6.8264194
Gm16151	-17.333233	-13.879355
Zfand2a	-13.5509405	-10.097062
Scaf1	-12.058953	-8.605075
Tnks	-12.343936	-8.890058
Mertk	-11.728965	-8.275086
Tmem140	-12.370389	-8.916511
Gm8817	-19.124992	-15.671115
Wbp1l	-12.654968	-9.20109
Eef1e1	-12.820545	-9.366667
Ttf1	-12.753382	-9.299503
Prrg3	-13.069381	-9.615502
Yipf6	-12.705813	-9.251935
Gm20492	-16.080471	-12.626593
Vmn2r76	-19.124992	-15.671115
Lrch3	-11.942262	-8.488383
Ythdf1	-12.132897	-8.679019
Il27	-16.984926	-13.531049
Tmem198	-15.363793	-11.909915
Gpatch2l	-13.259943	-9.806065
Morn1	-15.411422	-11.957543
Soat2	-19.81814	-16.364264
Gal3st1	-19.124992	-15.671115
Csgalnact1	-12.953293	-9.499414
Ptges3	-10.204604	-6.750726
1700067K01Rik	-17.515554	-14.061677
Gm34788	-18.208702	-14.754825
Synpo2l	-13.708893	-10.255014
Pcsk2os1	-18.719528	-15.265651
Trub1	-13.351996	-9.898118
Gm43409	-18.431845	-14.977967
Actl6a	-12.131061	-8.677182
Tmod2	-13.441414	-9.987535
Efcab5	-16.640087	-13.186209
Gm13056	-14.761895	-11.308017
Cfd	-16.927769	-13.47389
Adal	-14.15518	-10.701302
Dubr	-12.068818	-8.61494
Gm15834	-17.179083	-13.725205
Gm48935	-18.208702	-14.754825
Gm47601	-19.124992	-15.671115
Thap8	-16.03395	-12.580072
Dnaja3	-13.035949	-9.58207
Dgkz	-12.768018	-9.314139
Fam136a	-12.341103	-8.887224
1700112J16Rik	-16.682646	-13.228768
Oasl2	-15.92632	-12.472442
Gm26620	-15.989499	-12.535621
Cdca8	-15.866897	-12.413018
Gm13075	-17.87223	-14.418353
Trim44	-11.620327	-8.166449
Gm38832	-18.431845	-14.977967
Gm12395	-18.431845	-14.977967
AL607088.1	-18.208702	-14.754825
Lyz2	-15.399301	-11.945422
Pnp2	-15.352233	-11.898355
Atp10b	-14.935339	-11.481461
Natd1	-13.682576	-10.228698
Fktn	-12.549221	-9.095343
Zfp994	-13.862304	-10.408425
Fxyd3	-17.515554	-14.061677
Slc25a44	-13.306396	-9.852517
5730420D15Rik	-16.599264	-13.145387
E130310I04Rik	-15.233173	-11.779295
Snx15	-13.152457	-9.698579
Gm31659	-17.11009	-13.656212
Gm17034	-17.87223	-14.418353
Gm47972	-18.431845	-14.977967
Ap4m1	-13.178265	-9.724386
Tapbpl	-13.759018	-10.30514
Wtap	-12.078781	-8.624903
Zfat	-14.89816	-11.444282
Nab2	-12.828806	-9.3749275
Smim27	-11.040894	-7.5870156
Map7d3	-14.292687	-10.838809
Prpf4	-12.915398	-9.461519
Slc41a3	-12.713997	-9.2601185
Kctd20	-12.782872	-9.328994
Gm15401	-18.208702	-14.754825
Mthfd2	-13.469002	-10.015123
Tiam2	-13.650624	-10.196746
N6amt1	-11.13713	-7.683252
Dut	-11.688966	-8.235087
Itpr1	-10.786569	-7.3326907
Cd163	-17.738699	-14.2848215
Pnkd	-10.927179	-7.4733014
Zfp619	-14.950606	-11.496728
H3f3a	-8.483804	-5.029926
Cops7a	-11.902062	-8.448184
Akr7a5	-12.045388	-8.59151
Tmc8	-18.431845	-14.977967
Gimap6	-15.584034	-12.130156
Gm43936	-17.420244	-13.966367
Zmat5	-11.6001625	-8.146284
Pde4dip	-10.855749	-7.401871
Slc25a47	-14.329203	-10.875324
Unc5d	-14.540027	-11.086148
Mfsd1	-12.692858	-9.238979
Lonp1	-12.291423	-8.837544
Foxf2	-19.81814	-16.364264
Itih5	-14.509873	-11.055995
Rab11fip4	-17.333233	-13.879355
Zfp426	-13.198068	-9.744189
Nfkbiz	-12.226279	-8.772401
Dusp5	-13.880605	-10.426726
Soat1	-12.454862	-9.000983
Yipf5	-11.304554	-7.850676
Shroom4	-14.25362	-10.799742
Zfp575	-16.640087	-13.186209
Gm29966	-19.81814	-16.364264
Fblim1	-8.636027	-5.18215
Afap1	-11.591835	-8.137957
Rps6	-8.49829	-5.0444126
Gm30655	-19.124992	-15.671115
Clec16a	-13.633992	-10.180114
Tmem175	-13.0213175	-9.567439
Cdkn2d	-12.195477	-8.741598
Rtl8b	-12.29304	-8.839162
Slc30a5	-12.566087	-9.112208
Irf2	-11.55249	-8.098612
Olfr279	-18.719528	-15.265651
4930428N03Rik	-19.81814	-16.364264
Zfp454	-15.598633	-12.144754
Selenov	-17.87223	-14.418353
Fzd6	-13.554743	-10.100864
Lig1	-13.575917	-10.122039
Gm48089	-19.124992	-15.671115
Ikzf2	-12.891563	-9.437685
Tbcel	-12.418743	-8.964865
Gm15929	-18.208702	-14.754825
Atp5k	-9.363299	-5.909422
Cggbp1	-10.877905	-7.424027
Dnajb11	-11.71223	-8.258351
Stk38	-11.889014	-8.435136
Atf7ip2	-19.124992	-15.671115
Gm16144	-18.719528	-15.265651
Tyro3	-13.998058	-10.54418
Plekhg1	-14.724391	-11.270513
Stk40	-12.096792	-8.642914
Mrps35	-12.252348	-8.79847
Gm37800	-17.87223	-14.418353
Mrgbp	-13.45339	-9.999512
Slc25a17	-11.984144	-8.530266
Pla2g3	-18.208702	-14.754825
Tgfb1i1	-9.950591	-6.496713
Stx7	-11.447362	-7.993484
Lonrf1	-12.802428	-9.34855
Hira	-13.093107	-9.639229
Uba7	-14.676477	-11.222599
Wdr45	-12.339406	-8.885528
Gm31718	-17.045551	-13.591674
Gm15406	-18.02638	-14.572503
Klhl41	-13.948844	-10.494966
Gm14285	-15.527681	-12.073803
Gm45604	-17.179083	-13.725205
Zfp644	-10.855108	-7.4012303
Gm10785	-15.989499	-12.535621
Atp13a2	-13.281449	-9.827571
Taz	-12.502922	-9.049044
Arl14ep	-13.089512	-9.635633
Mybphl	-19.81814	-16.364264
Trappc2l	-11.051591	-7.597713
Uaca	-11.797871	-8.343992
Aoc2	-15.989499	-12.535621
Rhobtb2	-13.250063	-9.796185
Urm1	-12.498276	-9.044397
Gm42829	-15.829157	-12.375278
Tafa1	-12.908387	-9.454509
Dhrs2	-19.81814	-16.364264
Unc5b	-13.330457	-9.876578
4930465K09Rik	-18.719528	-15.265651
Pkn1	-12.139814	-8.685936
Zfp148	-11.400105	-7.9462276
Notch4	-16.03395	-12.580072
Rpl36al	-9.217315	-5.763437
Corin	-14.927792	-11.473913
Cd93	-15.285542	-11.831663
Gdf11	-15.233173	-11.779295
Eif3j1	-10.682847	-7.228969
1700061G19Rik	-13.836726	-10.382848
Ccnb1	-17.179083	-13.725205
Sesn2	-14.565867	-11.111989
Alpk2	-16.599264	-13.145387
Rsf1os1	-18.719528	-15.265651
Trim6	-15.723796	-12.2699175
Ezr	-14.676477	-11.222599
BC001981	-19.81814	-16.364264
Slc37a3	-13.028044	-9.574165
Ncf2	-15.363793	-11.909915
Gm17382	-18.719528	-15.265651
Vipr1	-16.384153	-12.930275
Itgb5	-9.842519	-6.388641
Sept7	-9.701398	-6.2475204
D730003K21Rik	-17.253191	-13.799314
Gm5860	-13.729095	-10.275217
Pdk3	-12.43167	-8.977792
Msra	-11.580397	-8.126518
Trappc9	-12.615479	-9.161601
Amigo1	-13.717822	-10.263944
Scmh1	-12.175616	-8.721738
Nucb2	-11.850167	-8.396289
Fam214a	-12.631996	-9.178118
Ubl4a	-12.266429	-8.812551
Hirip3	-13.047351	-9.5934725
Dimt1	-12.641887	-9.188008
Tdrd6	-17.87223	-14.418353
Kif5c	-14.190519	-10.736641
Gpr88	-19.81814	-16.364264
Zfp292	-11.521594	-8.067716
Trnt1	-12.211256	-8.757378
Nme2	-8.848633	-5.394755
Zc3h18	-12.187194	-8.733315
Cul4a	-12.110179	-8.656301
Etv5	-13.831689	-10.3778105
Hlcs	-13.893885	-10.440006
9430085M18Rik	-15.886315	-12.432437
1700001O22Rik	-15.02235	-11.568472
Selenok-ps1	-15.740603	-12.286725
Rbm41	-13.901938	-10.44806
Gm27011	-19.81814	-16.364264
Psma1	-10.802114	-7.3482356
Best3	-16.773619	-13.31974
1700123O20Rik	-11.997702	-8.543823
Des	-10.984096	-7.5302176
Olfr1423	-19.124992	-15.671115
Nup98	-12.223256	-8.769378
Gm9725	-16.927769	-13.47389
Pecr	-12.698505	-9.244627
Rpp30	-12.43167	-8.977792
Samd9l	-12.023729	-8.569851
Mier1	-10.800294	-7.346416
Setd5	-11.3664465	-7.9125686
Ccnt2	-12.289809	-8.835931
Txnrd2	-12.825126	-9.371247
Ccdc107	-10.271114	-6.8172364
Chsy1	-11.977828	-8.52395
Hspa1b	-10.068271	-6.6143928
Prr3	-14.040488	-10.58661
Arhgdia	-10.274835	-6.8209567
5033417F24Rik	-15.866897	-12.413018
Gmpr2	-12.336585	-8.882707
Cry2	-12.534006	-9.080128
1600010M07Rik	-19.124992	-15.671115
Tiparp	-13.089512	-9.635633
Chmp4c	-11.44713	-7.9932523
Emilin1	-10.925255	-7.471377
Tmem263	-11.955258	-8.50138
Odf3b	-19.124992	-15.671115
Ssr1	-11.004703	-7.5508246
Cebpg	-12.175616	-8.721738
Opn3	-15.740603	-12.286725
Smg1	-11.878626	-8.424747
Gm45184	-16.450844	-12.996966
Edil3	-19.124992	-15.671115
1700026N04Rik	-18.431845	-14.977967
Tango2	-12.9326315	-9.478753
Slc29a1	-10.730307	-7.2764287
Tbc1d9b	-12.661964	-9.208086
Chp2	-18.719528	-15.265651
Mctp2	-19.81814	-16.364264
Atp5g2	-9.620566	-6.166689
Emp2	-10.435361	-6.981483
Synrg	-11.719802	-8.2659235
Zbtb45	-13.792274	-10.338396
Necap1	-13.222361	-9.768482
1700001L05Rik	-15.253793	-11.799914
Cd300a	-19.81814	-16.364264
Kin	-12.0142975	-8.560419
Tmem170b	-13.396519	-9.94264
D330041H03Rik	-15.474336	-12.020457
Ubtd2	-13.469002	-10.015123
Insr	-11.862716	-8.408837
Ifi27l2b	-14.890887	-11.437009
Kptn	-12.963786	-9.509908
Gm14391	-15.886315	-12.432437
Rps16	-7.962512	-4.5086346
Nup155	-13.375601	-9.921722
Sptbn4	-16.262793	-12.808914
Dram1	-13.444821	-9.990943
Stk24	-11.835725	-8.381846
Pnpla7	-14.670647	-11.216768
Ikbkb	-12.428576	-8.974698
Gbp6	-16.384153	-12.930275
Srd5a1	-15.10861	-11.654732
Etl4	-13.100336	-9.646458
Tk2	-13.794693	-10.340815
Ebag9	-12.749118	-9.295239
9230104M06Rik	-16.682646	-13.228768
Fam214b	-12.207288	-8.753409
Hfe	-14.647656	-11.193778
Yaf2	-11.515379	-8.061501
Phf10	-12.066236	-8.612357
Mfap3l	-16.640087	-13.186209
Ccnl1	-11.314843	-7.8609653
Dpm2	-11.781568	-8.327689
Ttc21b	-13.229215	-9.775336
Pcsk9	-18.719528	-15.265651
Gm16048	-17.420244	-13.966367
Paxx	-11.765526	-8.311647
Klhdc8a	-18.431845	-14.977967
Il4ra	-14.519823	-11.065945
St6galnac6	-11.953721	-8.499843
Adgrl2	-10.820251	-7.3663735
Ece1	-12.808732	-9.354854
Gm26779	-17.11009	-13.656212
4931414P19Rik	-15.047456	-11.593577
Klhdc9	-15.775089	-12.321211
Dhx40	-12.277519	-8.823641
Lyst	-11.632234	-8.178355
Rbx1	-9.932308	-6.4784303
Runx1	-14.009998	-10.55612
Tmem8b	-13.439714	-9.985836
Cyp26b1	-14.134561	-10.680682
Heyl	-10.969201	-7.515323
1700017B05Rik	-13.564312	-10.110434
Slc18b1	-14.059239	-10.605361
Fbxo48	-17.179083	-13.725205
Rspo3	-12.061945	-8.608067
Gm49890	-14.841407	-11.387528
Galnt6	-14.065568	-10.61169
Cyp2r1	-15.399301	-11.945422
Zfp788	-13.226467	-9.772589
Trp53bp1	-12.768018	-9.314139
Adrb1	-14.712195	-11.258317
Stat5b	-12.656519	-9.202641
Gm42918	-15.723796	-12.2699175
Ino80dos	-14.676477	-11.222599
Rbm8a2	-16.416943	-12.963065
Mthfd2l	-11.998505	-8.544626
Lyrm9	-13.629877	-10.175999
AI507597	-17.620916	-14.167038
Tex38	-18.431845	-14.977967
Gm8113	-17.620916	-14.167038
Col4a1	-9.476721	-6.022843
Aldh8a1	-17.515554	-14.061677
Fkbp3	-11.013366	-7.559488
Ttc12	-13.619662	-10.165784
A530046M15Rik	-15.411422	-11.957543
Ccnh	-12.192058	-8.738179
Sec31a	-10.9425745	-7.4886966
Vps33a	-13.752032	-10.298154
Pvr	-13.356672	-9.902794
Ica1l	-16.927769	-13.47389
Ccdc83	-18.02638	-14.572503
Pex3	-12.510939	-9.05706
Capn15	-13.215553	-9.761675
Aste1	-14.19774	-10.743861
Hgsnat	-12.46891	-9.015032
Gm13713	-19.81814	-16.364264
Dph3	-10.835706	-7.381828
Cfl1	-9.4967985	-6.0429206
Ces2g	-13.388421	-9.934543
Zcchc4	-13.691272	-10.237393
Birc5	-17.11009	-13.656212
Col7a1	-17.045551	-13.591674
Clint1	-11.47673	-8.022852
Gm44287	-19.81814	-16.364264
Gm5535	-17.620916	-14.167038
Zfp973	-14.429069	-10.97519
Gm24362	-17.253191	-13.799314
Prkg2	-16.080471	-12.626593
Gm29430	-17.738699	-14.2848215
Ly6a	-15.569646	-12.1157675
Commd10	-12.893528	-9.43965
Slc40a1	-16.104568	-12.65069
Tasor	-11.498424	-8.044545
Ccna2	-17.620916	-14.167038
1700036G14Rik	-18.719528	-15.265651
Gm22000	-17.87223	-14.418353
Klhl24	-11.367515	-7.9136367
Tfb1m	-14.219719	-10.765841
Zbtb14	-13.301948	-9.848069
Sil1	-12.194987	-8.741109
Gpr137	-13.17305	-9.719172
Susd1	-18.719528	-15.265651
Zbtb26	-14.354309	-10.900431
Akr1c13	-16.05694	-12.603063
Reps1	-12.843662	-9.389784
Gadl1	-19.124992	-15.671115
Gm12264	-18.719528	-15.265651
4933407E24Rik	-16.207222	-12.753345
Lsm4	-10.976692	-7.5228143
Tuba1a	-10.328579	-6.874701
D430001F17Rik	-19.81814	-16.364264
A530016L24Rik	-16.640087	-13.186209
Mtdh	-9.752067	-6.2981887
Rpl36a	-8.712928	-5.25905
Scn2b	-15.1176605	-11.663782
Scarletltr	-15.866897	-12.413018
Slc22a15	-13.819204	-10.365326
Srxn1	-12.91339	-9.459512
4933427D14Rik	-15.847849	-12.3939705
Arhgap28	-19.81814	-16.364264
Inpp5k	-12.671369	-9.21749
Dusp14	-13.5662365	-10.112358
Plekhm1	-13.585692	-10.131814
Pin1	-11.024984	-7.5711064
Psph	-13.460299	-10.00642
Tmem70	-12.059381	-8.605502
Gm48730	-18.208702	-14.754825
Ing5	-12.472131	-9.018252
Hdac10	-14.162149	-10.708271
Ltb	-18.431845	-14.977967
Gm28499	-18.719528	-15.265651
Vwa8	-13.342708	-9.888829
Milr1	-14.151714	-10.697836
Gm50069	-15.399301	-11.945422
Slc27a4	-13.07644	-9.622561
Olfr1029	-18.02638	-14.572503
Zfp341	-15.296352	-11.842474
Rapgef2	-12.358802	-8.904923
Arhgef37	-18.02638	-14.572503
Rbms1	-11.385634	-7.9317565
Gm48342	-18.431845	-14.977967
Tmem255a	-17.420244	-13.966367
Tead1	-11.528602	-8.074723
Alg8	-14.664849	-11.210971
Nbn	-12.350199	-8.89632
Txlna	-12.281243	-8.827365
Atp1b3	-10.559391	-7.105513
Btla	-17.179083	-13.725205
Tac1	-19.81814	-16.364264
BC030867	-19.81814	-16.364264
Zbtb46	-13.907344	-10.453465
C5ar2	-15.707267	-12.253388
Kif3b	-13.3997755	-9.945897
Aldoart1	-18.431845	-14.977967
Bcl2a1b	-19.81814	-16.364264
Vmn2r28	-19.81814	-16.364264
Micos10	-9.926422	-6.472544
Zfp408	-14.912866	-11.458987
Coa5	-12.630484	-9.176605
Mecomos	-15.946939	-12.493061
Abcc9	-10.88474	-7.430862
Six2	-16.682646	-13.228768
Foxn2	-12.572486	-9.1186075
Gm10570	-15.24343	-11.789552
Mid2	-13.060046	-9.606168
Gm12781	-18.208702	-14.754825
Vamp2	-11.141042	-7.687164
Ppp3ca	-11.754133	-8.300255
Rnase10	-16.773619	-13.31974
Zfp605	-13.888552	-10.434673
Acsf3	-14.581698	-11.12782
Ncoa1	-12.26433	-8.8104515
Cage1	-15.906117	-12.452239
Ttyh3	-14.641991	-11.188112
Nectin3	-12.682453	-9.228575
A230103J11Rik	-19.124992	-15.671115
Pold3	-13.057726	-9.6038475
Eif2ak3	-13.834205	-10.380326
Frg2f1	-14.706153	-11.2522745
Ggnbp1	-13.06821	-9.614331
1700019D03Rik	-16.773619	-13.31974
Mcm3	-13.849433	-10.395555
Elp6	-14.172694	-10.718816
Prdm15	-13.932036	-10.478158
Jak3	-19.124992	-15.671115
Cbl	-12.027445	-8.573566
Gm26566	-17.11009	-13.656212
Snrpf	-10.523735	-7.069857
Katnal2	-18.02638	-14.572503
Ddost	-10.583011	-7.1291327
Olfr639	-17.738699	-14.2848215
Tmem184a	-19.81814	-16.364264
Slc15a3	-17.87223	-14.418353
Gm44366	-18.719528	-15.265651
Pusl1	-13.050797	-9.596919
Caap1	-12.896482	-9.442604
Cdh24	-16.104568	-12.65069
Olfr1564	-18.719528	-15.265651
Cltb	-10.725121	-7.2712426
Kcp	-19.124992	-15.671115
A730056A06Rik	-19.124992	-15.671115
Tdrd7	-13.370835	-9.916957
Pdk1	-13.577865	-10.123986
Adam18	-17.420244	-13.966367
B9d1os	-17.738699	-14.2848215
Ncapd2	-15.154701	-11.700823
Mettl16	-12.372724	-8.918845
Ankdd1b	-18.208702	-14.754825
Ssc4d	-16.822409	-13.36853
Nt5c1a	-17.738699	-14.2848215
Gm48552	-16.321632	-12.867755
Gusb	-11.972725	-8.5188465
Gde1	-10.995818	-7.54194
Ankrd50	-12.999217	-9.545339
Psmb4	-10.214138	-6.76026
Rin1	-15.613448	-12.15957
Iba57	-15.723796	-12.2699175
Immp2l	-15.411422	-11.957543
Tbx21	-19.81814	-16.364264
Slc25a37	-13.656934	-10.203055
Snx7	-12.394572	-8.940694
Gm14302	-17.87223	-14.418353
Ccdc138	-14.419978	-10.9661
Ap4s1	-11.459944	-8.006065
A930028N01Rik	-16.321632	-12.867755
Zdhhc6	-12.863502	-9.409623
Gm20618	-19.81814	-16.364264
Zfp966	-15.500652	-12.046774
Sec31b	-15.906117	-12.452239
St8sia2	-16.927769	-13.47389
Dbndd2	-10.552744	-7.098866
Vps9d1	-13.309372	-9.855494
Pacs2	-13.274229	-9.820351
Zfp81	-13.497373	-10.043494
Ssh3	-13.667538	-10.213659
Proser2	-13.792274	-10.338396
Glmp	-11.664791	-8.210913
Kif1b	-11.192272	-7.7383943
Zfp128	-15.136009	-11.682131
Picalm	-10.546517	-7.0926394
Cdh3	-14.471033	-11.017155
Fundc1	-12.567505	-9.1136265
Upf1	-11.984937	-8.531058
Gm43623	-18.208702	-14.754825
Pitpna	-10.956791	-7.502913
Usf1	-12.738114	-9.284236
Tas2r135	-19.81814	-16.364264
Uggt1	-12.107039	-8.653161
Lrrc8d	-15.628486	-12.174607
Phf3	-11.316467	-7.8625894
Ifitm3	-10.0101185	-6.5562406
Rgl1	-14.016023	-10.562144
Abca9	-15.555461	-12.101583
Zfp60	-13.041634	-9.587755
Ache	-15.707267	-12.253388
Slc17a7	-18.719528	-15.265651
Gfra2	-17.515554	-14.061677
Ntm	-18.208702	-14.754825
Pcsk4	-15.500652	-12.046774
Tpmt	-13.535874	-10.081996
Clcn6	-14.165651	-10.711773
Bax	-10.981913	-7.5280347
Clec4n	-19.81814	-16.364264
Xab2	-12.872127	-9.418248
Lor	-17.738699	-14.2848215
Zfp850	-15.628486	-12.174607
Ifi207	-18.719528	-15.265651
Gm41231	-17.87223	-14.418353
Pitpnm3	-13.356672	-9.902794
Gm4876	-13.035949	-9.58207
1700101I11Rik	-16.450844	-12.996966
Mmp15	-14.841407	-11.387528
Ccar2	-14.031243	-10.577365
Slc25a21	-17.11009	-13.656212
Gm20512	-18.431845	-14.977967
Hist1h4d	-11.506251	-8.052373
Aldh3b1	-15.399301	-11.945422
Ttc22	-16.15458	-12.700701
Zfp30	-13.002501	-9.548622
Cadps2	-18.431845	-14.977967
Gm14327	-15.055966	-11.602088
Slc25a34	-13.60955	-10.155672
Gtf2h3	-13.36767	-9.913792
Rgs12	-14.2613125	-10.807434
Rgs17	-14.00103	-10.547152
Cpq	-10.101767	-6.6478887
Nme4	-15.847849	-12.3939705
Cep76	-14.169167	-10.715288
Ndufaf3	-11.729579	-8.275701
Efnb1	-13.654826	-10.200948
Abcg4	-14.475806	-11.021928
Gm39307	-18.431845	-14.977967
Gm45345	-19.124992	-15.671115
Tank	-12.396365	-8.942487
Dnaja1	-9.600207	-6.1463294
Kyat3	-13.854562	-10.400683
Fkbp2	-10.555018	-7.1011405
Crtc1	-13.7268305	-10.272952
Hist1h2bj	-17.87223	-14.418353
Slc2a6	-19.81814	-16.364264
Gm16244	-18.02638	-14.572503
Wdr62	-16.129261	-12.675383
Tnrc6a	-10.751555	-7.2976775
Actl9	-18.208702	-14.754825
Gtpbp2	-12.428576	-8.974698
Avp	-18.719528	-15.265651
Zfp729b	-13.436325	-9.982447
Fam98a	-12.410216	-8.956338
Clec1a	-18.208702	-14.754825
Pyroxd1	-13.178265	-9.724386
Themis	-19.81814	-16.364264
Rpl35a	-7.9049635	-4.451086
Gm49313	-18.719528	-15.265651
Arc	-14.075137	-10.621259
Gm16894	-19.124992	-15.671115
Mier2	-13.893885	-10.440006
Cd48	-19.124992	-15.671115
Mlycd	-12.429194	-8.975316
Ctsz	-10.560345	-7.106467
Poln	-18.02638	-14.572503
Gm16299	-16.560043	-13.106166
Gm43568	-18.719528	-15.265651
Fam151b	-14.371404	-10.917525
Fam110b	-12.25806	-8.804182
Slc7a14	-18.208702	-14.754825
S100a2	-19.124992	-15.671115
Cacna1d	-12.680862	-9.226984
Nhp2	-11.84602	-8.392141
Tmem171	-19.81814	-16.364264
Dennd4c	-12.535379	-9.081501
Sqstm1	-10.642185	-7.1883073
Cep72	-16.384153	-12.930275
Tmcc1	-12.297906	-8.8440275
Dgkh	-12.529213	-9.075335
Gm49312	-19.124992	-15.671115
Accsl	-19.124992	-15.671115
Caprin1	-11.482949	-8.029071
Gm17077	-17.738699	-14.2848215
Ecpas	-11.797213	-8.343334
Cd24a	-16.485935	-13.032058
Itgb4	-17.11009	-13.656212
Snrk	-11.418831	-7.964953
Pnma2	-19.81814	-16.364264
Ephx2	-14.280807	-10.826928
Sdhaf4	-11.979009	-8.52513
Mmadhc	-11.5669985	-8.11312
Sox6os	-14.165651	-10.711773
Gm10131	-15.866897	-12.413018
2510009E07Rik	-12.2384615	-8.784583
Smg8	-13.633992	-10.180114
Fabp5	-12.388026	-8.934148
Tmem136	-12.679274	-9.225395
Mrps10	-12.704999	-9.251121
Tdp1	-13.831689	-10.3778105
Rnf146	-11.971551	-8.517673
Lgals7	-19.81814	-16.364264
Arl13b	-11.888655	-8.434776
Tmem45a	-12.18332	-8.729442
Sigirr	-18.431845	-14.977967
Glmn	-13.47426	-10.020382
Sdc3	-13.524721	-10.070843
Slc38a2	-9.529594	-6.075717
Akr1c19	-19.81814	-16.364264
A430105J06Rik	-16.927769	-13.47389
Atxn7	-12.418743	-8.964865
Mettl24	-11.726819	-8.272941
Fbxo25	-12.899446	-9.445567
Plp1	-14.641991	-11.188112
Gm47545	-17.87223	-14.418353
Cnr1	-16.03395	-12.580072
Pip5k1b	-13.21014	-9.756262
Map3k8	-12.882771	-9.428892
Col4a3	-13.773135	-10.319257
Polr3k	-12.312649	-8.85877
Vps8	-13.113727	-9.659848
8430429K09Rik	-14.104408	-10.65053
Mpp1	-12.16133	-8.707452
Fbxw2	-11.476492	-8.022614
Gm12207	-16.773619	-13.31974
Nars	-10.952124	-7.4982457
Gal	-19.124992	-15.671115
Rufy4	-17.420244	-13.966367
Gm20655	-13.394894	-9.941015
Isg15	-13.801984	-10.348105
Fcrls	-18.719528	-15.265651
Ctbs	-12.844598	-9.390719
Bcs1l	-13.3108635	-9.856985
Dip2a	-13.250063	-9.796185
Fut11	-12.506254	-9.052376
Hoxc9	-17.179083	-13.725205
Fstl1	-9.112046	-5.6581683
Rpusd1	-14.514836	-11.060958
Kcnab3os	-19.124992	-15.671115
Mettl5os	-15.906117	-12.452239
Tbck	-13.287263	-9.8333845
Pih1d2	-15.675006	-12.2211275
Agrp	-17.738699	-14.2848215
0610009E02Rik	-15.423692	-11.969813
Atp6v1b2	-12.696888	-9.24301
Tmem163	-19.124992	-15.671115
Lrrcc1	-11.736357	-8.282478
Atxn3	-12.744871	-9.290993
Atp6ap2	-11.333677	-7.8797994
Rcl1	-13.38199	-9.928112
Dlgap4	-10.976692	-7.5228143
Mrps28	-11.265774	-7.811896
Tmem265	-14.79426	-11.340382
Zfp787	-12.633512	-9.179633
Zfp423	-13.763701	-10.309823
Zfp395	-12.50492	-9.051042
Slc22a1	-12.308258	-8.85438
Mdga1	-13.313852	-9.859974
Chrdl2	-18.719528	-15.265651
Abcb1b	-13.455112	-10.001234
Zfp329	-12.444766	-8.990888
Thap2	-12.206299	-8.75242
Snorc	-13.291646	-9.837768
Mkrn1	-12.121473	-8.667595
Gm26520	-16.682646	-13.228768
Gm49745	-17.620916	-14.167038
Snrnp25	-12.973326	-9.519447
Lmf2	-12.287125	-8.833246
Fyttd1	-10.86696	-7.4130816
Bcl7a	-12.435394	-8.981516
Gm10801	-18.208702	-14.754825
Ipo5	-12.044967	-8.591088
Rsph1	-14.071938	-10.618059
Rabep1	-11.747234	-8.293356
Zdhhc23	-12.884718	-9.43084
Sorcs1	-18.719528	-15.265651
Gm32219	-17.333233	-13.879355
Pi4kb	-13.255696	-9.801818
Gm44117	-17.87223	-14.418353
Syde1	-12.275397	-8.821519
H2afv	-10.252717	-6.798839
Gm14019	-18.431845	-14.977967
Arfgef1	-11.945305	-8.491426
Slc16a7	-11.755708	-8.301829
Gm43579	-17.515554	-14.061677
Gm47484	-15.989499	-12.535621
Sox13	-13.989195	-10.535316
4930417H01Rik	-16.822409	-13.36853
Amh	-17.11009	-13.656212
Rtn3	-10.750978	-7.2971005
Arl2bp	-11.776406	-8.322528
Lias	-12.114681	-8.660803
Ube2l3	-10.895216	-7.441338
Bcl10	-12.100789	-8.646911
Aldh16a1	-13.9264965	-10.472618
A230072E10Rik	-16.640087	-13.186209
Yars	-13.07526	-9.621382
Hsd17b11	-11.936581	-8.482702
Scrib	-13.226467	-9.772589
Nup160	-13.484861	-10.030983
Pdpr	-13.431261	-9.977383
Gm29361	-16.984926	-13.531049
Nkapl	-15.212971	-11.759092
Gm15787	-14.265182	-10.811303
Prr13	-11.963371	-8.509493
Sema4f	-19.124992	-15.671115
Kctd2	-12.559025	-9.105146
Gm44067	-17.420244	-13.966367
Nars2	-14.265182	-10.811303
Itgb1bp1	-11.9234495	-8.469571
Elmsan1	-12.610281	-9.156403
Acat2	-13.304911	-9.851032
Smg5	-12.896482	-9.442604
Vldlr	-10.47888	-7.025002
Pgap1	-13.404682	-9.950804
Hnrnpdl	-10.665112	-7.2112336
Aamdc	-11.298949	-7.8450713
Apool	-12.683249	-9.229371
C2	-16.352404	-12.898526
Gtse1	-17.179083	-13.725205
Ogdh	-10.950009	-7.4961314
Bbs9	-13.702249	-10.24837
4732414G09Rik	-14.560645	-11.106767
E330011O21Rik	-17.045551	-13.591674
Rep15	-14.997859	-11.543981
Fmn2	-18.719528	-15.265651
Gm26583	-16.822409	-13.36853
Gm14325	-14.682343	-11.228464
Slc4a3	-11.820814	-8.366936
Cav2	-10.726246	-7.272368
Hoxa4	-13.724571	-10.270693
Hist1h1b	-15.740603	-12.286725
Gsap	-14.597785	-11.143907
Tmem131l	-13.178265	-9.724386
Gm12589	-18.431845	-14.977967
Hexb	-11.204184	-7.7503057
Zfp146	-13.585692	-10.131814
Fau	-7.9372926	-4.483415
Arhgef40	-12.393379	-8.939501
Gm12703	-15.628486	-12.174607
Rfx7	-12.918418	-9.46454
2310061I04Rik	-12.934678	-9.4808
Mcoln1	-13.752032	-10.298154
Maged1	-10.638569	-7.184691
Abcb7	-13.470752	-10.016873
Gm21833	-18.719528	-15.265651
Paip2b	-12.599964	-9.146086
Mios	-13.016858	-9.56298
Gm10734	-17.420244	-13.966367
Tas2r143	-17.420244	-13.966367
Slc25a30	-14.040488	-10.58661
Asb7	-13.121106	-9.667228
Mettl21c	-17.620916	-14.167038
Rnf125	-16.873701	-13.419824
Bckdhb	-13.306396	-9.852517
Scube2	-18.02638	-14.572503
Kdm4d	-17.738699	-14.2848215
Gm15879	-16.450844	-12.996966
Tshb	-17.333233	-13.879355
Gm46516	-16.599264	-13.145387
Abcg1	-15.643753	-12.189875
Pqbp1	-12.111078	-8.6572
Slc6a7	-14.212338	-10.75846
Pabpc4l	-14.429069	-10.97519
Ogt	-11.667961	-8.214083
Abcb9	-13.338097	-9.884218
Epsti1	-19.81814	-16.364264
Rubcn	-12.901425	-9.447547
Bace2	-14.935339	-11.481461
Med23	-13.099128	-9.645249
Reep2	-13.644355	-10.190476
Actr8	-12.608801	-9.1549225
Zfp59	-14.958328	-11.50445
Tceal8	-11.464172	-8.010294
Txnl4b	-14.883667	-11.429789
Txnip	-10.54972	-7.095842
Paics	-11.333677	-7.8797994
4930435F18Rik	-18.208702	-14.754825
Slc45a3	-14.19774	-10.743861
Serf2	-8.034669	-4.5807915
Bst1	-19.81814	-16.364264
Tfip11	-13.219632	-9.765754
Ttc26	-14.358555	-10.904676
Gm15527	-14.670647	-11.216768
B3gnt9	-12.893528	-9.43965
Gm43259	-15.866897	-12.413018
Pcdh9	-13.456839	-10.00296
Gm50375	-17.620916	-14.167038
Gm4651	-17.420244	-13.966367
Gm10931	-17.738699	-14.2848215
Car13	-17.253191	-13.799314
Clic3	-18.208702	-14.754825
Chmp5	-11.035357	-7.5814795
Tfpi	-13.663282	-10.209404
Rnf217	-12.659627	-9.205749
Gm17102	-17.515554	-14.061677
Zdhhc12	-13.07526	-9.621382
Gm15853	-15.555461	-12.101583
Rbms2	-11.713739	-8.259861
Gm50341	-17.333233	-13.879355
Depp1	-16.927769	-13.47389
Jmjd1c	-11.6787	-8.224822
Zfp983	-13.768407	-10.314528
Spry2	-12.817806	-9.363928
Grb2	-11.606386	-8.152508
Gm5533	-17.179083	-13.725205
Gm30075	-17.333233	-13.879355
Pofut2	-10.779656	-7.3257785
Zfp967	-15.691007	-12.237128
Hsph1	-10.766211	-7.3123326
Mfap5	-9.370412	-5.9165344
Qars	-12.057673	-8.603795
Cox8a	-8.89839	-5.4445124
P3h1	-12.545742	-9.091864
Cdh18	-14.34587	-10.891992
Sgms2	-12.457401	-9.003523
Odf2l	-13.573974	-10.120095
S100a8	-17.87223	-14.418353
Ptprm	-12.927531	-9.473653
Gm14764	-18.431845	-14.977967
9630028B13Rik	-19.81814	-16.364264
Efemp1	-15.081943	-11.628064
Zfp697	-14.653355	-11.199476
Stmn2	-17.420244	-13.966367
Pnmt	-15.775089	-12.321211
2810029C07Rik	-17.333233	-13.879355
Rpl3	-8.460478	-5.0066004
B230112J18Rik	-15.967993	-12.514114
Alpk1	-14.905486	-11.451608
Tfap2b	-16.450844	-12.996966
G930009F23Rik	-17.420244	-13.966367
Atp8a1	-13.199402	-9.745523
Serpinh1	-9.377341	-5.9234633
Cuedc2	-10.866442	-7.412564
Mef2b	-16.352404	-12.898526
Tmem115	-12.083144	-8.629266
Zfp37	-13.359802	-9.905924
Dusp4	-16.080471	-12.626593
Ccdc38	-17.87223	-14.418353
Xrcc2	-15.1176605	-11.663782
Gimap9	-17.420244	-13.966367
3222401L13Rik	-13.549045	-10.095166
4933423P22Rik	-17.515554	-14.061677
Gm12932	-18.431845	-14.977967
Ormdl3	-11.459006	-8.005128
Trappc1	-12.080524	-8.626646
E430018J23Rik	-14.114358	-10.66048
Rasgrp3	-18.208702	-14.754825
Pkn3	-17.738699	-14.2848215
Fam92a	-11.363674	-7.909796
Gm40660	-18.208702	-14.754825
Myo9b	-11.932059	-8.478181
Ndufaf7	-12.402966	-8.949087
Atg2b	-13.513692	-10.0598135
Zfp335os	-16.29178	-12.837902
Cnn3	-9.775979	-6.322101
Gm15270	-13.152457	-9.698579
Zfp977	-16.234621	-12.780744
Fbxl20	-12.29304	-8.839162
A930002C04Rik	-15.233173	-11.779295
Psmb5	-10.1392355	-6.6853576
5430416N02Rik	-13.619662	-10.165784
Gm17251	-13.472505	-10.018626
Gstm7	-12.643416	-9.189538
Tmem246	-12.404774	-8.950895
Slc29a3	-13.298993	-9.845115
Ablim2	-16.450844	-12.996966
Tmem116	-16.682646	-13.228768
P2rx5	-12.717289	-9.263411
Crtc3	-11.00619	-7.5523124
5430414B19Rik	-16.522303	-13.068425
Ppp1r3f	-14.958328	-11.50445
Rhd	-17.620916	-14.167038
Ubqln4	-13.330457	-9.876578
Fam107a	-13.826676	-10.372798
Zdhhc3	-12.4625	-9.008621
Aldh3a1	-15.906117	-12.452239
Gbp5	-15.073209	-11.61933
Zfp825	-13.642274	-10.1883955
Gm42791	-19.124992	-15.671115
Nrip2	-19.81814	-16.364264
Snx9	-11.499398	-8.04552
Dalrd3	-12.450432	-8.996553
Nr2f6	-11.721932	-8.268054
Wdr92	-13.391652	-9.937774
3632454L22Rik	-18.208702	-14.754825
Ldlrad4	-11.790338	-8.336459
Tph2	-18.719528	-15.265651
Gm45311	-16.522303	-13.068425
Aftph	-12.222251	-8.768373
Actr10	-10.9255295	-7.4716516
Ajuba	-14.337502	-10.883623
Rcan3	-13.182194	-9.728315
Gfod1	-13.490204	-10.036325
Thoc3	-12.373892	-8.920013
Morrbid	-16.640087	-13.186209
Wdr1	-10.587116	-7.1332383
Xpa	-11.919729	-8.465851
Fank1	-18.431845	-14.977967
S100a4	-9.021078	-5.5672007
Ankrd6	-17.045551	-13.591674
9230111E07Rik	-15.847849	-12.3939705
Nek5	-18.719528	-15.265651
Ptprk	-13.303428	-9.849549
4930594M22Rik	-16.522303	-13.068425
Gm37027	-18.02638	-14.572503
Cd79a	-19.124992	-15.671115
Fam171a1	-13.089512	-9.635633
Dph5	-13.321365	-9.867487
Rhot1	-12.050031	-8.596152
Hoxaas2	-13.071729	-9.61785
Hus1	-13.671811	-10.217933
Lpar6	-14.659085	-11.205207
Zfp872	-15.081943	-11.628064
Dhrs11	-14.490265	-11.0363865
Fam234a	-12.368643	-8.914764
1700034H15Rik	-17.620916	-14.167038
Apobec3	-14.284751	-10.830873
Plbd1	-19.81814	-16.364264
Kcnq1	-19.124992	-15.671115
Zc3h10	-13.377194	-9.923316
Hnrnpr	-11.043209	-7.589331
H2-Ab1	-15.363793	-11.909915
Mterf2	-13.84179	-10.387912
Pars2	-14.749237	-11.295359
Gm16287	-16.384153	-12.930275
Psmc3ip	-13.262784	-9.808906
Pcnx4	-13.035949	-9.58207
Ubr5	-11.198211	-7.744333
Vat1	-11.598276	-8.144398
Gm17349	-18.431845	-14.977967
Mex3d	-13.214197	-9.760319
Ermap	-17.87223	-14.418353
Foxl1	-14.176233	-10.722355
Qrsl1	-14.4020405	-10.948162
Slc11a2	-13.338097	-9.884218
Frs3	-14.700147	-11.246268
Zwilch	-15.643753	-12.189875
5830448L01Rik	-15.047456	-11.593577
Srp54c	-14.415463	-10.961585
Pias1	-11.49599	-8.042111
AC113595.1	-19.81814	-16.364264
mt-Cytb	-6.6039877	-3.1501102
4930403P22Rik	-14.950606	-11.496728
Irak3	-14.688242	-11.234364
Ccl7	-18.431845	-14.977967
Mrps18a	-11.427418	-7.97354
1110032A03Rik	-12.386249	-8.93237
Hhat	-16.485935	-13.032058
Elmo2	-13.025796	-9.571918
Brsk2	-17.87223	-14.418353
Ttk	-19.124992	-15.671115
Tmem87b	-11.73327	-8.279391
Mir99ahg	-12.186224	-8.732346
Arhgef6	-12.695274	-9.241396
Med8	-11.920844	-8.466966
Bcdin3d	-13.775508	-10.32163
Car11	-12.500928	-9.0470495
Adgrl3	-19.124992	-15.671115
2810403D21Rik	-14.3333435	-10.879465
Kctd4	-17.420244	-13.966367
Vps51	-13.142318	-9.688439
Pdha1	-11.189049	-7.735171
Syt7	-18.719528	-15.265651
Cacna1c	-12.309354	-8.855475
Irf8	-18.208702	-14.754825
Raver2	-14.603205	-11.149326
Gm5608	-19.81814	-16.364264
Ampd2	-12.754237	-9.300359
Zc3hc1	-13.09792	-9.644042
Pwwp2b	-13.759018	-10.30514
E230016M11Rik	-15.723796	-12.2699175
2210011C24Rik	-17.333233	-13.879355
Foxd1	-17.515554	-14.061677
Slc44a2	-11.165019	-7.711141
Pak1	-14.14826	-10.694382
Gm10655	-16.773619	-13.31974
Tmem41a	-13.370835	-9.916957
Eif3d	-11.143602	-7.6897244
Adprm	-13.100336	-9.646458
Wdr41	-13.369251	-9.915373
Snapc3	-13.102757	-9.648879
Zfp27	-14.081569	-10.62769
Rap1b	-11.080688	-7.6268106
Zfp26	-13.087123	-9.6332445
Gm20616	-19.124992	-15.671115
Cenpc1	-12.826963	-9.373085
1010001N08Rik	-13.980411	-10.526532
Zfp809	-11.951419	-8.49754
Prdm14	-19.124992	-15.671115
Gm17218	-15.967993	-12.514114
Ten1	-12.161803	-8.707925
Gm47794	-18.208702	-14.754825
Cplx3	-19.81814	-16.364264
Ninj1	-11.218078	-7.7641997
Ythdf2	-11.995296	-8.541417
Abcd2	-16.485935	-13.032058
Taf12	-12.150047	-8.696169
Rrm2b	-11.884703	-8.430824
Slc16a3	-13.222361	-9.768482
Gm50242	-18.719528	-15.265651
5430403G16Rik	-13.965939	-10.51206
Adar	-13.508223	-10.054344
Ccm2l	-19.81814	-16.364264
Gm48657	-19.124992	-15.671115
Itpka	-16.450844	-12.996966
Fam98b	-12.028273	-8.574394
Gm48619	-17.738699	-14.2848215
Mrpl14	-10.888573	-7.434695
Gm26549	-15.20302	-11.749142
Tent5a	-9.872792	-6.4189143
Usp7	-11.860264	-8.406385
Carf	-13.84179	-10.387912
1700037H04Rik	-14.0848	-10.630921
Xk	-11.898421	-8.444543
Mex3c	-12.208775	-8.754896
Blvra	-12.136119	-8.6822405
Alg1	-12.844598	-9.390719
Wdr6	-12.103463	-8.649585
Gpalpp1	-12.995943	-9.542065
Mapk4	-18.208702	-14.754825
C530044C16Rik	-18.719528	-15.265651
Alg6	-13.87797	-10.424091
Nutf2	-14.245987	-10.792109
Gm12992	-15.436114	-11.982236
1810012K16Rik	-18.02638	-14.572503
Sgsh	-13.552839	-10.098961
4930592C13Rik	-19.124992	-15.671115
Acap2	-11.766163	-8.312284
Usp36	-12.986187	-9.532309
Megf11	-19.124992	-15.671115
Tmod1	-12.728898	-9.27502
Ptov1	-10.540422	-7.0865445
Vwce	-18.208702	-14.754825
Hspa13	-12.143059	-8.68918
Lage3	-11.622255	-8.168377
Eif2s2	-10.0689125	-6.6150346
Ttll6	-18.208702	-14.754825
Gins4	-12.549221	-9.095343
1600002K03Rik	-12.7115345	-9.257656
Mrs2	-12.9658985	-9.51202
Apol6	-13.278555	-9.8246765
Gm16279	-16.522303	-13.068425
Fcf1	-11.995696	-8.541818
Kctd15	-14.040488	-10.58661
Gm11713	-18.431845	-14.977967
Gm48027	-14.730544	-11.276666
Man2c1os	-15.318331	-11.864452
Plk4	-13.785054	-10.331176
Ifit1bl2	-18.208702	-14.754825
Gm13861	-12.436016	-8.982138
Zfp9	-12.3821125	-8.928234
Patz1	-13.5509405	-10.097062
Fgfr1	-10.927179	-7.4733014
Gm12915	-18.02638	-14.572503
Hs3st1	-16.129261	-12.675383
Hist2h3b	-16.927769	-13.47389
Anapc11	-10.555208	-7.1013303
Akap5	-14.820929	-11.36705
Hes5	-19.81814	-16.364264
Bmp7	-19.124992	-15.671115
1700001P01Rik	-19.81814	-16.364264
Xpr1	-10.614322	-7.160444
Zfand3	-11.349928	-7.89605
Gm13274	-19.81814	-16.364264
Rab5a	-11.318705	-7.8648267
Zfp85	-14.79426	-11.340382
8030451A03Rik	-16.599264	-13.145387
Sec16b	-15.847849	-12.3939705
Rc3h2	-11.650788	-8.19691
Pik3ca	-11.493077	-8.039199
Bbc3	-13.960208	-10.50633
4930474H06Rik	-19.81814	-16.364264
Gm47725	-16.180553	-12.726676
Gpr22	-17.738699	-14.2848215
Ireb2	-12.692858	-9.238979
Tmem167b	-12.406585	-8.952706
Ccdc160	-17.11009	-13.656212
Anp32e	-11.170445	-7.7165675
Prkd2	-13.752032	-10.298154
Rps18	-8.362463	-4.908585
Rft1	-13.390036	-9.936157
Tmem218	-12.25546	-8.801581
Tsr1	-13.254285	-9.800406
Pdcd5	-10.102732	-6.648854
Gm29994	-16.080471	-12.626593
Wnt1	-19.81814	-16.364264
Ndst3	-13.9862585	-10.53238
Retnla	-17.11009	-13.656212
Cast	-10.326917	-6.873039
Ica1	-14.062399	-10.6085205
Brd3	-11.701127	-8.247249
9130023H24Rik	-14.724391	-11.270513
Srsf5	-10.324503	-6.870625
Zfp988	-18.02638	-14.572503
Abcb4	-17.620916	-14.167038
Steap1	-17.515554	-14.061677
Arl11	-18.719528	-15.265651
Crocc	-14.807506	-11.353627
Cfap43	-15.487408	-12.033529
L1td1	-17.738699	-14.2848215
Trnau1ap	-11.980192	-8.526314
Cisd2	-11.460647	-8.006768
Sel1l	-11.5376835	-8.083805
Pcdhb12	-16.984926	-13.531049
Gtf2h5	-10.6085005	-7.1546226
E130317F20Rik	-14.688242	-11.234364
Zfp420	-14.25362	-10.799742
4930447K03Rik	-19.124992	-15.671115
Ubb	-7.9691925	-4.515315
Rac1	-10.456453	-7.0025754
Mylpf	-15.136009	-11.682131
Suox	-14.037397	-10.583519
Hist1h4h	-12.423034	-8.969155
Tmem161b	-13.13478	-9.680902
Mmp17	-12.046652	-8.592773
Slc14a2	-19.81814	-16.364264
Riox2	-13.417883	-9.9640045
Il15	-16.180553	-12.726676
4933411E06Rik	-16.984926	-13.531049
Polk	-12.919426	-9.465548
G6pdx	-12.963786	-9.509908
Rwdd2b	-14.814195	-11.360316
Hdac8	-13.617632	-10.1637535
Fads3	-11.608561	-8.154682
Tmem8	-17.11009	-13.656212
Ulk1	-12.667439	-9.213561
Maco1	-11.257314	-7.803436
Gm47400	-16.29178	-12.837902
Tmem234	-10.598048	-7.1441703
Rnasel	-16.416943	-12.963065
Zeb2os	-14.071938	-10.618059
Cpd	-12.1449175	-8.691039
Il13ra2	-17.620916	-14.167038
Gm43221	-17.620916	-14.167038
Map3k20	-10.032818	-6.57894
Utp18	-12.421192	-8.967314
2310015A16Rik	-13.720066	-10.266188
Pola1	-12.987267	-9.533388
Bbox1	-18.719528	-15.265651
Sptbn2	-18.208702	-14.754825
Apol7d	-15.474336	-12.020457
Igip	-12.5142975	-9.060419
Unk	-13.556649	-10.102771
Rnaset2a	-13.448239	-9.994361
Rps2	-8.127044	-4.6731663
Fhod3	-15.92632	-12.472442
Smpd5	-15.92632	-12.472442
Cstad	-13.669673	-10.215795
Cox6a1	-9.686005	-6.2321267
Cops6	-10.770907	-7.3170295
Bend3	-15.274846	-11.820968
Gm11772	-16.129261	-12.675383
Mcm2	-14.676477	-11.222599
Egfr	-12.804225	-9.350347
Tcf7l1	-11.741937	-8.288058
Efcab2	-14.34587	-10.891992
Mob1a	-11.628064	-8.174186
Asxl2	-12.286053	-8.832174
Tbx1	-14.480603	-11.026725
Dennd1b	-13.047351	-9.5934725
Coa6	-12.052996	-8.599117
Ltv1	-12.661964	-9.208086
Anxa11os	-18.208702	-14.754825
Ndufa8	-10.508861	-7.0549827
Wnk1	-10.595575	-7.1416974
Gm37850	-17.620916	-14.167038
Cav3	-11.868696	-8.414818
Gm44854	-17.11009	-13.656212
Asl	-12.480553	-9.026674
Mzt1	-12.40056	-8.946682
Aspscr1	-12.437262	-8.983383
Samd13	-18.719528	-15.265651
Mansc4	-18.02638	-14.572503
Gm15567	-19.124992	-15.671115
Epb41l1	-12.710715	-9.256837
Ankra2	-11.835383	-8.381505
Bcorl1	-12.871164	-9.417286
B3galnt1	-13.740499	-10.28662
Gm32031	-13.56239	-10.108512
Sept9	-11.691031	-8.237153
Gm29340	-19.81814	-16.364264
Ofd1	-13.42958	-9.975701
Foxk1	-12.842727	-9.388848
Mrps21	-10.342057	-6.8881793
Rps27rt	-12.5527115	-9.098833
Gm5914	-14.031243	-10.577365
Rpl13	-7.5182357	-4.064358
Tmem144	-17.11009	-13.656212
Scn3a	-15.555461	-12.101583
Daglb	-13.237502	-9.783624
Dpp3	-12.330407	-8.876529
Rapgef3os2	-18.208702	-14.754825
Rarb	-13.3852005	-9.931322
Mcm8	-14.96611	-11.512232
Vstm4	-13.0542555	-9.600377
Yes1	-12.994855	-9.540977
Hif3a	-16.599264	-13.145387
B930059L03Rik	-17.253191	-13.799314
Scamp1	-12.551313	-9.097435
Ms4a1	-19.124992	-15.671115
BC046401	-18.719528	-15.265651
Pdia4	-11.384764	-7.930886
BC051019	-19.81814	-16.364264
Snx4	-11.685141	-8.231262
Gm15690	-15.675006	-12.2211275
Abca3	-13.062372	-9.608494
Selenoi	-13.132279	-9.678401
Cth	-15.17375	-11.7198715
Gm17111	-18.02638	-14.572503
Icam2	-18.02638	-14.572503
Map7	-13.697844	-10.243965
Sema7a	-18.02638	-14.572503
Gfpt1	-12.181871	-8.727993
Acsl1	-11.324216	-7.870338
Ltbp4	-9.319919	-5.8660407
Nrg2	-16.416943	-12.963065
Mfsd14b	-12.832499	-9.37862
Mlf1	-13.11864	-9.664762
Nop14	-11.941123	-8.487245
Prr14	-12.343936	-8.890058
Muc4	-15.487408	-12.033529
Rsbn1	-11.938092	-8.484214
Serpini1	-11.002177	-7.5482993
Ubc	-8.360126	-4.9062476
G630093K05Rik	-17.620916	-14.167038
Nr1h2	-11.39812	-7.944242
Pogz	-12.935703	-9.481825
Crebzf	-12.560433	-9.106555
Ict1os	-19.81814	-16.364264
Agap1	-12.440382	-8.986504
Artn	-15.24343	-11.789552
Tbca	-10.181618	-6.72774
Pole4	-11.5714445	-8.117566
Mlst8	-14.3844185	-10.93054
Tceal3	-11.762031	-8.308152
Stx11	-15.01412	-11.560242
Tufm	-12.65342	-9.199542
Engase	-15.154701	-11.700823
Mdga2	-16.984926	-13.531049
Foxo4	-13.33198	-9.878101
Wnt5a	-13.223727	-9.769849
Rbm17	-11.773515	-8.319636
Gm45121	-18.719528	-15.265651
Rint1	-12.963786	-9.509908
Cenpl	-15.030649	-11.576771
Pter	-13.48842	-10.034541
Rap1a	-10.685005	-7.2311273
Zfp518b	-13.573974	-10.120095
Ppargc1b	-14.375723	-10.9218445
Morn2	-12.838065	-9.384187
Tor1aip2	-12.087966	-8.634088
Strn3	-10.789203	-7.335325
B230398E01Rik	-16.682646	-13.228768
Rbm15	-12.884718	-9.43084
Git1	-13.078804	-9.624926
Gm14698	-16.234621	-12.780744
Ptpn14	-12.596305	-9.1424265
Cyb5r1	-12.423034	-8.969155
Lrfn3	-13.766051	-10.312173
Ranbp9	-12.268532	-8.814653
Cnnm1	-17.333233	-13.879355
1810014P07Rik	-19.124992	-15.671115
Gm10800	-16.262793	-12.808914
Mrpl1	-12.420579	-8.966701
Nipsnap2	-12.525804	-9.071925
Spata7	-13.252876	-9.798998
Ccdc25	-12.16133	-8.707452
Gm8579	-18.431845	-14.977967
Cldn11	-19.81814	-16.364264
Dhrs7b	-12.686442	-9.232564
Tmem88	-15.613448	-12.15957
Noa1	-13.412912	-9.959034
Cdip1	-12.56255	-9.108671
Rcn1	-11.724373	-8.270494
M6pr	-11.635581	-8.181703
Gm32250	-18.02638	-14.572503
Gm49335	-17.87223	-14.418353
Srcin1	-18.208702	-14.754825
Braf	-11.737285	-8.283406
Hspa1a	-9.413726	-5.9598484
Naip5	-18.431845	-14.977967
Nt5m	-13.16013	-9.706251
Taldo1	-10.481256	-7.0273776
Nwd1	-17.87223	-14.418353
Lix1l	-11.450144	-7.996266
Tcf7	-17.333233	-13.879355
Atp2a2	-9.506724	-6.0528464
Pcdhb21	-15.02235	-11.568472
Washc5	-13.102757	-9.648879
Ccdc170	-17.87223	-14.418353
Ndufa5	-9.961273	-6.5073953
Pcdhgb5	-14.597785	-11.143907
Gm12762	-18.431845	-14.977967
Cnot6	-12.155203	-8.701324
Gemin5	-13.60955	-10.155672
Xkr6	-16.485935	-13.032058
Mamdc2	-13.56239	-10.108512
Ms4a4d	-18.431845	-14.977967
Cpsf2	-12.168924	-8.715046
Slc16a2	-13.13478	-9.680902
Rbfa	-12.1542635	-8.700385
Arhgap31	-13.250063	-9.796185
Paqr9	-16.927769	-13.47389
1810055G02Rik	-12.4637785	-9.0099
Defb25	-14.912866	-11.458987
Lrp6	-11.502085	-8.048206
Cx3cr1	-17.620916	-14.167038
Tle5	-9.343533	-5.8896546
Lmo7	-15.01412	-11.560242
Ciita	-18.719528	-15.265651
Nanos1	-14.608655	-11.154777
Lysmd2	-12.23286	-8.778981
1810059C17Rik	-18.208702	-14.754825
Pdp2	-12.16133	-8.707452
Anapc7	-11.125315	-7.671437
Pnpla8	-11.25693	-7.8030524
Pa2g4	-11.151838	-7.6979604
Litaf	-13.133529	-9.67965
Bsn	-18.208702	-14.754825
Prrg1	-14.245987	-10.792109
Ninl	-14.367103	-10.913224
Stard5	-14.755546	-11.301667
Akap7	-12.306616	-8.852737
Cerkl	-14.397606	-10.9437275
Pdzk1	-19.124992	-15.671115
Apex2	-13.875341	-10.421463
Ccdc80	-10.29175	-6.837872
Gm10762	-13.180882	-9.727004
Slfnl1	-18.719528	-15.265651
Rasl2-9	-19.81814	-16.364264
Neurl4	-13.281449	-9.827571
Lrrc29	-16.104568	-12.65069
Cct6b	-16.262793	-12.808914
Gm10069	-14.827708	-11.37383
Lck	-18.431845	-14.977967
Cep128	-14.670647	-11.216768
Akap8	-12.190109	-8.736231
Pgbd1	-15.92632	-12.472442
Lrrc18	-17.333233	-13.879355
Cldn7	-16.384153	-12.930275
Amt	-15.02235	-11.568472
Kat6a	-11.848437	-8.394559
Gm26684	-15.387324	-11.933446
Pomk	-13.82918	-10.375301
Cab39l	-11.988908	-8.535029
Mpp5	-12.225775	-8.771896
Gm16153	-17.045551	-13.591674
Olfr1034	-12.814167	-9.360289
Dnajc12	-14.230892	-10.777014
Tram1	-11.491382	-8.037503
Mylip	-12.491017	-9.037139
Hdac6	-13.695648	-10.24177
Gm3839	-18.208702	-14.754825
Mcm3ap	-12.815985	-9.362106
Jarid2	-12.746568	-9.292689
Mag	-19.124992	-15.671115
Kcnb1	-12.918418	-9.46454
1700096K18Rik	-13.711118	-10.257239
Pgam2	-15.829157	-12.375278
Gm11627	-11.27567	-7.821792
Cdr2l	-14.216022	-10.762143
Fgf10	-18.719528	-15.265651
Lsg1	-12.781992	-9.328114
Itgb1	-8.3741045	-4.9202266
2410006H16Rik	-11.335125	-7.881247
1700020D05Rik	-16.485935	-13.032058
Dbn1	-12.884718	-9.43084
A730063M14Rik	-14.320972	-10.867094
Efcab9	-16.560043	-13.106166
Gatad2a	-12.3496275	-8.895749
Srp9	-10.510492	-7.0566144
Smad7	-11.204547	-7.750669
P3h4	-11.347201	-7.8933234
Neu1	-12.434152	-8.980273
Krtap28-13	-17.515554	-14.061677
Tmem150b	-18.02638	-14.572503
Vsir	-16.15458	-12.700701
Gm50340	-16.352404	-12.898526
Gm43653	-18.02638	-14.572503
Gemin4	-18.02638	-14.572503
Vrk3	-13.26706	-9.813182
Bicdl2	-17.87223	-14.418353
Vmn2r29	-16.234621	-12.780744
Inpp5a	-11.121296	-7.667418
Paxbp1	-12.430431	-8.976553
Itpkb	-11.981771	-8.527893
Gm30411	-19.81814	-16.364264
Usp25	-12.07184	-8.617962
Gm15718	-19.81814	-16.364264
Glrx2	-10.959772	-7.505894
Srek1ip1	-11.949121	-8.495243
Snrpd3	-10.919365	-7.465487
Gm12089	-16.522303	-13.068425
Col23a1	-14.176233	-10.722355
Akt2	-11.796228	-8.34235
Gm15708	-14.718274	-11.264396
Siah1b	-14.592394	-11.138515
Acot8	-12.746568	-9.292689
Coq2	-11.750678	-8.2968
Tmem69	-14.619644	-11.165766
Ubp1	-11.686022	-8.232143
A930006K02Rik	-15.659258	-12.2053795
2310002F09Rik	-18.719528	-15.265651
Car12	-17.87223	-14.418353
Asph	-10.55407	-7.1001925
Hcfc1	-12.195966	-8.742087
4930405O22Rik	-18.208702	-14.754825
Cdk5rap3	-11.788383	-8.334504
Cc2d1a	-13.291646	-9.837768
Cdr1os	-14.890887	-11.437009
Atp6v0a2	-12.392783	-8.938905
Pls3	-8.740485	-5.2866073
Fam168b	-11.901334	-8.447455
Dck	-14.676477	-11.222599
Cog2	-12.969074	-9.515196
Dtd2	-12.425493	-8.971615
Faf2	-11.97547	-8.521591
Dstn	-7.1062293	-3.6523519
Rictor	-12.033252	-8.579373
Bmp6	-16.560043	-13.106166
Rbbp7	-10.718732	-7.264854
Faf1	-12.184287	-8.730409
Kdelr1	-10.610906	-7.1570277
Fat3	-17.420244	-13.966367
Secisbp2l	-11.514388	-8.06051
Bag3	-11.37524	-7.9213624
Ints9	-13.142318	-9.688439
Fermt2	-9.370354	-5.9164762
Fas	-11.335539	-7.881661
Rrh	-18.719528	-15.265651
Rpusd4	-13.36767	-9.913792
Ube2v2	-11.371156	-7.917278
Trp53i11	-13.477781	-10.023903
H2afy	-10.875027	-7.421149
Ighm	-17.179083	-13.725205
Ebf1	-10.366738	-6.9128604
Pttg1	-10.910528	-7.4566503
Afg3l2	-12.602166	-9.148288
Gm28196	-18.719528	-15.265651
Cideb	-18.431845	-14.977967
Mtrf1l	-13.024674	-9.570796
Cog6	-12.882771	-9.428892
Timm8b	-10.761767	-7.3078895
Shld3	-14.718274	-11.264396
4930565N06Rik	-17.179083	-13.725205
Gm28112	-16.560043	-13.106166
Depdc5	-13.652723	-10.198845
Gphn	-12.784635	-9.330756
Zkscan14	-13.82418	-10.370301
Nalcn	-12.954337	-9.500459
Brwd3	-13.254285	-9.800406
1700014D04Rik	-18.431845	-14.977967
Zfp157	-13.4279	-9.974022
Pla2g4f	-19.81814	-16.364264
Gm13778	-16.416943	-12.963065
Rps28	-7.997811	-4.5439334
Hbegf	-10.843269	-7.3893914
Fv1	-16.682646	-13.228768
Zmynd12	-17.738699	-14.2848215
Cetn4	-13.015746	-9.561868
C1s1	-13.099128	-9.645249
Nbdy	-11.156847	-7.702969
Dnah2os	-18.719528	-15.265651
Arntl2	-14.581698	-11.12782
Glb1l	-14.04359	-10.589711
Zfp219	-12.9564295	-9.502551
Sparcl1	-9.298522	-5.844644
Atp2c1	-12.227288	-8.77341
Pick1	-13.113727	-9.659848
Lin9	-14.151714	-10.697836
Islr2	-18.719528	-15.265651
Gskip	-12.516993	-9.063114
Kcnj15	-11.50871	-8.0548315
Gm17029	-19.81814	-16.364264
Fam187b	-19.81814	-16.364264
Pcdh12	-18.719528	-15.265651
Eif2b1	-12.577491	-9.123612
Abhd17b	-11.815447	-8.361568
Dnajc19	-11.093121	-7.6392426
Gm45151	-17.738699	-14.2848215
1700003E16Rik	-17.179083	-13.725205
Chst1	-17.333233	-13.879355
Hist2h2ac	-13.093107	-9.639229
Tcap	-8.913029	-5.4591513
Ddias	-17.333233	-13.879355
Gm15940	-18.02638	-14.572503
Dcaf12l1	-17.253191	-13.799314
Nrgn	-11.968817	-8.514938
Mks1	-15.212971	-11.759092
Sptssa	-10.688143	-7.234265
Gm15912	-13.951673	-10.497794
Cdkn2b	-13.306396	-9.852517
BC037032	-14.565867	-11.111989
2700049A03Rik	-13.234732	-9.780853
Gm15627	-18.719528	-15.265651
Kcnt2	-13.288722	-9.834844
Gm20753	-19.81814	-16.364264
Enkur	-15.329504	-11.875626
Mrap	-18.431845	-14.977967
Zfp407	-13.281449	-9.827571
Cdh23	-19.81814	-16.364264
Ifit2	-13.207445	-9.753567
Brk1	-10.497422	-7.0435443
Zfp942	-13.689091	-10.235212
Hist1h2bc	-10.183121	-6.729243
Mgmt	-12.782872	-9.328994
Flacc1	-18.02638	-14.572503
Golga5	-12.235911	-8.782033
Clmn	-16.727098	-13.27322
4930522L14Rik	-13.617632	-10.1637535
Fgfr1op	-13.541497	-10.087619
Dcst2	-18.719528	-15.265651
Pcdhb9	-17.11009	-13.656212
Il11	-16.873701	-13.419824
Lgalsl	-10.957357	-7.5034795
Hist1h3i	-16.773619	-13.31974
Vmn2r1	-17.515554	-14.061677
Dhcr24	-13.36767	-9.913792
Nxpe5	-19.81814	-16.364264
D1Ertd622e	-13.062372	-9.608494
Hcn1	-18.431845	-14.977967
Cox6b2	-13.904637	-10.450759
Psmb8	-14.504934	-11.051056
Heatr5a	-12.391592	-8.937714
5830416I19Rik	-16.984926	-13.531049
Mmachc	-14.3333435	-10.879465
Lmtk2	-13.846879	-10.393001
4933406P04Rik	-16.416943	-12.963065
Clec1b	-18.431845	-14.977967
Rilpl2	-12.559729	-9.10585
Nt5c3b	-11.703517	-8.249639
Tex2	-13.199402	-9.745523
Gm47798	-17.515554	-14.061677
Gm20594	-14.997859	-11.543981
Sypl2	-15.145312	-11.691434
Chd3	-10.640117	-7.186239
Susd5	-10.041465	-6.587587
Gm12158	-18.719528	-15.265651
A530017D24Rik	-14.127781	-10.6739025
Gm19689	-15.847849	-12.3939705
Nrd1	-11.450841	-7.996963
Metap1d	-13.034816	-9.580937
Entpd6	-14.630754	-11.176876
Pcolce	-12.729732	-9.275853
Itga9	-9.996189	-6.542311
Rbm26	-11.607201	-8.153322
Pcdhgc4	-15.099642	-11.645763
Ccdc24	-15.886315	-12.432437
C430049B03Rik	-15.691007	-12.237128
Hpx	-18.208702	-14.754825
Gm10642	-18.431845	-14.977967
Galnt14	-17.738699	-14.2848215
Zfp97	-15.17375	-11.7198715
Sh3bp2	-14.942944	-11.489065
Dmrtc1a	-16.640087	-13.186209
Cyp39a1	-13.595565	-10.141686
Sf3b4	-12.164646	-8.710768
Ptdss1	-12.753382	-9.299503
Vcpkmt	-14.0467	-10.592821
Ndufs6	-10.088174	-6.634296
mt-Co2	-6.53139	-3.0775127
Uap1l1	-13.227839	-9.773961
Srp19	-10.922237	-7.4683595
Rbm12b1	-14.158659	-10.704781
Crbn	-12.233368	-8.7794895
C230013L11Rik	-15.233173	-11.779295
Morc4	-13.377194	-9.923316
Tsc22d2	-11.415012	-7.9611344
Tesc	-12.63124	-9.1773615
Sgo2a	-14.094556	-10.640677
Zfp82	-15.285542	-11.831663
Pank1	-13.016858	-9.56298
Gm10433	-18.719528	-15.265651
Zfp111	-13.995095	-10.541217
Armcx4	-13.156286	-9.702408
Tspan12	-14.592394	-11.138515
Nim1k	-13.5662365	-10.112358
4932441J04Rik	-14.141387	-10.687509
Zfp738	-13.223727	-9.769849
Gm6566	-17.333233	-13.879355
Wfikkn1	-16.522303	-13.068425
Shroom3	-12.143988	-8.690109
Ube2c	-16.822409	-13.36853
Sirt3	-12.40961	-8.955731
Zfp110	-13.058886	-9.605007
Rapgef6	-11.668828	-8.21495
Gm15133	-17.515554	-14.061677
Kmt2b	-12.591931	-9.138053
Iglon5	-14.534937	-11.0810585
Ptpn3	-13.020201	-9.566322
Krcc1	-11.035818	-7.58194
Det1	-14.55545	-11.101572
Fam228a	-18.208702	-14.754825
Gm11629	-19.81814	-16.364264
Gm13499	-18.02638	-14.572503
6430590A07Rik	-13.756684	-10.302806
Cacybp	-10.815686	-7.3618083
Hdac2	-11.861664	-8.407785
Lama4	-10.986283	-7.5324054
Adam15	-11.924942	-8.471064
Sbsn	-13.759018	-10.30514
Ormdl2	-13.809327	-10.355449
Bloc1s6os	-17.11009	-13.656212
Crim1	-10.99214	-7.538262
Zfp946	-13.87272	-10.418841
Rapgefl1	-16.15458	-12.700701
Mrtfb	-12.563256	-9.109378
Armc1	-11.562832	-8.108953
Daxx	-12.887646	-9.433767
Ptrhd1	-12.391592	-8.937714
Med17	-12.878887	-9.425009
4930578M01Rik	-15.886315	-12.432437
S100pbp	-12.91339	-9.459512
Acadsb	-10.919775	-7.465897
Blvrb	-11.153217	-7.6993394
Piga	-14.3844185	-10.93054
9930104L06Rik	-13.5377445	-10.083866
Klhl20	-13.207445	-9.753567
Pafah2	-13.971702	-10.517823
Tal2	-15.500652	-12.046774
Dnm2	-12.108832	-8.654954
Ppm1d	-12.894512	-9.440634
Eif2s3x	-11.20237	-7.748492
Gm49144	-19.81814	-16.364264
Nlrp5	-19.124992	-15.671115
Bche	-13.621696	-10.167818
Fam149a	-13.467255	-10.013376
Asb6	-13.247258	-9.79338
Sin3b	-11.114634	-7.6607556
Dop1a	-12.508928	-9.05505
Actn4	-9.383289	-5.929412
Socs5	-12.7474165	-9.293538
Ucp1	-18.431845	-14.977967
Gm4211	-19.124992	-15.671115
Acvr1c	-16.984926	-13.531049
Dync1li1	-11.515379	-8.061501
Mfsd4a	-13.631932	-10.178054
C7	-18.02638	-14.572503
Rab5if	-10.857673	-7.403795
Nxnl2	-15.792789	-12.338911
Nemp1	-13.441414	-9.987535
Pqlc1	-12.700935	-9.247057
Arhgap21	-12.546437	-9.092559
Gm36423	-17.420244	-13.966367
Nsf	-12.529213	-9.075335
Tfpt	-12.838996	-9.385118
6230400D17Rik	-14.848328	-11.394449
Adra1a	-16.984926	-13.531049
Speg	-11.007234	-7.5533557
Keap1	-11.762348	-8.30847
Olfr107	-19.124992	-15.671115
Prpf18	-12.573914	-9.120035
Poglut2	-12.729732	-9.275853
Atp11b	-11.962596	-8.508718
Chst12	-11.856422	-8.402544
Snx2	-11.870462	-8.416584
1700019G24Rik	-17.87223	-14.418353
Ostm1	-13.318354	-9.864475
Angptl6	-13.770768	-10.31689
Nagk	-11.855725	-8.401847
Actn1	-8.552946	-5.099068
Pex6	-12.866368	-9.41249
Eaf2	-15.06455	-11.610672
Ager	-18.02638	-14.572503
Mpg	-12.7864	-9.332521
Sephs1	-12.891563	-9.437685
Fbn2	-18.431845	-14.977967
H2-Q6	-19.124992	-15.671115
2010001K21Rik	-14.96611	-11.512232
Jade1	-12.380935	-8.927056
Qpctl	-13.910058	-10.45618
Lst1	-15.569646	-12.1157675
Rc3h1	-11.671721	-8.217843
Aass	-13.720066	-10.266188
Myo19	-14.755546	-11.301667
Agpat4	-12.476009	-9.022131
C230037L18Rik	-15.569646	-12.1157675
Nubpl	-13.849433	-10.395555
Ciz1	-12.767151	-9.313272
Apoh	-17.179083	-13.725205
Reg4	-19.124992	-15.671115
Optn	-12.769754	-9.315876
Gm16001	-17.620916	-14.167038
Snx18	-11.037507	-7.583629
Eaf1	-13.652723	-10.198845
Laptm4b	-11.822497	-8.368619
Thtpa	-13.528425	-10.074547
Dap	-10.650394	-7.1965165
Gm29417	-18.208702	-14.754825
Dupd1	-19.81814	-16.364264
Fancg	-15.613448	-12.15957
Il7r	-18.719528	-15.265651
Zbtb6	-12.999217	-9.545339
Nipsnap1	-13.511866	-10.057987
Jag2	-15.01412	-11.560242
Zdhhc4	-12.338841	-8.884963
Cd2bp2	-12.751674	-9.297795
Hspe1-rs1	-14.2613125	-10.807434
Gm15860	-14.495131	-11.041252
Gpam	-13.469002	-10.015123
2810430I11Rik	-15.757698	-12.30382
Gm26902	-17.620916	-14.167038
Gm12905	-16.416943	-12.963065
Tut4	-11.757285	-8.303407
6030442K20Rik	-15.967993	-12.514114
Tpd52l2	-10.8078375	-7.3539596
Il34	-18.719528	-15.265651
Gm12976	-16.321632	-12.867755
Npnt	-8.72407	-5.2701917
Impg2	-17.420244	-13.966367
Ano3	-16.927769	-13.47389
Aldh1l1	-15.340804	-11.886926
D830030K20Rik	-17.11009	-13.656212
Aox1	-13.119873	-9.665995
Alg14	-11.891539	-8.43766
Gm15545	-15.399301	-11.945422
Rad50	-11.890095	-8.436216
Kif1c	-10.999806	-7.5459285
Actn2	-13.204757	-9.750878
Cox5a	-10.219007	-6.7651286
H19	-18.719528	-15.265651
Iscu	-10.188367	-6.734489
Sft2d1	-13.324387	-9.870508
Tars	-12.070112	-8.616234
Rpl12	-8.472734	-5.018857
Mrpl44	-12.789053	-9.335175
4921524J17Rik	-11.824859	-8.37098
Tfe3	-12.837135	-9.383257
Tlcd1	-13.179573	-9.725695
Gm12592	-16.927769	-13.47389
Psme1	-10.983076	-7.529198
Sptbn1	-10.100741	-6.6468635
Eif5	-10.140112	-6.686234
Mtg2	-12.666656	-9.212777
Lypla2	-12.676105	-9.222226
Fam57b	-17.620916	-14.167038
Ift172	-13.448239	-9.994361
Lmbr1	-13.303428	-9.849549
Ppp2r2a	-11.358365	-7.904487
Klf7	-10.77942	-7.325542
Rnf152	-13.285807	-9.831928
Gle1	-12.250795	-8.796917
Dctn4	-11.189227	-7.735349
Miga2	-13.631932	-10.178054
Gm7467	-15.613448	-12.15957
Cdc14a	-12.563963	-9.110085
Uba52	-9.32116	-5.867283
Rhbdl3	-14.768285	-11.314406
Pum2	-11.089391	-7.635513
Fads6	-18.208702	-14.754825
Atp7a	-13.3852005	-9.931322
Fcgr2b	-18.208702	-14.754825
Iqcc	-13.391652	-9.937774
Zscan18	-16.262793	-12.808914
Ralyl	-19.81814	-16.364264
Hist2h4	-14.659085	-11.205207
Mgst3	-11.708315	-8.2544365
Chrdl1	-14.706153	-11.2522745
Gm3336	-15.628486	-12.174607
Ipo8	-12.49497	-9.041092
Thoc5	-12.998124	-9.544246
Zfp707	-12.669009	-9.215131
Snrpc	-11.003662	-7.549784
Sap30bp	-12.5548115	-9.100933
Ier3ip1	-10.682955	-7.229077
Evi5l	-13.948844	-10.494966
Wdr3	-13.288722	-9.834844
Kdm6bos	-16.773619	-13.31974
Col20a1	-16.234621	-12.780744
Cd200	-8.970961	-5.517083
Rasl10b	-14.179786	-10.725907
Rpl5	-8.707171	-5.2532935
Per1	-12.336585	-8.882707
Fam166a	-19.124992	-15.671115
Ncf1	-19.124992	-15.671115
Nmrk1	-13.836726	-10.382848
Ndufb10	-9.787448	-6.33357
Gjd4	-19.81814	-16.364264
Tyw5	-12.542969	-9.08909
Serpinc1	-15.659258	-12.2053795
Psrc1	-15.866897	-12.413018
Rnf214	-12.444139	-8.99026
Zdhhc18	-13.025796	-9.571918
G6pc3	-12.418743	-8.964865
Mtrf1	-13.711118	-10.257239
Npr1	-11.112478	-7.6586003
Cdk8	-12.489703	-9.035825
Ralgps2	-17.11009	-13.656212
Trmt6	-12.927531	-9.473653
Ctnnd2	-15.527681	-12.073803
Lrrc73	-14.958328	-11.50445
Vps53	-12.348487	-8.8946085
Abcd4	-13.030295	-9.576417
Zfp160	-12.939815	-9.485936
Tnfaip8	-11.522593	-8.068714
Gm17477	-16.011478	-12.5576
Trib2	-13.089512	-9.635633
Gm47512	-16.262793	-12.808914
Gm47071	-19.124992	-15.671115
Msantd3	-13.456839	-10.00296
Rhbdf2	-13.579816	-10.125937
Pelp1	-12.73224	-9.278361
Gm50107	-16.321632	-12.867755
Gm17098	-18.719528	-15.265651
Mt3	-16.873701	-13.419824
Ebpl	-12.039092	-8.585214
Lrp2bp	-17.179083	-13.725205
Oxa1l	-12.519695	-9.065817
Ube2d1	-12.43229	-8.978412
Sema3d	-11.349928	-7.89605
Pth1r	-12.664307	-9.210428
Gm12525	-19.81814	-16.364264
Mrps18c	-11.242679	-7.7888007
Psg16	-17.738699	-14.2848215
Hnrnpd	-11.025895	-7.572017
Brf2	-13.366092	-9.912213
Olfr718-ps1	-18.719528	-15.265651
Pde4b	-11.799516	-8.345637
Kri1	-13.650624	-10.196746
Cyp2j6	-14.141387	-10.687509
Dzank1	-15.06455	-11.610672
Prorsd1	-11.659052	-8.2051735
Rhebl1	-13.777886	-10.324008
Pigk	-11.810108	-8.35623
Gpr146	-12.953293	-9.499414
Akt1	-11.467947	-8.014069
Agk	-13.169156	-9.715278
D8Ertd738e	-9.826871	-6.372993
Bub3	-11.334091	-7.8802133
Arid5b	-9.565441	-6.111563
Blmh	-11.233476	-7.7795978
Gpx2	-18.719528	-15.265651
Ccdc92	-15.411422	-11.957543
Tarbp1	-14.39319	-10.939312
Hist1h3g	-17.515554	-14.061677
Rilp	-13.319859	-9.86598
Atp6v1a	-10.761535	-7.307657
Tfap4	-14.659085	-11.205207
Nudt8	-13.290183	-9.836305
Trmt61a	-13.689091	-10.235212
Numa1	-11.688671	-8.234793
Lefty1	-13.449954	-9.996076
Gm26981	-16.180553	-12.726676
Rrm1	-13.1297865	-9.675908
Gm13524	-16.384153	-12.930275
Tor1b	-11.618676	-8.164798
Gm43813	-13.717822	-10.263944
Gm49785	-17.045551	-13.591674
Rock2	-9.493774	-6.0398965
Mycbp	-12.097236	-8.643357
Fech	-12.260146	-8.806268
Prkar2a	-11.166067	-7.712189
Eipr1	-13.241672	-9.787793
Mre11a	-13.636056	-10.182178
Tcirg1	-13.636056	-10.182178
Tmem125	-19.81814	-16.364264
Plppr2	-14.495131	-11.041252
Wdr43	-11.74318	-8.289302
Slfn8	-16.522303	-13.068425
Reln	-18.431845	-14.977967
Pde7b	-17.11009	-13.656212
Cap2	-11.383895	-7.930017
Fut7	-18.02638	-14.572503
2510039O18Rik	-12.516993	-9.063114
Mbp	-18.02638	-14.572503
Gm45411	-17.87223	-14.418353
Stmn1	-13.460299	-10.00642
Ankrd55	-19.124992	-15.671115
1010001B22Rik	-14.787703	-11.333824
Vezf1	-10.953253	-7.499375
Adck1	-13.463771	-10.009892
Pld6	-18.02638	-14.572503
Amigo3	-16.321632	-12.867755
Cst3	-7.487159	-4.0332813
Gm15507	-17.620916	-14.167038
Blzf1	-12.591931	-9.138053
Lonrf3	-14.973953	-11.520075
Tspan18	-15.487408	-12.033529
Timp1	-12.542969	-9.08909
Mtmr6	-11.74661	-8.292731
Lrp5	-12.797057	-9.343179
Bcat2	-12.41143	-8.957552
Nae1	-11.568304	-8.114426
Ahr	-14.890887	-11.437009
Shank3	-16.03395	-12.580072
Bend7	-13.849433	-10.395555
Brd1	-11.949504	-8.4956255
Rapsn	-14.419978	-10.9661
Gpld1	-16.384153	-12.930275
Tnfaip6	-14.490265	-11.0363865
Parp14	-13.691272	-10.237393
Nfasc	-15.723796	-12.2699175
Mllt3	-12.241531	-8.787653
Phf2os1	-16.873701	-13.419824
Pcmtd2	-12.276988	-8.82311
Ntng2	-17.87223	-14.418353
Gm47765	-17.738699	-14.2848215
Gm17207	-17.87223	-14.418353
Kdm5d	-19.81814	-16.364264
Gm14305	-13.3997755	-9.945897
Tlr13	-19.81814	-16.364264
Isoc2b	-12.686442	-9.232564
Igfbp3	-17.87223	-14.418353
Col4a3bp	-12.066666	-8.612787
Sh2d5	-18.208702	-14.754825
Ammecr1	-13.560473	-10.106595
Parp2	-12.509598	-9.055719
Rbm34	-12.617716	-9.163837
Acaa1a	-11.155117	-7.701239
Hpca	-19.81814	-16.364264
Gng7	-14.912866	-11.458987
Gstt3	-12.598498	-9.14462
Cox15	-13.992141	-10.538262
Meis1	-12.194987	-8.741109
Cenpw	-12.577491	-9.123612
Ncoa3	-11.654485	-8.200606
Nif3l1	-13.713347	-10.259469
2010320M18Rik	-12.385657	-8.931779
Gm32027	-17.333233	-13.879355
Tollip	-12.649561	-9.195683
Ptchd1	-19.81814	-16.364264
Gpr174	-19.81814	-16.364264
Rftn1	-15.474336	-12.020457
Gm26912	-16.773619	-13.31974
Ly86	-19.124992	-15.671115
D030056L22Rik	-12.869244	-9.415365
Homer1	-13.34425	-9.890371
Hand2	-11.0165205	-7.5626426
Rab34	-11.229371	-7.775493
Dsn1	-15.375489	-11.921611
Ralbp1	-10.657516	-7.2036376
Zfand4	-15.675006	-12.2211275
Wfs1	-12.525123	-9.071244
Bccip	-11.310796	-7.856918
Rs1	-17.253191	-13.799314
Arhgap18	-14.749237	-11.295359
St3gal2	-11.403423	-7.9495454
Gna11	-10.600031	-7.146153
Gm28187	-18.431845	-14.977967
Gm43331	-15.569646	-12.1157675
Gm29367	-17.253191	-13.799314
Gm45188	-16.560043	-13.106166
Lpl	-11.620051	-8.166173
Srgap2	-12.783752	-9.329874
Tdg	-12.955383	-9.501505
Gm17116	-19.81814	-16.364264
Zfp758	-13.617632	-10.1637535
Sulf2	-11.34469	-7.8908124
Sbf1	-12.837135	-9.383257
Lta	-19.81814	-16.364264
Rrp36	-12.784635	-9.330756
Gm7160	-15.352233	-11.898355
Dvl1	-12.553411	-9.099532
Gm16845	-14.869381	-11.415503
Grem2	-14.781188	-11.32731
Arcn1	-11.065875	-7.611997
Pfdn5	-9.065378	-5.6115007
Nxpe4	-15.387324	-11.933446
Tecpr2	-14.022083	-10.568205
Slc25a20	-13.623735	-10.169857
Armcx6	-14.406495	-10.952617
Nsun7	-17.87223	-14.418353
A430018G15Rik	-12.608061	-9.154182
Pde1b	-15.274846	-11.820968
Gm34868	-18.431845	-14.977967
Gm19719	-17.253191	-13.799314
Asb3	-12.846472	-9.392593
Gm34069	-19.124992	-15.671115
Plce1	-12.533319	-9.079441
5730455P16Rik	-12.540202	-9.086324
Pot1b	-13.789863	-10.335984
Tbc1d7	-12.829727	-9.375849
Krt19	-19.81814	-16.364264
Zfp974	-14.162149	-10.708271
Ndp	-14.529874	-11.075995
Nnmt	-12.084457	-8.630579
Map4k1	-18.719528	-15.265651
Gm31749	-19.124992	-15.671115
A330023F24Rik	-13.241672	-9.787793
Prox2os	-16.873701	-13.419824
Selenoo	-12.774108	-9.32023
Ptcra	-17.420244	-13.966367
Vash2	-18.208702	-14.754825
4930448E22Rik	-18.719528	-15.265651
Dapk3	-11.757601	-8.303722
Gpr52	-17.738699	-14.2848215
Ctsf	-11.619501	-8.165623
Adtrp	-18.719528	-15.265651
Fmo6	-16.522303	-13.068425
Adamtsl4	-13.288722	-9.834844
Hipk2	-12.692858	-9.238979
Gnl3l	-11.989704	-8.535826
Exosc3	-12.154733	-8.700854
Calr3	-16.522303	-13.068425
Fah	-13.007998	-9.55412
Vti1b	-11.061459	-7.6075807
Kcnn1	-15.4614315	-12.007553
Car15	-16.234621	-12.780744
Ccdc91	-13.364516	-9.910638
Rxrg	-19.124992	-15.671115
Dst	-9.175338	-5.7214603
Gm47701	-17.87223	-14.418353
Rnf11	-10.716277	-7.262399
Gm28523	-15.363793	-11.909915
Gtpbp1	-13.174351	-9.720472
Kdm1a	-11.612376	-8.158498
Syf2	-10.668931	-7.215053
Foxp1	-10.216096	-6.762218
Ppargc1a	-13.715582	-10.2617035
Ehbp1l1	-11.11397	-7.660092
Tmem132a	-12.4347725	-8.980894
Tube1	-16.682646	-13.228768
Tubb2a	-11.277427	-7.823549
Smim12	-11.583045	-8.129167
Terf1	-12.893528	-9.43965
Setd2	-11.677825	-8.223947
A330040F15Rik	-18.208702	-14.754825
Cbr4	-13.163988	-9.71011
Nisch	-10.854341	-7.4004626
Gm49889	-17.87223	-14.418353
Plp2	-11.05237	-7.598492
9530018F02Rik	-14.855296	-11.401418
Slfn5	-16.180553	-12.726676
Nav1	-11.683673	-8.2297945
A930012L18Rik	-16.207222	-12.753345
Tmem64	-12.269058	-8.81518
Efhc1	-15.967993	-12.514114
Carm1	-12.623704	-9.169826
Ccdc42os	-14.2613125	-10.807434
Ppcs	-13.126057	-9.672178
Dld	-11.762031	-8.308152
Prdx2	-10.055296	-6.601418
Trim43b	-19.81814	-16.364264
Sdccag8	-13.290183	-9.836305
Smim4	-11.68661	-8.232732
Asrgl1	-12.320379	-8.866501
Gramd1a	-12.728898	-9.27502
Abhd8	-12.025379	-8.571501
Extl3	-12.676896	-9.223018
Creb3l3	-19.124992	-15.671115
Ntmt1	-12.315954	-8.862076
Hoxb4	-13.099128	-9.645249
Pxylp1	-14.1833515	-10.729473
Snhg20	-13.142318	-9.688439
Plat	-11.685434	-8.231556
Gm28723	-18.719528	-15.265651
Gm30382	-18.208702	-14.754825
Fjx1	-11.874003	-8.420125
Arf4os	-16.262793	-12.808914
Eif3h	-9.858415	-6.4045367
Pctp	-15.691007	-12.237128
Fastk	-11.850861	-8.396982
Gm17163	-16.599264	-13.145387
Gm35248	-16.640087	-13.186209
Gm35333	-18.719528	-15.265651
A230056P14Rik	-16.03395	-12.580072
Pmvk	-11.9595	-8.505622
Csrp2	-7.2154784	-3.761601
Prkaa1	-12.567505	-9.1136265
Ankrd12	-10.380506	-6.9266276
Gm43570	-18.208702	-14.754825
Srek1	-11.511175	-8.057297
Gpr19	-14.075137	-10.621259
Gm4924	-14.094556	-10.640677
Nbr1	-12.046652	-8.592773
Cdyl	-12.280178	-8.8263
Nsa2	-9.918209	-6.464331
Zzef1	-12.480553	-9.026674
Erp27	-16.180553	-12.726676
Etohd2	-15.047456	-11.593577
Psen2	-12.410216	-8.956338
Htatip2	-13.451671	-9.997792
Lrp12	-13.467255	-10.013376
Lrrc8c	-12.858743	-9.404864
Riiad1	-15.1176605	-11.663782
Ptprz1	-10.468387	-7.0145087
Tmem200b	-14.96611	-11.512232
Ccnk	-12.789053	-9.335175
Gm12223	-18.02638	-14.572503
Hist1h4b	-18.208702	-14.754825
Pxmp2	-13.554743	-10.100864
Zfp280b	-14.238411	-10.784533
Mmp9	-15.399301	-11.945422
Itfg2	-13.372421	-9.918543
Grem1	-17.515554	-14.061677
Gng3	-15.691007	-12.237128
Slc7a11	-17.738699	-14.2848215
Snrnp200	-11.741937	-8.288058
Pcyt2	-12.770623	-9.316745
Mocs2	-11.856422	-8.402544
Asxl3	-17.333233	-13.879355
Myg1	-12.115133	-8.661255
Chn1os3	-15.886315	-12.432437
Gm13346	-16.873701	-13.419824
Cep70	-13.918243	-10.464365
Pafah1b2	-11.84671	-8.392832
Ets1	-12.601431	-9.1475525
Dtymk	-11.519601	-8.065722
Phtf1os	-16.29178	-12.837902
Elf2	-11.358577	-7.904699
Gm9530	-17.253191	-13.799314
Sept10	-13.026919	-9.573041
Rnf44	-12.444766	-8.990888
Gm12981	-16.873701	-13.419824
Gm17058	-17.620916	-14.167038
Rrp12	-14.466283	-11.012404
Ehd4	-10.814579	-7.360701
Rab43	-13.071729	-9.61785
Sfrp2	-10.19622	-6.7423425
Gm16286	-11.174667	-7.7207894
Gprc5b	-14.571116	-11.117238
Leng8	-12.179942	-8.726064
Dcbld1	-14.540027	-11.086148
Scn8a	-19.81814	-16.364264
Plgrkt	-11.421535	-7.9676566
Naa10	-11.849129	-8.39525
Gm43768	-16.822409	-13.36853
Ap4e1	-13.573974	-10.120095
Hbp1	-11.576174	-8.122295
Klf15	-11.677825	-8.223947
Myl9	-7.053567	-3.5996895
Tmem236	-18.208702	-14.754825
Mcm9	-13.98333	-10.529451
Gm37401	-16.416943	-12.963065
Abhd14b	-12.2384615	-8.784583
4833408A19Rik	-15.126793	-11.6729145
Rnft2	-17.179083	-13.725205
Pde1a	-12.24461	-8.790731
Gm45805	-16.384153	-12.930275
Gpbp1	-11.4933195	-8.039441
Ece2	-13.733642	-10.279763
Ppm1m	-12.116488	-8.66261
Hgs	-12.648021	-9.194142
Zfp692	-14.162149	-10.708271
Gins2	-14.504934	-11.051056
Ccn3	-8.67363	-5.2197523
Wdr20	-13.110057	-9.656178
Gm15889	-19.81814	-16.364264
Rere	-11.573019	-8.119141
Fam161a	-14.700147	-11.246268
Cpsf3	-12.658849	-9.20497
Ppp1cc	-11.658766	-8.204887
Emc9	-12.1192045	-8.665326
Minar2	-15.527681	-12.073803
Wwc1	-14.410969	-10.95709
Gm17484	-15.967993	-12.514114
Cacna1a	-14.608655	-11.154777
Mcur1	-11.13985	-7.6859717
Ctdsp2	-10.741103	-7.2872252
Ak4	-14.883667	-11.429789
Dmap1	-12.828806	-9.3749275
Ube2e1	-11.502819	-8.048941
Gm12305	-17.333233	-13.879355
Heatr6	-12.483159	-9.029281
Inka1	-15.164181	-11.710302
Mfng	-19.81814	-16.364264
Gtpbp3	-13.479547	-10.025668
Gm29254	-16.234621	-12.780744
Gm3519	-18.431845	-14.977967
S100a14	-19.81814	-16.364264
E130309D02Rik	-13.47602	-10.022141
Gm17115	-18.719528	-15.265651
Luzp1	-10.870464	-7.4165864
Pop4	-12.92855	-9.474671
A930001C03Rik	-17.620916	-14.167038
Rnf219	-12.922458	-9.468579
Tomm70a	-11.970769	-8.516891
Znhit3	-12.341103	-8.887224
A230072C01Rik	-14.768285	-11.314406
Elmod3	-13.573974	-10.120095
Ppcdc	-13.09792	-9.644042
Dok5	-16.522303	-13.068425
Slc6a13	-19.124992	-15.671115
Gm10847	-17.333233	-13.879355
Gm30938	-14.1311655	-10.677287
Olfr633	-18.208702	-14.754825
Rac2	-18.719528	-15.265651
Aff1	-12.233876	-8.779998
Gm48899	-16.416943	-12.963065
mt-Nd4l	-8.457667	-5.0037894
Dmtf1	-12.511609	-9.057731
Gm9801	-18.719528	-15.265651
Rmdn2	-13.84179	-10.387912
Ubl5	-9.873608	-6.4197297
Muc13	-19.81814	-16.364264
Ptrh2	-12.871164	-9.417286
Tmem189	-12.390402	-8.936523
Adh5	-11.109501	-7.655623
Ephb4	-13.390036	-9.936157
Arl6ip1	-11.312413	-7.8585353
Atg5	-12.162277	-8.708399
Ccl11	-18.431845	-14.977967
Tefm	-13.854562	-10.400683
Lamtor4	-10.524931	-7.071053
Gm47633	-19.124992	-15.671115
Slc4a1ap	-12.791714	-9.337835
Gm45338	-18.208702	-14.754825
Ssbp3	-11.62557	-8.171692
Dnajc8	-10.4522505	-6.9983726
Apoe	-9.872216	-6.4183383
Leo1	-12.948088	-9.494209
Rsl1d1	-11.517364	-8.063485
Tgif2	-16.682646	-13.228768
Faim2	-14.208669	-10.75479
Myo5c	-16.522303	-13.068425
Lzts1	-16.29178	-12.837902
Ctf2	-18.208702	-14.754825
Plcg2	-16.207222	-12.753345
Capn10	-13.671811	-10.217933
Maoa	-12.343369	-8.88949
Taok2	-12.599964	-9.146086
Gmppb	-12.518343	-9.064465
Tppp3	-10.790882	-7.337004
Etv4	-17.045551	-13.591674
Anks1	-12.987267	-9.533388
Chad	-18.719528	-15.265651
Efna5	-11.2061825	-7.7523046
Lrrn3	-18.719528	-15.265651
Cd209d	-19.81814	-16.364264
9030612E09Rik	-15.723796	-12.2699175
Ctsh	-10.46769	-7.0138125
Ephb3	-14.25362	-10.799742
Scx	-12.826963	-9.373085
Usp5	-12.263282	-8.809403
Cbx3	-10.776219	-7.3223414
Pgm2l1	-13.342708	-9.888829
Nup35	-13.049647	-9.595769
Echs1	-11.158753	-7.7048755
Ndufs7	-10.338995	-6.885117
Gm20559	-13.446528	-9.99265
2810032G03Rik	-17.87223	-14.418353
Acp5	-16.352404	-12.898526
Cdkn2aipnl	-13.29752	-9.843641
Guk1	-10.850891	-7.397013
Synpo	-11.072537	-7.6186595
Efl1	-12.979735	-9.525857
Abcf1	-11.280361	-7.8264832
Gm14471	-18.431845	-14.977967
Cd74	-14.989827	-11.535949
A330041J22Rik	-15.411422	-11.957543
Btbd7	-10.692161	-7.2382827
Mthfs	-13.047351	-9.5934725
Ckap5	-11.754763	-8.300884
Gm37494	-12.7115345	-9.257656
Rpl32	-8.184547	-4.7306695
Serinc5	-12.795273	-9.341394
Eri3	-11.6214285	-8.16755
Trim30d	-14.942944	-11.489065
Epha4	-13.587659	-10.1337805
1700081N11Rik	-16.927769	-13.47389
Oaz3	-18.02638	-14.572503
Scyl3	-13.436325	-9.982447
Plpp3	-10.621291	-7.167413
Gm36569	-15.829157	-12.375278
Ppp1ca	-10.456539	-7.002661
Exo5	-14.406495	-10.952617
Mrpl38	-12.15145	-8.697572
Rabl2	-13.704458	-10.25058
Rogdi	-13.035949	-9.58207
Man1b1	-13.0919075	-9.638029
Ptbp1	-11.767756	-8.313878
Wrap73	-13.153731	-9.699853
Zbtb7b	-13.069381	-9.615502
Msh3	-13.370835	-9.916957
Slc39a14	-12.256499	-8.802621
Gm50394	-16.822409	-13.36853
Hoxc5	-19.124992	-15.671115
Gm37168	-19.81814	-16.364264
Htr1b	-11.790011	-8.336133
Plin4	-10.800172	-7.346294
Pdik1l	-13.398146	-9.944267
Rnft1	-12.182354	-8.728476
Dcaf5	-12.813259	-9.359381
Gm10814	-17.253191	-13.799314
Il17rc	-12.264854	-8.810976
Gm44773	-18.208702	-14.754825
Vmn2r89	-19.124992	-15.671115
Itgam	-18.719528	-15.265651
Ehhadh	-14.736736	-11.282858
Fbxw4	-13.287263	-9.8333845
Gm16565	-18.719528	-15.265651
Capn6	-14.111031	-10.657152
Nup54	-12.514971	-9.061092
Gm6598	-16.129261	-12.675383
Mr1	-12.79795	-9.344071
Pgam5	-13.388421	-9.934543
Akr1cl	-19.81814	-16.364264
Gm36899	-17.420244	-13.966367
Myo16	-17.620916	-14.167038
Vps33b	-13.689091	-10.235212
Abhd3	-14.9203005	-11.466422
Plekhm2	-12.43229	-8.978412
F830016B08Rik	-17.738699	-14.2848215
Amfr	-11.725289	-8.271411
Hoga1	-16.522303	-13.068425
Rnf145	-12.976525	-9.522647
Rhox8	-19.124992	-15.671115
Asb4	-16.416943	-12.963065
Cdk19	-12.778481	-9.324602
Mau2	-12.477305	-9.023427
Foxd2	-17.87223	-14.418353
Gm31793	-19.81814	-16.364264
Cyb561d1	-14.841407	-11.387528
Alkbh1	-13.258526	-9.804647
Pmaip1	-19.81814	-16.364264
Mid1ip1	-11.724984	-8.271106
Ajap1	-19.81814	-16.364264
Dclk3	-18.208702	-14.754825
Rps26	-8.475446	-5.0215683
4930509H03Rik	-14.96611	-11.512232
Arhgap45	-16.560043	-13.106166
Zbed3	-12.731402	-9.277524
Rce1	-12.393975	-8.940097
Aph1a	-11.804466	-8.350588
Ikbkg	-13.207445	-9.753567
Gm16229	-19.81814	-16.364264
Sugt1	-10.773147	-7.3192687
Lrch4	-13.269921	-9.816043
B630019A10Rik	-14.676477	-11.222599
1110059E24Rik	-12.058953	-8.605075
Ces1g	-18.02638	-14.572503
Arhgap42	-13.98333	-10.529451
Adamts19	-19.81814	-16.364264
Ttc39b	-12.097679	-8.643801
Thrsp	-13.603533	-10.149654
Acsl5	-13.016858	-9.56298
Rbm12b2	-13.912779	-10.4589
Gm39228	-16.104568	-12.65069
4921513I03Rik	-18.719528	-15.265651
Nppc	-17.738699	-14.2848215
4930425P05Rik	-17.11009	-13.656212
Mdm1	-15.448693	-11.994815
Zfp53	-13.654826	-10.200948
Evpl	-16.640087	-13.186209
Gm49024	-15.886315	-12.432437
Gm42851	-18.719528	-15.265651
Gask1b	-10.315952	-6.8620744
Birc3	-14.0687475	-10.614869
Mblac1	-14.5502825	-11.096404
Zfp384	-13.5509405	-10.097062
Prkab2	-11.843608	-8.3897295
Pmel	-17.420244	-13.966367
Uqcc3	-11.455499	-8.00162
Vamp9	-18.02638	-14.572503
Cdk5rap2	-13.353553	-9.899674
St8sia6	-19.124992	-15.671115
Fdps	-11.241735	-7.7878575
Gm12940	-13.711118	-10.257239
5830454E08Rik	-15.967993	-12.514114
Chst10	-15.099642	-11.645763
Iars2	-11.829259	-8.3753805
Atp6v1d	-11.585966	-8.132088
Oas1c	-15.01412	-11.560242
Snx29	-14.0848	-10.630921
Dpy30	-11.423794	-7.969916
Kdm5b	-11.824859	-8.37098
Lrmda	-15.659258	-12.2053795
Adcy7	-11.806123	-8.352244
Thrap3	-11.085514	-7.631636
Hp	-19.81814	-16.364264
Gm26602	-18.02638	-14.572503
Fam133b	-11.488482	-8.034604
Ptpn18	-16.05694	-12.603063
Chd2	-11.929807	-8.475928
Rsu1	-9.97382	-6.519942
Neurl2	-12.279646	-8.8257675
Ctdspl2	-12.142131	-8.688252
Akap10	-13.291646	-9.837768
Retreg2	-12.284447	-8.830568
6720483E21Rik	-17.11009	-13.656212
Abhd13	-12.979735	-9.525857
Abhd17a	-11.277817	-7.823939
Wdfy1	-11.924195	-8.470317
Schip1	-11.4798355	-8.025957
Phb	-11.513398	-8.05952
Hexim2	-14.834534	-11.380655
Slc22a23	-18.208702	-14.754825
Rrp1	-10.909311	-7.4554334
Gm17110	-19.124992	-15.671115
Fbf1	-13.708893	-10.255014
2210408F21Rik	-12.771494	-9.3176155
Ccdc84	-13.414567	-9.960689
Gnb2	-9.890107	-6.436229
Tex11	-19.81814	-16.364264
Itpk1	-12.608801	-9.1549225
Mrpl23	-10.50877	-7.054892
5033428I22Rik	-12.891563	-9.437685
Dicer1	-11.913068	-8.459189
Sugct	-14.927792	-11.473913
Kcnj11	-15.967993	-12.514114
Sertad4	-15.363793	-11.909915
Serpinf1	-13.412912	-9.959034
Fam118b	-13.785054	-10.331176
Mucl1	-19.81814	-16.364264
Ipo4	-12.621454	-9.167576
Hsd3b2	-18.208702	-14.754825
Mlkl	-16.727098	-13.27322
Ndufa1	-9.917006	-6.4631276
Ccn1	-9.261416	-5.807539
Nfatc4	-13.448239	-9.994361
St6galnac3	-19.124992	-15.671115
Mxd4	-10.845677	-7.3917994
Nipbl	-10.775391	-7.3215127
Cdc7	-16.180553	-12.726676
Gm49643	-16.560043	-13.106166
Stip1	-11.206547	-7.752669
Gm47662	-19.124992	-15.671115
Cntnap5a	-18.719528	-15.265651
Ddx58	-12.9658985	-9.51202
Rpl7	-8.293672	-4.839794
Adprhl1	-17.333233	-13.879355
Bcl11a	-18.208702	-14.754825
Kcnip3	-16.29178	-12.837902
Ing1	-11.488965	-8.035087
BC028528	-12.393379	-8.939501
Dusp7	-12.749969	-9.29609
Gm49795	-18.431845	-14.977967
Scn1b	-11.424925	-7.971047
Ddx19a	-12.807829	-9.3539505
Adcy1	-16.234621	-12.780744
E530011L22Rik	-14.500021	-11.046143
Sgk1	-10.712828	-7.2589498
Trio	-11.176608	-7.72273
Stx18	-12.668224	-9.214346
Lrif1	-12.521728	-9.067849
Trp53	-11.919358	-8.46548
Lrrc10b	-16.29178	-12.837902
Rasl11b	-10.844409	-7.390531
Bmper	-18.431845	-14.977967
Zbtb33	-13.448239	-9.994361
Gm26714	-19.124992	-15.671115
Wfikkn2	-14.354309	-10.900431
Pdcl3	-10.156216	-6.7023377
Itsn2	-11.661344	-8.207465
Cog3	-13.262784	-9.808906
Anxa1	-9.92936	-6.4754825
Hspa9	-11.2267685	-7.7728906
4921536K21Rik	-19.81814	-16.364264
Wfdc6a	-19.81814	-16.364264
Rnf39	-19.81814	-16.364264
Ddhd2	-12.10973	-8.655851
Nemp2	-15.081943	-11.628064
Sox10	-17.738699	-14.2848215
Nbeal1	-10.163307	-6.7094293
Tpgs2	-12.790826	-9.336947
Srpk1	-11.965313	-8.511435
AW209491	-12.940845	-9.486966
Atp11a	-13.123579	-9.669701
Ctsa	-10.878166	-7.4242883
Cst6	-15.126793	-11.6729145
Gmeb1	-13.36767	-9.913792
Olfr56	-19.124992	-15.671115
Il20rb	-16.773619	-13.31974
Gm15941	-18.719528	-15.265651
N4bp2l1	-14.79426	-11.340382
Enpp1	-12.413861	-8.959983
Ttll3	-15.487408	-12.033529
Atrx	-10.370439	-6.9165606
Ube2v1	-10.941457	-7.487579
Gpr150	-17.87223	-14.418353
Tpra1	-12.896482	-9.442604
Olfr224	-12.427959	-8.974081
Cep85	-13.665408	-10.21153
Lrrc46	-18.208702	-14.754825
Wdfy2	-13.25711	-9.803231
Zfp207	-11.6933975	-8.239519
Pitpnm2	-12.168924	-8.715046
Gm7644	-18.719528	-15.265651
Rab26	-15.223021	-11.769142
Cables2	-13.3835945	-9.929716
Pcdhga5	-14.272964	-10.819085
Slc26a8	-16.450844	-12.996966
Btrc	-13.0462055	-9.592327
2810021J22Rik	-14.883667	-11.429789
Rab5c	-11.287439	-7.8335614
Clic5	-16.682646	-13.228768
Gys1	-13.834205	-10.380326
Gm15222	-16.727098	-13.27322
Mrpl34	-10.9727955	-7.5189176
Zfp229	-14.016023	-10.562144
Epc1	-12.031174	-8.577295
Gpr89	-12.672945	-9.219067
Bckdha	-11.887935	-8.434056
Snw1	-11.033366	-7.5794883
E2f7	-18.208702	-14.754825
Mdm4	-12.013074	-8.5591955
Atp2a1	-19.81814	-16.364264
Washc1	-12.699314	-9.245436
Smoc1	-10.48833	-7.034452
C230066G23Rik	-17.738699	-14.2848215
Fes	-16.384153	-12.930275
Il1r1	-12.145848	-8.69197
Srd5a3	-13.21827	-9.764392
Cpeb1	-13.607541	-10.153663
Mesd	-11.234036	-7.7801585
Ankrd39	-12.619209	-9.165331
Gatb	-13.960208	-10.50633
Cramp1l	-12.919426	-9.465548
Gm11342	-19.124992	-15.671115
Gm26532	-12.604372	-9.150494
Mipep	-13.335033	-9.881155
Gfm2	-13.814254	-10.360375
Slf2	-12.854951	-9.4010725
Bcl11b	-19.81814	-16.364264
Pin4	-11.159274	-7.705396
Mycl	-19.124992	-15.671115
Arrdc4	-13.923738	-10.469859
Wfdc17	-18.02638	-14.572503
Sdhaf3	-13.136032	-9.682154
Cyb561d2	-12.927531	-9.473653
Gmnc	-15.264264	-11.810386
Kifc5b	-16.640087	-13.186209
2010007H06Rik	-16.29178	-12.837902
Hnrnpc	-10.768086	-7.3142085
Fabp7	-18.02638	-14.572503
Btbd2	-12.339406	-8.885528
Tfr2	-18.02638	-14.572503
Samd11	-18.431845	-14.977967
Itga8	-8.302508	-4.848631
Krt10	-13.124817	-9.6709385
9530051G07Rik	-15.92632	-12.472442
Lpxn	-18.208702	-14.754825
Myo5b	-18.719528	-15.265651
1700072G22Rik	-19.124992	-15.671115
Dhcr7	-14.380061	-10.926183
Plscr1	-14.9203005	-11.466422
Trpm7	-11.297553	-7.843675
Scrn2	-13.303428	-9.849549
Rab2a	-10.070196	-6.616318
Pdcd1	-19.124992	-15.671115
Gm12863	-18.208702	-14.754825
Gmppa	-12.156143	-8.702265
Slc12a6	-12.549918	-9.09604
Gm35551	-18.431845	-14.977967
Gm45570	-16.822409	-13.36853
Azi2	-11.738213	-8.284334
Cops2	-11.583045	-8.129167
Riox1	-13.811788	-10.357909
Cdc42se2	-12.846472	-9.392593
Mrps5	-11.887935	-8.434056
Ints8	-12.529213	-9.075335
4933421O10Rik	-13.465511	-10.011633
Chst11	-14.694177	-11.240298
Gm43465	-18.02638	-14.572503
1700125H20Rik	-19.81814	-16.364264
Ttll11	-15.555461	-12.101583
Oma1	-12.881798	-9.427919
Commd6	-11.409647	-7.955769
Gm11831	-19.81814	-16.364264
Ucp2	-17.253191	-13.799314
Slc16a12	-19.81814	-16.364264
Anapc4	-11.944923	-8.491045
Gm15983	-17.333233	-13.879355
Mest	-16.822409	-13.36853
Aldh1a1	-15.775089	-12.321211
Gpbp1l1	-11.887216	-8.433337
Zcchc7	-11.328936	-7.8750577
Mill2	-13.010206	-9.556328
Entpd5	-13.785054	-10.331176
Psmd8	-10.251666	-6.797788
Pkn2	-10.625659	-7.171781
Slc39a10	-13.113727	-9.659848
Slc9a3r1	-13.061209	-9.60733
B230216N24Rik	-13.605535	-10.151656
Pdcl	-12.298991	-8.845113
Unkl	-13.633992	-10.180114
Arf2	-12.2823105	-8.828432
Gm20735	-19.124992	-15.671115
Mfap4	-9.141863	-5.6879854
Nufip2	-11.5801325	-8.126254
Igha	-18.719528	-15.265651
Tfcp2l1	-16.560043	-13.106166
Dusp22	-13.644355	-10.190476
Ssu2	-18.719528	-15.265651
Ptgir	-16.384153	-12.930275
Tusc1	-12.045809	-8.59193
Gpr4	-15.946939	-12.493061
Gemin2	-13.486639	-10.032761
Zfp275	-13.010206	-9.556328
Ccdc115	-12.339971	-8.886092
Rnf167	-11.753505	-8.299626
Nudc	-10.651544	-7.1976657
Siglech	-19.81814	-16.364264
Wdr12	-12.670582	-9.216703
Mob4	-10.931593	-7.477715
Zcchc3	-13.543379	-10.0895
Metrnl	-12.926515	-9.472636
Flnb	-12.087526	-8.633648
Atp11c	-13.003598	-9.54972
Mfsd7a	-14.367103	-10.913224
Gatc	-13.554743	-10.100864
Crls1	-12.684047	-9.230168
Hand2os1	-12.041186	-8.587308
Krr1	-12.228299	-8.774421
Mocs1	-14.36282	-10.908941
Vps50	-13.296048	-9.84217
Kank2	-10.816917	-7.3630395
AY036118	-8.82921	-5.375333
Kank1	-10.436287	-6.982409
Saa3	-17.045551	-13.591674
0610030E20Rik	-12.717289	-9.263411
Hey1	-14.304712	-10.850834
Noxo1	-13.377194	-9.923316
Fbxo27	-14.456849	-11.002971
Zfp57	-18.719528	-15.265651
9030407P20Rik	-14.96611	-11.512232
Grap	-14.380061	-10.926183
Vps4a	-11.858166	-8.404287
Pgrmc2	-11.643156	-8.189278
Bin1	-12.070976	-8.617098
Gnai2	-9.318017	-5.864139
Usp28	-13.617632	-10.1637535
Pycard	-13.099128	-9.645249
Sec61g	-9.192335	-5.7384577
Poldip3	-12.351913	-8.898035
Mrfap1	-9.893626	-6.4397483
Pop5	-11.259614	-7.805736
Gm50071	-16.352404	-12.898526
Eepd1	-14.028181	-10.574303
Ccdc8	-13.761356	-10.307478
Iqcb1	-12.684845	-9.230967
Sept6	-11.721019	-8.26714
Zfp213	-14.081569	-10.62769
Prdm16	-11.537936	-8.084058
Mrm1	-14.485422	-11.031544
Angptl2	-11.6610565	-8.207178
Olfr986	-18.431845	-14.977967
Gclc	-12.522406	-9.068527
B230317F23Rik	-16.180553	-12.726676
Rnmt	-12.57106	-9.117182
Mrpl19	-12.436016	-8.982138
Dnajc14	-12.515644	-9.061766
Txndc11	-12.789939	-9.336061
Smarcad1	-12.343936	-8.890058
Gm34589	-19.81814	-16.364264
Prps1l3	-13.809327	-10.355449
Gm20337	-16.873701	-13.419824
Rnf141	-12.748266	-9.294388
Kcnj8	-12.315954	-8.862076
Gm16867	-14.942944	-11.489065
Timm21	-12.389808	-8.935929
Gm15579	-19.81814	-16.364264
Gcnt1	-18.02638	-14.572503
Prtg	-15.487408	-12.033529
Zfp995	-14.101113	-10.647235
Slc43a3	-12.846472	-9.392593
A930033H14Rik	-13.801984	-10.348105
Gm49492	-15.399301	-11.945422
Etv1	-11.784482	-8.330604
Bco1	-19.81814	-16.364264
Fgfrl1	-11.360273	-7.9063954
Fxyd4	-16.080471	-12.626593
Tet2	-12.6244545	-9.170576
Relch	-12.766285	-9.312407
Gm5617	-12.761966	-9.308087
Ntn3	-15.352233	-11.898355
Abi3	-14.608655	-11.154777
Dlgap2	-17.515554	-14.061677
Pard3bos1	-17.11009	-13.656212
Tomm20	-10.361331	-6.907453
Hba-a2	-16.180553	-12.726676
Gm10644	-16.180553	-12.726676
Fgl1	-19.81814	-16.364264
Gm29107	-15.17375	-11.7198715
Cacng7	-13.667538	-10.213659
5033403F01Rik	-16.485935	-13.032058
Pbp2	-19.81814	-16.364264
Zfp263	-13.11741	-9.663531
Dipk1a	-12.696888	-9.24301
Cmtm4	-13.369251	-9.915373
Trp63	-16.773619	-13.31974
Dctd	-16.080471	-12.626593
Flywch1	-12.356501	-8.902622
Vmn1r201	-19.81814	-16.364264
Gm14022	-18.719528	-15.265651
Cbr2	-9.614622	-6.1607447
Casq2	-17.045551	-13.591674
Slc35c1	-14.071938	-10.618059
Urgcp	-12.705813	-9.251935
Kcnq4	-12.441632	-8.987754
Ncaph2	-12.221247	-8.767368
Npb	-17.738699	-14.2848215
Setd1a	-12.92855	-9.474671
Gm44175	-17.420244	-13.966367
Thsd7b	-17.253191	-13.799314
Rxra	-12.531264	-9.077386
Prrc2b	-10.957926	-7.504048
Gm26935	-16.207222	-12.753345
Tnmd	-16.773619	-13.31974
Gm13306	-15.448693	-11.994815
Slit2	-14.504934	-11.051056
Hecw1	-17.620916	-14.167038
Mycn	-18.208702	-14.754825
Nlrc5	-16.640087	-13.186209
Ncoa2	-12.5305805	-9.076702
Tep1	-13.17175	-9.717872
Ccdc32	-12.077911	-8.624033
Postn	-8.787243	-5.333365
Ccdc103	-17.045551	-13.591674
Gm49871	-17.420244	-13.966367
Heatr5b	-12.836206	-9.382328
Plcb2	-19.81814	-16.364264
2900041M22Rik	-12.698505	-9.244627
Emg1	-11.337404	-7.8835263
Thoc7	-10.534178	-7.0803
Zfp459	-18.208702	-14.754825
Gm15517	-18.431845	-14.977967
Lca5l	-14.5502825	-11.096404
Dchs1	-13.38199	-9.928112
Ift80	-13.481315	-10.027436
2700081O15Rik	-12.8168955	-9.363017
Frk	-13.535874	-10.081996
Fam91a1	-12.341103	-8.887224
Trpc3	-17.420244	-13.966367
Gm11491	-16.873701	-13.419824
Drc3	-15.989499	-12.535621
Ogn	-8.622601	-5.168723
Slc38a4	-15.886315	-12.432437
Wnt5b	-14.4020405	-10.948162
Oas1a	-19.81814	-16.364264
Pkhd1l1	-18.02638	-14.572503
2310039L15Rik	-16.822409	-13.36853
Gm17201	-18.208702	-14.754825
Gpnmb	-14.958328	-11.50445
Ssna1	-11.448056	-7.9941783
Prpf39	-11.949121	-8.495243
Tnpo3	-11.800174	-8.346295
Atad1	-12.105249	-8.651371
Ddr1	-12.201858	-8.747979
Gm40685	-19.124992	-15.671115
Gpr3	-17.738699	-14.2848215
Derl1	-11.399664	-7.945786
Gm20219	-16.599264	-13.145387
Gata6	-10.693686	-7.2398076
Ooep	-17.045551	-13.591674
Ptp4a1-1	-15.233173	-11.779295
Camsap2	-12.408399	-8.95452
Gm20707	-15.02235	-11.568472
Cplx1	-18.208702	-14.754825
Zbtb49	-14.712195	-11.258317
Upk1a	-17.515554	-14.061677
Ythdc2	-13.21014	-9.756262
Tesk1	-11.991299	-8.53742
Malat1	-5.2778506	-1.8239731
Gm3294	-19.124992	-15.671115
Rem1	-14.114358	-10.66048
Nsd2	-12.504254	-9.050376
Asah1	-11.192632	-7.738754
Gm34934	-13.821689	-10.36781
Gm34342	-15.318331	-11.864452
Gmnn	-13.486639	-10.032761
Mthfd1	-12.628973	-9.175095
Ndufb3	-9.95381	-6.499932
Gm12381	-17.620916	-14.167038
Brd4	-11.423115	-7.969237
Tial1	-11.851554	-8.3976755
Nsl1	-17.738699	-14.2848215
Dclre1a	-13.508223	-10.054344
Snrnp27	-10.410262	-6.956384
Txnrd3	-12.759382	-9.305504
Syt17	-15.233173	-11.779295
Kmo	-18.719528	-15.265651
Ube2o	-12.5548115	-9.100933
Gm49519	-17.420244	-13.966367
Klra2	-19.81814	-16.364264
Alox5	-19.124992	-15.671115
A930001M01Rik	-16.822409	-13.36853
Taf4	-13.312357	-9.858479
Kctd10	-10.700574	-7.246696
Pcdhb5	-16.873701	-13.419824
Mtx2	-12.555512	-9.101634
1500015A07Rik	-15.675006	-12.2211275
Dcp1a	-13.347342	-9.893463
Eif4e3	-12.613992	-9.160113
Cox7b	-9.67808	-6.224202
Cbr3	-12.712355	-9.258476
Manea	-12.659627	-9.205749
Aplp1	-12.404774	-8.950895
1810010H24Rik	-14.883667	-11.429789
Slc10a1	-15.598633	-12.144754
Gm30409	-18.719528	-15.265651
Ccl5	-18.719528	-15.265651
Gm43138	-14.614134	-11.160255
Syk	-16.822409	-13.36853
Entpd2	-13.42455	-9.970672
Atg14	-12.838996	-9.385118
Smim6	-15.352233	-11.898355
Arid4b	-10.738023	-7.284145
Pard6g	-13.989195	-10.535316
Rtn1	-18.719528	-15.265651
Meis2	-11.034132	-7.580254
Smim15	-11.481271	-8.027392
Tmem53	-13.136032	-9.682154
Pcdhgc5	-15.030649	-11.576771
Gm48336	-18.431845	-14.977967
Hspbap1	-14.354309	-10.900431
Fbxw9	-13.579816	-10.125937
Gm10382	-15.164181	-11.710302
Traf3	-12.970136	-9.516257
Bcas1	-16.129261	-12.675383
Mctp1	-17.620916	-14.167038
Gm36283	-15.253793	-11.799914
Micall1	-12.359378	-8.905499
Morn5	-17.738699	-14.2848215
Nectin1	-14.397606	-10.9437275
Sema6c	-13.867498	-10.41362
Esr2	-19.124992	-15.671115
Tns4	-15.847849	-12.3939705
Ifngr2	-11.125986	-7.672108
Alg11	-13.003598	-9.54972
Tram1l1	-16.262793	-12.808914
Prpf40a	-11.270418	-7.8165402
4930537H20Rik	-16.450844	-12.996966
Gm38393	-15.643753	-12.189875
Csnk1a1	-9.947073	-6.493195
B230307C23Rik	-13.5471525	-10.093274
Zadh2	-12.730567	-9.276689
Zc3h12c	-13.366092	-9.912213
Dsg2	-19.124992	-15.671115
Gpx8	-10.730986	-7.2771077
4930488L21Rik	-16.984926	-13.531049
Snhg12	-11.831976	-8.378098
Dusp19	-12.938785	-9.484906
Ubac1	-12.42242	-8.968541
Tmx2	-12.508928	-9.05505
Tk1	-15.154701	-11.700823
Rnf144b	-13.47602	-10.022141
Ripk3	-16.727098	-13.27322
Nup50	-12.704185	-9.250306
Gm47231	-19.124992	-15.671115
Agtr1b	-17.333233	-13.879355
Tst	-12.556915	-9.103037
Dzip3	-13.215553	-9.761675
Hmgb3	-13.124817	-9.6709385
Pwwp3b	-12.974391	-9.520513
Ppm1l	-14.341678	-10.887799
Poldip2	-12.274867	-8.820989
B230312C02Rik	-14.3333435	-10.879465
Ppef1	-12.571773	-9.117894
Impdh2	-11.461586	-8.007708
Rps6kb1	-11.802153	-8.348274
Noxred1	-17.515554	-14.061677
Nid1	-12.993767	-9.539888
Prelid3a	-14.688242	-11.234364
Oip5	-17.179083	-13.725205
Gm44053	-16.873701	-13.419824
Mtap	-11.900969	-8.44709
Chek1	-16.15458	-12.700701
Spon1	-13.601535	-10.147656
Cys1	-11.617578	-8.163699
Rcor2	-15.296352	-11.842474
Arhgap39	-14.0848	-10.630921
Rps19	-8.262098	-4.8082204
D030068K23Rik	-16.822409	-13.36853
Gm32014	-17.87223	-14.418353
Kcnip2	-18.02638	-14.572503
Hinfp	-13.937608	-10.483729
Gm44421	-15.20302	-11.749142
Gm26575	-18.02638	-14.572503
Atcayos	-12.23286	-8.778981
Ankrd45	-14.104408	-10.65053
Spred2	-12.7423315	-9.288453
Col6a4	-19.81814	-16.364264
Prrt4	-19.124992	-15.671115
Zfp747	-14.059239	-10.605361
Psmd13	-11.018931	-7.5650535
Gm13749	-19.81814	-16.364264
Tspan3	-10.564933	-7.111055
Gm10767	-16.560043	-13.106166
Arnt	-12.34564	-8.891762
Mgme1	-13.319859	-9.86598
Mthfr	-13.506406	-10.052527
Rab11a	-11.418606	-7.964728
Ankrd28	-13.603533	-10.149654
Pop7	-12.549221	-9.095343
Xirp1	-11.639783	-8.1859045
Mafa	-14.927792	-11.473913
Ado	-12.759382	-9.305504
Snrnp48	-11.599623	-8.145744
Cdk6	-12.286589	-8.83271
Pmpcb	-11.632234	-8.178355
Gm50136	-18.208702	-14.754825
Aatk	-14.371404	-10.917525
Cct6a	-10.60351	-7.149632
Papss1	-11.996899	-8.54302
Gm43727	-17.045551	-13.591674
Nkain2	-15.030649	-11.576771
Rnf4	-12.253902	-8.800024
Vps29	-10.843776	-7.389898
Crnde	-14.774715	-11.320837
Agpat5	-11.754763	-8.300884
Samhd1	-12.622204	-9.168325
C1qtnf7	-12.322598	-8.86872
Irf9	-13.287263	-9.8333845
Rbm22	-11.95757	-8.503692
D630008O14Rik	-19.124992	-15.671115
D330023K18Rik	-13.030295	-9.576417
Brms1l	-12.886669	-9.432791
Ralgapa2	-12.269058	-8.81518
Fam193b	-13.032553	-9.578674
Map3k2	-11.548896	-8.095017
Acbd3	-11.089715	-7.635837
Rnf25	-13.261362	-9.807484
Zfp553	-13.607541	-10.153663
Gm43846	-19.124992	-15.671115
Gcsh	-11.8302765	-8.376398
Trpc1	-12.841793	-9.387915
A830082N09Rik	-14.862314	-11.408436
Gm9776	-15.285542	-11.831663
Gm26877	-17.738699	-14.2848215
Sfrp1	-13.255696	-9.801818
Pcdhga10	-14.504934	-11.051056
Igsf9	-12.639595	-9.185717
Gm12319	-17.738699	-14.2848215
Lig3	-13.378791	-9.924912
AC132307.1	-15.17375	-11.7198715
Triml2	-19.124992	-15.671115
Gm28940	-19.124992	-15.671115
Gm48025	-18.431845	-14.977967
Gm44949	-19.124992	-15.671115
Gtf2ird2	-14.755546	-11.301667
Sap30l	-11.667961	-8.214083
Xpnpep2	-19.124992	-15.671115
1810019D21Rik	-17.620916	-14.167038
Frem1	-19.81814	-16.364264
9530062K07Rik	-15.886315	-12.432437
Aak1	-12.323154	-8.869276
Nup37	-13.515522	-10.061644
2600006K01Rik	-13.322875	-9.868997
Gm45902	-15.253793	-11.799914
Tm7sf2	-14.329203	-10.875324
Eno4	-19.124992	-15.671115
Adcy2	-15.989499	-12.535621
Ppp1r1c	-19.124992	-15.671115
Cd37	-19.124992	-15.671115
1700055D18Rik	-17.179083	-13.725205
Crlf3	-13.002501	-9.548622
Fcsk	-13.519192	-10.065313
Smc3	-10.846692	-7.392814
Slfn2	-17.738699	-14.2848215
Cttnbp2nl	-12.05427	-8.600391
Rad51c	-15.541474	-12.087596
Tinf2	-13.960208	-10.50633
Tbc1d23	-12.423648	-8.9697695
Gm28941	-17.253191	-13.799314
Gm17018	-12.028273	-8.574394
Gm19557	-19.81814	-16.364264
Wwp1	-11.513398	-8.05952
Mxd1	-12.808732	-9.354854
9530097N15Rik	-16.873701	-13.419824
Sptan1	-10.718955	-7.265077
Cdk5r1	-15.613448	-12.15957
Snu13	-10.672979	-7.2191014
Gm20644	-19.81814	-16.364264
Jrkl	-13.138541	-9.684663
4930426I24Rik	-14.876498	-11.42262
Gm17655	-15.352233	-11.898355
Nedd4	-8.984499	-5.530621
Nrm	-14.15518	-10.701302
Gm26737	-16.104568	-12.65069
Gm47898	-19.81814	-16.364264
Trim13	-14.216022	-10.762143
Gm47270	-17.333233	-13.879355
Gm9926	-17.620916	-14.167038
Abcd1	-12.981881	-9.528003
Eef2	-9.20975	-5.7558722
Polr1c	-12.184287	-8.730409
Pbx2	-12.785517	-9.331638
Slc24a1	-18.431845	-14.977967
Sarnp	-10.590157	-7.1362786
1700105P06Rik	-15.514075	-12.060197
Tcaim	-13.414567	-9.960689
Fbxw5	-12.245124	-8.791245
Eif4ebp2	-11.3924055	-7.9385276
Vdac3	-10.513855	-7.059977
Josd1	-12.757665	-9.303786
Nps	-19.81814	-16.364264
Myl2	-19.124992	-15.671115
Fbxo11	-11.762666	-8.308787
Zfpm2	-12.672156	-9.218278
Ankrd46	-12.390997	-8.937119
Gpsm3	-19.124992	-15.671115
Tom1l2	-12.228805	-8.774926
Gm49874	-17.620916	-14.167038
Efr3b	-14.111031	-10.657152
4930562F07Rik	-16.522303	-13.068425
Prim2	-13.599541	-10.145662
Txndc17	-10.320068	-6.8661904
Wrnip1	-12.719765	-9.265886
Gm14286	-17.738699	-14.2848215
P3h3	-11.046306	-7.5924277
D930016D06Rik	-13.541497	-10.087619
Gm15271	-15.92632	-12.472442
Dynll2	-11.379991	-7.9261127
Rrp7a	-12.280178	-8.8263
Abcc1	-11.435851	-7.981973
Mettl26	-11.629729	-8.175851
Gm48708	-17.738699	-14.2848215
Efcc1	-18.02638	-14.572503
Ptbp2	-11.9924965	-8.538618
Gm48780	-18.208702	-14.754825
Otud4	-12.498939	-9.04506
Dennd2d	-18.431845	-14.977967
Gm12498	-19.124992	-15.671115
Gm11769	-16.640087	-13.186209
Dsel	-12.1449175	-8.691039
Tead3	-11.943782	-8.489903
Zmynd15	-18.208702	-14.754825
Ccnjl	-18.719528	-15.265651
Rnf213	-13.816726	-10.362847
Lonrf2	-14.905486	-11.451608
Cfb	-17.333233	-13.879355
Fhdc1	-15.967993	-12.514114
Gm11626	-18.719528	-15.265651
Adam23	-16.873701	-13.419824
Fibp	-12.038673	-8.584795
C3ar1	-16.727098	-13.27322
Kcnd2	-17.620916	-14.167038
Fastkd5	-14.755546	-11.301667
Hist1h4i	-15.675006	-12.2211275
A430093F15Rik	-15.740603	-12.286725
Mapkapk3	-15.399301	-11.945422
Gm32200	-17.515554	-14.061677
Ifi204	-19.81814	-16.364264
Clta	-10.074	-6.6201224
Plscr2	-16.352404	-12.898526
Coro6	-13.98333	-10.529451
Nsun5	-13.467255	-10.013376
Ap1g1	-12.302796	-8.848918
Hoxb9	-17.87223	-14.418353
Ddrgk1	-10.841879	-7.388001
Mettl18	-14.429069	-10.97519
A930016O22Rik	-18.208702	-14.754825
Hexa	-10.942295	-7.488417
Adgrf3	-19.81814	-16.364264
Gm12953	-19.124992	-15.671115
Ifi27l2a	-13.07644	-9.622561
Sertad1	-11.269643	-7.815765
Gm10135	-18.02638	-14.572503
Zfp593	-12.757665	-9.303786
Slco1b2	-17.87223	-14.418353
Idh1	-12.153794	-8.699916
Gm48914	-16.15458	-12.700701
Nfia	-9.803425	-6.349547
Farp2	-13.980411	-10.526532
Lekr1	-14.242191	-10.788313
Ahsa1	-11.029699	-7.5758214
Rnf166	-12.309354	-8.855475
Ly6g5b	-17.738699	-14.2848215
Exoc3l4	-15.030649	-11.576771
Gm48814	-17.420244	-13.966367
Gm42941	-14.653355	-11.199476
2700033N17Rik	-14.519823	-11.065945
Gck	-19.124992	-15.671115
3110021N24Rik	-15.17375	-11.7198715
Gm12022	-18.431845	-14.977967
Furin	-12.17898	-8.725101
Slurp2	-17.253191	-13.799314
Clcn5	-14.630754	-11.176876
Selenow	-9.004642	-5.550764
Gm10532	-17.179083	-13.725205
Gm36278	-16.873701	-13.419824
Dkc1	-12.39876	-8.944881
Gm10134	-13.82418	-10.370301
Polq	-17.333233	-13.879355
Gfpt2	-15.233173	-11.779295
Tmem126a	-11.598007	-8.144129
Reck	-12.043285	-8.589407
Hip1	-10.860759	-7.406881
Gm13889	-10.200071	-6.7461934
Naxd	-11.323194	-7.8693156
Zfp874b	-13.706674	-10.252795
Dnajb12	-12.619957	-9.166079
Akap11	-11.728045	-8.274167
Atp10a	-12.358226	-8.904347
Xlr3b	-15.375489	-11.921611
Tnks1bp1	-12.056822	-8.602943
Csnk1g1	-12.470197	-9.016318
Zscan20	-15.073209	-11.61933
Vapa	-10.418172	-6.964294
Rnf14	-11.884344	-8.430466
Duxbl1	-18.719528	-15.265651
Hdac1	-11.410986	-7.957108
Lims2	-10.037895	-6.5840173
Slc38a1	-12.233368	-8.7794895
Cd80	-17.620916	-14.167038
Pamr1	-11.952569	-8.498691
Cox4i2	-12.795273	-9.341394
Cog7	-12.822374	-9.368496
Arfip2	-12.301164	-8.847285
Map2k6	-13.414567	-9.960689
Gm49741	-15.555461	-12.101583
Tfrc	-13.867498	-10.41362
Pax3	-19.81814	-16.364264
Ripk2	-13.294579	-9.8407
Pigw	-15.02235	-11.568472
Ints6l	-12.440382	-8.986504
Ykt6	-12.473422	-9.019544
Fn1	-9.4189205	-5.965043
Hand1	-16.927769	-13.47389
Scaf8	-12.408399	-8.95452
Upk3b	-19.81814	-16.364264
Taf1a	-12.564671	-9.110792
Nptx1	-17.515554	-14.061677
Npc2	-10.690205	-7.2363267
Slc25a24	-12.659627	-9.205749
Espl1	-16.05694	-12.603063
Obsl1	-12.998124	-9.544246
Gm50070	-18.208702	-14.754825
Pcyox1l	-12.542969	-9.08909
Zfp296	-16.450844	-12.996966
Slc52a3	-19.124992	-15.671115
Klhl30	-13.388421	-9.934543
Gnb1	-10.473532	-7.019654
Mzb1	-18.431845	-14.977967
Glud1	-10.812122	-7.3582444
Pop1	-14.4428625	-10.988984
Mettl7a2	-18.719528	-15.265651
2900072N19Rik	-18.431845	-14.977967
2310009A05Rik	-11.97547	-8.521591
Gm9885	-12.487081	-9.033202
Lactb	-13.003598	-9.54972
Mettl6	-12.7397995	-9.285921
CAAA01147332.1	-12.774108	-9.32023
Rnf122	-15.164181	-11.710302
Wdr45b	-11.839487	-8.385609
Gm19500	-18.719528	-15.265651
Ssu72	-11.080527	-7.6266494
C1qtnf9	-18.719528	-15.265651
Phldb3	-17.333233	-13.879355
H2-Q7	-18.431845	-14.977967
Mob2	-11.107027	-7.653149
Tnfrsf13b	-18.208702	-14.754825
Wbp2	-11.191914	-7.7380357
Tmc4	-13.839255	-10.385377
Ndufa11	-9.703825	-6.249947
Zdhhc8	-11.984144	-8.530266
Angel1	-15.847849	-12.3939705
Tomm22	-10.827575	-7.373697
Larp1	-11.727126	-8.273248
Traf5	-11.964925	-8.511046
1500002F19Rik	-15.039018	-11.585139
Dcst1	-18.719528	-15.265651
Nrbp1	-11.303752	-7.849874
Yy1	-11.038737	-7.5848594
Nepro	-14.5502825	-11.096404
Jph1	-13.426224	-9.972345
Ncstn	-12.545742	-9.091864
Ccdc136	-13.287263	-9.8333845
Gm15688	-15.946939	-12.493061
Gli1	-14.4020405	-10.948162
Heca	-11.783509	-8.329631
Ifitm1	-17.333233	-13.879355
St6galnac4	-12.67848	-9.224602
Slc16a9	-13.593582	-10.139704
Vegfb	-11.679868	-8.225989
Nono	-11.312818	-7.8589396
Gm13205	-14.855296	-11.401418
Cycs	-10.948743	-7.494865
Dok7	-16.080471	-12.626593
Nr6a1	-14.730544	-11.276666
D330050G23Rik	-19.124992	-15.671115
Stim2	-12.856845	-9.4029665
Gm43136	-15.92632	-12.472442
Pid1	-12.206793	-8.752914
Sema3a	-14.761895	-11.308017
Tagap1	-14.367103	-10.913224
Tnfrsf12a	-10.108238	-6.6543603
Gm7598	-16.352404	-12.898526
A430090L17Rik	-18.719528	-15.265651
Gm31152	-18.431845	-14.977967
Fabp3	-11.521594	-8.067716
Capn1	-12.709079	-9.2552
Ssbp4	-11.440209	-7.9863315
Nog	-17.738699	-14.2848215
Gm6116	-19.124992	-15.671115
2810004N23Rik	-11.844296	-8.390418
Tubgcp5	-12.466341	-9.012463
Kdm8	-15.340804	-11.886926
A930018P22Rik	-17.87223	-14.418353
Npr2	-12.252348	-8.79847
Etf1	-11.593441	-8.139563
Fam83g	-18.02638	-14.572503
Ube2b	-10.159148	-6.7052703
Cldnd1	-10.961337	-7.507459
Tirap	-13.500976	-10.047097
Trabd2b	-11.585435	-8.1315565
Acyp1	-11.92681	-8.472932
Arpc1a	-11.445049	-7.9911714
Snupn	-12.9564295	-9.502551
Gp5	-18.208702	-14.754825
Usp11	-14.304712	-10.850834
Gpcpd1	-12.045388	-8.59151
Itga5	-10.937139	-7.4832606
Fgd3	-18.719528	-15.265651
Cd180	-19.81814	-16.364264
Gm47547	-16.011478	-12.5576
Gnptab	-12.853061	-9.399182
Bloc1s3	-14.081569	-10.62769
Smad3	-13.526571	-10.072693
Acot6	-14.989827	-11.535949
Gm26852	-17.333233	-13.879355
Tmem67	-13.893885	-10.440006
Gm16675	-16.682646	-13.228768
Gpsm1	-13.211491	-9.757612
Mfap1a	-12.232352	-8.778474
Gm10097	-16.773619	-13.31974
Pla2g2d	-19.81814	-16.364264
1700025M24Rik	-18.719528	-15.265651
Trim11	-13.0835495	-9.629671
Zfand6	-11.190839	-7.736961
Mcrs1	-12.14678	-8.692902
Nuak1	-12.333772	-8.879893
Gm17096	-18.719528	-15.265651
Capns1	-9.643519	-6.189642
Cyp2f2	-19.81814	-16.364264
Rfk	-11.943401	-8.489523
Slc24a4	-15.099642	-11.645763
Dgat2	-15.073209	-11.61933
Ptger3	-17.333233	-13.879355
4933433G19Rik	-19.81814	-16.364264
mt-Nd5	-8.885212	-5.4313345
Mad2l1	-14.730544	-11.276666
Tbl1x	-10.704091	-7.250213
Fbxl3	-11.77512	-8.321241
Arf3	-11.969988	-8.516109
Anapc16	-11.4714985	-8.01762
Abcc10	-14.935339	-11.481461
Zfp518a	-13.617632	-10.1637535
Agbl2	-16.984926	-13.531049
Gm9844	-15.375489	-11.921611
Cd28	-19.81814	-16.364264
Gm43254	-16.05694	-12.603063
Gm15938	-17.420244	-13.966367
Anxa13	-17.179083	-13.725205
Zfp781	-16.450844	-12.996966
Nrxn1	-19.124992	-15.671115
Pglyrp1	-16.640087	-13.186209
Gm20554	-18.02638	-14.572503
Laptm4a	-9.470544	-6.0166664
Trmt5	-14.059239	-10.605361
A330069K06Rik	-19.81814	-16.364264
Rtf2	-11.566738	-8.11286
Guca2a	-18.719528	-15.265651
Rasl10a	-15.946939	-12.493061
Atp13a3	-11.427191	-7.973313
Syap1	-11.526594	-8.072716
G430095P16Rik	-14.800861	-11.346983
Higd1a	-9.764123	-6.310245
Ncapg	-18.431845	-14.977967
Psmb6	-9.812729	-6.358851
AI463170	-15.967993	-12.514114
Frrs1	-14.205012	-10.751134
Ncald	-11.910489	-8.456611
Rps5	-8.103197	-4.649319
Dusp28	-12.819632	-9.365753
Nudt18	-12.248213	-8.794334
Gm16853	-18.431845	-14.977967
Pif1	-19.124992	-15.671115
Eps15l1	-13.049647	-9.595769
Pfdn1	-10.270685	-6.8168073
Odf3l1	-16.822409	-13.36853
Lpin3	-14.212338	-10.75846
Wdr78	-15.145312	-11.691434
Armc7	-15.030649	-11.576771
Cul3	-11.586764	-8.132886
Dennd2c	-15.92632	-12.472442
Jaml	-17.11009	-13.656212
C130036L24Rik	-14.664849	-11.210971
Fbxl8	-13.859716	-10.405838
Irak2	-12.274338	-8.820459
Edn1	-12.7082615	-9.254383
Kpna3	-12.127398	-8.673519
Lrmp	-19.81814	-16.364264
Ptprf	-12.97226	-9.518382
Ptpn12	-12.334896	-8.881018
Dnajc2	-12.08096	-8.627082
Fkbp9	-10.66702	-7.213142
Rsph10b	-16.485935	-13.032058
Gm36266	-17.11009	-13.656212
Gm49901	-17.87223	-14.418353
Dcaf1	-12.454862	-9.000983
Tmem30b	-17.179083	-13.725205
Cbarp	-14.500021	-11.046143
AI837181	-11.944543	-8.4906645
Tspyl2	-13.0799885	-9.62611
Tmem184c	-12.933654	-9.479775
Gm43514	-17.620916	-14.167038
Gm19510	-17.620916	-14.167038
Etfa	-10.853445	-7.399567
Golt1b	-12.234385	-8.780506
Ehd1	-11.7237625	-8.269884
Gm14379	-16.080471	-12.626593
Gm13657	-18.431845	-14.977967
Atxn2	-11.725902	-8.272023
Extl1	-17.179083	-13.725205
Casp9	-13.923738	-10.469859
Cdc34	-12.29412	-8.840241
5330417C22Rik	-17.620916	-14.167038
Mff	-11.30898	-7.855102
C130013H08Rik	-15.723796	-12.2699175
Ccdc159	-15.643753	-12.189875
Entpd7	-14.186929	-10.73305
Ttpa	-16.984926	-13.531049
Igtp	-15.099642	-11.645763
Trip10	-11.434479	-7.980601
Gdap2	-13.366092	-9.912213
Eml3	-13.511866	-10.057987
Rusc2	-11.795899	-8.342021
Wdr24	-14.075137	-10.621259
Ace	-11.004107	-7.5502295
B830017H08Rik	-18.208702	-14.754825
5830405F06Rik	-16.234621	-12.780744
Btc	-13.162701	-9.708822
Gm48617	-16.485935	-13.032058
Thpo	-16.682646	-13.228768
Ilvbl	-12.823291	-9.369412
Prrc1	-11.682501	-8.228622
1700029J03Rik	-19.81814	-16.364264
Prmt3	-13.532143	-10.078264
E130304I02Rik	-17.738699	-14.2848215
Ppp1r35	-12.3143	-8.860421
Ehd2	-10.217314	-6.763436
Gm26793	-19.81814	-16.364264
AW046200	-17.87223	-14.418353
Vgll4	-11.96066	-8.506782
Scamp2	-11.9909	-8.537022
Ip6k2	-12.635789	-9.1819105
Bad	-11.669985	-8.216106
Camkk2	-12.170832	-8.716953
Adgra1	-16.450844	-12.996966
Eef1akmt3	-16.384153	-12.930275
BC052040	-15.06455	-11.610672
Gm9821	-18.208702	-14.754825
Rps27	-7.9212594	-4.467382
Gadd45g	-10.360394	-6.9065156
Plcd3	-13.094308	-9.6404295
Myo1e	-11.865525	-8.411647
Cep19	-13.393271	-9.939393
Gm35721	-18.719528	-15.265651
Ttc7	-14.208669	-10.75479
Armc6	-13.58373	-10.129851
Herc2	-11.653062	-8.199183
Ndst1	-11.811107	-8.357228
Gm37323	-18.719528	-15.265651
Gm28156	-18.431845	-14.977967
E4f1	-13.170452	-9.716574
Slc26a3	-17.333233	-13.879355
Rpl6	-8.107964	-4.654086
Eif4e	-11.564913	-8.111034
Ate1	-11.823846	-8.369967
0610009L18Rik	-11.859564	-8.405685
Gm4035	-18.02638	-14.572503
D830039M14Rik	-17.253191	-13.799314
Csnk1e	-11.569612	-8.115733
Fkbp11	-13.095511	-9.641633
Arhgef4	-15.183412	-11.729533
Tle3	-12.821459	-9.36758
Ccdc6	-12.137042	-8.683164
Galnt15	-12.695274	-9.241396
Gm10605	-19.124992	-15.671115
Ccl9	-16.984926	-13.531049
Wsb1	-11.938471	-8.484592
Psmd10	-12.372139	-8.918261
Nhs	-13.240279	-9.786401
Spats1	-19.81814	-16.364264
Gm17103	-19.81814	-16.364264
Gm10138	-14.807506	-11.353627
Ppp1r12c	-10.879347	-7.425469
Minar1	-18.208702	-14.754825
Gm47739	-19.81814	-16.364264
Grin2a	-19.124992	-15.671115
Txndc2	-18.719528	-15.265651
Acp2	-12.395169	-8.941291
Ccsap	-16.29178	-12.837902
Cask	-12.508928	-9.05505
Zfp955b	-13.035949	-9.58207
Aff3	-12.90739	-9.453511
Col5a2	-10.420906	-6.967028
Dennd4b	-14.452165	-10.998286
Sema4b	-14.820929	-11.36705
Wee1	-12.4586735	-9.004795
Gm43403	-17.87223	-14.418353
Emp3	-9.263631	-5.809753
Haus5	-14.088041	-10.634163
Abraxas1	-14.009998	-10.55612
Fam83a	-19.81814	-16.364264
Kmt2e	-10.460502	-7.0066237
Igfbp6	-14.781188	-11.32731
Plod3	-11.985333	-8.531455
A930005H10Rik	-13.766051	-10.312173
Apobr	-13.907344	-10.453465
Pgap2	-12.746568	-9.292689
Ociad2	-15.20302	-11.749142
Fam120b	-12.548524	-9.0946455
Pold4	-11.037814	-7.583936
Gm42937	-15.628486	-12.174607
Uhrf1	-17.738699	-14.2848215
Smchd1	-11.14019	-7.686312
Tmie	-15.514075	-12.060197
Mpp2	-13.417883	-9.9640045
Prg4	-16.682646	-13.228768
Larp4b	-11.618402	-8.164523
Cenps	-16.129261	-12.675383
Cux1	-11.034132	-7.580254
Homer3	-13.219632	-9.765754
3830408C21Rik	-15.946939	-12.493061
E130308A19Rik	-14.337502	-10.883623
Smyd4	-14.452165	-10.998286
Col5a3	-16.682646	-13.228768
Gm3830	-19.124992	-15.671115
Gmds	-12.652647	-9.198769
Ggact	-13.451671	-9.997792
Zfp647	-14.807506	-11.353627
Caprin2	-14.091293	-10.637415
E330013P04Rik	-18.02638	-14.572503
9030624G23Rik	-15.775089	-12.321211
Lhfpl2	-17.87223	-14.418353
Map2k2	-10.954101	-7.5002227
Tfam	-12.456765	-9.002887
Sike1	-11.850514	-8.396636
Gm30054	-17.87223	-14.418353
Brwd1	-11.888655	-8.434776
Gm14762	-17.515554	-14.061677
Lncpint	-12.840859	-9.386981
Adgrd1	-15.989499	-12.535621
Ccdc34	-11.725902	-8.272023
Ppid	-11.686904	-8.233026
Gm13054	-16.984926	-13.531049
Phldb1	-12.260146	-8.806268
Mlxipl	-14.461555	-11.007676
Tceal1	-12.6580715	-9.204193
Gm49179	-15.527681	-12.073803
Gm16741	-19.81814	-16.364264
Endov	-13.704458	-10.25058
Acbd6	-11.343229	-7.8893514
Nfkbil1	-12.824208	-9.37033
Gosr1	-12.789939	-9.336061
Gm13446	-14.724391	-11.270513
Mvb12b	-12.756806	-9.302928
Rbm43	-13.107617	-9.653739
Gm1673	-14.800861	-11.346983
Ryk	-11.27528	-7.821402
Raf1	-11.48391	-8.030031
2610507B11Rik	-11.58225	-8.128371
Rab6b	-12.23083	-8.776952
Pex11g	-14.15518	-10.701302
4732440D04Rik	-14.292687	-10.838809
Zfp438	-13.814254	-10.360375
Grasp	-14.05295	-10.5990715
Otub1	-11.701426	-8.247547
Cavin2	-11.210559	-7.756681
B2m	-9.801816	-6.347938
Zfp317	-13.338097	-9.884218
Gm15998	-14.308752	-10.854874
Ppp1r13l	-14.176233	-10.722355
Susd6	-11.776084	-8.322206
Gm11542	-19.124992	-15.671115
Dand5	-13.521031	-10.067153
Mmp28	-15.436114	-11.982236
Kbtbd7	-13.638124	-10.184246
Vrk1	-13.321365	-9.867487
Fahd1	-13.274229	-9.820351
Tsta3	-12.608801	-9.1549225
Trmt10c	-12.947049	-9.493171
A230060F14Rik	-18.719528	-15.265651
Lrrc47	-13.014635	-9.560757
9530046B11Rik	-18.02638	-14.572503
Gm16861	-15.4614315	-12.007553
Hectd1	-10.998475	-7.544597
Kctd17	-12.094579	-8.6407
1110006O24Rik	-16.207222	-12.753345
Sox2ot	-19.81814	-16.364264
Aqp5	-16.416943	-12.963065
Kit	-15.387324	-11.933446
Slc13a3	-19.81814	-16.364264
Dlst	-12.090165	-8.636287
Rbp4	-9.4984455	-6.044568
Acsf2	-14.367103	-10.913224
BC016579	-17.515554	-14.061677
Sox6	-13.137286	-9.683408
Pla2g6	-14.371404	-10.917525
Wars	-12.916404	-9.462525
Kti12	-13.294579	-9.8407
Glod4	-12.000113	-8.546234
Mns1	-16.207222	-12.753345
Nedd4l	-13.591604	-10.137726
Armcx2	-12.22376	-8.769881
Sec22b	-11.509449	-8.055571
Gm47093	-18.431845	-14.977967
Guf1	-12.6627445	-9.208866
Coq8a	-12.014706	-8.560827
Rcan2	-9.722753	-6.2688746
Cox6c	-8.557208	-5.1033306
Rad54l2	-12.978664	-9.524786
Hspb1	-8.052427	-4.5985494
Tmem86b	-16.29178	-12.837902
Eif3a	-10.024357	-6.570479
Kcnb2	-19.81814	-16.364264
Enox1	-16.682646	-13.228768
Depdc1a	-18.02638	-14.572503
Wnt16	-11.245892	-7.7920136
Tmf1	-11.395258	-7.94138
Socs7	-13.09792	-9.644042
Ubfd1	-12.358226	-8.904347
Gm49602	-14.162149	-10.708271
Selenop	-10.284847	-6.8309693
Auts2	-10.320068	-6.8661904
Spef1	-13.864898	-10.411019
Ep300	-11.699338	-8.24546
Tmem33	-11.568043	-8.114164
Rttn	-14.320972	-10.867094
Rbm48	-12.784635	-9.330756
Gm15473	-16.822409	-13.36853
Acy1	-13.849433	-10.395555
Zfpl1	-12.212749	-8.75887
Abcg2	-13.535874	-10.081996
Eprs	-10.989354	-7.535476
Sdhd	-11.382375	-7.928497
Thra	-10.201469	-6.7475915
Fancm	-14.124409	-10.67053
Fra10ac1	-11.767118	-8.31324
Ift74	-12.358802	-8.904923
Kpna1	-12.065805	-8.611927
Pak4	-13.995095	-10.541217
Ahi1	-12.477305	-9.023427
Nsmce4a	-11.005595	-7.5517173
Gem	-10.661096	-7.2072177
Spn	-19.81814	-16.364264
Gm16185	-17.620916	-14.167038
Msrb3	-10.091928	-6.6380496
Gm39326	-19.124992	-15.671115
Dyrk3	-19.124992	-15.671115
Ins2	-17.515554	-14.061677
Lypd1	-18.719528	-15.265651
Vps37b	-12.433531	-8.979652
Sys1	-11.454099	-8.00022
Aurkaip1	-10.867219	-7.413341
Galm	-13.702249	-10.24837
Lpin2	-13.851994	-10.398115
Gm11520	-16.450844	-12.996966
Trim72	-19.124992	-15.671115
Maz	-12.218239	-8.76436
Gm10309	-19.81814	-16.364264
6430550D23Rik	-17.179083	-13.725205
Socs3	-13.225097	-9.771218
Asap1	-11.303551	-7.849673
Hspb11	-11.846365	-8.392487
Sgcb	-10.947197	-7.493319
D630039A03Rik	-17.87223	-14.418353
Hist1h2ac	-14.25362	-10.799742
Klhl38	-15.030649	-11.576771
Gm12280	-18.431845	-14.977967
Wdr44	-12.354777	-8.900899
Dnal4	-12.304977	-8.851099
Vav3	-13.510042	-10.056164
Gm50383	-19.81814	-16.364264
Pck1	-19.81814	-16.364264
Gm9929	-18.719528	-15.265651
Nfkbid	-17.620916	-14.167038
Gm48295	-19.124992	-15.671115
Rab31	-12.654194	-9.200315
Gm15958	-19.81814	-16.364264
Spg20	-12.0142975	-8.560419
Parpbp	-17.738699	-14.2848215
Nectin4	-18.719528	-15.265651
Degs2	-18.719528	-15.265651
Cox14	-10.798718	-7.3448405
Gm13840	-17.738699	-14.2848215
Pdf	-15.569646	-12.1157675
Sbno2	-13.167862	-9.713984
Oga	-12.033252	-8.579373
Rgs7bp	-10.914054	-7.460176
Ildr2	-17.179083	-13.725205
Coa3	-10.857801	-7.4039235
Znrf1	-12.106144	-8.652266
Gabarap	-9.263996	-5.810118
Nbeal2	-15.436114	-11.982236
Plxnb3	-19.81814	-16.364264
Clmp	-11.191376	-7.737498
Cyp4x1	-19.124992	-15.671115
Nsmaf	-12.443512	-8.989634
Sf3a2	-12.492991	-9.039113
Glis1	-14.814195	-11.360316
Mpi	-13.654826	-10.200948
Ubl3	-11.402095	-7.948217
Ttll1	-13.040494	-9.586616
Znrd1	-11.494047	-8.040169
Slc25a46	-12.418743	-8.964865
1110018N20Rik	-13.773135	-10.319257
Usp39	-12.891563	-9.437685
Ctcflos	-16.522303	-13.068425
Map3k7	-12.375062	-8.921184
Tom1	-13.495576	-10.0416975
Cald1	-7.6004405	-4.146563
Lpcat4	-14.316882	-10.863004
Dr1	-12.774981	-9.321102
A530084C06Rik	-19.81814	-16.364264
Gpx1	-8.922939	-5.469062
A530001N23Rik	-19.81814	-16.364264
Skor1	-18.431845	-14.977967
Mmrn1	-19.81814	-16.364264
Rtl6	-14.664849	-11.210971
Ubxn6	-11.28409	-7.830212
Dip2b	-12.700935	-9.247057
Sox18	-18.719528	-15.265651
Itm2a	-15.055966	-11.602088
Phyhip	-19.124992	-15.671115
Ganab	-12.107936	-8.6540575
Alg13	-13.934818	-10.48094
Gm42939	-17.11009	-13.656212
Spata18	-19.124992	-15.671115
Trmt11	-13.449954	-9.996076
Tmem258	-10.39398	-6.940102
P2rx6	-14.787703	-11.333824
Gm20045	-14.571116	-11.117238
Psmb11	-18.719528	-15.265651
Evc2	-12.963786	-9.509908
Rpgrip1l	-13.5377445	-10.083866
Zfp455	-16.011478	-12.5576
Gm45864	-15.707267	-12.253388
Dchs2	-16.352404	-12.898526
Gm31805	-17.420244	-13.966367
Pcdhgb7	-16.03395	-12.580072
Cpne1	-12.407189	-8.953311
Irf3	-12.173222	-8.719343
Fbxl13	-15.06455	-11.610672
Snrpg	-9.977221	-6.5233426
Brpf3	-13.87797	-10.424091
Smu1	-11.731115	-8.277237
Dpep2	-18.02638	-14.572503
Fto	-11.872585	-8.418707
Ghr	-11.991299	-8.53742
Gm34006	-15.723796	-12.2699175
Gm43118	-17.515554	-14.061677
Gm26743	-19.81814	-16.364264
2310014F06Rik	-15.866897	-12.413018
B230319C09Rik	-15.92632	-12.472442
Ankrd11	-10.804911	-7.3510327
mt-Co1	-6.793372	-3.3394947
Dbf4	-15.296352	-11.842474
Slc8b1	-13.673955	-10.220077
1700030C12Rik	-16.822409	-13.36853
Adi1	-13.255696	-9.801818
Rab28	-11.677534	-8.223656
Tmem98	-12.2013645	-8.747486
Eln	-8.4797945	-5.025917
Mkln1os	-15.387324	-11.933446
Krt13	-19.124992	-15.671115
Hdhd2	-12.202843	-8.748964
Pgam1	-10.491351	-7.037473
D830025C05Rik	-13.974596	-10.520718
Aven	-12.854951	-9.4010725
Stag1	-11.249114	-7.795236
Pdxp	-15.886315	-12.432437
Bmpr1b	-12.129685	-8.675807
Xiap	-11.418606	-7.964728
Hoxb1	-19.81814	-16.364264
Gm8016	-19.124992	-15.671115
P4hb	-10.149616	-6.6957383
Hnrnpul1	-11.685434	-8.231556
Mgat1	-11.796556	-8.342678
Srp54b	-16.984926	-13.531049
Slc25a15	-15.145312	-11.691434
Rps21	-7.482185	-4.0283074
Poli	-14.316882	-10.863004
E230025N22Rik	-19.81814	-16.364264
Morc2b	-19.81814	-16.364264
4921504A21Rik	-14.540027	-11.086148
Ndufb8	-10.129147	-6.6752687
Prss27	-17.420244	-13.966367
Phf21b	-16.984926	-13.531049
Gm17494	-15.340804	-11.886926
Slc25a1	-11.996899	-8.54302
Ercc3	-12.921447	-9.467568
Mss51	-15.584034	-12.130156
Ctsb	-9.4432125	-5.989335
Armcx3	-11.554293	-8.100414
Dvl3	-12.323154	-8.869276
Pten	-10.818151	-7.3642735
Chil1	-16.873701	-13.419824
Snhg15	-14.320972	-10.867094
Gjc1	-11.333677	-7.8797994
Pnpla3	-18.208702	-14.754825
Lingo1	-15.3072815	-11.853403
Ocrl	-12.60954	-9.155662
Nde1	-12.943942	-9.490064
4933425D22Rik	-19.124992	-15.671115
Mgst2	-19.81814	-16.364264
Smim26	-11.34469	-7.8908124
Ube3b	-13.039356	-9.585478
Tubg2	-15.01412	-11.560242
Gm19466	-17.87223	-14.418353
Armc9	-13.804425	-10.350547
Cd27	-16.080471	-12.626593
Dhx32	-11.754133	-8.300255
Rfesd	-12.784635	-9.330756
Stam	-12.604372	-9.150494
Ppic	-11.257122	-7.803244
Kif4	-17.333233	-13.879355
Lmnb1	-14.706153	-11.2522745
Prkca	-12.44917	-8.995292
Wdr72	-17.87223	-14.418353
Gm15512	-18.208702	-14.754825
Gja3	-18.208702	-14.754825
Srsf3	-9.965631	-6.5117526
Car3	-18.02638	-14.572503
Gm14547	-19.124992	-15.671115
Cpt1b	-15.527681	-12.073803
Prrx1	-11.035051	-7.5811734
Shc1	-12.1169405	-8.663062
Arhgap12	-12.57106	-9.117182
Lipe	-14.540027	-11.086148
Mettl23	-11.737904	-8.284025
Atraid	-10.349522	-6.8956437
Gm26728	-15.723796	-12.2699175
C4a	-17.620916	-14.167038
Sdcbp2	-18.431845	-14.977967
Gm10687	-13.147374	-9.693496
Zranb3	-14.730544	-11.276666
Arhgef7	-12.114681	-8.660803
Atp13a1	-13.060046	-9.606168
Sort1	-11.894069	-8.44019
Klc1	-11.410763	-7.956885
Pcyt1b	-15.92632	-12.472442
Gm50203	-16.773619	-13.31974
Cln3	-13.479547	-10.025668
Golga3	-11.727126	-8.273248
Tsen34	-11.008428	-7.5545497
Dtwd2	-14.997859	-11.543981
Acot13	-11.7469225	-8.293044
Col13a1	-19.81814	-16.364264
Dnajc16	-14.037397	-10.583519
Atp9a	-12.363999	-8.910121
H2afy2	-12.761966	-9.308087
Htr2b	-19.81814	-16.364264
Gm4129	-16.873701	-13.419824
Atxn7l2	-14.935339	-11.481461
Rpp38	-13.166569	-9.71269
Tubgcp4	-13.152457	-9.698579
Slc16a1	-14.989827	-11.535949
Tent2	-12.826044	-9.372166
Pcmt1	-11.081652	-7.627774
Acp4	-19.124992	-15.671115
Tmem45a2	-19.124992	-15.671115
Il6st	-11.330377	-7.8764987
Smarcal1	-13.296048	-9.84217
Dhx15	-11.153217	-7.6993394
Susd2	-13.358236	-9.904358
Fnta	-11.280753	-7.826875
Prdm5	-12.852117	-9.398238
Pepd	-12.453594	-8.999716
Dbp	-10.164462	-6.710584
Smad5	-12.39936	-8.945481
Syne2	-10.859215	-7.405337
Wbp11	-11.503308	-8.04943
Tshr	-15.514075	-12.060197
Spg7	-11.794916	-8.341038
Prkag2	-12.174179	-8.720301
Pwp1	-12.939815	-9.485936
Kcnma1	-11.642312	-8.188434
Gm49579	-18.431845	-14.977967
Gm19696	-19.81814	-16.364264
Aldh18a1	-13.704458	-10.25058
5830444B04Rik	-17.738699	-14.2848215
Gm26881	-13.144843	-9.690965
Eif3g	-10.680156	-7.226278
Gm31881	-16.207222	-12.753345
A3galt2	-17.738699	-14.2848215
4930458D05Rik	-15.775089	-12.321211
Slc19a2	-14.841407	-11.387528
Tipin	-12.226784	-8.772905
Mtif2	-12.670582	-9.216703
Gnl3	-11.676951	-8.223073
Vil1	-18.719528	-15.265651
Haus1	-12.911386	-9.457507
Prkaa2	-12.043285	-8.589407
Stum	-11.866934	-8.413055
Adam1a	-15.92632	-12.472442
Tchp	-13.717822	-10.263944
Tnfrsf9	-19.124992	-15.671115
Melk	-19.81814	-16.364264
Slc6a20b	-16.522303	-13.068425
Plac9b	-12.916404	-9.462525
Pi16	-14.958328	-11.50445
Nabp1	-12.870204	-9.416326
Elovl1	-11.606115	-8.152237
Rab1a	-10.72929	-7.275412
Tubb4b	-10.367131	-6.9132533
Gm45833	-16.416943	-12.963065
Gm16835	-16.384153	-12.930275
Tmem30a	-10.563784	-7.1099057
Rbm3os	-17.253191	-13.799314
4933424G06Rik	-18.208702	-14.754825
Ranbp3l	-19.81814	-16.364264
Ints11	-13.319859	-9.86598
Ankrd16	-13.287263	-9.8333845
Vmn2r44	-17.179083	-13.725205
Akr1a1	-9.984218	-6.5303397
Capsl	-14.614134	-11.160255
F730043M19Rik	-18.02638	-14.572503
9530036M11Rik	-15.675006	-12.2211275
Ankrd49	-12.807829	-9.3539505
Zfp639	-11.620051	-8.166173
Gkap1	-11.199656	-7.7457776
Gm15417	-11.642593	-8.188715
Slc35d1	-13.072905	-9.619026
4930550C14Rik	-14.676477	-11.222599
Gm15614	-15.223021	-11.769142
Fundc2	-10.8403635	-7.3864856
Ttc36	-18.02638	-14.572503
Btbd9	-12.751674	-9.297795
Lhcgr	-19.124992	-15.671115
Grk3	-12.9564295	-9.502551
Bach2	-14.774715	-11.320837
Vps45	-12.812352	-9.358474
Brd7	-11.098333	-7.6444554
Lsmem1	-14.329203	-10.875324
Shc2	-15.24343	-11.789552
Tbc1d2b	-12.380935	-8.927056
Hspa1l	-13.45339	-9.999512
Atpaf1	-12.865412	-9.411533
Pla2r1	-15.081943	-11.628064
Zhx2	-13.074081	-9.620203
Mospd1	-12.981881	-9.528003
Nxf2	-17.87223	-14.418353
4921507P07Rik	-15.628486	-12.174607
Ccnq	-12.516318	-9.06244
Tmem241	-14.89816	-11.444282
Fasn	-12.730567	-9.276689
Gm37305	-15.02235	-11.568472
Tug1	-12.365738	-8.9118595
9030025P20Rik	-14.848328	-11.394449
Gm2415	-13.656934	-10.203055
Ccdc39	-14.380061	-10.926183
Kdm6b	-12.082707	-8.628829
Zfp780b	-13.195404	-9.741526
Ddx60	-17.738699	-14.2848215
Styk1	-18.719528	-15.265651
Lrrk1	-12.836206	-9.382328
Rassf3	-10.293647	-6.839769
Synpo2	-9.509254	-6.055377
Auh	-11.687492	-8.233614
Kif13b	-12.633512	-9.179633
Gm15492	-15.775089	-12.321211
Tbx3os1	-18.208702	-14.754825
Zswim1	-13.564312	-10.110434
Slbp	-12.329288	-8.875409
Scamp3	-11.9973	-8.543422
Chodl	-19.81814	-16.364264
C330018A13Rik	-18.719528	-15.265651
Zfp827	-13.108836	-9.654958
Gpr155	-12.744024	-9.290146
Wdr38	-17.333233	-13.879355
Cenpt	-14.452165	-10.998286
Cnih1	-11.341353	-7.8874755
Ggct	-13.640197	-10.186318
Gm13547	-19.81814	-16.364264
Mis18bp1	-17.620916	-14.167038
Tead4	-19.124992	-15.671115
Zim1	-18.208702	-14.754825
Gm49893	-19.81814	-16.364264
Stx2	-12.635789	-9.1819105
Rabl3	-14.117697	-10.663818
Apc2	-16.640087	-13.186209
Nfic	-10.22779	-6.773912
Rab3gap2	-12.330967	-8.877089
Naglu	-12.365158	-8.91128
Gm44837	-17.179083	-13.725205
Zfp526	-14.935339	-11.481461
Tap1	-14.375723	-10.9218445
Tmx3	-11.776084	-8.322206
Rec8	-19.81814	-16.364264
Gm15556	-19.81814	-16.364264
Slc9a3	-18.719528	-15.265651
Pdzd8	-12.047073	-8.593195
Grin3a	-17.515554	-14.061677
Eml2	-11.552234	-8.098355
Tbc1d13	-14.141387	-10.687509
Actc1	-14.028181	-10.574303
Misp	-17.87223	-14.418353
Ncs1	-12.759382	-9.305504
Zfp771	-11.15339	-7.699512
Tpgs1	-11.740073	-8.286195
Mansc1	-14.025127	-10.571249
Klhl8	-13.680414	-10.226536
Stxbp5	-13.258526	-9.804647
9930012K11Rik	-17.333233	-13.879355
Gm3435	-15.643753	-12.189875
Tmem203	-12.589752	-9.135874
Washc2	-12.0345	-8.580622
Gm15880	-17.87223	-14.418353
AA986860	-15.436114	-11.982236
Cd3g	-19.81814	-16.364264
Nr3c2	-12.919426	-9.465548
Setd7	-10.976982	-7.523104
Rasgrf2	-14.706153	-11.2522745
Gm17638	-19.124992	-15.671115
Pfkm	-12.2013645	-8.747486
Cnnm2	-13.321365	-9.867487
Gm16982	-17.11009	-13.656212
Tarsl2	-13.579816	-10.125937
Gm10130	-14.761895	-11.308017
Gm38336	-16.822409	-13.36853
Setdb2	-14.504934	-11.051056
Sh2d3c	-16.262793	-12.808914
Cxcr2	-17.620916	-14.167038
Vamp8	-10.558724	-7.1048465
Gm5105	-18.208702	-14.754825
Ostc	-10.6684	-7.214522
Csf3	-19.124992	-15.671115
Polr2b	-12.246152	-8.7922735
Ghrl	-18.719528	-15.265651
Gk	-12.097679	-8.643801
B430212C06Rik	-18.208702	-14.754825
Rnf8	-12.418131	-8.964252
Gal3st3	-13.522875	-10.068996
Col4a5	-10.304959	-6.8510814
AI987944	-13.0542555	-9.600377
Myo5a	-13.338097	-9.884218
Jdp2	-13.153731	-9.699853
Ptk2	-12.567505	-9.1136265
Tmem192	-13.441414	-9.987535
Ccn5	-11.538697	-8.084819
4930430F08Rik	-12.930588	-9.476709
Hltf	-12.416909	-8.963031
C1ql1	-18.208702	-14.754825
Ebf2	-19.81814	-16.364264
Afdn	-12.382703	-8.928824
Pan2	-13.910058	-10.45618
Tmem81	-15.399301	-11.945422
Igf2bp2	-14.807506	-11.353627
Actl7b	-18.431845	-14.977967
Ran	-10.396648	-6.9427705
Mmd	-12.05342	-8.599542
Ppil4	-11.602864	-8.148986
Dpf2	-12.433531	-8.979652
Mocs3	-13.627826	-10.173947
Ndrg3	-12.561138	-9.10726
Gm5577	-16.984926	-13.531049
Gm15232	-17.515554	-14.061677
Rbm45	-13.875341	-10.421463
Cxxc5	-11.85329	-8.399411
Ahctf1	-12.090606	-8.636727
Gm10863	-17.11009	-13.656212
Gm32389	-17.515554	-14.061677
Me1	-11.579868	-8.12599
Rin3	-13.419546	-9.965668
Aldh5a1	-14.4428625	-10.988984
3110001I22Rik	-15.099642	-11.645763
Has2	-19.81814	-16.364264
Shox2	-19.81814	-16.364264
1810062G17Rik	-14.514836	-11.060958
Cntrl	-12.863502	-9.409623
Slc51a	-17.11009	-13.656212
E130114P18Rik	-16.104568	-12.65069
Serpina9	-17.738699	-14.2848215
Prnp	-11.540729	-8.08685
Gm15535	-15.659258	-12.2053795
Csnk2b	-10.919502	-7.4656243
Smim22	-19.81814	-16.364264
Naa16	-12.536756	-9.082877
Mrpl21	-11.227697	-7.7738194
Zfp383	-13.932036	-10.478158
Cib3	-19.124992	-15.671115
Gm32834	-19.81814	-16.364264
9130024F11Rik	-16.011478	-12.5576
Gm49194	-19.124992	-15.671115
Atrn	-12.647252	-9.193374
Ubap1	-12.655744	-9.201865
Gm19522	-15.847849	-12.3939705
Mcm7	-13.656934	-10.203055
Rwdd3	-14.876498	-11.42262
Slc16a4	-15.4614315	-12.007553
Fbxo21	-12.916404	-9.462525
CAAA01066123.1	-16.773619	-13.31974
Dnmt1	-12.877918	-9.42404
Lrrc59	-11.956029	-8.502151
Pus1	-13.717822	-10.263944
Smtn	-9.123268	-5.66939
Wasl	-11.206911	-7.753033
Scube3	-10.948883	-7.495005
Zfp24	-12.274338	-8.820459
Sephs2	-13.032553	-9.578674
Vps13b	-12.556213	-9.102335
Eef1akmt4	-14.981859	-11.527981
Gm43445	-14.388795	-10.9349165
Wiz	-12.595574	-9.141696
Rab26os	-14.00103	-10.547152
Rev3l	-12.472775	-9.018897
Ypel1	-15.541474	-12.087596
Slc35a4	-12.500928	-9.0470495
Cmc4	-12.981881	-9.528003
AU015336	-17.11009	-13.656212
Zfp14	-14.39319	-10.939312
Zfp141	-14.485422	-11.031544
Spag5	-19.124992	-15.671115
Ighd	-19.81814	-16.364264
Vdac1	-10.618255	-7.1643767
Gm26672	-15.775089	-12.321211
Cyth3	-11.097028	-7.64315
Gm47210	-17.620916	-14.167038
Cnksr2	-19.124992	-15.671115
Ube2q1	-12.107488	-8.653609
Gm47113	-17.738699	-14.2848215
Rai14	-15.24343	-11.789552
Fnbp4	-12.508928	-9.05505
Gm29243	-18.431845	-14.977967
Olfr338	-19.81814	-16.364264
Vac14	-13.463771	-10.009892
Nup62	-13.17305	-9.719172
Gdap1	-16.080471	-12.626593
Nudt1	-13.885896	-10.432017
Fgf18	-15.886315	-12.432437
Hr	-12.921447	-9.467568
Gm19426	-14.592394	-11.138515
Paqr4	-13.110057	-9.656178
Ccdc82	-11.573807	-8.119928
Lysmd1	-13.98333	-10.529451
Mtrr	-14.292687	-10.838809
Cd8b1	-19.124992	-15.671115
Serhl	-12.841793	-9.387915
Mlh3	-13.202076	-9.748198
Eral1	-13.695648	-10.24177
Ppp1r18os	-15.989499	-12.535621
Gm6225	-15.318331	-11.864452
Ddx3x	-10.13225	-6.678372
Gm42809	-19.124992	-15.671115
Prdm8	-19.81814	-16.364264
Isl2	-16.15458	-12.700701
Hs6st3	-19.81814	-16.364264
Vmn1r79	-19.81814	-16.364264
Pank4	-13.372421	-9.918543
Wdr91	-13.934818	-10.48094
6330562C20Rik	-15.183412	-11.729533
Il3ra	-14.540027	-11.086148
Thoc2	-11.03031	-7.5764318
2010001A14Rik	-12.962732	-9.508854
Idh3b	-11.271972	-7.818094
Stamos	-16.15458	-12.700701
Spats2l	-11.043519	-7.589641
Clca3a2	-18.431845	-14.977967
Baiap2	-13.891214	-10.437336
Gabpb2	-12.226784	-8.772905
Chm	-12.440382	-8.986504
Gm37662	-18.02638	-14.572503
Gm20412	-17.179083	-13.725205
Gm48008	-18.431845	-14.977967
Osbpl5	-12.262759	-8.808881
Gm37612	-15.810807	-12.356929
Gm3248	-16.927769	-13.47389
Neu2	-15.20302	-11.749142
Uso1	-11.651357	-8.197478
Twsg1	-10.289492	-6.8356137
Vps4b	-11.5592	-8.105322
Gm35166	-18.02638	-14.572503
Ift20	-10.3586	-6.9047217
Kctd9	-13.499172	-10.045294
Sun2	-10.859215	-7.405337
Sfn	-16.207222	-12.753345
Prdm16os	-12.135658	-8.68178
Lmln	-14.869381	-11.415503
Gdf5	-19.124992	-15.671115
Pde3a	-10.087163	-6.633285
Nip7	-12.250795	-8.796917
Asb1	-13.366092	-9.912213
Vcpip1	-12.159441	-8.705563
Sh3d19	-11.910489	-8.456611
Clvs1	-17.045551	-13.591674
Gins3	-14.827708	-11.37383
Gm49032	-16.384153	-12.930275
Gm2093	-19.81814	-16.364264
Lamc1	-11.129013	-7.675135
Zgrf1	-14.718274	-11.264396
Dlx6os1	-16.05694	-12.603063
Pidd1	-16.773619	-13.31974
Anapc13	-10.574172	-7.120294
Cyp4f17	-14.320972	-10.867094
Tub	-12.427342	-8.973464
Nr6a1os	-16.522303	-13.068425
Bbx	-11.247597	-7.793719
Dkk3	-10.155325	-6.701447
Dse	-12.337149	-8.88327
Lars2	-8.982843	-5.5289655
Ptcd1	-13.814254	-10.360375
Rpusd3	-14.230892	-10.777014
Med12l	-14.456849	-11.002971
Svbp	-11.245513	-7.791635
Mark3	-11.782862	-8.328983
Gm10277	-18.208702	-14.754825
Parg	-12.519019	-9.065141
Hist1h4n	-17.253191	-13.799314
Tubb2b	-15.514075	-12.060197
Plxnd1	-13.364516	-9.910638
Cpsf1	-13.333506	-9.879627
Sept8	-12.2013645	-8.747486
Lnpep	-10.290584	-6.8367057
Prep	-13.070554	-9.616675
Rnf150	-11.927558	-8.47368
A530076I17Rik	-19.81814	-16.364264
Nop10	-10.279	-6.8251224
Aldob	-18.431845	-14.977967
Spen	-12.031589	-8.57771
Zfp462	-15.500652	-12.046774
Hars2	-13.11864	-9.664762
Cep55	-17.620916	-14.167038
Grk5	-12.749118	-9.295239
Rps12	-7.989689	-4.5358114
Boc	-12.777604	-9.323726
Gm28792	-19.124992	-15.671115
6330418K02Rik	-13.539619	-10.085741
Cbll1	-12.306616	-8.852737
Cdkl1	-16.560043	-13.106166
Kdm6a	-12.087966	-8.634088
Cd300lg	-18.719528	-15.265651
1110051M20Rik	-13.096715	-9.642837
Slc41a2	-13.864898	-10.411019
Zfp101	-13.64853	-10.194652
Gm47257	-18.431845	-14.977967
1700030J22Rik	-16.29178	-12.837902
Sh3pxd2b	-12.524443	-9.070564
Ndst2	-14.242191	-10.788313
4833411C07Rik	-19.81814	-16.364264
Slc2a8	-12.709897	-9.256019
Wnt10b	-19.81814	-16.364264
Rfxap	-12.387434	-8.933556
Gm30961	-18.208702	-14.754825
Slc31a2	-12.529897	-9.076018
Siah2	-13.24446	-9.790582
B4galt1	-12.132438	-8.678559
Sub1	-10.39277	-6.938892
Ddx17	-11.189406	-7.7355285
Zdhhc24	-14.942944	-11.489065
Cyp2j9	-19.124992	-15.671115
Otulinl	-18.431845	-14.977967
Piwil4	-18.02638	-14.572503
Dcaf6	-12.337712	-8.883834
Vps18	-13.638124	-10.184246
Ctnna3	-12.519019	-9.065141
Psd	-12.505588	-9.051709
Xcr1	-19.124992	-15.671115
Arhgef10	-12.709897	-9.256019
6030440G07Rik	-18.719528	-15.265651
Odf2	-12.841793	-9.387915
Os9	-11.979797	-8.525919
Swsap1	-14.560645	-11.106767
Gm31087	-16.822409	-13.36853
Lrfn4	-13.968816	-10.514937
Mrrf	-12.76542	-9.311542
6030442E23Rik	-16.262793	-12.808914
Gm48530	-19.81814	-16.364264
Ube2h	-10.959914	-7.5060363
Hps3	-13.362943	-9.909064
S100a11	-8.759676	-5.3057985
Gm20633	-16.727098	-13.27322
4930539J05Rik	-15.055966	-11.602088
Zfp28	-14.534937	-11.0810585
Papss2	-13.451671	-9.997792
Aunip	-19.124992	-15.671115
Smim38	-18.208702	-14.754825
1700066O22Rik	-18.431845	-14.977967
Gm4631	-14.504934	-11.051056
Notch2	-11.918245	-8.464367
Gm15737	-14.96611	-11.512232
Stard3	-12.498276	-9.044397
Hist1h2be	-13.912779	-10.4589
Lmntd1	-15.081943	-11.628064
Igf2os	-18.431845	-14.977967
Pcyox1	-12.133357	-8.679479
Slco5a1	-17.179083	-13.725205
Sumf1	-12.478603	-9.024725
Zfp964	-15.448693	-11.994815
Cep85l	-12.703371	-9.249493
Aebp1	-8.457632	-5.0037546
St3gal6	-13.146108	-9.692229
Lipt2	-13.713347	-10.259469
Gm38165	-17.045551	-13.591674
Wdfy4	-16.822409	-13.36853
Kif27	-17.179083	-13.725205
Ecscr	-15.792789	-12.338911
Zfp36l1	-9.931138	-6.47726
Gm44699	-14.094556	-10.640677
Commd8	-11.953337	-8.499458
Saraf	-10.64831	-7.194432
Gm38150	-17.620916	-14.167038
Kbtbd11	-17.11009	-13.656212
Myo7a	-16.180553	-12.726676
Gtf2h1	-12.41143	-8.957552
Pkp4	-10.168513	-6.7146354
Pheta1	-13.530282	-10.076404
Slc17a5	-12.908387	-9.454509
Zfp429	-14.676477	-11.222599
Prmt5	-12.744871	-9.290993
Notch1	-13.846879	-10.393001
Fmo1	-13.034816	-9.580937
Foxg1	-17.87223	-14.418353
Tmsb10	-9.939356	-6.485478
Snrpa	-11.736975	-8.283096
Brinp1	-17.515554	-14.061677
Vps13a	-11.76013	-8.306252
Rccd1	-13.963069	-10.509191
C030037D09Rik	-15.723796	-12.2699175
Cysltr1	-19.124992	-15.671115
Tsku	-16.05694	-12.603063
Chfr	-12.7423315	-9.288453
Lypd6	-17.045551	-13.591674
Tmem168	-12.519695	-9.065817
Cacna2d4	-17.87223	-14.418353
Frmd4b	-12.450432	-8.996553
Camk2n1	-10.42723	-6.973352
Npc1	-12.436639	-8.98276
Prr5	-18.719528	-15.265651
Dctn6	-10.594292	-7.1404138
Tdrp	-15.296352	-11.842474
Pdzd3	-15.145312	-11.691434
Cmklr1	-13.293111	-9.839232
Gm31786	-17.333233	-13.879355
Slc35g2	-14.855296	-11.401418
Nanos3	-15.810807	-12.356929
Crip1	-7.7057743	-4.251897
L3mbtl4	-19.81814	-16.364264
Jcad	-12.237441	-8.783563
Chrna1os	-13.560473	-10.106595
Ost4	-9.785601	-6.3317227
Spsb4	-15.055966	-11.602088
Svil	-9.779467	-6.3255887
Zswim7	-13.183507	-9.729629
Zfp607b	-14.104408	-10.65053
Arfgef3	-15.24343	-11.789552
Cdc37l1	-10.957642	-7.5037637
Raet1e	-18.431845	-14.977967
Tbc1d24	-15.126793	-11.6729145
Lman1	-11.172906	-7.719028
Cyren	-13.87797	-10.424091
Bnip2	-9.681836	-6.2279587
Ndufv1	-10.942155	-7.488277
Tchh	-19.124992	-15.671115
Ssb	-10.324654	-6.8707757
Gm12689	-16.640087	-13.186209
Slc24a5	-13.432946	-9.979068
Arhgap27	-16.599264	-13.145387
Gm15655	-16.682646	-13.228768
St3gal3	-13.59755	-10.143672
Adam32	-17.179083	-13.725205
Mustn1	-9.036168	-5.58229
Iws1	-12.122383	-8.668505
Tbkbp1	-16.207222	-12.753345
Fopnl	-12.221748	-8.76787
Pam16	-11.266739	-7.812861
Art4	-12.936729	-9.482851
Gm16172	-19.81814	-16.364264
Gm43566	-16.822409	-13.36853
Kcns3	-13.469002	-10.015123
Mmp3	-14.325079	-10.871201
Tcn2	-12.524443	-9.070564
Aox3	-15.92632	-12.472442
Pcmtd1	-10.718061	-7.2641835
Eif2a	-11.459006	-8.005128
Vstm2b	-13.284352	-9.830474
Ifit1bl1	-18.719528	-15.265651
4930583K01Rik	-19.124992	-15.671115
Atn1	-11.847401	-8.393522
2210010C04Rik	-14.942944	-11.489065
Acadm	-10.763519	-7.3096414
Agbl4	-19.124992	-15.671115
Zfp583	-14.337502	-10.883623
Twist1	-11.917133	-8.463255
Osbpl1a	-11.695769	-8.241891
Atp2a3	-13.274229	-9.820351
Tafa2	-17.11009	-13.656212
Vwa5b2	-17.87223	-14.418353
Paip2	-10.071074	-6.6171956
Magi3	-13.231969	-9.7780905
Psd2	-19.81814	-16.364264
Phf11b	-18.208702	-14.754825
Cyb5a	-10.0977955	-6.6439176
Gm14322	-14.540027	-11.086148
Fbln2	-13.517355	-10.063477
Lrrc1	-14.619644	-11.165766
Sec23a	-11.634464	-8.180586
Lrrc17	-10.667444	-7.2135663
Nav2	-11.296358	-7.84248
Zfp784	-15.723796	-12.2699175
Hcrt	-19.81814	-16.364264
Usp19	-11.808445	-8.354567
Msx1	-12.836206	-9.382328
Gm9887	-14.3500805	-10.896202
Ccn2	-8.153886	-4.700008
Bc1	-15.92632	-12.472442
Flii	-11.172202	-7.718324
Ncor1	-10.199805	-6.7459273
Xrcc4	-12.375062	-8.921184
Exosc8	-12.227794	-8.773915
Trerf1	-14.124409	-10.67053
9530020I12Rik	-16.727098	-13.27322
Slc38a3	-15.500652	-12.046774
4632428C04Rik	-17.179083	-13.725205
Fcor	-16.927769	-13.47389
Rasl12	-10.713383	-7.259505
Gm13999	-19.124992	-15.671115
Rab3c	-19.124992	-15.671115
Cyp4b1	-19.124992	-15.671115
Lgals8	-11.860264	-8.406385
Bod1l	-10.759438	-7.3055596
4931423N10Rik	-18.02638	-14.572503
Lamtor5	-10.760253	-7.306375
Pcdhb2	-16.682646	-13.228768
Esr1	-13.642274	-10.1883955
Diras2	-14.438243	-10.9843645
Lrsam1	-14.034315	-10.580437
Tmem209	-13.472505	-10.018626
9130604C24Rik	-16.352404	-12.898526
Bhlhe41	-12.283913	-8.830034
Pdgfrb	-11.0609865	-7.6071086
Prkcd	-12.032004	-8.578126
A330032B11Rik	-19.124992	-15.671115
Ggta1	-13.1435795	-9.689701
Cfap69	-16.262793	-12.808914
Gm12474	-18.431845	-14.977967
Slc2a10	-13.444821	-9.990943
Sdcbp	-10.451652	-6.9977736
Gm35019	-17.515554	-14.061677
Tedc1	-17.333233	-13.879355
Gpr82	-17.87223	-14.418353
A830018L16Rik	-18.208702	-14.754825
Gm10544	-18.208702	-14.754825
Gm26876	-18.431845	-14.977967
Gm44623	-16.560043	-13.106166
Tdrd12	-19.124992	-15.671115
Mfn1	-13.082361	-9.628483
Rap2b	-12.734753	-9.280874
Tor3a	-12.982956	-9.529078
Nrbf2	-12.2202425	-8.766364
Exosc5	-12.001724	-8.547846
Zfp672	-12.284982	-8.831103
Zfp617	-13.391652	-9.937774
Dcdc2b	-15.030649	-11.576771
Gm38033	-18.02638	-14.572503
Gm15867	-14.227154	-10.773275
Pbx3	-12.994855	-9.540977
Trp53bp2	-12.718114	-9.2642355
Samd10	-14.625184	-11.171306
Srsf11	-10.842637	-7.388759
5430431A17Rik	-13.992141	-10.538262
Gm37963	-18.02638	-14.572503
Klhl40	-16.03395	-12.580072
Snx3	-10.198941	-6.7450633
Lsm6	-10.961337	-7.507459
Prkar2b	-15.555461	-12.101583
Ccno	-14.981859	-11.527981
Oxtr	-19.124992	-15.671115
Areg	-17.515554	-14.061677
Adam19	-13.194076	-9.740197
Eif4a3	-11.504534	-8.050655
Mapk10	-18.719528	-15.265651
Gm29156	-18.208702	-14.754825
Psmd12	-10.932146	-7.478268
2310022B05Rik	-10.769849	-7.315971
Bahd1	-13.663282	-10.209404
Zbtb38	-10.476158	-7.02228
4930447N08Rik	-19.124992	-15.671115
Hyou1	-12.802428	-9.34855
Zfp965	-16.522303	-13.068425
Rgs1	-18.02638	-14.572503
Ccdc142os	-15.643753	-12.189875
Gpatch1	-12.840859	-9.386981
Gm26879	-15.4614315	-12.007553
Lrrc8b	-16.560043	-13.106166
Tspan2os	-15.126793	-11.6729145
Gpr63	-16.129261	-12.675383
Emc10	-10.249287	-6.7954087
Gm16132	-18.431845	-14.977967
Anxa2	-9.87476	-6.4208817
Lama3	-16.262793	-12.808914
Mettl22	-13.444821	-9.990943
Zfp949	-13.284352	-9.830474
Mettl17	-13.605535	-10.151656
Ash2l	-12.441632	-8.987754
Tspan11	-17.420244	-13.966367
Olfr373	-18.431845	-14.977967
Gramd2	-16.873701	-13.419824
Khdc3	-17.87223	-14.418353
Eppk1	-13.940405	-10.4865265
Efna4	-14.876498	-11.42262
Gm10824	-16.773619	-13.31974
8030456M14Rik	-16.080471	-12.626593
Ch25h	-15.967993	-12.514114
Wac	-11.120795	-7.6669173
Cplane1	-12.505588	-9.051709
Arhgap10	-11.649088	-8.1952095
2310001H17Rik	-15.073209	-11.61933
Fbxo32	-10.401925	-6.948047
Ugp2	-11.034132	-7.580254
Mt1	-8.67376	-5.2198825
Tyrobp	-17.333233	-13.879355
Tead2	-13.883246	-10.429368
Gm9895	-15.847849	-12.3939705
1600014C10Rik	-13.535874	-10.081996
Il23a	-18.02638	-14.572503
Gm15179	-19.124992	-15.671115
Ppp5c	-12.05597	-8.602092
Tlr5	-19.124992	-15.671115
Zbtb16	-11.782214	-8.328336
Nop2	-13.434634	-9.980756
Pecam1	-12.302796	-8.848918
Pcdhb17	-13.9862585	-10.53238
Gpr45	-16.560043	-13.106166
Gpr27	-13.9264965	-10.472618
Smarce1	-11.370512	-7.916634
Piezo2	-13.528425	-10.074547
Flicr	-17.738699	-14.2848215
Tex35	-19.124992	-15.671115
Gm49769	-16.262793	-12.808914
Mme	-15.193168	-11.739289
Plcxd2	-15.090753	-11.636874
Epor	-17.620916	-14.167038
Aasdhppt	-12.208279	-8.7544
Gm38037	-18.431845	-14.977967
Gm29666	-16.873701	-13.419824
Ccdc15	-14.040488	-10.58661
Mob3c	-13.601535	-10.147656
Gk5	-13.285807	-9.831928
Gm19605	-14.950606	-11.496728
Tars2	-13.088317	-9.6344385
Egr1	-9.487198	-6.0333204
Aig1	-11.660483	-8.206605
Gm20457	-17.179083	-13.725205
Gm26674	-18.02638	-14.572503
Ldb3	-11.223061	-7.7691827
Rdh16	-18.208702	-14.754825
Gm33466	-18.719528	-15.265651
Hmgn2	-11.722542	-8.268663
6720427I07Rik	-13.671811	-10.217933
Map3k14	-14.820929	-11.36705
Igf1	-13.33198	-9.878101
1200007C13Rik	-14.480603	-11.026725
Ttc23	-13.0670395	-9.613161
Gart	-12.615479	-9.161601
Prickle1	-13.530282	-10.076404
Nipa2	-12.1169405	-8.663062
Pde8a	-14.855296	-11.401418
Ank	-11.565955	-8.112077
Zfp62	-12.563256	-9.109378
Fam169a	-17.515554	-14.061677
Gpr37l1	-18.719528	-15.265651
Zfp51	-14.134561	-10.680682
Cox19	-11.931308	-8.477429
Snrnp40	-12.638071	-9.184193
Car7	-16.927769	-13.47389
Tjp1	-11.452468	-7.99859
Gm28959	-16.773619	-13.31974
Osbp2	-15.967993	-12.514114
Uprt	-15.047456	-11.593577
4930544F09Rik	-17.738699	-14.2848215
Topbp1	-13.187457	-9.733579
Gm49494	-17.179083	-13.725205
Atg16l1	-12.750821	-9.296943
Crtap	-11.145997	-7.692119
Pcp4	-16.599264	-13.145387
Atp8b1	-11.117793	-7.663915
Grk6	-12.998124	-9.544246
Phf23	-12.454862	-9.000983
6430710C18Rik	-18.719528	-15.265651
Hnrnpa3	-10.09151	-6.637632
Rrnad1	-13.179573	-9.725695
Btbd6	-12.779357	-9.325479
Spsb3	-12.436016	-8.982138
Cacnb1	-13.960208	-10.50633
C230038L03Rik	-18.208702	-14.754825
Vkorc1l1	-12.599964	-9.146086
Trim24	-12.36748	-8.913602
Wdr55	-13.729095	-10.275217
E130119H09Rik	-19.124992	-15.671115
Mdc1	-13.390036	-9.936157
Polr3e	-13.416224	-9.962345
Fbxl12os	-16.262793	-12.808914
Frzb	-12.427342	-8.973464
Tmem260	-13.240279	-9.786401
Ube2i	-10.974381	-7.5205035
Selp	-19.81814	-16.364264
Tpcn1	-13.472505	-10.018626
Acbd7	-17.87223	-14.418353
Brms1	-13.269921	-9.816043
Setd4	-14.883667	-11.429789
Itpkc	-14.300688	-10.846809
Prom1	-19.81814	-16.364264
Cdk12	-11.783509	-8.329631
Slc9a9	-17.87223	-14.418353
Aagab	-13.733642	-10.279763
Fgf7	-15.448693	-11.994815
Adam22	-15.847849	-12.3939705
Mrpl33	-9.903763	-6.449885
Gm17634	-15.487408	-12.033529
Ankzf1	-13.356672	-9.902794
Lrrfip1	-9.5375185	-6.083641
Ppib	-9.403567	-5.94969
Gnao1	-11.895155	-8.441277
Fam222b	-13.138541	-9.684663
Tsg101	-11.882911	-8.429032
B230311B06Rik	-19.81814	-16.364264
Sema4d	-15.691007	-12.237128
Rad21	-11.578812	-8.124933
Chmp1b	-12.684845	-9.230967
Mief2	-14.0687475	-10.614869
Rph3al	-18.208702	-14.754825
Gm29825	-19.124992	-15.671115
Tekt2	-14.820929	-11.36705
Phactr1	-11.402316	-7.948438
Crb3	-17.179083	-13.725205
A430106G13Rik	-16.29178	-12.837902
Ola1	-11.432424	-7.9785457
Wdr35	-12.882771	-9.428892
Atp6v1e1	-10.766211	-7.3123326
Epm2a	-13.862304	-10.408425
Gabra2	-19.81814	-16.364264
Olfr330	-14.500021	-11.046143
Slc35g3	-19.81814	-16.364264
Gucy1a2	-14.519823	-11.065945
Ttbk2	-13.252876	-9.798998
Gm11734	-17.420244	-13.966367
Gm39526	-18.719528	-15.265651
Lrrc56	-14.694177	-11.240298
Rplp0	-8.099234	-4.645356
Chadl	-13.611565	-10.157686
Rpl15	-8.377796	-4.9239187
Sh3bgrl2	-17.420244	-13.966367
1700001J03Rik	-17.87223	-14.418353
Aldh2	-9.421391	-5.967513
Tmco1	-10.249916	-6.796038
Them4	-13.3997755	-9.945897
Kmt5c	-13.891214	-10.437336
Cr2	-17.253191	-13.799314
Stc1	-14.388795	-10.9349165
Gm31108	-17.87223	-14.418353
Pitpnm1	-13.057726	-9.6038475
Oser1	-12.298991	-8.845113
Zfp608	-12.745719	-9.291841
Col15a1	-10.085323	-6.6314454
Selplg	-15.659258	-12.2053795
Xndc1	-13.644355	-10.190476
Dcn	-11.513893	-8.060015
Zfp641	-13.915507	-10.461629
Ddx31	-14.371404	-10.917525
1500026H17Rik	-13.957355	-10.503476
Pwwp3a	-12.631996	-9.178118
Tspo2	-17.515554	-14.061677
Snapc1	-12.245638	-8.7917595
4831440D22Rik	-17.420244	-13.966367
Poglut3	-11.703517	-8.249639
Taf15	-11.684553	-8.230675
Rdh14	-11.998505	-8.544626
Scube1	-17.253191	-13.799314
Arsa	-13.137286	-9.683408
Ido1	-19.81814	-16.364264
2810410L24Rik	-16.03395	-12.580072
Etaa1	-12.700125	-9.246246
Tsx	-18.02638	-14.572503
Zc3hav1	-12.975457	-9.521579
Togaram1	-12.779357	-9.325479
Krt1	-17.620916	-14.167038
4931431C16Rik	-18.02638	-14.572503
Hsdl1	-13.223727	-9.769849
Tcp11l2	-12.372724	-8.918845
Fut2	-18.208702	-14.754825
Osbp	-11.954105	-8.500227
Bmyc	-11.25808	-7.8042016
Cap1	-10.588586	-7.134708
Gm10244	-17.253191	-13.799314
Syn2	-14.688242	-11.234364
Enpp3	-14.288712	-10.834833
AC154200.1	-19.124992	-15.671115
Kcnab1	-10.529359	-7.075481
4833412C05Rik	-13.530282	-10.076404
P4ha2	-11.826549	-8.37267
Il17rd	-14.056089	-10.602211
Gnpda1	-13.573974	-10.120095
Gm12216	-14.768285	-11.314406
Frg1	-11.880409	-8.426531
Yipf3	-11.109997	-7.656119
Prox2	-15.164181	-11.710302
Cbx5	-10.989354	-7.535476
Flt1	-12.333211	-8.879333
Rfc4	-13.629877	-10.175999
Fhl1	-8.97709	-5.5232124
Sdc4	-10.102248	-6.6483703
Fndc3b	-10.693794	-7.2399163
Cblc	-15.387324	-11.933446
Timm17a	-10.964333	-7.5104547
Tmem150c	-18.719528	-15.265651
Bora	-14.4428625	-10.988984
Txnl1	-10.93839	-7.484512
Gm40155	-16.927769	-13.47389
Csf3r	-19.124992	-15.671115
Itgb3	-11.790991	-8.337112
Mis12	-12.931609	-9.477731
2310030G06Rik	-13.834205	-10.380326
Ift46	-11.83436	-8.380482
Sdhc	-10.886986	-7.433108
8430426J06Rik	-18.719528	-15.265651
Ak7	-19.81814	-16.364264
Amdhd2	-13.215553	-9.761675
Rwdd1	-10.402984	-6.9491057
Gm12204	-17.738699	-14.2848215
Gps2	-11.942641	-8.488763
Klhl36	-13.896563	-10.442684
Clasp1	-12.093252	-8.639374
Gm36988	-17.420244	-13.966367
Exosc4	-11.838459	-8.384581
Fbrsl1	-12.671369	-9.21749
Pgm3	-13.001405	-9.547526
S100a7a	-14.935339	-11.481461
Agpat2	-12.627464	-9.173586
Pus7	-12.699314	-9.245436
Slc37a4	-13.581771	-10.1278925
Irf6	-17.87223	-14.418353
Pigc	-13.151184	-9.697306
Hist1h2bp	-18.431845	-14.977967
Klhl26	-12.91339	-9.459512
Gramd3	-12.894512	-9.440634
Clec2d	-12.639595	-9.185717
Dlc1	-11.375671	-7.9217935
Atr	-13.277111	-9.823233
Cldn10	-19.124992	-15.671115
Pla2g4c	-17.620916	-14.167038
Nudcd3	-11.023165	-7.569287
Irf7	-15.329504	-11.875626
Aip	-11.110493	-7.656615
Cyb5r2	-18.02638	-14.572503
Nlk	-13.0542555	-9.600377
Pdzd11	-11.910121	-8.456243
Inpp5j	-15.775089	-12.321211
Becn1	-11.762983	-8.309105
Tacc1	-10.480639	-7.0267615
Psma2	-10.072126	-6.6182485
Gramd1c	-14.653355	-11.199476
Nrcam	-19.124992	-15.671115
Gm13110	-19.81814	-16.364264
Rap1gap2	-13.167862	-9.713984
Mrto4	-12.03242	-8.578542
Cldn22	-12.628219	-9.17434
Aurkb	-19.81814	-16.364264
A230083N12Rik	-16.682646	-13.228768
Tmem229b	-13.799547	-10.345669
Gm35021	-17.420244	-13.966367
Dcaf15	-14.009998	-10.55612
Rgma	-12.838996	-9.385118
Mroh2a	-17.87223	-14.418353
Wbp4	-11.084708	-7.6308303
Dcun1d1	-11.865174	-8.411296
Cercam	-11.737904	-8.284025
Gpc6	-10.862177	-7.408299
Gse1	-14.694177	-11.240298
Gm48623	-15.296352	-11.842474
Vasp	-10.829695	-7.375817
Wdr5b	-14.475806	-11.021928
Amer1	-12.790826	-9.336947
Ambra1	-13.355111	-9.901233
Ehmt2	-12.287661	-8.833782
Commd3	-10.997146	-7.5432677
Utp11	-11.312818	-7.8589396
Grip2	-12.439133	-8.985254
Psmg1	-12.296823	-8.842944
Ccdc106	-15.810807	-12.356929
Rpl4	-9.034072	-5.5801945
Slc30a7	-12.981881	-9.528003
Zmiz2	-12.2952	-8.841322
Shb	-12.959576	-9.505697
Man2c1	-12.518343	-9.064465
Rpl7a	-8.788863	-5.3349857
Serpinf2	-18.431845	-14.977967
Gan	-13.123579	-9.669701
Pip4k2a	-12.487081	-9.033202
H2-Ke6	-11.866934	-8.413055
Gm44982	-16.822409	-13.36853
Snhg4	-12.654194	-9.200315
Pdxk	-12.838065	-9.384187
Gm26873	-18.431845	-14.977967
Thyn1	-12.283378	-8.829499
Tepsin	-14.480603	-11.026725
1700018L02Rik	-16.05694	-12.603063
Aup1	-11.8370905	-8.383212
Hmgn5	-11.233476	-7.7795978
Art5	-17.253191	-13.799314
Tvp23bos	-15.340804	-11.886926
Gab3	-15.555461	-12.101583
Gm36028	-18.208702	-14.754825
Lrig1	-12.827885	-9.374006
Fancc	-14.466283	-11.012404
Ablim3	-18.719528	-15.265651
Prr15	-13.274229	-9.820351
Xlr4c	-19.81814	-16.364264
Tmem86a	-12.838065	-9.384187
Gm10638	-14.019048	-10.565169
Sigmar1	-12.164171	-8.710293
Pikfyve	-12.869244	-9.415365
P2ry2	-14.121047	-10.667169
Timp3	-8.724298	-5.2704196
Gm28424	-17.620916	-14.167038
Zdhhc17	-12.936729	-9.482851
Traf2	-13.074081	-9.620203
Chp1	-11.317077	-7.8631988
H2-Aa	-16.450844	-12.996966
Cables1	-12.970136	-9.516257
Uba1	-11.26732	-7.8134418
Calm3	-10.611708	-7.1578298
Serpinb9	-12.241531	-8.787653
Plod2	-10.67394	-7.220062
Rhbdl2	-17.179083	-13.725205
Gm17308	-18.719528	-15.265651
Pcdh18	-13.615605	-10.161727
Cnrip1	-13.17305	-9.719172
Frmd8	-13.500976	-10.047097
Gm47439	-17.87223	-14.418353
Fmod	-15.886315	-12.432437
Cenpu	-15.829157	-12.375278
Lrrc9	-17.738699	-14.2848215
Cebpzos	-12.439133	-8.985254
Cnp	-13.439714	-9.985836
Gm10115	-12.643416	-9.189538
Rdm1	-11.901334	-8.447455
Sost	-8.840743	-5.3868656
Inhba	-10.618154	-7.1642756
Zmat4	-19.81814	-16.364264
Mov10	-14.997859	-11.543981
Cep170	-12.354777	-8.900899
Slc39a1	-11.437684	-7.983806
Capn3	-14.742967	-11.289088
Spata1	-14.659085	-11.205207
Rnf24	-12.35077	-8.896892
Fscn2	-16.03395	-12.580072
Plpp5	-12.455496	-9.001617
Gm30018	-19.81814	-16.364264
Phc2	-12.004953	-8.551075
5730480H06Rik	-12.705813	-9.251935
Efhd2	-11.563612	-8.109734
Atxn7l1	-13.678256	-10.224378
Armc5	-13.136032	-9.682154
Gm50321	-16.011478	-12.5576
Zfp277	-12.705813	-9.251935
Sgcg	-10.067222	-6.6133437
Gm26917	-11.851554	-8.3976755
Gm42812	-19.81814	-16.364264
Cox16	-11.073652	-7.6197743
Vipas39	-12.931609	-9.477731
Kif2c	-19.81814	-16.364264
S100g	-17.620916	-14.167038
Bloc1s1	-11.156847	-7.702969
Thbs1	-14.375723	-10.9218445
Plekho2	-11.888655	-8.434776
Ppp6r1	-12.834351	-9.380472
Mib1	-11.779629	-8.32575
Zrsr2	-11.829597	-8.375719
Tgfbr2	-11.41434	-7.960462
Ftl1	-9.519575	-6.065697
Mkln1	-11.307368	-7.8534904
Pced1a	-14.028181	-10.574303
Gm13715	-18.208702	-14.754825
Ebi3	-19.124992	-15.671115
Exosc10	-12.566087	-9.112208
Mat2a	-10.743849	-7.289971
0610040J01Rik	-19.81814	-16.364264
Gm266	-18.719528	-15.265651
Slc12a2	-12.895497	-9.441619
Brox	-12.669795	-9.215917
Zfp772	-14.329203	-10.875324
D430020J02Rik	-15.514075	-12.060197
Ankrd35	-14.190519	-10.736641
Galk1	-11.820814	-8.366936
Efr3a	-11.0373535	-7.5834756
Rpl10	-8.085582	-4.631704
Gm45235	-17.738699	-14.2848215
Smc4	-12.070544	-8.616666
Atp2b2	-17.515554	-14.061677
Ybx3	-10.620176	-7.1662984
Rfc2	-12.723077	-9.269198
Gm50399	-17.420244	-13.966367
Tmem178b	-19.81814	-16.364264
Eif2ak4	-13.469002	-10.015123
Bivm	-14.009998	-10.55612
Ift88	-13.272791	-9.8189125
Chst2	-13.36767	-9.913792
Tcf12	-11.660483	-8.206605
Ilrun	-11.804466	-8.350588
Fhit	-15.723796	-12.2699175
Kansl1l	-11.966479	-8.512601
Ctc1	-13.669673	-10.215795
Plek	-15.223021	-11.769142
Slc44a1	-12.593388	-9.139509
Ppme1	-11.996097	-8.542218
Ndufb9	-9.456691	-6.002813
Gm36043	-18.719528	-15.265651
Map3k1	-12.838065	-9.384187
Gm20467	-19.124992	-15.671115
Glb1	-12.77673	-9.322851
Gm15503	-17.253191	-13.799314
Med11	-13.309372	-9.855494
Ntf5	-19.124992	-15.671115
Med9	-12.205804	-8.751925
Eif4a1	-10.059505	-6.6056275
Rragc	-11.814444	-8.360565
Hnrnph3	-11.3587885	-7.9049106
Slc20a1	-13.342708	-9.888829
Rab10	-10.653111	-7.1992335
Ryr2	-11.998103	-8.544225
Dach1	-14.79426	-11.340382
Tox4	-11.962596	-8.508718
Dmrta2	-16.450844	-12.996966
Gm39458	-17.87223	-14.418353
Ckm	-14.688242	-11.234364
Gm13091	-16.682646	-13.228768
Sh2b2	-17.11009	-13.656212
Cyp2c23	-19.81814	-16.364264
Ubash3a	-17.515554	-14.061677
Gm28913	-17.738699	-14.2848215
Cplane2	-16.599264	-13.145387
4930579P08Rik	-14.958328	-11.50445
Pcx	-14.79426	-11.340382
Sik2	-12.851173	-9.397295
Cdc40	-11.46913	-8.015251
Mpp4	-17.515554	-14.061677
Tmem95	-18.208702	-14.754825
Slc35f1	-19.81814	-16.364264
Osbpl3	-11.307167	-7.853289
Efcab14	-11.689851	-8.235972
Gm16140	-17.620916	-14.167038
Pnpla6	-13.706674	-10.252795
Apeh	-12.669795	-9.215917
Sp110	-13.444821	-9.990943
Nrip3	-18.208702	-14.754825
Lrrc36	-17.515554	-14.061677
Ewsr1	-11.120461	-7.6665835
Narf	-12.811445	-9.357567
Rpp25l	-12.127854	-8.673976
Chrac1	-11.222876	-7.7689977
Med15	-12.141667	-8.687789
Platr1	-17.87223	-14.418353
Nap1l4	-11.286651	-7.8327727
Gm49027	-17.87223	-14.418353
Fip1l1	-11.742248	-8.288369
4930546K05Rik	-17.620916	-14.167038
Smurf1	-12.758523	-9.304645
Creb5	-10.909446	-7.455568
Sgtb	-14.3333435	-10.879465
Rad23b	-11.612923	-8.159044
Cmbl	-14.973953	-11.520075
Primpol	-14.0467	-10.592821
Caskin1	-16.29178	-12.837902
Rtn4ip1	-14.876498	-11.42262
Mreg	-15.253793	-11.799914
Tnfrsf25	-15.375489	-11.921611
Ppp6r3	-11.931308	-8.477429
Sirt2	-11.379126	-7.9252477
Omp	-19.124992	-15.671115
Rbm8a	-10.596861	-7.142983
Hs3st3a1	-18.719528	-15.265651
BC065397	-14.288712	-10.834833
Pclo	-14.641991	-11.188112
Rnf169	-13.258526	-9.804647
Gm27030	-16.05694	-12.603063
Atp5md	-9.679621	-6.225743
Slc22a13	-19.81814	-16.364264
Adamts12	-15.183412	-11.729533
Whamm	-12.390997	-8.937119
Pnn	-11.021046	-7.5671678
Gm43560	-16.129261	-12.675383
Dnajc27	-13.572034	-10.1181555
Rrp15	-12.459947	-9.006068
Prkg1	-11.389561	-7.935683
Rnf32	-16.773619	-13.31974
D430036J16Rik	-14.480603	-11.026725
Gm49937	-17.738699	-14.2848215
Efnb2	-11.880052	-8.426173
Alpk3	-16.416943	-12.963065
Gm34256	-18.719528	-15.265651
Tek	-17.620916	-14.167038
Aldoa	-9.338826	-5.8849487
Cidea	-12.450432	-8.996553
Tap2	-12.748266	-9.294388
Thsd4	-10.442202	-6.9883237
4930589L23Rik	-16.321632	-12.867755
Tmem63b	-12.337712	-8.883834
Mllt6	-12.519019	-9.065141
Bicdl1	-13.733642	-10.279763
Klf12	-13.136032	-9.682154
Nacc1	-12.451695	-8.997817
Rbm14	-13.169156	-9.715278
Pgm5	-10.793528	-7.3396497
Cttnbp2	-14.388795	-10.9349165
Ap2m1	-10.458519	-7.004641
Cndp2	-12.727231	-9.273353
Phlda2	-19.124992	-15.671115
A730081D07Rik	-16.522303	-13.068425
Sft2d3	-12.665872	-9.211993
Gm21057	-18.719528	-15.265651
Ndufc1	-9.727013	-6.2731347
Magi2	-12.518343	-9.064465
Zfp511	-12.236421	-8.782542
Snn	-14.495131	-11.041252
Fgf1	-11.6110115	-8.157133
4930405A21Rik	-16.640087	-13.186209
Gm17344	-17.420244	-13.966367
Gm15816	-18.431845	-14.977967
Man2b2	-13.912779	-10.4589
Gak	-12.519019	-9.065141
Fam3c	-11.104395	-7.650517
Map7d1	-10.554639	-7.100761
Clip2	-13.918243	-10.464365
Supv3l1	-14.022083	-10.568205
Brf1	-13.087123	-9.6332445
Tonsl	-16.05694	-12.603063
Txnrd1	-11.958728	-8.504849
Hic1	-17.11009	-13.656212
Cox7a2l	-9.909765	-6.4558873
Prdm1	-19.81814	-16.364264
Mogs	-13.214197	-9.760319
Hist1h3d	-17.045551	-13.591674
Clip3	-12.001724	-8.547846
Fut10	-13.87797	-10.424091
Gtf3c2	-12.341103	-8.887224
Arhgef1	-11.818127	-8.364248
Zfpm1	-14.410969	-10.95709
Rufy3	-13.248659	-9.794781
Casp8ap2	-12.297906	-8.8440275
Snx25	-13.963069	-10.509191
Klk10	-18.719528	-15.265651
Cdca4	-13.747403	-10.293525
Tmem68	-12.990512	-9.5366335
H3f3aos	-16.384153	-12.930275
Fam83e	-17.420244	-13.966367
Mtfr2	-17.620916	-14.167038
Ppa1	-12.062802	-8.608924
Zfp385c	-16.180553	-12.726676
Gm42596	-18.719528	-15.265651
Mrpl12	-11.322171	-7.8682933
Sec61a1	-11.515131	-8.061253
Syt2	-15.757698	-12.30382
Trmt10b	-12.906393	-9.452515
Nat8	-18.719528	-15.265651
2810002D19Rik	-13.564312	-10.110434
Golph3l	-12.644182	-9.190304
Sync	-11.9068165	-8.452938
Wdr89	-12.364579	-8.910701
Rad1	-13.0213175	-9.567439
Gm14435	-18.719528	-15.265651
Gm50288	-19.81814	-16.364264
Rasal2	-11.739142	-8.285264
Dnttip1	-12.052996	-8.599117
Plk2	-13.667538	-10.213659
Ptgfrn	-12.052571	-8.598693
Phf7	-13.963069	-10.509191
Mpc1	-9.845734	-6.3918557
Ibsp	-15.598633	-12.144754
Gm17224	-18.719528	-15.265651
C130071C03Rik	-16.640087	-13.186209
Uhrf1bp1l	-11.5969305	-8.143052
Pum3	-12.393379	-8.939501
Pnisr	-10.851147	-7.397269
Smim18	-17.87223	-14.418353
Gm16062	-14.834534	-11.380655
Gm16278	-18.02638	-14.572503
Dazl	-18.208702	-14.754825
Gm31592	-18.431845	-14.977967
Psmd9	-12.32371	-8.869832
Lfng	-18.02638	-14.572503
Cdh16	-15.541474	-12.087596
Cbfa2t2	-12.929568	-9.47569
Zfp280d	-12.094136	-8.640258
Manf	-10.620176	-7.1662984
Cct5	-10.464999	-7.0111213
2310057M21Rik	-12.819632	-9.365753
Cntrob	-14.659085	-11.205207
Gm26822	-17.87223	-14.418353
Cfap77	-17.515554	-14.061677
Gm13305	-18.431845	-14.977967
Zfp810	-13.36767	-9.913792
4933422A05Rik	-19.81814	-16.364264
Gm44710	-15.810807	-12.356929
Cd83	-18.719528	-15.265651
Rassf10	-16.873701	-13.419824
Decr1	-12.0774765	-8.623598
Col3a1	-8.487985	-5.034107
C1galt1c1	-12.248729	-8.79485
Tmem35a	-13.844331	-10.390452
Taf6	-12.822374	-9.368496
Ajm1	-16.640087	-13.186209
Coil	-13.702249	-10.24837
Phkg2	-12.900435	-9.446557
Casp2	-13.64853	-10.194652
Vmn2r113	-18.719528	-15.265651
Olfr267	-16.321632	-12.867755
Prr12	-12.358802	-8.904923
Gm44040	-18.431845	-14.977967
Hoxd3	-18.208702	-14.754825
Trak2	-11.828241	-8.374363
Thnsl1	-13.968816	-10.514937
Sdha	-11.053775	-7.599897
CT009536.1	-19.124992	-15.671115
Rabgap1l	-12.177537	-8.723659
Uba5	-11.534394	-8.080516
Gm17167	-13.274229	-9.820351
Pds5a	-12.04623	-8.592352
Ttc38	-13.456839	-10.00296
Gm50232	-15.136009	-11.682131
Gm17233	-19.124992	-15.671115
Lrrc24	-16.522303	-13.068425
Terb1	-19.124992	-15.671115
Zfp592	-12.90739	-9.453511
Pigyl	-11.136281	-7.682403
Mtfr1l	-11.552234	-8.098355
Zfp36	-11.530109	-8.076231
8430432A02Rik	-17.333233	-13.879355
Dapk2	-12.40056	-8.946682
Noct	-14.292687	-10.838809
9330175M20Rik	-19.124992	-15.671115
Cavin1	-9.434235	-5.980357
Tsen2	-13.456839	-10.00296
Alkbh8	-12.6627445	-9.208866
Bsg	-9.577289	-6.1234107
Pus7l	-14.730544	-11.276666
Tbc1d10c	-18.208702	-14.754825
C1qtnf1	-13.152457	-9.698579
Galk2	-13.564312	-10.110434
Bdnf	-11.556872	-8.102994
Zfp180	-13.195404	-9.741526
Slc25a10	-14.016023	-10.562144
Ppp1r12a	-8.8955345	-5.441657
Lmbrd2	-12.611764	-9.157886
Gnl1	-12.088845	-8.634967
Hoxb2	-12.262236	-8.808357
Phka2	-12.84741	-9.393532
Ntn1	-11.4714985	-8.01762
Iah1	-11.774798	-8.32092
Cd96	-17.738699	-14.2848215
March1	-19.81814	-16.364264
Gm15551	-15.20302	-11.749142
Hmgb2	-12.211753	-8.7578745
Nek4	-13.87272	-10.418841
Upf3a	-11.661918	-8.208039
Gm9828	-15.906117	-12.452239
Cdc42bpg	-14.905486	-11.451608
Gm42567	-17.515554	-14.061677
Cux2	-16.384153	-12.930275
Gm15852	-17.620916	-14.167038
Ifrd2	-12.580362	-9.126484
Hoxd10	-19.81814	-16.364264
Slc25a16	-12.744024	-9.290146
Gm33051	-18.719528	-15.265651
Ccdc73	-13.797117	-10.343239
3300005D01Rik	-19.81814	-16.364264
C630043F03Rik	-15.005957	-11.552078
E130102H24Rik	-12.916404	-9.462525
Myrf	-13.372421	-9.918543
Pkp1	-19.124992	-15.671115
Slc7a3	-17.420244	-13.966367
Gas2l1	-11.914175	-8.460297
Gm4285	-15.399301	-11.945422
Gm50322	-18.208702	-14.754825
Pcdh1	-17.333233	-13.879355
Ift27	-11.596125	-8.142246
Phf11d	-13.166569	-9.71269
Kcnn4	-18.719528	-15.265651
Fam81a	-11.94683	-8.492951
1110002O04Rik	-19.124992	-15.671115
Sh3yl1	-15.154701	-11.700823
E2f3	-13.989195	-10.535316
Klhl4	-19.81814	-16.364264
Ctcf	-11.328525	-7.8746467
Cep350	-11.915283	-8.461405
Farsa	-12.533319	-9.079441
Ccdc134	-13.603533	-10.149654
Frat1	-15.967993	-12.514114
Gm14011	-19.124992	-15.671115
Fads2	-12.043705	-8.589827
Baat	-19.124992	-15.671115
Kbtbd6	-17.738699	-14.2848215
AV099323	-16.262793	-12.808914
Cyb5rl	-14.424513	-10.970634
Gm38250	-16.822409	-13.36853
Ube2l6	-14.025127	-10.571249
Plekha1	-11.443433	-7.989555
Ttl	-12.492991	-9.039113
Slc25a12	-12.613248	-9.159369
Gm4779	-19.124992	-15.671115
Fam149b	-12.310451	-8.856572
Gm16701	-17.333233	-13.879355
4930503L19Rik	-13.265633	-9.811754
Kcnj13	-16.416943	-12.963065
Arfip1	-11.882911	-8.429032
Rpl11	-8.439592	-4.985715
Dusp27	-14.490265	-11.0363865
Cep162	-12.838065	-9.384187
Gm27232	-19.124992	-15.671115
Ndufa2	-9.335067	-5.881189
C130050O18Rik	-16.682646	-13.228768
Zkscan7	-14.807506	-11.353627
Bicc1	-14.614134	-11.160255
Zfp652os	-15.723796	-12.2699175
Wnt4	-15.10861	-11.654732
Gm14540	-18.431845	-14.977967
Amot	-14.9203005	-11.466422
Zfp991	-14.104408	-10.65053
Ly6g6d	-14.037397	-10.583519
Gm12166	-16.129261	-12.675383
Ppm1f	-13.907344	-10.453465
Ifnar1	-12.768018	-9.314139
Adcy8	-16.384153	-12.930275
Tmem43	-11.483189	-8.02931
Supt7l	-13.493782	-10.039904
Tgm4	-18.431845	-14.977967
Btk	-19.124992	-15.671115
Snap23	-11.302548	-7.8486705
Sat2	-13.0835495	-9.629671
Rpl8	-8.17964	-4.7257624
Qdpr	-11.98851	-8.534632
Rbbp5	-13.678256	-10.224378
Ttc13	-13.358236	-9.904358
Poll	-13.901938	-10.44806
Rps11	-8.262845	-4.8089676
G730003C15Rik	-15.474336	-12.020457
Rarres2	-8.995446	-5.5415688
Atg101	-12.190597	-8.736718
Akap6	-11.561274	-8.107395
P4ha1	-11.429463	-7.9755855
D430019H16Rik	-15.073209	-11.61933
Akr1e1	-12.304977	-8.851099
Gm20163	-18.208702	-14.754825
Srrm2	-10.089364	-6.635486
Patl1	-13.515522	-10.061644
Mllt11	-12.695274	-9.241396
Ppp4r3b	-11.631677	-8.177798
Bid	-15.675006	-12.2211275
Dpf1	-14.876498	-11.42262
Kcne1l	-17.253191	-13.799314
Stard3nl	-11.802484	-8.348605
Tecr	-10.310069	-6.856191
6430573P05Rik	-14.820929	-11.36705
Nek11	-18.431845	-14.977967
Snhg6	-11.640344	-8.186465
Hk1	-12.343369	-8.88949
Trmt112	-10.735747	-7.2818694
Cdkn2a	-16.927769	-13.47389
Zp1	-18.208702	-14.754825
Btaf1	-12.477305	-9.023427
Med18	-14.755546	-11.301667
Snhg10	-14.653355	-11.199476
Arrdc2	-13.676104	-10.222225
Gm26911	-18.719528	-15.265651
Cirbp	-11.075088	-7.6212096
Acat1	-10.988622	-7.534744
Zfp811	-15.829157	-12.375278
Supt20	-12.003337	-8.5494585
Mpped2	-12.557618	-9.10374
Atad5	-14.234645	-10.7807665
Dock10	-11.828919	-8.375041
Ankrd9	-11.916763	-8.462885
Fam76b	-12.345072	-8.891193
Tbc1d25	-14.292687	-10.838809
Nectin2	-13.644355	-10.190476
Msl3l2	-13.391652	-9.937774
Icam4	-15.740603	-12.286725
Fzd5	-13.11864	-9.664762
Spr	-11.110493	-7.656615
Cck	-14.706153	-11.2522745
Gpr39	-15.555461	-12.101583
Src	-12.774981	-9.321102
Ampd1	-19.81814	-16.364264
Gstm1	-8.98594	-5.532062
5330439B14Rik	-19.124992	-15.671115
Phf13	-13.417883	-9.9640045
Rbm38	-13.814254	-10.360375
Mprip	-10.721753	-7.267875
Rpgrip1	-13.321365	-9.867487
Dag1	-10.367996	-6.9141183
Olfml2b	-10.993904	-7.540026
Dreh	-18.431845	-14.977967
Cuedc1	-11.406975	-7.953097
Utp14b	-14.037397	-10.583519
Ciao3	-13.227839	-9.773961
Gstk1	-12.218239	-8.76436
Sppl2b	-13.285807	-9.831928
Pm20d2	-14.653355	-11.199476
Slamf1	-17.515554	-14.061677
Cep44	-13.182194	-9.728315
Bfsp1	-15.136009	-11.682131
Pou6f1	-13.661161	-10.207283
Surf2	-12.2823105	-8.828432
Meg3	-10.548589	-7.094711
Pde6a	-16.450844	-12.996966
Unc13a	-16.822409	-13.36853
Klhl13	-12.778481	-9.324602
Gimap1	-18.719528	-15.265651
Tmem88b	-18.719528	-15.265651
Gm28651	-16.822409	-13.36853
Adgrl4	-19.124992	-15.671115
Aqp7	-18.431845	-14.977967
Specc1	-11.583045	-8.129167
Kpna6	-12.27328	-8.819402
Gm36486	-19.81814	-16.364264
2010204K13Rik	-16.352404	-12.898526
Styxl1	-18.431845	-14.977967
B130034C11Rik	-16.352404	-12.898526
Has1	-17.045551	-13.591674
Cfap57	-18.02638	-14.572503
Calml4	-16.522303	-13.068425
Skp2	-14.3500805	-10.896202
Itih4	-10.466127	-7.0122495
Top3a	-14.424513	-10.970634
Gm14296	-13.792274	-10.338396
Chsy3	-12.781992	-9.328114
Gm13375	-15.090753	-11.636874
Hgh1	-14.36282	-10.908941
Chid1	-12.992681	-9.538802
Gm40617	-18.431845	-14.977967
Prim1	-13.366092	-9.912213
Alg12	-13.704458	-10.25058
Pgm2	-13.663282	-10.209404
Cdk18	-19.124992	-15.671115
1700025G04Rik	-12.8060255	-9.352147
Ccdc88b	-19.124992	-15.671115
Gorab	-12.856845	-9.4029665
Gfra3	-18.431845	-14.977967
Usp1	-12.142131	-8.688252
Gm13179	-19.81814	-16.364264
Ptges3l	-11.688966	-8.235087
Gm44777	-15.136009	-11.682131
Zfp955a	-13.702249	-10.24837
Tifa	-14.694177	-11.240298
Mapk9	-12.45613	-9.002252
Ggn	-16.352404	-12.898526
Insc	-17.620916	-14.167038
Lactb2	-12.430431	-8.976553
Ndufa4l2	-16.599264	-13.145387
Fam168a	-11.399222	-7.9453444
H2-D1	-10.2147455	-6.7608676
Capn13	-16.727098	-13.27322
Syngap1	-14.848328	-11.394449
Pms1	-15.073209	-11.61933
Cuta	-10.764922	-7.311044
Sema6d	-15.643753	-12.189875
Epha2	-17.11009	-13.656212
Ccdc22	-13.156286	-9.702408
Tspyl1	-11.635303	-8.181424
Srebf2	-11.538444	-8.084565
Abl1	-12.043705	-8.589827
2810006K23Rik	-13.078804	-9.624926
Sugp2	-13.483087	-10.029208
Ryr3	-18.02638	-14.572503
Fbxw10	-14.480603	-11.026725
Gm7072	-13.158847	-9.704968
Tmem30c	-19.81814	-16.364264
Atp8b2	-12.959576	-9.505697
Ccdc33	-17.515554	-14.061677
Rbp2	-18.02638	-14.572503
Colec11	-14.337502	-10.883623
Slco2b1	-18.208702	-14.754825
Msh4	-18.02638	-14.572503
Gm7008	-16.03395	-12.580072
Usp27x	-15.775089	-12.321211
Pigu	-13.23889	-9.785011
Coasy	-13.196735	-9.742857
Gadd45b	-10.631478	-7.1776004
Wwc2	-11.38346	-7.929582
Tafa5	-13.198068	-9.744189
Scarf2	-11.773193	-8.319315
Nell1	-18.431845	-14.977967
Tnk2	-12.379169	-8.925291
Rps6ka4	-14.855296	-11.401418
Tmem106b	-11.01622	-7.562342
Zfand5	-10.567906	-7.1140285
9130008F23Rik	-13.515522	-10.061644
Hjurp	-12.076173	-8.622294
Sall3	-19.124992	-15.671115
Cep83	-12.756806	-9.302928
Hecw2	-15.329504	-11.875626
Optc	-10.53641	-7.0825324
Prmt6	-14.165651	-10.711773
Senp8	-14.397606	-10.9437275
Kctd18	-13.522875	-10.068996
Fgf5	-16.927769	-13.47389
Gm12353	-18.208702	-14.754825
Pclaf	-17.045551	-13.591674
Mbd5	-12.581081	-9.127203
Golph3	-11.80546	-8.351582
Wdr74	-12.373892	-8.920013
Tmem255b	-19.81814	-16.364264
Vta1	-12.092369	-8.638491
Mob3a	-12.614736	-9.160857
Use1	-10.570794	-7.116916
Prrg4	-18.431845	-14.977967
Sat1	-9.869441	-6.415563
Lrrc41	-12.66509	-9.211211
5730414N17Rik	-15.474336	-12.020457
D830026I12Rik	-14.855296	-11.401418
Mamdc4	-16.873701	-13.419824
Aif1	-18.719528	-15.265651
Rap1gap	-14.905486	-11.451608
Rpl26	-8.012464	-4.5585856
Esyt2	-10.31887	-6.8649917
Fam174a	-11.163449	-7.7095714
Cd86	-19.81814	-16.364264
Atp5g1	-9.74234	-6.288462
Myom3	-14.438243	-10.9843645
Slc2a4	-13.040494	-9.586616
Crebbp	-11.082455	-7.6285768
Chst14	-13.272791	-9.8189125
Gm29325	-19.81814	-16.364264
Ust	-12.785517	-9.331638
Gcdh	-12.984032	-9.530153
Sun1	-12.178498	-8.72462
Tmem199	-12.91339	-9.459512
Gm34150	-17.738699	-14.2848215
Vgll3	-11.485832	-8.031954
Ptdss2	-12.762828	-9.308949
Smarca1	-13.82918	-10.375301
Mcf2l	-17.620916	-14.167038
Sprn	-16.416943	-12.963065
Tex261	-11.689851	-8.235972
Adm	-11.519601	-8.065722
Gm15902	-19.124992	-15.671115
Ift140	-13.849433	-10.395555
Spata48	-18.431845	-14.977967
Ppp1r15a	-11.454332	-8.000454
Rnf207	-15.264264	-11.810386
Ror2	-17.87223	-14.418353
Ddi2	-11.77705	-8.323172
Gm49334	-15.081943	-11.628064
Gm20732	-17.045551	-13.591674
Mapk8ip3	-12.472775	-9.018897
Kif20a	-17.253191	-13.799314
Usp51	-16.822409	-13.36853
Ipp	-14.007	-10.553122
Tmed4	-11.44205	-7.988172
Hace1	-13.359802	-9.905924
Gm4788	-17.333233	-13.879355
Pebp4	-17.738699	-14.2848215
Zbed5	-15.352233	-11.898355
Ldhd	-13.849433	-10.395555
Nol10	-13.968816	-10.514937
Rasa1	-11.761397	-8.307519
Slc7a6	-12.984032	-9.530153
Kbtbd4	-13.607541	-10.153663
Plaat3	-12.547828	-9.093949
Nmral1	-13.680414	-10.226536
Stap2	-18.431845	-14.977967
Creb3l4	-15.906117	-12.452239
Ptprd	-11.084386	-7.630508
Eif3i	-10.18909	-6.735212
Ccdc62	-14.664849	-11.210971
Mrpl35	-11.639221	-8.185343
mt-Nd4	-7.2786465	-3.824769
Thsd1	-17.420244	-13.966367
C1qbp	-11.456432	-8.002554
Gcc1	-13.957355	-10.503476
Tmc7	-15.047456	-11.593577
Gm48908	-17.333233	-13.879355
Parm1	-12.791714	-9.337835
Gm12728	-18.208702	-14.754825
Tusc3	-11.912331	-8.458452
Itm2c	-10.405921	-6.952043
Gm48610	-18.719528	-15.265651
Upp2	-12.539512	-9.085633
2700097O09Rik	-13.554743	-10.100864
Rundc3b	-18.02638	-14.572503
Zfp691	-14.883667	-11.429789
Gm11583	-17.87223	-14.418353
Gm553	-19.81814	-16.364264
Nudt12	-13.960208	-10.50633
Pcdhb14	-13.857136	-10.403257
Ccdc121	-15.723796	-12.2699175
Gm26749	-16.262793	-12.808914
Phtf2	-11.38129	-7.9274125
Rgs6	-14.935339	-11.481461
Cdh5	-17.87223	-14.418353
Ackr3	-13.801984	-10.348105
Gm17146	-16.682646	-13.228768
Gm38190	-15.02235	-11.568472
Hmgxb4	-12.268532	-8.814653
Trim35	-12.135658	-8.68178
Smpd3	-15.500652	-12.046774
Med12	-12.549221	-9.095343
Vps11	-12.795273	-9.341394
Nus1	-11.874003	-8.420125
Otud1	-11.203277	-7.7493987
Mmp12	-18.719528	-15.265651
Gm26756	-17.515554	-14.061677
Csnk2a2	-12.242557	-8.788678
Gm11110	-14.855296	-11.401418
Apaf1	-13.929263	-10.475385
Isoc1	-13.101546	-9.647668
Smad4	-11.505515	-8.051637
Gm47956	-17.738699	-14.2848215
Fam83h	-17.420244	-13.966367
Zfp574	-13.607541	-10.153663
Rabggta	-13.745096	-10.291218
Hsd11b1	-17.515554	-14.061677
Stx6	-13.0213175	-9.567439
Cabp1	-16.05694	-12.603063
Syt12	-15.659258	-12.2053795
Carnmt1	-12.229311	-8.775433
Gm35110	-17.420244	-13.966367
Neu3	-14.452165	-10.998286
Dpm1	-10.836333	-7.3824553
Mapre3	-12.042026	-8.588147
E2f5	-12.6503315	-9.196453
Gdpd1	-13.339631	-9.885753
Otos	-19.81814	-16.364264
Gm16576	-14.608655	-11.154777
Ptpn1	-12.004953	-8.551075
Gm10125	-14.571116	-11.117238
Babam1	-11.721932	-8.268054
Bcl3	-16.822409	-13.36853
Dhx36	-11.297354	-7.843476
Gm5244	-19.124992	-15.671115
Slitrk6	-16.927769	-13.47389
Gm9993	-14.676477	-11.222599
Ubald2	-11.514636	-8.060758
4930517E14Rik	-16.384153	-12.930275
Akr1b8	-13.175654	-9.721776
Ccng1	-11.983748	-8.52987
Junos	-15.500652	-12.046774
Cdk19os	-17.87223	-14.418353
Slc45a1	-18.719528	-15.265651
Tbc1d16	-13.449954	-9.996076
Mcat	-13.434634	-9.980756
Unc119	-12.087966	-8.634088
Gabre	-13.056568	-9.60269
Babam2	-12.279114	-8.825235
H2afj	-10.678008	-7.22413
Ttc7b	-12.32817	-8.874291
Gm50105	-17.620916	-14.167038
Gm13783	-19.81814	-16.364264
Rbck1	-11.890095	-8.436216
Rassf5	-15.423692	-11.969813
Kbtbd2	-12.724736	-9.270858
Rpp40	-13.446528	-9.99265
Ctsc	-12.020849	-8.566971
Bbs12	-14.694177	-11.240298
Polr2j	-11.008875	-7.554997
Cdkal1	-12.659627	-9.205749
Atp6v0c	-9.891034	-6.437156
Rpl9	-8.001672	-4.5477943
Mapkapk2	-11.860964	-8.407085
Grm1	-19.124992	-15.671115
Gm26510	-18.431845	-14.977967
4933405L10Rik	-19.81814	-16.364264
Ankfy1	-12.6580715	-9.204193
Slc8a3	-15.164181	-11.710302
Prr5l	-13.948844	-10.494966
Eif3c	-10.226901	-6.773023
Samd8	-12.890583	-9.436705
Frat2	-14.519823	-11.065945
Msantd2	-12.899446	-9.445567
Exoc3l	-18.431845	-14.977967
Smarcc2	-11.63698	-8.183102
Gm29064	-18.719528	-15.265651
Mettl9	-11.576701	-8.122823
Gm36738	-17.045551	-13.591674
Zdhhc7	-13.169156	-9.715278
Gm527	-14.34587	-10.891992
Tnfsf13b	-18.208702	-14.754825
Ppp1r1a	-13.42958	-9.975701
Lrp4	-16.03395	-12.580072
Mrps17	-11.353927	-7.9000487
Ptchd4	-15.866897	-12.413018
Ccdc17	-15.4614315	-12.007553
Ccdc88a	-10.9519825	-7.4981046
Cdk20	-14.912866	-11.458987
Gm15201	-17.11009	-13.656212
Zfp704	-11.365379	-7.9115014
Xlr3a	-17.738699	-14.2848215
Tmem158	-15.411422	-11.957543
Csnk1g2	-11.307368	-7.8534904
Avpi1	-11.482949	-8.029071
Adssl1	-12.625207	-9.171329
Lrrfip2	-11.542001	-8.088122
Nrbp2	-12.29574	-8.841862
Eif4h	-10.8190155	-7.3651376
Dcaf12	-12.388026	-8.934148
Gm15886	-18.208702	-14.754825
Hist1h4m	-17.11009	-13.656212
Gadd45a	-13.495576	-10.0416975
Lrguk	-19.124992	-15.671115
Alkal2	-17.738699	-14.2848215
A030001D20Rik	-14.504934	-11.051056
D6Ertd527e	-17.333233	-13.879355
Rab12	-10.852678	-7.3988004
Pfkfb2	-15.136009	-11.682131
Klhdc4	-13.347342	-9.893463
Gm50358	-18.02638	-14.572503
Pex2	-12.602166	-9.148288
Serf1	-12.266953	-8.813075
Taf7	-12.355926	-8.902047
Ice2	-13.595565	-10.141686
Fam204a	-11.967258	-8.51338
Adamtsl5	-11.249874	-7.795996
Camk2n2	-14.475806	-11.021928
C1qb	-16.104568	-12.65069
Plekho1	-10.821241	-7.3673635
Cope	-10.460243	-7.0063653
2510002D24Rik	-11.781244	-8.327366
Yeats4	-11.840516	-8.386638
Cdiptos	-17.87223	-14.418353
Galnt10	-14.597785	-11.143907
Spire1	-12.835278	-9.381399
A630052C17Rik	-15.318331	-11.864452
Nxph4	-18.02638	-14.572503
Cebpz	-11.414788	-7.9609103
Arhgap24	-12.502257	-9.048379
1700065D16Rik	-18.208702	-14.754825
Wipf2	-12.605846	-9.151968
Necab1	-19.81814	-16.364264
Tmem208	-11.370084	-7.916206
Ftsj3	-12.820545	-9.366667
Ncdn	-13.227839	-9.773961
Il10rb	-12.315954	-8.862076
Gm17080	-18.208702	-14.754825
Nucks1	-10.727372	-7.2734942
Ndor1	-13.875341	-10.421463
Orc5	-13.875341	-10.421463
Otud7b	-12.05597	-8.602092
Zkscan17	-13.404682	-9.950804
Slc46a2	-16.640087	-13.186209
Gm47096	-19.81814	-16.364264
Acbd4	-11.982166	-8.528288
Urb1	-13.465511	-10.011633
Dnmt3a	-11.790991	-8.337112
Angptl7	-16.234621	-12.780744
Ulk3	-14.587032	-11.133154
Bmerb1	-19.124992	-15.671115
Eif4b	-10.993316	-7.539438
Adra2c	-18.02638	-14.572503
Spata24	-13.508223	-10.054344
Wdr86	-19.81814	-16.364264
Abitram	-13.617632	-10.1637535
Saysd1	-11.951802	-8.497924
Med4	-12.274338	-8.820459
Ralgds	-14.676477	-11.222599
Gm15915	-17.87223	-14.418353
Enpp5	-12.349057	-8.895179
A130010J15Rik	-14.712195	-11.258317
Cpsf7	-12.281776	-8.827898
A030014E15Rik	-19.124992	-15.671115
Gm42997	-17.253191	-13.799314
Cep250	-13.136032	-9.682154
Cd302	-11.089229	-7.6353507
Srf	-12.698505	-9.244627
Tubd1	-14.354309	-10.900431
Lars	-11.565173	-8.111295
St3gal4	-13.11741	-9.663531
Tspan4	-11.099314	-7.645436
Ifit3	-13.199402	-9.745523
Tmsb4x	-5.918992	-2.4651146
Ctbp1	-11.357942	-7.9040637
Ndufa12	-10.308956	-6.855078
Stk11	-11.359213	-7.905335
Dennd3	-14.730544	-11.276666
Zfp952	-13.451671	-9.997792
Gm10643	-15.212971	-11.759092
Ptgs2os2	-19.124992	-15.671115
Naaa	-13.192748	-9.73887
Pitpnm2os2	-17.515554	-14.061677
Rilpl1	-11.827903	-8.374024
Ndrg2	-10.041975	-6.588097
Nefm	-17.045551	-13.591674
Pcdhgc3	-13.56239	-10.108512
Txndc12	-12.313749	-8.859871
Ciapin1	-12.726398	-9.27252
Zfp623	-14.162149	-10.708271
Wdr5	-13.3835945	-9.929716
Galnt12	-15.829157	-12.375278
Chmp2b	-11.3899975	-7.9361196
Pdzd2	-12.066666	-8.612787
Gm26569	-17.253191	-13.799314
Pi4k2a	-12.307711	-8.853832
Abca8a	-15.253793	-11.799914
Rlf	-12.159913	-8.706035
Mtg1	-13.351996	-9.898118
Nlgn3	-14.00103	-10.547152
Ints12	-13.229215	-9.775336
Gm4356	-15.1176605	-11.663782
Crygs	-19.81814	-16.364264
Sash1	-11.680745	-8.226867
Gm45051	-14.485422	-11.031544
Gm29154	-17.515554	-14.061677
Ndufaf5	-13.611565	-10.157686
Kiz	-12.537443	-9.083565
Tbr1	-18.208702	-14.754825
Pkd1l3	-19.124992	-15.671115
Tent4a	-12.403568	-8.94969
Dusp11	-11.039045	-7.5851674
Ccdc127	-11.471973	-8.018095
Rps6ka2	-15.154701	-11.700823
Ttll5	-13.680414	-10.226536
Dguok	-11.514636	-8.060758
Uckl1	-12.470841	-9.016963
mt-Atp8	-9.490039	-6.0361614
Lax1	-15.193168	-11.739289
Npl	-19.81814	-16.364264
4930432B10Rik	-16.352404	-12.898526
Gsc	-15.555461	-12.101583
Loxl2	-12.999217	-9.545339
Acer2	-15.628486	-12.174607
Rbp1	-8.83907	-5.385193
Klhdc8b	-11.626401	-8.172523
Slc25a23	-11.217342	-7.7634645
Snapc2	-12.745719	-9.291841
4930500F10Rik	-18.02638	-14.572503
Sox5os3	-19.81814	-16.364264
P2rx1	-13.625778	-10.1719
Tlx1	-19.81814	-16.364264
Hoxa3	-12.162277	-8.708399
Sh3gl3	-19.81814	-16.364264
Enox2	-13.2060995	-9.752221
Acsl6	-16.984926	-13.531049
Slc22a17	-13.342708	-9.888829
Ccdc50	-10.944953	-7.491075
Gm5426	-18.02638	-14.572503
Safb2	-12.045809	-8.59193
Gripap1	-12.327053	-8.873175
Gm13554	-19.81814	-16.364264
Stx16	-12.353631	-8.899753
Nkain1	-19.124992	-15.671115
Fn3krp	-14.659085	-11.205207
Xlr	-14.664849	-11.210971
Clec14a	-14.989827	-11.535949
Ndc1	-13.929263	-10.475385
C230034O21Rik	-17.253191	-13.799314
Cngb1	-17.179083	-13.725205
Fbxo44	-13.768407	-10.314528
Ints10	-13.296048	-9.84217
Ptrh1	-14.127781	-10.6739025
Sumo2	-9.641121	-6.187243
Robo1	-14.3844185	-10.93054
Bcl2l13	-13.374009	-9.920131
Stbd1	-10.724222	-7.2703443
Gm12963	-16.560043	-13.106166
Katnal1	-13.301948	-9.848069
Zkscan6	-14.028181	-10.574303
Slc12a3	-19.81814	-16.364264
Msantd1	-16.773619	-13.31974
Cers1	-17.420244	-13.966367
Il2rb	-16.29178	-12.837902
Aldh1a3	-18.431845	-14.977967
Mrpl17	-10.990526	-7.5366483
Rrp1b	-13.149913	-9.696034
Ccdc18	-16.29178	-12.837902
Nsmf	-12.61697	-9.163092
Cfp	-15.3072815	-11.853403
Dlg5	-13.200738	-9.74686
Hnrnpl	-11.176432	-7.7225537
Naa30	-12.8974695	-9.443591
Olfr455	-18.431845	-14.977967
