gene	log_min	log_max
4930555B11Rik	-19.806348999999997	-16.352472
Tctn2	-13.450241	-9.996363
Afap1l1	-18.602375	-15.148498000000002
Ccnf	-17.321442	-13.867564000000002
Hist1h2bb	-16.092776999999998	-12.638899
Scn9a	-20.90496	-17.451083999999998
Rac2	-17.609123	-14.155246
Cdkn1a	-11.504745	-8.050866000000001
Rab33a	-15.728810999999999	-12.274933
4933408B17Rik	-15.436901	-11.983023
Zdhhc20	-11.590441	-8.136562
Magix	-18.507065	-15.053187
Rbm43	-13.023401	-9.569523
1700047M11Rik	-19.113201	-15.659324
Blvra	-12.248006	-8.794127
Pisd	-13.420592000000001	-9.966714
Clip4	-12.314888999999999	-8.861011
Abat	-12.175079	-8.721200999999999
Camk1d	-14.316034	-10.862156
Ceacam1	-18.707735	-15.253858
Syngr1	-18.265903	-14.812026000000001
Mbtps2	-13.273529000000002	-9.819651
Gna14	-15.861536	-12.407658
Cox6a1	-9.781854	-6.3279757000000005
Eif3j2	-14.142232	-10.688353999999999
Mrps16	-11.21275	-7.758872500000001
Chchd4	-12.755938	-9.302059
Tcaf1	-11.143902	-7.690024
Gm12031	-17.813917	-14.36004
Pfdn1	-10.5485525	-7.0946746
Zfp622	-12.24211	-8.788232
Frs3	-14.706482999999999	-11.2526045
Runx1	-14.352453	-10.898575
Prox2os	-17.03376	-13.579882000000001
Ago4	-13.652907	-10.199029
A830008E24Rik	-19.806348999999997	-16.352472
Gpatch2l	-13.059937	-9.606058
Tatdn3	-13.285237	-9.831358999999999
Polr2m	-10.785838	-7.3319600000000005
Pik3ap1	-19.113201	-15.659324
Gm46123	-20.211813	-16.757935999999997
Adrb3	-18.420053	-14.966176
Tram1l1	-15.935148000000002	-12.48127
Extl1	-16.93467	-13.480791
Plppr3	-18.420053	-14.966176
Klf6	-9.616017	-6.1621394
Gm16685	-20.90496	-17.451083999999998
4930444A19Rik	-20.90496	-17.451083999999998
Bckdha	-11.895759	-8.441880000000001
Tmsb15b2	-13.385269000000001	-9.931391
Nrn1	-14.855227	-11.401349
Gjd4	-19.295523	-15.841645000000002
Atg9a	-12.542552	-9.088674000000001
Bhlhe41	-12.160314	-8.706435
Lpl	-12.321419	-8.86754
Gm46430	-13.685319	-10.231441
Khdc4	-12.486263000000001	-9.032385000000001
Gm26632	-12.199962	-8.746083
Alms1	-13.205572	-9.751694
Rrp36	-12.805711	-9.351832
Plrg1	-12.711285	-9.257406
Fbxo27	-14.348182999999999	-10.894304
Samd1	-13.106849	-9.65297
Rnf149	-13.448506	-9.994628
Ache	-16.045149	-12.59127
Rbp4	-9.528830000000001	-6.0749515999999995
Gm33195	-18.507065	-15.053187
Man2a1	-11.783669999999999	-8.329792
Pip4p1	-12.198967999999999	-8.74509
C330018D20Rik	-14.073007999999998	-10.619129
Gm44956	-18.707735	-15.253858
Ube2w	-12.00414	-8.550261500000001
Anks1b	-17.686085000000002	-14.232207
Dock4	-13.845344	-10.391465
Rln1	-20.211813	-16.757935999999997
Kcnc2	-18.602375	-15.148498000000002
Zfp623	-14.083854	-10.629975
Stub1	-10.544777	-7.090899
Rprd1b	-12.087664	-8.633785000000001
Rassf4	-13.374481	-9.920603
Bcas1	-17.14376	-13.689882
Gsg1l2	-20.90496	-17.451083999999998
Cox6a2	-19.806348999999997	-16.352472
Odr4	-11.461131	-8.007253
Adcy6	-12.0948	-8.640922
Akr1b10	-13.245318	-9.79144
Gm38563	-18.707735	-15.253858
1810026B05Rik	-11.393479	-7.939601400000001
Vav3	-13.2658	-9.811922000000001
Mcee	-11.442617	-7.9887395
Inpp5k	-12.572172	-9.118294
4930467E23Rik	-20.211813	-16.757935999999997
Tchh	-20.90496	-17.451083999999998
Gm8206	-20.211813	-16.757935999999997
Poglut3	-11.504331	-8.050452
Slc35b2	-12.139814	-8.685936
Mrps10	-12.651213	-9.197334
Coq4	-13.233601	-9.779722
Bmp8a	-18.420053	-14.966176
Shc2	-15.317713000000001	-11.863833999999999
Dedd	-12.809973	-9.356094
Gm33609	-20.90496	-17.451083999999998
Mindy3	-11.851392	-8.397513
Ttc39a	-16.973135	-13.519257999999999
Peak1os	-19.295523	-15.841645000000002
Sh2b1	-12.715161	-9.261283
4831440D22Rik	-16.953716	-13.499839000000001
Gm19582	-20.211813	-16.757935999999997
Arfip2	-12.2893715	-8.835493
Gm30082	-16.510510999999997	-13.056633999999999
Coch	-15.935148000000002	-12.48127
Tpo	-18.265903	-14.812026000000001
Omd	-12.165265	-8.711387
Smg8	-13.463054999999999	-10.009176
Zc3hc1	-13.085325	-9.631447
Hmces	-13.166909	-9.713030999999999
Zc3h10	-13.224785999999998	-9.770907000000001
Tcea3	-11.090852	-7.636974
Heatr1	-13.225247	-9.771369
Agpat1	-12.8568125	-9.402934
Cdt1	-15.740175	-12.286297
Txndc16	-12.723801	-9.269922
Dcdc2a	-20.90496	-17.451083999999998
Meox2	-15.907748999999999	-12.453871000000001
Oip5	-17.267374	-13.813497
Fsd2	-19.806348999999997	-16.352472
Gm35326	-20.211813	-16.757935999999997
Ubp1	-11.456707000000002	-8.002829
Osbpl8	-12.2202215	-8.766342999999999
Hcrtr1	-18.95905	-15.505172
Derl2	-11.936947	-8.483068
Amhr2	-17.378601	-13.924723
Klra2	-18.95905	-15.505172
Gm42696	-16.973135	-13.519257999999999
Sppl2b	-13.077721	-9.623842
Gm48689	-20.90496	-17.451083999999998
Tg	-15.734476999999998	-12.280599
Pfn1	-8.795835	-5.3419566
4933401L05Rik	-20.90496	-17.451083999999998
Disp1	-14.254682999999998	-10.800804
Nfib	-9.370714	-5.9168367
Pyroxd2	-17.076319	-13.622441
Gm5617	-12.793633	-9.339755
Mdm1	-15.149219	-11.69534
Mfsd14a	-12.027719	-8.573839999999999
Gm2895	-19.806348999999997	-16.352472
Ccdc169	-17.054813	-13.600935
Lpin2	-13.449084	-9.995206
Ifi204	-17.609123	-14.155246
Pidd1	-16.777826	-13.323948999999999
Fut4	-17.120770999999998	-13.666893
Polr2c	-10.9210005	-7.4671226
Sirt5	-13.188054999999999	-9.734177
Atf7ip2	-19.295523	-15.841645000000002
Pcdhga10	-14.250809	-10.79693
Bpi	-20.90496	-17.451083999999998
4930595D18Rik	-20.90496	-17.451083999999998
Gm39244	-19.295523	-15.841645000000002
Gm47076	-20.90496	-17.451083999999998
Hoxb4	-12.463569999999999	-9.009691
Pla2g4e	-16.037426	-12.583549
Gm16553	-20.90496	-17.451083999999998
Gpt	-15.052759	-11.598881
Gm13920	-18.602375	-15.148498000000002
Ltb4r2	-17.572756	-14.118878
Peg10	-15.121135999999998	-11.667257000000001
Iscu	-10.246596	-6.792718400000001
Ctsf	-11.505322999999999	-8.051445
Prrx1	-10.772627	-7.318749
Zswim7	-13.332973	-9.879094
Trpv4	-17.349613	-13.895735
1810058I24Rik	-10.743388000000001	-7.2895103
Gm14305	-13.566723000000001	-10.112844
Cd5	-16.897627	-13.443748999999999
Phgdh	-12.707697999999999	-9.253819
Mon2	-11.657903	-8.204024
Gm15543	-20.90496	-17.451083999999998
1700003M07Rik	-20.211813	-16.757935999999997
Rad9b	-15.197851000000002	-11.743973
Wfdc3	-17.349613	-13.895735
Cln6	-13.735610999999999	-10.281733000000001
Rela	-11.571607	-8.117728
Gm38410	-20.211813	-16.757935999999997
Ube3a	-10.541836	-7.087958
Aldh9a1	-12.960824	-9.506946000000001
Gm34866	-18.071747	-14.617869
Cfap300	-16.394102	-12.940224
Serpina1b	-20.90496	-17.451083999999998
Slc25a19	-12.809362	-9.355483999999999
Mmp21	-20.211813	-16.757935999999997
Zfp992	-13.512314000000002	-10.058435000000001
Cenps	-16.168762	-12.714885
3110070M22Rik	-14.201773000000001	-10.747894
Erbb4	-13.2857275	-9.831849
Smarcc2	-11.346714	-7.892836
S100a2	-18.265903	-14.812026000000001
Them6	-14.598685999999999	-11.144808
Jade3	-14.815916	-11.362038
Naalad2	-13.986266	-10.532388000000001
Psme2	-11.252953	-7.7990746
Ccdc149	-13.597759	-10.143881
Gm6133	-15.786967	-12.333089
Pmepa1	-8.667826	-5.2139482
Enpp3	-14.334078	-10.880199000000001
Tbca	-10.350608	-6.896730000000001
Ppdpf	-11.467087	-8.013208
Ap1s1	-11.811829	-8.35795
Kifc2	-14.569907	-11.116029
5033406O09Rik	-19.806348999999997	-16.352472
2410018L13Rik	-17.2414	-13.787521
Vrk2	-13.403879000000002	-9.950001
Incenp	-14.130737	-10.676859
Fjx1	-11.858435	-8.404556
Ndufa5	-10.138119999999999	-6.684242
Ehhadh	-14.596863	-11.142984
Msr1	-19.295523	-15.841645000000002
Hist1h3i	-17.572756	-14.118878
Pafah1b3	-14.775910999999999	-11.322033
Tex2	-12.955164	-9.501286
Rad18	-14.266394	-10.812515
Sell	-19.518665	-16.064789
4930517E14Rik	-16.450613	-12.996736
Fstl4	-20.90496	-17.451083999999998
Tnmd	-15.270171	-11.816293
Pwp2	-13.986266	-10.532388000000001
Crxos	-19.806348999999997	-16.352472
Thoc1	-11.953392	-8.499514
Ranbp9	-12.103492	-8.649613
Mocs2	-11.85867	-8.404792
A930024E05Rik	-17.098299	-13.644421
Dnaaf2	-13.365934	-9.912056
Arid5a	-11.3710165	-7.9171385999999995
Gm13066	-18.95905	-15.505172
Dut	-11.837684	-8.383805
Srek1ip1	-12.101236	-8.647358
Itm2b	-8.807554	-5.353676999999999
Pdk4	-13.49825	-10.044372000000001
Eps8	-15.637103	-12.183225
Gm4651	-17.813917	-14.36004
Pcdhb7	-15.769163	-12.315285000000001
Atpaf2	-13.223401	-9.769523
Cds2	-11.238462	-7.7845845
Slc38a4	-16.64228	-13.188403
Gm21917	-17.572756	-14.118878
Tex10	-12.900596	-9.446717
Satb2	-15.829787	-12.375909
Nek9	-11.305421	-7.8515429999999995
Exd1	-16.561155	-13.107276999999998
9130019P16Rik	-14.996879000000002	-11.543
Mocos	-14.891245999999999	-11.437367
A230103J11Rik	-19.295523	-15.841645000000002
Nr2f1	-13.366466500000001	-9.912588000000001
Usb1	-13.847063	-10.393185
Clec3b	-13.609226000000001	-10.155348
Gm10366	-17.646864	-14.1929865
Nup93	-12.865159	-9.411280999999999
Zfp990	-19.518665	-16.064789
2410002F23Rik	-12.770787	-9.316908999999999
Fscn1	-17.14376	-13.689882
Rep15	-14.923547	-11.469667999999999
Gm15738	-17.646864	-14.1929865
Arl4aos	-17.14376	-13.689882
Asmt	-20.211813	-16.757935999999997
Fndc1	-15.745906	-12.292027000000001
Cenpx	-11.083226	-7.629348299999999
Mir99ahg	-12.010154	-8.556275
Ahsa2	-11.665353999999999	-8.211475
Trim36	-13.725654	-10.271775
Sh2d6	-18.507065	-15.053187
Ppp3cb	-11.328382000000001	-7.8745036
Slc33a1	-12.598736	-9.144857
Pla2g2e	-19.113201	-15.659324
Gm17089	-20.211813	-16.757935999999997
Mgme1	-13.287692999999999	-9.833815
4931431C16Rik	-19.518665	-16.064789
Zfp53	-13.568025	-10.114146
Trat1	-19.806348999999997	-16.352472
Gm43434	-20.211813	-16.757935999999997
Pilra	-19.806348999999997	-16.352472
Alx4	-16.628294	-13.174417000000002
Crtc3	-10.736881	-7.2830033
Sipa1l3	-13.750345999999999	-10.296467999999999
Mturn	-13.011389	-9.55751
Sorbs2os	-17.860437	-14.40656
Hivep3	-12.933185	-9.479306
Atp2a1	-19.806348999999997	-16.352472
Insm1	-20.90496	-17.451083999999998
Jph1	-13.180514000000002	-9.726636
Gm36745	-19.295523	-15.841645000000002
Bin3	-13.542315499999999	-10.088436999999999
Rbm11	-17.216082	-13.762203
Gm6277	-13.963771	-10.509892
Gm12678	-20.90496	-17.451083999999998
Lin52	-13.39289	-9.939012
Caml	-12.226158999999999	-8.772281
Auh	-11.827695	-8.3738165
Alox5	-18.95905	-15.505172
Zc3h12a	-14.048499	-10.594621
Abi3	-14.302373000000001	-10.848495
Gipc3	-14.3271	-10.873221000000001
Tfap2e	-20.211813	-16.757935999999997
Ccdc138	-14.1968775	-10.742999000000001
Ccl17	-18.82552	-15.371642000000001
A530046M15Rik	-14.784664000000001	-11.330786
Lrrc7	-15.325232000000002	-11.871353
Gm15556	-19.295523	-15.841645000000002
Hipk4	-16.076647	-12.622769
Eif3k	-10.103938000000001	-6.650060000000001
Shmt1	-17.769466	-14.315589000000001
D630029K05Rik	-19.806348999999997	-16.352472
Itm2a	-14.769397	-11.315517999999999
Mcf2l	-17.769466	-14.315589000000001
Gm12981	-16.670855	-13.216976
Tesc	-13.059154	-9.605275
Gm15868	-20.90496	-17.451083999999998
Lrrc18	-17.860437	-14.40656
Phtf1os	-16.340612	-12.886735
Ccne1	-15.914529000000002	-12.46065
Tmem248	-12.128794000000001	-8.674914999999999
Fate1	-20.211813	-16.757935999999997
Ier5	-11.450969	-7.997091
Gm36486	-18.340011999999998	-14.886134
Trdmt1	-13.527203	-10.073324000000001
Gm31693	-18.420053	-14.966176
Snx7	-12.246789	-8.792911
Gm44549	-18.265903	-14.812026000000001
Zfp512	-12.7716675	-9.317789
Metap1d	-12.930773	-9.476894
Mast3	-13.838494	-10.384616000000001
Saysd1	-12.07852	-8.624641
Catsperz	-19.806348999999997	-16.352472
Gm36445	-15.823557000000001	-12.369678500000001
Limk1	-15.344279	-11.890400999999999
4833415N18Rik	-14.335479999999999	-10.881601
Ezh1	-12.189245	-8.735367
Ccl27a	-12.107866	-8.653988
Map9	-13.691193	-10.237314
Gm46440	-16.084679	-12.630801
Jazf1	-13.927679999999999	-10.473802000000001
Il1b	-16.439053	-12.985175
E130308A19Rik	-14.013335000000001	-10.559457
4932438A13Rik	-11.315363	-7.861485000000001
Ccdc170	-18.132372	-14.678494
Vmn2r4	-19.518665	-16.064789
Retsat	-13.550598999999998	-10.096721
2310068J16Rik	-14.864707000000001	-11.410829
Anapc10	-12.575544	-9.121666000000001
Mrpl54	-11.079867	-7.6259894
Gm47598	-19.518665	-16.064789
Rnasel	-16.614501999999998	-13.160623999999999
Fcgbp	-20.90496	-17.451083999999998
Orc4	-11.956505	-8.502626
E130101E03Rik	-18.340011999999998	-14.886134
Smc1a	-10.562928	-7.1090503
Taf9	-16.656466	-13.202587
Ammecr1l	-12.603439	-9.149561
Gm15287	-19.806348999999997	-16.352472
Mcts2	-13.135582999999999	-9.6817045
Entpd6	-14.393216	-10.939338000000001
Appbp2os	-16.879607999999998	-13.425730999999999
D830044D21Rik	-19.806348999999997	-16.352472
Nipsnap1	-13.526578	-10.0727
Zcchc9	-11.811042	-8.357163
Stox1	-17.321442	-13.867564000000002
Map2k4	-12.231961	-8.778083
Dync1i1	-18.507065	-15.053187
Cdk12	-11.506814	-8.052936
Pcolce2	-10.748344	-7.2944664999999995
Mdp1	-12.273904	-8.820025
Gm16098	-19.518665	-16.064789
Gm32569	-20.90496	-17.451083999999998
Gm13012	-20.90496	-17.451083999999998
Mmp19	-17.294043	-13.840164999999999
Psmc2	-10.864717	-7.4108386
Pcdhb8	-16.614501999999998	-13.160623999999999
Utp25	-13.413316	-9.959437
E330017L17Rik	-20.211813	-16.757935999999997
Dhrs4	-11.859141000000001	-8.405263
Apbb3	-13.375017999999999	-9.92114
Pygb	-11.573642999999999	-8.119764
Ifrd2	-12.471802	-9.017923
Tulp3	-13.210114	-9.756235
Slc16a2	-13.01027	-9.556392
S100g	-18.420053	-14.966176
Gm29055	-15.868008999999999	-12.41413
Pak3	-13.657881	-10.204002000000001
Tmem106c	-13.212392000000001	-9.758513
Snrnp27	-10.735616	-7.281738000000001
Cops7a	-11.927941	-8.474063000000001
Abcb7	-13.266763000000001	-9.812884
Yipf5	-11.263098	-7.80922
Gm16172	-18.265903	-14.812026000000001
9330151L19Rik	-14.589603	-11.135725
Pdlim3	-9.620279	-6.166402
Gm30127	-19.806348999999997	-16.352472
Zfp850	-15.30654	-11.852661
Fopnl	-12.323668	-8.869789
Casp1	-18.507065	-15.053187
Pex2	-12.627549	-9.173671
Hnrnpdl	-10.534788	-7.08091
Catspere1	-20.90496	-17.451083999999998
Ube3b	-12.777556	-9.323678
Tmem263	-11.8667145	-8.412836
Ciart	-13.977404	-10.523525
Zfp141	-14.105906	-10.652027
Gm30239	-19.113201	-15.659324
Mrrf	-12.762316	-9.308437
Zfp707	-12.580382	-9.126503999999999
1810019N24Rik	-17.537664000000003	-14.083787
Rb1	-12.306372999999999	-8.852494
Pcsk1n	-18.602375	-15.148498000000002
Bst2	-11.763864	-8.309985000000001
Mlec	-11.311878	-7.8580003
Pex6	-12.739028999999999	-9.285150999999999
Mapt	-14.888804	-11.434925999999999
Gm12676	-15.652688000000001	-12.19881
Gm26685	-18.707735	-15.253858
Ptcd3	-12.800862	-9.346983999999999
5033428I22Rik	-14.36105	-10.907171
H2-Q1	-20.90496	-17.451083999999998
Gad2	-20.211813	-16.757935999999997
Cers5	-11.81408	-8.360202000000001
Ccdc114	-14.618963	-11.165085000000001
Uchl3	-12.782589999999999	-9.3287115
Gm49503	-20.90496	-17.451083999999998
Ddx19a	-12.817628	-9.363749499999999
Gm34150	-17.860437	-14.40656
Spin2c	-17.378601	-13.924723
Trim56	-11.814531	-8.360653
1700010B13Rik	-18.95905	-15.505172
Hhipl2	-17.860437	-14.40656
1700034P13Rik	-18.265903	-14.812026000000001
Kti12	-13.262437	-9.808558
Gltpd2	-19.113201	-15.659324
Celf4	-15.520466	-12.066587
Trabd2b	-11.049824000000001	-7.5959460000000005
L1cam	-17.537664000000003	-14.083787
Tprkb	-12.764353999999999	-9.310475
Rims4	-19.806348999999997	-16.352472
Sox5	-12.438009	-8.984131
Gm16235	-18.82552	-15.371642000000001
Clip1	-10.469963	-7.016085
Gm44899	-16.86191	-13.408031
Gm2447	-17.860437	-14.40656
Ankrd6	-17.609123	-14.155246
Tlcd1	-13.185388	-9.731508999999999
Faah	-18.95905	-15.505172
Creb3l3	-18.82552	-15.371642000000001
Polr3f	-12.633669	-9.1797905
Ier2	-10.665002000000001	-7.211124000000001
Dnmt3a	-11.306777	-7.852899000000001
Dyrk2	-12.109378999999999	-8.6555
Smim14	-9.834082	-6.3802037
Lpar6	-14.457654999999999	-11.003777000000001
Ccdc177	-20.211813	-16.757935999999997
Ahrr	-17.726907999999998	-14.273029000000001
Trim45	-14.054835	-10.600957000000001
Fam220a-1	-14.31466	-10.860782
Insc	-17.726907999999998	-14.273029000000001
C1ra	-12.907969999999999	-9.454092
Gse1	-14.893694	-11.4398155
Pex5	-12.896929	-9.44305
Gm28294	-18.95905	-15.505172
Nhp2	-11.92102	-8.467141
Golga3	-11.495196	-8.041317999999999
Gm13405	-20.90496	-17.451083999999998
Snrpc	-11.073936	-7.620058500000001
Gm11527	-18.82552	-15.371642000000001
Plp2	-11.290824	-7.836946000000001
Hist1h2ad	-19.295523	-15.841645000000002
A930033M14Rik	-18.602375	-15.148498000000002
Grin3b	-20.211813	-16.757935999999997
Gm43703	-17.813917	-14.36004
Stab1	-16.195429999999998	-12.741552
Thumpd2	-13.915626000000001	-10.461747
Olfr330	-15.06432	-11.610441
Mrps21	-10.489938	-7.036060000000001
Mindy2	-12.13701	-8.683131
Anapc15	-13.125494	-9.671616
Tctn1	-13.964739000000002	-10.510860000000001
Gm38604	-18.82552	-15.371642000000001
Fam186a	-20.90496	-17.451083999999998
Gm15063	-17.503763	-14.049885999999999
Cntn4	-19.295523	-15.841645000000002
Msi1	-15.894326000000001	-12.440448
Kif14	-17.378601	-13.924723
Ccr10	-17.076319	-13.622441
Gm38304	-17.503763	-14.049885999999999
Zbtb3	-15.379508	-11.92563
Gm35715	-20.90496	-17.451083999999998
Bmp3	-12.036126	-8.582248
Morn1	-15.332807999999998	-11.878929
Sema6b	-17.294043	-13.840164999999999
Six3	-20.90496	-17.451083999999998
Ccl8	-17.860437	-14.40656
Trpv3	-19.806348999999997	-16.352472
Fgfr1op	-13.342799	-9.888921
Fbxl7	-12.63137	-9.177491
Zfp945	-12.317682000000001	-8.863804
Mtch1	-10.606935	-7.153056599999999
Cgn	-18.707735	-15.253858
Gm10762	-13.052522	-9.598643
Mphosph9	-13.092988	-9.63911
Mapk7	-13.619454000000001	-10.165576
Tbc1d30	-15.352001000000001	-11.898123
Muc1	-16.498241	-13.044364
Slc36a4	-12.581595	-9.127717
P2ry13	-20.90496	-17.451083999999998
Lmod2	-17.267374	-13.813497
Kalrn	-11.77909	-8.325211999999999
Nr4a3	-13.233134	-9.779256
Slc15a1	-20.90496	-17.451083999999998
Map6	-12.120187	-8.666308
A830082K12Rik	-14.569907	-11.116029
Lmcd1	-9.534544	-6.0806665
Rnf126	-12.386369	-8.93249
Tomm20l	-20.211813	-16.757935999999997
Kcnma1	-11.150902	-7.697024000000001
Shpk	-15.201179000000002	-11.7473
1500032F14Rik	-18.340011999999998	-14.886134
Rtl9	-20.211813	-16.757935999999997
Naaladl1	-20.90496	-17.451083999999998
Gm13008	-18.340011999999998	-14.886134
Ift22	-12.920838999999999	-9.466961
Csf2	-19.806348999999997	-16.352472
Egfl8	-15.984981	-12.531102
Tcf20	-12.128639999999999	-8.674762
Gm36447	-19.518665	-16.064789
Sprn	-16.450613	-12.996736
Cdv3	-10.969345	-7.515467
Fbxo30	-10.246879	-6.7930006999999994
Usp1	-11.848705	-8.394827000000001
Gm15892	-16.522934	-13.0690565
Sept10	-13.0313635	-9.577485000000001
Gm11713	-18.265903	-14.812026000000001
Chchd6	-12.355300999999999	-8.9014225
Gm26588	-19.113201	-15.659324
Setdb1	-12.618188	-9.1643095
Zc3h13	-10.85759	-7.403712
Rad51ap2	-13.535991000000001	-10.082112
Gm16028	-20.90496	-17.451083999999998
Thap12	-11.366324	-7.9124465
Gm20544	-16.014612	-12.560734
Eri2	-14.100347	-10.646467999999999
Supv3l1	-13.837642	-10.383763
Fbxo2	-12.787052000000001	-9.333174
Gm20492	-16.195429999999998	-12.741552
Cryab	-9.413821	-5.9599433
9330121J05Rik	-19.295523	-15.841645000000002
Sstr3	-19.295523	-15.841645000000002
Ampd1	-19.806348999999997	-16.352472
H6pd	-13.018127999999999	-9.56425
Prdx3	-11.803543	-8.349665
Rnf122	-14.994164000000001	-11.540286
Ms4a1	-20.90496	-17.451083999999998
Ypel1	-15.581951	-12.128072999999999
1110065P20Rik	-11.353517	-7.899638700000001
Cpt1b	-15.367626999999999	-11.913749000000001
Tatdn1	-12.752475	-9.298596
Foxred2	-16.462309	-13.008431
Tia1	-11.920266999999999	-8.466389
Bex3	-10.907119	-7.453241
Tnk1	-18.507065	-15.053187
Ctf1	-13.042464	-9.588586
Thoc7	-10.727637	-7.273759399999999
Gm8013	-20.90496	-17.451083999999998
Klhl35	-17.686085000000002	-14.232207
Psmc3ip	-13.388527999999999	-9.934649
Gm10649	-18.265903	-14.812026000000001
Mdga2	-15.111948000000002	-11.65807
Ankrd9	-11.911906	-8.458028
Cep128	-14.29292	-10.839042
Sfi1	-13.577181	-10.123302
Idh3b	-11.246735000000001	-7.7928567
Ptprb	-15.021639000000002	-11.56776
1700110C19Rik	-20.211813	-16.757935999999997
Lamtor4	-10.64846	-7.1945825
Traf5	-11.878304	-8.424425
Tle6	-14.475242000000001	-11.021363000000001
Josd1	-12.810583	-9.356705
Cyb561d2	-12.992172	-9.538294
Apod	-17.321442	-13.867564000000002
Sparc	-7.104889999999999	-3.6510123999999995
Arhgap27os1	-18.707735	-15.253858
1700066B19Rik	-18.95905	-15.505172
Gm5627	-19.806348999999997	-16.352472
Zfas1	-11.833768	-8.3798895
Brd2	-10.364288	-6.910410400000001
Zadh2	-12.491352000000001	-9.037474000000001
Dr1	-12.636743	-9.182864
Mettl21c	-17.960522	-14.506644
Gm4668	-18.132372	-14.678494
Tmsb15b1	-13.485579999999999	-10.031702000000001
Cog7	-12.698378	-9.244499000000001
Gm44767	-19.518665	-16.064789
6330418K02Rik	-13.629097	-10.175219
Dnase1l3	-20.90496	-17.451083999999998
Slc2a2	-18.707735	-15.253858
Gm15704	-16.992937	-13.539060000000001
Zfp846	-13.298573499999998	-9.844695
Itga2	-17.076319	-13.622441
Ctnna3	-12.215160000000001	-8.761282000000001
Zbtb1	-11.946292999999999	-8.492414
Nr2c2	-11.855846000000001	-8.401968
Clp1	-13.31512	-9.861241
Dlg4	-12.603686999999999	-9.149809
Hspd1	-10.287054	-6.833176
Traf7	-11.847423	-8.393544
Naa30	-12.761444000000001	-9.307566
Trbc2	-17.439224	-13.985347
Atg2a	-12.90898	-9.455102
Cep89	-13.288676999999998	-9.834799
F730043M19Rik	-18.01459	-14.560711999999999
Trim9	-19.806348999999997	-16.352472
Trmt1	-12.296648	-8.84277
Lmnb1	-14.464015	-11.010137
Sdhd	-11.476933	-8.023054
Gm10226	-18.19691	-14.743032999999999
Gm19569	-18.071747	-14.617869
Pnpla1os	-20.211813	-16.757935999999997
Smim8	-12.586219	-9.13234
Ptprs	-10.832153	-7.3782754
Gm42413	-19.806348999999997	-16.352472
Tmem251	-12.858412	-9.404533
Dync1li1	-11.387504	-7.9336256999999994
Aig1	-11.604415	-8.150537
Rom1	-12.722402	-9.268523
Gm43666	-18.82552	-15.371642000000001
Loxl1	-10.191410000000001	-6.737532000000001
Hbq1b	-20.211813	-16.757935999999997
Gm47257	-18.95905	-15.505172
Pnmt	-15.949133999999999	-12.495255
Mrvi1	-10.136034	-6.682156
Kcng2	-17.098299	-13.644421
9230104M06Rik	-16.761826	-13.307948000000001
Arhgef3	-13.177867	-9.723989
Cd209b	-19.806348999999997	-16.352472
Ascl3	-19.295523	-15.841645000000002
Gstz1	-12.939069	-9.48519
Mb21d2	-13.607192999999999	-10.153315
4930502E09Rik	-17.813917	-14.36004
Aatf	-12.957283	-9.503405
Gm28379	-18.01459	-14.560711999999999
Bche	-12.058464	-8.604586
Klf5	-15.277339999999999	-11.823462
Actn4	-9.262781	-5.808903
Rpap2	-13.018504	-9.564625999999999
Kyat1	-14.921025	-11.467147
Crb2	-19.806348999999997	-16.352472
Sema3a	-12.303611	-8.849732000000001
Usp18	-15.763298	-12.30942
1810030O07Rik	-12.72857	-9.274692
Gm15880	-17.646864	-14.1929865
Chtf18	-15.775063000000001	-12.321183999999999
Trp53bp1	-12.546294999999999	-9.092417
Gm49889	-17.960522	-14.506644
4930534H03Rik	-20.90496	-17.451083999999998
Smim1	-12.520843	-9.066964
Stk32b	-14.86709	-11.413212
Zfand3	-11.27815	-7.824271700000001
Cacfd1	-12.408788000000001	-8.954908999999999
Vmn2r20	-20.90496	-17.451083999999998
Siae	-12.85171	-9.397832000000001
Ccdc62	-14.454491	-11.000612
Gm10644	-16.600895	-13.147017499999999
Ido2	-20.90496	-17.451083999999998
Wdr1	-10.4771595	-7.023281599999999
Cgnl1	-12.216339	-8.762461
Styx	-13.337098000000001	-9.88322
Bdh1	-12.750461	-9.296582
Ndrg2	-10.07553	-6.621652
Gm3364	-17.769466	-14.315589000000001
Kdm2a	-11.600584	-8.146706
D5Ertd615e	-18.95905	-15.505172
Diras1	-18.82552	-15.371642000000001
Gch1	-15.081914999999999	-11.6280365
Ntrk2	-13.141089000000001	-9.687211
Shisal1	-20.211813	-16.757935999999997
Zcchc10	-12.387568	-8.933689999999999
Wipi1	-11.608259	-8.154380999999999
Cers1	-17.813917	-14.36004
Gm14029	-19.518665	-16.064789
Hsd3b7	-12.829378	-9.3755
Chst7	-15.652688000000001	-12.19881
3110015C05Rik	-20.90496	-17.451083999999998
Tnxb	-10.802009	-7.3481307000000005
Hif1a	-10.557910000000001	-7.104032000000001
Abcc1	-11.320922	-7.867044
Pde7b	-16.574228	-13.12035
Ptprn	-13.650784	-10.196905000000001
Coro2b	-16.522934	-13.0690565
Fuom	-12.356850999999999	-8.902972
Gpr160	-18.507065	-15.053187
Kcnc4	-12.863548	-9.40967
Mtcl1	-15.363698000000001	-11.90982
Rbbp6	-11.077599000000001	-7.6237205999999995
Gar1	-12.430675500000001	-8.976797
Gm15832	-17.098299	-13.644421
Uhrf2	-11.668466	-8.214587
Gm19557	-19.295523	-15.841645000000002
Emc6	-11.293900500000001	-7.840022599999999
Fam174a	-11.221373	-7.7674947
Usf2	-11.433104	-7.9792255999999995
Slc25a16	-12.555003999999998	-9.101125999999999
1700122E12Rik	-18.602375	-15.148498000000002
Wdr54	-14.838853	-11.3849745
Rdh9	-17.470974	-14.017095999999999
A230087F16Rik	-16.973135	-13.519257999999999
Fam210a	-12.513558	-9.05968
Spink1	-20.90496	-17.451083999999998
Ncf4	-18.95905	-15.505172
Vav1	-20.211813	-16.757935999999997
1700019J19Rik	-18.01459	-14.560711999999999
Dhx37	-14.000210999999998	-10.546332000000001
Slc5a10	-20.211813	-16.757935999999997
Ccdc7a	-18.707735	-15.253858
Vmn2r115	-20.90496	-17.451083999999998
Rpl9-ps1	-20.211813	-16.757935999999997
Nusap1	-15.75167	-12.297791499999999
2610206C17Rik	-18.95905	-15.505172
Gm2044	-19.806348999999997	-16.352472
Stx1a	-12.325169	-8.87129
Micu2	-12.504976	-9.051098
Cdr1os	-15.259514999999999	-11.805636
9930038B18Rik	-20.90496	-17.451083999999998
Insl5	-20.211813	-16.757935999999997
Adora1	-15.038492999999999	-11.584615
Map3k14	-14.598685999999999	-11.144808
Gm33051	-17.909226999999998	-14.45535
Cbs	-14.022523999999999	-10.5686455
Gm44077	-20.90496	-17.451083999999998
Supt20	-11.886871000000001	-8.432993
Tnpo3	-11.673250999999999	-8.219373
Serinc4	-17.14376	-13.689882
Mastl	-15.207868	-11.753989
Etos1	-20.211813	-16.757935999999997
Cpd	-11.904971000000002	-8.451093
Pbx1	-10.448969	-6.995091
Atp6v1f	-10.0490055	-6.5951276
Cdkl2	-13.260520000000001	-9.806642
Mbd6	-12.7041235	-9.250245
Ppfibp1	-11.211886	-7.758008500000001
Gm43768	-16.383173	-12.929295
Rnf157	-13.797536	-10.343657499999999
Fcor	-16.700267999999998	-13.24639
Gm11738	-20.211813	-16.757935999999997
Dgkb	-11.833883	-8.380005
Hsd3b2	-18.82552	-15.371642000000001
Fbxl5	-12.256213	-8.802335000000001
Spata5l1	-16.204481	-12.750603
A230060F14Rik	-18.340011999999998	-14.886134
Gm19757	-20.90496	-17.451083999999998
Cdhr1	-18.507065	-15.053187
Ankrd36	-20.90496	-17.451083999999998
Slc16a13	-15.252472000000001	-11.798593499999999
Ccdc148	-15.428497	-11.974619
Dbi	-9.688651	-6.234773000000001
Gm2381	-20.90496	-17.451083999999998
Gm43061	-16.574228	-13.12035
Tcf7	-16.810616	-13.356738
Pibf1	-12.395598	-8.94172
Gm28730	-19.295523	-15.841645000000002
Ctif	-12.546294999999999	-9.092417
Il7	-17.167292	-13.713413000000001
Arap2	-11.472278	-8.018399
Palmd	-18.507065	-15.053187
E2f7	-18.132372	-14.678494
Gm29629	-20.211813	-16.757935999999997
Cspg5	-15.921354000000001	-12.467476
Creb3l4	-15.868008999999999	-12.41413
Ehbp1l1	-10.909168	-7.455290299999999
C1ql1	-17.909226999999998	-14.45535
Gm16754	-17.19139	-13.737510999999998
Hist2h3b	-16.685453	-13.231575
Trak2	-11.649648	-8.195769
Anxa7	-10.934282000000001	-7.480404400000001
Vax2	-20.90496	-17.451083999999998
Ly6e	-14.758632	-11.304753
Sctr	-20.90496	-17.451083999999998
Ly6g6e	-18.265903	-14.812026000000001
Ap3m2	-13.748785	-10.294907
Zfp524	-12.889634	-9.435756
Smc5	-12.117283	-8.663404
St6galnac2-1	-20.90496	-17.451083999999998
Trip4	-12.3351755	-8.881297
Rap2b	-12.774019000000001	-9.320141
Lnpep	-10.108083	-6.654205
Pus10	-13.565423999999998	-10.111546
Zfp618	-19.113201	-15.659324
Fam122b	-15.035665	-11.581786
Orc5	-13.75426	-10.300382
Gm4924	-14.127315	-10.673436
Igfbp7	-6.844587299999999	-3.3907099
Ypel4	-14.714645	-11.260767
Adar	-13.370733	-9.916855
Mettl4	-12.871303	-9.417424
Egflam	-17.03376	-13.579882000000001
Srrm2	-9.790455999999999	-6.336578
Lrrn4cl	-16.879607999999998	-13.425730999999999
Tent5c	-13.165602	-9.711723
Gm13056	-15.13352	-11.679642
Nkain2	-15.977707999999998	-12.523829
Slc44a4	-20.90496	-17.451083999999998
Sin3a	-12.221067	-8.767189
Gm49085	-14.86948	-11.415602
Cmtm3	-14.784664000000001	-11.330786
Lgi1	-17.769466	-14.315589000000001
Slc30a1	-13.14492	-9.691042
Cep41	-13.01027	-9.556392
Iqch	-20.211813	-16.757935999999997
Ccser2	-10.293807000000001	-6.839929
Srprb	-12.19963	-8.745751
Spaca1	-18.340011999999998	-14.886134
Cd302	-11.476933	-8.023054
Arhgef33	-18.01459	-14.560711999999999
Spag4	-15.647466	-12.193586999999999
Wdr31	-15.706464000000002	-12.252585
Ralgapb	-12.172818	-8.71894
Pax2	-17.503763	-14.049885999999999
Aar2	-13.070569	-9.616691000000001
Sec63	-11.03534	-7.581462400000001
Klhdc1	-13.137697	-9.683819
Fcgr1	-19.295523	-15.841645000000002
A330102I10Rik	-18.82552	-15.371642000000001
Gm47467	-16.535513	-13.0816345
Acly	-12.042194	-8.588316
Reck	-11.880467999999999	-8.42659
Gm46355	-19.113201	-15.659324
Gm48796	-16.535513	-13.0816345
Faim2	-14.617103	-11.163224000000001
Fbxw11	-11.93085	-8.476972
Gm50134	-20.90496	-17.451083999999998
AI463170	-16.11747	-12.663591
Gm26827	-18.95905	-15.505172
Chrna1	-14.484966	-11.031088
Ripk2	-13.133472	-9.679594
Myo15b	-19.806348999999997	-16.352472
Cerkl	-14.908509	-11.454631
Dnah1	-18.82552	-15.371642000000001
Mcu	-13.365934	-9.912056
Zfx	-11.734714	-8.280835
1700086D15Rik	-16.897627	-13.443748999999999
Gm26682	-16.510510999999997	-13.056633999999999
Rps24	-7.846353	-4.392475599999999
Ppp2r5b	-12.9362955	-9.482417
Mrgprh	-19.806348999999997	-16.352472
Slc18a2	-17.120770999999998	-13.666893
Map3k3	-12.375642	-8.921763
Gm46419	-20.90496	-17.451083999999998
Gm43260	-15.511332999999999	-12.057455000000001
Ankrd55	-19.113201	-15.659324
Atxn7l1	-13.484982	-10.031103
Lcn8	-17.726907999999998	-14.273029000000001
Efcab8	-19.295523	-15.841645000000002
T2	-20.90496	-17.451083999999998
Bach2	-14.46083	-11.006950999999999
6430531B16Rik	-18.707735	-15.253858
4930430E12Rik	-20.90496	-17.451083999999998
4933427D14Rik	-15.611656	-12.157778
3425401B19Rik	-14.016389000000002	-10.5625105
Gm17058	-17.726907999999998	-14.273029000000001
Ldb2	-14.299664000000002	-10.845785000000001
Ighm	-15.352001000000001	-11.898123
Fcer2a	-19.518665	-16.064789
Cry2	-12.236593	-8.782715
Ccdc88b	-19.295523	-15.841645000000002
Trim67	-18.19691	-14.743032999999999
Insl6	-15.712005	-12.258125999999999
Gm13274	-18.707735	-15.253858
Gm7160	-15.329011999999999	-11.8751335
Gm12963	-16.561155	-13.107276999999998
Inpp1	-12.483398	-9.02952
Zfp870	-14.03387	-10.579991
Btrc	-12.935603	-9.481725
Mmgt1	-12.524734	-9.070855
Gm10300	-17.726907999999998	-14.273029000000001
Btnl10	-20.211813	-16.757935999999997
Otulinl	-17.769466	-14.315589000000001
Fitm2	-13.160392000000002	-9.706513000000001
Abtb1	-12.931806	-9.477927000000001
Car14	-17.19139	-13.737510999999998
Cul5	-11.394665	-7.940786999999999
Sqstm1	-10.640727	-7.1868490000000005
4930413F20Rik	-15.935148000000002	-12.48127
Foxp4	-12.197147	-8.743269
Gm35554	-19.806348999999997	-16.352472
Gm45231	-19.806348999999997	-16.352472
Tk1	-15.28456	-11.830682000000001
Smim7	-11.281585	-7.827707000000001
Lrp8os2	-20.90496	-17.451083999999998
Flvcr1	-13.678025	-10.224147
Sntb2	-11.314473	-7.860595
Hist1h2bn	-18.82552	-15.371642000000001
Sesn2	-14.262474	-10.808596000000001
Cct7	-10.412105	-6.958226700000001
Acoxl	-20.90496	-17.451083999999998
Gm26800	-19.113201	-15.659324
Ing3	-12.267676	-8.813798
Fam189b	-12.637255999999999	-9.183377
Rc3h1	-11.505075	-8.051197
Eif3i	-10.300532	-6.846654400000001
Mipep	-13.079716000000001	-9.625836999999999
Triap1	-11.966954	-8.513076
Trim8	-12.297013	-8.843135
1110018N20Rik	-13.746448000000001	-10.292569
Ccdc92	-15.168389000000001	-11.714511
Oxsr1	-11.96237	-8.5084915
Usp16	-11.591793	-8.137915
Magi1	-13.067801	-9.613923
Igfbp6	-14.243107	-10.789228
Gm26520	-16.879607999999998	-13.425730999999999
Fancc	-14.417276999999999	-10.963399
Denr	-11.237449	-7.783571
Caap1	-12.74273	-9.288852
Brsk1	-13.553803	-10.099925
Tcam1	-18.95905	-15.505172
Sdha	-10.942262	-7.488384
Med20	-13.101934	-9.648056
Fam220a	-14.271643	-10.817764
Art1	-19.806348999999997	-16.352472
Ppil6	-15.553103	-12.099225
Gm26533	-16.827423	-13.373546
Chdh	-16.289839999999998	-12.835962
Bmx	-17.769466	-14.315589000000001
Gm16133	-14.189578	-10.7357
Fam91a1	-12.157451	-8.703572
Ipo5	-11.822000000000001	-8.368121
Tceal6	-12.463353999999999	-9.009476
Cbll1	-12.104696	-8.650818
Lrrfip2	-11.415248	-7.96137
Usf3	-12.220053	-8.766174000000001
Il12rb2	-18.707735	-15.253858
Mbnl2	-9.792842	-6.338964
1700084C06Rik	-16.86191	-13.408031
Pls3	-8.731835	-5.2779574
Pdzd9	-16.535513	-13.0816345
Dock11	-12.252713	-8.798835
Gm11541	-18.95905	-15.505172
Fzd4	-12.027998	-8.574119999999999
Ddi1	-15.775063000000001	-12.321183999999999
Zfp383	-13.694142000000001	-10.240264
Cntn2	-19.295523	-15.841645000000002
Smim20	-12.215160000000001	-8.761282000000001
Ccdc116	-19.295523	-15.841645000000002
Cdc42ep3	-9.621147	-6.167269
2410004P03Rik	-18.82552	-15.371642000000001
Tasor	-11.2751875	-7.821309599999999
Gtf3c2	-12.103642	-8.649764
Cep83	-12.422566	-8.968688
Samd15	-15.823557000000001	-12.369678500000001
Ecel1	-20.211813	-16.757935999999997
Wdr77	-13.131787	-9.677909
Zcchc17	-11.373335	-7.919457
Gm13594	-14.271643	-10.817764
5930430L01Rik	-12.992905	-9.539026
Kctd12	-13.673675	-10.219796
Gm49179	-16.794086	-13.340209
Shank3	-16.427623999999998	-12.973746
Clec4d	-18.507065	-15.053187
Gm44366	-17.686085000000002	-14.232207
AI987944	-12.933185	-9.479306
Gin1	-12.970089999999999	-9.5162115
E130307A14Rik	-13.518491000000001	-10.064612
Srm	-11.862921	-8.409042
Hacd2	-12.049583	-8.595705
Mrpl37	-12.849486	-9.395608
Gm31342	-20.211813	-16.757935999999997
C330011M18Rik	-14.901074	-11.447196
Aip	-11.246542999999999	-7.7926649999999995
Ubl5	-9.998161	-6.5442834
Gm17203	-16.416325	-12.962446
Gpnmb	-15.194533999999999	-11.740656
Vamp7	-12.243495	-8.789617
Smg6	-11.446900999999999	-7.993023399999999
Gm15562	-16.715304999999997	-13.261428
Apbb1	-11.998432000000001	-8.544554
B230217O12Rik	-15.553103	-12.099225
Rasgef1b	-17.076319	-13.622441
Hnrnpd	-10.810895	-7.357017
Rpl23a	-8.773164999999999	-5.3192873
Lamc1	-10.794419	-7.3405414
4933405L10Rik	-18.602375	-15.148498000000002
Casq2	-17.726907999999998	-14.273029000000001
Dmpk	-9.998656	-6.5447783
Acbd6	-11.348835000000001	-7.894957000000001
Fscn2	-16.394102	-12.940224
Nsmce4a	-11.1744585	-7.7205806
Gdpd2	-15.977707999999998	-12.523829
Slc9a5	-16.715304999999997	-13.261428
Tsnax	-11.602771	-8.148892
Fam13b	-12.239865	-8.785986999999999
Mettl7a2	-18.82552	-15.371642000000001
Tle2	-13.267726999999999	-9.8138485
Cpeb1	-13.805759	-10.351881
Ccer2	-19.806348999999997	-16.352472
1810041H14Rik	-16.897627	-13.443748999999999
Cav2	-10.932088	-7.478210000000001
Cops7b	-13.519110000000001	-10.065230999999999
Gmps	-11.70346	-8.249581
Rpl22	-8.788117999999999	-5.3342410000000005
Vps11	-12.571931	-9.1180525
Fbl	-11.814531	-8.360653
Thumpd1	-12.082049000000001	-8.628171
Egfr	-12.587439999999999	-9.133561
Gm36229	-20.211813	-16.757935999999997
A230065N10Rik	-16.827423	-13.373546
Atp5k	-9.640151	-6.186273
Dpp7	-13.470114	-10.016235
Lyrm1	-13.706778	-10.252899000000001
Fer1l5	-19.806348999999997	-16.352472
Tmem242	-12.210794	-8.756916
Plekhh3	-12.7855625	-9.331684
Acvrl1	-12.20795	-8.754071000000001
Car13	-17.470974	-14.017095999999999
Adgre5	-11.293498	-7.83962
Gm43813	-13.442172	-9.988294
Ncoa3	-11.342697	-7.888819
Slc27a3	-14.898608	-11.44473
5031415H12Rik	-19.806348999999997	-16.352472
Pald1	-13.650784	-10.196905000000001
Rrbp1	-9.18351	-5.7296324
Ssb	-10.295732000000001	-6.841853599999999
Gm34113	-18.95905	-15.505172
Nt5c3b	-11.7644	-8.310521000000001
Tle4	-12.241419	-8.78754
Cplx3	-20.90496	-17.451083999999998
Nxph4	-18.507065	-15.053187
Lum	-12.609163	-9.155285000000001
Gm12195	-20.211813	-16.757935999999997
Klkb1	-17.14376	-13.689882
Scamp5	-15.780997	-12.327119
Gm49322	-17.726907999999998	-14.273029000000001
Cars	-13.029082	-9.575204
Mrps24	-10.650958000000001	-7.197080000000001
Gm48530	-17.860437	-14.40656
Strn3	-10.514337	-7.0604587
Gm3764	-19.806348999999997	-16.352472
Gm14093	-20.211813	-16.757935999999997
Slc9a4	-16.777826	-13.323948999999999
Gm9925	-19.806348999999997	-16.352472
Rtn4ip1	-14.836535000000001	-11.382657
Zfp341	-14.983382999999998	-11.529505
Pik3r5	-17.909226999999998	-14.45535
Adam5	-16.045149	-12.59127
Abcf2	-12.071644000000001	-8.617764999999999
Rpl9	-8.1207905	-4.6669126
Vmn1r66	-20.90496	-17.451083999999998
Ltb4r1	-17.503763	-14.049885999999999
Zfp940	-14.886368	-11.432489
Trim62	-14.836535000000001	-11.382657
Sfxn2	-13.795082	-10.341204
Gm16001	-17.349613	-13.895735
Gdf6	-19.113201	-15.659324
Pdcd7	-12.028137	-8.574259
Far2	-17.686085000000002	-14.232207
Zkscan17	-13.130526000000001	-9.676647
Ulbp1	-17.813917	-14.36004
Casc3	-12.294095	-8.840216999999999
Ctdspl2	-11.949771	-8.495892999999999
Mcl1	-10.479411	-7.025533
Rasgrf1	-20.211813	-16.757935999999997
Got1	-13.636738000000001	-10.182858999999999
Dhx58	-16.761826	-13.307948000000001
H2-Q6	-18.82552	-15.371642000000001
Ubash3b	-17.439224	-13.985347
Ncor2	-11.5309725	-8.077094
Ajm1	-16.270231	-12.816353999999999
Ppp1r16a	-13.316637	-9.862759
2310057M21Rik	-12.841269	-9.38739
Cryl1	-12.988153	-9.534275
Gm12319	-18.420053	-14.966176
Csgalnact2	-11.525131	-8.071253
Usp31	-13.556374	-10.102495
Mest	-16.810616	-13.356738
Pmm1	-11.534374	-8.080496
Dgki	-15.717575	-12.263697
Fam126b	-11.128739	-7.6748614
2810021J22Rik	-14.696371	-11.242493
A730081D07Rik	-16.761826	-13.307948000000001
Mtus2	-10.18154	-6.727661599999999
Skap2	-11.517228	-8.06335
Slc37a4	-13.568676000000002	-10.114798
Xylb	-16.86191	-13.408031
Shld3	-14.708517	-11.254639
Drosha	-12.653558	-9.199679
Gm29488	-15.515889000000001	-12.062011
Gcnt2	-11.994645	-8.540767
Wnt9a	-13.431323999999998	-9.977446
Zfp819	-20.90496	-17.451083999999998
Slmap	-9.325452	-5.871574400000001
Dcbld2	-12.159677	-8.705798
Pecam1	-12.102138	-8.648259
Srpr	-10.763638499999999	-7.3097606
Cd300ld3	-20.211813	-16.757935999999997
Iqsec1	-11.961455	-8.507577000000001
Obscn	-19.806348999999997	-16.352472
BC106179	-14.848177	-11.394299
Usp9x	-10.67581	-7.221932000000001
Sox12	-13.860056	-10.4061775
C1qc	-15.543669	-12.089789999999999
Gm17634	-15.914529000000002	-12.46065
Rassf8	-11.900414999999999	-8.446537
Gm10010	-17.120770999999998	-13.666893
Gosr1	-12.62425	-9.170372
Rnaseh2b	-12.726884	-9.2730055
Fam135b	-17.686085000000002	-14.232207
Rapgef4	-14.758632	-11.304753
Rab2b	-12.28485	-8.830972000000001
Mtmr14	-13.095014	-9.641135
Ablim3	-18.420053	-14.966176
Uhmk1	-12.639311	-9.185432
Stxbp5	-12.985969	-9.53209
Maml1	-12.941849000000001	-9.487969999999999
Gm42764	-20.211813	-16.757935999999997
Astn2	-13.39289	-9.939012
Frmpd1	-19.806348999999997	-16.352472
Fam124b	-20.90496	-17.451083999999998
R3hcc1	-12.420085	-8.966207
Gm33023	-14.857589	-11.40371
Atp6v0b	-10.095901	-6.6420226
4921525O09Rik	-20.90496	-17.451083999999998
Gm48790	-20.90496	-17.451083999999998
Gm12976	-17.216082	-13.762203
Ptgs1	-15.740175	-12.286297
Slc22a2	-13.052522	-9.598643
Cd209d	-19.518665	-16.064789
Mroh8	-17.813917	-14.36004
Naif1	-14.578812	-11.124933
Gxylt2	-10.481788	-7.0279098
Plod3	-11.91789	-8.464011
Mapk8ip1	-13.227097500000001	-9.773219000000001
Pex7	-12.606919	-9.153041
Sept9	-11.568782	-8.114903
Gm35371	-15.921354000000001	-12.467476
Nprl2	-13.330916	-9.877038
Gm43112	-17.120770999999998	-13.666893
Ahsa1	-10.989495	-7.5356174
Gm16069	-18.507065	-15.053187
Gm30648	-17.267374	-13.813497
2210016F16Rik	-11.804436	-8.350557
Fam3c	-11.232334	-7.778455999999999
Plxnb3	-20.90496	-17.451083999999998
Rec114	-18.707735	-15.253858
Gpr85	-18.19691	-14.743032999999999
Tmem178b	-17.960522	-14.506644
0610040J01Rik	-20.211813	-16.757935999999997
Vnn1	-15.149219	-11.69534
Cdc16	-11.9378395	-8.483961
Tomm5	-10.947033	-7.493155000000001
Gm13067	-20.90496	-17.451083999999998
Dnaja1	-9.560702000000001	-6.106825
Cd68	-14.780278	-11.3264
Pde9a	-16.02216	-12.568280999999999
Snrpd1	-11.12732	-7.6734424
Cdc34b	-19.295523	-15.841645000000002
Gm4117	-12.642660000000001	-9.188782000000002
Ube2s	-10.563187	-7.1093087
Elovl7	-16.134275	-12.680398
Def6	-15.191229000000002	-11.73735
Gm15345	-20.90496	-17.451083999999998
Akap11	-11.358791	-7.904913400000001
Inafm2	-11.778111	-8.324233
Slx1b	-13.222479000000002	-9.7686
Gm15261	-13.985276999999998	-10.531399
Rhof	-16.746078	-13.2922
Nek5	-18.071747	-14.617869
Gm6598	-16.270231	-12.816353999999999
Spidr	-13.597759	-10.143881
Slc25a15	-14.980704999999999	-11.526827
Tmprss5	-20.90496	-17.451083999999998
Gm48249	-20.211813	-16.757935999999997
Hs1bp3	-13.772464000000001	-10.318585
Zfp944	-13.420031	-9.966152000000001
Gm2897	-19.518665	-16.064789
Crlf2	-11.885660000000001	-8.431782
Gm15401	-18.95905	-15.505172
Cfap99	-20.211813	-16.757935999999997
Odc1	-11.150437	-7.6965594
Phyhip	-19.806348999999997	-16.352472
Chml	-12.956928999999999	-9.503051
Slc49a4	-11.848238	-8.39436
Hoxa13	-17.439224	-13.985347
Ncan	-15.534323	-12.080444
Mnd1	-14.032832999999998	-10.578955
March1	-18.420053	-14.966176
Gm17749	-17.609123	-14.155246
Serbp1	-9.662284	-6.208406
F530104D19Rik	-17.813917	-14.36004
Sp6	-18.132372	-14.678494
Zfp13	-14.126176000000001	-10.6722975
Micall1	-12.108319999999999	-8.654442
Gm31135	-16.100939	-12.647061
Zfp967	-16.186462	-12.732584
A230028O05Rik	-17.609123	-14.155246
Spout1	-12.890956	-9.4370775
Efs	-13.027944	-9.574065
Cstf1	-13.4072	-9.953321
Zfp346	-13.570632000000002	-10.116754
Gm44647	-18.82552	-15.371642000000001
Prkdc	-12.799955	-9.346077000000001
A530041M06Rik	-15.344279	-11.890400999999999
Rgs1	-14.791279000000001	-11.3374
Armc12	-20.90496	-17.451083999999998
Gm17529	-16.777826	-13.323948999999999
Nt5c	-11.559566	-8.105687
Slco5a1	-17.01314	-13.559262
Gm43707	-16.289839999999998	-12.835962
Gm42722	-20.211813	-16.757935999999997
Phf7	-13.813219	-10.359341
Gm11769	-16.730574	-13.276695000000002
G2e3	-12.744157000000001	-9.290278
Kdsr	-11.998026	-8.544147500000001
Slc18a1	-20.211813	-16.757935999999997
A730011C13Rik	-15.949133999999999	-12.495255
Klk14	-20.211813	-16.757935999999997
Vopp1	-13.48199	-10.028111
Cabp1	-16.439053	-12.985175
Pcdh19	-16.213614	-12.759735000000001
Gm38165	-17.813917	-14.36004
Trappc11	-12.622983999999999	-9.169106
Rptor	-12.717939999999999	-9.264062
Wdr34	-13.5049515	-10.051072999999999
Gpt2	-14.769397	-11.315517999999999
Eda	-14.493143	-11.039264999999999
Babam1	-11.746335	-8.292457
Casp4	-13.926747	-10.472869000000001
Wipi2	-12.1124115	-8.658533
Vps26b	-12.770201	-9.316322
Rgs18	-19.295523	-15.841645000000002
Gm16751	-15.548375	-12.094497
Lpcat3	-12.71989	-9.266011
Bub1	-18.340011999999998	-14.886134
Tnfrsf13b	-18.507065	-15.053187
Epyc	-16.522934	-13.0690565
Atp5mpl	-10.543225999999999	-7.089348299999999
Phf13	-13.317651000000001	-9.863772
Rhog	-12.667747	-9.213868
Podxl2	-12.184501	-8.730622
Prr16	-17.439224	-13.985347
Krt36	-20.90496	-17.451083999999998
Gm47167	-16.93467	-13.480791
Apba3	-12.611412	-9.157534
Vwa5a	-12.040921	-8.587043
Nkrf	-13.940825	-10.486947
Gm44646	-19.113201	-15.659324
Ppat	-13.030602	-9.576724
Mef2a	-9.978304	-6.524426
Tspan4	-11.079652000000001	-7.625774000000001
Ism2	-18.707735	-15.253858
B230334C09Rik	-15.874523000000002	-12.420645
Csrp1	-8.40692	-4.9530425000000005
Gimap1os	-20.90496	-17.451083999999998
Rcvrn	-20.211813	-16.757935999999997
Tubb4b	-10.509128	-7.0552497
Gm20650	-19.295523	-15.841645000000002
Ppfia4	-14.511370999999999	-11.057492
1700013D24Rik	-20.211813	-16.757935999999997
Lage3	-11.632491	-8.178613
Gm17178	-20.211813	-16.757935999999997
mt-Nd1	-7.379891000000001	-3.9260135000000003
Cobl	-12.70385	-9.249971
Apoc1	-20.211813	-16.757935999999997
Wnt11	-17.909226999999998	-14.45535
Gm42917	-18.071747	-14.617869
Tmem45a	-12.151589	-8.697711
Gm49216	-17.216082	-13.762203
Wdr38	-18.01459	-14.560711999999999
Cox15	-13.930482000000001	-10.4766035
1700022I11Rik	-16.700267999999998	-13.24639
Nrk	-13.872337	-10.418459
Scd2	-11.463429	-8.009551
Pnma1	-15.458224	-12.004346
Cep126	-13.990231	-10.536352
Hey1	-14.303730999999999	-10.849853
Ttll4	-13.796717000000001	-10.342838
Smox	-14.198099	-10.744221000000001
Npffr1	-20.90496	-17.451083999999998
Hid1	-13.613985999999999	-10.160108000000001
Kdm3a	-13.003954	-9.550075999999999
Apln	-18.340011999999998	-14.886134
Naca	-8.724088	-5.2702103
Slx4	-13.72109	-10.267211999999999
Zfp729b	-13.179631	-9.725753
1110004F10Rik	-10.825841	-7.371963
Wincr1	-18.82552	-15.371642000000001
Phtf1	-12.496468	-9.042589
4930455G09Rik	-18.01459	-14.560711999999999
Cacnb3	-12.520157000000001	-9.066278
Xdh	-15.432691	-11.978812
Usp6nl	-13.308066	-9.854188
Olfr729	-19.518665	-16.064789
Gm42658	-15.984981	-12.531102
Pgam1	-10.5407	-7.086822
Eya4	-15.453922	-12.000044
Gm5103	-19.806348999999997	-16.352472
Plagl1	-14.480092	-11.026214
Tm6sf1	-12.31582	-8.861941
Aldh7a1	-11.474843	-8.020964999999999
Sumo1	-10.964852	-7.5109744
Gbp5	-15.336616500000002	-11.882738
1500012K07Rik	-19.295523	-15.841645000000002
Cyba	-10.433181	-6.979303
Baz2b	-11.127264	-7.673386
C1s1	-13.010643	-9.556764999999999
Nsun4	-14.097026000000001	-10.643147
Cdk5	-12.392379	-8.9385
Zdhhc8	-11.848938	-8.39506
Chst10	-15.136641000000001	-11.682762
3110039M20Rik	-20.90496	-17.451083999999998
Slc9a3	-18.602375	-15.148498000000002
Gm42997	-17.960522	-14.506644
Sox17	-19.518665	-16.064789
5031434O11Rik	-14.915999	-11.462121
Stxbp5l	-18.071747	-14.617869
4833417C18Rik	-14.63776	-11.183882
Col17a1	-19.806348999999997	-16.352472
9430041J12Rik	-20.90496	-17.451083999999998
Csf3r	-18.95905	-15.505172
Nampt	-11.681111999999999	-8.227234
Tent5b	-13.643735999999999	-10.1898575
Rad50	-11.672369999999999	-8.218492
Xlr4c	-18.707735	-15.253858
Trim68	-14.006247	-10.552368
Tubg1	-12.648354	-9.194475
Gm47414	-19.295523	-15.841645000000002
Npl	-18.82552	-15.371642000000001
Prps1	-12.917097	-9.463219
Prdm15	-13.715794	-10.261915
Nemp2	-14.936254000000002	-11.482375
Six4	-13.149622	-9.695744
Cited1	-17.098299	-13.644421
Dnajc18	-12.335555000000001	-8.881677
Diaph2	-10.937748	-7.48387
Gm10419	-16.48612	-13.032242
Hist1h2bc	-10.430127	-6.976249
2010109A12Rik	-15.493314999999999	-12.039436
9530051G07Rik	-15.868008999999999	-12.41413
Dynlrb1	-9.877778999999999	-6.423901
Rimkla	-19.113201	-15.659324
Czib	-11.792344	-8.338466
Gsto2	-16.186462	-12.732584
Zfp113	-13.263397	-9.809519
2310033P09Rik	-12.301039999999999	-8.847161
Tsacc	-14.4656105	-11.011732
Adgrg6	-17.408453	-13.954576000000001
Taf9b	-13.704536	-10.250658
Xpot	-12.53859	-9.084712
Manea	-12.577719	-9.12384
Lgals12	-19.518665	-16.064789
Sirt3	-12.45284	-8.998961
Gas5	-9.716617	-6.262739
mt-Nd2	-7.217445	-3.7635674
Nr2e1	-20.211813	-16.757935999999997
Hist2h2ab	-16.656466	-13.202587
Itgb4	-17.054813	-13.600935
Gm47484	-15.432691	-11.978812
Dennd2d	-19.113201	-15.659324
Tmem45a2	-18.602375	-15.148498000000002
Gm15512	-18.132372	-14.678494
Sh3bgrl2	-17.321442	-13.867564000000002
F2rl2	-20.90496	-17.451083999999998
Gm19265	-17.439224	-13.985347
Uba6	-12.661153	-9.207274
Abcc10	-14.795713000000001	-11.341835000000001
Gm26586	-17.216082	-13.762203
Gm31812	-17.267374	-13.813497
Mtx3	-14.061212	-10.607333
Spdya	-15.786967	-12.333089
Cxxc5	-11.604506	-8.150627
Ppnr	-15.007807999999999	-11.553929
Timd4	-18.707735	-15.253858
Cthrc1	-16.48612	-13.032242
Nr6a1os	-16.685453	-13.231575
Ssmem1	-19.806348999999997	-16.352472
Zfp114	-14.690353	-11.236475
Mcf2	-20.90496	-17.451083999999998
Fmo6	-16.827423	-13.373546
Cep68	-13.252891	-9.799012
Gm28192	-17.909226999999998	-14.45535
Bcas3os1	-17.408453	-13.954576000000001
Gm43915	-16.794086	-13.340209
Nup35	-13.105618	-9.651739
Arf6	-12.26096	-8.807081
Atp5l	-9.226944999999999	-5.773067
Sbk1	-14.434161999999999	-10.980284
B020010K11Rik	-15.207868	-11.753989
Nol4l	-14.722876999999999	-11.268998
Kcp	-18.82552	-15.371642000000001
Gm29016	-19.295523	-15.841645000000002
Coq6	-12.96509	-9.511211
6030407O03Rik	-19.518665	-16.064789
A530072M11Rik	-16.561155	-13.107276999999998
Tmem140	-12.52818	-9.074302000000001
Astn1	-19.518665	-16.064789
Xlr4a	-17.054813	-13.600935
Micu3	-12.060192	-8.606314
Gm30692	-20.90496	-17.451083999999998
Tmem253	-16.777826	-13.323948999999999
H2-Eb1	-14.811392000000001	-11.357513
Gm47920	-17.19139	-13.737510999999998
Hebp1	-11.163875	-7.7099967000000005
Gm45542	-18.340011999999998	-14.886134
4930481B07Rik	-16.109170000000002	-12.6552925
Zfp672	-12.358986	-8.9051075
Pbld2	-16.548251999999998	-13.094374
Meaf6	-12.125096000000001	-8.671218
Ipo7	-11.297792	-7.8439145
Lrr1	-19.518665	-16.064789
Mkx	-15.855104999999998	-12.401227
Tex16	-19.806348999999997	-16.352472
Foxk1	-12.703575	-9.249697
Cdc42ep2	-14.700403	-11.246525
Gm43904	-20.90496	-17.451083999999998
Lcmt1	-12.28467	-8.830791
Taldo1	-10.560802	-7.1069245
Rims2	-18.95905	-15.505172
Cd79a	-18.95905	-15.505172
Gm29292	-20.211813	-16.757935999999997
Gpihbp1	-17.609123	-14.155246
Alg9	-13.41947	-9.965591
Gm9967	-16.777826	-13.323948999999999
Wdr41	-13.334002499999999	-9.880124
Timm17a	-10.992464	-7.5385860000000005
Zeb2	-11.204875999999999	-7.750997999999999
Proz	-20.90496	-17.451083999999998
Fcnaos	-19.518665	-16.064789
Ak8	-19.806348999999997	-16.352472
Ercc4	-13.318665	-9.864786
Tmem164	-13.178308	-9.724428999999999
Smim18	-17.609123	-14.155246
Hccs	-13.002474000000001	-9.548594999999999
Ptgir	-16.474144	-13.020266000000001
Eml5	-14.303730999999999	-10.849853
Tspo	-9.427164999999999	-5.9732876
Orc1	-18.707735	-15.253858
Polk	-12.726322	-9.272444
0610010K14Rik	-11.762899	-8.309021000000001
Gm44026	-20.90496	-17.451083999999998
Sptssa	-10.696087	-7.242209
4930447N08Rik	-18.707735	-15.253858
Tmem143	-13.800817499999999	-10.346939
Cryba4	-16.474144	-13.020266000000001
Smim22	-19.806348999999997	-16.352472
Tbx15	-15.168389000000001	-11.714511
Abcg4	-14.613392000000001	-11.159513
Yars2	-13.613985999999999	-10.160108000000001
Schip1	-11.236943	-7.783065299999999
Slc25a42	-14.743754000000001	-11.289876
Zfp639	-11.58487	-8.130991999999999
Tcp10b	-17.813917	-14.36004
Nbea	-11.950417	-8.496538000000001
Eif4ebp2	-11.225242999999999	-7.7713646999999995
Casp6	-13.312091	-9.858212
Cks1b	-12.195002	-8.741123
Sik2	-12.734492	-9.280614
Gm48727	-17.769466	-14.315589000000001
Fyb	-13.129685	-9.675807
Ppp1r16b	-19.295523	-15.841645000000002
Gm47096	-19.113201	-15.659324
Atp11c	-12.736191999999999	-9.282313
Perm1	-15.420164000000002	-11.966286
Bcar3	-11.512966	-8.059088000000001
Ankrd13a	-12.513330999999999	-9.059453
Gm29254	-16.299791	-12.845913000000001
Adcy1	-15.836057	-12.382178
Thap7	-12.352015	-8.898136000000001
Tpcn2	-13.87676	-10.422881
Rraga	-11.35096	-7.897082000000001
Cyp4f18	-18.82552	-15.371642000000001
Gucy2g	-16.241522	-12.787643
Cd180	-19.518665	-16.064789
Gm48228	-18.707735	-15.253858
Gm17102	-17.054813	-13.600935
Ifitm6	-20.211813	-16.757935999999997
Socs7	-12.806927	-9.353048
Gm43330	-16.279987	-12.82611
0610040B10Rik	-15.506798999999999	-12.05292
Prrx2	-13.378243	-9.924365
Vps35	-10.947364	-7.493486
Hist1h3g	-18.265903	-14.812026000000001
Slfn3	-16.810616	-13.356738
AU021092	-18.95905	-15.505172
Plagl2	-13.193412	-9.739533
Zfp760	-13.895553	-10.441674
Gm14120	-19.806348999999997	-16.352472
Cip2a	-15.515889000000001	-12.062011
Gm50209	-18.95905	-15.505172
Mrc2	-12.534182000000001	-9.080303
1700012D14Rik	-14.108137	-10.654259
Gm19938	-14.078416	-10.624537
Zfpl1	-12.264312	-8.810433
Flacc1	-18.95905	-15.505172
Mmp8	-20.90496	-17.451083999999998
Rap1gap	-15.538985	-12.085107
Arg2	-18.707735	-15.253858
Saal1	-13.349579	-9.8957
Dpyd	-16.746078	-13.2922
Oas3	-20.90496	-17.451083999999998
Tmem119	-14.949123	-11.495244999999999
4930471L23Rik	-19.518665	-16.064789
Gm34471	-15.336616500000002	-11.882738
Senp2	-12.118352	-8.664474
Ggt1	-18.507065	-15.053187
Gm31172	-19.806348999999997	-16.352472
Twf2	-12.707422	-9.253544
Bloc1s1	-11.044538000000001	-7.590659599999999
Kcnk6	-14.762924	-11.309046
Lemd2	-11.91427	-8.460392
C030037D09Rik	-15.525063500000002	-12.071185
Map1lc3b	-9.421721	-5.967844
Cenpf	-15.706464000000002	-12.252585
Rpl6	-8.292017999999999	-4.83814
Scrn2	-13.294108	-9.84023
Otoa	-17.686085000000002	-14.232207
Tshr	-15.181376	-11.727497999999999
Cxcr4	-18.01459	-14.560711999999999
4930539J05Rik	-15.291832999999999	-11.8379545
Ccdc47	-11.153635000000001	-7.699757000000001
Tnrc6b	-10.784912	-7.331034
Tmem121	-16.394102	-12.940224
Gm20618	-19.518665	-16.064789
Fbxl4	-13.307063000000001	-9.853185
Arhgef40	-12.277122	-8.823243
Nell2	-17.098299	-13.644421
Rps6kc1	-13.38202	-9.928142
Cep55	-17.860437	-14.40656
Rps6ka1	-18.507065	-15.053187
Wars	-12.853939	-9.400061
Tmem237	-12.504750999999999	-9.050873
Marveld1	-10.0918045	-6.6379266
Sdhb	-10.948312	-7.494434
Kif27	-17.076319	-13.622441
Cbx6	-10.865501	-7.4116235
Serac1	-15.242001	-11.788122
4731419I09Rik	-19.295523	-15.841645000000002
Zfp318	-12.228715	-8.774837
Gm47242	-19.806348999999997	-16.352472
Mei4	-15.887681	-12.433803
1700060C20Rik	-19.518665	-16.064789
Evi2	-18.707735	-15.253858
Alyref2	-14.2104	-10.756521000000001
Rbm18	-12.388568	-8.934689500000001
Pum1	-11.008599	-7.554721400000001
Osbpl10	-15.273748999999999	-11.819871000000001
Pitx3	-20.90496	-17.451083999999998
Psmb7	-10.947269	-7.4933914999999995
1110006O24Rik	-16.11747	-12.663591
Hhipl1	-15.416023000000001	-11.962145
Mrpl42	-10.776691	-7.3228135
Chd8	-11.461052	-8.007174000000001
Gm42529	-20.90496	-17.451083999999998
Mrpl52	-10.369856	-6.915978
B230206L02Rik	-14.475242000000001	-11.021363000000001
Crip2	-9.765508	-6.31163
1110059G10Rik	-12.120033	-8.666155
1110059E24Rik	-12.186134	-8.732256
Gm15614	-15.359784	-11.905906
Ccl22	-17.960522	-14.506644
Pink1	-10.691786	-7.237908
Dab2	-12.965802	-9.511924
CT009536.1	-20.211813	-16.757935999999997
Tcf7l1	-11.542586	-8.088708
Brd3os	-14.221601000000001	-10.767722000000001
Fntb	-13.727942	-10.274064
Hist2h2ac	-12.970806	-9.516928
Aldh3a2	-12.771374	-9.317495
4930426I24Rik	-14.786864000000001	-11.332986
Zfp991	-14.104791	-10.650912
Zfp280b	-14.123903	-10.670025
6330411D24Rik	-19.806348999999997	-16.352472
Gm42884	-19.806348999999997	-16.352472
Gm17590	-17.860437	-14.40656
Hoxa3	-12.194342	-8.740463
Apol9b	-16.060774	-12.606895
Vps51	-12.959406	-9.5055275
Gm49223	-18.19691	-14.743032999999999
Gm48824	-18.82552	-15.371642000000001
Gm31458	-18.265903	-14.812026000000001
Phlda3	-11.808798	-8.354919
Gtf3c3	-12.850121000000001	-9.396241999999999
Xpr1	-10.493783	-7.039905
Smad4	-11.130500999999999	-7.676622999999999
Gm12762	-18.602375	-15.148498000000002
Gm15581	-19.113201	-15.659324
Prdm4	-13.686785	-10.232906
Riox2	-13.447351999999999	-9.993474
Gm3550	-17.378601	-13.924723
Psmc3	-10.419369999999999	-6.965492
Cab39l	-12.146863	-8.692985
Ugt1a6a	-20.90496	-17.451083999999998
Nomo1	-11.890758	-8.436879
Vat1	-11.629957000000001	-8.176079
Cnot7	-12.122639	-8.66876
Tnks2	-11.405315	-7.9514375
Mogs	-13.1343155	-9.680437
Ccdc160	-18.01459	-14.560711999999999
Fnip2	-12.983425	-9.529547
A330049N07Rik	-20.90496	-17.451083999999998
Gm20324	-15.673853	-12.2199745
Ddhd1	-13.471885999999998	-10.018007
Gm47739	-19.518665	-16.064789
Smug1	-13.496429999999998	-10.042552
Lsr	-18.19691	-14.743032999999999
Ldhd	-13.891945999999999	-10.438067
Pak7	-16.109170000000002	-12.6552925
Lrp1	-10.0514	-6.5975223
Tsta3	-12.560931	-9.107053
Gpr183	-16.561155	-13.107276999999998
Dennd4b	-14.288896	-10.835017
Ccdc141	-11.447371	-7.993492599999999
Psmb1	-10.068778	-6.6149
Rabepk	-12.889634	-9.435756
4930572G02Rik	-19.295523	-15.841645000000002
Taf1c	-14.206693	-10.752814
Nfe2l1	-10.438008	-6.984130400000001
Gm10863	-17.349613	-13.895735
Usp53	-11.369064999999999	-7.915187400000001
Lrrc28	-13.571285000000001	-10.117407
Gtse1	-16.86191	-13.408031
Homez	-14.765077	-11.311198
Sharpin	-12.4026785	-8.9488
1700069B07Rik	-18.95905	-15.505172
Gstt4	-19.518665	-16.064789
Upk3a	-20.211813	-16.757935999999997
Myl3	-20.211813	-16.757935999999997
Arhgef15	-18.82552	-15.371642000000001
Tmem184b	-12.025210000000001	-8.571332
Emd	-11.160763000000001	-7.706885000000001
Mafb	-13.003584	-9.5497055
Pigg	-13.347488	-9.89361
Gm4632	-20.211813	-16.757935999999997
Ddn	-19.518665	-16.064789
Tbc1d20	-11.893193	-8.439314999999999
Gm37963	-17.769466	-14.315589000000001
Rbm12b1	-14.076248999999999	-10.622371000000001
Msmp	-17.537664000000003	-14.083787
Kifc1	-17.2414	-13.787521
Hk1	-12.241938000000001	-8.788059
Slc35g2	-15.255987	-11.802109
Nmd3	-12.449643	-8.995764999999999
Gm4035	-18.95905	-15.505172
Prr22	-17.686085000000002	-14.232207
Adamts3	-15.723178	-12.269299499999999
BC034090	-14.606012	-11.152134
Zfhx4	-13.481392999999999	-10.027514
Ehd2	-10.117024	-6.6631465
Armcx2	-12.157132	-8.703254
Hs3st3b1	-18.19691	-14.743032999999999
Gm49165	-20.90496	-17.451083999999998
Taf11	-11.855376	-8.401498
A230056P14Rik	-15.690025	-12.236147
Vmn2r24	-19.113201	-15.659324
Sptan1	-10.476746	-7.0228677
Chmp4c	-11.147309	-7.6934314
Stim1	-11.55078	-8.096902
Il2	-16.64228	-13.188403
Gem	-10.805537	-7.3516593
Zfc3h1	-12.26679	-8.812911999999999
Gm50115	-17.503763	-14.049885999999999
Noct	-14.303730999999999	-10.849853
Yipf1	-12.09182	-8.637941
Mbtps1	-11.555729	-8.101850500000001
Ptgis	-8.649674000000001	-5.195797
Gm27222	-19.295523	-15.841645000000002
Gsto1	-12.353947	-8.900068
Alox8	-19.806348999999997	-16.352472
Ap3s2	-12.977998	-9.524119
Bmp6	-16.361666	-12.907788
Ptk2	-12.200128	-8.746249
2600002D14Rik	-16.64228	-13.188403
Triml2	-18.95905	-15.505172
Tet2	-12.475944	-9.022065
Gm15445	-16.142785999999997	-12.688908999999999
Fosb	-10.118698	-6.66482
Gm34084	-19.806348999999997	-16.352472
Acot9	-11.613871000000001	-8.159991999999999
Gm39469	-14.217853	-10.763974000000001
Zfp92	-20.90496	-17.451083999999998
Sdr39u1	-12.609912	-9.156033500000001
Pcdhac2	-16.029764	-12.575886
Usp19	-11.649455999999999	-8.195578
Gm45894	-19.806348999999997	-16.352472
Vash2	-18.707735	-15.253858
Vcan	-10.399510000000001	-6.945632499999999
Adtrp	-19.295523	-15.841645000000002
Fbxl22	-9.7598295	-6.305951599999999
Cbx5	-10.767904	-7.314026400000001
Sp7	-16.535513	-13.0816345
1700039M10Rik	-18.265903	-14.812026000000001
Cd163	-17.14376	-13.689882
Inha	-15.28456	-11.830682000000001
Gpr61	-20.90496	-17.451083999999998
Igf2bp3	-14.767234	-11.313355
Cep131	-13.975445	-10.521566
Kctd12b	-13.646548999999998	-10.192671
Palld	-10.368422	-6.9145436
2810442N19Rik	-17.470974	-14.017095999999999
Tnks1bp1	-11.849405	-8.395527000000001
Pgap1	-13.115920999999998	-9.662042999999999
Aldh5a1	-14.443493	-10.9896145
Unc13b	-14.207927	-10.754048
Kif17	-18.95905	-15.505172
1700109G14Rik	-18.95905	-15.505172
Nop14	-11.90017	-8.446292
Gm9796	-18.420053	-14.966176
Man2a2	-12.410832000000001	-8.956954
5330439K02Rik	-16.498241	-13.044364
Gm29724	-16.177572	-12.723695
Sf3a3	-11.95378	-8.499902
Gm20186	-14.658854500000002	-11.204976
Tom1l2	-12.118963	-8.665085000000001
Entpd2	-13.400019	-9.94614
Ube2q1	-11.848122	-8.394243
1700125H20Rik	-20.90496	-17.451083999999998
Mrgbp	-13.290648999999998	-9.836771
4931423N10Rik	-18.01459	-14.560711999999999
Col11a2	-15.775063000000001	-12.321183999999999
Rpp25l	-12.222083999999999	-8.768206
Gm18280	-20.211813	-16.757935999999997
Cfap206	-20.90496	-17.451083999999998
Dio3os	-19.113201	-15.659324
Gm11168	-20.90496	-17.451083999999998
Mppe1	-13.425661999999999	-9.971784
Dppa4	-20.90496	-17.451083999999998
Arfgef1	-11.609636	-8.155758
Gm2974	-18.507065	-15.053187
Tslp	-16.715304999999997	-13.261428
Rhoj	-10.554962	-7.101083999999999
Zfp267	-12.821632000000001	-9.367754
Ctdnep1	-11.915517	-8.461638
Ly6g6d	-14.127315	-10.673436
Abcb4	-18.19691	-14.743032999999999
Secisbp2	-12.814865	-9.360987
Myo1f	-18.071747	-14.617869
Cndp1	-20.90496	-17.451083999999998
Ik	-10.845539	-7.391661
Gm20033	-15.861536	-12.407658
Gm40685	-18.340011999999998	-14.886134
Rps9	-8.212766	-4.758888
Fxyd1	-9.07268	-5.6188025
Tada3	-12.303611	-8.849732000000001
Kcnq1ot1	-10.698522	-7.2446437
Pigc	-13.069777499999999	-9.615899
Synpo2l	-13.316637	-9.862759
Tmem39a	-12.495131	-9.041252
Gm48336	-18.707735	-15.253858
Ptpn14	-12.28919	-8.835312
Idi2	-20.90496	-17.451083999999998
Mrap2	-20.90496	-17.451083999999998
Gm17200	-18.82552	-15.371642000000001
G430095P16Rik	-14.735351000000001	-11.281472
Erbin	-11.498314	-8.044435499999999
Anxa9	-16.060774	-12.606895
Coa3	-10.896033000000001	-7.442155400000001
Plxnd1	-13.325792999999999	-9.871915
Gm19705	-12.910666	-9.456788000000001
Unc119b	-13.351150500000001	-9.897272000000001
Dnah11	-20.90496	-17.451083999999998
Mcc	-14.331281	-10.877402
C920021L13Rik	-14.651132999999998	-11.197254
Lrp5	-12.585	-9.131122
Gm12122	-14.299664000000002	-10.845785000000001
Icmt	-12.653558	-9.199679
Homer2	-15.436901	-11.983023
Rtn1	-17.609123	-14.155246
Alpl	-14.2367325	-10.782853999999999
Slfn2	-17.216082	-13.762203
Dok5	-17.537664000000003	-14.083787
Gm19466	-17.726907999999998	-14.273029000000001
Txndc2	-17.813917	-14.36004
Gm26811	-19.113201	-15.659324
Lrch1	-12.423395	-8.969517
Gm16556	-19.806348999999997	-16.352472
Rbm19	-13.575211999999999	-10.121333
Asb10	-15.17162	-11.717742
Glb1l	-13.951277	-10.497398
Efhd1	-10.526762	-7.072883999999999
Pepd	-12.653036	-9.199158
Rnf8	-12.264842999999999	-8.810965
Gpcpd1	-11.933005	-8.479127
Bdh2	-15.090831	-11.636952
Zbed3	-12.626278999999998	-9.1724
Pdzd3	-15.081914999999999	-11.6280365
Dnmbp	-13.4514	-9.997521
Scn3a	-14.731175	-11.277297
Klhl5	-12.708525	-9.254646000000001
Gm12735	-19.518665	-16.064789
Gnl3	-11.652807000000001	-8.198929
Fermt3	-15.921354000000001	-12.467476
Foxl2	-20.211813	-16.757935999999997
Zfp960	-14.967425	-11.513547
Cntn6	-15.174860999999998	-11.720983
Gm47754	-20.90496	-17.451083999999998
Saa2	-20.90496	-17.451083999999998
Dusp28	-12.774019000000001	-9.320141
Fam3a	-12.282867	-8.828989
Rtbdn	-18.507065	-15.053187
E030013I19Rik	-10.304135	-6.850257400000001
Pld3	-12.57121	-9.1173315
AI507597	-17.03376	-13.579882000000001
1700057G04Rik	-20.211813	-16.757935999999997
Gdf10	-13.169965	-9.716086
Scn8a	-19.295523	-15.841645000000002
Mmp17	-11.831930999999999	-8.378053
Zfp275	-12.8164	-9.362521000000001
Wee1	-12.338787	-8.884909
C87436	-12.551229	-9.09735
Nfia	-9.781336999999999	-6.327458999999999
Zgrf1	-14.630199	-11.176321000000002
Dctn6	-10.678702000000001	-7.224824400000001
1700072G22Rik	-18.707735	-15.253858
Dstyk	-12.177507	-8.723628999999999
Rffl	-13.874989000000001	-10.42111
Clec12a	-18.95905	-15.505172
Tshz1	-11.659833	-8.205955
Ccdc66	-12.380593	-8.926715
Greb1l	-14.566367000000001	-11.112489
Tbx3os1	-18.602375	-15.148498000000002
Unc13a	-16.279987	-12.82611
Adgrb2	-17.076319	-13.622441
Gm44053	-16.405151	-12.951273
Gclc	-12.380197	-8.926317999999998
4933422A05Rik	-18.707735	-15.253858
H2-M5	-20.211813	-16.757935999999997
Sema7a	-17.813917	-14.36004
Frzb	-12.44138	-8.987501
Gm14453	-20.211813	-16.757935999999997
Arf1	-9.8948765	-6.4409985999999995
Osbpl5	-12.093607	-8.639728999999999
Slc2a9	-17.503763	-14.049885999999999
Olfr403	-20.90496	-17.451083999999998
Gm10603	-18.19691	-14.743032999999999
Lrrc8c	-12.57049	-9.116611500000001
Sf3a1	-12.361516	-8.907638
Gm50254	-19.113201	-15.659324
Ifitm7	-19.806348999999997	-16.352472
Fam120c	-13.494615	-10.040736
Ildr2	-16.142785999999997	-12.688908999999999
Cntnap5a	-18.507065	-15.053187
Gm11542	-18.507065	-15.053187
Zfp362	-12.079842999999999	-8.625964
Gm50396	-19.806348999999997	-16.352472
Tmed8	-12.931117	-9.477238999999999
Tubg2	-15.1397705	-11.685891999999999
Crtc1	-13.663595	-10.209717
Spata5	-13.259563	-9.805685
Ccl21a	-18.82552	-15.371642000000001
Mybl1	-13.555729999999999	-10.101851
Mmp25	-19.518665	-16.064789
Timm50	-12.363465	-8.909587
Ctu2	-12.826583	-9.3727045
L3mbtl1	-19.806348999999997	-16.352472
Parp9	-13.369664000000002	-9.915786
Cx3cl1	-14.850522	-11.396644
Nav1	-11.336247	-7.882369500000001
Nup88	-12.00169	-8.5478115
Tmem246	-12.316564999999999	-8.862686
Nhsl1	-14.886368	-11.432489
Pagr1a	-17.054813	-13.600935
Dhrs1	-11.780178999999999	-8.326300999999999
Slc44a1	-12.573616000000001	-9.119738
Acad9	-12.956223	-9.502344
Pi4kb	-13.099079	-9.645201
Jun	-9.004964999999999	-5.5510874
Gm49975	-18.420053	-14.966176
Rab28	-11.709024000000001	-8.255146
Selenof	-9.741877	-6.2879987
Tarbp2	-12.590129	-9.136250500000001
Cd226	-20.90496	-17.451083999999998
Rasgrp2	-11.250705	-7.796827
9530082P21Rik	-14.923547	-11.469667999999999
Fbxo42	-12.949887	-9.496008999999999
Kcnip4	-12.957636	-9.503757
Gm44123	-16.427623999999998	-12.973746
Gm4756	-20.90496	-17.451083999999998
Gm21411	-19.295523	-15.841645000000002
Pold2	-12.787351	-9.333472
Rwdd2b	-14.750103	-11.296225
Ppp1r14a	-8.807733	-5.353855
Acp4	-19.295523	-15.841645000000002
Isl2	-17.646864	-14.1929865
Ak5	-17.294043	-13.840164999999999
4933407E24Rik	-16.361666	-12.907788
Dlgap3	-18.95905	-15.505172
2600014E21Rik	-20.90496	-17.451083999999998
1700047G03Rik	-19.518665	-16.064789
Lrrc4b	-14.92861	-11.474731
Hrct1	-12.967944000000001	-9.514066
Gria4	-16.383173	-12.929295
Pola2	-13.862675	-10.408796
Cxxc1	-12.1006365	-8.646758
Cacna1b	-20.90496	-17.451083999999998
A130010J15Rik	-14.745866	-11.291986999999999
Naaa	-13.119241	-9.665362
Heatr6	-12.310807	-8.856929
Zscan29	-13.45721	-10.003331
Inppl1	-12.4917965	-9.037918
Wiz	-12.42298	-8.969102000000001
Greb1	-17.646864	-14.1929865
Ythdf2	-11.767083999999999	-8.313206
Gm12940	-13.408309	-9.954431
Tmie	-15.577085	-12.123206
Mybpc3	-18.82552	-15.371642000000001
Gjc1	-11.030491	-7.576613
Gm50240	-13.464228	-10.010349
Gm11549	-16.670855	-13.216976
Gm38150	-17.860437	-14.40656
Tars2	-12.988153	-9.534275
Mthfd2l	-11.799314500000001	-8.345436
C3	-14.5047035	-11.050825
Ip6k2	-12.639567999999999	-9.18569
Igsf9	-12.317309	-8.863431
Spsb4	-14.706482999999999	-11.2526045
Gm14327	-15.158757999999999	-11.704880000000001
Daglb	-13.2793665	-9.825488
Tcn2	-12.723241	-9.269362
Gm17435	-14.765077	-11.311198
Prkacb	-10.877930000000001	-7.4240520000000005
Enkur	-15.235079999999998	-11.781201
Lime1	-18.707735	-15.253858
Ano2	-15.115001000000001	-11.661122
Plod1	-12.070624	-8.616746000000001
Npm3	-11.502102	-8.0482235
Acvr1b	-13.449084	-9.995206
Zbtb41	-12.287923	-8.834044
Gm36495	-17.2414	-13.787521
Idnk	-12.316192	-8.862313
Slitrk6	-17.439224	-13.985347
Azi2	-11.488013	-8.034135000000001
Gm27162	-20.90496	-17.451083999999998
Snapc1	-12.323668	-8.869789
Sdc2	-10.75892	-7.305042
Rab40b	-13.39453	-9.940652
AI427809	-20.90496	-17.451083999999998
Ndufaf7	-12.4812	-9.027322
Map2k7	-12.267144	-8.813266
Agt	-20.211813	-16.757935999999997
Dtx2	-13.524704999999999	-10.070827
Ibsp	-15.428497	-11.974619
Ube2a	-11.582632	-8.128753999999999
Orm2	-19.295523	-15.841645000000002
Nadk	-12.097339999999999	-8.643461
Pdp1	-13.123404999999998	-9.669527
2310014F06Rik	-16.168762	-12.714885
Aicda	-20.90496	-17.451083999999998
Hoxd3os1	-14.577024	-11.123146
Hist1h2bp	-17.909226999999998	-14.45535
Gm20468	-18.82552	-15.371642000000001
Hr	-12.750749	-9.29687
Comt	-10.76222	-7.3083425
Pfkfb2	-14.923547	-11.469667999999999
Hist3h2ba	-15.956202	-12.502322999999999
Rrn3	-12.894934	-9.441055
Pgk1	-11.174399000000001	-7.720521499999999
Dnal4	-12.310066	-8.856188000000001
Itgax	-18.071747	-14.617869
Gm39397	-20.211813	-16.757935999999997
Gm50044	-19.806348999999997	-16.352472
Ssu72	-11.225368	-7.7714896
Gm7008	-16.670855	-13.216976
Fgd6	-12.958697	-9.504819
Mn1	-12.489137	-9.035258
Gm12158	-17.646864	-14.1929865
Csrnp3	-17.167292	-13.713413000000001
Nfil3	-12.078667	-8.624788
Olfr922	-20.211813	-16.757935999999997
Ntf5	-20.90496	-17.451083999999998
Eri1	-13.065828999999999	-9.611951
Hba-a2	-14.059080999999999	-10.605203
Negr1	-15.673853	-12.2199745
Nckipsd	-14.099238	-10.64536
Gga3	-13.865301	-10.411423
Mzb1	-19.113201	-15.659324
Gjb5	-18.19691	-14.743032999999999
Gm26676	-20.211813	-16.757935999999997
Gjb4	-19.295523	-15.841645000000002
Klhl2	-13.439878	-9.986
Ppbp	-19.113201	-15.659324
Morf4l2	-10.474115	-7.020237400000001
Bbip1	-11.568429	-8.114550999999999
Cluh	-12.949536	-9.495658
Rpf2	-12.977998	-9.524119
Tm4sf1	-8.355213000000001	-4.901335700000001
Zfp94	-14.098132000000001	-10.644254
Dnase1	-20.211813	-16.757935999999997
Neurl4	-13.113852	-9.659972999999999
Tmem97	-13.12675	-9.672872
Gm45885	-15.466882	-12.013003
4930509G22Rik	-17.294043	-13.840164999999999
Birc2	-12.066264	-8.612386
Mlxip	-12.398021	-8.944142
Kcna2	-15.041329999999999	-11.587452
Rpia	-12.992172	-9.538294
Mt1	-9.095864	-5.641987
Notch4	-15.668519	-12.214641
Gm15246	-17.726907999999998	-14.273029000000001
5730507C01Rik	-15.538985	-12.085107
Dhx34	-13.811557	-10.357678
Serinc5	-12.605178	-9.151299
4930444P10Rik	-20.211813	-16.757935999999997
Miga2	-13.492801	-10.038922
Chrna9	-20.90496	-17.451083999999998
Sim2	-20.211813	-16.757935999999997
Gm33091	-20.211813	-16.757935999999997
Pard6g	-13.817388000000001	-10.363509
Abhd13	-12.796037	-9.342158
Slc6a20b	-16.777826	-13.323948999999999
Zfp781	-16.48612	-13.032242
Pot1b	-13.653616	-10.199738
Dnajc3	-10.3127365	-6.8588586
Slc39a6	-12.410013000000001	-8.956135
Gm14210	-19.518665	-16.064789
I830134H01Rik	-17.726907999999998	-14.273029000000001
Jakmip2	-18.95905	-15.505172
Zfp979	-14.221601000000001	-10.767722000000001
Mlf1	-13.095825999999999	-9.641948
Lrrc8d	-15.817364999999999	-12.363486
Gm16316	-18.602375	-15.148498000000002
Piezo2	-13.6543255	-10.200447
Usp3	-12.289916	-8.836038
Gm5464	-17.076319	-13.622441
Ero1l	-11.793667999999998	-8.339789
Gm15579	-18.507065	-15.053187
Gm960	-18.265903	-14.812026000000001
March8	-12.182219	-8.72834
Gm12159	-20.90496	-17.451083999999998
Igsf8	-11.577282	-8.123403999999999
Sf3b4	-12.099736	-8.645858
Cym	-19.806348999999997	-16.352472
Asb11	-17.267374	-13.813497
Ric8b	-12.878138	-9.424259
Tubb5	-10.110644	-6.6567664
Gm47551	-18.82552	-15.371642000000001
Picalm	-10.3282995	-6.8744216
Frmd7	-20.211813	-16.757935999999997
St13	-10.354030999999999	-6.9001527000000005
Agap2	-16.394102	-12.940224
Gm15222	-17.267374	-13.813497
Snx12	-12.617683999999999	-9.163806
Aqp1	-10.786524	-7.332646
Yipf6	-12.715994	-9.2621155
Gm28791	-14.201773000000001	-10.747894
Nceh1	-13.824094	-10.370215
Vmn1r4	-18.071747	-14.617869
Grik5	-12.779035	-9.325156
Pnkd	-11.041255	-7.587377
Matk	-17.537664000000003	-14.083787
Laptm5	-16.416325	-12.962446
Zfp664	-11.841961999999999	-8.388083
Nek4	-13.738695000000002	-10.284817
2210039B01Rik	-17.294043	-13.840164999999999
Pyroxd1	-13.070172999999999	-9.616295
Elk1	-13.269657	-9.815779
Loxl4	-16.289839999999998	-12.835962
H3f3a	-8.537088	-5.083210500000001
Dhdds	-12.596022999999999	-9.142144
Dpm1	-10.907892	-7.4540143
Eri3	-11.650221	-8.196342
Gm49539	-14.771564000000001	-11.317685
Cdk19	-12.479883000000001	-9.026005
Gm15940	-17.349613	-13.895735
Lrrc41	-12.537196	-9.083317999999998
2610001J05Rik	-11.505654	-8.051776
2810459M11Rik	-20.211813	-16.757935999999997
Hif3a	-16.309841	-12.855963000000001
Vrk3	-13.231273000000002	-9.777394000000001
Dpm2	-11.794552000000001	-8.340672999999999
Cd209g	-17.960522	-14.506644
Gapvd1	-11.480558	-8.02668
Rpn2	-10.415355	-6.961477
Erich3	-18.01459	-14.560711999999999
Gm43126	-16.973135	-13.519257999999999
Zcrb1	-10.525394	-7.0715164999999995
Gm10754	-20.90496	-17.451083999999998
Pcna	-11.892219	-8.43834
Mlf2	-10.295213	-6.841335000000001
Ang	-13.810726	-10.356848
Gm29966	-20.211813	-16.757935999999997
Cbr3	-13.075331	-9.621452
Prag1	-15.096819	-11.6429405
Nemf	-11.316459	-7.862581
Blm	-15.078960999999998	-11.625083
Ascc1	-12.43843	-8.984551
Gmppa	-12.139033999999999	-8.685156
E330020D12Rik	-20.90496	-17.451083999999998
Ugcg	-12.972599	-9.518721000000001
BC017158	-13.5647745	-10.110896
Slc38a1	-11.997349	-8.54347
Gm13053	-20.90496	-17.451083999999998
Fastk	-11.8393	-8.385422
Slc25a51	-12.363075	-8.909197
Sptbn5	-17.267374	-13.813497
Inmt	-15.458224	-12.004346
Pard6a	-13.155207999999998	-9.701329
Vsig1	-17.609123	-14.155246
Abcd2	-16.700267999999998	-13.24639
Gm14636	-14.829616	-11.375736999999999
Gm32401	-19.518665	-16.064789
Flad1	-13.985276999999998	-10.531399
Tes	-10.707611	-7.253733
Gm13270	-17.813917	-14.36004
Nelfb	-12.010565	-8.556686000000001
C1qtnf6	-11.996808	-8.54293
Gm49860	-19.518665	-16.064789
Mzt2	-12.578202000000001	-9.124324
Ruvbl1	-12.002369999999999	-8.548491499999999
Kansl3	-12.153487	-8.699608999999999
Capsl	-14.970067000000002	-11.516189
Mif	-10.430014	-6.9761357
Pln	-12.969374	-9.515495
Zfp280c	-13.618085	-10.1642065
Dnpep	-11.896125	-8.442246
A330009N23Rik	-17.378601	-13.924723
Lipo2	-19.113201	-15.659324
Ftsj3	-12.637255999999999	-9.183377
Lsm5	-11.7439165	-8.290038000000001
Cdk17	-12.917437	-9.463558
Edem2	-13.161257999999998	-9.707379
Cd53	-17.537664000000003	-14.083787
Rgs14	-18.95905	-15.505172
Grk3	-13.335033	-9.881155
Fbxl16	-15.340441	-11.886562
Zcchc24	-11.479913	-8.026034
Rcl1	-13.3324585	-9.87858
Gm30794	-15.152389000000001	-11.69851
Gm44957	-19.113201	-15.659324
Etv4	-17.646864	-14.1929865
Fam76a	-10.948502000000001	-7.494623700000001
Tbc1d9b	-12.487809	-9.033930999999999
Cx3cr1	-17.860437	-14.40656
Wrb	-13.004325	-9.5504465
Gm44020	-19.806348999999997	-16.352472
Zbtb40	-14.234195000000001	-10.780316000000001
Gm21750	-19.113201	-15.659324
Antxr2	-12.700289999999999	-9.246411
Arhgap20	-16.289839999999998	-12.835962
Il1r2	-18.132372	-14.678494
Gm43598	-17.054813	-13.600935
Gm11127	-18.707735	-15.253858
Rab3d	-12.004548	-8.55067
Phf11d	-13.709774	-10.255896
Pdia6	-10.680150999999999	-7.226273
0610039K10Rik	-16.953716	-13.499839000000001
mt-Nd4	-7.1486845	-3.694807
Anp32e	-10.971769	-7.517891400000001
Acsf3	-14.412722	-10.958843
Epsti1	-18.420053	-14.966176
Usp27x	-15.399629999999998	-11.945751
3300005D01Rik	-20.211813	-16.757935999999997
Gm12111	-17.378601	-13.924723
Fam8a1	-11.710649	-8.25677
Araf	-11.505075	-8.051197
Exo1	-18.19691	-14.743032999999999
Epb41l4aos	-12.721285	-9.267406
Exoc4	-11.888933999999999	-8.435056
Prrt4	-19.295523	-15.841645000000002
Fam89a	-18.01459	-14.560711999999999
Slc25a38	-12.654863	-9.200985000000001
Rbfox2	-10.684002	-7.230124000000001
Parp11	-14.476856	-11.022978
Avp	-19.518665	-16.064789
Gm45437	-19.806348999999997	-16.352472
Bora	-14.278243	-10.824365
Adam22	-16.125837	-12.671959
C1qbp	-11.483792	-8.029914
Phf3	-11.035496	-7.581617999999999
Gm13288	-19.518665	-16.064789
Barhl1	-20.90496	-17.451083999999998
Tex30	-13.383643	-9.929765
Fbxw2	-11.445731	-7.991853
Gm49083	-17.960522	-14.506644
Gm10532	-18.340011999999998	-14.886134
Tab1	-13.818223000000001	-10.364345
Eny2	-11.024128	-7.57025
Dscam	-17.960522	-14.506644
Boc	-12.548407000000001	-9.094528
Ruvbl2	-12.929739999999999	-9.475862
Gm14211	-20.211813	-16.757935999999997
Gm35188	-20.211813	-16.757935999999997
Zfp748	-13.829998000000002	-10.37612
Ctsc	-11.542328999999999	-8.08845
Phlpp1	-12.839696	-9.385817999999999
Igbp1	-11.807789999999999	-8.353911
Spef1	-13.827463	-10.373585
1700007K13Rik	-19.806348999999997	-16.352472
Cfap97d2	-20.90496	-17.451083999999998
Col5a3	-16.498241	-13.044364
Pole	-16.134275	-12.680398
Gm36723	-17.960522	-14.506644
Hs6st2	-13.795082	-10.341204
Aox2	-19.113201	-15.659324
Gm24362	-16.48612	-13.032242
Gm49548	-20.211813	-16.757935999999997
Nr3c1	-10.315679	-6.8618007
Gm13269	-16.160028	-12.706151
Nxn	-11.308542	-7.8546643
2410080I02Rik	-14.164442000000001	-10.710564
Mast1	-19.518665	-16.064789
Atox1	-10.246244	-6.792366499999999
Pigu	-13.202404999999999	-9.748527000000001
Zfp354a	-13.813219	-10.359341
Rab8a	-11.856317	-8.402438
Slc25a10	-14.088225	-10.634347
Utp14b	-13.8049345	-10.351056
Efcab14	-11.470198	-8.016319000000001
Sec31a	-10.671846	-7.2179685
Sox13	-13.734073	-10.280194
Fam71a	-13.110138000000001	-9.656260000000001
Katnal2	-18.507065	-15.053187
Gm16618	-18.132372	-14.678494
2700038G22Rik	-15.187934	-11.734055499999998
Qsox2	-12.772549	-9.31867
Cmpk2	-14.86709	-11.413212
Mycn	-17.646864	-14.1929865
Ppm1f	-13.758977	-10.305099
Mylk2	-12.943242	-9.489364
Lrrc49	-13.859183999999999	-10.405306
Fndc5	-15.817364999999999	-12.363486
Clec4a2	-18.420053	-14.966176
BC055324	-16.844519000000002	-13.39064
Mrpl49	-12.398223	-8.944344500000001
Rskr	-16.700267999999998	-13.24639
4921507G05Rik	-18.707735	-15.253858
Gm47675	-20.211813	-16.757935999999997
Metap2	-10.471964	-7.018086
Bcl2	-11.18702	-7.7331424
Rpl18	-8.406417	-4.952539
Tfdp2	-11.770423	-8.316545
Mpped2	-12.53534	-9.081462
Asb16	-17.216082	-13.762203
AC154200.1	-18.602375	-15.148498000000002
Mpzl2	-19.806348999999997	-16.352472
Snhg7os	-20.90496	-17.451083999999998
Vps37c	-12.837185	-9.3833065
Rfc5	-14.036985999999999	-10.583108
Kdm4c	-12.435279	-8.981400500000001
Neurl2	-12.470715	-9.016836
Rad21	-11.397780000000001	-7.943902499999999
Adss	-11.372828	-7.9189495999999995
Ggn	-16.462309	-13.008431
Efhb	-15.420164000000002	-11.966286
Rnpepl1	-11.800537	-8.346658999999999
Pgp	-11.327065	-7.8731875
Msl3l2	-13.39289	-9.939012
Ly6c1	-15.728810999999999	-12.274933
Vmn2r114	-20.90496	-17.451083999999998
AC149090.1	-11.653383	-8.199505
Cox4i2	-13.119241	-9.665362
Olfr733	-19.518665	-16.064789
Espnl	-19.806348999999997	-16.352472
Sh2d5	-18.071747	-14.617869
Cstf2	-13.451979000000001	-9.9981
Mrpl55	-11.691028	-8.237149
Ffar1	-20.211813	-16.757935999999997
Scnm1	-12.597749	-9.14387
Slc8a3	-14.970067000000002	-11.516189
Ptgr1	-12.91574	-9.461862
Gm46411	-19.806348999999997	-16.352472
N4bp2	-13.00655	-9.552671
Arid2	-11.802539999999999	-8.348661
Scai	-12.756803999999999	-9.302926
Mapk1	-11.350039	-7.8961606
Alpk1	-14.615245999999999	-11.161367
Slc7a11	-17.349613	-13.895735
Nr2c1	-13.222017999999998	-9.768139999999999
Gm42397	-15.695475	-12.241596000000001
Gm10648	-16.897627	-13.443748999999999
Tnfsf13	-13.165602	-9.711723
Prdm8	-20.211813	-16.757935999999997
Gm13179	-18.265903	-14.812026000000001
Dna2	-15.963319	-12.50944
Pik3cb	-12.578687	-9.124808
Gm5086	-20.90496	-17.451083999999998
6030442K20Rik	-16.084679	-12.630801
Decr1	-12.142002	-8.688124
Hmga2	-17.267374	-13.813497
Atrip	-12.685097	-9.231218
Nipa1	-12.803587	-9.349708999999999
Mknk2	-11.487525	-8.033647
Tmem255a	-17.378601	-13.924723
Arhgap12	-12.417815	-8.963937
Fasn	-12.5748205	-9.120942
Sept7	-9.639626	-6.185747599999999
Pigv	-13.693404000000001	-10.239526
1700120B22Rik	-19.518665	-16.064789
AW551984	-19.806348999999997	-16.352472
Gm11646	-18.82552	-15.371642000000001
Btla	-17.726907999999998	-14.273029000000001
Fam111a	-14.451335999999998	-10.9974575
Lcorl	-13.046321	-9.5924425
Dkk3	-10.185092	-6.731214
5430405H02Rik	-13.358514999999999	-9.904636
Gm33206	-20.90496	-17.451083999999998
Il20rb	-17.167292	-13.713413000000001
Kcng4	-18.265903	-14.812026000000001
Sephs2	-13.042464	-9.588586
Scrn1	-12.660102	-9.2062235
Chd9	-11.008096	-7.554218
Edf1	-9.754527000000001	-6.300649
Dynlt1b	-14.555822000000001	-11.101944
Cwc25	-12.223102	-8.769223
4930432K21Rik	-17.503763	-14.049885999999999
Amn1	-12.989978	-9.536099
Ggnbp1	-13.009152	-9.555274
Misp	-18.707735	-15.253858
Syne4	-17.439224	-13.985347
Gm45877	-19.806348999999997	-16.352472
Glrx3	-10.9528265	-7.498948599999999
F830208F22Rik	-18.602375	-15.148498000000002
Fundc2	-10.949403	-7.495525
Bmpr1b	-12.065539	-8.611661
Dkc1	-12.3313875	-8.877509
Med19	-12.286655999999999	-8.832778
Dmxl1	-11.340167999999998	-7.88629
Cyct	-17.686085000000002	-14.232207
Qrich2	-18.602375	-15.148498000000002
Zc2hc1a	-10.725434	-7.2715564
Gm6712	-15.217985999999998	-11.764108
Insig2	-11.177674	-7.7237964
Cpne2	-11.578083	-8.124205
Gm20705	-16.168762	-12.714885
Cav1	-9.666801	-6.2129235000000005
Cyb5r3	-9.311589999999999	-5.8577123
Ece1	-12.671723	-9.217845
Gm47948	-20.90496	-17.451083999999998
1300017J02Rik	-17.439224	-13.985347
Gm11655	-20.90496	-17.451083999999998
Acin1	-10.573041	-7.119163
Slc16a3	-13.208749	-9.75487
Adarb1	-10.963215	-7.5093369999999995
Lratd2	-15.295489000000002	-11.841611
Sox10	-18.420053	-14.966176
Diaph3	-15.194533999999999	-11.740656
Gm46409	-17.267374	-13.813497
Irgc1	-17.01314	-13.559262
Plxdc2	-10.426688	-6.9728103
Cd209c	-19.806348999999997	-16.352472
Crybb2	-19.806348999999997	-16.352472
Rab33b	-12.432765	-8.978887
Dhx58os	-15.181376	-11.727497999999999
Eif1ad	-12.657217	-9.203339
Gxylt1	-12.72885	-9.274972
Gm47405	-20.90496	-17.451083999999998
Akt1	-11.303457	-7.8495793
Dsc2	-16.730574	-13.276695000000002
Cyp27b1	-18.602375	-15.148498000000002
Elmo1	-13.095419999999999	-9.641541499999999
Btbd18	-20.90496	-17.451083999999998
Phkb	-12.030233	-8.576355
Siva1	-10.919064500000001	-7.465186599999999
Sdcbp	-10.530471	-7.076592999999999
Igsf21	-19.806348999999997	-16.352472
E430024P14Rik	-15.848716	-12.394836999999999
Gm11915	-17.726907999999998	-14.273029000000001
Tcp11	-18.071747	-14.617869
Cdk2ap2	-10.979761	-7.525883
Homer3	-13.279854	-9.825975
BC018473	-17.470974	-14.017095999999999
AV039307	-16.270231	-12.816353999999999
Gm47565	-19.518665	-16.064789
Spag9	-10.073649000000001	-6.6197715
Bclaf3	-12.249225	-8.795346
2610507B11Rik	-11.369860000000001	-7.9159820000000005
Mmrn2	-14.690353	-11.236475
Hcfc1r1	-9.279867999999999	-5.8259907
Gm28505	-20.90496	-17.451083999999998
Pik3c3	-12.910328999999999	-9.45645
Gm12089	-16.204481	-12.750603
Tmem234	-10.556852000000001	-7.102974400000001
Glt1d1	-20.90496	-17.451083999999998
Gm49662	-20.90496	-17.451083999999998
Gm16278	-18.507065	-15.053187
Gm47906	-20.90496	-17.451083999999998
Prkrip1	-12.396405	-8.942527
Gm26566	-16.810616	-13.356738
Gbp8	-20.90496	-17.451083999999998
Tm9sf4	-12.048869999999999	-8.594992
9930021J03Rik	-11.768267999999999	-8.314389
Eif2b3	-12.426300999999999	-8.972423
1700064H15Rik	-18.95905	-15.505172
Sacs	-11.199314999999999	-7.745437
Atf6	-12.088256	-8.6343775
Tmem35b	-13.506175	-10.052297
Necab3	-19.113201	-15.659324
Tnfrsf11a	-12.5657	-9.111821
Plcb4	-9.322426	-5.8685480000000005
Vmn2r59	-19.518665	-16.064789
Dmc1	-15.28819	-11.8343115
Pcdhga9	-14.938814	-11.484936
Tnfaip8	-11.613686999999999	-8.159808
2700062C07Rik	-12.801769	-9.347891
Armcx6	-14.521455	-11.067575999999999
Gm43604	-18.707735	-15.253858
Ndufaf8	-11.144824	-7.690946
Itga2b	-14.451335999999998	-10.9974575
Sept6	-11.641175	-8.187297000000001
Dffa	-13.656457000000001	-10.202579
C5ar1	-18.132372	-14.678494
Olfr458	-20.211813	-16.757935999999997
Npr2	-12.087071	-8.633192999999999
Vmn2r3	-18.507065	-15.053187
Cdc42	-9.799177	-6.3452991999999995
Anxa3	-10.648074000000001	-7.194196000000001
Itih3	-14.155029999999998	-10.701152
Emg1	-11.343049	-7.889171000000001
Spock3	-17.14376	-13.689882
Gm38398	-19.113201	-15.659324
Gm30015	-17.503763	-14.049885999999999
Atp5o	-10.351834	-6.8979564
Ywhah	-10.273997	-6.8201194
Hpgds	-16.045149	-12.59127
Clic4	-9.132166999999999	-5.678289
Mxd1	-12.566417	-9.112538
4930594M22Rik-1	-18.01459	-14.560711999999999
Bag1	-10.340307000000001	-6.8864293000000005
Hsdl1	-13.055636999999999	-9.601759
Gm15663	-13.975445	-10.521566
Cma1	-18.82552	-15.371642000000001
Slc22a20	-20.90496	-17.451083999999998
Ccrl2	-12.865803999999999	-9.411925
Cenpq	-13.348533999999999	-9.894655
4930549G23Rik	-17.909226999999998	-14.45535
Whamm	-12.220391000000001	-8.766513
Dnajc21	-11.251474	-7.7975965
A330033J07Rik	-19.295523	-15.841645000000002
Frat1	-16.279987	-12.82611
Mxra7	-11.279997999999999	-7.8261199999999995
Cstf2t	-13.185388	-9.731508999999999
Dpf3	-17.216082	-13.762203
Zfp40	-13.49825	-10.044372000000001
Gm45184	-17.267374	-13.813497
Dusp4	-16.64228	-13.188403
Slc9a9	-17.03376	-13.579882000000001
Gm38246	-19.518665	-16.064789
Gfra2	-16.372362	-12.918484
Rnf14	-11.75225	-8.298371000000001
Kbtbd12	-16.746078	-13.2922
4933411E06Rik	-17.120770999999998	-13.666893
S100a16	-10.88877	-7.434892
Ghdc	-13.221097	-9.767219
Ppm1a	-10.839738	-7.385860000000001
Pkd2	-11.562803	-8.108925
Tmem208	-11.470038	-8.016160000000001
Mpi	-13.7135315	-10.259653
Tmbim1	-11.34735	-7.893472
Ccdc36	-18.340011999999998	-14.886134
Gm11837	-14.390248000000001	-10.93637
Zan	-18.707735	-15.253858
Dsn1	-15.466882	-12.013003
B630019K06Rik	-14.789069	-11.335191
Slit3	-10.964371	-7.510492999999999
F2r	-12.128331	-8.674453
4632428C04Rik	-18.071747	-14.617869
Notum	-18.95905	-15.505172
Chrna10	-19.806348999999997	-16.352472
Gm47251	-19.518665	-16.064789
Gm45738	-18.507065	-15.053187
A230083G16Rik	-18.602375	-15.148498000000002
2610020C07Rik	-15.08785	-11.633971
Slc2a13	-13.018880000000001	-9.5650015
Gm3235	-20.211813	-16.757935999999997
Vmn2r18	-20.90496	-17.451083999999998
Dchs1	-13.142365	-9.688487
Gm26781	-19.518665	-16.064789
Shisal2b	-19.806348999999997	-16.352472
Gm10778	-16.372362	-12.918484
Minar1	-18.265903	-14.812026000000001
Cmtm6	-12.571691	-9.117811999999999
Dglucy	-14.523145000000001	-11.069266
Asns	-15.977707999999998	-12.523829
Idi1	-12.145605999999999	-8.691728
Epcam	-19.113201	-15.659324
Cdkn3	-16.548251999999998	-13.094374
Mmp9	-15.792973499999999	-12.339095
Gm30893	-20.90496	-17.451083999999998
4632404M16Rik	-19.806348999999997	-16.352472
Lvrn	-16.241522	-12.787643
Pde1c	-13.900986999999999	-10.447108
Mea1	-11.674719999999999	-8.220841
Retreg1	-14.615245999999999	-11.161367
Cyb5d2	-13.689720999999999	-10.235843
Gm28792	-18.340011999999998	-14.886134
Gpr137b	-13.5844345	-10.130556
D730003I15Rik	-13.744892000000002	-10.291014
Vps26a	-11.93009	-8.476212
Hdac8	-13.696360999999998	-10.242482
Galt	-12.555477	-9.101599
1110012L19Rik	-12.73054	-9.276662
Gm14326	-14.266394	-10.812515
Tmem161a	-12.200294	-8.746414999999999
Tmprss9	-16.548251999999998	-13.094374
Prkcg	-15.367626999999999	-11.913749000000001
Cers3	-18.420053	-14.966176
Snapc5	-11.303931	-7.8500533
4930483P17Rik	-19.518665	-16.064789
Rtn4	-10.038280499999999	-6.5844026
Prim1	-13.088947000000001	-9.635069
Gm29237	-17.537664000000003	-14.083787
Stfa3	-20.90496	-17.451083999999998
Psma5	-10.806728999999999	-7.352851400000001
Gm5533	-16.93467	-13.480791
Gm15691	-19.113201	-15.659324
Grp	-17.909226999999998	-14.45535
Mtfr2	-17.686085000000002	-14.232207
Zfp521	-16.498241	-13.044364
Prmt1	-11.088175999999999	-7.634297999999999
Slc38a7	-13.413316	-9.959437
Pirt	-20.211813	-16.757935999999997
Lrrc1	-14.491501999999999	-11.037623
Poc1a	-14.550591	-11.096713000000001
Nup205	-13.234066	-9.780188
Gm44421	-15.17162	-11.717742
Sppl2a	-11.380028999999999	-7.926150999999999
Gm20633	-16.462309	-13.008431
Wrn	-12.228544	-8.774666
Gm38287	-18.95905	-15.505172
Pusl1	-13.147054999999998	-9.693176
C230037L18Rik	-15.907748999999999	-12.453871000000001
Gm17035	-19.113201	-15.659324
Ero1lb	-13.797536	-10.343657499999999
Pigm	-13.369664000000002	-9.915786
Anp32a	-10.781897	-7.3280187
Sesn1	-11.543102000000001	-8.089224
Zbtb24	-13.33865	-9.884771
Gm32389	-17.686085000000002	-14.232207
Uty	-20.211813	-16.757935999999997
Drd1	-15.842366	-12.388488
Nsmce2	-12.339169	-8.88529
Pspn	-19.295523	-15.841645000000002
Scaf4	-12.707422	-9.253544
Ptpn4	-13.256699	-9.80282
Vmn1r201	-18.95905	-15.505172
Gm44702	-17.14376	-13.689882
Ttbk2	-12.942546	-9.4886675
Scara3	-11.620255	-8.166377
Gm10570	-15.395573	-11.941694
Napg	-11.667394999999999	-8.213516
Neurl1a	-15.266606	-11.812728
Tmem44	-16.574228	-13.12035
Gm12953	-18.507065	-15.053187
Hint3	-11.678649	-8.224771
Paf1	-11.390229	-7.936351299999999
Gm8994	-19.295523	-15.841645000000002
Gnpda2	-12.121259	-8.66738
Mpnd	-11.423831	-7.969953
Gm37986	-15.868008999999999	-12.41413
Fstl5	-19.518665	-16.064789
Pms2	-13.243904999999998	-9.790027
B430306N03Rik	-19.806348999999997	-16.352472
Prep	-12.849803999999999	-9.3959255
Smg9	-13.131367000000001	-9.677488
Slc35g1	-14.224107	-10.770228
Ostm1	-13.271107999999998	-9.817229
2610037D02Rik	-13.261957	-9.808079
Pkp1	-18.265903	-14.812026000000001
Rp2	-12.601704	-9.147825
Unc13d	-16.319994	-12.866116
Ubb	-8.067622	-4.6137443
Ankrd13c	-12.487368	-9.033489
Tubgcp3	-12.765521000000001	-9.311643
Gm15809	-15.002328	-11.5484495
Nudt2	-13.136004999999999	-9.682127000000001
Zbtb7a	-10.831478	-7.3776
Gm37850	-17.439224	-13.985347
Rbpjl	-18.265903	-14.812026000000001
Rab39	-20.211813	-16.757935999999997
Sntb1	-12.25184	-8.797961
Gnptg	-12.827204	-9.373325
Lsg1	-12.636743	-9.182864
Gm35315	-16.00712	-12.553243
Gm44997	-15.745906	-12.292027000000001
Gm11149	-16.93467	-13.480791
Gm16066	-18.01459	-14.560711999999999
Etohd2	-15.052759	-11.598881
Clstn3	-19.518665	-16.064789
Gm14319	-19.113201	-15.659324
Gm13075	-18.82552	-15.371642000000001
Setd4	-14.649211	-11.195333
Aqp9	-20.211813	-16.757935999999997
Rab8b	-13.076127	-9.622249
Ano3	-16.029764	-12.575886
Gm8075	-19.518665	-16.064789
AA386476	-15.553103	-12.099225
Arnt	-12.1678295	-8.713951
Tafa2	-17.726907999999998	-14.273029000000001
Gm45218	-18.19691	-14.743032999999999
Gas2	-15.231638	-11.77776
Eif2c5	-14.262474	-10.808596000000001
Ascc3	-11.746967	-8.293089
Gm13063	-20.211813	-16.757935999999997
Tmcc1	-12.091374	-8.637496
B3gnt6	-18.602375	-15.148498000000002
Gm11734	-16.685453	-13.231575
1810055G02Rik	-12.372683	-8.918804
Jak3	-18.340011999999998	-14.886134
Cabp7	-20.90496	-17.451083999999998
Gm35019	-16.510510999999997	-13.056633999999999
Il34	-18.132372	-14.678494
Gm2245	-19.295523	-15.841645000000002
Nudt6	-13.6174	-10.163522
Rell2	-17.470974	-14.017095999999999
Cep170	-12.03697	-8.583092
Gm45022	-16.715304999999997	-13.261428
Gm36608	-14.420326000000001	-10.966448
Chrac1	-11.2407465	-7.7868686
Fnip1	-11.765902	-8.312023
Bag3	-11.204447	-7.7505690000000005
Bhlhe40	-13.453139000000002	-9.999261
Bdkrb1	-18.071747	-14.617869
Map10	-14.859956	-11.406077
Eln	-8.210416	-4.756538
Ccr5	-18.265903	-14.812026000000001
Mydgf	-11.117502	-7.6636243
Atr	-12.993637	-9.539759
Ptgds	-16.973135	-13.519257999999999
Bms1	-12.104395	-8.6505165
Pdlim4	-11.041984	-7.5881057
Egfl7	-16.474144	-13.020266000000001
Gm42517	-16.02216	-12.568280999999999
Scube3	-10.705377	-7.251498700000001
Cdhr3	-18.507065	-15.053187
Zdhhc1	-12.705771	-9.251892999999999
Gmip	-14.569907	-11.116029
Plcd4	-17.537664000000003	-14.083787
Capn3	-14.649211	-11.195333
Gm35438-1	-17.01314	-13.559262
Gm49086	-18.340011999999998	-14.886134
Col9a1	-17.2414	-13.787521
Msln	-19.518665	-16.064789
Gm20621	-19.113201	-15.659324
Cavin2	-11.187382000000001	-7.733503999999999
Noxo1	-13.522836999999999	-10.068958
Gm50410	-15.949133999999999	-12.495255
Gm26590	-16.827423	-13.373546
Wdr33	-11.448934	-7.9950557
Acss2os	-20.90496	-17.451083999999998
Sowahd	-20.90496	-17.451083999999998
4933433G19Rik	-17.860437	-14.40656
Fgf8	-19.806348999999997	-16.352472
Itga6	-15.637103	-12.183225
Glipr1	-12.1541195	-8.700241
Upf3b	-11.807453	-8.353575
Tspyl1	-11.5955	-8.141622
Zbtb10	-12.496468	-9.042589
Cyth4	-18.01459	-14.560711999999999
9330175E14Rik	-20.211813	-16.757935999999997
Filip1l	-8.52842	-5.074542500000001
9530052E02Rik	-17.909226999999998	-14.45535
Rexo5	-15.520466	-12.066587
Gm26604	-20.211813	-16.757935999999997
Gm28557	-14.322935999999999	-10.869058
Zfp994	-13.739467999999999	-10.285589
Ak2	-11.850807000000001	-8.396929
Gm42846	-20.211813	-16.757935999999997
2700046G09Rik	-14.602343	-11.148464
Nifk	-12.555003999999998	-9.101125999999999
BC037032	-14.280895999999998	-10.827017999999999
Marveld2	-17.960522	-14.506644
Adal	-13.927679999999999	-10.473802000000001
Zfp493	-15.076015	-11.622137
Cdh20	-19.806348999999997	-16.352472
Kctd13	-13.262437	-9.808558
N4bp1	-12.282508	-8.8286295
Rpl9-ps6	-13.225710000000001	-9.771831500000001
Hyal2	-12.787947	-9.334067999999998
BB557941	-18.19691	-14.743032999999999
Aldh3b1	-15.520466	-12.066587
Pglyrp1	-16.953716	-13.499839000000001
Phpt1	-12.198802	-8.744924000000001
Dhx30	-11.966560000000001	-8.512682
Fam168a	-11.229818	-7.7759404000000005
Ncald	-11.695421000000001	-8.241543
AC133103.1	-20.211813	-16.757935999999997
Eif5b	-9.876966	-6.4230886
Stn1	-13.5104685	-10.05659
Tdrd3	-12.167347999999999	-8.7134695
Gm5141	-14.431070000000002	-10.977192
Gm9747	-17.439224	-13.985347
Trim10	-19.295523	-15.841645000000002
Gm50169	-17.609123	-14.155246
Iah1	-11.901276	-8.447397
Exosc10	-12.39984	-8.945962
Zfp518b	-13.41499	-9.961112
Kcnk5	-18.95905	-15.505172
Tmed3	-10.470433	-7.0165553
Fgf1	-11.508639	-8.054761
Fbxl8	-13.882093	-10.428215
Aldh18a1	-13.461297	-10.007419
Gm15747	-16.992937	-13.539060000000001
Dnajb13	-20.211813	-16.757935999999997
Ces1a	-19.295523	-15.841645000000002
Dbn1	-12.366593	-8.912714999999999
Ninj1	-11.166289	-7.712411400000001
Kdm3b	-12.533951	-9.080072
Fzd10	-20.90496	-17.451083999999998
Plaat5	-19.518665	-16.064789
Larp6	-14.883938	-11.430059
Nphp1	-12.886664999999999	-9.432787
BC028471	-20.211813	-16.757935999999997
Gm5741	-20.211813	-16.757935999999997
Col23a1	-14.472021	-11.018142999999998
Nod1	-13.647254	-10.193375999999999
Trex1	-19.518665	-16.064789
Cela1	-14.426452	-10.972572999999999
Zfp853	-18.01459	-14.560711999999999
Osmr	-13.201051000000001	-9.747172
Arhgef28	-14.733260000000001	-11.279382
Gm11808	-12.492018	-9.038139
4933431E20Rik	-14.838853	-11.3849745
Adamts2	-11.090578	-7.6367
Emilin1	-10.922939999999999	-7.469062299999999
Slc5a2	-18.01459	-14.560711999999999
Sh3glb2	-11.908557	-8.454678999999999
Mmp11	-13.748785	-10.294907
Gm9926	-18.340011999999998	-14.886134
Hspa1l	-13.166473000000002	-9.712595
Bnip3l	-10.7641115	-7.310233599999999
Tsr3	-12.896929	-9.44305
Cope	-10.576532	-7.122654400000001
Lrrc45	-12.858412	-9.404533
Sorbs1	-11.36187	-7.907992
Kcnd1	-15.963319	-12.50944
Osbpl11	-12.509483	-9.055605
Tfeb	-12.270874000000001	-8.816996000000001
Gm32624	-18.82552	-15.371642000000001
Tysnd1	-12.774313000000001	-9.320435
Mtm1	-13.298573499999998	-9.844695
Kcnq5	-13.363809	-9.909930000000001
Pfkp	-10.808336	-7.3544583
Sorbs2	-10.910126	-7.4562479999999995
Trappc12	-12.666953	-9.213075
Pde8a	-14.741647	-11.287768
Als2cl	-15.553103	-12.099225
Myo1b	-15.706464000000002	-12.252585
Olfr552	-18.071747	-14.617869
Smo	-11.908433	-8.454555000000001
Kcnq2	-18.340011999999998	-14.886134
Trim30d	-14.795713000000001	-11.341835000000001
Klhl24	-11.197246	-7.743367699999999
Gm11008	-17.769466	-14.315589000000001
Hoxb3	-12.829378	-9.3755
Gm9801	-17.19139	-13.737510999999998
Gm49417	-15.121135999999998	-11.667257000000001
Ppil1	-12.192202	-8.738323
Tec	-16.64228	-13.188403
A530095I07Rik	-13.798354999999999	-10.344477000000001
Hps5	-13.362748000000002	-9.90887
Gabrg3	-20.90496	-17.451083999999998
9230112E08Rik	-15.259514999999999	-11.805636
Itgb5	-9.744904	-6.291025599999999
1700016K05Rik	-20.90496	-17.451083999999998
Spin4	-13.954146	-10.500268
Gm14418	-14.189578	-10.7357
Zdhhc18	-12.955164	-9.501286
Scarletltr	-16.761826	-13.307948000000001
Gm13166	-16.827423	-13.373546
Pgam2	-15.458224	-12.004346
Itgb2	-18.01459	-14.560711999999999
Etfdh	-12.579656	-9.125777000000001
Fstl1	-8.994919	-5.541041000000001
Gm8369	-20.90496	-17.451083999999998
Rbak	-13.724129999999999	-10.270251
Tcof1	-12.181892	-8.728014
Smim12	-11.57196	-8.118082000000001
D930030I03Rik	-17.14376	-13.689882
Heatr3	-12.81364	-9.359761
Flicr	-17.813917	-14.36004
Gm16121	-20.90496	-17.451083999999998
Btf3l4	-12.7041235	-9.250245
Apol7d	-15.488860999999998	-12.034983
D630039A03Rik	-18.82552	-15.371642000000001
Rnf180	-17.408453	-13.954576000000001
Scyl3	-13.269657	-9.815779
Rpl10a	-8.567321000000002	-5.113443
Abhd18	-13.080515	-9.6266365
Mgat2	-11.496016000000001	-8.042137
Zc3h7b	-12.15904	-8.705162
Gm13470	-17.572756	-14.118878
Kitl	-12.112867	-8.658989
1810062O18Rik	-15.352001000000001	-11.898123
Gm47633	-19.113201	-15.659324
Atg5	-12.099886	-8.646008
S100a8	-15.745906	-12.292027000000001
Gopc	-12.347778	-8.8939
Ccsap	-16.289839999999998	-12.835962
Elob	-9.194735000000001	-5.740857
Eif3j1	-10.769252	-7.315374
Bok	-14.3740835	-10.920205000000001
Per2	-11.782032000000001	-8.328154
Gm11110	-15.158757999999999	-11.704880000000001
Gm27240	-19.806348999999997	-16.352472
Gm48025	-17.960522	-14.506644
Ccdc9	-12.631624	-9.177746
Glrx2	-11.030851	-7.5769734
Gskip	-12.567373	-9.113495
Ebf4	-14.396192000000001	-10.942313
Gpr108	-11.842077	-8.388199
Vwa3b	-15.4756155	-12.021737
Extl3	-12.486705	-9.032826
Scn4b	-18.95905	-15.505172
Gm43699	-18.602375	-15.148498000000002
Rrnad1	-12.938722	-9.484843
Ube4bos1	-18.265903	-14.812026000000001
Dlx3	-19.113201	-15.659324
Daxx	-12.76815	-9.314272
Ccnq	-12.595038	-9.141160000000001
Plau	-15.745906	-12.292027000000001
Tmem214	-12.213983	-8.760104
Gm15545	-15.231638	-11.77776
Gm26784	-20.90496	-17.451083999999998
Hoxc6	-13.379860999999998	-9.925982000000001
Gm44836	-18.19691	-14.743032999999999
Tnr	-17.267374	-13.813497
Fgf15	-18.82552	-15.371642000000001
Chmp5	-11.1003	-7.646422
Gm15491	-16.561155	-13.107276999999998
Dse	-12.32273	-8.868852
Pcsk5	-11.258821000000001	-7.8049425999999995
Gm43920	-15.684606	-12.230727
Kdr	-17.408453	-13.954576000000001
Ccdc186	-11.1531105	-7.6992326
Rfc1	-11.24062	-7.7867417
Myo5c	-16.213614	-12.759735000000001
Gm15991	-15.855104999999998	-12.401227
Pdcd6	-11.046053	-7.592175
Gm26916	-19.113201	-15.659324
Uqcc3	-11.533182	-8.079303999999999
Rnf169	-12.921863	-9.467984
Gm15551	-15.355885500000001	-11.902007000000001
Gm14011	-19.113201	-15.659324
Ppp1r14c	-12.217519	-8.763639999999999
Larp1	-11.473078999999998	-8.0192
Cib3	-19.295523	-15.841645000000002
Cfap100	-18.707735	-15.253858
Ccdc13	-16.614501999999998	-13.160623999999999
C030034I22Rik	-15.013317	-11.559439
Gm6556	-17.098299	-13.644421
Efhd2	-11.614425	-8.160546
Atpif1	-9.860776	-6.406898
Arid3a	-14.569907	-11.116029
C330018A13Rik	-19.518665	-16.064789
Ddx28	-13.717304	-10.263425999999999
Agps	-12.607418	-9.15354
4930500M09Rik	-18.132372	-14.678494
Bbs7	-13.467754000000001	-10.013876
Rab5if	-10.929432	-7.475553999999999
Tmem59	-10.063363	-6.609485
Pus3	-14.003224	-10.549346
Tubgcp5	-12.436328	-8.98245
Sec1	-19.806348999999997	-16.352472
Zfp329	-12.241419	-8.78754
Gm50012	-14.235463000000001	-10.781585
Eddm3b	-20.211813	-16.757935999999997
Hey2	-11.448386	-7.9945083
Rtn4rl1	-14.626439999999999	-11.172562
Pdss1	-14.53849	-11.084612
Gm20075	-16.289839999999998	-12.835962
Ednra	-13.441598	-9.98772
Mpg	-12.859694000000001	-9.405814999999999
9530046B11Rik	-18.340011999999998	-14.886134
Sar1b	-11.210529	-7.756651400000001
Caprin1	-11.211146000000001	-7.757268400000001
G530012D18Rik	-19.518665	-16.064789
Pkp3	-19.806348999999997	-16.352472
Tbc1d22b	-13.714285	-10.2604065
Tmppe	-15.266606	-11.812728
Rab3gap2	-12.101087	-8.647208000000001
Pik3r6	-14.874276	-11.420397999999999
Nap1l4	-11.129648	-7.675770299999999
Rasl10b	-14.050607000000001	-10.596728
Sh3kbp1	-13.336582	-9.882703999999999
Crispld2	-10.404067	-6.950189
Dnaic1	-20.211813	-16.757935999999997
Tstd2	-13.2280245	-9.774146
4833422C13Rik	-17.408453	-13.954576000000001
Zfp980	-20.211813	-16.757935999999997
Sin3b	-11.221248	-7.7673697
Nr4a1	-10.591650999999999	-7.137772999999999
Gm11274	-20.211813	-16.757935999999997
Gm12037	-18.82552	-15.371642000000001
Znrf2	-12.699742	-9.245864
Siah2	-13.136851	-9.682972999999999
Edil3	-19.113201	-15.659324
Tnfsf18	-19.518665	-16.064789
Klhdc10	-12.565938000000001	-9.112060000000001
Gm43140	-17.960522	-14.506644
Itch	-11.482174	-8.0282955
Zkscan16	-20.211813	-16.757935999999997
Gm41496	-20.211813	-16.757935999999997
Krt15	-19.295523	-15.841645000000002
Fam241a	-12.103341	-8.649463
Cdkl4	-18.82552	-15.371642000000001
Shank2	-16.535513	-13.0816345
Cpne3	-10.815617	-7.3617387
Syap1	-11.281651	-7.827772599999999
Thap1	-13.308066	-9.854188
Tcf3	-12.805102999999999	-9.351225
Col4a4	-12.985605	-9.531727
Pcdhga12	-14.069776999999998	-10.615898
Cbx2	-15.887681	-12.433803
1700019D03Rik	-16.600895	-13.147017499999999
1700001G11Rik	-16.973135	-13.519257999999999
Vmn2r120	-18.707735	-15.253858
Gm37634	-17.294043	-13.840164999999999
Hecw2	-15.093820999999998	-11.639942
Prpf40b	-12.793333	-9.339455000000001
Rnf144a	-16.029764	-12.575886
Dnaja4	-12.648354	-9.194475
C2cd4b	-20.211813	-16.757935999999997
Setmar	-14.708517	-11.254639
Stt3a	-11.36618	-7.912302499999999
Gnal	-15.999685999999999	-12.545808000000001
4930558K02Rik	-20.211813	-16.757935999999997
Ralgapa2	-11.93631	-8.482431
Abcb1a	-16.535513	-13.0816345
Gm45164	-20.90496	-17.451083999999998
Gbgt1	-17.646864	-14.1929865
Gm43221	-18.19691	-14.743032999999999
St8sia1	-20.211813	-16.757935999999997
Gm5105	-19.295523	-15.841645000000002
4921528I07Rik	-19.806348999999997	-16.352472
Plch2	-17.686085000000002	-14.232207
Sh3bgrl3	-10.710746	-7.256867999999999
Eif2ak3	-13.593075	-10.139196
Kctd11	-14.003224	-10.549346
Utp6	-12.427964999999999	-8.974086999999999
Gm47882	-17.960522	-14.506644
Tspan17	-12.691851	-9.237972000000001
Irgm2	-14.632083999999999	-11.178205499999999
Baz2a	-12.131112	-8.677234
Pkn2	-10.372039	-6.9181610000000004
Pla2g2d	-18.340011999999998	-14.886134
Chad	-14.891245999999999	-11.437367
Man2b2	-13.996205999999999	-10.542328
Zcchc4	-13.618770000000001	-10.164891
2900093K20Rik	-14.424916	-10.971038
Prnd	-18.95905	-15.505172
Stxbp3	-11.719836	-8.265958
1700028N14Rik	-19.518665	-16.064789
Gm26652	-17.609123	-14.155246
Gm48708	-17.14376	-13.689882
Lncppara	-14.214119	-10.760241
Pip5k1b	-12.841269	-9.38739
Gm17216	-16.160028	-12.706151
Srrm4	-16.134275	-12.680398
Dock6	-12.407358	-8.95348
6430710C18Rik	-19.295523	-15.841645000000002
Clint1	-11.242335	-7.7884574
Gm43570	-18.265903	-14.812026000000001
Serf1	-12.444339	-8.99046
Gm13830	-15.018857	-11.564979
Pip4p2	-12.568091	-9.114213000000001
Zswim8	-11.876863	-8.422984
Gpn2	-13.674398000000002	-10.22052
Elf3	-19.806348999999997	-16.352472
Ptgs2	-12.807231	-9.353353
Tigar	-14.028697	-10.574819
Stum	-11.717787	-8.263908
Zmym6	-13.734073	-10.280194
Gpr52	-18.707735	-15.253858
Gltp	-12.056739	-8.60286
Esrp2	-19.806348999999997	-16.352472
Natd1	-13.522215	-10.068336500000001
Sntg2	-11.957935	-8.504057000000001
Akr1a1	-9.948905	-6.495026999999999
Rsf1os1	-19.518665	-16.064789
Gm31659	-17.537664000000003	-14.083787
Ptchd1	-20.90496	-17.451083999999998
Gm36584	-18.707735	-15.253858
Gm26901	-17.726907999999998	-14.273029000000001
Bglap3	-20.211813	-16.757935999999997
Pcdh10	-16.628294	-13.174417000000002
Vps28	-10.760569	-7.306690700000001
Dera	-13.495825	-10.041946000000001
Trim69	-18.707735	-15.253858
Vma21	-11.768267999999999	-8.314389
Fndc3a	-11.5679	-8.114021000000001
Pard3bos3	-17.349613	-13.895735
Gm31410	-18.707735	-15.253858
Rnf165	-17.076319	-13.622441
Gm15567	-18.507065	-15.053187
Fam104a	-10.92906	-7.475182000000001
Fbxo17	-13.595079	-10.141200999999999
Bloc1s6os	-17.267374	-13.813497
2610002M06Rik	-12.887983	-9.434105
Pheta2	-14.9337	-11.479821000000001
Gm12088	-19.806348999999997	-16.352472
Unc50	-11.37857	-7.9246917
Ppifos	-18.265903	-14.812026000000001
Hsf5	-17.503763	-14.049885999999999
Oard1	-11.972485	-8.518606
Bnipl	-17.470974	-14.017095999999999
Kcng3	-20.90496	-17.451083999999998
Fam90a1b-1	-20.90496	-17.451083999999998
Dmac2	-13.123404999999998	-9.669527
Pde1b	-16.029764	-12.575886
Ndufs7	-10.396803	-6.942925
Agbl3	-13.604488	-10.15061
Dock8	-11.95365	-8.499772
Ncln	-12.494463	-9.040585
Pdzd8	-11.751191	-8.297313
Klrb1b	-20.211813	-16.757935999999997
Rad52	-13.295594	-9.841716
2610528A11Rik	-18.340011999999998	-14.886134
Cdkn2d	-12.265903999999999	-8.812026
H2-DMb1	-13.619454000000001	-10.165576
Acpp	-19.806348999999997	-16.352472
L3hypdh	-13.585096	-10.131217999999999
Nid2	-14.166808999999999	-10.712931
Stx16	-12.176049	-8.722171000000001
Mrps5	-11.816675	-8.362797
Ets2	-11.537617	-8.083738
Cysltr1	-15.970488000000001	-12.516608999999999
Coq7	-12.061923	-8.608044999999999
Gm11444	-17.909226999999998	-14.45535
Rsl1	-14.852872	-11.3989935
Yeats4	-11.869093	-8.415215
Plac9b	-13.304559	-9.85068
8430426J06Rik	-20.211813	-16.757935999999997
A430035B10Rik	-14.225361999999999	-10.771483
Dhdh	-14.04325	-10.589372000000001
Zfp457	-16.86191	-13.408031
Pccb	-12.329122	-8.875243
Slc44a3	-17.572756	-14.118878
Snrnp35	-14.11374	-10.659862
Gm27003	-15.763298	-12.30942
Gpbp1l1	-11.830784	-8.376905
Chchd3	-11.75278	-8.298902
Eif2b2	-12.493795	-9.039916999999999
Pnkp	-12.726884	-9.2730055
Msl3	-11.584332	-8.130453999999999
Zfp827	-13.046321	-9.5924425
Zfp157	-13.205572	-9.751694
Frmd8os	-15.052759	-11.598881
Orm3	-20.90496	-17.451083999999998
Naa80	-11.754371	-8.300492
E2f2	-17.726907999999998	-14.273029000000001
Inka2	-12.07896	-8.625082
Gm43137	-17.503763	-14.049885999999999
Btbd1	-12.366593	-8.912714999999999
Sec22b	-11.477576	-8.023698
Dcaf12l2	-17.321442	-13.867564000000002
Gucy1b1	-9.986479	-6.5326010000000005
mt-Nd5	-8.870757000000001	-5.416879
Cd80	-17.646864	-14.1929865
Otud1	-11.0580435	-7.6041656
Iqgap1	-9.852422	-6.398544
Coro1c	-11.080193	-7.6263146
Zfp600	-20.90496	-17.451083999999998
Gm33180	-20.90496	-17.451083999999998
Gm47769	-19.295523	-15.841645000000002
Ccdc155	-19.518665	-16.064789
Armh2	-20.211813	-16.757935999999997
Klhl8	-13.5647745	-10.110896
2410004I01Rik	-17.769466	-14.315589000000001
Amph	-17.14376	-13.689882
Lyst	-11.369064999999999	-7.915187400000001
Lyzl4	-17.439224	-13.985347
Gm21123	-20.211813	-16.757935999999997
2010007H06Rik	-16.700267999999998	-13.24639
Rbpms2	-10.854089	-7.400211
Afap1l2	-16.213614	-12.759735000000001
Sap30bp	-12.537429	-9.08355
Gm45669	-16.177572	-12.723695
Megf10	-16.092776999999998	-12.638899
Fahd2a	-12.942546	-9.4886675
Borcs7	-11.832504	-8.378625999999999
Myc	-14.975372	-11.521494
Cptp	-14.018429999999999	-10.564551
A430093F15Rik	-15.799016	-12.345138
Zbtb8a	-13.718817000000001	-10.264938
Gm45447	-14.908509	-11.454631
Hnrnpa1	-10.521303	-7.0674253
Slc25a47	-14.443493	-10.9896145
Wdr45b	-12.037956	-8.584078
Cdkl3	-14.082764000000001	-10.628885
Tbc1d19	-12.928366	-9.474487
Tnfrsf13c	-19.518665	-16.064789
Gm20554	-16.844519000000002	-13.39064
Slc7a5	-13.774061999999999	-10.320184
Zfp943	-13.319679999999998	-9.865802
Baz1a	-13.483185999999998	-10.029307000000001
Gm26812	-19.806348999999997	-16.352472
Ralgds	-14.6823845	-11.228506
Papolg	-13.408864000000001	-9.954986
Col12a1	-13.991223999999999	-10.537346000000001
Bbs10	-15.124217999999999	-11.67034
Apol7e	-17.408453	-13.954576000000001
1700101I11Rik	-16.33025	-12.876371
Pstpip1	-15.480011	-12.026133
Scrt1	-20.90496	-17.451083999999998
Pate2	-16.86191	-13.408031
Gm128	-16.177572	-12.723695
Pias3	-12.575303	-9.121425
B830012L14Rik	-15.030029999999998	-11.576152
Tbc1d17	-12.180102999999999	-8.726225
Arrb2	-14.136467999999999	-10.68259
Tubb6	-12.027998	-8.574119999999999
Olfr839-ps1	-18.707735	-15.253858
Fam169b	-15.769163	-12.315285000000001
Ms4a6b	-17.572756	-14.118878
Abl1	-11.8363	-8.3824215
Clic5	-16.64228	-13.188403
Cnksr3	-12.413701	-8.959823
Smoc1	-10.201133	-6.747255
Gm45494	-15.992307	-12.538428
Xrcc3	-16.761826	-13.307948000000001
Kcnrg	-18.01459	-14.560711999999999
Esf1	-11.2514105	-7.7975326
Olfr1036	-17.769466	-14.315589000000001
Suv39h2	-15.04989	-11.596011
Gm16310	-14.825028	-11.37115
Capn9	-16.915976999999998	-13.462098999999998
Pon1	-19.518665	-16.064789
Tango2	-12.820089999999999	-9.366211999999999
Gm47507	-18.95905	-15.505172
Speg	-10.861407	-7.4075294000000005
9530097N15Rik	-16.232132	-12.778253999999999
Galnt5	-19.806348999999997	-16.352472
Cklf	-13.968618	-10.51474
Uimc1	-11.998975	-8.545096000000001
Vamp3	-11.716969	-8.26309
Gm37748	-17.537664000000003	-14.083787
Plpp6	-13.420592000000001	-9.966714
Ndc1	-13.697842999999999	-10.243964
Qsox1	-10.403159	-6.949281
Timp2	-9.362098	-5.9082203
Sertad2	-11.349401	-7.8955235
Rmdn1	-12.321419	-8.86754
Gm47101	-14.951718	-11.49784
A930028N01Rik	-16.340612	-12.886735
Gm12758	-15.823557000000001	-12.369678500000001
Apoe	-10.536797	-7.0829186
Fbln5	-9.0898	-5.635922
Mtch2	-11.171016999999999	-7.7171389999999995
Msmo1	-11.841961999999999	-8.388083
Lrp8	-14.606012	-11.152134
A630009H07Rik	-15.817364999999999	-12.363486
Fam129b	-11.554598	-8.100719
3110082I17Rik	-13.747226000000001	-10.293347
Parp16	-14.545387	-11.091509
Tkt	-10.673358	-7.21948
Pkdcc	-10.559548	-7.1056705000000004
Gm43190	-19.518665	-16.064789
1810012K16Rik	-18.265903	-14.812026000000001
Rnf214	-12.117741	-8.663862
Ubl3	-11.20604	-7.7521625
Gm47770	-20.211813	-16.757935999999997
Tmem254c	-17.646864	-14.1929865
Wdr62	-16.151370999999997	-12.697493
Dlc1	-11.067026	-7.613148
Polr1d	-10.464046000000002	-7.010167599999999
Pura	-9.999023	-6.5451455
Arhgap15	-17.349613	-13.895735
Eva1c	-12.428173	-8.974295
Pja1	-12.440958	-8.98708
Ces1g	-18.82552	-15.371642000000001
Guca1b	-14.891245999999999	-11.437367
Fbxl14	-13.084923	-9.631044000000001
Ahcy	-14.235463000000001	-10.781585
1700015F17Rik	-18.071747	-14.617869
Usp40	-12.743872	-9.289992999999999
Qrich1	-12.196817	-8.742939
Adssl1	-12.535803999999999	-9.081925
Lcn2	-19.113201	-15.659324
Tmem74	-18.420053	-14.966176
Uhrf1bp1	-14.125039000000001	-10.671161
Lrfn1	-16.204481	-12.750603
Morc4	-12.924596000000001	-9.470717
Eif2ak2	-12.520614	-9.066735000000001
Kdelr1	-10.665002000000001	-7.211124000000001
Il9r	-19.806348999999997	-16.352472
Ppie	-11.850574	-8.396695
Cdh6	-11.216028999999999	-7.7621512
Psmb11	-19.295523	-15.841645000000002
Zfp143	-13.2931185	-9.83924
Evi2a	-18.602375	-15.148498000000002
Prnp	-11.60881	-8.154932
Large1	-11.698830000000001	-8.244951
Sytl2	-14.994164000000001	-11.540286
Kcnab2	-18.602375	-15.148498000000002
Ocstamp	-20.90496	-17.451083999999998
Pcyox1l	-12.703575	-9.249697
Fmo5	-12.556897	-9.103019
Irf2bp1	-12.298841	-8.844963
Spag8	-18.340011999999998	-14.886134
Dlat	-11.954818	-8.500939
H2-Q4	-14.672513	-11.218635
Hacl1	-13.2364	-9.782521000000001
9330154K18Rik	-19.518665	-16.064789
Gprc5a	-16.628294	-13.174417000000002
Hnrnpu	-10.153933	-6.7000546000000005
Scamp3	-11.925922	-8.472044
Tex14	-17.686085000000002	-14.232207
Ltbp1	-9.364391	-5.9105134
Tex24	-19.806348999999997	-16.352472
Duox1	-20.90496	-17.451083999999998
Setd7	-10.884002	-7.430124
Sgca	-11.897594	-8.443716
Gm42869	-14.554075	-11.100197
Rtraf	-10.373797999999999	-6.9199204
Serp1	-11.180481	-7.726603
Mcoln1	-13.741014499999999	-10.287136
Slfn4	-19.518665	-16.064789
Nabp2	-11.696222	-8.242344000000001
Btbd7	-10.449659	-6.9957814
Trim38	-18.507065	-15.053187
Gm34590	-17.03376	-13.579882000000001
A530017D24Rik	-13.911028	-10.4571495
1110032A03Rik	-12.454549	-9.00067
Tktl1	-18.507065	-15.053187
Gpd1	-14.321551999999999	-10.867674000000001
Hoxb3os	-13.0595455	-9.605667
Lbx2	-17.408453	-13.954576000000001
Gm43138	-14.290235500000001	-10.836357000000001
Acot11	-12.667216999999999	-9.213339
Gm17552	-16.522934	-13.0690565
Gm49767	-15.111948000000002	-11.65807
Muc13	-19.806348999999997	-16.352472
Pitpnb	-11.038967999999999	-7.585089999999999
Stard7	-12.408379	-8.9545
Gm16192	-16.270231	-12.816353999999999
Gm5767	-19.806348999999997	-16.352472
4933406G16Rik	-20.90496	-17.451083999999998
Gkn2	-20.211813	-16.757935999999997
Cenpj	-14.296960999999998	-10.843082
Ttc38	-13.527826999999998	-10.073949
Rnft1	-12.137788	-8.683909
Pik3c2a	-11.814982	-8.361104
Immp2l	-15.874523000000002	-12.420645
Serhl	-12.993637	-9.539759
Gm43465	-18.707735	-15.253858
Prrg3	-12.982338	-9.52846
Aldh4a1	-13.5104685	-10.05659
Nf2	-12.58964	-9.135761
Cul3	-11.249294	-7.795416400000001
Srxn1	-12.89427	-9.440392
Ciao2a	-12.3545265	-8.900648
Casp3	-12.875528	-9.42165
Gm48949	-16.279987	-12.82611
Gm45016	-19.806348999999997	-16.352472
Clec1b	-18.265903	-14.812026000000001
Fdxr	-13.801639999999999	-10.347761
Sh3tc2	-20.90496	-17.451083999999998
Cyhr1	-10.908302	-7.454424400000001
Clpp	-11.499959	-8.046081
Slc39a4	-19.806348999999997	-16.352472
Gm10037	-15.340441	-11.886562
Smad2	-12.451347	-8.997469
Oip5os1	-10.900271	-7.4463935
Krt79	-16.351084	-12.897206
Hist1h1e	-11.553816000000001	-8.099936999999999
Gm16201	-14.915999	-11.462121
Ptger4	-16.195429999999998	-12.741552
Uggt1	-11.8156595	-8.361781
Vmn2r89	-18.82552	-15.371642000000001
Clca2	-20.90496	-17.451083999999998
Zscan12	-13.647254	-10.193375999999999
Cfap299	-17.769466	-14.315589000000001
Fndc10	-14.862329	-11.40845
Iqgap3	-18.01459	-14.560711999999999
Adgrf5	-17.726907999999998	-14.273029000000001
Rapgef6	-11.423373	-7.969495299999999
Slc25a46	-12.334986	-8.881107
Ovgp1	-16.289839999999998	-12.835962
D330041H03Rik	-15.557854	-12.103975
Bola3	-11.14344	-7.6895622999999995
Prox1	-18.340011999999998	-14.886134
Vpreb3	-20.90496	-17.451083999999998
Fbln2	-13.678025	-10.224147
Cish	-16.109170000000002	-12.6552925
Kif16b	-12.882064999999999	-9.428186
Trappc9	-12.493350999999999	-9.039473
Bcat1	-19.295523	-15.841645000000002
Rad51b	-16.068678	-12.6148
Gm9898	-20.90496	-17.451083999999998
AI661453	-20.90496	-17.451083999999998
Foxb1	-20.90496	-17.451083999999998
Frg1	-11.966167	-8.512288999999999
Wwox	-13.667902	-10.214024
Sdc3	-13.677299	-10.223419999999999
Fbxw8	-12.757383	-9.303505
Nbdy	-11.215781	-7.761903299999999
4930534D22Rik	-18.82552	-15.371642000000001
Tph1	-20.90496	-17.451083999999998
Rbm41	-13.7226095	-10.268730999999999
Commd8	-12.086183	-8.632304
Cdipt	-12.13561	-8.681731
Ppp2r1b	-13.734841000000001	-10.280963
Gm45871	-13.948416	-10.494537
Arfgap2	-12.07179	-8.617911
Cbarp	-14.628318	-11.174439
Oca2	-18.507065	-15.053187
Rgl1	-13.873220000000002	-10.419342
Wif1	-11.387798	-7.9339204
Slc9a2	-14.241829000000001	-10.7879505
Nol12	-12.328933000000001	-8.875053999999999
A330041J22Rik	-15.631962	-12.178083
P2rx5	-12.547467	-9.093589
Prss36	-14.1739435	-10.720065
Gm20125	-20.211813	-16.757935999999997
Gsdme	-13.799995000000001	-10.346117
Rftn2	-11.524455999999999	-8.070578
Klf3	-11.135862	-7.6819844
Zfp446	-14.151523999999998	-10.697645
Vill	-15.458224	-12.004346
Snhg15	-14.248235000000001	-10.794356
Vapa	-10.380252	-6.926374000000001
Olfr678	-19.295523	-15.841645000000002
1700061G19Rik	-13.992218	-10.53834
Bid	-15.775063000000001	-12.321183999999999
3110045C21Rik	-16.068678	-12.6148
Coro1a	-16.992937	-13.539060000000001
Atmin	-13.567373000000002	-10.113495
Gm47921	-20.90496	-17.451083999999998
Junos	-15.700954000000001	-12.247076
Fer	-11.903122	-8.449244
Zdhhc17	-12.719333	-9.265454
Zc3h11a	-14.134171499999999	-10.680292999999999
4930481A15Rik	-14.080587	-10.626709
Adipor2	-12.050439	-8.596560499999999
Crebl2	-12.369339	-8.915461
Nfatc2	-16.670855	-13.216976
Spindoc	-13.195205	-9.741325999999999
Fpr1	-19.806348999999997	-16.352472
Dnmt3l	-20.90496	-17.451083999999998
Rgma	-12.674118	-9.220239999999999
Gnl3l	-11.901522	-8.447643
Zfp426	-12.970806	-9.516928
Sema5a	-10.561607	-7.107729400000001
Slc45a1	-19.518665	-16.064789
Rarb	-13.423406	-9.969527000000001
Dab1	-20.90496	-17.451083999999998
Pou3f4	-19.113201	-15.659324
Fkbp10	-11.457180000000001	-8.003302
Thtpa	-13.430189000000002	-9.976311
Pdzd7	-17.572756	-14.118878
Kpna2	-13.879423000000001	-10.425545
Il10rb	-12.460554	-9.006675999999999
Ucp3	-20.90496	-17.451083999999998
Kifc5b	-16.462309	-13.008431
Slc27a6	-19.806348999999997	-16.352472
9530026P05Rik	-13.14492	-9.691042
Tap1	-14.320169	-10.866291
Gm43848	-14.797938	-11.34406
Vwa3a	-15.586842	-12.132963
Wsb2	-11.501937	-8.0480585
Gm553	-19.518665	-16.064789
Wdr59	-13.940825	-10.486947
Il17rc	-12.329499	-8.875621
Gm35339	-15.75167	-12.297791499999999
Gm37362	-19.806348999999997	-16.352472
Pafah2	-13.830844	-10.3769655
Rps6kb1	-11.591433	-8.137554
Gm20275	-17.860437	-14.40656
2310009B15Rik	-12.344517	-8.890638000000001
Zfp235	-13.734073	-10.280194
Atp6ap1l	-13.95991	-10.506032000000001
Nox1	-17.167292	-13.713413000000001
Cdc14a	-12.548407000000001	-9.094528
Gm37170	-19.113201	-15.659324
Gm14486	-18.507065	-15.053187
Cttn	-11.707808	-8.253929
Alg1	-12.766981	-9.313103
Gm12701	-17.14376	-13.689882
Nme9	-20.90496	-17.451083999999998
Twist1	-12.209956	-8.756078
Aqp7	-18.265903	-14.812026000000001
Ccdc157	-13.724129999999999	-10.270251
Rtn4r	-17.860437	-14.40656
Tceal3	-11.831930999999999	-8.378053
Vim	-6.810853	-3.3569756
Mxd4	-10.67217	-7.2182918
Dydc2	-19.295523	-15.841645000000002
Acot8	-12.811499000000001	-9.357619999999999
Prkcz	-15.3835	-11.929622
Zfp462	-15.792973499999999	-12.339095
4933409K07Rik	-16.548251999999998	-13.094374
Runx1t1	-11.734194	-8.280315
Tmem59l	-19.806348999999997	-16.352472
Nedd8	-9.857967	-6.4040894999999995
Ssh3	-13.814884	-10.361006
Bex1	-17.03376	-13.579882000000001
Pcdhgb1	-16.092776999999998	-12.638899
Kdm6b	-11.769129	-8.31525
Ncaph	-16.93467	-13.480791
Tbcb	-10.886228	-7.4323497000000005
Pclo	-14.261171	-10.807293
Ubiad1	-14.164442000000001	-10.710564
Mks1	-14.841176	-11.387298
Gm50295	-19.806348999999997	-16.352472
Tm4sf20	-19.806348999999997	-16.352472
Gm9774	-16.64228	-13.188403
C1qtnf5	-20.211813	-16.757935999999997
Snx15	-13.147054999999998	-9.693176
Rtp4	-16.535513	-13.0816345
Gm38534	-20.90496	-17.451083999999998
Gm49579	-18.01459	-14.560711999999999
Zbtb12	-13.657881	-10.204002000000001
Cpne1	-12.269985	-8.816107
4930565N06Rik	-16.992937	-13.539060000000001
Atp8b2	-12.8479	-9.394022
Moxd1	-19.806348999999997	-16.352472
Zfp277	-12.718496	-9.264617999999999
Gm43847	-15.291832999999999	-11.8379545
Dnah14	-18.507065	-15.053187
Madd	-14.747982	-11.294103999999999
Spink5	-17.19139	-13.737510999999998
Ppp1r3a	-15.493314999999999	-12.039436
Hace1	-13.149622	-9.695744
Csgalnact1	-12.503627999999999	-9.049749
Unc13c	-14.829616	-11.375736999999999
Rnf114	-12.773136000000001	-9.319258
Cadm1	-15.887681	-12.433803
Tpd52l2	-10.839993	-7.386114599999999
Mcrip1	-10.9439125	-7.490034599999999
Fmn1	-13.7135315	-10.259653
Glis1	-14.893694	-11.4398155
Vmn1r183	-19.518665	-16.064789
Ahr	-15.637103	-12.183225
Eif4h	-10.753325	-7.2994475
St6galnac2	-17.03376	-13.579882000000001
Bmt2	-11.964986999999999	-8.511108
Tnrc6a	-10.784066000000001	-7.3301883000000005
Pcnp	-10.753364999999999	-7.2994866
Gm28523	-15.207868	-11.753989
Dcp2	-12.912692	-9.458814
Gm15594	-17.439224	-13.985347
Scmh1	-12.017033	-8.563153999999999
Orai3	-12.058033	-8.604155
Hspb1	-8.0417595	-4.587882
H2afy	-10.833293	-7.379415
Scx	-12.666689	-9.2128105
Gabbr2	-19.518665	-16.064789
Eif5a	-9.643373	-6.189495
Olfr322	-17.216082	-13.762203
Evpl	-16.915976999999998	-13.462098999999998
Dmp1	-20.90496	-17.451083999999998
Nrl	-18.19691	-14.743032999999999
Nipa2	-11.981104	-8.5272255
Zfp771	-11.200718	-7.74684
Prex1	-14.850522	-11.396644
Ube2cbp	-15.805095000000001	-12.351216
Gm26714	-18.265903	-14.812026000000001
Tmem38a	-12.992905	-9.539026
Pck1	-20.211813	-16.757935999999997
Kif18a	-14.983382999999998	-11.529505
Hs3st5	-17.909226999999998	-14.45535
Gnpnat1	-12.502057	-9.048179
Gm26805	-19.806348999999997	-16.352472
Cdc25b	-13.543586	-10.089707
Trpm4	-12.674384	-9.220506
Slc10a7	-13.244375	-9.790497
Dynlt1f	-14.265085000000001	-10.811207000000001
Gm47061	-18.707735	-15.253858
Fam166b	-18.071747	-14.617869
Dcbld1	-14.454491	-11.000612
Olfm1	-12.269096000000001	-8.815218
Dnah5	-15.44113	-11.987250999999999
Prr7	-14.584192999999999	-11.130315
Dync1li2	-11.805887	-8.352008999999999
Nob1	-12.572172	-9.118294
Tspoap1	-18.95905	-15.505172
Eed	-12.306925999999999	-8.853047
Il12b	-20.211813	-16.757935999999997
Nipal1	-18.95905	-15.505172
Gm36677	-20.90496	-17.451083999999998
Socs6	-12.43465	-8.980772
Stx11	-15.2146015	-11.760722999999999
Ston2	-13.461882999999998	-10.008004
Ndfip2	-12.144665	-8.690786
Sfswap	-11.735964	-8.282085
Spata13	-12.916418	-9.462539999999999
Dennd6a	-11.802763	-8.348885000000001
Abcd1	-12.876506	-9.422627
Dap	-10.780211	-7.3263335000000005
Ccdc28a	-13.184056	-9.730178
Mical1	-11.996537	-8.542659
Chsy3	-12.505201	-9.051323
Gm15713	-18.707735	-15.253858
Cd300a	-18.265903	-14.812026000000001
Wapl	-10.943866	-7.489988
Apc2	-16.522934	-13.0690565
BC030867	-19.806348999999997	-16.352472
Brpf3	-13.595749	-10.1418705
Olfr301	-19.806348999999997	-16.352472
C130071C03Rik	-16.827423	-13.373546
Nlrp5	-18.265903	-14.812026000000001
Mslnl	-15.956202	-12.502322999999999
Cend1	-13.960873999999999	-10.506995
Rbis	-11.105889999999999	-7.652012299999999
Ccn3	-9.102992	-5.649114
Tex29	-19.806348999999997	-16.352472
Rapsn	-13.9493685	-10.49549
4930428N03Rik	-20.90496	-17.451083999999998
Gm49144	-19.806348999999997	-16.352472
Ddx10	-12.457761999999999	-9.003883
Zcchc7	-11.239286	-7.785408500000001
Mfap3l	-16.405151	-12.951273
Parp3	-11.501358999999999	-8.047481
Agtr2	-20.90496	-17.451083999999998
Matn2	-12.807839	-9.353961
Bbs9	-13.368597	-9.914719
Kif26a	-18.265903	-14.812026000000001
5830454E08Rik	-15.637103	-12.183225
Ccdc171	-14.63776	-11.183882
Washc1	-12.607168	-9.15329
Gm20644	-19.295523	-15.841645000000002
Zmpste24	-11.678550999999999	-8.224672
Gm14325	-14.731175	-11.277297
Selenok-ps1	-15.432691	-11.978812
F8a	-13.221557999999998	-9.767679
Gm19951	-19.806348999999997	-16.352472
Platr8	-19.518665	-16.064789
Shmt2	-13.036707	-9.5828285
Ddias	-16.614501999999998	-13.160623999999999
Fos	-8.324274	-4.870396599999999
Arfgef2	-12.865159	-9.411280999999999
Gm20659	-16.700267999999998	-13.24639
Rida	-12.897594	-9.443716
Mmp12	-20.211813	-16.757935999999997
Hykk	-14.164442000000001	-10.710564
Espn	-14.714645	-11.260767
Gm2788	-19.113201	-15.659324
Pgap3	-14.754357999999998	-11.30048
Mdfi	-15.984981	-12.531102
Olfr986	-19.518665	-16.064789
Gm15976	-20.211813	-16.757935999999997
Edc4	-12.561169999999999	-9.107291
Gm43581	-15.769163	-12.315285000000001
Nat8f5	-20.90496	-17.451083999999998
Lrp6	-11.195909	-7.7420306
Rnf5	-12.223102	-8.769223
A930004D18Rik	-14.423384	-10.969505
Nxf7	-20.90496	-17.451083999999998
BC028528	-12.587928	-9.134049000000001
Il2rg	-17.909226999999998	-14.45535
Mgst3	-11.558605	-8.104727
Frmd8	-13.618770000000001	-10.164891
Txlng	-12.729132	-9.275253
Kctd18	-13.383102	-9.929224000000001
Ovol1	-19.806348999999997	-16.352472
Gm42893	-17.098299	-13.644421
Chek1	-16.177572	-12.723695
Cog8	-12.544422	-9.090544
Gm35696	-20.211813	-16.757935999999997
Eif2b4	-12.484278999999999	-9.0304
Pdpk1	-11.549742	-8.095863
1700024B18Rik	-16.160028	-12.706151
Nars2	-14.099238	-10.64536
Gm13261	-20.211813	-16.757935999999997
Pbrm1	-10.058132	-6.6042542
Prrt2	-17.769466	-14.315589000000001
Zfp513	-13.473660999999998	-10.019783
Gm6980	-19.295523	-15.841645000000002
Bik	-11.932243	-8.478365
Lamc2	-15.005064	-11.551186
Gm10244	-17.646864	-14.1929865
Gm27232	-19.806348999999997	-16.352472
Pym1	-13.421717000000001	-9.967838
Rab3gap1	-11.762258000000001	-8.308378999999999
Alb	-20.90496	-17.451083999999998
Gm44929	-20.211813	-16.757935999999997
Lmx1b	-20.90496	-17.451083999999998
Ttc9	-16.02216	-12.568280999999999
Gpd2	-12.419259	-8.965380999999999
AC132444.1	-20.211813	-16.757935999999997
Kcnd3	-13.421717000000001	-9.967838
F5	-19.806348999999997	-16.352472
Gm49957	-18.82552	-15.371642000000001
Smg5	-12.632391	-9.178513
Rabgap1l	-12.037956	-8.584078
Msl1	-11.522098	-8.068219000000001
Pip5k1a	-12.122639	-8.66876
Gm20632	-14.859956	-11.406077
Nxnl2	-15.538985	-12.085107
Stag2	-10.929339	-7.475461500000001
Mtx2	-12.713222	-9.259343
Gm4788	-18.01459	-14.560711999999999
B4galt2	-12.445609	-8.991731
Eif1ax	-10.412854	-6.958976299999999
Hibch	-12.829067	-9.375189
Dock9	-13.131787	-9.677909
Tbl1xr1	-11.874585	-8.420707
Tln1	-9.224302999999999	-5.770425299999999
Gp5	-18.19691	-14.743032999999999
Tuba1a	-10.627258	-7.1733804
Psd2	-20.211813	-16.757935999999997
Mucl2	-20.211813	-16.757935999999997
Gm15558	-20.90496	-17.451083999999998
Zdhhc19	-17.294043	-13.840164999999999
Ddit4	-12.989248	-9.53537
Laptm4a	-9.421567	-5.9676895
Card9	-19.806348999999997	-16.352472
Mrln	-16.777826	-13.323948999999999
Map7	-13.640231	-10.186353
4930448D08Rik	-16.510510999999997	-13.056633999999999
Fam122a	-11.744862	-8.290983
Hapln2	-20.211813	-16.757935999999997
AC132444.6	-18.340011999999998	-14.886134
Chmp1a	-11.936055	-8.482177
Klhl36	-13.874989000000001	-10.42111
Snx17	-11.050402	-7.5965240000000005
Iqcd	-16.11747	-12.663591
Prpf6	-11.782469	-8.32859
Znrd1	-11.562716	-8.108837
Gm42902	-20.90496	-17.451083999999998
Htr6	-19.113201	-15.659324
Aldob	-18.707735	-15.253858
Gm11361	-16.439053	-12.985175
Dyrk3	-18.507065	-15.053187
Gm14597	-17.909226999999998	-14.45535
Gm10855	-14.756492999999999	-11.302614
Gm38562	-20.90496	-17.451083999999998
Rnf125	-16.685453	-13.231575
Chit1	-16.992937	-13.539060000000001
Wnt2b	-17.960522	-14.506644
Epha1	-13.766888	-10.313009
Gm34059	-20.90496	-17.451083999999998
Selenow	-9.123666	-5.669788400000001
Gm38186	-17.769466	-14.315589000000001
Gm48529	-12.757672999999999	-9.303795
Gm45824	-20.211813	-16.757935999999997
Zcwpw1	-16.204481	-12.750603
9530062K07Rik	-16.462309	-13.008431
Fam160a2	-12.726602999999999	-9.272724
Lamtor1	-11.231453	-7.777575
Pkd1l2	-20.90496	-17.451083999999998
Sap25	-14.36105	-10.907171
Kif3a	-11.569399	-8.1155205
Zfhx2	-13.583112	-10.129233000000001
Canx	-10.223595	-6.7697167
Pax9	-15.191229000000002	-11.73735
Ahdc1	-12.05976	-8.605882000000001
Gm45121	-18.420053	-14.966176
Gm26705	-15.963319	-12.50944
Anpep	-14.678425	-11.224546
Ccdc89	-16.953716	-13.499839000000001
Setd6	-12.5724125	-9.118534
Tmsb4x	-6.1136349999999995	-2.6597576000000003
Jcad	-12.105903	-8.652024
Colec12	-10.476153	-7.0222754
Arhgap9	-18.82552	-15.371642000000001
Tmem115	-12.052439999999999	-8.598561
Mta1	-12.052297	-8.598417999999999
Zswim4	-13.991223999999999	-10.537346000000001
Tlr8	-20.90496	-17.451083999999998
Gm16158	-20.90496	-17.451083999999998
Sez6l2	-17.537664000000003	-14.083787
Ccnk	-12.792133	-9.338255
Gast	-19.806348999999997	-16.352472
Npc2	-10.716031	-7.262153
Gm20628	-17.609123	-14.155246
Gm4779	-20.90496	-17.451083999999998
Numbl	-12.630859	-9.176981
Bcar1	-12.861939999999999	-9.408062
Itgb8	-12.858732	-9.404853999999998
Bsdc1	-12.487368	-9.033489
Lpin3	-14.005239000000001	-10.55136
Gm21284	-18.340011999999998	-14.886134
Gm44214	-18.01459	-14.560711999999999
Ptpn22	-20.90496	-17.451083999999998
4930405O22Rik	-18.420053	-14.966176
Tspyl3	-14.813651	-11.359772999999999
Tspan3	-10.499305999999999	-7.045428
Ppp1cb	-9.701814	-6.247936
Esco2	-17.267374	-13.813497
Rbbp8	-12.839067	-9.385189
Tekt1	-20.90496	-17.451083999999998
Traf3ip1	-13.136428	-9.682549
Rdh12	-15.657936999999999	-12.204058999999999
Pqlc2	-14.258571	-10.804692
Ranbp3	-12.374260000000001	-8.920382
Cog6	-12.717661999999999	-9.263783
Htr1d	-18.707735	-15.253858
Prkg1	-11.019587	-7.5657086
Gm16048	-17.470974	-14.017095999999999
A530013C23Rik	-14.607852	-11.153974
Rmi2	-16.510510999999997	-13.056633999999999
Arntl	-13.457792999999999	-10.003915
Hhat	-16.195429999999998	-12.741552
Ints7	-13.156501	-9.702622
Gm14412	-16.574228	-13.12035
Gm4951	-17.2414	-13.787521
Sf3b6	-10.977855	-7.523977
Lrrk1	-12.667482000000001	-9.213604
Cenpo	-14.531641	-11.077763000000001
Pck2	-12.014963999999999	-8.561086
Lcmt2	-14.083854	-10.629975
Nin	-12.708249	-9.254371
Ak1	-12.067571000000001	-8.613692
Jmjd7	-14.626439999999999	-11.172562
Tnnt3	-15.238535	-11.784657000000001
Gm50152	-18.82552	-15.371642000000001
4930469K13Rik	-19.518665	-16.064789
Gm29156	-18.420053	-14.966176
Gtf2h5	-10.684038000000001	-7.230160000000001
Olfr77	-17.572756	-14.118878
Srrm4os	-18.507065	-15.053187
Zfp217	-15.325232000000002	-11.871353
Sugt1	-10.784509	-7.3306309999999995
Fkbp2	-10.736305	-7.2824273
Irf2	-11.517396000000002	-8.063518
Dpf2	-12.376037	-8.922158
Ctbp2	-12.340693	-8.886814999999999
Rccd1	-13.860929	-10.40705
Mtdh	-9.640907	-6.1870294
Lrrc58	-10.6852045	-7.2313266
Spata24	-13.700811999999999	-10.246934
Gldc	-18.265903	-14.812026000000001
Gm45848	-20.90496	-17.451083999999998
Gm13393	-20.211813	-16.757935999999997
Tfam	-12.418846	-8.964967999999999
Fbxl13	-15.31025	-11.856372
Hax1	-12.031493	-8.577615
Efcab1	-18.707735	-15.253858
Bhmt	-19.518665	-16.064789
Gart	-12.454977	-9.001099
Adgb	-20.211813	-16.757935999999997
Tnni2	-18.01459	-14.560711999999999
Mmd2	-20.90496	-17.451083999999998
Txlna	-12.078373	-8.624495
Gm15726	-18.01459	-14.560711999999999
Rps27rt	-13.039773	-9.585894999999999
Gm15492	-16.309841	-12.855963000000001
Chd1l	-13.463641	-10.009763000000001
Dctn2	-10.681058	-7.227180000000001
Smpd2	-12.681602499999999	-9.227724
Gm9991	-16.614501999999998	-13.160623999999999
Gm42595	-15.30654	-11.852661
4933425B07Rik	-19.806348999999997	-16.352472
Gm45060	-17.267374	-13.813497
Pan2	-13.766888	-10.313009
Usp20	-12.547702000000001	-9.093823
Uqcrc1	-10.787007000000001	-7.333129400000001
Stoml3	-19.518665	-16.064789
Ppp2r2c	-20.90496	-17.451083999999998
F2rl3	-16.522934	-13.0690565
Mpp1	-12.193518	-8.739639
Adora2b	-16.060774	-12.606895
9430085M18Rik	-16.195429999999998	-12.741552
Gm11534	-19.518665	-16.064789
Gbp4	-18.82552	-15.371642000000001
Gucy1b2	-20.90496	-17.451083999999998
Gm53	-16.068678	-12.6148
Dop1a	-12.284309	-8.830430999999999
Homer1	-13.283276999999998	-9.829398
Mrpl43	-11.427651	-7.9737735
Wdr7	-13.208749	-9.75487
Hltf	-12.21415	-8.760272
Nadsyn1	-15.007807999999999	-11.553929
Gm9939	-18.340011999999998	-14.886134
B230110C06Rik	-20.211813	-16.757935999999997
1700022E09Rik	-20.90496	-17.451083999999998
Lbp	-17.349613	-13.895735
2810001G20Rik	-13.083317999999998	-9.629439
Ptpn7	-19.518665	-16.064789
Plin4	-10.694467	-7.2405887
AL845275.1	-19.806348999999997	-16.352472
Bag4	-13.192070000000001	-9.738192
Entpd1	-10.437069000000001	-6.983191000000001
Ndc80	-16.879607999999998	-13.425730999999999
Olfr912	-18.95905	-15.505172
Slc29a3	-12.929739999999999	-9.475862
Gm40604	-20.90496	-17.451083999999998
Rbbp5	-13.517252	-10.063374000000001
Adam32	-17.321442	-13.867564000000002
Gm29107	-15.266606	-11.812728
Bace2	-14.951718	-11.49784
Zic1	-19.518665	-16.064789
Gm13272	-20.211813	-16.757935999999997
Rpgr	-14.467210000000001	-11.013330999999999
Adam23	-17.408453	-13.954576000000001
2510046G10Rik	-14.390248000000001	-10.93637
Btbd3	-12.985242	-9.5313635
Ankrd37	-13.809895999999998	-10.356017999999999
Gm21814	-15.606644000000001	-12.152764999999999
Gm47815	-20.90496	-17.451083999999998
Ano1	-11.938094	-8.484216
Phrf1	-12.459694	-9.0058155
Nedd4l	-13.276929999999998	-9.823051
8030456M14Rik	-15.935148000000002	-12.48127
C1qtnf9	-18.01459	-14.560711999999999
Krt80	-14.488229	-11.03435
Slc30a6	-13.264357999999998	-9.810478999999999
Cd177	-20.90496	-17.451083999999998
Csdc2	-12.717661999999999	-9.263783
Slc39a9	-12.701657	-9.247779
4833403J16Rik	-20.90496	-17.451083999999998
Eps15l1	-12.759412	-9.305533
Ifitm3	-10.246057	-6.792178599999999
Gm15998	-14.075168	-10.621288999999999
Gm15903	-16.670855	-13.216976
Gfer	-12.864514	-9.410636
Vmn2r53	-18.340011999999998	-14.886134
Faxc	-14.024576999999999	-10.570699000000001
Mettl18	-14.362489000000002	-10.908610000000001
Lpar2	-17.216082	-13.762203
Rnf181	-12.35957	-8.905691000000001
Ttn	-15.949133999999999	-12.495255
C1qtnf2	-11.108279	-7.654401299999999
Gm35455	-19.518665	-16.064789
Tpra1	-12.966516	-9.512637
Cramp1l	-12.735059	-9.28118
Tpbgl	-18.071747	-14.617869
Bag2	-12.091077	-8.637198
Rnf6	-11.471638	-8.017759
Tmem144	-17.572756	-14.118878
Mfap1a	-11.997078	-8.5432
Gm11457	-17.470974	-14.017095999999999
Gm43466	-14.850522	-11.396644
Cacna2d3	-14.498080999999999	-11.044203
Gm3696	-20.211813	-16.757935999999997
Hk1os	-16.844519000000002	-13.39064
Ganab	-11.958587	-8.504708
Cd81	-9.225217	-5.771339
4932435O22Rik	-20.211813	-16.757935999999997
Synj2bp	-11.203222	-7.7493443
Tmem185a	-12.908307	-9.454429
Gnb1l	-15.181376	-11.727497999999999
Pdpr	-13.162993	-9.709114999999999
Gm28723	-18.707735	-15.253858
B4galt7	-13.517252	-10.063374000000001
Gm16577	-17.503763	-14.049885999999999
Rpgrip1l	-13.345401999999998	-9.891523
Pum3	-12.282687	-8.828809
Cpa3	-17.216082	-13.762203
Cnrip1	-13.082517	-9.628638
Vmac	-13.179631	-9.725753
Ado	-12.728289	-9.274410000000001
Gm44854	-17.909226999999998	-14.45535
Ybx1	-8.489004	-5.0351267
Nmi	-12.781107	-9.327228999999999
Sytl5	-12.887983	-9.434105
Ptgfrn	-12.43885	-8.984972
Tatdn2	-12.902267	-9.448389
Mcmdc2	-16.340612	-12.886735
2610035D17Rik	-14.611542000000002	-11.157663000000001
Tmem101	-12.793333	-9.339455000000001
Kcnk4	-17.769466	-14.315589000000001
Fn1	-8.457017	-5.0031395
Tmem53	-13.261957	-9.808079
Arih2	-12.6151705	-9.161292
Slc25a34	-13.640931	-10.187053
Plk1	-16.992937	-13.539060000000001
6820408C15Rik	-18.82552	-15.371642000000001
Ugp2	-11.003525999999999	-7.5496479999999995
Oxld1	-13.269657	-9.815779
Dlgap5	-17.686085000000002	-14.232207
Chst11	-14.467210000000001	-11.013330999999999
Alkbh2	-13.752692000000001	-10.298814
Npm2	-17.960522	-14.506644
Rhobtb3	-12.129721	-8.675842
Galnt12	-16.351084	-12.897206
Exoc7	-11.956895	-8.503016
Ddx59	-14.152691	-10.6988125
Pparg	-14.67645	-11.222571
Ears2	-14.005239000000001	-10.55136
Tmem41a	-13.203308999999999	-9.749431
Plekha4	-15.391532999999999	-11.937654499999999
Zdhhc9	-13.007292999999999	-9.553414
2810049E08Rik	-20.90496	-17.451083999999998
Msrb2	-13.015127	-9.561249
Fam102a	-14.975372	-11.521494
Ube2r2	-10.587148	-7.1332699999999996
Rin3	-13.20015	-9.746271
Psip1	-10.716633	-7.262755
Lilra5	-20.90496	-17.451083999999998
Ccdc33	-17.769466	-14.315589000000001
Gm48086	-16.405151	-12.951273
Nrd1	-11.230761	-7.7768826
Gm43378	-15.734476999999998	-12.280599
Ambra1	-12.996574	-9.542696000000001
Zfp454	-15.121135999999998	-11.667257000000001
Vwf	-15.567423000000002	-12.113544000000001
Tlr3	-14.212876999999999	-10.758999000000001
Trip13	-16.715304999999997	-13.261428
B4galt3	-12.670927	-9.217049000000001
Dynll2	-11.235046	-7.7811685
Clec5a	-19.518665	-16.064789
Gm21833	-18.507065	-15.053187
AI839979	-14.855227	-11.401349
Gm15728	-16.361666	-12.907788
Rassf6	-16.02216	-12.568280999999999
Tusc2	-12.421946	-8.968067
Gm26789	-17.503763	-14.049885999999999
Lrrc39	-13.446775	-9.992897
Fgd4	-12.418227	-8.964349
Rxrb	-12.187607	-8.733728
Gm17173	-20.211813	-16.757935999999997
B230217C12Rik	-14.310548	-10.856669
Fkrp	-12.301039999999999	-8.847161
Dnali1	-20.90496	-17.451083999999998
Fbln7	-12.901264	-9.447386
Spag17	-20.211813	-16.757935999999997
Faap20	-11.829754	-8.375875
Mark1	-11.084204	-7.630325999999999
Gckr	-20.211813	-16.757935999999997
Ankrd29	-12.737608999999999	-9.283730499999999
Gm30003	-16.86191	-13.408031
Tnfsf15	-18.82552	-15.371642000000001
Pilrb2	-20.90496	-17.451083999999998
Cystm1	-11.907938	-8.45406
Proser3	-14.108137	-10.654259
Rnf123	-12.252189	-8.79831
Tmem72	-20.211813	-16.757935999999997
4933404O12Rik	-14.086037	-10.632158
Mre11a	-13.39453	-9.940652
Gnrhr	-20.90496	-17.451083999999998
Tsc2	-12.624757	-9.170878
Eif2s3x	-11.140391000000001	-7.686513400000001
Prxl2b	-13.103978999999999	-9.650101
Ippk	-13.52035	-10.066472000000001
Wipf2	-12.4333935	-8.979515
Vmn1r58	-19.518665	-16.064789
Gm13496	-17.439224	-13.985347
Tmem240	-14.686360999999998	-11.232483
Pitx2	-17.503763	-14.049885999999999
Dgkg	-13.098672	-9.6447935
Aif1	-17.503763	-14.049885999999999
Gm38590	-20.90496	-17.451083999999998
Get4	-12.151116	-8.697238
Necab2	-19.518665	-16.064789
Vasn	-10.478433	-7.0245547
Acrbp	-14.441932000000001	-10.988053
Spem2	-20.90496	-17.451083999999998
Zfp568	-12.229739	-8.775861
Gm12764	-19.295523	-15.841645000000002
Arid3b	-13.734073	-10.280194
Tug1	-12.235047	-8.781169
Gm50166	-19.806348999999997	-16.352472
Rab11fip5	-12.9827	-9.528822
Gle1	-12.111349	-8.657471000000001
Fbxo5	-14.795713000000001	-11.341835000000001
Gm20707	-15.158757999999999	-11.704880000000001
1700026N04Rik	-18.507065	-15.053187
Alg13	-13.902804999999999	-10.448927000000001
Rbmxl1	-12.185644	-8.731766
Zfp526	-14.706482999999999	-11.2526045
Aqp2	-17.167292	-13.713413000000001
Xpo7	-12.437589	-8.98371
Ggps1	-11.718401	-8.264522999999999
Rbm8a2	-16.746078	-13.2922
Gm47802	-16.561155	-13.107276999999998
Klhl29	-14.954319	-11.500441
Mtif3	-13.039773	-9.585894999999999
Nat8	-20.90496	-17.451083999999998
Parvb	-18.01459	-14.560711999999999
Atp6v0e2	-13.858314000000002	-10.404435000000001
Gm17029	-18.82552	-15.371642000000001
1700120K04Rik	-19.806348999999997	-16.352472
Zfp595	-13.607192999999999	-10.153315
Telo2	-13.115092	-9.661214
Sh3bp1	-13.850512	-10.396633
Prpf38a	-12.419672	-8.965794
Dtx1	-15.08785	-11.633971
Klf13	-10.311206	-6.857328
Rph3al	-18.132372	-14.678494
Rpl3l	-19.113201	-15.659324
Tpt1	-7.425724499999999	-3.971847
Yif1b	-11.4279585	-7.9740806
Bloc1s6	-12.628312	-9.174434
Mrfap1	-9.947493	-6.4936147
Dclre1a	-13.376629999999999	-9.922751
Gm13421	-16.289839999999998	-12.835962
Fth1	-6.705077	-3.2511997000000004
Chrm5	-20.90496	-17.451083999999998
Aasdhppt	-12.289553	-8.835674000000001
Fdps	-11.225742	-7.7718644
Sel1l	-11.34094	-7.8870625
Ccdc68	-11.567283999999999	-8.113405
Gatm	-16.685453	-13.231575
Klhdc8a	-19.113201	-15.659324
Dpy19l3	-13.736382	-10.282503
Gm44257	-20.211813	-16.757935999999997
Nsfl1c	-11.458205	-8.004327
Tril	-14.217853	-10.763974000000001
Pde5a	-10.302816	-6.848938499999999
Gm20663	-20.90496	-17.451083999999998
Col2a1	-15.06432	-11.610441
Golga4	-10.888592	-7.434714
Aamdc	-11.377477	-7.923599
Ttc4	-12.325544	-8.871666000000001
Ube2o	-12.398626	-8.944747999999999
Ostf1	-10.980006	-7.5261283
Ccndbp1	-12.250095	-8.796217
Zfp236	-13.195653	-9.741775
Flot2	-11.4117	-7.9578223
Gm45620	-16.439053	-12.985175
Efr3a	-10.86219	-7.4083122999999995
Hps4	-12.922203	-9.468325
Cmtm5	-18.19691	-14.743032999999999
Cmtm8	-14.182331	-10.728453
4930435F18Rik	-18.82552	-15.371642000000001
Apba1	-13.354826000000001	-9.900948
Serping1	-10.956978999999999	-7.503100999999999
Grcc10	-10.111198	-6.6573205
Tmem186	-14.092616	-10.638738
E030044B06Rik	-20.211813	-16.757935999999997
Eps15	-12.088701	-8.634822999999999
Tmem30a	-10.439176	-6.9852977
Brix1	-12.179454	-8.725575
Gm34921	-20.211813	-16.757935999999997
Dhrs7	-11.059421	-7.6055427
Gm43400	-19.806348999999997	-16.352472
Cd151	-10.248856	-6.7949777000000005
Jmjd1c	-11.329561	-7.8756832999999995
Lck	-17.813917	-14.36004
Snapin	-11.819051	-8.365172
2810457G06Rik	-14.155029999999998	-10.701152
Slc22a21	-14.249521	-10.795643
Fkbp15	-12.725201	-9.271322
Nek10	-18.132372	-14.678494
Slc25a11	-11.751297000000001	-8.297419
Htt	-12.592089999999999	-9.138211
Zdhhc5	-12.186297	-8.732419
Ttf1	-12.4827385	-9.02886
Slfn5	-16.045149	-12.59127
Ephb6	-13.678025	-10.224147
3110040N11Rik	-12.811499000000001	-9.357619999999999
Hilpda	-13.0603285	-9.60645
Pxmp2	-13.222939499999999	-9.769061
Rbm15	-12.902600999999999	-9.448723
Stat5b	-12.467027999999999	-9.013149
Rasa1	-11.644689	-8.19081
Creb3	-11.685562	-8.231684
Phc1	-13.001735	-9.547856
Gm50070	-17.439224	-13.985347
Rpl38	-8.285779	-4.831901599999999
Mgat5b	-14.959539999999999	-11.505662
Sox5it	-19.113201	-15.659324
Exosc1	-12.255336999999999	-8.801458
Zfp719	-13.430757	-9.976878
Zfp174	-14.813651	-11.359772999999999
Yap1	-11.906206	-8.452328
Cfb	-16.299791	-12.845913000000001
Rgmb	-12.454977	-9.001099
Ermp1	-12.570008999999999	-9.116131
Frem2	-17.813917	-14.36004
Isca1	-12.684289	-9.230411
Ly9	-20.90496	-17.451083999999998
C130026L21Rik	-19.113201	-15.659324
Rhbdl3	-14.729094	-11.275215
Gal3st4	-14.864707000000001	-11.410829
Bud13	-13.548681	-10.094803
1700123M08Rik	-14.664685	-11.210807
Radil	-16.213614	-12.759735000000001
Ephb1	-15.018857	-11.564979
Magee1	-12.843159	-9.38928
Gm4473	-15.30654	-11.852661
Clec9a	-19.806348999999997	-16.352472
Ehd3	-13.015127	-9.561249
Wfs1	-12.396002000000001	-8.942122999999999
E130309D02Rik	-13.297082999999999	-9.8432045
Fam169a	-17.349613	-13.895735
Rnd1	-13.9493685	-10.49549
Stk38l	-11.022748	-7.5688699999999995
Stk24	-11.61028	-8.156402
Pygo2	-13.155207999999998	-9.701329
Gm6938	-19.113201	-15.659324
Reep6	-16.64228	-13.188403
Dcaf13	-12.484499000000001	-9.030621
Ifi30	-11.931483	-8.477605
Lrrc57	-13.068591	-9.614713
Prcp	-12.900596	-9.446717
Mir17hg	-15.174860999999998	-11.720983
Gm6410	-19.295523	-15.841645000000002
Med8	-11.939882	-8.486004
Mall	-17.01314	-13.559262
Osgepl1	-13.111375	-9.657496
Dusp16	-12.483838	-9.02996
Rab1a	-10.641285	-7.187407
Hoxb8	-13.363278	-9.9094
Cyp11b1	-20.90496	-17.451083999999998
Epb41l3	-14.307816	-10.853937
Glb1	-12.758832	-9.304953999999999
Kcnmb4os2	-20.90496	-17.451083999999998
Uqcr11	-9.542380999999999	-6.088504
Irf4	-18.82552	-15.371642000000001
Gm50114	-16.394102	-12.940224
Gm32618	-13.967648	-10.513769
Chuk	-12.443491999999999	-8.989614
Cblb	-12.918117	-9.464238
Sox2ot	-18.602375	-15.148498000000002
Skor1	-19.295523	-15.841645000000002
Tmod3	-11.590621	-8.136743
Smyd5	-13.860929	-10.40705
Parn	-12.446457	-8.9925785
Nrep	-11.964332	-8.510453
Rnf138rt1	-17.609123	-14.155246
Tes3-ps	-16.394102	-12.940224
Necab1	-20.211813	-16.757935999999997
Nkain3	-16.992937	-13.539060000000001
Ap3b2	-20.211813	-16.757935999999997
Gm17251	-13.730236999999999	-10.276359
Zfp868	-13.785325	-10.331447
Btbd8	-14.170369	-10.716491
Zfp949	-13.105207	-9.651328999999999
Dst	-8.916665	-5.4627870000000005
Gnb2	-9.969981	-6.516103299999999
Gm15912	-14.372627	-10.918749
A930005H10Rik	-13.857444000000001	-10.403564999999999
Gipr	-20.211813	-16.757935999999997
Mgst1	-12.465946	-9.012068
Atxn10	-11.581828	-8.12795
E330013P04Rik	-19.518665	-16.064789
Gm12473	-18.707735	-15.253858
Apol9a	-15.616694	-12.162816000000001
Gpr150	-17.960522	-14.506644
Ggcx	-12.556897	-9.103019
Chkb	-12.426717	-8.972838000000001
Luzp2	-19.518665	-16.064789
Arhgap23	-12.638797	-9.184918
Cmss1	-13.405538	-9.951659
Rassf9	-14.457654999999999	-11.003777000000001
Tbc1d5	-12.922203	-9.468325
Gmds	-12.562836	-9.108957
Itgb1bp1	-11.915018	-8.461139999999999
Zfp300	-14.841176	-11.387298
Ei24	-11.643547	-8.189669
Naprt	-13.361688000000001	-9.907809
Bhlha9	-20.90496	-17.451083999999998
Ppp1r1c	-19.295523	-15.841645000000002
Kctd15	-13.714285	-10.2604065
Gm49519	-16.897627	-13.443748999999999
Gja4	-12.752475	-9.298596
Ddx11	-15.158757999999999	-11.704880000000001
Svbp	-11.355652000000001	-7.9017740000000005
Adprhl2	-12.650952	-9.197074
Plppr4	-18.132372	-14.678494
Syt15	-12.671458	-9.21758
Prrt1	-15.695475	-12.241596000000001
Klhl26	-12.720448	-9.266569
Amigo2	-12.58964	-9.135761
4930479D17Rik	-19.806348999999997	-16.352472
Gm20457	-17.294043	-13.840164999999999
Cbfa2t3	-13.156501	-9.702622
Pigyl	-11.107389	-7.6535115000000005
Pik3cg	-18.265903	-14.812026000000001
Gm26810	-17.537664000000003	-14.083787
Gm45442	-18.19691	-14.743032999999999
Olfr804	-20.90496	-17.451083999999998
Txlnb	-13.159958999999999	-9.70608
St6gal1	-12.345858999999999	-8.89198
Gm2093	-19.518665	-16.064789
Tbc1d24	-14.862329	-11.40845
Scn1b	-11.655016	-8.201138
Rbfox3	-19.295523	-15.841645000000002
Bcl2l11	-14.222853	-10.768974
C2	-15.868008999999999	-12.41413
Cxcl15	-20.90496	-17.451083999999998
Gm37885	-16.037426	-12.583549
Fbxo11	-11.522602000000001	-8.068724000000001
C1qtnf4	-14.391731	-10.937853
Yrdc	-12.418021000000001	-8.964143
Clcn2	-14.991457999999998	-11.53758
Prss41	-19.806348999999997	-16.352472
Leng9	-13.282785999999998	-9.828908
Prdm10	-13.824094	-10.370215
Prc1	-14.991457999999998	-11.53758
Gm33524	-19.806348999999997	-16.352472
Nfya	-12.584757000000002	-9.130878
Gps1	-11.484846000000001	-8.030968
Tnn	-18.132372	-14.678494
Cfap70	-18.507065	-15.053187
Sall2	-14.042203	-10.588325
Id2	-9.915761	-6.461883
Gm3830	-18.420053	-14.966176
Gal3st3	-13.31512	-9.861241
Swap70	-12.027719	-8.573839999999999
Col28a1	-18.420053	-14.966176
Jaml	-17.321442	-13.867564000000002
9930104L06Rik	-13.393436	-9.939558
Pdcd4	-11.547495	-8.0936165
Cnpy3	-12.072082	-8.618203
Dpysl4	-19.113201	-15.659324
Chm	-12.27444	-8.820561
Pag1	-13.873220000000002	-10.419342
Aplp1	-12.363271000000001	-8.909392
Gm47541	-19.518665	-16.064789
Tigd5	-14.278243	-10.824365
Entpd7	-13.847063	-10.393185
Cd274	-15.17162	-11.717742
C1qtnf7	-12.894602	-9.440723
1700102P08Rik	-16.462309	-13.008431
P3h4	-11.415324	-7.9614463
Mink1	-12.486483999999999	-9.032605
Tmem245	-11.490701	-8.036822
Osbpl1a	-11.648597	-8.194718
Zfp85os	-16.64228	-13.188403
Dnah2	-19.113201	-15.659324
Tmem74bos	-19.518665	-16.064789
Fam149b	-12.219038000000001	-8.76516
Sall1	-20.211813	-16.757935999999997
Srsf5	-10.170544999999999	-6.7166667
Abce1	-11.663316	-8.209437
Steap2	-13.318665	-9.864786
Med14	-12.294642	-8.840764
Abcc2	-20.90496	-17.451083999999998
Meg3	-10.517013	-7.063134700000001
A930029G22Rik	-16.450613	-12.996736
Zfp704	-10.842675999999999	-7.3887979999999995
Zfp712	-14.282225	-10.828346
Cracr2b	-12.911341	-9.457462
Etnk2	-16.125837	-12.671959
Gm28403	-20.90496	-17.451083999999998
Commd9	-12.8479	-9.394022
Abhd14b	-12.198802	-8.744924000000001
Ccp110	-13.614668	-10.1607895
Ccnyl1	-13.439306	-9.985428
Urm1	-12.548876	-9.094997
Lrrc4	-16.142785999999997	-12.688908999999999
Ercc6	-13.543586	-10.089707
Lncbate1	-18.340011999999998	-14.886134
Gm17494	-15.601656	-12.147778
Mapre2	-11.435956	-7.982078
Rhno1	-13.286710000000001	-9.832831
Clpb	-12.663785	-9.209907000000001
Olfr802	-20.90496	-17.451083999999998
Atl1	-13.991223999999999	-10.537346000000001
1810014P07Rik	-18.19691	-14.743032999999999
Gm31805	-17.120770999999998	-13.666893
Ckb	-9.763926	-6.3100476
Rgs7	-12.040073	-8.586195
Slc25a53	-14.6823845	-11.228506
Brms1	-13.196101	-9.742223
Gm3854	-15.591755	-12.137876499999999
Cfap126	-15.403703	-11.949824000000001
Kcnj11	-14.690353	-11.236475
Sema5b	-16.109170000000002	-12.6552925
Med24	-13.484383	-10.030503999999999
Ccnh	-12.120033	-8.666155
5430440P10Rik	-20.211813	-16.757935999999997
Gm34256	-19.295523	-15.841645000000002
Gm15462	-20.211813	-16.757935999999997
Gm15270	-13.191176	-9.737298
Katna1	-12.467244	-9.013366
Nostrin	-17.439224	-13.985347
Snrpn	-12.385371000000001	-8.931493
Doc2b	-19.113201	-15.659324
Zbtb6	-12.916758	-9.462879
Gm12224	-18.340011999999998	-14.886134
Gm47118	-20.211813	-16.757935999999997
Chmp6	-12.470281	-9.016402000000001
Gm50210	-18.95905	-15.505172
Fhod1	-13.446198	-9.99232
Gm15774	-19.806348999999997	-16.352472
Platr29	-20.90496	-17.451083999999998
G6pc3	-12.472238	-9.018359
4933413J09Rik	-16.522934	-13.0690565
Fem1a	-12.804496	-9.350617
Slc46a3	-14.690353	-11.236475
Zfp993	-15.329011999999999	-11.8751335
Trappc2l	-11.152878	-7.699
Gm11730	-20.90496	-17.451083999999998
Ppm1e	-12.941500999999999	-9.487622
Gm15886	-18.420053	-14.966176
Ppara	-14.483339	-11.029461
Rcc1	-14.183535999999998	-10.729657000000001
Zfp970	-14.706482999999999	-11.2526045
Entpd5	-13.745669	-10.291791
Dtwd1	-13.366466500000001	-9.912588000000001
Pakap	-14.611542000000002	-11.157663000000001
Adamts18	-20.90496	-17.451083999999998
Brinp3	-20.90496	-17.451083999999998
Ahi1	-12.249573	-8.795694000000001
Gm3924	-20.90496	-17.451083999999998
Gm9895	-16.195429999999998	-12.741552
Scpep1	-10.849697	-7.395819
Nupl2	-13.900079000000002	-10.4462
Ctxn2	-20.211813	-16.757935999999997
Ankrd54	-12.58964	-9.135761
2510002D24Rik	-11.825413000000001	-8.371534
Gm10371	-14.261171	-10.807293
Cdh1	-20.90496	-17.451083999999998
Gm11802	-20.90496	-17.451083999999998
Srp54b	-16.915976999999998	-13.462098999999998
Dhh	-18.707735	-15.253858
Lipo3	-12.775492	-9.321613000000001
Gm10767	-16.319994	-12.866116
Asphd1	-20.90496	-17.451083999999998
Gm10847	-17.01314	-13.559262
Fam20b	-12.406951	-8.953073
Gm9484	-17.054813	-13.600935
Fam72a	-15.124217999999999	-11.67034
Ndufs3	-10.950021000000001	-7.496142999999999
Myo5a	-13.087738	-9.63386
Ints1	-12.597255	-9.143376
C8a	-20.90496	-17.451083999999998
Stc2	-14.591413500000002	-11.137535
Dmwd	-11.957675	-8.503797
Hint1	-9.499275	-6.0453978
Klhl40	-15.977707999999998	-12.523829
Plekhg3	-11.105446	-7.651567999999999
Gm11946	-14.825028	-11.37115
A630023A22Rik	-17.726907999999998	-14.273029000000001
Rapgef1	-12.478568	-9.02469
Mcmbp	-11.935038	-8.481159
Cnn3	-9.6026945	-6.148817
Neu2	-14.999599	-11.545721
Elmo2	-12.929739999999999	-9.475862
Cstad	-14.131881	-10.678002000000001
Galnt7	-13.210114	-9.756235
Scarb1	-14.067628	-10.613749499999999
Ttc39c	-13.934231	-10.480352
Wdr63	-20.90496	-17.451083999999998
Dag1	-10.149295	-6.695417
Slc10a1	-15.855104999999998	-12.401227
Znrf1	-12.108623	-8.654744
B3gat2	-15.4756155	-12.021737
Gpr162	-18.132372	-14.678494
Rbp1	-9.045974000000001	-5.592096
Med15	-11.990067	-8.536188000000001
Gm13684	-17.726907999999998	-14.273029000000001
Gm26788	-17.860437	-14.40656
Cdc26	-11.521592	-8.067714
Gm13285	-20.90496	-17.451083999999998
Mrpl46	-12.54022	-9.086342
Mthfsd	-13.172153	-9.718275
Degs2	-20.90496	-17.451083999999998
Eps8l1	-14.633973000000001	-11.180095
Pip5kl1	-20.211813	-16.757935999999997
Abhd10	-12.975474	-9.521596
D830024N08Rik	-16.351084	-12.897206
Clvs2	-18.071747	-14.617869
Bsg	-9.6238165	-6.1699386
Gm10643	-14.876682	-11.422804
Kynu	-20.90496	-17.451083999999998
Nup98	-12.133591000000001	-8.679712
4933412O06Rik	-17.267374	-13.813497
1810044D09Rik	-16.498241	-13.044364
Mlph	-15.052759	-11.598881
Rad51ap1	-17.03376	-13.579882000000001
Hsp90ab1	-7.84552	-4.3916426
Etv1	-11.895391	-8.441513
Six1	-13.090562	-9.636683
9230116N13Rik	-15.706464000000002	-12.252585
Med23	-13.088141	-9.634263
Fmo3	-11.211886	-7.758008500000001
Acbd4	-12.067861	-8.613982
Cd200r1	-19.806348999999997	-16.352472
Pigx	-12.486705	-9.032826
1700028J19Rik	-16.522934	-13.0690565
Kif15	-17.294043	-13.840164999999999
Impdh2	-11.467963000000001	-8.014085000000001
Zfp652	-11.716151	-8.262273
Ch25h	-17.439224	-13.985347
Lsm12	-11.292762	-7.838883999999999
Hpx	-17.609123	-14.155246
Gm45570	-16.279987	-12.82611
Rufy2	-12.586707	-9.132829
Cry1	-13.058763	-9.604884
4933415A04Rik	-20.211813	-16.757935999999997
Zfp184	-15.637103	-12.183225
Sod3	-9.201696	-5.7478185
Clec14a	-14.666635999999999	-11.212758000000001
Gm37459	-19.113201	-15.659324
Gm45823	-20.211813	-16.757935999999997
Pcx	-14.654986	-11.201108
Cdc73	-11.549655	-8.095777
Fam78a	-19.518665	-16.064789
Cenpn	-16.177572	-12.723695
Rapgef3	-16.416325	-12.962446
Zfp90	-13.305059	-9.851181
Gm46620	-16.416325	-12.962446
Camk2n2	-14.519767000000002	-11.065888000000001
Hist1h2ac	-14.712598999999999	-11.25872
Hsd17b10	-10.771791	-7.3179134999999995
Gm32255	-18.19691	-14.743032999999999
Gm49512	-19.806348999999997	-16.352472
Nxpe2	-18.82552	-15.371642000000001
Gpr132	-18.95905	-15.505172
Nbeal1	-9.946848	-6.49297
Itpr3	-15.907748999999999	-12.453871000000001
Zfpm1	-14.19079	-10.736912
Paqr9	-16.462309	-13.008431
Gm47962	-16.746078	-13.2922
Hspg2	-9.73205	-6.2781720000000005
Smarcb1	-11.588550999999999	-8.134672
Rhoh	-19.806348999999997	-16.352472
Gm42903	-19.113201	-15.659324
Gm17115	-18.707735	-15.253858
Gm34093	-16.953716	-13.499839000000001
Eef1aknmt	-14.120504	-10.666625999999999
C1s2	-20.211813	-16.757935999999997
Gdap1	-16.309841	-12.855963000000001
Rpa2	-13.147054999999998	-9.693176
Mettl14	-12.853302000000001	-9.399424
Ankib1	-11.996673	-8.542794
Ly6k	-18.707735	-15.253858
Col22a1	-15.914529000000002	-12.46065
Tjp3	-19.518665	-16.064789
Gm44067	-17.609123	-14.155246
Lgals4	-15.174860999999998	-11.720983
Gm36328	-19.113201	-15.659324
Gm49477	-18.340011999999998	-14.886134
Psmd13	-11.056775	-7.6028970000000005
Zcchc13	-19.518665	-16.064789
Gm20658	-19.806348999999997	-16.352472
Catsper3	-17.686085000000002	-14.232207
Eef1g	-9.830882	-6.377004
Ngf	-16.86191	-13.408031
Gm39119	-19.295523	-15.841645000000002
Hnrnpa0	-10.434599	-6.980721000000001
Klhl31	-14.24695	-10.793072
B3galt5	-20.211813	-16.757935999999997
Esm1	-15.970488000000001	-12.516608999999999
Rcc2	-13.108081	-9.654202
Ncdn	-13.164732	-9.710854
Dnajc17	-12.801769	-9.347891
Nup50	-12.551935	-9.098057
Eif2s2	-10.184275	-6.7303967
Ptbp2	-11.888691	-8.434813
Ankrd28	-13.368064000000002	-9.914186
Mtmr6	-11.685959	-8.23208
Tmem38b	-10.956357	-7.502478999999999
Cytl1	-13.176105499999998	-9.722227
Lypd8	-20.90496	-17.451083999999998
Cep164	-12.193848	-8.739969
Gm49953	-19.113201	-15.659324
Ago3	-11.868022	-8.414144
Akr1cl	-20.90496	-17.451083999999998
Htr5b	-20.211813	-16.757935999999997
Gnpat	-12.535109	-9.08123
Mfsd10	-11.918014999999999	-8.464136
Sel1l3	-12.531638000000001	-9.077760000000001
Tnip2	-12.6362295	-9.182350999999999
Pabpc4l	-14.831917	-11.378038
Snhg5	-12.948134	-9.494256
Gm30054	-18.340011999999998	-14.886134
Larp1b	-11.174221000000001	-7.720343
Dnmt1	-12.650433	-9.196553999999999
Tbx3	-15.992307	-12.538428
Raver2	-14.684370999999999	-11.230493
Rgsl1	-17.726907999999998	-14.273029000000001
Gm26787	-20.211813	-16.757935999999997
Hormad1	-20.211813	-16.757935999999997
Tgfa	-17.813917	-14.36004
Gm20546	-19.806348999999997	-16.352472
Gm3510	-18.82552	-15.371642000000001
Rubcnl	-19.518665	-16.064789
Tmem108	-13.891046	-10.437167
Gas6	-9.770694	-6.316816
Zfp335os	-16.270231	-12.816353999999999
Vmn2r65	-20.211813	-16.757935999999997
Map3k1	-12.489137	-9.035258
Pds5b	-11.727764	-8.273886
Mttp	-14.415756	-10.961878
Serpinb11	-19.518665	-16.064789
Mmp28	-15.581951	-12.128072999999999
Gm17098	-18.707735	-15.253858
Bmp2	-12.520386	-9.066507000000001
Odf2l	-13.4543	-10.000422
G630093K05Rik	-18.132372	-14.678494
Rnf225	-17.076319	-13.622441
Per3	-11.465097	-8.011219
Gm48283	-20.90496	-17.451083999999998
Kctd1	-13.8359375	-10.382059
Tmed5	-12.067571000000001	-8.613692
Dzip1	-13.476628	-10.02275
Igsf6	-18.507065	-15.053187
Ttc34	-17.960522	-14.506644
Cdk5rap1	-14.150357000000001	-10.696479
Aipl1	-18.507065	-15.053187
Adig	-18.132372	-14.678494
Bbs2	-13.471885999999998	-10.018007
Sh3yl1	-15.052759	-11.598881
AA465934	-15.928227	-12.474349
Gm20274	-14.793494	-11.339616
Tnfsf10	-18.340011999999998	-14.886134
Gm47918	-20.211813	-16.757935999999997
Lnx2	-13.513546	-10.059667999999999
Gm28068	-20.90496	-17.451083999999998
D630003M21Rik	-16.992937	-13.539060000000001
Trpv2	-12.78974	-9.335861
Lonrf2	-14.845838	-11.391959
Fscn3	-18.95905	-15.505172
Rpl7a	-8.8649845	-5.4111066
5033403F01Rik	-16.761826	-13.307948000000001
A630001G21Rik	-17.470974	-14.017095999999999
Sfrp4	-12.813027	-9.359149
Rusc1	-13.007292999999999	-9.553414
B430319H21Rik	-19.806348999999997	-16.352472
Uqcrb	-9.624977000000001	-6.171099
Gm13844	-20.90496	-17.451083999999998
Ptrh1	-14.142232	-10.688353999999999
Fgd2	-18.95905	-15.505172
Gm43463	-17.01314	-13.559262
Vwa1	-13.337098000000001	-9.88322
Prxl2a	-13.827463	-10.373585
Yae1d1	-11.3482685	-7.8943906
BC065397	-14.258571	-10.804692
Gja3	-17.646864	-14.1929865
Rbm28	-11.746335	-8.292457
Gm31305	-15.848716	-12.394836999999999
H2al1m	-16.628294	-13.174417000000002
Ccdc166	-16.241522	-12.787643
Fam98c	-12.446457	-8.9925785
Myo1d	-11.008951	-7.555073299999999
Cntn1	-16.992937	-13.539060000000001
Gm28592	-19.806348999999997	-16.352472
Glmn	-13.397820000000001	-9.943942
Fancf	-14.440372	-10.986494
A230059L01Rik	-16.746078	-13.2922
Hes5	-20.90496	-17.451083999999998
Ogfod1	-13.059154	-9.605275
Irs2	-11.56184	-8.107961999999999
Arhgap39	-14.018429999999999	-10.564551
Ap4e1	-13.557017000000002	-10.103139
Fxr1	-10.991375	-7.537497
Zfp2	-13.657881	-10.204002000000001
Tmem43	-11.452617	-7.998739
4930505A04Rik	-17.909226999999998	-14.45535
Fam92a	-11.422382	-7.9685044000000005
Crhr1	-20.90496	-17.451083999999998
Rtl5	-15.1397705	-11.685891999999999
Pigw	-14.811392000000001	-11.357513
Ntng1	-14.552332	-11.0984535
Baiap2l1	-14.056956	-10.603078
Slc35e3	-14.198099	-10.744221000000001
Ggact	-13.492801	-10.038922
Zpbp	-17.378601	-13.924723
Gm15448	-20.90496	-17.451083999999998
Sntg1	-19.518665	-16.064789
Psme1	-11.06911	-7.615232000000001
Gm10373	-17.909226999999998	-14.45535
Tarsl2	-13.407754	-9.953876
2310008N11Rik	-17.646864	-14.1929865
Gm10076	-8.705747	-5.251869
Pik3r1	-11.019536	-7.565658
Fez1	-11.589089999999999	-8.135212
Syce1l	-18.82552	-15.371642000000001
Gm48237	-20.90496	-17.451083999999998
Slc41a2	-13.879423000000001	-10.425545
Gm11100	-17.408453	-13.954576000000001
Troap	-17.909226999999998	-14.45535
Rab11a	-11.435338	-7.98146
Abhd14a	-12.121105	-8.667227
Fbxo8	-12.3554945	-8.901616
Rpl37a	-7.7997007	-4.3458233
Bmp2k	-12.729977	-9.276098
Trip6	-11.923028	-8.46915
Mmut	-11.729938	-8.276059
Crppa	-15.007807999999999	-11.553929
8430423G03Rik	-19.806348999999997	-16.352472
Oxtr	-17.408453	-13.954576000000001
Trp63	-17.2414	-13.787521
A330048O09Rik	-16.628294	-13.174417000000002
Tspan1	-19.295523	-15.841645000000002
Nup54	-12.465513	-9.011635
Lama5	-11.57143	-8.117552
Deaf1	-12.979804	-9.525926
Kpna6	-12.125865	-8.671987
March5	-11.137121	-7.683243300000001
Usp32	-12.470281	-9.016402000000001
Zfp11	-14.954319	-11.500441
Pgbd1	-15.679214499999999	-12.225336
Gm14540	-18.340011999999998	-14.886134
Tent4b	-12.418227	-8.964349
Gm45449	-17.726907999999998	-14.273029000000001
Scrib	-12.959406	-9.5055275
Mok	-16.64228	-13.188403
Kctd6	-13.1845	-9.730621000000001
Zfp91	-10.114633	-6.660754700000001
Rhpn2	-15.242001	-11.788122
Ing1	-11.272299	-7.818421000000001
Txnip	-10.328427	-6.8745494
Glmp	-11.681014	-8.227136
Rap1a	-10.687064	-7.2331862000000005
Gm49980	-14.649211	-11.195333
Zfp661	-15.668519	-12.214641
Gm17122	-19.295523	-15.841645000000002
Skp1a	-10.485362	-7.031484
Atp9b	-12.397819	-8.94394
Clec4a3	-18.071747	-14.617869
Zfp930	-14.136467999999999	-10.68259
Fut7	-18.95905	-15.505172
Ap3m1	-11.989932000000001	-8.536054
AI182371	-17.054813	-13.600935
1700066M21Rik	-14.67055	-11.216672
Fktn	-12.346817999999999	-8.89294
Trpm1	-17.378601	-13.924723
Rabif	-12.687522999999999	-9.2336445
Chac1	-15.935148000000002	-12.48127
Gm28085	-19.806348999999997	-16.352472
4930448E22Rik	-19.113201	-15.659324
Nxt1	-12.634948	-9.181069
Dop1b	-13.162126	-9.708247
Bccip	-11.445888	-7.992009599999999
Gm47523	-19.806348999999997	-16.352472
Gm13398	-19.518665	-16.064789
A4galt	-12.836871	-9.382992999999999
Phxr2	-19.518665	-16.064789
Paox	-13.237335	-9.783457
Brsk2	-18.132372	-14.678494
Pdcl3	-10.267953	-6.814075
Dkk2	-18.507065	-15.053187
Gm12703	-15.572242999999999	-12.118364
Gm17092	-14.204229999999999	-10.750352000000001
Zfp61	-13.937994	-10.484116
Gstp2	-14.454491	-11.000612
Kmt5c	-13.685319	-10.231441
Pex11b	-12.432765	-8.978887
Gm36543	-16.00712	-12.553243
Fig4	-13.063467999999999	-9.609589999999999
Scfd2	-14.013335000000001	-10.559457
Gm13840	-18.340011999999998	-14.886134
Mlana	-18.071747	-14.617869
Gm15446	-14.076248999999999	-10.622371000000001
Susd5	-9.741622	-6.287744
CAAA01066123.1	-17.646864	-14.1929865
Cngb3	-17.813917	-14.36004
Fcna	-17.960522	-14.506644
Hsp90aa1	-8.6990385	-5.2451606
Tmem218	-12.449218	-8.995339
Gm45606	-19.518665	-16.064789
Cript	-11.156609	-7.7027307
Pllp	-19.518665	-16.064789
Prkg2	-15.115001000000001	-11.661122
Eps8l2	-13.541681	-10.087803
Gm3646	-18.265903	-14.812026000000001
Gm11725	-20.90496	-17.451083999999998
Dnm3	-14.694360999999999	-11.240482
Lpcat1	-13.101118	-9.64724
Mtpn	-10.781174	-7.3272960000000005
Fam174b	-13.996205999999999	-10.542328
Eml1	-11.319271	-7.865392999999999
Hdac4	-12.157132	-8.703254
Sp140	-12.781107	-9.327228999999999
Gnl2	-12.232818	-8.778939
Snai2	-13.094608000000001	-9.64073
Rpl21	-8.103575	-4.649697
Necap2	-12.705497	-9.251617999999999
Gata2	-17.120770999999998	-13.666893
Galnt2	-10.434826	-6.980948
Gm26575	-17.726907999999998	-14.273029000000001
D10Wsu102e	-12.598489	-9.14461
Gm47956	-17.167292	-13.713413000000001
Lmtk2	-13.749564999999999	-10.295687
Aldh1a1	-15.712005	-12.258125999999999
Olfr1388	-20.90496	-17.451083999999998
Gm47843	-16.730574	-13.276695000000002
Prkaa1	-12.440114	-8.986236
Ssu2	-19.806348999999997	-16.352472
Slc35f2	-17.378601	-13.924723
Itgb1bp2	-16.879607999999998	-13.425730999999999
Etfa	-11.065053	-7.611175
Bbx	-10.966733999999999	-7.512856
Polm	-13.731003	-10.277124
Mrpl39	-12.706872	-9.252994000000001
Oasl1	-20.211813	-16.757935999999997
Uso1	-11.385226	-7.931348299999999
Cdc23	-12.406136	-8.952257000000001
Cdkn2aip	-11.416232	-7.9623539999999995
Aunip	-19.113201	-15.659324
Bod1l	-10.473761999999999	-7.0198836
Ube4a	-12.333848	-8.87997
Emsy	-11.605969	-8.152091
Zfp418	-15.458224	-12.004346
Gm48696	-19.113201	-15.659324
Gm10435	-20.90496	-17.451083999999998
Gtpbp6	-12.979804	-9.525926
Ccl9	-16.614501999999998	-13.160623999999999
B230312C02Rik	-14.414238000000001	-10.960360000000001
Arpc1a	-11.391558	-7.93768
Ube2d2a	-10.610378	-7.156500299999999
Kars	-11.9815035	-8.527625
Cpsf4	-14.1751375	-10.721259
Gm44317	-18.01459	-14.560711999999999
Glipr2	-13.479604	-10.025725
Plac8	-16.827423	-13.373546
Gm9776	-15.352001000000001	-11.898123
Zfp784	-15.562626999999999	-12.108748
A730020M07Rik	-17.769466	-14.315589000000001
BC029722	-12.396405	-8.942527
Pgs1	-12.941154	-9.487275
Meis3	-12.821015	-9.367137
Olfr920	-14.589603	-11.135725
Lrrc15	-19.518665	-16.064789
Cdc42ep1	-13.900986999999999	-10.447108
Tgfb1	-11.886629	-8.432751
Olfr1444	-20.90496	-17.451083999999998
Sdf2l1	-13.467754000000001	-10.013876
5830487J09Rik	-16.33025	-12.876371
Trmt112	-10.841057000000001	-7.387179
Rbp7	-18.82552	-15.371642000000001
Adcy7	-11.70225	-8.248371
Gm21887	-13.263397	-9.809519
Fat1	-10.341339999999999	-6.887461999999999
Tfap2a	-16.109170000000002	-12.6552925
Dhx40	-12.308218	-8.854339999999999
A530064D06Rik	-20.211813	-16.757935999999997
Gm17546	-17.909226999999998	-14.45535
C2cd2	-11.798538	-8.344660000000001
Rho	-18.071747	-14.617869
Celf5	-17.503763	-14.049885999999999
Ppp2r2b	-19.806348999999997	-16.352472
Plb1	-13.301064000000002	-9.847185000000001
Rel	-13.069382000000001	-9.615503
Rbm8a	-10.692188999999999	-7.2383112999999994
Txndc15	-11.135119	-7.6812415
Gatad2a	-12.017585	-8.563706
Mirt2	-20.90496	-17.451083999999998
Foxo3	-12.053011999999999	-8.5991335
Map3k6	-13.751909	-10.298031
Slx4ip	-14.345345499999999	-10.891467
Pelo	-12.897927000000001	-9.444049
Arl5b	-12.735908	-9.282029
BC051142	-19.113201	-15.659324
Gpr4	-16.014612	-12.560734
D130020L05Rik	-14.224107	-10.770228
Zfp120	-13.115920999999998	-9.662042999999999
Dennd1a	-12.61492	-9.161041
Elk4	-12.28467	-8.830791
Dsg2	-18.265903	-14.812026000000001
Zdhhc11	-20.211813	-16.757935999999997
Ptn	-14.874276	-11.420397999999999
Atg4d	-12.913708	-9.459829
4933400F21Rik	-19.518665	-16.064789
Dcxr	-12.507002	-9.053123
Cd109	-12.05717	-8.6032915
Tmem182	-20.90496	-17.451083999999998
Gm47031	-19.806348999999997	-16.352472
Trim21	-14.680403	-11.226524000000001
Grm5	-20.211813	-16.757935999999997
Degs1	-10.654981	-7.2011027
Lamp5	-20.90496	-17.451083999999998
Dynll1	-8.467844	-5.013966
Serpinc1	-15.728810999999999	-12.274933
Fcf1	-12.16127	-8.707392
Zwint	-11.987516000000001	-8.533638
Gm50383	-19.518665	-16.064789
Gm43077	-19.806348999999997	-16.352472
Prr14l	-12.883047999999999	-9.42917
Ric3	-13.373945	-9.920067
Tor4a	-14.434161999999999	-10.980284
Thrap3	-10.832153	-7.3782754
Myo9a	-11.210714	-7.7568364
Spocd1	-20.90496	-17.451083999999998
Gm47926	-20.90496	-17.451083999999998
Cd247	-17.503763	-14.049885999999999
Slc8a1	-11.29665	-7.842772
M6pr	-11.639659	-8.185781
Ccdc84	-13.420592000000001	-9.966714
Il4	-19.113201	-15.659324
P4hb	-10.04312	-6.5892425
Trabd	-12.499371	-9.045492
Nupr1l	-14.405173999999999	-10.951296000000001
Cyb5r1	-12.4522	-8.998322
Ptges2	-12.899928	-9.44605
Brdt	-14.30918	-10.855302
Atp5b	-9.488624	-6.0347457
Naa38	-11.111678999999999	-7.657800999999999
Fhit	-15.631962	-12.178083
Scyl1	-11.761188	-8.307309
Ankrd35	-14.162081	-10.708202
Ifitm1	-16.383173	-12.929295
Zmiz1	-11.300419	-7.846541
Mark4	-12.973317	-9.519439
Gm48646	-16.548251999999998	-13.094374
Akap5	-14.664685	-11.210807
Gm34788	-17.909226999999998	-14.45535
Gm10287	-19.806348999999997	-16.352472
Pign	-13.738695000000002	-10.284817
Ankrd33b	-18.707735	-15.253858
Ccdc34	-11.745493	-8.291615
Rasa2	-11.751297000000001	-8.297419
8030451A03Rik	-17.14376	-13.689882
F10	-19.295523	-15.841645000000002
Arl6ip5	-10.325218	-6.871340299999999
Inpp5b	-13.089350999999999	-9.635472
Dock7	-11.425203999999999	-7.971326400000001
B3galnt2	-11.541471000000001	-8.087591999999999
Zfp592	-12.615924	-9.1620455
Commd7	-11.908309	-8.454431
Gm14936	-20.90496	-17.451083999999998
Col14a1	-10.850643	-7.396764999999999
A330076H08Rik	-16.992937	-13.539060000000001
Atp11b	-11.840803	-8.386925
Grm2	-20.90496	-17.451083999999998
Gm1587	-20.211813	-16.757935999999997
Pcsk4	-15.471239	-12.017361
Vamp5	-12.05101	-8.597132
Man2c1	-12.464002	-9.010123
Serpinh1	-9.264936	-5.8110585
Ptger2	-17.960522	-14.506644
Hbq1a	-20.90496	-17.451083999999998
Ncor1	-10.009074	-6.5551963
Vamp8	-10.612103999999999	-7.1582265
A930037H05Rik	-15.637103	-12.183225
Mylpf	-15.115001000000001	-11.661122
Atp8b1	-10.892888000000001	-7.439010000000001
Nudt22	-13.073344	-9.619466000000001
Spon2	-17.813917	-14.36004
Ndufaf6	-13.508013	-10.054134
Cstdc2	-17.909226999999998	-14.45535
Dcst1	-19.295523	-15.841645000000002
Fam135a	-11.888327	-8.434448
Smg1	-11.580311	-8.126432000000001
Asb13	-12.819474000000001	-9.365596
Gm5580	-18.420053	-14.966176
Gm48045	-16.309841	-12.855963000000001
Tnk2os	-20.90496	-17.451083999999998
Tmem19	-12.755938	-9.302059
Rev1	-12.22667	-8.772791999999999
Smarcad1	-12.108017	-8.654139
Cltc	-10.114489	-6.6606107
Ppm1b	-11.473559	-8.019681
Slc12a3	-19.806348999999997	-16.352472
Panx1	-16.715304999999997	-13.261428
Gm49422	-16.973135	-13.519257999999999
Gm38947	-20.90496	-17.451083999999998
Mpp7	-11.4154	-7.9615216
Ctnnd1	-11.354939	-7.901061500000001
2610307P16Rik	-14.800168	-11.34629
Gabpb2	-11.872074000000001	-8.418196
Ccl2	-17.321442	-13.867564000000002
Gm37573	-20.90496	-17.451083999999998
Mtus1	-11.172736	-7.7188582
Rbm15b	-12.804193	-9.350314
Fsd1l	-13.819059	-10.365181
Rnf41	-12.886335	-9.432457000000001
Mindy4	-14.144546499999999	-10.690667999999999
Pfkl	-11.901522	-8.447643
Ndufs1	-11.783234	-8.329355
Scrn3	-13.160825	-9.706946
Lias	-12.18777	-8.733891499999999
Ccl5	-16.93467	-13.480791
Gm5475	-17.960522	-14.506644
Zfp574	-13.516015	-10.062137
1700113A16Rik	-15.024428	-11.57055
Tas2r135	-19.113201	-15.659324
Trmt61b	-13.312091	-9.858212
Fam167a	-19.295523	-15.841645000000002
Kpna3	-12.049726	-8.595847000000001
Tcap	-9.358582	-5.9047035999999995
Atp1a3	-20.90496	-17.451083999999998
Dhrs13os	-15.861536	-12.407658
Olfr742	-19.518665	-16.064789
Pros1	-11.816789	-8.362910000000001
Nat14	-12.407358	-8.95348
Gm48855	-15.881081	-12.427202000000001
Luc7l3	-10.8159075	-7.3620296000000005
A930041C12Rik	-20.211813	-16.757935999999997
BB365896	-17.076319	-13.622441
Gm37662	-17.909226999999998	-14.45535
Myl4	-13.1625595	-9.708681
Rbms2	-11.669343	-8.215465
Gm20219	-16.372362	-12.918484
Dok6	-18.707735	-15.253858
Rax	-17.076319	-13.622441
Gm14391	-16.100939	-12.647061
Nubpl	-13.993214000000002	-10.539335000000001
Zer1	-12.58915	-9.135272
Smim40	-20.90496	-17.451083999999998
Dctpp1	-12.636486	-9.182608
Ppp1r14b	-11.290357	-7.8364787
Miga1	-13.24579	-9.791911
Slamf9	-13.731003	-10.277124
Tmem189	-12.347778	-8.8939
Lmbrd1	-11.420937	-7.9670587
Gm12974	-18.340011999999998	-14.886134
Eml4	-12.570730000000001	-9.116852
Sdad1	-12.730822	-9.276943
Vsig8	-17.2414	-13.787521
Zfp459	-17.294043	-13.840164999999999
Akap9	-10.505894	-7.052016
Fmo4	-15.757466	-12.303588000000001
A930038B10Rik	-16.715304999999997	-13.261428
Ncoa6	-12.244534	-8.790655000000001
Krr1	-12.1053	-8.651422
Dnah2os	-19.518665	-16.064789
Sike1	-11.825527000000001	-8.371649
Ptdss1	-12.582324	-9.128446
Stip1	-11.056088	-7.6022105
Psd	-13.452558499999999	-9.99868
Gm38948	-19.518665	-16.064789
Hoxc5	-16.33025	-12.876371
Kin	-12.001961999999999	-8.548083
Grhpr	-11.651465	-8.197587
Uqcr10	-9.636479	-6.1826015
Dhx29	-12.380792999999999	-8.926914
Pdgfra	-13.436448	-9.982569999999999
Ctsz	-10.729425	-7.275547500000001
Hnrnpm	-10.993555	-7.539677
Gm13657	-18.19691	-14.743032999999999
Map3k4	-11.861266	-8.407388000000001
Dok3	-15.642271	-12.188393
Ndufs5	-9.823681	-6.369803
Rack1	-8.826801	-5.3729234
Slc35a2	-12.593563	-9.139685
Olfr63	-19.113201	-15.659324
Enox1	-16.548251999999998	-13.094374
AW146154	-13.87676	-10.422881
Gm42918	-15.700954000000001	-12.247076
Phf11a	-19.806348999999997	-16.352472
Cuta	-10.787694	-7.333816000000001
Krt4	-20.90496	-17.451083999999998
Gm50092	-18.420053	-14.966176
Col5a2	-10.232686	-6.778808000000001
Cfap61	-19.518665	-16.064789
Sf3b3	-11.961194	-8.507316000000001
Apoa1	-17.378601	-13.924723
Nme3	-14.29292	-10.839042
Cog3	-13.166909	-9.713030999999999
Trps1	-11.923531	-8.469652
En2	-19.518665	-16.064789
Gabrr2	-17.19139	-13.737510999999998
Hist2h4	-14.841176	-11.387298
Tlx1	-20.90496	-17.451083999999998
Gm15964	-20.211813	-16.757935999999997
C330002G04Rik	-17.769466	-14.315589000000001
Atxn2	-11.500124000000001	-8.046246
Coq2	-11.815433500000001	-8.361555000000001
Tceal9	-10.218075	-6.764197
Gm45359	-19.295523	-15.841645000000002
Galnt14	-18.071747	-14.617869
Gm17509	-18.82552	-15.371642000000001
Dusp18	-14.956926000000001	-11.503048
4930426L09Rik	-15.881081	-12.427202000000001
Selenop	-10.218623	-6.764745
Gm31105	-13.992218	-10.53834
Gm26852	-17.120770999999998	-13.666893
Gpatch1	-12.677319	-9.22344
Slc38a11	-12.238142	-8.784264
Spns2	-16.777826	-13.323948999999999
Sema6a	-15.591755	-12.137876499999999
Nppc	-17.054813	-13.600935
Llgl1	-13.551879000000001	-10.098001
Rttn	-14.121635999999999	-10.667758000000001
Phyh	-11.845792999999999	-8.391914
Slc5a3	-12.484499000000001	-9.030621
A830012C17Rik	-19.518665	-16.064789
Gtf3c1	-12.308957000000001	-8.855079
Supt6	-11.305692	-7.851814
Clock	-11.577816	-8.123938
Hsf1	-12.369535	-8.915657000000001
Gm28836	-19.806348999999997	-16.352472
Clpx	-11.926300999999999	-8.472423
Gm48294	-18.340011999999998	-14.886134
Rpl32	-8.313983	-4.8601055
Nrbp2	-12.30711	-8.853231
Pm20d2	-14.591413500000002	-11.137535
Creb3l2	-10.568199	-7.114321
Sytl1	-16.86191	-13.408031
Slc6a9	-12.6022	-9.148321000000001
Vmn1r12	-17.686085000000002	-14.232207
Dhx36	-11.086106	-7.6322284
Angpt2	-11.895025	-8.441147
Tlx2	-20.90496	-17.451083999999998
Cox7a1	-15.04989	-11.596011
Aptx	-12.808449000000001	-9.354569999999999
Trim2	-13.607870000000002	-10.153992
Golph3	-11.711055	-8.257176
Gm41717	-18.071747	-14.617869
Gm16132	-18.420053	-14.966176
Myh10	-9.359172000000001	-5.9052940000000005
Tk2	-13.795898999999999	-10.342021
Armc10	-12.777262	-9.323383
Cacnb2	-11.856081	-8.402203
A630019I02Rik	-17.686085000000002	-14.232207
Nrg2	-15.949133999999999	-12.495255
Ric1	-12.299391	-8.845512
Sec14l2	-15.416023000000001	-11.962145
Fxyd5	-11.957285	-8.503407000000001
Nrbf2	-12.143724	-8.689846000000001
5430425K12Rik	-16.794086	-13.340209
Tmem68	-12.978358	-9.52448
Ythdf3	-11.793006	-8.339128
Tas2r143	-17.076319	-13.622441
Nudt3	-12.056883000000001	-8.603003999999999
Psmb6	-9.892499	-6.4386209999999995
Zfp597	-13.247679000000002	-9.7938
Tppp3	-10.803197	-7.349319
1700041G16Rik	-16.897627	-13.443748999999999
Gm28731	-16.614501999999998	-13.160623999999999
Pafah1b1	-9.916403	-6.462525
Wnk1	-10.333568	-6.8796897
Gm16499-1	-18.602375	-15.148498000000002
G0s2	-14.747982	-11.294103999999999
Atp6v1e1	-10.887118	-7.433240400000001
Srek1	-11.253403	-7.799525
Mylk3	-17.470974	-14.017095999999999
Epha4	-13.567373000000002	-10.113495
Gm6569	-20.211813	-16.757935999999997
Gm38115	-15.201179000000002	-11.7473
Cct5	-10.508333	-7.0544553
Grhl2	-19.113201	-15.659324
Ndufaf4	-11.890271	-8.436392999999999
Jakmip1	-20.90496	-17.451083999999998
Cfap44	-18.82552	-15.371642000000001
Mief1	-13.058372	-9.604493
Tulp2	-17.860437	-14.40656
Gm45897	-16.656466	-13.202587
Phf12	-12.063513	-8.609634
Slc10a6	-15.977707999999998	-12.523829
1600010M07Rik	-20.211813	-16.757935999999997
Mms19	-13.056808	-9.60293
Synb	-20.90496	-17.451083999999998
4932441J04Rik	-13.733304	-10.279425999999999
Begain	-17.726907999999998	-14.273029000000001
Mfsd5	-12.875202999999999	-9.421325
Ccdc194	-19.806348999999997	-16.352472
Gm50020	-20.90496	-17.451083999999998
Gm15651	-18.602375	-15.148498000000002
Ccar1	-11.013647	-7.559769
Akirin1	-11.667297	-8.213419
Spry4	-13.580471	-10.126593
Gm5244	-19.113201	-15.659324
Olfr1322	-19.113201	-15.659324
Helb	-13.348010999999998	-9.894133
Uevld	-13.164732	-9.710854
Chst12	-11.855024	-8.401146
Mrpl1	-12.554768	-9.100889
Sepsecs	-13.288185	-9.834307
Apmap	-12.380197	-8.926317999999998
Fam102b	-12.590374	-9.136496000000001
Olfr224	-12.964022	-9.510143
Nat10	-13.167781	-9.713902000000001
Rbp2	-18.340011999999998	-14.886134
Kifc3	-13.366999	-9.91312
Areg	-17.609123	-14.155246
Cacna1s	-20.90496	-17.451083999999998
Ar	-11.662153	-8.208275
Cks2	-13.7226095	-10.268730999999999
Apoa2	-17.076319	-13.622441
Thrb	-11.160938	-7.7070603
Gfpt2	-15.17162	-11.717742
Ncoa1	-11.909424000000001	-8.455544999999999
Ttc36	-17.726907999999998	-14.273029000000001
Pabpc1l	-17.19139	-13.737510999999998
Slc37a2	-15.493314999999999	-12.039436
Casc4	-11.150147	-7.6962695000000005
Rint1	-12.715716	-9.261838000000001
Gm47113	-18.507065	-15.053187
Rcor2	-15.621757500000001	-12.167879
Ecsit	-12.516283	-9.062405
Cyp4f16	-13.965707	-10.511828
Tspyl4	-12.986696	-9.532817999999999
Snx31	-20.211813	-16.757935999999997
Rai2	-14.815916	-11.362038
D3Ertd751e	-13.442746	-9.988868
Zfp111	-13.736382	-10.282503
Ptges3	-10.155284	-6.7014059999999995
Gm43577	-19.295523	-15.841645000000002
A330074K22Rik	-17.686085000000002	-14.232207
Plekhf1	-13.573246	-10.119368
Gm49786	-16.777826	-13.323948999999999
Spp1	-14.672513	-11.218635
Memo1	-12.611161	-9.157283
Alg12	-13.695621	-10.241742
Dync1h1	-10.644359	-7.1904807
Gm13610	-17.909226999999998	-14.45535
Rnf13	-11.783998500000001	-8.330119999999999
Acsl6	-17.408453	-13.954576000000001
Map2k6	-13.56998	-10.116100999999999
Aff2	-12.981251	-9.527372
Gm45235	-17.686085000000002	-14.232207
Cd52	-16.351084	-12.897206
Uba7	-14.716697	-11.262818
Sft2d3	-12.636999000000001	-9.183121
Grm7	-19.806348999999997	-16.352472
Bbc3	-14.056956	-10.603078
Nans	-12.561169999999999	-9.107291
Gm28386	-19.806348999999997	-16.352472
Bsn	-18.340011999999998	-14.886134
Camk1	-10.641668	-7.187790400000001
Grtp1	-13.804110000000001	-10.350230999999999
Myrf	-13.240615	-9.7867365
Gm9873	-18.340011999999998	-14.886134
6330562C20Rik	-15.14291	-11.689032000000001
Gm46218	-15.679214499999999	-12.225336
Polr2f	-10.462760000000001	-7.008882000000001
Mgl2	-16.777826	-13.323948999999999
Ranbp1	-10.723653	-7.269775
Pitpna	-10.82895	-7.375072
Cyp27a1	-14.263779000000001	-10.8099
Skp2	-14.069776999999998	-10.615898
G730013B05Rik	-20.90496	-17.451083999999998
Rasd2	-14.353881	-10.9000025
Gm17705	-18.265903	-14.812026000000001
Hspa4l	-11.773448	-8.31957
Gpsm1	-13.075728	-9.62185
Igsf1	-19.806348999999997	-16.352472
Nck2	-13.672951000000001	-10.219072
Stoml1	-12.843474	-9.389596000000001
3110006O06Rik	-18.01459	-14.560711999999999
Rad9a	-13.945561999999999	-10.491684
Lin7c	-11.643453	-8.189574
Dlx6os1	-14.9337	-11.479821000000001
Lcp2	-18.507065	-15.053187
Pla2g10	-19.806348999999997	-16.352472
Myl2	-19.806348999999997	-16.352472
Syngr4	-19.518665	-16.064789
Gm9908	-14.641562	-11.187683999999999
Dnase1l1	-13.329376000000002	-9.875498
Ttll6	-18.340011999999998	-14.886134
Ppp1cc	-11.543704	-8.089825999999999
Brca2	-14.263779000000001	-10.8099
Atp9a	-12.199796000000001	-8.745917
Intu	-14.800168	-11.34629
Dcdc2b	-15.174860999999998	-11.720983
2310026L22Rik	-20.211813	-16.757935999999997
Slc14a1	-19.518665	-16.064789
Inhbe	-19.295523	-15.841645000000002
Fermt2	-9.231678	-5.777800599999999
1700066B17Rik	-19.518665	-16.064789
Qk	-10.814994	-7.361116
Arhgef37	-17.769466	-14.315589000000001
Ttpal	-13.124239999999999	-9.6703615
Dcun1d5	-11.442461999999999	-7.9885839999999995
Zfp879	-14.720811999999999	-11.266933
Mzf1	-16.299791	-12.845913000000001
Hspbap1	-14.138769	-10.684891
Gm10069	-14.589603	-11.135725
Gm11261	-20.211813	-16.757935999999997
Ppargc1b	-13.724892	-10.271013
Usp25	-11.742132000000002	-8.288254
Gm47794	-18.507065	-15.053187
Pard6b	-19.113201	-15.659324
Snhg8	-10.6682205	-7.214342599999999
Myom3	-14.834223999999999	-11.380345
Mbtd1	-12.614417999999999	-9.16054
Zfp106	-10.695129	-7.2412515
Gm49207	-16.777826	-13.323948999999999
Gm47373	-20.90496	-17.451083999999998
Phf2os1	-16.498241	-13.044364
Car15	-15.799016	-12.345138
Ctnnbip1	-12.45862	-9.004742
Uqcrc2	-10.896033000000001	-7.442155400000001
Tspo2	-17.19139	-13.737510999999998
Gm47819	-20.211813	-16.757935999999997
Dnah7a	-16.474144	-13.020266000000001
Gpm6b	-14.804642999999999	-11.350764
Fam227b	-18.707735	-15.253858
Syn1	-15.420164000000002	-11.966286
1110035H17Rik	-14.571682000000001	-11.117804
Donson	-14.674479500000002	-11.220601
Gm33103	-20.90496	-17.451083999999998
Gm26531	-19.806348999999997	-16.352472
Slc22a1	-11.498561	-8.0446825
Slc30a4	-12.85171	-9.397832000000001
Mid2	-12.671192	-9.217314
Bclaf1	-10.645828999999999	-7.1919512999999995
Gm28981	-20.211813	-16.757935999999997
Tpx2	-14.396192000000001	-10.942313
Gm16984	-19.113201	-15.659324
Gm3636	-15.471239	-12.017361
Trerf1	-14.133025	-10.679147
Myl1	-16.405151	-12.951273
Iqsec2	-13.133894	-9.680016
Gm20597	-19.295523	-15.841645000000002
Cdk6	-12.029394	-8.575516
Ankrd66	-20.90496	-17.451083999999998
Wdr45	-12.330821	-8.876942999999999
Rpl36a-ps1	-14.456072	-11.002193
Il17b	-12.498699	-9.044821
Zfp287	-13.694881	-10.241003
Alkbh3	-12.646539	-9.19266
Slc22a3	-15.105868	-11.65199
9630028B13Rik	-19.806348999999997	-16.352472
Cdkn2a	-17.909226999999998	-14.45535
Gm15472	-20.211813	-16.757935999999997
Setd2	-11.371958	-7.918080000000001
Lynx1	-12.411650999999999	-8.957772
Rnf25	-13.204666	-9.750788
Wdr24	-13.945561999999999	-10.491684
Pigk	-11.8034315	-8.349553
Ackr2	-18.707735	-15.253858
Mdga1	-13.307564999999999	-9.853686
Gm47903	-20.90496	-17.451083999999998
Zscan2	-14.986068	-11.532189
Elavl4	-20.211813	-16.757935999999997
Gen1	-15.921354000000001	-12.467476
Gm12971	-16.777826	-13.323948999999999
Emc7	-10.512894000000001	-7.059015799999999
Gm15477	-20.211813	-16.757935999999997
Smarca1	-13.647959	-10.19408
Cul1	-10.893336999999999	-7.439459299999999
Ube2h	-10.7739	-7.320022
Cox7a2	-9.397028	-5.94315
Ppm1h	-14.399178	-10.945299
Ulk2	-11.427881	-7.9740033
Kmt5a	-10.669153	-7.2152753
Gm40663	-20.90496	-17.451083999999998
Ccdc163	-13.230344	-9.776465
2810433D01Rik	-13.402223000000001	-9.948344
Zbtb9	-14.257273000000001	-10.803394
Uqcrq	-9.859706	-6.405828
Gm48027	-14.393216	-10.939338000000001
Ppp4c	-12.28449	-8.830611
Tbk1	-12.517877	-9.063998
Gm13715	-19.806348999999997	-16.352472
Gngt2	-14.923547	-11.469667999999999
Ptpn3	-12.989978	-9.536099
Mgat1	-11.778546	-8.324667999999999
Vash1	-16.915976999999998	-13.462098999999998
Peli3	-14.138769	-10.684891
Hebp2	-13.674398000000002	-10.22052
Ubxn8	-12.954811	-9.500933
Vamp2	-11.114082000000002	-7.6602044000000005
Rps27a	-8.125705	-4.6718273
Gm15764	-17.19139	-13.737510999999998
Olfr183	-17.686085000000002	-14.232207
Gm16251	-19.806348999999997	-16.352472
Fam13a	-12.876832	-9.422953999999999
Mapk9	-12.346242	-8.892364
Ankrd46	-12.254461000000001	-8.800583
Eme2	-14.36105	-10.907171
Isy1	-12.477692999999999	-9.023814
Pkmyt1	-15.058522	-11.604644
Olfr1124	-18.82552	-15.371642000000001
Hdhd2	-12.25027	-8.796391499999999
Gm16758	-17.439224	-13.985347
Nipal3	-13.536620999999998	-10.082742999999999
Cck	-14.301018	-10.847139
4833439L19Rik	-11.279271000000001	-7.825392999999999
Cenpk	-15.235079999999998	-11.781201
Tmem63c	-18.95905	-15.505172
Rcsd1	-12.241765	-8.787887
Rgs6	-15.021639000000002	-11.56776
Mfhas1	-11.128569	-7.674690700000001
Gm45397	-19.295523	-15.841645000000002
Fendrr	-15.121135999999998	-11.667257000000001
Fndc4	-13.594411	-10.140532499999999
Gm11273	-15.586842	-12.132963
Gm1673	-14.334078	-10.880199000000001
B3gnt9	-12.917097	-9.463219
Rmrp	-15.30654	-11.852661
Ndn	-12.715716	-9.261838000000001
Smarcal1	-13.129685	-9.675807
Gm10392	-18.602375	-15.148498000000002
Olfr172	-18.602375	-15.148498000000002
Aff3	-12.690226	-9.236347
Gimap6	-15.321465	-11.867586
Erh	-11.268961000000001	-7.8150830000000004
Gm49032	-16.794086	-13.340209
Prpf4b	-10.573953999999999	-7.1200757
Fam204a	-11.965774	-8.511894999999999
Ube2b	-10.224835	-6.7709575
Slc38a9	-12.738177	-9.284299
Mtmr3	-12.102889999999999	-8.649011999999999
Tspan32	-17.769466	-14.315589000000001
Kremen2	-19.518665	-16.064789
Col13a1	-19.518665	-16.064789
Scn3b	-18.265903	-14.812026000000001
Gm33466	-19.518665	-16.064789
Sp3os	-12.930773	-9.476894
Pzp	-19.518665	-16.064789
Vmn2r84	-20.90496	-17.451083999999998
Gm50340	-16.427623999999998	-12.973746
Lrrc66	-19.295523	-15.841645000000002
Ntn3	-15.242001	-11.788122
Cemip	-19.295523	-15.841645000000002
Gm49643	-16.93467	-13.480791
Galnt15	-12.242628999999999	-8.788751
Plppr1	-20.90496	-17.451083999999998
Gm20402	-20.90496	-17.451083999999998
Ctbp1	-11.262709	-7.8088307
Ddx24	-10.593346	-7.1394677
Colec10	-18.707735	-15.253858
Malt1	-12.474416	-9.020537
Tada2a	-12.991439999999999	-9.537561
Anapc7	-10.8785925	-7.4247146
Ccnd2	-9.490763000000001	-6.036885
L3mbtl2	-13.516632999999999	-10.062755000000001
Rnf185	-13.086933	-9.633055
Grb10	-12.00305	-8.549171000000001
D930007J09Rik	-15.562626999999999	-12.108748
Dbf4	-15.130409	-11.676530999999999
Ndufa13	-9.257503999999999	-5.803627
Gm14455	-16.48612	-13.032242
Dapk2	-11.930596000000001	-8.476718
Fbxw26	-20.90496	-17.451083999999998
Klhl12	-13.308569	-9.854691
Dok1	-12.370911	-8.917032
Gm31718	-17.408453	-13.954576000000001
Ginm1	-10.926181	-7.472303
Calm2	-9.189796000000001	-5.735919
Lmo1	-13.107258999999999	-9.65338
Pcdhb18	-15.197851000000002	-11.743973
Fadd	-13.735610999999999	-10.281733000000001
Ica1	-14.050607000000001	-10.596728
4933427E11Rik	-19.113201	-15.659324
Tmub1	-13.075331	-9.621452
Gm9984	-19.518665	-16.064789
Rab5c	-11.350534	-7.896656500000001
A230072C01Rik	-14.786864000000001	-11.332986
Gm16208	-17.726907999999998	-14.273029000000001
Gm20404	-20.211813	-16.757935999999997
AW554918	-13.217422500000001	-9.763544
Rpl39	-8.2476635	-4.7937856
Anxa11os	-19.295523	-15.841645000000002
Sgsh	-13.476034	-10.022155999999999
Cyp1b1	-12.78467	-9.330791
Brinp2	-20.90496	-17.451083999999998
Arhgap30	-17.909226999999998	-14.45535
Hoxb7	-12.854896	-9.401017
Synrg	-11.498643	-8.044764500000001
Cadm3	-17.909226999999998	-14.45535
Ube2d1	-12.360737	-8.906858
Cars2	-12.556187	-9.102308
Htra2	-12.582324	-9.128446
Mrpl19	-12.397819	-8.94394
Cd72	-16.897627	-13.443748999999999
Gm37584	-18.340011999999998	-14.886134
Gm43569	-19.113201	-15.659324
Nudt1	-14.008266	-10.554388000000001
Tmem14c	-10.704708	-7.2508300000000006
Resf1	-10.6253	-7.1714225
Dlk2	-18.420053	-14.966176
Sirt2	-11.323609	-7.8697314
Bcat2	-12.306741	-8.852862
Xkr6	-16.270231	-12.816353999999999
Zswim3	-14.686360999999998	-11.232483
Lefty1	-13.599101000000001	-10.145223
Ttll11	-15.637103	-12.183225
Prkab1	-13.395078	-9.941199000000001
Alas2	-16.953716	-13.499839000000001
Kdm4d	-17.572756	-14.118878
Lrrc75aos2	-16.100939	-12.647061
Rragc	-11.6409855	-8.187107000000001
Slc22a18	-16.973135	-13.519257999999999
Tnfaip8l1	-17.19139	-13.737510999999998
Gm50278	-19.113201	-15.659324
9530018F02Rik	-14.855227	-11.401349
Ostc	-10.771235	-7.3173575
Gm37168	-18.507065	-15.053187
Gm26839	-19.295523	-15.841645000000002
Hnrnpl	-11.105058	-7.65118
Ybx2	-17.408453	-13.954576000000001
Rmdn2	-13.771666	-10.317787
4930562A09Rik	-20.90496	-17.451083999999998
Mtor	-12.350087	-8.896208999999999
Ankrd24	-13.304059	-9.850181
Slc16a8	-17.349613	-13.895735
Pak2	-10.404232	-6.950353999999999
Axl	-10.6924095	-7.238531599999999
Ndufv2	-10.690026	-7.236148399999999
Tifa	-14.674479500000002	-11.220601
Gm26602	-19.113201	-15.659324
Gm19719	-17.646864	-14.1929865
Cbln3	-19.295523	-15.841645000000002
Aacs	-13.551879000000001	-10.098001
Snx1	-11.92328	-8.469401
Cyp2e1	-19.113201	-15.659324
Bmp1	-12.005504	-8.551625
Aaas	-14.062278	-10.608399
Mrps25	-11.682495	-8.228617
Chrna1os	-13.774061999999999	-10.320184
Rims3	-18.507065	-15.053187
Taco1	-14.604176	-11.150297
Gm45890	-16.405151	-12.951273
9930014A18Rik	-15.194533999999999	-11.740656
Zbtb39	-13.829998000000002	-10.37612
Mat2b	-11.199924000000001	-7.746046499999999
1700013F07Rik	-17.726907999999998	-14.273029000000001
Ticrr	-17.439224	-13.985347
Traf3ip2	-13.591073999999999	-10.137196000000001
Vldlr	-10.307227000000001	-6.853349000000001
Toe1	-12.626025	-9.172147
Gm11266	-14.015369	-10.561491
Slc36a1	-14.67055	-11.216672
4930562C15Rik	-17.909226999999998	-14.45535
Gadd45gip1	-11.5895405	-8.135662
Nudt13	-12.355107	-8.901228999999999
Ebp	-11.992353	-8.538475
Gm10717	-19.806348999999997	-16.352472
Sema3c	-10.539785	-7.085907499999999
Grin2d	-15.642271	-12.188393
Cox4i1	-8.666194	-5.212316
Cops8	-11.376967	-7.923089500000001
4930592C13Rik	-17.726907999999998	-14.273029000000001
Gpm6a	-15.511332999999999	-12.057455000000001
Map3k10	-12.092118	-8.63824
Lrrc10b	-15.894326000000001	-12.440448
Sp100	-16.092776999999998	-12.638899
Il4ra	-14.375542999999999	-10.921664
Zfp109	-15.728810999999999	-12.274933
Olfr18	-20.211813	-16.757935999999997
Mios	-12.833117999999999	-9.37924
1700086O06Rik	-14.577024	-11.123146
Ly6c2	-20.90496	-17.451083999999998
Lrrc55	-18.95905	-15.505172
Commd2	-12.060481	-8.606603
Rps29	-7.673509599999999	-4.219632
Bicc1	-13.829998000000002	-10.37612
Spock2	-15.058522	-11.604644
Lipt1	-14.262474	-10.808596000000001
Serpinb6a	-10.347535	-6.893657000000001
Abcc12	-20.211813	-16.757935999999997
Ptch2	-15.949133999999999	-12.495255
Vmn1r13	-19.113201	-15.659324
Xiap	-11.2579155	-7.804037599999999
Duxbl3	-17.726907999999998	-14.273029000000001
B3galt6	-13.782095000000002	-10.328217
Mob4	-10.931481	-7.4776034
Sass6	-13.358514999999999	-9.904636
Gstk1	-12.39984	-8.945962
Gm41541	-17.726907999999998	-14.273029000000001
Zfp458	-14.397682999999999	-10.943805000000001
Jpx	-14.414238000000001	-10.960360000000001
Gm43149	-15.757466	-12.303588000000001
Igsf5	-17.503763	-14.049885999999999
Pi4k2a	-12.163505	-8.709626
1700019G24Rik	-19.806348999999997	-16.352472
Zbtb43	-12.909655	-9.455776
Gm43063	-19.518665	-16.064789
Dbndd1	-19.295523	-15.841645000000002
Dhx9	-11.481124000000001	-8.0272455
Prdx2	-10.185555	-6.731677499999999
Frmd5	-17.03376	-13.579882000000001
Psma6	-10.766046000000001	-7.3121675999999995
Gm43803	-17.646864	-14.1929865
Tmem175	-13.014379	-9.5605
Mterf2	-13.856575	-10.402697
Gm34225	-20.90496	-17.451083999999998
Pcsk2	-17.167292	-13.713413000000001
Gm805	-19.806348999999997	-16.352472
Ifit3	-13.298077	-9.844198
Crb1	-20.90496	-17.451083999999998
Plekhh1	-16.186462	-12.732584
Actn2	-13.384727	-9.930848
9230112J17Rik	-13.789379	-10.335500999999999
Zfp72	-13.725654	-10.271775
Iqcb1	-12.663785	-9.209907000000001
Pde6h	-13.809068	-10.355189
Fosl2	-11.823933	-8.370054
Oxnad1	-13.3804	-9.926521000000001
4933406I18Rik	-17.813917	-14.36004
E2f8	-18.95905	-15.505172
Rgs20	-20.211813	-16.757935999999997
Gm12999	-18.507065	-15.053187
C9orf72	-13.252891	-9.799012
Gm31592	-18.071747	-14.617869
Pih1d2	-15.515889000000001	-12.062011
Sord	-12.127097000000001	-8.673219
Bcl2l2	-12.515147	-9.061269
Zbtb26	-14.185948000000002	-10.73207
Dusp19	-13.052522	-9.598643
6430548M08Rik	-14.956926000000001	-11.503048
Stx2	-12.513330999999999	-9.059453
Tnfaip1	-11.704166	-8.250288000000001
Large2	-20.211813	-16.757935999999997
Wipf1	-11.894902	-8.441024
Dnah7b	-15.562626999999999	-12.108748
Purg	-13.189392000000002	-9.735514
Gm17034	-18.19691	-14.743032999999999
Olfr734	-20.90496	-17.451083999999998
3110009E18Rik	-13.74334	-10.289461
Il17rd	-13.8049345	-10.351056
Npff	-15.757466	-12.303588000000001
Itk	-19.806348999999997	-16.352472
Cyp26b1	-13.98429	-10.530412
Crebbp	-10.763126	-7.3092483999999995
Zmym2	-11.857846	-8.403967999999999
Cab39	-10.801476	-7.347597599999999
Ezr	-14.424916	-10.971038
D830036C21Rik	-14.908509	-11.454631
AI506816	-12.195167	-8.741288
Wdr13	-12.401867	-8.9479885
Tti1	-13.529704999999998	-10.075827
Slc16a11	-13.930482000000001	-10.4766035
Ccpg1os	-13.357987	-9.904109
Gm45822	-18.340011999999998	-14.886134
Gm20400	-18.071747	-14.617869
Zyg11b	-11.698027	-8.244148
Cdk5rap2	-13.070172999999999	-9.616295
Gm10131	-15.679214499999999	-12.225336
Trim66	-18.507065	-15.053187
Rnf103	-12.088405	-8.634526
Stac	-13.624264000000002	-10.170385000000001
Gm4724	-15.695475	-12.241596000000001
Gm17349	-17.769466	-14.315589000000001
Pkig	-10.684476	-7.230598
Gm20379	-19.806348999999997	-16.352472
Dnmt3aos	-19.113201	-15.659324
Gm10322	-18.420053	-14.966176
Vamp4	-12.410217999999999	-8.956339999999999
Olfr1160	-19.113201	-15.659324
Gm41442	-17.960522	-14.506644
9630001P10Rik	-16.561155	-13.107276999999998
Gchfr	-15.848716	-12.394836999999999
Cenpu	-15.928227	-12.474349
Arhgap27os2	-15.977707999999998	-12.523829
1010001N08Rik	-14.118244	-10.664366000000001
Sar1a	-11.050454	-7.596576
Ntpcr	-12.769321000000001	-9.315443
Tsku	-15.881081	-12.427202000000001
Spg21	-12.251316000000001	-8.797438
Hnrnph2	-11.559041	-8.105163000000001
Gm12474	-18.507065	-15.053187
Lims1	-10.927387	-7.473509299999999
Pcsk6	-13.872337	-10.418459
Brat1	-13.969591000000001	-10.515713
Gm45040	-20.90496	-17.451083999999998
Cxcl1	-15.506798999999999	-12.05292
Srp54c	-14.351027499999999	-10.897149
Ifi27l2a	-13.335548999999999	-9.881671
Nek6	-14.501387	-11.047508
Lmf1	-13.123822	-9.669944000000001
Tlr2	-14.484966	-11.031088
Cnnm3	-12.818242999999999	-9.364365
Gm44837	-16.761826	-13.307948000000001
Gm6710	-14.2191	-10.765222
Cmc2	-12.418021000000001	-8.964143
Aftph	-12.032615	-8.578736
Atrx	-10.094466	-6.6405883
Bcl9	-12.543253	-9.089375
Sema6d	-15.543669	-12.089789999999999
Nif3l1	-13.619454000000001	-10.165576
Sept3	-19.295523	-15.841645000000002
Pnrc2	-11.758946	-8.305067999999999
Gm42699	-16.279987	-12.82611
Mecr	-12.915061999999999	-9.461184
Wdr19	-14.006247	-10.552368
1700087M22Rik	-18.602375	-15.148498000000002
Ccny	-11.5630665	-8.109188
Gm40787	-20.90496	-17.451083999999998
Nup37	-13.778070000000001	-10.324192
Med25	-12.007552	-8.553674
Kcnip2	-18.82552	-15.371642000000001
Apbb1ip	-13.880312	-10.426434
N4bp2os	-15.096819	-11.6429405
Adh7	-18.132372	-14.678494
Vps4b	-11.364885000000001	-7.911007400000001
Dlx2	-16.498241	-13.044364
Arglu1	-10.651874000000001	-7.1979957
Ppp1r12c	-10.674547	-7.2206693
Gm43560	-15.763298	-12.30942
Rpsa	-8.35692	-4.903043
Pdcd11	-12.209455	-8.755576
Prkx	-12.875202999999999	-9.421325
Gm20682	-15.534323	-12.080444
Ccl6	-16.973135	-13.519257999999999
Xrcc6	-12.766396499999999	-9.312517999999999
Casp12	-11.432872	-7.978994
Spats1	-19.806348999999997	-16.352472
Atg2b	-13.283276999999998	-9.829398
Ubxn2b	-12.504750999999999	-9.050873
Gprin2	-14.441932000000001	-10.988053
Rilpl1	-11.524541000000001	-8.0706625
Agl	-11.617105	-8.163226
Rabggta	-13.739467999999999	-10.285589
Hoxc4	-14.680403	-11.226524000000001
Gm26779	-16.973135	-13.519257999999999
Rbm27	-11.4354925	-7.9816145999999994
Mfrp	-19.518665	-16.064789
Tmem131l	-12.903272	-9.449392999999999
Zfp566	-13.958947	-10.505069
Xkr4	-13.912865	-10.458986
Gm26831	-18.265903	-14.812026000000001
Rab3c	-19.806348999999997	-16.352472
Qrfpr	-20.90496	-17.451083999999998
Armc6	-13.539781	-10.085902
Fam98a	-12.055878	-8.601999000000001
Fh1	-11.530209	-8.07633
Fbxw17	-12.942894	-9.489016000000001
Zfp786	-16.746078	-13.2922
Zfp628	-13.804110000000001	-10.350230999999999
Nutf2-ps1	-15.270171	-11.816293
Gm44780	-19.806348999999997	-16.352472
Fgfr2	-11.758413000000001	-8.304535000000001
Aebp2	-11.683582000000001	-8.229704
Mnt	-12.717106	-9.263227
Brwd1	-11.568164999999999	-8.114286
Gpr149	-19.806348999999997	-16.352472
Trp53i11	-13.627023000000001	-10.173144
4930548H24Rik	-17.572756	-14.118878
Cinp	-12.495353999999999	-9.041475
Tbxas1	-16.498241	-13.044364
Yipf3	-11.123133000000001	-7.669255000000001
Slc52a2	-13.610584	-10.156706
Fhl1	-8.916596	-5.462719
Ctps2	-12.438009	-8.984131
Tmlhe	-14.743754000000001	-11.289876
Ick	-11.8393	-8.385422
9130024F11Rik	-16.11747	-12.663591
Ddost	-10.670948	-7.21707
Zfp608	-12.589884	-9.136005
Gpr135	-15.562626999999999	-12.108748
1810006J02Rik	-17.294043	-13.840164999999999
Cul9	-12.992905	-9.539026
Sox18	-19.113201	-15.659324
Mansc1	-14.062278	-10.608399
Lonrf3	-15.102843	-11.648964999999999
Agpat5	-11.61341	-8.159532
Rbm22	-12.079253999999999	-8.625376
Mbp	-17.726907999999998	-14.273029000000001
Fam171a2	-13.971539000000002	-10.517660000000001
Cpm	-17.321442	-13.867564000000002
Asna1	-12.02243	-8.568552
Grin1os	-20.90496	-17.451083999999998
Prr11	-16.045149	-12.59127
Gm49932	-17.813917	-14.36004
Ids	-11.504662	-8.050783000000001
Gstm6	-15.31025	-11.856372
Fam192a	-12.195331	-8.741452
Nsun7	-17.19139	-13.737510999999998
Glt28d2	-13.437018	-9.983139999999999
Ncmap	-16.427623999999998	-12.973746
Cnih1	-11.347632	-7.8937545
Usp15	-11.337856	-7.8839784
Gprin1	-20.90496	-17.451083999999998
Mal	-18.420053	-14.966176
Tmem132e	-19.518665	-16.064789
Dqx1	-17.03376	-13.579882000000001
Fxyd2	-16.794086	-13.340209
4930417O22Rik	-15.626845999999999	-12.172968
Gm16144	-18.82552	-15.371642000000001
Smu1	-11.810705	-8.356827000000001
Prtg	-14.831917	-11.378038
Capn7	-12.642660000000001	-9.188782000000002
1700001P01Rik	-18.707735	-15.253858
Ins2	-18.602375	-15.148498000000002
Gm31645	-17.609123	-14.155246
Prps1l3	-13.737151999999998	-10.283274
Sfxn3	-11.993566	-8.539686999999999
Mdm4	-11.766117	-8.312239
Dnm3os	-13.157364000000001	-9.7034855
Wscd1	-19.518665	-16.064789
Pcdh1	-15.874523000000002	-12.420645
Vps39	-13.327328	-9.873449
Cep63	-12.195002	-8.741123
Pla2g4a	-11.311334	-7.8574557
Fam89b	-11.551733	-8.097855000000001
Alg6	-13.776465	-10.322587
Gm13346	-17.860437	-14.40656
Fam210b	-13.364870999999999	-9.910993
Zfp382	-14.282225	-10.828346
Kat8	-12.856173	-9.402294
Tex26	-18.602375	-15.148498000000002
Tcf24	-16.548251999999998	-13.094374
Mboat7	-12.865480999999999	-9.411603
Gm10827	-16.416325	-12.962446
Olfr889	-19.113201	-15.659324
Uqcc2	-10.540668499999999	-7.0867906000000005
Gm36602	-20.90496	-17.451083999999998
Apool	-12.714052	-9.260174000000001
Hhip	-14.468810999999999	-11.014933000000001
Rfc3	-13.619454000000001	-10.165576
Gm17949	-17.19139	-13.737510999999998
Gm9899	-18.420053	-14.966176
Plcb2	-19.806348999999997	-16.352472
Shisa3	-16.628294	-13.174417000000002
Ccl24	-17.2414	-13.787521
Ubr2	-11.269811	-7.8159328
AU022252	-12.886994	-9.433116
Gm14762	-17.769466	-14.315589000000001
Gm15232	-17.408453	-13.954576000000001
Tmem11	-12.193024000000001	-8.739144999999999
Gm5784	-15.868008999999999	-12.41413
Cpb1	-14.791279000000001	-11.3374
Fam181b	-17.321442	-13.867564000000002
Cd164	-10.969685	-7.5158067
2900005J15Rik	-15.28456	-11.830682000000001
Fam49a	-15.184648999999999	-11.730771
Tctex1d2	-12.740736	-9.286858
Otx1	-18.82552	-15.371642000000001
Gm17227	-17.470974	-14.017095999999999
Cyp2u1	-13.970564000000001	-10.5166855
Yipf2	-13.527826999999998	-10.073949
D130040H23Rik	-14.31466	-10.860782
Nono	-11.182694999999999	-7.7288175
Igfbpl1	-19.518665	-16.064789
3830403N18Rik	-15.868008999999999	-12.41413
Ggh	-11.423067999999999	-7.969189999999999
Bcl2l1	-12.317682000000001	-8.863804
Nipbl	-10.482085000000001	-7.0282073
Fam43a	-14.639660000000001	-11.185781500000001
Ube2v2	-11.346996	-7.8931184000000005
D630033O11Rik	-20.211813	-16.757935999999997
Ebi3	-20.90496	-17.451083999999998
Plpp1	-11.181019000000001	-7.7271410000000005
Ly6g6c	-18.265903	-14.812026000000001
Raf1	-11.342416	-7.8885380000000005
Tmem136	-12.532561999999999	-9.078683999999999
Pdzd11	-12.070915	-8.617037
Gm15507	-17.572756	-14.118878
Smco3	-19.518665	-16.064789
Gm7324	-17.19139	-13.737510999999998
Cd55b	-20.90496	-17.451083999999998
2810429I04Rik	-19.113201	-15.659324
Dctn4	-11.322161	-7.868283
Sh2d3c	-16.299791	-12.845913000000001
Itga4	-12.828445	-9.374566999999999
Maea	-12.057027	-8.603148
6030443J06Rik	-15.344279	-11.890400999999999
Adcy10	-17.813917	-14.36004
4930579K19Rik	-15.445375	-11.991497
Sash1	-11.604963	-8.151085
Tomt	-18.507065	-15.053187
Arhgap18	-14.514721	-11.0608425
Gm28989	-20.211813	-16.757935999999997
Ptp4a1	-15.462543499999999	-12.008664999999999
Fignl1	-16.730574	-13.276695000000002
Fv1	-16.656466	-13.202587
Apol7b	-17.909226999999998	-14.45535
Pcdhb17	-13.69193	-10.238050999999999
Zfp3	-14.513044	-11.059166000000001
Adamts1	-9.812868	-6.35899
Hgfac	-19.518665	-16.064789
Msantd3	-13.406645999999999	-9.952767
Ell3	-18.507065	-15.053187
Tmeff2	-13.734841000000001	-10.280963
Gm12184	-15.099826	-11.645947
Rxra	-12.300857	-8.846978
Stxbp6	-14.954319	-11.500441
Zfp512b	-12.778739	-9.324861
Hist1h2bk	-20.90496	-17.451083999999998
Slc25a3	-9.491723	-6.0378456
C4a	-17.686085000000002	-14.232207
Pfn4	-18.340011999999998	-14.886134
Phyhd1	-12.151116	-8.697238
Gm12781	-19.113201	-15.659324
Arid4b	-10.533503999999999	-7.079625599999999
Gm34655	-16.992937	-13.539060000000001
Col4a1	-9.261972	-5.808095
Urb1	-13.297082999999999	-9.8432045
Cldn12	-13.368597	-9.914719
Helz2	-14.446623	-10.992744
Pced1a	-14.060145	-10.606266999999999
2310030G06Rik	-13.53536	-10.081482000000001
Adcy4	-14.710556	-11.256677999999999
Itgbl1	-10.4255905	-6.971712599999999
Glt8d2	-14.834223999999999	-11.380345
Pmpca	-12.747017999999999	-9.293139
Clic1	-10.2016945	-6.7478166
Gm32552	-20.211813	-16.757935999999997
Wdfy2	-13.0901575	-9.636279
Commd1	-11.141483000000001	-7.687605400000001
Gm12059	-16.86191	-13.408031
Stox2	-12.198636	-8.744758000000001
Lrrc69	-18.507065	-15.053187
Zfp963	-14.481714000000002	-11.027836
Srgap2	-12.551229	-9.09735
Clmp	-11.146847	-7.692969000000001
Bnip2	-9.59045	-6.1365724
Gm40557	-17.726907999999998	-14.273029000000001
Gm8113	-18.071747	-14.617869
Adamtsl5	-11.171847	-7.7179694
Tnfsf13os	-16.134275	-12.680398
Mecp2	-11.357649	-7.903771000000001
Hnrnph3	-11.329353	-7.8754754
Bglap2	-20.90496	-17.451083999999998
Kctd8	-16.86191	-13.408031
Snx19	-12.875854499999999	-9.421975999999999
Tlnrd1	-13.467166	-10.013288000000001
Herc4	-12.625264	-9.171386
Ap4b1	-13.697102	-10.243223
Adra1d	-14.589603	-11.135725
Shoc2	-11.864342	-8.410463
Pacc1	-14.3271	-10.873221000000001
Defb25	-15.553103	-12.099225
Guca2a	-20.211813	-16.757935999999997
3222401L13Rik	-13.519731	-10.065852
Prpf19	-11.756602	-8.302724000000001
Gtf2e1	-13.818223000000001	-10.364345
Senp6	-10.408976	-6.9550977
Pank1	-12.790038000000001	-9.336160000000001
4933433G15Rik	-15.842366	-12.388488
Hmcn2	-17.646864	-14.1929865
Pkp2	-17.294043	-13.840164999999999
Eci2	-11.532331	-8.078453
Mrpl15	-11.663122	-8.209244
Spg20	-11.837798	-8.38392
Ccdc78	-18.420053	-14.966176
Prr19	-19.295523	-15.841645000000002
Xrcc4	-12.469195	-9.015317
Cd46	-15.259514999999999	-11.805636
Gm13986	-18.01459	-14.560711999999999
Atg10	-12.603936000000001	-9.150058
Zmym1	-13.104388	-9.65051
Hip1r	-12.234532000000002	-8.780654
Mpp4	-17.408453	-13.954576000000001
Gm31108	-18.602375	-15.148498000000002
Gm43376	-19.295523	-15.841645000000002
Ddx17	-10.928827	-7.474949400000001
Arhgap1	-12.092267	-8.638389
Gm36693	-18.707735	-15.253858
Gm14295	-13.942718	-10.488839
Mroh1	-12.718775	-9.264896
Yif1a	-11.744336	-8.290458000000001
Csnk1a1	-9.828357	-6.374479
Vmn1r88	-18.95905	-15.505172
Arhgef5	-12.050154	-8.596275
Ola1	-11.436264999999999	-7.982386999999999
5430416N02Rik	-13.559595999999999	-10.105718
Zfp706	-10.793525	-7.339647
Xrra1	-18.82552	-15.371642000000001
Gm42937	-15.652688000000001	-12.19881
Ap1g2	-15.061417	-11.607538
P2rx3	-19.806348999999997	-16.352472
Gm15444	-18.95905	-15.505172
Pcdh7	-8.756391	-5.3025126
Gm16701	-16.844519000000002	-13.39064
Ppp6r2	-12.877158	-9.42328
Slc16a7	-11.675406	-8.221528
Tsen54	-13.402775	-9.948896000000001
Psd3	-12.417197	-8.963319
Oser1	-12.347394	-8.893516
Phkg1	-12.010702	-8.556824
Acaa1a	-11.249551	-7.795673
Atic	-12.045314	-8.591435
Igsf3	-12.280889	-8.827010000000001
Gnb1	-10.451274	-6.997396000000001
Gm11496	-20.90496	-17.451083999999998
Olfr1167	-20.90496	-17.451083999999998
Dll3	-20.211813	-16.757935999999997
1700023H06Rik	-18.19691	-14.743032999999999
BC048403	-15.299159	-11.845281
Lipc	-17.503763	-14.049885999999999
Adgrl2	-10.413993	-6.960114999999999
Gm16794	-15.458224	-12.004346
Igf1	-13.168654	-9.714775999999999
Gucd1	-12.703575	-9.249697
Mfsd8	-13.526578	-10.0727
Fam217b	-12.741305	-9.287427000000001
Glud1	-10.620198	-7.1663203
Serpinb6c	-18.507065	-15.053187
Vmn2r124	-19.113201	-15.659324
Krba1	-13.500073	-10.046194999999999
Lrrc20	-13.714285	-10.2604065
Fgf17	-18.82552	-15.371642000000001
Eci1	-11.793006	-8.339128
Mst1	-20.211813	-16.757935999999997
Syt16	-20.90496	-17.451083999999998
Ticam2	-18.602375	-15.148498000000002
Macrod1	-11.763007	-8.309128999999999
Mob3b	-14.243107	-10.789228
Cfdp1	-11.175768	-7.721889999999999
Strn	-12.884362	-9.430484
Gm45902	-15.099826	-11.645947
Gm11948	-20.211813	-16.757935999999997
Slc2a5	-18.95905	-15.505172
Lamp2	-10.716257	-7.262378999999999
Ankrd23	-14.232928	-10.77905
Med7	-12.533025	-9.079146000000001
Sphkap	-13.142791	-9.688912
Gm30262	-20.90496	-17.451083999999998
Txndc17	-10.447071000000001	-6.993192999999999
Col16a1	-13.384727	-9.930848
Gtf2f2	-13.363278	-9.9094
Nus1	-11.701444	-8.247565
Dlgap2	-16.383173	-12.929295
Kcnh3	-17.537664000000003	-14.083787
Fam161b	-14.585992999999998	-11.132114
Ifnlr1	-16.204481	-12.750603
Chpf2	-12.673053	-9.219174
Srd5a1	-14.540211	-11.086332
Gm10433	-18.707735	-15.253858
Xpc	-12.424432000000001	-8.970553
Polr1b	-14.047447	-10.593569
Fam45a	-12.2731905	-8.819312
Yars	-12.922203	-9.468325
9530077C05Rik	-12.685636	-9.231757
2310074N15Rik	-15.861536	-12.407658
Sorcs2	-16.879607999999998	-13.425730999999999
Atp8a1	-13.439878	-9.986
Serpini1	-10.891454	-7.437575999999999
Erc1	-11.501358999999999	-8.047481
Fam228b	-16.142785999999997	-12.688908999999999
3110056K07Rik	-13.044391000000001	-9.590512
Prrt3	-17.909226999999998	-14.45535
Mis18a	-14.238005	-10.784125999999999
Rbm44	-15.28456	-11.830682000000001
Pde4a	-12.044037	-8.590158
Kifap3	-11.424441	-7.9705634000000005
Fam151b	-14.739543	-11.285665
Trit1	-13.7023	-10.248422
Mtap	-11.878784	-8.424906
Acap2	-11.55974	-8.105862
Srsf10	-10.736344	-7.282466400000001
Cd276	-13.48678	-10.032902
Frmd4a	-12.514011	-9.060133
4933405D12Rik	-15.525063500000002	-12.071185
Gm47357	-17.609123	-14.155246
Msi2	-10.771355	-7.3174767
Lhfpl3	-19.295523	-15.841645000000002
Cct6a	-10.51271	-7.0588317
Smc4	-11.883967	-8.430089
Sftpb	-19.518665	-16.064789
Tmc3	-19.518665	-16.064789
Timeless	-16.109170000000002	-12.6552925
A830019L24Rik	-20.90496	-17.451083999999998
Cacul1	-12.469412	-9.015533
Gm29570	-18.602375	-15.148498000000002
Gpr65	-20.90496	-17.451083999999998
Bap1	-12.992905	-9.539026
Paqr8	-14.128454000000001	-10.674576
5330434G04Rik	-18.82552	-15.371642000000001
Fkbp4	-10.704894	-7.251016
Thoc2	-10.845624	-7.391746
Ace2	-19.295523	-15.841645000000002
Gtf3a	-11.70346	-8.249581
Mmp13	-20.211813	-16.757935999999997
Tbc1d13	-14.022523999999999	-10.5686455
Iqank1	-18.602375	-15.148498000000002
Col19a1	-13.291635999999999	-9.837758000000001
Lsm1	-11.9358015	-8.481923
Emcn	-18.95905	-15.505172
Mien1	-11.346714	-7.892836
Gm34643	-20.90496	-17.451083999999998
Elmo3	-15.090831	-11.636952
Grin2c	-20.90496	-17.451083999999998
Alkbh5	-11.430642	-7.976764
Hecw1	-17.267374	-13.813497
Mroh3	-19.295523	-15.841645000000002
9630015K15Rik	-15.259514999999999	-11.805636
Tcaim	-13.176545	-9.722667
Slc7a14	-19.113201	-15.659324
Gm13362	-19.806348999999997	-16.352472
Gm20735	-18.707735	-15.253858
BC048644	-20.90496	-17.451083999999998
Fam180a	-16.548251999999998	-13.094374
1700029H14Rik	-20.90496	-17.451083999999998
Zfp281	-11.479509	-8.025631
Tsga10	-12.608166	-9.154287
Ampd2	-12.732797	-9.278917999999999
Car3	-17.769466	-14.315589000000001
Arl6	-13.067407000000001	-9.613528
Zfp128	-14.778092000000001	-11.324214
Ptk7	-17.572756	-14.118878
Gm29674	-20.90496	-17.451083999999998
Mat2a	-10.667541	-7.213662599999999
Rab25	-20.211813	-16.757935999999997
Zfp326	-11.64917	-8.1952915
Il2rb	-16.394102	-12.940224
Numa1	-11.373625	-7.919747
Prodh	-14.086037	-10.632158
Gm13656	-17.503763	-14.049885999999999
Car6	-20.90496	-17.451083999999998
Nlrc4	-18.507065	-15.053187
Tsix	-13.316637	-9.862759
Lrrc32	-12.640341000000001	-9.186461999999999
Nav3	-15.881081	-12.427202000000001
Gm50232	-15.596694	-12.142816
Gak	-12.272655499999999	-8.818777
Snw1	-10.987817999999999	-7.533939999999999
Gm42756	-20.211813	-16.757935999999997
Slc7a6os	-12.995472	-9.541594
Prdm9	-15.553103	-12.099225
Vps52	-12.460554	-9.006675999999999
Chid1	-13.089350999999999	-9.635472
Mrps15	-11.329353	-7.8754754
Gm5914	-14.215361999999999	-10.761483
Tm6sf2	-17.2414	-13.787521
A530001N23Rik	-18.82552	-15.371642000000001
Mme	-15.391532999999999	-11.937654499999999
Gm15927	-17.098299	-13.644421
Cdadc1	-11.922275	-8.468396
Tlk1	-11.1217785	-7.667900599999999
Ttc22	-15.432691	-11.978812
Gm35229	-17.726907999999998	-14.273029000000001
Kmt5b	-11.401355	-7.947477
Gm11722	-20.211813	-16.757935999999997
1810013D15Rik	-18.340011999999998	-14.886134
Dvl2	-13.267244	-9.813366
Jmjd4	-14.793494	-11.339616
Frem3	-20.90496	-17.451083999999998
1700056E22Rik	-14.991457999999998	-11.53758
Bad	-11.647261	-8.193382000000001
Psmb10	-13.056808	-9.60293
Gm29666	-16.93467	-13.480791
E2f1	-15.348132999999999	-11.894255000000001
Tbcel	-12.414933	-8.961055
Mpzl3	-15.367626999999999	-11.913749000000001
Slc35a4	-12.35821	-8.904330999999999
Gm48133	-20.90496	-17.451083999999998
Plekhj1	-11.817241000000001	-8.363362
Gm28050	-17.2414	-13.787521
Ctdspl	-11.062285000000001	-7.608407499999999
Hoxd8	-14.403671	-10.949793
Idh1	-12.098088	-8.644210000000001
Ccdc184	-18.071747	-14.617869
Agtr1b	-14.508032	-11.054153
Nr3c2	-12.869358	-9.41548
Gns	-11.528513	-8.074635
Capzb	-9.905849	-6.4519715
Cenph	-17.321442	-13.867564000000002
Gdi1	-11.636163	-8.182284
Pcbp4	-12.090036	-8.636158
Gm15972	-15.259514999999999	-11.805636
Dscc1	-17.537664000000003	-14.083787
Gm15479	-20.90496	-17.451083999999998
Prkcd	-11.842657	-8.388779
Nsun3	-14.486595999999999	-11.032718
Spata31d1a	-20.211813	-16.757935999999997
Cdc42bpb	-11.719528	-8.26565
Gm17139	-19.295523	-15.841645000000002
Fam20a	-13.252891	-9.799012
Cobll1	-11.708112	-8.254233000000001
Eif3l	-11.207514	-7.753636
Trp53i13	-11.898452	-8.444573
Gm6034	-20.90496	-17.451083999999998
C430042M11Rik	-19.113201	-15.659324
Fnta	-11.230761	-7.7768826
Enox2	-13.068196	-9.614317999999999
Zfp692	-13.962805	-10.508925999999999
Plin5	-19.806348999999997	-16.352472
Snap91	-19.113201	-15.659324
Stx18	-12.659052	-9.2051735
Gm49313	-19.295523	-15.841645000000002
Nat8f3	-18.602375	-15.148498000000002
Gm15406	-17.686085000000002	-14.232207
Erlin1	-13.737151999999998	-10.283274
Ercc5	-12.3613205	-8.907442
Acsbg2	-16.670855	-13.216976
Lrrn1	-16.270231	-12.816353999999999
Rab11b	-10.673826	-7.2199482999999995
Pld4	-17.321442	-13.867564000000002
Ccdc142	-16.241522	-12.787643
Abra	-11.911161	-8.457283
Cacybp	-10.781655	-7.3277774
Lypd2	-19.295523	-15.841645000000002
Gm44734	-20.90496	-17.451083999999998
Camkk2	-11.989798	-8.535919
Gm10125	-14.550591	-11.096713000000001
Brca1	-17.098299	-13.644421
Gm45607	-20.211813	-16.757935999999997
Gm26569	-17.2414	-13.787521
A430106G13Rik	-15.757466	-12.303588000000001
Gm10479	-17.19139	-13.737510999999998
Psmd7	-10.084264	-6.630386
Pcif1	-11.738468	-8.28459
Avpi1	-11.711462	-8.257584
Hist1h2ag	-20.90496	-17.451083999999998
Agap3	-12.353947	-8.900068
Pcdh11x	-13.389617000000001	-9.935739
Bend5	-14.593226000000001	-11.139348
Zfp282	-13.423969	-9.970091
Mettl8	-14.034907	-10.581029
Rtn2	-12.487368	-9.033489
Pwp1	-12.980889	-9.527011
Gal	-18.340011999999998	-14.886134
Fgfr4	-20.211813	-16.757935999999997
Fam189a2	-14.733260000000001	-11.279382
Mapk14	-12.270518	-8.81664
Dner	-18.95905	-15.505172
Epha3	-11.585498	-8.131619
Gfpt1	-11.985374	-8.531496
Ercc6l	-16.810616	-13.356738
Stpg4	-17.646864	-14.1929865
Fchsd1	-14.290235500000001	-10.836357000000001
Tinagl1	-10.139745	-6.685867
Plat	-11.820865	-8.366986
Slc8a2	-12.975114999999999	-9.521236
Sdf2	-11.315567999999999	-7.861689999999999
Tfap2c	-19.806348999999997	-16.352472
4933433H22Rik	-18.602375	-15.148498000000002
Gm10160	-20.211813	-16.757935999999997
Cchcr1	-13.475439999999999	-10.021562
Cspg4	-9.841562	-6.3876843
Mri1	-12.71989	-9.266011
Spty2d1	-11.801761	-8.347882
Calr3	-16.810616	-13.356738
Kcna1	-17.120770999999998	-13.666893
Enpp4	-12.758542	-9.304664
Aldh6a1	-11.906577	-8.452699
Gm42031	-17.503763	-14.049885999999999
Gsk3a	-11.791792999999998	-8.337914
Pstk	-12.191215	-8.737336
St6galnac4	-12.687522999999999	-9.2336445
Gli3	-13.463054999999999	-10.009176
Vmn2r56	-20.211813	-16.757935999999997
Gm10457	-16.600895	-13.147017499999999
Lig3	-13.170403	-9.716524
Chac2	-13.509853	-10.055975
Pde2a	-16.084679	-12.630801
Oaz1	-8.724637	-5.270759
Gpkow	-13.379860999999998	-9.925982000000001
Cd40	-20.211813	-16.757935999999997
Zfp438	-13.629788000000001	-10.17591
Zfp87	-12.867417999999999	-9.41354
Kctd7	-14.358176	-10.904297999999999
Zfp790	-13.657167999999999	-10.203289999999999
Vps45	-12.757383	-9.303505
Klrg2	-15.515889000000001	-12.062011
Ikzf1	-18.82552	-15.371642000000001
C030017B01Rik	-13.508626000000001	-10.054748
Mrpl22	-12.294642	-8.840764
Pla2g12b	-17.769466	-14.315589000000001
Cbr4	-13.269175	-9.815296
Mgat3	-15.453922	-12.000044
Tbc1d10c	-17.686085000000002	-14.232207
Gm17077	-19.806348999999997	-16.352472
Ccdc32	-12.1557045	-8.701825999999999
Tgfbr3l	-16.251001000000002	-12.797123
Nbl1	-11.649935000000001	-8.196056
Ubap1	-12.590619	-9.136741
Rnf38	-12.5748205	-9.120942
Klhl9	-11.437733	-7.983855
Pdgfd	-11.312902000000001	-7.859024499999999
Cdc42se2	-12.71655	-9.262671000000001
Tpk1	-14.464015	-11.010137
Acy1	-14.139922	-10.686044
Taok3	-11.817806	-8.363928
Itga3	-11.560789	-8.106911
Cd300lg	-18.82552	-15.371642000000001
B230104I21Rik	-20.211813	-16.757935999999997
Ppil2	-11.930596000000001	-8.476718
Haghl	-12.425677	-8.971799
Gm16188	-20.90496	-17.451083999999998
Gm45076	-14.972716	-11.518838
Gm42939	-17.408453	-13.954576000000001
Mospd3	-13.174787	-9.720908
Dync2h1	-12.360348	-8.906469
1110008P14Rik	-11.453323	-7.9994454
Tagln3	-17.294043	-13.840164999999999
Gcfc2	-13.506787	-10.052909
Nrap	-14.421854000000002	-10.967976
Zfp345	-19.295523	-15.841645000000002
Cluap1	-12.347394	-8.893516
Tuba1b	-10.76838	-7.3145022
Poglut2	-12.655647	-9.201769
Gm20594	-15.407793	-11.953915
Gm9844	-15.757466	-12.303588000000001
Adrb1	-15.31025	-11.856372
Slc25a48	-20.90496	-17.451083999999998
Gm13267	-19.518665	-16.064789
0610005C13Rik	-16.810616	-13.356738
Gm31804	-19.295523	-15.841645000000002
Ppp1r3e	-14.611542000000002	-11.157663000000001
A330040F15Rik	-18.19691	-14.743032999999999
Gm27010	-15.577085	-12.123206
Pcdhb9	-16.700267999999998	-13.24639
Bco2	-19.295523	-15.841645000000002
Bola1	-11.792895	-8.339017
Mcidas	-20.90496	-17.451083999999998
Zw10	-12.781404	-9.327525
Gm35166	-18.95905	-15.505172
Epb41l4b	-14.822742000000002	-11.368864
Tmem250-ps	-12.384772	-8.930894
H2-Oa	-19.295523	-15.841645000000002
Zmat4	-19.518665	-16.064789
Il1rapl2	-19.518665	-16.064789
Cbfb	-13.267244	-9.813366
Gm33424	-20.211813	-16.757935999999997
Nfkbie	-15.868008999999999	-12.41413
Eml6	-14.411207000000001	-10.957329
Micos10	-10.047541	-6.593662700000001
Nlk	-12.842528	-9.38865
Insyn1	-14.3271	-10.873221000000001
Fam78b	-13.554445000000001	-10.100567
Gm27030	-15.642271	-12.188393
Gm30292	-16.186462	-12.732584
Efna2	-15.201179000000002	-11.7473
Slc3a2	-11.842889	-8.38901
E030030I06Rik	-15.567423000000002	-12.113544000000001
Siglec1	-18.420053	-14.966176
Gm10629	-20.211813	-16.757935999999997
Casp9	-13.763716	-10.309837
Wnt10a	-20.90496	-17.451083999999998
Med9	-12.173625	-8.719747
Ppp1r1b	-13.705282999999998	-10.251405
Sox21	-20.90496	-17.451083999999998
Lrriq3	-16.142785999999997	-12.688908999999999
Rilpl2	-12.554295	-9.100416000000001
B130055M24Rik	-15.371572	-11.917693
Washc2	-11.830555	-8.376677
Ap2s1	-10.915341	-7.4614635
Gm15417	-11.796654	-8.342775
A930033H14Rik	-13.501291	-10.047413
A330084C13Rik	-16.11747	-12.663591
Gm15979	-20.90496	-17.451083999999998
Tmc7	-16.794086	-13.340209
Parg	-12.215834	-8.761955
Zfp563	-14.053776999999998	-10.599898
Egln1	-11.410947	-7.957069000000001
Ptp4a2	-9.994136	-6.540258000000001
Mfap4	-9.516160000000001	-6.062282
Zfand1	-13.499466	-10.045588
Spcs3	-11.946035	-8.492157
Exoc3l2	-19.806348999999997	-16.352472
Churc1	-11.0608	-7.6069217
Ireb2	-12.442435000000001	-8.988557
Atp6v0c	-9.919855	-6.465977
4921536K21Rik	-19.518665	-16.064789
Pqlc3	-13.5634775	-10.109599000000001
Clnk	-20.90496	-17.451083999999998
Atf7	-11.80332	-8.349442
Fzd8	-11.702048	-8.24817
Ntrk3	-10.978342999999999	-7.524464999999999
Pdzk1ip1	-16.587473000000003	-13.133594500000001
Olfr1423	-18.340011999999998	-14.886134
Rrs1	-12.524046	-9.070167999999999
Masp2	-17.909226999999998	-14.45535
2900089D17Rik	-13.397820000000001	-9.943942
Dclre1c	-14.53849	-11.084612
Gm6787	-17.470974	-14.017095999999999
Ppm1m	-12.064237	-8.610358
Exosc9	-12.572892999999999	-9.119015
Vmn2r57	-15.611656	-12.157778
Sec22c	-14.184741	-10.730863000000001
Exosc5	-12.057744999999999	-8.603867
Timm23	-11.659157	-8.205278
Papolb	-19.113201	-15.659324
St6galnac5	-20.90496	-17.451083999999998
Sft2d2	-11.603318	-8.14944
Dph1	-16.973135	-13.519257999999999
Wsb1	-11.896248	-8.442369
Pcdhga4	-16.204481	-12.750603
Ppef2	-17.537664000000003	-14.083787
C130013H08Rik	-15.266606	-11.812728
Atl3	-10.631117999999999	-7.177239999999999
Glce	-13.138967999999998	-9.685089999999999
Car9	-17.686085000000002	-14.232207
Ephb4	-13.230344	-9.776465
Vmn2r90	-19.518665	-16.064789
Polr1e	-13.908279	-10.454400999999999
Gm17660	-20.90496	-17.451083999999998
Exosc3	-12.305451	-8.851573
Nudcd2	-12.189245	-8.735367
Sfxn4	-14.412722	-10.958843
AB124611	-16.685453	-13.231575
Akr1c14	-12.701384	-9.247505
Ptprd	-10.684548	-7.2306705000000004
Setd1b	-11.801984	-8.348105
Gm9929	-18.071747	-14.617869
Meltf	-19.113201	-15.659324
Ptgr2	-12.603686999999999	-9.149809
Pigf	-13.354826000000001	-9.900948
Hectd2	-13.264838000000001	-9.810960000000001
Vmn1r76	-20.90496	-17.451083999999998
Zc3h18	-11.896492	-8.442614
Man2c1os	-14.980704999999999	-11.526827
Igfbp3	-16.587473000000003	-13.133594500000001
Gm16538	-20.90496	-17.451083999999998
Gm50100	-16.029764	-12.575886
Col1a2	-8.34605	-4.8921730000000005
Artn	-15.259514999999999	-11.805636
Eif2b5	-12.2271805	-8.773302000000001
Ppm1n	-14.700403	-11.246525
Gm10605	-18.507065	-15.053187
Cpeb2	-13.437591000000001	-9.983711999999999
Dclk2	-16.93467	-13.480791
Bdnf	-11.985776	-8.531898
Gm27045	-20.211813	-16.757935999999997
Gm40650	-20.90496	-17.451083999999998
B3galnt1	-13.453139000000002	-9.999261
Plekhg6	-20.90496	-17.451083999999998
Snapc3	-12.990708999999999	-9.536831
B430010I23Rik	-13.303559	-9.849681
Radx	-18.340011999999998	-14.886134
Champ1	-12.897927000000001	-9.444049
Cd28	-19.113201	-15.659324
Zfp474	-17.646864	-14.1929865
Recql4	-16.953716	-13.499839000000001
Sap130	-12.912692	-9.458814
Akirin2	-11.283571	-7.829693300000001
Clip3	-12.072664999999999	-8.618787
Rchy1	-11.850807000000001	-8.396929
Pbx4	-16.186462	-12.732584
Ppan	-12.960824	-9.506946000000001
Coil	-13.368597	-9.914719
Actr1b	-11.4958515	-8.041972999999999
Arhgdia	-10.249680499999998	-6.7958026
Tsg101	-11.8831215	-8.429243
Bst1	-19.295523	-15.841645000000002
4930544G11Rik	-20.90496	-17.451083999999998
Zfp791	-15.420164000000002	-11.966286
Gm15609	-18.602375	-15.148498000000002
Zbtb22	-12.870007000000001	-9.416128
Pabpc1	-10.166588	-6.71271
Gm32219	-16.439053	-12.985175
Uxt	-12.770201	-9.316322
Hoxa7	-11.684571	-8.230692999999999
Gm4013	-13.981333	-10.527453999999999
Zfp839	-13.569327	-10.115449
Foxf1	-13.567373000000002	-10.113495
Cdan1	-13.698584	-10.244705
Tlr7	-18.01459	-14.560711999999999
Efemp2	-10.994449000000001	-7.540570699999999
Gm5878	-19.806348999999997	-16.352472
Spx	-17.321442	-13.867564000000002
Gm35065	-17.960522	-14.506644
Upf2	-11.678550999999999	-8.224672
Npm1	-9.299155	-5.8452779999999995
Rmnd5b	-12.593316999999999	-9.139439
B3gnt7	-20.90496	-17.451083999999998
Ndst1	-11.4234495	-7.9695716
Hsf3	-19.518665	-16.064789
Atg14	-12.727725999999999	-9.273848
Acaa1b	-19.113201	-15.659324
Gm45159	-17.120770999999998	-13.666893
2900060N12Rik	-16.879607999999998	-13.425730999999999
Actr5	-13.658593	-10.204715
1810034E14Rik	-14.771564000000001	-11.317685
Clic6	-20.90496	-17.451083999999998
A230072E10Rik	-16.462309	-13.008431
Mcm3	-13.639531	-10.185653
Gm13783	-18.19691	-14.743032999999999
Gm43462	-13.415548999999999	-9.961671
Snapc2	-12.700836	-9.246958
Cdca8	-15.642271	-12.188393
Ubr4	-11.405016	-7.951138
Tie1	-18.420053	-14.966176
Plekhm2	-12.140284	-8.686405
Fubp3	-12.437168	-8.98329
Plod2	-10.513692	-7.059814
Iffo1	-13.086530999999999	-9.632652
Rprd2	-11.878784	-8.424906
Sgta	-11.743496	-8.289617999999999
Rgn	-19.113201	-15.659324
Gys1	-13.691193	-10.237314
Zfp119b	-14.385814000000002	-10.931935000000001
Slc26a6	-14.334078	-10.880199000000001
Arfgap3	-12.142941	-8.689063
Exoc5	-11.778764	-8.324885
Zfp105	-14.120504	-10.666625999999999
Lrrn2	-16.670855	-13.216976
Hoxb9	-14.841176	-11.387298
Slfn14	-20.211813	-16.757935999999997
Slc7a8	-17.909226999999998	-14.45535
Mypopos	-16.372362	-12.918484
Rnf43	-20.211813	-16.757935999999997
Mvd	-14.179928	-10.726049
Rps23	-7.917419000000001	-4.4635415
Prkce	-13.269657	-9.815779
Kif1a	-13.271107999999998	-9.817229
Trnt1	-12.1373205	-8.683442
Mtrr	-14.135319	-10.68144
Alad	-13.071361	-9.617482
Atp6v1a	-10.706382000000001	-7.252503999999999
Tlr4	-12.823177000000001	-9.369299
Snrnp40	-12.583297	-9.129418
9430078K24Rik	-18.071747	-14.617869
Adra2a	-17.960522	-14.506644
4930500F10Rik	-18.420053	-14.966176
Sec16a	-12.367377000000001	-8.913499
Chn2	-14.1679945	-10.714116
N4bp3	-15.325232000000002	-11.871353
Taf15	-11.535482	-8.081603999999999
Camsap3	-15.471239	-12.017361
Rnf168	-12.234017	-8.780139
Cadm4	-16.168762	-12.714885
Sema4f	-19.518665	-16.064789
Gm49747	-17.378601	-13.924723
Acsl5	-12.895598	-9.44172
Nudt11	-14.411207000000001	-10.957329
Ak3	-10.933254	-7.479376299999999
Psmd5	-12.366202000000001	-8.912324
Vps35l	-12.529330999999999	-9.075453
Gm29123	-20.211813	-16.757935999999997
Slc2a12	-14.778092000000001	-11.324214
Gm16174	-17.686085000000002	-14.232207
Pnpla8	-11.088613	-7.634734599999999
Rbm4b	-12.599725	-9.145846
Fam81a	-11.541213	-8.087335000000001
Sipa1l2	-13.164297	-9.710419
Igfals	-20.90496	-17.451083999999998
Crygs	-20.211813	-16.757935999999997
Cfap410	-13.225247	-9.771369
Leprot	-11.203896	-7.7500176
Fhod3	-13.594411	-10.140532499999999
Gm26777	-16.22283	-12.768951
Wdr6	-12.028417	-8.574538
Gm17276	-17.860437	-14.40656
Zfp651	-11.269614	-7.8157363
Cst3	-7.6423573000000005	-4.18848
Pola1	-12.916079	-9.4622
Mcrs1	-12.072519	-8.618641
Trappc2	-12.716827	-9.262949
Gm48610	-19.295523	-15.841645000000002
Stat3	-11.476851	-8.022973
E430024I08Rik	-13.741789	-10.28791
Ms4a7	-17.909226999999998	-14.45535
Vmn2r28	-18.95905	-15.505172
Paxbp1	-12.105148	-8.65127
Hsd17b4	-11.743811	-8.289932
1110017D15Rik	-17.813917	-14.36004
Kctd10	-10.629565	-7.175687299999999
Scand1	-10.678919	-7.225041
Gm43111	-16.64228	-13.188403
Angel2	-11.621464	-8.167585
Syt4	-17.349613	-13.895735
Kif1bp	-11.91864	-8.464762
Gm47695	-20.90496	-17.451083999999998
Mrps28	-11.3853	-7.931421799999999
Dnah8	-14.415756	-10.961878
St8sia4	-18.507065	-15.053187
Gm7644	-18.132372	-14.678494
Edem1	-12.268919	-8.815041
Cldn9	-20.211813	-16.757935999999997
Cks1brt	-20.211813	-16.757935999999997
Creld2	-12.384772	-8.930894
Ccdc187	-17.19139	-13.737510999999998
Plekho1	-10.696860000000001	-7.242982400000001
Olfr1307	-18.507065	-15.053187
Gm47128	-20.90496	-17.451083999999998
Mtmr10	-13.367531	-9.913652
Gm14487	-20.90496	-17.451083999999998
Bicdl2	-18.132372	-14.678494
Slc15a4	-13.400570000000002	-9.9466915
Gm45370	-18.19691	-14.743032999999999
Cstf3	-12.471366999999999	-9.017488499999999
Hip1	-10.474942	-7.0210643
Vmo1	-16.844519000000002	-13.39064
Gm45083	-19.806348999999997	-16.352472
Hgd	-18.602375	-15.148498000000002
Gm43303	-20.90496	-17.451083999999998
Tmem109	-10.835958999999999	-7.3820815
Rangap1	-12.407358	-8.95348
Gm32687	-16.299791	-12.845913000000001
2010315B03Rik	-13.741789	-10.28791
Actr3	-10.244155000000001	-6.790277000000001
Hs6st3	-19.518665	-16.064789
Gm33948	-18.95905	-15.505172
Asb8	-12.53859	-9.084712
4930405A21Rik	-16.973135	-13.519257999999999
Timp4	-12.385371000000001	-8.931493
Ranbp2	-10.853010000000001	-7.399132300000001
Fzd6	-13.310077	-9.856198
Slc39a2	-16.879607999999998	-13.425730999999999
Gm19610	-17.120770999999998	-13.666893
C1qtnf12	-11.789921000000001	-8.336041999999999
Exoc2	-12.901264	-9.447386
Wdr92	-13.233134	-9.779256
Snf8	-11.153343	-7.699465299999999
Plaa	-12.159677	-8.705798
Vmn2r44	-17.646864	-14.1929865
Ccdc6	-11.991949	-8.538071
Mitf	-12.36679	-8.912911
Smarce1	-11.265179	-7.811300800000001
Gm26743	-18.95905	-15.505172
Lrrk2	-12.719053	-9.265175
Psma1	-10.897203	-7.4433255
4930596I21Rik	-18.707735	-15.253858
Nckap1	-10.72551	-7.2716316999999995
Vmn2r1	-17.267374	-13.813497
Prickle3	-13.327839	-9.873960499999999
Clns1a	-11.944237	-8.490358
1700095J07Rik	-19.295523	-15.841645000000002
Dnajc9	-12.688063	-9.234183999999999
Nlgn3	-14.058017999999999	-10.604139
Snhg1	-11.887478	-8.433599000000001
4930579P08Rik	-14.791279000000001	-11.3374
Ankrd17	-11.289422	-7.8355440000000005
Izumo1r	-19.295523	-15.841645000000002
Ube2m	-10.608958	-7.1550803
Trim41	-12.681602499999999	-9.227724
Psmb2	-10.704894	-7.251016
2610044O15Rik8	-13.133472	-9.679594
CT868723.1	-18.602375	-15.148498000000002
Sfpq	-10.61004	-7.156161999999999
Ttyh3	-14.496432	-11.042553999999999
Trmt5	-14.071929999999998	-10.618052
Abracl	-10.556724	-7.1028457
Rtkn	-14.473629999999998	-11.019752
Vmn1r197	-20.211813	-16.757935999999997
Vamp1	-14.706482999999999	-11.2526045
Sertad4	-14.353881	-10.9000025
Coro2a	-18.82552	-15.371642000000001
Tomm40l	-12.984152	-9.530273
Wdr66	-15.868008999999999	-12.41413
5430400D12Rik	-17.860437	-14.40656
Taf10	-11.547839999999999	-8.093962
C330021F23Rik	-20.90496	-17.451083999999998
Sms	-11.854321	-8.400442
Gm50362	-19.295523	-15.841645000000002
Sec61a2	-13.529704999999998	-10.075827
Hsdl2	-12.588905	-9.135027000000001
Gm20536	-15.538985	-12.085107
Gm43263	-17.909226999999998	-14.45535
Rufy4	-16.715304999999997	-13.261428
Ppp2cb	-11.643072	-8.189194
Tmc4	-13.962805	-10.508925999999999
Tmem167b	-12.264489	-8.810611
4930429F24Rik	-17.267374	-13.813497
Focad	-13.814884	-10.361006
Gm5134	-20.90496	-17.451083999999998
Ihh	-13.916548	-10.462669
Vit	-14.080587	-10.626709
Sem1	-9.343160000000001	-5.889281700000001
Rab26os	-14.04325	-10.589372000000001
Hivep2	-11.620811999999999	-8.166934
Tgm3	-19.806348999999997	-16.352472
4930520O04Rik	-12.872601	-9.418722
Cipc	-12.788245	-9.334367
Spast	-12.302141	-8.848263000000001
Gm49708	-11.921521	-8.467642999999999
Eef1akmt3	-16.535513	-13.0816345
Unc5a	-18.602375	-15.148498000000002
Grk2	-12.060769	-8.606891000000001
2310040G24Rik	-14.254682999999998	-10.800804
Ccdc80	-10.031699	-6.5778213
Cabcoco1	-14.970067000000002	-11.516189
Rfxank	-13.355879000000002	-9.902000000000001
Prdx1	-9.470656	-6.016779
Gm37323	-18.507065	-15.053187
Susd4	-15.734476999999998	-12.280599
Limch1	-9.829177	-6.375299
Cd37	-18.132372	-14.678494
Kif18b	-19.518665	-16.064789
Gm14698	-15.786967	-12.333089
Chst3	-11.971956	-8.518078
Ino80dos	-14.848177	-11.394299
Ston1	-13.155639	-9.70176
Gm35082	-19.518665	-16.064789
1700063J08Rik	-16.439053	-12.985175
Lman1l	-20.90496	-17.451083999999998
Slc2a4	-13.21834	-9.764461500000001
Txnrd3	-12.537429	-9.08355
Zfp54	-15.115001000000001	-11.661122
Hspa5	-9.310262	-5.8563843
Gm16740	-14.571682000000001	-11.117804
Glg1	-9.900431	-6.4465528
Stac2	-20.90496	-17.451083999999998
Map4k5	-12.136387	-8.682508
Nagk	-11.998026	-8.544147500000001
Gm525	-18.507065	-15.053187
Sfmbt1	-12.861298	-9.407419
Thap3	-11.932243	-8.478365
Ggct	-13.598429999999999	-10.144551
Gm9754	-19.113201	-15.659324
Apba2	-20.211813	-16.757935999999997
Lrrc25	-18.507065	-15.053187
Prkag2	-11.986444	-8.532566000000001
Il17d	-14.0072565	-10.553378
Chchd2	-8.859039	-5.405162000000001
Cebpz	-11.319753	-7.865875
Dpp9	-12.392379	-8.9385
Gm42504	-18.95905	-15.505172
Tcf25	-10.248361000000001	-6.7944827000000005
Vmn1r224	-19.806348999999997	-16.352472
Morn3	-20.90496	-17.451083999999998
Kcnmb4	-17.646864	-14.1929865
Rab39b	-13.902804999999999	-10.448927000000001
Prr15	-12.864514	-9.410636
Pcgf2	-13.197899	-9.744019999999999
Aars2	-14.044297	-10.590419
Prdm14	-20.211813	-16.757935999999997
Gm26952	-19.806348999999997	-16.352472
2900076A07Rik	-13.555087	-10.101208999999999
Ubash3a	-17.909226999999998	-14.45535
Sybu	-16.670855	-13.216976
Uba5	-11.44909	-7.9952119999999995
Olfr318	-19.806348999999997	-16.352472
Fmn2	-18.01459	-14.560711999999999
Gm16118	-17.813917	-14.36004
Gm37800	-16.372362	-12.918484
Rab42	-14.954319	-11.500441
Atp1b2	-11.533522999999999	-8.079644
Pex11g	-14.198099	-10.744221000000001
Mcph1	-13.836789000000001	-10.382911
Gm47540	-20.90496	-17.451083999999998
Sult2b1	-17.860437	-14.40656
Srp9	-10.641355	-7.1874766
Cops9	-10.0681095	-6.614231599999999
Akna	-14.686360999999998	-11.232483
Tmem9b	-13.09137	-9.637491
Gm50068	-18.707735	-15.253858
Btg1	-10.261467	-6.807589
Tspan8	-17.439224	-13.985347
Dcaf10	-12.701657	-9.247779
Tob1	-11.436651	-7.982773299999999
Lyz1	-19.113201	-15.659324
Rbm38	-13.809068	-10.355189
Nsun5	-13.441598	-9.98772
Nip7	-12.321793	-8.867914
Porcn	-13.471885999999998	-10.018007
Ccr7	-20.90496	-17.451083999999998
Gm12688	-19.518665	-16.064789
Eaf1	-13.5049515	-10.051072999999999
4930533K18Rik	-19.518665	-16.064789
Strap	-11.476369	-8.0224905
Zkscan1	-12.044888	-8.591009
Igf2	-15.191229000000002	-11.73735
Kif2a	-11.7964325	-8.342554
Hrk	-20.90496	-17.451083999999998
Gm44238	-18.82552	-15.371642000000001
Stard3nl	-11.774314	-8.320436
Gm26638	-19.806348999999997	-16.352472
Cnih4	-11.237575999999999	-7.783697599999999
Cadm2	-17.470974	-14.017095999999999
Anapc1	-11.941545	-8.487666
Ppm1l	-13.609226000000001	-10.155348
Dlg1	-11.825299000000001	-8.371421
Arsg	-14.571682000000001	-11.117804
Fbln1	-13.375017999999999	-9.92114
Cyp4x1	-19.806348999999997	-16.352472
Gm16152	-16.405151	-12.951273
Zfp593	-12.8281355	-9.374257
Dicer1	-11.598948	-8.145069
Tas1r3	-17.609123	-14.155246
Gm10584	-19.518665	-16.064789
Eno4	-18.707735	-15.253858
Gm13999	-19.518665	-16.064789
Gm26759	-15.329011999999999	-11.8751335
Uprt	-14.913497	-11.459619
S100a9	-15.874523000000002	-12.420645
Rtcb	-11.577105	-8.123225999999999
Mrtfb	-12.435489	-8.98161
Sh3tc1	-19.295523	-15.841645000000002
Gm39318	-19.295523	-15.841645000000002
Taf13	-12.290278	-8.8364
Gm41804	-19.806348999999997	-16.352472
Bcas3os2	-17.470974	-14.017095999999999
Gm13554	-19.518665	-16.064789
Itsn1	-12.539056	-9.085177
Cryz	-13.3901615	-9.936283
Rbbp4	-11.152761	-7.698883500000001
Gm15498	-20.90496	-17.451083999999998
Amy1	-16.11747	-12.663591
Foxs1	-12.874227000000001	-9.420347999999999
Eif3g	-10.745476	-7.291598
Chp1	-11.230573	-7.776695
Gk5	-13.102344	-9.648465
Fam222b	-12.946384	-9.492506
Lamtor2	-10.345847000000001	-6.8919690000000005
D2hgdh	-14.058017999999999	-10.604139
Egfros	-16.953716	-13.499839000000001
Mtr	-12.848535	-9.394656
Gm13091	-16.213614	-12.759735000000001
Adck1	-13.483784	-10.029905
4833422M21Rik	-19.113201	-15.659324
Pla2g4b	-15.706464000000002	-12.252585
Mab21l2	-16.450613	-12.996736
Irgm1	-13.662879	-10.209000999999999
Ddb1	-10.820694999999999	-7.366817
Mtf2	-12.336124	-8.882246
Pank4	-13.29609	-9.842212
Top1mt	-13.787756	-10.333878
Gm27252	-16.160028	-12.706151
Tpmt	-13.532844	-10.078965
Serpinb9b	-19.806348999999997	-16.352472
Pcbp1	-10.398552	-6.944674000000001
Gdi2	-10.315679	-6.8618007
Hormad2	-20.211813	-16.757935999999997
Tmem67	-13.821573	-10.367695
Socs3	-13.037473	-9.583594
Gm17111	-17.909226999999998	-14.45535
Crybg3	-12.238142	-8.784264
Gm3448	-15.270171	-11.816293
Spsb2	-12.234189	-8.780311
Gm10309	-18.95905	-15.505172
Wfikkn2	-14.262474	-10.808596000000001
Adap1	-15.695475	-12.241596000000001
5033417F24Rik	-15.606644000000001	-12.152764999999999
Adcy3	-12.491352000000001	-9.037474000000001
Aebp1	-8.323483	-4.869606
1500002C15Rik	-14.915999	-11.462121
Os9	-11.75278	-8.298902
Tram2	-12.410013000000001	-8.956135
Nr1h3	-13.969591000000001	-10.515713
9330188P03Rik	-16.992937	-13.539060000000001
Frs2	-12.324981	-8.871102
Gm12951	-19.806348999999997	-16.352472
Socs5	-12.6457615	-9.191883
4930502E18Rik	-20.90496	-17.451083999999998
Lars2	-9.212677000000001	-5.758799
1700016F12Rik	-17.726907999999998	-14.273029000000001
Gm43258	-16.177572	-12.723695
Unc79	-20.211813	-16.757935999999997
9330182L06Rik	-14.123903	-10.670025
Mdh2	-10.611867	-7.157989
Angptl1	-16.037426	-12.583549
1190005I06Rik	-10.203832	-6.7499537
Rab3ip	-13.024157	-9.570278
Zfp931	-12.786159	-9.33228
Tnni1	-17.726907999999998	-14.273029000000001
Blzf1	-12.506102	-9.052223
Ifi203	-17.503763	-14.049885999999999
F3	-12.347394	-8.893516
Gm11508	-18.707735	-15.253858
Gm3248	-16.915976999999998	-13.462098999999998
Ms4a6d	-18.132372	-14.678494
Heph	-15.3835	-11.929622
Fam110a	-14.545387	-11.091509
Mknk1	-13.453719	-9.999841
Cyp2b10	-15.379508	-11.92563
Exoc6	-13.174787	-9.720908
Dgcr6	-11.531566999999999	-8.077688
Plcg2	-16.177572	-12.723695
Cpne6	-15.848716	-12.394836999999999
Stk11	-11.215038	-7.7611604000000005
Sod2	-10.854952	-7.401074
Tlr1	-20.211813	-16.757935999999997
Abca6	-14.008266	-10.554388000000001
Hras	-10.784429	-7.3305507
4930537H20Rik	-16.656466	-13.202587
Ylpm1	-11.552601	-8.098722
Igkc	-19.295523	-15.841645000000002
Igf2os	-19.518665	-16.064789
Rundc3b	-18.707735	-15.253858
Gm48809	-18.420053	-14.966176
Nsf	-12.212639	-8.75876
Creg1	-11.169419	-7.7155414
Sde2	-11.732427000000001	-8.278547999999999
Gm8773	-20.90496	-17.451083999999998
Caskin1	-16.177572	-12.723695
Gm7607	-17.470974	-14.017095999999999
Akr7a5	-12.157927	-8.704048
2010016I18Rik	-20.90496	-17.451083999999998
Ifi209	-20.211813	-16.757935999999997
Tfpi	-13.5074	-10.053521
Znhit6	-12.558794	-9.104916000000001
Slc30a9	-11.651657	-8.197778999999999
Qser1	-11.8642235	-8.410345
Xrcc5	-12.7498865	-9.296008
Tmem170b	-13.231273000000002	-9.777394000000001
Gm26815	-19.113201	-15.659324
Erlec1	-11.246033	-7.792155
Fam217a	-18.507065	-15.053187
Fastkd1	-13.470704000000001	-10.016826
Mss51	-15.30654	-11.852661
Rars	-11.729212	-8.275333
Mfsd11	-12.902936	-9.449058
Tmem37	-17.860437	-14.40656
Rab11fip4	-16.992937	-13.539060000000001
Stil	-15.462543499999999	-12.008664999999999
Zfp626	-13.270141	-9.816262
Gm12840	-12.487809	-9.033930999999999
Ift74	-12.22633	-8.772451
Dapl1	-17.294043	-13.840164999999999
Vstm2a	-20.90496	-17.451083999999998
Gm16272	-18.01459	-14.560711999999999
Efcab7	-14.690353	-11.236475
Gm35818	-20.90496	-17.451083999999998
4930562F07Rik	-16.587473000000003	-13.133594500000001
Gm12204	-18.071747	-14.617869
Tbl2	-13.461297	-10.007419
Tmem80	-12.473108	-9.01923
Stbd1	-10.586752	-7.132874
Rbm3	-10.141161	-6.687283
Neat1	-10.571251	-7.117373
Sap30	-14.891245999999999	-11.437367
AW046200	-17.01314	-13.559262
Slmapos2	-18.420053	-14.966176
AU015336	-16.076647	-12.622769
Gm48508	-18.132372	-14.678494
Gm11521	-20.90496	-17.451083999999998
Ms4a4d	-16.915976999999998	-13.462098999999998
E230013L22Rik	-16.992937	-13.539060000000001
Jkamp	-11.382661	-7.928783
Gm10032	-19.806348999999997	-16.352472
Gm43329	-14.694360999999999	-11.240482
Rad1	-13.070965	-9.617086
1700003F12Rik	-18.507065	-15.053187
Zfp738	-13.023779	-9.569900500000001
Trafd1	-11.508059	-8.05418
Thbs3	-12.282328	-8.828449
Abcb6	-14.139922	-10.686044
Mlip	-17.909226999999998	-14.45535
Gm4402	-20.90496	-17.451083999999998
Bco1	-20.90496	-17.451083999999998
Arhgap10	-11.578884	-8.125005999999999
Dph6	-12.779625999999999	-9.3257475
Cxxc4	-13.196101	-9.742223
Kbtbd13	-14.9185095	-11.464630999999999
Lsamp	-16.109170000000002	-12.6552925
Gm49915	-17.408453	-13.954576000000001
Gm14817	-17.813917	-14.36004
Cpsf6	-11.948739	-8.494861
Htatsf1	-11.357363000000001	-7.903485000000001
Arl14epl	-20.211813	-16.757935999999997
Brms1l	-12.712114	-9.258236
Mkln1os	-15.562626999999999	-12.108748
A130051J06Rik	-15.616694	-12.162816000000001
Mfsd3	-13.952232	-10.498353999999999
Ivns1abp	-12.987789	-9.533911
Tm7sf3	-12.212303	-8.758425
Klhl7	-11.986711999999999	-8.532834
Rabgap1	-11.725698	-8.27182
Tjap1	-13.212392000000001	-9.758513
Psmd10	-12.433602	-8.979724000000001
Zfp473	-16.827423	-13.373546
Saa1	-20.90496	-17.451083999999998
6720483E21Rik	-17.470974	-14.017095999999999
Ina	-20.211813	-16.757935999999997
Tdrkh	-17.960522	-14.506644
Gm37502	-20.211813	-16.757935999999997
Rdx	-10.328759	-6.874881299999999
Gfra4	-12.787351	-9.333472
Pik3r4	-12.702478	-9.2486
Guf1	-12.481859	-9.027981
Gm17218	-15.663214000000002	-12.209335000000001
Gm47469	-14.893694	-11.4398155
Hps1	-13.646548999999998	-10.192671
Gm47814	-18.95905	-15.505172
Ldah	-12.293914	-8.840035
Uba3	-12.217013	-8.763135
Gm41639	-18.19691	-14.743032999999999
Gm41517	-17.769466	-14.315589000000001
Rcn2	-10.440116999999999	-6.986239
Pcp4l1	-9.949359	-6.495481
Sp9	-19.113201	-15.659324
Gm20548	-19.518665	-16.064789
1810049J17Rik	-18.707735	-15.253858
Mapk6	-12.779035	-9.325156
Cit	-17.609123	-14.155246
Fbxo22	-11.77735	-8.323472
Ptpn12	-12.298110000000001	-8.844232
Pcp4	-13.989238	-10.535359
Dctn1	-11.216277	-7.762399
Borcs8	-11.929837	-8.475959
Fkbp11	-13.337616	-9.883738000000001
Gss	-12.806014	-9.352136
Gm28499	-18.95905	-15.505172
Scaf1	-11.831472	-8.377594
Pithd1	-12.626025	-9.172147
Zfp955a	-13.41499	-9.961112
Ogg1	-13.744892000000002	-10.291014
Cyp4v3	-13.681664999999999	-10.227787
Pomk	-13.900079000000002	-10.4462
Phactr4	-12.184991	-8.7311125
Asic2	-19.806348999999997	-16.352472
Cct3	-10.961724	-7.507846400000001
Nexn	-9.553272999999999	-6.0993953
Wdpcp	-13.717304	-10.263425999999999
Slc25a20	-13.538516	-10.084638
Chrna4	-20.90496	-17.451083999999998
Gabrb1	-17.537664000000003	-14.083787
Fbxo16	-17.470974	-14.017095999999999
D330023K18Rik	-13.115920999999998	-9.662042999999999
Gmnn	-13.676573000000001	-10.222694
Zfp956	-14.690353	-11.236475
Cdk18	-19.518665	-16.064789
6530402F18Rik	-15.572242999999999	-12.118364
D8Ertd738e	-9.886529	-6.432651
Gm47248	-20.90496	-17.451083999999998
Gm16299	-16.151370999999997	-12.697493
Cybrd1	-17.860437	-14.40656
Dlk1	-20.211813	-16.757935999999997
Tmem202	-14.946535999999998	-11.492658
Dcaf11	-11.911285000000001	-8.457407
Mrpl23	-10.571446	-7.1175685
Lncenc1	-19.806348999999997	-16.352472
Tomm6os	-17.646864	-14.1929865
Gm41760	-16.084679	-12.630801
Kcnd3os	-16.827423	-13.373546
Gm20443	-19.806348999999997	-16.352472
Chtf8	-13.957025	-10.503146000000001
Akr1e1	-12.385171000000001	-8.931293
Gm26964	-16.700267999999998	-13.24639
Hist2h2bb	-15.352001000000001	-11.898123
Ppwd1	-12.541152	-9.087274
4930431P22Rik	-17.726907999999998	-14.273029000000001
Gm10451	-15.799016	-12.345138
Zfp933	-13.844485	-10.390607000000001
Ccdc3	-9.502319	-6.048441400000001
Asb3	-12.891949	-9.43807
Gm17201	-18.071747	-14.617869
Tipin	-12.252538000000001	-8.798658999999999
Zfp65	-13.336582	-9.882703999999999
Ptprm	-12.621972	-9.168094
Wdfy1	-11.825755000000001	-8.371877
Arap3	-18.420053	-14.966176
Ccdc8	-13.574556	-10.120678
Tprn	-14.724944	-11.271066000000001
Hexa	-11.121159	-7.6672807
Tmod2	-13.474254	-10.020375
4933417D19Rik	-16.953716	-13.499839000000001
Ttc7b	-12.184991	-8.7311125
Chrnb1	-14.139922	-10.686044
Srp54a	-12.030233	-8.576355
Cldn5	-17.321442	-13.867564000000002
Gm14902	-15.207868	-11.753989
Plxdc1	-19.518665	-16.064789
Fgd3	-18.602375	-15.148498000000002
Neto2	-16.340612	-12.886735
Acp2	-12.271052000000001	-8.817174000000001
Adamtsl2	-15.611656	-12.157778
Reps1	-12.651733	-9.197855
Nlrp3	-18.340011999999998	-14.886134
Gpatch11	-12.132351	-8.6784725
Olfr1152	-20.211813	-16.757935999999997
Gkn3	-17.813917	-14.36004
Rnf135	-14.476856	-11.022978
Plscr4	-13.657167999999999	-10.203289999999999
Mfap2	-12.921863	-9.467984
Gm36278	-17.813917	-14.36004
Bcr	-12.086183	-8.632304
Snx11	-13.280829999999998	-9.826952
Cnga4	-20.211813	-16.757935999999997
Scin	-15.471239	-12.017361
Tctn3	-14.630199	-11.176321000000002
Gm38560	-17.439224	-13.985347
Fyco1	-11.054189	-7.6003110000000005
Zfp652os	-15.799016	-12.345138
Fcgr3	-17.349613	-13.895735
Gm38250	-16.450613	-12.996736
Kcnc3	-20.211813	-16.757935999999997
3632454L22Rik	-17.726907999999998	-14.273029000000001
Adam33	-11.336737	-7.8828588
Crym	-19.806348999999997	-16.352472
Scamp4	-17.572756	-14.118878
Kif13a	-11.382075	-7.9281974
Ss18l2	-11.786407	-8.332529
Ndufa2	-9.430548	-5.9766699999999995
Bcl2a1d	-18.95905	-15.505172
Mapk4	-17.572756	-14.118878
Skint8	-19.518665	-16.064789
Igfbp2	-12.888973	-9.435095
Gm36913	-19.806348999999997	-16.352472
Gm34934	-13.688985999999998	-10.235107000000001
Micu1	-12.892942999999999	-9.439065
Myh14	-18.82552	-15.371642000000001
Phf11b	-17.960522	-14.506644
Spata2l	-14.550591	-11.096713000000001
Zfp932	-13.627023000000001	-10.173144
Mcpt4	-18.507065	-15.053187
Gm15655	-16.213614	-12.759735000000001
Slbp	-12.221575999999999	-8.767697
Nyx	-16.730574	-13.276695000000002
E030042O20Rik	-16.48612	-13.032242
Ptar1	-12.0355625	-8.581684
Rtl10	-17.537664000000003	-14.083787
Mapkapk2	-11.700941	-8.247063
Tfap4	-14.752229000000002	-11.29835
Gm15775	-18.265903	-14.812026000000001
Smpd1	-11.444563	-7.990685000000001
Gm26902	-18.82552	-15.371642000000001
Grem2	-12.503627999999999	-9.049749
Gm30938	-14.331281	-10.877402
Fas	-11.493559	-8.0396805
Sfrp5	-19.806348999999997	-16.352472
Hus1b	-17.860437	-14.40656
Hdgf	-10.524091	-7.070213000000001
Gm14966	-15.263054	-11.8091755
Arhgap5	-10.488501	-7.0346227
Gm20512	-19.113201	-15.659324
Ccbe1	-17.609123	-14.155246
Cnot6l	-11.614794	-8.160915
Ints10	-13.149622	-9.695744
Ptafr	-17.860437	-14.40656
Trnau1ap	-12.102439	-8.648561
Ankrd27	-12.573134	-9.119256
Pacsin1	-19.295523	-15.841645000000002
Ralgps1	-14.184741	-10.730863000000001
Cubn	-16.450613	-12.996736
Fndc11	-20.90496	-17.451083999999998
Gm16229	-19.113201	-15.659324
Gm15915	-16.953716	-13.499839000000001
Txnrd1	-11.728178	-8.2743
Tbl1x	-10.58652	-7.1326423
Gm8378	-18.95905	-15.505172
Limd2	-14.332679	-10.8788
Aplnr	-18.19691	-14.743032999999999
Gm28221	-18.01459	-14.560711999999999
Anapc13	-10.7623	-7.3084216
Bbs1	-14.1751375	-10.721259
Hlx	-14.345345499999999	-10.891467
Sypl2	-15.462543499999999	-12.008664999999999
Hpgd	-17.537664000000003	-14.083787
Tsr1	-13.039773	-9.585894999999999
Gm40621	-20.211813	-16.757935999999997
Khdrbs2	-19.518665	-16.064789
Zfp599	-16.600895	-13.147017499999999
Olfr455	-19.518665	-16.064789
1700026J14Rik	-19.295523	-15.841645000000002
Mpdz	-11.148582000000001	-7.694704499999999
Fam53c	-12.5724125	-9.118534
Kctd2	-12.56953	-9.115651
Snx18	-10.919341000000001	-7.465463000000001
Gpat4	-12.509032000000001	-9.055154
Ccdc92b	-17.769466	-14.315589000000001
Tssc4	-12.189737	-8.735859
Gcnt3	-20.90496	-17.451083999999998
Peli1	-11.488502	-8.034623
Ighd	-19.518665	-16.064789
Fam161a	-14.423384	-10.969505
Evi5l	-13.680207999999999	-10.22633
Gm48552	-15.984981	-12.531102
Slk	-10.991077	-7.5371995
Scly	-13.694881	-10.241003
Plgrkt	-11.603867	-8.149988
Ncoa2	-12.342031	-8.888152
Stk36	-15.706464000000002	-12.252585
Gatd3a	-11.873987	-8.420109
Mlh3	-13.018504	-9.564625999999999
2810408A11Rik	-17.860437	-14.40656
Gm14443	-15.197851000000002	-11.743973
Gm9821	-18.071747	-14.617869
Nes	-10.626330000000001	-7.1724524
Hoxa4	-13.688251500000002	-10.234373
Gm16845	-14.883938	-11.430059
Klf8	-14.521455	-11.067575999999999
Gm26512	-18.82552	-15.371642000000001
Gm45774	-17.813917	-14.36004
Nprl3	-13.392343499999999	-9.938464999999999
Nkx6-1	-13.210567999999999	-9.756689999999999
Gm42531	-18.507065	-15.053187
Cox10	-13.216048	-9.76217
Gpd1l	-12.700836	-9.246958
Arl16	-12.563313	-9.109434
Phc2	-11.903122	-8.449244
Gm35333	-18.01459	-14.560711999999999
Ttc37	-12.228204	-8.774325
Gm32817	-13.468932999999998	-10.015055
Fbxo25	-12.947783	-9.493905
Tnfaip8l2	-18.340011999999998	-14.886134
Usp10	-12.200956	-8.747078
Cdkn2aipnl	-13.301561999999999	-9.847684
Gm1720	-19.518665	-16.064789
Pcdha9	-19.518665	-16.064789
Snhg20	-13.125913	-9.672034
Pot1a	-13.450820000000002	-9.996942
Cir1	-11.452617	-7.998739
Gm13054	-17.572756	-14.118878
Pcolce	-12.596022999999999	-9.142144
Pdcd5	-10.245211	-6.791332700000001
Epn3	-19.518665	-16.064789
Rims1	-16.213614	-12.759735000000001
Cnst	-13.031744	-9.577866
Chodl	-20.90496	-17.451083999999998
Tmem252	-16.372362	-12.918484
Aasdh	-14.220348999999999	-10.766471000000001
Gm13479	-20.90496	-17.451083999999998
Maged2	-11.289289	-7.8354115
Neil1	-14.279569	-10.82569
Ddx43	-20.90496	-17.451083999999998
Slc25a44	-13.073741	-9.619863
Tdo2	-18.707735	-15.253858
4930550C14Rik	-14.758632	-11.304753
Zfp865	-13.268208999999999	-9.814331
Cald1	-7.342411500000001	-3.8885339999999995
2810455O05Rik	-17.537664000000003	-14.083787
Lrp2bp	-17.19139	-13.737510999999998
Nuak1	-12.138411	-8.684532
Gm15952	-14.967425	-11.513547
Neu1	-12.458835	-9.004956
Spg11	-12.993271	-9.539392
Klhdc7a	-20.211813	-16.757935999999997
Mrm1	-14.468810999999999	-11.014933000000001
Gm10143	-18.132372	-14.678494
Carf	-13.615351	-10.161472
Gimap8	-19.806348999999997	-16.352472
Mnat1	-11.6554	-8.201522
Ror2	-16.761826	-13.307948000000001
Ndufb2	-10.016646000000001	-6.5627685
Gm12394	-19.113201	-15.659324
Actr1a	-11.807006	-8.3531275
Ankfy1	-12.456261	-9.002382
Nr2f2	-11.127547	-7.6736693
Gng8	-13.3334875	-9.879609
AC163347.1	-18.132372	-14.678494
Mir670hg	-17.726907999999998	-14.273029000000001
Gnb5	-13.05759	-9.603711
Rpl10	-8.175833	-4.7219553
Rtl6	-14.809135999999999	-11.355258000000001
C1qtnf1	-13.065828999999999	-9.611951
4632427E13Rik	-12.071644000000001	-8.617764999999999
1810020O05Rik	-20.90496	-17.451083999999998
A530040E14Rik	-19.806348999999997	-16.352472
Clip2	-13.829151999999999	-10.375274000000001
Pou2f1	-12.378411999999999	-8.924534
Fam229a	-18.132372	-14.678494
Eef1a2	-15.201179000000002	-11.7473
Polr3gl	-12.166065	-8.712187
Gpr180	-12.0289755	-8.575097
9430065F17Rik	-15.191229000000002	-11.73735
Polb	-12.335745	-8.881866
2410021H03Rik	-19.518665	-16.064789
Malsu1	-12.058464	-8.604586
Ppp1r13l	-13.955105	-10.501225999999999
Hist1h2an	-20.211813	-16.757935999999997
Ndufaf2	-11.802875	-8.348996000000001
Gm49864	-16.439053	-12.985175
Rps7	-8.326088	-4.87221
Tmem127	-12.222932	-8.769053
Prrg1	-14.216606	-10.762728
Btd	-12.390572	-8.936693
Camkk1	-13.673675	-10.219796
Cth	-15.127309	-11.67343
Crat	-12.413701	-8.959823
Aqp11	-14.678425	-11.224546
Prdm16	-11.387945	-7.9340672
Gpc2	-16.427623999999998	-12.973746
Gm46404	-14.750103	-11.296225
Tecpr1	-12.381587	-8.927709
Tsnaxip1	-19.806348999999997	-16.352472
Taf8	-13.2658	-9.811922000000001
Lekr1	-14.231664000000002	-10.777785
Rnf44	-12.576267999999999	-9.12239
Slc25a43	-14.055895000000001	-10.602016
Fam160b1	-11.449325	-7.9954467000000005
Slc35c1	-13.861801000000002	-10.407923
Zcwpw2	-15.657936999999999	-12.204058999999999
Gm6213	-17.860437	-14.40656
Ifih1	-14.628318	-11.174439
Ghsr	-20.211813	-16.757935999999997
Gm36419	-19.295523	-15.841645000000002
Cby3	-18.420053	-14.966176
Gm44167	-19.295523	-15.841645000000002
Numb	-12.428173	-8.974295
Pi15	-9.593454	-6.1395764
Cnnm4	-13.657167999999999	-10.203289999999999
Vars	-12.413701	-8.959823
Gm27206	-20.211813	-16.757935999999997
St5	-10.26913	-6.815252
Ccl11	-17.572756	-14.118878
Rab31	-12.58427	-9.130391
Bicdl1	-13.695621	-10.241742
Tdp2	-12.974396	-9.520517
Gpr34	-17.572756	-14.118878
Rbbp7	-10.630013	-7.1761355
Paqr3	-15.105868	-11.65199
2010310C07Rik	-15.146059	-11.692181
Kcnab3	-17.294043	-13.840164999999999
Cfap43	-15.626845999999999	-12.172968
Gm30382	-17.19139	-13.737510999999998
Ms4a4b	-19.113201	-15.659324
Lbx1	-20.90496	-17.451083999999998
Tmem51os1	-15.248969	-11.795091000000001
Wdr74	-12.428799	-8.97492
Taz	-12.359959	-8.906080000000001
Slc25a4	-8.858317999999999	-5.4044404
Aplp2	-8.889407	-5.4355297
Camkmt	-13.692667000000002	-10.238789
Mga	-11.298129	-7.844251
Zfp871	-11.615255	-8.161377
AY074887	-17.294043	-13.840164999999999
Gm43573	-15.458224	-12.004346
Gab1	-12.209455	-8.755576
Cd47	-10.593378999999999	-7.139500999999999
Slco2b1	-17.686085000000002	-14.232207
Bcap31	-10.458133	-7.004255000000001
Zfp455	-15.823557000000001	-12.369678500000001
Atp8a2	-17.769466	-14.315589000000001
Wrap53	-14.345345499999999	-10.891467
Smc2os	-17.267374	-13.813497
Dmtf1	-12.408992	-8.955113
Aurkc	-19.806348999999997	-16.352472
Pogz	-12.739028999999999	-9.285150999999999
Slc12a2	-12.665104	-9.211225500000001
Gm38096	-20.211813	-16.757935999999997
Gstt1	-11.337716	-7.883838000000001
Enho	-14.2191	-10.765222
Crabp2	-17.609123	-14.155246
Kif3b	-13.091774000000001	-9.637896000000001
Zyx	-9.2654295	-5.8115516
Plcxd2	-15.044175	-11.590297
Nfs1	-12.745586	-9.291708
Dpp3	-12.237281	-8.783402
Plppr5	-19.806348999999997	-16.352472
Tpm2	-7.0417023	-3.5878248
Snhg11	-20.211813	-16.757935999999997
Pou1f1	-18.82552	-15.371642000000001
AI467606	-19.806348999999997	-16.352472
Cacng1	-20.90496	-17.451083999999998
Prkar2b	-15.723178	-12.269299499999999
Pcdh8	-20.211813	-16.757935999999997
March3	-16.574228	-13.12035
Mrps35	-12.309325999999999	-8.855447999999999
Galnt4	-13.694142000000001	-10.240264
Snrpd3	-10.974005	-7.5201270000000005
1700008O03Rik	-15.921354000000001	-12.467476
1700014D04Rik	-20.90496	-17.451083999999998
Hars2	-12.897594	-9.443716
Basp1	-17.19139	-13.737510999999998
Osbpl3	-11.101403999999999	-7.647526299999999
Ankrd10	-11.715742	-8.261864
Gm10505	-20.90496	-17.451083999999998
Il1rap	-14.056956	-10.603078
Bfsp1	-15.295489000000002	-11.841611
Pnpt1	-13.187165	-9.733286999999999
Rtl4	-20.90496	-17.451083999999998
E2f5	-12.550286999999999	-9.096409
Gm30873	-16.510510999999997	-13.056633999999999
Cnn2	-10.192813000000001	-6.738935000000001
Gm17249	-16.241522	-12.787643
Gm30961	-18.507065	-15.053187
Yaf2	-11.466211	-8.012333
Ciapin1	-12.646279	-9.192401
Gm26877	-18.265903	-14.812026000000001
Gm11747	-17.909226999999998	-14.45535
Mettl7a1	-11.794773	-8.340895
Lnpk	-12.519016	-9.065138000000001
Lrp4	-16.26057	-12.806692
1700020N18Rik	-20.211813	-16.757935999999997
Pcmt1	-11.049876	-7.595998299999999
Otub2	-14.893694	-11.4398155
Rfesd	-12.861939999999999	-9.408062
Zc3hav1	-12.95305	-9.499171
Grb14	-11.1135235	-7.659645599999999
Abcc3	-18.420053	-14.966176
Esyt2	-10.164356	-6.710478299999999
Efna1	-14.609695	-11.155816999999999
Ccr2	-19.518665	-16.064789
Acvr1	-12.396002000000001	-8.942122999999999
Eprs	-10.731751	-7.2778735
Nfxl1	-13.005066000000001	-9.5511875
Gm16151	-18.602375	-15.148498000000002
Ccl19	-13.757401999999999	-10.303524000000001
Cd36	-16.076647	-12.622769
Ttf2	-14.249521	-10.795643
Oga	-11.881433	-8.427553999999999
Arl6ip4	-11.482903	-8.029024
Hcar2	-18.707735	-15.253858
Phactr2	-11.4354925	-7.9816145999999994
A030005L19Rik	-16.670855	-13.216976
Spcs2	-10.790727	-7.336848700000001
Dab2ip	-11.32499	-7.871112299999999
Phkg2	-12.836245	-9.382366000000001
Gm4524	-16.810616	-13.356738
Osgin2	-13.473069	-10.019191000000001
Jpt1	-12.208451	-8.754572999999999
Ints5	-13.238271	-9.784392
Ndufb3	-10.091000000000001	-6.637121700000001
Ubap1l	-17.19139	-13.737510999999998
Gm50269	-20.211813	-16.757935999999997
Shc4	-15.855104999999998	-12.401227
1700039M15Rik	-20.90496	-17.451083999999998
Npc1l1	-19.295523	-15.841645000000002
Dlx1	-16.746078	-13.2922
Mis18bp1	-17.572756	-14.118878
Etfrf1	-12.651213	-9.197334
Tnfrsf4	-16.915976999999998	-13.462098999999998
Havcr2	-19.518665	-16.064789
Slfnl1	-19.113201	-15.659324
Timp3	-8.612110000000001	-5.158232
Depdc1a	-17.726907999999998	-14.273029000000001
Ube2t	-16.195429999999998	-12.741552
Irf3	-12.098687	-8.644809
E2f3	-13.791004999999998	-10.337127
Dhrs9	-14.737445000000001	-11.283566
Fnbp4	-12.181892	-8.728014
Galr2	-17.572756	-14.118878
Cyld	-11.656651	-8.202772
Gm10544	-18.507065	-15.053187
Vpreb1	-16.405151	-12.951273
Hoxa10	-13.305059	-9.851181
Ublcp1	-11.614886	-8.161008
Qars	-11.98297	-8.529092
Gm36595	-20.211813	-16.757935999999997
Ssbp1	-11.517731	-8.063852
Gm36246	-18.95905	-15.505172
Gm14302	-18.01459	-14.560711999999999
Gm39460	-19.113201	-15.659324
Snhg6	-11.675996000000001	-8.222116999999999
Rcan1	-12.115149	-8.66127
Efna5	-11.051978	-7.5981
Stard10	-12.425055	-8.971176
4931415C17Rik	-17.909226999999998	-14.45535
Zfp229	-13.867932999999999	-10.414055000000001
Abcc8	-16.879607999999998	-13.425730999999999
Ptger3	-13.515397	-10.061519
Gm43568	-19.295523	-15.841645000000002
Rybp	-12.171045	-8.717167
BC052040	-14.996879000000002	-11.543
Ackr3	-14.032832999999998	-10.578955
Tmem150c	-19.113201	-15.659324
Poll	-13.846203	-10.392324
Stat5a	-13.599773	-10.145895
Alkbh8	-12.35472	-8.900841999999999
A730085K08Rik	-18.602375	-15.148498000000002
Gm15564	-14.765077	-11.311198
Msh6	-13.309574	-9.855696
Dreh	-18.340011999999998	-14.886134
Fbrsl1	-12.5517	-9.097821000000001
Ugdh	-12.192530999999999	-8.738652
Hist1h1b	-15.493314999999999	-12.039436
Nsun2	-12.334605999999999	-8.880728
Myocd	-10.600418	-7.146539999999999
Exoc8	-13.180957000000001	-9.727078
Ide	-11.845444	-8.391565
A330069K06Rik	-19.113201	-15.659324
Trim30b	-20.211813	-16.757935999999997
Olfr1336	-20.90496	-17.451083999999998
Eef1d	-9.835546	-6.3816676
Caprin2	-13.851376	-10.397497
Unc5c	-11.167469	-7.713591
Eno1	-10.782739999999999	-7.3288617
Ccdc90b	-11.840224000000001	-8.386346000000001
Ube2k	-10.903984	-7.450106
Trhde	-20.90496	-17.451083999999998
Tssk4	-17.216082	-13.762203
Pmf1	-12.784075	-9.330196
Crim1	-10.74951	-7.295632
Gm33104	-20.90496	-17.451083999999998
Gm50069	-15.224789000000001	-11.77091
Mrap	-19.113201	-15.659324
Iqcm	-20.90496	-17.451083999999998
Zbtb37	-12.981976	-9.528097
Zfp78	-14.741647	-11.287768
Camta2	-12.183848	-8.72997
Col20a1	-16.33025	-12.876371
Atm	-12.756227	-9.302348
Plek	-15.184648999999999	-11.730771
Dusp10	-12.495576	-9.0416975
Ufsp2	-11.552166999999999	-8.098289
Stt3b	-11.367694	-7.913816000000001
Nup153	-12.2682085	-8.81433
Ap2a2	-12.1260195	-8.672141
Wasf2	-10.484796000000001	-7.0309175999999995
Gm10734	-16.794086	-13.340209
Hist2h3c2	-14.595042999999999	-11.141164999999999
Atp6v1b2	-12.568571	-9.114692999999999
Cass4	-20.211813	-16.757935999999997
Gabarap	-9.357161	-5.903283
Ovol3	-20.90496	-17.451083999999998
Xpnpep1	-12.516283	-9.062405
Dusp22	-13.751126999999999	-10.297249
Socs2	-11.469559	-8.01568
Nasp	-11.632961	-8.179083
Mphosph8	-11.361225	-7.907347
Ociad1	-11.172143	-7.718265
Gfra3	-18.420053	-14.966176
Mxd3	-18.707735	-15.253858
Mindy1	-12.971522	-9.517644
Stmn3	-18.420053	-14.966176
4930512B01Rik	-18.132372	-14.678494
Xcr1	-19.518665	-16.064789
1700022N22Rik	-16.897627	-13.443748999999999
Kcnj4	-18.265903	-14.812026000000001
Rpl24	-8.455131	-5.001253
Elobl	-17.537664000000003	-14.083787
Gm16701-1	-14.566367000000001	-11.112489
Cplx4	-20.211813	-16.757935999999997
Gm17088	-18.82552	-15.371642000000001
Myh7b	-19.113201	-15.659324
Matn3	-19.518665	-16.064789
Galk2	-13.721848999999999	-10.267971000000001
Tuba4a	-13.446775	-9.992897
Ankdd1b	-19.295523	-15.841645000000002
Gm13558	-17.294043	-13.840164999999999
Rnase10	-17.120770999999998	-13.666893
Sox2	-19.518665	-16.064789
Mosmo	-11.401504	-7.947625599999999
Hspb9	-20.211813	-16.757935999999997
Tpr	-9.992293	-6.5384154
Oaz2	-11.171077	-7.717199000000001
Eea1	-10.41452	-6.9606423
Gm26724	-14.523145000000001	-11.069266
Gm12295	-14.624564999999999	-11.170687
Nme6	-13.395078	-9.941199000000001
Scimp	-19.295523	-15.841645000000002
Prokr1	-18.602375	-15.148498000000002
Fmo2	-8.430305	-4.976426999999999
Gm50103	-17.909226999999998	-14.45535
Irf7	-15.836057	-12.382178
Arhgap26	-15.081914999999999	-11.6280365
Duox2	-20.90496	-17.451083999999998
Elp4	-12.923911	-9.470033
Hcls1	-14.809135999999999	-11.355258000000001
Mill2	-13.297579999999998	-9.843701
Ctnnb1	-9.892581	-6.438703
Gripap1	-12.096442	-8.642564
Ell	-13.067012	-9.613133
Zkscan5	-13.831692000000002	-10.377813
Tmcc2	-13.680937	-10.227058
Tnk2	-12.126944	-8.673065
Ccdc110	-16.186462	-12.732584
Pcdhb5	-16.670855	-13.216976
Ranbp6	-13.022646	-9.568767999999999
Hspe1	-10.054964	-6.6010860000000005
Vstm5	-17.470974	-14.017095999999999
2010320O07Rik	-20.90496	-17.451083999999998
Gm43914	-20.211813	-16.757935999999997
A230057D06Rik	-17.686085000000002	-14.232207
Gm4876	-13.105207	-9.651328999999999
Peg12	-16.827423	-13.373546
Bmpr1a	-10.228269000000001	-6.7743907000000005
Gm32027	-17.294043	-13.840164999999999
Ddx3x	-9.896151	-6.4422727
Gm44686	-18.602375	-15.148498000000002
Zdhhc2	-13.261478	-9.8076
Kmt2b	-12.279452000000001	-8.825574000000001
Spef2	-18.82552	-15.371642000000001
Gm48768	-14.328491	-10.874613
Gm47460	-17.909226999999998	-14.45535
Gm26797	-14.891245999999999	-11.437367
Kank1	-10.268649	-6.814771
Wdr90	-15.030029999999998	-11.576152
Gm13293	-15.921354000000001	-12.467476
Cdc37	-10.290560000000001	-6.836682000000001
Prtn3	-20.90496	-17.451083999999998
Ndrg4	-13.10357	-9.649692
Cntln	-11.890879	-8.437000000000001
Slc38a10	-11.857728	-8.40385
Klhl22	-12.927679	-9.473801
Acss2	-13.222479000000002	-9.7686
Gm48053	-12.929397	-9.475518
Lif	-20.90496	-17.451083999999998
Stam2	-12.383975	-8.930097
Arfrp1	-11.905095	-8.451217
Zfp469	-15.462543499999999	-12.008664999999999
Fxyd6	-15.663214000000002	-12.209335000000001
Pcbd2	-11.639659	-8.185781
Ssna1	-11.539157000000001	-8.085278500000001
Ccdc83	-18.95905	-15.505172
Ebf2	-16.700267999999998	-13.24639
Mettl27	-13.638133999999999	-10.184256
Tnf	-18.265903	-14.812026000000001
Zfp273	-14.910998999999999	-11.457121
Gm31683	-16.060774	-12.606895
Fmr1nb	-18.19691	-14.743032999999999
Syt9	-17.321442	-13.867564000000002
Herc1	-11.271971	-7.818092999999999
Tmem220	-13.825776999999999	-10.371899
Gm29394	-15.921354000000001	-12.467476
Olfr259	-19.518665	-16.064789
Hmgb2	-12.122639	-8.66876
Ppp4r3a	-11.736277000000001	-8.282397999999999
Ctcflos	-16.372362	-12.918484
1700040D17Rik	-20.211813	-16.757935999999997
Gm40617	-18.707735	-15.253858
Arpp21	-17.054813	-13.600935
Il12a	-17.2414	-13.787521
Shisa4	-11.051715	-7.597836999999999
Map11	-13.725654	-10.271775
Gm15943	-17.686085000000002	-14.232207
Zpbp2	-19.295523	-15.841645000000002
Thrsp	-14.077332	-10.623453
Fcho1	-20.90496	-17.451083999999998
Morrbid	-16.64228	-13.188403
Gm43807	-17.646864	-14.1929865
Cyfip1	-11.157426	-7.703548
Afg3l1	-12.459908500000001	-9.00603
Rfng	-13.063075	-9.609197
Lyl1	-16.125837	-12.671959
Snx10	-12.955164	-9.501286
Musk	-18.95905	-15.505172
Med21	-11.360938	-7.90706
Rnf112	-17.769466	-14.315589000000001
Sema3f	-11.507893	-8.054014
Gm26891	-19.113201	-15.659324
Hes1	-11.854438	-8.400559
Mrps17	-11.445654	-7.991776
Gm26770	-18.507065	-15.053187
Gm37696	-17.909226999999998	-14.45535
Klf11	-13.485579999999999	-10.031702000000001
Pcgf6	-13.109726	-9.655847999999999
Myo18b	-13.033269	-9.579391000000001
Nrp2	-14.735351000000001	-11.281472
Gm15879	-15.999685999999999	-12.545808000000001
1700058P15Rik	-17.439224	-13.985347
Nog	-17.076319	-13.622441
Spata6	-12.653297	-9.199419
Bola2	-11.049719	-7.595841
Sowaha	-19.806348999999997	-16.352472
Spdef	-20.90496	-17.451083999999998
Psme2b	-15.242001	-11.788122
Hist1h2ab	-17.120770999999998	-13.666893
Gm48935	-18.707735	-15.253858
Nav2	-10.969055	-7.5151772
Kmt2d	-12.356463	-8.902585
Phc3	-11.515721000000001	-8.061843
Edn1	-12.393786	-8.939908
Taf1d	-11.66905	-8.215172
Gk	-12.168151	-8.7142725
Ndufa9	-11.515053	-8.061174000000001
Cdo1	-10.696271000000001	-7.242392999999999
Gm12320	-20.90496	-17.451083999999998
Gm45509	-15.581951	-12.128072999999999
Ubox5	-14.649211	-11.195333
Golga1	-12.475288	-9.021410000000001
Gm4221	-15.901015	-12.447137
Jakmip3	-19.518665	-16.064789
Col4a6	-10.740957	-7.2870793
Gfm1	-12.376037	-8.922158
Tmem160	-10.582203999999999	-7.1283259999999995
Plekhb1	-16.746078	-13.2922
Cr1l	-11.339116	-7.885238
Vmn1r229	-20.90496	-17.451083999999998
Ppp1r26	-14.710556	-11.256677999999999
Grid1	-20.211813	-16.757935999999997
Mreg	-14.936254000000002	-11.482375
Ikzf5	-12.110894	-8.657016
Irx5	-16.204481	-12.750603
6530409C15Rik	-17.960522	-14.506644
Angptl6	-13.751909	-10.298031
A730071L15Rik	-17.726907999999998	-14.273029000000001
Aatk	-14.561081	-11.107203
Gm20300	-12.827825	-9.373946
Prss16	-20.90496	-17.451083999999998
D330050G23Rik	-19.806348999999997	-16.352472
Gm22146	-15.775063000000001	-12.321183999999999
Pakap-1	-11.222557	-7.768679
Gm5493	-20.211813	-16.757935999999997
Tm4sf4	-16.48612	-13.032242
Eno3	-13.652199	-10.198319999999999
Ss18	-11.951709	-8.49783
Tagln	-6.0366488	-2.5827713
Ldha	-10.31815	-6.8642716
Gm16104	-19.518665	-16.064789
Prkca	-12.369339	-8.915461
2700054A10Rik	-17.960522	-14.506644
Rhbdl2	-17.294043	-13.840164999999999
Ly6g5b	-17.813917	-14.36004
Gfod2	-13.834237	-10.380359
Gm43031	-17.216082	-13.762203
Lrtm1	-19.806348999999997	-16.352472
Arpc2	-9.085463	-5.631585
Zfp395	-12.220391000000001	-8.766513
Gm10369	-20.211813	-16.757935999999997
Gm50431	-14.6823845	-11.228506
Fbn1	-10.337292	-6.883414
Chka	-11.862566000000001	-8.408688
Gm42418	-5.739148999999999	-2.2852716
Gm49212	-20.90496	-17.451083999999998
Cdc40	-11.294972	-7.8410945000000005
Gm49097	-20.90496	-17.451083999999998
Garnl3	-14.127315	-10.673436
Capza1	-11.686057	-8.232178999999999
Ank1	-15.090831	-11.636952
9930111J21Rik1	-17.19139	-13.737510999999998
Plekhn1	-12.79905	-9.345172
Selenoh	-12.090482000000002	-8.636603
Wwp1	-11.226306	-7.772428
Atp5g3	-10.200123	-6.746245
1700125G22Rik	-20.90496	-17.451083999999998
Gpn1	-12.62984	-9.1759615
Gm42303	-18.707735	-15.253858
Gm48709	-17.960522	-14.506644
Sergef	-13.484383	-10.030503999999999
Gm4425	-17.537664000000003	-14.083787
Psmd8	-10.329218	-6.87534
Tnip1	-12.97224	-9.518362
Hmbs	-12.9304285	-9.47655
4933400A11Rik	-18.602375	-15.148498000000002
Dpagt1	-13.313604000000002	-9.859726
Nudt18	-12.11652	-8.662642
Ppp1r27	-20.211813	-16.757935999999997
Bdp1	-11.404641	-7.950763
Icam2	-17.076319	-13.622441
Tut1	-14.02355	-10.569672
Ptpn13	-14.478473000000001	-11.024594
Eid2	-12.756227	-9.302348
Hadhb	-11.41336	-7.9594816999999995
Gm16540	-19.806348999999997	-16.352472
Elp5	-12.039791000000001	-8.585913
Zdhhc4	-12.382582000000001	-8.928703
Foxa3	-18.95905	-15.505172
Pop7	-12.588416	-9.134538000000001
Gm45495	-15.75167	-12.297791499999999
Gm28874	-16.405151	-12.951273
Fam83g	-17.909226999999998	-14.45535
Gm12536	-18.95905	-15.505172
Arrdc3	-11.296046	-7.842168300000001
C030004G16Rik	-13.706778	-10.252899000000001
Pkn1	-11.988724000000001	-8.534844999999999
Prph	-16.361666	-12.907788
Gga2	-11.865053	-8.411175
Fkbp7	-11.110396000000001	-7.6565185
Rab30	-14.879095000000001	-11.425217
Efcab5	-16.450613	-12.996736
Psrc1	-16.02216	-12.568280999999999
Pdk1	-13.465989000000002	-10.012111
Ube2g1	-11.743181	-8.289303
Mxi1	-12.083229	-8.629351
Gm10447	-20.90496	-17.451083999999998
Dhrs3	-11.130500999999999	-7.676622999999999
Gm42809	-17.726907999999998	-14.273029000000001
Gm30655	-19.295523	-15.841645000000002
Xirp1	-11.632679	-8.178801
Pabpn1l	-19.806348999999997	-16.352472
Il1rl2	-18.19691	-14.743032999999999
Kcnk2	-17.726907999999998	-14.273029000000001
Stx4a	-11.32499	-7.871112299999999
Rnf215	-12.374063	-8.920183999999999
Clk3	-12.371697	-8.917819
Kat6a	-11.552774000000001	-8.098896
Orai2	-15.75167	-12.297791499999999
Plec	-10.684766999999999	-7.230889
Gm47423	-19.295523	-15.841645000000002
Gm10501	-16.092776999999998	-12.638899
Tsc22d1	-9.703368	-6.2494907
Dazl	-18.82552	-15.371642000000001
Chrna7	-16.794086	-13.340209
Htr7	-20.211813	-16.757935999999997
Wasf1	-14.804642999999999	-11.350764
Cd3d	-20.90496	-17.451083999999998
Gm31462	-17.686085000000002	-14.232207
Muc2	-17.439224	-13.985347
Lhx6	-19.806348999999997	-16.352472
Tslrn1	-17.860437	-14.40656
Mecom	-11.628178	-8.174299000000001
Plaur	-13.652907	-10.199029
Slc4a1ap	-12.490464999999999	-9.036586999999999
Mmp14	-12.108319999999999	-8.654442
Sox5os3	-18.707735	-15.253858
Calu	-10.1117115	-6.657833599999999
Tsc22d4	-10.780130999999999	-7.3262534
Gjc3	-18.95905	-15.505172
Trf	-15.371572	-11.917693
Gm48899	-16.416325	-12.962446
6330415G19Rik	-16.600895	-13.147017499999999
Gm15873	-17.769466	-14.315589000000001
A2ml1	-20.90496	-17.451083999999998
Dipk1c	-20.90496	-17.451083999999998
mt-Nd4l	-8.334026	-4.880148999999999
Gm16549	-20.90496	-17.451083999999998
Bbox1	-17.216082	-13.762203
Gm46555	-19.806348999999997	-16.352472
4921513I03Rik	-18.420053	-14.966176
Eif1a	-11.641364	-8.187486
Trrap	-12.167347999999999	-8.7134695
Nox4	-9.732346000000001	-6.2784677
Ralyl	-17.769466	-14.315589000000001
Mab21l1	-16.251001000000002	-12.797123
Tnfaip3	-14.729094	-11.275215
Tbr1	-18.602375	-15.148498000000002
Gm4419	-16.045149	-12.59127
Nucb1	-10.380897500000001	-6.9270195999999995
4933424G05Rik	-18.420053	-14.966176
Flrt1	-13.188946	-9.735066999999999
Ywhab	-9.973821000000001	-6.5199428
Cggbp1	-10.706047	-7.252169
Gm13306	-15.745906	-12.292027000000001
Hsd17b1	-16.700267999999998	-13.24639
Gm11639	-15.391532999999999	-11.937654499999999
Grrp1	-20.90496	-17.451083999999998
Gm20110	-18.420053	-14.966176
Ccdc142os	-15.712005	-12.258125999999999
Megf11	-18.707735	-15.253858
Gprasp2	-13.390706	-9.936828
Myh7	-16.383173	-12.929295
S100a10	-10.501244	-7.0473657
Ppp1r15b	-12.315634	-8.861755
Leprotl1	-11.507146	-8.0532675
Gm12681	-15.734476999999998	-12.280599
Tgs1	-12.011526	-8.557648
Slamf7	-19.295523	-15.841645000000002
9930111J21Rik2	-13.72109	-10.267211999999999
Tmem154	-14.674479500000002	-11.220601
Lrriq4	-20.90496	-17.451083999999998
5033426O07Rik	-19.295523	-15.841645000000002
Gm33280	-18.507065	-15.053187
Polr2h	-12.277658	-8.823780000000001
Egr1	-9.199697500000001	-5.74582
Pctp	-15.901015	-12.447137
Rhox8	-19.295523	-15.841645000000002
Def8	-13.221557999999998	-9.767679
Tspan2	-10.271248	-6.8173699999999995
Fam222a	-16.05293	-12.599052
Lysmd1	-13.7226095	-10.268730999999999
Gm16712	-18.071747	-14.617869
Rasgrf2	-14.852872	-11.3989935
Zfp955b	-12.701657	-9.247779
Hspa12a	-16.00712	-12.553243
Rab18	-10.494174000000001	-7.0402960000000006
Cep72	-16.068678	-12.6148
Ear2	-19.806348999999997	-16.352472
Zfp658	-14.611542000000002	-11.157663000000001
Elavl3	-17.960522	-14.506644
Dnaja3	-12.875202999999999	-9.421325
Gm45322	-20.90496	-17.451083999999998
Gm11525	-18.602375	-15.148498000000002
Vkorc1	-10.6068	-7.152922
Dhps	-12.017585	-8.563706
Gm12305	-16.86191	-13.408031
Clec2d	-12.600219000000001	-9.146339999999999
Smc6	-10.431144	-6.977266
Rabggtb	-11.974467	-8.520589
0610038B21Rik	-15.887681	-12.433803
Cep170b	-12.360542	-8.906664
Olfr477	-20.90496	-17.451083999999998
Plcd1	-11.712174000000001	-8.258296000000001
Il6st	-11.146614999999999	-7.692736999999999
2310002F09Rik	-19.295523	-15.841645000000002
Phf6	-12.983425	-9.529547
Lmo3	-19.806348999999997	-16.352472
a	-18.707735	-15.253858
Crabp1	-20.90496	-17.451083999999998
Creb3l1	-12.237969	-8.784091
Rhd	-18.340011999999998	-14.886134
Utp20	-12.680261999999999	-9.226383
Gm27019	-18.707735	-15.253858
Zfp212	-13.059937	-9.606058
Tex261	-11.60414	-8.150262
Adrb2	-16.319994	-12.866116
Gm15965	-18.19691	-14.743032999999999
Efnb1	-13.573901000000001	-10.120023
Lama3	-16.029764	-12.575886
Gm527	-14.226619	-10.772739999999999
Olfr1459	-19.295523	-15.841645000000002
Ggt7	-14.238005	-10.784125999999999
Ccdc59	-11.074474	-7.620596400000001
Lsm8	-11.563944000000001	-8.110064999999999
Cmah	-17.267374	-13.813497
Plcg1	-12.945336	-9.491458
C2cd4d	-19.295523	-15.841645000000002
Ppp4r4	-15.763298	-12.30942
Rasd1	-13.603813	-10.149935000000001
4632411P08Rik	-17.470974	-14.017095999999999
Shq1	-14.262474	-10.808596000000001
Fam124a	-12.877158	-9.42328
Hnrnpul1	-11.508473	-8.054594999999999
Gm15690	-15.894326000000001	-12.440448
Dazap1	-11.8091345	-8.355255999999999
Pfdn4	-12.016619	-8.56274
Gm7967	-15.914529000000002	-12.46065
1700041I07Rik	-20.90496	-17.451083999999998
Fam149a	-13.494009	-10.040131
Cabp4	-19.113201	-15.659324
Ptprq	-16.844519000000002	-13.39064
Spin1	-11.995861	-8.541983
Crk	-11.405166	-7.951287700000001
Minpp1	-12.535572	-9.081694
Prdm11	-14.002218	-10.54834
Rsbn1l	-10.842037	-7.388159299999999
Isg20l2	-13.378782000000001	-9.924904
Gm38901	-20.90496	-17.451083999999998
D830026I12Rik	-15.158757999999999	-11.704880000000001
Kank3	-14.467210000000001	-11.013330999999999
Shisa5	-11.621928	-8.16805
Gm9999	-20.90496	-17.451083999999998
Notch1	-13.766888	-10.313009
Crtc2	-12.918117	-9.464238
Gm10688	-20.90496	-17.451083999999998
Nphp3	-13.338133	-9.884253999999999
Lrrc73	-15.032844	-11.578965
Tfpi2	-19.806348999999997	-16.352472
Ctcfl	-16.879607999999998	-13.425730999999999
Sgip1	-13.914704	-10.460825999999999
Flywch1	-12.126789	-8.672911000000001
Krtcap3	-16.109170000000002	-12.6552925
Slc38a8	-19.113201	-15.659324
Zfp580	-12.544889	-9.091011
Dnajb14	-11.557907	-8.104028999999999
1300002E11Rik	-12.501609	-9.04773
Sgcb	-10.962398	-7.5085196
Vmn1r90	-18.420053	-14.966176
Bmi1	-12.325732	-8.871853999999999
Uap1l1	-13.295098999999999	-9.841221
BC005537	-10.780493	-7.326614999999999
1110046J04Rik	-13.156501	-9.702622
Arrdc4	-13.812387	-10.358509
Fam162a	-10.540953	-7.087074799999999
Mmp2	-12.784967	-9.331089
Dpep2nb	-19.806348999999997	-16.352472
P2ry10	-20.211813	-16.757935999999997
Pten	-10.651416000000001	-7.197538000000001
Myg1	-12.164945	-8.711066
Gm31363	-19.518665	-16.064789
Calcoco1	-11.44394	-7.990061999999999
Gm33940	-19.806348999999997	-16.352472
Apeh	-12.654341	-9.200462
Recql5	-14.3653755	-10.911497
Fam133b	-11.512799000000001	-8.058921
Kif1b	-10.890066000000001	-7.4361880000000005
Amh	-17.909226999999998	-14.45535
Gm16141	-15.367626999999999	-11.913749000000001
Nnat	-17.408453	-13.954576000000001
Gm35248	-16.574228	-13.12035
Prrc2a	-11.233848	-7.7799697
Exoc6b	-11.880228	-8.42635
AV356131	-14.313288	-10.859409
Ap1ar	-12.386369	-8.93249
Akr1c19	-20.211813	-16.757935999999997
Alg10b	-12.777852000000001	-9.323974
4921523L03Rik	-20.90496	-17.451083999999998
Cisd3	-12.581839	-9.12796
Rp1	-20.211813	-16.757935999999997
Rngtt	-12.717661999999999	-9.263783
Ptpru	-15.108904	-11.6550255
Prlr	-16.510510999999997	-13.056633999999999
Atf7ip	-11.6370125	-8.183133999999999
Cdk8	-12.266258	-8.812380000000001
Elac2	-13.559595999999999	-10.105718
Gm26631	-15.984981	-12.531102
Tom1l1	-14.052719	-10.598841
Gm15737	-14.931151000000002	-11.477273
Gm28323	-20.90496	-17.451083999999998
Zfp583	-14.183535999999998	-10.729657000000001
Rhob	-10.041433999999999	-6.5875563999999995
Mis12	-12.821941	-9.368063000000001
Pnpla2	-11.388755	-7.934877
Adam10	-12.188098	-8.73422
Rpf1	-12.40634	-8.952461
Sfmbt2	-14.535060000000001	-11.081182
Gm9465	-17.686085000000002	-14.232207
Arpin	-12.970448	-9.516569
4930513N10Rik	-15.907748999999999	-12.453871000000001
Tnnt1	-13.860056	-10.4061775
Gm10384	-20.90496	-17.451083999999998
Ube2l6	-13.930482000000001	-10.4766035
Slc30a5	-12.448792	-8.994914
Fat4	-11.880228	-8.42635
Rflna	-17.03376	-13.579882000000001
Pou5f1	-15.557854	-12.103975
Fcsk	-13.539148	-10.08527
Rps10	-8.260556	-4.8066783
Syngap1	-15.035665	-11.581786
Atp5e	-8.935149000000001	-5.4812712999999995
Gm32031	-13.650077	-10.196197999999999
Fign	-13.100302000000001	-9.646423
Tmed2	-10.449602	-6.995724000000001
Olfr1385	-18.420053	-14.966176
Rpl28	-8.298671	-4.844793
Traf4	-14.571682000000001	-11.117804
Dgkk	-15.511332999999999	-12.057455000000001
Rab43	-12.819166000000001	-9.365288
Ccdc69	-12.507002	-9.053123
Bach2os	-20.90496	-17.451083999999998
4930599N23Rik	-17.537664000000003	-14.083787
Mapk1ip1	-13.021514999999999	-9.5676365
Dcp1a	-13.184056	-9.730178
Lcp1	-16.93467	-13.480791
Chmp1b	-12.647575	-9.193697
4933408N05Rik	-20.90496	-17.451083999999998
Fuca1	-11.420024	-7.966146000000001
9430018G01Rik	-18.95905	-15.505172
Brd3	-11.365965	-7.912087
Brip1	-12.541618	-9.08774
Mir155hg	-16.915976999999998	-13.462098999999998
Gm43597	-15.391532999999999	-11.937654499999999
Kcnab3os	-18.707735	-15.253858
Gnat2	-17.098299	-13.644421
Rwdd1	-10.3980055	-6.9441276
Chd7	-15.963319	-12.50944
Xylt2	-13.277904000000001	-9.824025
Clec2l	-18.265903	-14.812026000000001
Grid2	-14.684370999999999	-11.230493
Gm43507	-20.90496	-17.451083999999998
Rsl1d1	-11.492414	-8.038536
Gm37027	-18.340011999999998	-14.886134
Gm41077	-16.561155	-13.107276999999998
Smco1	-20.211813	-16.757935999999997
Rc3h2	-11.523529	-8.069651
Dnaja2	-10.776850999999999	-7.322972999999999
Gm26782	-12.325732	-8.871853999999999
Stau2	-13.421154999999999	-9.967277000000001
Syp	-15.757466	-12.303588000000001
Tal2	-15.484426500000001	-12.030548
Ndst2	-14.003224	-10.549346
Mrps30	-12.475288	-9.021410000000001
Creb5	-10.77773	-7.3238520000000005
Gm3896	-20.211813	-16.757935999999997
Gm12863	-18.602375	-15.148498000000002
Rps21	-7.6693845000000005	-4.215507
Dnajb6	-10.521644	-7.067765700000001
Anxa1	-10.106978	-6.653100500000001
Rara	-13.345401999999998	-9.891523
Rab37	-19.806348999999997	-16.352472
Slc7a4	-18.19691	-14.743032999999999
Arhgap17	-12.119881	-8.666002
Pcdhb12	-16.351084	-12.897206
Vps54	-12.47813	-9.024252
Cldn2	-18.420053	-14.966176
Ophn1	-13.190729999999999	-9.736852
Rnf111	-11.97964	-8.525762
Gm17163	-16.656466	-13.202587
Sorbs3	-12.853939	-9.400061
Klre1	-18.707735	-15.253858
AI847159	-20.211813	-16.757935999999997
Bcl7c	-11.148814	-7.6949363
Limd1	-11.524203	-8.070325
Npat	-12.28017	-8.826292
Fanca	-18.95905	-15.505172
Srsf1	-11.677468	-8.22359
Gpr39	-15.647466	-12.193586999999999
Jmjd8	-12.405728	-8.95185
Gm11729	-19.806348999999997	-16.352472
Tbl3	-12.895266000000001	-9.441386999999999
Klf15	-11.894169999999999	-8.440291
Ctnnbl1	-12.6106615	-9.156783
Apoo	-13.125494	-9.671616
Zfp456	-15.313973999999998	-11.860096
Il1rn	-18.071747	-14.617869
Gm37240	-15.502284	-12.048406
Lrrd1	-15.663214000000002	-12.209335000000001
Polr2l	-11.907195	-8.453317
Zfp551	-14.704452499999999	-11.250574
Mmp15	-14.708517	-11.254639
Bzw2	-12.440114	-8.986236
Dynlt1a	-15.453922	-12.000044
Edn3	-18.265903	-14.812026000000001
Dnajc11	-12.847267	-9.393388999999999
Spryd4	-13.767682999999998	-10.313805
Gm12705	-20.90496	-17.451083999999998
Kif11	-16.289839999999998	-12.835962
Gm16211	-20.90496	-17.451083999999998
Ganc	-12.692935	-9.239057
Gm10655	-17.267374	-13.813497
Csrp2	-7.506609399999999	-4.052732
3110001I22Rik	-15.030029999999998	-11.576152
Alg3	-13.157796	-9.703917500000001
Hydin	-20.211813	-16.757935999999997
Dennd4c	-12.313217	-8.859339
Sec62	-9.772944	-6.3190665
Gm34250	-20.211813	-16.757935999999997
4930578M07Rik	-17.686085000000002	-14.232207
Fhad1	-15.317713000000001	-11.863833999999999
Rps6kb2	-12.889303	-9.435425
Dtwd2	-14.809135999999999	-11.355258000000001
Lipe	-14.472021	-11.018142999999998
H2-Ke6	-11.780615	-8.326736
Cep19	-13.222017999999998	-9.768139999999999
Cldn3	-13.473069	-10.019191000000001
Cntrl	-12.558557	-9.104678
Tbkbp1	-16.535513	-13.0816345
Tfdp1	-12.870007000000001	-9.416128
Flnb	-11.677468	-8.22359
Ptpn23	-12.980527	-9.5266485
Rbm48	-12.634948	-9.181069
Phf1	-12.475288	-9.021410000000001
Thbs2	-12.083524	-8.629645
Fignl2	-15.511332999999999	-12.057455000000001
Tyw3	-14.036985999999999	-10.583108
6030445D17Rik	-16.715304999999997	-13.261428
Lhfp	-9.603757	-6.1498795
Gm39458	-18.132372	-14.678494
Entr1	-12.534182000000001	-9.080303
Mtfmt	-13.251466	-9.797587
Gm49763	-20.90496	-17.451083999999998
Wdr25	-15.002328	-11.5484495
Zc2hc1c	-15.118064000000002	-11.664186
Olfr558	-17.120770999999998	-13.666893
Ttll9	-20.90496	-17.451083999999998
Them4	-13.380939499999998	-9.927061
Pih1d1	-12.471149	-9.017271000000001
Gm11940	-18.19691	-14.743032999999999
Tmem151b	-19.806348999999997	-16.352472
Swt1	-11.609086	-8.155208
Matn4	-15.805095000000001	-12.351216
Gm45151	-17.572756	-14.118878
Rgs5	-8.414567	-4.960689
Tagap	-15.621757500000001	-12.167879
Il6	-18.01459	-14.560711999999999
Nlrc5	-16.522934	-13.0690565
Gm26936	-20.211813	-16.757935999999997
2810002D19Rik	-13.532214999999999	-10.078337
Gm13287	-20.90496	-17.451083999999998
Prrc2c	-10.006816	-6.552938
Hepacam2	-18.82552	-15.371642000000001
Ankrd11	-10.37116	-6.917281599999999
Coa6	-12.156021	-8.702143
Nmur1	-20.90496	-17.451083999999998
Zfp408	-14.684370999999999	-11.230493
Agrp	-18.707735	-15.253858
Rnh1	-10.734237	-7.280359
Dot1l	-12.704673	-9.250794
Tmem81	-15.041329999999999	-11.587452
Cryzl1	-11.915517	-8.461638
Atp6v0d1	-11.310514999999999	-7.8566375
Klf7	-10.586554	-7.1326756
Gdpd5	-13.860929	-10.40705
Pdzd4	-13.258607999999999	-9.804729
Haus7	-13.311084	-9.857205
Pgpep1l	-14.408185999999999	-10.954308000000001
Ccng1	-11.937967	-8.484088999999999
Tasp1	-13.609226000000001	-10.155348
Sars2	-14.557572	-11.103694
Gm3336	-14.578812	-11.124933
Olfr1191-ps1	-20.90496	-17.451083999999998
Vps72	-12.229227	-8.775349
Gm11967	-16.186462	-12.732584
H2afj	-10.641494	-7.187616
B3gnt3	-18.95905	-15.505172
Sh3pxd2b	-12.260078	-8.8062
Ndfip1	-10.309903	-6.856025
4933411E08Rik	-19.806348999999997	-16.352472
Adamts15	-12.604681	-9.150803
Ifi213	-20.90496	-17.451083999999998
Echdc1	-12.901264	-9.447386
5830444B04Rik	-17.267374	-13.813497
Ppcdc	-13.110138000000001	-9.656260000000001
Nelfa	-12.571691	-9.117811999999999
Gm26704	-17.349613	-13.895735
Sp4	-12.607168	-9.15329
Mettl5os	-16.33025	-12.876371
Pebp1	-9.857442	-6.403564
Ccn2	-8.357056	-4.9031777000000005
Gm14376	-20.90496	-17.451083999999998
Mrpl16	-12.326108999999999	-8.872231
Wfdc6a	-20.90496	-17.451083999999998
Srsf12	-19.113201	-15.659324
Tspyl2	-12.855853	-9.401975
Gm10848	-14.561081	-11.107203
Dgat2l6	-19.113201	-15.659324
Wac	-10.949736	-7.4958577
Sh2d4a	-16.309841	-12.855963000000001
Klf16	-13.919319	-10.465441
Aff4	-10.168434	-6.714556
Plxna1	-13.146201000000001	-9.692323
Ago2	-11.006536500000001	-7.5526586
Mfn1	-12.896929	-9.44305
Cdc42bpa	-10.861494	-7.407616
Gm49194	-19.806348999999997	-16.352472
Trim30c	-20.90496	-17.451083999999998
Hc	-20.211813	-16.757935999999997
Mettl15	-13.8865595	-10.432681
Slc26a8	-16.450613	-12.996736
Zfp866	-13.167345000000001	-9.713467
Gm12708	-20.90496	-17.451083999999998
Tmem64	-12.109378999999999	-8.6555
Xist	-9.263405	-5.8095274
Gm14963	-17.470974	-14.017095999999999
Acot1	-15.484426500000001	-12.030548
Calr4	-20.90496	-17.451083999999998
4933423P22Rik	-18.01459	-14.560711999999999
Trappc8	-12.139191	-8.685312
Bub1b	-16.125837	-12.671959
D430040D24Rik	-15.295489000000002	-11.841611
Tnfaip2	-17.408453	-13.954576000000001
Gm43653	-18.132372	-14.678494
Kcnq4	-12.355300999999999	-8.9014225
B230317F23Rik	-16.746078	-13.2922
Ms4a8a	-20.90496	-17.451083999999998
Knl1	-16.897627	-13.443748999999999
Ctdsp2	-10.657813	-7.203935
Fam228a	-17.909226999999998	-14.45535
Ccdc112	-12.726042	-9.272163
Gpank1	-12.807535000000001	-9.353657
Coq10b	-10.91525	-7.461372
Tsen2	-13.377706	-9.923827000000001
Dusp27	-14.15386	-10.699982
Pja2	-10.659232000000001	-7.205353999999999
Mus81	-13.021514999999999	-9.5676365
Hcn3	-17.294043	-13.840164999999999
Kctd3	-13.097451	-9.643573
Als2	-14.467210000000001	-11.013330999999999
Zglp1	-16.794086	-13.340209
C1qb	-15.158757999999999	-11.704880000000001
Timm8a1	-12.95094	-9.497062
Car4	-20.211813	-16.757935999999997
Kcnmb3	-19.806348999999997	-16.352472
Pi4ka	-12.385571	-8.931692
Mbd3	-10.985305	-7.531427000000001
Dnajb7	-19.806348999999997	-16.352472
Rps26	-8.580776	-5.126899
Seh1l	-12.180753999999999	-8.726875
Map3k19	-16.827423	-13.373546
Cited2	-10.203246	-6.749368
Gmpr	-12.988883	-9.535005
Zfp773	-16.084679	-12.630801
Rbm7	-11.577105	-8.123225999999999
Daam2	-14.059080999999999	-10.605203
Gm26910	-14.523145000000001	-11.069266
Tmem50b	-12.213647	-8.7597685
Mns1	-16.232132	-12.778253999999999
Gm12264	-17.646864	-14.1929865
Adam2	-20.211813	-16.757935999999997
Ttc30a2	-18.95905	-15.505172
Gm47398	-18.95905	-15.505172
Rad23b	-11.413283999999999	-7.9594064
Rsf1os2	-18.265903	-14.812026000000001
Zbtb48	-14.030763	-10.576884
Smim10l1	-10.703185000000001	-7.249307000000001
Gm15541	-16.574228	-13.12035
Gm568	-18.95905	-15.505172
Hdac7	-12.4356985	-8.981819999999999
Odf2	-12.63188	-9.178001
Med16	-12.72492	-9.271042
Hist1h4d	-12.099436	-8.645557
Adra2b	-20.90496	-17.451083999999998
Egf	-16.746078	-13.2922
Gap43	-18.602375	-15.148498000000002
Gm47662	-18.507065	-15.053187
Stk11ip	-14.306451999999998	-10.852573
Adap2os	-20.90496	-17.451083999999998
Gm9903	-17.2414	-13.787521
Gm48004	-18.602375	-15.148498000000002
Fancl	-13.696360999999998	-10.242482
1700061N14Rik	-18.95905	-15.505172
Lrp12	-13.335548999999999	-9.881671
Tspan15	-14.67055	-11.216672
Pop5	-11.298466000000001	-7.844588000000001
Cfap77	-18.420053	-14.966176
AI197445	-19.518665	-16.064789
Cd82	-13.075728	-9.62185
Tmem29	-12.442858	-8.988978999999999
Tmem100	-16.794086	-13.340209
Gamt	-11.141081	-7.687203
Trap1a	-19.806348999999997	-16.352472
Rasgrp1	-20.90496	-17.451083999999998
Shd	-14.57346	-11.119581
Nutf2	-14.235463000000001	-10.781585
Gm15489	-18.602375	-15.148498000000002
Bmf	-13.782901999999998	-10.329023
Tmem117	-13.767682999999998	-10.313805
Thumpd3	-13.168654	-9.714775999999999
Tmem51	-13.292129999999998	-9.838252
Snd1	-11.901645	-8.447766
Gm38944	-17.01314	-13.559262
Gm9530	-17.14376	-13.689882
Gab2	-12.062211999999999	-8.608334
Rhbdf2	-13.34332	-9.8894415
Marcks	-13.066222999999999	-9.612345
Mageb3	-18.602375	-15.148498000000002
Mafk	-12.106657	-8.652778999999999
Spata46	-20.211813	-16.757935999999997
Aox3	-16.48612	-13.032242
Lsm3	-11.462003	-8.008124
Itpka	-16.844519000000002	-13.39064
Vps33b	-13.556374	-10.102495
Pdhx	-13.141089000000001	-9.687211
Sgsm3	-13.728705999999999	-10.274828
Zmynd15	-17.960522	-14.506644
Cd160	-20.211813	-16.757935999999997
Gm2682	-20.90496	-17.451083999999998
Tmem184a	-19.518665	-16.064789
Cdpf1	-12.269985	-8.816107
Cd44	-12.555714	-9.101835000000001
Dph2	-14.604176	-11.150297
Zfp668	-14.283555999999999	-10.829678
Usp35	-14.203001	-10.749122999999999
Cep78	-13.969591000000001	-10.515713
Sema4a	-15.874523000000002	-12.420645
Myadm	-10.367838	-6.91396
Anxa6	-10.105243	-6.651364999999999
Ahctf1	-11.801872	-8.347994
Gstm4	-13.788567	-10.334688
Ppp2r5d	-12.718775	-9.264896
1600020E01Rik	-13.322223000000001	-9.868344
Dlx6	-14.874276	-11.420397999999999
Rmnd5a	-11.618308	-8.16443
St3gal5	-11.947192999999999	-8.493314999999999
Tefm	-13.935170000000001	-10.481292
Gm45716	-13.077721	-9.623842
Gm45148	-17.646864	-14.1929865
Ttc23l	-20.211813	-16.757935999999997
Olfr735	-20.211813	-16.757935999999997
Terf1	-12.747304	-9.293426
Blcap	-13.096231	-9.642353
Ccdc88a	-10.699778	-7.245899700000001
Mphosph6	-12.091671	-8.637792999999999
Ap5m1	-12.931117	-9.477238999999999
Prkd3	-11.91789	-8.464011
B4galnt4	-20.90496	-17.451083999999998
Gm12802	-15.391532999999999	-11.937654499999999
Rasl11b	-10.728093	-7.274214999999999
Gnat1	-17.609123	-14.155246
Gm48617	-16.700267999999998	-13.24639
Hoxd4	-15.336616500000002	-11.882738
Gm10353	-16.474144	-13.020266000000001
Ndufaf3	-11.815095	-8.361217
Lrsam1	-13.839348000000001	-10.385469
Plscr3	-12.286655999999999	-8.832778
Gm26640	-20.211813	-16.757935999999997
Camta1	-11.259661999999999	-7.8057837
Gm12279	-18.420053	-14.966176
Glis2	-12.634437	-9.180558
Asph	-10.361938	-6.9080606
Il18r1	-20.211813	-16.757935999999997
Maf1	-11.515972999999999	-8.062095
Mybbp1a	-11.648692	-8.194814
Mov10	-14.876682	-11.422804
Gabpb1	-13.347488	-9.89361
Ube3c	-12.276585	-8.822706
Gm4890	-15.538985	-12.085107
Pigl	-14.964789999999999	-11.510912
Rasgef1c	-18.340011999999998	-14.886134
Srpk3	-12.585975	-9.132096
Aph1c	-14.622695000000002	-11.168817
Pdzrn4	-12.954811	-9.500933
Tmem41b	-12.599972	-9.146092999999999
Vmn1r15	-19.806348999999997	-16.352472
Tead3	-11.874226	-8.420347
Gm35835	-20.211813	-16.757935999999997
Dnajc12	-14.234195000000001	-10.780316000000001
Mef2b	-16.372362	-12.918484
Zfp966	-15.432691	-11.978812
Fmnl3	-12.239003	-8.785125
Mapk11	-17.378601	-13.924723
Pycrl	-12.880426	-9.426548
Prex2	-12.095397	-8.641519
Aox4	-20.90496	-17.451083999999998
Hsd17b14	-20.90496	-17.451083999999998
Virma	-11.7218895	-8.268011
F2	-17.294043	-13.840164999999999
Agrn	-12.051295	-8.597417
Slc26a4	-20.211813	-16.757935999999997
Lsm14b	-12.711561	-9.257683
Znrd2	-12.044037	-8.590158
Fgfrl1	-11.469719	-8.015841
Rabl6	-11.572227	-8.118348
Gm17473	-20.211813	-16.757935999999997
Tns3	-12.328933000000001	-8.875053999999999
Dhx35	-14.2104	-10.756521000000001
Kcnmb1	-10.387153999999999	-6.933275699999999
Adck2	-13.577838	-10.12396
Gm16861	-15.387507999999999	-11.93363
5330438D12Rik	-14.459241	-11.0053625
Vmn1r207-ps	-20.211813	-16.757935999999997
Gm16536	-13.222479000000002	-9.7686
Lrrc61	-14.508032	-11.054153
Zhx2	-12.864837	-9.410958
Snn	-14.493143	-11.039264999999999
Xkrx	-18.507065	-15.053187
Gm16230	-17.686085000000002	-14.232207
Gm49785	-16.897627	-13.443748999999999
Hsd17b12	-11.757454	-8.3035755
Zzef1	-12.170402000000001	-8.716523
Trmt10a	-13.856575	-10.402697
Atf3	-10.010892	-6.557014
Kdm1b	-13.900986999999999	-10.447108
Myo15	-18.602375	-15.148498000000002
Cep112	-12.865159	-9.411280999999999
Slc35g3	-18.95905	-15.505172
Frat2	-14.604176	-11.150297
Atp13a2	-13.102344	-9.648465
Hnrnph1	-10.526762	-7.072883999999999
Zfp169	-14.964789999999999	-11.510912
Vstm4	-12.901598	-9.44772
Dagla	-15.111948000000002	-11.65807
Sag	-15.642271	-12.188393
Gm45345	-18.340011999999998	-14.886134
Slc25a5	-10.249963000000001	-6.796085000000001
Capn6	-14.585992999999998	-11.132114
Coq5	-12.459694	-9.0058155
Tsen34	-11.079111	-7.625233000000001
Srp19	-11.034101	-7.5802226
Tex264	-11.701545	-8.247666
Eef1b2	-9.185997	-5.7321196
Gm12043	-16.953716	-13.499839000000001
Cfl1	-9.510954	-6.0570765
Gm26693	-20.90496	-17.451083999999998
Bloc1s4	-12.360737	-8.906858
Gm26542	-18.071747	-14.617869
D030068K23Rik	-17.726907999999998	-14.273029000000001
Sh3d19	-11.791462	-8.337584
Rpl17	-8.305277	-4.851399
Zfp518a	-13.351674	-9.897796000000001
Abcd3	-11.596134	-8.142256
Lsp1	-12.567852	-9.113974
Plxnb1	-12.942197	-9.488318
Tox3	-18.340011999999998	-14.886134
Sf3a2	-12.416578999999999	-8.962701
Ndufs4	-11.103784	-7.6499057
Cdk10	-12.881737	-9.427858
Gm4737	-18.340011999999998	-14.886134
Gm5129	-18.507065	-15.053187
Pak4	-14.024576999999999	-10.570699000000001
Eif3b	-11.289355	-7.8354774
Gm11685	-20.211813	-16.757935999999997
Scgb3a1	-20.90496	-17.451083999999998
2610301B20Rik	-13.165602	-9.711723
Ankrd16	-13.117165	-9.663286
Wdr86	-18.95905	-15.505172
Gpr21	-14.239278	-10.785399
Calb1	-19.518665	-16.064789
Nedd1	-13.125494	-9.671616
Pcdh20	-16.319994	-12.866116
Gm21057	-18.19691	-14.743032999999999
Lrrcc1	-11.453559	-7.999681
Pabpn1	-10.653426	-7.199548200000001
Dpys	-19.806348999999997	-16.352472
Hyls1	-14.727017000000002	-11.273139
Lpcat2	-15.652688000000001	-12.19881
Col4a3bp	-11.779307000000001	-8.325429
Rab17	-14.019451	-10.565572999999999
Nefm	-17.054813	-13.600935
Gm16091	-18.01459	-14.560711999999999
Peg3	-11.461606	-8.007728
Vti1a	-12.769321000000001	-9.315443
Mllt1	-13.125913	-9.672034
Cstdc4	-17.909226999999998	-14.45535
Lactb2	-12.290278	-8.8364
Cacna2d1	-10.359567	-6.905689
Arxes2	-15.371572	-11.917693
Gm12592	-17.216082	-13.762203
Treml1	-19.806348999999997	-16.352472
Ssx2ip	-13.186720000000001	-9.7328415
Armc1	-11.503835	-8.049956
Pfkfb3	-12.516511	-9.062633
Mrpl14	-10.975708000000001	-7.5218300000000005
Abi2	-12.074564	-8.620686
Cep350	-11.485739	-8.03186
A930006K02Rik	-15.970488000000001	-12.516608999999999
Cmc1	-12.499594	-9.045715
Prkcsh	-11.574883999999999	-8.121006
Ice1	-12.053011999999999	-8.5991335
Lin7a	-18.340011999999998	-14.886134
Kcna6	-15.780997	-12.327119
Stx17	-12.222592	-8.768714
Olfr596	-20.90496	-17.451083999999998
Slamf1	-17.726907999999998	-14.273029000000001
Cacna2d2	-17.470974	-14.017095999999999
Gm49625	-18.95905	-15.505172
Gm49257	-19.806348999999997	-16.352472
Akap1	-12.671458	-9.21758
Chst15	-14.737445000000001	-11.283566
Txndc11	-12.644468	-9.19059
March11	-19.806348999999997	-16.352472
1700087I21Rik	-18.82552	-15.371642000000001
Renbp	-15.868008999999999	-12.41413
Gm10856	-19.518665	-16.064789
Ppp1r10	-11.216525	-7.762647
Phax	-11.502432	-8.048553
Ctdsp1	-11.332063	-7.878185
Rnase4	-11.82587	-8.371991
Acads	-11.999516499999999	-8.545638
Epb41l4a	-18.340011999999998	-14.886134
2500004C02Rik	-14.754357999999998	-11.30048
Mpp2	-13.278878	-9.825
Susd6	-11.629114	-8.175236
Mfsd12	-13.982317000000002	-10.528439
Hsd11b1	-15.881081	-12.427202000000001
Rab29	-13.453139000000002	-9.999261
Gm32816	-18.420053	-14.966176
Cc2d2b	-17.646864	-14.1929865
1700011L22Rik	-18.01459	-14.560711999999999
Eef1akmt1	-12.325169	-8.87129
Mcat	-13.421717000000001	-9.967838
Farsa	-12.397212	-8.943334
Gm17657	-18.707735	-15.253858
Serpinf2	-18.340011999999998	-14.886134
Mrps12	-11.299206	-7.845328
4933434E20Rik	-12.406747	-8.952867999999999
Gpatch8	-11.346291	-7.8924127
1700029I15Rik	-16.289839999999998	-12.835962
Gm15634	-18.132372	-14.678494
Cdon	-12.900929	-9.447051
5830405F06Rik	-17.03376	-13.579882000000001
Mpig6b	-19.295523	-15.841645000000002
Fbxo24	-15.848716	-12.394836999999999
Diras2	-14.891245999999999	-11.437367
Sra1	-11.567988	-8.11411
Zcchc14	-11.671391999999999	-8.217514
Gm13524	-16.241522	-12.787643
Hemk1	-14.815916	-11.362038
Gm48905	-20.211813	-16.757935999999997
Cldn20	-18.265903	-14.812026000000001
Rgl2	-12.871627	-9.417748
Gm49151	-20.211813	-16.757935999999997
Gm49761	-20.211813	-16.757935999999997
Gask1a	-15.295489000000002	-11.841611
Gphn	-12.614669000000001	-9.160789999999999
Gm20686	-18.132372	-14.678494
D430041D05Rik	-19.806348999999997	-16.352472
Trim29	-17.726907999999998	-14.273029000000001
Slc8b1	-13.748005	-10.294126499999999
Ankef1	-18.19691	-14.743032999999999
4930578M01Rik	-15.874523000000002	-12.420645
Fam166a	-19.806348999999997	-16.352472
BC006965	-18.132372	-14.678494
Lancl2	-13.349579	-9.8957
Rnf121	-12.591599	-9.137721
Ndufb4	-10.443660000000001	-6.989782000000001
Fzd2	-10.591319	-7.137441
Plcxd1	-18.707735	-15.253858
Trpc3	-16.522934	-13.0690565
4930453N24Rik	-11.978444	-8.524566
Gm48857	-20.211813	-16.757935999999997
Eldr	-16.794086	-13.340209
Eif4e2	-11.613041	-8.1591625
Optc	-10.562348	-7.1084704
Elovl2	-19.518665	-16.064789
Nell1	-19.113201	-15.659324
Aagab	-13.506787	-10.052909
Kcnq3	-14.086037	-10.632158
Tmem30c	-18.82552	-15.371642000000001
Ctnna1	-10.260394	-6.806516
Nop56	-11.723741	-8.269862
Gm17110	-18.82552	-15.371642000000001
Tstd1	-17.860437	-14.40656
BC004004	-11.82644	-8.372561
Rbck1	-11.855846000000001	-8.401968
Anapc5	-10.693878	-7.240000200000001
4930524O07Rik	-17.14376	-13.689882
Gm43332	-19.806348999999997	-16.352472
Cdh17	-18.507065	-15.053187
AW011738	-13.682395000000001	-10.228517
Mpst	-11.957806	-8.503927000000001
Stpg3	-18.420053	-14.966176
Tmem151a	-16.037426	-12.583549
Nfkb2	-13.028703	-9.574824000000001
Kcnu1	-19.518665	-16.064789
Clps	-19.518665	-16.064789
Cd209f	-16.879607999999998	-13.425730999999999
Nts	-19.113201	-15.659324
Trip10	-11.393849000000001	-7.939971400000001
Gm48742	-17.14376	-13.689882
Cnbp	-10.009723	-6.555845
4930556M19Rik	-16.22283	-12.768951
Gm42851	-19.518665	-16.064789
Gm41307	-17.503763	-14.049885999999999
Ufc1	-10.873696	-7.4198184000000005
Ciita	-17.960522	-14.506644
Ppt2	-12.16127	-8.707392
Cxcl3	-19.295523	-15.841645000000002
Hoxaas3	-14.470415	-11.016537
Gm29367	-17.537664000000003	-14.083787
Depp1	-16.953716	-13.499839000000001
Chchd5	-12.985969	-9.53209
Tcea2	-14.240552	-10.786674
Ccn6	-20.211813	-16.757935999999997
Rsph10b	-16.897627	-13.443748999999999
Armcx1	-12.530714999999999	-9.076837
Gm26621	-14.270328	-10.816449
Gm5608	-18.19691	-14.743032999999999
BB123696	-16.289839999999998	-12.835962
Cln3	-13.519110000000001	-10.065230999999999
Actn1	-8.365392	-4.9115142999999994
Cercam	-11.700035	-8.246157
Lrrc29	-16.761826	-13.307948000000001
C1galt1c1	-12.3169365	-8.863058
Gmcl1	-12.770201	-9.316322
Fbn2	-18.507065	-15.053187
Gm10614	-17.294043	-13.840164999999999
Fzd7	-11.801093	-8.347215
Stom	-11.75225	-8.298371000000001
Arhgap33	-15.197851000000002	-11.743973
1700029J07Rik	-14.302373000000001	-10.848495
F2rl1	-16.64228	-13.188403
Ada	-14.021498999999999	-10.56762
CJ186046Rik	-20.211813	-16.757935999999997
1700016H13Rik	-20.90496	-17.451083999999998
Slc20a1	-13.269175	-9.815296
Tnfrsf1b	-15.577085	-12.123206
Gli1	-14.543657999999999	-11.089780000000001
Art5	-18.132372	-14.678494
Cnga1	-17.860437	-14.40656
Bhlhb9	-12.819474000000001	-9.365596
Tubb4a	-12.947783	-9.493905
Lrrn4	-19.806348999999997	-16.352472
Gm48089	-18.95905	-15.505172
Nsd1	-11.14321	-7.6893325
Rgs4	-10.910537	-7.456658999999999
Gm34939	-18.132372	-14.678494
Atg3	-11.081491	-7.6276135
Pvt1	-14.375542999999999	-10.921664
Cfap36	-11.587202	-8.133324
Tnfsf9	-14.348182999999999	-10.894304
Gla	-14.044297	-10.590419
Gm36211	-17.609123	-14.155246
Gcn1	-11.98377	-8.529892
Idh2	-10.698706	-7.2448277
Lrrc9	-18.19691	-14.743032999999999
Gm49762	-19.113201	-15.659324
Tlr6	-16.656466	-13.202587
Gm39465	-20.211813	-16.757935999999997
Pde6c	-18.95905	-15.505172
Gm32369	-20.211813	-16.757935999999997
C030013C21Rik	-14.258571	-10.804692
Angel1	-15.836057	-12.382178
Fbxo40	-12.351822	-8.8979435
Tstd3	-12.715716	-9.261838000000001
Tmem132a	-12.163026	-8.709147
Nepn	-20.211813	-16.757935999999997
4930483J18Rik	-19.295523	-15.841645000000002
Slc12a9	-14.065485	-10.611607000000001
Pcdhgb2	-15.387507999999999	-11.93363
Nme4	-15.928227	-12.474349
C2cd2l	-13.403879000000002	-9.950001
Sgk1	-10.886271	-7.4323936
Sox4	-12.031074	-8.577195
Gsta3	-16.474144	-13.020266000000001
Bcl7b	-11.3148155	-7.860937599999999
Gm36839	-15.637103	-12.183225
Slc35a3	-13.13516	-9.681282000000001
Phf14	-11.601403	-8.147525
Gm14288	-18.507065	-15.053187
Arl8a	-11.691725	-8.237846000000001
Gm16315	-17.378601	-13.924723
Psmd2	-10.951969	-7.4980910000000005
Kirrel3os	-18.265903	-14.812026000000001
Pik3c2b	-13.341242000000001	-9.887363
March6	-11.999788	-8.545910000000001
Cdk5rap3	-11.930976	-8.477097500000001
9430060I03Rik	-16.068678	-12.6148
Cxcl9	-20.211813	-16.757935999999997
Nptx2	-14.254682999999998	-10.800804
Rad51c	-15.352001000000001	-11.898123
Actl6a	-12.072082	-8.618203
Krt10	-13.286219000000001	-9.83234
Hist1h3f	-14.731175	-11.277297
Ccdc42	-11.187382000000001	-7.733503999999999
Aldh1a2	-18.707735	-15.253858
Nudt16	-13.090562	-9.636683
2900052L18Rik	-14.994164000000001	-11.540286
Gm13187	-17.609123	-14.155246
Insyn2a	-18.420053	-14.966176
Fam24b	-19.518665	-16.064789
4833407H14Rik	-19.518665	-16.064789
Gm37612	-15.805095000000001	-12.351216
Gm45406	-17.349613	-13.895735
Tbc1d8b	-12.5268	-9.072922
Ank	-11.482174	-8.0282955
Snhg16	-13.782901999999998	-10.329023
A730036I17Rik	-20.211813	-16.757935999999997
Prrc1	-11.59351	-8.139631
Gm30122	-15.313973999999998	-11.860096
Gm10931	-18.340011999999998	-14.886134
Wnt10b	-19.113201	-15.659324
2810013P06Rik	-12.605924	-9.152045
Gm45805	-16.319994	-12.866116
Actr6	-12.949536	-9.495658
Gfm2	-13.668622000000001	-10.214744
Lsmem1	-14.2191	-10.765222
Chgb	-17.378601	-13.924723
Muc15	-18.265903	-14.812026000000001
Gm20515	-20.90496	-17.451083999999998
Pter	-13.524704999999999	-10.070827
Gm50242	-19.113201	-15.659324
Crot	-12.059904	-8.606026
Chrna5	-20.211813	-16.757935999999997
Cplane1	-12.211129	-8.757251
Adamts7	-17.19139	-13.737510999999998
Gm13305	-17.769466	-14.315589000000001
Gm38190	-14.535060000000001	-11.081182
D630008O14Rik	-19.113201	-15.659324
Tm2d1	-11.568517	-8.114638000000001
G730003C15Rik	-15.277339999999999	-11.823462
Vps9d1	-13.116335000000001	-9.662456500000001
Gm20681	-20.90496	-17.451083999999998
Zfp958	-13.847063	-10.393185
Slirp	-11.188827499999999	-7.7349496
Slc35f3	-19.806348999999997	-16.352472
Sytl4	-14.706482999999999	-11.2526045
Abca3	-12.858732	-9.404853999999998
Gorab	-12.690767	-9.236889
Gm16933	-17.267374	-13.813497
D030040B21Rik	-18.82552	-15.371642000000001
Snx8	-14.287559	-10.833680000000001
Slc43a1	-14.931151000000002	-11.477273
Hist1h3e	-15.067231	-11.613353
C3ar1	-16.730574	-13.276695000000002
Aarsd1	-11.451518	-7.99764
Gm29591	-17.408453	-13.954576000000001
Gm44037	-17.609123	-14.155246
Asic4	-20.90496	-17.451083999999998
Flt3l	-14.226619	-10.772739999999999
Npas3	-16.761826	-13.307948000000001
5830408C22Rik	-15.181376	-11.727497999999999
Cox6b2	-13.516632999999999	-10.062755000000001
AI413582	-13.159958999999999	-9.70608
Nfyc	-12.788544	-9.334665
Igf2r	-11.670611	-8.216733
Stk38	-11.598675	-8.144796000000001
Yju2	-13.144494	-9.690616
Slc35a1	-12.499146000000001	-9.045268
Gm29322	-17.076319	-13.622441
Pcdhgb4	-14.841176	-11.387298
Gdap1l1	-18.95905	-15.505172
Tead2	-14.018429999999999	-10.564551
Frmd3	-18.340011999999998	-14.886134
Plekhg1	-14.632083999999999	-11.178205499999999
Apopt1	-11.774314	-8.320436
Zfp959	-13.508013	-10.054134
Oacyl	-18.602375	-15.148498000000002
Csf1	-12.184664	-8.730785000000001
Ilf3	-12.144665	-8.690786
Dusp11	-10.970944	-7.517066499999999
Gm13429	-20.211813	-16.757935999999997
Gm48591	-17.909226999999998	-14.45535
Chmp2b	-11.371595	-7.9177175
Bcs1l	-13.321713	-9.867835000000001
Gm16000	-19.113201	-15.659324
Lrch2	-12.916079	-9.4622
Rps19bp1	-11.973674	-8.519795
Fes	-16.700267999999998	-13.24639
Commd4	-11.910417	-8.456538
Zfp51	-14.136467999999999	-10.68259
Nat9	-12.724639999999999	-9.2707615
Gm9949	-18.602375	-15.148498000000002
Eif5	-10.088408	-6.634530499999999
Ccdc77	-13.279854	-9.825975
Gm42836	-20.90496	-17.451083999999998
Galk1	-11.886387	-8.432508
Lpp	-8.300864	-4.8469863
Gm17308	-18.01459	-14.560711999999999
Gng12	-10.467058	-7.0131803
Gm37469	-20.90496	-17.451083999999998
Bcl11b	-19.113201	-15.659324
Gm37083	-18.95905	-15.505172
Dusp12	-12.844421	-9.390543
Meis1	-12.0518675	-8.597989
Osbp2	-16.279987	-12.82611
D830050J10Rik	-12.315448	-8.861569
Gm43259	-15.706464000000002	-12.252585
Gm9869	-16.600895	-13.147017499999999
Tdrd12	-19.806348999999997	-16.352472
Nme7	-13.570632000000002	-10.116754
Gm47140	-17.408453	-13.954576000000001
4931440F15Rik	-17.03376	-13.579882000000001
Tm2d3	-11.455919	-8.002041
Syndig1	-19.295523	-15.841645000000002
Ndst3	-13.793448999999999	-10.339571000000001
Chadl	-13.691193	-10.237314
Zfp787	-12.56977	-9.115891
C130060C02Rik	-17.860437	-14.40656
Ms4a6c	-16.746078	-13.2922
Ccdc18	-16.289839999999998	-12.835962
Gm16156	-17.909226999999998	-14.45535
Cps1	-20.90496	-17.451083999999998
Gm43118	-16.953716	-13.499839000000001
Ntmt1	-12.375642	-8.921763
Nup210	-17.076319	-13.622441
Gm49901	-18.340011999999998	-14.886134
Nwd2	-19.295523	-15.841645000000002
Sun2	-10.691711999999999	-7.2378345
Mfsd6	-12.381786	-8.927908
Gm7072	-13.028323	-9.574444999999999
Gm29054	-15.868008999999999	-12.41413
Gde1	-10.957552	-7.503674
Stpg1	-17.349613	-13.895735
Hpse2	-16.715304999999997	-13.261428
Zfp358	-12.582324	-9.128446
Mrpl41	-11.635503	-8.181624000000001
Gm44699	-13.908279	-10.454400999999999
Lpar4	-13.956064000000001	-10.502186
Gpr3	-18.265903	-14.812026000000001
Gm26850	-17.726907999999998	-14.273029000000001
Gm26978	-15.999685999999999	-12.545808000000001
E130304I02Rik	-18.507065	-15.053187
Map6d1	-20.90496	-17.451083999999998
Pogk	-12.831246	-9.377367999999999
4430402I18Rik	-13.891945999999999	-10.438067
Car5b	-13.564126000000002	-10.110248
Slc5a8	-17.01314	-13.559262
Pdia5	-13.139816	-9.685938
Zfp511	-12.257792	-8.803914
Tmem18	-12.389971000000001	-8.936092
Gm48022	-20.90496	-17.451083999999998
Dnal1	-13.102752	-9.648873
Abca2	-12.317496	-8.863617999999999
4933407K13Rik	-14.2191	-10.765222
Inpp5f	-12.384374000000001	-8.930495
Enah	-9.339462	-5.885584400000001
Ensa	-11.475566	-8.0216875
D730045B01Rik	-16.160028	-12.706151
Elmsan1	-12.494017999999999	-9.040139
Chd1	-11.593962	-8.140083
Gstm1	-9.158174	-5.7042956
Gm37754	-20.90496	-17.451083999999998
Tardbp	-11.593962	-8.140083
Rnaseh2a	-12.852028	-9.398149499999999
Mak16	-12.434021000000001	-8.980143
Atp2a3	-13.274014000000001	-9.820136
Nosip	-12.154278	-8.700399
Ccdc17	-15.395573	-11.941694
Fau	-8.061698	-4.607819999999999
Dync1i2	-10.786403	-7.332525
Gm43846	-19.113201	-15.659324
Pramef12	-16.614501999999998	-13.160623999999999
Coq9	-12.508355	-9.054477
Ube2z	-11.898819999999999	-8.444941499999999
Pou6f1	-13.497643	-10.043764999999999
Atp6v0e	-9.966422	-6.512544
Slc6a7	-14.371172	-10.917294
Gm12522	-19.113201	-15.659324
Brinp1	-16.715304999999997	-13.261428
Thsd1	-17.294043	-13.840164999999999
Smim38	-18.82552	-15.371642000000001
Pnn	-10.760726	-7.306848
Sec14l5	-20.90496	-17.451083999999998
Luzp1	-10.641843	-7.187964999999999
St3gal1	-13.942718	-10.488839
Mtpap	-12.6859045	-9.232026
Babam2	-12.2682085	-8.81433
Acer2	-15.757466	-12.303588000000001
Wwc2	-11.058361	-7.604483
Sh3bgr	-9.236392	-5.782514
Ttc26	-14.473629999999998	-11.019752
Klhl41	-13.485579999999999	-10.031702000000001
Gm20496	-20.211813	-16.757935999999997
Zfp385c	-15.848716	-12.394836999999999
Gm13778	-16.134275	-12.680398
Gpat2	-19.113201	-15.659324
Gm43403	-17.321442	-13.867564000000002
Gm46332	-20.211813	-16.757935999999997
Sult1a1	-12.542786	-9.088907
Ykt6	-12.490464999999999	-9.036586999999999
Abhd17a	-11.330950999999999	-7.877072999999999
Nudt9	-11.651274	-8.197395
Gm12610	-20.90496	-17.451083999999998
Slc35f1	-18.420053	-14.966176
5430427O19Rik	-17.14376	-13.689882
Gm13853	-20.90496	-17.451083999999998
Ppp3cc	-13.762134	-10.308255
Mfsd14b	-12.623744	-9.169866
Pcbp3	-13.443321	-9.989443
Rnf31	-13.345401999999998	-9.891523
Pmpcb	-11.674916	-8.221038
Opa1	-12.166707	-8.712829
Slc3a1	-18.01459	-14.560711999999999
B9d1	-13.022269	-9.568391
Krtcap2	-10.289578	-6.835700500000001
Hsd17b11	-11.949126	-8.495248
Arhgef19	-13.795082	-10.341204
Mapk3	-11.30963	-7.8557524999999995
A830035O19Rik	-15.75167	-12.297791499999999
Trappc6a	-12.0648155	-8.610937
Mroh6	-20.211813	-16.757935999999997
Ccdc152	-14.680403	-11.226524000000001
Cep162	-12.703301	-9.249423
Slc22a23	-18.707735	-15.253858
Agbl5	-14.698385	-11.244507
Gm11831	-18.602375	-15.148498000000002
Ikbke	-14.15386	-10.699982
Gm14434	-17.537664000000003	-14.083787
Anks3	-12.987789	-9.533911
BC051226	-13.530959	-10.077081
Cpxm2	-14.86948	-11.415602
Gm47424	-17.14376	-13.689882
Gm39214	-17.321442	-13.867564000000002
Rnf220	-12.07077	-8.616892
Best3	-17.054813	-13.600935
Jph4	-14.412722	-10.958843
5530601H04Rik	-12.910666	-9.456788000000001
Samhd1	-12.469412	-9.015533
Lrrc75b	-14.3740835	-10.920205000000001
Coq8b	-13.749564999999999	-10.295687
BC024386	-19.518665	-16.064789
Pdk2	-12.964022	-9.510143
Gm49479	-17.216082	-13.762203
Fbxw9	-13.539148	-10.08527
Tbx1	-14.720811999999999	-11.266933
Tmem86b	-15.942117000000001	-12.488238
Ttc17	-12.840954	-9.387075
Rap1gds1	-12.134367	-8.680489
Gipc1	-11.989663	-8.535785
Gm15441	-16.427623999999998	-12.973746
Osbpl7	-14.017407999999998	-10.56353
Nmt1	-11.703662	-8.249783500000001
Dnajb5	-11.934783	-8.480905
Pdlim7	-9.791275	-6.337397
Bivm	-13.745669	-10.291791
Nnt	-14.252098000000002	-10.79822
Spryd7	-12.401867	-8.9479885
Pfdn2	-10.937889	-7.484011
Gm5860	-14.199322	-10.745443
Qpctl	-13.891945999999999	-10.438067
Gm36199	-19.113201	-15.659324
E130102H24Rik	-12.825652999999999	-9.371775
Tmem8	-17.098299	-13.644421
Uba52	-9.003581	-5.549703
Gm4285	-15.591755	-12.137876499999999
Asxl1	-12.484719	-9.030841
Rgs9	-17.813917	-14.36004
Smyd3	-13.640231	-10.186353
Aspn	-11.605969	-8.152091
Pdxp	-15.855104999999998	-12.401227
Acy3	-13.906451	-10.452573
Gm50250	-19.295523	-15.841645000000002
Pde6a	-16.656466	-13.202587
Oas1e	-20.211813	-16.757935999999997
Gm33699	-18.507065	-15.053187
4930444E06Rik	-20.90496	-17.451083999999998
Gm44949	-18.340011999999998	-14.886134
Arid3c	-20.90496	-17.451083999999998
Hpcal1	-12.095844999999999	-8.641967
Nuf2	-18.071747	-14.617869
Dennd6b	-14.862329	-11.40845
Ttc9c	-13.10357	-9.649692
Gm12273	-20.90496	-17.451083999999998
Lrrc71	-17.03376	-13.579882000000001
Txndc5	-10.940896	-7.487017999999999
Gm47818	-20.90496	-17.451083999999998
Hottip	-20.90496	-17.451083999999998
Fundc1	-12.593316999999999	-9.139439
Iyd	-17.378601	-13.924723
Dnmt3b	-14.838853	-11.3849745
2810454H06Rik	-13.815717999999999	-10.361839
4933430I17Rik	-17.537664000000003	-14.083787
Oxct1	-9.118389	-5.664511
Gtf2a1l	-19.113201	-15.659324
Arl14ep	-12.971882	-9.518003
Ube2v1	-10.928921	-7.475042999999999
Gm12280	-18.95905	-15.505172
Akt1s1	-11.839878	-8.386000000000001
Rapgefl1	-16.270231	-12.816353999999999
Gm15478	-19.806348999999997	-16.352472
Unkl	-13.386897	-9.933019
Aurkaip1	-10.964033	-7.510155
Inafm1	-12.352787	-8.898909
A430018G15Rik	-12.532331	-9.078453
Gm8797	-14.303730999999999	-10.849853
Ufl1	-11.605603	-8.151725
Itgb3	-11.499054	-8.045176
P2rx6	-15.28456	-11.830682000000001
L3mbtl4	-18.420053	-14.966176
Pcdhb13	-15.786967	-12.333089
Siglech	-18.707735	-15.253858
9230116L04Rik	-18.602375	-15.148498000000002
Prg4	-16.685453	-13.231575
Pth1r	-12.729977	-9.276098
Gm5820	-15.217985999999998	-11.764108
Trp53	-11.820751	-8.366873
Tvp23b	-12.116216	-8.662336999999999
Dppa2	-17.054813	-13.600935
Mprip	-10.439689	-6.985810799999999
Fut2	-18.507065	-15.053187
A930002H24Rik	-20.211813	-16.757935999999997
Cwc22	-12.586707	-9.132829
Bysl	-13.015877	-9.561997999999999
Gm16287	-16.700267999999998	-13.24639
Slc24a4	-14.516399	-11.062521
Hlf	-11.280064	-7.826185700000001
Comp	-12.972599	-9.518721000000001
Gm43000	-18.507065	-15.053187
Fn3k	-14.876682	-11.422804
Gm17018	-12.111652000000001	-8.657774
Sgf29	-12.590619	-9.136741
D130058E05Rik	-20.211813	-16.757935999999997
4931428F04Rik	-16.730574	-13.276695000000002
Tnni3	-14.420326000000001	-10.966448
Clcc1	-12.002642	-8.548763000000001
Caly	-18.95905	-15.505172
Olfr90	-18.507065	-15.053187
Kbtbd3	-13.301561999999999	-9.847684
Gm38405	-19.295523	-15.841645000000002
Gm49123	-17.813917	-14.36004
Pdia3	-9.677493	-6.2236156
Zfhx3	-9.558988000000001	-6.10511
Gm37214	-17.267374	-13.813497
Ltk	-16.561155	-13.107276999999998
Sltm	-11.029873	-7.575995
Pcgf1	-13.687517999999999	-10.23364
BC051019	-20.90496	-17.451083999999998
4930580E04Rik	-19.806348999999997	-16.352472
Gm47715	-18.507065	-15.053187
Alg2	-13.212392000000001	-9.758513
Fabp4	-10.260227	-6.8063493
Cmya5	-12.682675999999999	-9.228798
Phex	-13.068196	-9.614317999999999
Ndufb1-ps	-9.646206	-6.192328
Dnaaf5	-13.910110999999999	-10.456233000000001
Ogdhl	-20.211813	-16.757935999999997
Gm26747	-20.90496	-17.451083999999998
AI854703	-17.439224	-13.985347
5330439A09Rik	-17.537664000000003	-14.083787
Btc	-12.046166	-8.592288
Gm48829	-20.90496	-17.451083999999998
Cpe	-8.169787	-4.71591
6430571L13Rik	-18.95905	-15.505172
Slc15a3	-17.503763	-14.049885999999999
Mos	-20.90496	-17.451083999999998
Gm3716	-18.507065	-15.053187
Cfd	-18.265903	-14.812026000000001
Olfr373	-18.82552	-15.371642000000001
Gm35558-1	-17.2414	-13.787521
Gm48772	-20.211813	-16.757935999999997
Caps2	-16.394102	-12.940224
Gm26555	-17.646864	-14.1929865
Vgll4	-11.742657000000001	-8.288778
Stimate	-10.608723	-7.1548448
Pcdha8	-19.806348999999997	-16.352472
Ttyh2	-16.151370999999997	-12.697493
Angptl8	-20.90496	-17.451083999999998
Mob2	-10.932227000000001	-7.478349000000001
Sesn3	-11.949641999999999	-8.495764
Zc3h8	-13.863548999999999	-10.409671000000001
Eepd1	-14.286222	-10.832344
E230025N22Rik	-19.113201	-15.659324
Rnf219	-12.758832	-9.304953999999999
Rbm10	-12.567373	-9.113495
Fgf7	-15.191229000000002	-11.73735
Cd22	-20.90496	-17.451083999999998
Rab20	-14.412722	-10.958843
Tdrp	-15.992307	-12.538428
Cwf19l1	-14.070851999999999	-10.616974
Kbtbd11	-17.167292	-13.713413000000001
Aass	-14.150357000000001	-10.696479
Snrk	-11.263098	-7.80922
Gm20635	-17.609123	-14.155246
Acaa2	-11.692024	-8.238146
Taf1b	-12.643692999999999	-9.189815
Spata48	-19.295523	-15.841645000000002
Gm43585	-19.113201	-15.659324
Gpi1	-10.22578	-6.7719016000000005
1810073O08Rik	-19.806348999999997	-16.352472
Gm3417	-20.211813	-16.757935999999997
Acp6	-13.460712	-10.006834
Tacc1	-10.279326	-6.8254485
Elf1	-11.214419	-7.7605414
Vsig10	-14.144546499999999	-10.690667999999999
Map2	-14.906025	-11.452147
Dok2	-17.686085000000002	-14.232207
Rrm2b	-11.831014	-8.377135
Gm49801	-15.817364999999999	-12.363486
Rnf216	-12.033596000000001	-8.579718
Faim	-12.914723	-9.460844999999999
Taf5	-13.133894	-9.680016
Trpv6	-19.806348999999997	-16.352472
Trim28	-11.656458	-8.2025795
Pacs1	-12.994738	-9.540859
Acot10	-17.726907999999998	-14.273029000000001
Ly6a	-14.397682999999999	-10.943805000000001
Nop9	-12.963666	-9.509788
Ripor1	-12.082492	-8.628613
Acyp2	-11.302916999999999	-7.8490386
Cetn3	-10.773978999999999	-7.320101299999999
Ppef1	-12.1963215	-8.742443
Kirrel	-12.757094	-9.303216
Kptn	-12.896929	-9.44305
Rap1gap2	-13.130946	-9.677067999999998
A730020E08Rik	-19.806348999999997	-16.352472
D030045P18Rik	-18.82552	-15.371642000000001
Xirp2	-20.90496	-17.451083999999998
Aff1	-11.984706	-8.5308275
Ilf2	-11.664479	-8.210600999999999
Ddx51	-13.836789000000001	-10.382911
Lilr4b	-18.507065	-15.053187
1700084E18Rik	-15.907748999999999	-12.453871000000001
Pla2g1b	-19.518665	-16.064789
Gm3055	-15.942117000000001	-12.488238
Slc39a11	-15.06432	-11.610441
Cd2	-19.806348999999997	-16.352472
Cic	-12.032615	-8.578736
Tnfaip8l3	-17.378601	-13.924723
Pemt	-14.874276	-11.420397999999999
Dnajc22	-20.90496	-17.451083999999998
Kdelr3	-11.574441	-8.120563
Gm40849	-20.90496	-17.451083999999998
Zbtb4	-11.063934	-7.6100563999999995
Gsap	-14.8024025	-11.348524000000001
Yeats2	-13.397820000000001	-9.943942
Grm1	-17.537664000000003	-14.083787
Pip5k1c	-12.342794	-8.888916
Hist2h2aa1	-12.2731905	-8.819312
Ppp3ca	-11.64127	-8.187391
Tprg	-18.01459	-14.560711999999999
Fndc3c1	-18.82552	-15.371642000000001
Ints4	-13.06072	-9.606842
Tfb1m	-14.176332	-10.722453999999999
Slc6a8	-11.897103999999999	-8.443226
Rasal2	-11.637673	-8.183795
Gm16638	-14.886368	-11.432489
Gm30624	-19.806348999999997	-16.352472
Fam98b	-12.014963999999999	-8.561086
Pianp	-14.986068	-11.532189
Olfr873	-20.90496	-17.451083999999998
Atf2	-11.698528	-8.24465
Mettl2	-13.361157999999998	-9.90728
Scaf8	-12.240038	-8.7861595
Fxr2	-11.982569999999999	-8.528691
Gcsh	-11.882639	-8.428761
Retnla	-15.375532000000002	-11.921654
Gm49291	-18.82552	-15.371642000000001
Stac3	-15.780997	-12.327119
Sub1	-10.501729	-7.047851
Chmp3	-10.772903999999999	-7.3190265
Hist1h1c	-11.307795	-7.8539166
Lmln	-14.531641	-11.077763000000001
Aamp	-11.040215	-7.586336599999999
Nop16	-12.715161	-9.261283
Tsc22d2	-11.281651	-7.827772599999999
Gng11	-11.340239	-7.8863606
Znfx1	-12.195167	-8.741288
Letm1	-11.942953999999999	-8.489075999999999
Usp30	-13.9992075	-10.545328999999999
Pla2g6	-14.274278	-10.820399
Foxc1	-10.43778	-6.983902499999999
Ttc33	-12.188262	-8.734384
Gm27011	-18.265903	-14.812026000000001
Gm26826	-16.522934	-13.0690565
Pdcl	-12.287923	-8.834044
Castor2	-12.4333935	-8.979515
9330160F10Rik	-15.391532999999999	-11.937654499999999
Cda	-18.132372	-14.678494
Tdrd9	-20.211813	-16.757935999999997
Gm47127	-17.503763	-14.049885999999999
Gm15410	-16.761826	-13.307948000000001
Tbce	-12.714884	-9.261005
Stx12	-11.650604	-8.196726
Atxn7l3	-12.35957	-8.905691000000001
Dnajc8	-10.470786	-7.016908
Smim26	-11.445419000000001	-7.9915414
Gm26912	-16.462309	-13.008431
Slc22a13	-19.806348999999997	-16.352472
Emc2	-11.352238	-7.89836
Kcne3	-20.211813	-16.757935999999997
Tomm70a	-11.798538	-8.344660000000001
Gm34973	-20.211813	-16.757935999999997
Vcpkmt	-14.146867000000002	-10.692988
Gm12898	-16.761826	-13.307948000000001
Topbp1	-13.004695	-9.550817
D630036H23Rik	-15.652688000000001	-12.19881
Nkiras2	-12.423395	-8.969517
F8	-15.695475	-12.241596000000001
Tceal1	-12.644985	-9.191107
Tmem94	-13.349056	-9.895178
Htr1b	-11.506731	-8.052853
Gm16677	-18.19691	-14.743032999999999
Hbb-bt	-13.955105	-10.501225999999999
Lrch3	-11.711157	-8.257278
Tmem141	-12.290641	-8.836762
Fam171b	-12.844421	-9.390543
Gm36198	-17.378601	-13.924723
Khdc3	-18.071747	-14.617869
Tada2b	-12.864514	-9.410636
Cpxm1	-14.176332	-10.722453999999999
Atxn7l1os1	-20.211813	-16.757935999999997
Naip1	-20.90496	-17.451083999999998
Hs2st1	-12.982338	-9.52846
Gm26748	-20.90496	-17.451083999999998
Vta1	-12.161111	-8.707232000000001
9030624G23Rik	-15.805095000000001	-12.351216
Flywch2	-13.262437	-9.808558
Fbxl12os	-16.11747	-12.663591
Snx30	-13.580471	-10.126593
Cadps2	-18.19691	-14.743032999999999
Atad3aos	-15.136641000000001	-11.682762
Gng13	-19.295523	-15.841645000000002
Nudt21	-11.886508000000001	-8.43263
Brip1os	-12.447942999999999	-8.994064
Smarcd2	-12.808449000000001	-9.354569999999999
Tmem26	-13.791819	-10.33794
Pknox1	-12.919136	-9.465258
Tlk2	-11.726421	-8.272542999999999
Rps3	-8.298727	-4.8448496
B230354K17Rik	-13.10357	-9.649692
Smn1	-12.347202000000001	-8.893324
Rpl37	-7.911702	-4.457824700000001
Ptdss2	-12.706596000000001	-9.252718
Vps37a	-11.698027	-8.244148
Zfp882	-13.874104	-10.420225
Zfp579	-13.620826999999998	-10.166948
Gm16675	-16.879607999999998	-13.425730999999999
Llph	-11.580311	-8.126432000000001
Edar	-19.806348999999997	-16.352472
Bloc1s2	-13.302060999999998	-9.848183
Huwe1	-10.669655	-7.215777
Ppp2r2a	-11.1207075	-7.6668296
Cldn1	-18.95905	-15.505172
Ifit1bl2	-18.602375	-15.148498000000002
Plxna4	-12.103041000000001	-8.649161999999999
Foxred1	-13.532214999999999	-10.078337
Tmem168	-12.489358	-9.03548
Vps50	-12.995472	-9.541594
Ltbr	-12.15507	-8.701192
Tmx3	-11.567371000000001	-8.113493
Slc39a7	-11.613778	-8.1599
Gm29019	-20.90496	-17.451083999999998
Gm12227	-19.806348999999997	-16.352472
4930402F06Rik	-19.518665	-16.064789
Gm48495	-20.211813	-16.757935999999997
Gm17231	-20.90496	-17.451083999999998
Mrpl58	-11.466289999999999	-8.012412
Ifrd1	-10.644744000000001	-7.190866000000001
Camk2a	-20.90496	-17.451083999999998
Gm50023	-18.507065	-15.053187
2510009E07Rik	-11.881071	-8.427192999999999
Hist1h3c	-18.132372	-14.678494
Arel1	-13.477222	-10.023344
Orm1	-18.707735	-15.253858
Creb1	-11.673739999999999	-8.219862
Nr1d1	-11.311947	-7.858069
Cygb	-13.8539715	-10.400093
Il12rb1	-20.211813	-16.757935999999997
Ccdc25	-12.1381	-8.684221
Gemin4	-17.860437	-14.40656
Gm30411	-20.90496	-17.451083999999998
Ranbp10	-12.863227	-9.4093485
2810403D21Rik	-14.437263	-10.983384
Psenen	-10.642122	-7.1882443
Ggt6	-20.90496	-17.451083999999998
Rimklb	-14.628318	-11.174439
Gm9917	-16.992937	-13.539060000000001
Tmem40	-18.602375	-15.148498000000002
Vhl	-13.242023000000001	-9.788145
Rnf128	-17.439224	-13.985347
Pld5	-18.95905	-15.505172
Gm12589	-17.860437	-14.40656
Rsph4a	-19.806348999999997	-16.352472
Zfp24	-12.152696	-8.698817
Ptp4a1-1	-15.28456	-11.830682000000001
Gng7	-14.956926000000001	-11.503048
Has1	-16.510510999999997	-13.056633999999999
Gm49970	-15.848716	-12.394836999999999
Grip1	-19.518665	-16.064789
Tmem221	-18.507065	-15.053187
Ddx41	-12.389369	-8.935491
Ncam2	-16.628294	-13.174417000000002
Mapkbp1	-13.431323999999998	-9.977446
Gm17017	-19.113201	-15.659324
Aen	-12.815172	-9.361294000000001
Serpinb5	-18.602375	-15.148498000000002
Scarb2	-10.89437	-7.440492
Hdx	-16.522934	-13.0690565
Slc25a27	-13.540414000000002	-10.086535000000001
Errfi1	-11.060216	-7.606338
Emc1	-12.459049	-9.005171
Gm26740	-19.518665	-16.064789
Dnajb9	-11.756071	-8.302192999999999
Gm15241	-19.295523	-15.841645000000002
Prkaca	-11.722506	-8.268627
Arc	-14.0072565	-10.553378
Gm30075	-16.730574	-13.276695000000002
Gm15513	-15.652688000000001	-12.19881
Gm15910	-14.467210000000001	-11.013330999999999
Hypm	-16.177572	-12.723695
Gm36945	-20.90496	-17.451083999999998
Abhd15	-18.602375	-15.148498000000002
Cabyr	-18.071747	-14.617869
Lysmd3	-11.872671	-8.418792999999999
Mrps26	-11.726008	-8.27213
Gm826	-18.95905	-15.505172
Epb41l1	-12.477474	-9.023596000000001
Avpr1a	-15.723178	-12.269299499999999
Gm42681	-19.113201	-15.659324
Olfr1029	-17.572756	-14.118878
Gm37401	-16.992937	-13.539060000000001
Pgam5	-13.379321	-9.925443
Acbd3	-10.869261999999999	-7.4153839999999995
Rarres1	-13.752692000000001	-10.298814
Nbr1	-11.857492	-8.403614
Alk	-19.518665	-16.064789
Taf4	-13.143642000000002	-9.689764
Mrpl2	-11.954299	-8.500421000000001
Cyb561d1	-14.754357999999998	-11.30048
Gm34653	-18.82552	-15.371642000000001
Tomm7	-9.567328999999999	-6.113452
Pfkfb1	-16.299791	-12.845913000000001
Pde4c	-17.076319	-13.622441
2510017J16Rik	-14.775910999999999	-11.322033
Dusp2	-15.493314999999999	-12.039436
AC103362.1	-18.507065	-15.053187
Gm20416	-20.90496	-17.451083999999998
Son	-9.227572	-5.773695
Smim10l2a	-15.611656	-12.157778
Ddx18	-11.539585	-8.085707000000001
Becn1	-11.704166	-8.250288000000001
Tbx21	-20.211813	-16.757935999999997
4930412C18Rik	-14.841176	-11.387298
Abca9	-15.096819	-11.6429405
Zmat2	-11.040161999999999	-7.586284
Kcnk13	-19.295523	-15.841645000000002
Dnajc7	-11.988187	-8.534308
Msh4	-18.82552	-15.371642000000001
Mxra8	-10.501881	-7.0480027000000005
Parl	-11.841382000000001	-8.387504
S100a4	-9.4514675	-5.9975895999999995
Slc38a2	-9.585365	-6.131488
Zfp324	-14.148028	-10.69415
Clk4	-11.848238	-8.39436
Arhgef2	-10.975611	-7.521733
1700006J14Rik	-20.90496	-17.451083999999998
Gm26879	-15.562626999999999	-12.108748
Tc2n	-15.728810999999999	-12.274933
4921516A02Rik	-17.439224	-13.985347
Cdh2	-14.081675	-10.627796
Mustn1	-9.140350999999999	-5.686473400000001
A930001C03Rik	-18.265903	-14.812026000000001
Fam118a	-12.248876	-8.794997
Xrcc2	-15.181376	-11.727497999999999
Rbfox1	-18.01459	-14.560711999999999
Agfg2	-12.8479	-9.394022
Actn3	-16.361666	-12.907788
Gtf2ird2	-14.523145000000001	-11.069266
Tspan9	-12.550052	-9.096173
Pcmtd1	-10.620677	-7.166799
Hmgcs1	-11.5472355	-8.093357000000001
St7	-13.173470000000002	-9.719591000000001
Apom	-20.90496	-17.451083999999998
Chaf1b	-15.734476999999998	-12.280599
Tnfrsf26	-19.518665	-16.064789
Ldlrad3	-12.027859	-8.57398
Dus3l	-12.637255999999999	-9.183377
Cep57l1	-13.137274	-9.683394999999999
Baz1b	-10.965816499999999	-7.5119386
Lhfpl4	-16.953716	-13.499839000000001
Cldnd1	-10.847037	-7.3931594
Lpxn	-18.420053	-14.966176
Polr3b	-13.946513000000001	-10.492635
Impg1	-19.806348999999997	-16.352472
Gm42984	-16.827423	-13.373546
Zkscan14	-13.794265	-10.340386
Zfp108	-14.666635999999999	-11.212758000000001
Gm10097	-17.378601	-13.924723
Gm19412	-15.690025	-12.236147
Adra2c	-17.408453	-13.954576000000001
Hdac6	-13.539148	-10.08527
Gm10062	-17.167292	-13.713413000000001
Epm2a	-13.729470999999998	-10.275592999999999
Lrrc8e	-17.378601	-13.924723
Tmem258	-10.630841	-7.176963300000001
Ltv1	-12.592335	-9.138456
Rps12	-8.015657000000001	-4.561780000000001
Smap1	-10.733166	-7.279288
Scap	-12.808449000000001	-9.354569999999999
Vcam1	-12.853621	-9.399742
Slc9b1	-18.340011999999998	-14.886134
Zfhx2os	-20.90496	-17.451083999999998
Pcdhb21	-14.714645	-11.260767
4930545L23Rik	-19.113201	-15.659324
4933428G20Rik	-18.707735	-15.253858
Eid3	-16.213614	-12.759735000000001
Mpp5	-12.016342	-8.562464
Tom1	-13.339685999999999	-9.885808
1110038B12Rik	-12.991806	-9.537927999999999
Ttl	-12.336505	-8.882627000000001
Cenpc1	-12.615924	-9.1620455
C130036L24Rik	-14.536774	-11.082894999999999
Sec11a	-10.748772	-7.2948937
Polr2a	-11.392814	-7.938935799999999
Ap1s3	-19.113201	-15.659324
Kif5c	-13.870573	-10.416694999999999
Abca7	-14.402171	-10.948293
Smim15	-11.504331	-8.050452
Enpp5	-12.207783000000001	-8.753903999999999
Fbrs	-12.850438	-9.396560000000001
Golgb1	-10.299317	-6.8454394
Gm42802	-18.340011999999998	-14.886134
Flvcr2	-19.295523	-15.841645000000002
Fhl3	-14.446623	-10.992744
Clec4a1	-17.960522	-14.506644
Gpr137	-13.136851	-9.682972999999999
Optn	-12.524734	-9.070855
4921511C10Rik	-19.806348999999997	-16.352472
Lancl3	-12.173141000000001	-8.719261999999999
Dcaf17	-12.59923	-9.145351
Grpel2	-13.165167000000002	-9.711288
Atp2a2	-9.36012	-5.906242400000001
Mcam	-10.069309	-6.615431299999999
Ints13	-12.687793	-9.233914
Pcsk9	-20.211813	-16.757935999999997
Gm10484	-17.267374	-13.813497
Cpsf1	-13.264838000000001	-9.810960000000001
Epha5	-18.95905	-15.505172
Gm45441	-19.295523	-15.841645000000002
Ccdc151	-17.321442	-13.867564000000002
Gm16892	-17.609123	-14.155246
Cnot4	-11.163404	-7.7095265
Gm20161	-19.518665	-16.064789
Zfp316	-13.641631	-10.187753
Cmtm4	-13.27256	-9.818682
Wdr89	-12.188589	-8.734711
Pir	-13.834237	-10.380359
Hist1h1a	-16.092776999999998	-12.638899
Igdcc4	-15.277339999999999	-11.823462
Cap2	-11.358006	-7.9041276
Gm50341	-17.503763	-14.049885999999999
4921509A06Rik	-19.806348999999997	-16.352472
Gm10390	-20.90496	-17.451083999999998
Odf3l1	-17.054813	-13.600935
Aoc2	-15.420164000000002	-11.966286
Olfm2	-15.127309	-11.67343
Gpr82	-18.19691	-14.743032999999999
Adgre1	-17.960522	-14.506644
Med4	-12.252013999999999	-8.798136
Wdr26	-10.972352	-7.518474
Rin2	-11.15282	-7.6989417
Sh2d4b	-17.646864	-14.1929865
Ctsk	-13.059154	-9.605275
Gm5165	-13.87676	-10.422881
Ablim2	-16.730574	-13.276695000000002
Psmc6	-10.77797	-7.3240924
Ctxn3	-17.813917	-14.36004
Adamts6	-12.830935	-9.377056
C8g	-16.561155	-13.107276999999998
Copz1	-12.001418	-8.54754
Meis2	-11.043389999999999	-7.589512299999999
Gm44296	-19.518665	-16.064789
Smim41	-15.4756155	-12.021737
Fbxl15	-13.133472	-9.679594
1700030K09Rik	-14.302373000000001	-10.848495
Magohb	-12.356657	-8.902778999999999
Slc17a9	-16.014612	-12.560734
Hoxc8	-13.770867	-10.316989
Fam234b	-14.142232	-10.688353999999999
Phlda1	-12.738461000000001	-9.284582
Casp8ap2	-12.000603	-8.546724000000001
Gm49709	-19.518665	-16.064789
Med30	-11.911408999999999	-8.457531
Cdh24	-16.11747	-12.663591
Il5	-19.806348999999997	-16.352472
Lef1	-20.90496	-17.451083999999998
Gm44622	-20.90496	-17.451083999999998
Spns3	-18.602375	-15.148498000000002
Hps6	-13.900079000000002	-10.4462
Tyms	-13.467166	-10.013288000000001
Nid1	-12.528410000000001	-9.074532000000001
Igip	-12.356269000000001	-8.9023905
Bpnt1	-12.573616000000001	-9.119738
Hint2	-11.37261	-7.918732
Adgrf4	-18.82552	-15.371642000000001
Pradc1	-13.054468	-9.600589999999999
Tepp	-18.265903	-14.812026000000001
Batf	-18.507065	-15.053187
Gm34342	-14.609695	-11.155816999999999
Mrgprg	-20.90496	-17.451083999999998
Sec23b	-12.69538	-9.241502
Scaf11	-10.5162735	-7.062395599999999
Sertm1	-19.806348999999997	-16.352472
Nipal4	-15.449639999999999	-11.995762
Actg1	-8.15356	-4.699682
Gm45752	-20.90496	-17.451083999999998
Veph1	-19.113201	-15.659324
St3gal4	-13.171278	-9.7174
Tent5a	-10.13494	-6.681062
Dtx3l	-13.638832	-10.184954
Brcc3	-12.165905	-8.712027
Hook2	-15.391532999999999	-11.937654499999999
Gm40117	-17.408453	-13.954576000000001
Trim13	-14.348182999999999	-10.894304
Ltbp2	-12.209956	-8.756078
Zdhhc6	-12.749599	-9.295721
Gm36372	-18.340011999999998	-14.886134
Mmp27	-19.295523	-15.841645000000002
Slc25a21	-17.01314	-13.559262
Jak1	-11.213182000000002	-7.7593045
Napepld	-11.636163	-8.182284
Ggt5	-16.600895	-13.147017499999999
Rps6ka5	-13.213760999999998	-9.759883
Atp7b	-19.295523	-15.841645000000002
Selenoo	-12.633412	-9.179534
Pus7l	-14.5047035	-11.050825
Tmem212	-17.646864	-14.1929865
1700037H04Rik	-14.036985999999999	-10.583108
Postn	-8.804960000000001	-5.3510823
Slc35f5	-12.37347	-8.919592
Wdr37	-12.877811	-9.423933
Fst	-13.812387	-10.358509
Kcnq1	-20.90496	-17.451083999999998
AC135859.1	-17.408453	-13.954576000000001
Gm38336	-16.522934	-13.0690565
Kcnip1	-20.211813	-16.757935999999997
Tcirg1	-13.590407999999998	-10.13653
Rsrc2	-10.5941105	-7.1402326
Gpam	-13.342279999999999	-9.888402000000001
Acp5	-16.319994	-12.866116
Zfp687	-13.435307	-9.981428
Gpr179	-19.806348999999997	-16.352472
Ramp2	-14.862329	-11.40845
Gm13032	-19.518665	-16.064789
Psmd9	-12.328745	-8.8748665
Atf4	-10.812922	-7.359043600000001
Dcn	-11.159824	-7.705946400000001
Gm48202	-19.113201	-15.659324
Gm34961	-16.00712	-12.553243
Wnt16	-11.067986999999999	-7.6141095000000005
Cldn10	-17.267374	-13.813497
Ndufa1	-10.121038	-6.6671605
Atp2b3	-20.211813	-16.757935999999997
Lgmn	-11.202672	-7.748794
2900097C17Rik	-10.70363	-7.2497525
2310022B05Rik	-10.701961500000001	-7.248083599999999
Rpl18a	-8.265614	-4.8117356
Gm49359	-13.305059	-9.851181
Gm43042	-20.90496	-17.451083999999998
Gm7097	-18.82552	-15.371642000000001
Drap1	-10.051419000000001	-6.5975413
Akr1b7	-20.90496	-17.451083999999998
Tmem262	-19.806348999999997	-16.352472
Bach1	-12.207448	-8.75357
C430014B12Rik	-15.127309	-11.67343
Ccdc43	-12.825963	-9.372085
Slc39a13	-12.024515	-8.570637
Syne1	-9.881116	-6.427238
Nsmaf	-12.281788	-8.827909
Vcpip1	-11.923782000000001	-8.469904
Tmem95	-17.349613	-13.895735
Gm49066	-15.28456	-11.830682000000001
Lgals3bp	-13.925816000000001	-10.471936999999999
9630014M24Rik	-17.909226999999998	-14.45535
Olfr78	-18.071747	-14.617869
Necap1	-13.120488	-9.66661
Mtfr1l	-11.589001	-8.135122
Nudcd3	-10.982455	-7.5285773
Klhl28	-12.701931	-9.248053
Timm10	-12.420705	-8.966826
Gpr68	-19.113201	-15.659324
Fam136a	-12.36679	-8.912911
Runx2os1	-17.167292	-13.713413000000001
D630024D03Rik	-18.420053	-14.966176
6530413G14Rik	-16.670855	-13.216976
Vezf1	-10.70929	-7.2554115999999995
Paip2	-10.175939999999999	-6.722061599999999
Hjurp	-11.947708	-8.49383
Rsf1	-11.088667	-7.634789
Pqlc1	-12.660364	-9.206486
Smarcd1	-12.171528	-8.717649
Tbc1d1	-11.697023	-8.243145
Ndufaf1	-13.1122	-9.658321
BC067074	-15.044175	-11.590297
Gm47587	-19.113201	-15.659324
Tbc1d7	-12.964377	-9.510499000000001
Rorb	-18.602375	-15.148498000000002
Gm15708	-14.399178	-10.945299
Spred2	-12.629075	-9.175197
Tox2	-14.253389000000002	-10.799511
Gsc	-14.698385	-11.244507
Sytl3	-19.806348999999997	-16.352472
Jade2	-13.0901575	-9.636279
Glrx	-12.745586	-9.291708
Supt4a	-11.460339999999999	-8.006461
Dcun1d1	-11.827467	-8.373588999999999
Mia	-11.969716	-8.515838
Dtnbp1	-12.025210000000001	-8.571332
Ccdc40	-18.19691	-14.743032999999999
Tsen15	-12.608166	-9.154287
Ckap5	-11.540184	-8.086306
Klb	-20.211813	-16.757935999999997
Sfxn1	-11.909424000000001	-8.455544999999999
Hic2	-14.493143	-11.039264999999999
4930465I24Rik	-20.90496	-17.451083999999998
Ccnjl	-18.132372	-14.678494
Man1b1	-12.9629545	-9.509076
Polh	-14.550591	-11.096713000000001
Las1l	-11.753416	-8.299538
Gm50050	-18.82552	-15.371642000000001
Pik3cd	-15.081914999999999	-11.6280365
Zfp131	-11.676093	-8.222215
Srl	-14.225361999999999	-10.771483
Hjv	-15.332807999999998	-11.878929
Commd10	-12.948134	-9.494256
Grik2	-17.909226999999998	-14.45535
Olfr1033	-10.435961	-6.982083
Gm29112	-18.82552	-15.371642000000001
Neil2	-18.265903	-14.812026000000001
Gm33838	-16.746078	-13.2922
Col6a1	-10.086844000000001	-6.632966499999999
Afg1l	-14.097026000000001	-10.643147
Slc16a9	-14.010291	-10.556413000000001
Slc35b1	-11.6195135	-8.165635
Gas2l3	-14.540211	-11.086332
Tmem184c	-12.878138	-9.424259
Abr	-12.682407000000001	-9.228529
Rhox5	-19.295523	-15.841645000000002
Cenpp	-15.611656	-12.157778
4930447C04Rik	-14.602343	-11.148464
Dhx57	-12.814252999999999	-9.360374
Lrrtm4	-19.113201	-15.659324
Cxadr	-18.071747	-14.617869
Ms4a4a	-20.90496	-17.451083999999998
Hnf1aos1	-20.211813	-16.757935999999997
Upp2	-12.598983	-9.145104
Pcnt	-11.856199	-8.402321
Ssr2	-10.783906	-7.3300279999999995
Pxylp1	-13.682395000000001	-10.228517
Dsp	-10.361991	-6.908113
Cpa6	-17.860437	-14.40656
Mia3	-10.956118	-7.5022397
Dhrs7b	-12.773431	-9.319552
Vmn1r81	-18.071747	-14.617869
Efcab2	-14.372627	-10.918749
Hmgcl	-12.333658	-8.87978
Echdc2	-12.784075	-9.330196
Prickle4	-16.168762	-12.714885
Il1f9	-20.211813	-16.757935999999997
Chrne	-17.769466	-14.315589000000001
5430414B19Rik	-16.092776999999998	-12.638899
Tex11	-18.82552	-15.371642000000001
Nr2e3	-16.93467	-13.480791
Rab4b	-11.86957	-8.415691
Ctso	-12.804193	-9.350314
Eml2	-11.587472	-8.133594
Txndc12	-12.346434	-8.892555
Ttyh1	-17.609123	-14.155246
Gm44987	-18.420053	-14.966176
Olfr1000	-20.211813	-16.757935999999997
Gm20342	-13.568676000000002	-10.114798
Megf9	-12.857772	-9.403893
Rcor3	-11.804213	-8.350334
Gm45833	-16.195429999999998	-12.741552
Mybpc2	-14.103678	-10.649799
Rad51d	-13.068591	-9.614713
Khdrbs3	-11.386548	-7.93267
Zfp410	-12.772842	-9.318964
Gkap1	-11.042712	-7.588834299999999
Snrnp200	-11.5123825	-8.058504
Blmh	-11.185156	-7.731278
Nup85	-12.82225	-9.368372
Atp8b5	-18.265903	-14.812026000000001
Pomgnt1	-11.987516000000001	-8.533638
Fbxo48	-17.860437	-14.40656
Lamtor5	-10.819777499999999	-7.3658996
Abca5	-12.601457	-9.147578
Pthlh	-14.859956	-11.406077
1700042O10Rik	-19.295523	-15.841645000000002
Pmel	-17.408453	-13.954576000000001
Cep85l	-12.540919	-9.087041000000001
Scn7a	-15.497789000000001	-12.043911
Nek1	-12.805711	-9.351832
Syde2	-12.19963	-8.745751
Tgm4	-18.340011999999998	-14.886134
Il4i1	-17.216082	-13.762203
Kcns3	-13.039006	-9.585128
Grik3	-20.211813	-16.757935999999997
Wfdc21	-18.95905	-15.505172
Tmem98	-12.159995	-8.706116999999999
Plcxd3	-14.499732999999999	-11.045855
Gm48194	-16.777826	-13.323948999999999
Chst14	-13.235466	-9.781588000000001
Gm15850	-18.602375	-15.148498000000002
Gm50217	-20.90496	-17.451083999999998
1500026H17Rik	-14.078416	-10.624537
Gm49164	-16.794086	-13.340209
Gm44696	-17.813917	-14.36004
Gm9856	-14.064414999999999	-10.610536999999999
Tmem71	-16.195429999999998	-12.741552
Izumo4	-12.396002000000001	-8.942122999999999
Sap30l	-11.621649	-8.167769999999999
Cryzl2	-13.996205999999999	-10.542328
Ccdc181	-13.047481	-9.593602
Parp12	-13.5019	-10.048021
Gm49335	-18.602375	-15.148498000000002
Tmem63b	-12.112260000000001	-8.658381
Gm15852	-17.726907999999998	-14.273029000000001
Jup	-11.838144999999999	-8.384267
Vps4a	-11.635503	-8.181624000000001
Fyn	-14.206693	-10.752814
Hpcal4	-18.707735	-15.253858
Gm20501	-20.211813	-16.757935999999997
Cdh11	-12.814559	-9.360681
Pfas	-14.698385	-11.244507
Gm16006	-19.806348999999997	-16.352472
Cd99l2	-11.831930999999999	-8.378053
Auts2	-10.170458	-6.71658
Akt3	-11.418657000000001	-7.964779400000001
Ube4b	-12.018967	-8.565088000000001
1700119H24Rik	-18.265903	-14.812026000000001
AW047730	-17.572756	-14.118878
Paxx	-11.878544	-8.424665
Phyhipl	-17.01314	-13.559262
Gm45052	-19.518665	-16.064789
0610012D04Rik	-18.82552	-15.371642000000001
Btbd2	-12.297744999999999	-8.843866
Med29	-11.9815035	-8.527625
Tmtc1	-11.133577	-7.6796994000000005
Zcchc18	-14.405173999999999	-10.951296000000001
Prelid3a	-14.611542000000002	-11.157663000000001
Gm30881	-19.806348999999997	-16.352472
Maff	-13.136004999999999	-9.682127000000001
Prxl2c	-10.853097	-7.399219
Larp4b	-11.364023	-7.910145299999999
AK157302	-17.098299	-13.644421
Ccdc71l	-12.510387	-9.056509
Cdk15	-16.33025	-12.876371
A730090N16Rik	-18.602375	-15.148498000000002
Tnik	-12.119881	-8.666002
Ankrd39	-12.555477	-9.101599
H2-T23	-13.860929	-10.40705
Cpsf2	-11.974071	-8.520192
Ldlr	-11.81093	-8.357052000000001
Prr3	-13.744892000000002	-10.291014
Scd4	-16.48612	-13.032242
Carmil1	-13.611943	-10.158064999999999
2210016L21Rik	-11.226557000000001	-7.772678999999999
Tubb3	-17.537664000000003	-14.083787
Gm17233	-19.518665	-16.064789
Clgn	-20.211813	-16.757935999999997
Chd2	-11.653478999999999	-8.1996
Vezt	-12.496244	-9.042366000000001
Galnt11	-11.939882	-8.486004
Mamstr	-13.905539000000001	-10.45166
Cdc5l	-11.248782	-7.794903999999999
Phka1	-13.418909	-9.965031
Tspyl5	-13.255269	-9.801391
Gtpbp1	-13.093392	-9.639514
Coro7	-13.864425	-10.410546
Sdc1	-12.978358	-9.52448
Prmt9	-13.479007999999999	-10.025129
4833418N02Rik	-14.468810999999999	-11.014933000000001
Tgfb1i1	-9.969945	-6.516067
Olfr461	-20.90496	-17.451083999999998
Ung	-15.497789000000001	-12.043911
Gm13257	-19.806348999999997	-16.352472
Sncg	-11.2485895	-7.794711599999999
Setd5	-11.078355	-7.624477000000001
Acox3	-12.937681	-9.483803
Krt7	-18.82552	-15.371642000000001
Smarcc1	-11.580043	-8.126164
Tfg	-11.520499000000001	-8.066621000000001
Tmco3	-12.074564	-8.620686
Cast	-10.120355	-6.6664767000000005
Gm36161	-20.90496	-17.451083999999998
Pin1rt1	-20.90496	-17.451083999999998
AW549877	-11.66944	-8.215562
Hspa2	-10.977414999999999	-7.523536999999999
Ndufv3	-10.012267	-6.558389
Zbtb11os1	-13.10767	-9.653791
Recql	-13.001365	-9.547486
Stk26	-12.998046	-9.5441675
D030025P21Rik	-16.973135	-13.519257999999999
Inpp4a	-11.915392	-8.461513499999999
Alg11	-12.992172	-9.538294
Bves	-12.748738000000001	-9.29486
Mrpl50	-12.342412	-8.888534
Gjd3	-20.211813	-16.757935999999997
Gabarapl1	-11.035133	-7.581255400000001
Tmem161b	-13.2006	-9.746721
Gm2464	-18.340011999999998	-14.886134
Dnttip2	-11.5113	-8.057422
Cnksr2	-19.295523	-15.841645000000002
Ccz1	-12.335745	-8.881866
Pitx1	-16.794086	-13.340209
Gpc4	-12.497582000000001	-9.043704
Gm49484	-18.82552	-15.371642000000001
Tmco1	-10.459498	-7.0056205
Pcdhgb6	-14.910998999999999	-11.457121
Ube2ql1	-16.810616	-13.356738
Psmd1	-10.746288999999999	-7.2924112999999995
Gpaa1	-12.447942999999999	-8.994064
Thnsl2	-13.400570000000002	-9.9466915
Dhx33	-13.368597	-9.914719
1700030J22Rik	-15.963319	-12.50944
Rab32	-13.644439000000002	-10.190560000000001
Serpina3g	-20.90496	-17.451083999999998
Gm17324	-17.167292	-13.713413000000001
Scube2	-16.973135	-13.519257999999999
Caskin2	-12.829067	-9.375189
9530020I12Rik	-17.167292	-13.713413000000001
AC160336.1	-14.338288	-10.88441
Top3b	-12.520386	-9.066507000000001
Sox7	-17.294043	-13.840164999999999
Car12	-18.420053	-14.966176
Hap1	-17.2414	-13.787521
Rprd1a	-12.784967	-9.331089
Pdzrn3	-11.684968	-8.23109
Cnot2	-12.127714	-8.673836
Ckap2	-16.715304999999997	-13.261428
Vps29	-10.936622999999999	-7.4827447
Cyp4f13	-13.250044	-9.796165
Gm2a	-11.605236999999999	-8.151359
Dram2	-12.796338	-9.34246
Nup188	-13.077721	-9.623842
Rsph3b	-14.139922	-10.686044
Gm45188	-17.686085000000002	-14.232207
Zfp57	-17.769466	-14.315589000000001
Ccng2	-13.34332	-9.8894415
Dhtkd1	-15.024428	-11.57055
Scara5	-15.152389000000001	-11.69851
Gvin1	-20.90496	-17.451083999999998
Lrrc3	-17.216082	-13.762203
Zbtb33	-13.3131	-9.859221
Gm11665	-16.125837	-12.671959
Lgr5	-16.498241	-13.044364
Gm46565	-18.507065	-15.053187
Mtln	-11.024486999999999	-7.5706086
Zfp821	-12.852983	-9.399105
Nkd2	-15.769163	-12.315285000000001
Bcl6b	-17.646864	-14.1929865
Ccm2l	-19.113201	-15.659324
Kat7	-12.510161	-9.056283
Map3k7cl	-10.6808405	-7.226962599999999
Gm28941	-16.319994	-12.866116
Ppif	-14.099238	-10.64536
Sh2d7	-20.211813	-16.757935999999997
Ccnl2	-11.221124	-7.767246000000001
Fasl	-20.90496	-17.451083999999998
Ddit4l	-13.952232	-10.498353999999999
Nim1k	-13.449663000000001	-9.995785
Ctnna2	-20.90496	-17.451083999999998
Gm48807	-19.518665	-16.064789
Gm17024	-16.213614	-12.759735000000001
Repin1	-13.613304999999999	-10.159427
Dusp26	-18.420053	-14.966176
Syn3	-12.499594	-9.045715
Pnp2	-15.359784	-11.905906
Tafa5	-13.458376000000001	-10.004498
Nr4a2	-11.550174	-8.096295
CR974586.2	-20.211813	-16.757935999999997
Arl9	-18.420053	-14.966176
Parpbp	-17.646864	-14.1929865
Spata2	-13.345922	-9.892044
Gm44982	-16.656466	-13.202587
Ptbp3	-11.771718	-8.317839999999999
0610009B22Rik	-12.2742605	-8.820382
Tenm3	-11.961063000000001	-8.507185
Vps13c	-12.055591	-8.601712
Rpl26	-8.116508	-4.66263
Gm16725	-19.113201	-15.659324
Cd9	-8.721328	-5.2674503
1700064M15Rik	-19.518665	-16.064789
Rufy1	-12.324605	-8.870727
Slc39a14	-12.135921000000002	-8.682042
Ankrd42	-14.970067000000002	-11.516189
Ly86	-18.071747	-14.617869
Lrig3	-12.181078999999999	-8.7272005
Gm43951	-17.167292	-13.713413000000001
2410022M11Rik	-13.725654	-10.271775
Sh3rf3	-15.007807999999999	-11.553929
Glul	-11.402399	-7.948521
Pitpnm2os2	-17.503763	-14.049885999999999
Atf1	-11.910169	-8.45629
Cfap47	-19.518665	-16.064789
Gm12796	-20.90496	-17.451083999999998
Pkm	-9.545583	-6.0917053
Gm7628	-15.805095000000001	-12.351216
Ewsr1	-11.121497	-7.667619
Nfe2l2	-11.010817999999999	-7.5569396
Ngrn	-12.392178	-8.938299
Faap24	-14.122769	-10.668891
Gm15344	-17.267374	-13.813497
Bcas3	-12.443703999999999	-8.989825
Cul7	-13.067012	-9.613133
Phf19	-14.529937	-11.076058
Ddx55	-12.816707000000001	-9.362828
Wdfy4	-16.26057	-12.806692
Hmgn5	-11.248013499999999	-7.7941356
Cyp1a1	-20.90496	-17.451083999999998
Manbal	-11.149278	-7.695399799999999
Ccne2	-15.021639000000002	-11.56776
Farp2	-13.821573	-10.367695
Gm15582	-19.806348999999997	-16.352472
Gm34552	-17.216082	-13.762203
Hspa14	-12.236249	-8.782371000000001
Gm38804	-20.90496	-17.451083999999998
Pomt1	-13.423969	-9.970091
Gm42743	-17.813917	-14.36004
Terb1	-19.113201	-15.659324
Psmc5	-10.732783	-7.2789054
Spaca6	-12.9154005	-9.461522
Hoxa1	-15.231638	-11.77776
Ttc30a1	-15.348132999999999	-11.894255000000001
Rab19	-17.769466	-14.315589000000001
Btg2	-8.922307	-5.468429
mt-Co1	-6.685338000000001	-3.2314606
Rdh11	-13.040542	-9.586663
Reep1	-13.274014000000001	-9.820136
Impdh1	-12.870007000000001	-9.416128
Lats2	-11.237323	-7.7834449999999995
Tmem222	-12.225989	-8.772111
E2f4	-12.761153	-9.307275
Siah1b	-14.4656105	-11.011732
Dusp6	-13.323241000000001	-9.869363
Gm10248	-20.211813	-16.757935999999997
Gm44946	-17.120770999999998	-13.666893
Gatc	-13.363278	-9.9094
Tmed7	-11.349542999999999	-7.895664699999999
A430110L20Rik	-16.498241	-13.044364
Tigd3	-17.960522	-14.506644
Gm20655	-13.672951000000001	-10.219072
Gm38079	-20.90496	-17.451083999999998
Zfp503	-12.548407000000001	-9.094528
Osm	-19.518665	-16.064789
Sac3d1	-12.504302000000001	-9.050424000000001
Gm5111	-20.211813	-16.757935999999997
Gm4673	-14.959539999999999	-11.505662
Pask	-16.084679	-12.630801
Hdhd3	-14.481714000000002	-11.027836
Rbm14	-13.054857	-9.600978999999999
Mplkip	-12.098987	-8.645108
Gp9	-18.95905	-15.505172
Frmpd4	-16.548251999999998	-13.094374
Tmem134	-10.746096000000001	-7.292217699999999
Gm19689	-15.325232000000002	-11.871353
Ddah1	-17.408453	-13.954576000000001
Gm33054	-18.82552	-15.371642000000001
Tiparp	-12.427133	-8.973253999999999
Nkap	-12.047446	-8.593568
Wdr91	-13.967648	-10.513769
Gdpd3	-16.548251999999998	-13.094374
Nrarp	-15.799016	-12.345138
Ksr2	-17.378601	-13.924723
Rnd3	-10.551864	-7.097985700000001
Gins4	-12.573856	-9.119978
Sp1	-11.587921000000001	-8.134043
Rnf217	-12.473761999999999	-9.019883
Pomgnt2	-13.1625595	-9.708681
Emp3	-9.456382000000001	-6.0025043
D030028A08Rik	-15.263054	-11.8091755
Gm49035	-19.806348999999997	-16.352472
Smoc2	-13.636738000000001	-10.182858999999999
Thap8	-15.977707999999998	-12.523829
Thnsl1	-13.917470999999999	-10.463593
Med18	-14.617103	-11.163224000000001
Rpl10l	-20.90496	-17.451083999999998
Tab2	-11.348906	-7.8950276
Slc39a3	-12.651994	-9.198115
5031434C07Rik	-17.2414	-13.787521
Zfp26	-12.952698	-9.498819000000001
Pcdha4	-19.518665	-16.064789
Gm11613	-15.914529000000002	-12.46065
Tnfrsf1a	-11.702753999999999	-8.248876
Pde6d	-11.844166	-8.390286999999999
Pcdhb2	-16.416325	-12.962446
Ktn1	-10.0639105	-6.6100326
Dennd2a	-14.080587	-10.626709
Trmt9b	-14.348182999999999	-10.894304
Tanc1	-12.61844	-9.164561
Eif4g1	-10.409473	-6.9555955
Krt19	-17.609123	-14.155246
H2-Ab1	-14.722876999999999	-11.268998
Trir	-10.656006	-7.202128
Esr2	-18.95905	-15.505172
Spink4	-17.686085000000002	-14.232207
Gm20712	-13.736382	-10.282503
Gab3	-15.329011999999999	-11.8751335
Tmem9	-12.385769999999999	-8.931891
Tesk2	-14.635864999999999	-11.181987
Rab27b	-12.06149	-8.607612
Gm17103	-19.518665	-16.064789
Gm47525	-18.01459	-14.560711999999999
Gm28087	-20.90496	-17.451083999999998
Gm20531	-20.211813	-16.757935999999997
Gm41409	-19.806348999999997	-16.352472
Gm3739	-19.113201	-15.659324
Gm13055	-20.211813	-16.757935999999997
Amd2	-16.125837	-12.671959
AY036118	-9.374775	-5.9208975
Pold4	-11.129136	-7.675258
Mst1r	-14.569907	-11.116029
Azin1	-11.437888000000001	-7.9840100000000005
5031425F14Rik	-20.211813	-16.757935999999997
Gnaq	-11.354939	-7.901061500000001
Bvht	-15.511332999999999	-12.057455000000001
Il17ra	-14.926076	-11.472197999999999
Stard5	-14.329885500000001	-10.876007000000001
Carhsp1	-12.156815	-8.702936
1700001L05Rik	-15.395573	-11.941694
Gm4841	-20.90496	-17.451083999999998
Gulp1	-11.685562	-8.231684
Adgrl1	-11.379445	-7.925567
Plcb3	-12.184501	-8.730622
Gm10115	-12.635461	-9.181582
1810019D21Rik	-17.267374	-13.813497
Cnbd2	-15.525063500000002	-12.071185
Foxq1	-15.700954000000001	-12.247076
Bach2it1	-18.071747	-14.617869
A130014A01Rik	-14.809135999999999	-11.355258000000001
Cd300ld	-18.340011999999998	-14.886134
Cpne9	-18.19691	-14.743032999999999
Fam129c	-16.289839999999998	-12.835962
Pdrg1	-11.809919	-8.356041000000001
Actl9	-17.686085000000002	-14.232207
Rpl27a	-8.171375999999999	-4.717499
Ctsh	-10.544175	-7.0902970000000005
Gm12728	-17.294043	-13.840164999999999
D430036J16Rik	-14.5282345	-11.074356
Gm16153	-17.120770999999998	-13.666893
Zfp248	-13.80824	-10.354362
Gtpbp3	-13.38202	-9.928142
Nhlrc2	-11.906206	-8.452328
Mettl6	-12.723519999999999	-9.269642
Tekt2	-14.964789999999999	-11.510912
Gm30018	-19.113201	-15.659324
Bglap	-19.295523	-15.841645000000002
Map7d2	-12.009194	-8.555316
Utp4	-13.238739	-9.784861
Gm39383	-17.960522	-14.506644
9930022D16Rik	-20.211813	-16.757935999999997
Trpv1	-20.211813	-16.757935999999997
Mpeg1	-17.769466	-14.315589000000001
Gm49756	-17.769466	-14.315589000000001
Map3k8	-12.836871	-9.382992999999999
Tbc1d4	-14.421854000000002	-10.967976
Il18bp	-15.591755	-12.137876499999999
Accs	-13.981333	-10.527453999999999
Cby1	-12.17185	-8.717972
Cd27	-16.730574	-13.276695000000002
Gm36210	-19.518665	-16.064789
Hhatl	-18.340011999999998	-14.886134
Kdm7a	-12.178156	-8.7242775
9630028H03Rik	-18.340011999999998	-14.886134
Uspl1	-12.591845	-9.137966
Frg2f1	-14.684370999999999	-11.230493
Mutyh	-14.094819000000001	-10.640941
Usp5	-12.146706	-8.692827000000001
Tmod4	-18.340011999999998	-14.886134
Tex33	-20.90496	-17.451083999999998
Acvr2b	-13.398370000000002	-9.944491000000001
A930006L05Rik	-17.19139	-13.737510999999998
Gm49838	-17.408453	-13.954576000000001
Epg5	-13.736382	-10.282503
Aurkb	-18.265903	-14.812026000000001
Selenoi	-12.972599	-9.518721000000001
Dnm2	-11.913399	-8.45952
Tor1aip1	-10.823286	-7.369408
9330102E08Rik	-17.408453	-13.954576000000001
Gm26510	-18.507065	-15.053187
Il20ra	-20.90496	-17.451083999999998
Gpld1	-16.614501999999998	-13.160623999999999
Pramef8	-13.990231	-10.536352
2010001K21Rik	-14.959539999999999	-11.505662
Wnt5b	-14.252098000000002	-10.79822
Gm47232	-17.14376	-13.689882
Cds1	-15.248969	-11.795091000000001
Pacrg	-16.427623999999998	-12.973746
Zkscan6	-13.780482999999998	-10.326605
Sync	-11.645831	-8.191953
Tvp23bos	-15.538985	-12.085107
Eci3	-18.071747	-14.617869
Leap2	-19.806348999999997	-16.352472
Ppp1r21	-12.751612	-9.297733000000001
Psmd4	-10.563929	-7.1100506999999995
Atp7a	-13.102344	-9.648465
Acot4	-19.806348999999997	-16.352472
Bri3bp	-13.378243	-9.924365
Adamts20	-20.90496	-17.451083999999998
Gm12367	-20.90496	-17.451083999999998
4732487G21Rik	-20.211813	-16.757935999999997
Abcb9	-13.017752999999999	-9.563874
Gm45518	-18.19691	-14.743032999999999
Spink2	-18.95905	-15.505172
4930519K11Rik	-17.860437	-14.40656
Gm15411	-15.016084	-11.562205
Gm45864	-15.817364999999999	-12.363486
Pkp4	-9.7876	-6.3337216
Gm12353	-17.960522	-14.506644
Elof1	-11.31687	-7.862992
Gm47767	-14.084945000000001	-10.631066
Prps2	-12.257091	-8.803212
March9	-13.680937	-10.227058
Tmem183a	-12.032615	-8.578736
Myl12b	-10.9831915	-7.5293136
Tcf12	-11.440832	-7.986953999999999
Deptor	-13.951277	-10.497398
Agpat3	-11.763542	-8.309664
Stau1	-11.768052	-8.314174000000001
Sost	-9.010624	-5.5567465
Nacc2	-11.037463	-7.5835853
Gm26771	-14.2104	-10.756521000000001
Engase	-14.754357999999998	-11.30048
Trim59	-15.055635999999998	-11.601758
Gm12932	-17.646864	-14.1929865
Stard9	-14.199322	-10.745443
Arhgap35	-12.011251	-8.557373
Gm17066	-14.086037	-10.632158
Ahcyl1	-11.018162	-7.564284
Polr3k	-12.441802000000001	-8.987924000000001
Gga1	-12.348932000000001	-8.895054
Hspb8	-10.984125	-7.530247
Gm45091	-19.518665	-16.064789
Chp2	-18.19691	-14.743032999999999
Otud6b	-11.74623	-8.292352000000001
Abcf3	-12.739597	-9.285719
Tfrc	-13.627023000000001	-10.173144
Tmem8b	-13.345401999999998	-9.891523
Zfp41	-14.1751375	-10.721259
Sox30	-16.450613	-12.996736
Gm28609	-19.806348999999997	-16.352472
Cndp2	-12.604184	-9.150306
Prpf39	-11.750662	-8.296783
Msx1	-13.3522	-9.898321000000001
Ppip5k1	-12.649392	-9.195514
Olfr718-ps1	-18.602375	-15.148498000000002
Hgs	-12.456475	-9.002597
Gm48276	-17.960522	-14.506644
Teddm2	-15.581951	-12.128072999999999
Actr3b	-14.245667000000001	-10.791789
Mettl24	-11.779634	-8.325756
Nelfcd	-12.910666	-9.456788000000001
Gm27042	-20.90496	-17.451083999999998
Plxnb2	-11.602953999999999	-8.1490755
Nck1	-11.984839	-8.530961
Ccdc174	-12.029394	-8.575516
Vcl	-9.6771345	-6.2232566
Sash3	-19.806348999999997	-16.352472
Tbrg1	-10.533191	-7.079313000000001
Kcnj15	-12.2469635	-8.793085000000001
Srsf7	-10.459673	-7.005795
Gm45069	-18.95905	-15.505172
Lama4	-10.618219999999999	-7.1643424
Ak9	-20.211813	-16.757935999999997
Svil	-10.004968	-6.55109
Pofut1	-12.642919000000001	-9.189039999999999
Tut4	-11.578083	-8.124205
Ubr3	-11.49119	-8.037312
Ednrb	-15.977707999999998	-12.523829
Gm13523	-15.325232000000002	-11.871353
Ssr3	-10.64825	-7.1943717000000005
Zfp398	-12.462276	-9.008398
Ints3	-12.344325	-8.890447
9930012K11Rik	-16.879607999999998	-13.425730999999999
Clmn	-16.186462	-12.732584
Zfp69	-17.14376	-13.689882
Ipo4	-12.456047	-9.002169
Tmsb10	-10.0159	-6.562021700000001
Tgfbi	-14.048499	-10.594621
Ptchd4	-15.848716	-12.394836999999999
Glyctk	-16.656466	-13.202587
Gm43728	-16.656466	-13.202587
Gm14410	-15.445375	-11.991497
2010001A14Rik	-13.141089000000001	-9.687211
Naip5	-20.211813	-16.757935999999997
Olfr366	-19.806348999999997	-16.352472
Srbd1	-13.09137	-9.637491
Sri	-11.257657	-7.803779
Wbp2	-11.181139	-7.727261
Gm49745	-16.844519000000002	-13.39064
Trpt1	-13.592407999999999	-10.138530000000001
Zfp385b	-13.487982	-10.034103
Sh3gl3	-20.90496	-17.451083999999998
B430218F22Rik	-17.537664000000003	-14.083787
Szt2	-13.816552	-10.362674
2310002D06Rik	-16.109170000000002	-12.6552925
Smurf2	-11.379956	-7.9260782999999995
Hsbp1l1	-15.611656	-12.157778
Gm43572	-17.503763	-14.049885999999999
Zfp809	-11.785639999999999	-8.331761
Gm50228	-19.806348999999997	-16.352472
Gm13448	-19.518665	-16.064789
Vsir	-16.251001000000002	-12.797123
Cbx4	-12.848851	-9.394973
Zfp59	-14.632083999999999	-11.178205499999999
Dnah10	-18.95905	-15.505172
Rrp9	-12.830935	-9.377056
Adam8	-16.827423	-13.373546
Guk1	-10.909624	-7.455746
Cxcl13	-17.14376	-13.689882
Mrgprf	-13.784517000000001	-10.330639
Slc41a1	-12.748164	-9.294286
Klhl38	-14.964789999999999	-11.510912
Gm17133	-20.90496	-17.451083999999998
Gls2	-16.068678	-12.6148
Mmadhc	-11.591793	-8.137915
Vipr2	-16.86191	-13.408031
Rab34	-11.279271000000001	-7.825392999999999
Gng2	-14.385814000000002	-10.931935000000001
Vstm2b	-12.5268	-9.072922
Gm44275	-19.806348999999997	-16.352472
Flrt3	-15.007807999999999	-11.553929
Tulp4	-11.251732	-7.797853999999999
Polr3e	-13.128426999999999	-9.674548
Trim33	-11.859378	-8.405499
Zfp965	-16.462309	-13.008431
Gnas	-8.369563000000001	-4.915685
Cdh23	-20.211813	-16.757935999999997
Wnk3	-16.279987	-12.82611
Rbm47	-19.295523	-15.841645000000002
Gm36635	-19.806348999999997	-16.352472
Ly96	-13.816552	-10.362674
Nkx2-3	-15.562626999999999	-12.108748
Rsl24d1	-12.067571000000001	-8.613692
Usp47	-11.178688000000001	-7.724810000000001
Rasl12	-10.595108999999999	-7.141230999999999
Egfl6	-20.90496	-17.451083999999998
St3gal2	-11.27053	-7.816652
Hsf2bp	-17.2414	-13.787521
D830030K20Rik	-17.408453	-13.954576000000001
Lamc3	-11.957285	-8.503407000000001
Sult5a1	-16.953716	-13.499839000000001
Mrpl11	-11.795325	-8.341447
Hs3st1	-16.394102	-12.940224
Tax1bp3	-11.109615	-7.655737400000001
Zfp68	-12.255688000000001	-8.801809
Capn1	-12.668805	-9.214927000000001
Ap1m2	-19.113201	-15.659324
4930486L24Rik	-20.211813	-16.757935999999997
Tcf15	-16.992937	-13.539060000000001
Psg16	-18.602375	-15.148498000000002
2610300M13Rik	-20.90496	-17.451083999999998
Mettl16	-12.223441000000001	-8.769563
Xaf1	-13.731770000000001	-10.277891
4930557J02Rik	-19.806348999999997	-16.352472
Fbxo33	-12.877811	-9.423933
Epm2aip1	-12.397819	-8.94394
Klhl4	-19.518665	-16.064789
Gm2366	-16.289839999999998	-12.835962
Tmem260	-13.034794999999999	-9.580916
Gata5	-17.813917	-14.36004
Pycr1	-13.721848999999999	-10.267971000000001
Fgd1	-12.971522	-9.517644
A530016L24Rik	-15.611656	-12.157778
Samd13	-18.01459	-14.560711999999999
Wdr3	-13.074933	-9.621055
Tdp1	-13.854838	-10.400960000000001
Ttc21a	-17.860437	-14.40656
Tmem201	-13.726416	-10.272537
Cd59a	-11.04668	-7.5928024999999995
Prune2	-14.025604999999999	-10.571727000000001
Gm50323	-20.211813	-16.757935999999997
Gm49602	-14.008266	-10.554388000000001
Atp23	-13.9493685	-10.49549
Otud4	-12.252189	-8.79831
Ints8	-12.493795	-9.039916999999999
Gm46212	-20.211813	-16.757935999999997
Mpc1	-9.886349000000001	-6.432471
Gm10575	-14.970067000000002	-11.516189
Gm44623	-16.092776999999998	-12.638899
Dtnb	-13.450241	-9.996363
Sdk2	-15.302842000000002	-11.848964
Mrps34	-11.577549000000001	-8.123671
Gm17382	-18.602375	-15.148498000000002
Uqcc1	-12.840011	-9.386132
Ect2l	-14.906025	-11.452147
Islr	-10.578103	-7.124225
Dennd3	-14.429528	-10.97565
AW209491	-12.908307	-9.454429
Hmgb3	-13.1862755	-9.732397
Psma2	-10.214927000000001	-6.761049000000001
2010320M18Rik	-12.418846	-8.964967999999999
Gm26813	-17.909226999999998	-14.45535
Wwc1	-14.582396	-11.128517
Prkag2os1	-19.518665	-16.064789
Gm4316	-18.01459	-14.560711999999999
5830428M24Rik	-16.761826	-13.307948000000001
Gm26801	-18.82552	-15.371642000000001
Gm48671	-20.90496	-17.451083999999998
Gm26739	-18.132372	-14.678494
Spata32	-20.90496	-17.451083999999998
Tmem35a	-13.636738000000001	-10.182858999999999
Acsm3	-20.90496	-17.451083999999998
Mapk8	-12.731104	-9.2772255
Gm43690	-20.90496	-17.451083999999998
Nup214	-12.249225	-8.795346
Tspan32os	-20.211813	-16.757935999999997
Ifi211	-18.95905	-15.505172
Gm47400	-16.992937	-13.539060000000001
Gm50147	-17.960522	-14.506644
Gm29684	-20.90496	-17.451083999999998
Gm47112	-17.686085000000002	-14.232207
Gm37065	-20.211813	-16.757935999999997
Tada1	-13.249571	-9.795691999999999
Hoxd11	-20.211813	-16.757935999999997
Cacna1e	-18.265903	-14.812026000000001
Oxa1l	-12.483398	-9.02952
1700001J03Rik	-18.265903	-14.812026000000001
Wrnip1	-12.437379	-8.9835005
4930473H19Rik	-20.90496	-17.451083999999998
Ift80	-13.3131	-9.859221
Prss47	-20.211813	-16.757935999999997
Gm11423	-14.584192999999999	-11.130315
Rfx7	-12.612663000000001	-9.158785
Mgll	-10.520622999999999	-7.066745299999999
Tnnc1	-15.525063500000002	-12.071185
Wscd2	-11.905712	-8.451834
Adgrg5	-20.211813	-16.757935999999997
Wdr70	-12.365615	-8.9117365
Tshz3	-12.659314	-9.205436
Lat2	-18.01459	-14.560711999999999
Fxn	-13.053689	-9.599811
Ppl	-16.092776999999998	-12.638899
Iqca	-20.90496	-17.451083999999998
Robo1	-14.9185095	-11.464630999999999
Gm13709	-20.90496	-17.451083999999998
Vwc2	-11.41027	-7.956392
Ube2q2	-11.743286	-8.289408
Xndc1	-13.39289	-9.939012
Gm17207	-18.071747	-14.617869
Supt5	-11.312425	-7.858546700000001
Ftl1-ps1	-14.871875	-11.417996
AI837181	-11.866002	-8.412124
Gas7	-14.238005	-10.784125999999999
Atp6v0a1	-12.066989999999999	-8.6131115
Sv2a	-13.564126000000002	-10.110248
Ppp1r3b	-12.944986	-9.491108
Tmem203	-12.611161	-9.157283
Gcnt4	-16.22283	-12.768951
Slc31a2	-12.447306	-8.993427
Tmem200a	-18.707735	-15.253858
Adamtsl1	-13.264357999999998	-9.810478999999999
Trmt6	-12.838125999999999	-9.384248
Bcap29	-12.653819	-9.199941
Lurap1	-13.446775	-9.992897
Ankzf1	-13.120488	-9.66661
0610009E02Rik	-15.534323	-12.080444
Gm15473	-16.522934	-13.0690565
Fam214b	-12.192695	-8.738816
Gm47210	-17.572756	-14.118878
Zfp961	-14.31466	-10.860782
Gm15350	-19.806348999999997	-16.352472
Wnt4	-15.534323	-12.080444
Zp1	-18.602375	-15.148498000000002
Map4k2	-13.542315499999999	-10.088436999999999
I830077J02Rik	-17.503763	-14.049885999999999
Cdr2	-11.334292	-7.8804145000000005
Pimreg	-18.420053	-14.966176
Gbp9	-17.408453	-13.954576000000001
Serpina3c	-20.90496	-17.451083999999998
Gm36283	-15.067231	-11.613353
Cecr2	-19.295523	-15.841645000000002
Best2	-19.113201	-15.659324
Tbcd	-13.342279999999999	-9.888402000000001
Mtmr1	-12.840954	-9.387075
Cnep1r1	-11.867904	-8.414025
Hdgfl2	-12.076613	-8.622735
Mrpl53	-11.269027000000001	-7.815149000000001
Ppp1r8	-13.101934	-9.648056
Wdsub1	-12.363271000000001	-8.909392
Prpf8	-11.420632000000001	-7.966754400000001
Gm27017	-16.992937	-13.539060000000001
Shfl	-14.841176	-11.387298
Adra1b	-14.508032	-11.054153
Pdxdc1	-11.338066	-7.884188000000001
Kcnj14	-20.90496	-17.451083999999998
Igf1r	-10.632742	-7.178864
Srpk2	-11.338766	-7.884888
Prcd	-17.726907999999998	-14.273029000000001
Dolpp1	-13.744892000000002	-10.291014
Mogat2	-17.216082	-13.762203
Gm15872	-20.90496	-17.451083999999998
Ndor1	-13.793448999999999	-10.339571000000001
Noxred1	-17.408453	-13.954576000000001
Aqr	-11.926931	-8.473053
Phf10	-11.900661	-8.446783
Zfp981	-18.265903	-14.812026000000001
Trim47	-11.161525	-7.707647
Mast4	-10.76163	-7.307752000000001
Ilkap	-11.416611	-7.962733
Mkrn2	-12.480103	-9.026224000000001
Nat1	-20.90496	-17.451083999999998
Chpt1	-10.229861999999999	-6.775984299999999
Slfn8	-16.628294	-13.174417000000002
Pomt2	-13.340204	-9.886325999999999
Ptpn1	-11.7644	-8.310521000000001
Atp6v1h	-11.815433500000001	-8.361555000000001
Slc15a2	-13.560242	-10.106363
Mrpl12	-11.400087	-7.9462094
Acox1	-12.405932	-8.952053999999999
Rnf208	-19.806348999999997	-16.352472
Vmn1r217	-20.90496	-17.451083999999998
Zfp874b	-13.523458999999999	-10.069581
Ociad2	-14.611542000000002	-11.157663000000001
Trarg1	-18.420053	-14.966176
Gm47547	-15.502284	-12.048406
Srp14	-10.297436	-6.843558
Rai1	-12.673585000000001	-9.219707000000001
Tmem176b	-12.411856	-8.957977
Gm20627	-18.01459	-14.560711999999999
1700010K24Rik	-18.602375	-15.148498000000002
Plekha7	-15.340441	-11.886562
Gm19792	-18.707735	-15.253858
Zfp612	-12.563313	-9.109434
Smyd1	-18.132372	-14.678494
Gpr22	-17.726907999999998	-14.273029000000001
Pcdhb4	-16.777826	-13.323948999999999
Mas1	-19.518665	-16.064789
Rnf223	-17.960522	-14.506644
Gm36033	-15.977707999999998	-12.523829
Ddx46	-11.152645	-7.698767
Gal3st2b	-17.294043	-13.840164999999999
Zfp7	-14.617103	-11.163224000000001
Atp2c1	-12.160473	-8.706594
Olfr482	-18.19691	-14.743032999999999
Calm3	-10.563832000000001	-7.109954400000001
Edem3	-12.287742	-8.833863000000001
Itpkc	-14.160901999999998	-10.707024
Nhs	-12.666160000000001	-9.212280999999999
Gtf2i	-11.04553	-7.5916524
Vil1	-19.806348999999997	-16.352472
Gm13380	-18.82552	-15.371642000000001
Hmcn1	-17.408453	-13.954576000000001
Gm35110	-17.408453	-13.954576000000001
Adamts19	-19.518665	-16.064789
Bbs12	-14.706482999999999	-11.2526045
Ddx54	-11.829525	-8.375647
Zfp110	-12.933530000000001	-9.479650999999999
Ipo8	-12.270341	-8.8164625
Trpm6	-19.806348999999997	-16.352472
Nras	-12.4026785	-8.9488
Saraf	-10.664359	-7.210481
Tra2b	-10.591352	-7.1374745
Gnrh1	-16.844519000000002	-13.39064
C330013E15Rik	-14.481714000000002	-11.027836
Gm12737	-18.95905	-15.505172
Spns1	-12.21735	-8.763472
Timm13	-10.500214	-7.0463357
Irf2bpl	-11.468283	-8.014403999999999
Ecm1	-9.640728	-6.18685
Gm15867	-13.670784	-10.216906
B230208H11Rik	-15.901015	-12.447137
Rslcan18	-16.700267999999998	-13.24639
Nckap1l	-19.806348999999997	-16.352472
Spink13	-18.82552	-15.371642000000001
Npdc1	-10.598211000000001	-7.1443334
Lrpap1	-10.613291	-7.159413000000001
Hbegf	-10.7355	-7.2816224
Sgo1	-16.372362	-12.918484
Iars	-12.525882000000001	-9.072003
Parp6	-13.288185	-9.834307
Alkbh1	-12.980527	-9.5266485
Vps33a	-13.613304999999999	-10.159427
4930432B10Rik	-16.405151	-12.951273
Cpsf3	-12.622731	-9.168853
Haus8	-11.775181	-8.321302000000001
Syt5	-18.071747	-14.617869
C030005K06Rik	-16.48612	-13.032242
Prdm6	-11.15766	-7.703781599999999
Sardh	-13.008037	-9.554158000000001
Trib1	-12.797241	-9.343363
D930032P07Rik	-20.90496	-17.451083999999998
Cabin1	-11.9140215	-8.460142999999999
Gls	-10.935311	-7.4814334
Nipsnap3b	-13.1217375	-9.667859
Ano6	-11.064361	-7.6104827
Arl5c	-15.626845999999999	-12.172968
Wnk2	-16.670855	-13.216976
Fbxo36	-14.125039000000001	-10.671161
Tnfsf13b	-16.746078	-13.2922
Vwa7	-18.95905	-15.505172
Pcgf3	-12.153012	-8.699133999999999
Gm13710	-17.349613	-13.895735
Lncpint	-12.821632000000001	-9.367754
Arhgef1	-11.658289	-8.204411
Sox6	-12.834992999999999	-9.381115
Lipt2	-13.729470999999998	-10.275592999999999
Rassf1	-11.982303	-8.528424000000001
Ccdc51	-14.290235500000001	-10.836357000000001
Sdhaf3	-13.214217999999999	-9.76034
Dgkz	-12.599477	-9.145598
Mecomos	-16.11747	-12.663591
Lnx1	-13.297579999999998	-9.843701
Zfp202	-15.511332999999999	-12.057455000000001
Tctex1d4	-17.19139	-13.737510999999998
Gmeb1	-13.122154	-9.668275999999999
Cpt1c	-13.247679000000002	-9.7938
Gm44710	-15.874523000000002	-12.420645
Khdc1b	-20.211813	-16.757935999999997
Fdx1	-11.367045	-7.9131675
Creld1	-11.807006	-8.3531275
D930016D06Rik	-13.324262	-9.870383
Zcchc3	-13.282297	-9.828419
Lman2l	-12.641886999999999	-9.188008
Fpgs	-13.661448499999999	-10.20757
Gm33474	-20.90496	-17.451083999999998
Osgin1	-15.266606	-11.812728
C030006K11Rik	-12.741875	-9.287996000000001
Sumo3	-11.353019	-7.899141
Slc37a1	-14.566367000000001	-11.112489
Mettl7a3	-18.132372	-14.678494
Golph3l	-12.753917	-9.300038
Tmem132c	-19.518665	-16.064789
Cox18	-12.919136	-9.465258
Gja1	-10.937607	-7.483728999999999
Rasa4	-13.772464000000001	-10.318585
Mcm10	-17.860437	-14.40656
Cacng7	-13.913784	-10.459906
Gm17344	-16.992937	-13.539060000000001
Ccr8	-20.90496	-17.451083999999998
Prpsap2	-13.211935	-9.758057
Snhg10	-14.641562	-11.187683999999999
6720427I07Rik	-13.587085	-10.133206
Wdr49	-19.295523	-15.841645000000002
Abcg2	-13.641631	-10.187753
Gm12100	-19.295523	-15.841645000000002
Cdc14b	-12.963666	-9.509788
Akap6	-11.304878	-7.8510003
D6Ertd527e	-17.503763	-14.049885999999999
Washc4	-12.120493	-8.666615
Gm9833	-16.270231	-12.816353999999999
Ercc3	-12.748738000000001	-9.29486
Pex26	-13.573901000000001	-10.120023
Gm48682	-18.265903	-14.812026000000001
Ccdc65	-16.160028	-12.706151
Ptma	-8.311024	-4.857146299999999
Grpel1	-11.059315	-7.605436999999999
Adam30	-15.313973999999998	-11.860096
Gtf2b	-11.855729	-8.401850999999999
Cyth1	-13.270624	-9.816746
Gm12333	-20.211813	-16.757935999999997
Rnaseh2c	-10.911586999999999	-7.4577089999999995
2510039O18Rik	-12.320483	-8.866605
Gm1647	-20.90496	-17.451083999999998
Nsg1	-13.937052	-10.483172999999999
Dph7	-13.571938500000002	-10.11806
Col9a3	-16.535513	-13.0816345
Gm15104	-19.806348999999997	-16.352472
Myh6	-16.777826	-13.323948999999999
Eloa	-12.006869	-8.552991
Man1a	-14.275598	-10.821719
Mras	-12.239003	-8.785125
Gnl1	-12.061058000000001	-8.60718
B230322F03Rik	-15.690025	-12.236147
Pou3f1	-13.180514000000002	-9.726636
Nhsl2	-12.266436	-8.812557
B530045E10Rik	-19.806348999999997	-16.352472
Map1a	-10.497703	-7.0438247
1700003G18Rik	-19.518665	-16.064789
Gm12022	-17.2414	-13.787521
Gm21691	-16.309841	-12.855963000000001
Nudt10	-14.962162	-11.508284
Shcbp1l	-20.211813	-16.757935999999997
Sirpa	-14.158548999999999	-10.704671000000001
Esam	-12.524046	-9.070167999999999
Foxg1	-18.707735	-15.253858
Pkdrej	-19.113201	-15.659324
Gm15743	-18.071747	-14.617869
Tulp1	-13.667902	-10.214024
Arhgap22	-17.19139	-13.737510999999998
Cyp2d9	-20.211813	-16.757935999999997
Sypl	-10.686736	-7.232858
Cacna1h	-16.029764	-12.575886
Gm9947	-20.90496	-17.451083999999998
Olfr286	-20.90496	-17.451083999999998
L3mbtl3	-13.057981	-9.604102000000001
Olfr173	-18.420053	-14.966176
Tmcc3	-11.406889	-7.953011
2810030D12Rik	-17.909226999999998	-14.45535
Tex15	-17.120770999999998	-13.666893
Acot2	-13.762134	-10.308255
Hal	-18.507065	-15.053187
Zfp655	-12.413496	-8.959617999999999
Ddx50	-10.750792500000001	-7.296914599999999
Svip	-12.655909	-9.20203
Macc1	-17.646864	-14.1929865
Gpc5	-20.90496	-17.451083999999998
BC005624	-11.332689	-7.8788114
Lztr1	-12.091969	-8.63809
Aldh2	-9.463208999999999	-6.009331700000001
2810006K23Rik	-13.003214	-9.5493355
Tmed10	-10.095213000000001	-6.641335000000001
Hspa1a	-9.464111	-6.010234
Tbc1d14	-13.413316	-9.959437
Wdhd1	-15.436901	-11.983023
Nckap5l	-13.728705999999999	-10.274828
Copb2	-10.783503999999999	-7.329625599999999
D6Wsu163e	-13.213760999999998	-9.759883
Chrng	-20.211813	-16.757935999999997
Tmprss6	-18.602375	-15.148498000000002
Heg1	-12.668805	-9.214927000000001
Diablo	-12.094353	-8.640474000000001
Osbp	-11.650795	-8.196917
Slc12a5	-18.82552	-15.371642000000001
AC166172.1	-14.593226000000001	-11.139348
Ccdc115	-12.434021000000001	-8.980143
Tsx	-17.909226999999998	-14.45535
Oscar	-18.602375	-15.148498000000002
Kazald1	-11.908062	-8.454184
Gm27209	-19.113201	-15.659324
Serpinb7	-19.806348999999997	-16.352472
Gm32633	-19.806348999999997	-16.352472
2610028H24Rik	-17.646864	-14.1929865
Fgf13	-12.548171	-9.094292999999999
Rangrf	-12.443703999999999	-8.989825
Chrdl1	-13.595749	-10.1418705
Spsb1	-11.663897500000001	-8.210019
Coq3	-13.622888	-10.169008999999999
Thy1	-15.769163	-12.315285000000001
Rhot2	-13.219257999999998	-9.76538
Smco2	-19.806348999999997	-16.352472
Mfsd9	-16.125837	-12.671959
Tbc1d15	-11.764078	-8.3102
Nexmif	-19.806348999999997	-16.352472
Gm43773	-16.628294	-13.174417000000002
Cap1	-10.553013	-7.099135
Rit1	-11.558692	-8.104814
1700066J03Rik	-19.518665	-16.064789
Cwc15	-10.751299000000001	-7.297421000000001
B930036N10Rik	-14.901074	-11.447196
Opn1sw	-17.646864	-14.1929865
Hpn	-18.602375	-15.148498000000002
Ldlrad1	-20.90496	-17.451083999999998
Rnf17	-18.707735	-15.253858
Ecrg4	-13.753476000000001	-10.299598
H2-Ob	-19.806348999999997	-16.352472
Apol8	-15.799016	-12.345138
Bag6	-11.492824	-8.038945
Pcsk7	-12.77933	-9.325452
Gm37768	-16.715304999999997	-13.261428
Was	-18.340011999999998	-14.886134
Gmppb	-12.525422	-9.071544
1500002F19Rik	-15.745906	-12.292027000000001
Nrtn	-11.27881	-7.824931599999999
Itpripl2	-11.284433	-7.830555400000001
Gm28578	-18.95905	-15.505172
Amd1	-12.015791	-8.561913
Rrad	-10.137214	-6.683336
Gm29863	-20.90496	-17.451083999999998
Lrrc59	-11.857022	-8.403144000000001
Sort1	-11.810592999999999	-8.356714
Med12l	-14.195657	-10.741778
Smad1	-11.728902	-8.275023
Rpusd4	-13.326816	-9.872937
Nrcam	-18.19691	-14.743032999999999
Kmt2e	-10.263783	-6.809905499999999
Uxs1	-12.885677000000001	-9.431799
2410006H16Rik	-11.439900999999999	-7.9860234
9430037G07Rik	-15.340441	-11.886562
Parp2	-12.4333935	-8.979515
Il17rb	-17.378601	-13.924723
Vtcn1	-14.524838	-11.070960000000001
Cped1	-9.149230000000001	-5.6953526
Ppil4	-11.458522	-8.004643
Trdn	-18.507065	-15.053187
Cep112os1	-18.132372	-14.678494
Trub1	-13.259563	-9.805685
Gpr89	-12.52657	-9.072692
Lix1	-15.067231	-11.613353
Map4k4	-11.153227000000001	-7.699349000000001
C230066G23Rik	-17.19139	-13.737510999999998
Psmb5	-10.216545	-6.7626669999999995
Rspo2	-19.518665	-16.064789
Mical2	-10.290806	-6.8369279999999995
Atrn	-12.326485	-8.872606
Gm10401	-16.730574	-13.276695000000002
Pld2	-13.099079	-9.645201
Lmbr1l	-13.875874	-10.421994999999999
Pcbp2	-9.963638000000001	-6.5097604
Nkapd1	-12.299757000000001	-8.845879
Tmem196	-15.543669	-12.089789999999999
9130604C24Rik	-16.279987	-12.82611
Plekhg2	-12.089443	-8.635565
C630043F03Rik	-14.486595999999999	-11.032718
Acat2	-13.173470000000002	-9.719591000000001
Gstcd	-14.609695	-11.155816999999999
Ndufb9	-9.568211999999999	-6.1143339999999995
Cd38	-18.707735	-15.253858
Snap47	-12.707697999999999	-9.253819
Fbxo21	-12.867417999999999	-9.41354
Gm49027	-18.071747	-14.617869
Fam25c	-14.585992999999998	-11.132114
Ttc39b	-12.014137	-8.560259
Pak1	-14.427989000000002	-10.974111
Gm13713	-20.211813	-16.757935999999997
Cxcr6	-19.806348999999997	-16.352472
Napa	-11.259661999999999	-7.8057837
Smndc1	-11.544736	-8.0908575
Zc3h12c	-13.080915	-9.627037
Map2k1	-12.148750999999999	-8.694873
Prdx4	-10.098004	-6.644126400000001
Myef2	-12.436117999999999	-8.98224
Gal3st2	-17.572756	-14.118878
C230034O21Rik	-17.537664000000003	-14.083787
Ifitm5	-16.827423	-13.373546
BC043934	-14.938814	-11.484936
Atpaf1	-12.895266000000001	-9.441386999999999
1700040L08Rik	-19.295523	-15.841645000000002
Armc7	-14.778092000000001	-11.324214
Syngr2	-11.30861	-7.854732
Rps8	-7.684467999999999	-4.2305903
Gm13112	-19.806348999999997	-16.352472
Kbtbd7	-13.457792999999999	-10.003915
Mcm8	-14.926076	-11.472197999999999
Lzts3	-14.169181	-10.715302000000001
Cycs	-11.003926	-7.5500484
Cd74	-14.052719	-10.598841
Cetn2	-11.291024	-7.837146300000001
Atp6v1g2	-15.606644000000001	-12.152764999999999
Gm15601	-17.909226999999998	-14.45535
Bet1	-12.1124115	-8.658533
Gm26645	-16.844519000000002	-13.39064
Dmap1	-12.891618	-9.437739
Wdr81	-14.014351999999999	-10.560473
Xpo6	-12.478568	-9.02469
Gprasp1	-11.899801	-8.445922999999999
Lrp11	-16.22283	-12.768951
Zfp449	-13.091774000000001	-9.637896000000001
Gm31615	-19.113201	-15.659324
Zc3h12b	-13.034413	-9.580535000000001
Gid4	-11.270988000000001	-7.817110499999999
Kif21a	-14.791279000000001	-11.3374
Dhrs11	-14.408185999999999	-10.954308000000001
Gpc6	-10.962638	-7.5087600000000005
C530008M17Rik	-14.564601999999999	-11.1107235
Zfp442	-13.948416	-10.494537
Chil1	-16.992937	-13.539060000000001
Gm44649	-20.211813	-16.757935999999997
Agtpbp1	-11.632679	-8.178801
Npepps	-11.41027	-7.956392
Cgas	-15.238535	-11.784657000000001
Adra1a	-14.754357999999998	-11.30048
H2-D1	-10.401676	-6.9477983
Elmod1	-20.90496	-17.451083999999998
Gm44752	-16.730574	-13.276695000000002
P4htm	-12.684558	-9.230679499999999
Meox1	-17.349613	-13.895735
Pam16	-11.41972	-7.965841999999999
Acsbg1	-19.113201	-15.659324
Gm49794	-19.295523	-15.841645000000002
Abi1	-11.46224	-8.008362
Kit	-13.223401	-9.769523
Eef2	-9.031812	-5.5779343
Mrpl13	-11.251154	-7.797275999999999
Gramd1b	-16.142785999999997	-12.688908999999999
Qdpr	-11.981236	-8.527358
Cxcl2	-15.321465	-11.867586
Pnma2	-19.295523	-15.841645000000002
Surf1	-11.604689	-8.15081
Ddx56	-12.762025	-9.308146
Nt5m	-13.174787	-9.720908
Epn1	-12.061635	-8.607757000000001
Foxd3	-20.211813	-16.757935999999997
Cntnap5b	-19.113201	-15.659324
Cdh15	-19.518665	-16.064789
1700049E15Rik	-16.614501999999998	-13.160623999999999
Nppa	-19.806348999999997	-16.352472
Cldn4	-20.90496	-17.451083999999998
Prss57	-15.336616500000002	-11.882738
Slc7a2	-12.17024	-8.716362
Ccdc82	-11.474041	-8.020163
Fgf9	-18.340011999999998	-14.886134
Ccar2	-13.826619	-10.372741
Ropn1l	-15.855104999999998	-12.401227
Fech	-12.265903999999999	-8.812026
Pbx3	-12.925964	-9.472086000000001
Zfp407	-13.191176	-9.737298
Xlr3a	-17.769466	-14.315589000000001
Isg15	-13.914704	-10.460825999999999
Gm45591	-17.909226999999998	-14.45535
Nlgn2	-13.673675	-10.219796
Higd2a	-10.873783999999999	-7.419906
Mterf3	-12.391375	-8.937496000000001
Miip	-13.514779999999998	-10.060902
Zfp874a	-13.814884	-10.361006
E330032C10Rik	-17.609123	-14.155246
Slc38a3	-15.763298	-12.30942
Ddx4	-19.518665	-16.064789
Serpinb1c	-18.707735	-15.253858
Gm26760	-15.970488000000001	-12.516608999999999
1110013H19Rik	-15.811210999999998	-12.357332000000001
Acsl1	-11.147078	-7.6931996
Nos3	-16.279987	-12.82611
4833411C07Rik	-20.90496	-17.451083999999998
Gm41724	-14.382869	-10.928989999999999
Rps6ka3	-12.031633	-8.577755
Irf6	-18.95905	-15.505172
Utp18	-12.252363	-8.798485000000001
Adamts4	-15.868008999999999	-12.41413
Htra4	-14.390248000000001	-10.93637
Gm16576	-14.201773000000001	-10.747894
Trim63	-17.960522	-14.506644
Nufip1	-13.015502	-9.561624
Idh3g	-11.252052	-7.798174400000001
Commd5	-15.999685999999999	-12.545808000000001
Hamp	-18.507065	-15.053187
Chtop	-11.456077	-8.002198
Slc9b2	-14.412722	-10.958843
Olfr279	-19.518665	-16.064789
Msx2	-15.529682999999999	-12.075805
Arhgdig	-16.777826	-13.323948999999999
Map4k1	-18.132372	-14.678494
Gm44066	-16.86191	-13.408031
Gm47093	-18.265903	-14.812026000000001
Spata1	-14.483339	-11.029461
Gm28875	-13.933292000000002	-10.479414
Ppp2r3c	-12.792733	-9.338855
Gm14091	-19.518665	-16.064789
1500009L16Rik	-12.185317	-8.731439
Myo1c	-10.486885000000001	-7.0330070000000005
Slc13a5	-19.806348999999997	-16.352472
Ccdc9b	-11.749077	-8.295198
Plp1	-14.467210000000001	-11.013330999999999
Harbi1	-14.076248999999999	-10.622371000000001
Asah1	-11.187382000000001	-7.733503999999999
Lrrc38	-17.19139	-13.737510999999998
Gm35439	-18.071747	-14.617869
Ptprj	-12.717383	-9.263505
Ptgfr	-16.915976999999998	-13.462098999999998
Gm9922	-15.657936999999999	-12.204058999999999
Dele1	-12.546763	-9.092885
Gm47950	-16.86191	-13.408031
Gm47123	-15.611656	-12.157778
Gm26822	-17.646864	-14.1929865
Gm3164	-20.211813	-16.757935999999997
Rcc1l	-13.163862	-9.709984
Gm2115	-18.95905	-15.505172
Ftl1	-9.669833	-6.2159557
Gm20109	-16.361666	-12.907788
Tmeff1	-16.076647	-12.622769
Hnrnpab	-10.387532	-6.933654300000001
Kdm6bos	-17.609123	-14.155246
OR5BS1P	-20.90496	-17.451083999999998
Hist1h4a	-15.329011999999999	-11.8751335
Tnks	-11.964725	-8.510846
Gm26684	-15.901015	-12.447137
Glo1	-10.980691	-7.526813000000001
Derl3	-16.462309	-13.008431
Dbil5	-17.439224	-13.985347
Rtn3	-10.619141	-7.1652627
Zfr	-10.618117	-7.1642394
Tcf4	-11.02234	-7.568461999999999
Cul4a	-11.933005	-8.479127
Zdhhc12	-13.134738	-9.680860000000001
Ephx1	-10.967652000000001	-7.513774400000001
Pgls	-10.653002	-7.199124
Pttg1ip	-10.676459	-7.2225814
Gne	-12.174594	-8.7207155
Fbxl17	-12.659052	-9.2051735
Gm9750	-19.295523	-15.841645000000002
H2-DMa	-15.502284	-12.048406
Zc4h2	-14.098132000000001	-10.644254
Lman1	-11.08567	-7.6317925
Banp	-12.516055999999999	-9.062178
2200002D01Rik	-11.324023	-7.870145299999999
Slc25a33	-13.066222999999999	-9.612345
AC159140.1	-18.707735	-15.253858
Gm42702	-15.221381	-11.767503
Cebpa	-16.450613	-12.996736
Qtrt1	-13.816552	-10.362674
Car11	-12.530484	-9.076606
Rufy3	-13.031744	-9.577866
Rtca	-12.592825999999999	-9.1389475
Gm48933	-15.823557000000001	-12.369678500000001
Trim46	-13.995207999999998	-10.541329
Haus1	-12.94011	-9.486232000000001
Msh5	-16.548251999999998	-13.094374
Dennd2c	-15.786967	-12.333089
Prkag3	-16.86191	-13.408031
Dhfr	-13.859183999999999	-10.405306
Kcnv2	-19.113201	-15.659324
Pak1ip1	-11.425281	-7.9714026
Lin9	-13.896456	-10.442577
4930571N24Rik	-19.295523	-15.841645000000002
Capn2	-10.610412	-7.1565337
Gm29542	-17.572756	-14.118878
Gp1ba	-20.90496	-17.451083999999998
Gm26749	-16.897627	-13.443748999999999
Ppfibp2	-13.0901575	-9.636279
Gm28187	-17.167292	-13.713413000000001
Hmg20a	-12.314332	-8.860453999999999
Olfr1369-ps1	-17.378601	-13.924723
Trim34a	-14.244385999999999	-10.790507
Ltbp4	-9.414527	-5.960649
Abcd4	-12.904947	-9.451069
Capn15	-12.825652999999999	-9.371775
Gm43062	-17.216082	-13.762203
Wrap73	-13.247679000000002	-9.7938
Grsf1	-12.152854	-8.698976
Ddx39	-13.24579	-9.791911
Ipp	-13.903716000000001	-10.449838
Gm13816	-20.90496	-17.451083999999998
Ushbp1	-16.992937	-13.539060000000001
1500004A13Rik	-12.995472	-9.541594
Nploc4	-12.752475	-9.298596
Ap1s2	-11.972089	-8.51821
Gale	-14.57346	-11.119581
Vmn1r43	-19.113201	-15.659324
Gm45081	-18.95905	-15.505172
Cntnap2	-16.05293	-12.599052
Nsun6	-13.194756	-9.740877000000001
Jsrp1	-19.518665	-16.064789
Adgrd1	-14.943954999999999	-11.490077000000001
Cplx1	-18.507065	-15.053187
Prmt2	-12.4273405	-8.973462
Gm50399	-17.609123	-14.155246
Fam57b	-18.071747	-14.617869
Gm16222	-20.211813	-16.757935999999997
Ccdc159	-15.449639999999999	-11.995762
Erp44	-11.423067999999999	-7.969189999999999
3110021N24Rik	-15.005064	-11.551186
Foxj1	-16.844519000000002	-13.39064
Cd55	-14.864707000000001	-11.410829
4932702P03Rik	-18.340011999999998	-14.886134
Polr1c	-12.254287	-8.800408000000001
Peg13	-12.078227	-8.624349
Plcl1	-12.297927	-8.8440485
Unc93b1	-14.2191	-10.765222
0610012G03Rik	-11.299071000000001	-7.845193400000001
H2afx	-12.605427	-9.151548
Lhfpl5	-20.90496	-17.451083999999998
Haus2	-13.251466	-9.797587
Pnpla1	-19.806348999999997	-16.352472
Zfp788	-13.183169	-9.729291
Pno1	-12.548876	-9.094997
Cfap298	-12.409196000000001	-8.9553175
Gm16214	-19.806348999999997	-16.352472
Eif3h	-9.874516499999999	-6.4206386
Kif1c	-10.846523	-7.3926454
Ccdc88c	-13.365934	-9.912056
Sc5d	-12.530253	-9.076375
Myoz2	-11.801872	-8.347994
Slc2a3	-15.178113	-11.724235
Elovl1	-11.553642	-8.099764
Gm17112	-20.211813	-16.757935999999997
Gm37855	-18.132372	-14.678494
Olfr31	-20.90496	-17.451083999999998
Gm16157	-19.113201	-15.659324
Tmem30b	-16.351084	-12.897206
Gm16499	-18.602375	-15.148498000000002
P2rx7	-14.843504000000001	-11.389626
Ncam1	-9.0633	-5.6094227
Ppm1g	-11.724977	-8.271098
Slc26a10	-17.860437	-14.40656
Chrm3	-20.211813	-16.757935999999997
Ttc25	-17.216082	-13.762203
Cybb	-17.2414	-13.787521
Gm16958	-19.518665	-16.064789
Zfand6	-11.145978999999999	-7.692100999999999
Otud3	-14.016389000000002	-10.5625105
Hectd3	-12.958697	-9.504819
Cd4	-19.518665	-16.064789
Shld2	-13.673675	-10.219796
Fam178b	-14.706482999999999	-11.2526045
Pip4k2a	-12.164305	-8.710426
B4galnt3	-15.901015	-12.447137
Thap11	-12.272299	-8.81842
Atp5h	-9.238328	-5.78445
Gm31881	-16.351084	-12.897206
Dbndd2	-10.58586	-7.131982300000001
Rest	-11.549655	-8.095777
C1galt1	-11.621835	-8.167956
Gbp2	-13.080915	-9.627037
Slc28a1	-20.211813	-16.757935999999997
Fam184a	-17.267374	-13.813497
Pnoc	-20.90496	-17.451083999999998
Fkbp5	-12.783184	-9.329305999999999
Arf5	-10.694577	-7.2406993
Folh1	-15.799016	-12.345138
Myom1	-9.496352	-6.042474299999999
Adipoq	-20.211813	-16.757935999999997
Gm49893	-19.518665	-16.064789
AC125149.2	-20.90496	-17.451083999999998
Ciao1	-12.12756	-8.673681
Chrnb2	-17.769466	-14.315589000000001
Ly75	-12.912692	-9.458814
Gm6288	-17.646864	-14.1929865
Naglu	-12.40207	-8.948192
Vcp	-9.995105	-6.541226999999999
Orc6	-12.605427	-9.151548
Bbs4	-12.989248	-9.53537
Glrx5	-11.451203999999999	-7.997326400000001
Tpp2	-11.889906	-8.436028
Anxa8	-16.86191	-13.408031
Dus2	-13.580471	-10.126593
Smarca5	-10.303438	-6.8495603
Pde12	-13.233134	-9.779256
Lmbrd2	-12.402475	-8.948597
1110020A21Rik	-14.411207000000001	-10.957329
Duoxa1	-20.90496	-17.451083999999998
Gm11973	-16.86191	-13.408031
Cttnbp2	-13.908279	-10.454400999999999
Dapk1	-13.806585	-10.352707
Olfr212	-16.992937	-13.539060000000001
4930474H06Rik	-19.113201	-15.659324
Col6a3	-10.237985	-6.7841067
Pcdhb15	-16.22283	-12.768951
Fam227a	-15.28456	-11.830682000000001
Gclm	-11.390893	-7.937015
Gm26737	-17.349613	-13.895735
Gm36266	-16.084679	-12.630801
Acss3	-15.874523000000002	-12.420645
Pnpla6	-13.472477	-10.018599
Gm14393	-17.408453	-13.954576000000001
Taf6l	-14.17275	-10.718872
Add3	-12.640597999999999	-9.18672
Mtx1	-12.049297	-8.595419
Lrrc75a	-12.657217	-9.203339
Scyl2	-13.102344	-9.648465
Rasgrp4	-18.132372	-14.678494
Ccser1	-17.960522	-14.506644
Clptm1	-11.766869	-8.31299
Grap	-14.472021	-11.018142999999998
Celf2	-10.242469	-6.788591
B3gnt5	-13.700068	-10.246189999999999
Gm26576	-19.518665	-16.064789
Lrif1	-12.44667	-8.992791
Kcna5	-14.941381	-11.487503
Depdc1b	-18.340011999999998	-14.886134
Syt7	-18.420053	-14.966176
4930589L23Rik	-16.416325	-12.962446
Klf10	-13.227560999999998	-9.773683
Elf2	-11.1235285	-7.6696506
Aph1b	-13.0002575	-9.546379
Dtx3	-11.5342045	-8.080326
Med10	-11.941929	-8.48805
Mtf1	-12.639054	-9.185176
Tgfbr3	-11.611199000000001	-8.157321000000001
Kdelr2	-11.032655	-7.5787770000000005
Gm48286	-17.267374	-13.813497
Fhl5	-17.813917	-14.36004
C2cd4c	-19.518665	-16.064789
Tex13b	-18.95905	-15.505172
Prickle1	-13.398919	-9.945041
A330087D11Rik	-20.90496	-17.451083999999998
Pin1	-11.107279	-7.653401
Klf9	-9.410769	-5.956892
Dnlz	-11.4354925	-7.9816145999999994
Zfp780b	-12.999151	-9.545273
Gdap2	-13.084521	-9.630643
Zfp420	-14.076248999999999	-10.622371000000001
Slc37a3	-12.966159	-9.51228
Timm8a2	-18.420053	-14.966176
Sept5	-13.576524	-10.122645
Nr1h2	-11.412907	-7.959028699999999
Ap2a1	-11.55182	-8.097941
Rps5	-8.173949	-4.720072
Atp13a1	-12.815478	-9.3616
Micall2	-14.5282345	-11.074356
H2-DMb2	-19.806348999999997	-16.352472
Gm11379	-17.909226999999998	-14.45535
Maml3	-13.587085	-10.133206
Arl3	-10.917041000000001	-7.463163000000001
Iqce	-13.873220000000002	-10.419342
Slco1c1	-15.928227	-12.474349
Rerg	-18.132372	-14.678494
Kantr	-13.222479000000002	-9.7686
Lrrc40	-13.564126000000002	-10.110248
Gm13562	-17.813917	-14.36004
Eva1b	-10.231389	-6.777511
Thsd7b	-16.561155	-13.107276999999998
Zfp629	-13.512929999999999	-10.0590515
Rtf2	-11.535055999999999	-8.081178
Clstn1	-10.766125	-7.312247
Kcnk7	-17.769466	-14.315589000000001
Cdh8	-20.90496	-17.451083999999998
Lrrfip1	-9.278260000000001	-5.824383
Armcx4	-12.954811	-9.500933
Dok7	-15.907748999999999	-12.453871000000001
Etfb	-10.788057	-7.334179400000001
Dohh	-11.558692	-8.104814
Praf2	-12.076174	-8.622295
Ep400	-11.780942	-8.327064
Rps15	-8.536926	-5.083049
Csnk1g2	-11.128739	-7.6748614
E430018J23Rik	-13.953189000000002	-10.4993105
Atxn1	-11.289556	-7.8356775999999995
Taf12	-12.202285	-8.748406
Iqub	-17.646864	-14.1929865
Psme3	-12.709904	-9.256025
Pgrmc1	-10.559709	-7.1058307
Exosc4	-11.962501	-8.508622
Wdr72	-18.132372	-14.678494
Ccdc57	-15.270171	-11.816293
Synpr	-20.90496	-17.451083999999998
Hapln4	-18.01459	-14.560711999999999
Ttc23	-12.902267	-9.448389
Prkd1	-13.192517	-9.738639
Chmp2a	-10.274602	-6.820724
Lrmda	-16.427623999999998	-12.973746
Hdac10	-14.061212	-10.607333
Fbxl3	-11.647261	-8.193382000000001
Ccdc85a	-13.391798000000001	-9.93792
Gm16083	-20.211813	-16.757935999999997
Arsa	-13.101526	-9.647648
Eloc	-10.691052	-7.237174499999999
Ccl28	-17.769466	-14.315589000000001
Nenf	-9.361904	-5.908026
Arl6ip6	-12.595284	-9.141406
Psph	-13.45721	-10.003331
Tmem191c	-13.736382	-10.282503
Abcc5	-12.0948	-8.640922
Thsd7a	-15.061417	-11.607538
Cd6	-17.769466	-14.315589000000001
Icosl	-17.503763	-14.049885999999999
Gm14471	-19.806348999999997	-16.352472
Per1	-12.247137	-8.793258999999999
Pkd1l3	-19.295523	-15.841645000000002
Mfsd7a	-14.3271	-10.873221000000001
1700034J05Rik	-20.211813	-16.757935999999997
Snx27	-12.405524	-8.951646
Foxm1	-16.474144	-13.020266000000001
4631405J19Rik	-13.098672	-9.6447935
Acot6	-14.797938	-11.34406
Tbpl1	-12.516055999999999	-9.062178
Gm48293	-20.211813	-16.757935999999997
Ttll1	-13.077721	-9.623842
Psmg4	-11.749393	-8.295515
Raet1d	-20.211813	-16.757935999999997
Bcorl1	-12.50273	-9.048852
Card14	-19.806348999999997	-16.352472
Gm15228	-17.960522	-14.506644
Ccdc113	-18.707735	-15.253858
2810408I11Rik	-15.242001	-11.788122
Mansc4	-18.420053	-14.966176
Spry3	-19.113201	-15.659324
2810402E24Rik	-13.690456	-10.236578
Tbc1d22a	-14.066556	-10.612678
Sdhaf1	-12.398223	-8.944344500000001
Olfr655	-16.160028	-12.706151
Gbp6	-16.361666	-12.907788
Carmil2	-18.132372	-14.678494
Il10	-20.211813	-16.757935999999997
Gm15013	-15.534323	-12.080444
Ninl	-14.339696	-10.885817999999999
Zwilch	-15.728810999999999	-12.274933
Card19	-11.125733	-7.6718554
Fam167b	-19.806348999999997	-16.352472
Gm17597	-18.19691	-14.743032999999999
Gm12404	-19.113201	-15.659324
Gsk3b	-10.283389999999999	-6.829511999999999
Trio	-10.983683000000001	-7.529804700000001
Arsb	-12.891618	-9.437739
Gm49334	-15.194533999999999	-11.740656
C330007P06Rik	-12.031353	-8.577475
Thbs1	-12.967944000000001	-9.514066
Snap29	-12.959406	-9.5055275
Sdccag8	-12.966872	-9.512994
Hist1h4h	-12.475507	-9.021628
Gm10550	-20.90496	-17.451083999999998
Gm37637	-17.120770999999998	-13.666893
Tti2	-13.711275	-10.257397000000001
Pigp	-10.866069	-7.412191
Rhot1	-11.875183999999999	-8.421306
Trub2	-13.536620999999998	-10.082742999999999
Cc2d1a	-13.078917500000001	-9.625039
Gm16143	-20.90496	-17.451083999999998
Cpt2	-13.120072	-9.666194
Esyt1	-11.445888	-7.992009599999999
Pbk	-17.646864	-14.1929865
Lor	-17.2414	-13.787521
Rdh5	-13.042849	-9.58897
Samm50	-11.268243	-7.814365
Sprtn	-13.2931185	-9.83924
Tyrobp	-15.894326000000001	-12.440448
Gatad2b	-11.064946	-7.6110682
Sdhc	-10.923264	-7.4693856
Sbno2	-12.872601	-9.418722
Mfsd6l	-19.295523	-15.841645000000002
Tgtp2	-19.518665	-16.064789
Gm16759	-16.037426	-12.583549
Poln	-17.609123	-14.155246
Slc25a31	-19.113201	-15.659324
Snx29	-13.706029999999998	-10.2521515
Pcyox1	-12.092267	-8.638389
Rassf3	-10.292896	-6.8390183
Heca	-11.508059	-8.05418
Tmem231	-13.643034	-10.189156
Ankrd52	-13.610584	-10.156706
Snx6	-11.262124	-7.8082460000000005
Sbds	-10.989051	-7.5351729999999995
Arhgef10l	-11.660799	-8.206921000000001
Elp3	-12.794834	-9.340956
Mlx	-12.161589	-8.70771
Fam53b	-12.819166000000001	-9.365288
Nlrp10	-15.914529000000002	-12.46065
B230311B06Rik	-20.211813	-16.757935999999997
Gnb3	-17.769466	-14.315589000000001
Slc19a2	-14.606012	-11.152134
Mapk1ip1l	-12.021737	-8.567859
Zfp397	-12.106809	-8.65293
Myo1h	-14.727017000000002	-11.273139
Ppp1r15a	-11.222806	-7.768928
Abca1	-12.887653	-9.433775
Lrig2	-12.943242	-9.489364
Zfp641	-13.797536	-10.343657499999999
A930009A15Rik	-20.90496	-17.451083999999998
Gm20751	-18.707735	-15.253858
Endov	-13.576524	-10.122645
Prrg4	-19.295523	-15.841645000000002
Adap2	-18.19691	-14.743032999999999
Gm10549	-15.799016	-12.345138
Rpap1	-13.477818	-10.023939
Ncbp1	-12.729695	-9.275817
AI504432	-17.813917	-14.36004
Tnnc2	-14.628318	-11.174439
Tanc2	-12.096741999999999	-8.642863
Gm42596	-18.707735	-15.253858
Efcab11	-18.01459	-14.560711999999999
Sept1	-13.691193	-10.237314
Car7	-16.535513	-13.0816345
Ppp1r13b	-12.56977	-9.115891
Col6a5	-18.340011999999998	-14.886134
Gspt1	-10.901086	-7.447208
Bend3	-14.959539999999999	-11.505662
Ap2b1	-11.936438	-8.482559
Ebag9	-12.695653	-9.241775
Sestd1	-12.222083999999999	-8.768206
Tcfl5	-19.113201	-15.659324
Nradd	-13.267726999999999	-9.8138485
Tap2	-12.775197	-9.321319
BC026513	-16.86191	-13.408031
Fcgr4	-20.211813	-16.757935999999997
1700020L24Rik	-18.707735	-15.253858
Gm49733	-18.707735	-15.253858
Pkd1	-10.284366	-6.830487700000001
0610009L18Rik	-11.947837	-8.493958000000001
Gm15866	-17.216082	-13.762203
Acadvl	-11.288289	-7.834411
9330020H09Rik	-14.836535000000001	-11.382657
Gm38409	-19.806348999999997	-16.352472
Sec24c	-12.072811	-8.618933
Sec11c	-11.122794	-7.668916
Exosc2	-13.3314295	-9.877550999999999
Jag2	-15.174860999999998	-11.720983
Apobec2	-14.769397	-11.315517999999999
Zfp654	-12.768736	-9.3148575
Gm13010	-15.462543499999999	-12.008664999999999
Srp68	-11.941161	-8.487283
Myl6b	-14.913497	-11.459619
Gars	-11.980837	-8.526958
Vav2	-14.462420999999999	-11.008543
Gm12002	-17.503763	-14.049885999999999
Pax3	-19.113201	-15.659324
Rpl36	-8.30805	-4.854172
Trp53inp2	-11.301701	-7.8478227
Arl2	-11.358577	-7.904699000000001
Usp38	-13.157364000000001	-9.7034855
Helq	-13.988245999999998	-10.534367999999999
Adam18	-17.960522	-14.506644
Lmbr1	-13.166473000000002	-9.712595
Dennd4a	-12.452414	-8.998535
Iqcg	-16.628294	-13.174417000000002
Dhx16	-12.820089999999999	-9.366211999999999
Bicra	-13.495825	-10.041946000000001
4930523C07Rik	-9.824281	-6.370403
Map4k3	-12.69158	-9.237701
Lin7b	-14.972716	-11.518838
Gca	-16.351084	-12.897206
Cenpe	-15.817364999999999	-12.363486
2310039H08Rik	-11.9489975	-8.495119
Lpar3	-17.470974	-14.017095999999999
Zfp830	-12.166386	-8.712507
Spire1	-12.440325999999999	-8.986447
Vmn1r18	-18.707735	-15.253858
Gm48715	-16.299791	-12.845913000000001
1700021F05Rik	-12.646539	-9.19266
Irx2	-15.690025	-12.236147
Dus1l	-12.985605	-9.531727
Mfsd13a	-16.614501999999998	-13.160623999999999
Fndc7	-17.960522	-14.506644
Tgif2	-16.746078	-13.2922
Gm43254	-15.663214000000002	-12.209335000000001
Ehd1	-11.748338	-8.294459
4921531C22Rik	-13.183613000000001	-9.729733999999999
Fgfr3	-15.586842	-12.132963
Plekhs1	-18.602375	-15.148498000000002
Cdh13	-9.83912	-6.385242
Cbr1	-12.418433	-8.964555
Eogt	-13.202857	-9.748978999999999
Rhobtb2	-13.054857	-9.600978999999999
Gatd1	-12.765813	-9.311933999999999
Mpc2	-10.122241	-6.668363
Nfic	-9.978286	-6.524408
Rrp12	-14.084945000000001	-10.631066
Sgpp1	-12.9654455	-9.511567
Mbd2	-10.969103	-7.515225
Zfp472	-14.114864	-10.660986
Il33	-14.951718	-11.49784
Tmem56	-15.543669	-12.089789999999999
Ccdc124	-11.126866	-7.6729884
Lman2	-11.294503	-7.8406253
Hsf4	-15.529682999999999	-12.075805
Gm13842	-20.211813	-16.757935999999997
Gm14409	-17.960522	-14.506644
Hesx1	-20.90496	-17.451083999999998
Hddc2	-12.625518	-9.171639
Atad1	-12.010016	-8.556138
Ints6	-12.163185	-8.709307
Gpha2	-18.82552	-15.371642000000001
Arpc5l	-10.99291	-7.539032499999999
Gm14419	-15.317713000000001	-11.863833999999999
Gm29290	-19.518665	-16.064789
Rer1	-10.618902	-7.1650243
Specc1l	-11.346219999999999	-7.892342
Id3	-9.216671	-5.7627935
Csnk1d	-11.776156	-8.322278
Itih4	-10.4649515	-7.011073599999999
Gm33228	-19.806348999999997	-16.352472
Gstm5	-11.445030000000001	-7.9911523
Dzip3	-12.9225445	-9.468666
Ttll5	-13.237802499999999	-9.783924
Itpr1	-10.398524	-6.944646400000001
Hif1an	-13.157796	-9.703917500000001
P3h3	-10.986684	-7.532806
Nwd1	-17.470974	-14.017095999999999
Zfp606	-13.464814000000002	-10.010936000000001
Dlx5	-14.4656105	-11.011732
Gm45463	-20.90496	-17.451083999999998
Scoc	-10.996387	-7.5425086
9230112D13Rik	-16.383173	-12.929295
Gm49375	-20.211813	-16.757935999999997
Plscr2	-16.100939	-12.647061
Nphp4	-16.22283	-12.768951
Mthfd1	-12.56977	-9.115891
Rhpn1	-18.82552	-15.371642000000001
Gm20383	-15.745906	-12.292027000000001
Cnpy4	-12.495353999999999	-9.041475
Ngly1	-11.93886	-8.484982
Ppm1d	-12.666425	-9.212546000000001
Exph5	-20.211813	-16.757935999999997
Muc3a	-19.113201	-15.659324
Tmem156	-18.507065	-15.053187
Qtrt2	-13.232669	-9.778789999999999
Aspm	-16.48612	-13.032242
Slc4a4	-13.418909	-9.965031
Ttc5	-12.354913999999999	-8.901035
Chpf	-11.610004	-8.156125999999999
Mier2	-13.802462	-10.348583
Sulf2	-11.242844999999999	-7.7889667000000005
Pdhb	-11.830899	-8.377021000000001
Mbd5	-12.313217	-8.859339
1810013L24Rik	-12.07676	-8.622882
Sox6os	-14.400673000000001	-10.946794500000001
Sec61b	-10.172245	-6.718367
4930458D05Rik	-15.935148000000002	-12.48127
Ccdc173	-13.650077	-10.196197999999999
Amot	-14.760776000000002	-11.306897
Slc2a8	-12.786456	-9.332578
Baiap2l2	-16.33025	-12.876371
Zfp691	-14.791279000000001	-11.3374
Spata9	-18.265903	-14.812026000000001
Parva	-10.929246000000001	-7.475368
Gm35558	-18.01459	-14.560711999999999
Ube2e1	-11.536078999999999	-8.082201
Mef2c	-9.624459	-6.170582
Platr23	-17.167292	-13.713413000000001
Gm17087	-17.503763	-14.049885999999999
Hcfc2	-12.661416000000001	-9.207538000000001
Plekhm3	-13.164732	-9.710854
Naxe	-11.342697	-7.888819
Hoxb5	-13.042849	-9.58897
Dnajc4	-11.683086999999999	-8.229208999999999
Acsf2	-14.480092	-11.026214
Akr1b3	-10.987275	-7.533397
Tef	-11.060481	-7.606603
Enc1	-15.553103	-12.099225
Gm17501	-12.30306	-8.849181
Eif4a2	-9.975038	-6.5211596
Fam193b	-12.756803999999999	-9.302926
Mmgt2	-12.537662	-9.083783
Lst1	-15.970488000000001	-12.516608999999999
Mid1	-13.940825	-10.486947
H2-T24	-18.01459	-14.560711999999999
Gm11963	-16.656466	-13.202587
Arpc3	-10.363866	-6.909988
Spred1	-12.061923	-8.608044999999999
Gm42567	-18.95905	-15.505172
Rbm33	-12.091077	-8.637198
Oas1a	-19.518665	-16.064789
Gm15893	-19.295523	-15.841645000000002
Nos1ap	-12.665631	-9.211753
Gm34099	-19.113201	-15.659324
Gstm7	-12.706872	-9.252994000000001
Cdca2	-17.349613	-13.895735
Rps19	-8.346694	-4.892816000000001
Hspa8	-8.091035	-4.6371574
Tmem269	-19.113201	-15.659324
Adh5	-11.192331	-7.7384534
Msn	-9.43984	-5.9859624
Csnk1g1	-12.214487	-8.760609
Hk2	-12.097339999999999	-8.643461
Rassf5	-15.399629999999998	-11.945751
Gm48882	-14.114864	-10.660986
Cpeb4	-11.686950999999999	-8.233072
Gm50107	-15.970488000000001	-12.516608999999999
Dpep1	-15.712005	-12.258125999999999
Cavin3	-9.384542999999999	-5.930666
Cpne5	-15.591755	-12.137876499999999
Kcne1l	-18.420053	-14.966176
Dnajb12	-12.486042999999999	-9.032164999999999
Rps15a	-8.266952999999999	-4.8130755
Bdkrb2	-15.811210999999998	-12.357332000000001
Tenm4	-16.548251999999998	-13.094374
Slc14a2	-19.295523	-15.841645000000002
Pex5l	-16.427623999999998	-12.973746
Cdh16	-15.488860999999998	-12.034983
Tmem176a	-13.435307	-9.981428
Gm34086	-19.806348999999997	-16.352472
Zfp825	-13.62014	-10.166262
Csnk2a2	-11.769021	-8.315142999999999
Tdg	-12.685366	-9.231487
Acss1	-14.445057	-10.9911785
Mef2d	-11.248782	-7.794903999999999
Gm42868	-18.95905	-15.505172
Noa1	-13.465989000000002	-10.012111
Wdr4	-13.624953	-10.171075
Capg	-12.432765	-8.978887
Muc4	-15.420164000000002	-11.966286
Katnb1	-13.513546	-10.059667999999999
Sqor	-12.254287	-8.800408000000001
2310058D17Rik	-17.321442	-13.867564000000002
Tmem238	-12.127714	-8.673836
Cav3	-12.083081	-8.629203
Gm13889	-10.048581	-6.594703
Erbb2	-13.6845875	-10.230709
Spats2	-13.487982	-10.034103
Ryr3	-17.076319	-13.622441
Unc45b	-16.340612	-12.886735
Ing4	-11.850924000000001	-8.397045
Foxo6	-14.496432	-11.042553999999999
9130230N09Rik	-15.520466	-12.066587
Gm17108	-16.614501999999998	-13.160623999999999
Vmn1r203	-20.211813	-16.757935999999997
Tubgcp2	-12.678121	-9.224242
St6galnac6	-11.911037	-8.457158999999999
Mcm3ap	-12.686713000000001	-9.232835000000001
Olfr714	-20.211813	-16.757935999999997
Slc12a8	-17.572756	-14.118878
Zfp831	-20.90496	-17.451083999999998
Itga11	-16.319994	-12.866116
Lclat1	-12.863871000000001	-9.409991999999999
Ctnnal1	-12.555477	-9.101599
Nfkbid	-17.294043	-13.840164999999999
Dclk3	-18.507065	-15.053187
Acsl4	-12.747877	-9.293999000000001
LTO1	-13.264838000000001	-9.810960000000001
1700008J07Rik	-14.3697195	-10.915841
Vdac2	-10.231597	-6.777719
Ptpn11	-10.756843	-7.3029646999999995
Gm14167	-16.730574	-13.276695000000002
Sparcl1	-9.550961000000001	-6.0970830000000005
AI429214	-15.616694	-12.162816000000001
Simc1	-13.937994	-10.484116
Ell2	-11.890392	-8.436514
Fam184b	-14.604176	-11.150297
C030032O16Rik	-17.321442	-13.867564000000002
9130008F23Rik	-13.446775	-9.992897
Lrp3	-12.777262	-9.323383
9530052C20Rik	-18.507065	-15.053187
Gm10801	-19.806348999999997	-16.352472
Ifi44	-20.90496	-17.451083999999998
Rab3il1	-15.291832999999999	-11.8379545
Scn2a	-12.344134	-8.890255999999999
Prpf18	-12.536732	-9.082853
Spopl	-12.192860000000001	-8.738980999999999
Dgkh	-12.198967999999999	-8.74509
Gm16617	-19.113201	-15.659324
Gm45479	-18.95905	-15.505172
Litaf	-13.216505999999999	-9.762628
Safb2	-11.720349	-8.266471000000001
Mllt10	-11.456391	-8.002513
Gm16537	-15.775063000000001	-12.321183999999999
Ass1	-15.280944	-11.827065
Nr1i3	-17.646864	-14.1929865
Gm14862	-15.928227	-12.474349
Gm47320	-18.707735	-15.253858
Isl1	-15.321465	-11.867586
6530437J22Rik	-16.600895	-13.147017499999999
Fars2	-12.529330999999999	-9.075453
Ift57	-12.230250999999999	-8.776373
Foxr2	-20.90496	-17.451083999999998
Tmtc2	-11.708719	-8.254841
Rxylt1	-11.560352	-8.106474
Hmgxb3	-12.917437	-9.463558
Casc1	-16.204481	-12.750603
Ppp3r2	-20.211813	-16.757935999999997
Sarm1	-16.628294	-13.174417000000002
Ccdc144b	-19.806348999999997	-16.352472
F11r	-13.023024000000001	-9.569144999999999
Commd6	-11.531397	-8.077518
Slc35e1	-12.962599	-9.50872
Tmem104	-13.646548999999998	-10.192671
Maip1	-12.339739999999999	-8.885861
F630040K05Rik	-19.518665	-16.064789
Zfp984	-14.122769	-10.668891
Tacc3	-14.778092000000001	-11.324214
Spry1	-13.574556	-10.120678
Ino80c	-13.277417000000002	-9.823539
Gm10184	-16.522934	-13.0690565
Irx1	-18.507065	-15.053187
Aven	-12.718496	-9.264617999999999
Bzw1	-10.926227	-7.4723487
Usp28	-13.387984	-9.934106
Gm16835	-16.037426	-12.583549
Nrm	-14.215361999999999	-10.761483
Fbxo31	-12.034578999999999	-8.580701
Rpl8	-8.269342	-4.8154645
Gm7598	-16.045149	-12.59127
Armt1	-13.435307	-9.981428
Gm30524	-15.466882	-12.013003
Cxcl5	-20.211813	-16.757935999999997
Rubie	-19.113201	-15.659324
Gm20407	-20.90496	-17.451083999999998
Txk	-19.113201	-15.659324
Cldn18	-20.90496	-17.451083999999998
Trappc3l	-18.071747	-14.617869
Kat2b	-11.696122	-8.242244
Gm43791	-19.295523	-15.841645000000002
Cysltr2	-20.211813	-16.757935999999997
Fam20c	-12.461414	-9.007536
Ikbkg	-13.288185	-9.834307
Rnf19a	-11.5535555	-8.099677
Gm10857	-20.90496	-17.451083999999998
Eif2a	-11.454738	-8.000859
Arhgef10	-12.5857315	-9.131853
Prss35	-16.160028	-12.706151
Knop1	-12.230594	-8.776715
Cgref1	-13.579154	-10.125276
5730409E04Rik	-12.46573	-9.011851
Nrip3	-17.813917	-14.36004
B230398E01Rik	-17.01314	-13.559262
Ackr4	-19.518665	-16.064789
Pvr	-13.261957	-9.808079
Aida	-11.625935	-8.172056
Btbd16	-18.265903	-14.812026000000001
Dao	-19.518665	-16.064789
Lamb2	-9.573341000000001	-6.119464
Zmynd12	-18.19691	-14.743032999999999
Nln	-13.560242	-10.106363
Pdap1	-10.376685	-6.922807000000001
Jmy	-11.481608	-8.02773
She	-18.82552	-15.371642000000001
Cops2	-11.58945	-8.1355715
Lsm2	-12.140439	-8.686561
Gm30074	-20.211813	-16.757935999999997
Platr1	-19.113201	-15.659324
Prkn	-15.067231	-11.613353
Sclt1	-12.95305	-9.499171
Zfp975	-13.796717000000001	-10.342838
4933430L12Rik	-20.211813	-16.757935999999997
Gm49668	-19.295523	-15.841645000000002
Srr	-13.074535000000001	-9.620657000000001
Olfr46	-17.609123	-14.155246
Gm9008	-18.602375	-15.148498000000002
Xylt1	-13.198798000000002	-9.74492
Olfr545	-20.90496	-17.451083999999998
Nle1	-13.697842999999999	-10.243964
Ccdc127	-11.492333	-8.038455
Abhd6	-13.229415	-9.775537
Gpr87	-20.90496	-17.451083999999998
2700033N17Rik	-14.737445000000001	-11.283566
Dlec1	-17.470974	-14.017095999999999
Smcr8	-13.925816000000001	-10.471936999999999
Zfyve28	-14.491501999999999	-11.037623
Lrrc46	-17.860437	-14.40656
Ripor3	-19.113201	-15.659324
Atcay	-18.95905	-15.505172
Dbt	-12.098537	-8.644658999999999
Rwdd3	-15.168389000000001	-11.714511
Fbxl18	-13.174347000000001	-9.720468499999999
Gm46378	-16.561155	-13.107276999999998
Iffo2	-13.275957	-9.822078999999999
Trim43a	-18.602375	-15.148498000000002
Map3k15	-17.726907999999998	-14.273029000000001
Sco2	-13.2931185	-9.83924
Coro6	-14.139922	-10.686044
Aqp5	-17.408453	-13.954576000000001
Uchl4	-17.098299	-13.644421
Ccnb1ip1	-15.529682999999999	-12.075805
Gm11536	-16.700267999999998	-13.24639
Prf1	-19.806348999999997	-16.352472
Nnmt	-11.848588000000001	-8.39471
Armh1	-19.113201	-15.659324
Camsap2	-12.086035	-8.632156
Trim27	-12.376235000000001	-8.922357
Gm29101	-16.777826	-13.323948999999999
Tsc1	-12.977637	-9.523759
4833420G17Rik	-12.204281	-8.750402000000001
Dip2b	-12.612411999999999	-9.158534
BC001981	-19.113201	-15.659324
Lgals9	-15.158757999999999	-11.704880000000001
L2hgdh	-13.474254	-10.020375
Gm16897	-16.730574	-13.276695000000002
Cacnb4	-15.018857	-11.564979
Spon1	-13.9493685	-10.49549
Gm14154	-19.518665	-16.064789
Gm42726	-15.543669	-12.089789999999999
9030612E09Rik	-16.045149	-12.59127
Rhbdf1	-12.324605	-8.870727
Casd1	-12.079695	-8.625816
Gm16059	-18.071747	-14.617869
Zfp213	-14.031797000000001	-10.577919
Rpl5	-8.738138000000001	-5.2842607
Gm49024	-16.535513	-13.0816345
Bcl3	-16.810616	-13.356738
4930520M14Rik	-20.90496	-17.451083999999998
S100pbp	-12.81364	-9.359761
Nudt16l1	-12.344517	-8.890638000000001
Med22	-13.215132999999998	-9.761254
Mcm5	-14.618963	-11.165085000000001
Ap5s1	-13.538516	-10.084638
Nanp	-13.33865	-9.884771
Gm32036	-15.08785	-11.633971
Mterf1b	-16.168762	-12.714885
Mm2pr	-17.408453	-13.954576000000001
Clspn	-15.515889000000001	-12.062011
1810037I17Rik	-10.122489999999999	-6.6686119999999995
Ipo11	-13.708275	-10.254396
A330035P11Rik	-16.134275	-12.680398
Ptprc	-17.349613	-13.895735
Pcdhgc4	-14.991457999999998	-11.53758
Dctd	-16.26057	-12.806692
Mt3	-18.01459	-14.560711999999999
Gm11733	-20.90496	-17.451083999999998
Dmtn	-13.524704999999999	-10.070827
Lrpprc	-12.363661	-8.909782
Tmem74b	-19.113201	-15.659324
Rpl7	-8.417446	-4.963568
Cebpd	-11.08714	-7.633261999999999
Psors1c2	-17.686085000000002	-14.232207
Mrps2	-13.792634	-10.338756
Hsf2	-12.867742	-9.413863000000001
Prrc2b	-10.750753	-7.2968755000000005
Gm7879	-17.321442	-13.867564000000002
Mettl23	-11.80835	-8.354471
Cyth3	-11.188466	-7.7345880000000005
Nlrx1	-13.700068	-10.246189999999999
0610025J13Rik	-18.507065	-15.053187
Sephs1	-12.665631	-9.211753
1700105P06Rik	-15.723178	-12.269299499999999
Gata4	-16.22283	-12.768951
Ifnab	-20.211813	-16.757935999999997
Adcy2	-15.562626999999999	-12.108748
Ndufc2	-10.500031	-7.0461535
Sh2b3	-12.689955	-9.236075999999999
Lmod1	-8.487656	-5.0337777
Gm30409	-20.90496	-17.451083999999998
Ppp2r5a	-10.902987	-7.4491086
Atp10a	-12.073542	-8.619663000000001
Elavl1	-11.452380999999999	-7.9985029999999995
Cpsf4l	-20.211813	-16.757935999999997
Fmo1	-13.339685999999999	-9.885808
Ubn2	-11.068201	-7.614323
Atp5j	-9.420898	-5.9670205
Zfp97	-14.820462	-11.366584
Wars2	-13.963771	-10.509892
Lmntd1	-14.298310999999998	-10.844433
Mrps9	-12.247832	-8.793954
Lockd	-13.853106	-10.399227
4930547M16Rik	-17.726907999999998	-14.273029000000001
Lgals7	-20.211813	-16.757935999999997
Pmepa1os	-16.730574	-13.276695000000002
Ndrg1	-11.411926	-7.958048299999999
Ipcef1	-20.211813	-16.757935999999997
Fam234a	-12.231448	-8.777569999999999
Ybey	-13.948416	-10.494537
Mrps22	-12.750461	-9.296582
Il13ra1	-13.185831	-9.731953
5330417C22Rik	-18.82552	-15.371642000000001
Mkrn1	-12.036688999999999	-8.58281
Hapln3	-16.309841	-12.855963000000001
Igflr1	-14.951718	-11.49784
Gm12108	-19.295523	-15.841645000000002
Smg7	-12.090631	-8.636752
Gm19325	-15.224789000000001	-11.77091
Cyp39a1	-13.638832	-10.184954
Cd7	-19.806348999999997	-16.352472
Tex38	-18.82552	-15.371642000000001
Tmtc3	-12.288647000000001	-8.834767999999999
Egln2	-11.662153	-8.208275
1700082M22Rik	-20.211813	-16.757935999999997
Efcc1	-18.340011999999998	-14.886134
Prdm5	-12.778443	-9.324565
P4ha3	-16.992937	-13.539060000000001
mt-Atp8	-9.788655	-6.3347774
Cidec	-20.90496	-17.451083999999998
Sertad3	-13.178748	-9.72487
Ccdc38	-19.295523	-15.841645000000002
Sucla2	-11.253789	-7.799911
A930012O16Rik	-15.30654	-11.852661
Lrrc24	-15.984981	-12.531102
Ancv1r	-18.01459	-14.560711999999999
Gm49698	-15.999685999999999	-12.545808000000001
Tafa3	-17.19139	-13.737510999999998
Smtnl2	-16.340612	-12.886735
Oaz3	-17.960522	-14.506644
Prorp	-14.468810999999999	-11.014933000000001
Ctbs	-12.872601	-9.418722
B3gnt4	-18.132372	-14.678494
Kbtbd6	-17.470974	-14.017095999999999
Gimap9	-17.537664000000003	-14.083787
Gm10190	-20.90496	-17.451083999999998
Trim24	-12.018414	-8.564535000000001
Gm9803	-15.165168	-11.711289
Lgi3	-14.234195000000001	-10.780316000000001
Pgm2	-13.657167999999999	-10.203289999999999
Ppp2r3a	-12.008510000000001	-8.554631
Trp53bp2	-12.465513	-9.011635
Ubxn4	-10.539565	-7.085686999999999
Stkld1	-18.19691	-14.743032999999999
AA986860	-15.529682999999999	-12.075805
Ppid	-11.591433	-8.137554
Dnah12	-20.211813	-16.757935999999997
Tmem236	-18.340011999999998	-14.886134
Jph2	-10.680406	-7.2265277
Gdf11	-14.996879000000002	-11.543
Pop1	-14.098132000000001	-10.644254
Ptges3l	-11.874464999999999	-8.420587
Mto1	-13.263397	-9.809519
4933408J17Rik	-18.602375	-15.148498000000002
Cebpzos	-12.607667	-9.153789
Trmt44	-13.633257999999998	-10.179378999999999
Tnfrsf14	-18.265903	-14.812026000000001
Ski	-10.615157	-7.1612789999999995
Pigh	-13.310579999999998	-9.856702
Mamld1	-13.161692000000002	-9.707813
Slc12a4	-11.743391	-8.289513000000001
2900045O20Rik	-17.769466	-14.315589000000001
Fam185a	-14.046396	-10.592518
Hmgn3	-10.77797	-7.3240924
Cradd	-12.999151	-9.545273
4930562D21Rik	-20.90496	-17.451083999999998
2610027K06Rik	-14.664685	-11.210807
Edc3	-13.551239	-10.097361
Ice2	-13.381479999999998	-9.927602
Fbxo10	-13.818223000000001	-10.364345
Rell1	-12.937334	-9.483456
Dynlt1c	-15.977707999999998	-12.523829
Gm43522	-20.90496	-17.451083999999998
Hapln1	-13.398919	-9.945041
Plekha1	-11.168059	-7.7141814
Cdk19os	-17.537664000000003	-14.083787
Gpatch3	-14.733260000000001	-11.279382
Foxl1	-14.164442000000001	-10.710564
Bicral	-12.205613	-8.751735
Ech1	-10.891499000000001	-7.437620599999999
Gm32352	-14.654986	-11.201108
Ppp4r2	-10.922663	-7.4687850000000005
Clcf1	-14.656919	-11.20304
Ccdc102a	-12.324042	-8.870164
Ebf3	-16.915976999999998	-13.462098999999998
Traf3	-12.672255499999999	-9.218377
Cfap57	-18.507065	-15.053187
Zmym3	-13.065828999999999	-9.611951
Rasl10a	-16.060774	-12.606895
Pcdhga5	-14.035947	-10.582068
Lyrm2	-12.108319999999999	-8.654442
Ppig	-10.525580999999999	-7.0717034
Btf3	-9.430288000000001	-5.976410400000001
Ywhae	-10.291518	-6.8376402999999994
Ror1	-12.208117	-8.754238
Tmem181a	-13.210114	-9.756235
Fcer1a	-20.90496	-17.451083999999998
1700007F19Rik	-20.90496	-17.451083999999998
Gm15537	-17.439224	-13.985347
Paics	-11.386915	-7.9330373
Gzmm	-15.124217999999999	-11.67034
Polr2d	-12.25832	-8.804441
Mob1b	-12.045882	-8.592004
Samd11	-18.507065	-15.053187
Car5a	-19.113201	-15.659324
Gm49249	-20.211813	-16.757935999999997
4930455M05Rik	-20.90496	-17.451083999999998
Ndel1	-11.62743	-8.173552
Gm17455	-15.723178	-12.269299499999999
Ly6d	-19.806348999999997	-16.352472
Nsdhl	-13.365934	-9.912056
Gm31282	-17.572756	-14.118878
Ccm2	-12.255162	-8.801283999999999
Skiv2l	-12.594054	-9.140176
Hp	-19.295523	-15.841645000000002
4833419F23Rik	-14.64538	-11.191502
Lzts1	-16.600895	-13.147017499999999
Atp2b4	-10.238752999999999	-6.7848754
Esrrg	-17.769466	-14.315589000000001
1700104B16Rik	-20.211813	-16.757935999999997
Spr	-11.175469999999999	-7.7215924
Atp11a	-12.971882	-9.518003
Hist1h1t	-19.518665	-16.064789
Slc7a7	-14.403671	-10.949793
Rmnd1	-12.690496000000001	-9.236618
Zcchc8	-12.426300999999999	-8.972423
Nalcn	-12.505426	-9.051548
Emc3	-11.234605	-7.780727000000001
1110019B22Rik	-18.19691	-14.743032999999999
Itgb6	-20.211813	-16.757935999999997
Csrnp1	-12.908644	-9.454765
Rec8	-19.113201	-15.659324
Fam131b	-16.060774	-12.606895
4921514A10Rik	-18.132372	-14.678494
Ddx1	-11.159239	-7.705361
March10	-20.90496	-17.451083999999998
Mylk	-8.516367	-5.062489
Bhlha15	-18.420053	-14.966176
Olfr1564	-18.82552	-15.371642000000001
Il1r1	-12.043895	-8.590016
Sec23a	-11.530717999999998	-8.076839
Klhl32	-15.577085	-12.123206
Nrf1	-12.856492	-9.402614
Ngfr	-20.211813	-16.757935999999997
Acacb	-14.317410999999998	-10.863533
Wdtc1	-12.401461999999999	-8.947583
Gm16541	-19.806348999999997	-16.352472
Top2a	-15.466882	-12.013003
Maneal	-17.2414	-13.787521
Gm38097	-20.90496	-17.451083999999998
Selenbp1	-11.872313499999999	-8.418435
mt-Cytb	-6.623323399999999	-3.1694459999999998
Tmc6	-13.288185	-9.834307
Pdcd1	-20.211813	-16.757935999999997
Zbtb46	-13.695621	-10.241742
Ubl4a	-12.249573	-8.795694000000001
4930404H11Rik	-20.211813	-16.757935999999997
Gm37273	-17.609123	-14.155246
Fen1	-15.13352	-11.679642
Klhl10	-17.2414	-13.787521
Hopx	-16.614501999999998	-13.160623999999999
Kif9	-16.319994	-12.866116
Kmt2c	-11.013546	-7.559667999999999
Rsad1	-14.193221	-10.739343
A630014C17Rik	-20.90496	-17.451083999999998
Gm50251	-19.113201	-15.659324
Ccl4	-17.813917	-14.36004
Dazap2	-11.145978999999999	-7.692100999999999
Synpo2	-9.330621	-5.876743
Kcnj13	-16.383173	-12.929295
Gabra2	-19.518665	-16.064789
Gm17690	-15.484426500000001	-12.030548
Msrb1	-9.67647	-6.222592
Gm49380	-16.02216	-12.568280999999999
Hacd4	-11.676584	-8.222706
Snta1	-11.211454	-7.7575765
Rbpj	-11.045113	-7.591234700000001
Trpm2	-20.90496	-17.451083999999998
Fastkd3	-14.076248999999999	-10.622371000000001
Henmt1	-20.90496	-17.451083999999998
Gm47917	-20.90496	-17.451083999999998
Gm29358	-15.601656	-12.147778
Wbp4	-10.98275	-7.528872
Zfp942	-13.52035	-10.066472000000001
G630064G18Rik	-20.211813	-16.757935999999997
Polr3c	-13.159958999999999	-9.70608
Rtel1	-14.119373000000001	-10.665495
D730003K21Rik	-17.860437	-14.40656
Nab1	-11.076682	-7.6228039999999995
Gm29151	-20.90496	-17.451083999999998
Loxl3	-12.307664	-8.853785499999999
6230400D17Rik	-15.002328	-11.5484495
Smad7	-11.2841015	-7.830223599999999
Abcg3	-19.806348999999997	-16.352472
Tinf2	-14.0959215	-10.642043
Gm10785	-16.394102	-12.940224
Neb	-15.577085	-12.123206
Ankrd45	-14.224107	-10.770228
Mia2	-11.32582	-7.871942
Slc16a4	-14.926076	-11.472197999999999
Dcst2	-19.806348999999997	-16.352472
Eapp	-11.328104	-7.874225999999999
H2-Q10	-17.19139	-13.737510999999998
Hist2h3c1	-14.441932000000001	-10.988053
Dffb	-14.162081	-10.708202
Maged1	-10.606867999999999	-7.152989999999999
Ehbp1	-13.228488	-9.774610000000001
Pigt	-12.580867999999999	-9.126989
Olfr30	-20.211813	-16.757935999999997
Nxf1	-12.498923	-9.045045
Jund	-8.664733	-5.2108555
Cyp4f14	-15.207868	-11.753989
A330032B11Rik	-19.295523	-15.841645000000002
Pamr1	-12.162866000000001	-8.708986999999999
Ccn1	-9.177263	-5.7233852999999995
Src	-12.790338	-9.336459
Cnot11	-12.63188	-9.178001
Arrdc2	-13.741014499999999	-10.287136
Nr2c2ap	-12.703027	-9.249148
C030017D09Rik	-20.90496	-17.451083999999998
Slc35d2	-14.454491	-11.000612
Erich6	-18.19691	-14.743032999999999
Gm29994	-15.868008999999999	-12.41413
Slc25a14	-13.668622000000001	-10.214744
Cdca4	-13.742564000000002	-10.288686
Rpl29	-8.8843565	-5.430479
Gm830	-12.49424	-9.040361
Gm11944	-17.609123	-14.155246
2610203C22Rik	-16.614501999999998	-13.160623999999999
Ust	-12.378411999999999	-8.924534
Herpud2	-11.7501335	-8.296255
S1pr3	-14.752229000000002	-11.29835
Micos13	-10.711644	-7.2577662
Gm28857	-19.113201	-15.659324
Tubgcp4	-12.952698	-9.498819000000001
Stxbp4	-13.371267000000001	-9.917389
Mrps27	-13.314109	-9.86023
Zc3h7a	-11.953261999999999	-8.499384
Rab44	-20.90496	-17.451083999999998
Apobr	-14.421854000000002	-10.967976
Clic3	-18.265903	-14.812026000000001
Med27	-12.912353999999999	-9.458476
Gm29331	-20.211813	-16.757935999999997
Arhgap45	-16.715304999999997	-13.261428
Prdx5	-10.294177000000001	-6.840299000000001
Git1	-12.988519	-9.53464
Gm43698	-18.19691	-14.743032999999999
Vps37b	-12.217688	-8.763809
Dek	-9.907757	-6.453879
Ces1d	-18.95905	-15.505172
Zdhhc22	-20.211813	-16.757935999999997
Zfp971	-14.098132000000001	-10.644254
Gm28417	-19.113201	-15.659324
Nudt7	-13.762924	-10.309046
Lrrtm2	-17.726907999999998	-14.273029000000001
Timm17b	-11.691127	-8.237248
Gm11626	-19.295523	-15.841645000000002
Gnasas1	-20.90496	-17.451083999999998
App	-9.531757	-6.07788
Gm32548	-20.90496	-17.451083999999998
Pou3f2	-19.518665	-16.064789
4930471G24Rik	-19.806348999999997	-16.352472
Rbm24	-11.853264999999999	-8.399386
Pcdha5	-19.113201	-15.659324
Gm35769	-19.806348999999997	-16.352472
Idh3a	-11.66196	-8.208081
Eomes	-19.518665	-16.064789
Spryd3	-12.238486	-8.784608
Gm10490	-19.806348999999997	-16.352472
Ntng2	-17.439224	-13.985347
Dpm3	-10.315226	-6.8613477
Mtmr4	-13.181841	-9.7279625
Atp5g1	-9.824867	-6.3709893
Slc35d1	-12.784372	-9.330494
Zfp182	-13.41947	-9.965591
Msra	-11.660896000000001	-8.207018
Tpm3	-11.292361	-7.8384833
Gm50304	-20.90496	-17.451083999999998
Smim24	-17.03376	-13.579882000000001
Dleu2	-11.692324000000001	-8.238445
Gm4981	-20.90496	-17.451083999999998
Chrd	-13.753476000000001	-10.299598
Dact3	-10.547630999999999	-7.0937532999999995
Kansl1l	-11.782797	-8.328918
2310061I04Rik	-12.854577	-9.400699000000001
Nsmce1	-11.653767	-8.199888
Ska1	-19.295523	-15.841645000000002
2010013B24Rik	-20.90496	-17.451083999999998
Fbxo44	-13.907364999999999	-10.453486
Skil	-10.901719	-7.447841
9130221H12Rik	-14.055895000000001	-10.602016
Cfap20	-11.939882	-8.486004
A530088E08Rik	-18.602375	-15.148498000000002
Sobp	-12.366007000000002	-8.912128
Jade1	-12.255336999999999	-8.801458
Fetub	-17.054813	-13.600935
Dio2	-15.775063000000001	-12.321183999999999
Pim3	-12.379997999999999	-8.92612
Ptk2b	-16.600895	-13.147017499999999
Rbm26	-11.341291	-7.887413499999999
Kcnk12	-20.90496	-17.451083999999998
Slc52a3	-18.95905	-15.505172
Ube2j2	-12.025767	-8.571889
Ebna1bp2	-11.380028999999999	-7.926150999999999
Ret	-19.806348999999997	-16.352472
Itih5	-14.400673000000001	-10.946794500000001
Fam199x	-12.882064999999999	-9.428186
Ppp1r12a	-8.57492	-5.121042299999999
Ctc1	-13.565423999999998	-10.111546
Atp2c2	-20.90496	-17.451083999999998
Nmrk1	-13.827463	-10.373585
Gemin2	-13.570632000000002	-10.116754
Mff	-11.250639999999999	-7.796761999999999
Naf1	-11.896614999999999	-8.442737
Ormdl1	-13.726416	-10.272537
Gm39323	-19.113201	-15.659324
Gm42560	-20.211813	-16.757935999999997
Mapre1	-10.350295	-6.896417
1700019L13Rik	-15.259514999999999	-11.805636
Ctsd	-9.670427	-6.21655
Zfp689	-14.686360999999998	-11.232483
Cox11	-13.03556	-9.581681
Usp36	-12.632900999999999	-9.179022999999999
Gm41609	-19.518665	-16.064789
Gm37876	-19.295523	-15.841645000000002
Irak1	-11.897962	-8.444083000000001
BC049352	-20.90496	-17.451083999999998
Gm11335	-18.82552	-15.371642000000001
Gfap	-18.071747	-14.617869
Sept2	-13.004695	-9.550817
Tpsb2	-19.518665	-16.064789
Cyp4b1	-18.707735	-15.253858
1700007L15Rik	-15.792973499999999	-12.339095
Pank2	-12.27444	-8.820561
Cmc4	-12.993271	-9.539392
Mc5r	-16.383173	-12.929295
Gon4l	-11.742447	-8.2885685
Trdv4	-19.518665	-16.064789
Nuggc	-18.95905	-15.505172
Ndufs8	-11.068896	-7.615018400000001
Gm32200	-19.113201	-15.659324
Fkbp1a	-9.814195	-6.3603168
Nhlh1	-20.90496	-17.451083999999998
Gm30373	-19.806348999999997	-16.352472
Mrps11	-12.2884655	-8.834586999999999
Gm47121	-17.2414	-13.787521
Cd69	-18.602375	-15.148498000000002
Gm42372	-18.95905	-15.505172
Ddx3y	-20.90496	-17.451083999999998
Senp7	-11.855611999999999	-8.401733
Ak7	-18.602375	-15.148498000000002
BC049987	-20.211813	-16.757935999999997
Mob1a	-11.509053999999999	-8.055176
Olfr1156	-20.211813	-16.757935999999997
Dlg3	-12.634692	-9.180814
Slc43a2	-15.553103	-12.099225
Ckap2l	-16.535513	-13.0816345
Gm15657	-20.90496	-17.451083999999998
Tnfrsf22	-16.037426	-12.583549
Shisa2	-16.685453	-13.231575
Mtss2	-12.030374	-8.576495
Ppme1	-11.795767999999999	-8.341889
Usp8	-11.445888	-7.992009599999999
Glyat	-20.90496	-17.451083999999998
Maf	-11.702149	-8.248271
Rab5a	-11.182217	-7.7283387
P2ry12	-19.113201	-15.659324
Camk4	-18.19691	-14.743032999999999
A930001M01Rik	-16.794086	-13.340209
Dlg2	-14.372627	-10.918749
Msh3	-13.094203	-9.640325
Rnpep	-12.2265	-8.772621000000001
Gzf1	-12.477474	-9.023596000000001
Stamos	-16.474144	-13.020266000000001
Baiap2	-14.002218	-10.54834
Ppp2r5c	-11.200169	-7.7462907
Tor2a	-12.682139	-9.228261
Gm38102	-16.700267999999998	-13.24639
Thap2	-12.006049	-8.552171000000001
Mypop	-13.475439999999999	-10.021562
Trim17	-18.19691	-14.743032999999999
Baiap3	-17.503763	-14.049885999999999
Cct6b	-16.109170000000002	-12.6552925
Frk	-13.243433999999999	-9.789556
Gm15559	-16.340612	-12.886735
Ythdc2	-12.92665	-9.472772
Adk	-10.986289	-7.532411
Gm12454	-14.399178	-10.945299
Ptpn6	-17.726907999999998	-14.273029000000001
Rexo4	-12.474197	-9.020319
Apoc2	-20.90496	-17.451083999999998
Hbb-bs	-12.270341	-8.8164625
Gpsm2	-11.351244	-7.897366000000001
Mrm2	-13.569327	-10.115449
Rmst	-20.90496	-17.451083999999998
Gorasp1	-13.41947	-9.965591
Fgl1	-19.113201	-15.659324
Gm47079	-19.295523	-15.841645000000002
Arhgap42	-13.804110000000001	-10.350230999999999
Mta3	-12.581839	-9.12796
4930553P18Rik	-19.518665	-16.064789
Dtna	-10.979516	-7.525638000000001
Usp22	-12.602694999999999	-9.148817
Bin2	-19.113201	-15.659324
Klc3	-12.364246000000001	-8.910368
Uhrf1	-16.844519000000002	-13.39064
Ubxn2a	-11.013444999999999	-7.5595669999999995
Gm49691	-20.211813	-16.757935999999997
Hmbox1	-12.486705	-9.032826
Gm21188	-20.211813	-16.757935999999997
Impact	-12.029255000000001	-8.575376499999999
4930428O21Rik	-20.90496	-17.451083999999998
Gm11264	-15.407793	-11.953915
Rps27l	-9.8329	-6.379022
Rnf139	-12.347971000000001	-8.894093
Fzd5	-12.932151	-9.478272
5730414N17Rik	-15.270171	-11.816293
Ccdc191	-12.906961	-9.453083
Spop	-10.345042	-6.8911643
Wfdc12	-20.90496	-17.451083999999998
Gm37864	-16.561155	-13.107276999999998
Slain2	-11.301431	-7.847553
Gm7854	-17.813917	-14.36004
Uap1	-12.216339	-8.762461
5430403G16Rik	-13.737924	-10.284044999999999
Bpgm	-13.140665	-9.686786999999999
Mrpl9	-12.217856	-8.763978
Il15ra	-13.976423	-10.522545
Bnc2	-16.93467	-13.480791
Chrm1	-20.211813	-16.757935999999997
9630028I04Rik	-18.82552	-15.371642000000001
Gpatch2	-12.689684	-9.2358055
Ipmk	-13.611263000000001	-10.157385000000001
Gm14401	-17.769466	-14.315589000000001
Dnaaf4	-14.983382999999998	-11.529505
C1qa	-15.067231	-11.613353
Zfp982	-14.000210999999998	-10.546332000000001
Tex43	-19.113201	-15.659324
Zfp709	-14.829616	-11.375736999999999
Cplane2	-17.098299	-13.644421
Fli1	-13.414432000000001	-9.960552999999999
Gm30363	-18.95905	-15.505172
Sertad1	-11.300351	-7.846473
A630089N07Rik	-13.812387	-10.358509
Spta1	-20.90496	-17.451083999999998
Bace1	-11.569575	-8.115697
Pgm1	-12.658527000000001	-9.204649
Ppp1r36	-13.834237	-10.380359
Mhrt	-18.265903	-14.812026000000001
Tex45	-20.90496	-17.451083999999998
Ubac1	-12.26096	-8.807081
Ints2	-13.320697000000001	-9.866817999999999
Phka2	-12.715994	-9.2621155
Gm42538	-19.518665	-16.064789
Zfr2	-13.528453	-10.074574
Gm26594	-19.518665	-16.064789
Mettl21a	-12.746159	-9.29228
Grik1	-19.518665	-16.064789
4930509E16Rik	-19.806348999999997	-16.352472
Gpx1	-9.220303999999999	-5.7664256
4930509H03Rik	-14.658854500000002	-11.204976
Clybl	-12.488694	-9.034816000000001
Pacsin2	-11.038916	-7.585037700000001
Cacna1c	-12.081017999999998	-8.627139999999999
Kctd21	-14.598685999999999	-11.144808
Gm15535	-15.466882	-12.013003
Trim16	-13.83254	-10.378661
H1f0	-11.631834	-8.177956
Olfr1393	-20.211813	-16.757935999999997
Arf2	-12.139503	-8.685624
Nyap1	-14.206693	-10.752814
Tmem87b	-11.536078999999999	-8.082201
Fgf12	-16.251001000000002	-12.797123
Tph2	-19.806348999999997	-16.352472
Gpr17	-18.602375	-15.148498000000002
1700092M07Rik	-19.295523	-15.841645000000002
Psmb4	-10.316081	-6.862203
Plekha5	-11.577816	-8.123938
Gm4907	-19.518665	-16.064789
Appl1	-11.251154	-7.797275999999999
Spag1	-14.959539999999999	-11.505662
Herc3	-12.852983	-9.399105
Klhl23	-12.467244	-9.013366
Slc38a6	-14.11374	-10.659862
Hdac11	-12.831558	-9.37768
Slc7a3	-18.071747	-14.617869
Ereg	-13.570632000000002	-10.116754
Tep1	-12.961179	-9.5073
R3hdm2	-10.829664999999999	-7.375787299999999
B4galt1	-12.05832	-8.604442
9130015G15Rik	-16.897627	-13.443748999999999
Gm50196	-16.992937	-13.539060000000001
Rsph1	-14.253389000000002	-10.799511
Dlgap4	-10.796087	-7.3422092999999995
Cep152	-14.784664000000001	-11.330786
Zfp180	-12.954106	-9.500228
Krt17	-18.95905	-15.505172
Ttll12	-14.093717000000002	-10.639838000000001
Gm36899	-17.167292	-13.713413000000001
Pcdhb20	-14.313288	-10.859409
Coro1b	-13.272076	-9.818197
Gm16196	-15.30654	-11.852661
Rgs7bp	-10.45558	-7.001702000000001
Fmc1	-10.961772	-7.507894
Gtdc1	-13.890147	-10.436269
2900072N19Rik	-18.340011999999998	-14.886134
4930505N22Rik	-17.686085000000002	-14.232207
Vac14	-13.246262	-9.792383000000001
Ctla2b	-18.507065	-15.053187
Ankrd49	-12.830001	-9.376122
Fbxo32	-10.238987	-6.785108999999999
Nrg1	-20.90496	-17.451083999999998
Nxf2	-17.726907999999998	-14.273029000000001
Snhg14	-13.891046	-10.437167
Gng5	-9.423836	-5.9699583
Gm31356	-16.510510999999997	-13.056633999999999
Bfar	-11.60414	-8.150262
Pcdh18	-13.708275	-10.254396
Ptms	-8.413059	-4.959181299999999
Cacna1a	-14.568135	-11.114257
Nfatc3	-12.311548	-8.857669999999999
Znhit1	-11.575150500000001	-8.121272
Eif4ebp1	-11.1032295	-7.6493516
Zfp968	-15.194533999999999	-11.740656
Dcaf4	-13.957025	-10.503146000000001
Zpr1	-12.357627	-8.9037485
Polr1a	-13.215132999999998	-9.761254
Trmt13	-12.677052	-9.223173
Prmt5	-12.632900999999999	-9.179022999999999
Selenom	-9.736612	-6.282734400000001
Smchd1	-10.933114	-7.479236
Gm20743	-17.769466	-14.315589000000001
A430033K04Rik	-14.114864	-10.660986
Gm20420	-20.90496	-17.451083999999998
Nt5c1b	-20.90496	-17.451083999999998
R3hdm1	-11.397409	-7.943531500000001
Cdk14	-13.2745	-9.8206215
Srrt	-11.772474	-8.318596000000001
Cops5	-11.592967	-8.139089
Elp1	-12.740736	-9.286858
Rpl30	-8.134143	-4.680265
Popdc2	-13.208749	-9.75487
Fam71e1	-15.235079999999998	-11.781201
Arpc5	-11.158244	-7.704366
Slc16a12	-18.82552	-15.371642000000001
Thsd4	-10.105488000000001	-6.651610000000001
Gucy1a2	-14.296960999999998	-10.843082
Trmt11	-13.29609	-9.842212
Naa15	-11.503505	-8.049626
Tns1	-8.595677	-5.1418
Gm1976	-14.139922	-10.686044
Phlda2	-19.113201	-15.659324
St6galnac1	-20.90496	-17.451083999999998
Ogfrl1	-12.401867	-8.9479885
Fkbp3	-11.124433	-7.6705546
Lingo1	-15.506798999999999	-12.05292
Plekhf2	-12.586707	-9.132829
3010003L21Rik	-15.221381	-11.767503
Dnajc15	-11.840571	-8.386693
Coq8a	-11.889055	-8.435177000000001
1700016G22Rik	-16.794086	-13.340209
Malat1	-5.370508999999999	-1.9166313000000001
Gm29707	-17.378601	-13.924723
Umad1	-13.633953	-10.180075
Tamm41	-14.302373000000001	-10.848495
Zfp746	-13.117994	-9.664116
4930556C24Rik	-20.90496	-17.451083999999998
Znhit3	-12.484278999999999	-9.0304
Dap3	-11.721375	-8.267497
Zhx1	-11.75331	-8.299432000000001
Borcs5	-13.3314295	-9.877550999999999
P2rx1	-12.212975	-8.759096000000001
Mafa	-14.862329	-11.40845
Sh2d1b1	-20.211813	-16.757935999999997
Tmco4	-14.028697	-10.574819
Gm48321	-18.602375	-15.148498000000002
1700034E13Rik	-18.132372	-14.678494
Tor1b	-11.497739	-8.04386
Tial1	-11.750767999999999	-8.296889
Gm26930	-15.601656	-12.147778
Cd300lb	-20.211813	-16.757935999999997
1810062G17Rik	-14.536774	-11.082894999999999
Gm19409	-15.591755	-12.137876499999999
Afg3l2	-12.382184	-8.928306
Pcdhb19	-14.547119	-11.093241
Vmn1r218	-18.95905	-15.505172
Ambp	-20.90496	-17.451083999999998
Grin2a	-18.95905	-15.505172
Rusc2	-11.654727000000001	-8.200849
Rnf138	-12.106657	-8.652778999999999
Hs6st1	-13.564126000000002	-10.110248
Fbxl20	-12.137788	-8.683909
Gm39228	-16.64228	-13.188403
Itprip	-13.656457000000001	-10.202579
G530011O06Rik	-14.198099	-10.744221000000001
Mars	-12.7079735	-9.254095
Trappc1	-12.259023	-8.805144
2310047D07Rik	-16.535513	-13.0816345
Katnal1	-13.007665	-9.553786
Scn2b	-15.184648999999999	-11.730771
Aldh8a1	-18.132372	-14.678494
Slc5a5	-17.609123	-14.155246
Nthl1	-12.837499000000001	-9.38362
Csf2ra	-14.423384	-10.969505
Sh3rf1	-13.210567999999999	-9.756689999999999
Acbd5	-11.429568	-7.975690400000001
Upf1	-11.80477	-8.350892
Gm9946	-18.265903	-14.812026000000001
Gabarapl2	-10.586256	-7.132378
Gm9961	-20.211813	-16.757935999999997
Kcnj8	-12.137165	-8.683287
Snrpb	-10.080672999999999	-6.6267952999999995
Spic	-20.211813	-16.757935999999997
Kank4	-13.797536	-10.343657499999999
Frmpd3	-20.90496	-17.451083999999998
Pdha1	-11.112517	-7.6586394
Rbm6	-11.7254925	-8.271614
Rab1b	-11.518317	-8.064439
Dusp9	-18.82552	-15.371642000000001
Pinx1	-12.724639999999999	-9.2707615
Nelfe	-12.2202215	-8.766342999999999
Atp5d	-9.751027	-6.297149
Bcdin3d	-13.739467999999999	-10.285589
Syt11	-11.578617	-8.124739
Dmkn	-20.211813	-16.757935999999997
Slc43a3	-13.0729475	-9.619069
Gm4319	-20.90496	-17.451083999999998
Mkln1	-11.143383	-7.6895050000000005
Supt3	-13.229879	-9.776000999999999
Rlim	-12.040356	-8.586477
Gm35934	-19.518665	-16.064789
Gm48940	-19.113201	-15.659324
Trp53cor1	-16.168762	-12.714885
Hist1h2bg	-17.646864	-14.1929865
Slc6a6	-10.989594	-7.5357164999999995
Slc4a8	-14.069776999999998	-10.615898
Gm4211	-18.602375	-15.148498000000002
Vsnl1	-19.806348999999997	-16.352472
Ndufa7	-9.6646185	-6.2107410000000005
Kcnc1	-20.90496	-17.451083999999998
Gm10561	-13.546767000000001	-10.092889
Pwwp2b	-13.652907	-10.199029
Gstp1	-10.48271	-7.028832
4930433N12Rik	-17.909226999999998	-14.45535
Pabpc4	-12.15238	-8.698502000000001
Agpat2	-12.625771499999999	-9.171892999999999
Zc3h15	-10.932414	-7.478536
Crb3	-16.715304999999997	-13.261428
Pdf	-15.340441	-11.886562
BC025920	-16.656466	-13.202587
Gm40977	-20.90496	-17.451083999999998
Gm11574	-19.806348999999997	-16.352472
Usp2	-13.190729999999999	-9.736852
Olfr71	-20.90496	-17.451083999999998
Gm47761	-20.90496	-17.451083999999998
Olfr107	-18.420053	-14.966176
Gnao1	-12.184175	-8.730296000000001
Akap8l	-11.9093	-8.455421000000001
Gm30173	-20.90496	-17.451083999999998
2810407A14Rik	-19.518665	-16.064789
Gm36043	-19.113201	-15.659324
Pias2	-13.061897	-9.608019
Mccc1os	-17.572756	-14.118878
5730455P16Rik	-12.297562	-8.843683
Rundc1	-13.644439000000002	-10.190560000000001
Sorcs1	-18.602375	-15.148498000000002
Gm47425	-16.474144	-13.020266000000001
Rps4x	-8.07818	-4.6243024
Epha2	-16.574228	-13.12035
S100a13	-10.317089999999999	-6.863212
Rgs10	-13.2280245	-9.774146
Tmem259	-11.560789	-8.106911
Dpep3	-20.90496	-17.451083999999998
Ephx2	-14.910998999999999	-11.457121
Prpf3	-12.879772	-9.425894
Pdgfb	-14.363931	-10.910052
Cse1l	-12.47813	-9.024252
Cyp2d22	-13.327328	-9.873449
Hist1h4c	-14.523145000000001	-11.069266
Grik4	-19.518665	-16.064789
Fam160a1	-13.160392000000002	-9.706513000000001
Rbl1	-14.451335999999998	-10.9974575
Asb2	-11.458917	-8.005038
B930094E09Rik	-16.48612	-13.032242
2700081O15Rik	-12.657478999999999	-9.203600999999999
1700109K24Rik	-18.340011999999998	-14.886134
Zfp808	-15.263054	-11.8091755
Slc45a4	-12.968301	-9.514422
Ufsp1	-13.657167999999999	-10.203289999999999
Olfr1238	-19.806348999999997	-16.352472
Zfp938	-12.629584	-9.175706
AI463229	-20.90496	-17.451083999999998
1600002K03Rik	-12.722122	-9.268244000000001
4930544F09Rik	-18.19691	-14.743032999999999
Cep295nl	-15.652688000000001	-12.19881
3930402G23Rik	-16.068678	-12.6148
Pcgf5	-10.811597	-7.357719
Gm15902	-18.071747	-14.617869
Efhd1os	-18.707735	-15.253858
Gm15851	-16.439053	-12.985175
Arl11	-19.518665	-16.064789
Gm3734	-19.295523	-15.841645000000002
Nmrk2	-16.522934	-13.0690565
Saa3	-16.93467	-13.480791
Zfp28	-14.449762	-10.995884
A730063M14Rik	-14.575239999999999	-11.121362
Gm48730	-20.90496	-17.451083999999998
Gm28867	-18.420053	-14.966176
Ifngr1	-11.659060499999999	-8.205182
Cct8	-10.711158	-7.257280000000001
Gm38134	-19.806348999999997	-16.352472
Nt5dc2	-14.818187	-11.364308
5730405O15Rik	-16.746078	-13.2922
Clu	-9.099425	-5.645548000000001
A430005L14Rik	-12.245054	-8.791176
Tssk6	-16.142785999999997	-12.688908999999999
Pi16	-13.599101000000001	-10.145223
Tpd52l1	-12.584757000000002	-9.130878
Trim72	-19.518665	-16.064789
Gm12798	-20.211813	-16.757935999999997
Itfg1	-11.460498	-8.006619
Slco3a1	-11.343049	-7.889171000000001
Afmid	-13.672228	-10.218349
Arl15	-13.819897000000001	-10.366017999999999
Hand2	-12.252538000000001	-8.798658999999999
Snrpa1	-11.892584	-8.438705
Vxn	-20.90496	-17.451083999999998
Tpm4	-10.534317999999999	-7.080439999999999
Gpat3	-15.458224	-12.004346
Ercc1	-12.062501	-8.608623
Psen1	-12.698105	-9.244226
Cfap97	-12.149539	-8.695661
Xpo1	-11.624628	-8.17075
Rsrc1	-11.592064	-8.138185499999999
Ddx60	-17.960522	-14.506644
Scnn1a	-16.076647	-12.622769
Gm50087	-18.602375	-15.148498000000002
Mterf4	-13.340723	-9.886845
Ripk1	-12.046166	-8.592288
Gm50358	-18.132372	-14.678494
Heatr5a	-12.062501	-8.608623
Rnf150	-11.533693	-8.079815
Il18	-17.19139	-13.737510999999998
Naa16	-12.323668	-8.869789
Csnk2b	-10.97381	-7.519932300000001
Ttc24	-20.90496	-17.451083999999998
Siglece	-19.295523	-15.841645000000002
Fabp5	-12.51856	-9.064682000000001
Znrd1as	-13.434168	-9.980288999999999
Bpifb5	-20.211813	-16.757935999999997
Mab21l3	-18.707735	-15.253858
Gm43514	-17.572756	-14.118878
Gm38037	-18.707735	-15.253858
Btk	-19.518665	-16.064789
Catsper2	-15.956202	-12.502322999999999
Bbof1	-15.956202	-12.502322999999999
Fap	-13.951277	-10.497398
Prss12	-14.222853	-10.768974
Ccdc60	-14.397682999999999	-10.943805000000001
Gm45605	-15.471239	-12.017361
Pdlim2	-11.077491	-7.623613000000001
Uvrag	-11.962762	-8.508883
Klhl18	-13.094203	-9.640325
Gm20616	-19.806348999999997	-16.352472
Gm47043	-18.19691	-14.743032999999999
Timm8b	-10.832575	-7.378697
Kdm8	-15.152389000000001	-11.69851
1700099I09Rik	-19.806348999999997	-16.352472
Epor	-17.860437	-14.40656
Trim3	-12.566417	-9.112538
Nptxr	-12.90898	-9.455102
Ptrhd1	-12.47289	-9.019011500000001
Kif5b	-9.561224000000001	-6.107346
Pphln1	-12.783184	-9.329305999999999
Ppox	-13.003584	-9.5497055
Csmd3	-20.90496	-17.451083999999998
Gm12946	-20.90496	-17.451083999999998
Sf1	-11.545684	-8.091805
Mepce	-12.261135000000001	-8.807257
Vmn2r100	-20.90496	-17.451083999999998
Cnot10	-11.802986	-8.349108
Gm43774	-15.458224	-12.004346
Hmga1b	-18.82552	-15.371642000000001
Nudt17	-15.553103	-12.099225
Gm49719	-15.31025	-11.856372
Elovl3	-18.95905	-15.505172
Trmt1l	-12.496468	-9.042589
Spib	-20.211813	-16.757935999999997
Gm12830	-19.806348999999997	-16.352472
Fyttd1	-10.782981	-7.329103
H13	-11.364094999999999	-7.910216999999999
Apex2	-13.737151999999998	-10.283274
Clasp2	-11.633149000000001	-8.179271
Ric8a	-12.190557499999999	-8.736678999999999
Psap	-9.379218	-5.92534
Pbp2	-20.90496	-17.451083999999998
Gm17655	-15.302842000000002	-11.848964
Gimap3	-19.295523	-15.841645000000002
Pgpep1	-12.66089	-9.207011
Bscl2	-11.945649000000001	-8.491771
Emilin2	-16.915976999999998	-13.462098999999998
Nqo1	-12.5263405	-9.072462
Aifm3	-17.646864	-14.1929865
Gm33027	-19.806348999999997	-16.352472
Prom1	-19.518665	-16.064789
Gm6525	-18.707735	-15.253858
Hnrnpul2	-10.852192	-7.398314
Gm32856	-15.805095000000001	-12.351216
Serpinb1b	-20.90496	-17.451083999999998
Farsb	-12.528871	-9.074992
Zfp9	-12.294459	-8.840581
Cul4b	-12.719611	-9.265733
Sdf4	-10.59781	-7.143932
Nmral1	-13.792634	-10.338756
Gm765	-18.507065	-15.053187
1600014C10Rik	-13.407754	-9.953876
Fsd1	-17.167292	-13.713413000000001
Ccdc86	-12.892611500000001	-9.438733000000001
Fry	-10.634611	-7.180733
H2afv	-10.279933	-6.826055
Ttll10	-20.90496	-17.451083999999998
Zbtb2	-13.470114	-10.016235
Csrnp2	-14.702426	-11.248548
Cdh4	-14.731175	-11.277297
Agtr1a	-15.775063000000001	-12.321183999999999
Ccdc189	-15.428497	-11.974619
Dalrd3	-12.537892999999999	-9.084014999999999
Gan	-12.799352	-9.345473
Cacna1g	-16.915976999999998	-13.462098999999998
Kmo	-18.707735	-15.253858
Serpinb6b	-11.22493	-7.771052
Asic1	-20.90496	-17.451083999999998
Tbc1d2b	-12.082787	-8.628908000000001
Arhgef39	-14.859956	-11.406077
Tmtc4	-13.774861999999999	-10.320984
Lyar	-11.69023	-8.236352
Tubd1	-14.302373000000001	-10.848495
Lox	-10.754614	-7.300736
Mpl	-19.806348999999997	-16.352472
Rem2	-20.211813	-16.757935999999997
Mtbp	-14.004230499999998	-10.550352
Gins3	-14.578812	-11.124933
Snrnp70	-10.580496	-7.126618
Gatb	-14.01232	-10.558441
Srgn	-15.146059	-11.692181
Cdkn1c	-11.944237	-8.490358
Nova1	-17.14376	-13.689882
Adgrl4	-18.420053	-14.966176
4732471J01Rik	-16.405151	-12.951273
Gm36172	-19.518665	-16.064789
Rap2a	-12.600714	-9.146835000000001
Actr8	-12.450921000000001	-8.997043
Rfk	-11.926300999999999	-8.472423
Esrra	-12.951291000000001	-9.497413
Golga5	-12.045598	-8.59172
Snx20	-17.960522	-14.506644
Cnih3	-18.507065	-15.053187
Nudt5	-12.774019000000001	-9.320141
Synj2	-12.249573	-8.795694000000001
Gm15751	-20.211813	-16.757935999999997
Cachd1	-13.458960000000001	-10.005081
Kank4os	-20.90496	-17.451083999999998
Tgm2	-10.357411	-6.903533500000001
E230029C05Rik	-15.321465	-11.867586
Gpc1	-13.473069	-10.019191000000001
Limk2	-13.741789	-10.28791
Hist1h3a	-16.93467	-13.480791
Ttc8	-12.8048	-9.350922
Fgd5	-17.646864	-14.1929865
Ttc13	-13.206478	-9.7526
Plpp5	-12.449005	-8.995127
Atxn3	-12.665104	-9.211225500000001
Tmem65	-11.139702	-7.685824
Jrk	-15.31025	-11.856372
S1pr4	-19.518665	-16.064789
Spice1	-13.186720000000001	-9.7328415
Lhcgr	-19.113201	-15.659324
Mir142hg	-20.211813	-16.757935999999997
Zfp872	-14.635864999999999	-11.181987
Slc39a10	-12.828445	-9.374566999999999
Prdm1	-20.90496	-17.451083999999998
Banf1	-10.7712755	-7.3173976
Rassf2	-16.05293	-12.599052
Ctss	-16.522934	-13.0690565
Smim3	-13.613304999999999	-10.159427
Opcml	-17.054813	-13.600935
Kcnk1	-14.322935999999999	-10.869058
Ost4	-9.908443	-6.4545655
Cyth2	-11.5814705	-8.127592
Mrm3	-14.053776999999998	-10.599898
Unc119	-12.107564	-8.653686
Sptbn2	-18.420053	-14.966176
Rimbp3	-19.806348999999997	-16.352472
Myoz1	-14.804642999999999	-11.350764
Snrpa	-11.770423	-8.316545
Ccdc58	-13.210567999999999	-9.756689999999999
Nfix	-9.392014999999999	-5.9381379999999995
Gpr35	-18.82552	-15.371642000000001
Gm48623	-15.493314999999999	-12.039436
Usp13	-12.825343	-9.371464999999999
Lat	-18.071747	-14.617869
Gal3st2c	-16.319994	-12.866116
Ccnd1	-14.975372	-11.521494
Lhpp	-13.223401	-9.769523
Egr3	-12.791235	-9.337357
Rabac1	-9.278055	-5.8241773
Lmo7	-14.513044	-11.059166000000001
Cfap157	-17.813917	-14.36004
Tbp	-13.512929999999999	-10.0590515
Slc4a10	-16.685453	-13.231575
Rps18	-8.516105	-5.062227
Slco4a1	-20.90496	-17.451083999999998
Fance	-12.153803	-8.699924000000001
Gm42457	-19.806348999999997	-16.352472
Csf3	-19.295523	-15.841645000000002
2810430I11Rik	-15.728810999999999	-12.274933
Ddx19b	-13.633257999999998	-10.179378999999999
Gm20442	-19.295523	-15.841645000000002
Cenpv	-13.01027	-9.556392
Lilrb4a	-17.860437	-14.40656
Omp	-18.95905	-15.505172
Gm12827	-19.295523	-15.841645000000002
Gm37756	-17.267374	-13.813497
Gm3519	-17.769466	-14.315589000000001
Gm29325	-17.813917	-14.36004
Gm27028	-17.960522	-14.506644
Zfp644	-10.652403	-7.198525
Rab14	-10.136076	-6.682198
Polr3g	-15.174860999999998	-11.720983
Nol9	-13.3804	-9.926521000000001
Zdbf2	-15.259514999999999	-11.805636
Tmem129	-13.115506	-9.661628
Tfcp2l1	-16.794086	-13.340209
Dctn3	-11.531312	-8.077434
Clk1	-10.892933	-7.439055000000001
Myd88	-13.257651999999998	-9.803774
Bcam	-9.622506	-6.168628
Akap12	-12.386768	-8.932889999999999
Gstt3	-12.607168	-9.15329
Cerk	-12.469195	-9.015317
Otub1	-11.711665	-8.257786999999999
Fer1l6	-18.82552	-15.371642000000001
Lrrc4c	-19.518665	-16.064789
Gm47863	-14.199322	-10.745443
Gm34680	-20.211813	-16.757935999999997
Gsdmd	-15.668519	-12.214641
Stx3	-13.302060999999998	-9.848183
Rbakdn	-19.806348999999997	-16.352472
AW495222	-19.806348999999997	-16.352472
Phf20l1	-11.010968	-7.557090299999999
Cxcl16	-14.305091000000001	-10.8512125
Dcdc2c	-20.90496	-17.451083999999998
Copg1	-11.546201	-8.092322
Gm49741	-15.538985	-12.085107
Gm15938	-17.321442	-13.867564000000002
Kdm2b	-13.215132999999998	-9.761254
Arl10	-13.506175	-10.052297
Castor1	-12.861298	-9.407419
Bbs5	-13.525953	-10.072075
Dnajc24	-13.017752999999999	-9.563874
Ecm2	-10.074263	-6.620384700000001
Ticam1	-13.791004999999998	-10.337127
Olfr374	-19.518665	-16.064789
Prss23os	-16.827423	-13.373546
Hoxa5	-12.446033	-8.992154
Chmp4b	-10.529129	-7.075251
Pprc1	-13.233134	-9.779256
D630045J12Rik	-14.718753	-11.264874
Nsrp1	-11.390156	-7.936278
Map3k2	-11.306641	-7.8527627
Hyal1	-12.392379	-8.9385
Rrp1	-10.8568535	-7.4029755999999995
Smim31	-20.90496	-17.451083999999998
Pxdc1	-11.15038	-7.696502000000001
Gm48814	-18.071747	-14.617869
Uncx	-20.90496	-17.451083999999998
Luc7l	-11.873987	-8.420109
Kcnd2	-18.19691	-14.743032999999999
Col4a5	-9.978483	-6.5246053
Snhg17	-13.703045000000001	-10.2491665
Lypd6b	-20.90496	-17.451083999999998
Fbxw21	-20.90496	-17.451083999999998
Gm32014	-17.860437	-14.40656
Igtp	-14.949123	-11.495244999999999
Ubqln4	-13.052522	-9.598643
Gm10817	-17.294043	-13.840164999999999
1700027A07Rik	-19.806348999999997	-16.352472
Rmc1	-13.328864000000001	-9.874986
C730034F03Rik	-14.494785999999998	-11.040908
Alx1	-16.670855	-13.216976
Clcn4	-11.211454	-7.7575765
Emilin3	-20.211813	-16.757935999999997
1700025N23Rik	-20.90496	-17.451083999999998
Kif23	-16.383173	-12.929295
Asap2	-10.601691	-7.1478133
Spag5	-17.960522	-14.506644
Arhgap11a	-15.970488000000001	-12.516608999999999
Adipor1	-11.158536999999999	-7.7046589999999995
Gpr37	-20.90496	-17.451083999999998
Bnip1	-13.203760999999998	-9.749883
Mrto4	-12.139814	-8.685936
Cdc42ep5	-11.876263	-8.422384
Angptl3	-18.507065	-15.053187
Sugct	-14.831917	-11.378038
Sh3rf2	-12.968658	-9.51478
Ssbp2	-11.231767999999999	-7.777889699999999
Ddo	-13.660732999999999	-10.206855000000001
Adgrb1	-17.167292	-13.713413000000001
Tma16	-12.925964	-9.472086000000001
Gm16364-1	-15.363698000000001	-11.90982
Olfr190	-20.90496	-17.451083999999998
Adgrg1	-16.241522	-12.787643
Ocrl	-12.392579	-8.938701
Timm21	-12.475507	-9.021628
Scd1	-12.260783	-8.806905
Kif16bos	-19.295523	-15.841645000000002
Trappc4	-11.687248	-8.233369999999999
Olfr56	-20.211813	-16.757935999999997
Kif20a	-16.587473000000003	-13.133594500000001
Prorsd1	-11.8977165	-8.443838000000001
Lrp10	-11.423373	-7.969495299999999
Gm26917	-11.829296000000001	-8.375418
Cpa2	-18.507065	-15.053187
Dubr	-11.761080999999999	-8.307202
Olfr633	-19.518665	-16.064789
Gm50321	-16.109170000000002	-12.6552925
Fads2	-12.005367	-8.551489
Kdm6a	-11.81093	-8.357052000000001
Fbxw10	-14.503044000000001	-11.049166
Gm44040	-18.82552	-15.371642000000001
Gm15527	-14.3740835	-10.920205000000001
Gpsm3	-17.470974	-14.017095999999999
Gm47872	-17.769466	-14.315589000000001
Uri1	-11.576749000000001	-8.122869999999999
Mvp	-11.957025999999999	-8.503147
Gm16793	-15.984981	-12.531102
Gm11520	-17.076319	-13.622441
Grk4	-14.004230499999998	-10.550352
Rnft2	-17.120770999999998	-13.666893
Dars2	-14.103678	-10.649799
Ube2d3	-10.1211	-6.6672225
4732419C18Rik	-19.113201	-15.659324
Cuzd1	-18.707735	-15.253858
Tnrc18	-10.906891	-7.453013
Atp5c1	-9.804631	-6.350753299999999
Sidt2	-11.724874	-8.270995
Islr2	-18.132372	-14.678494
Gm48488	-17.408453	-13.954576000000001
Pip4k2b	-13.381479999999998	-9.927602
Kif19a	-19.295523	-15.841645000000002
Ppp1r11	-11.145691000000001	-7.691813000000001
Ifi207	-17.294043	-13.840164999999999
Gm15420	-18.340011999999998	-14.886134
Ppfia1	-11.520331	-8.066453
Klhdc3	-12.144822	-8.690944
Pcdhga11	-15.194533999999999	-11.740656
Foxc2	-11.950417	-8.496538000000001
Pdcd6ip	-10.900271	-7.4463935
Golim4	-9.934438	-6.48056
Aldh1l1	-15.248969	-11.795091000000001
Ripor2	-17.294043	-13.840164999999999
Adamts10	-11.538472	-8.084594000000001
Clasp1	-11.8554945	-8.401616
Gm26513	-17.572756	-14.118878
Gm16894	-19.113201	-15.659324
Tln2	-13.314614	-9.860736
Fbxl2	-13.176545	-9.722667
Cdc6	-17.378601	-13.924723
Ttc9b	-16.372362	-12.918484
Stx6	-12.907297999999999	-9.45342
Eif3d	-11.15189	-7.698011999999999
Lipa	-12.324793	-8.870913999999999
S100a14	-19.518665	-16.064789
Figla	-20.90496	-17.451083999999998
Immt	-11.062446000000001	-7.6085677
Atp6ap2	-11.397633	-7.9437547
Paxip1	-13.14194	-9.688062
Arid1b	-11.678255	-8.224377
4930532G15Rik	-14.674479500000002	-11.220601
Tspan7	-12.132351	-8.6784725
Tiprl	-11.620906	-8.167027000000001
Gm17055	-20.211813	-16.757935999999997
Hist1h2ak	-19.113201	-15.659324
Polg	-12.337455	-8.883576
Cd300c2	-19.518665	-16.064789
Pknox2	-13.672228	-10.218349
Zc3h4	-12.786159	-9.33228
Rem1	-14.452912	-10.999034
Fam83a	-19.806348999999997	-16.352472
Rbm17	-11.666908	-8.21303
Kcnh8	-19.806348999999997	-16.352472
Spa17	-13.420592000000001	-9.966714
Gm7102	-19.518665	-16.064789
Ccnt1	-11.720041	-8.266163
Gm12996	-16.86191	-13.408031
Copg2	-12.733927	-9.280047999999999
Rps14	-7.944810400000001	-4.490933
Smc2	-12.761733999999999	-9.307856
Nfrkb	-12.786456	-9.332578
Tomm22	-10.875722999999999	-7.421844999999999
Dpysl3	-9.750855	-6.296977500000001
5430403N17Rik	-19.806348999999997	-16.352472
Enoph1	-13.595079	-10.141200999999999
Rnasek	-10.086022999999999	-6.6321454
Gm11342	-19.806348999999997	-16.352472
Ulk4	-14.205460999999998	-10.751582
Ebf1	-10.307675999999999	-6.8537984
Meikin	-20.90496	-17.451083999999998
Mrpl28	-11.497657	-8.043778
Ccdc122	-16.195429999999998	-12.741552
Gpr107	-12.101837	-8.647959
Tmem52	-18.071747	-14.617869
D930048N14Rik	-17.076319	-13.622441
Zbtb18	-13.398370000000002	-9.944491000000001
Ccdc121	-16.656466	-13.202587
Gm11131	-17.646864	-14.1929865
3010001F23Rik	-15.115001000000001	-11.661122
Col8a1	-13.079316	-9.625438
Gm15050	-13.431892000000001	-9.978014
Rps25	-8.579573	-5.1256949999999994
Esd	-10.410304	-6.9564259999999996
Plekhm1	-13.393436	-9.939558
Gm13625	-16.186462	-12.732584
Hmox2	-11.909672	-8.455793
Slc26a3	-16.372362	-12.918484
Nkx3-1	-13.284256	-9.830378
Angptl2	-11.313312	-7.8594337
Csta1	-18.507065	-15.053187
4930581F22Rik	-13.753476000000001	-10.299598
Bmp4	-14.288896	-10.835017
Gm32282	-15.121135999999998	-11.667257000000001
Abi3bp	-10.540857	-7.086979400000001
Gm11205	-16.879607999999998	-13.425730999999999
Thra	-10.163685000000001	-6.7098070000000005
Atad2b	-11.991008	-8.537129
Gm12744	-20.90496	-17.451083999999998
Stam	-12.491131	-9.037252
Psma3	-10.1072445	-6.6533666
Gm35154	-20.90496	-17.451083999999998
1700011D18Rik	-18.82552	-15.371642000000001
Vps16	-12.810278	-9.3564
Gna12	-11.764078	-8.3102
D430042O09Rik	-12.985605	-9.531727
Nipsnap2	-12.398021	-8.944142
Mb	-18.071747	-14.617869
Sipa1	-13.513546	-10.059667999999999
Itgae	-17.960522	-14.506644
Tmem82	-13.831692000000002	-10.377813
Ccdc74a	-15.780997	-12.327119
Syt12	-15.874523000000002	-12.420645
Mtmr9	-13.364870999999999	-9.910993
Arfip1	-11.693622	-8.239742999999999
Gm49012	-20.90496	-17.451083999999998
Mex3b	-14.476856	-11.022978
Gm36975	-19.518665	-16.064789
Trim58	-14.2191	-10.765222
Gm44867	-20.90496	-17.451083999999998
Zfp367	-12.127406	-8.673528
Ufd1	-11.942826	-8.488947999999999
Dnm1	-16.474144	-13.020266000000001
Nemp1	-13.457792999999999	-10.003915
Gm15859	-17.19139	-13.737510999999998
Snx14	-12.087959	-8.634081
Gm13212	-12.674917	-9.221039
Adamts5	-11.802429	-8.348550999999999
Api5	-11.519912	-8.066033000000001
Tpm3-rs7	-15.874523000000002	-12.420645
Pdcd1lg2	-17.076319	-13.622441
Tcrg-C4	-20.90496	-17.451083999999998
Cuedc2	-10.932274000000001	-7.478396000000001
Nudcd1	-12.948834	-9.494956
Tmem126b	-12.63137	-9.177491
Sart3	-12.862905	-9.409025999999999
Hectd1	-10.694908	-7.24103
Taf7	-12.21331	-8.759432
4930447K03Rik	-20.90496	-17.451083999999998
Aimp2	-11.857492	-8.403614
Rad51	-15.984981	-12.531102
Ntf3	-11.172025	-7.718147
Id4	-11.110731	-7.656853
Gm29480	-20.90496	-17.451083999999998
Gm14027	-17.03376	-13.579882000000001
Prune1	-13.420592000000001	-9.966714
Nme1	-11.315705	-7.8618274
Ngef	-12.658265	-9.204386999999999
Pla2g3	-18.132372	-14.678494
BB218582	-14.030763	-10.576884
Dgcr8	-12.929053	-9.475175
Pik3ip1	-11.848822	-8.394943
Gm19426	-14.473629999999998	-11.019752
Hrc	-12.617683999999999	-9.163806
Calhm2	-12.963666	-9.509788
Nfkbiz	-12.065684	-8.611806
Kctd5	-13.298573499999998	-9.844695
Tmem200b	-14.700403	-11.246525
Gm28913	-17.378601	-13.924723
Krt8	-17.609123	-14.155246
Foxd2os	-16.092776999999998	-12.638899
Vasp	-10.797798	-7.34392
Zfp507	-12.930773	-9.476894
Ptpn9	-12.004275999999999	-8.550398
Tbc1d32	-13.568676000000002	-10.114798
Gm35576	-16.897627	-13.443748999999999
Frrs1l	-20.90496	-17.451083999999998
Kcnt1	-17.19139	-13.737510999999998
4933431K23Rik	-18.340011999999998	-14.886134
Gm43566	-16.510510999999997	-13.056633999999999
Sema3b	-12.252013999999999	-8.798136
Piga	-14.192004999999998	-10.738127
Foxj2	-12.194177	-8.740298
Gm12905	-16.125837	-12.671959
Ptpa	-11.714007	-8.260129
Arl4c	-13.867932999999999	-10.414055000000001
Sec13	-11.249358	-7.7954803
Mrpl48	-11.256366	-7.802488
Nrde2	-13.3804	-9.926521000000001
Psd4	-20.211813	-16.757935999999997
Nek2	-18.265903	-14.812026000000001
Psmd6	-11.022902	-7.569023599999999
Gm48740	-18.19691	-14.743032999999999
Dad1	-9.970998	-6.517119999999999
1700028E10Rik	-15.949133999999999	-12.495255
Gm28932	-16.100939	-12.647061
Cdc37l1	-10.838165	-7.384287400000001
Gm45216	-19.113201	-15.659324
Gm49795	-18.340011999999998	-14.886134
Slc4a5	-18.507065	-15.053187
Pard3bos1	-16.715304999999997	-13.261428
Zfp27	-13.977404	-10.523525
Rnf4	-12.09704	-8.643162
Mrgprd	-18.340011999999998	-14.886134
Ssc4d	-16.204481	-12.750603
Gm15247	-16.109170000000002	-12.6552925
Tex9	-13.423406	-9.969527000000001
Cox8a	-8.962457	-5.5085793
Syne3	-14.232928	-10.77905
Calcrl	-11.77735	-8.323472
Sfxn5	-14.624564999999999	-11.170687
Hcst	-19.518665	-16.064789
Chl1	-17.909226999999998	-14.45535
Spata18	-17.01314	-13.559262
Gm35550	-19.806348999999997	-16.352472
Ptpre	-16.992937	-13.539060000000001
Itfg2	-13.190284	-9.736405
Zc3h3	-13.672951000000001	-10.219072
Gm44731	-16.232132	-12.778253999999999
Zfp286	-14.081675	-10.627796
Xpa	-11.986042999999999	-8.532164999999999
Slfn1	-19.518665	-16.064789
Serinc2	-16.777826	-13.323948999999999
Setd1a	-12.710456	-9.256577499999999
Rab4a	-13.135582999999999	-9.6817045
Ces2e	-19.518665	-16.064789
4930404A12Rik	-18.82552	-15.371642000000001
Ipo13	-12.77933	-9.325452
Glra1	-16.879607999999998	-13.425730999999999
Lin54	-13.259563	-9.805685
Ptp4a3	-11.016739999999999	-7.562862
Poli	-14.129595000000002	-10.675716
Irs1	-12.715161	-9.261283
AC241534.1	-14.720811999999999	-11.266933
Gm45510	-19.518665	-16.064789
Ak4	-14.688355	-11.234477
Jchain	-18.82552	-15.371642000000001
Unc5b	-13.203308999999999	-9.749431
Dlst	-11.939116	-8.485237
Vps25	-14.954319	-11.500441
Tyw1	-12.942197	-9.488318
Vmp1	-12.091077	-8.637198
Arhgef16	-18.132372	-14.678494
Fastkd2	-13.305059	-9.851181
Carnmt1	-12.100336	-8.646458
Gm35572	-17.2414	-13.787521
Gm28616	-20.211813	-16.757935999999997
Trip11	-10.606631	-7.1527534
Anapc16	-11.394813000000001	-7.940934700000001
B3gat3	-12.058608	-8.60473
Pmvk	-11.974202	-8.520324
Pde3b	-14.027664999999999	-10.573787
Ssh1	-12.151906	-8.698028
Gm48707	-19.113201	-15.659324
Riok3	-11.465574	-8.011696
Apol7a	-20.211813	-16.757935999999997
Nrsn1	-20.90496	-17.451083999999998
Ltc4s	-17.439224	-13.985347
Nfyb	-12.18287	-8.7289915
Hspa13	-12.096891000000001	-8.643013
Shld1	-12.814252999999999	-9.360374
Vegfd	-12.206614	-8.752735000000001
Stim2	-12.524275	-9.070396
Top3a	-14.163260000000001	-10.709382000000002
2310039L15Rik	-17.686085000000002	-14.232207
Pomc	-15.700954000000001	-12.247076
Ddc	-16.450613	-12.996736
Mad2l1	-14.577024	-11.123146
Gm9920	-17.167292	-13.713413000000001
Arl13b	-11.812616	-8.358738
Mcm6	-11.873987	-8.420109
Crnde	-15.805095000000001	-12.351216
Oplah	-13.397271	-9.943392999999999
Fancd2	-15.637103	-12.183225
Atcayos	-12.22429	-8.7704115
Gm16279	-16.241522	-12.787643
Rspo3	-12.340693	-8.886814999999999
Cenpl	-14.92861	-11.474731
Pacsin3	-12.187116	-8.733236999999999
Oas1c	-15.093820999999998	-11.639942
Cd79b	-20.211813	-16.757935999999997
D930020B18Rik	-19.518665	-16.064789
Tpgs1	-11.781705	-8.3278265
Myl6	-6.530493	-3.0766153
Slc35a5	-12.551935	-9.098057
Col25a1	-20.211813	-16.757935999999997
Thada	-13.500682000000001	-10.046803
Tmsb15a	-20.90496	-17.451083999999998
Gm49476	-18.19691	-14.743032999999999
Gm10791	-20.90496	-17.451083999999998
Lypla1	-11.992219	-8.538341
Pard3	-12.025071	-8.571193
Ly6m	-19.806348999999997	-16.352472
Nmnat1	-13.729470999999998	-10.275592999999999
Letm2	-12.874227000000001	-9.420347999999999
Gm49463	-14.554075	-11.100197
Kri1	-13.363278	-9.9094
Cog4	-12.432556	-8.978678
Zfp219	-12.807535000000001	-9.353657
Magi3	-12.779035	-9.325156
Col8a2	-17.609123	-14.155246
Gm34574	-19.518665	-16.064789
Best1	-16.450613	-12.996736
Gm39526	-18.19691	-14.743032999999999
Gatad1	-10.908986	-7.455108
Lpgat1	-11.913399	-8.45952
Ttc14	-11.327273	-7.8733954
Tgm1	-20.211813	-16.757935999999997
4930506C21Rik	-16.427623999999998	-12.973746
Gm36988	-15.868008999999999	-12.41413
Tank	-12.282867	-8.828989
Nudt8	-13.408864000000001	-9.954986
Sdc4	-10.040286	-6.5864080000000005
Gm10138	-14.874276	-11.420397999999999
Tmem116	-16.992937	-13.539060000000001
Ralgps2	-16.746078	-13.2922
Gabra3	-11.512966	-8.059088000000001
Apcdd1	-13.588413000000001	-10.134535000000001
Ulk3	-14.494785999999998	-11.040908
Dido1	-12.006322	-8.552443499999999
Fam120a	-11.264333	-7.810455
Pelp1	-12.544889	-9.091011
Cldn7	-16.213614	-12.759735000000001
Vps13a	-11.6229515	-8.169073
Tfpt	-12.771374	-9.317495
Gm15672	-15.484426500000001	-12.030548
1700022H01Rik	-17.439224	-13.985347
Fam219a	-13.571285000000001	-10.117407
Sez6l	-19.518665	-16.064789
Arl2bp	-11.759586	-8.305708000000001
F13a1	-14.782469	-11.32859
Ccdc106	-15.842366	-12.388488
Papln	-20.211813	-16.757935999999997
E230016K23Rik	-19.295523	-15.841645000000002
Zbtb45	-13.6845875	-10.230709
Lyz2	-14.557572	-11.103694
Slc12a7	-13.851376	-10.397497
Rbm3os	-17.470974	-14.017095999999999
Zdhhc23	-13.190729999999999	-9.736852
Zfp58	-13.801639999999999	-10.347761
Pcdhb3	-16.340612	-12.886735
Mag	-19.518665	-16.064789
Capns1	-9.622833	-6.1689553
1700124L16Rik	-17.439224	-13.985347
Arg1	-18.01459	-14.560711999999999
Gm3512	-17.960522	-14.506644
Add1	-11.130103	-7.676225
Slc9a8	-13.446198	-9.99232
Gm43825	-17.813917	-14.36004
Hist1h1d	-15.562626999999999	-12.108748
Tceal8	-11.558517	-8.104639
Nacc1	-12.320483	-8.866605
Tcp11l2	-12.47638	-9.022502000000001
Usp37	-13.068987	-9.6151085
Fam151a	-19.806348999999997	-16.352472
Ago1	-12.17185	-8.717972
Tesk1	-11.761402	-8.307524
Ep300	-11.447449	-7.993571
Spdl1	-17.098299	-13.644421
Tyrp1	-20.211813	-16.757935999999997
Sbf2	-11.908805000000001	-8.4549265
Atg12	-12.043044	-8.589166
Phospho2	-12.840011	-9.386132
Tfap2b	-14.739543	-11.285665
Hlcs	-13.835087	-10.381208
Gm14285	-15.817364999999999	-12.363486
Dzank1	-14.936254000000002	-11.482375
Rab10os	-13.047481	-9.593602
Elp2	-12.599972	-9.146092999999999
Gm15816	-18.132372	-14.678494
Cbx3	-10.970508	-7.5166297
Map2k3os	-14.045345999999999	-10.591467999999999
Gm14764	-18.507065	-15.053187
Unc5d	-14.403671	-10.949793
Smad3	-13.270141	-9.816262
Gm11479	-20.90496	-17.451083999999998
Gm29155	-17.909226999999998	-14.45535
Acta2	-5.687851	-2.2339729999999998
Wfdc1	-9.959608	-6.505730000000001
Ivd	-11.974071	-8.520192
Rps16	-8.057286999999999	-4.6034093
Hmgcr	-12.560694	-9.106815
Pcdhb22	-13.966676999999999	-10.512798
Eif4g3	-11.515303999999999	-8.061425
Isg20	-15.543669	-12.089789999999999
Gm4707	-14.926076	-11.472197999999999
Dtnbos	-18.602375	-15.148498000000002
Slc7a15	-20.90496	-17.451083999999998
Gm48684	-19.806348999999997	-16.352472
Gm35206	-18.82552	-15.371642000000001
Dnttip1	-12.060913000000001	-8.607035
Dus4l	-14.241829000000001	-10.7879505
Pik3ca	-11.256236999999999	-7.802359
Gm42938	-18.01459	-14.560711999999999
Rps13	-8.540036	-5.0861583
Gm47701	-18.82552	-15.371642000000001
Zfp950	-11.899433	-8.445555
Hsh2d	-18.95905	-15.505172
Raph1	-11.968005	-8.514127
Cfap46	-18.132372	-14.678494
Mccc1	-12.881082000000001	-9.427203
Fubp1	-11.425892	-7.972014
Zfp319	-13.700811999999999	-10.246934
Gm28404	-16.628294	-13.174417000000002
Steap3	-12.404304	-8.950425
Bri3	-9.241591	-5.787714
Glod4	-12.025907	-8.572028
Zfp36l1	-9.777889	-6.3240113
D930015M05Rik	-18.602375	-15.148498000000002
Vmn2r113	-19.295523	-15.841645000000002
Aifm1	-12.166225	-8.712347
Gm14964	-15.690025	-12.236147
Cox7b	-9.842739	-6.388861
Unc5cl	-20.211813	-16.757935999999997
Slc4a11	-17.2414	-13.787521
Prob1	-15.184648999999999	-11.730771
Kansl1	-11.630051	-8.176172
Gm10000	-17.609123	-14.155246
Prss27	-17.813917	-14.36004
Mllt3	-12.010428	-8.55655
1700067K01Rik	-17.503763	-14.049885999999999
Tfip11	-13.083317999999998	-9.629439
Bard1	-15.601656	-12.147778
Trmt2a	-13.056027	-9.602149
Gm30541	-15.799016	-12.345138
Dlg5	-12.9225445	-9.468666
Prelp	-9.897675	-6.443796599999999
Gm12655	-13.993214000000002	-10.539335000000001
Jam3	-11.168296	-7.714417999999999
Odf3b	-18.340011999999998	-14.886134
Gm20539	-17.860437	-14.40656
Nap1l1	-10.017693	-6.5638146
Rpl39l	-16.361666	-12.907788
Trmt2b	-12.641886999999999	-9.188008
Rnf227	-15.553103	-12.099225
Hinfp	-13.660732999999999	-10.206855000000001
Tet1	-12.310992	-8.857114
AC168977.1	-18.82552	-15.371642000000001
Clec3a	-19.806348999999997	-16.352472
Got2	-11.476851	-8.022973
Fam13c	-10.611426	-7.1575484
Fgl2	-9.458977	-6.0050992999999995
Pclaf	-16.394102	-12.940224
B3gnt2	-11.507976	-8.054097
Rncr4	-20.90496	-17.451083999999998
Plekha3	-11.631552000000001	-8.177673
1700023F06Rik	-18.602375	-15.148498000000002
Cbl	-11.765902	-8.312023
Pole2	-14.959539999999999	-11.505662
4732491K20Rik	-13.932355	-10.478477
Marveld3	-17.726907999999998	-14.273029000000001
Fus	-10.227761	-6.7738833
Gm44777	-14.700403	-11.246525
P4ha2	-11.75639	-8.302511
Lrch4	-13.110138000000001	-9.656260000000001
Cdk11b	-10.942215	-7.488337
Gcc2	-11.635315	-8.181436999999999
Abcb8	-13.498857500000002	-10.044979
Slc5a1	-20.90496	-17.451083999999998
0610040F04Rik	-18.507065	-15.053187
Htatip2	-13.686051	-10.232173
Ift122	-13.462468	-10.00859
Eppk1	-13.917470999999999	-10.463593
S100a6	-7.8470507	-4.393173
Lrrc47	-12.805102999999999	-9.351225
Gm11638	-17.503763	-14.049885999999999
Gm41231	-17.537664000000003	-14.083787
Tnfrsf10b	-13.406645999999999	-9.952767
Zfp703	-11.813855	-8.359977
Slc25a29	-13.096638	-9.642759
Layn	-12.917776	-9.463898
Gspt2	-13.643735999999999	-10.1898575
C130026I21Rik	-19.295523	-15.841645000000002
C030010L15Rik	-17.470974	-14.017095999999999
Pim1	-13.174787	-9.720908
Prr36	-18.420053	-14.966176
Iglc2	-16.427623999999998	-12.973746
Fryl	-10.920078	-7.4662004
Ncl	-9.404867	-5.9509897
Il1rl1	-20.211813	-16.757935999999997
Gemin5	-13.29609	-9.842212
Zmat3	-13.108492000000002	-9.6546135
Itpripl1	-14.876682	-11.422804
Srrm1	-10.434428	-6.9805503
Hddc3	-13.828307	-10.374429
Rps6	-8.63102	-5.1771417
Gm46210	-20.90496	-17.451083999999998
A330094K24Rik	-16.372362	-12.918484
4921504E06Rik	-19.806348999999997	-16.352472
Kif26b	-12.981976	-9.528097
Glcci1	-12.212135	-8.758257
Ccdc125	-17.167292	-13.713413000000001
A330015K06Rik	-17.19139	-13.737510999999998
Trib2	-13.254792000000002	-9.800914
Plekha6	-16.498241	-13.044364
Klk10	-19.295523	-15.841645000000002
Gm19434	-19.806348999999997	-16.352472
Zmym4	-11.738468	-8.28459
Slc25a26	-13.899172	-10.445293
Gm13856	-19.806348999999997	-16.352472
Dpy19l1	-12.578928999999999	-9.125051
Pwwp3a	-12.556897	-9.103019
Mdm2	-12.043186	-8.589308
Ciz1	-12.504302000000001	-9.050424000000001
Vnn3	-18.82552	-15.371642000000001
Ypel3	-10.640413	-7.1865354
Pheta1	-13.522836999999999	-10.068958
Ttc28	-9.631677	-6.177798999999999
Gm16008	-16.427623999999998	-12.973746
Tsks	-17.726907999999998	-14.273029000000001
Slc50a1	-11.311605	-7.857727499999999
Gm45464	-15.348132999999999	-11.894255000000001
Ints14	-13.113852	-9.659972999999999
Gm15327	-18.132372	-14.678494
Tmub2	-12.740736	-9.286858
Pmp22	-10.61955	-7.165672
Shb	-12.630094999999999	-9.176216
Atg4c	-13.893747	-10.439869
Poc1b	-13.282785999999998	-9.828908
Ky	-13.258607999999999	-9.804729
Nqo2	-13.092178	-9.6383
Gm33785	-18.95905	-15.505172
Evc	-12.644985	-9.191107
Smim6	-15.055635999999998	-11.601758
Polr2k	-11.050086	-7.596208
Wdr35	-12.61844	-9.164561
Otud7b	-11.754795	-8.300917
Ankle2	-12.238314	-8.784435
Ap3s1	-12.093905	-8.640027
Hist1h4n	-18.01459	-14.560711999999999
Gdpgp1	-14.3653755	-10.911497
Zfp810	-13.330402	-9.876524
Purb	-10.101394	-6.647516
Lgr6	-10.690466	-7.236588
Fpr2	-20.211813	-16.757935999999997
Gm12915	-17.686085000000002	-14.232207
Olfr1259	-20.211813	-16.757935999999997
Gm49492	-15.631962	-12.178083
Trim23	-13.143642000000002	-9.689764
Ms4a4c	-19.806348999999997	-16.352472
Tmem266	-18.707735	-15.253858
Eef2k	-11.484765	-8.030887
Gm43136	-15.907748999999999	-12.453871000000001
Gm33936	-19.295523	-15.841645000000002
Taf4b	-14.628318	-11.174439
Ctps	-11.985106	-8.531228
Ubxn1	-10.217207	-6.763329
Spsb3	-12.453053	-8.999175
Vegfb	-11.665645	-8.211766
B230307C23Rik	-13.3522	-9.898321000000001
BC005561	-11.650317	-8.196439
Apol10b	-20.90496	-17.451083999999998
A330076C08Rik	-20.90496	-17.451083999999998
Hdac3	-12.271408000000001	-8.81753
Zfp770	-13.029841000000001	-9.575963
Zfp710	-13.703791	-10.249912
Slc7a10	-19.806348999999997	-16.352472
Zfp867	-14.176332	-10.722453999999999
Mdc1	-13.136851	-9.682972999999999
N6amt1	-11.077060000000001	-7.623182000000001
Adprm	-13.128007	-9.674128999999999
Elk3	-12.927679	-9.473801
Slc25a1	-12.051581	-8.597703
Invs	-13.011016	-9.5571375
Gm46323	-16.394102	-12.940224
Tbc1d10b	-12.463569999999999	-9.009691
Prima1	-17.439224	-13.985347
Zfyve1	-13.446775	-9.992897
E130114P18Rik	-16.241522	-12.787643
Podn	-14.519767000000002	-11.065888000000001
Dyrk1a	-12.101236	-8.647358
Ppfia3	-16.827423	-13.373546
Kif21b	-14.249521	-10.795643
Spink10	-17.408453	-13.954576000000001
Fam172a	-11.731803999999999	-8.2779255
Tuba8	-16.93467	-13.480791
1700062C10Rik	-20.90496	-17.451083999999998
Flot1	-11.347209	-7.893331
Tmem120a	-12.661153	-9.207274
Bean1	-15.907748999999999	-12.453871000000001
Papss2	-13.659307	-10.205428
Gtf3c4	-12.803889	-9.350011
Dnase1l2	-15.577085	-12.123206
Gpr63	-16.351084	-12.897206
Anxa2	-10.072958	-6.61908
Dnajc30	-12.077639999999999	-8.623761
Trmt61a	-13.610584	-10.156706
Gm29797	-19.518665	-16.064789
1110002E22Rik	-17.909226999999998	-14.45535
Adpgk	-12.349509	-8.895631
Il3ra	-14.615245999999999	-11.161367
Aldh1l2	-13.518491000000001	-10.064612
Ltbp3	-10.231712	-6.7778344
2210407C18Rik	-10.946086	-7.492208
Scfd1	-11.660413	-8.206534
Tprgl	-10.251899	-6.798021
Hist1h2ae	-14.843504000000001	-11.389626
Cntfr	-14.9185095	-11.464630999999999
Nckap5	-18.19691	-14.743032999999999
Tesmin	-17.646864	-14.1929865
Gm16010	-19.518665	-16.064789
Rpl4	-9.014058	-5.56018
Zbtb17	-13.805759	-10.351881
Nedd9	-11.270465	-7.816586999999999
Zfp185	-15.811210999999998	-12.357332000000001
Ralbp1	-10.59278	-7.138902000000001
Rab38	-18.707735	-15.253858
Grwd1	-13.595079	-10.141200999999999
Lepr	-13.101118	-9.64724
Zfand2b	-12.450069000000001	-8.996191
Gata6	-10.557300999999999	-7.103422599999999
Pcdhb6	-17.503763	-14.049885999999999
Cyp2d26	-18.340011999999998	-14.886134
Olfr1535	-18.95905	-15.505172
Asf1a	-12.228886	-8.775007
Txndc9	-11.472838000000001	-8.01896
G3bp2	-10.895268	-7.4413905
Gm36888	-18.95905	-15.505172
Arid1a	-11.369354	-7.915476299999999
mt-Co2	-6.4647017	-3.0108242
Gm28424	-18.19691	-14.743032999999999
Macrod2	-13.678752	-10.224874
Ddx52	-12.235047	-8.781169
Gjc2	-18.265903	-14.812026000000001
Adamts14	-15.375532000000002	-11.921654
Sema3d	-10.973664	-7.5197864
Cspp1	-11.891974000000001	-8.438096
Cstdc5	-19.806348999999997	-16.352472
Pnpo	-13.505563	-10.051684
Ces2g	-13.500682000000001	-10.046803
Zfp444	-13.025291000000001	-9.571413
Afap1	-11.234036	-7.780158500000001
Cyp20a1	-12.160791	-8.706913
Uqcrh	-9.2369995	-5.7831220000000005
Ptbp1	-11.613871000000001	-8.159991999999999
Plxna2	-12.578444500000002	-9.124566
Gm31946	-18.01459	-14.560711999999999
Shisa9	-18.132372	-14.678494
Nudt12	-14.121635999999999	-10.667758000000001
Gm49544	-18.420053	-14.966176
Gm13620	-16.535513	-13.0816345
Gm31834	-16.992937	-13.539060000000001
Bcl11a	-17.14376	-13.689882
Actrt3	-19.295523	-15.841645000000002
Panct2	-20.90496	-17.451083999999998
Csf2rb	-18.602375	-15.148498000000002
1700102H20Rik	-15.855104999999998	-12.401227
Fdx2	-11.817806	-8.363928
Jagn1	-11.900661	-8.446783
Cd24a	-16.973135	-13.519257999999999
Tecpr2	-13.829998000000002	-10.37612
Bex4	-12.147806	-8.693928
Nepro	-14.396192000000001	-10.942313
Tmem14a	-12.968658	-9.51478
Sla	-18.507065	-15.053187
Armcx5	-12.983063000000001	-9.529183999999999
Vmn2r29	-15.740175	-12.286297
9130401M01Rik	-12.291004	-8.837126
Prmt7	-12.737608999999999	-9.283730499999999
Ube2i	-11.010313	-7.5564350000000005
Sgms1	-12.839382	-9.385504
Vrk1	-13.291635999999999	-9.837758000000001
Tmem39b	-13.615351	-10.161472
Nat8l	-17.909226999999998	-14.45535
Gm26679	-19.806348999999997	-16.352472
Kcnab1	-10.385073	-6.931195
St7l	-12.5210705	-9.067192
Psmg2	-11.947579	-8.493701
Nxph3	-15.428497	-11.974619
Atp8b3	-17.813917	-14.36004
Lzic	-12.9304285	-9.47655
Gm48342	-18.19691	-14.743032999999999
Derl1	-11.362802499999999	-7.9089246
Ets1	-12.366202000000001	-8.912324
Pid1	-12.127097000000001	-8.673219
Dnajb11	-11.5647335	-8.110855
Fcgr2b	-17.470974	-14.017095999999999
Kcnh7	-20.211813	-16.757935999999997
Tcte2	-16.289839999999998	-12.835962
Gm17354	-14.321551999999999	-10.867674000000001
Nfkbia	-10.682257	-7.228378999999999
Mir100hg	-11.215719	-7.7618413
Rubcn	-12.726602999999999	-9.272724
Ncf1	-17.813917	-14.36004
B4galnt2	-20.211813	-16.757935999999997
Gm40773	-20.90496	-17.451083999999998
Bsx	-20.90496	-17.451083999999998
Birc5	-16.730574	-13.276695000000002
Mcm7	-13.573246	-10.119368
Abcb1b	-13.916548	-10.462669
Foxj3	-12.316378	-8.862499
4930519P11Rik	-18.707735	-15.253858
Tbxa2r	-11.632586	-8.178707000000001
Birc6	-10.741882	-7.288004400000001
Gm28289	-20.211813	-16.757935999999997
Gm45311	-16.160028	-12.706151
Gm38394	-14.523145000000001	-11.069266
Ppp5c	-11.884571000000001	-8.430693
C230012O17Rik	-18.265903	-14.812026000000001
Zfp740	-12.439061	-8.985183000000001
Rtkn2	-17.572756	-14.118878
Pitpnm2	-11.904231	-8.450353
Gm45670	-12.716827	-9.262949
Arhgef7	-11.825641000000001	-8.371762
Selenot	-11.265309	-7.8114314
Ppm1j	-13.922098000000002	-10.46822
Ace	-11.346996	-7.8931184000000005
Cpne4	-20.90496	-17.451083999999998
Trmt10c	-12.85171	-9.397832000000001
Hspa1b	-10.24165	-6.7877717
Nrros	-16.93467	-13.480791
Dipk2a	-12.495576	-9.0416975
Calcoco2	-20.90496	-17.451083999999998
4921504A21Rik	-14.569907	-11.116029
Fut8	-12.309325999999999	-8.855447999999999
Pik3r3	-13.248151000000002	-9.794272
Gm29152	-19.113201	-15.659324
Cwf19l2	-11.64707	-8.193192
Gm15675	-17.960522	-14.506644
Isoc2a	-14.287559	-10.833680000000001
Cebpg	-12.029534	-8.575656
Gm45924	-20.90496	-17.451083999999998
P2ry2	-14.001214000000001	-10.547336
Nars	-10.940049	-7.4861712
Gabrd	-19.295523	-15.841645000000002
Olfr1260	-19.113201	-15.659324
Lta4h	-12.159358000000001	-8.70548
Fam114a2	-11.804101	-8.350223
Sox9	-13.120488	-9.66661
Asf1b	-17.216082	-13.762203
Pgd	-12.438219	-8.984341
Phykpl	-13.250518	-9.796639
Cyp3a13	-20.90496	-17.451083999999998
Pomp	-10.282147	-6.828269500000001
Morn2	-12.896596	-9.442718
Gpr155	-12.786159	-9.33228
Tkfc	-14.101455999999999	-10.647577
Gm14634	-16.915976999999998	-13.462098999999998
U2surp	-10.771593	-7.317715
Slc25a13	-15.956202	-12.502322999999999
Proser2	-13.259085999999998	-9.805207000000001
H2afy2	-12.620205	-9.1663265
Gsn	-9.038986999999999	-5.585108999999999
Med17	-12.753052	-9.299173
Cd84	-18.602375	-15.148498000000002
Gm20619	-15.977707999999998	-12.523829
Gm47204	-14.540211	-11.086332
Gm47237	-14.931151000000002	-11.477273
Lmo2	-16.656466	-13.202587
1810008B01Rik	-16.915976999999998	-13.462098999999998
Agbl2	-16.730574	-13.276695000000002
Gm13205	-14.871875	-11.417996
Adam15	-11.960802000000001	-8.506924
Ncbp3	-12.03965	-8.585772
Wdr12	-12.618691	-9.164813
Gm39929	-16.761826	-13.307948000000001
Crbn	-12.168792999999999	-8.714914
Cnn1	-8.171483	-4.717605000000001
Kif22	-16.587473000000003	-13.133594500000001
Gm42067	-14.618963	-11.165085000000001
Samd4b	-11.602862	-8.148984
Zfp946	-13.777267000000002	-10.323389
Srrd	-13.232669	-9.778789999999999
Gtpbp10	-13.393436	-9.939558
Fabp7	-17.321442	-13.867564000000002
Barx1	-16.715304999999997	-13.261428
Pcmtd2	-12.15904	-8.705162
Btnl9	-18.95905	-15.505172
Xkr5	-19.113201	-15.659324
Dusp13	-18.132372	-14.678494
Fxyd3	-16.383173	-12.929295
Trpc1	-12.648873	-9.194995
Tnfrsf18	-18.602375	-15.148498000000002
Fam120b	-12.398021	-8.944142
Pygl	-13.670063	-10.216185000000001
Cntd1	-16.361666	-12.907788
5330439B14Rik	-18.707735	-15.253858
Trappc3	-11.704974	-8.251096
Brf2	-13.420031	-9.966152000000001
Fcrls	-17.726907999999998	-14.273029000000001
Eif3c	-10.075985000000001	-6.622107000000001
Dusp8	-11.107279	-7.653401
Gm42701	-16.142785999999997	-12.688908999999999
B3glct	-12.060336	-8.606458
Arhgef17	-10.889888000000001	-7.4360100000000005
Nucks1	-10.606497000000001	-7.1526190000000005
Dnd1	-16.746078	-13.2922
Ptk6	-20.90496	-17.451083999999998
Kcnb1	-12.657478999999999	-9.203600999999999
Colq	-17.960522	-14.506644
Ttbk1	-18.82552	-15.371642000000001
Rhod	-13.201954	-9.7480755
Drc1	-19.295523	-15.841645000000002
Srcin1	-19.113201	-15.659324
Grhl1	-17.120770999999998	-13.666893
4933406C10Rik	-15.728810999999999	-12.274933
Fbxo4	-12.57025	-9.116371000000001
Psmd3	-11.661283000000001	-8.207403999999999
Ctcf	-11.118176	-7.6642985
Vti1b	-11.049824000000001	-7.5959460000000005
Ankrd50	-12.841269	-9.38739
Tfec	-16.548251999999998	-13.094374
Pskh1	-13.379860999999998	-9.925982000000001
Cbfa2t2	-12.725201	-9.271322
Gm31087	-16.897627	-13.443748999999999
Dusp15	-18.602375	-15.148498000000002
Hist1h4f	-20.211813	-16.757935999999997
Sec22a	-12.656171	-9.202292
Hgh1	-14.169181	-10.715302000000001
Plin3	-11.403819	-7.949941
2700049A03Rik	-13.127587	-9.673708999999999
Zfp429	-14.417276999999999	-10.963399
Mapre3	-11.979906	-8.526028
Gm16982	-18.19691	-14.743032999999999
Smurf1	-12.6696005	-9.215722
Ern2	-20.90496	-17.451083999999998
Ube2g2	-12.3535595	-8.899681
Pdp2	-11.927436	-8.473557000000001
Wdr47	-12.756515499999999	-9.302636999999999
Snhg12	-11.735547	-8.281669
Gm14023	-16.794086	-13.340209
Plxna4os1	-16.810616	-13.356738
Crtap	-11.134719	-7.680841
Zbp1	-15.038492999999999	-11.584615
Agk	-13.026427	-9.572549
Ndufa6	-9.809128	-6.35525
Mapk13	-18.507065	-15.053187
Gm14286	-17.267374	-13.813497
Marf1	-11.815546000000001	-8.361668
Prelid2	-13.645142000000002	-10.191263000000001
Ptprz1	-10.257182	-6.803304
Tmigd3	-20.90496	-17.451083999999998
Hira	-12.939069	-9.48519
Pgr	-12.219377	-8.765498
Alyref	-11.79754	-8.343661
Utp11	-11.435647	-7.981769
Nucb2	-12.189081	-8.735203
2810032G03Rik	-18.132372	-14.678494
Ccn4	-13.667902	-10.214024
Serpina3n	-16.383173	-12.929295
Mlh1	-13.706029999999998	-10.2521515
Slc2a1	-12.233674	-8.779796000000001
Hsbp1	-10.255473	-6.801595
D030056L22Rik	-12.948483999999999	-9.494606
Fam76b	-12.203948	-8.75007
Rergl	-17.960522	-14.506644
2310010J17Rik	-13.281320000000001	-9.827441
Abl2	-12.743015	-9.289137
Zik1	-14.470415	-11.016537
Dhodh	-13.351150500000001	-9.897272000000001
Platr13	-20.90496	-17.451083999999998
Gm42064	-19.518665	-16.064789
9330179D12Rik	-15.127309	-11.67343
Adnp2	-12.838754	-9.384875
Rbm42	-11.127434	-7.673556
Mapk15	-19.806348999999997	-16.352472
Dnm1l	-11.360292999999999	-7.9064155
4930525G20Rik	-16.213614	-12.759735000000001
Ncoa5	-13.121321	-9.667442
Atp1a4	-20.90496	-17.451083999999998
Eif6	-11.333038	-7.879160400000001
Gm11032	-19.295523	-15.841645000000002
Stk39	-12.177669999999999	-8.723791
Eda2r	-15.956202	-12.502322999999999
Pxmp4	-12.021875	-8.567997
Tshb	-16.844519000000002	-13.39064
Fam241b	-17.537664000000003	-14.083787
Cdkl1	-16.299791	-12.845913000000001
Rab22a	-11.439900999999999	-7.9860234
Rft1	-13.450820000000002	-9.996942
Ppp2r1a	-10.948597	-7.494719
1700036A12Rik	-20.211813	-16.757935999999997
Awat2	-17.321442	-13.867564000000002
Ccdc73	-14.195657	-10.741778
Tspan33	-16.561155	-13.107276999999998
Zfp553	-13.3601	-9.906221
Hmgcs2	-11.55078	-8.096902
Nop53	-11.077707	-7.623829400000001
Ppia	-7.771861	-4.3179836
Ogfod2	-13.351674	-9.897796000000001
Dld	-11.673447	-8.219567999999999
Tcp11l1	-13.737924	-10.284044999999999
Spry2	-12.9154005	-9.461522
Zbtb44	-11.660413	-8.206534
Zeb1	-10.557300999999999	-7.103422599999999
Ifi202b	-20.90496	-17.451083999999998
Top1	-10.283024000000001	-6.829146000000001
Gm29459	-20.211813	-16.757935999999997
Dpysl2	-11.441453	-7.987575
Nuak2	-17.537664000000003	-14.083787
Polr3a	-13.244847	-9.790969
Xpo4	-12.687793	-9.233914
Acp1	-10.923819	-7.4699407
Dnajc2	-12.061923	-8.608044999999999
Gm49700	-14.688355	-11.234477
Cdc45	-15.2146015	-11.760722999999999
Ccdc130	-13.435307	-9.981428
Gm46516	-17.470974	-14.017095999999999
Gm42706	-20.211813	-16.757935999999997
Ptgs2os	-16.299791	-12.845913000000001
Snrpe	-10.558713000000001	-7.1048350000000005
Usf1	-12.726322	-9.272444
Kansl2	-12.481859	-9.027981
Syt3	-15.005064	-11.551186
Dip2a	-13.088544	-9.6346655
Slc41a3	-12.65879	-9.204911
Zbtb7c	-14.5097	-11.055821
A530084C06Rik	-18.707735	-15.253858
Clta	-10.092288	-6.63841
Zscan22	-13.835087	-10.381208
Tagln2	-9.306794	-5.8529162
Hcfc1	-11.93009	-8.476212
Gm19277	-20.90496	-17.451083999999998
Chchd1	-10.869831	-7.415953
4933439C10Rik	-14.240552	-10.786674
Mrpl40	-12.500712	-9.046834
Cdc7	-16.299791	-12.845913000000001
Ilvbl	-12.793033	-9.339153999999999
Arhgap31	-13.142791	-9.688912
Gm31513	-16.746078	-13.2922
Drd3	-17.216082	-13.762203
Asb4	-14.908509	-11.454631
Psmb3	-10.194262	-6.7403835999999995
Samd5	-13.555087	-10.101208999999999
Usp44	-20.211813	-16.757935999999997
Cnr1	-16.125837	-12.671959
Mettl26	-11.771394	-8.317515
Gm48295	-18.420053	-14.966176
Mgarp	-18.340011999999998	-14.886134
Rlf	-11.8463745	-8.392496000000001
4930522O17Rik	-20.211813	-16.757935999999997
Aifm2	-13.420592000000001	-9.966714
Cpne8	-14.240552	-10.786674
Strip1	-12.857451	-9.403573
Jak2	-12.026882	-8.573004
Pex14	-12.603936000000001	-9.150058
Suco	-11.738677000000001	-8.284799000000001
Zfp263	-12.979443	-9.525564
Scamp2	-11.926553	-8.472674000000001
Gm49312	-18.265903	-14.812026000000001
Fam57a	-15.047029	-11.59315
Slfn9	-16.383173	-12.929295
Gm48908	-17.537664000000003	-14.083787
Padi1	-17.860437	-14.40656
Rapgef5	-11.964332	-8.510453
Tmem192	-13.460712	-10.006834
Sspnos	-18.132372	-14.678494
Trim44	-11.375295	-7.9214168
Zrsr1	-12.67465	-9.220772
Vmn1r85	-20.211813	-16.757935999999997
Firre	-13.261957	-9.808079
4930578G10Rik	-18.340011999999998	-14.886134
Gm12185	-18.95905	-15.505172
Rala	-11.444174	-7.990296000000001
Myt1l	-20.211813	-16.757935999999997
Gm41611	-17.349613	-13.895735
St14	-17.294043	-13.840164999999999
Atn1	-11.620163	-8.166285
Med26	-13.828307	-10.374429
Gm10282	-16.827423	-13.373546
Pawr	-10.550302499999999	-7.0964246
Gm28112	-16.794086	-13.340209
Pmaip1	-18.132372	-14.678494
Chd6	-10.419677	-6.9657990000000005
Slc23a4	-17.14376	-13.689882
Lsm6	-11.081599	-7.6277213
2010106G04Rik	-18.95905	-15.505172
Desi2	-10.924328	-7.47045
Vangl1	-13.156070000000001	-9.702191000000001
Ubqln2	-12.131112	-8.677234
Gm50019	-18.602375	-15.148498000000002
Tmem123	-11.255979	-7.8021006999999996
Hao1	-19.113201	-15.659324
Srgap1	-17.686085000000002	-14.232207
AI662270	-17.408453	-13.954576000000001
Efna4	-14.901074	-11.447196
Nubp2	-12.951994000000001	-9.498116
Ocel1	-13.01027	-9.556392
Fmod	-14.5047035	-11.050825
Srpk1	-11.68477	-8.230891
Med6	-12.593808000000001	-9.13993
3300002I08Rik	-15.273748999999999	-11.819871000000001
Paip2b	-12.918455999999999	-9.464578
Kcnh2	-11.687942999999999	-8.234065
Gja5	-18.420053	-14.966176
Dock5	-12.777556	-9.323678
4930563E22Rik	-15.763298	-12.30942
Gm15706	-14.820462	-11.366584
Gm10658	-16.351084	-12.897206
Haus5	-14.034907	-10.581029
Oasl2	-16.232132	-12.778253999999999
Gm13134	-16.93467	-13.480791
Nat8f4	-17.2414	-13.787521
Wdr95	-13.522836999999999	-10.068958
Aopep	-10.043042999999999	-6.5891649999999995
Ctrl	-18.82552	-15.371642000000001
Gm48693	-17.408453	-13.954576000000001
Ess2	-13.142365	-9.688487
Ppp1ca	-10.490149	-7.036270599999999
Gm41144	-19.806348999999997	-16.352472
Ube2e2	-12.572892999999999	-9.119015
Zmynd19	-13.235933	-9.782055
BC016579	-17.909226999999998	-14.45535
2310015D24Rik	-13.118825	-9.664947
Pm20d1	-17.960522	-14.506644
Gm42717	-15.836057	-12.382178
1700095J03Rik	-16.777826	-13.323948999999999
Gm39033	-19.518665	-16.064789
Stx19	-17.686085000000002	-14.232207
Pbld1	-18.602375	-15.148498000000002
Zfp763	-14.099238	-10.64536
Med13l	-11.341291	-7.887413499999999
Nap1l2	-20.90496	-17.451083999999998
Prkch	-16.777826	-13.323948999999999
Ccdc61	-13.660732999999999	-10.206855000000001
Nmnat2	-15.136641000000001	-11.682762
Ecd	-12.757962	-9.304084
Gm50143	-19.518665	-16.064789
Phf21b	-16.93467	-13.480791
Etaa1os	-14.262474	-10.808596000000001
Mirg	-15.016084	-11.562205
Zmiz2	-12.175888	-8.722010000000001
Eif3e	-10.192167	-6.7382894
Gm11696	-15.805095000000001	-12.351216
BC003965	-12.173786	-8.719908
Pcdh15	-20.90496	-17.451083999999998
Nr2f6	-11.643738	-8.189859
Stard8	-13.400570000000002	-9.9466915
Tmem106b	-10.993307000000001	-7.539428999999999
Rock2	-9.233333	-5.7794547
Rilp	-13.309574	-9.855696
Ift81	-11.826781	-8.372902999999999
Zhx3	-11.907814	-8.453936
Zfp873	-14.249521	-10.795643
Dancr	-13.115920999999998	-9.662042999999999
Amigo3	-16.076647	-12.622769
Bak1	-12.666689	-9.2128105
Cmip	-14.434161999999999	-10.980284
Cgrrf1	-11.843353	-8.389475
Gm12198	-16.574228	-13.12035
Dusp23	-13.243433999999999	-9.789556
Olfr267	-16.100939	-12.647061
Gm29113	-18.19691	-14.743032999999999
Ptch1	-12.906961	-9.453083
4930415O20Rik	-19.295523	-15.841645000000002
Gm45187	-16.730574	-13.276695000000002
Plcd3	-13.048254	-9.594375999999999
Gm49427	-18.602375	-15.148498000000002
D7Ertd443e	-20.90496	-17.451083999999998
Cdsn	-15.515889000000001	-12.062011
Hist1h3d	-16.86191	-13.408031
Ccdc167	-12.58354	-9.129662
Tmbim6	-10.490058	-7.03618
Tmem79	-15.606644000000001	-12.152764999999999
Usp14	-11.334921000000001	-7.881042999999999
B9d1os	-17.909226999999998	-14.45535
Aco1	-12.28919	-8.835312
Gm34455	-11.822453999999999	-8.368576
Gm11592	-18.95905	-15.505172
C130021I20Rik	-20.90496	-17.451083999999998
Eya2	-14.773735	-11.319857
Baat	-19.806348999999997	-16.352472
Fcgrt	-10.904937	-7.451059
Gm15611	-19.518665	-16.064789
Med13	-11.416459	-7.962581
Jtb	-11.464939	-8.011061
Mark3	-11.513467	-8.059588
Abcf1	-11.114195	-7.660317
4732465J04Rik	-17.609123	-14.155246
Klhdc9	-15.695475	-12.241596000000001
Slc25a32	-12.523358	-9.06948
5031439G07Rik	-13.182282999999998	-9.728405
BC049739	-20.90496	-17.451083999999998
Cd63	-9.072819	-5.618941
Hdhd5	-14.478473000000001	-11.024594
Pdlim1	-9.910507	-6.4566292999999995
Kpna4	-10.986536	-7.5326580000000005
Gm13749	-19.518665	-16.064789
Vwa5b2	-18.707735	-15.253858
Ipo9	-12.465297	-9.011417999999999
Gpbp1	-11.381271	-7.927393400000001
Naa60	-12.588172	-9.134294
Liph	-18.01459	-14.560711999999999
Zfp989	-20.211813	-16.757935999999997
Ogdh	-10.789067	-7.3351893
Gm41349	-17.01314	-13.559262
Slc22a5	-14.548854	-11.094975
Hnrnpk	-9.873092	-6.419214
Polr2e	-11.7136	-8.259722
Dll4	-20.211813	-16.757935999999997
Pear1	-12.775197	-9.321319
Ercc8	-13.900986999999999	-10.447108
Mier1	-10.614071000000001	-7.160193
Ftsj1	-13.070965	-9.617086
Tab3	-13.978384	-10.524506
Sh3pxd2a	-10.480450999999999	-7.0265727
Abcg1	-15.963319	-12.50944
Zranb2	-10.816572	-7.3626943
Ap2m1	-10.45087	-6.996991599999999
Stard4	-13.314614	-9.860736
Irs3	-17.537664000000003	-14.083787
2900041M22Rik	-13.040925999999999	-9.587048
Dnajc10	-10.544492	-7.0906139999999995
Csk	-12.424432000000001	-8.970553
4930470G03Rik	-17.267374	-13.813497
Pla2r1	-15.191229000000002	-11.73735
Fam131a	-13.017002	-9.563124
Fbxo41	-16.561155	-13.107276999999998
Sh3bp2	-14.913497	-11.459619
Asnsd1	-12.586219	-9.13234
Bahcc1	-13.627713	-10.173835
Runx2	-15.695475	-12.241596000000001
Ttll3	-15.105868	-11.65199
Acadl	-10.989989999999999	-7.536112299999999
9830166K06Rik	-19.806348999999997	-16.352472
1700021F13Rik	-20.211813	-16.757935999999997
Chn1	-14.571682000000001	-11.117804
Ephb3	-14.091516500000001	-10.637638
Sspn	-10.513385000000001	-7.059507000000001
Gm44418	-20.90496	-17.451083999999998
Ccdc120	-15.928227	-12.474349
Eif2ak1	-12.507002	-9.053123
Emb	-10.818652	-7.364774000000001
Tceanc	-14.478473000000001	-11.024594
Tmprss7	-19.113201	-15.659324
Slc35e2	-13.439306	-9.985428
A930016O22Rik	-18.19691	-14.743032999999999
Casq1	-12.408788000000001	-8.954908999999999
Slc25a28	-12.649133	-9.195253999999998
Sbno1	-11.068736	-7.614858
Eef1akmt4	-14.789069	-11.335191
Gm45507	-18.507065	-15.053187
Sec61a1	-11.394665	-7.940786999999999
Smim19	-11.809807000000001	-8.355928
Impg2	-17.2414	-13.787521
Slc39a8	-15.775063000000001	-12.321183999999999
Milr1	-14.506366	-11.052487
Gm26944	-17.19139	-13.737510999999998
Upf3a	-11.552774000000001	-8.098896
Gm50334	-18.707735	-15.253858
Echdc3	-13.572592000000002	-10.118713
Ppa1	-12.129412	-8.675533
Tmem150b	-18.707735	-15.253858
Mkks	-13.268692000000001	-9.814814
Gm47003	-18.602375	-15.148498000000002
Myoz3	-17.19139	-13.737510999999998
Decr2	-13.149622	-9.695744
Grk6	-12.666425	-9.212546000000001
Ifi208	-20.90496	-17.451083999999998
Mycbpap	-17.960522	-14.506644
Gm44265	-17.686085000000002	-14.232207
Tmem249	-20.90496	-17.451083999999998
Gm36287	-16.151370999999997	-12.697493
Il21r	-19.295523	-15.841645000000002
Lrp1b	-15.805095000000001	-12.351216
Snhg3	-11.788053	-8.334174
A730017L22Rik	-14.704452499999999	-11.250574
Tmem131	-11.984171	-8.5302925
Hist1h4j	-19.113201	-15.659324
Vmn1r181	-20.211813	-16.757935999999997
Zbtb5	-13.643735999999999	-10.1898575
C430049B03Rik	-15.553103	-12.099225
Gm10425	-19.113201	-15.659324
Gfod1	-13.442746	-9.988868
Tfe3	-12.69158	-9.237701
Agfg1	-11.329561	-7.8756832999999995
Kidins220	-11.044903	-7.591025
Lxn	-11.5123825	-8.058504
Gm10053	-14.731175	-11.277297
Mad2l2	-13.301561999999999	-9.847684
Abhd12	-12.326485	-8.872606
Lrmp	-19.295523	-15.841645000000002
Ccdc103	-17.098299	-13.644421
Scaper	-11.852445	-8.398566
Szrd1	-11.786298	-8.332419
Cyb5a	-10.182796000000002	-6.728917599999999
Socs4	-12.001418	-8.54754
Snapc4	-13.761344	-10.307466
Itgal	-19.295523	-15.841645000000002
Gabra4	-18.340011999999998	-14.886134
Map7d1	-10.358016000000001	-6.9041380000000006
Gadd45g	-10.339147	-6.8852687
B430212C06Rik	-18.265903	-14.812026000000001
Slc31a1	-13.403879000000002	-9.950001
Eaf2	-15.248969	-11.795091000000001
Exoc1	-12.695108	-9.24123
Nom1	-12.277301	-8.823422
Loxl2	-12.628567	-9.174688
Fat3	-18.265903	-14.812026000000001
Rbm4	-12.778148	-9.324269000000001
6430550D23Rik	-17.076319	-13.622441
Mms22l	-15.928227	-12.474349
Plpp2	-13.120488	-9.66661
Dtx4	-15.775063000000001	-12.321183999999999
Klk8	-18.707735	-15.253858
Mrpl44	-12.8992605	-9.445382
1500011B03Rik	-13.029082	-9.575204
Gpr173	-13.488582999999998	-10.034704
Uck1	-12.758542	-9.304664
Ksr1	-13.568676000000002	-10.114798
Gm26887	-15.673853	-12.2199745
Zfp414	-12.564506	-9.110627000000001
Hp1bp3	-10.456826	-7.002948299999999
Cdk5r1	-15.313973999999998	-11.860096
Sptbn4	-16.897627	-13.443748999999999
Nlgn1	-18.19691	-14.743032999999999
Svep1	-15.466882	-12.013003
Kcnf1	-18.507065	-15.053187
1110002L01Rik	-13.557660999999998	-10.103783
Tbrg4	-14.134171499999999	-10.680292999999999
Myadml2	-15.158757999999999	-11.704880000000001
Adgrg2	-15.228207999999999	-11.774329
Slc24a5	-13.703791	-10.249912
Ube2l3	-10.886495	-7.4326167000000005
Samd12	-16.394102	-12.940224
Mxra8os	-19.518665	-16.064789
B630019A10Rik	-14.506366	-11.052487
Gabpa	-12.336505	-8.882627000000001
Gm17191	-18.507065	-15.053187
Dapk3	-11.772691	-8.318812
Hps3	-13.130526000000001	-9.676647
Lztfl1	-11.909796	-8.455917
Eef1akmt2	-12.688602000000001	-9.234724
Gm44170	-19.295523	-15.841645000000002
Mdn1	-12.8281355	-9.374257
Gm5148	-17.294043	-13.840164999999999
Bicd1	-11.278744	-7.824866
6430562O15Rik	-14.983382999999998	-11.529505
Rundc3a	-19.806348999999997	-16.352472
Gm48795	-18.340011999999998	-14.886134
Aprt	-11.176721	-7.722842699999999
Hacd3	-13.032506	-9.578628
Tcerg1	-11.427116	-7.9732385
Gm49108	-20.90496	-17.451083999999998
C130046K22Rik	-16.761826	-13.307948000000001
Specc1	-11.310584	-7.856706
Nsd2	-12.220899000000001	-8.76702
Nanos3	-16.383173	-12.929295
E330018M18Rik	-20.90496	-17.451083999999998
Gm45474	-19.518665	-16.064789
Nfkb1	-11.876263	-8.422384
D130043K22Rik	-19.806348999999997	-16.352472
Adcy9	-12.442435000000001	-8.988557
Tmem86a	-12.931117	-9.477238999999999
K230015D01Rik	-14.9337	-11.479821000000001
Gm45353	-18.071747	-14.617869
Gm3513	-18.265903	-14.812026000000001
Fibp	-12.083819	-8.629941
Med9os	-14.718753	-11.264874
Cnnm1	-18.602375	-15.148498000000002
Gpr143	-20.90496	-17.451083999999998
Mapkapk5	-13.853106	-10.399227
Eif3m	-10.647057	-7.1931787
Rnaset2b	-13.766888	-10.313009
Gnmt	-17.813917	-14.36004
Slc26a1	-19.295523	-15.841645000000002
Naa10	-11.935164	-8.481286
Gm10432	-15.4756155	-12.021737
Gpr161	-13.296586999999999	-9.842709
Phldb3	-17.769466	-14.315589000000001
Wdr53	-13.235	-9.781121
Fam216a	-12.793333	-9.339455000000001
Plekhb2	-12.879445	-9.425567
Lbhd1	-15.728810999999999	-12.274933
Tufm	-12.534645	-9.080767
Zfp560	-12.017861	-8.563983
Hypk	-12.293732	-8.839853
Gm49282	-17.572756	-14.118878
Ifit1	-16.02216	-12.568280999999999
Cenpw	-13.042464	-9.588586
Pappa2	-15.769163	-12.315285000000001
Fam49b	-12.713775	-9.259896000000001
Mon1a	-13.133894	-9.680016
Cyp2s1	-19.518665	-16.064789
Col24a1	-18.507065	-15.053187
Syn2	-14.3187895	-10.864911
Rictor	-11.810143	-8.356264999999999
Sec24b	-12.146392	-8.692513
Tubgcp6	-14.2104	-10.756521000000001
Tra2a	-10.957552	-7.503674
Fam117a	-14.571682000000001	-11.117804
Adprhl1	-18.95905	-15.505172
Cln8	-13.307564999999999	-9.853686
Cenpm	-15.811210999999998	-12.357332000000001
Dhrs2	-19.518665	-16.064789
Apbb2	-12.153171	-8.699292
Grasp	-14.248235000000001	-10.794356
1700120C14Rik	-12.669866	-9.215987
Mgp	-6.3686485	-2.914771
Arhgef25	-10.944385	-7.490506599999999
Twist2	-14.633973000000001	-11.180095
4930592I03Rik	-20.90496	-17.451083999999998
AL607088.1	-17.860437	-14.40656
Hvcn1	-18.602375	-15.148498000000002
Nrip2	-15.999685999999999	-12.545808000000001
Col11a1	-16.93467	-13.480791
9030025P20Rik	-15.073079000000002	-11.619201
Ccr9	-18.071747	-14.617869
Klhl6	-19.295523	-15.841645000000002
Gm44763	-19.806348999999997	-16.352472
Chchd7	-11.663509	-8.209631
Ifit1bl1	-19.295523	-15.841645000000002
Hspb2	-10.339739999999999	-6.8858619999999995
Mtfr1	-12.47813	-9.024252
Kctd14	-17.769466	-14.315589000000001
Gm40841	-17.860437	-14.40656
Bpifb1	-20.90496	-17.451083999999998
Gm49797	-13.403879000000002	-9.950001
Cnnm2	-12.976915	-9.523037
Hipk1	-11.116548	-7.6626697
Zswim9	-13.270624	-9.816746
Adnp	-11.321266	-7.8673882
Heatr5b	-12.744729	-9.290851
Slamf8	-20.211813	-16.757935999999997
Rtf1	-10.63756	-7.183682000000001
Bud31	-11.839763	-8.385883999999999
Gm46224	-19.113201	-15.659324
Abca8a	-14.402171	-10.948293
S100a7a	-14.988759	-11.534881
mt-Atp6	-6.047515	-2.5936375
Slc16a14	-20.90496	-17.451083999999998
Gm29562	-18.602375	-15.148498000000002
Mroh2a	-18.707735	-15.253858
Tmem198b	-14.214119	-10.760241
Crebzf	-12.268031	-8.814153
Gm45572	-19.295523	-15.841645000000002
Kat6b	-11.218138	-7.76426
Pip4k2c	-12.3613205	-8.907442
H2-Q7	-17.860437	-14.40656
Abhd17c	-14.536774	-11.082894999999999
Slpi	-18.132372	-14.678494
Gm44210	-20.90496	-17.451083999999998
Vmn2r27	-18.707735	-15.253858
Ccni	-10.473113	-7.019235000000001
Klc2	-13.079316	-9.625438
Mvk	-12.471584	-9.017706
Pnpla3	-19.518665	-16.064789
Smad6	-12.265727	-8.811849
Gm26843	-19.806348999999997	-16.352472
Washc3	-11.913275	-8.459396
Rps11	-8.337734	-4.8838563
Gmfb	-12.754205	-9.300326
Dcakd	-13.128426999999999	-9.674548
Gm9970	-15.637103	-12.183225
Cnih2	-16.973135	-13.519257999999999
Fam221b	-15.4756155	-12.021737
Hunk	-15.799016	-12.345138
Ntn4	-12.666425	-9.212546000000001
Sec31b	-15.887681	-12.433803
Gdf15	-13.671505999999999	-10.217628
March2	-10.997333	-7.5434546000000005
Zfp598	-12.622731	-9.168853
Gm11767	-18.95905	-15.505172
Gm12207	-17.054813	-13.600935
Htra3	-10.95717	-7.5032916
Gm5084	-19.806348999999997	-16.352472
Camsap1	-11.76956	-8.315681
B430219N15Rik	-16.973135	-13.519257999999999
Scarf1	-15.817364999999999	-12.363486
Mavs	-12.918117	-9.464238
4930579G24Rik	-14.879095000000001	-11.425217
Clvs1	-17.120770999999998	-13.666893
Tnfrsf9	-19.518665	-16.064789
Setd3	-11.101902	-7.648024
4632404H12Rik	-15.178113	-11.724235
Dact1	-13.372873	-9.918994999999999
5730420D15Rik	-16.522934	-13.0690565
Dusp5	-13.991223999999999	-10.537346000000001
Phf21a	-11.950546000000001	-8.496668
Emp2	-10.379796	-6.925917999999999
Gm6377	-16.02216	-12.568280999999999
Kif5a	-17.294043	-13.840164999999999
Gm26756	-18.340011999999998	-14.886134
Rnf213	-13.701554999999999	-10.247677000000001
B230206H07Rik	-18.340011999999998	-14.886134
Cat	-11.9795065	-8.525628
Rnd2	-12.230935	-8.777057000000001
D16Ertd472e	-12.356075	-8.902197
Klhl21	-12.549346	-9.095467999999999
Dcaf7	-12.433812	-8.979934
Gm20481	-17.769466	-14.315589000000001
B230119M05Rik	-20.90496	-17.451083999999998
Kat14	-13.294108	-9.84023
Neil3	-18.602375	-15.148498000000002
CR974586.4	-16.450613	-12.996736
Spats2l	-10.724979	-7.2711015
Ttc1	-11.763542	-8.309664
Plac9a	-16.241522	-12.787643
Rftn1	-15.4756155	-12.021737
mt-Nd3	-8.034051	-4.580173
Hils1	-18.507065	-15.053187
Gm47689	-15.949133999999999	-12.495255
Vegfa	-13.485579999999999	-10.031702000000001
Klf4	-11.025101	-7.571223
Hcn1	-16.777826	-13.323948999999999
Peak1	-11.683086999999999	-8.229208999999999
Amotl2	-11.819164	-8.365286
Tmem42	-12.810583	-9.356705
Cmtm7	-12.344708	-8.890830000000001
Gng3	-15.914529000000002	-12.46065
Med12	-12.285753	-8.831875
Dym	-12.659839999999999	-9.205961
A630052C17Rik	-15.038492999999999	-11.584615
Spen	-11.608443	-8.154565
Mylip	-12.3578205	-8.903942
Mrgpre	-15.591755	-12.137876499999999
Hnrnpr	-10.865283	-7.411405
Rpl34	-8.122736	-4.668858
Prkci	-12.747017999999999	-9.293139
Sh3bgrl	-9.03341	-5.579532599999999
Cldn19	-20.211813	-16.757935999999997
7420700N18Rik	-20.90496	-17.451083999999998
Trmt12	-13.695621	-10.241742
Gm17491	-14.382869	-10.928989999999999
Rplp2	-8.506369	-5.052491000000001
Trnp1	-13.068987	-9.6151085
Abhd16a	-11.5679	-8.114021000000001
Smarca2	-10.424439	-6.9705615000000005
Zfp93	-14.434161999999999	-10.980284
4930579D07Rik	-20.90496	-17.451083999999998
Rnf32	-16.600895	-13.147017499999999
Syndig1l	-20.90496	-17.451083999999998
Ramac	-11.270007000000001	-7.816128999999999
Zscan21	-13.146201000000001	-9.692323
Proser1	-13.021892	-9.568013
Tmed6	-19.806348999999997	-16.352472
Map4	-10.58553	-7.1316524
E330009J07Rik	-14.587795999999999	-11.133918
C2cd5	-13.0595455	-9.605667
Abhd3	-15.005064	-11.551186
Tmem178	-20.211813	-16.757935999999997
Aak1	-12.052011	-8.598132000000001
Tbc1d10a	-12.861619000000001	-9.407741
2310011J03Rik	-12.020351	-8.566473
Max	-12.07676	-8.622882
Rap2c	-12.562597	-9.108719
Rad54l2	-12.601208999999999	-9.14733
AU020206	-13.426226999999999	-9.972348
Rgs11	-14.760776000000002	-11.306897
Rgs2	-11.957285	-8.503407000000001
Ubald2	-11.596225	-8.142346
Peli2	-11.387725	-7.933847
Akr1c18	-17.909226999999998	-14.45535
Ppp4r1	-12.849803999999999	-9.3959255
Chil3	-20.90496	-17.451083999999998
Aldh1a3	-17.686085000000002	-14.232207
Gm6225	-15.161957999999998	-11.708079
Znhit2	-12.656171	-9.202292
Tomm34	-12.285572	-8.831694
Il23a	-18.19691	-14.743032999999999
Itpk1	-12.197313000000001	-8.743435
Tapbpl	-13.792634	-10.338756
Ubap2	-11.903738	-8.449860000000001
Dcaf5	-12.588416	-9.134538000000001
Gm33543	-15.197851000000002	-11.743973
Phlpp2	-12.9801655	-9.526287
Pecr	-12.822868	-9.36899
Arf3	-11.834802999999999	-8.380924
Tmem69	-14.483339	-11.029461
Des	-10.590689999999999	-7.1368117
Hm629797	-17.960522	-14.506644
Sptb	-16.794086	-13.340209
Arhgap25	-19.518665	-16.064789
Arhgap19	-15.786967	-12.333089
Slc25a24	-12.555241	-9.101362
Katnbl1	-12.424847	-8.970968
Adam4	-16.045149	-12.59127
Stk19	-12.525652000000001	-9.071774000000001
Ndufa11	-9.766453	-6.312575
Zfp251	-12.660102	-9.2062235
Cd2ap	-10.701332	-7.247453999999999
Olfr959	-20.90496	-17.451083999999998
Gpr146	-12.960824	-9.506946000000001
Palm3	-20.211813	-16.757935999999997
Tle1	-11.839878	-8.386000000000001
Pds5a	-11.757133999999999	-8.303256
Fzd10os	-19.806348999999997	-16.352472
Dhrs7c	-17.14376	-13.689882
Csnk1g3	-12.076906	-8.623028
Pgbd5	-18.132372	-14.678494
2900009J06Rik	-14.36105	-10.907171
Fam118b	-13.657167999999999	-10.203289999999999
Parp10	-14.656919	-11.20304
Sae1	-11.698127000000001	-8.244247999999999
4930404N11Rik	-15.874523000000002	-12.420645
A730085E03Rik	-20.90496	-17.451083999999998
Ctsa	-10.909259	-7.455381
Fam110c	-20.211813	-16.757935999999997
Slc25a37	-13.522215	-10.068336500000001
Ndufb6	-10.617538	-7.1636605
Atg16l2	-12.779922500000001	-9.326044
Ccnj	-15.07015	-11.616272
Zfp952	-13.422842000000001	-9.968964
Klhl42	-12.908307	-9.454429
Prkcq	-18.82552	-15.371642000000001
Gm29811	-17.769466	-14.315589000000001
Gm48657	-20.90496	-17.451083999999998
Gm50130	-19.295523	-15.841645000000002
Tmpo	-11.282047	-7.8281693
Dnajb1	-11.238906	-7.785028
Fbxo47	-17.860437	-14.40656
Gm9913	-15.956202	-12.502322999999999
Abitram	-13.527203	-10.073324000000001
Phox2a	-20.90496	-17.451083999999998
6030442E23Rik	-16.587473000000003	-13.133594500000001
Smarca4	-11.5329275	-8.079049000000001
Surf4	-11.214233	-7.760355499999999
Dach2	-20.90496	-17.451083999999998
Arcn1	-10.890917	-7.4370389999999995
Gm28729	-19.806348999999997	-16.352472
Mtmr11	-12.922886	-9.4690075
Olfr921	-18.707735	-15.253858
Klhl30	-13.029082	-9.575204
Gli2	-13.733304	-10.279425999999999
Trim43c	-18.602375	-15.148498000000002
Sil1	-12.237109	-8.783230999999999
Ldlrad4	-11.692923	-8.239044
Zbed5	-14.926076	-11.472197999999999
Hmgxb4	-12.072519	-8.618641
Rab27a	-13.274985000000001	-9.821107000000001
Mlkl	-16.685453	-13.231575
Nfkbil1	-12.869358	-9.41548
Cldn22	-13.191624	-9.737745
Ubfd1	-12.231106	-8.777227
Sspo	-19.295523	-15.841645000000002
Gpr62	-17.439224	-13.985347
Smim4	-11.763221000000001	-8.309342
Cstb	-10.954925	-7.501046700000001
Gm17134	-18.82552	-15.371642000000001
Cr2	-17.609123	-14.155246
Gm19710	-17.03376	-13.579882000000001
Gm26571	-18.01459	-14.560711999999999
Zfp532	-12.536964	-9.083086
Rapgef3os2	-18.602375	-15.148498000000002
Gm14209	-17.726907999999998	-14.273029000000001
Ndufa4l2	-15.161957999999998	-11.708079
Rpl35	-8.563161000000001	-5.1092830000000005
Serpina9	-18.707735	-15.253858
Adam12	-17.909226999999998	-14.45535
Aldh1b1	-15.538985	-12.085107
Gm43113	-16.973135	-13.519257999999999
Ncbp2	-11.780942	-8.327064
Trim43b	-19.806348999999997	-16.352472
Zfp62	-12.374852	-8.920974000000001
Wasl	-11.059951	-7.606072999999999
Cd33	-18.420053	-14.966176
Fmnl2	-13.142365	-9.688487
Gm9958	-16.450613	-12.996736
Zkscan4	-15.228207999999999	-11.774329
Ifnar2	-11.535824	-8.081945
A930015D03Rik	-16.361666	-12.907788
Foxo6os	-16.48612	-13.032242
Pf4	-14.996879000000002	-11.543
Tbc1d9	-12.63418	-9.180302000000001
Sqle	-12.44773	-8.993852
Snx4	-11.616178999999999	-8.162301
Poldip2	-12.175888	-8.722010000000001
Sv2b	-17.321442	-13.867564000000002
Crlf1	-13.406645999999999	-9.952767
Psmd11	-10.858152	-7.4042745
Setdb2	-14.3187895	-10.864911
1700112J16Rik	-16.628294	-13.174417000000002
Gm26549	-15.332807999999998	-11.878929
Rpl36a	-8.819678	-5.365801
Trpm5	-20.90496	-17.451083999999998
Mtg1	-13.477222	-10.023344
Alox5ap	-15.158757999999999	-11.704880000000001
Flrt2	-13.38202	-9.928142
Gm11934	-16.93467	-13.480791
Btnl2	-20.90496	-17.451083999999998
Ncapd2	-14.874276	-11.420397999999999
Terf2	-12.615924	-9.1620455
Ccdc50	-10.744392	-7.2905145000000005
Pls1	-18.82552	-15.371642000000001
Zmynd10	-18.265903	-14.812026000000001
Slc22a4	-15.344279	-11.890400999999999
Epha7	-13.418909	-9.965031
Arrb1	-13.729470999999998	-10.275592999999999
Ap1g1	-12.079547999999999	-8.6256695
F420014N23Rik	-14.970067000000002	-11.516189
Fads1	-11.872074000000001	-8.418196
Itga9	-9.654427	-6.200549
Zc3h12d	-19.806348999999997	-16.352472
Shc3	-19.295523	-15.841645000000002
D230025D16Rik	-13.202857	-9.748978999999999
Rpp30	-12.594792	-9.140914
Gm26717	-18.340011999999998	-14.886134
Rassf10	-17.646864	-14.1929865
Ubxn10	-20.90496	-17.451083999999998
Gm12925	-16.241522	-12.787643
Cfap69	-15.999685999999999	-12.545808000000001
Sema4c	-13.465989000000002	-10.012111
Myl9	-7.056151	-3.6022735
Rpl35a	-8.053697999999999	-4.599819999999999
Ethe1	-11.242527	-7.788649
Irf1	-13.599101000000001	-10.145223
Hells	-14.913497	-11.459619
Gm26626	-20.90496	-17.451083999999998
Endou	-16.195429999999998	-12.741552
Gipc2	-12.3253565	-8.871478
Mthfd2	-13.217422500000001	-9.763544
Ppp1r3d	-13.848785999999999	-10.394908000000001
Mctp1	-17.646864	-14.1929865
Zscan25	-15.395573	-11.941694
Gt(ROSA)26Sor	-12.618188	-9.1643095
Cfap97d1	-19.806348999999997	-16.352472
Rtl3	-17.076319	-13.622441
Tmprss12	-20.90496	-17.451083999999998
Rnase6	-19.806348999999997	-16.352472
Exosc8	-12.317122999999999	-8.863245
Ergic1	-11.537019	-8.08314
Gm44751	-15.679214499999999	-12.225336
Ube2j1	-12.006186	-8.552307
Raet1e	-19.806348999999997	-16.352472
Fam83h	-17.054813	-13.600935
Rcan3	-13.049417	-9.595538000000001
Hectd4	-12.590864	-9.136986
Hist1h2be	-14.123903	-10.670025
Aim2	-19.806348999999997	-16.352472
Nkd1	-11.192210000000001	-7.738332300000001
Ikzf4	-14.613392000000001	-11.159513
Krt28	-20.90496	-17.451083999999998
Atf5	-11.375003999999999	-7.921125999999999
Cmklr1	-13.4802	-10.026321000000001
Ss18l1	-15.024428	-11.57055
Gm536	-18.82552	-15.371642000000001
Gm43464	-20.211813	-16.757935999999997
Ubqln1	-12.096891000000001	-8.643013
Dact2	-18.82552	-15.371642000000001
Gm17057	-18.95905	-15.505172
Krt24	-20.90496	-17.451083999999998
Mpdu1	-12.89826	-9.444382000000001
A030001D20Rik	-14.379931	-10.926053
Galnt10	-14.287559	-10.833680000000001
P3h1	-12.292458	-8.838579
Gm13483	-15.118064000000002	-11.664186
Dync2li1	-12.578444500000002	-9.124566
Sbf1	-12.592825999999999	-9.1389475
A930002C04Rik	-15.616694	-12.162816000000001
Cers6	-14.656919	-11.20304
Gm37305	-14.782469	-11.32859
Ctr9	-11.730350999999999	-8.276473
Pea15a	-11.344386	-7.8905080000000005
Fxyd4	-15.855104999999998	-12.401227
Gm26876	-19.295523	-15.841645000000002
Atrnl1	-12.61693	-9.163052
Slc18b1	-13.869693	-10.415814
Nectin4	-18.602375	-15.148498000000002
Gm3604	-14.949123	-11.495244999999999
Gm42700	-17.470974	-14.017095999999999
Snorc	-13.613304999999999	-10.159427
Asphd2	-19.295523	-15.841645000000002
Cd244a	-20.90496	-17.451083999999998
Snap23	-11.294503	-7.8406253
Fam219b	-12.967944000000001	-9.514066
Gm26620	-16.100939	-12.647061
Slc25a2	-18.507065	-15.053187
Gm47404	-19.806348999999997	-16.352472
Hbp1	-11.524372	-8.070494
Cp	-13.554445000000001	-10.100567
Gm50203	-17.2414	-13.787521
Prss23	-10.299838000000001	-6.845960000000001
Mfge8	-8.815472999999999	-5.3615949999999994
Usp26	-19.518665	-16.064789
Poglut1	-11.972616	-8.518738
Sned1	-13.830844	-10.3769655
Cherp	-12.663522	-9.209643
Armc8	-12.265551	-8.811672
Vgf	-19.806348999999997	-16.352472
9430097D07Rik	-20.90496	-17.451083999999998
4930546K05Rik	-17.2414	-13.787521
Rfx5	-13.619454000000001	-10.165576
Zcchc2	-13.086933	-9.633055
Trem2	-18.071747	-14.617869
Ehd4	-10.859627	-7.405749
Usp45	-12.425885000000001	-8.972007000000001
Myorg	-14.898608	-11.44473
Aoah	-19.806348999999997	-16.352472
Gm17167	-13.040542	-9.586663
Crls1	-12.6696005	-9.215722
Gm4189	-15.631962	-12.178083
Mrps7	-11.618492999999999	-8.164615
Bphl	-12.403897	-8.950019000000001
Capns2	-18.82552	-15.371642000000001
Rtl8b	-12.315261	-8.8613825
Csl	-19.518665	-16.064789
Ndufa10	-11.086324000000001	-7.632446000000001
Bod1	-11.11101	-7.6571317
Hexim1	-11.191243	-7.7373652
Armcx3	-11.45584	-8.001961999999999
Mcemp1	-18.95905	-15.505172
Gm3331	-18.132372	-14.678494
Cavin4	-17.167292	-13.713413000000001
Gm31243	-20.90496	-17.451083999999998
Tmem126a	-11.753098	-8.299219
Ywhaz	-9.824836	-6.370958
Akip1	-13.497643	-10.043764999999999
Zfp811	-15.805095000000001	-12.351216
Snhg9	-14.388767999999999	-10.93489
4930507D05Rik	-17.769466	-14.315589000000001
Tma7	-10.316535	-6.8626570000000005
Plk3	-13.987255	-10.533377
Pdgfrb	-10.956739	-7.502861500000001
Cbx1	-10.872949	-7.4190707
1010001B22Rik	-14.729094	-11.275215
Pcdhga6	-14.529937	-11.076058
Serpinf1	-12.747304	-9.293426
Luc7l2	-10.105855	-6.6519770000000005
Zfp800	-12.057027	-8.603148
Krt18	-12.581353	-9.127475
Ttc21b	-12.952698	-9.498819000000001
Isoc1	-13.004325	-9.5504465
Pofut2	-10.776691	-7.3228135
Gm15895	-20.90496	-17.451083999999998
Gm45411	-17.813917	-14.36004
0610043K17Rik	-14.782469	-11.32859
Mtrex	-11.95391	-8.500031
Cdk9	-11.525046000000001	-8.071168
Mrps31	-12.348547	-8.894669
Reep2	-13.723370000000001	-10.269491
Gm43156	-18.340011999999998	-14.886134
Cdrt4	-17.098299	-13.644421
Megf8	-12.780218	-9.32634
Slc5a11	-20.90496	-17.451083999999998
Gm29417	-18.420053	-14.966176
Cyb5b	-11.759905999999999	-8.306027
Immp1l	-11.416307000000002	-7.9624295
Sfrp2	-10.604377000000001	-7.150499000000001
Orc3	-12.984878	-9.530999000000001
Ghitm	-11.209174	-7.755296
Gm13427	-18.95905	-15.505172
Triobp	-11.964725	-8.510846
Me2	-13.024913	-9.571034
Prr5	-17.726907999999998	-14.273029000000001
Gm2000	-13.088141	-9.634263
Gm41290	-19.806348999999997	-16.352472
Acot13	-11.911408999999999	-8.457531
Zswim1	-13.535991000000001	-10.082112
Imp4	-12.546998	-9.093119999999999
Spi1	-17.537664000000003	-14.083787
Dennd5b	-12.026743	-8.572865
Il31ra	-18.602375	-15.148498000000002
Dnah6	-18.95905	-15.505172
Tecta	-20.211813	-16.757935999999997
Shisa8	-20.211813	-16.757935999999997
Usp12	-12.401461999999999	-8.947583
Gtpbp4	-11.497657	-8.043778
Coa5	-12.600961	-9.147082000000001
D430018E03Rik	-15.391532999999999	-11.937654499999999
Poldip3	-12.260783	-8.806905
Rnf152	-13.153486	-9.699608
Gm20337	-17.076319	-13.622441
Rs1	-17.408453	-13.954576000000001
Tmem89	-17.686085000000002	-14.232207
H2al3	-18.420053	-14.966176
Zfand4	-15.511332999999999	-12.057455000000001
Gm10101	-16.827423	-13.373546
Syne2	-10.636275	-7.1823974
Dhrs13	-14.081675	-10.627796
Shank1	-13.964739000000002	-10.510860000000001
Ptcd1	-13.634648	-10.180769999999999
Csmd1	-18.602375	-15.148498000000002
4930474N09Rik	-20.211813	-16.757935999999997
Gm5	-20.211813	-16.757935999999997
1700093K21Rik	-17.909226999999998	-14.45535
1810012K08Rik	-18.071747	-14.617869
Atp1a1	-10.693658000000001	-7.2397800000000005
Gm50270	-19.518665	-16.064789
Pdk3	-12.407969999999999	-8.954092
Mmab	-13.919319	-10.465441
Nanos1	-14.745866	-11.291986999999999
Gm10134	-14.434161999999999	-10.980284
Pcf11	-11.907566000000001	-8.453688
Il27ra	-17.609123	-14.155246
Stradb	-12.899594	-9.445716000000001
Gm35330	-17.2414	-13.787521
Rpp21	-11.627243	-8.173364999999999
Emid1	-13.633953	-10.180075
Fam209	-16.439053	-12.985175
Gm17396	-13.762134	-10.308255
Gm34121	-16.730574	-13.276695000000002
Cd8b1	-19.113201	-15.659324
Upp1	-19.113201	-15.659324
Insr	-11.579597	-8.125719
Hotairm1	-11.424441	-7.9705634000000005
Lair1	-19.806348999999997	-16.352472
Kdm5b	-11.527751	-8.073872999999999
Bmerb1	-18.420053	-14.966176
Procr	-17.537664000000003	-14.083787
Capn12	-14.541932999999998	-11.088055
9530068E07Rik	-10.59481	-7.140931599999999
Rnf2	-12.802072	-9.348192999999998
Zfp934	-13.756616000000001	-10.302736999999999
Puf60	-11.364958	-7.91108
9430091E24Rik	-16.289839999999998	-12.835962
Slc9a3r1	-13.035942	-9.582064
Sigirr	-19.518665	-16.064789
Zfat	-14.876682	-11.422804
Yme1l1	-11.25895	-7.8050723
Tfcp2	-13.168654	-9.714775999999999
Tmem219	-11.9196415	-8.465763
Cdk4	-11.478461	-8.024583
Scamp1	-12.398626	-8.944747999999999
Ap3d1	-11.556164	-8.102285
Slc13a2	-20.90496	-17.451083999999998
Eif4b	-10.8319	-7.378021700000001
4930570G19Rik	-17.686085000000002	-14.232207
Suds3	-11.805776	-8.351897
E130317F20Rik	-14.448192	-10.994313
Gm10638	-13.899172	-10.445293
Gm27224	-20.90496	-17.451083999999998
Mllt6	-12.301774	-8.847896
Synpo	-10.891722999999999	-7.437844800000001
Med1	-11.963416	-8.509538000000001
Dnah17	-18.071747	-14.617869
Crkl	-12.545358	-9.091479
Axin2	-14.67055	-11.216672
Dcaf15	-13.814051999999998	-10.360173
Gm26583	-16.730574	-13.276695000000002
Gna15	-19.113201	-15.659324
Padi2	-18.132372	-14.678494
Ldb3	-11.017908	-7.564030000000001
Map7d3	-14.110373999999998	-10.656496
Ucma	-16.439053	-12.985175
B4galt5	-13.769274	-10.315395
Myzap	-15.235079999999998	-11.781201
Celsr2	-13.365402	-9.911524
Ndnf	-13.804110000000001	-10.350230999999999
4933432I09Rik	-16.715304999999997	-13.261428
Asb7	-12.884362	-9.430484
Desi1	-12.853302000000001	-9.399424
Gm14435	-18.071747	-14.617869
Myh11	-6.968036	-3.5141587
Aldoart1	-18.340011999999998	-14.886134
C9	-20.90496	-17.451083999999998
Zfp30	-12.793033	-9.339153999999999
Gid8	-12.187934	-8.734055499999998
Mocs3	-13.657167999999999	-10.203289999999999
Pcyt2	-12.539988000000001	-9.086109
Tmem88	-15.355885500000001	-11.902007000000001
Dok4	-13.810726	-10.356848
Armc2	-14.328491	-10.874613
Mrps6	-11.664964999999999	-8.211086
Lrrc17	-10.739148	-7.28527
Arih1	-11.382002	-7.928124
Itgb7	-17.909226999999998	-14.45535
Cop1	-11.393036	-7.939158
Zdhhc21	-12.437589	-8.98371
Slco1a4	-17.098299	-13.644421
Rrh	-19.113201	-15.659324
Selp	-19.113201	-15.659324
Lamp1	-9.313724	-5.8598456
Zkscan2	-20.211813	-16.757935999999997
Sphk1	-14.548854	-11.094975
Syngr3	-14.543657999999999	-11.089780000000001
Adam19	-13.013257000000001	-9.559379
Inf2	-13.038239	-9.58436
Uchl1os	-18.19691	-14.743032999999999
Yod1	-12.925964	-9.472086000000001
Adamts9	-12.700836	-9.246958
Gm50322	-17.960522	-14.506644
Kdm4a	-12.762607000000001	-9.308728
Lrrc3b	-19.518665	-16.064789
Selenon	-12.544889	-9.091011
P2ry1	-18.95905	-15.505172
Batf2	-19.295523	-15.841645000000002
9430015G10Rik	-14.587795999999999	-11.133918
Gm12679	-20.90496	-17.451083999999998
Cyp2f2	-20.211813	-16.757935999999997
Aup1	-11.713701	-8.259822999999999
Sh3d21	-13.283766	-9.829887
Macf1	-9.467018	-6.01314
Fam207a	-12.9194765	-9.465598
Dmrtc1a	-17.646864	-14.1929865
Adgrv1	-17.769466	-14.315589000000001
Proca1	-14.464015	-11.010137
Cbx7	-12.473761999999999	-9.019883
Kctd4	-17.909226999999998	-14.45535
Cers4	-11.565788000000001	-8.11191
Zfp36	-11.394813000000001	-7.940934700000001
Ppp4r3b	-11.449716	-7.995837700000001
Ppp1r42	-20.211813	-16.757935999999997
Mex3d	-13.049804	-9.595925
Cmas	-11.891123	-8.437244
Olfr57	-18.340011999999998	-14.886134
Gm10687	-13.150479	-9.696601
Kat2a	-13.441598	-9.98772
Chd5	-16.319994	-12.866116
Asap3	-14.550591	-11.096713000000001
B4gat1	-12.096741999999999	-8.642863
Gabrb3	-19.806348999999997	-16.352472
1700048O20Rik	-15.340441	-11.886562
Vps26c	-12.561883	-9.108005
Ranbp17	-13.917470999999999	-10.463593
Gpr153	-13.611943	-10.158064999999999
Chic2	-11.613963	-8.160085
Dpy30	-11.526567	-8.072689
Cxcl12	-11.332133	-7.8782554000000005
Cldn15	-16.656466	-13.202587
Gm48619	-18.707735	-15.253858
Gm17021	-17.216082	-13.762203
Opn1mw	-18.420053	-14.966176
Shroom1	-16.213614	-12.759735000000001
Cacna2d4	-17.267374	-13.813497
Gm16253	-16.879607999999998	-13.425730999999999
Slc25a30	-13.961839000000001	-10.50796
Gm42047	-15.466882	-12.013003
Gm47512	-16.251001000000002	-12.797123
Gm5602	-15.775063000000001	-12.321183999999999
Flt4	-19.295523	-15.841645000000002
Msantd4	-11.867547	-8.413669
Htr2b	-18.95905	-15.505172
Gprc5c	-15.842366	-12.388488
Sik3	-12.595284	-9.141406
Napb	-13.774061999999999	-10.320184
Gm36041	-19.806348999999997	-16.352472
Axin1	-12.52818	-9.074302000000001
Sirt6	-13.884770000000001	-10.430892
Stk40	-11.815546000000001	-8.361668
Arap1	-13.040157	-9.586279
Cfap54	-20.90496	-17.451083999999998
Gm12409	-16.270231	-12.816353999999999
Inpp5j	-15.723178	-12.269299499999999
Mtg2	-12.668541000000001	-9.214663
Inip	-13.408309	-9.954431
Pde4d	-13.006922	-9.553042999999999
Map1lc3a	-9.542219000000001	-6.088341000000001
A430078I02Rik	-16.953716	-13.499839000000001
Ccdc27	-20.90496	-17.451083999999998
Gna11	-10.485452	-7.031574000000001
Ccdc91	-13.261	-9.807121
9330198N18Rik	-18.507065	-15.053187
E330011O21Rik	-17.378601	-13.924723
Tac1	-20.211813	-16.757935999999997
Thap4	-13.369664000000002	-9.915786
Gtf2f1	-11.918139	-8.464261
Palm	-12.106356	-8.652477000000001
Gm20412	-17.686085000000002	-14.232207
Fzd9	-15.992307	-12.538428
Pnpla7	-14.617103	-11.163224000000001
Col6a2	-10.218623	-6.764745
A430048G15Rik	-19.295523	-15.841645000000002
Mipol1	-13.700068	-10.246189999999999
Sacm1l	-11.730248	-8.27637
Gm29168	-19.806348999999997	-16.352472
Agtrap	-12.670927	-9.217049000000001
Cracr2a	-17.054813	-13.600935
Tmem158	-15.30654	-11.852661
Ska2	-13.461297	-10.007419
Arhgap4	-16.915976999999998	-13.462098999999998
Gm38293	-20.211813	-16.757935999999997
Romo1	-9.934489	-6.4806113
Gm35167	-18.82552	-15.371642000000001
Klf1	-18.265903	-14.812026000000001
Eef1e1	-12.889634	-9.435756
Kcnj12	-15.626845999999999	-12.172968
Daam1	-11.420176	-7.9662976
Pcdh17	-16.361666	-12.907788
Kcnt2	-14.11599	-10.662111
Gm41396	-18.265903	-14.812026000000001
Tert	-16.915976999999998	-13.462098999999998
Fancg	-15.391532999999999	-11.937654499999999
Slc9a3r2	-12.649392	-9.195514
Ddhd2	-11.951192	-8.497313499999999
Dock3	-17.726907999999998	-14.273029000000001
Atp1a2	-9.958956	-6.505078
Shf	-14.005239000000001	-10.55136
Gm49201	-16.600895	-13.147017499999999
Zxdc	-12.975835	-9.521956
Tpi1	-10.164053	-6.710175
Psmc4	-10.891409	-7.437531
Sbsn	-14.101455999999999	-10.647577
2310034G01Rik	-15.484426500000001	-12.030548
Kpna1	-11.882156	-8.428278
Afdn	-12.044178	-8.5903
Zfp708	-17.813917	-14.36004
Gm26554	-20.211813	-16.757935999999997
Rsph3a	-14.078416	-10.624537
Olfr975	-20.211813	-16.757935999999997
Chst8	-19.113201	-15.659324
Gm13716	-20.90496	-17.451083999999998
Nptx1	-18.707735	-15.253858
Hnrnpa3	-10.012193	-6.5583149999999995
Ccdc12	-11.448072999999999	-7.9941955
Nccrp1	-20.211813	-16.757935999999997
Chd3	-10.355601	-6.9017234
Klhl25	-14.171559	-10.717680999999999
Lancl1	-12.064525999999999	-8.610647
Ints9	-13.041310000000001	-9.587432000000002
Cdk16	-12.520614	-9.066735000000001
Ahnak	-8.715419	-5.2615414000000005
Qrsl1	-14.226619	-10.772739999999999
Hcar1	-16.915976999999998	-13.462098999999998
Tspan18	-16.26057	-12.806692
Crybb1	-17.14376	-13.689882
Mcur1	-11.006386000000001	-7.552508
Zfp148	-11.145575	-7.6916966
Rab40c	-13.337098000000001	-9.88322
Ube2u	-17.686085000000002	-14.232207
Ndufb10	-9.912962	-6.459084
Prkar2a	-10.8917675	-7.437889599999999
Tnfrsf17	-20.211813	-16.757935999999997
Rnf167	-11.733882000000001	-8.280004
Ptprcap	-17.860437	-14.40656
Vps36	-11.454659	-8.000781
Metap1	-12.648873	-9.194995
Cela3b	-20.90496	-17.451083999999998
Cfap53	-16.510510999999997	-13.056633999999999
Tomm6	-9.815721	-6.3618426
Frs3os	-20.211813	-16.757935999999997
Gm16348	-18.95905	-15.505172
Etv3	-12.699197	-9.245318
Igf2bp2	-14.514721	-11.0608425
Marc1	-18.602375	-15.148498000000002
Fbxo34	-12.425469	-8.971591
Nhej1	-13.883876999999998	-10.429998
Fam131c	-18.071747	-14.617869
2700046A07Rik	-16.973135	-13.519257999999999
Zfyve9	-12.240211	-8.786332000000002
Myof	-11.059632	-7.605754400000001
BC035044	-20.211813	-16.757935999999997
Penk	-15.874523000000002	-12.420645
Dyrk1b	-13.416668	-9.96279
Gm48924	-20.90496	-17.451083999999998
Hdac2	-11.708922	-8.255044
Pla2g4c	-17.686085000000002	-14.232207
Secisbp2l	-11.213368	-7.7594905
Cpped1	-12.445186	-8.991307
Tet3	-11.778981	-8.325103
Elfn1	-18.95905	-15.505172
Primpol	-14.093717000000002	-10.639838000000001
F630042J09Rik	-20.90496	-17.451083999999998
Cdc123	-11.753734	-8.299855
Prr5l	-13.602464999999999	-10.148586
Dcaf12	-12.396002000000001	-8.942122999999999
Prap1	-20.90496	-17.451083999999998
Plekha2	-12.642919000000001	-9.189039999999999
Thop1	-13.044391000000001	-9.590512
Dnajb4	-9.599146000000001	-6.145268
Tmem241	-14.628318	-11.174439
Prox2	-15.127309	-11.67343
Trim80	-20.90496	-17.451083999999998
Tmem229b	-13.046707000000001	-9.592829
Lypla2	-12.639311	-9.185432
Hipk2	-12.542086	-9.088207
Icam4	-16.992937	-13.539060000000001
6330408M09Rik	-15.462543499999999	-12.008664999999999
Impa1	-11.28616	-7.8322825
Brk1	-10.544839999999999	-7.090961999999999
Actr10	-11.062074	-7.608196
Soga1	-13.217422500000001	-9.763544
Zfp941	-19.806348999999997	-16.352472
Brwd3	-12.869035	-9.415156
Rab12	-10.738725	-7.284847
Gm49077	-15.817364999999999	-12.363486
Lrrc8a	-11.70457	-8.250691
Rnf113a2	-13.600446	-10.146567
Matr3	-10.954255999999999	-7.5003779999999995
Map1s	-12.848217	-9.394339
Pgm3	-13.008037	-9.554158000000001
Pitpnc1	-14.454491	-11.000612
Col3a1	-8.237638	-4.7837605000000005
Omg	-19.518665	-16.064789
Fbxo7	-13.620826999999998	-10.166948
A230077H06Rik	-16.827423	-13.373546
Ccna2	-16.844519000000002	-13.39064
Gm37336	-19.518665	-16.064789
Dennd1b	-12.791534	-9.337655999999999
Itprid2	-11.7582	-8.304321
Fem1b	-12.503179	-9.0493
Srpx	-15.367626999999999	-11.913749000000001
Mertk	-11.531566999999999	-8.077688
Zfp772	-14.163260000000001	-10.709382000000002
Mkrn2os	-18.340011999999998	-14.886134
Lyrm7	-15.242001	-11.788122
9330136K24Rik	-16.777826	-13.323948999999999
Bcor	-12.215665	-8.761786
Rnf183	-19.806348999999997	-16.352472
Hpse	-19.113201	-15.659324
Rab24	-11.835263000000001	-8.381385
Colec11	-14.903545999999999	-11.449667999999999
Gm5127	-15.436901	-11.983023
Eng	-12.212807000000002	-8.758928
Polr2g	-11.455289	-8.0014105
4930488L21Rik	-17.19139	-13.737510999999998
Stambpl1	-14.666635999999999	-11.212758000000001
Gm17025	-19.806348999999997	-16.352472
Calml4	-14.29292	-10.839042
Gm38163	-17.726907999999998	-14.273029000000001
Oxr1	-12.190064999999999	-8.736187
Gm2453	-18.82552	-15.371642000000001
Snx3	-10.235028999999999	-6.781151299999999
Stpg2	-19.518665	-16.064789
Vwce	-17.960522	-14.506644
Sbspon	-14.250809	-10.79693
AA467197	-17.408453	-13.954576000000001
Gm50394	-17.120770999999998	-13.666893
Gm27227	-20.90496	-17.451083999999998
Gm17146	-16.761826	-13.307948000000001
Fgf11	-14.199322	-10.745443
Stk17b	-11.17244	-7.718561599999999
Rpusd2	-15.395573	-11.941694
Grina	-11.836069	-8.382191
Pigq	-13.128426999999999	-9.674548
Rdh1	-19.295523	-15.841645000000002
Snx24	-11.823819	-8.369941
Ikbkb	-12.153329	-8.699450500000001
Gm47990	-15.493314999999999	-12.039436
Mysm1	-11.702351	-8.248472
Arf4	-10.312911999999999	-6.859033999999999
Morf4l1	-8.965416000000001	-5.511538
Pick1	-12.880426	-9.426548
Rab7	-10.874709	-7.420831
Zfp799	-13.852241000000001	-10.398361999999999
Ufm1	-11.246862	-7.7929845
Gpr27	-13.543586	-10.089707
Gm13556	-20.90496	-17.451083999999998
Zfp653	-13.424532999999998	-9.9706545
Krt222	-19.806348999999997	-16.352472
Dpep2	-18.340011999999998	-14.886134
Gm14322	-14.593226000000001	-11.139348
Cyren	-13.888351	-10.434472999999999
Flna	-7.686658400000001	-4.232781
Myom2	-20.211813	-16.757935999999997
Hnmt	-13.662879	-10.209000999999999
Gigyf2	-11.603683	-8.149805
Stk10	-13.517871	-10.0639925
Epb41	-11.817015	-8.363136
Ngdn	-12.179454	-8.725575
Atp5a1	-9.699635	-6.245757
Gm28809	-17.960522	-14.506644
Kbtbd8	-16.151370999999997	-12.697493
Ncf2	-15.280944	-11.827065
Stk33	-15.894326000000001	-12.440448
Ndufab1	-10.376953	-6.923075
Arntl2	-14.385814000000002	-10.931935000000001
Sh3gl1	-11.844514	-8.3906355
Gm49870	-16.340612	-12.886735
Rpe	-12.657478999999999	-9.203600999999999
Lysmd2	-12.507904	-9.054026
Tigd4	-15.340441	-11.886562
F730311O21Rik	-20.90496	-17.451083999999998
Adcyap1r1	-18.82552	-15.371642000000001
Hist1h4m	-17.572756	-14.118878
Gm47438	-16.319994	-12.866116
Gm34922	-20.90496	-17.451083999999998
Gm34885	-19.518665	-16.064789
R74862	-13.763716	-10.309837
Bcl10	-12.178642	-8.724764
Tbx5	-17.378601	-13.924723
Ddx20	-13.651491	-10.197613
Gm29157	-18.340011999999998	-14.886134
5430402O13Rik	-15.616694	-12.162816000000001
Helz	-11.353444999999999	-7.899567
Msh2	-12.908644	-9.454765
Dclre1b	-14.457654999999999	-11.003777000000001
Hist3h2a	-12.682407000000001	-9.228529
Psmd14	-11.603228	-8.149349
Adamtsl4	-13.106849	-9.65297
Zfp688	-13.228488	-9.774610000000001
Zfp451	-11.892584	-8.438705
Gm47664	-14.040113	-10.586235
Ldhal6b	-18.265903	-14.812026000000001
Kiss1r	-16.060774	-12.606895
Kcnh4	-20.90496	-17.451083999999998
5830411N06Rik	-20.90496	-17.451083999999998
Ano8	-13.801639999999999	-10.347761
Ldhc	-19.113201	-15.659324
Ran	-10.440544000000001	-6.9866660000000005
P3h2	-12.276048	-8.822169
Txnl4b	-14.825028	-11.37115
Cyp2r1	-15.480011	-12.026133
4933428P19Rik	-18.340011999999998	-14.886134
Cdyl	-11.936819999999999	-8.482942
Olfr539	-19.518665	-16.064789
D17H6S53E	-13.493405	-10.039527
Pcdhga2	-16.100939	-12.647061
Camk2n1	-10.637908	-7.18403
Ablim1	-11.874226	-8.420347
Nlrp1b	-20.211813	-16.757935999999997
Gm12689	-16.241522	-12.787643
Gp1bb	-16.439053	-12.985175
Gm48079	-16.48612	-13.032242
Unc45a	-11.021982000000001	-7.568104300000001
Lgals2	-20.211813	-16.757935999999997
4930478M13Rik	-19.518665	-16.064789
Vmn1r55	-18.95905	-15.505172
Gstt2	-12.815478	-9.3616
Zfp39	-14.2191	-10.765222
Tmem50a	-10.375428	-6.9215503
Pcdhb10	-17.439224	-13.985347
Icam1	-15.647466	-12.193586999999999
Ddx21	-11.813968	-8.360089
Fam173a	-11.64545	-8.191571000000001
Gm11175	-16.810616	-13.356738
Prlh	-20.211813	-16.757935999999997
Fan1	-14.409695999999999	-10.955817
Gramd4	-14.617103	-11.163224000000001
Mfsd13b	-17.03376	-13.579882000000001
Khdrbs1	-11.216339	-7.762461
Hoga1	-16.474144	-13.020266000000001
Mcfd2	-11.971166	-8.517287
Ssc5d	-15.387507999999999	-11.93363
Gm15983	-17.098299	-13.644421
Rnf146	-11.892706	-8.438827499999999
Arxes1	-16.510510999999997	-13.056633999999999
Zranb1	-11.412831	-7.9589534
H2-Aa	-14.938814	-11.484936
Gm30934	-18.82552	-15.371642000000001
Clcn3	-12.192037	-8.738158
Gimap4	-19.518665	-16.064789
Cfl2	-10.126443	-6.672565
Abhd2	-12.670927	-9.217049000000001
Gm12289	-20.211813	-16.757935999999997
Marcksl1	-14.127315	-10.673436
Ttc16	-16.953716	-13.499839000000001
Foxp3	-20.90496	-17.451083999999998
Slc5a6	-14.585992999999998	-11.132114
Qprt	-19.806348999999997	-16.352472
Gm39090	-17.167292	-13.713413000000001
Clcn1	-18.707735	-15.253858
Snrpg	-10.080972000000001	-6.6270940000000005
Cyb561	-11.996131	-8.542253
Btg3	-11.258627	-7.804749
Gm29093	-16.439053	-12.985175
Gm19391	-15.181376	-11.727497999999999
Slc24a3	-11.699935	-8.246057
Man2b1	-11.803098	-8.349219
Ibtk	-12.286838000000001	-8.832958999999999
Gm36535	-20.211813	-16.757935999999997
Pdcd2	-12.497136	-9.043258
Zfp52	-13.069777499999999	-9.615899
Gm26532	-12.3253565	-8.871478
Plpp3	-10.520437	-7.0665593
Adamts12	-14.5047035	-11.050825
Slc27a1	-13.10357	-9.649692
Pcdhga8	-15.740175	-12.286297
Cpne7	-19.806348999999997	-16.352472
Sccpdh	-12.72885	-9.274972
Ehmt2	-12.044319999999999	-8.590442
Prkd2	-13.686785	-10.232906
Snai1	-16.232132	-12.778253999999999
Atp5f1	-10.06442	-6.610542
Smdt1	-9.868637	-6.414758999999999
1700017B05Rik	-13.444471	-9.990592999999999
Gm14232	-20.90496	-17.451083999999998
Herc2	-11.30339	-7.8495116
Akap14	-20.90496	-17.451083999999998
Suclg1	-10.903622	-7.449743700000001
Tiam1	-15.458224	-12.004346
Suox	-13.955105	-10.501225999999999
Ckm	-14.121635999999999	-10.667758000000001
Gm35551	-18.707735	-15.253858
Gm47732	-19.806348999999997	-16.352472
4930558J22Rik	-20.211813	-16.757935999999997
Neurl3	-17.909226999999998	-14.45535
Appl2	-13.329889000000001	-9.876011
Supt7l	-13.320697000000001	-9.866817999999999
Gm48485	-20.90496	-17.451083999999998
Mki67	-16.474144	-13.020266000000001
Vbp1	-11.702552	-8.248673
Uhrf1bp1l	-11.450264	-7.996386
Capn5	-13.901895499999998	-10.448017
Gm28277	-18.071747	-14.617869
Spc24	-15.621757500000001	-12.167879
Khnyn	-13.032506	-9.578628
Ccn5	-10.937795	-7.4839168
Slc35f6	-13.228488	-9.774610000000001
Slit2	-13.691193	-10.237314
Doc2g	-14.820462	-11.366584
Catsperd	-19.113201	-15.659324
Leng8	-11.979241	-8.525363
Gcdh	-12.96509	-9.511211
Dupd1	-18.95905	-15.505172
Khk	-12.603686999999999	-9.149809
Nos2	-18.95905	-15.505172
Spint2	-10.475799	-7.0219207
Gm11476	-17.769466	-14.315589000000001
Pik3r2	-12.624503	-9.170625
4732463B04Rik	-19.113201	-15.659324
Nebl	-13.339685999999999	-9.885808
AC087559.3	-20.211813	-16.757935999999997
Phf2	-11.783998500000001	-8.330119999999999
Arpc1b	-9.706527000000001	-6.2526493
Plekho2	-11.814193	-8.360314
Eif1b	-10.772149	-7.318271000000001
Gas2l1	-11.809246	-8.355367999999999
Cxcr5	-20.211813	-16.757935999999997
2610507I01Rik	-13.742564000000002	-10.288686
6430590A07Rik	-13.492801	-10.038922
Gmpr2	-12.317869	-8.863991
5730460C07Rik	-20.90496	-17.451083999999998
Cyb561a3	-13.662879	-10.209000999999999
Rrp7a	-12.248876	-8.794997
Gm26660	-15.652688000000001	-12.19881
Nxt2	-12.496468	-9.042589
H3f3aos	-16.450613	-12.996736
Hspb7	-10.092731	-6.638853500000001
Echs1	-11.2188835	-7.765005599999999
Pcdhb11	-16.548251999999998	-13.094374
Gm10640	-19.518665	-16.064789
Tmem63a	-11.950158	-8.49628
Gm21269	-17.470974	-14.017095999999999
Rfwd3	-13.484383	-10.030503999999999
Fgf22	-17.378601	-13.924723
Gm29100	-18.82552	-15.371642000000001
March7	-11.559916000000001	-8.106036999999999
Samd10	-14.674479500000002	-11.220601
Zmym5	-11.5806675	-8.126789
Gm20652	-18.82552	-15.371642000000001
B230112J18Rik	-16.86191	-13.408031
Il17re	-18.265903	-14.812026000000001
Mrpl24	-11.180062	-7.7261844
Syncrip	-10.897022999999999	-7.443145299999999
Dand5	-13.328351000000001	-9.874473
Ubc	-8.344222	-4.890344
Lbhd2	-16.160028	-12.706151
Tctex1d1	-20.211813	-16.757935999999997
Sphk2	-12.701384	-9.247505
Gm42664	-16.232132	-12.778253999999999
Ccdc81	-17.2414	-13.787521
Aph1a	-11.746862	-8.292983999999999
Gm35842	-18.707735	-15.253858
Lrrc42	-12.515829	-9.061950999999999
Gm5432	-19.295523	-15.841645000000002
Has3	-15.217985999999998	-11.764108
Plxnc1	-17.076319	-13.622441
Card6	-14.86948	-11.415602
Ak6	-11.900414999999999	-8.446537
Nudt4	-9.210664999999999	-5.756787
Tmem125	-19.518665	-16.064789
Anxa5	-9.66019	-6.2063117
Sufu	-13.187610000000001	-9.733731
Clec2e	-18.507065	-15.053187
Tmem147	-11.353444999999999	-7.899567
Olfr976	-18.82552	-15.371642000000001
Smim5	-11.264268	-7.810389999999999
Tmem216	-13.286219000000001	-9.83234
Gpx3	-15.695475	-12.241596000000001
Thoc3	-12.365615	-8.9117365
Gm13571	-16.498241	-13.044364
Foxf2	-18.707735	-15.253858
Mmp24	-19.113201	-15.659324
Ubr1	-11.829525	-8.375647
Tgif1	-14.003224	-10.549346
5730522E02Rik	-19.518665	-16.064789
Tuft1	-18.19691	-14.743032999999999
Cd200r2	-20.90496	-17.451083999999998
Higd1a	-9.694669000000001	-6.240791000000001
Mex3c	-12.104847	-8.650969
Anxa13	-17.609123	-14.155246
Tmem62	-13.833388000000001	-10.37951
Aplf	-14.082764000000001	-10.628885
Crhr2	-14.388767999999999	-10.93489
Onecut2	-20.90496	-17.451083999999998
Dixdc1	-13.227560999999998	-9.773683
S100a3	-16.394102	-12.940224
Ubap2l	-10.830213	-7.376334700000001
Gigyf1	-12.065394	-8.611516
Fzd1	-11.58487	-8.130991999999999
Gm40909	-18.602375	-15.148498000000002
Galnt16	-11.906452999999999	-8.452575
Fgf2os	-15.428497	-11.974619
Srrm3	-18.707735	-15.253858
Zfp715	-13.140665	-9.686786999999999
Taco1os	-14.727017000000002	-11.273139
Dlgap1	-12.770787	-9.316908999999999
Relb	-12.800258	-9.346378999999999
Fuca2	-13.5647745	-10.110896
Dcun1d2	-13.115920999999998	-9.662042999999999
Gm29642	-18.19691	-14.743032999999999
Mpp6	-11.709633	-8.255754
Grip2	-12.161111	-8.707232000000001
A030014E15Rik	-18.95905	-15.505172
Mon1b	-13.619454000000001	-10.165576
Gm16838	-18.602375	-15.148498000000002
Tbc1d23	-12.3006735	-8.846795
Zkscan8	-13.126331	-9.672452999999999
Endog	-12.192202	-8.738323
Gm14798	-18.602375	-15.148498000000002
Gm4544	-15.949133999999999	-12.495255
Ndufb8	-10.248878999999999	-6.7950015
Gm31013	-19.113201	-15.659324
Dnhd1	-15.344279	-11.890400999999999
Pan3	-12.22378	-8.769900999999999
Gm20036	-18.19691	-14.743032999999999
Acvr1c	-17.378601	-13.924723
Gm12524	-18.132372	-14.678494
Gm10602	-14.852872	-11.3989935
Pafah1b2	-11.818711	-8.364833
Zfp354c	-12.359959	-8.906080000000001
Ctsw	-18.420053	-14.966176
Pam	-8.683921	-5.230043
Lyplal1	-13.849648	-10.395769999999999
Mmp3	-14.727017000000002	-11.273139
Acod1	-18.507065	-15.053187
Myh9	-10.972789	-7.518911
Hhex	-18.82552	-15.371642000000001
Gpr157	-15.255987	-11.802109
Hmgn1	-9.412156	-5.9582787
Mib1	-11.503835	-8.049956
Zfp647	-14.609695	-11.155816999999999
Flt3	-20.211813	-16.757935999999997
Ptger1	-15.436901	-11.983023
Sirt7	-12.613666	-9.159787
Phtf2	-11.170721	-7.716842999999999
Sdk1	-17.769466	-14.315589000000001
P2rx4	-12.917437	-9.463558
Abcc9	-10.549634	-7.095756
Unk	-13.296586999999999	-9.842709
Samd9l	-12.005094	-8.551215
Adprh	-11.8729105	-8.419032000000001
Dusp3	-10.449487	-6.995609
Gm34006	-16.109170000000002	-12.6552925
Gm36738	-17.2414	-13.787521
Gm32926	-20.90496	-17.451083999999998
Nup210l	-16.746078	-13.2922
Mgat5	-12.044604	-8.590726
Gm49240	-19.518665	-16.064789
Pgm5	-10.717461	-7.263582700000001
Mfsd1	-12.602694999999999	-9.148817
Sptbn1	-9.72695	-6.273072
Zmat5	-11.656266	-8.202388000000001
Tceanc2	-12.719053	-9.265175
Hba-a1	-13.962805	-10.508925999999999
Slu7	-11.72735	-8.273472
Gm44698	-17.960522	-14.506644
Tsfm	-12.564506	-9.110627000000001
Gm10941	-14.857589	-11.40371
Efnb2	-11.650795	-8.196917
Sh2b2	-17.2414	-13.787521
Anln	-11.584064	-8.130185
Rab36	-14.815916	-11.362038
Rcan2	-9.627024	-6.1731462
Pcyt1b	-16.340612	-12.886735
Iqcn	-14.409695999999999	-10.955817
2610204G07Rik	-18.01459	-14.560711999999999
Plxna3	-15.248969	-11.795091000000001
Stmn1	-13.395626000000002	-9.941748
Gpbar1	-16.186462	-12.732584
Slco1b2	-18.19691	-14.743032999999999
Gm48071	-19.295523	-15.841645000000002
Rac3	-12.852346	-9.398468
Sec24a	-12.355882000000001	-8.902003
Upk3b	-18.95905	-15.505172
Cnot8	-12.184338	-8.730459
5031425E22Rik	-12.4094	-8.955522
Ankk1	-19.113201	-15.659324
4930579G18Rik	-17.960522	-14.506644
Far2os1	-20.90496	-17.451083999999998
Gm26543	-19.295523	-15.841645000000002
Myo1g	-19.295523	-15.841645000000002
Gm12278	-18.071747	-14.617869
Plvap	-13.2280245	-9.774146
4930402H24Rik	-12.352981	-8.899102000000001
2310001H17Rik	-15.055635999999998	-11.601758
Vegfc	-14.290235500000001	-10.836357000000001
Mtmr12	-13.359043	-9.905165
Dcun1d3	-13.004695	-9.550817
Riiad1	-15.626845999999999	-12.172968
Gnai3	-11.380613	-7.926735400000001
Fbxo9	-11.218636	-7.7647576
Exoc3l4	-15.432691	-11.978812
Gm26728	-15.942117000000001	-12.488238
Rpl13	-7.623123	-4.1692457
Tmem132b	-17.378601	-13.924723
Gm13563	-18.01459	-14.560711999999999
V1ra8	-19.518665	-16.064789
Tyw5	-12.663258	-9.209379
Med28	-10.799758	-7.34588
Por	-11.278611	-7.8247333
Arhgap32	-13.034794999999999	-9.580916
Tmem138	-13.314614	-9.860736
Pgf	-13.956064000000001	-10.502186
Serpina6	-20.90496	-17.451083999999998
Rbmx	-12.667747	-9.213868
Itpkb	-11.895391	-8.441513
Rbm25	-10.38429	-6.930412
Ddx39b	-10.908257	-7.454378599999999
Cxcl17	-19.295523	-15.841645000000002
Atp2b1	-10.696123	-7.242245
Irak1bp1	-11.942826	-8.488947999999999
Gm12258	-14.786864000000001	-11.332986
Gm13199	-17.03376	-13.579882000000001
Vdac3	-10.5644455	-7.1105675999999995
Snhg4	-12.400651	-8.946773
Acbd7	-17.646864	-14.1929865
H2-K1	-10.994100999999999	-7.5402226
Cldn6	-18.602375	-15.148498000000002
Tjp1	-11.332202	-7.878324
Klhl15	-13.625643	-10.171764
Mbnl3	-18.707735	-15.253858
Bmyc	-11.235425	-7.781547
Vps13d	-12.028417	-8.574538
Slc27a4	-12.920157000000001	-9.466279
G3bp1	-10.980936	-7.527058
Nckap5los	-18.340011999999998	-14.886134
Gm43727	-16.700267999999998	-13.24639
Gm37062	-18.602375	-15.148498000000002
Mrps23	-12.076027999999999	-8.622149
Pabpc5	-15.344279	-11.890400999999999
Sap18b	-14.245667000000001	-10.791789
4833445I07Rik	-15.30654	-11.852661
Bcas2	-11.245713	-7.791835300000001
Selenov	-17.909226999999998	-14.45535
Ermap	-17.439224	-13.985347
D5Ertd579e	-11.73805	-8.284172
Gm43480	-17.408453	-13.954576000000001
Fn3krp	-14.964789999999999	-11.510912
Gria3	-14.29292	-10.839042
Gm17300	-17.439224	-13.985347
Il16	-13.953189000000002	-10.4993105
A930023M06Rik	-20.90496	-17.451083999999998
Cilp2	-13.947464000000002	-10.493586
A930019D19Rik	-18.95905	-15.505172
Rnf26	-12.902267	-9.448389
Gm10634	-19.518665	-16.064789
2010001M07Rik	-18.01459	-14.560711999999999
Myo19	-14.559325	-11.105447
Hk3	-18.82552	-15.371642000000001
1700086P04Rik	-17.076319	-13.622441
Wdr5b	-14.212876999999999	-10.758999000000001
Uba2	-10.804838	-7.350960300000001
Sart1	-11.954688	-8.500810000000001
Hoxa9	-13.516632999999999	-10.062755000000001
Erich6b	-20.211813	-16.757935999999997
Wdr73	-13.599101000000001	-10.145223
Csad	-11.71462	-8.260741000000001
Ildr1	-19.113201	-15.659324
Ccdc183	-20.90496	-17.451083999999998
Gm28370	-19.295523	-15.841645000000002
B230216N24Rik	-13.359043	-9.905165
Slc25a22	-13.701554999999999	-10.247677000000001
Ttc30b	-13.805759	-10.351881
Slc25a40	-13.147910000000001	-9.694032
Gm29017	-20.90496	-17.451083999999998
Soat1	-12.297013	-8.843135
Ctdp1	-13.175226	-9.721347999999999
Avl9	-12.809057000000001	-9.355179
Hnrnpc	-10.709775	-7.255897
Gm5426	-18.507065	-15.053187
Gm42742	-18.265903	-14.812026000000001
Zfp947	-14.901074	-11.447196
Cept1	-12.395196	-8.941317999999999
2810029C07Rik	-17.349613	-13.895735
Gm29064	-19.113201	-15.659324
Ccdc97	-12.834681	-9.380802000000001
Man1a2	-10.665502	-7.2116237000000005
Fkbp14	-12.398424	-8.944546
Vmn2r26	-18.707735	-15.253858
Lcat	-15.231638	-11.77776
Acyp1	-12.169114	-8.715236
Prim2	-13.640231	-10.186353
Gm42849	-20.211813	-16.757935999999997
Klhl33	-15.963319	-12.50944
Gm33508	-19.806348999999997	-16.352472
Gm26984	-20.90496	-17.451083999999998
Ppib	-9.510785	-6.056907700000001
Gm31793	-19.518665	-16.064789
Gm14019	-19.295523	-15.841645000000002
Mcub	-14.559325	-11.105447
Snx22	-17.813917	-14.36004
Aldh16a1	-13.725654	-10.271775
Slc7a13	-20.211813	-16.757935999999997
Cnot6	-11.989663	-8.535785
5930403N24Rik	-19.806348999999997	-16.352472
Lrrtm1	-20.211813	-16.757935999999997
4930594M22Rik	-16.361666	-12.907788
Usp43	-18.95905	-15.505172
Rabl2	-13.627023000000001	-10.173144
Kctd17	-12.045172	-8.591292999999999
Ier3	-10.869875	-7.415997
Gm43714	-16.827423	-13.373546
Ccdc136	-13.458960000000001	-10.005081
Vmn2r108	-17.267374	-13.813497
Mbd4	-14.329885500000001	-10.876007000000001
Rbm5	-10.895178999999999	-7.441300999999999
Gm48607	-19.518665	-16.064789
Ift20	-10.434683999999999	-6.980805999999999
Osbpl9	-11.076089999999999	-7.622211999999999
Cntnap1	-14.926076	-11.472197999999999
Rdh13	-13.688251500000002	-10.234373
Tor1a	-12.199962	-8.746083
Gm28529	-16.450613	-12.996736
Tapbp	-11.440134	-7.986256
Doc2a	-18.265903	-14.812026000000001
Slc27a5	-17.19139	-13.737510999999998
Gm44148	-17.408453	-13.954576000000001
Gm16302	-18.420053	-14.966176
Gm266	-18.602375	-15.148498000000002
Rwdd2a	-14.962162	-11.508284
Gm28940	-18.707735	-15.253858
Setx	-12.172011	-8.718133
Clcn6	-13.927679999999999	-10.473802000000001
Pou2f2	-18.132372	-14.678494
Gmeb2	-13.308569	-9.854691
Card10	-17.01314	-13.559262
Cntnap4	-18.95905	-15.505172
Hoxc11	-16.600895	-13.147017499999999
Edrf1	-13.033269	-9.579391000000001
Rb1cc1	-10.786685	-7.332807000000001
Slc36a2	-20.90496	-17.451083999999998
Bloc1s3	-14.262474	-10.808596000000001
Eif2b1	-12.550757	-9.096879
Rpa3	-12.870330000000001	-9.416451
1700016P03Rik	-16.587473000000003	-13.133594500000001
Trim6	-15.228207999999999	-11.774329
Gm10824	-18.01459	-14.560711999999999
Gm21119	-19.518665	-16.064789
Col5a1	-10.737264999999999	-7.283386699999999
Fut11	-12.349317	-8.895438
Khsrp	-12.202617	-8.748738000000001
Gm11627	-11.455368	-8.001489999999999
Chrdl2	-15.970488000000001	-12.516608999999999
Blvrb	-11.297389	-7.843511
Lpin1	-12.582081	-9.128202
Lmna	-9.37759	-5.9237127
Cux1	-10.717913000000001	-7.264034700000001
Tshz2	-13.599773	-10.145895
Camk2g	-10.786645	-7.332767
Hprt	-11.818485	-8.364607000000001
Ccdc24	-15.601656	-12.147778
Zbtb38	-10.090136	-6.6362576
Zfp335	-13.500682000000001	-10.046803
Cys1	-11.457653	-8.003775
A430073D23Rik	-15.352001000000001	-11.898123
Gm48008	-18.01459	-14.560711999999999
Hfe	-14.536774	-11.082894999999999
Clasrp	-13.129266000000001	-9.675386999999999
Gm47941	-20.211813	-16.757935999999997
Gm15853	-15.712005	-12.258125999999999
Tbc1d16	-13.39289	-9.939012
Gm17224	-18.507065	-15.053187
Zfp369	-13.33865	-9.884771
Gm17259	-15.058522	-11.604644
Gm26703	-19.806348999999997	-16.352472
Scube1	-16.037426	-12.583549
Gpc3	-12.92528	-9.471401
Arl8b	-11.635692	-8.181813
1200007C13Rik	-14.303730999999999	-10.849853
Scg3	-18.340011999999998	-14.886134
Efcab9	-16.48612	-13.032242
Hdc	-18.707735	-15.253858
1700012C14Rik	-18.82552	-15.371642000000001
Maz	-11.992219	-8.538341
Ppp1r3f	-14.651132999999998	-11.197254
Slc26a2	-13.034794999999999	-9.580916
Nup107	-13.561535000000001	-10.107656500000001
A830082N09Rik	-14.767234	-11.313355
Naa40	-13.680937	-10.227058
Cd8a	-19.806348999999997	-16.352472
H1fx	-13.307063000000001	-9.853185
4930579H20Rik	-20.211813	-16.757935999999997
Drp2	-18.132372	-14.678494
Plin1	-18.95905	-15.505172
Fkbp9	-10.631601	-7.1777234
Mfap3	-12.345858999999999	-8.89198
Evi5	-11.1390705	-7.685192599999999
Rnaset2a	-13.983303	-10.529425
Tor3a	-12.931806	-9.477927000000001
Map3k7	-12.212639	-8.75876
1600022D10Rik	-19.113201	-15.659324
Gm15612	-17.686085000000002	-14.232207
Lonp1	-12.158881	-8.705003
Sema3g	-19.806348999999997	-16.352472
Rhoa	-9.518892	-6.0650144
Wnt8b	-19.806348999999997	-16.352472
Gm43623	-17.537664000000003	-14.083787
Gm44850	-20.90496	-17.451083999999998
1810059C17Rik	-17.960522	-14.506644
Gm44264	-19.113201	-15.659324
Tlr5	-18.707735	-15.253858
Clec4e	-17.537664000000003	-14.083787
Acad11	-13.483784	-10.029905
Kirrel3	-19.806348999999997	-16.352472
Cyp7b1	-16.279987	-12.82611
Apoc4	-19.295523	-15.841645000000002
AV099323	-16.510510999999997	-13.056633999999999
Gm48681	-20.90496	-17.451083999999998
Gm31749	-19.806348999999997	-16.352472
2610306M01Rik	-13.136004999999999	-9.682127000000001
Eml3	-13.428489	-9.97461
Gm11772	-16.241522	-12.787643
2610021A01Rik	-14.094819000000001	-10.640941
Nagpa	-12.335745	-8.881866
Gm50062	-20.90496	-17.451083999999998
Cdh3	-14.129595000000002	-10.675716
Brd7	-11.032912	-7.579034299999999
Pkd2l2	-15.942117000000001	-12.488238
Ict1os	-19.295523	-15.841645000000002
Lmtk3	-15.642271	-12.188393
Cog2	-12.765521000000001	-9.311643
Ifi27l2b	-15.780997	-12.327119
Map1b	-8.406413	-4.952535
Mdh1	-10.340204	-6.8863262999999995
Arsk	-12.706596000000001	-9.252718
Gm11491	-17.14376	-13.689882
Frmd6	-11.621184	-8.167306
Asxl2	-12.002913000000001	-8.549035
Sowahc	-14.046396	-10.592518
Dhcr7	-14.232928	-10.77905
Ppp1r3c	-13.756616000000001	-10.302736999999999
Fcho2	-11.045583	-7.591705
Il11	-16.794086	-13.340209
Pex12	-14.059080999999999	-10.605203
Nrxn3	-20.90496	-17.451083999999998
Zc3h6	-12.416373	-8.962495
Pif1	-18.420053	-14.966176
Adrm1	-11.372972500000001	-7.919094599999999
Foxd2	-16.587473000000003	-13.133594500000001
Slc30a10	-19.518665	-16.064789
2310015A10Rik	-13.323241000000001	-9.869363
Olfr731	-20.90496	-17.451083999999998
Pcdha11-1	-18.707735	-15.253858
A930012L18Rik	-16.177572	-12.723695
Cybc1	-13.002474000000001	-9.548594999999999
Gm44941	-20.211813	-16.757935999999997
Gm20878	-14.38434	-10.930462
Agmat	-19.806348999999997	-16.352472
1700088E04Rik	-14.988759	-11.534881
Rpl13a	-8.347097999999999	-4.893220400000001
Gm32250	-17.572756	-14.118878
Armh4	-14.099238	-10.64536
Ilrun	-11.567283999999999	-8.113405
Gm16046	-19.295523	-15.841645000000002
Rnf207	-15.295489000000002	-11.841611
Ogt	-11.427499000000001	-7.9736210000000005
Zbtb42	-13.958947	-10.505069
Cep192	-13.379321	-9.925443
Casp8	-13.047092999999998	-9.593214999999999
Npy1r	-10.560030000000001	-7.106152000000001
Gm17039	-19.295523	-15.841645000000002
Ddit3	-11.417444	-7.9635663
Hacd1	-10.18549	-6.7316117
Nsmf	-12.492018	-9.038139
Fmr1	-11.513049	-8.059171000000001
Pld6	-18.507065	-15.053187
Atp10b	-15.901015	-12.447137
Atg16l1	-12.585486999999999	-9.131609
Cyp46a1	-16.715304999999997	-13.261428
Col10a1	-17.378601	-13.924723
Gm49256	-19.806348999999997	-16.352472
Ralb	-12.1143875	-8.660509
Dnajc6	-17.537664000000003	-14.083787
Trim14	-19.113201	-15.659324
Gm35290	-17.19139	-13.737510999999998
Stk25	-11.594866	-8.140986999999999
Gm4356	-14.613392000000001	-11.159513
Gm11532	-17.167292	-13.713413000000001
Zfp607b	-14.029729000000001	-10.5758505
Diaph1	-11.4234495	-7.9695716
Gm34069	-18.707735	-15.253858
Aco2	-10.900091	-7.4462132
Olfr639	-17.408453	-13.954576000000001
2810405F17Rik	-15.668519	-12.214641
Myct1	-17.813917	-14.36004
Prrxl1	-19.806348999999997	-16.352472
Gm49701	-20.211813	-16.757935999999997
Samd8	-12.765521000000001	-9.311643
Gm39121	-19.113201	-15.659324
Nxph1	-15.146059	-11.692181
Gm29675	-18.420053	-14.966176
Hoxa6	-14.910998999999999	-11.457121
Spaar	-15.712005	-12.258125999999999
Carlr	-20.211813	-16.757935999999997
Minar2	-16.241522	-12.787643
Piwil4	-18.507065	-15.053187
8430432A02Rik	-16.600895	-13.147017499999999
Gm40437	-19.295523	-15.841645000000002
Nabp1	-12.741305	-9.287427000000001
Ydjc	-15.07015	-11.616272
4930583K01Rik	-18.602375	-15.148498000000002
As3mt	-13.921171	-10.467293
Rspo4os	-20.90496	-17.451083999999998
Carm1	-12.454122	-9.000243
Celf1	-11.148931	-7.6950525999999995
Shtn1	-17.503763	-14.049885999999999
Dmrta2	-16.498241	-13.044364
Npr1	-10.859063	-7.405185
Inhba	-10.567453	-7.1135755000000005
G630016G05Rik	-17.686085000000002	-14.232207
Gm37933	-18.507065	-15.053187
Fbxo46	-13.942718	-10.488839
Sinhcaf	-14.079501	-10.625623
Rpl23	-8.015981	-4.5621032999999995
Adgra2	-13.788567	-10.334688
Gm45309	-17.813917	-14.36004
Cdc27	-12.278196000000001	-8.824318
Akap10	-13.110138000000001	-9.656260000000001
Trim39	-13.233134	-9.779256
Nmbr	-19.295523	-15.841645000000002
Ngb	-15.901015	-12.447137
Gm15829	-17.960522	-14.506644
Knstrn	-15.581951	-12.128072999999999
Foxo4	-13.223863	-9.769984
1700003E16Rik	-16.670855	-13.216976
Nectin1	-14.272960000000001	-10.819081
Grb2	-11.474361	-8.020483
Gm47904	-15.949133999999999	-12.495255
Klhl3	-15.728810999999999	-12.274933
Zfyve21	-11.475485	-8.021606
A430010J10Rik	-17.537664000000003	-14.083787
Iqgap2	-17.03376	-13.579882000000001
Abca8b	-15.823557000000001	-12.369678500000001
Cdk2	-13.767682999999998	-10.313805
Atp8b4	-18.707735	-15.253858
B930095G15Rik	-15.970488000000001	-12.516608999999999
Bcl7a	-12.212471	-8.758593
Pygm	-11.853264999999999	-8.399386
Hmmr	-16.474144	-13.020266000000001
Mfsd4a	-13.875874	-10.421994999999999
Usp50	-13.679479999999998	-10.225601
Ccdc137	-13.408309	-9.954431
Cdk7	-12.400043499999999	-8.946164999999999
Gm21860	-13.299071	-9.845193
Epdr1	-11.460735000000001	-8.006857
Amz1	-16.730574	-13.276695000000002
Sidt1	-20.90496	-17.451083999999998
Bmper	-15.992307	-12.538428
Serinc1	-10.178945	-6.7250667
Chek2	-14.04325	-10.589372000000001
Mblac1	-14.429528	-10.97565
Cd248	-12.787947	-9.334067999999998
Celf6	-20.90496	-17.451083999999998
Pim2	-14.566367000000001	-11.112489
Iqck	-16.700267999999998	-13.24639
Ppp2r5e	-11.514134	-8.060255999999999
1110019D14Rik	-13.903716000000001	-10.449838
Gm43696	-14.084945000000001	-10.631066
Gm36787	-18.420053	-14.966176
Otud5	-12.343558999999999	-8.889681
Saxo2	-14.767234	-11.313355
A230083N12Rik	-16.953716	-13.499839000000001
Gm10873	-20.90496	-17.451083999999998
Mdfic	-13.199248	-9.74537
Nod2	-18.95905	-15.505172
Gm3839	-18.265903	-14.812026000000001
Asb12	-16.474144	-13.020266000000001
Fam193a	-11.702653	-8.248775
Aldh3a1	-16.241522	-12.787643
Gcc1	-13.685319	-10.231441
Gm6994	-20.90496	-17.451083999999998
9530036M11Rik	-15.367626999999999	-11.913749000000001
5430427M07Rik	-19.806348999999997	-16.352472
Camk2b	-12.773431	-9.319552
Timm22	-12.421118	-8.967239
Slurp2	-17.609123	-14.155246
Arpc4	-11.269811	-7.8159328
Tal1	-18.707735	-15.253858
Ifitm2	-9.378783	-5.924906
Sumo2	-9.669055	-6.215177
Ntm	-19.806348999999997	-16.352472
Bank1	-18.602375	-15.148498000000002
Rinl	-15.949133999999999	-12.495255
Galnt18	-13.652199	-10.198319999999999
Gm13609	-20.90496	-17.451083999999998
Apaf1	-13.611943	-10.158064999999999
Cd3g	-19.806348999999997	-16.352472
4931429L15Rik	-20.211813	-16.757935999999997
Gm20406	-20.211813	-16.757935999999997
Lpar1	-14.820462	-11.366584
Filip1	-10.549411	-7.0955330000000005
Tmem256	-10.217047	-6.763169
Nup155	-13.175666	-9.721786999999999
4930517O19Rik	-19.518665	-16.064789
Rpl10-ps3	-12.5263405	-9.072462
Stat1	-12.875528	-9.42165
Cacna1d	-13.063075	-9.609197
Dnajb3	-17.349613	-13.895735
Podxl	-17.909226999999998	-14.45535
Inka1	-15.178113	-11.724235
Gm40155	-17.439224	-13.985347
Ccdc28b	-12.431511	-8.9776325
Cd209a	-19.295523	-15.841645000000002
Cops6	-10.849267999999999	-7.395389999999999
Arhgap24	-12.495799	-9.041921
Phldb1	-11.963023	-8.509145
Gm49494	-17.098299	-13.644421
Slc25a35	-13.373408999999999	-9.919531
Fbxo3	-11.529276	-8.075397500000001
Zbtb14	-13.176545	-9.722667
Atp6v1d	-11.496754	-8.042875
Gm45604	-17.960522	-14.506644
AI838599	-11.721478	-8.2676
Tmc8	-18.95905	-15.505172
Mrc1	-16.204481	-12.750603
Haspin	-18.95905	-15.505172
Cytip	-17.349613	-13.895735
Rhebl1	-14.118244	-10.664366000000001
Gm11651	-19.806348999999997	-16.352472
Nf1	-11.942441	-8.488563000000001
Pex19	-12.133746	-8.679867999999999
Col4a2	-9.573474000000001	-6.119596
Fbh1	-12.329310000000001	-8.875432
Tbcc	-12.496244	-9.042366000000001
Vmn2r97	-19.295523	-15.841645000000002
Trpc6	-17.408453	-13.954576000000001
Zfp869	-12.472672	-9.018794
Gm38182	-16.879607999999998	-13.425730999999999
Gtf3c6	-12.172334	-8.718455
Endod1	-10.502184	-7.048306
Mndal	-17.2414	-13.787521
Gm17477	-16.195429999999998	-12.741552
Apol6	-13.407754	-9.953876
Il7r	-18.602375	-15.148498000000002
Rere	-11.386181	-7.932303
Cenpa	-15.044175	-11.590297
Usp39	-12.69158	-9.237701
Cotl1	-15.836057	-12.382178
4930425P05Rik	-17.267374	-13.813497
Sigmar1	-12.240556	-8.786677000000001
4933413C19Rik	-18.707735	-15.253858
Sdsl	-15.073079000000002	-11.619201
Nfatc1	-13.0729475	-9.619069
Bex6	-20.90496	-17.451083999999998
AU040320	-13.436448	-9.982569999999999
Ddx6	-10.4713745	-7.0174966
Rsbn1	-11.706694	-8.252815
Lgals8	-11.810143	-8.356264999999999
Gm43948	-18.19691	-14.743032999999999
Ap5z1	-14.424916	-10.971038
A230020J21Rik	-19.295523	-15.841645000000002
Arhgef11	-12.777262	-9.323383
AU021063	-20.90496	-17.451083999999998
Itih2	-11.840341	-8.386462
Svopl	-19.295523	-15.841645000000002
Oma1	-12.916418	-9.462539999999999
E230001N04Rik	-13.792634	-10.338756
Psmd12	-10.951827	-7.497949
Igsf10	-15.520466	-12.066587
Trim32	-12.923228	-9.46935
C7	-16.574228	-13.12035
Zfp637	-11.797983	-8.344105
Il13ra2	-17.769466	-14.315589000000001
Aspa	-16.498241	-13.044364
Arrdc1	-13.762924	-10.309046
Ube2f	-11.93886	-8.484982
Fkbpl	-13.906451	-10.452573
Lsmem2	-13.3131	-9.859221
Nol8	-12.414933	-8.961055
Rtl8c	-14.630199	-11.176321000000002
Mesp2	-20.90496	-17.451083999999998
Srebf1	-12.151432000000002	-8.697554
Adck5	-13.349579	-9.8957
Gm16337	-19.518665	-16.064789
Srsf3	-9.979904	-6.5260262
Gm29361	-16.777826	-13.323948999999999
Polrmt	-13.645142000000002	-10.191263000000001
Rarres2	-9.11008	-5.6562023
Airn	-12.700289999999999	-9.246411
Hs3st3a1	-17.349613	-13.895735
Rbl2	-11.721272	-8.267394
Dock10	-11.771825999999999	-8.317947
Ercc6l2	-12.604184	-9.150306
4930553M12Rik	-18.95905	-15.505172
Snrnp48	-11.549914	-8.096036
Mgat4b	-12.359764	-8.905886
Erbb3	-16.450613	-12.996736
Gm49874	-17.769466	-14.315589000000001
Rnpc3	-12.460339	-9.00646
Tssk1	-17.646864	-14.1929865
Rsad2	-17.769466	-14.315589000000001
Rpl31	-9.1812315	-5.727354
Parp4	-12.488252000000001	-9.034373
Manba	-12.94394	-9.490062
Gm47545	-18.507065	-15.053187
Gm28535	-17.2414	-13.787521
Cmpk1	-11.509387	-8.055508999999999
Amz2	-12.51492	-9.061042
Ints11	-13.207385999999998	-9.753508
Cep290	-12.0264635	-8.572585
Gm26873	-19.113201	-15.659324
D630044L22Rik	-20.211813	-16.757935999999997
Kcna3	-20.211813	-16.757935999999997
Gm4793	-16.761826	-13.307948000000001
Gba	-13.807412	-10.353534
Pex11a	-14.519767000000002	-11.065888000000001
Hcn4	-19.806348999999997	-16.352472
Myo16	-18.01459	-14.560711999999999
Zfp384	-13.471885999999998	-10.018007
Vmn2r79	-18.340011999999998	-14.886134
Gbf1	-11.441841	-7.987963000000001
Ooep	-16.134275	-12.680398
Ccnt2	-12.053583999999999	-8.599706
Stk31	-20.211813	-16.757935999999997
Erp29	-10.85258	-7.398702
Scg5	-15.631962	-12.178083
Tomm40	-11.836876	-8.3829975
Arl4a	-10.02234	-6.568461999999999
Dnajc27	-13.409975	-9.956097
Cemip2	-12.032333	-8.578455
Gm32849	-19.113201	-15.659324
Gm50105	-18.132372	-14.678494
1810010H24Rik	-14.959539999999999	-11.505662
4930511M06Rik	-15.30654	-11.852661
Zbtb49	-14.626439999999999	-11.172562
Arsj	-15.228207999999999	-11.774329
Gm5547	-20.90496	-17.451083999999998
Gm4881	-20.90496	-17.451083999999998
Gm28818	-16.498241	-13.044364
Gm17484	-15.836057	-12.382178
Dvl1	-12.291004	-8.837126
Bub3	-11.364239	-7.910361
Gm15265	-16.213614	-12.759735000000001
Gm27253	-17.098299	-13.644421
Gm15677	-19.806348999999997	-16.352472
Gm11523	-17.960522	-14.506644
Prickle2	-13.497036999999999	-10.043159
P2ry6	-13.133051000000002	-9.6791725
A230005M16Rik	-17.03376	-13.579882000000001
Cpz	-14.943954999999999	-11.490077000000001
Ppp1r12b	-9.713412	-6.259534400000001
Stat2	-13.439878	-9.986
Otogl	-16.060774	-12.606895
Gm46367	-20.90496	-17.451083999999998
Bgn	-7.712372	-4.2584944
Lrrc56	-14.478473000000001	-11.024594
Chchd10	-12.513558	-9.05968
Mical3	-11.411850999999999	-7.957973
Cyb5rl	-14.411207000000001	-10.957329
Abt1	-12.562121000000001	-9.108243
Wdr83os	-10.648988000000001	-7.195110000000001
Dda1	-11.761616	-8.307737
Gm49886	-16.777826	-13.323948999999999
Gm14820	-19.806348999999997	-16.352472
Terf2ip	-12.402272	-8.948394
Gm15569	-20.211813	-16.757935999999997
Lmnb2	-14.232928	-10.77905
Gm29243	-20.211813	-16.757935999999997
Atp5g2	-9.673961	-6.220083
Amacr	-13.616033999999999	-10.162155
Tubb2a	-11.680028	-8.22615
Plekhg5	-12.786755	-9.332875999999999
Gm28777	-19.518665	-16.064789
Gm32913	-19.806348999999997	-16.352472
Gm40652	-19.518665	-16.064789
Gm28512	-20.90496	-17.451083999999998
Lrba	-12.932495	-9.478617
Hyou1	-12.619952	-9.166074
Rplp0	-8.263098	-4.80922
Rps6ka2	-14.827319000000001	-11.373441
Olfml3	-14.827319000000001	-11.373441
Pcdhgc5	-15.168389000000001	-11.714511
Utp3	-11.465494999999999	-8.011617
5830416I19Rik	-16.810616	-13.356738
Slc25a12	-12.497136	-9.043258
Sycp2	-16.498241	-13.044364
Dis3	-12.666425	-9.212546000000001
Rnf34	-12.327614	-8.873735
Wdcp	-13.424532999999998	-9.9706545
Etfbkmt	-13.093798	-9.639919
Ppp1r9a	-12.650952	-9.197074
Wnt6	-16.685453	-13.231575
5730480H06Rik	-12.785860000000001	-9.331982
Nkx6-2	-18.507065	-15.053187
Polr2b	-11.997213	-8.543335
5430401H09Rik	-20.90496	-17.451083999999998
Btbd9	-12.536732	-9.082853
Gm16244	-18.19691	-14.743032999999999
Slc6a13	-19.518665	-16.064789
Gm43328	-14.941381	-11.487503
Zfp445	-11.761828999999999	-8.307951
Osbpl2	-12.485161	-9.031282000000001
Tor1aip2	-11.946807000000002	-8.4929285
Hist1h2bh	-16.372362	-12.918484
Atf6b	-12.199796000000001	-8.745917
Mpz	-17.572756	-14.118878
Zdhhc16	-13.493405	-10.039527
Csf2rb2	-19.295523	-15.841645000000002
Coq10a	-12.341457	-8.887578999999999
Rab3b	-16.232132	-12.778253999999999
Mcts1	-11.865291000000001	-8.411412
Rbm45	-13.836789000000001	-10.382911
Gabrq	-14.747982	-11.294103999999999
Lhx9	-19.295523	-15.841645000000002
D130062J10Rik	-15.642271	-12.188393
Gyg	-11.692423	-8.238544000000001
Gm44175	-17.03376	-13.579882000000001
Pts	-12.504750999999999	-9.050873
Jdp2	-12.859373	-9.405495
Gm49694	-18.071747	-14.617869
Ackr1	-20.211813	-16.757935999999997
Neu4	-20.90496	-17.451083999999998
AC132307.1	-15.124217999999999	-11.67034
Trpc4	-18.707735	-15.253858
Zfp266	-12.181078999999999	-8.7272005
Haus4	-14.212876999999999	-10.758999000000001
Cdhr4	-18.507065	-15.053187
Htr2a	-13.523458999999999	-10.069581
Med31	-11.815321	-8.361443
mt-Nd6	-11.781051	-8.327172000000001
Zfp142	-13.117165	-9.663286
Has2	-17.726907999999998	-14.273029000000001
Eif4a3	-11.54577	-8.091891
Dock1	-11.891974000000001	-8.438096
Tango6	-13.340723	-9.886845
AU040972	-20.90496	-17.451083999999998
Nmb	-15.894326000000001	-12.440448
Nodal	-20.211813	-16.757935999999997
Bcl9l	-11.383539	-7.929661299999999
Fitm1	-15.928227	-12.474349
Pars2	-14.598685999999999	-11.144808
Zfp146	-13.423969	-9.970091
Tgfbr1	-11.106056	-7.652178299999999
Cox17	-10.171525	-6.717647
Gm21738	-20.90496	-17.451083999999998
Padi3	-19.806348999999997	-16.352472
Gm39326	-17.960522	-14.506644
Mpp3	-17.2414	-13.787521
Tcp1	-10.357989	-6.904111400000001
Grm3	-15.317713000000001	-11.863833999999999
Rpl11	-8.568755	-5.114877
Gm39822	-20.90496	-17.451083999999998
Usp11	-14.243107	-10.789228
1700007J10Rik	-19.806348999999997	-16.352472
Dnajc25	-11.566932000000001	-8.113053
Tmem215	-16.372362	-12.918484
Catsperg1	-16.26057	-12.806692
Pcdhb16	-14.622695000000002	-11.168817
Dmd	-9.200828999999999	-5.746950599999999
Umps	-13.281320000000001	-9.827441
Mmp23	-10.688855	-7.234977199999999
Gpr182	-18.707735	-15.253858
Gm42670	-14.649211	-11.195333
Lta	-18.602375	-15.148498000000002
Cyp2c23	-19.806348999999997	-16.352472
Txnrd2	-12.929053	-9.475175
Golga7b	-18.82552	-15.371642000000001
Smgc	-18.602375	-15.148498000000002
Serpind1	-19.806348999999997	-16.352472
Ifi47	-15.712005	-12.258125999999999
Adam11	-12.896929	-9.44305
Pax1	-14.298310999999998	-10.844433
Zfp189	-13.874989000000001	-10.42111
2410004B18Rik	-12.508355	-9.054477
Gm5427	-19.113201	-15.659324
Iws1	-11.922024	-8.468145
Trappc10	-12.072227499999999	-8.618349
Retreg2	-12.166386	-8.712507
Gm15929	-18.265903	-14.812026000000001
A730061H03Rik	-16.897627	-13.443748999999999
Sh3gl2	-16.213614	-12.759735000000001
Gm16565	-19.518665	-16.064789
Nsa2	-10.183259	-6.729381
Gm10030	-20.90496	-17.451083999999998
Gm48302	-14.809135999999999	-11.355258000000001
Fibin	-9.908443	-6.4545655
Uros	-13.835087	-10.381208
Ssh2	-12.559505	-9.105627
Gm13031	-19.295523	-15.841645000000002
Ino80	-12.108773	-8.654895
Mrps33	-11.599038	-8.14516
Clec10a	-17.726907999999998	-14.273029000000001
Cyp2j9	-18.82552	-15.371642000000001
Vmn1r168	-19.518665	-16.064789
Wdfy3	-11.700337	-8.246459
Foxd1	-16.973135	-13.519257999999999
Soat2	-18.507065	-15.053187
Strbp	-11.667492	-8.2136135
Mocs1	-14.29292	-10.839042
H2afz	-10.412827	-6.958948599999999
2210411M09Rik	-19.806348999999997	-16.352472
Zfp330	-12.100936	-8.647058
Mthfsl	-13.179631	-9.725753
Otof	-20.211813	-16.757935999999997
Tnfrsf21	-14.358176	-10.904297999999999
Antxr1	-11.386401	-7.9325233
Phldb2	-10.5226965	-7.0688186
Faf1	-12.051581	-8.597703
Ldlrad2	-17.609123	-14.155246
Safb	-11.567371000000001	-8.113493
Gtpbp2	-12.108471	-8.6545925
Fis1	-10.485869000000001	-7.031991499999999
Mettl1	-12.262899	-8.809021000000001
Vmn2r23	-19.806348999999997	-16.352472
Gosr2	-12.830624	-9.376745
Rad54l	-15.757466	-12.303588000000001
Srcap	-11.871239	-8.41736
Calhm5	-11.518737	-8.064858000000001
Npr3	-12.903606	-9.449728
Sgsm1	-20.211813	-16.757935999999997
Gm8883	-18.507065	-15.053187
Tead4	-18.602375	-15.148498000000002
A330008L17Rik	-20.90496	-17.451083999999998
Map3k21	-18.602375	-15.148498000000002
Adam21	-18.82552	-15.371642000000001
9230114K14Rik	-12.635461	-9.181582
Pygo1	-12.421946	-8.968067
Wasf3	-14.888804	-11.434925999999999
Xlr3b	-15.336616500000002	-11.882738
Gm39375	-20.211813	-16.757935999999997
Rian	-12.566417	-9.112538
Rcbtb2	-12.119881	-8.666002
Sumf2	-12.998414	-9.544536
Slitrk2	-19.806348999999997	-16.352472
Bet1l	-11.429952	-7.976073700000001
Sfn	-16.068678	-12.6148
Rpain	-12.258144	-8.804266
Aggf1	-12.199962	-8.746083
Thoc5	-12.9383745	-9.484496
Efemp1	-15.471239	-12.017361
Tox4	-11.829525	-8.375647
Sarnp	-10.749547999999999	-7.295669999999999
Rpl7l1	-11.559391	-8.105513
Ttc27	-13.69193	-10.238050999999999
7530414M10Rik	-18.95905	-15.505172
Tmem199	-13.0271845	-9.573306
Kiz	-12.558794	-9.104916000000001
Zbtb8os	-12.100786	-8.646908
Abraxas2	-12.228033	-8.774155
1700030C12Rik	-16.746078	-13.2922
Tmem230	-12.630349	-9.176471000000001
Slc10a5	-18.95905	-15.505172
Txn1	-9.47582	-6.0219417
Zc3hav1l	-14.055895000000001	-10.602016
Ube2c	-15.706464000000002	-12.252585
1700081N11Rik	-16.953716	-13.499839000000001
Paip1	-11.667394999999999	-8.213516
Ptpro	-19.518665	-16.064789
Acsm5	-20.90496	-17.451083999999998
Bicd2	-11.590712	-8.136833
Snx13	-12.273547	-8.819669000000001
Gm2814	-20.211813	-16.757935999999997
Wdr83	-12.594792	-9.140914
Atg7	-13.058763	-9.604884
Clptm1l	-11.454581	-8.000703
Dgkeos	-16.953716	-13.499839000000001
Tmem25	-15.302842000000002	-11.848964
Cd3eap	-12.443069	-8.989191
Rxfp1	-19.806348999999997	-16.352472
Asb17	-20.90496	-17.451083999999998
Opn3	-15.534323	-12.080444
Prrg2	-13.180073000000002	-9.726194
Gm19531	-15.637103	-12.183225
Sema4g	-15.572242999999999	-12.118364
Adam17	-12.349124	-8.895246
4930558J18Rik	-20.211813	-16.757935999999997
Ostn	-18.82552	-15.371642000000001
Etv6	-12.737608999999999	-9.283730499999999
AI646519	-15.375532000000002	-11.921654
Igfbp4	-11.432796000000002	-7.978917599999999
Rsrp1	-9.654661	-6.200783299999999
Set	-10.034623	-6.580744999999999
Ano7	-20.90496	-17.451083999999998
Tm7sf2	-14.313288	-10.859409
Olfr338	-19.806348999999997	-16.352472
Gm10800	-18.01459	-14.560711999999999
Rspo1	-18.340011999999998	-14.886134
Thg1l	-14.139922	-10.686044
Ercc2	-13.592407999999999	-10.138530000000001
Gm11027	-19.518665	-16.064789
Brd9	-11.4783	-8.024422
Gm48081	-20.90496	-17.451083999999998
Strada	-13.34436	-9.890482
Sept11	-12.472238	-9.018359
Gm11583	-18.82552	-15.371642000000001
Zbed4	-14.002218	-10.54834
Ankrd34a	-15.217985999999998	-11.764108
Spata20	-20.211813	-16.757935999999997
Gm26881	-13.384185	-9.930306
Gbp3	-14.970067000000002	-11.516189
2010110E17Rik	-20.90496	-17.451083999999998
Slitrk4	-20.211813	-16.757935999999997
Ccdc126	-13.238271	-9.784392
Cdh26	-18.19691	-14.743032999999999
Slc29a1	-10.712543	-7.2586645999999995
Ubr7	-12.276942	-8.823064
Ptges	-16.746078	-13.2922
4732440D04Rik	-14.136467999999999	-10.68259
Fam168b	-11.694921	-8.241042
Kif24	-17.2414	-13.787521
Car2	-20.90496	-17.451083999999998
Ints6l	-12.414522999999999	-8.960645
Gm12843	-17.646864	-14.1929865
Pla2g7	-18.420053	-14.966176
Gm36315	-18.82552	-15.371642000000001
Sf3b5	-10.870796	-7.416918300000001
Prkab2	-11.779961	-8.326082000000001
4930467K11Rik	-19.806348999999997	-16.352472
Gm48898	-19.806348999999997	-16.352472
Gm10399	-15.757466	-12.303588000000001
Glp1r	-18.602375	-15.148498000000002
Fez2	-11.238146	-7.784267999999999
Galc	-14.484966	-11.031088
Cpt1a	-12.238142	-8.784264
Relch	-12.482517999999999	-9.02864
Hist1h2ai	-19.295523	-15.841645000000002
Ppp1r1a	-13.879423000000001	-10.425545
Btbd6	-12.717383	-9.263505
1700045H11Rik	-20.90496	-17.451083999999998
Cers2	-11.314610499999999	-7.8607326
Gm49974	-20.90496	-17.451083999999998
Tgtp1	-20.90496	-17.451083999999998
Duoxa2	-20.90496	-17.451083999999998
Ralgapa1	-11.321748	-7.86787
Nup62	-13.11675	-9.662871
Carmil3	-16.535513	-13.0816345
Esco1	-12.241765	-8.787887
4921522P10Rik	-20.90496	-17.451083999999998
Gm9968	-17.378601	-13.924723
R3hcc1l	-13.064255000000001	-9.610375999999999
Ergic3	-10.880672	-7.426794500000001
Wdr43	-11.762044	-8.308166
Ppp1r37	-11.878183	-8.424305
Ica1l	-16.656466	-13.202587
Csnk2a1	-10.346366	-6.892488
Eif4g2	-9.107752	-5.653874
Tmem70	-12.118046000000001	-8.664166999999999
Efhc1	-15.775063000000001	-12.321183999999999
Orc2	-12.493129	-9.03925
4833427F10Rik	-18.95905	-15.505172
Gtf2h2	-13.3324585	-9.87858
Bcl2l14	-20.90496	-17.451083999999998
Rnf145	-12.821324	-9.367446000000001
Gm4208	-20.90496	-17.451083999999998
Kank2	-10.623003	-7.169125
Gm17193	-19.806348999999997	-16.352472
Crp	-20.90496	-17.451083999999998
Dtd2	-12.495576	-9.0416975
H2al2a	-20.211813	-16.757935999999997
Syt17	-15.596694	-12.142816
Pqbp1	-12.017999999999999	-8.564121
BC024063	-14.926076	-11.472197999999999
Ankrd12	-10.11089	-6.6570125
Zfp697	-14.649211	-11.195333
Susd1	-19.806348999999997	-16.352472
Tsn	-10.613697	-7.159819000000001
Pebp4	-18.507065	-15.053187
Dnaaf3	-15.861536	-12.407658
Mpv17l	-12.457547	-9.003669
Emc4	-11.333803999999999	-7.879925999999999
Eefsec	-13.125913	-9.672034
Crybb3	-13.268692000000001	-9.814814
AI314278	-19.806348999999997	-16.352472
Syt8	-20.211813	-16.757935999999997
Zkscan7	-14.704452499999999	-11.250574
Mlycd	-12.47835	-9.024471
Ap1b1	-12.884689999999999	-9.430812
Gm14866	-18.19691	-14.743032999999999
Sh3bp5	-15.914529000000002	-12.46065
Pdia4	-11.451203999999999	-7.997326400000001
Agpat4	-12.431929	-8.97805
Srsf9	-11.12732	-7.6734424
Celsr1	-16.289839999999998	-12.835962
Men1	-13.147054999999998	-9.693176
Gm2822	-20.90496	-17.451083999999998
Gm48433	-18.507065	-15.053187
Nkiras1	-12.471802	-9.017923
Tradd	-13.066618	-9.612739999999999
Gm10874	-17.098299	-13.644421
Atxn1l	-12.888643	-9.434764999999999
C1qtnf3	-17.439224	-13.985347
Syt13	-20.90496	-17.451083999999998
Bend6	-15.581951	-12.128072999999999
Cdca7l	-19.518665	-16.064789
Smpd4	-13.378782000000001	-9.924904
Zfp366	-19.295523	-15.841645000000002
Mrps14	-10.686007	-7.232128599999999
Col6a4	-18.340011999999998	-14.886134
Stk35	-13.005066000000001	-9.5511875
Ift140	-13.643034	-10.189156
1810024B03Rik	-13.542315499999999	-10.088436999999999
Rnf20	-11.770531	-8.316652000000001
Slc29a2	-15.273748999999999	-11.819871000000001
4933402J07Rik	-19.518665	-16.064789
Sbk3	-18.071747	-14.617869
Ikbip	-11.049980999999999	-7.596103
Gm30025	-13.260042000000002	-9.806164
Taf3	-11.740350999999999	-8.286472
Etl4	-13.009897	-9.556019000000001
Gpx2	-18.602375	-15.148498000000002
Atp6v1e2	-20.211813	-16.757935999999997
Snu13	-10.690722000000001	-7.236844500000001
Nudt19	-12.340693	-8.886814999999999
Reep4	-13.323751000000001	-9.869873
Myrip	-18.707735	-15.253858
Zup1	-12.332144	-8.878264999999999
Gm48420	-16.319994	-12.866116
Mettl25	-13.891046	-10.437167
Serpina1e	-20.90496	-17.451083999999998
Gm26559	-14.750103	-11.296225
Gm10710	-20.211813	-16.757935999999997
Tmem163	-18.507065	-15.053187
Pde4b	-11.863868	-8.409989
Rrm2	-15.207868	-11.753989
Nupr1	-8.638617	-5.1847389999999995
Duxbl1	-19.295523	-15.841645000000002
Ddx23	-12.361905	-8.908027
Flcn	-13.632563000000001	-10.178684
Hadha	-11.013749	-7.559871
5330411J11Rik	-17.439224	-13.985347
Gm28154	-14.92861	-11.474731
Vtn	-20.211813	-16.757935999999997
Gm48914	-16.33025	-12.876371
Gm33651	-20.90496	-17.451083999999998
Gtf2a1	-12.165424	-8.711546
Gm30978	-20.211813	-16.757935999999997
Gm12381	-17.267374	-13.813497
Mybl2	-17.378601	-13.924723
Ptpra	-10.965045	-7.5111669999999995
Kpnb1	-11.525806	-8.071928
Iba57	-15.3835	-11.929622
Clec2i	-20.90496	-17.451083999999998
March4	-20.211813	-16.757935999999997
Cnot9	-13.438734	-9.984856
Zdhhc13	-14.187157000000001	-10.733278
Gm15718	-18.82552	-15.371642000000001
Gm16263	-20.90496	-17.451083999999998
Ccdc14	-13.993214000000002	-10.539335000000001
Sgo2a	-14.393216	-10.939338000000001
Lifr	-11.998161	-8.544283
Mvb12a	-11.472116999999999	-8.018239
Dennd1c	-18.95905	-15.505172
Gng4	-18.01459	-14.560711999999999
D630023F18Rik	-20.90496	-17.451083999999998
Rab3a	-11.829639	-8.375761
Asgr1	-19.518665	-16.064789
Lca5l	-14.456072	-11.002193
Elac1	-13.408864000000001	-9.954986
Casz1	-12.82225	-9.368372
Slc25a25	-13.865301	-10.411423
Aga	-11.742027	-8.288149
Gm30556	-16.109170000000002	-12.6552925
Gm47231	-17.860437	-14.40656
Cep76	-14.011304999999998	-10.557426
Colgalt1	-10.78834	-7.334461699999999
A830019P07Rik	-19.295523	-15.841645000000002
4921524J17Rik	-11.843701	-8.389823
Selenos	-10.448278	-6.9944005
Prpf38b	-11.051767	-7.5978894
Mrs2	-12.788245	-9.334367
Larp7	-12.055448	-8.601569
Gm49454	-20.90496	-17.451083999999998
Blnk	-19.295523	-15.841645000000002
Mitd1	-12.734492	-9.280614
4921507P07Rik	-15.355885500000001	-11.902007000000001
Tnpo1	-11.667978999999999	-8.214101
Gm15234	-17.909226999999998	-14.45535
Stx7	-11.338416	-7.884538
Acot7	-13.135582999999999	-9.6817045
Nfe2	-20.90496	-17.451083999999998
Ddx47	-12.082933	-8.629055000000001
Cep44	-13.150479	-9.696601
Higd1b	-17.860437	-14.40656
Nat2	-14.432615	-10.978736999999999
Gm46658	-18.132372	-14.678494
Gm43387	-16.045149	-12.59127
4933439K11Rik	-17.076319	-13.622441
Efnb3	-17.216082	-13.762203
Tmem169	-16.05293	-12.599052
Smim13	-12.349895	-8.896016
Ppm1k	-12.759412	-9.305533
Pacs2	-13.010643	-9.556764999999999
Wwtr1	-10.873828	-7.41995
Plag1	-14.908509	-11.454631
Anapc4	-11.776916499999999	-8.323038
Arhgap8	-18.132372	-14.678494
Foxn3	-10.249916	-6.796038
Rnf187	-10.507753	-7.0538754
Gstp3	-20.211813	-16.757935999999997
Nfe2l3	-16.405151	-12.951273
Pdcd2l	-12.889963999999999	-9.436086
Paqr4	-13.07255	-9.618671
Gins2	-14.508032	-11.054153
Clca3a1	-18.602375	-15.148498000000002
Osgep	-11.553816000000001	-8.099936999999999
Lmntd2	-20.211813	-16.757935999999997
Rfx2	-13.316132000000001	-9.862252999999999
BC037039	-15.780997	-12.327119
Dedd2	-13.317144	-9.863266000000001
Mark2	-11.604415	-8.150537
E130208F15Rik	-17.01314	-13.559262
Faap100	-13.037473	-9.583594
Zfp948	-12.922886	-9.4690075
Usp7	-11.500206	-8.046327999999999
Rasl2-9	-19.113201	-15.659324
Hist1h3b	-18.82552	-15.371642000000001
Ankrd44	-12.405728	-8.95185
Pltp	-13.099079	-9.645201
Dusp1	-9.500857	-6.0469800000000005
Muc19	-17.537664000000003	-14.083787
Rars2	-13.4514	-9.997521
Gemin8	-14.36105	-10.907171
Ilk	-9.845080000000001	-6.3912024
Zfp777	-13.311587	-9.857709
Rap1b	-11.022238	-7.56836
3110099E03Rik	-18.707735	-15.253858
Gm28901	-19.806348999999997	-16.352472
Ubac2	-12.488694	-9.034816000000001
Gm13838	-18.602375	-15.148498000000002
Gm43674	-17.909226999999998	-14.45535
Catsper4	-18.82552	-15.371642000000001
Gm34868	-18.19691	-14.743032999999999
Patz1	-13.255745000000001	-9.801867
Mcoln2	-19.518665	-16.064789
Reps2	-15.874523000000002	-12.420645
Myb	-20.90496	-17.451083999999998
Thbs4	-17.503763	-14.049885999999999
Gm43256	-16.535513	-13.0816345
Gm44081	-17.769466	-14.315589000000001
Ormdl2	-13.828307	-10.374429
Gpr20	-17.120770999999998	-13.666893
Gm6116	-18.265903	-14.812026000000001
Gm15518	-20.211813	-16.757935999999997
Zfp467	-11.742552	-8.288673
4732496C06Rik	-17.408453	-13.954576000000001
Upk1a	-17.503763	-14.049885999999999
Zbtb20	-8.318499000000001	-4.864620700000001
Ccdc93	-13.1122	-9.658321
Tapt1	-12.549111	-9.095233
Plppr2	-14.714645	-11.260767
Rab6b	-12.634437	-9.180558
Elp6	-14.2104	-10.756521000000001
Ascc2	-13.186720000000001	-9.7328415
Reep5	-9.573246000000001	-6.119368
Gm14827	-18.602375	-15.148498000000002
Tgoln1	-10.956595	-7.5027175
Zfp747	-13.870573	-10.416694999999999
Clhc1	-18.340011999999998	-14.886134
Nicn1	-12.228715	-8.774837
0610030E20Rik	-12.535803999999999	-9.081925
Ndufa12	-10.463111	-7.009233
Gys2	-20.90496	-17.451083999999998
Golt1b	-12.230422	-8.776544
Syde1	-12.11652	-8.662642
Gm49172	-17.294043	-13.840164999999999
BC049762	-17.167292	-13.713413000000001
Fahd1	-13.2745	-9.8206215
Lag3	-15.016084	-11.562205
Nt5e	-17.2414	-13.787521
Vmn2r66	-20.90496	-17.451083999999998
Vdac1	-10.585662	-7.131784
Gm9887	-14.406679	-10.952801
Exd2	-13.194308	-9.74043
4833408A19Rik	-15.076015	-11.622137
Gm20667	-20.211813	-16.757935999999997
Gm4258	-14.1751375	-10.721259
Olfr709-ps1	-20.90496	-17.451083999999998
Sp3	-11.6775675	-8.223689
Maml2	-11.760547	-8.306668
Aldoc	-16.22283	-12.768951
Mrtfa	-13.175226	-9.721347999999999
1700001K19Rik	-19.806348999999997	-16.352472
Gm35853	-17.321442	-13.867564000000002
Zfp60	-12.523128999999999	-9.069251
Pcdhgb7	-15.75167	-12.297791499999999
Gm10135	-17.686085000000002	-14.232207
Hgf	-15.191229000000002	-11.73735
Gm10260	-14.811392000000001	-11.357513
Atp1b1	-12.670927	-9.217049000000001
Angpt4	-13.951277	-10.497398
Tmed4	-11.436883	-7.983005
Cep95	-14.378467	-10.924588
Gm20535	-17.726907999999998	-14.273029000000001
Pla2g5	-19.806348999999997	-16.352472
Rab5b	-11.473559	-8.019681
Sall3	-20.211813	-16.757935999999997
Gm48653	-18.265903	-14.812026000000001
Zfp322a	-12.20478	-8.750900999999999
2310009A05Rik	-12.104094	-8.650215
Slc39a1	-11.550953999999999	-8.097075
Ddx58	-12.913708	-9.459829
Mtag2	-18.82552	-15.371642000000001
Cage1	-15.75167	-12.297791499999999
Psat1	-14.903545999999999	-11.449667999999999
Itga10	-13.185388	-9.731508999999999
Mphosph10	-11.885781	-8.431903
Cep85	-13.259085999999998	-9.805207000000001
Naa20	-11.692423	-8.238544000000001
Pttg1	-11.098701	-7.6448225999999995
Tns2	-10.83266	-7.378782000000001
Gm2415	-13.640231	-10.186353
A130077B15Rik	-18.82552	-15.371642000000001
Gm31763	-17.860437	-14.40656
Arhgef18	-12.717383	-9.263505
Nrxn2	-16.037426	-12.583549
Gm46652	-20.211813	-16.757935999999997
Adh6b	-20.90496	-17.451083999999998
Tut7	-11.505239999999999	-8.051362
Gm13307	-15.084878	-11.630999999999998
Dbr1	-13.175666	-9.721786999999999
Wdr93	-17.813917	-14.36004
Furin	-11.980704	-8.526826
Txn2	-11.188346000000001	-7.734468
Vmn2r17	-19.295523	-15.841645000000002
Mrpl27	-11.51706	-8.063182000000001
Slc35b3	-13.222017999999998	-9.768139999999999
Ino80d	-11.762044	-8.308166
Gm28586	-20.211813	-16.757935999999997
Fabp3	-11.658482000000001	-8.204603
A730056A06Rik	-18.19691	-14.743032999999999
Slc46a1	-15.252472000000001	-11.798593499999999
Dcaf8	-11.0356	-7.581722
Sympk	-12.278376	-8.824497000000001
Gm47601	-18.340011999999998	-14.886134
Gm44851	-20.90496	-17.451083999999998
Ppcs	-13.142365	-9.688487
Zfp422	-12.694564999999999	-9.240686
Ern1	-13.3334875	-9.879609
B4galt6	-12.60667	-9.152792
H2-M9	-20.211813	-16.757935999999997
Polg2	-13.329889000000001	-9.876011
Taf1a	-12.460124	-9.006246
Ndufb7	-9.923132	-6.469254
Appbp2	-11.571784	-8.117906
Hoxd3	-17.909226999999998	-14.45535
Gm8098	-16.383173	-12.929295
Gm30108	-15.076015	-11.622137
Msantd1	-16.427623999999998	-12.973746
1700026D11Rik	-18.265903	-14.812026000000001
Trappc5	-11.995726	-8.541847
Soga3	-20.90496	-17.451083999999998
Trem1	-18.95905	-15.505172
Gabbr1	-12.135299	-8.68142
Snx21	-12.257441499999999	-8.803563
Robo2	-19.518665	-16.064789
Gm15963	-20.90496	-17.451083999999998
E130018N17Rik	-19.295523	-15.841645000000002
Smpx	-19.518665	-16.064789
Fam187b	-18.95905	-15.505172
Fads3	-11.566316	-8.112437
Ttc12	-13.863548999999999	-10.409671000000001
Ring1	-12.443069	-8.989191
Anks1	-12.714884	-9.261005
Tgfb3	-11.586305	-8.132425999999999
Cln5	-13.214217999999999	-9.76034
Gdf9	-15.887681	-12.433803
Gm47270	-17.054813	-13.600935
Zfp976	-13.385269000000001	-9.931391
C1d	-11.373697	-7.919819400000001
4833438C02Rik	-14.38434	-10.930462
Ncoa7	-11.703258	-8.249379
2610316D01Rik	-20.90496	-17.451083999999998
Gtf2ird1	-13.271107999999998	-9.817229
B130046B21Rik	-17.167292	-13.713413000000001
Gm26562	-17.813917	-14.36004
Ankrd26	-12.717939999999999	-9.264062
Amer1	-12.437589	-8.98371
Zfp575	-16.100939	-12.647061
Ssr4	-10.170914999999999	-6.7170366999999995
Uts2r	-17.909226999999998	-14.45535
Klrd1	-19.295523	-15.841645000000002
A930007I19Rik	-16.33025	-12.876371
Epgn	-18.602375	-15.148498000000002
Zeb2os	-14.275598	-10.821719
Chst5	-19.806348999999997	-16.352472
Polr3h	-12.944986	-9.491108
Gps2	-11.950028999999999	-8.496151
Npas4	-13.961839000000001	-10.50796
B230220B15Rik	-20.90496	-17.451083999999998
Fbxo38	-12.881737	-9.427858
Zfp317	-13.323751000000001	-9.869873
Capza2	-10.238427	-6.784549
Gm35021	-17.909226999999998	-14.45535
Stard6	-14.888804	-11.434925999999999
Gm49336	-12.581595	-9.127717
Gm50149	-20.90496	-17.451083999999998
Cox16	-11.16623	-7.7123523
Gm26648	-17.960522	-14.506644
Dph5	-13.365402	-9.911524
Lrguk	-18.507065	-15.053187
Ptprr	-18.507065	-15.053187
Vkorc1l1	-12.499818	-9.045939
Olfr332	-18.95905	-15.505172
Gm15834	-17.813917	-14.36004
Gm43689	-17.686085000000002	-14.232207
D830035M03Rik	-16.670855	-13.216976
Hrh1	-20.90496	-17.451083999999998
Stard13	-13.107258999999999	-9.65338
Pramel7	-19.806348999999997	-16.352472
Gm11827	-14.926076	-11.472197999999999
Anks6	-14.329885500000001	-10.876007000000001
Thoc6	-13.067012	-9.613133
Gm50138	-18.82552	-15.371642000000001
Hck	-18.82552	-15.371642000000001
Moap1	-15.471239	-12.017361
4931406C07Rik	-12.328367	-8.874489
Cyfip2	-15.155567999999999	-11.70169
Tspan2os	-15.428497	-11.974619
Kncn	-18.602375	-15.148498000000002
Dpp10	-16.394102	-12.940224
Pptc7	-11.882035	-8.428157
Gm43331	-15.081914999999999	-11.6280365
Ifitm10	-14.075168	-10.621288999999999
Idua	-13.169528	-9.71565
Acadsb	-10.72369	-7.269812
Ext2	-11.394813000000001	-7.940934700000001
Acap1	-20.211813	-16.757935999999997
Gm29502	-18.82552	-15.371642000000001
4833412C05Rik	-13.921171	-10.467293
Lmf2	-12.151116	-8.697238
F730016J06Rik	-20.211813	-16.757935999999997
Ccnl1	-11.045269000000001	-7.591391000000001
Hoxb5os	-14.284888	-10.831010000000001
Xrn2	-11.17833	-7.724452499999999
Cox7a2l	-9.989564	-6.535686
Anapc2	-11.797096	-8.343217999999998
Ubxn7	-12.370517999999999	-8.916639
Ankmy1	-17.054813	-13.600935
Copb1	-10.90086	-7.446982000000001
Ppp1r32	-18.95905	-15.505172
Cyb5r4	-12.348355	-8.894477
Olfr961	-19.113201	-15.659324
Gm48155	-18.507065	-15.053187
Rhbdd2	-13.325792999999999	-9.871915
Hoxd10	-18.82552	-15.371642000000001
Usp29	-17.537664000000003	-14.083787
Melk	-18.19691	-14.743032999999999
Nubp1	-12.646021000000001	-9.192142500000001
Tmem254a	-15.076015	-11.622137
Bmp7	-18.507065	-15.053187
Sptlc1	-12.872926	-9.419047
Ncstn	-12.442647000000001	-8.988769
Chn1os3	-16.11747	-12.663591
Fbxw4	-13.082517	-9.628638
Arhgap27	-16.439053	-12.985175
Hspa12b	-15.445375	-11.991497
4930579C12Rik	-20.90496	-17.451083999999998
Lix1l	-11.444096	-7.9902177
Lonp2	-11.508888	-8.055010000000001
Slc25a23	-11.143728	-7.6898503
A730049H05Rik	-16.177572	-12.723695
Gm20756	-18.95905	-15.505172
Cd300lf	-19.295523	-15.841645000000002
Meak7	-14.446623	-10.992744
Bricd5	-19.806348999999997	-16.352472
Metrn	-13.054078	-9.6002
Slf1	-12.873901	-9.420023
Ucn2	-18.507065	-15.053187
Prcc	-12.760862	-9.306984
Lrwd1	-13.255269	-9.801391
Syt1	-19.806348999999997	-16.352472
Klf12	-12.758252	-9.304374000000001
Serf2	-8.125879	-4.672002
Acaca	-12.466378	-9.0125
Dennd5a	-11.394960000000001	-7.941082499999999
Arid4a	-11.326511	-7.872633500000001
B230118H07Rik	-11.653383	-8.199505
Gmfg	-17.054813	-13.600935
Clba1	-14.11599	-10.662111
Cdh18	-14.156201000000001	-10.702323
Gm2449	-17.572756	-14.118878
Gm15638	-20.211813	-16.757935999999997
Rnps1	-11.511966000000001	-8.058086999999999
Plpbp	-12.195331	-8.741452
Mrpl32	-11.748127	-8.294249
Gm10130	-14.3653755	-10.911497
Ermard	-13.799995000000001	-10.346117
Gm3468	-16.204481	-12.750603
AI480526	-14.232928	-10.77905
Slc9a1	-12.837499000000001	-9.38362
Psen2	-12.411856	-8.957977
Gnb4	-10.278428	-6.82455
Fkbp8	-10.707052000000001	-7.2531743
D030051J21Rik	-16.450613	-12.996736
Phf20	-11.618492999999999	-8.164615
Tdrd7	-13.189392000000002	-9.735514
Gm29585	-18.95905	-15.505172
Smad5	-12.20295	-8.749071
Dzip1l	-12.154753999999999	-8.700875
Xpnpep2	-18.340011999999998	-14.886134
Ephx3	-17.2414	-13.787521
Gm12166	-16.204481	-12.750603
Cad	-13.188946	-9.735066999999999
Vgll3	-11.539756	-8.085877
Pcnx4	-12.942197	-9.488318
Gm6871	-19.113201	-15.659324
Ccr1	-19.518665	-16.064789
Erlin2	-12.897262	-9.443383
1190007I07Rik	-12.772255	-9.318377
Gm15524	-20.211813	-16.757935999999997
Fam114a1	-11.17833	-7.724452499999999
Capn10	-13.636041	-10.182162
Aars	-12.302141	-8.848263000000001
Alpk2	-16.614501999999998	-13.160623999999999
Cox14	-10.824751	-7.370873
Sgcd	-10.565965	-7.112087
Sema4b	-14.883938	-11.430059
Atg4a	-13.278878	-9.825
Mfap5	-9.457321	-6.0034432
Rexo2	-9.775113000000001	-6.321235
Gm14703	-17.349613	-13.895735
Pfkfb4	-14.270328	-10.816449
Rac1	-10.419817	-6.965939
Gm15688	-15.868008999999999	-12.41413
Skap1	-18.95905	-15.505172
Gm36028	-18.340011999999998	-14.886134
Pum2	-10.881471000000001	-7.4275928
Gm44759	-17.378601	-13.924723
Gm14496	-20.211813	-16.757935999999997
Extl2	-12.796338	-9.34246
Fancb	-15.914529000000002	-12.46065
Gtf2h4	-12.999519	-9.545641
Ifngr2	-10.922755	-7.4688773
Ephx4	-17.321442	-13.867564000000002
Wdr27	-14.664685	-11.210807
Hist1h4i	-15.734476999999998	-12.280599
Zfp619	-14.737445000000001	-11.283566
Cacnb1	-13.800817499999999	-10.346939
Me3	-14.025604999999999	-10.571727000000001
Ppp2r3d	-12.794233	-9.340355
Oaf	-13.289663000000001	-9.835785000000001
9330159F19Rik	-18.507065	-15.053187
Gm11899	-19.806348999999997	-16.352472
Mdk	-13.455463	-10.001585
Timp1	-12.777852000000001	-9.323974
9330175M20Rik	-18.82552	-15.371642000000001
Gm36634	-20.90496	-17.451083999999998
Lrrc51	-14.302373000000001	-10.848495
Hagh	-11.391558	-7.93768
Gm29340	-19.295523	-15.841645000000002
Zfp607a	-14.187157000000001	-10.733278
Cyp4f17	-14.088225	-10.634347
Gpr171	-17.860437	-14.40656
Saxo1	-20.90496	-17.451083999999998
Shox2	-16.548251999999998	-13.094374
Tmem223	-11.219692	-7.7658143
Gpr174	-20.90496	-17.451083999999998
Ap5b1	-15.717575	-12.263697
Gm17096	-18.19691	-14.743032999999999
Pcid2	-12.939763000000001	-9.485885000000001
Gm11672	-18.265903	-14.812026000000001
Tusc3	-11.796875	-8.342997
Colca2	-16.084679	-12.630801
Gm11455	-20.90496	-17.451083999999998
Rbx1	-10.073669	-6.619791499999999
Ccdc162	-16.26057	-12.806692
Rnaseh1	-13.038622	-9.5847435
Gm42659	-14.879095000000001	-11.425217
Gm10320	-16.270231	-12.816353999999999
Gypc	-13.5074	-10.053521
Espl1	-16.48612	-13.032242
Rpp40	-13.49825	-10.044372000000001
Zfp974	-14.029729000000001	-10.5758505
Gm26707	-19.806348999999997	-16.352472
B130011K05Rik	-20.211813	-16.757935999999997
Tars	-11.890392	-8.436514
Cd86	-18.507065	-15.053187
Zdhhc15	-15.420164000000002	-11.966286
Upk3bl	-19.113201	-15.659324
Pdss2	-13.512929999999999	-10.0590515
Gm44017	-18.602375	-15.148498000000002
Ecpas	-11.565612	-8.111733000000001
Enpp6	-16.535513	-13.0816345
Mpzl1	-13.143642000000002	-9.689764
Tyr	-17.267374	-13.813497
Mfsd4b5	-17.503763	-14.049885999999999
Gm47725	-16.160028	-12.706151
Ripk3	-16.279987	-12.82611
Rab13	-12.216339	-8.762461
Hnrnpf	-10.568328999999999	-7.114451
Ash2l	-12.275332	-8.821454
Pcdhgc3	-13.550598999999998	-10.096721
Gm16575	-18.265903	-14.812026000000001
B3gnt8	-13.815717999999999	-10.361839
Gpr75	-17.216082	-13.762203
Snupn	-12.999151	-9.545273
Rex1bd	-10.346053999999999	-6.892175999999999
Exog	-14.409695999999999	-10.955817
Fndc3b	-10.485452	-7.031574000000001
Sirt1	-12.214824	-8.760945
Kcne4	-13.319172	-9.8652935
Hspa9	-11.025408	-7.57153
Otos	-16.953716	-13.499839000000001
Slc16a1	-14.951718	-11.49784
Map2k2	-10.876031	-7.422153
Themis2	-18.82552	-15.371642000000001
Sp2	-12.974036	-9.520158
1700008B11Rik	-19.806348999999997	-16.352472
Erich1	-12.488914999999999	-9.035036999999999
Tbc1d25	-14.283555999999999	-10.829678
Htra1	-9.292725	-5.8388467
Elovl4	-15.907748999999999	-12.453871000000001
Gm12395	-18.95905	-15.505172
Plcb1	-11.375295	-7.9214168
Rpl41	-7.897149000000001	-4.443271599999999
Sla2	-18.507065	-15.053187
Pgm2l1	-13.078517999999999	-9.6246395
Nfat5	-10.832997	-7.3791194
Fblim1	-8.570473	-5.1165953
Chaf1a	-14.864707000000001	-11.410829
Pp2d1	-18.420053	-14.966176
1700017M07Rik	-20.211813	-16.757935999999997
Clcnkb	-16.973135	-13.519257999999999
Spcs1	-10.403433999999999	-6.949555999999999
Gm48242	-18.95905	-15.505172
Nfkbib	-12.585975	-9.132096
Tmem204	-14.054835	-10.600957000000001
D830039M14Rik	-16.897627	-13.443748999999999
Utp15	-13.121321	-9.667442
E030037K01Rik	-16.794086	-13.340209
Ppp1r18os	-16.11747	-12.663591
Sept4	-13.538516	-10.084638
Usp4	-12.068878	-8.615
Impad1	-10.964129	-7.5102515
Dhx15	-11.082955	-7.629077400000001
Mad2l1bp	-13.218798999999999	-9.76492
Gm15469	-20.211813	-16.757935999999997
Rnf11	-10.513569	-7.059691
1700020D05Rik	-16.26057	-12.806692
Tmem33	-11.486711999999999	-8.032834
Rad23a	-11.477013000000001	-8.023133999999999
Trp53rka	-12.820397999999999	-9.36652
Syk	-17.216082	-13.762203
B3galt4	-13.831692000000002	-10.377813
Ttc7	-13.954146	-10.500268
Ywhaq	-9.827074	-6.373196
Olfr624	-18.95905	-15.505172
Ggnbp2	-11.191303	-7.7374253
Trappc6b	-11.155616	-7.701738000000001
Nek7	-11.010363	-7.556484700000001
Slc7a6	-12.902600999999999	-9.448723
Tppp	-14.545387	-11.091509
Proscos	-16.93467	-13.480791
Adora2a	-16.251001000000002	-12.797123
Sgms2	-12.557608	-9.103729
Frmd4b	-12.697287	-9.243408
Hoxd9	-15.235079999999998	-11.781201
Gm15966	-20.211813	-16.757935999999997
Wdr82	-12.103492	-8.649613
Use1	-10.61224	-7.1583619999999994
2010308F09Rik	-18.19691	-14.743032999999999
Traf1	-15.914529000000002	-12.46065
Tnfsf12	-11.046157000000001	-7.5922789999999996
AC109619.1	-14.394703	-10.9408245
Rdh16	-19.518665	-16.064789
Ndp	-14.320169	-10.866291
Gm47765	-17.813917	-14.36004
Syvn1	-13.05759	-9.603711
Tmem267	-14.346764000000002	-10.892885
Dmac2l	-13.917470999999999	-10.463593
Slc6a17	-14.554075	-11.100197
Pram1	-17.19139	-13.737510999999998
Srp72	-11.189672	-7.735794500000001
Snrpd2	-10.095597	-6.6417193
Tbc1d2	-16.746078	-13.2922
Galnt17	-15.881081	-12.427202000000001
Rpl14	-8.60605	-5.152171599999999
Id1	-10.526451	-7.072572999999999
2810004N23Rik	-11.788712	-8.334833
Gm9993	-14.529937	-11.076058
Gm29430	-17.294043	-13.840164999999999
Gm13375	-14.967425	-11.513547
Fbp1	-20.90496	-17.451083999999998
Pgrmc2	-11.468601	-8.014723
Man1c1	-14.876682	-11.422804
Il1a	-20.90496	-17.451083999999998
Gm15283	-15.181376	-11.727497999999999
Togaram2	-18.707735	-15.253858
Atxn7l3b	-10.43355	-6.979672
Actr2	-10.726991	-7.273113
Cenpt	-14.316034	-10.862156
Hsd17b13	-18.95905	-15.505172
Ttk	-17.860437	-14.40656
Fgfr1op2	-10.659978	-7.2061
Eid2b	-13.412201000000001	-9.958323
Ro60	-11.5709	-8.117022
Gm10642	-18.340011999999998	-14.886134
Tns4	-16.134275	-12.680398
Trim12a	-12.667747	-9.213868
Atp5j2	-9.347864999999999	-5.8939877
Ftx	-13.3901615	-9.936283
Cdca7	-15.480011	-12.026133
Pcdh12	-18.707735	-15.253858
Opa3	-12.44773	-8.993852
BC051537	-18.265903	-14.812026000000001
Fabp2	-20.90496	-17.451083999999998
2010300C02Rik	-13.546767000000001	-10.092889
Fem1c	-12.475288	-9.021410000000001
Pdgfrl	-12.835306	-9.381428
AC142100.1	-17.120770999999998	-13.666893
Olfr981	-20.90496	-17.451083999999998
Gm42941	-14.879095000000001	-11.425217
Gm50288	-19.806348999999997	-16.352472
Serpinb2	-19.806348999999997	-16.352472
Arhgdib	-13.194308	-9.74043
Siah1a	-12.266613000000001	-8.812735
Fgf2	-11.149974	-7.696096000000001
Cd320	-12.474197	-9.020319
B9d2	-12.448155	-8.994277
Ypel2	-11.905836	-8.451958
Armc3	-14.908509	-11.454631
Fiz1	-13.10767	-9.653791
Hexb	-11.397186	-7.9433084
Usp21	-13.25813	-9.804252
Lap3	-11.811378999999999	-8.357501
Il22ra2	-20.211813	-16.757935999999997
Xpnpep3	-13.295594	-9.841716
Slc28a2	-19.806348999999997	-16.352472
Npnt	-8.577511999999999	-5.123634
Mamdc4	-16.794086	-13.340209
Itga8	-8.084562	-4.630685
Rgs19	-13.711275	-10.257397000000001
E4f1	-13.030983	-9.577105
Prpf4	-12.743872	-9.289992999999999
Atg4a-ps	-17.813917	-14.36004
Tmbim4	-11.634278	-8.1804
Ect2	-15.355885500000001	-11.902007000000001
Mroh7	-18.265903	-14.812026000000001
Gm49769	-15.999685999999999	-12.545808000000001
Gm5431	-19.113201	-15.659324
Ctxn1	-12.96723	-9.513351
Hook3	-10.634091	-7.1802135
Ubl7	-12.264135000000001	-8.810257
Gdpd1	-13.478413	-10.024534
Nynrin	-12.884033	-9.430155000000001
Igf1os	-20.90496	-17.451083999999998
Mapk8ip3	-12.262546	-8.808667
Ccdc42os	-14.4188	-10.964922
Chsy1	-11.835263000000001	-8.381385
Atxn7l2	-14.67055	-11.216672
Gtf3c5	-13.767682999999998	-10.313805
Gm37233	-15.723178	-12.269299499999999
9130213A22Rik	-17.726907999999998	-14.273029000000001
Mlxipl	-14.238005	-10.784125999999999
Gm13954	-20.90496	-17.451083999999998
E030018B13Rik	-18.95905	-15.505172
Sec16b	-15.792973499999999	-12.339095
Lct	-19.295523	-15.841645000000002
Lmo4	-11.117502	-7.6636243
Jarid2	-12.498699	-9.044821
Gm48960	-16.22283	-12.768951
Olfr93	-20.90496	-17.451083999999998
1700109H08Rik	-15.221381	-11.767503
A430090L17Rik	-18.01459	-14.560711999999999
Gm15402	-16.685453	-13.231575
Mib2	-12.890625	-9.436747
Rps20	-8.000821	-4.546943
Gm16033	-18.707735	-15.253858
Gm43091	-19.295523	-15.841645000000002
Rgcc	-13.254792000000002	-9.800914
Gm10802	-20.90496	-17.451083999999998
2210011C24Rik	-17.813917	-14.36004
Gm49189	-20.211813	-16.757935999999997
Crispld1	-12.48803	-9.034152
Smyd2	-12.441169	-8.98729
Samsn1	-18.420053	-14.966176
Tnip3	-18.420053	-14.966176
Rnf7	-10.689879	-7.2360014999999995
Gm43101	-17.537664000000003	-14.083787
Trim11	-13.023401	-9.569523
Lig1	-13.475439999999999	-10.021562
Pcca	-12.459264	-9.005385
1700047I17Rik2	-18.707735	-15.253858
Gm34804	-20.90496	-17.451083999999998
Chst1	-17.537664000000003	-14.083787
Gm45338	-18.265903	-14.812026000000001
Gm49357	-18.82552	-15.371642000000001
Iqca1l	-20.90496	-17.451083999999998
Sdhaf2	-12.406951	-8.953073
Slc25a17	-12.032194	-8.578316000000001
Hmox1	-14.602343	-11.148464
9430002A10Rik	-16.777826	-13.323948999999999
Prpsap1	-11.414416000000001	-7.960538400000001
BC002059	-14.067628	-10.613749499999999
Nkain4	-16.037426	-12.583549
Gm8066	-16.953716	-13.499839000000001
Hadh	-11.306302	-7.852424000000001
Gm16552	-17.267374	-13.813497
Gm11789	-20.211813	-16.757935999999997
Clcn5	-14.448192	-10.994313
E130215H24Rik	-16.897627	-13.443748999999999
Tspan14	-14.424916	-10.971038
Nol6	-13.380939499999998	-9.927061
Crnkl1	-11.987784	-8.533906
Cib2	-13.013631	-9.559752
Zswim5	-17.216082	-13.762203
Nptn	-9.800289999999999	-6.346412
Slc23a2	-12.947083000000001	-9.493205
Haus6	-13.50373	-10.049851
Pwwp2a	-12.332144	-8.878264999999999
Dcaf12l1	-17.2414	-13.787521
Gm12841	-17.860437	-14.40656
Klk11	-20.211813	-16.757935999999997
Mageh1	-12.177507	-8.723628999999999
Imp3	-10.8729925	-7.4191145999999994
Pmm2	-12.774608	-9.320729
Stag1	-11.060374000000001	-7.606496300000001
Mrps36	-11.101957	-7.648079400000001
Urgcp	-12.519472	-9.065594
Riok2	-12.847267	-9.393388999999999
Tfb2m	-12.380991	-8.927113
Kras	-11.285164	-7.831286
Fgf14	-15.928227	-12.474349
Tmem91	-15.359784	-11.905906
Nek3	-14.630199	-11.176321000000002
Fam117b	-12.893274	-9.439396
Thbd	-12.70385	-9.249971
Dysf	-12.37505	-8.921171000000001
Eif3a	-9.822080999999999	-6.3682027
Pold3	-12.965802	-9.511924
Mt2	-11.26167	-7.807792
Gask1b	-10.2292385	-6.7753606
Stra6	-20.211813	-16.757935999999997
Rnf10	-10.631463	-7.1775850000000005
Mcrip2	-12.999519	-9.545641
Susd2	-13.219257999999998	-9.76538
Asic3	-19.113201	-15.659324
Mesd	-11.09551	-7.641631599999999
Vmn1r49	-20.90496	-17.451083999999998
Gm12359	-14.668591500000002	-11.214713
Spem1	-16.93467	-13.480791
Exoc3	-11.220625	-7.7667470000000005
Sele	-18.340011999999998	-14.886134
Bptf	-10.448364	-6.9944863
Rhoc	-9.834829	-6.380951400000001
1110038F14Rik	-11.781814	-8.327935
Gm44200	-18.340011999999998	-14.886134
Dipk1a	-12.712944	-9.259066
Nup43	-13.819059	-10.365181
Col15a1	-10.216181	-6.762303
Mtss1	-11.061753999999999	-7.607876299999999
Trak1	-12.084114	-8.630236
Stx8	-11.8906355	-8.436757
Apex1	-12.656956	-9.203077
Rtl1	-19.113201	-15.659324
St3gal6	-13.282785999999998	-9.828908
Ms4a14	-20.90496	-17.451083999999998
1700071M16Rik	-20.90496	-17.451083999999998
Nhlrc3	-13.763716	-10.309837
Pcdhb14	-13.744892000000002	-10.291014
Pkib	-17.860437	-14.40656
Chd4	-10.207102	-6.753224
Gm45371	-19.113201	-15.659324
Gm43017	-17.19139	-13.737510999999998
Cep295	-12.680530000000001	-9.226650999999999
Cog1	-13.270141	-9.816262
5830448L01Rik	-14.910998999999999	-11.457121
Dhx32	-11.673250999999999	-8.219373
Syt2	-15.881081	-12.427202000000001
Tbck	-13.069777499999999	-9.615899
Pias4	-12.668541000000001	-9.214663
Isyna1	-11.623975999999999	-8.170097
Il17f	-20.90496	-17.451083999999998
Cnot1	-11.554946000000001	-8.101068
Npy4r	-15.914529000000002	-12.46065
Stag3	-17.909226999999998	-14.45535
Trpm3	-14.427989000000002	-10.974111
Mtif2	-12.344517	-8.890638000000001
Rorc	-18.420053	-14.966176
Tmem170	-14.021498999999999	-10.56762
Gm19510	-18.01459	-14.560711999999999
4930592A05Rik	-20.211813	-16.757935999999997
St3gal3	-13.458960000000001	-10.005081
Lgals3	-11.850223	-8.396344000000001
Ppp1r2	-10.626777	-7.172899
Gm30198	-19.806348999999997	-16.352472
Mogat1	-18.82552	-15.371642000000001
Osbpl6	-13.034413	-9.580535000000001
Serpine1	-9.93937	-6.485492
Gm6566	-17.216082	-13.762203
Nt5dc1	-13.088947000000001	-9.635069
Cdr2l	-14.199322	-10.745443
Styk1	-17.813917	-14.36004
Dll1	-15.963319	-12.50944
Etaa1	-12.588172	-9.134294
Napsa	-17.609123	-14.155246
Srsf4	-11.720759	-8.266881
Gramd2	-16.383173	-12.929295
Axdnd1	-18.420053	-14.966176
1810021B22Rik	-14.972716	-11.518838
Mapk12	-14.279569	-10.82569
Alpk3	-16.177572	-12.723695
Cdc42bpg	-14.596863	-11.142984
Amdhd1	-19.806348999999997	-16.352472
Apobec3	-14.137618	-10.68374
Dnase2a	-14.121635999999999	-10.667758000000001
Slc25a36	-12.134212	-8.680333000000001
Tst	-12.765229	-9.311351
Trib3	-16.068678	-12.6148
3300002A11Rik	-20.90496	-17.451083999999998
Gm28151	-16.730574	-13.276695000000002
Zfp260	-11.43557	-7.981692
Msrb3	-10.125484	-6.6716065
Gm46447	-15.823557000000001	-12.369678500000001
2810414N06Rik	-17.054813	-13.600935
Zfp85	-14.622695000000002	-11.168817
Cisd2	-11.391631	-7.937753
Gm28119	-15.348132999999999	-11.894255000000001
Slc6a2	-17.860437	-14.40656
Oxsm	-13.909195	-10.455316999999999
Mllt11	-12.618188	-9.1643095
5033421B08Rik	-20.90496	-17.451083999999998
Nsl1	-17.349613	-13.895735
Trap1	-12.151432000000002	-8.697554
Itgb3bp	-13.132629000000001	-9.678751
Rexo1	-12.125865	-8.671987
Mfap1b	-11.902507	-8.448628
Col27a1	-12.305635	-8.851757000000001
E230016M11Rik	-15.786967	-12.333089
Metrnl	-12.300123	-8.846245
Gja6	-13.268692000000001	-9.814814
Nkain1	-19.806348999999997	-16.352472
Gm43189	-16.953716	-13.499839000000001
Zfp81	-13.271591	-9.817713000000001
Tmem159	-12.22429	-8.7704115
Dexi	-12.286838000000001	-8.832958999999999
G6pdx	-12.862583	-9.408705
Nbeal2	-15.235079999999998	-11.781201
BC031181	-10.70111	-7.247232
Nek8	-14.261171	-10.807293
Snx33	-13.311084	-9.857205
Ntsr2	-20.90496	-17.451083999999998
P2ry14	-15.093820999999998	-11.639942
Gm44190	-16.251001000000002	-12.797123
Gm28800	-19.295523	-15.841645000000002
Nit2	-12.58111	-9.127232000000001
Ncoa4	-11.778329	-8.324450500000001
Ccdc117	-12.709627000000001	-9.255749
Slc1a1	-16.522934	-13.0690565
B4galt4	-13.365402	-9.911524
Stc1	-13.736382	-10.282503
Lrrtm3	-14.245667000000001	-10.791789
Rwdd4a	-12.685097	-9.231218
Clec11a	-12.997678	-9.543799
Gm7694	-13.439878	-9.986
Gm15990	-20.211813	-16.757935999999997
Mettl5	-12.764646	-9.310767
Hmgb1	-9.21425	-5.7603717
Prss38	-19.295523	-15.841645000000002
Zfp995	-14.114864	-10.660986
8030462N17Rik	-12.69865	-9.244772
Zcchc12	-18.071747	-14.617869
Sars	-11.425587	-7.971709
Mbip	-12.885019	-9.431141
Pirb	-17.167292	-13.713413000000001
Rbbp9	-11.92102	-8.467141
Gm27184	-17.076319	-13.622441
Mrpl47	-13.299569	-9.845691
Drg2	-12.431511	-8.9776325
Gpn3	-12.553115	-9.0992365
D5Ertd605e	-18.602375	-15.148498000000002
Gm43024	-16.232132	-12.778253999999999
Zfpm2	-12.521299	-9.067421000000001
Vsig10l	-15.548375	-12.094497
Fxyd7	-13.156070000000001	-9.702191000000001
Gm31786	-17.470974	-14.017095999999999
Eno1b	-15.424322	-11.970444
Pnck	-11.8116045	-8.357726
Ptov1	-10.499427	-7.045549
Ribc1	-16.777826	-13.323948999999999
Tedc2	-14.938814	-11.484936
Lemd3	-12.897594	-9.443716
Sco1	-14.041158	-10.587278999999999
Gnpda1	-13.545492999999999	-10.091615
Myo18a	-11.990872	-8.536994
N4bp2l1	-14.795713000000001	-11.341835000000001
Vapb	-10.814455	-7.360577
Irak4	-13.431323999999998	-9.977446
Rnf144b	-13.441598	-9.98772
Fras1	-17.470974	-14.017095999999999
Gm12352	-20.211813	-16.757935999999997
Hipk3	-11.030439	-7.5765615
Pcdh9	-13.631867999999999	-10.17799
Gm29491	-19.806348999999997	-16.352472
Dcp1b	-13.132629000000001	-9.678751
Mul1	-12.951291000000001	-9.497413
Zfp37	-13.2006	-9.746721
Fosl1	-16.142785999999997	-12.688908999999999
Cblc	-15.999685999999999	-12.545808000000001
Rfc4	-13.8049345	-10.351056
Zp3	-20.90496	-17.451083999999998
Gm26642	-20.211813	-16.757935999999997
Ccdc150	-18.19691	-14.743032999999999
Azin2	-13.872337	-10.418459
Platr25	-13.522836999999999	-10.068958
Reln	-18.82552	-15.371642000000001
Rabep1	-11.445342	-7.991464
Fgf5	-16.474144	-13.020266000000001
Pcsk1	-20.211813	-16.757935999999997
Gm19522	-15.792973499999999	-12.339095
Stx5a	-11.774963	-8.321085
Timm29	-12.766396499999999	-9.312517999999999
Gm2026	-19.806348999999997	-16.352472
Adamts8	-12.293367	-8.839489
Btbd19	-15.548375	-12.094497
Akap17b	-12.552643	-9.098764
Morc2b	-18.602375	-15.148498000000002
Naaladl2	-14.017407999999998	-10.56353
2610318N02Rik	-20.211813	-16.757935999999997
F630028O10Rik	-20.90496	-17.451083999999998
Gm15510	-15.035665	-11.581786
Ptpn21	-11.807117	-8.353239
Cdkl5	-10.988656	-7.534778
Tmem128	-12.362685	-8.908807000000001
Atp6v1b1	-20.90496	-17.451083999999998
4921539H07Rik	-19.518665	-16.064789
Gm20467	-19.113201	-15.659324
Armh3	-13.930482000000001	-10.4766035
Gm29154	-18.01459	-14.560711999999999
Gm15342	-17.813917	-14.36004
Gramd3	-12.845369	-9.391491
4930412M03Rik	-17.860437	-14.40656
Rtl8a	-11.733361	-8.279483
Gm38412	-20.90496	-17.451083999999998
Dcps	-12.679725999999999	-9.225847
Atg101	-12.22582	-8.771941
Myl12a	-9.596652	-6.142774
Cables1	-12.620205	-9.1663265
Actl7b	-18.420053	-14.966176
Ddrgk1	-10.892754	-7.4388757
Urb2	-14.362489000000002	-10.908610000000001
Spg7	-11.657805999999999	-8.203928
Gm43713	-19.806348999999997	-16.352472
Adam1b	-19.518665	-16.064789
Dnajc1	-10.542625	-7.0887475
Maats1	-18.602375	-15.148498000000002
Tle5	-9.399796	-5.945918
Zswim6	-12.565222	-9.111343
Gm38335	-20.90496	-17.451083999999998
Atp1b3	-10.423934	-6.970056
Pxn	-12.894934	-9.441055
Psmb9	-15.124217999999999	-11.67034
Gm16853	-18.265903	-14.812026000000001
Wwp2	-9.969161	-6.515283
Gm2479	-18.707735	-15.253858
Syt6	-20.211813	-16.757935999999997
Gm17746	-17.076319	-13.622441
Gm50013	-18.132372	-14.678494
Eef1a1	-7.3591	-3.9052224
Gm8579	-17.860437	-14.40656
Slc17a8	-19.518665	-16.064789
Etnk1	-11.892584	-8.438705
Gm38004	-18.95905	-15.505172
Rmi1	-13.055636999999999	-9.601759
Gm15956	-16.86191	-13.408031
1110051M20Rik	-13.201954	-9.7480755
Cd83	-17.860437	-14.40656
Grem1	-16.160028	-12.706151
Zfp354b	-14.099238	-10.64536
Mrpl21	-11.363017999999999	-7.90914
Fgf16	-14.910998999999999	-11.457121
Adgra3	-12.039791000000001	-8.585913
Amdhd2	-13.324262	-9.870383
Suclg2	-11.232082	-7.778204400000001
Pnrc1	-10.023373	-6.5694947
Pitpnm1	-12.861619000000001	-9.407741
Wdr61	-11.666227000000001	-8.212349
Gm19605	-14.745866	-11.291986999999999
Papola	-10.95942	-7.505542299999999
Gm15396	-20.90496	-17.451083999999998
Gm48952	-20.211813	-16.757935999999997
Gm49894	-18.265903	-14.812026000000001
Pdgfa	-10.257277	-6.803398599999999
Hist1h2ap	-12.991439999999999	-9.537561
Gtf2a2	-11.028639	-7.574761
Ubxn11	-16.535513	-13.0816345
Gm26636	-19.518665	-16.064789
1700065D16Rik	-19.518665	-16.064789
Parp8	-12.312846	-8.858967999999999
Halr1	-19.806348999999997	-16.352472
Spag7	-11.128001	-7.674123299999999
Sppl3	-11.976851	-8.522973
Fut10	-13.683125500000001	-10.229247
Lrrc14b	-14.109256	-10.655377
Cd48	-19.113201	-15.659324
Tigd2	-12.353947	-8.900068
Pikfyve	-12.612663000000001	-9.158785
Epop	-16.628294	-13.174417000000002
Fhl2	-13.210114	-9.756235
Lyve1	-14.068701999999998	-10.614823
Nadk2	-13.097045	-9.643167
Cdh12	-18.132372	-14.678494
Gm17638	-18.265903	-14.812026000000001
Fdxacb1	-14.144546499999999	-10.690667999999999
Iigp1	-13.222017999999998	-9.768139999999999
Cfap45	-15.775063000000001	-12.321183999999999
Ubr5	-10.893427	-7.439549
Gm36423	-16.897627	-13.443748999999999
Gapdh	-9.128387	-5.6745095
Gm609	-18.707735	-15.253858
Ofd1	-13.3522	-9.898321000000001
2300009A05Rik	-12.095546	-8.641667
Pex10	-14.120504	-10.666625999999999
Tpst2	-12.818859	-9.364981
Abhd17b	-11.775614	-8.321735
Gnptab	-12.690496000000001	-9.236618
Gm14508	-17.537664000000003	-14.083787
Rif1	-11.670026	-8.216147
Ino80e	-12.035282	-8.581404
2810410L24Rik	-15.734476999999998	-12.280599
Cep57	-12.286114999999999	-8.832236
Zranb3	-14.452912	-10.999034
Slc10a3	-14.481714000000002	-11.027836
Vmn2r30	-18.707735	-15.253858
Cep250	-12.758252	-9.304374000000001
Ift46	-11.824388	-8.370509
Pitrm1	-12.253237	-8.799358
Dipk1b	-13.737151999999998	-10.283274
Gm2670	-20.90496	-17.451083999999998
1700123L14Rik	-17.537664000000003	-14.083787
Clec1a	-18.507065	-15.053187
Commd3	-11.084909	-7.631031500000001
Mpv17	-11.914394999999999	-8.460517
H19	-19.295523	-15.841645000000002
B3gntl1	-14.864707000000001	-11.410829
Mrpl36	-11.4593115	-8.005433
Zfp937	-14.511370999999999	-11.057492
Ap4m1	-13.042079	-9.588201
Lsm14a	-11.556252	-8.102373
Pml	-13.406092000000001	-9.952213
Tm9sf1	-12.358792	-8.904914
Msmb	-20.90496	-17.451083999999998
Olr1	-20.90496	-17.451083999999998
1700010I14Rik	-17.769466	-14.315589000000001
Zfp296	-16.777826	-13.323948999999999
Hpdl	-15.757466	-12.303588000000001
Zbtb11	-12.351822	-8.8979435
Eral1	-13.724129999999999	-10.270251
Rnf130	-11.548013000000001	-8.094134
Adgrl3	-17.686085000000002	-14.232207
Mettl9	-11.551733	-8.097855000000001
Btaf1	-12.233503	-8.779625
Gm14214	-20.211813	-16.757935999999997
Traf6	-13.191624	-9.737745
Slc23a3	-16.361666	-12.907788
Rpa1	-12.561645500000001	-9.107766999999999
2010204K13Rik	-16.383173	-12.929295
Vsig2	-17.216082	-13.762203
C77080	-14.536774	-11.082894999999999
Gm49227	-20.211813	-16.757935999999997
4930540M05Rik	-17.01314	-13.559262
Gm39459	-18.507065	-15.053187
Zfp516	-12.361711	-8.907832
Kif28	-20.211813	-16.757935999999997
A830018L16Rik	-18.340011999999998	-14.886134
Phf11c	-16.628294	-13.174417000000002
Slc23a1	-17.609123	-14.155246
S100b	-14.051662	-10.597783999999999
Gm31508	-19.806348999999997	-16.352472
Hoxa11os	-16.474144	-13.020266000000001
Mboat2	-13.680937	-10.227058
Arhgef12	-10.06813	-6.6142516
Chst2	-13.25813	-9.804252
Kcmf1	-11.201023	-7.747145
Isca2	-12.124635000000001	-8.670755999999999
Otor	-15.291832999999999	-11.8379545
Gm45250	-15.842366	-12.388488
4932422M17Rik	-14.941381	-11.487503
Gm15517	-19.295523	-15.841645000000002
Vps13b	-12.363271000000001	-8.909392
Adam9	-11.91789	-8.464011
Cnppd1	-12.446881	-8.993003
Gm26802	-11.298129	-7.844251
Zc3h14	-11.529869	-8.075991
Gm30177	-20.90496	-17.451083999999998
Togaram1	-12.546998	-9.093119999999999
Pex13	-12.374655	-8.920776
Snrnp25	-13.133894	-9.680016
Ogfod3	-12.522214	-9.068336
Snca	-18.265903	-14.812026000000001
Gm4129	-16.33025	-12.876371
Gm47644	-14.838853	-11.3849745
Wnt1	-19.113201	-15.659324
Myo7a	-15.805095000000001	-12.351216
Mta2	-12.450707000000001	-8.996829
Gm41505	-16.897627	-13.443748999999999
Qpct	-12.6086645	-9.154786
Gm14198	-20.211813	-16.757935999999997
Gm26935	-15.488860999999998	-12.034983
Vat1l	-19.295523	-15.841645000000002
Lrig1	-12.737608999999999	-9.283730499999999
Gm15787	-14.339696	-10.885817999999999
Arhgap28	-17.167292	-13.713413000000001
Pipox	-14.067628	-10.613749499999999
Hic1	-16.319994	-12.866116
Stard3	-12.784075	-9.330196
Etv5	-14.102567	-10.648688
Gm50136	-17.909226999999998	-14.45535
Dck	-14.658854500000002	-11.204976
Slc17a7	-17.960522	-14.506644
Pef1	-12.246615	-8.792736999999999
C230035I16Rik	-16.232132	-12.778253999999999
Alcam	-10.607439999999999	-7.153562
Col6a6	-13.888351	-10.434472999999999
Cdc42se1	-10.982603	-7.528725
Pde3a	-9.989073	-6.535195
Dpp4	-18.82552	-15.371642000000001
Map3k13	-15.078960999999998	-11.625083
Ccl7	-17.267374	-13.813497
Ltn1	-11.887963000000001	-8.434085000000001
Fancm	-13.717304	-10.263425999999999
Nop58	-11.616272	-8.162394
Gm13547	-20.90496	-17.451083999999998
B3galt1	-11.35772	-7.9038424
2210408F21Rik	-13.102752	-9.648873
Defb42	-17.216082	-13.762203
Lyrm4	-12.914045	-9.460167
Mkrn3	-17.076319	-13.622441
Eif2s1	-11.534119	-8.08024
Ptpdc1	-13.413316	-9.959437
Tacr1	-20.211813	-16.757935999999997
Snrpf	-10.664002	-7.210124499999999
Stab2	-19.806348999999997	-16.352472
D230022J07Rik	-15.436901	-11.983023
Pak6	-14.232928	-10.77905
Ext1	-10.692997	-7.2391190000000005
Gm49959	-18.071747	-14.617869
Tsc22d3	-12.595777	-9.141898
Dolk	-13.122570999999999	-9.668693
Miat	-19.806348999999997	-16.352472
Stambp	-12.132971000000001	-8.679092
Hdgfl3	-11.161349000000001	-7.707471400000001
Olfml2a	-12.691037	-9.237159
Fbxw7	-12.416785	-8.962907000000001
Hmga1	-14.426452	-10.972572999999999
Gm43625	-16.427623999999998	-12.973746
Stmn2	-17.860437	-14.40656
Copa	-10.644499	-7.190621000000001
Bex2	-17.120770999999998	-13.666893
Heyl	-10.939532	-7.4856544000000005
Rogdi	-13.098265	-9.644386
Shroom2	-16.405151	-12.951273
Gm28196	-18.602375	-15.148498000000002
2310015A16Rik	-14.048499	-10.594621
Rdh10	-13.395078	-9.941199000000001
Plin2	-12.228544	-8.774666
Pou2f3	-16.383173	-12.929295
Gm42679	-18.340011999999998	-14.886134
Ppp1r9b	-12.228886	-8.775007
Igsf11	-19.806348999999997	-16.352472
Serp2	-13.7023	-10.248422
Hspe1-rs1	-14.200547	-10.746669
Gm31641	-16.232132	-12.778253999999999
Usp49	-14.29292	-10.839042
Lrrc36	-17.470974	-14.017095999999999
Adcy5	-9.795533	-6.3416553
Gm29455	-20.90496	-17.451083999999998
Olfr691	-20.90496	-17.451083999999998
Erfe	-18.420053	-14.966176
Gm15627	-18.265903	-14.812026000000001
Pde7a	-12.452414	-8.998535
C030034L19Rik	-17.054813	-13.600935
8030442B05Rik	-17.860437	-14.40656
Klhdc8b	-11.660027000000001	-8.206147999999999
Kazn	-15.757466	-12.303588000000001
Gm16183	-19.806348999999997	-16.352472
Arhgap6	-12.152063	-8.698185
Klhl20	-13.034413	-9.580535000000001
Steap1	-17.537664000000003	-14.083787
Calhm6	-17.646864	-14.1929865
Acad8	-12.717939999999999	-9.264062
Dmac1	-11.47396	-8.0200815
Keap1	-11.544736	-8.0908575
Slc22a17	-13.20015	-9.746271
C530005A16Rik	-15.211229000000001	-11.757351
Bckdhb	-13.159958999999999	-9.70608
Hoxaas2	-13.476034	-10.022155999999999
Dio3	-18.82552	-15.371642000000001
BC037704	-16.992937	-13.539060000000001
Etf1	-11.483469	-8.029591
Atp6v1g1	-10.178658500000001	-6.7247806
Comtd1	-13.242964	-9.789085
Ciao3	-13.148766	-9.694887
Xlr	-14.850522	-11.396644
Gm36241	-18.95905	-15.505172
Tcf21	-15.420164000000002	-11.966286
Bcl2l10	-18.95905	-15.505172
Ehmt1	-11.722404	-8.268525
Sit1	-17.960522	-14.506644
Glb1l2	-13.8049345	-10.351056
Tecr	-10.3328495	-6.8789716
H2-T22	-12.635461	-9.181582
S1pr1	-15.420164000000002	-11.966286
D1Ertd622e	-12.820707	-9.366829
Bop1	-12.56977	-9.115891
Gm20522	-15.717575	-12.263697
Arhgap44	-12.700289999999999	-9.246411
Gm35867	-17.14376	-13.689882
Ucp1	-18.602375	-15.148498000000002
Trmu	-13.527826999999998	-10.073949
Bc1	-16.879607999999998	-13.425730999999999
B130024G19Rik	-14.733260000000001	-11.279382
Irf5	-15.586842	-12.132963
Prdx6	-10.853441	-7.3995633000000005
Mrpl35	-11.722609	-8.26873
Cep70	-13.672228	-10.218349
Slc13a3	-18.95905	-15.505172
Cflar	-11.338977	-7.885099
Ncapg2	-13.927679999999999	-10.473802000000001
Cyp2t4	-20.211813	-16.757935999999997
Amigo1	-13.776465	-10.322587
Lgalsl	-10.768974	-7.315096400000001
Srebf2	-11.416383	-7.962505
Magt1	-11.679634	-8.225756
Gm26674	-19.113201	-15.659324
A830005F24Rik	-17.19139	-13.737510999999998
Timmdc1	-13.253841	-9.799963
Gm10518	-20.90496	-17.451083999999998
Spata33	-15.266606	-11.812728
Ubald1	-13.250992000000002	-9.797113000000001
Egln3	-14.052719	-10.598841
Lrrc8b	-16.142785999999997	-12.688908999999999
Wdr18	-12.140595	-8.686717
Taf5l	-13.499466	-10.045588
Retreg3	-12.988883	-9.535005
Gm48163	-19.806348999999997	-16.352472
1700055D18Rik	-16.614501999999998	-13.160623999999999
Gm16124	-12.964733	-9.510855000000001
Gm48226	-13.687517999999999	-10.23364
Gm44577	-18.602375	-15.148498000000002
Cdc34	-12.338597	-8.884719
Oxt	-17.909226999999998	-14.45535
Dnajb2	-11.654055	-8.200175999999999
Col18a1	-8.823228	-5.36935
Gm1141	-17.572756	-14.118878
Armc5	-12.992905	-9.539026
Gm45767	-15.280944	-11.827065
Rab7b	-16.351084	-12.897206
Tax1bp1	-10.006611999999999	-6.552734
Hspbp1	-12.530023	-9.076144000000001
Aard	-16.299791	-12.845913000000001
Cyp2j6	-14.261171	-10.807293
Lamtor3	-11.23916	-7.7852817
Gm42161	-20.211813	-16.757935999999997
Rrp15	-12.517649	-9.06377
Lig4	-13.708275	-10.254396
Gm5106	-19.518665	-16.064789
Ttc32	-12.956576	-9.502697999999999
Gm35363	-20.211813	-16.757935999999997
Paqr6	-12.437589	-8.98371
Wdr11	-13.006179	-9.5523
Rbpms	-8.739231	-5.285353700000001
Tro	-14.278243	-10.824365
Tmem102	-20.211813	-16.757935999999997
Grm8	-20.211813	-16.757935999999997
Pth2r	-18.82552	-15.371642000000001
St8sia6	-20.211813	-16.757935999999997
Plek2	-18.82552	-15.371642000000001
Poc5	-13.244375	-9.790497
Whrn	-14.177529000000002	-10.723651
Pdlim5	-10.123986	-6.6701083
Elovl6	-14.543657999999999	-11.089780000000001
Cdnf	-14.686360999999998	-11.232483
Dntt	-20.90496	-17.451083999999998
Ndufa4	-9.179467	-5.7255898
9130023H24Rik	-14.593226000000001	-11.139348
Grk5	-12.623489999999999	-9.169611999999999
Olfr1555-ps1	-20.90496	-17.451083999999998
Gm12511	-19.518665	-16.064789
Mrpl30	-10.905982	-7.452103999999999
Masp1	-17.378601	-13.924723
Twnk	-13.839348000000001	-10.385469
Hmgn2	-11.697325	-8.243446
Itpr2	-13.724129999999999	-10.270251
Cnpy2	-10.64846	-7.1945825
Adgrg3	-20.90496	-17.451083999999998
Akap7	-12.296648	-8.84277
Ssbp4	-11.5647335	-8.110855
Fam229b	-14.036985999999999	-10.583108
Ctla2a	-16.574228	-13.12035
Spc25	-16.439053	-12.985175
Prom2	-20.90496	-17.451083999999998
Serpinb1a	-13.9417715	-10.487893
Gm20508	-19.113201	-15.659324
Cntnap3	-19.518665	-16.064789
Gabre	-12.777852000000001	-9.323974
2210406O10Rik	-16.794086	-13.340209
Cntf	-16.319994	-12.866116
P2ry10b	-15.786967	-12.333089
Arnt2	-16.844519000000002	-13.39064
Eif5a2	-13.118409	-9.664531
Kcnn3	-16.405151	-12.951273
Slc6a4	-19.806348999999997	-16.352472
Manf	-10.672602000000001	-7.218724000000001
Lysmd4	-13.813219	-10.359341
Zfp617	-13.289663000000001	-9.835785000000001
Robo4	-19.806348999999997	-16.352472
Nefh	-19.806348999999997	-16.352472
Dgkq	-13.674398000000002	-10.22052
Erp27	-16.270231	-12.816353999999999
Tmem167	-11.083714500000001	-7.629836599999999
Ager	-17.726907999999998	-14.273029000000001
Pstpip2	-17.2414	-13.787521
Gm14296	-13.774061999999999	-10.320184
Atad3a	-12.762897500000001	-9.309019000000001
Gm26671	-19.113201	-15.659324
Gpr45	-15.901015	-12.447137
BC030343	-17.909226999999998	-14.45535
Fndc8	-20.90496	-17.451083999999998
Wbscr25	-16.953716	-13.499839000000001
Sat2	-13.19655	-9.742672
Gaa	-11.64707	-8.193192
Rdh14	-12.162386999999999	-8.7085085
Fbxl6	-12.836245	-9.382366000000001
Rin1	-15.488860999999998	-12.034983
Sptlc2	-12.815172	-9.361294000000001
Akr1b8	-13.696360999999998	-10.242482
Fam83d	-17.267374	-13.813497
4930447F24Rik	-20.90496	-17.451083999999998
Synm	-11.186658999999999	-7.732781
6330403K07Rik	-13.644439000000002	-10.190560000000001
Tollip	-12.506777	-9.052897999999999
Inpp4b	-16.060774	-12.606895
Pet100	-11.686355	-8.232476
Cdc42ep4	-12.633412	-9.179534
Rcor1	-11.878424	-8.424545
Stxbp1	-12.479664	-9.025785
Fnbp1l	-12.647316	-9.193438
Ccdc158	-16.730574	-13.276695000000002
Gm12153	-18.071747	-14.617869
Sfrp1	-13.412757999999998	-9.958879
Vgll2	-15.035665	-11.581786
Actl10	-19.806348999999997	-16.352472
Ammecr1	-13.422842000000001	-9.968964
Enpep	-13.153916	-9.700038000000001
Gm15721	-14.724944	-11.271066000000001
Rbmx2	-12.995839	-9.541961
Ranbp3l	-18.602375	-15.148498000000002
Plekhh2	-12.90629	-9.452411999999999
Brd1	-11.276568	-7.8226905
Gm17080	-18.507065	-15.053187
Gm38843	-19.518665	-16.064789
Acan	-12.119728	-8.66585
Tmem17	-13.861801000000002	-10.407923
B930059L03Rik	-17.14376	-13.689882
Arl1	-10.458452000000001	-7.0045743
Mmp16	-12.891287	-9.437408
Dcaf1	-12.348932000000001	-8.895054
Ndufc1	-9.882813	-6.428935500000001
Prkar1b	-15.769163	-12.315285000000001
Cnmd	-17.769466	-14.315589000000001
Wtap	-12.023125	-8.569246000000001
Gm16568	-19.295523	-15.841645000000002
Ppp6c	-11.877342	-8.423464
Erich2	-18.707735	-15.253858
Six5	-12.902267	-9.448389
Gm26511	-17.686085000000002	-14.232207
Ppp1r7	-11.6587715	-8.204892999999998
Ip6k1	-11.957545	-8.503667
Ptgs2os2	-19.113201	-15.659324
Gm31447	-19.806348999999997	-16.352472
Pbdc1	-11.910169	-8.45629
Zmynd8	-12.157767999999999	-8.70389
Pappa	-15.403703	-11.949824000000001
Gm45051	-14.38729	-10.933411999999999
Utrn	-9.8003645	-6.3464865999999995
Tmem243	-12.920499000000001	-9.466619999999999
Rarg	-12.440747	-8.986869
Zfp46	-12.849169	-9.39529
9930004E17Rik	-17.321442	-13.867564000000002
Tmx4	-10.940519	-7.486641400000001
Ip6k3	-19.806348999999997	-16.352472
Plbd2	-11.730455000000001	-8.276577
Ube2e3	-11.338977	-7.885099
Magoh	-11.418353999999999	-7.9644759999999994
2900057B20Rik	-19.806348999999997	-16.352472
Mcm4	-13.187610000000001	-9.733731
Gm45470	-18.82552	-15.371642000000001
Gm12743	-15.769163	-12.315285000000001
Dkk1	-15.371572	-11.917693
Prkra	-12.3006735	-8.846795
Itga7	-11.275910000000001	-7.8220325
Rad17	-12.1641445	-8.710266
Myo5b	-19.806348999999997	-16.352472
A430105J06Rik	-16.64228	-13.188403
Dph3	-10.873652	-7.4197745
1810065E05Rik	-19.113201	-15.659324
Ptpn18	-16.02216	-12.568280999999999
Parm1	-11.848472000000001	-8.394592999999999
Scn4a	-18.507065	-15.053187
Gusb	-11.929837	-8.475959
Ddx49	-12.578444500000002	-9.124566
Selenok	-9.795487	-6.3416095
Prr13	-12.128948	-8.67507
Slc35e4	-12.676517500000001	-9.222639
Golga7	-11.92127	-8.467392
Pigz	-15.663214000000002	-12.209335000000001
Aox1	-13.233601	-9.779722
Tspan31	-11.790251	-8.336372
Gm32885	-18.507065	-15.053187
Pfdn6	-11.16217	-7.708292500000001
Ccer1	-18.19691	-14.743032999999999
Sfr1	-9.880546	-6.4266677
Cdca5	-18.602375	-15.148498000000002
Llgl2	-14.750103	-11.296225
Nae1	-11.520247	-8.066369
Col26a1	-19.113201	-15.659324
AI597479	-12.702205000000001	-9.248325999999999
Rragb	-14.334078	-10.880199000000001
Gm16867	-14.696371	-11.242493
S1pr2	-14.64347	-11.189591
Relt	-16.777826	-13.323948999999999
Ece2	-14.457654999999999	-11.003777000000001
Crybg1	-16.64228	-13.188403
Cd2bp2	-12.700289999999999	-9.246411
Pcnx3	-12.885019	-9.431141
Pspc1	-12.613164	-9.159286
Cox6b1	-9.685829	-6.2319517
Izumo1	-17.537664000000003	-14.083787
Klhdc2	-11.497492999999999	-8.043614
Ikzf2	-12.881409	-9.42753
Irx3os	-18.82552	-15.371642000000001
Ppfia2	-17.470974	-14.017095999999999
Ctnnd2	-16.02216	-12.568280999999999
Tfr2	-18.132372	-14.678494
9630013D21Rik	-16.810616	-13.356738
Mospd1	-12.924253	-9.470375
Lypd6	-16.204481	-12.750603
Tcim	-13.958947	-10.505069
Olfr1030	-18.265903	-14.812026000000001
Rhov	-19.806348999999997	-16.352472
Tmem173	-16.045149	-12.59127
Gm10775	-19.295523	-15.841645000000002
Rpl15	-8.486922999999999	-5.0330453
Gm43646	-17.960522	-14.506644
Ing5	-12.405321	-8.951443
Sos1	-12.388368	-8.934489
Adamtsl3	-12.101536999999999	-8.647658
Gm44773	-19.295523	-15.841645000000002
Dgat2	-15.016084	-11.562205
Ccdc63	-17.609123	-14.155246
Prkaa2	-11.957935	-8.504057000000001
Smim27	-11.257528	-7.8036504
Ndufs2	-10.728969000000001	-7.275090700000001
Parp1	-11.993835	-8.539957000000001
Uchl5	-12.146706	-8.692827000000001
Phf24	-16.416325	-12.962446
Apip	-11.739096	-8.285217
Lmod3	-14.53849	-11.084612
AU019990	-20.211813	-16.757935999999997
Insig1	-12.381587	-8.927709
Itga5	-10.818485	-7.3646073
Depdc5	-13.407754	-9.953876
Asxl3	-16.462309	-13.008431
Fuz	-12.231961	-8.778083
Map3k11	-14.005239000000001	-10.55136
Rnf113a1	-14.569907	-11.116029
Car8	-18.420053	-14.966176
Tbata	-20.211813	-16.757935999999997
Gpr176	-17.470974	-14.017095999999999
Mmaa	-13.020008	-9.566130000000001
Vmn1r84	-20.211813	-16.757935999999997
Gm12602	-18.01459	-14.560711999999999
Impa2	-14.020473999999998	-10.566596
Pdzd2	-12.016894	-8.563016000000001
Gm47230	-20.211813	-16.757935999999997
Ampd3	-14.531641	-11.077763000000001
Dguok	-11.514301	-8.060423
Styxl1	-17.860437	-14.40656
CAAA01118383.1	-12.431302	-8.977424000000001
Ddr2	-10.637213000000001	-7.1833350000000005
Fgf18	-16.309841	-12.855963000000001
Banf2os	-19.806348999999997	-16.352472
Fra10ac1	-11.690927499999999	-8.237049
Slc9a7	-20.90496	-17.451083999999998
Ogfr	-12.917776	-9.463898
Med11	-13.280342000000001	-9.826464
Tsr2	-12.802677000000001	-9.348799
Rhbdl1	-14.29292	-10.839042
Sycp3	-17.860437	-14.40656
Tekt3	-17.267374	-13.813497
Narf	-12.645245	-9.191366
Snx5	-12.068586999999999	-8.614709
Hars	-11.899801	-8.445922999999999
C4b	-15.728810999999999	-12.274933
Trac	-18.265903	-14.812026000000001
Ergic2	-11.504662	-8.050783000000001
Nkx2-5	-17.2414	-13.787521
Fam110b	-12.030653	-8.576775
Mfsd2a	-17.439224	-13.985347
Tlcd2	-13.996205999999999	-10.542328
Smagp	-16.777826	-13.323948999999999
Gm31152	-18.265903	-14.812026000000001
Mapk10	-20.90496	-17.451083999999998
Rbm34	-12.637769	-9.18389
Clec16a	-13.416108	-9.96223
Rabl3	-14.009278	-10.5554
Myo6	-12.655125	-9.201246000000001
Zfp768	-13.0603285	-9.60645
Ddx5	-8.689408	-5.235531
Senp8	-14.151523999999998	-10.697645
Zfp112	-14.335479999999999	-10.881601
Spaca9	-18.132372	-14.678494
Gm47447	-18.420053	-14.966176
Eid1	-10.163858	-6.7099804999999995
Rabep2	-13.081315	-9.627436999999999
Oscp1	-13.546767000000001	-10.092889
Ndufaf5	-13.570632000000002	-10.116754
Mrpl34	-11.0787325	-7.6248546
Iars2	-11.61341	-8.159532
Me1	-11.4201	-7.9662223
Rmdn3	-12.982338	-9.52846
Gm9780	-16.474144	-13.020266000000001
Nt5dc3	-13.546129999999998	-10.092252
Mtrf1l	-12.975114999999999	-9.521236
4930515G01Rik	-17.2414	-13.787521
Zfp365	-12.699197	-9.245318
Catip	-16.319994	-12.866116
Tcf19	-14.086037	-10.632158
Dgat1	-13.186720000000001	-9.7328415
Ankrd1	-12.659576	-9.205698
Col9a2	-18.340011999999998	-14.886134
Tagap1	-14.194438	-10.74056
Rhou	-13.159526000000001	-9.705647
Tex22	-20.211813	-16.757935999999997
Efr3b	-14.381398999999998	-10.927521
D830025C05Rik	-14.009278	-10.5554
Glis3	-15.081914999999999	-11.6280365
Noc2l	-12.616176	-9.162297
Gm16973	-14.901074	-11.447196
AW112010	-17.769466	-14.315589000000001
Gm49271	-18.95905	-15.505172
Gstm2	-10.395575	-6.9416966
Olfr328	-15.371572	-11.917693
Vwa8	-13.069777499999999	-9.615899
1700056N10Rik	-15.805095000000001	-12.351216
Gm17234	-20.90496	-17.451083999999998
Lin37	-12.890295	-9.436417
Zfp160	-12.765229	-9.311351
Ncapd3	-13.180514000000002	-9.726636
Tgds	-13.560242	-10.106363
Add2	-20.90496	-17.451083999999998
Slc25a39	-11.379007000000001	-7.925129400000001
3830408C21Rik	-15.769163	-12.315285000000001
4930445N18Rik	-17.14376	-13.689882
Tmem179b	-12.375642	-8.921763
Gm31728	-17.686085000000002	-14.232207
Capn11	-18.132372	-14.678494
Gm44812	-17.860437	-14.40656
Shroom3	-12.070041999999999	-8.616163
Rps3a1	-7.8783927	-4.4245152
Rgp1	-13.300564999999999	-9.846686
Nrgn	-12.317682000000001	-8.863804
Rp9	-10.907209	-7.4533315
Gpr84	-18.19691	-14.743032999999999
Borcs6	-12.571931	-9.1180525
Paqr5	-20.211813	-16.757935999999997
Polr2i	-11.173449	-7.719570599999999
Zfp973	-14.305091000000001	-10.8512125
Dnajc14	-12.360930999999999	-8.907053
Gm15958	-19.518665	-16.064789
Nme5	-14.488229	-11.03435
Lax1	-14.931151000000002	-11.477273
9330162012Rik	-16.279987	-12.82611
Rps2	-8.319042	-4.8651643
Trim12c	-12.887653	-9.433775
Eno2	-14.557572	-11.103694
BC049715	-17.120770999999998	-13.666893
Dtymk	-11.619606	-8.165728
Gm50071	-16.628294	-13.174417000000002
Cxcr2	-17.572756	-14.118878
D11Wsu47e	-14.46083	-11.006950999999999
L1td1	-19.518665	-16.064789
F830016B08Rik	-18.82552	-15.371642000000001
Gm3435	-15.921354000000001	-12.467476
Sapcd2	-20.211813	-16.757935999999997
8030423F21Rik	-18.95905	-15.505172
Fbxo45	-13.284745999999998	-9.830867999999999
Gria1	-13.587085	-10.133206
Efl1	-12.747591	-9.293713
Lims2	-9.950285000000001	-6.496407
Epb41l5	-13.13516	-9.681282000000001
Nr1d2	-11.398822000000001	-7.9449440000000005
9230111E07Rik	-16.26057	-12.806692
Abtb2	-12.560694	-9.106815
Kxd1	-11.576216	-8.122337
Fgfbp3	-14.678425	-11.224546
Scd3	-19.518665	-16.064789
Ctns	-13.734841000000001	-10.280963
Tmem87a	-12.661416000000001	-9.207538000000001
Tarbp1	-14.114864	-10.660986
Cox8b	-20.90496	-17.451083999999998
1600002D24Rik	-20.90496	-17.451083999999998
Ptcra	-17.349613	-13.895735
Lamb3	-20.211813	-16.757935999999997
Atad2	-12.499594	-9.045715
Has2os	-19.295523	-15.841645000000002
Eif3f	-10.003326	-6.5494485000000005
Ifnz	-20.211813	-16.757935999999997
Mmachc	-14.301018	-10.847139
Snx32	-13.316637	-9.862759
Arid5b	-9.57066	-6.116782
Cox7c	-8.7111225	-5.257244999999999
4933425L06Rik	-19.113201	-15.659324
Ficd	-13.284745999999998	-9.830867999999999
S100a1	-10.670264999999999	-7.216387299999999
A830052D11Rik	-16.64228	-13.188403
Zfp385a	-14.020473999999998	-10.566596
Vps37d	-13.733304	-10.279425999999999
Tll1	-20.90496	-17.451083999999998
Tob2	-10.399811999999999	-6.945933999999999
Slc4a3	-11.5123825	-8.058504
Abcc6	-18.82552	-15.371642000000001
Cep97	-13.279854	-9.825975
Tmem198	-15.174860999999998	-11.720983
Pkia	-11.896248	-8.442369
Csde1	-9.719679	-6.265801000000001
Ulk1	-12.621972	-9.168094
Lsm4	-11.094631	-7.640753299999999
Gm47972	-18.132372	-14.678494
Slc35b4	-12.698105	-9.244226
Mterf1a	-14.841176	-11.387298
Cdk2ap1	-12.435489	-8.98161
Rdm1	-12.057314	-8.6034355
Ffar4	-15.270171	-11.816293
2410131K14Rik	-13.609904	-10.156025999999999
1110002J07Rik	-20.211813	-16.757935999999997
BC065403	-17.726907999999998	-14.273029000000001
Tbc1d31	-14.727017000000002	-11.273139
Arhgap21	-12.153487	-8.699608999999999
Gm9951	-12.911004	-9.457125999999999
Gm49064	-17.054813	-13.600935
Lrrc19	-19.806348999999997	-16.352472
Scp2	-10.097316000000001	-6.643438000000001
Mpv17l2	-11.811154	-8.357275999999999
Vps53	-12.238142	-8.784264
Pcnx	-11.643832000000002	-8.189954
6030458C11Rik	-12.954811	-9.500933
Gm13568	-20.90496	-17.451083999999998
Maoa	-12.336314999999999	-8.882437
4930522L14Rik	-13.515397	-10.061519
Gm45792	-20.211813	-16.757935999999997
Zbtb32	-19.806348999999997	-16.352472
3830406C13Rik	-11.977382	-8.523503
Fam83e	-17.19139	-13.737510999999998
Ppargc1a	-13.813219	-10.359341
Dock2	-18.707735	-15.253858
Rhobtb1	-10.635685	-7.181807000000001
Msantd2	-12.73195	-9.278071
Itm2c	-10.557172999999999	-7.103295
Gm47162	-19.806348999999997	-16.352472
Itgam	-17.960522	-14.506644
Slc46a2	-16.953716	-13.499839000000001
ETV3L	-20.90496	-17.451083999999998
Hsph1	-10.4703455	-7.0164675999999995
Rab2a	-10.000492999999999	-6.546615
Eef2kmt	-12.632646000000001	-9.178767
Snip1	-12.946034	-9.492156
Fmnl1	-18.420053	-14.966176
Naxd	-11.397707	-7.943828999999999
Galm	-13.934231	-10.480352
Socs1	-13.356932999999998	-9.903054
Acad12	-14.342517	-10.888638499999999
Naip2	-19.806348999999997	-16.352472
Serpinb9	-12.194342	-8.740463
Serpinb8	-13.422279000000001	-9.968401
Sgcg	-10.18154	-6.727661599999999
Gm15635	-19.806348999999997	-16.352472
Cyb5d1	-14.696371	-11.242493
Gm37896	-20.90496	-17.451083999999998
Slc1a2	-15.823557000000001	-12.369678500000001
Anxa11	-10.476923	-7.023045
Plaat3	-12.460984	-9.007106
Epb41l2	-11.65771	-8.203832
Stk32a	-15.391532999999999	-11.937654499999999
Ccdc15	-13.892845999999999	-10.438968
Gsdmc4	-20.90496	-17.451083999999998
Pitpnm3	-13.197000000000001	-9.743121
Eva1a	-13.470114	-10.016235
Gm21781	-15.868008999999999	-12.41413
Mthfs	-13.2533655	-9.799487
Gm36037	-18.507065	-15.053187
Arsi	-18.132372	-14.678494
Esyt3	-19.518665	-16.064789
Hist1h4b	-18.132372	-14.678494
Gm14488	-14.267703	-10.813825
Tescl	-20.211813	-16.757935999999997
Ccdc134	-13.440451999999999	-9.986573
Klrk1	-20.90496	-17.451083999999998
Enkd1	-14.1739435	-10.720065
Asb1	-13.3201885	-9.86631
Mzt1	-12.398626	-8.944747999999999
Gm30984	-14.898608	-11.44473
Tmem255b	-18.265903	-14.812026000000001
Gm13446	-14.658854500000002	-11.204976
Rbms3	-10.390187	-6.9363093
Dis3l	-13.489785999999999	-10.035908000000001
Lbh	-10.543068	-7.089189999999999
Tmem88b	-18.82552	-15.371642000000001
Gm4787	-16.548251999999998	-13.094374
Gm33016	-20.90496	-17.451083999999998
Cavin1	-9.427247999999999	-5.9733706
Zfp820	-14.611542000000002	-11.157663000000001
Wdr44	-12.088849	-8.634971
Atat1	-12.881082000000001	-9.427203
2700097O09Rik	-13.410531	-9.956653
Tceal5	-14.111495000000001	-10.657617
Vdr	-17.572756	-14.118878
Ndufs6	-10.181496000000001	-6.7276177
Cnr2	-18.507065	-15.053187
Gpx4	-9.435423	-5.981545400000001
Six2	-16.232132	-12.778253999999999
Lurap1l	-14.31466	-10.860782
U2af1l4	-11.898575	-8.444696
Acad10	-15.187934	-11.734055499999998
Gm20753	-18.707735	-15.253858
Ramp3	-19.806348999999997	-16.352472
Zfp119a	-14.071929999999998	-10.618052
Iglon5	-14.893694	-11.4398155
Hscb	-13.002474000000001	-9.548594999999999
Efcab3	-18.132372	-14.678494
Piezo1	-13.467754000000001	-10.013876
Nyap2	-20.90496	-17.451083999999998
Pla2g4f	-20.211813	-16.757935999999997
Gm9725	-17.14376	-13.689882
Rflnb	-13.686785	-10.232906
Zbtb34	-14.169181	-10.715302000000001
Ppp1r18	-11.558692	-8.104814
Eya3	-13.420592000000001	-9.966714
Gm48770	-19.518665	-16.064789
Dis3l2	-13.459543	-10.005664999999999
Mrps18c	-11.413057	-7.959179400000001
Dgcr2	-12.254987	-8.801108000000001
Dhcr24	-12.880099000000001	-9.426221
Gm15533	-19.113201	-15.659324
Rps6kl1	-20.90496	-17.451083999999998
Zdhhc24	-14.978035	-11.524157
Dnajc5	-11.560177000000001	-8.106297999999999
Adcy8	-16.992937	-13.539060000000001
Plk2	-13.631867999999999	-10.17799
Zfp35	-13.467166	-10.013288000000001
Gm12714	-18.19691	-14.743032999999999
Akt2	-11.668368	-8.21449
Psme4	-11.261929499999999	-7.808051600000001
Csnk1e	-11.472278	-8.018399
Gm29670	-18.95905	-15.505172
Cdc20	-15.616694	-12.162816000000001
8430419K02Rik	-16.351084	-12.897206
Tcf23	-16.897627	-13.443748999999999
Ldlrap1	-12.815785	-9.361907
Zfp14	-14.329885500000001	-10.876007000000001
Gm50336	-17.860437	-14.40656
Ttc3	-10.241136000000001	-6.7872577000000005
Hmg20b	-10.885871	-7.431992999999999
Cdkal1	-12.468761	-9.014883
Dusp7	-12.665894999999999	-9.212017
Eif4e3	-12.384772	-8.930894
Gm45892	-20.90496	-17.451083999999998
Inpp5a	-10.92683	-7.4729524000000005
Gm44672	-18.95905	-15.505172
C230072F16Rik	-20.90496	-17.451083999999998
Letmd1	-13.077322	-9.623444000000001
Golga2	-12.044178	-8.5903
Dhx38	-12.718496	-9.264617999999999
Mcm9	-13.742564000000002	-10.288686
Ccl25	-13.897360999999998	-10.443482000000001
Syce2	-14.363931	-10.910052
Gm32950	-18.602375	-15.148498000000002
Rhoq	-10.610615	-7.156737
Hectd2os	-15.2146015	-11.760722999999999
Slc35f4	-20.211813	-16.757935999999997
B230319C09Rik	-16.045149	-12.59127
Clk2	-12.735342	-9.281464
Ccdc107	-10.417527	-6.9636493
Gm48503	-17.439224	-13.985347
Ppih	-13.314109	-9.86023
Rbms1	-11.223991999999999	-7.7701144
Csf1r	-16.168762	-12.714885
Tmem135	-12.831246	-9.377367999999999
Eftud2	-12.48142	-9.027541000000001
4933429H19Rik	-16.510510999999997	-13.056633999999999
Ppip5k2	-13.568676000000002	-10.114798
Zfp775	-13.682395000000001	-10.228517
Sec61g	-9.415888	-5.96201
Itgb1	-8.187008	-4.7331305
Cnp	-13.577838	-10.12396
Aspscr1	-12.483619000000001	-9.029739999999999
Hkdc1	-20.211813	-16.757935999999997
Klf2	-10.843658	-7.3897805
Gm39363	-20.211813	-16.757935999999997
Tmem47	-10.207644	-6.753766499999999
Atp6v0d2	-18.132372	-14.678494
Hand1	-17.609123	-14.155246
Cartpt	-19.806348999999997	-16.352472
Ccdc190	-17.378601	-13.924723
R3hdm4	-11.7428665	-8.288988
Eya1	-18.82552	-15.371642000000001
Gm47772	-17.294043	-13.840164999999999
9330159M07Rik	-13.752692000000001	-10.298814
Gm5544	-19.113201	-15.659324
Lrrc34	-20.90496	-17.451083999999998
Gfi1	-20.211813	-16.757935999999997
Lratd1	-13.105207	-9.651328999999999
Plekhd1	-19.806348999999997	-16.352472
Fto	-11.757133999999999	-8.303256
Pcdhga1	-16.897627	-13.443748999999999
Bmp5	-18.132372	-14.678494
Ppp3r1	-11.811378999999999	-8.357501
Depdc7	-16.241522	-12.787643
Washc5	-12.959760000000001	-9.505881
Phb2	-11.293097	-7.839218600000001
Ntan1	-10.941461	-7.487582700000001
Eif4enif1	-12.022292	-8.568414
Ccdc146	-14.472021	-11.018142999999998
Tusc1	-11.964594	-8.5107155
Gm5577	-16.372362	-12.918484
Asb6	-13.176105499999998	-9.722227
Evl	-13.918395	-10.464516999999999
Rps27	-8.151819	-4.697941999999999
Gm8817	-20.211813	-16.757935999999997
Atxn7	-12.178156	-8.7242775
Eif2d	-12.693479	-9.2396
Plk4	-13.631867999999999	-10.17799
Drg1	-11.920895	-8.467016000000001
Abca4	-19.295523	-15.841645000000002
Mapk8ip2	-18.602375	-15.148498000000002
Ssrp1	-11.370583	-7.9167047
C230013L11Rik	-15.211229000000001	-11.757351
Elmod3	-13.509239	-10.055361
Gadd45a	-13.478413	-10.024534
Gtf2h3	-13.48678	-10.032902
Prr15l	-20.211813	-16.757935999999997
Nfasc	-15.706464000000002	-12.252585
Slc48a1	-10.767944	-7.314066400000001
Lypd1	-18.132372	-14.678494
Tomm20	-10.427138000000001	-6.973260400000001
Gpr37l1	-18.82552	-15.371642000000001
Suv39h1	-13.916548	-10.462669
Ift88	-13.000996	-9.547117
Gm14022	-19.113201	-15.659324
1700016J18Rik	-17.813917	-14.36004
Dpt	-13.688251500000002	-10.234373
Pycr2	-12.123097999999999	-8.66922
Gm13848	-19.806348999999997	-16.352472
Asrgl1	-12.380197	-8.926317999999998
Slc24a1	-19.113201	-15.659324
Gimap1	-18.602375	-15.148498000000002
5730435O14Rik	-20.90496	-17.451083999999998
Ahsg	-17.813917	-14.36004
Gm30400	-20.90496	-17.451083999999998
Gm16938	-19.806348999999997	-16.352472
Capn13	-17.167292	-13.713413000000001
9830144P21Rik	-18.82552	-15.371642000000001
Kif13b	-12.310807	-8.856929
Phactr1	-11.052556	-7.598678
Twf1	-11.491843	-8.037965
Ifi27	-10.002792	-6.5489144
Marc2	-10.9943495	-7.5404716
Fgfr1	-10.800453	-7.3465753
Junb	-10.219652	-6.7657743
Gm41556	-17.646864	-14.1929865
Tmed1	-11.956375	-8.502497
B230219D22Rik	-10.053898	-6.60002
Prmt3	-13.474254	-10.020375
Sulf1	-10.372066	-6.918187599999999
Aldoa-1	-18.82552	-15.371642000000001
2610008E11Rik	-12.752763	-9.298884
4933406P04Rik	-16.060774	-12.606895
Irf8	-17.349613	-13.895735
Gm16055	-20.90496	-17.451083999999998
Pnp	-12.017999999999999	-8.564121
Calr	-9.521939	-6.0680614
Carns1	-12.465946	-9.012068
Polr2j	-11.117277	-7.663399000000001
Gm36660	-16.22283	-12.768951
Preb	-12.179779	-8.725901
Creg2	-15.013317	-11.559439
Atg4b	-12.467461	-9.013582000000001
Gm36371	-15.007807999999999	-11.553929
Hist1h2bm	-18.071747	-14.617869
Ttll13	-16.450613	-12.996736
Rab6a	-10.834689	-7.3808110000000005
Abcb10	-13.118825	-9.664947
Tnnt2	-11.879145	-8.425266
Gata3	-14.561081	-11.107203
Cand2	-14.03907	-10.585192
Chfr	-12.519929	-9.066051
Pgap2	-12.694837	-9.240958000000001
Corin	-15.538985	-12.085107
Gm31019	-17.960522	-14.506644
Gm10277	-17.960522	-14.506644
Pole3	-12.219545	-8.765667
Gm12256	-20.90496	-17.451083999999998
Rgl3	-14.270328	-10.816449
Wdr76	-13.924885	-10.471006
Sh3bp4	-12.872276	-9.418398
Pnmal2	-15.428497	-11.974619
Il11ra1	-9.83346	-6.379582
Naga	-12.514692	-9.060814
Mybphl	-19.295523	-15.841645000000002
Coprs	-13.519731	-10.065852
Zfp972	-17.860437	-14.40656
Gm13861	-11.895391	-8.441513
Sugp2	-13.299569	-9.845691
Hist1h4k	-19.518665	-16.064789
Asprv1	-17.609123	-14.155246
Rprm	-20.211813	-16.757935999999997
Lats1	-11.801427	-8.3475485
Zfp536	-17.216082	-13.762203
Copz2	-10.666324000000001	-7.212445699999999
Wdr17	-16.879607999999998	-13.425730999999999
Gm13256	-19.113201	-15.659324
Ankrd63	-20.90496	-17.451083999999998
Gprc5b	-15.158757999999999	-11.704880000000001
Mlst8	-14.207927	-10.754048
Smpdl3b	-15.255987	-11.802109
Asb17os	-20.211813	-16.757935999999997
Snrpb2	-11.638146	-8.184268
Zfp207	-11.548964	-8.095085000000001
Slc19a1	-13.935170000000001	-10.481292
Igha	-20.90496	-17.451083999999998
Rsph9	-13.05759	-9.603711
Gm44386	-19.806348999999997	-16.352472
Anxa4	-11.719016	-8.265138
4732414G09Rik	-14.923547	-11.469667999999999
Lss	-13.598429999999999	-10.144551
Hikeshi	-11.472838000000001	-8.01896
Tnfrsf19	-15.823557000000001	-12.369678500000001
1810009A15Rik	-13.104797999999999	-9.65092
Sap18	-10.873211999999999	-7.419333999999999
Agmo	-16.600895	-13.147017499999999
Kctd9	-13.317144	-9.863266000000001
Gm27200	-20.211813	-16.757935999999997
Yy1	-10.781897	-7.3280187
Cited4	-14.324322	-10.870443
6720489N17Rik	-14.334078	-10.880199000000001
Clstn2	-20.211813	-16.757935999999997
Slc35c2	-12.918117	-9.464238
Tmem177	-14.397682999999999	-10.943805000000001
Gm16170	-18.602375	-15.148498000000002
Mtmr7	-14.752229000000002	-11.29835
G630030J09Rik	-17.686085000000002	-14.232207
Actc1	-14.406679	-10.952801
Rabgef1	-12.175726	-8.721848
Tmx2	-12.503853	-9.049974
Acer3	-12.604184	-9.150306
Smap2	-12.5263405	-9.072462
Fam47e	-14.698385	-11.244507
Mrps18b	-12.414728	-8.96085
Trim30a	-16.474144	-13.020266000000001
Olfr24	-20.211813	-16.757935999999997
Gm47040	-20.211813	-16.757935999999997
Ncs1	-12.469846	-9.015967
Il2ra	-20.211813	-16.757935999999997
Kcnip3	-16.522934	-13.0690565
Psmg1	-12.423395	-8.969517
4930403P22Rik	-14.684370999999999	-11.230493
Tmem106a	-14.879095000000001	-11.425217
Gprc5d	-19.113201	-15.659324
Gm9828	-15.935148000000002	-12.48127
1600012H06Rik	-12.741305	-9.287427000000001
Mroh5	-18.82552	-15.371642000000001
Sept8	-11.965905000000001	-8.512027
Cdc25c	-18.95905	-15.505172
Midn	-12.200956	-8.747078
Icam5	-17.503763	-14.049885999999999
Far1	-11.472838000000001	-8.01896
Traip	-16.405151	-12.951273
Pax6	-19.295523	-15.841645000000002
Ppa2	-12.142785	-8.688907
Stxbp2	-14.941381	-11.487503
C86187	-19.295523	-15.841645000000002
Rpl19	-8.142661	-4.6887836
Ahnak2	-10.534004	-7.080126299999999
Gm38973	-16.109170000000002	-12.6552925
Sptssb	-18.707735	-15.253858
Ggta1	-12.810583	-9.356705
D330050I16Rik	-15.949133999999999	-12.495255
Tirap	-13.225247	-9.771369
Icos	-20.90496	-17.451083999999998
Cd164l2	-18.507065	-15.053187
Sprr1a	-18.602375	-15.148498000000002
Uqcrfs1	-11.146789	-7.6929107000000005
BC048507	-18.340011999999998	-14.886134
Cideb	-17.646864	-14.1929865
Cenpi	-17.2414	-13.787521
Ppp2r2d	-11.412228	-7.9583497
Map2k5	-12.910328999999999	-9.45645
Pank3	-12.080578	-8.626699
Fbxo6	-12.237969	-8.784091
Galns	-14.250809	-10.79693
Lin28b	-19.518665	-16.064789
Tent4a	-12.130958	-8.677078999999999
Ndufv1	-11.067881	-7.6140027
9330198I05Rik	-19.806348999999997	-16.352472
Map3k5	-12.115911	-8.662032
Gm39321	-20.90496	-17.451083999999998
Gm40910	-19.295523	-15.841645000000002
Lrrc23	-20.90496	-17.451083999999998
Herc6	-13.408309	-9.954431
Irgq	-13.096231	-9.642353
4933421O10Rik	-13.442172	-9.988294
Gm37328	-17.03376	-13.579882000000001
Rasgef1a	-15.868008999999999	-12.41413
Rad54b	-17.726907999999998	-14.273029000000001
Hus1	-13.379321	-9.925443
Hist1h2bl	-20.211813	-16.757935999999997
Gm5532	-15.158757999999999	-11.704880000000001
Gm44199	-19.806348999999997	-16.352472
Pard3b	-11.896003	-8.442124
Pop4	-13.015502	-9.561624
Gm36279	-18.82552	-15.371642000000001
Bfsp2	-18.507065	-15.053187
Pcdhga3	-15.942117000000001	-12.488238
Pde4dip	-10.504159	-7.050281
Ajuba	-14.11374	-10.659862
Smco4	-11.725905000000001	-8.272027
Ankrd7	-20.211813	-16.757935999999997
Rrm1	-13.000627	-9.546748
Alkbh6	-12.339169	-8.88529
Oas2	-20.211813	-16.757935999999997
Galnt1	-10.931108	-7.477230499999999
Gtf2h1	-12.232989	-8.779111
Gm12811	-20.90496	-17.451083999999998
Wbp1	-11.946421	-8.492542
Gm12503	-16.973135	-13.519257999999999
Smad9	-12.943591	-9.489713
Mier3	-12.253411999999999	-8.799534
Dpy19l4	-12.474634	-9.020756
1700028K03Rik	-18.132372	-14.678494
Arf4os	-16.416325	-12.962446
Gm10382	-15.181376	-11.727497999999999
Mast2	-12.1963215	-8.742443
1700001O22Rik	-15.124217999999999	-11.67034
3110083C13Rik	-19.295523	-15.841645000000002
Hook1	-17.14376	-13.689882
Ccs	-11.598856	-8.144978
Itgav	-11.125791	-7.671912700000001
Sys1	-11.500453	-8.046575
Hes6	-12.818551	-9.364673
Tcea1	-10.737188	-7.2833104
Hirip3	-12.893938	-9.44006
Gm34030	-14.093717000000002	-10.639838000000001
BC028777	-19.518665	-16.064789
Krcc1	-11.033635	-7.579757000000001
Rbm20	-14.468810999999999	-11.014933000000001
Aurka	-16.450613	-12.996736
Rbfaos	-19.518665	-16.064789
Eif2ak4	-13.256222	-9.802342999999999
Tnc	-11.28636	-7.832482000000001
Cdk13	-11.668856	-8.214977000000001
Fndc9	-18.707735	-15.253858
Folr2	-16.289839999999998	-12.835962
Nek11	-18.340011999999998	-14.886134
Selenbp2	-18.82552	-15.371642000000001
Rbmxl2	-16.561155	-13.107276999999998
Alg8	-14.611542000000002	-11.157663000000001
Il18rap	-20.90496	-17.451083999999998
Prx	-14.342517	-10.888638499999999
Otud7a	-20.90496	-17.451083999999998
Gm35190	-16.715304999999997	-13.261428
Met	-18.132372	-14.678494
Gm27022	-17.860437	-14.40656
Ctsl	-9.886775	-6.4328970000000005
Gm22000	-17.813917	-14.36004
Zfp239	-14.620826999999998	-11.166948
Kdm5d	-20.211813	-16.757935999999997
Gm12784	-18.340011999999998	-14.886134
Gm43660	-15.999685999999999	-12.545808000000001
Guca1a	-16.037426	-12.583549
Kbtbd2	-12.591109	-9.137231
U2af1	-10.927294	-7.473416
Asgr2	-20.90496	-17.451083999999998
Fam160b2	-12.901264	-9.447386
Dnajc28	-14.784664000000001	-11.330786
1700034I23Rik	-16.897627	-13.443748999999999
Dsc3	-19.518665	-16.064789
Zbtb7b	-12.9801655	-9.526287
Zfp954	-13.675847000000001	-10.221969
Stk32c	-16.394102	-12.940224
Iqcc	-13.427357	-9.973478
Ripply3	-18.071747	-14.617869
Lrrc2	-18.82552	-15.371642000000001
Dbp	-10.160488	-6.70661
Rab9b	-15.201179000000002	-11.7473
Wnt5a	-13.474254	-10.020375
Nctc1	-20.211813	-16.757935999999997
Anp32b	-9.937884	-6.4840064
Lrrc74b	-19.295523	-15.841645000000002
Slc36a3os	-14.988759	-11.534881
Gm30339	-20.90496	-17.451083999999998
Rhcg	-20.211813	-16.757935999999997
Atp6ap1	-10.89038	-7.436502000000001
A830009L08Rik	-17.813917	-14.36004
Hspa4	-10.170501	-6.716622999999999
Ankrd13d	-14.396192000000001	-10.942313
Rab26	-15.596694	-12.142816
Rbm39	-9.442582000000002	-5.988704
Smyd4	-14.240552	-10.786674
Tspan5	-11.130444	-7.6765656
Gm14403	-14.296960999999998	-10.843082
Tbc1d8	-14.341104999999999	-10.887227000000001
Spag6	-17.813917	-14.36004
Amt	-14.913497	-11.459619
Trim65	-13.243433999999999	-9.789556
Dusp14	-13.421154999999999	-9.967277000000001
Palb2	-16.142785999999997	-12.688908999999999
Gm19684	-20.90496	-17.451083999999998
Cant1	-12.345475	-8.891597
Gck	-18.340011999999998	-14.886134
Gm8251	-14.836535000000001	-11.382657
Fam214a	-12.467894	-9.014014999999999
Atpsckmt	-13.049028999999999	-9.595151
Gm5082	-19.806348999999997	-16.352472
Cnksr1	-15.717575	-12.263697
Gm35031	-20.211813	-16.757935999999997
Gcat	-12.68187	-9.227992
Pxk	-12.1678295	-8.713951
Stmnd1	-17.408453	-13.954576000000001
Dlx1as	-19.806348999999997	-16.352472
Tmprss2	-20.90496	-17.451083999999998
Gm16364	-16.510510999999997	-13.056633999999999
Ddi2	-11.504662	-8.050783000000001
Npc1	-12.309511	-8.855633000000001
Gabra1	-16.142785999999997	-12.688908999999999
Oat	-9.552521	-6.0986433
Rcn1	-11.686355	-8.232476
Chmp7	-12.465513	-9.011635
Stap1	-17.19139	-13.737510999999998
Pycard	-12.916758	-9.462879
Nrg4	-17.098299	-13.644421
Morn5	-18.602375	-15.148498000000002
Ank2	-11.057250999999999	-7.6033729999999995
Map2k3	-11.483872999999999	-8.029995
Usp33	-12.315448	-8.861569
Dach1	-14.346764000000002	-10.892885
Alox15	-19.806348999999997	-16.352472
Usp24	-12.362295	-8.908417
Medag	-13.326816	-9.872937
4933416E03Rik	-20.211813	-16.757935999999997
Cox6c	-8.743211	-5.2893333
Clec4n	-19.518665	-16.064789
Ccnc	-12.625771499999999	-9.171892999999999
Slf2	-12.600466	-9.146587
Gm26619	-17.439224	-13.985347
Rita1	-13.512314000000002	-10.058435000000001
Hspb6	-10.426997	-6.9731193
Nit1	-12.117283	-8.663404
Naa25	-12.760282	-9.306403
Gpr19	-14.058017999999999	-10.604139
Dcun1d4	-13.350626	-9.896747999999999
Emc8	-10.539375999999999	-7.085498299999999
Etv2	-20.211813	-16.757935999999997
Cs	-11.447682	-7.9938044999999995
Rfx8	-17.408453	-13.954576000000001
4933432I03Rik	-20.90496	-17.451083999999998
Nol3	-14.760776000000002	-11.306897
Kif2c	-18.265903	-14.812026000000001
Mc1r	-15.942117000000001	-12.488238
Gm17745	-18.82552	-15.371642000000001
Dtl	-15.894326000000001	-12.440448
Dhx8	-12.484278999999999	-9.0304
Kyat3	-13.794265	-10.340386
Utp14a	-12.4273405	-8.973462
AC113595.1	-19.806348999999997	-16.352472
Stap2	-18.507065	-15.053187
Cep112it	-15.480011	-12.026133
Ubxn6	-11.276568	-7.8226905
Gm16070	-16.33025	-12.876371
Olfr466	-20.90496	-17.451083999999998
Cpeb3	-12.573856	-9.119978
B3galt2	-16.761826	-13.307948000000001
Platr16	-20.90496	-17.451083999999998
1810064F22Rik	-18.507065	-15.053187
Ormdl3	-11.512966	-8.059088000000001
Jrkl	-12.989978	-9.536099
Cpox	-12.561883	-9.108005
Gm35585	-20.90496	-17.451083999999998
Pa2g4	-11.098645	-7.6447673
Xrcc1	-12.799955	-9.346077000000001
Igsf23	-16.685453	-13.231575
Rrp1b	-12.893938	-9.44006
Strip2	-16.450613	-12.996736
Farp1	-14.548854	-11.094975
Pfn2	-12.719333	-9.265454
Tespa1	-19.518665	-16.064789
Gm17056	-13.585096	-10.131217999999999
Sdcbp2	-17.726907999999998	-14.273029000000001
Hdac1	-11.272364	-7.8184857
Cables2	-13.235933	-9.782055
Ndufa8	-10.571251	-7.117373
Tspan13	-17.216082	-13.762203
Gm31479	-19.113201	-15.659324
Dnajc13	-12.11454	-8.660662
Zkscan3	-11.716253	-8.262375
Tent2	-12.679191000000001	-9.225311999999999
Riok1	-12.236077	-8.782199
Cplx2	-13.775663	-10.321785
Fbf1	-13.583773	-10.129894
Cib1	-12.259903	-8.806025
Eipr1	-13.190729999999999	-9.736852
Olfr457	-18.707735	-15.253858
Tox	-16.195429999999998	-12.741552
Ncaph2	-12.086922999999999	-8.633044
Abhd5	-12.507002	-9.053123
Rbfa	-12.152222	-8.698343
Gm48678	-18.95905	-15.505172
4930452B06Rik	-17.076319	-13.622441
Ndrg3	-12.243321	-8.789442999999999
Rgs9bp	-18.01459	-14.560711999999999
Papss1	-11.945393	-8.491514
Pfkm	-12.032053999999999	-8.578176
Ssbp3	-11.524203	-8.070325
Cand1	-11.801093	-8.347215
Crip3	-16.474144	-13.020266000000001
Kcnb2	-19.518665	-16.064789
Lsm7	-11.510468	-8.056589
Kcnn4	-18.132372	-14.678494
Rfx3	-14.212876999999999	-10.758999000000001
Adm	-11.85714	-8.403261
Eif4a1	-10.084703	-6.6308255
Apoh	-17.408453	-13.954576000000001
Gm43672	-13.393436	-9.939558
Gtpbp8	-13.184056	-9.730178
Zfp638	-11.102787	-7.648909
Slc16a10	-13.389072	-9.935194000000001
Tmem120b	-14.750103	-11.296225
Hcn2	-16.48612	-13.032242
Acd	-12.736475	-9.282597
Klc1	-11.386181	-7.932303
Ifit3b	-14.111495000000001	-10.657617
Myrfl	-20.90496	-17.451083999999998
Gm47708	-18.071747	-14.617869
Tpd52	-12.010839	-8.556961
Rnf170	-13.130946	-9.677067999999998
Vmn1r6	-20.90496	-17.451083999999998
Gldn	-12.133591000000001	-8.679712
Gm45356	-19.806348999999997	-16.352472
Gramd1c	-14.587795999999999	-11.133918
Cpq	-10.351077	-6.8971990000000005
Arpp19	-10.444747999999999	-6.99087
Exo5	-14.408185999999999	-10.954308000000001
Ccdc96	-16.64228	-13.188403
Gm16140	-17.686085000000002	-14.232207
Hes7	-16.777826	-13.323948999999999
Hexim2	-14.704452499999999	-11.250574
Rgs12	-14.045345999999999	-10.591467999999999
Mrpl17	-11.0706625	-7.616784599999999
Gm26614	-14.345345499999999	-10.891467
Emc10	-10.278402999999999	-6.8245254
Atad5	-13.862675	-10.408796
Hnrnpa2b1	-9.780569999999999	-6.3266919999999995
Ddx27	-12.029534	-8.575656
Vipr1	-16.450613	-12.996736
Coasy	-13.201051000000001	-9.747172
Klhl13	-12.507002	-9.053123
Gm47879	-19.806348999999997	-16.352472
Nrxn1	-19.295523	-15.841645000000002
Srfbp1	-12.794233	-9.340355
2500002B13Rik	-16.587473000000003	-13.133594500000001
Senp1	-12.497359	-9.043481
Dpp8	-11.951967	-8.498089
Gm11464	-17.646864	-14.1929865
Kntc1	-18.82552	-15.371642000000001
Gm29773	-18.707735	-15.253858
Nab2	-12.817936	-9.364058
Gm44096	-19.518665	-16.064789
Fgr	-15.842366	-12.388488
Rfx1	-13.682395000000001	-10.228517
Xlr4b	-16.827423	-13.373546
Zfp428	-14.38434	-10.930462
9130019O22Rik	-14.618963	-11.165085000000001
Avil	-16.614501999999998	-13.160623999999999
Fsbp	-17.2414	-13.787521
Fzd3	-13.841057000000001	-10.387178
Rpgrip1	-13.640231	-10.186353
Zfyve19	-13.204666	-9.750788
Map3k12	-13.177867	-9.723989
AI849053	-19.806348999999997	-16.352472
Nufip2	-11.441841	-7.987963000000001
Nol10	-13.697102	-10.243223
B230303O12Rik	-16.279987	-12.82611
Ovca2	-15.270171	-11.816293
Fdft1	-12.347394	-8.893516
Nefl	-20.90496	-17.451083999999998
Cmtr1	-12.7336445	-9.279766
Rps6ka4	-14.791279000000001	-11.3374
Senp3	-12.642403	-9.188524000000001
Gm15934	-18.95905	-15.505172
Ythdc1	-10.799186	-7.345308
Mrpl38	-12.170402000000001	-8.716523
Bcl2l12	-12.682675999999999	-9.228798
Amfr	-11.653383	-8.199505
Efna3	-16.394102	-12.940224
A630072M18Rik	-13.916548	-10.462669
Olfml1	-13.402775	-9.948896000000001
Herpud1	-10.861364	-7.4074864
Txnl1	-10.958269999999999	-7.504392
Dgka	-13.242023000000001	-9.788145
Ing2	-12.1541195	-8.700241
Actbl2	-20.90496	-17.451083999999998
Acat3	-15.963319	-12.50944
B130034C11Rik	-16.02216	-12.568280999999999
Gm12500	-15.076015	-11.622137
Slc1a6	-16.953716	-13.499839000000001
Tbx18	-11.284566	-7.830688
Eqtn	-18.420053	-14.966176
Zfp12	-13.608548	-10.15467
Tead1	-11.37515	-7.921272
Rab11fip2	-11.695722	-8.241843
Gm9989	-20.90496	-17.451083999999998
Uckl1os	-18.507065	-15.053187
Ltb	-17.860437	-14.40656
Gm5269	-20.90496	-17.451083999999998
Nlrc3	-15.963319	-12.50944
Timm44	-12.026743	-8.572865
Jpt2	-14.050607000000001	-10.596728
Ckmt1	-20.90496	-17.451083999999998
Tnfrsf12a	-10.200257	-6.746379400000001
Gpr137c	-14.061212	-10.607333
Tbccd1	-13.605164000000002	-10.151285000000001
Gm38832	-18.132372	-14.678494
Gm20163	-17.860437	-14.40656
Kdm5c	-11.83653	-8.382651
Dip2c	-11.401504	-7.947625599999999
Cttnbp2nl	-11.913772999999999	-8.459894
Taok2	-12.363661	-8.909782
Thpo	-16.777826	-13.323948999999999
Gm16093	-17.860437	-14.40656
Pbxip1	-9.087076	-5.6331983
Hexdc	-13.880312	-10.426434
Uck2	-12.981976	-9.528097
Actg2	-9.842017	-6.3881392
Gm15908	-19.518665	-16.064789
Swi5	-10.018384	-6.564506
Ssr1	-10.927014999999999	-7.4731374000000015
4930417H01Rik	-16.992937	-13.539060000000001
mt-Co3	-6.260464	-2.8065867
Adgrb3	-18.265903	-14.812026000000001
Cux2	-15.881081	-12.427202000000001
C1rl	-14.016389000000002	-10.5625105
Morc2a	-12.484719	-9.030841
Wdr36	-12.777556	-9.323678
Tpst1	-11.574441	-8.120563
8430429K09Rik	-14.11374	-10.659862
Map3k20	-9.967115	-6.5132375
Mgmt	-13.125913	-9.672034
Ghrl	-18.82552	-15.371642000000001
9130017K11Rik	-18.071747	-14.617869
Vipas39	-12.801165	-9.347286
Ddt	-11.045113	-7.591234700000001
Sh3bp5l	-13.193412	-9.739533
Tmem265	-14.595042999999999	-11.141164999999999
Zfp985	-18.95905	-15.505172
Smtn	-9.105444	-5.6515665
Racgap1	-16.014612	-12.560734
Nfu1	-11.601221	-8.147343
P4ha1	-11.208313	-7.754435000000001
Hsd11b2	-18.19691	-14.743032999999999
Gm38407	-19.518665	-16.064789
Nedd4	-8.780267	-5.326389
Nrip1	-10.994597	-7.540719500000001
Tmem60	-12.23316	-8.779282
Cox5b	-9.726500999999999	-6.2726239999999995
Casp7	-14.136467999999999	-10.68259
Dpf1	-14.548854	-11.094975
Cnot3	-12.059904	-8.606026
Atp2b2	-16.64228	-13.188403
Gm26766	-19.295523	-15.841645000000002
Gm28306	-20.211813	-16.757935999999997
Zmynd11	-10.836764	-7.3828864
Ntn1	-11.287491000000001	-7.833613000000001
Fcer1g	-16.068678	-12.6148
Dynlt3	-10.601557000000001	-7.147678999999999
Gnaz	-14.005239000000001	-10.55136
Zbtb16	-11.399119	-7.945241499999999
Nos1	-20.90496	-17.451083999999998
Cdk1	-16.125837	-12.671959
Lyrm9	-13.690456	-10.236578
Sumf1	-12.443491999999999	-8.989614
Spint1	-20.90496	-17.451083999999998
Gpalpp1	-12.825963	-9.372085
Kif3c	-13.132209	-9.67833
Gm47450	-17.2414	-13.787521
Brap	-12.519472	-9.065594
G930009F23Rik	-17.503763	-14.049885999999999
Gm48161	-20.211813	-16.757935999999997
Leo1	-12.845053	-9.391174000000001
Cfap74	-17.267374	-13.813497
Perp	-11.218449	-7.764570699999999
Hoxc12	-18.340011999999998	-14.886134
Gm44709	-19.518665	-16.064789
Slain1	-19.295523	-15.841645000000002
Ldb1	-11.893072	-8.439194
Cwc27	-12.365028	-8.91115
Pde6g	-18.420053	-14.966176
Ccno	-15.002328	-11.5484495
Hsd17b7	-13.621513	-10.167635
Hdac5	-11.40869	-7.9548125
Fam186b	-19.806348999999997	-16.352472
Tube1	-16.134275	-12.680398
Sdhaf4	-12.188425	-8.734547000000001
M1ap	-18.507065	-15.053187
Stx1b	-14.820462	-11.366584
AU041133	-13.428489	-9.97461
Drc3	-16.125837	-12.671959
Trp53rkb	-14.145706	-10.691828
Rreb1	-12.690767	-9.236889
Zfp292	-11.177375999999999	-7.723497999999999
Smarcd3	-10.541394	-7.0875163
Tbc1d12	-11.962762	-8.508883
Chordc1	-11.344246	-7.890368
Pdik1l	-13.246262	-9.792383000000001
Rpn1	-10.933301	-7.479423
Cetn4	-13.270141	-9.816262
Twsg1	-10.224882000000001	-6.771004
Cyp11a1	-20.90496	-17.451083999999998
Mblac2	-13.425661999999999	-9.971784
Gabrb2	-19.806348999999997	-16.352472
Vars2	-14.170369	-10.716491
Gm16062	-14.941381	-11.487503
Gm11634	-20.90496	-17.451083999999998
Lamb1	-16.177572	-12.723695
Mycbp	-12.157767999999999	-8.70389
Fyb2	-20.90496	-17.451083999999998
Hibadh	-11.305692	-7.851814
Gm11707	-20.211813	-16.757935999999997
Retnlg	-19.518665	-16.064789
Slc2a10	-13.30306	-9.849181
Nfatc2ip	-13.326304	-9.872425999999999
Supt16	-11.278545	-7.8246675
Mrps18a	-11.548877000000001	-8.094998
Nap1l3	-14.310548	-10.856669
Ift52	-12.999888	-9.54601
Tbx6	-16.383173	-12.929295
Kctd20	-12.628821	-9.174942999999999
Wdr48	-12.142471	-8.688593
Gm3294	-18.602375	-15.148498000000002
Mmd	-11.877583	-8.423703999999999
Tpbg	-15.557854	-12.103975
Slc4a7	-11.36618	-7.912302499999999
Epas1	-11.341432000000001	-7.8875537
Git2	-12.093755999999999	-8.639877
Zfp386	-12.732797	-9.278917999999999
Gm48357	-16.450613	-12.996736
8430436N08Rik	-18.95905	-15.505172
Uckl1	-12.426300999999999	-8.972423
Spred3	-14.518082000000001	-11.064203
Rpp38	-13.485579999999999	-10.031702000000001
Olfml2b	-10.947743	-7.4938655
E530011L22Rik	-14.405173999999999	-10.951296000000001
Gm26672	-15.695475	-12.241596000000001
Obsl1	-12.769614	-9.315736
Scml2	-15.596694	-12.142816
Ogn	-8.346455	-4.892576999999999
Ezh2	-13.366466500000001	-9.912588000000001
Pbx2	-12.651994	-9.198115
Akap13	-10.4018135	-6.9479356
Gm48780	-18.01459	-14.560711999999999
Prelid3b	-12.358015	-8.904137
Myt1	-20.90496	-17.451083999999998
Elmod2	-13.105207	-9.651328999999999
Gm29771	-18.420053	-14.966176
Carmn	-10.729236	-7.275357700000001
Ier5l	-11.742027	-8.288149
Igdcc3	-18.82552	-15.371642000000001
Pex1	-13.715794	-10.261915
2900026A02Rik	-10.8484955	-7.394617599999999
4930563E18Rik	-19.518665	-16.064789
Adam1a	-15.506798999999999	-12.05292
Gm42518	-19.518665	-16.064789
Gm36569	-15.914529000000002	-12.46065
5430431A17Rik	-13.925816000000001	-10.471936999999999
Snx16	-12.6457615	-9.191883
Rps6ka6	-18.340011999999998	-14.886134
Mr1	-12.756227	-9.302348
B230369F24Rik	-14.243107	-10.789228
S100a11	-8.920958	-5.467079599999999
Zfp711	-17.054813	-13.600935
Gm29686	-13.871455	-10.417577
Pcbd1	-15.348132999999999	-11.894255000000001
Pin4	-11.293231	-7.839353
Trip12	-11.2845	-7.830622
Rpl3	-8.565888000000001	-5.1120105
BC046401	-19.113201	-15.659324
Flt1	-12.574579	-9.120700999999999
Gm37799	-20.90496	-17.451083999999998
Timm10b	-10.709999	-7.256121
Smim11	-10.687283500000001	-7.233405599999999
Gm15608	-18.95905	-15.505172
Zfp433	-15.525063500000002	-12.071185
Wtip	-10.147527	-6.693649000000001
4930597O21Rik	-16.715304999999997	-13.261428
Gm14549	-19.518665	-16.064789
Inpp5e	-13.622888	-10.169008999999999
C130074G19Rik	-16.251001000000002	-12.797123
Fibcd1	-20.90496	-17.451083999999998
Taf2	-12.52795	-9.074072
Zfp276	-13.741014499999999	-10.287136
Mapkap1	-11.603501	-8.149623
Tubb2b	-15.586842	-12.132963
Phip	-10.918650999999999	-7.4647727
Usp46	-12.100186	-8.646308
Tmod1	-12.635716	-9.181838
Myo1e	-11.423907	-7.9700294000000005
Phf23	-12.353947	-8.900068
Gm973	-15.076015	-11.622137
Rxrg	-18.132372	-14.678494
Gm15133	-18.507065	-15.053187
Ccnb2	-16.405151	-12.951273
Mrpl33	-10.036278999999999	-6.582400999999999
Mars2	-13.953189000000002	-10.4993105
Ndufb5	-10.418085000000001	-6.964207000000001
Colgalt2	-20.90496	-17.451083999999998
Igfbp5	-10.939672999999999	-7.4857955
Acat1	-10.964178	-7.5103
Hoxc9	-13.987255	-10.533377
Calhm4	-19.806348999999997	-16.352472
Ripply1	-20.90496	-17.451083999999998
Pde10a	-14.896148	-11.442269
Cryba1	-18.707735	-15.253858
Trim35	-12.018828	-8.56495
Arhgef6	-12.627549	-9.173671
Srsf2	-10.551832000000001	-7.0979543000000005
Cct2	-10.449775	-6.995897
Ubtd1	-13.055636999999999	-9.601759
Gfra1	-17.439224	-13.985347
Atp6v1fnb	-20.90496	-17.451083999999998
Gpr18	-18.420053	-14.966176
D930007P13Rik	-18.340011999999998	-14.886134
Hist1h2af	-20.211813	-16.757935999999997
Gm20939	-15.221381	-11.767503
Taf1	-11.724771	-8.270892
Gm14291	-17.686085000000002	-14.232207
Ppard	-12.801165	-9.347286
Mrpl10	-12.646279	-9.192401
Gbe1	-12.736758	-9.28288
Krit1	-11.014710000000001	-7.5608325
Pex3	-12.623744	-9.169866
Ecscr	-15.949133999999999	-12.495255
Bcan	-18.82552	-15.371642000000001
Rasgrp3	-18.420053	-14.966176
Zfp759	-14.765077	-11.311198
Rab23	-12.574098	-9.120219
Tm2d2	-11.238146	-7.784267999999999
Tcf7l2	-10.866462	-7.412584
BC147527	-20.90496	-17.451083999999998
Uaca	-11.483792	-8.029914
Sec24d	-11.169833	-7.7159553
Cdc25a	-13.050192	-9.596313
Mfsd4b1	-15.520466	-12.066587
Gm26982	-14.622695000000002	-11.168817
Gm49871	-17.860437	-14.40656
Mief2	-13.940825	-10.486947
Edn2	-17.860437	-14.40656
Asah2	-13.130526000000001	-9.676647
Cbx8	-14.467210000000001	-11.013330999999999
Nectin3	-12.562836	-9.108957
Dbnl	-11.815321	-8.361443
Cenpb	-10.183214999999999	-6.729336999999999
Sh3glb1	-10.282074	-6.828196000000001
Prss53	-15.497789000000001	-12.043911
Erg	-11.875303	-8.421425
Asl	-12.533257	-9.079378
4933425D22Rik	-19.806348999999997	-16.352472
Dmxl2	-12.974755	-9.520877
Plbd1	-18.340011999999998	-14.886134
Abraxas1	-13.839348000000001	-10.385469
Zfyve26	-13.488582999999998	-10.034704
Raly	-10.530375999999999	-7.0764985000000005
Cbwd1	-13.155207999999998	-9.701329
Reep3	-10.500335	-7.046457000000001
9530034E10Rik	-16.915976999999998	-13.462098999999998
Zfp523	-12.80056	-9.346682000000001
Gm1123	-20.90496	-17.451083999999998
Cisd1	-11.002424000000001	-7.5485463
Olig1	-19.518665	-16.064789
Gm39307	-18.265903	-14.812026000000001
Mbd1	-12.9154005	-9.461522
Olfr1392	-20.90496	-17.451083999999998
Cdip1	-12.3449	-8.891022
Serinc3	-9.947405999999999	-6.4935279999999995
Garem1	-12.794834	-9.340956
Sec14l1	-12.446245	-8.992367
Lzts2	-11.174875	-7.7209973
4933421D24Rik	-20.211813	-16.757935999999997
Asb5	-13.774861999999999	-10.320984
Ppic	-11.130614	-7.6767364
Gm50373	-19.295523	-15.841645000000002
Grn	-10.643728999999999	-7.189851299999999
Gm11715	-19.806348999999997	-16.352472
Zfyve27	-13.145347000000001	-9.691467999999999
Gm48193	-18.95905	-15.505172
Tnni3k	-14.67645	-11.222571
Mtmr2	-12.74216	-9.288281
Ten1	-12.257266	-8.803388
Hotair	-17.726907999999998	-14.273029000000001
Meig1	-20.90496	-17.451083999999998
Adsl	-12.498253	-9.044374000000001
Ndufb11	-9.855183	-6.4013047
Npepl1	-11.662735000000001	-8.208857
Gm16185	-18.132372	-14.678494
Patj	-14.959539999999999	-11.505662
Plce1	-12.305635	-8.851757000000001
Psmb8	-14.773735	-11.319857
Gm27241	-18.132372	-14.678494
Bcl2a1b	-17.860437	-14.40656
Gm42788	-18.602375	-15.148498000000002
Cyb5r2	-18.340011999999998	-14.886134
Tcaf2	-15.181376	-11.727497999999999
Hivep1	-11.6293955	-8.175517
Ttll7	-10.781535	-7.327657
Efhc2	-13.953189000000002	-10.4993105
Atp5md	-9.862792	-6.408914
Bmp15	-19.295523	-15.841645000000002
Ryr2	-11.691626	-8.237747
Ptprg	-12.900929	-9.447051
Gm45237	-18.95905	-15.505172
Gm28320	-17.03376	-13.579882000000001
Tle3	-12.5009365	-9.047058
Rgs17	-12.823795	-9.369917
Cilp	-17.03376	-13.579882000000001
Lgals1	-7.8054547	-4.3515773
Mapkapk3	-14.921025	-11.467147
Ash1l	-10.247655	-6.793777
Gm41192	-18.95905	-15.505172
Kif7	-14.543657999999999	-11.089780000000001
Wdr46	-12.988153	-9.534275
Olfr1440	-20.90496	-17.451083999999998
Atp13a3	-11.314884	-7.8610063
Tgfbr2	-11.341151	-7.8872732999999995
Cfh	-10.159347	-6.705468700000001
Topors	-11.603228	-8.149349
Batf3	-17.813917	-14.36004
Cst6	-15.577085	-12.123206
Tlr13	-19.518665	-16.064789
1700123O20Rik	-12.0648155	-8.610937
Vmn2r76	-19.113201	-15.659324
Platr31	-19.806348999999997	-16.352472
Uggt2	-12.941154	-9.487275
Hdlbp	-10.098329	-6.6444507
Gm14493	-18.82552	-15.371642000000001
Ankrd13b	-13.786945000000001	-10.333067
Ubtf	-11.044329	-7.590451
Cog5	-12.498699	-9.044821
Gm14320	-17.909226999999998	-14.45535
Lsm11	-13.437591000000001	-9.983711999999999
Npas2	-13.483784	-10.029905
Cntrob	-14.5047035	-11.050825
Hist1h2bj	-17.813917	-14.36004
Gm47015	-19.518665	-16.064789
Gm36367	-19.518665	-16.064789
Sema3e	-14.494785999999998	-11.040908
Phactr3	-13.982317000000002	-10.528439
Maob	-12.2265	-8.772621000000001
Rasal3	-20.211813	-16.757935999999997
Fah	-13.259563	-9.805685
Gm14061	-20.90496	-17.451083999999998
Gm45847	-17.01314	-13.559262
Slc28a3	-18.82552	-15.371642000000001
Skida1	-15.453922	-12.000044
4931414P19Rik	-14.921025	-11.467147
CAAA01147332.1	-12.396809	-8.94293
Cops3	-11.663509	-8.209631
Tcta	-12.114844	-8.660966
1300014J16Rik	-18.071747	-14.617869
4833413G10Rik	-14.881514000000001	-11.427635
Vps8	-12.885677000000001	-9.431799
Apobec1	-14.408185999999999	-10.954308000000001
Faf2	-11.835724	-8.381845
Myl7	-20.90496	-17.451083999999998
Gm42435	-20.211813	-16.757935999999997
Pdpn	-15.723178	-12.269299499999999
Rhbdd3	-13.874989000000001	-10.42111
Themis	-20.90496	-17.451083999999998
Isoc2b	-12.890295	-9.436417
Arhgef9	-12.778148	-9.324269000000001
Gm28501	-20.90496	-17.451083999999998
Aloxe3	-18.82552	-15.371642000000001
Sft2d1	-13.272076	-9.818197
Hrh2	-18.19691	-14.743032999999999
Gm49802	-19.806348999999997	-16.352472
Lhx3	-20.90496	-17.451083999999998
Hnrnpll	-12.308033	-8.854155
Gdnf	-19.113201	-15.659324
Slc35d3	-18.01459	-14.560711999999999
Myo10	-12.900929	-9.447051
Gm4631	-14.476856	-11.022978
Fgf10	-19.806348999999997	-16.352472
Foxn2	-12.467027999999999	-9.013149
Polq	-17.14376	-13.689882
Sgsm2	-13.461297	-10.007419
Steap4	-16.600895	-13.147017499999999
Plpp4	-19.806348999999997	-16.352472
Ttc41	-16.177572	-12.723695
Suz12	-11.571341499999999	-8.117463
Phf8	-12.851074	-9.397196000000001
Gbp7	-13.463641	-10.009763000000001
Tub	-12.330066	-8.876187
Zscan26	-12.061202	-8.607324
Ccdc85c	-15.332807999999998	-11.878929
Lgi2	-15.673853	-12.2199745
A3galt2	-16.844519000000002	-13.39064
Gm26688	-18.707735	-15.253858
Hat1	-12.633412	-9.179534
C78859	-16.897627	-13.443748999999999
Bloc1s5	-13.086530999999999	-9.632652
Nol7	-10.4018955	-6.948017599999999
AA388235	-19.295523	-15.841645000000002
Acadm	-10.691345	-7.2374673
Glrb	-16.973135	-13.519257999999999
2900060B14Rik	-14.329885500000001	-10.876007000000001
Josd2	-11.092711999999999	-7.6388345
Podnl1	-19.806348999999997	-16.352472
Kcna4	-18.507065	-15.053187
Olfr1284	-20.211813	-16.757935999999997
Gprin3	-16.33025	-12.876371
Stat6	-12.071499000000001	-8.61762
St8sia2	-16.93467	-13.480791
Plcl2	-18.340011999999998	-14.886134
Rgs3	-11.500124000000001	-8.046246
Zfp74	-12.774019000000001	-9.320141
Gnai2	-9.258825	-5.804948
Gpx7	-11.8418455	-8.387967
Padi4	-18.01459	-14.560711999999999
Nudc	-10.689221	-7.2353435
Cfp	-15.018857	-11.564979
Nsg2	-20.211813	-16.757935999999997
Cntn3	-20.211813	-16.757935999999997
Gm41764	-14.400673000000001	-10.946794500000001
Gm37422	-17.216082	-13.762203
Kif20b	-15.332807999999998	-11.878929
Tmem147os	-14.674479500000002	-11.220601
Ndufa3	-10.385235	-6.931357000000001
Sp110	-13.482588	-10.028709
Shc1	-11.971825	-8.517946
Cdh9	-19.518665	-16.064789
Notch3	-12.379403	-8.925525
Cd93	-15.379508	-11.92563
Cct4	-10.656006	-7.202128
E2f6	-12.776081	-9.322203
Mad1l1	-13.613985999999999	-10.160108000000001
Ddah2	-11.183655	-7.729777
Kat5	-12.561407	-9.107529
Arfgap1	-12.524046	-9.070167999999999
1700001L19Rik	-16.992937	-13.539060000000001
Txnl4a	-11.851975999999999	-8.398098
Gm37494	-12.523587	-9.069709
Hist1h2bf	-19.518665	-16.064789
Tnrc6c	-10.633745	-7.1798673
Neurl1b	-16.715304999999997	-13.261428
Wdr55	-13.741789	-10.28791
Gm47071	-18.82552	-15.371642000000001
Fstl3	-10.850772000000001	-7.3968940000000005
Gm47271	-19.518665	-16.064789
Olfr73	-20.211813	-16.757935999999997
Sun1	-11.997213	-8.543335
Gm17399	-19.518665	-16.064789
Platr32	-19.295523	-15.841645000000002
Disc1	-18.132372	-14.678494
Gm26981	-15.855104999999998	-12.401227
Cbr2	-9.644594999999999	-6.190717
Brd4	-11.161232	-7.707354
Gm42901	-16.879607999999998	-13.425730999999999
Cdh19	-17.909226999999998	-14.45535
Cmtr2	-14.706482999999999	-11.2526045
Tuba1c	-12.292639999999999	-8.838761
Gm14308	-17.14376	-13.689882
Adam28	-18.340011999999998	-14.886134
Sgtb	-14.176332	-10.722453999999999
Gm15243	-20.211813	-16.757935999999997
Gm15408	-16.232132	-12.778253999999999
Gm44091	-16.232132	-12.778253999999999
Tspan6	-12.60667	-9.152792
Rpl12	-8.543561	-5.0896835
Rora	-10.837953	-7.3840747
Fam177a	-12.548171	-9.094292999999999
Foxp1	-9.888712	-6.4348339999999995
Bcl2a1a	-18.602375	-15.148498000000002
Adgra1	-17.2414	-13.787521
Galnt6	-14.299664000000002	-10.845785000000001
Aif1l	-16.844519000000002	-13.39064
Wdr5	-13.325792999999999	-9.871915
Bend4	-14.123903	-10.670025
Rragd	-15.616694	-12.162816000000001
Mfsd4b4	-14.813651	-11.359772999999999
Inhbb	-14.331281	-10.877402
Tspan11	-15.652688000000001	-12.19881
Ybx3	-10.376793	-6.922915
Trim5	-14.516399	-11.062521
Cacng4	-15.769163	-12.315285000000001
Bud23	-12.22412	-8.770242
Gm17753	-17.769466	-14.315589000000001
Ptx3	-15.792973499999999	-12.339095
Lcor	-12.425885000000001	-8.972007000000001
Hist1h2br	-16.794086	-13.340209
Gm45163	-17.909226999999998	-14.45535
2210408I21Rik	-13.411644	-9.957766000000001
Sox11	-20.211813	-16.757935999999997
Srsf6	-11.292227	-7.838349000000001
Trpm7	-11.083281	-7.6294026
Cd200	-9.028058999999999	-5.5741816
Tmx1	-11.556077	-8.102199
Pus1	-13.6353445	-10.181466
Prelid1	-10.808377	-7.3544993000000005
Gsr	-12.106959	-8.653081
Crip1	-8.060456	-4.606578400000001
Spata7	-13.159958999999999	-9.70608
Samd4	-9.630419999999999	-6.1765419999999995
Gm30146	-18.01459	-14.560711999999999
Emp1	-13.391798000000001	-9.93792
Aldoa	-9.4644985	-6.0106209999999995
4931406P16Rik	-11.900907499999999	-8.447028999999999
Gm36236	-17.960522	-14.506644
Alkal2	-16.439053	-12.985175
Gm30124	-16.915976999999998	-13.462098999999998
A330023F24Rik	-13.130526000000001	-9.676647
Rab11fip1	-16.992937	-13.539060000000001
Cpsf7	-12.137165	-8.683287
Laptm4b	-11.746652000000001	-8.292773
Gm43050	-19.295523	-15.841645000000002
E130006D01Rik	-13.966676999999999	-10.512798
Tifab	-20.90496	-17.451083999999998
Gm21859	-19.113201	-15.659324
Gm3892	-16.177572	-12.723695
Ascl2	-20.211813	-16.757935999999997
Net1	-10.1271305	-6.6732526
Gm20721	-13.971539000000002	-10.517660000000001
Slc44a2	-11.133291999999999	-7.6794142999999995
Fpgt	-13.256699	-9.80282
E130311K13Rik	-13.555087	-10.101208999999999
Gm15503	-17.054813	-13.600935
Tmem268	-15.428497	-11.974619
Gm19500	-18.507065	-15.053187
B2m	-10.004138000000001	-6.55026
Cebpb	-11.066011999999999	-7.6121345
C230038L03Rik	-18.340011999999998	-14.886134
Rfxap	-12.354333	-8.9004545
Senp5	-12.286294999999999	-8.832417
Mrpl57	-11.274858	-7.820980499999999
Mynn	-12.68187	-9.227992
Gm38033	-18.95905	-15.505172
Wfdc17	-16.700267999999998	-13.24639
Kdm5a	-11.497164999999999	-8.043286
Amotl1	-11.283041	-7.829163
Zfp609	-12.685366	-9.231487
Uba1	-11.1198635	-7.6659856
Calca	-19.518665	-16.064789
Acta1	-16.134275	-12.680398
Gm20463	-17.813917	-14.36004
Adat2	-14.10702	-10.653141999999999
Arl6ip1	-11.1061125	-7.652234599999999
Gm16023	-15.395573	-11.941694
Dlx4	-20.90496	-17.451083999999998
Gm28959	-17.294043	-13.840164999999999
Tafa1	-12.667216999999999	-9.213339
Rsu1	-9.982067	-6.528189
Igsf9b	-11.618216	-8.164337
Rps17	-8.941227	-5.4873495000000005
Acap3	-13.413316	-9.959437
Shkbp1	-13.616716	-10.162838
Gemin6	-13.56998	-10.116100999999999
Aktip	-11.522686	-8.068808
Lacc1	-17.120770999999998	-13.666893
Gm28651	-16.992937	-13.539060000000001
4930503L19Rik	-13.163862	-9.709984
Nxpe4	-15.543669	-12.089789999999999
Znrf3	-13.220178	-9.766299
Ccdc22	-13.075728	-9.62185
Cox20	-11.1235285	-7.6696506
1700018L02Rik	-15.928227	-12.474349
Twistnb	-11.693622	-8.239742999999999
Rnmt	-12.4333935	-8.979515
Ier3ip1	-10.81317	-7.3592925000000005
Cyyr1	-17.572756	-14.118878
E130310I04Rik	-15.090831	-11.636952
Exosc7	-12.063947	-8.610068
Aimp1	-10.721156	-7.267278
Rasl11a	-11.340449000000001	-7.886571400000001
Cox19	-12.01345	-8.559571
Slc4a2	-12.209455	-8.755576
Prkar1a	-10.016684	-6.5628057
Fam126a	-12.520614	-9.066735000000001
Slc17a5	-12.8164	-9.362521000000001
Bax	-11.031624	-7.577746
Gm16567	-20.211813	-16.757935999999997
Gm49587	-18.420053	-14.966176
9430038I01Rik	-13.445046	-9.991168
Gm43445	-14.604176	-11.150297
Gm29683	-19.806348999999997	-16.352472
Cdyl2	-14.045345999999999	-10.591467999999999
Atp6v0a2	-12.17913	-8.725251
1110002O04Rik	-18.132372	-14.678494
Pcdhgb5	-14.53849	-11.084612
Ceacam18	-20.90496	-17.451083999999998
Gm32834	-19.113201	-15.659324
Wdr78	-14.809135999999999	-11.355258000000001
Gtf2e2	-12.068586999999999	-8.614709
9330154J02Rik	-17.726907999999998	-14.273029000000001
Klc4	-13.113852	-9.659972999999999
Gm29681	-18.82552	-15.371642000000001
Fbxl21	-16.00712	-12.553243
D430020J02Rik	-15.581951	-12.128072999999999
Jag1	-12.074857000000002	-8.620978
Crem	-12.6224785	-9.1686
Gm26744	-19.295523	-15.841645000000002
Tjp2	-12.249921	-8.796042
Fhdc1	-16.22283	-12.768951
Gm36756	-20.211813	-16.757935999999997
Prmt6	-13.978384	-10.524506
Kcnn1	-15.375532000000002	-11.921654
Pou4f1	-19.806348999999997	-16.352472
Gm16283	-16.134275	-12.680398
Pkhd1l1	-18.340011999999998	-14.886134
Snx25	-13.739467999999999	-10.285589
1700018B08Rik	-19.806348999999997	-16.352472
Rnf141	-12.608913000000001	-9.155035
Park7	-9.879584	-6.4257064
Osr2	-15.75167	-12.297791499999999
Stfa2l1	-19.113201	-15.659324
Gucy1a1	-9.776273	-6.322394999999999
Gm47808	-19.806348999999997	-16.352472
Gal3st1	-16.915976999999998	-13.462098999999998
Srgap3	-12.986696	-9.532817999999999
Foxk2	-12.566177	-9.112299
Mbnl1	-8.855057	-5.4011793
Samd14	-13.901895499999998	-10.448017
Olfr411	-20.211813	-16.757935999999997
Ccl12	-18.707735	-15.253858
Ptrh2	-12.871627	-9.417748
Vangl2	-15.506798999999999	-12.05292
Dvl3	-12.19138	-8.737501
Leng1	-12.206947	-8.753069
Nfatc4	-13.397271	-9.943392999999999
Col7a1	-16.405151	-12.951273
Zfp646	-12.464649	-9.010771
Dchs2	-16.177572	-12.723695
Tm9sf3	-10.064557	-6.610678999999999
Mettl22	-13.551239	-10.097361
Top2b	-10.512587	-7.0587087
Nxpe5	-20.211813	-16.757935999999997
2810468N07Rik	-14.635864999999999	-11.181987
Zfp82	-14.975372	-11.521494
Ankrd61	-17.19139	-13.737510999999998
Kif4	-17.120770999999998	-13.666893
Kmt2a	-10.598811999999999	-7.144933999999999
Gm49774	-15.336616500000002	-11.882738
Ubn1	-11.336107	-7.8822293000000005
Fam50a	-11.51966	-8.065782
Zmiz1os1	-16.498241	-13.044364
Bambi	-11.252052	-7.798174400000001
Mboat1	-14.8024025	-11.348524000000001
Tasor2	-12.298293	-8.844415
Orai1	-12.589884	-9.136005
Gm50241	-18.340011999999998	-14.886134
Ap1m1	-12.149382000000001	-8.695503
Pigo	-14.700403	-11.246525
Xbp1	-11.026125	-7.572247
Crlf3	-12.931117	-9.477238999999999
Cidea	-12.460339	-9.00646
Utp23	-13.007292999999999	-9.553414
Plpp7	-13.374481	-9.920603
Itga1	-10.076441	-6.622563
Yipf4	-10.806853	-7.3529754
1700025G04Rik	-12.7005625	-9.246684
Gm29737	-18.95905	-15.505172
Gm17196	-18.82552	-15.371642000000001
Psma8	-17.01314	-13.559262
Ccnb1	-16.761826	-13.307948000000001
Gm12992	-14.972716	-11.518838
Gm14168	-15.887681	-12.433803
Gm20045	-14.149192000000001	-10.695313
Mfsd2b	-16.109170000000002	-12.6552925
Gm47766	-16.548251999999998	-13.094374
Gm47283	-11.047255499999999	-7.5933776
Psma7	-10.014854	-6.5609765
Ctsb	-9.488392	-6.0345144
Rpp14	-12.608414999999999	-9.154536
Myo9b	-11.610923	-8.157044
Smpd5	-15.829787	-12.375909
Epc1	-11.7105465	-8.256668
Abcc4	-16.045149	-12.59127
Celsr3	-18.82552	-15.371642000000001
Dnajc19	-11.149683999999999	-7.695806
Prg2	-20.90496	-17.451083999999998
2210010C04Rik	-16.309841	-12.855963000000001
Smpdl3a	-10.973859	-7.519981
Cirbp	-11.289823	-7.8359447
Slc19a3	-17.19139	-13.737510999999998
Gm12498	-19.518665	-16.064789
Ephb2	-15.534323	-12.080444
Rgs22	-20.90496	-17.451083999999998
Adamts17	-16.22283	-12.768951
Zfp36l2	-10.6281185	-7.1742406
Zbtb25	-13.890147	-10.436269
Ywhag	-11.419112	-7.9652343
Xxylt1	-12.67545	-9.221572
Gm33148	-20.90496	-17.451083999999998
Gm47289	-20.211813	-16.757935999999997
Pla1a	-18.340011999999998	-14.886134
A730035I17Rik	-20.90496	-17.451083999999998
Tnfrsf11b	-12.609163	-9.155285000000001
Tnfrsf23	-14.523145000000001	-11.069266
Gm29170	-15.449639999999999	-11.995762
Gm4107	-19.295523	-15.841645000000002
Enpp1	-12.044888	-8.591009
Alas1	-12.36679	-8.912911
Mthfd1l	-13.882093	-10.428215
Usp42	-12.453908	-9.00003
Gm10814	-16.953716	-13.499839000000001
H3f3b	-8.9012	-5.447323
Plxna4os2	-19.113201	-15.659324
Slc30a7	-12.827825	-9.373946
Gpr152	-17.439224	-13.985347
Clec4b1	-20.211813	-16.757935999999997
Gm50375	-17.960522	-14.506644
Cep135	-13.517871	-10.0639925
Zfp951	-14.747982	-11.294103999999999
Lrfn3	-13.691193	-10.237314
Ift43	-10.671451	-7.2175727
Tmem107	-12.907969999999999	-9.454092
Nipal2	-12.605427	-9.151548
A530032D15Rik	-18.602375	-15.148498000000002
Ccdc30	-15.894326000000001	-12.440448
Aknad1	-13.247679000000002	-9.7938
Alkbh4	-14.408185999999999	-10.954308000000001
Cask	-12.161908	-8.70803
Clcn7	-12.9654455	-9.511567
Abhd11	-12.601457	-9.147578
Mgat4a	-11.245011	-7.7911334000000005
Otulin	-12.033035	-8.579157
2310043M15Rik	-19.806348999999997	-16.352472
Ptcd2	-12.902936	-9.449058
Olfr1034	-12.50858	-9.054702
4930588J15Rik	-17.2414	-13.787521
Glyr1	-11.787724	-8.333845
Nvl	-12.333658	-8.87978
Apc	-11.377841	-7.9239630000000005
Ism1	-15.601656	-12.147778
Urod	-11.92731	-8.473432
Hist2h2be	-13.841913	-10.388035
Oit3	-17.769466	-14.315589000000001
Gm3558	-19.806348999999997	-16.352472
Gm49768	-15.432691	-11.978812
Gm17333	-20.90496	-17.451083999999998
Spatc1l	-19.806348999999997	-16.352472
Zfp605	-13.783709	-10.329830000000001
Parvaos	-18.19691	-14.743032999999999
Tpp1	-11.033481	-7.579602700000001
Naa50	-10.791821	-7.337942599999999
Tbx20	-13.41499	-9.961112
Kcnk3	-13.957985	-10.5041065
Gm28229	-15.75167	-12.297791499999999
Stk3	-12.071061	-8.617183
Bahd1	-13.764508	-10.31063
Snx9	-11.305353	-7.851475200000001
Sgk3	-12.893274	-9.439396
Sec23ip	-12.450069000000001	-8.996191
2310022A10Rik	-12.873576	-9.419698
Anapc11	-10.520283000000001	-7.0664050000000005
Mir22hg	-11.237323	-7.7834449999999995
Gmnc	-15.084878	-11.630999999999998
Prpf40a	-11.072326	-7.618448
Chrm2	-17.216082	-13.762203
Nhlrc1	-14.331281	-10.877402
Igf2bp1	-20.90496	-17.451083999999998
Gm20490	-20.90496	-17.451083999999998
Exoc3l	-18.420053	-14.966176
Pnisr	-10.507265	-7.053387
Dapp1	-13.243904999999998	-9.790027
Zscan20	-14.825028	-11.37115
Mirt1	-20.90496	-17.451083999999998
Osr1	-10.127631	-6.6737532999999996
Tex52	-19.295523	-15.841645000000002
Hbs1l	-12.329877	-8.8759985
Tyro3	-14.127315	-10.673436
Gramd1a	-12.691308	-9.23743
Mylk4	-9.2726	-5.8187226999999995
Taf6	-12.715994	-9.2621155
Atp6v1c1	-11.921647	-8.467769
Syf2	-10.767114	-7.313235799999999
Prr18	-17.503763	-14.049885999999999
Zfp983	-13.709024	-10.255146
Swsap1	-14.561081	-11.107203
Pi4k2b	-13.345401999999998	-9.891523
D130017N08Rik	-14.827319000000001	-11.373441
Chic1	-12.925622	-9.471744000000001
Gjb1	-20.90496	-17.451083999999998
Tnpo2	-12.9194765	-9.465598
Gm47163	-17.120770999999998	-13.666893
Hamp2	-20.90496	-17.451083999999998
Atl2	-12.421739	-8.96786
Cdkn2b	-13.792634	-10.338756
Trim37	-12.779922500000001	-9.326044
Ccdc39	-14.093717000000002	-10.639838000000001
Nt5c2	-12.017585	-8.563706
Tmem185b	-13.362748000000002	-9.90887
Acsl3	-12.766688	-9.31281
Fastkd5	-14.615245999999999	-11.161367
Il27	-18.01459	-14.560711999999999
Nectin2	-13.716548999999999	-10.2626705
Retn	-19.518665	-16.064789
Slc40a1	-15.601656	-12.147778
Gm5150	-20.90496	-17.451083999999998
Arl4d	-13.395626000000002	-9.941748
Rab9	-11.673447	-8.219567999999999
Ano4	-13.627713	-10.173835
Pcdhga7	-14.470415	-11.016537
1700108F19Rik	-16.794086	-13.340209
Atxn2l	-11.935928	-8.48205
Mtnr1a	-18.507065	-15.053187
Dgkd	-12.301224000000001	-8.847344999999999
Brox	-12.547702000000001	-9.093823
Gm44700	-15.449639999999999	-11.995762
Pde8b	-17.909226999999998	-14.45535
Pon2	-11.30454	-7.8506618
Nova2	-17.686085000000002	-14.232207
Ap3b1	-11.897839999999999	-8.443961
Mgrn1	-11.887114	-8.433235
Rfc2	-12.602943	-9.149065
Arfgef3	-16.26057	-12.806692
Zdhhc3	-12.308218	-8.854339999999999
Timm9	-12.361125999999999	-8.907248
Lactb	-12.761444000000001	-9.307566
Zfp280d	-11.921396000000001	-8.467518
Gm14705	-16.93467	-13.480791
Nt5c3	-12.817628	-9.363749499999999
Arvcf	-13.490388000000001	-10.0365095
Gm16096	-17.646864	-14.1929865
Traf2	-13.049417	-9.595538000000001
Catspere2	-16.372362	-12.918484
Foxp2	-10.682801	-7.228923299999999
Ankmy2	-12.229056	-8.775178
Ccnd3	-11.196819	-7.7429414
Xrn1	-11.545856	-8.091978
Btbd10	-12.123559	-8.669681
Gm13631	-20.90496	-17.451083999999998
Ren1	-18.420053	-14.966176
Prpf31	-12.141065	-8.687186
Nsd3	-11.3390465	-7.8851686
Mex3a	-14.906025	-11.452147
Rock1	-8.333186999999999	-4.879308999999999
Nisch	-10.670983	-7.2171054
Nt5c1a	-17.813917	-14.36004
Ska3	-18.01459	-14.560711999999999
Grin3a	-16.715304999999997	-13.261428
Cuedc1	-11.095564999999999	-7.641686999999999
Itpa	-12.4333935	-8.979515
Angpt1	-15.005064	-11.551186
Neo1	-11.062605	-7.608727
Gm45733	-18.19691	-14.743032999999999
Panx3	-20.90496	-17.451083999999998
Kdm1a	-11.344457	-7.8905787
Atoh8	-12.260078	-8.8062
4930443O20Rik	-19.518665	-16.064789
Gm20732	-16.844519000000002	-13.39064
Rras	-9.210780999999999	-5.756903599999999
C130040N14Rik	-20.211813	-16.757935999999997
Il15	-15.344279	-11.890400999999999
Rnf24	-12.426925	-8.973046
Ankle1	-16.953716	-13.499839000000001
Msl2	-12.083229	-8.629351
Ddb2	-14.022523999999999	-10.5686455
Flnc	-11.289223	-7.835344999999999
Yjefn3	-14.626439999999999	-11.172562
Vps41	-11.942698	-8.488819
Gas1	-11.798427	-8.344548
Myoc	-18.340011999999998	-14.886134
Vps18	-13.421154999999999	-9.967277000000001
Sik1	-13.732535999999998	-10.278658
Zscan18	-15.805095000000001	-12.351216
Rpap3	-12.632900999999999	-9.179022999999999
Asb14	-19.806348999999997	-16.352472
0610010F05Rik	-12.557845	-9.103966999999999
Slc25a45	-16.125837	-12.671959
9330111N05Rik	-18.340011999999998	-14.886134
Ugt1a7c	-20.90496	-17.451083999999998
Gm31597	-19.295523	-15.841645000000002
Stk4	-12.439903999999999	-8.986025999999999
Efcab12	-17.813917	-14.36004
Gm19345	-18.95905	-15.505172
Nap1l5	-13.979366	-10.525488000000001
Megf6	-18.420053	-14.966176
Zfand2a	-13.3601	-9.906221
Mycbp2	-10.619039	-7.1651607
Scarf2	-11.669343	-8.215465
C030014I23Rik	-13.610584	-10.156706
Usp48	-12.050011	-8.596132
Adora3	-20.211813	-16.757935999999997
Tnfaip6	-13.685319	-10.231441
Ptprf	-12.900596	-9.446717
Rcbtb1	-12.96331	-9.509432
Epn2	-10.925763	-7.471885
Cdk20	-14.639660000000001	-11.185781500000001
Nbas	-12.603439	-9.149561
Gm11732	-20.90496	-17.451083999999998
Phospho1	-17.909226999999998	-14.45535
Rpusd3	-14.222853	-10.768974
Gm16741	-19.113201	-15.659324
Pjvk	-18.602375	-15.148498000000002
9330104G04Rik	-15.146059	-11.692181
Hspb11	-12.092416	-8.638537
Mrnip	-15.152389000000001	-11.69851
Fam71d	-20.90496	-17.451083999999998
Sh2d1a	-20.90496	-17.451083999999998
Ppp1r3g	-19.806348999999997	-16.352472
Rbks	-15.466882	-12.013003
1700052K11Rik	-13.566073000000001	-10.112195
1700036G14Rik	-18.265903	-14.812026000000001
Prr33	-19.295523	-15.841645000000002
Rapgef2	-12.119268	-8.665389999999999
Dctn5	-12.583053999999999	-9.129175
Adi1	-13.152196	-9.698317999999999
Cyp51	-11.968795	-8.514916
Gas8	-12.830624	-9.376745
Platr10	-17.686085000000002	-14.232207
Larp4	-11.392000999999999	-7.938122999999999
Erich4	-18.82552	-15.371642000000001
Gm14221	-19.518665	-16.064789
4933424G06Rik	-17.813917	-14.36004
Adh1	-16.64228	-13.188403
Ppp2ca	-10.555219000000001	-7.101341000000001
Irak3	-14.624564999999999	-11.170687
Gm47428	-18.132372	-14.678494
Olfr329-ps	-14.978035	-11.524157
Zfp334	-13.505563	-10.051684
Gm34829	-15.970488000000001	-12.516608999999999
Lpcat4	-14.438816000000001	-10.984938
Il17c	-19.113201	-15.659324
Gm31814	-18.265903	-14.812026000000001
4930555A03Rik	-20.90496	-17.451083999999998
Lyn	-15.786967	-12.333089
Ddx42	-11.345585	-7.891707000000001
Gdf5	-17.909226999999998	-14.45535
Bend7	-13.519731	-10.065852
Elovl5	-12.6496525	-9.195774
Jam2	-13.927679999999999	-10.473802000000001
Mid1ip1	-11.752355999999999	-8.298477
Trmt10b	-12.888313	-9.434435
Nphs1	-17.01314	-13.559262
Kcnj10	-20.211813	-16.757935999999997
Susd3	-19.806348999999997	-16.352472
Psmg3	-12.346625999999999	-8.892748
Ap4s1	-11.547753	-8.093875
Ank3	-15.823557000000001	-12.369678500000001
Uvssa	-12.692935	-9.239057
Mamdc2	-13.259563	-9.805685
Dtd1	-12.096293	-8.642415
Mctp2	-20.211813	-16.757935999999997
Hoxb1	-19.295523	-15.841645000000002
Gm49937	-18.602375	-15.148498000000002
Paqr7	-13.937052	-10.483172999999999
Fam107a	-14.417276999999999	-10.963399
Nfx1	-11.842657	-8.388779
Frrs1	-13.83254	-10.378661
Stk16	-11.46645	-8.012571000000001
Slc1a4	-13.006179	-9.5523
Slc2a6	-20.211813	-16.757935999999997
Lonrf1	-12.277658	-8.823780000000001
Gna13	-11.974071	-8.520192
Fnbp1	-11.83216	-8.378282
Atg13	-12.72436	-9.270482000000001
Gm13283	-18.602375	-15.148498000000002
Il6ra	-14.550591	-11.096713000000001
Lbr	-12.306925999999999	-8.853047
Pla2g12a	-12.37762	-8.923741
Slc11a1	-14.678425	-11.224546
Plaat1	-13.726416	-10.272537
Nsmce3	-12.129103	-8.675224
Wls	-10.38518	-6.931302499999999
Aste1	-14.114864	-10.660986
Gm50315	-18.132372	-14.678494
Tha1	-14.666635999999999	-11.212758000000001
Tmed9	-10.2999115	-6.846033599999999
Col1a1	-9.161416000000001	-5.707538
Mtfp1	-15.273748999999999	-11.819871000000001
Gng10	-11.107446000000001	-7.653567999999999
Inpp5d	-17.813917	-14.36004
Habp4	-12.19138	-8.737501
Tas2r126	-20.211813	-16.757935999999997
Gm9918	-19.806348999999997	-16.352472
Cutc	-13.589742999999999	-10.135864
Ddr1	-12.032053999999999	-8.578176
Sv2c	-18.265903	-14.812026000000001
Npb	-17.439224	-13.985347
Gsta4	-14.57346	-11.119581
Braf	-11.534034	-8.080155
C78197	-16.670855	-13.216976
Shroom4	-13.9992075	-10.545328999999999
Rbsn	-12.73195	-9.278071
Gm38910	-15.391532999999999	-11.937654499999999
Prr12	-12.157608999999999	-8.703731
Shcbp1	-16.715304999999997	-13.261428
Actb	-6.797975500000001	-3.3440980000000002
Cd1d1	-17.470974	-14.017095999999999
Cdh5	-17.439224	-13.985347
Bag5	-11.884451	-8.4305725
Cnga2	-20.211813	-16.757935999999997
Angptl7	-16.037426	-12.583549
Ate1	-11.579062	-8.125183999999999
Alg14	-11.959368	-8.505489
Nrp1	-11.813179	-8.359301
A530020G20Rik	-18.507065	-15.053187
Alkbh7	-12.375247	-8.921369
Eme1	-19.295523	-15.841645000000002
BC024978	-14.144546499999999	-10.690667999999999
Noc4l	-13.865301	-10.411423
Irak2	-11.99168	-8.537802000000001
Cul2	-12.254811	-8.800933
Zfp558	-16.973135	-13.519257999999999
Lars	-11.372392999999999	-7.918514699999999
Dxo	-13.137697	-9.683819
Cox5a	-10.287446000000001	-6.833568
Mvb12b	-12.654341	-9.200462
Gm15337	-15.928227	-12.474349
Foxo1	-11.37981	-7.925932400000001
Mrpl51	-11.018671000000001	-7.564792999999999
Zxdb	-13.340723	-9.886845
Kremen1	-13.433029000000001	-9.979151
Atp6v0a4	-18.707735	-15.253858
Phb	-11.427729	-7.9738507
Vmn2r2	-20.90496	-17.451083999999998
Armc9	-13.583773	-10.129894
Tnfrsf25	-15.093820999999998	-11.639942
Smpd3	-15.706464000000002	-12.252585
Magi2	-12.399234	-8.945355000000001
Pdxk	-12.791834	-9.337955000000001
Dram1	-13.417228	-9.963349000000001
Rev3l	-12.057314	-8.6034355
Gper1	-17.167292	-13.713413000000001
Gm31374	-20.211813	-16.757935999999997
Pdcd10	-10.630082000000002	-7.176203999999999
Sos2	-12.005913	-8.552033999999999
Ankra2	-11.864105	-8.410227
Mucl3	-20.211813	-16.757935999999997
Hoxa11	-16.045149	-12.59127
Tpm1	-7.6437125	-4.1898349999999995
Mob3a	-12.600961	-9.147082000000001
Gda	-16.450613	-12.996736
Ifi35	-12.199796000000001	-8.745917
Slc20a2	-11.772041999999999	-8.318164
Plscr1	-15.403703	-11.949824000000001
Aoc3	-10.217869	-6.763991000000001
Gm16155	-17.267374	-13.813497
Ncapg	-17.960522	-14.506644
1700037C18Rik	-14.385814000000002	-10.931935000000001
Baalc	-16.029764	-12.575886
Rab15	-18.82552	-15.371642000000001
Stoml2	-11.730559	-8.276681
Ift172	-13.176986	-9.723107
Arv1	-14.666635999999999	-11.212758000000001
Wbp1l	-12.398424	-8.944546
Rab11fip3	-12.970448	-9.516569
Tmem139	-20.211813	-16.757935999999997
Ankrd40	-11.468202999999999	-8.014324
Morc3	-12.229227	-8.775349
Phox2b	-20.90496	-17.451083999999998
Gm26691	-15.591755	-12.137876499999999
Cc2d1b	-12.838754	-9.384875
Kdm4b	-13.227097500000001	-9.773219000000001
Rgs16	-19.518665	-16.064789
Enpp2	-12.737041	-9.283163
Fam53a	-12.057314	-8.6034355
Gm21844	-19.806348999999997	-16.352472
Asap1	-11.169597	-7.715718700000001
Rbm46	-20.90496	-17.451083999999998
AY512931	-18.507065	-15.053187
Setbp1	-11.192452000000001	-7.7385744999999995
Nxpe3	-15.543669	-12.089789999999999
Pms1	-14.850522	-11.396644
Cyc1	-10.897744	-7.4438663
Mfng	-19.295523	-15.841645000000002
Slc11a2	-13.263876999999999	-9.8099985
Rnf166	-12.22633	-8.772451
Ift27	-11.678157	-8.224278
Gm16726	-17.813917	-14.36004
Prok2	-20.211813	-16.757935999999997
Gm34425	-16.319994	-12.866116
Shprh	-12.08146	-8.627582
Pfn3	-20.90496	-17.451083999999998
Gm26885	-17.14376	-13.689882
Snx2	-11.839185	-8.385306
Dnaic2	-16.897627	-13.443748999999999
Lrrc27	-14.345345499999999	-10.891467
Gm48362	-20.90496	-17.451083999999998
Gm5535	-17.909226999999998	-14.45535
Itsn2	-11.417065	-7.9631867
Myo1a	-17.909226999999998	-14.45535
Dars	-11.653191	-8.199311999999999
Ccdc71	-12.941500999999999	-9.487622
Spata25	-18.95905	-15.505172
Hand2os1	-13.241553	-9.787675
Gm15860	-14.883938	-11.430059
Klri1	-20.90496	-17.451083999999998
Gm15632	-17.054813	-13.600935
Akr1c13	-16.761826	-13.307948000000001
Tac2	-20.90496	-17.451083999999998
Ube2n	-10.898782	-7.444903999999999
Tvp23a	-15.502284	-12.048406
Cldn11	-20.90496	-17.451083999999998
Cep83os	-14.258571	-10.804692
Gm11636	-16.915976999999998	-13.462098999999998
Cngb1	-17.2414	-13.787521
Gnai1	-10.434826	-6.980948
Gm48604	-15.780997	-12.327119
Nde1	-12.976555000000001	-9.522675999999999
6030452D12Rik	-19.806348999999997	-16.352472
Tarm1	-20.90496	-17.451083999999998
Serpina1d	-20.90496	-17.451083999999998
Cdca3	-17.01314	-13.559262
Sorl1	-10.064557	-6.610678999999999
Ccl3	-17.769466	-14.315589000000001
Rpl22l1	-9.5239	-6.070022
Zfp84	-12.648354	-9.194475
Ifit2	-13.027564	-9.573686
Nudt15	-15.668519	-12.214641
Ptprk	-13.111787	-9.657908
Atraid	-10.41697	-6.9630923
Serpine2	-8.677019	-5.2231417
Ccdc85b	-10.262398	-6.80852
Trim7	-14.017407999999998	-10.56353
2700069I18Rik	-19.295523	-15.841645000000002
Gm48969	-16.992937	-13.539060000000001
Sostdc1	-18.420053	-14.966176
Nktr	-10.7522335	-7.2983556
Nacad	-12.540919	-9.087041000000001
Sat1	-9.965322	-6.5114436
Cd34	-13.745669	-10.291791
Klhl11	-13.154778	-9.700899
Zfp667	-13.560888	-10.10701
Gm49586	-18.707735	-15.253858
Pole4	-11.511883000000001	-8.058003999999999
Ppp1r35	-12.3988285	-8.94495
Nrbp1	-11.214171	-7.7602934999999995
Tmem171	-20.211813	-16.757935999999997
Gm17190	-20.90496	-17.451083999999998
Bcl6	-12.301774	-8.847896
Dct	-20.211813	-16.757935999999997
Bnip3	-11.949771	-8.495892999999999
Tmem209	-13.321204999999999	-9.867327000000001
Glt8d1	-11.831242999999999	-8.377364
Mau2	-12.138411	-8.684532
Gapt	-20.90496	-17.451083999999998
Prdm2	-11.8418455	-8.387967
Prdm16os	-12.000603	-8.546724000000001
Pigs	-12.549346	-9.095467999999999
Tmco6	-13.703791	-10.249912
Tspan12	-14.475242000000001	-11.021363000000001
Srf	-12.583783	-9.129905
Rce1	-12.446033	-8.992154
Psmc1	-11.163404	-7.7095265
Gm43936	-17.321442	-13.867564000000002
1700112D23Rik	-17.726907999999998	-14.273029000000001
Zfp101	-13.523458999999999	-10.069581
Pgghg	-12.97224	-9.518362
Irf2bp2	-11.277821000000001	-7.8239427
Mafg	-11.718094	-8.264215
Mettl3	-13.290648999999998	-9.836771
Adgre4	-20.211813	-16.757935999999997
Brd8	-11.597131	-8.143252
Il10ra	-18.420053	-14.966176
Fam71f2	-17.769466	-14.315589000000001
Mob3c	-13.41499	-9.961112
Tyk2	-13.381479999999998	-9.927602
Coa7	-13.701554999999999	-10.247677000000001
Cactin	-13.146626999999999	-9.692749000000001
Hsp90b1	-9.342588000000001	-5.8887105
Neu3	-14.332679	-10.8788
Gm13431	-17.2414	-13.787521
Tonsl	-15.695475	-12.241596000000001
Gm6169	-15.887681	-12.433803
Prkcb	-18.707735	-15.253858
Gm20559	-13.432460999999998	-9.978582000000001
Ano10	-11.947837	-8.493958000000001
Adhfe1	-13.970564000000001	-10.5166855
Slc6a14	-20.211813	-16.757935999999997
Frem1	-19.295523	-15.841645000000002
1700034H15Rik	-17.572756	-14.118878
Aspg	-20.90496	-17.451083999999998
Rab21	-10.813791	-7.3599133000000005
Ghr	-11.147945	-7.6940675
A430057M04Rik	-18.01459	-14.560711999999999
Pggt1b	-11.754265	-8.300386
Psmf1	-12.854577	-9.400699000000001
Gm12216	-14.680403	-11.226524000000001
Rsph6a	-20.90496	-17.451083999999998
Gm15201	-17.294043	-13.840164999999999
Lhfpl2	-16.86191	-13.408031
Emc9	-12.317496	-8.863617999999999
Phf5a	-11.290357	-7.8364787
Eif4ebp3	-13.158660999999999	-9.7047825
Trmo	-14.363931	-10.910052
Gm49754	-20.90496	-17.451083999999998
Rab35	-12.155228999999999	-8.70135
Plekha8	-13.637436	-10.1835575
Mrpl4	-11.553469	-8.09959
Tm9sf2	-10.558648	-7.104769999999999
Haus3	-13.521593	-10.067715
Acvr2a	-12.866126	-9.412248
Rcn3	-9.492132000000002	-6.0382543
Arhgap29	-12.006732000000001	-8.552854
Lins1	-14.1751375	-10.721259
Crocc	-14.468810999999999	-11.014933000000001
Pes1	-12.522442999999999	-9.068564
Parp14	-13.451979000000001	-9.9981
Gm43166	-19.518665	-16.064789
Rae1	-12.119881	-8.666002
1700047K16Rik	-16.510510999999997	-13.056633999999999
Sgpl1	-13.371267000000001	-9.917389
Btbd11	-14.964789999999999	-11.510912
Gorasp2	-11.36892	-7.9150424
Noc3l	-12.934911999999999	-9.481033
Crebrf	-11.323747000000001	-7.8698688
Gm9888	-17.860437	-14.40656
Pigb	-14.265085000000001	-10.811207000000001
Sod1	-10.837358	-7.383480499999999
Nudt14	-13.638133999999999	-10.184256
Gm43579	-18.420053	-14.966176
Fam129a	-9.714889	-6.261011
Slc12a6	-12.4094	-8.955522
A930018P22Rik	-18.340011999999998	-14.886134
Bckdk	-11.956505	-8.502626
Rheb	-10.132275	-6.6783967
Esr1	-12.806622500000001	-9.352744
Hoxb6	-13.115092	-9.661214
4930473A02Rik	-20.90496	-17.451083999999998
Kbtbd4	-13.445046	-9.991168
Xk	-11.873747999999999	-8.419869
Pkn3	-19.113201	-15.659324
Msc	-19.806348999999997	-16.352472
1700094D03Rik	-14.284888	-10.831010000000001
Slc7a1	-12.6106615	-9.156783
4930478L05Rik	-20.90496	-17.451083999999998
Slc6a15	-17.609123	-14.155246
Tlr9	-20.211813	-16.757935999999997
Akap8	-11.912777	-8.458899
4933412E12Rik	-16.462309	-13.008431
Ighmbp2	-13.968618	-10.51474
Fkbp1b	-14.519767000000002	-11.065888000000001
Tepsin	-14.411207000000001	-10.957329
Abhd4	-12.907297999999999	-9.45342
Mthfr	-13.223401	-9.769523
Adgrf3	-18.707735	-15.253858
Zgpat	-12.886006	-9.432128
Ahcyl2	-12.790338	-9.336459
Casp2	-13.640231	-10.186353
9030407P20Rik	-15.024428	-11.57055
Fam32a	-11.413208000000001	-7.9593300000000005
Pold1	-13.825776999999999	-10.371899
Mtrf1	-13.725654	-10.271775
Msto1	-13.490991000000001	-10.037111999999999
Upb1	-13.078917500000001	-9.625039
Rnf115	-12.199465	-8.745586
Grin1	-18.420053	-14.966176
Cd96	-17.120770999999998	-13.666893
Xab2	-12.821941	-9.368063000000001
Snhg18	-9.571402	-6.1175237000000005
Gm11210	-20.90496	-17.451083999999998
Pdzk1	-18.95905	-15.505172
Ubtd2	-13.404431	-9.950553
Lrg1	-15.207868	-11.753989
Rai14	-14.446623	-10.992744
Pou5f2	-14.408185999999999	-10.954308000000001
Dstn	-7.280740299999999	-3.8268628
Dnajc16	-13.932355	-10.478477
Nat8f1	-13.878534	-10.424656
Mrpl20	-10.466034	-7.012156
Gm49890	-15.197851000000002	-11.743973
Pwwp3b	-12.728289	-9.274410000000001
Nbn	-12.154595	-8.700717
Gm48746	-20.90496	-17.451083999999998
6430573P05Rik	-14.598685999999999	-11.144808
Fbxl12	-13.280342000000001	-9.826464
Piwil2	-16.134275	-12.680398
Yes1	-12.803889	-9.350011
Gm26558	-16.134275	-12.680398
Brpf1	-12.752763	-9.298884
Dgke	-13.28917	-9.835291999999999
Sncaip	-12.857772	-9.403893
Tchp	-13.549320000000002	-10.095442
2600006K01Rik	-13.158228	-9.7043495
Gemin7	-11.097489	-7.6436114
Xpo5	-12.962244	-9.508366
Srpx2	-12.995839	-9.541961
Zfp964	-15.207868	-11.753989
Zdhhc7	-13.042079	-9.588201
Gm49490	-16.186462	-12.732584
Nps	-19.113201	-15.659324
Calm1	-8.286322	-4.832444000000001
Gm49169	-20.90496	-17.451083999999998
Zfp977	-15.805095000000001	-12.351216
Lama2	-12.178317999999999	-8.72444
Fbxw5	-12.225989	-8.772111
Morn4	-15.266606	-11.812728
Krt5	-20.90496	-17.451083999999998
Maco1	-11.087413	-7.633535
A530083I20Rik	-16.548251999999998	-13.094374
Kcnj2	-20.90496	-17.451083999999998
Gm15169	-19.518665	-16.064789
Clca3a2	-19.295523	-15.841645000000002
Gm2237	-15.204517000000001	-11.750639
Slco2a1	-15.13352	-11.679642
Erap1	-12.408379	-8.9545
Wdr20	-13.088141	-9.634263
4930404I05Rik	-18.602375	-15.148498000000002
Xkr8	-14.371172	-10.917294
Ldhb	-10.449947	-6.9960694000000005
Cfhr2	-18.132372	-14.678494
Surf2	-12.380991	-8.927113
Gm21028	-20.90496	-17.451083999999998
Lgi4	-16.037426	-12.583549
Patl1	-13.2364	-9.782521000000001
Tmem150a	-12.672521000000001	-9.218642
Prr14	-12.259375	-8.805496
Alox12	-14.765077	-11.311198
4930453C13Rik	-18.19691	-14.743032999999999
Flii	-10.932414	-7.478536
Hoxa2	-13.970564000000001	-10.5166855
2210011K15Rik	-20.211813	-16.757935999999997
Krt1	-17.408453	-13.954576000000001
Tmigd1	-17.2414	-13.787521
Srsf11	-10.671631	-7.217753
Erf	-12.595530499999999	-9.141652
Rpusd1	-14.620826999999998	-11.166948
Gm16286	-11.235172	-7.7812943
Zfp1	-12.820397999999999	-9.36652
Pced1b	-14.182331	-10.728453
Coa4	-13.749564999999999	-10.295687
Fam107b	-14.377004000000001	-10.923125
5033430I15Rik	-13.546767000000001	-10.092889
Ifnar1	-12.605675999999999	-9.151797
6330403L08Rik	-12.869682000000001	-9.415804
Pex16	-12.689955	-9.236075999999999
Sugp1	-12.807535000000001	-9.353657
Rlbp1	-19.806348999999997	-16.352472
Gm47591	-19.518665	-16.064789
Lfng	-17.167292	-13.713413000000001
Ptpmt1	-11.97077	-8.5168915
Naa35	-12.1959915	-8.742113
Tek	-17.860437	-14.40656
Gm15494	-18.95905	-15.505172
Mgam	-20.90496	-17.451083999999998
Prok1	-20.211813	-16.757935999999997
Lrtm2	-14.632083999999999	-11.178205499999999
C530044C16Rik	-19.113201	-15.659324
Dclk1	-13.592407999999999	-10.138530000000001
Pde1a	-11.974071	-8.520192
Gcnt1	-18.602375	-15.148498000000002
C130050O18Rik	-16.33025	-12.876371
Zfp764	-13.578496	-10.124618
Nmnat3	-14.752229000000002	-11.29835
Ist1	-12.348355	-8.894477
Gm45030	-19.518665	-16.064789
Siglecg	-20.211813	-16.757935999999997
Alg5	-12.079989	-8.626111
Sipa1l1	-12.536268	-9.08239
Tbx2	-13.710525	-10.256646
Mfn2	-11.80667	-8.352791999999999
Haao	-20.211813	-16.757935999999997
B430305J03Rik	-17.960522	-14.506644
Gm49584	-20.90496	-17.451083999999998
Gm14399	-14.566367000000001	-11.112489
Zfyve16	-12.067425	-8.613546000000001
Gm12238	-18.507065	-15.053187
Evc2	-12.759412	-9.305533
Zfp64	-13.261957	-9.808079
Slc1a5	-11.407188	-7.9533105
Abhd8	-12.141065	-8.687186
C2cd3	-13.201502	-9.747622999999999
Golm1	-15.201179000000002	-11.7473
Usp34	-10.649163	-7.1952853
Gm37552	-20.90496	-17.451083999999998
Npw	-18.19691	-14.743032999999999
Pxdn	-12.264842999999999	-8.810965
Gm42829	-15.928227	-12.474349
C5ar2	-15.874523000000002	-12.420645
Ctu1	-14.200547	-10.746669
Wnk4	-15.591755	-12.137876499999999
Pnldc1	-12.898927	-9.445048
Crcp	-13.066222999999999	-9.612345
Mrpl45	-12.326673	-8.872794
Ppt1	-11.390967	-7.9370894
Mospd2	-12.373076	-8.919198
Gm10516	-15.329011999999999	-11.8751335
Triqk	-12.231619	-8.7777405
Pcyt1a	-11.726627	-8.272749000000001
Synj1	-12.770201	-9.316322
Runx3	-18.707735	-15.253858
Zim1	-17.054813	-13.600935
Olfr716	-20.90496	-17.451083999999998
Tgfbrap1	-12.977276	-9.523397000000001
C1ql3	-16.700267999999998	-13.24639
Gm47922	-18.707735	-15.253858
Camk2d	-10.350660000000001	-6.896782400000001
Ints12	-13.219257999999998	-9.76538
Fggy	-13.346444	-9.892566
Fip1l1	-11.544564	-8.090686
Tedc1	-17.726907999999998	-14.273029000000001
Pcsk2os1	-19.295523	-15.841645000000002
Gm47350	-20.90496	-17.451083999999998
Tmf1	-11.0460005	-7.5921226
Pus7	-12.561883	-9.108005
Tram1	-11.4569435	-8.003065
4930534H18Rik	-18.132372	-14.678494
E130008D07Rik	-20.211813	-16.757935999999997
Gm47735	-19.113201	-15.659324
Star	-15.616694	-12.162816000000001
Mrpl3	-12.147335	-8.693457
Hgsnat	-12.450495	-8.996616
Cep120	-12.4273405	-8.973462
1500035N22Rik	-18.19691	-14.743032999999999
Irf9	-13.337098000000001	-9.88322
Zzz3	-11.652904	-8.199025
Det1	-14.324322	-10.870443
Spata17	-20.211813	-16.757935999999997
Abca17	-20.90496	-17.451083999999998
Gm15839	-16.548251999999998	-13.094374
Cd14	-15.055635999999998	-11.601758
Eif4e	-11.526651	-8.072773
Nup133	-13.251941	-9.798062
Nkapl	-15.403703	-11.949824000000001
A230107N01Rik	-17.769466	-14.315589000000001
Hs3st6	-20.211813	-16.757935999999997
Zbtb21	-12.593072	-9.139194
Cltb	-10.694283500000001	-7.2404056
Gm49041	-14.762924	-11.309046
Dnph1	-17.167292	-13.713413000000001
Jmjd6	-11.998297	-8.544417999999999
Rps28	-8.301859	-4.847981
D430001F17Rik	-19.113201	-15.659324
Fam171a1	-12.94011	-9.486232000000001
Rnf182	-14.441932000000001	-10.988053
Art3	-11.786298	-8.332419
Wfikkn1	-16.134275	-12.680398
Gm7467	-15.723178	-12.269299499999999
Trp53inp1	-11.3744955	-7.920617599999999
Cldn34c1	-13.3131	-9.859221
Rrp8	-12.081166	-8.627288
Gins1	-15.428497	-11.974619
4930547E14Rik	-20.90496	-17.451083999999998
Popdc3	-15.4756155	-12.021737
Lsm10	-12.040073	-8.586195
Apold1	-16.656466	-13.202587
Hyal3	-15.28456	-11.830682000000001
Sav1	-12.195002	-8.741123
Slc45a3	-14.150357000000001	-10.696479
Ramp1	-9.243771	-5.789893
Hist1h3h	-20.211813	-16.757935999999997
Nr6a1	-14.547119	-11.093241
Ypel5	-12.008921	-8.555042
Ppp6r3	-11.741922	-8.288044000000001
Mrpl18	-10.883557000000001	-7.429679400000001
Kif6	-16.86191	-13.408031
BC051077	-18.265903	-14.812026000000001
Zfp957	-20.90496	-17.451083999999998
Ddx31	-14.328491	-10.874613
4930430F08Rik	-12.83187	-9.377991999999999
H2-M3	-13.828307	-10.374429
Fam221a	-15.032844	-11.578965
Gpatch4	-13.049804	-9.595925
Trdc	-20.90496	-17.451083999999998
Wdyhv1	-13.256222	-9.802342999999999
4930551O13Rik	-20.90496	-17.451083999999998
Gm26670	-16.109170000000002	-12.6552925
Wbp11	-11.378279	-7.924401
Nol11	-12.172818	-8.71894
Hpf1	-11.557994	-8.1041155
Fchsd2	-11.356222	-7.902344
Mcm2	-14.624564999999999	-11.170687
Bin1	-11.979906	-8.526028
Dsel	-11.957675	-8.503797
Gm28707	-16.548251999999998	-13.094374
Dpysl5	-14.414238000000001	-10.960360000000001
Usp54	-12.799955	-9.346077000000001
4930590J08Rik	-15.935148000000002	-12.48127
Irx3	-14.680403	-11.226524000000001
Dcaf6	-12.126944	-8.673065
Nfam1	-18.707735	-15.253858
Ccpg1	-10.897339	-7.443461
Gm39302	-17.860437	-14.40656
Polr3d	-12.419052	-8.965174000000001
Emx2	-20.90496	-17.451083999999998
Gm14379	-16.251001000000002	-12.797123
Lima1	-12.474416	-9.020537
Tmem205	-11.598129	-8.144250999999999
4930570D08Rik	-20.211813	-16.757935999999997
Nop2	-13.269657	-9.815779
Pfdn5	-9.184525500000001	-5.730648
Rassf7	-14.438816000000001	-10.984938
Fzr1	-12.767858	-9.313979
Ebpl	-12.119268	-8.665389999999999
Crygn	-17.813917	-14.36004
Gm47439	-18.01459	-14.560711999999999
Gm14123	-19.295523	-15.841645000000002
Ucp2	-16.251001000000002	-12.797123
Bcl2l15	-19.295523	-15.841645000000002
Fbxo28	-12.376037	-8.922158
Angptl4	-15.493314999999999	-12.039436
Fanci	-18.507065	-15.053187
Nub1	-11.616457	-8.162579
Slc16a6	-16.600895	-13.147017499999999
1810059H22Rik	-15.44113	-11.987250999999999
Arhgef4	-15.466882	-12.013003
Egr2	-14.199322	-10.745443
Ryk	-11.007291	-7.553413000000001
Prepl	-13.446198	-9.99232
Gm16116	-20.90496	-17.451083999999998
Rbm12b2	-13.897360999999998	-10.443482000000001
Gm13383	-19.113201	-15.659324
Fbxl19	-13.819059	-10.365181
Cxcl10	-17.294043	-13.840164999999999
Mettl17	-13.404431	-9.950553
Mif4gd	-11.946292999999999	-8.492414
Nrn1l	-16.86191	-13.408031
Psma4	-10.479234	-7.0253559999999995
Arhgef26	-15.420164000000002	-11.966286
Gpx8	-10.848195	-7.394317
Gpr165	-16.670855	-13.216976
A630072L19Rik	-20.90496	-17.451083999999998
1500015A07Rik	-15.445375	-11.991497
Gm13919	-20.211813	-16.757935999999997
Cmbl	-15.07015	-11.616272
Sema4d	-16.05293	-12.599052
Zfp677	-14.408185999999999	-10.954308000000001
Gsg1	-20.211813	-16.757935999999997
Bspry	-18.707735	-15.253858
Hoxc10	-12.953754	-9.499875999999999
Cc2d2a	-12.164305	-8.710426
Sox15	-19.806348999999997	-16.352472
Pom121	-12.3028755	-8.848997
Sirt4	-13.736382	-10.282503
Sox8	-14.809135999999999	-11.355258000000001
Arl5a	-11.766976	-8.313098
Gm42463	-18.95905	-15.505172
Ckap4	-10.875722999999999	-7.421844999999999
Erg28	-12.010428	-8.55655
Usp51	-17.2414	-13.787521
Ttpa	-16.761826	-13.307948000000001
Brf1	-12.722681	-9.268803
Gm50368	-20.90496	-17.451083999999998
Ythdf1	-11.977249	-8.523371000000001
Trappc13	-12.066264	-8.612386
Pld1	-12.750461	-9.296582
Gba2	-13.961839000000001	-10.50796
Trim26	-12.566895	-9.113016
Il19	-20.211813	-16.757935999999997
Ino80b	-12.339169	-8.88529
Mccc2	-12.966159	-9.51228
Slc51a	-17.19139	-13.737510999999998
Kcnk15	-19.518665	-16.064789
Zfand5	-10.412022	-6.958143700000001
Rpl27	-8.6008005	-5.1469226
N4bp2l2	-11.217207	-7.763329
Birc3	-14.021498999999999	-10.56762
Inca1	-15.270171	-11.816293
1700096K18Rik	-13.685319	-10.231441
Sapcd1	-18.82552	-15.371642000000001
Lasp1	-12.924937	-9.471059
Zfp423	-13.813219	-10.359341
Slc47a1	-20.90496	-17.451083999999998
Gm14321	-18.707735	-15.253858
Pdgfc	-12.281428	-8.82755
Fads6	-18.95905	-15.505172
Vamp9	-18.707735	-15.253858
Cd59b	-13.642332999999999	-10.188455000000001
Lca5	-13.680937	-10.227058
Gcgr	-18.340011999999998	-14.886134
Kcnn2	-18.95905	-15.505172
Wdr60	-12.44943	-8.995552
Nup160	-13.286710000000001	-9.832831
Nme2	-8.945621000000001	-5.4917426
Rasip1	-16.628294	-13.174417000000002
Fhl4	-16.510510999999997	-13.056633999999999
Epc2	-11.411850999999999	-7.957973
Rspry1	-12.120799	-8.666921
Thyn1	-12.365028	-8.91115
Trpc4ap	-11.766869	-8.31299
Col4a3	-13.670784	-10.216906
Sema6c	-13.895553	-10.441674
Gm12052	-19.295523	-15.841645000000002
Gm16045	-16.777826	-13.323948999999999
Ttc19	-11.939627	-8.485748
Slc9a6	-12.460769	-9.00689
Sgce	-11.529191	-8.075313000000001
Gm26673	-20.211813	-16.757935999999997
Rhbdd1	-13.097857000000001	-9.643979
Zfp729a	-13.163862	-9.709984
Tmem232	-19.295523	-15.841645000000002
Csta2	-19.518665	-16.064789
Smc3	-10.685678	-7.2317995999999996
Surf6	-13.3314295	-9.877550999999999
Strn4	-12.653036	-9.199158
Nolc1	-11.76859	-8.314712
Kctd16	-13.150051000000001	-9.696173
Adat1	-14.243107	-10.789228
Pon3	-11.834228	-8.380349
S1pr5	-19.518665	-16.064789
Pias1	-11.32499	-7.871112299999999
B4galnt1	-17.470974	-14.017095999999999
Zmat1	-12.62425	-9.170372
Gm19967	-15.161957999999998	-11.708079
Ppil3	-12.606173	-9.152294
Slc26a11	-13.874104	-10.420225
Srd5a3	-13.170403	-9.716524
Cops4	-11.508059	-8.05418
Prkag1	-11.789261	-8.335382000000001
Selplg	-15.577085	-12.123206
Zdhhc14	-12.911341	-9.457462
Rab10	-10.560513	-7.106634599999999
Gm14252	-20.211813	-16.757935999999997
Syt14	-20.211813	-16.757935999999997
Gm19744	-18.340011999999998	-14.886134
Gm47798	-17.120770999999998	-13.666893
Tpcn1	-13.264838000000001	-9.810960000000001
Nop10	-10.271898	-6.8180203
Hpca	-20.211813	-16.757935999999997
Bmpr2	-10.681494	-7.227616
Rnf40	-13.029461999999999	-9.575583
Gm43305	-14.962162	-11.508284
Bcl2l13	-13.233134	-9.779256
Gm47117	-19.806348999999997	-16.352472
Zrsr2	-11.731492	-8.277614
Sf3b2	-10.2738285	-6.819950599999999
Zfp758	-13.441025	-9.987146000000001
Gm38393	-15.340441	-11.886562
Stmn4	-15.359784	-11.905906
Gm40477	-16.953716	-13.499839000000001
Wdr75	-12.465297	-9.011417999999999
Rasa3	-13.720332	-10.266454
Tmem165	-11.1933	-7.7394223
Ptpn2	-12.063947	-8.610068
Gadd45b	-10.354239	-6.900361500000001
Rpl36al	-9.341342	-5.8874645
Mtcp1	-14.243107	-10.789228
Olfr1419	-19.806348999999997	-16.352472
Tiam2	-13.397271	-9.943392999999999
Riox1	-13.675122	-10.221244
D430019H16Rik	-15.187934	-11.734055499999998
1810008I18Rik	-19.806348999999997	-16.352472
Lgr4	-12.713222	-9.259343
Elf4	-13.589078	-10.1352
Lrrc14	-12.783778	-9.3299
Hoxb2	-12.141533	-8.687654499999999
Gm4755	-17.076319	-13.622441
Satb1	-12.928709	-9.474831
Tdrd6	-18.507065	-15.053187
Tnfsf11	-19.518665	-16.064789
Tgfb2	-10.590093	-7.1362147
U2af2	-11.778438000000001	-8.324558999999999
Rras2	-12.820089999999999	-9.366211999999999
Pcm1	-10.58953	-7.135652
Sf3b1	-10.183701	-6.729822599999999
Rnf19b	-12.737608999999999	-9.283730499999999
Gm49025	-20.90496	-17.451083999999998
Gm5144	-15.484426500000001	-12.030548
Gm20647	-19.806348999999997	-16.352472
Gdf2	-20.211813	-16.757935999999997
Trim25	-14.516399	-11.062521
Slc22a15	-13.875874	-10.421994999999999
Hdac9	-11.931610000000001	-8.477732000000001
Gm9885	-12.671723	-9.217845
Uchl1	-10.83808	-7.3842025
Gpr156	-19.806348999999997	-16.352472
Tpgs2	-12.628567	-9.174688
4930527F14Rik	-19.113201	-15.659324
Nmt2	-11.737737	-8.283858
Gm15890	-19.806348999999997	-16.352472
Rplp1	-7.654121400000001	-4.2002440000000005
Myo3b	-20.90496	-17.451083999999998
Agap1	-12.191215	-8.737336
Gm15271	-16.134275	-12.680398
Eif1	-8.073798	-4.6199203
Dimt1	-12.65408	-9.200202
Cdkn1b	-11.024589	-7.5707107
Slc1a3	-17.01314	-13.559262
Gm37529	-15.078960999999998	-11.625083
Ankhd1	-11.634373	-8.180494
Tacc2	-10.462760000000001	-7.008882000000001
Sdr42e1	-15.611656	-12.157778
Wnt2	-18.602375	-15.148498000000002
Sap30bpos	-20.211813	-16.757935999999997
Lrfn4	-13.836789000000001	-10.382911
Cep104	-12.601457	-9.147578
Taok1	-10.572944	-7.1190657999999996
Wipf3	-17.769466	-14.315589000000001
Art4	-12.753627999999999	-9.299749
Dcstamp	-19.113201	-15.659324
Notch2	-11.703561	-8.249682
Ciao2b	-10.799227	-7.345349000000001
Muc6	-19.295523	-15.841645000000002
Klhdc4	-13.356932999999998	-9.903054
Ppp6r1	-12.739597	-9.285719
Cdkn2c	-13.372337	-9.918459
Cdiptos	-17.769466	-14.315589000000001
Pla2g15	-13.026427	-9.572549
Hist4h4	-13.923956	-10.470077499999999
Ifi205	-19.518665	-16.064789
