gene_set,num_genes,member_genes,max_amplitude,mean_ZT0,ci_lo_ZT0,ci_hi_ZT0,mean_ZT6,ci_lo_ZT6,ci_hi_ZT6,mean_ZT12,ci_lo_ZT12,ci_hi_ZT12,mean_ZT18,ci_lo_ZT18,ci_hi_ZT18
SMAD3 (human),8,Tgfb3;Spen;Foxf1;Serpine1;Eln;Npas4;Pip4k2a;Ankrd1,0.465279,-0.271811,-0.439446,-0.072614,-0.5651,-0.843818,-0.263791,-0.099821,-0.36699,0.150941,-0.168118,-0.342051,0.030839
Nkx2-5 (mouse),25,Asb4;Prex2;Hsph1;Fgfbp3;Foxp1;Ly6e;Stox2;Sema6a;Hsp90aa1;Ip6k2;Apcdd1;Ntn4;Akr1c14;Net1;Hhip;Lgals9;Apobec2;Ptprd;Ctsk;Cd34;Cacybp;Filip1l;Gabrq;Sh3kbp1;Negr1,0.24686,-0.029255,-0.175658,0.116214,-0.115926,-0.279777,0.051614,-0.216787,-0.363297,-0.053563,0.030073,-0.090019,0.139787
E2F4 (human),16,Pdxk;Dpysl2;Vps13a;Nmt1;Mybpc2;Sphk1;Tesc;Gprasp1;Cgnl1;Tle1;Enkur;Slx1b;Myocd;Mcm6;Rbm44;Dip2c,0.235933,-0.171817,-0.378775,0.038359,-0.274742,-0.475615,-0.079906,-0.038808,-0.212625,0.125749,-0.047396,-0.245877,0.164609
Sox5 (mouse),33,Rbp4;Cntfr;Prex2;Pip4k2a;Gbp5;Ehd4;Prr13;Pawr;Peli1;Rspo3;Snrpn;Csf1;Sema6a;Ppef1;Pgr;Hsp90aa1;Pmvk;Plekhg3;Mylk4;Cd59b;Rhebl1;Rin3;Kdelr2;Apcdd1;Tmem50b;Capsl;Cd74;Klhl29;Pde7a;Rai14;Hba-a1;Hba-a2;Camk1d,0.212186,-0.006853,-0.160464,0.122155,0.079381,-0.042798,0.229034,-0.062301,-0.168644,0.044003,-0.132805,-0.252663,-0.040206
PPARA (human),13,Rara;Ada;Timp1;Psmb8;Pf4;Comp;Pfkfb3;Hmgcs2;Mast4;Gal3st3;Palld;Asph;Ldb3,0.202188,-0.18007,-0.425346,0.002557,-0.064987,-0.253405,0.126144,-0.15022,-0.363016,0.035542,-0.267175,-0.479688,-0.071541
SMAD4 (mouse),131,Mthfd2;Prkaa2;Scx;Vps13a;Pdgfc;Jun;Kcnb1;Sphk1;Mbd2;Nudt10;Map3k1;Pdcd4;Map3k5;Fbxo30;Ahsa2;Syt12;Hnrnpa0;Zhx3;Arhgef3;Nfil3;Ttc7;Cachd1;Otud1;Crtc3;Auts2;Pkdcc;Cacna1d;Setbp1;Trib1;Dip2c;Homer2;Rev1;Adcy5;Rnf7;Zmiz1;Plk2;Gnl1;Prdm16;Tead1;Cdkn2c;Col23a1;Rarg;Phf2;Tle1;Nfix;Frmd4a;Ipo5;Dnajc1;Dnajb4;Col27a1;Cebpb;Cbfa2t3;Twist2;Ifit3;Gse1;Zcchc24;Sorbs1;Spcs3;Ppp2cb;Wnt5b;Cdk2ap1;Scube3;Axin2;Lonrf1;Hspe1;Lin9;Ppp4r1;Prex1;Hes1;Zbtb7a;Zfp292;Kcnma1;Upf1;Pth1r;Foxs1;Leo1;Kpna1;Stk24;Osbp;Pim3;Hsp90aa1;Lrrk1;Foxk2;Mboat1;Bend4;Ereg;Kdelr2;Lrp3;Enah;Errfi1;Cd81;Inhbb;Gpcpd1;Mast4;Wnt4;Cdk14;Asb2;Cntfr;Hspa4l;Tmem200b;Brd1;Rybp;Gpr146;Rspo3;Dgkd;Vtcn1;Itpripl2;Irs2;Ankrd12;Klf4;Stac;Nuak1;Stag1;Banp;Tsc22d1;Rpusd4;Podn;Map4k4;Ryk;Pde7a;Zfp36l2;Smad7;Nr4a2;Usp42;Dock5;Sel1l3;Meis2;Agap1;Camk1d;Spen;Negr1,0.196816,-0.012091,-0.061711,0.042226,-0.208907,-0.276665,-0.148442,-0.026832,-0.079888,0.038134,-0.088113,-0.142384,-0.025511
MZF1 5-13 (human),13,Hspe1;Parl;Lats2;Smtn;Rcor2;Mybpc2;Gnl1;Cited2;Cdc25b;Odc1;Tnr;Ppp1r14c;Thbs1,0.195193,-0.12003,-0.362225,0.13736,-0.135152,-0.322784,0.043526,-0.099557,-0.29613,0.101252,-0.29475,-0.522352,-0.063418
CREM (human),38,Rev1;Mthfd2;Slc6a6;Jun;Dusp1;Btg1;Tead1;Fosb;Lyst;Slc8a3;Nampt;Gk;Odc1;Ipo5;Nfe2l2;Pmvk;Ccdc85b;Apcdd1;Chac1;Myl12a;Rgl1;Tfap4;Slc35f5;Sec14l1;Zfr;Cacybp;Hip1;Tgfb3;Rasd2;Nr4a3;Nr4a1;Rgs2;Tiparp;Cbx4;Nav2;Ddx17;Lnx1;Dip2c,0.179424,-0.041363,-0.148028,0.049243,-0.179056,-0.269715,-0.089995,0.000368,-0.116201,0.118957,-0.058192,-0.172452,0.049475
EGR1 (human),65,Atf3;Prex1;Klf11;Fzd8;Nr1d2;Sqle;Hyou1;Pdgfc;Dusp1;Kcnb1;Gprc5b;Phf19;Rnf145;Iqgap1;F3;Dhrs3;Ankrd50;Gk;Dgkg;Dgkd;Flnc;Kpna1;Erf;Lingo1;Kcnk3;Celf4;Dnajb1;Ptprz1;Cnnm3;Trim24;Plekha7;Egr2;Foxf1;Cbfa2t3;Twist2;Trpm3;Dpf1;Id1;Rpusd4;Id2;Sec14l1;Nfil3;Rab6b;Per2;Hip1;Nudt4;Gdf15;Aig1;Crtc3;Purb;Ccnd1;Auts2;Lhfp;Smad7;Nr4a3;Pkdcc;Arhgef26;Cacna1d;Plec;Npr3;Agap1;Pdlim4;Thra;Camk2b;Dip2c,0.172604,-0.083956,-0.15651,0.014233,-0.191457,-0.277657,-0.098672,-0.018854,-0.10107,0.062331,-0.078951,-0.16434,-0.007626
PCBP1 (human),128,Haghl;Atf3;Slc5a3;Dpysl2;Ppp4r1;Hes1;Hes6;Klf11;Zbtb7a;Klf13;Fermt2;Kcnma1;Pdgfc;Jun;Dusp1;Kcnb1;Sphk1;Dusp8;Bhlhe40;Bhlhe41;Kcnc4;Iqgap1;Csnk2a2;Spsb1;Kcna2;Olfm2;Odc1;Npas4;Flnc;Pfkfb3;Lingo1;Nfe2l2;Celf4;Fam76a;Gstz1;Cpne5;Lrp3;Foxf1;Rcor2;Rassf4;Tspan9;Tspan5;Hivep2;Tspan4;Ccdc112;Mrps6;Enah;Kcns3;Pcsk4;Acaca;Per3;Mnt;Cd82;Slc1a4;Ihh;Ndrg2;Tbc1d16;Auts2;Inhbb;Pkdcc;Cacna1d;Sun2;Plec;Rbm24;Wnt4;Setbp1;Gfod1;Trib1;Dip2c;Tef;Cyp1b1;Nxnl2;Fzd4;Fzd8;Nr1d2;Fosl2;Tmem200b;Pqlc3;Prdm16;Rnf152;Rarg;Ankrd50;Sema4c;Dgkd;Rcan1;Irs2;Ankrd12;Abhd11;Dnajb1;Rreb1;Irx3;Dnaja4;Cebpb;Pfn1;Sik1;Cbfa2t3;Ezr;Slc22a4;Twist2;Glul;Izumo4;Tsc22d1;Igsf8;Cited2;Zcchc24;Hip1;Arid3a;Atp1b1;Aig1;Efna5;Zfp36l2;Purb;S1pr3;Nr4a3;Efna1;Caprin2;Dock5;Sh3kbp1;Espn;Cbx4;Myh9;Dbp;Pde4a;Camk1d;Wee1;Pde10a;Pkd1;Acan,0.153797,-0.04757,-0.112998,0.036939,-0.134426,-0.194153,-0.080843,0.019371,-0.026538,0.077151,-0.089484,-0.155695,-0.034455
Pax2 (mouse),73,Stard3;Optc;Ngef;Ppargc1a;Gbp5;Lxn;Kcnb1;Sphk1;Rapgef4;Rapgef5;Csnk2a2;Map3k1;Ly6e;Fbxo31;Bdnf;Kcnk3;Ip6k2;Dsp;Crispld2;Tifa;Rgl1;Id4;Neu2;Dync1i2;Kcnq3;Crtc3;Tbc1d16;Gem;Plb1;Lamc2;Gm6710;Plk2;Bace2;Prr13;Tet1;Tal2;Fmo2;Fmo4;Dhrs9;Plp2;Rspo3;Ckm;Cyp51;Slco2a1;Fam47e;Cdh3;Igfbp2;Dnajb2;Gal3st3;Ccdc60;Slc46a3;Apcdd1;Abra;Trpm3;Arl6ip5;Nmb;Tsc22d3;Tlr2;Sgk1;Cited2;Stc2;Scube3;Trp53bp1;Stil;Col6a6;Dock5;Dock8;Lpp;Hba-a1;Dbp;Lonrf1;Clock;Acan,0.153062,-0.031063,-0.1245,0.071385,0.008234,-0.091216,0.084304,-0.018067,-0.092506,0.060067,-0.144827,-0.245133,-0.067411
SP1 (mouse),218,Optc;Atf3;Tob2;Dpysl2;Kcnb1;Dusp1;Wnt9a;Bhlhe40;Bhlhe41;Kcnc4;Mbd2;Wtip;Fads3;Nudt10;Map3k1;Pdcd4;Npas2;Npas4;Fbxo31;Fbxo30;Ahsa2;Bicc1;Kcnk3;Ntrk3;Myo10;Malt1;Trim24;Fam76a;Gstz1;Cpne5;Fam78b;Rrad;Nfil3;Kcnq3;Pnpla2;Nudt4;Ppia;Otud1;Zfand1;Auts2;Pkdcc;Cacna1d;Ets1;Nrtn;Sun2;Plec;Tnfaip8;Lasp1;Setbp1;Trib1;Homer2;Afap1;Rev1;Armc2;Hnrnpl;Tef;Adcy5;Zmiz1;Stard10;Nr1d2;Fosl2;Gnl1;Rara;Phf19;Prdm16;Tead1;Cdkn2c;Smoc1;Tmem229b;Rarg;Phf2;Nampt;Nfix;Ipo5;Cpt1a;Plekhg3;Dnaja4;Cebpb;Sik1;Arrdc2;Cbfa2t3;Slc35f5;Gse1;Zcchc24;Cdk2ap1;Efna5;Efnb2;Purb;Rasd2;Efna1;Axin2;Lpin1;Lonrf1;Tcf7l2;Pde10a;Ddit4;Ddit3;Hlf;Thra;Rfx2;Hspe1;Lin9;Slc5a3;Ppp4r1;Prex1;Sncg;Hes1;Klf11;Klf13;Zbtb7a;Lats2;Fermt2;Kcnma1;Zbtb7c;Upf1;Pth1r;Csnk2a2;Sap30;Hr;Kpna1;Stk24;Cdc42ep3;Fam13c;Hsp90aa1;Nfe2l2;Celf4;Foxk2;Ppp1r14b;Fhl3;Cxxc5;Bend4;Mapk12;Rcor2;Rassf3;Tspan9;Hivep2;Hivep3;Mrps6;Enah;Id1;Id4;Pcsk4;Socs2;Zfr;Stk17b;Zfp703;Sertad4;Mnt;Inhbb;Midn;Bcl9l;Pdlim4;Wnt4;Cdk14;Cntfr;Pip4k2a;Fzd4;Tnnc1;Tnnc2;Slc6a6;Prr12;Hspa4l;Tmem200b;Agtr1a;Prss12;Pawr;Brd1;Rybp;Gpr146;Ankrd50;Dgkd;Nkx6-1;Igfbp5;Irs2;Ptpn13;Il3ra;Rreb1;Irx3;Klf4;Klf2;Pfn1;Eif5a2;Nuak1;Stag1;Ezr;Gng10;Banp;Patz1;Tsc22d1;Tppp3;Igsf8;B3gnt8;Kif13a;Map4k4;Ryk;Arid3a;Fas;Pde7a;Rai14;Zfp36l1;Zfp36l2;Ephx2;Smad7;Smad6;Nr4a2;Usp42;Sh3kbp1;Espn;Sel1l3;Nr4a1;Usp53;Hspa8;Cmtm6;Agap1;Pde4a;Spen;Camk2b;Acan,0.152446,-0.043276,-0.094123,0.006671,-0.178728,-0.231618,-0.133545,-0.026282,-0.063924,0.01669,-0.086092,-0.13985,-0.039134
KLF11 (human),112,Ngef;Hes1;Hes6;Gbp5;Zbtb7a;Cryab;Pdgfb;Zbtb7c;Dusp8;Fxyd5;Bhlhe40;Lag3;Rasl10b;Zbtb16;Cdc25b;Ly6e;Slc25a34;Hr;Adora1;Pim3;Marcksl1;Ntrk3;Cirbp;Nrgn;Mfsd10;Mapk12;Ppp1r1b;Wnk4;Rcor2;Slc45a4;Ifi30;Tspan4;Rrad;Tmem176b;Tcap;Crip1;Mpg;Nxph3;Ndrg2;Asb10;Ccnd1;Inhbb;Midn;Irf7;Rbm24;Plec;Prr7;Ldb3;Pold4;Cck;Asb2;Serpine1;Mrgprf;Zmiz1;Flrt1;Mthfr;Nr1d1;Nr1d2;Cyb561;Rnf152;Timp1;Dhrs3;Nfic;Ndufa4l2;Gpr146;Rarg;Gli1;Adamtsl5;Slco2a1;Sbsn;Igfbp6;Mamstr;Fam107a;Abhd11;Ccdc42;Phactr3;Plekhg5;Selenbp1;Cebpb;Haus8;Tnni3;Hsbp1l1;Pfn1;Gadd45g;Cbfa2t3;Dpf1;Izumo4;Igsf8;Acvrl1;Adrb1;Cgref1;B3gnt8;Mapre2;Sipa1;Gdpd3;Tgfbi;Nol3;Ephx1;Nr4a2;Efna1;Espn;Nr4a1;Nap1l5;Hspb7;Hspb2;Hebp2;Dbp;Pde4a;Cldn7;Thra;Camk2b;Ccdc28b,0.151658,-0.101744,-0.176602,-0.009925,0.038156,-0.033335,0.101213,-0.027267,-0.094661,0.048074,-0.113502,-0.181703,-0.037171
Sox17 (mouse),23,Rev1;Ccl19;Ablim1;Pim3;Bdnf;Phactr3;Ctxn1;Adamts6;Itih4;Slc22a2;Pdk4;Arl6ip5;Rhou;Dpep1;Nol3;Arhgef26;Mt1;Pdlim4;Fam71a;Il15ra;Tcf7l2;Colec11;Rnd3,0.148886,-0.172589,-0.314946,-0.00415,-0.04489,-0.18468,0.077608,-0.193776,-0.301222,-0.072337,-0.067084,-0.173222,0.07999
TCFAP2A (human),137,Haghl;Ngef;Slc5a3;Ppp4r1;Prex1;Hes1;Hes6;Klf11;Klf13;Zbtb7a;Fermt2;Kcnma1;Fat1;Pdgfb;Ism1;Sphk1;Dusp8;Bhlhe40;Bhlhe41;Cgnl1;Csnk2a2;Fos;Spsb1;Kcna2;Has3;Stk24;Pfkfb3;Hsp90aa1;Lingo1;Nfe2l2;Celf4;Cxxc5;Mfsd10;Gstz1;Mapk12;Cpne5;Lrp3;Egr1;Foxf1;Ppp1r1b;Rcor2;Hivep2;Tspan4;Mrps6;Tfap4;Kcns3;Pcsk4;Acaca;Kif1a;Nfil3;Per3;Per2;Dpy19l3;Kcnq3;Mnt;Otud1;Ihh;Auts2;Inhbb;Midn;Pkdcc;Cacna1d;Acaa2;Sun2;Galnt6;Abhd14b;Rbm24;Plec;Grk5;Wnt4;Rrm2;Dapk2;Setbp1;Prr7;Dip2c;Cntfr;Pip4k2a;Nxnl2;Fzd8;Nr1d2;Fosl2;Rnf145;Prdm16;Rnf152;Plcb1;Phf2;Tle1;Nfix;Dgkd;Rcan1;Irs2;Ankrd12;Rreb1;Irx3;Klf4;Dnaja4;Sik1;Pfn1;Cbfa2t3;Ezr;Slc22a4;Twist2;Patz1;Izumo4;Tsc22d1;Vav3;Sgk1;Hip1;Zdhhc23;Kif13a;Map4k4;Arid3a;Atp1b1;Atg16l2;Pde7a;Zfp36l2;Efnb2;Purb;Rasd1;Rasd2;Smad7;Smad6;Caprin2;Usp42;Fgfr2;Dock5;Sh3kbp1;Espn;Nr4a1;Cbx4;Nfkbiz;Agap1;Camk1d;Wee1;Pde10a;Spry1;Camk2b,0.148563,-0.029155,-0.08833,0.044668,-0.161812,-0.218821,-0.103916,-0.013249,-0.065085,0.044816,-0.086747,-0.150676,-0.0244
ZNF281 (human),87,Klf11;Zbtb7a;Cryab;Pdgfc;Mybpc2;Wnt9a;Dusp8;Kcnc4;Spsb1;Bik;Olfm2;Ror1;Odc1;Flnc;Acly;Bdnf;Ppp1r14b;Marcksl1;Mboat1;Cxxc5;Epb41;Ppp1r1b;Tspan9;Rassf4;Ccdc112;Fhod3;Ndrg2;Auts2;Inhbb;Pkdcc;Cacna1d;Bcl9l;Plec;Trib2;Pold4;Cck;Hspa1a;Creb3l1;Zmiz1;Tmem200b;Gja4;Pqlc3;Prdm16;Nfic;Rarg;Gli1;Sncaip;Ckb;Dgkd;Itpripl2;Rbbp4;Nkx6-1;Irs2;Ccdc42;Echdc3;Rreb1;Cebpb;Cebpd;Ddit4l;Slc22a4;Glul;Tppp3;Igsf8;Cited4;Stc1;Zcchc24;Spcs3;Faim2;Arid3a;Fbln5;Scube3;Pdia6;Efna1;Cdh16;Sh3kbp1;Lpp;Espn;Nr4a1;Arhgap23;Usp53;Cbx4;Lpin1;Abcc1;Hspb7;Hspb2;Ncald;Ccdc28b,0.147907,-0.016951,-0.086316,0.053888,-0.164858,-0.236815,-0.082377,-0.029238,-0.099231,0.03725,-0.120939,-0.19648,-0.037815
CEBPE (human),10,Snrpn;Rfx2;Mpg;Ndrg1;Dpysl2;Smad6;Cbx4;Nfil3;Fmo4;Gfod1,0.142804,-0.146029,-0.366329,0.106938,-0.279529,-0.468918,-0.059704,-0.147582,-0.361513,0.02631,-0.136725,-0.329775,0.037316
AHR (mouse),18,Serpine1;Cyp1b1;Mthfr;Ecsit;Ptgs2;Ccl19;Npas4;Pitpnm2;Itga1;Synpo2l;Nfe2l2;Glul;Dynlt1b;Creg2;Zfp36l1;Ddit4;Pkd1;Chchd2,0.142687,-0.179118,-0.332486,-0.045397,-0.172046,-0.305343,-0.010738,-0.050863,-0.203289,0.094043,-0.036431,-0.206949,0.090618
SP1 (human),146,Haghl;Slc5a3;Dpysl2;Ppp4r1;Hes1;Hes6;Klf11;Klf13;Zbtb7a;Fermt2;Cryab;Pdgfc;Mybpc2;Jun;Kcnb1;Dusp1;Sphk1;Wnt9a;Dusp8;Slc7a5;Bhlhe40;Bhlhe41;Kcnc4;Iqgap1;Pth1r;Csnk2a2;Spsb1;Olfm2;Odc1;Npas4;Has3;Flnc;Pfkfb3;Bdnf;Lingo1;Nfe2l2;Celf4;Adamts10;Marcksl1;Myo10;Igf2bp3;Trim24;Mfsd10;Gstz1;Mapk12;Cpne5;Lrp3;Foxf1;Ppp1r1b;Rcor2;Tspan9;Hivep2;Tspan4;Ccdc112;Mrps6;Enah;Kcns3;Pcsk4;Acaca;Kif1a;Nfil3;Per3;Mnt;Dpep1;Mpg;Cd82;Ihh;Slc1a4;Ndrg2;Tbc1d16;Auts2;Inhbb;Midn;Pkdcc;Cacna1d;Sun2;Rbm24;Plec;Wnt4;Gfod1;Setbp1;Prr7;Dip2c;Cck;Tef;Zmiz1;Cyp1b1;Nxnl2;Fzd4;Nr1d2;Fosl2;Bace2;Tmem200b;Pqlc3;Prdm16;Rnf152;Nfic;Rarg;Tmem141;Ankrd50;Dgkd;Rcan1;Pgr;Irs2;Ankrd12;Abhd11;Efhd2;Dnajb1;Rreb1;Plekhg5;Irx3;Cebpb;Sik1;Pfn1;Cbfa2t3;Tnnt2;Ezr;Slc22a4;Glul;Izumo4;Tsc22d1;Sgk1;Igsf8;Cited2;Zcchc24;Hip1;Gdpd5;Gabre;Arid3a;Atp1b1;Aig1;Zfp36l2;Rasd2;S1pr3;Smad6;Nr4a3;Efna1;Sh3kbp1;Espn;Cbx4;Dbp;Pde4a;Camk1d;Wee1;Pde10a;Pkd1,0.141287,-0.067557,-0.126437,0.00443,-0.148676,-0.200742,-0.088099,-0.00739,-0.05446,0.046875,-0.097091,-0.165438,-0.040202
Stat3 (mouse),85,Oplah;Dusp1;Rapgef4;Mecom;Mbd1;Pdcd4;Hsp90b1;Map3k6;Ahsa2;Unc5d;Actn4;Cyp39a1;Akr1c14;Hhip;Bst2;Kalrn;Tmem220;Tnfaip6;Prelid2;Homer2;Tead1;Cdkn1a;Tle1;Ablim1;Pgr;Hmgcs2;Angpt2;Pir;Mcm6;Pln;Adamts3;Arrdc3;Arrdc4;Tpx2;Trpm3;Vav3;Cited4;Ptn;Lpin3;Plaur;Rbm3;Upb1;Mtmr4;Zfp282;Nox4;C3;Ncan;Tuba1a;Stk24;Bdnf;Dst;Tifa;Ank3;Cd14;Ptprd;Id1;Id2;Socs2;Zbp1;Mt1;Gpcpd1;Clcn7;Cpxm2;Fam98b;Churc1;Myc;Tnnc2;Ier5;Emb;Tmem140;Ankrd50;Sema6a;Fam107a;Gpm6a;Fibin;Sgk1;Fen1;Tgfb3;Npy1r;Arid3a;Steap3;Smad7;Usp53;Tshr;Acan,0.140312,0.010669,-0.06642,0.104716,-0.075113,-0.145678,-0.010984,-0.129643,-0.198627,-0.076634,-0.073167,-0.157343,0.009256
KLF4 (human),121,Ngef;Hes1;Hes6;Gbp5;Zbtb7a;Hyou1;Cryab;Pdgfb;Epb41l2;Zbtb7c;Mybpc2;Dusp8;Fxyd5;Bhlhe40;Pgm2l1;Lag3;Rasl10b;Zbtb16;Cdc25b;Ly6e;Slc25a34;Hr;Adora1;Gmnn;Pim3;Marcksl1;Ntrk3;Cirbp;Nrgn;Mfsd10;Mapk12;Ppp1r1b;Wnk4;Rcor2;Slc45a4;Ifi30;Tspan4;Rrad;Tmem176b;Tcap;Crip1;Mpg;Nxph3;Ndrg2;Asb10;Ccnd1;Inhbb;Midn;Irf7;Rbm24;Plec;Prr7;Ldb3;Pold4;Cck;Asb2;Serpine1;Mrgprf;Zmiz1;Flrt1;Mthfr;Nr1d1;Nr1d2;Cyb561;Rnf152;Timp1;Dhrs3;Nfic;Ndufa4l2;Gpr146;Rarg;Tmem141;Gli1;Adamtsl5;Slco2a1;Dgkd;Sbsn;Igfbp6;Mamstr;Fam107a;Abhd11;Ccdc42;Dnajb1;Phactr3;Plekhg5;Selenbp1;Cebpb;Haus8;Tnni3;Hsbp1l1;Pfn1;Gadd45g;Cbfa2t3;Dpf1;Izumo4;Igsf8;Acvrl1;Adrb1;Cgref1;B3gnt8;Mapre2;Sipa1;Gdpd3;Tgfbi;Nol3;Ephx1;Nr4a2;Efna1;Espn;Nr4a1;Nap1l5;Hspb7;Hspb2;Hebp2;Dbp;Pde4a;Lonrf1;Cldn7;Thra;Camk2b;Ccdc28b,0.13697,-0.097317,-0.175321,-0.017368,0.031851,-0.040168,0.092672,-0.022344,-0.075995,0.044453,-0.105119,-0.168713,-0.037795
NKX2-8 (human),27,Ech1;Rsad1;Rfx2;Glrx;Scn2b;Prss12;Id3;Slc35f5;Ap2a1;Xk;Dgkd;Cd81;Diaph3;Lpp;Cacna1d;Ect2l;Hmgcs2;Nfkbiz;Lancl3;Mcm6;Abcc1;Pdlim4;Phactr3;Unc5b;Uba52;Prr5l;Arhgdib,0.132381,-0.135683,-0.308843,0.059275,-0.164545,-0.301373,-0.038974,-0.032164,-0.14243,0.075253,-0.118784,-0.229139,0.00194
ZBTB7A (human),116,Ngef;Atf3;Prkaa2;Pdxk;Dpysl2;Ppp4r1;Hes6;Zbtb7a;Fermt2;Ppfibp2;Kcnma1;Pdgfc;Pdgfb;Ism1;Mybpc2;Sphk1;Dusp8;Tmeff2;Ecsit;Rapgef4;Rapgef5;Cdkl5;Mbd1;Fos;F3;Kcna2;Ndst3;Mapkapk3;Fbxo31;Stk24;Hsp90aa1;Lingo1;Ctxn1;Malt1;Plekha7;Mfsd10;Egr1;Egr2;Rcor2;Rassf3;Hivep2;Tspan4;Kcns3;Acaca;Kif1a;Penk;Lmcd1;Tmem176b;Per3;Dpy19l3;Kcnq3;Mnt;Cachd1;Crtc3;Cd82;Ihh;Auts2;Inhbb;Pcdh11x;Cacna1d;Acaa2;Galnt6;Myocd;Abhd14b;Rbm24;Grk5;Rrm2;Sobp;Hnrnpl;Mrgprf;Pip4k2a;Fzd8;Tmem200b;Ada;Rnf152;Nfic;Fosb;Cdkn1a;Phf2;Tle1;Tle6;Cacnb2;Lancl3;Serpini1;Dnajb1;Drd1;Irx3;Klf2;Uba52;Sik1;Manf;Cbfa2t3;Ezr;Tnrc18;Glul;Izumo4;Vav3;Tlr2;Rab6b;Podn;Hip1;Kif13a;Efnb2;Rasd2;S1pr3;Myh10;Smad7;Nr4a3;Efna1;Fgfr2;Ect2l;Cbx4;Pycr1;Myh9;Spen;Mlph,0.129713,-0.071641,-0.152139,0.007591,-0.12761,-0.20667,-0.053206,0.002103,-0.058789,0.070486,-0.105359,-0.166258,-0.035938
SPI1 (human),99,Pdgfc;Epb41l5;Dusp1;Mbd1;Gsto1;Kcna2;Odc1;Bmf;Cdc20;Arhgef3;Csrnp1;Sec14l1;Ophn1;Gem;Ets1;Plb1;Myocd;Fam71a;Cry1;Ldb3;Tef;Sv2a;Fam120c;Gnl1;Rara;Btg1;Timp3;Dhrs9;Cdkn1a;Lyst;Ckb;Fkbp4;C1qtnf2;Echdc3;Wdr89;Cep152;Nipal4;Gdpd3;Wnt16;Lpin3;Lonrf3;Mlph;Ppp4r1;Dmd;Slc16a1;Has3;Bdnf;Synpo2l;Lrrk1;Foxk2;Dst;Ephb6;Fhl3;Ptprz1;Bend5;Bend7;Slc25a25;Mgp;Chordc1;Ank3;Ccdc112;Tnfrsf12a;Pcsk5;Acaca;Kif1a;Ctsk;Ap2a1;Osr1;Ndrg2;Klhl31;Atoh8;Rbm24;Mast4;Aff3;Cpxm2;Scarb2;Sytl5;Asb4;Nxnl2;Mthfr;Slc16a11;Tesc;Sulf1;Nmnat2;Nkx6-1;Cacnb2;Serpini1;Eif4a1;Ddit4l;Gadd45g;Nuak1;Krt18;Stip1;Tgfb2;Smad7;Dock5;Dock8;Sel1l3;Pde4b,0.128736,0.02412,-0.047603,0.08201,-0.104616,-0.176761,-0.032256,-0.001394,-0.07606,0.068259,-0.047689,-0.127652,0.036954
BRCA1 (human),88,Dpysl2;Ppfibp2;Fat1;Jun;Jup;Sphk2;Mecom;Mbd1;Gsto1;Wtip;Cdc25b;Npas4;Ahsa1;Mfsd10;Grap;Lgals9;Pclo;Ophn1;Ppia;Asb10;Uba2;Pcdh11x;Tmem220;Myocd;Nav2;Dnah5;Ldb3;Cck;Mrgpre;Gng2;Bloc1s1;Gnl1;Pqlc3;Prdm16;Dhrs9;Fosb;Tle1;Fra10ac1;Drd1;Plekhg5;Cep152;Edn1;Mlf1;Zcchc24;Cldn22;Atp1b1;Fgfr2;Clock;Thra;Slc5a3;C2;Tmc7;Spsb1;Dmd;Ror1;Slc25a34;Pipox;Kpna1;Me3;Bend7;Kif20b;Ifi30;Tspan5;Socs2;Ccdc152;Slc1a4;Bcl9l;Asb5;Mthfr;Prss12;Cyb561;Hrct1;Gprasp1;Nmnat2;Dgkg;Tmem50b;Cmbl;Dpf1;Banp;Sgk1;Stc1;Elmo1;Manba;Pdia6;Sel1l3;Meis2;Pde4b;Pde4a,0.126921,0.046138,-0.043634,0.11793,-0.080782,-0.164474,0.005871,-0.006585,-0.089218,0.066354,-0.069549,-0.15409,-0.006447
WT1 (human),209,Atf3;Pdgfc;Ism1;Jun;Kcnb1;Sphk1;Dusp8;Slc7a5;Bhlhe41;Kcnc4;Tcp11l2;Dgat2;Mbd1;Kcna2;Ndst3;Tspo;Cdc25b;Npas2;Mob2;Gmnn;Bmf;Syt12;Fam76a;Mfsd10;Cpne5;Herc2;Egr1;Lgals9;Csrnp1;Nfil3;Kcnq3;Pnpla2;Crtc3;Nexn;Tbc1d16;Auts2;Chchd10;Pkdcc;Cacna1d;Plec;Ghr;Dapk2;Gfod1;Setbp1;Trib3;Dip2c;Hnrnpl;Zmiz1;Stard10;Nr1d1;Nr1d2;Rara;Gramd1c;Prdm16;Cdkn2c;Nfic;Fosb;Angptl4;Tmem229b;Rarg;Sncaip;Tle1;Nfix;Usp2;Phactr4;Gal3st3;Dnaja4;Cebpb;Tulp1;Sik1;Cbfa2t3;Por;Tnrc18;Vav3;Sipa1;Gdpd5;Atp1b1;Aig1;Efna5;Efnb2;Purb;Fgfr2;Tiparp;Pde10a;Tmem82;Upb1;Slc5a3;Ppp4r1;Prex1;Hes1;Klf11;Zbtb7a;Lats2;Fermt2;Kcnma1;C2;Zbtb7c;Tmc7;Ecsit;Pth1r;Cgnl1;Nanos1;Csnk2a2;Lrg1;Heyl;Spsb1;Dmd;Olfm2;Has3;Flnc;Stk24;Pfkfb3;Pim3;Hsp90aa1;Bdnf;Lingo1;Nfe2l2;Celf4;Plekha7;Lrp3;Foxf1;Wnk4;Rcor2;Hivep2;Tspan4;Ccdc112;Mrps6;Enah;Ptprd;Id1;Kif1a;Per3;Per2;Ramp2;Fhod3;Mnt;Klhl29;Dpep1;Nxph3;Ihh;Ndrg2;Pak6;Inhbb;Acaa2;Clcn7;Irf7;Rbm24;Rbm14;Wnt4;Prr7;Wsb1;Hspa1b;Maml3;St13;Fzd8;Tmem200b;Rnf145;Rnf152;Tm9sf1;Plcb1;Rspo3;Brd7;Sema4a;Ankrd23;Sema4c;Nkx6-1;Rcan1;Irs2;Ankrd12;Abhd11;Slc37a2;Rreb1;Irx3;Klf4;Klf2;Smpdl3b;Eif4a1;Pfn1;Ezr;Lman2l;Dpf1;Banp;Patz1;Tsc22d1;Aldoa;Sgk1;Igsf8;Adrb1;Mapre2;Cilp2;Kif13a;Map4k4;Arid3a;Pde7a;Zfp36l1;Zfp36l2;Smad7;Nr4a2;Sh3kbp1;Espn;Sel1l3;Meis2;Agap1;Pde4a;Rwdd3;Camk1d;Spry2;Pkd1;Camk2b,0.126189,-0.041251,-0.084789,0.016214,-0.153565,-0.193796,-0.09724,-0.027376,-0.068633,0.013832,-0.098532,-0.158484,-0.049077
HNF4A (human),152,Atf3;Epb41l2;Kcnb1;Slc7a5;Fos;Gstp1;Map3k1;Adora1;Gapdh;Malt1;Igf2bp3;Trim24;Rin2;Grap;Pnpla2;Capg;Tfap2b;Crtc3;Cox6a1;Lhfp;Uba2;Pkdcc;Plb1;Nav2;Ghr;Trib3;Armc2;Zmiz1;Sv2a;Nr1d2;Sqle;Gnl1;Timp4;Timp1;Dhrs9;Smoc1;Angptl4;Cdkn1a;Snrpn;Fkbp5;Ppef1;Mamstr;Pitpnm2;Ipo5;C1qtnf7;Angpt2;Dnajc1;Dnajb4;Phactr4;Phactr3;Plekhg5;P2rx5;Syne1;Dync2h1;Apcdd1;Tlr2;P4ha1;Sorbs1;Wnt5b;Aig1;Comp;Dock10;Gas2l3;Cdh16;Fgfr2;Lpl;Il15ra;Mlph;Thra;Rbm3;Stard3;Tmem82;Pdxk;Zbtb8a;Upf1;Fabp3;Dmd;Lag3;Gk;Hat1;Mapkapk3;Rnaseh2b;Pfkfb3;Fam13c;Bdnf;Synpo2l;Nfe2l2;Me3;Bend4;Upp2;Slc25a25;Mgp;Ank3;Scn2b;Capsl;Art3;Rassf2;Hivep3;Acaca;Per1;Popdc3;Cd74;Mid1;Xk;Ndrg2;Pak4;Midn;Kif3a;Gpcpd1;Vcan;Aff3;Pdlim4;Lnx1;Prr7;Lama2;Enpep;Maml3;Tnnc2;Gprasp1;Fmo1;Tm9sf1;Plcb1;Lpcat2;Sema4a;Sema4c;Cacnb2;Rcan1;Xaf1;Erh;Il3ra;Ptpn21;Irx3;Asph;Slc24a4;Tmem50b;Manf;Nceh1;Ezr;Glul;Tsc22d1;Rpusd4;Aldoa;Igsf9;Stc1;Mapre2;Cilp2;Fam184b;Smad6;Dock8;Ect2l;Abcc1;Palld,0.124563,0.008997,-0.064282,0.079943,-0.058178,-0.111909,-0.006359,-0.040885,-0.088048,0.015998,-0.115565,-0.169634,-0.045394
ETV4 (mouse),83,Dpysl2;Sphk1;Mmp14;Trim58;Kcnk3;Itgb3;Igf2bp3;Rin2;Lgals9;Il33;Tcap;Iigp1;Lhfp;Uba2;Htra4;Lasp1;Tmem204;Grk5;Tef;Fbxl22;Kitl;Timp3;Adamtsl1;Fam129a;Usp2;Stox2;C1qtnf7;Hmgcs2;Angpt2;Lyz2;Phactr3;Gal3st3;Adamts6;Adamts8;Apcdd1;Ifit3;Tlr2;Lpp;Clock;Hlf;Ccdc28b;Arhgdib;Stard4;Upb1;Ppargc1a;Gbp5;Abtb2;C2;Tuba1a;Olfm2;Bdnf;Aph1a;Alpk1;Arsg;Anln;Acaca;Socs2;Cd34;Per1;Ndrg1;Pak6;Pdlim5;Parl;St13;Agtr1a;Fmo3;Tmem141;Sema4a;Enkur;Acss1;Cyp4f14;Rhobtb1;Glrx;Tsc22d3;Rpusd4;Sgk1;Npy1r;Rai14;Espn;Sel1l3;Ect2l;Nfkbia;Abcc1,0.123247,-0.060959,-0.142611,0.018314,0.015071,-0.072808,0.092215,-0.063534,-0.147042,0.002458,-0.108176,-0.177433,-0.024876
KLF5 (human),120,Spint2;Slc5a3;Lsm11;Hes6;Klf11;Zbtb7a;Vps13a;Fermt2;Pkig;Alkbh7;Ism1;Dusp8;Rapgef5;Kcnc4;Iqgap1;Nanos1;Csnk2a2;Spsb1;Tspo;Zbtb16;Cdc25b;Olfm2;Odc1;Hsp90b1;Flnc;Olfml2a;Ahsa2;Celf4;Adamts10;Marcksl1;Gapdh;Ctxn1;Cnnm3;Mfsd10;Gstz1;Kdelr2;Ppp1r1b;Actr3b;Rassf3;Tspan9;Ccdc112;Mrps6;Enah;Ccdc107;Acaca;Socs2;Kif1a;Stk17b;Fhod3;Ppia;Ihh;Proca1;Ndrg2;Inhbb;Uba2;Galnt6;Gpcpd1;Irf7;Plec;Npr3;Pdlim5;Rrm2;Dip2c;Tef;Hspa1a;Fam120c;Fzd4;Tesc;Pqlc3;Tead1;Nfic;Angptl4;Gramd4;Gli1;Nampt;Adamtsl5;Ankrd50;Fkbp4;Rbbp4;Usp2;Cys1;Erf;Irs2;Ankrd12;Cdc14a;Il3ra;Ccdc42;Phactr3;Rreb1;Irx3;Cpt1a;Smpdl3b;Pfn1;Stac;Gadd45g;Cbfa2t3;Ezr;Banp;Igsf8;Cited2;Hip1;Gdpd5;Arid3a;Atp1b1;Aig1;Fbln5;Stil;Efna1;Caprin2;Usp42;Dock8;Espn;Sel1l3;Arhgap23;Hspa8;Axin2;Meis2;Tcf7l2;Cldn7;Spry1,0.121766,-0.032904,-0.111892,0.047394,-0.131685,-0.186227,-0.064972,-0.009919,-0.053758,0.044946,-0.105257,-0.167749,-0.047771
MIB2 (human),107,Stard3;Upb1;Rbp4;Pdxk;Ier5l;Hes6;Vps13a;Kcnma1;Jun;Fgfbp3;Sphk1;Dusp8;Fos;Tspo;Slc16a1;Npas4;Map3k5;Pim3;Bdnf;Kcnk3;Ccdc85b;Ppp1r14b;Marcksl1;Ppp1r14c;Gapdh;Bend4;Slc25a25;Actn2;Plekha7;Wnk4;Net1;Tagln2;Rgl1;Tspan4;Tfap4;Ptprd;Id1;Per1;Ophn1;Nxph3;Inhbb;Bcl9l;Nav2;Clcn7;Rbm24;Plec;Npr3;Pdlim4;Grk5;Cpxm2;Rrm2;Spata24;Hspa1l;Cck;Hnrnpl;Cntfr;Gng2;Fosl2;Phf19;Eln;Hrct1;Gprasp1;Fmo3;Sulf1;Tm9sf1;Smoc1;Gpr146;Rarg;Phf2;Slc8a3;Atp6ap1l;Brd7;Sema4a;Fkbp4;Csf1;Clec3b;Acss1;Frmd4b;Ccdc42;Phactr3;Rreb1;Plekhg5;Prr5l;Adamts3;Tnni3;Adamts9;Pfn1;Rpusd4;Acvrl1;Sh3pxd2a;Prmt2;Sipa1;Cilp2;Tgfb3;Arid3a;Shisa4;Nol3;Arid5a;Cbx4;Pycr1;Abcb6;Ncald;Agap1;Mlph;Camk2b;Ccdc28b;Rbm3,0.119431,0.015205,-0.063794,0.083705,-0.104227,-0.167043,-0.03645,-0.046186,-0.122754,0.024276,-0.068655,-0.142051,0.005735
SP3 (human),117,Haghl;Ngef;Slc5a3;Dpysl2;Ppp4r1;Hes1;Hes6;Klf11;Klf13;Zbtb7a;Fermt2;Kcnb1;Sphk1;Wnt9a;Dusp8;Bhlhe40;Bhlhe41;Kcnc4;Iqgap1;Csnk2a2;Spsb1;Olfm2;Odc1;Hr;Npas4;Flnc;Pcyt2;Lingo1;Nfe2l2;Celf4;Adamts10;Marcksl1;Myo10;Trim24;Gstz1;Mapk12;Lrp3;Foxf1;Rcor2;Tspan9;Tspan4;Ccdc112;Mrps6;Kcns3;Pcsk4;Acaca;Per3;Fhod3;Mnt;Cd82;Ihh;Ndrg2;Tbc1d16;Auts2;Inhbb;Midn;Pkdcc;Cacna1d;Sun2;Rbm24;Plec;Wnt4;Setbp1;Pold4;Dip2c;Hnrnpl;Tef;Cyp1b1;Nxnl2;Fzd4;Prkcd;Nr1d2;Slc6a6;Tmem200b;Pqlc3;Rnf152;Nfic;Rarg;Tmem141;Gramd4;Dgkd;Irs2;Ankrd12;Abhd11;Dnajb1;Rreb1;Irx3;Cebpb;Sik1;Pfn1;Cbfa2t3;Ezr;Glul;Izumo4;Sgk1;Igsf8;Cited4;Zcchc24;Hip1;Arid3a;Atp1b1;Aig1;Zfp36l2;Rasd2;Smad6;Nr4a3;Caprin2;Sh3kbp1;Espn;Cbx4;Myh9;Pde4a;Wee1;Pde10a;Ddit3;Pkd1;Acan,0.119151,-0.052591,-0.126396,0.026989,-0.121944,-0.192238,-0.055468,-0.002793,-0.054749,0.056708,-0.089254,-0.151545,-0.037609
FOS (mouse),98,Optc;Mthfd2;Pkig;Ndst3;Adora1;Itga4;Ccdc85b;Cirbp;Arhgef3;Bbs5;Dync1i2;Capg;Vcam1;Ets1;Higd1a;Plec;Cyp26b1;Ldb3;Coq10b;Sqle;Timp1;Pf4;Ablim1;Frmd4a;Ipo5;Angpt2;Ccdc42;Pir;Phactr3;Xirp1;Wdr95;Pi15;Apol9a;Syne1;Adamts3;Arrdc2;Slc22a4;Slc22a2;Sorbs1;Gdpd3;Chrna1;Hfe;Caprin2;Lpin1;Lpin3;Gm3336;Defb25;Thbs1;Sncg;Gbp5;C3;Ecsit;Spsb1;Dmd;Olfm2;Ror1;Rnaseh2b;Flnc;Rsad1;Tm4sf1;Chordc1;Tagln2;Rassf2;Id1;Dynlt1b;Zfp703;Diras2;Sertad4;Ndrg1;Rgs2;Bcl9l;Mmp3;Mt2;Cpxm1;Parl;Tnnc1;H3f3b;Pawr;Nmnat2;Xaf1;Fam107a;Klf4;Klf9;Prr5l;Pfn1;Glrx;Chac1;Arl6ip5;Sox9;Lyve1;Aldoa;Myoz2;Npy1r;Tgfbi;Nr4a3;Usp53;Hspa5;Chchd6,0.116951,-0.112143,-0.183441,-0.030118,0.004809,-0.075072,0.08208,-0.059636,-0.132923,0.011521,-0.073824,-0.168939,0.000247
NFIA (human),97,Haghl;Ngef;Ppp4r1;Zbtb7a;Cryab;Pkig;Pdgfb;Hsph1;Sult1a1;Jup;Wnt9a;Pth1r;F3;Pgm2l1;Fabp3;Nudt10;Tspo;Slc25a34;Hr;Pipox;Pcyt2;Mob2;Gstt1;Osbp;Osgin1;Itga7;Dst;Kdelr3;Malt1;Bend5;Upp2;Bend7;Slc25a25;Fam76a;Itih4;Ppp1r3b;Tmem86a;Ppp1r1b;Ifi30;Lgals4;Kalrn;Ano1;Diras2;Herpud1;Enpp4;Atoh8;Pak6;Chchd10;Rgs2;Cytl1;Ldb3;Prelid2;Tef;Cntfr;Vit;Gng2;Fbxl22;Sv2a;Ndfip1;Prkcd;Tpi1;Cyb561;Glg1;Gprasp1;Rarg;Gramd4;Brd7;Fkbp5;Dgkd;Csf1;Rcan1;Ndp;Lancl3;Mustn1;Phactr3;Plekhg5;Asph;Cep152;Eif5a2;Glrx;Arrdc2;Tnnt2;Arl6ip5;Banp;Edn1;Mlf1;Aldoa;Sgk1;Acvrl1;Rab6b;Gabre;Ephx2;Espn;Abcb6;Hk2;Hist1h1e;Pkd1,0.11524,0.027596,-0.056884,0.100868,-0.066794,-0.140691,0.002908,-0.075426,-0.128714,-0.01786,-0.087644,-0.151905,-0.025465
SNAI2 (human),93,Haghl;Tmem82;Spint2;Ier5l;Lxn;Zbtb7c;Tmc7;Rapgef4;Nanos1;Spsb1;Ncan;Kcna2;Dmd;Ly6e;Slc25a34;Hsp90b1;Has3;Pcyt2;Acly;Pim3;Osgin1;Myo10;Bend7;Actn4;Epb41;Herc2;Scn2b;Slc45a4;Lgals4;Rassf2;Tspan9;Sec14l1;Tcap;Pnpla2;Cachd1;Mpg;Plvap;Zfand1;Klhl30;Atoh8;Pak6;Eef2k;Plec;Lnx1;Hnrnpl;Tef;Creb3l1;Serpinf1;Nr1d1;Slc6a6;Tesc;Nmnat2;Cdkn1a;Ankrd23;Tle6;Dgkd;Hmgn2;Igfbp2;Ppef1;Mamstr;Cacnb2;Ankrd12;Ipo5;S100a7a;Abhd11;Il3ra;Echdc3;Phactr3;Pi16;Uba52;Smpdl3b;Prr5l;Tulp1;Nceh1;Smtn;Dpf1;Izumo4;Tsc22d3;Tlr2;Sipa1;Tgfbi;Nol3;Hfe;Rasd2;Lpin1;Ncald;Dbp;Scfd2;Lonrf1;Spen;Pik3ip1;Camk2b;Ccdc28b,0.111005,-0.129947,-0.237456,-0.038576,-0.018942,-0.097824,0.068214,-0.063289,-0.143929,0.017629,-0.094272,-0.173782,-0.016885
SNAI1 (human),93,Haghl;Tmem82;Spint2;Ier5l;Lxn;Zbtb7c;Tmc7;Rapgef4;Nanos1;Spsb1;Ncan;Kcna2;Dmd;Ly6e;Slc25a34;Hsp90b1;Has3;Pcyt2;Acly;Pim3;Osgin1;Myo10;Bend7;Actn4;Epb41;Herc2;Scn2b;Slc45a4;Lgals4;Rassf2;Tspan9;Sec14l1;Tcap;Pnpla2;Cachd1;Mpg;Plvap;Zfand1;Klhl30;Atoh8;Pak6;Eef2k;Plec;Lnx1;Hnrnpl;Tef;Creb3l1;Serpinf1;Nr1d1;Slc6a6;Tesc;Nmnat2;Cdkn1a;Ankrd23;Tle6;Dgkd;Hmgn2;Igfbp2;Ppef1;Mamstr;Cacnb2;Ankrd12;Ipo5;S100a7a;Abhd11;Il3ra;Echdc3;Phactr3;Pi16;Uba52;Smpdl3b;Prr5l;Tulp1;Nceh1;Smtn;Dpf1;Izumo4;Tsc22d3;Tlr2;Sipa1;Tgfbi;Nol3;Hfe;Rasd2;Lpin1;Ncald;Dbp;Scfd2;Lonrf1;Spen;Pik3ip1;Camk2b;Ccdc28b,0.111005,-0.129947,-0.237456,-0.038576,-0.018942,-0.097824,0.068214,-0.063289,-0.143929,0.017629,-0.094272,-0.173782,-0.016885
TCF3 (human),93,Haghl;Tmem82;Spint2;Ier5l;Lxn;Zbtb7c;Tmc7;Rapgef4;Nanos1;Spsb1;Ncan;Kcna2;Dmd;Ly6e;Slc25a34;Hsp90b1;Has3;Pcyt2;Acly;Pim3;Osgin1;Myo10;Bend7;Actn4;Epb41;Herc2;Scn2b;Slc45a4;Lgals4;Rassf2;Tspan9;Sec14l1;Tcap;Pnpla2;Cachd1;Mpg;Plvap;Zfand1;Klhl30;Atoh8;Pak6;Eef2k;Plec;Lnx1;Hnrnpl;Tef;Creb3l1;Serpinf1;Nr1d1;Slc6a6;Tesc;Nmnat2;Cdkn1a;Ankrd23;Tle6;Dgkd;Hmgn2;Igfbp2;Ppef1;Mamstr;Cacnb2;Ankrd12;Ipo5;S100a7a;Abhd11;Il3ra;Echdc3;Phactr3;Pi16;Uba52;Smpdl3b;Prr5l;Tulp1;Nceh1;Smtn;Dpf1;Izumo4;Tsc22d3;Tlr2;Sipa1;Tgfbi;Nol3;Hfe;Rasd2;Lpin1;Ncald;Dbp;Scfd2;Lonrf1;Spen;Pik3ip1;Camk2b;Ccdc28b,0.111005,-0.129947,-0.237456,-0.038576,-0.018942,-0.097824,0.068214,-0.063289,-0.143929,0.017629,-0.094272,-0.173782,-0.016885
NRF1 (human),73,Upf1;Ecsit;Mbd1;Ncan;Slc16a1;Sap30;Pdcd4;Pfkfb3;Gmnn;Hsp90aa1;Lingo1;Khdrbs1;Hnrnpa1;Actn4;Epb41;Commd8;Rgl1;Art3;Rassf4;Anln;Sec14l1;Zfr;Dpy19l3;Pclo;Osr1;Ndufb11;Cox6a1;Kif3a;Abhd14b;Setbp1;Mvd;Rev1;Hnrnpm;Hnrnpl;Tef;Maml3;Stard10;Nr1d1;Slc6a6;Sqle;Hspa4l;Rnf145;Fosb;Gramd4;Tmem38b;Snrpn;Mamstr;Mcm6;Dusp14;Phactr4;Rhebl1;Pfn1;Arrdc3;Cbfa2t3;Stag1;Myl12a;Banp;Izumo4;Hist3h2a;Tppp3;P4ha1;Cgref1;Prmt2;Gnpda2;Smad7;Efna1;Tiparp;Idi1;Agap1;Spen;Ddit3;Clock;Pkd1,0.110997,0.004297,-0.084984,0.089167,-0.092227,-0.168768,-0.028091,0.018771,-0.057908,0.091087,-0.050591,-0.130678,0.017518
SRF (mouse),59,Mthfd2;Abcb1b;Cenpa;Ndst3;Rchy1;Dlx6;Egr1;Bst2;Il33;Vcam1;Plb1;Eef2k;Grem2;Rnd3;Fosb;Slc8a1;Snrpn;Ifi27l2a;Plekhg5;Syne1;Adamts9;Nipal4;Tpx2;Trpm3;Mpp2;Lpp;Clock;Lum;Fgfbp3;Dmd;Hat1;Bdnf;Ppm1n;Tm4sf1;Alpk1;Ptprd;Stk35;Mid1;Zfhx4;Clcn7;Pdlim5;Lama2;Serpine1;Ankrd50;Plcl1;Enkur;Olfr1034;Klf9;Smpdl3b;Eif4a1;Gpm6a;Hist1h3e;Manba;Arid5b;Hspb1;Hebp2;Hist1h1e;Spen;Col8a1,0.110986,-0.002835,-0.088674,0.096723,-0.090866,-0.179374,-0.012529,-0.027734,-0.135704,0.065293,0.02012,-0.05913,0.099732
TEAD4 (human),129,Haghl;Prkaa2;Pdxk;Dpysl2;Hes1;Hes6;Klf11;Zbtb7a;Klf15;Fermt2;Pdgfc;Jun;Kcnb1;Gprc5b;Bhlhe40;Bhlhe41;Kcnc4;Tcp11l2;Fos;Spsb1;Tspo;Gk;Zbtb16;Olfm2;Odc1;Npas4;Frzb;Flnc;Pcyt2;Pfkfb3;Bdnf;Itga7;Dsp;Myo10;Fhl3;Slc25a25;Trim24;Plekha7;Mapk12;Epb41;Lrp3;Ppp1r1b;Rcor2;Rassf4;Tspan9;Tspan4;Ccdc112;Enah;Id2;Pcsk4;Kif1a;Stk17b;Fhod3;Mnt;Klhl29;Ypel2;Dpep1;Crtc3;Ihh;Slc1a4;Ndrg2;Auts2;Midn;Pkdcc;Cacna1d;Sun2;Rbm24;Plec;Dip2c;Homer2;Tef;Hspa1a;Zmiz1;Fam120c;Nxnl2;Fzd4;Tnnc1;Nr1d2;Tmem200b;Tal2;Pqlc3;Cyb561;Ada;Nfic;Angptl4;Plcb1;Rarg;Tmem141;Ankrd50;Dgkd;Erf;Irs2;Ankrd12;Efhd2;Rreb1;Gal3st3;Plekhg5;Irx3;Klf4;Dnaja1;Dnaja4;Sik1;Pfn1;Arntl;Antxr1;Gadd45g;Cbfa2t3;Ezr;Sox9;Igsf8;Cited2;Stc1;Stc2;Stip1;Zcchc24;Prmt2;Sipa1;Arid3a;Atp1b1;Aig1;Smad7;Nr4a3;Espn;Meis2;Agap1;Dbp;Pde4a;Tcf7l2;Camk2b,0.109972,-0.056833,-0.126261,0.012505,-0.142855,-0.205641,-0.085899,-0.032883,-0.081109,0.016082,-0.125714,-0.192916,-0.06643
THRB (human),152,Fez1;Dpysl2;Vps13a;Nmt1;Epb41l5;Mybpc2;Dusp8;Mmp14;Bhlhe41;Rapgef4;Kcnc4;Fos;Pdcd4;Rasl11a;Npas4;Pcyt2;Ahsa2;Trim58;Itga7;Ntrk3;Gapdh;Hnrnpa0;Egr1;Egr2;Zhx3;Sec14l1;Tmem176b;Cachd1;Otud1;Ndufb11;Tbc1d16;Cacna1d;Myocd;Ghr;Ect2;Rrm2;Trib3;Dip2c;Homer2;Hnrnpl;Tef;St3gal5;Plk3;Coq10b;Bloc1s1;Rara;Prdm16;Angptl4;Nampt;Tle1;Tle6;Cfl1;Mamstr;Pgf;Hmgcs1;Gal3st3;Haus8;Adamts9;Vgll3;Vav3;Cited2;Cited4;Vwc2;Sipa1;Atp1b1;Efnb2;Comp;Rasd2;Fgfr2;Lpp;Myh9;Lonrf3;Ddit4;Haghl;Hes1;Klf13;Lats2;Abtb2;Iqgap1;Heyl;Spsb1;Tuba1c;Zbtb16;Leo1;Dpt;Lingo1;Cxxc5;Cnnm3;Slc25a25;Foxf1;Rgl1;Rassf3;Rassf4;Ccdc112;Anln;G2e3;Per3;Dpy19l3;Crip1;Klhl29;Osr1;Dpep1;Ccdc152;Plvap;Cd82;Pak6;Midn;Rgs2;Acaa2;Clcn7;Mast4;Eepd1;Wsb1;Ahnak;Tmem200b;Pawr;Cyb561;Ada;Nmnat2;Plcb1;Acss1;Cacnb2;Abhd11;Stk32b;Rhebl1;Akap5;Abra;Cmbl;Gng10;Banp;Patz1;Pcp4l1;Tsc22d1;Igsf9;Podn;Cilp2;Ryk;Atg16l2;Steap3;Manba;Stil;Arid5a;Ephx2;Smad6;Usp42;Sh3kbp1;Dock8;Sel1l3;Usp53;Hebp2;Tshr;Acan,0.108703,-0.075654,-0.132791,-0.017557,-0.136077,-0.19534,-0.073153,-0.027374,-0.073421,0.024709,-0.089307,-0.151327,-0.034324
Prrx2 (mouse),96,Optc;Tsix;Rapgef4;Mbd2;Ndst3;Ly6e;Il6ra;Frzb;Fbxo30;Ogn;Ip6k2;Unc5d;Igf2bp3;Hnrnpa1;Ech1;Rin2;Akr1c14;Csrnp1;Filip1l;Vcam1;Rem1;Ghr;Fam71a;Sv2a;Stard10;Plk2;Btg1;Timp4;Dhrs9;Stox2;Col14a1;Trf;Cpt1a;Cebpb;Syne1;Dync2h1;Apcdd1;Slc22a2;Faim2;Gabrq;Rasd1;Trp53bp1;Lox;Col6a6;Hist1h2ap;Defb25;Slc5a3;Prex2;Abtb2;Fgfbp3;Lefty1;Nanos1;Heyl;Peli1;Foxp1;Hat1;Rnaseh2b;Pim3;Hsp90aa1;Ppp1r14b;Ephb6;Ptprz1;Dclk1;Kif20b;Alpk1;Mrps6;Id4;Socs2;Mid1;Inhbb;Arhgef26;Fam98b;Daam1;Asb5;Asb4;Asb2;Hspa4l;Glg1;Tmem140;Brd7;Enkur;Igfbp2;Sema6a;Asph;Cd59b;Nuak1;Stag1;Gpm6a;Mapre2;Zfp36l1;Arid5b;Smad7;Sh3kbp1;Nfkbiz;Nap1l5;Negr1,0.108628,0.092205,0.021318,0.17588,0.024599,-0.048888,0.103603,-0.016423,-0.085456,0.061205,0.049415,-0.020078,0.126428
ELK4 (human),79,Prkaa2;Psmd9;Nox4;Nmt1;Cdca8;Upf1;Mecom;Cdkl5;Nanos1;Mbd1;Adam19;Lag3;Mapkapk3;Pdcd4;Has3;Pcyt2;Olfml2a;Hsp90aa1;Pmvk;Kdelr3;Gapdh;Igf2bp3;Hnrnpa0;Cyp39a1;Sfrp2;Egr1;Egr2;Hivep2;Ccdc112;Enah;Ptprd;Arhgef3;Cd34;Sdhd;Plvap;Narf;Ets1;Cpxm2;Daam1;Trib2;Cck;Cd9;Nxnl2;Nr1d1;Ehd4;Hspa4l;Gnl1;Pqlc3;Rbm8a;Dhrs9;Plcl1;Snrpn;Fra10ac1;Tceal1;Sbsn;Nkx6-1;Slc37a2;Uba52;Prr5l;Wdr89;Haus8;Eif5a2;Slc22a2;Edn1;Aldoa;Sorbs1;Mapre2;Ptn;Arhgap29;Steap3;Arid5b;Tiparp;Lpin3;Idi1;Abcb6;Ncald;Plaur;Cldn7;Clock,0.107227,0.014171,-0.076238,0.093661,-0.093056,-0.158771,-0.023507,-0.038525,-0.121591,0.039293,-0.035934,-0.118904,0.019198
E2F6 (human),131,Pdxk;Ier5l;Dpysl2;Hes1;Hes6;Zbtb7a;Klf13;Pdgfb;Epb41l2;Sdf2l1;Jun;Sphk1;Wnt9a;Gprc5b;Kcnc4;Fos;Fabp3;Adam19;Kcna5;Ndst3;Hr;Pcyt2;Pfkfb3;Bdnf;Lingo1;Nfe2l2;Bcas2;Myo10;Fam76a;Plekha7;Ppp1r3b;Rcor2;Tspan4;Rpa1;Per3;Fhod3;Mnt;Klhl29;Cachd1;Otud1;Ccnd1;Tbc1d16;Auts2;Pcdh11x;Cacna1d;Bcl9l;Galnt6;Sun2;Myocd;Nav2;Abhd14b;Clcn7;Plec;Rbm24;Npr3;Wnt4;Rrm2;Setbp1;Prr7;Sobp;Dip2c;Homer2;Zmiz1;Fam120c;Myc;Tnnc1;Fzd8;Nr1d2;Fosl2;Tmem200b;Anxa5;H3f3b;Pqlc3;Cyb561;Rara;Eln;Brd1;Nfic;Fosb;Gpr146;Phf2;Gramd4;Lyst;Sncaip;Enkur;Cys1;Cacnb2;Rcan1;Irs2;Ankrd12;Cdc14a;Efhd2;Plekhg5;Limch1;Cpt1a;Cebpb;Cebpd;Adamts1;Tnni3;Pfn1;Sik1;Arrdc2;Dpf1;Banp;Aldoa;Cited2;Adrb1;Hip1;Atg16l2;Steap3;Zfp36l1;Efnb2;Rasd2;Smad7;Lox;Usp42;Fgfr2;Nr4a1;Arhgap23;Hspa5;Cbx4;Pycr1;Meis2;Agap1;Pde4a;Rwdd3;Camk1d;Tiam1;Wee1;Pde10a;Ddit4,0.107005,-0.057991,-0.126318,0.005658,-0.138805,-0.201083,-0.080671,-0.0318,-0.081503,0.025599,-0.091835,-0.15416,-0.025447
POU2F2 (human),201,Optc;Atf3;Nebl;Vps13a;Sphk2;Rapgef4;Kcnc4;Egln3;Mbd2;Ndst3;Cdc25b;Ly6e;Frzb;Olfml2a;Efemp1;Itga1;Kcnk1;Kcnk3;Fam76a;Actn4;Cdc20;Egr2;Fam78b;Igf1;Aimp2;Net1;Nudcd3;Decr1;Klhl3;Kalrn;Sec14l1;Dync1i2;Cacybp;Kcnq3;Filip1l;Tfap2b;Morc4;Cachd1;Sdhd;Uba2;Pcdh11x;Plau;Ets1;Nrtn;Myocd;Etv5;Dnah5;Tnfaip8;Tnfaip6;Lasp1;Ect2;Grem2;Ldb2;Rev1;Stard10;Coq10b;Fosl2;Cdkn2b;Dhrs9;Plp2;Cdkn1a;Slc8a3;Adamtsl1;Ckb;Snrpn;Fkbp5;Tceal1;Glt8d2;Fam129a;Frmd4b;Ipo5;Fgf7;Dnajb4;Phactr4;Cpt1a;Plekhg3;Pi16;Wdr89;Adamts6;Arrdc3;Cbfa2t3;Slc22a4;Slc22a2;Ifit3;Mlf1;P4ha1;Sorbs1;Spcs3;Aig1;Chrna1;Hfe;Rasd1;Fgfr2;Lpl;Hk2;Lrrtm3;Tcf7l2;Dcn;Slc4a8;Mlph;Clock;Ccdc28b;Stard4;Upb1;Gbp3;Ppargc1a;Hes6;Abtb2;Hsph1;As3mt;Fgfbp3;Gprc5b;Vwa3b;Tuba1a;Dmd;Slc16a1;Ror1;Kpna1;Pfkfb3;Fam13a;Osbp;Pmvk;Me3;Dsp;Dst;Mboat1;Kdelr3;Ephb6;Plekha7;Ntn4;Ank3;Wnk4;Rgl1;Rassf4;Hivep3;Ccdc112;Ptprd;Id4;Ccdc107;Acaca;Creg2;Mid1;Xk;Slc1a4;Pak4;Pak6;Arhgef26;Rgs2;Zfhx4;Gpcpd1;Lamc2;Aff3;Pdlim5;Ddx17;Fam98b;Churc1;Lama2;Lama4;Wsb1;Sytl5;Asb4;Enpep;Maml3;Myc;H3f3b;Fmo2;Sulf1;Nmnat2;Tmem141;Ankrd50;Ccl19;Brd7;Sema4a;Cacnb2;Rcan1;S100a7a;Dhcr24;Mustn1;Wasf1;Asph;Clec2d;Akap5;Tnnt2;Lman2l;Sox9;Banp;Patz1;Tsc22d1;Tsc22d3;Stc1;Prmt2;Mapre2;Arid3a;Elmo1;Sel1l3;Nr4a1;Nfkbiz;Abcb6;Ncald;Palld;Col8a1,0.106942,0.021599,-0.03046,0.071937,-0.085343,-0.128629,-0.040142,-0.023561,-0.086267,0.031122,-0.032305,-0.082936,0.014402
HIF1A (human),94,Epb41l5;Rapgef4;Nudt10;Tspo;Map3k5;Ahsa2;Itga7;Khdrbs1;Actn4;Cpne5;Hhip;Nudcd3;Zhx3;Sec14l1;Htra4;Nrtn;Myocd;Dnah5;Prelid2;Homer2;Pcgf5;Hnrnpl;Coq10b;Bloc1s1;Gnl1;Plp2;Snrpn;Fkbp5;Usp2;Mamstr;Ipo5;Mcm6;Drd1;P2rx5;Syne1;Cth;Vgll3;Izumo4;Edn1;Vav3;Gas2l3;Pycr1;Wnt16;Myh9;Zbtb8a;Tuba1c;Dmd;Slc16a1;Kank4;Rnaseh2b;Pipox;Leo1;Has3;Kpna1;Fam13a;Bend7;Rsad1;Tifa;Ccdc112;Id2;Pcsk4;Ap2a1;Dpep1;Midn;Acaa2;Galnt6;Gpcpd1;Irf7;Mvd;Serpine1;Slc16a11;Cyb561;Gramd4;Itpripl2;Rbbp4;Cacnb2;Vwf;Rhebl1;Banp;Krt18;Igsf9;Nqo1;Cilp2;Gdf15;Arid3a;Stil;Usp42;Sh3kbp1;Dock8;Hspa5;Abcc1;Tshr;Palld;Camk2b,0.104251,-0.033369,-0.116722,0.04127,-0.13762,-0.2088,-0.057979,-0.054297,-0.111371,0.011071,-0.091217,-0.165902,-0.014765
LTF (human),101,Stard3;Haghl;Upb1;Rbp4;Mtmr4;Gbp5;Zbtb7a;Fat1;C2;Oplah;Sphk2;Bhlhe40;Bhlhe41;Kcnc4;Lrg1;Kcna2;Gstp1;Slc16a1;Rasl11a;Has3;Ahsa2;Ky;Lrrk1;Gapdh;Cnnm3;Slc25a25;Mgp;Epb41;Aimp2;Rassf3;Tfap4;Ccdc107;Pnpla2;Herpud1;Enpp4;Ndrg1;Rem1;Pak6;Plb1;Cytl1;Bcl9l;Pld1;Aff3;Gfod1;Mvd;Scarb2;Prr7;Ldb2;Ldb3;Tnks2;Hnrnpl;Asb5;Serpine1;Fam120c;St3gal5;Mthfr;Nr1d2;Slc6a6;Rrp8;Rbm8a;Cdkn2c;Sulf1;Dhrs3;Gpr146;Cdkn1a;Nampt;Snrpn;Csf1;Itpripl2;Ldlr;Igfbp2;Mamstr;Xaf1;Mfap2;Il3ra;Phactr3;Plekhg5;Dnaja1;Tnni3;Eif5a2;Chac1;Vgll3;Ezr;Lman2l;Ifit3;Banp;Patz1;Vav3;Aldoa;Rhou;Cited4;Vldlr;Gdf15;Tgfbi;Manba;Efna1;Lpp;Abcb6;Pde4a;Hlf;Acan,0.10316,-0.012077,-0.092172,0.064038,-0.068438,-0.141413,-0.002208,-0.068683,-0.148063,0.004153,-0.115237,-0.186774,-0.052409
PLAU (human),102,Ppargc1a;Klf11;Klf13;Alkbh7;Hsph1;Upf1;Dusp1;Sphk2;Dusp8;Lefty1;Fos;Apex1;Dmd;Gk;Foxp1;Slc25a33;Npas4;Thada;Bdnf;Itga7;Pmvk;Bcas2;Prc1;Slc25a25;Epb41;C4b;Egr1;Aimp2;Scn2b;Actr3b;Ifi30;Id1;Sec14l1;Kif1a;Lmcd1;Per1;Ihh;Gem;Bcl9l;Nav2;Gpcpd1;Cpxm2;Mvd;Dip2c;Wsb1;Cck;Adcy5;Mrgpre;Rnf7;Mrgprf;Zmiz1;St3gal5;St13;Tnnc2;Slc16a11;Fosl2;Gja4;Btg1;Tead1;Fosb;Fmod;Gpr146;Lyst;Slc8a3;Sema4c;Mamstr;Cacnb2;Rcan1;Fam107a;Dusp14;Phactr3;Adamts6;Sik1;Slc46a3;Apcdd1;Gng10;Sox9;Tsc22d3;Mlf1;Avpi1;Igsf8;Cilp2;Gdf15;Gsta4;Pde7a;Zfp36l1;Purb;Myh10;Nr4a3;Nr4a2;Sh3kbp1;Lpp;Nr4a1;Cbx4;Hspa5;Cmtm6;Idi1;Hk2;Dbp;Tcf7l2;Arhgdib;Chchd2,0.103051,-0.119575,-0.186837,-0.049095,-0.124968,-0.193635,-0.06107,-0.021917,-0.084082,0.054931,-0.030333,-0.095675,0.036517
REPIN1 (human),105,Hspe1;Ngef;Tob2;Dpysl2;Klf13;Zbtb7a;Klf15;Fat1;Pdgfc;Cdca8;Sdf2l1;Kcnb1;Sphk1;Dusp8;Tmeff2;Gprc5b;Fxyd5;Kcnc4;Heyl;Kcna2;Mapkapk3;Odc1;Map3k6;Pcyt2;Pim3;Bdnf;Celf4;Foxk2;Mmab;Cirbp;Cxxc5;Cnnm3;Slc25a25;Actn4;Lrp3;Ntn4;Foxf1;Rgl1;Slc45a4;Tspan9;Id2;Ccdc107;Kif1a;Penk;Phgdh;Per2;Ano2;Tcap;Cachd1;Ppia;Lhfp;Sun2;Galnt6;Nav2;Clcn7;Grk5;Rrm2;Eepd1;Prr7;Dip2c;Rev1;Zmiz1;Fosl2;Unc119;Rrp8;Prss12;Pawr;Rara;Rnf145;Eln;Prdm16;Tmem141;Sncaip;Dgkd;Rbbp4;Usp2;Sema6a;Phactr3;Klf4;Syne1;Stac;Slc22a4;Acvrl1;Adrb1;Vwc2;Sipa1;Map4k4;Arid3a;Fbln5;Efnb2;Comp;S1pr3;Arid5b;Smad7;Smad6;Efna1;Ubc;Tmem108;Ncald;Hebp2;Dbp;Pde10a;Ddit3;Thbs1;Acan,0.103009,-0.055521,-0.120112,0.02516,-0.111256,-0.172381,-0.023181,-0.01826,-0.091545,0.048309,-0.121269,-0.188477,-0.045779
USF1 (human),107,Hspe1;Upb1;Ngef;Atf3;Hes1;Ppargc1a;Klf11;Klf15;Pdgfb;Hsph1;Gprc5b;Bhlhe40;Bhlhe41;Pth1r;Mbd1;Fabp3;Psmb8;Dmd;Slc16a1;Bik;Olfm2;Hsp90b1;Has3;Stk24;Fam13a;Osbp;Khdrbs1;Me3;Unc5d;Upp2;Igf2bp3;Bend7;Hnrnpa1;Actn2;Tm4sf1;Crispld2;Itgbl1;Epb41;Ppp1r3b;Commd8;Ppp1r1b;Slc45a4;Arhgef3;Ccdc107;Rpa1;Per3;Per1;Herpud1;Otud1;Cd81;Klhl30;Ccnd1;Auts2;Cacna1d;Plec;Prr7;Afap1;Hnrnpl;Tef;Asb2;Serpine1;Fam120c;Stard10;Mthfr;Nr1d2;Gnl1;Cyb561;Rnf145;Tmem229b;Angptl2;Slc8a3;Tmem38b;Snrpn;Ckm;Ankrd23;Enkur;Tle6;Fkbp5;Sbsn;Ankrd12;Rhobtb1;Gal3st3;Cpt1a;Selenbp1;Dnaja1;Asph;Slc24a4;Rhebl1;Pfn1;Eif5a2;Tnnt2;Slc22a2;Rpusd4;Cgref1;Tgfb3;Arid3a;Fam184b;Efna1;Cdh16;Cbx4;Axin2;Pycr1;Abcb6;Agap1;Pde4a;Wee1;Rbm3,0.096178,-0.006557,-0.081074,0.072452,-0.100926,-0.166474,-0.039609,-0.078461,-0.144496,-0.020838,-0.102735,-0.16396,-0.042106
CBEPB (mouse),153,Fez1;Ppfibp2;Kcnb1;Gsto1;Bmf;Kcnk1;Ip6k2;Txnip;Sphkap;Igf1;Akr1c14;Net1;Arhgef3;Dync1i2;Herpud1;Pclo;Ccnb1ip1;Htra4;Homer2;Armc2;Mrgpre;Adcy7;Sncaip;Usp2;Stox2;Dnajb4;Col27a1;Syne1;Apcdd1;Arrdc3;Aig1;Dock10;Col6a6;Scfd2;Mtmr4;Prex2;Gbp3;Lats2;Fgfbp3;Gprc5b;Rnft1;Kpna1;Pmvk;Ppp1r14b;Mylk4;Sfrp2;Tagln2;Stk35;Stbd1;Zbp1;Klhl30;Mmp3;Mt2;Fam98b;Daam1;Vit;Sulf1;Abca8a;Enkur;Pfn1;Gpm6a;Nmb;Fam184b;Sh3kbp1;Nfkbiz;Palld;Mettl7a1;Abcb1b;Fat1;Bhlhe41;Mecom;Ndst3;Rock1;Rchy1;Osgin1;Ahsa1;Dlx5;Igf2bp3;Hnrnpa1;Ccdc80;Slc45a4;Nrtn;Nav2;Ghr;Fam71a;Rnd3;Hnrnpl;Gng2;Kitl;Pqlc3;Gramd1c;Rbm8a;Col23a1;Dhrs9;Snrpn;Frmd4a;Pi15;Plekhh2;Tnrc18;Vav3;Tlr2;Rab6b;Sorbs1;Gabrq;Hfe;Srgn;Wnt16;Myh9;Idi1;Tcf7l2;Hlf;Rfx2;Tmc7;Ptgs2;Mapkapk3;Bend5;Upp2;Bend7;Kif20b;Cd14;Ptprd;Id3;Id2;Ctsk;Cd34;Ano4;Diras2;Akr1b8;Mid1;Churc1;Cntfr;Serpine1;Mthfr;Bace2;Tet1;Fmo2;Brd7;Sema4a;Zfp568;Igfbp5;Inmt;Ptpn13;Serpini1;Mustn1;Tsc22d3;Stc2;Myoz2;Ryk;Pdia6;Nr4a3;Usp53;Pik3ip1;Spry1,0.093993,-0.026368,-0.092202,0.03682,-0.025412,-0.082145,0.03198,-0.083763,-0.150713,-0.0299,0.01023,-0.045744,0.061581
ARNT (human),112,Haghl;Atf3;Tob2;Lsm11;Dpysl2;Hes1;Nebl;Pdgfb;Jun;Dusp8;Gprc5b;Bhlhe40;Tcp11l2;Fos;Ncan;Gstp1;Dmd;Bik;Zbtb16;Ly6e;Pdcd4;Hsp90b1;Has3;Pcyt2;Fbxo31;Mob2;Gstt1;Bdnf;Kcnk1;Dlx5;Lrrk1;Ppp1r14b;Ntrk3;Prc1;Cirbp;Mboat1;Cxxc5;Nrgn;Kdelr2;Herc2;Tspan4;Ptprd;Ccdc107;Nfil3;Sertad4;Mnt;Ophn1;Pcp4;Asap2;Ndrg2;Ndrg1;Auts2;Ets1;Abhd14b;Nav2;Irf7;Plec;Tmem204;Mknk2;Eepd1;Gfod1;Trib1;Maml3;Myc;Slc6a6;Fosl2;Cyb561;Eln;Col23a1;Nfic;S100a7a;Abhd11;C1qtnf2;Angpt4;Hmgcs1;Dusp14;Plekhg5;Ralgapa2;Selenbp1;Antxr1;Arrdc2;Ddit4l;Cbfa2t3;Dpf1;Banp;Tsc22d3;Vav3;Adrb1;Stc2;Cgref1;Ryk;Efna5;Scube3;Rasd2;Smad7;Smad6;Pdia6;Nr4a3;Nr4a2;Fgfr2;Cbx4;Hspa8;Nfkbia;Meis2;Idi1;Pde4b;Pde4a;Lonrf1;Spry1;Pkd1;Camk2b;Chchd6,0.093079,-0.028258,-0.105319,0.04837,-0.121338,-0.185871,-0.058197,-0.047741,-0.117388,0.015568,-0.094918,-0.163544,-0.031611
CACYBP (human),103,Haghl;Ngef;Sncg;Zbtb7a;Cryab;C2;Jun;Fxyd5;Cdkl5;Fabp3;Lag3;Cdc25b;Olfm2;Ly6e;Slc25a34;Rasl11a;Ntf3;Mob2;Bdnf;Adamts10;Marcksl1;Ntrk3;Kdelr3;Ctxn1;Fhl3;Slc25a25;Mfsd10;Mapk12;Ppp1r1b;Rcor2;Ifi30;Tspan4;Csrnp1;Rrad;Sec14l1;Tmem176b;Fhod3;Mpg;Nxph3;Ndrg2;Pak6;Chchd10;Midn;Nrtn;Irf7;Plec;Mknk2;Trib1;Prr7;Pold4;Dip2c;Hspa1l;Asb2;Mrgprf;Flrt1;Cyp1b1;Nr1d1;Gja4;Rara;Rnf152;Timp1;Gpr146;Phf2;Prss23;Adamtsl5;Tle1;Sema4c;Fkbp5;Sbsn;Hmgn2;Mamstr;Abhd11;Il3ra;Ccdc42;Col14a1;Phactr3;Plekhg5;Irx3;Cebpb;Hsbp1l1;Arrdc2;Cbfa2t3;Banp;Gdpd3;Faim2;Cilp2;Arid3a;Steap3;Nol3;Ephx1;Nr4a2;Sh3kbp1;Espn;Sel1l3;Nr4a1;Pycr1;Nap1l5;Lpin1;Hspb7;Hspb2;Cldn7;Thra;Ccdc28b,0.09235,-0.058306,-0.139598,0.041531,-0.016921,-0.094244,0.045109,-0.031666,-0.108434,0.036806,-0.109271,-0.183369,-0.049648
TEAD2 (human),141,Haghl;Hspe1;Upb1;Pdxk;Prex2;Hes6;Zbtb7a;Nmt1;C2;Oplah;Sult1a1;Jun;Sphk2;Tmeff2;Pth1r;Mecom;Cdkl5;Fos;Tuba1c;Cdc25b;Rasl11a;Frzb;Has3;Kpna1;Pfkfb3;Pim3;Bdnf;Kcnk3;Nfe2l2;Celf4;Htr2a;Ip6k2;Ppp1r14b;Marcksl1;Ntrk3;Syt12;Ptprz1;Ntn4;Ppp1r1b;Slc45a4;Tspan9;Tspan4;Enah;Id2;Csrnp1;Kalrn;Pcsk4;Kif1a;Penk;Nfil3;Per3;Fhod3;Crip1;Nudt4;Morc4;Cachd1;Klhl29;Dpep1;Asap2;Ndrg2;Asb10;Auts2;Chchd10;Midn;Sun2;Nav2;Abhd14b;Irf7;Rbm24;Plec;Mast4;Cpxm1;Wnt4;Setbp1;Mvd;Trib2;Hspa1l;Cck;Hnrnpl;Cd9;Hspa1a;Cntfr;Myc;Pip4k2a;St3gal5;Nxnl2;Tmem200b;Tpi1;Eln;Angptl4;Gpr146;Plcb1;Rarg;Adamtsl5;Tle1;Ckm;Dgkd;Cys1;Rab3a;Ccdc42;Echdc3;Rreb1;Gal3st3;Plekhg5;Dnaja4;Tnni3;Sik1;Pfn1;Akap5;Apcdd1;Cbfa2t3;Ezr;Tnrc18;Tppp3;Rpusd4;Igsf8;Cited2;Adrb1;Rab6b;Prmt2;Sorbs1;Podn;Arid3a;Elmo1;Tgfbi;Steap3;Rai14;Dock10;Stil;Smad7;Nr4a3;Nr4a1;Arhgap23;Nfkbiz;Lpin1;Hspb7;Pde4a;Camk1d;Clock;Thra;Camk2b,0.092335,-0.093445,-0.153291,-0.031711,-0.128469,-0.207169,-0.066737,-0.036135,-0.082431,0.016015,-0.087779,-0.146282,-0.029193
TCF4 (human),282,Spint2;Fez1;Prkaa2;Nebl;Vps13a;Pkig;Nmt1;Fxyd5;Rapgef4;Gsto1;Map3k1;Rasl10b;Jam2;Fbxo31;Efemp1;Tnfrsf21;Ip6k2;Bcas2;Unc5d;Gapdh;Malt1;Crispld2;Igf1;Net1;Arhgef3;Bbs5;Kcnq3;Filip1l;Nexn;Ccnb1ip1;Ets1;Eef2k;Cytl1;Tnfaip6;Dapk2;Mrgprf;Zmiz1;Gja4;Fosb;Lyst;Glt8d2;Tceal1;Ablim1;Usp2;Cfl1;Stox2;Ppef1;Fgf7;Lancl3;Dnajb4;Phactr3;Cpt1a;Syne1;Apcdd1;Tpx2;Slc22a2;Edn1;Vwc2;Spcs3;Zdhhc23;Gsta4;Diaph3;Lox;Lpp;Ubc;Lonrf3;Plaur;Dcn;Clock;Stard3;Stard4;Lum;Rbp4;Prex2;Hes1;Ppargc1a;C2;C3;Hsph1;Fgfbp3;Csnk2a2;F3;Lag3;Rnaseh2b;Kpna1;Fam13c;Fam13a;Bdnf;Me3;Dsp;Ppp1r14b;Ephb6;Mylk4;Cela1;Sfrp2;Chordc1;Art3;Enah;Tg;Socs2;Per2;Per1;Osr1;Ndrg2;Ndrg1;Ccnd1;Zfhx4;Mmp3;Gpcpd1;Bmp3;Hmgb3;Mvd;Lama2;Sobp;Myc;Rnf145;Emb;Gprasp1;Sulf1;Plcb1;Tmem140;Tmem141;Plcl1;Dhcr24;Wasf1;Irx3;Limch1;Asph;Glrx;Abra;Gpm6a;Glul;Pcp4l1;Sgk1;Elmo1;Pde7a;Rai14;Manba;Ephx1;Arid5a;Sh3kbp1;Cmtm6;Nfkbia;Meis2;Hspb2;Pde4b;Chchd6;Cdkl5;Nudt10;Cdc25b;Rchy1;Hsp90b1;Itga1;Ogn;Dlx5;Myo10;Tspan15;Mfsd10;Epb41;Fam78b;Aimp2;Nudcd3;Apobec2;Tfap2b;Ppia;Myocd;Nav2;Dnah5;Ghr;Grem2;Cry1;Rev1;Gng2;Stard10;Nr1d1;Map1a;Dhrs9;Slc8a1;Slc8a3;Yipf4;Csf1;Ldlr;C1qtnf7;Srgap3;Hmgcs2;Hmgcs1;Pi16;Pi15;Ccdc60;Pln;Adamts8;Tnrc18;Hip1;Ptn;Cldn22;Chrna1;Gas2l3;Efna1;Axin2;Wnt16;Lpin3;Hapln1;Il15ra;Colec11;Gna14;Upb1;Kcnma1;Zbtb8a;Upf1;Peli1;Ror1;Ntf3;Pim3;Nfe2l2;Bend5;Plekha7;Dclk1;Kdelr2;Ntn4;Ank3;Rgl1;Rassf2;Hivep3;Cd14;Ptprd;Id3;Zfr;Ano1;Ano2;Stk17b;Popdc3;Diras2;Creg2;Cd74;Mid1;Slc1a4;Pak4;Rgs2;Clcn7;Vcan;Mast4;Aff3;Ddx17;Lnx1;Churc1;Prr7;Acot2;Serpinf1;H3f3b;Cyb561;Fmo2;Fmo3;Fmo4;Prss23;Clec3b;Nkx6-1;Cacnb2;Rcan1;S100a7a;Ptpn13;Ptpn21;Klf9;Prr5l;Stk32b;Stac;Manf;Cmbl;Lman2l;Banp;Rhou;Fibin;Arhgap29;Gnpda2;Scg5;Myh10;Smad7;Smad6;Plcxd3;Abcc1;Hebp2;Rwdd3;Spry1,0.091986,-0.001684,-0.056923,0.040954,-0.036147,-0.079705,0.012345,-0.093669,-0.137866,-0.05423,-0.041756,-0.074785,0.000324
HNF4A (mouse),32,Fzd4;Nr1d2;Jup;Eln;Cdkn2b;Tmem229b;Il4ra;Cdc42ep3;Htr1b;Lingo1;Adamts12;Gal3st3;Irx3;Pi16;Malt1;Akr1c14;Scn2b;Zhx3;Lyve1;Arhgef3;Stip1;Faim2;Scd2;Zfp36l1;Comp;Rasd1;Cacna1d;Cbx4;Plec;Lamc2;Aff3;Dcn,0.09085,-0.093974,-0.230868,0.04673,-0.180615,-0.299379,-0.036937,-0.105284,-0.242722,0.036661,-0.089766,-0.219283,0.030049
REL (human),28,Stard3;Arntl;Nr1d1;Kcnma1;Grap;Sult1a1;Trpm3;Fgfbp3;Gnl1;Gprc5b;Cyb561;Rrad;Ramp2;Slc8a3;Map3k1;Cachd1;Foxp1;Ly6e;Tnr;Mob2;Nrtn;Bdnf;Lamc2;Pde4b;Lonrf3;Ntrk3;Tcf7l2;Scarb2,0.090019,-0.18882,-0.310404,-0.035308,-0.141476,-0.239767,0.002324,-0.124021,-0.245831,0.013553,-0.21404,-0.3382,-0.077938
FOXA2 (mouse),73,Tmem82;Mettl7a1;Abtb2;Sult1a1;Fgfbp3;Nanos1;Mbd1;Mbd2;Nudt10;Zbtb16;Sap30;Il4ra;Bicc1;Lingo1;Ip6k2;Prc1;Slc25a25;Sfrp2;Crispld2;Tmem86a;Net1;Nfil3;Ap2a1;Klhl29;Xk;Ypel2;Plvap;Myocd;Vcan;Tnfaip8;Lamc2;Spata24;Dip2c;Wsb1;Cck;Hspa4l;Agtr1a;Lpcat2;Ankrd23;Olfr1034;Usp2;Ldlr;Frmd4b;Frmd4a;Rab3a;S100a7a;C1qtnf2;Angpt2;Dhcr24;Echdc3;Pecam1;Ralgapa2;Klf9;Dnaja4;Akap5;Antxr1;Nceh1;Tnnt2;Gpm6a;Mlf1;Rhoc;P4ha1;Map4k4;Tgfb2;Wnt5a;Steap3;Sh3kbp1;Wnt16;Idi1;Hba-a2;Hist1h1e;Tcf7l2;Arhgdib,0.088239,-0.04324,-0.137565,0.041591,-0.105151,-0.194598,-0.022421,-0.027455,-0.114352,0.050428,-0.115695,-0.201038,-0.024229
SP3 (mouse),103,Optc;Fez1;Rbp4;Prkaa2;Abtb2;Ppfibp2;Zfp292;Hyou1;Cryab;Kcnb1;Mmp14;Rapgef4;Rapgef5;Egln3;Kcna5;Tspo;Map3k1;Foxp1;Olfm2;Bdnf;Lingo1;Pmvk;Gapdh;Ephb6;Igf2bp3;Actn2;Cela1;Mgp;Kif20b;Ank3;Hivep2;Lgals9;Pcsk4;Neu2;Ctsk;Bbs5;Per3;Cachd1;Ndufb11;Ccnd1;Auts2;Plb1;Mt1;Irf7;Ghr;Lasp1;Pdlim5;Ddx17;Hnrnpl;Maml3;Nxnl2;Kitl;Sulf1;Fosb;Angptl2;Rarg;Sema4a;Fkbp5;Hmgn2;Pgr;Cdc14a;Ptpn13;Mfap2;Nes;Serpini1;Phactr3;Rreb1;Plekhg5;Dnaja1;P2rx5;Syne1;Adamts1;Tnni3;Slc46a3;Glrx;Antxr1;Cbfa2t3;Por;Twist2;Tnrc18;Sgk1;Cited2;Gse1;Rab6b;B3gnt8;Mapre2;Scd2;Gdf15;Wnt5b;Npy1r;Fas;Scube3;Efnb2;Lpl;Espn;Ubc;Hspa5;Hba-a1;Hspb2;Ncald;Dcn;Pde10a;Ddit3,0.088184,-0.017533,-0.097146,0.051901,-0.001375,-0.063286,0.078067,-0.018512,-0.074472,0.061502,-0.089559,-0.153299,-0.035817
FOXF1 (human),73,Lum;Fez1;Atf3;Ppargc1a;Hsph1;Sult1a1;Ecsit;Rapgef4;Mecom;Fos;Lars2;Dmd;Slc25a33;Synpo2l;Actn4;Rsad1;Cela1;Alpk1;Epb41;Ppp1r3b;Herc2;Chordc1;Tnfrsf12a;Ube2g1;Enah;Il33;Filip1l;Mid1;Zfand1;Ndrg1;Ccnb1ip1;Pcdh11x;Mmp3;Lama4;Wsb1;Prelid2;Homer2;Sytl5;Hnrnpl;Tef;Enpep;Fam120c;Stard10;Ada;Fmo2;Gli1;Slc8a3;Yipf4;Igfbp2;Ppef1;Cacnb2;Rcan2;C1qtnf7;Dnajc1;Gal3st3;Selenbp1;Tulp1;Ezr;Trpm3;Krt18;Aldoa;Slc35f5;Cgref1;Fas;Elmo1;Gas2l3;Arid5b;Nfkbiz;Idi1;Ncald;Hspb1;Hebp2;Plaur,0.088146,-0.102868,-0.174439,-0.022986,-0.057736,-0.133372,0.017561,-0.0423,-0.127791,0.044288,-0.014722,-0.096532,0.061115
MTF1 (human),105,Haghl;Hspe1;Atf3;Prkaa2;Dpysl2;Prex1;Lats2;Pdgfb;Oplah;Wnt9a;Tmc7;Dusp8;Bhlhe41;Mecom;Cdkl5;Nanos1;Fabp3;Zbtb16;Mapkapk3;Slc25a33;Rnft1;Pfkfb3;Thada;Lingo1;Aph1a;Ip6k2;Ntrk3;Mboat1;Kdelr3;Fam76a;Plekha7;Cdc20;Cpne5;Foxf1;Ppp1r1b;Grap;Rgl1;Tspan4;Ptprd;Pcsk5;Zfr;Per3;Stk17b;Pnpla2;Crip1;Nexn;Ndrg1;Ccnd1;Pak4;Pak6;Pkdcc;Ets1;Sun2;Abhd14b;Mknk2;Wnt4;Trib2;Trib1;Prr7;Rev1;Cyp1b1;Prr13;Prdm16;Angptl4;Plcl1;Dgkg;Nfix;Dgkd;Usp2;Mamstr;Pgf;Cacnb2;C1qtnf2;Vwf;Klf2;Slc24a4;Pfn1;Abra;Slc22a4;Banp;Patz1;Hist3h2a;Tppp3;Avpi1;Cgref1;Mapre2;Wnt5b;Arid3a;Pde7a;Efnb2;Rasd2;Manba;Arid5b;Smad7;Smad6;Nr4a3;Efna1;Usp42;Axin2;Dbp;Tcf7l2;Tiam1;Spry2;Thra;Camk2b,0.087993,-0.048853,-0.112107,0.035263,-0.100928,-0.18065,-0.021962,-0.012935,-0.074229,0.041753,-0.085472,-0.145682,-0.018691
JUN (mouse),97,Cryab;Cdca8;Sult1a1;Jun;Dusp1;Sphk2;Dusp8;Slc7a5;Mecom;Kcna5;Dlx6;Ccdc85b;Hhip;Actr3b;Otud1;Nexn;Rem1;Gem;Cytl1;Plec;Trib1;Ldb2;Ldb3;Pold4;Rnf7;Mrgprf;Gng2;Zmiz1;Nr1d1;Gja4;Phf19;Timp3;Tead1;Cdkn2b;Sncaip;Nampt;Pf4;Ablim1;Frmd4a;Dnajb4;Phactr3;Adamts1;Cep152;Mthfd1l;Tnrc18;Mlf1;Vav3;Avpi1;Vwc2;Sorbs1;Purb;Trp53bp1;Lpp;Idi1;Hk2;Dbp;Wee1;Hlf;Rbm3;Stard4;Tmc7;Pth1r;Hat1;Thada;Pmvk;Mmab;Sfrp2;Rassf4;Tnfrsf12a;Tg;Lmcd1;Ano2;Per1;Errfi1;Ap2a1;Dpep1;Pak6;Kif3a;Galnt6;Gpcpd1;Aff3;Churc1;Wsb1;Hspa1a;Gli1;Cys1;Banp;Tsc22d1;Aldoa;Adrb1;Podn;Cilp2;Arid3a;Myh10;Espn;Ncald;Chchd2,0.087956,-0.023401,-0.11577,0.050669,-0.111357,-0.177224,-0.05224,-0.080302,-0.154845,-0.010265,-0.060199,-0.13159,-0.005229
HIF1A (mouse),78,Spint2;Mthfd2;Ppargc1a;C2;Jup;Foxs1;Lag3;Slc16a9;Pfkfb3;Gmnn;Ky;Kcnk3;Celf4;Marcksl1;Syt12;Ppm1n;Ereg;Cdc20;Ccdc80;Mgp;Lrp3;Ptprd;Csrnp1;Lmcd1;Capg;Osr1;Ccdc152;Pak4;Auts2;Plb1;Plec;Pld1;Cyp26b1;Fam71a;Gfod1;Pold4;Hspa1a;Hspa1b;Serpine1;Serpinf1;Tal2;Pqlc3;Cyb561;Nmnat2;Tmem229b;Plcb1;Rspo3;Brd7;Snrpn;Slco2a1;Ablim1;Cyp4f14;Rcan2;Xaf1;Cdc14a;Fgf7;Abhd11;Srgap3;Ifi27l2a;Klf2;Dnaja1;Cth;Gadd45g;Nceh1;Vav3;Cited4;Stc1;Cilp2;Tgfb3;Wnt5a;Aig1;Steap3;Efnb2;Cdh16;Col6a6;Espn;Cbx4;Pde4a,0.087784,-0.046077,-0.139038,0.041629,-0.133861,-0.215159,-0.044735,-0.056561,-0.135246,0.017622,-0.051273,-0.143717,0.024208
AHR (human),102,Optc;Cdca8;Hsph1;Jup;Sphk2;Bhlhe41;Pth1r;Dgat2;Mbd2;Fabp3;Cenpa;Sap30;Rnft1;Stk24;Mob2;Bmf;Hsp90aa1;Me3;Itgb3;Igf2bp3;Fam76a;Alpk1;Ppp1r3b;Egr2;Aimp2;Rcor2;Nudcd3;Tspan4;Tfap4;Id1;Ccdc107;Pcsk4;Sec14l1;Nfil3;Herpud1;Mnt;Ppia;Ndrg2;Cytl1;Myocd;Vcan;Plec;Tnfaip8;Pik3r3;Cpxm1;Fam71a;Gfod1;Setbp1;Cry1;Scarb2;Ldb3;Afap1;Mrgprf;Myc;Pip4k2a;St3gal5;Tnnc1;Pawr;Cyb561;Rara;Angptl4;Rarg;Atp6ap1l;Adamtsl5;Ankrd50;Frmd4b;Mamstr;Pitpnm2;Phactr3;Drd1;Wasf1;Irx3;Ralgapa2;Dnaja4;Pi16;Slc24a4;Dync2h1;Tmem50b;Tnnt2;Ezr;Ifit3;Lyve1;Adrb1;Prmt2;B3gnt8;Ppp2cb;Npy1r;Tgfbi;S1pr3;Manba;Smad7;Efna1;Fgfr2;Sh3kbp1;Nfkbiz;Slc4a8;Ddit4;Ddit3;Spry1;Hlf;Camk2b;Chchd6,0.087438,-0.00849,-0.097786,0.065392,-0.095928,-0.173505,-0.032223,-0.095038,-0.165472,-0.013529,-0.07334,-0.128026,-0.010313
MYOG (mouse),121,Optc;Ppfibp2;Pkig;Pdgfc;Oplah;Rapgef5;Mecom;Kcna5;Fads3;Tspo;Ly6e;Itga4;Ahsa2;Kcnk1;Adamts15;Ech1;Igf1;Slc45a4;Hhip;Lgals4;Kcns3;Neu2;Tcap;Higd1a;Cytl1;Plec;Tnfaip8;Pld1;Ldb3;Pold4;Pcgf5;Mrgprf;Adcy7;Apol8;Flrt1;Nr1d1;Kitl;Zfp365;Plp2;Rarg;Snrpn;Ckm;Tle6;Glt8d2;Ppef1;Angpt2;Ccdc42;Adamts8;Ifitm3;Apcdd1;Cbfa2t3;Slc22a4;Gse1;Ppp2cb;Wnt5a;Wnt5b;Shisa4;Cdk2ap1;Rasd1;Lonrf3;Tiam1;Mlph;Thbs1;Tmem82;Ngef;Ier5l;Sncg;Cgnl1;Mapkapk3;Ror1;Slc25a34;Rnaseh2b;Il4ra;Thada;Dst;Ctxn1;Cela1;Tmem86a;Wnk4;Tspan9;Tg;Sertad4;Zbp1;Mpg;Plvap;Pak4;Inhbb;Npr3;Wnt4;Eepd1;Prr7;Lama4;Asb4;Mthfr;Prr12;Eln;Rnf152;Sema4a;Sema4c;Sbsn;Xaf1;Fam107a;Rhobtb1;Slc37a2;Mustn1;Uba52;Ddit4l;Manf;Lman2l;Sox9;Pcp4l1;Rhoc;Aldoa;Rhou;Igsf9;Acvrl1;Podn;Cilp2;Arhgap23;Hspa8;Col8a1,0.086534,0.001268,-0.062952,0.073942,-0.023926,-0.090459,0.046305,-0.063373,-0.128584,0.004135,-0.085267,-0.149651,-0.024587
RELB (human),96,Stard3;Atf3;Dpysl2;Hes1;Gbp5;Fermt2;Kcnma1;Nox4;Nmt1;Zbtb8a;Hsph1;Epb41l2;Kcnb1;Fxyd5;Dgat2;Lrg1;Fabp3;Spsb1;Tspo;Foxp1;Pdcd4;Has3;Bdnf;Ky;Me3;Ppp1r14c;Mmab;Tspan15;Hnrnpa0;Hnrnpa1;Actn2;Cdc20;Rin2;Ntn4;Ank3;Tagln2;Hivep2;Tspan4;Slc10a6;Rrad;Tmem176b;Tcap;Fhod3;Crip1;Herpud1;Nanp;Mnt;Cachd1;Klhl31;Inhbb;Htra4;Pcdh11x;Vcan;Mknk2;Ddx17;Adcy7;Fbxl22;Zmiz1;Stard10;Prr13;Pqlc3;Eln;Prdm16;Gpr146;Rarg;Lpcat2;Gramd4;Ccl19;Sema4a;Tle6;Nfix;Rbbp4;Igfbp6;Angpt4;Mfap2;Serpini1;Dnajb2;Irx3;Adamts9;Arrdc2;Arl6ip5;Banp;Sh3pxd2a;Fen1;Atp1b1;Steap3;Efna5;Pdia6;Lox;Nfkbia;Idi1;Agap1;Spry1;Camk2b;Ccdc28b;Acan,0.085568,-0.026155,-0.098633,0.049507,-0.017787,-0.081531,0.052309,-0.034556,-0.105883,0.037359,-0.103355,-0.182536,-0.030024
E2F1 (human),317,Prkaa2;Tob2;Dpysl2;Vps13a;Alkbh7;Mybpc2;Dusp1;Kcnb1;Dusp8;Tmeff2;Fxyd5;Kcnc4;Mbd1;Gsto1;Mbd2;Apex1;Fads3;Map3k1;Lrch1;Fbxo30;Bmf;Adamts10;Unc5b;Txnip;Gapdh;Trim24;Cyp39a1;Gstz1;Tfap4;Kcns3;Rrad;Cacybp;Kcnq3;Cachd1;Chchd10;Ets1;Cnn3;Eef2k;Plec;Grk5;Dip2c;Afap1;Tef;Zmiz1;Fam120c;Prkcd;Tpi1;Btg1;Prdm16;Cdkn2c;Fosb;Adamtsl5;Ckb;Fkbp4;Ppef1;Mfap2;Lancl3;Mcm6;Phactr3;Drd1;Ralgapa2;Dnaja4;Cth;Apcdd1;Slc22a4;Hist3h2a;Sipa1;Atp1b1;Aig1;Gsta4;Purb;Lox;Fgfr2;Lpp;Dbp;Lrrtm3;Lonrf3;Ccdc28b;Hspe1;Ngef;Pdxk;Slc5a3;Hes1;Hes6;Gprc5b;F3;Dmd;Lag3;Pfkfb3;Bdnf;Lingo1;Celf4;Foxk2;Me3;Dsp;Mmab;Ctxn1;Foxf1;Rcor2;Mrps6;Pcsk4;Acaca;Penk;Per2;Per1;Mnt;Osr1;Klhl29;Mpg;Ndrg2;Ndrg1;Ccnd1;Arhgef26;Irf7;Rbm24;Npr3;Rbm44;Sobp;Cyp1b1;Fzd8;Tmem200b;Gipc2;Rnf145;Eln;Hrct1;Rnf152;Tmem141;Enkur;Acss1;Irs2;Ankrd12;Wasf1;Irx3;Limch1;Pfn1;Arntl;Stag1;Ezr;Sox9;Glul;Patz1;Tppp3;Aldoa;Sgk1;Stip1;Podn;Arid3a;Tgfbi;Rai14;Rgs17;Manba;Arid5b;Hspa8;Meis2;Hist1h1e;Pde4a;Chchd2;Atf3;Fat1;Cdca8;Pdgfb;Ism1;Sult1a1;Epb41l2;Sphk2;Sphk1;Wnt9a;Bhlhe40;Bhlhe41;Mecom;Fos;Cenpa;Ndst3;Cdc25b;Hsp90b1;Adora1;Mob2;Ntrk3;Hnrnpa1;Mfsd10;Cpne5;Herc2;Egr1;Egr2;Aimp2;Hhip;Sec14l1;Nfil3;Nanp;Otud1;Pkdcc;Cacna1d;Higd1a;Myocd;Nav2;Setbp1;Rev1;Hnrnpl;Nr1d2;Fosl2;Gnl1;Pqlc3;Col23a1;Dhrs3;Phf2;Tmem38b;Tle1;Frmd4b;Plekhg3;Adamts6;Adamts9;Cbfa2t3;Twist2;Tnrc18;Izumo4;Vav3;Cited2;Wnt5a;Efna5;Scube3;Rasd1;Rasd2;Efna1;Tiparp;Cbx4;Wnt16;Hapln1;Tcf7l2;Wee1;Rfx2;Upb1;Lsm11;Ppp4r1;Klf11;Klf13;Klf15;Abtb2;Kcnma1;Ptgs2;Ntf3;Has3;Nfe2l2;Lrrk1;Kdelr3;Cxxc5;Bend5;Plekha7;Itih4;Ank3;Rgl1;Rassf3;Hivep2;Ano4;Dpy19l3;Errfi1;Fhod3;Mid1;Nxph3;Slc1a4;Fdps;Inhbb;Midn;Rgs2;Galnt6;Aff3;Pdlim5;Ddx17;Prr7;Serpine1;Serpinf1;Nxnl2;Anxa5;Prss12;Fmo1;Fmo4;Tm9sf1;Atp6ap1l;Rspo3;Brd7;Sema4a;Sema4c;Sbsn;Clec3b;Nkx6-1;Sema6a;Cacnb2;Rcan1;Rhobtb1;S100a7a;Efhd2;Dusp14;Rreb1;Slc24a4;Prr5l;Cmbl;Banp;Tsc22d1;Adrb1;Cilp2;Kif13a;Ryk;Atg16l2;Slx1b;Steap3;Zfp36l1;Zfp36l2;Myh10;Stil;Smad7;Smad6;Nr4a3;Nr4a2;Nap1l5;Abcb6;Agap1;Rwdd3;Spry1,0.084967,-0.027018,-0.086222,0.013957,-0.111984,-0.151902,-0.07447,-0.04328,-0.081745,-0.008461,-0.066503,-0.10935,-0.028356
ETS1 (mouse),116,Optc;Spint2;Atf3;Mmp14;Nudt10;Npas2;Hsp90b1;Acly;Zfp872;Dlx5;Adamts15;Ip6k2;Unc5b;Egr2;Sphkap;Actr3b;Kalrn;Phgdh;Herpud1;Nudt4;Otud1;Chchd10;Plb1;Etv5;Plec;Hnrnpm;Adcy7;Sv2a;Nr1d2;Timp1;Tead1;Zfp365;Dhrs9;Tmem229b;Nampt;Fkbp5;Fam47e;Ablim1;Frmd4a;Ccdc42;Echdc3;Mcm6;Dnajb4;Cebpb;Adamts3;Adamts8;Por;Slc35f5;Olfr224;Faim2;Shisa4;Atp1b1;Purb;Rasd2;Trp53bp1;Gm3336;Upb1;Rbp4;Psmd9;Lsm11;Prex2;Hes1;Mrpl27;Gprc5b;Heyl;Peli1;Nfe2l2;Ppp1r14b;Kdelr3;Cnnm3;Alpk1;Ntn4;Ank3;Ppp1r1b;Tnfrsf12a;Pcsk5;Sertad4;Dpep1;Pak4;Bcl9l;Vcan;Cpxm2;Wnt4;Wsb1;Serpine1;Mthfr;Eln;Hrct1;Emb;Gprasp1;Tm9sf1;Gramd4;Cyp51;Ptpn13;Il3ra;Ptpn21;Wasf1;Eif4a1;Tnni3;Hist1h4c;Eif5a2;Gadd45g;Gpm6a;Patz1;Nmb;Tgfb3;Pde7a;Zfp36l1;Myh10;Ephx1;Stil;Sh3kbp1;Ncald;Spen;Tshr;Col8a1,0.084581,-0.004587,-0.080142,0.067619,-0.089168,-0.154979,-0.032152,-0.043456,-0.097669,0.017704,-0.063224,-0.127933,-0.015793
IRF8 (mouse),86,Optc;Mettl7a1;Mthfd2;Pkig;Tspo;Pdcd4;Adora1;Khdrbs1;Dlx5;Dlx6;Txnip;Itgb3;Apobec2;Phgdh;Bbs5;Vcam1;Pkdcc;Plb1;Myocd;Plec;Pld1;Cyp26b1;Ldb3;Rnf7;Cdkn2b;Dhrs9;Cdkn1a;Phf2;Fam47e;Tceal1;Ablim1;Rab3a;Mfap2;Col14a1;Dnajb2;Dnajb4;Selenbp1;Dnaja1;Pln;Trpm3;Efnb2;Gas2l3;Efna1;Lpp;Cbx4;Lpin3;Lonrf3;Lonrf1;Hist1h2ap;Dcn;Wee1;Lin9;Lats2;C2;Hist2h2aa1;Psmb8;Sap30;Cdc42ep3;Nfe2l2;Pmvk;Cxxc5;Ifi30;Mrps6;Ptprd;Pcsk5;Stk35;Akr1b8;Osr1;Mid1;Dpep1;Ndrg2;Ndrg1;Galnt6;Gpcpd1;Fam177a;Daam1;Prr13;Tet1;Rnf145;Prr5l;Hist1h4d;Pfn1;Krt18;Igsf8;Nfkbiz;Spry2,0.084528,-0.018336,-0.108367,0.051383,-0.050341,-0.138039,0.025341,-0.038286,-0.099704,0.037121,-0.102863,-0.16936,-0.016025
ELK1 (human),108,Hspe1;Rbp4;Prex2;Pdgfc;Sphk1;Dusp8;Mecom;Egln3;Mbd1;Apex1;Peli1;Kcna2;Dmd;Zbtb16;Foxp1;Odc1;Frzb;Pipox;Map3k6;Pcyt2;Pfkfb3;Efemp1;Foxk2;Htr2a;Adamts12;Adamts10;Ccdc85b;Dsp;Myo10;Itgb3;Hnrnpa1;Plekha7;Mfsd10;Dclk1;Rin2;Epb41;Foxf1;Tspan4;Ccdc112;Kcns3;Csrnp1;Penk;Per2;Ano2;Ap2a1;Pclo;Ophn1;Osr1;Mpg;Uba2;Narf;Cnn3;Myocd;Bmp3;Tnfaip6;Tmem204;Grk5;Ddx17;Gfod1;Tnks2;Serpine1;Fam120c;Slc6a6;Gja4;Tet1;Gnl1;Pawr;Ada;Rnf145;Cdkn2b;Lpcat2;Brd7;Ckm;Ankrd23;Dgkg;Csf1;Rcan1;Fgf7;C1qtnf7;Angpt4;Serpini1;Eif4a1;Tulp1;Plekhh2;Sik1;Antxr1;Slc22a2;Ifit3;Edn1;Nmb;Vav3;Hip1;Gdpd3;Fas;Steap3;Rai14;Arid5a;Caprin2;Fgfr2;Dock8;Pdzd2;Usp53;Meis2;Ncald;Palld;Col8a1;Ddit3;Chchd6,0.083367,-0.063112,-0.137527,0.012197,-0.10707,-0.171059,-0.046166,-0.023704,-0.080815,0.045864,-0.059801,-0.128976,0.010433
MYOD1 (mouse),118,Optc;Scx;Ppfibp2;Alkbh7;Kcnb1;Jup;Wnt9a;Bhlhe40;Rapgef4;Mecom;Npas2;Npas4;Trim58;Itga7;Kcnk3;Adamts10;Fam76a;Rin3;C4b;Fam78b;Lgals4;Klhl3;Neu2;Pnpla2;Capg;Ophn1;Ypel2;Narf;Cacna1d;Higd1a;Nrtn;Tnfaip8;Tef;Cd9;Flrt1;St3gal5;Stard10;Plk3;Ehd4;Rara;Ndufa4l2;Tmem229b;Angptl2;Phf2;Adamtsl5;Slco2a1;Usp2;Mamstr;Dnajc1;Mfap2;Col14a1;Phactr3;Col27a1;Ralgapa2;Wdr95;Pi16;Cep152;Nipal4;Cbfa2t3;Gse1;Gdpd3;Wnt5b;Efna5;Rasd1;Rasd2;Col6a6;Tiparp;Lpin3;Hba-a1;Rfx2;Hspe1;Pdxk;Lin9;Ppp4r1;Lats2;C3;Tmc7;Cgnl1;Heyl;Olfm2;Hat1;Rnaseh2b;Cdc42ep3;Pfkfb3;Pim3;Ppm1n;Mapk12;Tnfrsf12a;Dynlt1b;Ano1;Popdc3;Pak6;Abhd14b;Bmp3;Wnt4;Rbm44;Mthfr;Tal2;Eln;Plcl1;Slc37a2;Klf4;Slc24a4;Pfn1;Tmem50b;Tnnt2;Sox9;Stc1;Stc2;Gdf15;Arid3a;S1pr3;Dock8;Espn;Sel1l3;Nr4a1;Hebp2;Pkd1,0.08245,-0.061229,-0.143677,0.012355,-0.099456,-0.16372,-0.045461,-0.017005,-0.082287,0.046796,-0.057674,-0.125679,0.014604
NR3C1 (mouse),77,Optc;Nmt1;Pdgfc;Mbd1;Olfml2a;Itga1;Tspan15;Slc45a4;Phgdh;Dync1i2;Iigp1;Auts2;Narf;Tmem220;Sun2;Ghr;Fam120c;Trp53inp1;Rara;Timp3;Angptl4;Snrpn;Fam47e;Ablim1;Stox2;C1qtnf7;Ifitm3;Apcdd1;Por;Vav3;Spcs3;Zdhhc23;Ppp2cb;Fbln5;Lpp;Hba-a2;Slc4a8;Gbp5;Zfp292;Hsph1;Zbtb7c;Fgfbp3;Celf4;Mboat1;Upp2;Ppp1r3b;Ank3;Ptprd;Acaca;Ctsk;Galnt6;Tmsb15b2;Mmp3;Npr3;Gm6710;Scarb2;Sytl5;Hspa1a;Creb3l1;Nxnl2;Prr13;Tet1;Eln;Fmo4;Abca8a;Rcan2;Smpdl3b;Slc24a4;Hist1h4d;Eif5a2;Slc46a3;Abra;Cmbl;Fen1;Dock5;Ect2l;Meis2,0.082314,-0.125314,-0.198985,-0.046935,-0.059036,-0.158401,0.013286,-0.077638,-0.161673,0.017972,-0.14135,-0.201536,-0.069106
MYC (human),103,Haghl;Hspe1;Upb1;Ngef;Atf3;Psmd9;Hes1;Ppargc1a;Klf11;Klf15;Pdgfb;Gprc5b;Bhlhe40;Bhlhe41;Pth1r;Egln3;Dgat2;Fabp3;Apex1;Gstp1;Slc16a1;Bik;Olfm2;Mapkapk3;Hsp90b1;Has3;Pcyt2;Osbp;Khdrbs1;Me3;Unc5b;Unc5d;Igf2bp3;Hnrnpa1;Actn2;Crispld2;Epb41;Ppp1r3b;C4b;Herc2;Commd8;Ppp1r1b;Slc45a4;Ccdc107;Per3;Per1;Tcap;Herpud1;Stbd1;Otud1;Cd81;Klhl30;Auts2;Rgs2;Plec;Aff3;Prr7;Afap1;Tef;Asb2;Serpine1;Mrgpre;Fam120c;Mthfr;Nr1d1;Nr1d2;Bloc1s1;Cyb561;Rnf145;Fmo4;Tmem229b;Angptl2;Tmem38b;Snrpn;Ankrd23;Enkur;Tle6;Fkbp5;Sbsn;Rbbp4;Ankrd12;Gal3st3;Cpt1a;Selenbp1;Dnaja1;Asph;Slc24a4;Eif5a2;Tnnt2;Slc22a2;Rpusd4;Aldoa;Cgref1;Gdf15;Arid3a;Fam184b;Efna1;Cdh16;Cbx4;Axin2;Abcb6;Pde4a;Wee1,0.082305,-0.013596,-0.097257,0.060214,-0.095901,-0.167448,-0.033224,-0.059717,-0.130262,-0.002108,-0.092981,-0.157443,-0.048866
MAX (human),146,Atf3;Dpysl2;Pdgfb;Bhlhe40;Bhlhe41;Cdkl5;Dgat2;Mbd1;Bik;Odc1;Hsp90b1;Khdrbs1;Unc5d;Igf2bp3;Hnrnpa1;Actn2;Crispld2;Epb41;Herc2;Slc45a4;Sec14l1;Nfil3;Herpud1;Otud1;Auts2;Narf;Cacna1d;Cnn3;Sun2;Plec;Grk5;Rrm2;Trib1;Afap1;Cck;Hnrnpl;Tef;Fam120c;Stard10;Nr1d2;Gnl1;Nfic;Angptl4;Tmem229b;Angptl2;Slc8a3;Tmem38b;Snrpn;Tle6;Fkbp5;Tceal1;Pgf;Gal3st3;Cpt1a;Selenbp1;Dnaja1;Arrdc4;Slc22a4;Slc22a2;Sorbs1;Efna5;Efnb2;Rasd2;Efna1;Cdh16;Tiparp;Cbx4;Axin2;Pycr1;Idi1;Wee1;Clock;Haghl;Hspe1;Upb1;Ngef;Slc5a3;Hes1;Klf11;Klf15;Hsph1;Gprc5b;Pth1r;Fabp3;Psmb8;Slc16a1;Olfm2;Has3;Osbp;Lingo1;Me3;Upp2;Bend7;Ppp1r3b;Commd8;Ppp1r1b;Tspan9;Ccdc107;Rpa1;Per3;Per1;Fhod3;Cd81;Klhl30;Rgs2;Eepd1;Prr7;Asb2;Cntfr;Serpine1;Mthfr;Slc6a6;Cyb561;Rnf145;Gpr146;Ankrd23;Enkur;Dgkg;Sbsn;Ankrd12;Asph;Slc24a4;Pfn1;Eif5a2;Gadd45g;Tnnt2;Ezr;Patz1;Tsc22d1;Tppp3;Rpusd4;Aldoa;Cgref1;Mapre2;Arid3a;Atg16l2;Steap3;Rgs17;Fam184b;Smad6;Nr4a3;Abcb6;Agap1;Pde4a;Palld;Pkd1,0.081868,-0.037155,-0.095798,0.025685,-0.119023,-0.176257,-0.05593,-0.044679,-0.095175,0.00822,-0.09341,-0.139614,-0.039238
NR5A1 (human),109,Tmem82;Prkaa2;Mtmr4;Slc5a3;Gbp5;Vps13a;Nmt1;Sult1a1;Epb41l2;Tmc7;Rapgef4;Gk;Pdcd4;Rasl11a;Ntf3;Pfkfb3;Bmf;Trim58;Kcnk1;Foxk2;Marcksl1;Unc5b;Syt12;Fam76a;Tm4sf1;Chordc1;Fam78b;Igf1;Net1;Mrps6;Ccdc107;Kalrn;Il33;Herpud1;Sdhd;Ccnb1ip1;Narf;Pcdh11x;Kif3a;Bcl9l;Tnfaip6;Lamc2;Ddx17;Dip2c;Cck;Acot2;Enpep;Pip4k2a;Fzd4;Tesc;Rara;Eln;Glg1;Fmo1;Fmo2;Dhrs3;Tmem141;Gramd4;Slc8a1;Slc8a3;Adamtsl1;Ccl19;Brd7;Ankrd23;Slco2a1;Fra10ac1;Dgkg;Fam129a;Tnr;Ldlr;Rcan1;Rcan2;C1qtnf7;Angpt2;Mcm6;Dnajb4;Phactr4;Pi16;Cebpb;Syne1;Ifitm3;Glrx;Arrdc4;Gpm6a;Banp;Sorbs1;Sipa1;Gabrq;Gdf15;Wnt5b;Shisa4;Scg5;Purb;Dock10;Smad7;Diaph3;Col6a6;Cdh16;Arhgap23;Pdzd2;Ect2l;Meis2;Abcb6;Ncald;Lrrtm3;Pde4b;Lonrf3;Slc4a8;Thra,0.077929,-0.033402,-0.095536,0.035557,-0.111331,-0.180208,-0.030287,-0.056905,-0.123432,0.006275,-0.071875,-0.147194,-0.007319
YY1 (mouse),99,Tob2;Cryab;Pkig;Sphk2;Wnt9a;Mmp14;Kcnc4;Mecom;Gsto1;Fos;Nudt10;Cdc25b;Pdcd4;Adora1;Pcyt2;Bmf;Htr1b;Adamts15;Fam76a;Gstz1;Egr1;Slc45a4;Dync1i2;Ndufb11;Asap2;Nav2;Tmem204;Mknk2;Cd9;Rrp8;Btg1;Cdkn2c;Smoc1;Fkbp5;Fam47e;Hmgn2;Plekhg3;Cebpd;Syne1;Gse1;Sipa1;Axin2;Slc4a8;Pde10a;Tmem82;Ngef;Lin9;Prex2;Klf13;Kcnma1;Csnk2a2;Spsb1;Slc25a33;Pipox;Osbp;Hsp90aa1;Mboat1;Ppm1n;Kdelr2;Wnk4;Anln;Per3;Per1;Ihh;Kif3a;Fam177a;Rbm14;Ddx17;Mvd;Hspa1l;Cntfr;Mthfr;Unc119;Prr12;Tmem200b;H3f3b;Hrct1;Emb;Rspo3;Sema4a;Irs2;Il3ra;Mustn1;Eif4a1;Pfn1;Cmbl;Tnnt2;Ezr;Lman2l;Tsc22d1;Rhoc;Vldlr;Cgref1;Gdf15;Slx1b;Arhgap23;Pdzd2;Abcb6;Spry2,0.077399,-0.033698,-0.120747,0.045823,-0.092485,-0.159102,-0.028997,-0.033804,-0.096224,0.02995,-0.111097,-0.202642,-0.051693
ELK1 (mouse),119,Optc;Pkig;Nmt1;Pdgfc;Ism1;Adam19;Ndst3;Rasl10b;Ly6e;Hsp90b1;Adora1;Map3k5;Gstt1;Bicc1;Ip6k2;Txnip;Actn4;Cyp39a1;C4b;Egr1;Net1;Hhip;Actr3b;Klhl3;Phgdh;Nfil3;Cox6a1;Uba2;Plec;Armc2;Adcy7;Coq10b;Rrp8;Rara;Adamtsl5;Ckb;Pf4;Fam47e;Stox2;Frmd4a;Hmgcs1;Mcm6;Plekhg5;Col27a1;Wdr95;Dnaja1;Haus8;Nipal4;Tpx2;Sipa1;Gdpd5;Gabre;Purb;Lpp;Dbp;Pde10a;Rbm3;Psmd9;Prex1;Zbtb7c;Pth1r;Heyl;Ncan;Kank4;Rnaseh2b;Hr;Rnft1;Stk24;Cxxc5;Slc25a25;Dclk1;Ppp1r3b;Chordc1;Tspan4;Socs2;Ano2;Per1;Ap2a1;Crip1;Stbd1;Plvap;Nxph3;Atoh8;Pak4;Pak6;Galnt6;Mt2;Fam177a;Pdlim4;Lnx1;Rbm44;Unc119;Tal2;Emb;Gprasp1;Lpcat2;Xaf1;Rreb1;Smpdl3b;Abra;Manf;Nceh1;Tppp3;Aldoa;Acvrl1;Stc2;Nqo1;Prmt2;Podn;B3gnt8;Mapre2;Tgfbi;Zfp36l2;Dock5;Espn;Nr4a1;Hspa8;Hist1h1e;Tshr,0.077192,-0.113778,-0.203691,-0.036445,-0.149754,-0.215419,-0.093985,-0.072562,-0.139313,-0.016979,-0.100187,-0.163637,-0.028028
FOXO3A (human),55,Stard3;Fez1;Psmd9;Sult1a1;Ecsit;Lars2;Jam2;Fam13a;Synpo2l;Lrrk1;Rsad1;Cela1;Epb41;Rgl1;Tnfrsf12a;Ube2g1;Enah;Id1;Pcsk5;Il33;Pcp4;Ccnd1;Trib3;Hnrnpm;Hnrnpl;Enpep;Parl;Fam120c;Ada;Yipf4;Nfix;Frmd4b;Dnajc1;Gal3st3;Selenbp1;Tulp1;Myl12a;Ezr;Dpf1;Pdk4;Tsc22d3;Krt18;Aldoa;Fibin;Slc35f5;Cgref1;Sorbs1;Tgfb2;Npy1r;Gas2l3;Nfkbiz;Ncald;Hspb1;Hebp2;Plaur,0.077069,-0.066127,-0.155759,0.031725,-0.016292,-0.096687,0.070292,-0.093361,-0.169955,-0.02995,-0.072481,-0.150165,0.0108
EGR1 (mouse),139,Atf3;Ism1;Kcnb1;Wnt9a;Slc7a5;Mmp14;Mbd2;Pgm2l1;Nudt10;Map3k1;Rock1;Adora1;Map3k5;Fbxo31;Acly;Htr2a;Fam76a;Actn4;Egr1;Fam78b;Rrad;Kcnq3;Ypel2;Otud1;Crtc3;Ndufb11;Cacna1d;Plb1;Nrtn;Sun2;Plec;Zfp395;Apol8;Prkcd;Rrp8;Phf19;Btg1;Prdm16;Tead1;Zfp365;Cdkn2c;Col23a1;Tmem229b;Phf2;Tle1;Fkbp5;Nfix;Hmgn2;Angpt4;Dnajb4;Phactr3;Col27a1;Cebpb;Haus8;Sik1;Cbfa2t3;Gse1;Ppp2cb;Efna5;Dock10;Caprin2;Tcf7l2;Pde10a;Hspe1;Slc5a3;Ppp4r1;Hes1;Klf13;Klf15;Zfp292;Zbtb8a;Zbtb7c;Nanos1;F3;Spsb1;Foxp1;Slc25a33;Ntf3;Celf4;Foxk2;Ppp1r14b;Fhl3;Slc25a25;Kdelr2;Tifa;Ppp1r1b;Rassf3;Hivep2;Arsg;Ccdc112;Mrps6;Anln;Id4;Penk;Dynlt1b;Per3;Dpy19l3;Stk17b;Sertad4;Hmgb3;Fam98b;Acot2;Cdk14;Cntfr;Myc;Fzd8;Slc16a11;Slc6a6;Unc119;Tmem200b;Tesc;Rnf145;Vtcn1;Nkx6-1;Igfbp2;Irs2;Il3ra;Vstm2b;Klf2;Slc24a4;Stac;Tmem50b;Nuak1;Stag1;Gng10;Tsc22d1;Aldoa;Igsf8;Stc2;Adrb1;Cilp2;Map4k4;Ryk;Zfp36l1;Ephx2;Dock8;Abcc1;Pde4a;Camk2b,0.075495,-0.046163,-0.111683,0.026167,-0.121659,-0.197424,-0.059446,-0.059176,-0.114446,0.007772,-0.101189,-0.169171,-0.042158
ETV4 (human),95,Stard3;Pdgfb;Kcnb1;Bhlhe40;Nanos1;Mbd1;Tuba1c;Dmd;Pdcd4;Adora1;Pfkfb3;Osgin1;Kcnk3;Adamts10;Ccdc85b;Malt1;Trim24;Tm4sf1;Egr1;Capsl;Tspan4;Ccdc112;Tg;Pcsk5;Socs2;Zfr;Kcnq3;Ramp2;Ophn1;Plvap;Slc1a4;Asap2;Pak6;Auts2;Plau;Cytl1;Myocd;Abhd14b;Plec;Aff3;Tmem204;Cpxm2;Lnx1;Pold4;Cck;Asb2;Hspa1b;Nxnl2;Cyb561;Hrct1;Cdkn2c;Fmo4;Dhrs3;Smoc1;Angptl2;Phf2;Tmem140;Gli1;Brd7;Sema4a;Ckm;Fkbp5;Vtcn1;Glt8d2;Nkx6-1;Hmgn2;Ankrd12;Fgf7;Angpt4;Hmgcs2;Mfap2;Ccdc42;Phactr3;Gal3st3;Apcdd1;Antxr1;Arrdc4;Ezr;Gpm6a;Pcp4l1;Acvrl1;Ppp2cb;Gsta4;Elmo1;Nol3;Scube3;Sh3kbp1;Lpp;Arhgap23;Tiparp;Nap1l5;Meis2;Tiam1;Cldn7;Camk2b,0.07498,-0.036451,-0.10746,0.045202,-0.058597,-0.134784,0.007862,-0.098212,-0.175856,-0.015921,-0.111431,-0.190945,-0.026318
LEF1 (human),293,Spint2;Prkaa2;Nebl;Mmp14;Gsto1;Bik;Map3k1;Rasl11a;Npas4;Map3k6;Efemp1;Bmf;Tnfrsf21;Unc5d;Txnip;Ech1;Crispld2;Itgbl1;Rin2;Sphkap;Igf1;Arhgef3;Dync1i2;Tmem176b;Cachd1;Pcp4;Lhfp;Chchd10;Htra4;Plau;Cytl1;Plec;Tnfaip8;Tnfaip6;Lasp1;Ect2;Dip2c;Pcgf5;St3gal5;Gja4;Tpi1;Rara;Cdkn1a;Adamtsl1;Glt8d2;Fam129a;Ppef1;Ipo5;Dnajc1;Phactr3;Xirp1;Cpt1a;Ralgapa2;Dnaja1;Tulp1;Cth;Apcdd1;Arrdc3;Zcchc24;Ppp2cb;Atp1b1;Gsta4;Nol3;Diaph3;Fgfr2;Lpl;Lpp;Scfd2;Slc4a8;Pde10a;Ccdc28b;Arhgdib;Lum;Prex2;Gbp5;Csnk2a2;Heyl;Tuba1c;Dmd;Gk;Foxp1;Stk24;Cdc42ep3;Fam13c;Thada;Osbp;Bdnf;Me3;Ppp1r14b;Mmab;Dst;Ephb6;Fhl3;Ptprz1;Slc25a25;Cela1;Chordc1;Tagln2;Rcor2;Art3;Tg;Pcsk4;Per2;Stbd1;Xk;Dpep1;Mpg;Proca1;Ndrg2;Zfhx4;Mmp3;Hmgb3;Lama2;Asb2;Maml3;Tmem200b;Rnf145;Eln;Emb;Gprasp1;Sulf1;Nmnat2;Tmem141;Erh;Ndp;Wasf1;Asph;Uba52;Glrx;Akap5;Abra;Nceh1;Gng10;Arl6ip5;Glul;Rpusd4;Sgk1;Acvrl1;Stip1;Ankrd1;Prmt2;Tgfb2;Pde6h;Fas;Elmo1;Pde7a;Rai14;Manba;Ect2l;Cmtm6;Hspb7;Hspb1;Pde4b;Chchd6;Pdgfc;Pdgfb;Epb41l5;Sult1a1;Sphk2;Slc7a5;Mecom;Cdkl5;Mob2;Gmnn;Itga1;Ogn;Itga7;Itgb3;Ccdc80;Fam78b;Slc45a4;Kalrn;Sec14l1;Nudt4;Ophn1;Tfap2b;Ypel2;Otud1;Asb10;Cacna1d;Nav2;Ghr;Fam71a;Cry1;Prelid2;Rev1;Timp4;Dhrs9;Slc8a1;Slc8a3;Rab3a;Cdc14a;C1qtnf7;Hmgcs2;Angpt2;Hmgcs1;Ccdc42;Pir;Plekhg5;Ccdc60;Cep152;Trpm3;Sorbs1;Ptn;Cldn22;Fbln5;Tiparp;Wnt16;Lpin3;Colec11;Zbtb7a;Abtb2;Kcnma1;Zbtb8a;Pth1r;Peli1;Ncan;Ptgs2;Pipox;Ntf3;Has3;Synpo2l;Nfe2l2;Upp2;Bend7;Tm4sf1;Ntn4;Ank3;Ifi30;Anln;Id3;Lmcd1;Cd34;Ano4;Stk17b;Diras2;Cd74;Mid1;Atoh8;Pak4;Midn;Galnt6;Vcan;Mast4;Aff3;Pdlim4;Ddx17;Scarb2;Prr7;Hspa1l;Sytl5;Acot2;Ahnak;Unc119;Ier5;Cyb561;Ada;Fmo1;Fmo2;Fmo3;Fmo4;Ccl19;Cdh3;Nkx6-1;Cacnb2;Rcan1;Rcan2;Mustn1;Rreb1;Slc24a4;Prr5l;Antxr1;Chac1;Manf;Tsc22d3;Lyve1;Rhou;Fibin;Adrb1;Stc2;Mapre2;Cilp2;Gdf15;Arhgap29;Gnpda2;Slx1b;Steap3;Smad7;Plcxd3;Arhgap23;Hebp2;Spry1;Camk2b,0.074763,-0.005626,-0.043819,0.030986,-0.08039,-0.12449,-0.034448,-0.076883,-0.11665,-0.036433,-0.072656,-0.117383,-0.027784
MYC (mouse),135,Abcb1b;Ppfibp2;Slc7a5;Bhlhe40;Bhlhe41;Apex1;Odc1;Khdrbs1;Ccdc85b;Myo10;Igf2bp3;Actn2;Crispld2;Fam78b;Akr1c14;Net1;Nudcd3;Neu2;Morc4;Vcam1;Ppia;Otud1;Cacna1d;Tmem220;Plb1;Myocd;Plec;Gfod1;Homer2;Tef;Fbxl22;Bloc1s1;Trp53inp1;Gnl1;Tead1;Plp2;Ston2;Snrpn;Tle6;Slco2a1;Fkbp5;Nfix;Fam129a;Usp2;Pgf;Ipo5;C1qtnf2;C1qtnf7;Wdr89;Cth;Arrdc4;Trpm3;Izumo4;Avpi1;Zdhhc23;Cldn22;Cdh16;Fgfr2;Wee1;Defb25;Hspe1;Ngef;Pdxk;Hes1;Klf11;Klf15;Zfp292;Lxn;Ecsit;Lefty1;Hat1;Mapkapk3;Pipox;Pfkfb3;Thada;Bdnf;Ky;Ppp1r14b;Mboat1;Rsad1;Ppp1r3b;Lrp3;Commd8;Ppp1r1b;Rassf3;Socs2;Ctsk;Stk17b;Per1;Mnt;Ihh;Atoh8;Pak6;Acaa2;Clcn7;Irf7;Lnx1;Wsb1;Cdk14;Mthfr;Agtr1a;Gipc2;Cyb561;Rnf145;Atp6ap1l;Zfp146;Dgkg;Olfr1034;Cdh3;Igfbp2;Cyp4f14;Ankrd12;Inmt;Rreb1;Klf4;Klf9;Rhebl1;Pfn1;Eif5a2;Chac1;Manf;Nceh1;Ezr;Patz1;Rpusd4;Elmo1;Steap3;Rai14;Fam184b;Tmem108;Ect2l;Hspa8;Cmtm6;Abcb6;Pde4a,0.074168,-0.024079,-0.096965,0.029334,-0.05331,-0.112213,0.004009,-0.036104,-0.095803,0.017294,-0.098247,-0.161848,-0.035064
Nkx3-2 (mouse),47,Ngef;Pkig;Hsph1;Fgfbp3;Ncan;Kcna2;Foxp1;Slc16a9;Fbxo30;Tnfrsf21;Ip6k2;Ereg;Lrp3;Ntn4;Aimp2;Net1;Hhip;Lgals9;Apobec2;Ptprd;Csrnp1;Socs2;Ctsk;Dync1i2;Cd34;Cacybp;Bmp3;Gnl1;Tead1;Fmod;Sema4a;Cfl1;Abhd11;Mfap2;Col27a1;Abra;Tnnt2;Sgk1;Zdhhc23;Usp42;Col6a6;Sh3kbp1;Lpp;Srgn;Pde4b;Spen;Mlph,0.073715,-0.088218,-0.189239,0.024328,-0.161933,-0.249095,-0.069354,-0.134624,-0.236972,-0.041084,-0.095102,-0.180754,-0.001832
POU1F1 (mouse),111,Mettl7a1;Tob2;Vps13a;Rapgef4;Rapgef5;Rchy1;Fbxo31;Adamts12;Hnrnpa1;Fam76a;Actn2;Crispld2;Ext1;Akr1c14;Nudcd3;Klhl3;Kcns3;Sec14l1;Il33;Capg;Otud1;Gem;Cacna1d;Plec;Tnfaip8;Ldb2;Homer2;Hnrnpm;Zmiz1;Rara;Nfic;Angptl4;Cdkn1a;Fam47e;Stox2;C1qtnf7;Echdc3;Plekhg5;Cebpb;Adamts8;Dync2h1;Mthfd1l;Cbfa2t3;Tpx2;Smtn;Ifit3;Tlr2;Mpp2;Zcchc24;Faim2;Efna5;Cdh16;Col6a6;Lpp;Gm3336;Rbm3;Psmd9;Zfp282;Sncg;Zbtb7a;Klf15;Fermt2;Zbtb7c;Upf1;Tmc7;Psmb8;Foxp1;Slc25a33;Mmab;Bend4;Slc25a25;Tagln2;Rgl1;Ptprd;Rpa1;Plvap;Pak6;Mt2;Pdlim5;Ddx17;Daam1;Maml3;Nxnl2;Hspa4l;H3f3b;Gipc2;Cyb561;Eln;Rybp;Tmem141;Atp6ap1l;Sema4a;Vtcn1;Xaf1;Limch1;Pfn1;Akap5;Tsc22d1;Lyve1;Igsf8;Stc2;Adrb1;Vldlr;B3gnt8;Fen1;Scd2;Scg5;Steap3;Rai14;Pdia6;Nr4a3,0.073668,0.005627,-0.051569,0.077789,-0.032329,-0.096291,0.020718,-0.024999,-0.085291,0.041705,-0.068041,-0.12577,-0.008608
SMAD4 (human),108,Nmt1;Sphk2;Gsto1;Apex1;Pdcd4;Efemp1;Ip6k2;Myo10;Actn2;Egr2;Apobec2;Sec14l1;Filip1l;Ndufb11;Auts2;Plb1;Ghr;Setbp1;Armc2;Fbxl22;Timp4;Cdkn2b;Dhrs9;Cdkn1a;Rarg;Slc8a1;Lyst;Adamtsl1;Fra10ac1;Nfix;Fam129a;Frmd4b;Pgf;Xirp1;Dnaja1;Pi15;Tulp1;Izumo4;Wnt5a;Wnt5b;Cdk2ap1;Cdh16;Lpp;Hapln1;Stard4;Slc5a3;Ppargc1a;Nox4;C3;Zbtb7c;Pth1r;Foxs1;Fabp3;Psmb8;Dmd;Rnft1;Flnc;Pim3;Bdnf;Mboat1;Bend7;Kdelr2;Ank3;Rcor2;Capsl;Ifi30;Cd14;Anln;Dpy19l3;Klhl29;Ndrg1;Zfhx4;Mast4;Prr7;Lama4;Serpine1;Myc;Fzd4;Tnnc2;Tmem200b;Nmnat2;Lpcat2;Sema4a;Dgkd;Dhcr24;Irx3;Slc24a4;Tnni3;Nceh1;Gpm6a;Gng10;Tsc22d1;Aldoa;Acvrl1;Cgref1;Prmt2;Tgfb2;Gdf15;Slx1b;Smad6;Usp42;Dock8;Sel1l3;Cmtm6;Meis2;Abcc1;Pde4a;Tshr,0.073552,-0.007451,-0.08259,0.077292,-0.081003,-0.14764,-0.021159,-0.070624,-0.156639,0.001161,-0.080982,-0.156007,-0.010155
RBPJ (mouse),121,Tob2;Mybpc2;Sphk1;Tcp11l2;Mbd2;Wtip;Frzb;Acly;Olfml2a;Ntrk3;Cpne5;Net1;Auts2;Gem;Pkdcc;Narf;Plb1;Etv5;Plec;Tnfaip8;Lasp1;Homer2;Rev1;Cd9;Plk2;Rrp8;Gnl1;Rara;Dhrs3;Slc8a1;Sncaip;Fam47e;Usp2;Ppef1;Frmd4a;Pir;Phactr4;Phactr3;Xirp1;Cth;Apcdd1;Mthfd1l;Edn1;Rab6b;Sorbs1;Spcs3;Gdpd5;Fgfr2;Srgn;Idi1;Rbp4;Ngef;Hes1;C3;Iqgap1;Lefty1;F3;Heyl;Ptgs2;Serpinb1a;Rnaseh2b;Hsp90aa1;Synpo2l;Ppp1r14c;Dst;Kif20b;Ppp1r3b;Scn2b;Rgl1;Capsl;Hivep2;Ccdc112;Ctsk;Rftn1;Mid1;Plvap;Cd82;Ccnd1;Pak4;Inhbb;Acaa2;Mt1;Irf7;Pik3r3;Rbm14;Wnt4;Sobp;Asb4;Asb2;Myc;Cyp1b1;Tm9sf1;Atp6ap1l;Clec3b;Igfbp2;Igfbp5;Rcan1;Gm14326;Wasf1;Klf9;Eif4a1;Chac1;Tnnt2;Gpm6a;Tsc22d1;Igsf9;Nqo1;B3gnt8;Fen1;Tgfb2;Arid3a;Slx1b;Rai14;Fam184b;Ephx2;Dock8;Cmtm6;Nfkbiz;Pde4b;Camk1d;Chchd2,0.072463,-0.043884,-0.119009,0.033246,-0.116347,-0.20096,-0.040519,-0.061583,-0.111617,0.008266,-0.073518,-0.122401,-0.016078
GFI1 (human),75,Upb1;Atf3;Psmd9;Lsm11;Zbtb8a;Sult1a1;Sdf2l1;Tmc7;Ncan;Olfm2;Rnft1;Has3;Fbxo31;Pfkfb3;Synpo2l;Itga7;Khdrbs1;Aph1a;Tspan15;Cnnm3;Fam76a;Actn4;Net1;Scn2b;Actr3b;Rassf2;Cd14;Tfap4;Acaca;Rpa1;Pnpla2;Capg;Cox6a1;Midn;Gpcpd1;Clcn7;Pdlim5;Rbm14;Mvd;Trib3;Afap1;Myc;Serpinf1;Stard10;Prr13;Bloc1s1;Tesc;Gipc2;Fkbp5;Usp2;Ldlr;Erh;Fam107a;Ipo5;Phactr4;Uba52;Smpdl3b;Prr5l;Rhebl1;Slc11a1;Cmbl;Vgll3;Izumo4;Krt18;Aldoa;Cgref1;B3gnt8;Gdf15;Nol3;Stil;Pdzd2;Hspa5;Hspb1;Spen;Plaur,0.072319,-0.055661,-0.140727,0.046077,-0.069263,-0.157877,0.023798,-0.028317,-0.103671,0.045395,-0.100636,-0.188256,-0.033507
IKZF1 (mouse),127,Cryab;Sphk1;Dusp8;Mmp14;Rapgef4;Cdc25b;Rchy1;Htr1b;Adamts15;Unc5d;Syt12;Slc10a6;Kalrn;Tmem176b;Nrtn;Plec;Tnfaip6;Cyp26b1;Mknk2;Ect2;Ldb2;Ldb3;Pold4;Mrgpre;Rnf7;Adcy7;Nr1d1;Rrp8;Rara;Dhrs3;Fosb;Ndufa4l2;Tmem229b;Cdkn1a;Rarg;Fam129a;Ppef1;Mamstr;Cdc14a;Srgap3;Angpt4;Lancl3;Ifi27l2a;Apol9a;Gm973;Smtn;Gdpd3;Faim2;Cldn22;Rasd1;Rasd2;Pycr1;Il15ra;Plaur;Mlph;Thbs1;Rfx2;Lxn;Zbtb8a;Gprc5b;Pth1r;Lefty1;Csnk2a2;Lrg1;Heyl;Fabp3;Ptgs2;Serpinb1a;Ror1;Flnc;Slc16a9;Stk24;Synpo2l;Mboat1;Kdelr3;Ephb6;Cxxc5;Cnnm3;Slc25a25;Mapk12;Rassf2;Rassf3;Tspan5;Arsg;Hivep3;Tspan4;Tnfrsf12a;Ano1;Ramp2;Creg2;Dpep1;Slc1a4;Pak6;Inhbb;Mmp3;Bmp3;Rbm24;Prr7;Cyp1b1;Mthfr;Prr13;Sulf1;Gramd4;Gli1;Ccl19;Sema4a;Vtcn1;Cys1;Erf;S100a7a;Inmt;Ptpn13;Rreb1;Tnni3;Rhebl1;Eif5a2;Glrx;Chac1;Aldoa;Fibin;S1pr3;Arid5b;Plcxd3;Arhgap23;Ncald;Cldn7;Chchd6,0.071521,-0.111033,-0.18188,-0.040402,-0.039512,-0.099717,0.028096,-0.051418,-0.107069,0.010058,-0.095695,-0.177139,-0.031978
IKZF1 (human),69,Tmem82;Ecsit;Nanos1;Apex1;Olfm2;Hr;Fbxo31;Itga7;Tspan15;Fhl3;Cnnm3;Slc25a25;Rsad1;Sfrp2;Crispld2;Herc2;Grap;Scn2b;Actr3b;Ube2g1;Acaca;Pnpla2;Ap2a1;Proca1;Cox6a1;Gpcpd1;Clcn7;Rbm14;Trib3;Spata24;Wsb1;Serpinf1;Slc6a6;Prr13;Bloc1s1;Tesc;Pqlc3;Gramd1c;Smoc1;Tmem141;Itga10;Sbsn;Mamstr;Cacnb2;Frmd4a;Fam107a;Rhobtb1;Il3ra;Plekhg5;Klf2;Smpdl3b;Tulp1;Slc11a1;Ifit3;Dpf1;Krt18;Aldoa;B3gnt8;Hip1;Cilp2;Gdf15;Nol3;Gas2l3;Pdzd2;Hspb1;Lonrf3;Tiam1;Cldn7;Pik3ip1,0.071044,-0.104292,-0.197533,-0.014956,-0.057674,-0.133366,0.012772,-0.035,-0.131101,0.057243,-0.106044,-0.1796,-0.028854
SAMD9L (human),97,Stard3;Mthfd2;Sncg;Zbtb8a;Hsph1;Jup;Gsto1;Adam19;Mapkapk3;Frzb;Map3k6;Mob2;Kcnk3;Acp6;Gapdh;Upp2;Bend7;Cela1;Sfrp2;Kif20b;Egr1;Ppp1r1b;Grap;Apobec2;Ptprd;Id2;Rrad;Kalrn;Sec14l1;Ophn1;Gem;Narf;Plau;Ets1;Higd1a;Rgs2;Bcl9l;Sun2;Nav2;Scarb2;Spata24;Asb2;Adcy5;Myc;Pip4k2a;Cyp1b1;Stard10;Ehd4;Cyb561;Fmo1;Dhrs9;Slco2a1;Pf4;Sbsn;Clec3b;Rbbp4;Acss1;Frmd4b;Mamstr;Cacnb2;Rcan1;Erh;Fam107a;Rhobtb1;C1qtnf7;Hmgcs2;Inmt;Mfap2;Mustn1;Drd1;Plekhg5;P2rx5;Pi15;Eif4a1;Arntl;Slc11a1;Tnnt2;Smtn;Banp;Stc2;Hip1;Wnt5b;Shisa4;Atg16l2;Elmo1;Tgfbi;Comp;S1pr3;Ephx1;Smad6;Lpp;Espn;Agap1;Palld;Thra;Thbs1;Ccdc28b,0.071032,-0.030767,-0.117959,0.061244,-0.029132,-0.103788,0.037724,-0.045111,-0.117788,0.014789,-0.100164,-0.166836,-0.033721
NFIC (human),275,Mthfd2;Dpysl2;Nebl;Ppfibp2;Jup;Tmeff2;Mmp14;Adam19;Bik;Fbxo31;Bmf;Htr2a;Bcas2;Unc5d;Txnip;Gstz1;Net1;Actr3b;Arhgef3;Herpud1;Pcp4;Ndufb11;Chchd10;Ets1;Etv5;Tnfaip8;Tnfaip6;Ect2;Rrm2;Pold4;Cck;Armc2;Tef;Adcy5;Mrgpre;Plk2;Cdkn1a;Ston2;Ckb;Fam129a;Ablim1;Cfl1;Ppef1;Mfap2;Mcm6;Dnajb2;Phactr4;Phactr3;Gal3st3;Tulp1;Wdr89;Dync2h1;Cth;Arrdc4;Tpx2;Slc22a2;Ifit3;Edn1;Hist3h2a;Atp1b1;Aig1;Dock10;Lox;Dbp;Lonrf1;Tiam1;Slc4a8;Rbm3;Stard4;Lum;Rbp4;Mtmr4;Lin9;Prex1;Hes1;Gbp5;C3;Foxs1;Nanos1;Heyl;Dmd;Slc16a1;Thada;Osbp;Bdnf;Foxk2;Mmab;Dst;Ctxn1;Slc25a25;Tmem86a;Foxf1;G2e3;Pcsk4;Acaca;Per1;Osr1;Klhl29;Xk;Ccnd1;Bcl9l;Irf7;Rbm24;Hmgb3;Pik3r3;Lamc2;Rbm14;Daam1;Mvd;Asb4;Asb2;Creb3l1;Tal2;Emb;Nmnat2;Rbbp4;Dhcr24;Il3ra;Nes;Asph;Uba52;Rhebl1;Eif5a2;Slc46a3;Arntl;Nuak1;Stag1;Arl6ip5;Tppp3;Krt18;Aldoa;Stip1;Prmt2;B3gnt8;Cgrrf1;Elmo1;Rai14;Ephx1;Sh3kbp1;Tmem108;Hspa5;Hspa8;Nfkbia;Meis2;Tshr;Palld;Atf3;Sult1a1;Sphk2;Mecom;Cdkl5;Pgm2l1;Cdc25b;Hsp90b1;Acly;Khdrbs1;Dlx5;Ntrk3;Syt12;Itgb3;Igf2bp3;Hnrnpa0;Hnrnpa1;Cdc20;Egr2;Il33;Morc4;Zfand1;Rem1;Gem;Pkdcc;Pcdh11x;Higd1a;Nav2;Dnah5;Tmem204;Cry1;Rnd3;Prelid2;Gng2;Fbxl22;Nr1d1;Coq10b;Ehd4;Gnl1;Pqlc3;Gramd1c;Timp1;Dhrs9;Smoc1;Slc8a3;Snrpn;Tle1;Hmgn2;Pgf;C1qtnf7;Hmgcs1;Plekhh2;Sik1;Cbfa2t3;Tnrc18;Vav3;Sorbs1;Gabrq;Shisa4;Cdk2ap1;Fbln5;Rasd2;Gas2l3;Cbx4;Pycr1;Idi1;Rfx2;Upb1;Tmem82;Lsm11;Klf13;Zbtb7c;Pth1r;Lefty1;Ncan;Mapkapk3;Ntf3;Has3;Mboat1;Tm4sf1;Kdelr2;Ppp1r3b;Scn2b;Rgl1;Rassf3;Tspan4;Id3;Cd34;Rftn1;Ano4;Ap2a1;Slc1a4;Pak4;Fdps;Rgs2;Clcn7;Pdlim4;Hspa1l;Hspa1a;Acot2;Hspa1b;Parl;H3f3b;Cyb561;Fmo4;Atp6ap1l;Brd7;Dgkg;Rcan1;Xaf1;Inmt;Ptpn21;Antxr1;Chac1;Manf;Lman2l;Dpf1;Banp;Tsc22d3;Igsf8;Igsf9;Cgref1;Steap3;Myh10;Smad7;Usp42;Arhgap23;Abcc1;Ncald,0.07034,-0.024829,-0.072998,0.027659,-0.095169,-0.133618,-0.056242,-0.040418,-0.081031,0.003825,-0.077155,-0.129198,-0.034093
TBX5 (mouse),106,Cryab;Sult1a1;Mmp14;Bhlhe41;Adam19;Bik;Npas2;Efemp1;Itga1;Trim58;Fam76a;Rin3;Cpne5;Aimp2;Slc45a4;Hhip;Decr1;Dync1i2;Capg;Narf;Pkdcc;Plec;Tnfaip6;Cry1;Homer2;Tef;Nr1d1;Nr1d2;Bloc1s1;Trp53inp1;Gramd1c;Btg1;Nfic;Ndufa4l2;Phf2;Slc8a3;Pf4;Nfix;Mcm6;Ifi27l2a;Dnajb4;Phactr3;Gal3st3;Plekhh2;Cbfa2t3;Tpx2;Trpm3;Tlr2;Gse1;Sorbs1;Sipa1;Hip1;Gabre;Lox;Hes6;Klf13;Nox4;Pth1r;Nanos1;Csnk2a2;Lrg1;Tuba1c;Il4ra;Fam13a;Me3;Prc1;Slc25a25;Tm4sf1;Wnk4;Anln;Acaca;Kif1a;Stk17b;Zfp703;Lama4;Creb3l1;Pip4k2a;Fzd8;Prr13;Agtr1a;Emb;Rnf152;Fmo2;Fmo4;Rybp;Cyp51;Zfp568;Erh;Inmt;Serpini1;Mustn1;Prr5l;Lman2l;Pcp4l1;Tppp3;Acvrl1;Tgfbi;Zfp36l2;Car11;Nr4a2;Sh3kbp1;Ect2l;Hspb7;Hspb2;Spen;Palld,0.069876,-0.08872,-0.169567,-0.02026,-0.126969,-0.197232,-0.058439,-0.060298,-0.142048,0.022916,-0.057094,-0.143692,0.018525
HOXD9 (human),96,Cryab;Epb41l5;Sult1a1;Gmnn;Ntrk3;Net1;Sec14l1;Pclo;Ophn1;Gem;Ccnb1ip1;Eef2k;Cytl1;Myocd;Tnfaip8;Cck;Ndfip1;Plk3;Ehd4;Rara;Plp2;Adamtsl1;Ckb;Tmem38b;Snrpn;Mfap2;Pir;Arrdc3;Ifit3;Cited2;Sorbs1;Cldn22;Cdk2ap1;Tcf7l2;Hlf;Lin9;Hes1;Zbtb7a;Zbtb8a;Hsph1;Lefty1;Vwa3b;F3;Ptgs2;Dmd;Stk24;Fam13c;Osbp;Bdnf;Lingo1;Dsp;Fhl3;Ptprz1;Upp2;Slc25a25;Alpk1;Rassf2;Id4;Kif1a;Ano1;Creg2;Mid1;Dpep1;Rgs2;Mmp3;Lamc2;Cpxm1;Lama2;Asb5;Ahnak;Nxnl2;Prss12;Rnf145;Glg1;Fmo1;Fmo2;Plcb1;Enkur;Sema6a;Ndp;Dhcr24;Ptpn21;Uba52;Prr5l;Nceh1;Tsc22d1;Stc1;Slx1b;Smad6;Nr4a2;Abcc1;Hspb2;Hspb1;Tshr;Palld;Chchd6,0.06845,-0.092758,-0.164913,-0.00295,-0.072932,-0.138758,-0.007829,-0.091089,-0.151658,-0.015927,-0.024308,-0.100148,0.051733
NR5A2 (mouse),120,Spint2;Abcb1b;Mybpc2;Kcnb1;Slc7a5;Rapgef5;Kcnc4;Fads3;Rasl10b;Dlx6;Syt12;Gapdh;Nrgn;Rin3;Egr1;Slc45a4;Klhl3;Tmem176b;Tcap;Pnpla2;Sun2;Nav2;Plec;Ghr;Homer2;Adcy5;Mrgpre;Nr1d1;Gja4;Gramd1c;Dhrs3;Cdkn1a;Rarg;Lyst;Sncaip;Ckm;Slco2a1;Fam129a;Ablim1;Pgf;Phactr3;Plekhg5;Tlr2;Gse1;Sipa1;Gdpd5;Fbln5;Caprin2;Fgfr2;Cbx4;Gm3336;Tcf7l2;Plaur;Colec11;Thra;Hspe1;Ngef;Lin9;Sncg;Klf13;Lxn;As3mt;Bdnf;Ky;Lingo1;Fhl3;Cxxc5;Bend7;Dclk1;Mapk12;Arsg;Hivep3;Id4;Pcsk5;Popdc3;Ihh;Atoh8;Pak6;Rgs2;Irf7;Ddx17;Lnx1;Fam98b;Mvd;Scarb2;Hspa1l;Maml3;Ahnak;Parl;Nxnl2;Fzd8;Slc16a11;Prr12;Hspa4l;Tesc;Gipc2;Glg1;Brd1;Tm9sf1;Zfp146;Igfbp6;Xaf1;Fam107a;Rhobtb1;Dhcr24;Limch1;Prr5l;Ezr;Lyve1;Adrb1;Prmt2;Steap3;Pde7a;Stil;Smad6;Espn;Usp53;Agap1;Camk1d;Acan,0.068276,-0.043972,-0.118222,0.018634,-0.091056,-0.167186,-0.041014,-0.023037,-0.068918,0.036464,-0.091313,-0.148305,-0.037112
HINFP (human),230,Atf3;Dpysl2;Ism1;Kcnb1;Sphk1;Dusp8;Slc7a5;Kcnc4;Cdkl5;Mbd1;Adam19;Kcna2;Fads3;Odc1;Hsp90b1;Npas4;Frzb;Olfml2a;Efemp1;Trim58;Kcnk3;Dlx5;Adamts10;Acp6;Ip6k2;Ntrk3;Unc5b;Myo10;Malt1;Trim24;Cdc20;Gstz1;Ccdc80;Rin2;Egr1;Actr3b;Nudcd3;Decr1;Arhgef3;Rrad;Phgdh;Tcap;Nudt4;Thsd7a;Otud1;Auts2;Pkdcc;Narf;Cacna1d;Ets1;Sun2;Plec;Mknk2;Setbp1;Ldb2;Cck;Hnrnpl;Tef;Cd9;Fbxl22;Prkcd;Nr1d2;Fosl2;Ehd4;Gja4;Tpi1;Pqlc3;Btg1;Timp4;Tead1;Nfic;Rarg;Slc8a1;Lyst;Sncaip;Snrpn;Fam129a;Ablim1;Cfl1;Ppef1;Frmd4a;Dnajb1;Dnajb4;Phactr3;Plekhg5;Cebpb;Mthfd1l;Cbfa2t3;Myl12a;Smtn;Trpm3;Tnrc18;P4ha1;Cited2;Zcchc24;Sorbs1;Hip1;Ptn;Aig1;Rasd1;Gas2l3;Lox;Caprin2;Lpp;Tiparp;Lonrf1;Tcf7l2;Dcn;Pde10a;Ddit3;Thra;Haghl;Slc5a3;Prex2;Hes1;Hes6;Klf13;Klf15;Kcnma1;Gprc5b;Pth1r;Spsb1;Psmb8;Dmd;Gk;Lag3;Zbtb16;Sap30;Olfm2;Hr;Kpna1;Pfkfb3;Bdnf;Celf4;Me3;Plekha7;Dclk1;Mapk12;Kif20b;Tifa;Tmem86a;Foxf1;Ank3;Ppp1r1b;Rcor2;Rgl1;Art3;Hivep2;Tspan4;Ccdc112;Enah;Anln;Ptprd;Id2;Id4;Pcsk4;Kif1a;Penk;Per3;Per2;Diras2;Ap2a1;Mnt;Cd82;Slc1a4;Inhbb;Irf7;Rbm24;Aff3;Eepd1;Tnks2;Sytl5;Hspa1a;Myc;Serpinf1;Cyp1b1;Nxnl2;Fzd4;Fzd8;Bace2;Tal2;Cyb561;Rnf145;Eln;Rnf152;Gprasp1;Fmo4;Nmnat2;Plcb1;Tmem140;Tmem141;Gramd4;Rspo3;Ankrd50;Dgkd;Igfbp2;Igfbp5;Erh;Ankrd12;S100a7a;Efhd2;Rreb1;Asph;Clec2d;Prr5l;Pfn1;Arntl;Stac;Ezr;Tsc22d3;Tppp3;Fibin;Igsf9;Stc1;Stc2;Pde6h;Myh10;Sel1l3;Nr4a1;Tmem108;Ect2l;Hspa8;Nfkbiz;Nap1l5;Hspb7;Abcb6;Pde4b;Pde4a;Camk1d;Palld,0.06765,-0.025151,-0.078304,0.030619,-0.077405,-0.117066,-0.031057,-0.036205,-0.078123,0.00827,-0.0928,-0.141324,-0.045876
MZF1 1-4 (human),150,Fat1;Pdgfb;Mybpc2;Sphk1;Wnt9a;Dusp8;Slc7a5;Fxyd5;Bhlhe40;Mecom;Mbd1;Gsto1;Cdc25b;Odc1;Htr1b;Unc5b;Gapdh;Rin3;Igf1;Slc45a4;Actr3b;Bst2;Tmem176b;Kcnq3;Tcap;Nanp;Cachd1;Pcp4;Ypel2;Ndufb11;Asb10;Tbc1d16;Ccnb1ip1;Uba2;Higd1a;Myocd;Plec;Cyp26b1;Ect2;Rrm2;Ldb2;Dip2c;Rev1;Hnrnpl;Cd9;Adcy7;Plk3;Gja4;Gnl1;Gramd1c;Dhrs9;Nfic;Tmem229b;Rarg;Ston2;Tle1;Fkbp5;Fam47e;Tceal1;Tnr;Stox2;Ldlr;Mamstr;Pgr;Ccdc42;Echdc3;Col14a1;Dnajb2;Gal3st3;Plekhg5;P2rx5;Pi16;Mthfd1l;Arrdc2;Cbfa2t3;Slc22a4;Tnrc18;Edn1;Cited2;Sh3pxd2a;Gas2l3;Lox;Fgfr2;Ubc;Pycr1;Clock;Hlf;Stard3;Lum;Klf11;Zbtb8a;C2;Fgfbp3;Vwa3b;Fabp3;Psmb8;Mapkapk3;Flnc;Fam13a;Bdnf;Synpo2l;Ppm1n;Rsad1;Mapk12;Ank3;Rcor2;Ifi30;Rassf4;Tspan9;Arsg;Crip1;Plvap;Nxph3;Cd81;Ndrg2;Arhgef26;Bcl9l;Irf7;Aff3;Pdlim4;Hspa1l;Acot2;Cdk14;Cntfr;Nxnl2;Tnnc1;Gprasp1;Brd1;Gpr146;Gramd4;Igfbp6;Fam107a;Inmt;Limch1;Tnni3;Gadd45g;Lman2l;Gng10;Dpf1;Nmb;Tsc22d3;Krt18;Rpusd4;Cgref1;Arhgap29;Rai14;Smad7;Hebp2;Pde4a;Palld,0.067565,-0.032339,-0.1106,0.037773,-0.041035,-0.094533,0.023085,-0.058818,-0.125418,0.01116,-0.099904,-0.16867,-0.040928
ZNF148 (human),126,Cryab;Pdgfb;Dusp8;Fxyd5;Bhlhe40;Kcnc4;Cdc25b;Ly6e;Marcksl1;Ntrk3;Cirbp;Nrgn;Mfsd10;Slc45a4;Rrad;Tmem176b;Tcap;Asb10;Cacna1d;Plec;Mknk2;Cck;Mrgprf;Zmiz1;Flrt1;Nr1d1;Nr1d2;Gja4;Prdm16;Timp1;Dhrs3;Nfic;Ndufa4l2;Cdkn1a;Rarg;Adamtsl5;Slco2a1;Mamstr;Ccdc42;Phactr3;Plekhg5;Cebpb;Haus8;Hsbp1l1;Cbfa2t3;Izumo4;Sipa1;Gdpd3;Faim2;Nol3;Fbln5;Efna1;Cdh16;Lpp;Cbx4;Ccdc28b;Haghl;Ngef;Pdxk;Hes1;Zbtb7a;Zbtb7c;Gprc5b;Zbtb16;Olfm2;Slc25a34;Hr;Has3;Stk24;Bdnf;Lingo1;Ppp1r14b;Mboat1;Ctxn1;Fhl3;Cxxc5;Mapk12;Ppp1r1b;Wnk4;Rcor2;Ifi30;Tspan4;Crip1;Mpg;Proca1;Ndrg2;Midn;Rbm24;Prr7;Hspa1a;Asb2;Serpine1;Mthfr;Cyb561;Rnf152;Gpr146;Gli1;Sbsn;Itpripl2;Igfbp6;Abhd11;Rreb1;Tnni3;Pfn1;Eif5a2;Slc11a1;Gadd45g;Acvrl1;Stc1;Adrb1;Cgref1;Mapre2;Tgfbi;Ephx1;Pdia6;Nr4a2;Espn;Nr4a1;Nap1l5;Abcc1;Hspb7;Hspb2;Hebp2;Pde4a;Cldn7;Camk2b,0.066854,-0.074945,-0.141399,-0.001552,-0.026444,-0.075893,0.029087,-0.027156,-0.084975,0.04273,-0.093298,-0.154138,-0.021391
REL (mouse),102,Spint2;Pkig;Dusp1;Egln3;Gsto1;Fos;Fads3;Itga7;Myo10;Nrgn;Cyp39a1;Actr3b;Bst2;Rrad;Nfil3;Il33;Pnpla2;Nudt4;Gem;Plec;Dip2c;Mrgpre;Mrgprf;Fbxl22;Zmiz1;Flrt1;Rara;Tead1;Smoc1;Yipf4;Fam47e;Stox2;Srgap3;Angpt4;Hmgcs1;Cpt1a;Wdr95;Dnaja1;Plekhh2;Cbfa2t3;Slc22a2;Ifit3;Edn1;Tlr2;Mpp2;Sorbs1;Atp1b1;Fgfr2;Lpp;Tcf7l2;Hist1h2ap;Tiam1;Mlph;Thra;Lsm11;Zfp282;C3;Upf1;Mboat1;Kdelr3;Sfrp2;Wnk4;Rcor2;Capsl;Rassf4;Penk;Ap2a1;Dpep1;Cd81;Lama4;Prr12;Tal2;Fmo2;Fmo3;Sema4a;Abca8a;Rcan2;Erf;Xaf1;Irs2;Fam107a;Il3ra;Rreb1;Asph;Eif4a1;Chac1;Ddit4l;Nceh1;Tsc22d1;Igsf9;Adrb1;B3gnt8;Map4k4;Fas;Tgfbi;Pde7a;Sh3kbp1;Nfkbiz;Meis2;Pde4b;Camk1d;Spry1,0.066603,-0.130221,-0.213621,-0.031444,-0.108106,-0.191314,-0.044298,-0.063618,-0.125977,0.003378,-0.123855,-0.206379,-0.061167
MIR133B (human),106,Pdxk;Gbp5;Klf11;Zbtb8a;Epb41l2;Sphk2;Mmp14;Pth1r;Fabp3;Tspo;Hr;Npas4;Pipox;Jam2;Slc16a9;Kpna1;Mob2;Osbp;Bdnf;Lingo1;Adamts10;Tspan15;Hnrnpa1;Mapk12;Ntn4;Ank3;Rgl1;Actr3b;Ifi30;Tspan4;Apobec2;Ccdc112;Tg;Kalrn;Socs2;Tmem176b;Rpa1;Dpy19l3;Crip1;Herpud1;Cachd1;Nxph3;Klhl31;Pak6;Pcdh11x;Cacna1d;Plec;Mast4;Pdlim4;Ect2;Daam1;Rbm44;Pold4;Afap1;Hnrnpl;Cd9;Serpine1;Mrgpre;Creb3l1;Zmiz1;Pip4k2a;St3gal5;Pqlc3;Cyb561;Rnf152;Smoc1;Tmem229b;Gpr146;Rarg;Tle6;Nkx6-1;Abhd11;Hmgcs1;Inmt;Dusp18;Mustn1;Plekhg5;Klf2;Asph;Pi16;Cebpd;Syne1;Adamts9;Cth;Akap5;Tmem50b;Smtn;Ezr;Slc22a4;Nmb;Stc2;Mapre2;Tgfb3;Elmo1;Steap3;Efna5;Comp;Gas2l3;Fgfr2;Nr4a1;Tiparp;Pycr1;Idi1;Hebp2;Camk1d;Palld,0.066468,-0.073739,-0.149448,0.005116,-0.090572,-0.154436,-0.017172,-0.02743,-0.099098,0.047571,-0.093898,-0.176888,-0.01215
UBTF (human),117,Rbp4;Pdxk;Ier5l;Dpysl2;Hes6;Gbp5;Nebl;Fermt2;Jun;Fxyd5;Nanos1;Fos;Tuba1c;Tspo;Slc16a1;Zbtb16;Cdc25b;Foxp1;Npas4;Has3;Kpna1;Thada;Bdnf;Osgin1;Kcnk1;Acp6;Ip6k2;Gapdh;Actn2;Ereg;Epb41;Herc2;Tspan4;Decr1;Enah;Tfap4;Ptprd;Sec14l1;Penk;Ano2;Capg;Crip1;Herpud1;Mnt;Mpg;Ndrg2;Pak6;Pcdh11x;Plau;Cnn3;Nav2;Mast4;Tnfaip6;Aff3;Rbm14;Eepd1;Daam1;Trib2;Ldb2;Armc2;Hnrnpl;Vit;Prkcd;Stard10;Prr13;Tmem200b;Cyb561;Eln;Smoc1;Gpr146;Rarg;Slc8a1;Slc8a3;Snrpn;Slco2a1;Fra10ac1;Igfbp6;Pgf;Cacnb2;Rab3a;Dnajb2;Dnajb1;Selenbp1;Slc24a4;Syne1;Haus8;Akap5;Chac1;Glul;Aldoa;Adrb1;Sh3pxd2a;Prmt2;Sorbs1;Mapre2;Gdpd3;Wnt5a;Aig1;Steap3;Nol3;Myh10;Arid5b;Smad7;Caprin2;Usp42;Fgfr2;Espn;Ect2l;Pycr1;Meis2;Hspb7;Agap1;Tcf7l2;Palld;Col8a1;Camk2b;Acan,0.065588,-0.085026,-0.157728,-0.010367,-0.100045,-0.169488,-0.033442,-0.034458,-0.099188,0.023048,-0.080452,-0.160124,-0.017523
NFKB1 (mouse),250,Optc;Ppfibp2;Cryab;Pkig;Kcnb1;Dusp8;Tmeff2;Rapgef4;Gsto1;Adam19;Fads3;Rasl10b;Ly6e;Npas4;Gstt1;Bicc1;Htr2a;Trim24;Cyp39a1;Crispld2;C4b;Grap;Rrad;Kcnq3;Nexn;Auts2;Ets1;Eef2k;Plec;Tnfaip8;Lasp1;Pcgf5;Mrgpre;Adcy7;Zmiz1;Sv2a;St3gal5;Prkcd;Rrp8;Trp53inp1;Rara;Nfic;Fosb;Rarg;Adamtsl5;Ckm;Nfix;Fam47e;Tceal1;Fam129a;Usp2;Stox2;Ppef1;Ipo5;Col14a1;Dnajb2;Phactr4;Phactr3;Dnaja1;Dnaja4;Cebpd;Wdr89;Tpx2;Ifit3;Avpi1;Gse1;Sipa1;Atp1b1;Trp53bp1;Cdh16;Dbp;Gm3336;Lonrf3;Lonrf1;Plaur;Dcn;Pde10a;Ddit3;Clock;Thra;Defb25;Stard4;Pdxk;Mtmr4;Lin9;Prex2;Hes1;Lxn;C3;Gprc5b;Lrg1;Heyl;Tuba1a;Foxp1;Rnaseh2b;Hr;Ky;Aph1a;Ppp1r14b;Ctxn1;Slc25a25;Mgp;Rcor2;Mrps6;Enah;Tg;Ccdc107;Socs2;Dynlt1b;Per3;Per1;Crip1;Sertad4;Xk;Ndrg2;Bcl9l;Acaa2;Mt1;Fam177a;Rbm24;Pik3r3;Maml3;Creb3l1;Pip4k2a;Tal2;Eln;Gpr146;Tmem141;Rbbp4;Fam107a;Il3ra;Eif4a1;Pfn1;Akap5;Nceh1;Ezr;Ankrd1;B3gnt8;Arid3a;Fas;Arid5a;Hspa5;Nfkbiz;Nfkbia;Pde4a;Acan;Chchd2;Abcb1b;Pdgfc;Ism1;Wnt9a;Bhlhe41;Cdkl5;Adora1;Itga4;Ahsa1;Itgb3;Actn4;Ccdc80;Egr1;Fam78b;Apobec2;Csrnp1;Nfil3;Ttc7;Pnpla2;Capg;Ypel2;Rem1;Rnd3;Gng2;Fosl2;Smoc1;Hmgn2;Frmd4a;Cdc14a;Hmgcs2;Plekhg3;Trpm3;Tlr2;Cyp2b10;Sorbs1;Gabre;Cdk2ap1;Hfe;Cbx4;Il15ra;Colec11;Rfx2;Tmem82;Fermt2;Upf1;Iqgap1;Pth1r;Ncan;Ptgs2;Has3;Kdelr3;Cxxc5;Plekha7;Dclk1;Wnk4;Ifi30;Rassf3;Tspan9;Ano1;Dpy19l3;Ap2a1;Cd74;Cd82;Slc1a4;Nxph1;Kif3a;Vcan;Pdlim4;Cpxm2;Pdlim5;Tnnc1;Unc119;Prr13;Prr12;Prss12;Ada;Fmo2;Sema4a;Sema4c;Itga10;Igfbp6;Igfbp5;Ptpn13;Mustn1;Rreb1;Klf4;Prr5l;Stk32b;Stac;Tsc22d1;Igsf9;Vldlr;Ryk;Gdf15;Npy1r;Atg16l2;Pdia6;Nr4a2;Nr4a1;Pdzd2;Nap1l5;Abcc1;Camk1d,0.064183,-0.094441,-0.139525,-0.045862,-0.103122,-0.149995,-0.066774,-0.038939,-0.087961,0.001482,-0.090272,-0.137662,-0.042322
FOXL1 (human),285,Mthfd2;Nebl;Cryab;Sdf2l1;Rapgef5;Apex1;Pcyt2;Bmf;Tnfrsf21;Unc5d;Malt1;Gstz1;Rin3;Lgals9;Decr1;Slc10a6;Bbs5;Cacybp;Cachd1;Ccnb1ip1;Ets1;Sun2;Pld1;Dapk2;Gfod1;Pcgf5;Homer2;Tef;Ndfip1;Tpi1;Rara;Cdkn2b;Nfic;Cdkn1a;Nampt;Fkbp4;Fra10ac1;Tceal1;Ablim1;Ppef1;Dnajb2;Ralgapa2;Dnaja1;Wdr89;Cth;Apcdd1;Arrdc3;Ifit3;Spcs3;Zdhhc23;Atp1b1;Aig1;Nol3;Diaph3;Cdh16;Lpp;Scfd2;Lrrtm3;Dcn;Mlph;Stard4;Hspe1;Rbp4;Slc5a3;Hes6;Lxn;Hsph1;Foxs1;Tuba1a;Dmd;Gk;Foxp1;Slc25a33;Kpna1;Osbp;Bdnf;Foxk2;Slc25a25;Cela1;Mgp;Chordc1;Capsl;Arsg;Tg;Pcsk5;Per3;Per2;Sertad4;Klhl29;Dpep1;Mpg;Klhl30;Klhl31;Acaa2;Bmp3;Rbm24;Pik3r3;Fam98b;Mvd;Lama2;Asb5;Asb4;Vit;Hrct1;Glg1;Emb;Rnf152;Plcl1;Enkur;Erh;Irs2;Wasf1;Irx3;Smpdl3b;Rhebl1;Hist1h4c;Ddit4l;Nceh1;Gpm6a;Hist1h3e;Patz1;Pcp4l1;Aldoa;Sgk1;Acvrl1;Nqo1;Podn;Map4k4;Fas;Rai14;Ephx1;Sh3kbp1;Dock8;Tmem108;Hspa8;Nfkbia;Hspb1;Hist1h1e;Pde4b;Palld;Pdgfb;Ism1;Epb41l5;Sult1a1;Tcp11l2;Cdkl5;Pgm2l1;Nudt10;Tspo;Rchy1;Itga1;Itga4;Ahsa1;Myo10;Itgb3;Fam76a;Actn4;Actn2;Epb41;Cpne5;Herc2;Kalrn;Sec14l1;Nfil3;Capg;Tfap2b;Otud1;Asap2;Pcdh11x;Higd1a;Ghr;Mknk2;Grem2;Trib3;Rnd3;Rev1;Hnrnpm;Nr1d1;Gnl1;Timp4;Tead1;Dhrs9;Slc8a1;Slc8a3;Tmem38b;Snrpn;Yipf4;Pf4;Frmd4a;Cdc14a;C1qtnf7;Angpt2;Pi16;Pi15;Ccdc60;Pln;Sik1;Por;Trpm3;Tnrc18;Tlr2;Hfe;Scube3;Srgn;Wnt16;Lpin1;Hapln1;Il15ra;Wee1;Colec11;Rfx2;Tmem82;Psmd9;Klf15;Fermt2;Kcnma1;Upf1;Mrpl27;Ptgs2;Psmb8;Sap30;Olfm2;Has3;Hsp90aa1;Lrrk1;Prc1;Bend4;Bend5;Alpk1;Kdelr2;Ntn4;Ank3;Rassf2;Tspan5;Id4;Ctsk;Lmcd1;Zfr;Rpa1;Dpy19l3;Popdc3;Diras2;Cd74;Mid1;Kif3a;Galnt6;Vcan;Lnx1;Churc1;Hspa1b;Enpep;Mthfr;Prr13;Anxa5;Tet1;Prss12;Fmo2;Fmo3;Rspo3;Ccl19;Sema6a;Cacnb2;Rcan1;Rcan2;Rhobtb1;S100a7a;Slc37a2;Serpini1;Dusp14;Rreb1;Klf9;Clec2d;Tsc22d1;Stc1;Adrb1;Vldlr;Mapre2;Atg16l2;Zfp36l2;Myh10;Stil;Espn;Usp53;Nap1l5;Ncald,0.063963,-0.002599,-0.04661,0.044592,-0.04026,-0.082174,0.00371,-0.066561,-0.10395,-0.017512,-0.049285,-0.096176,-0.006128
TP53 (mouse),53,Tmem82;Psmd9;Abcb1b;Fos;Leo1;Pim3;Ppp1r14b;Slc25a25;Actn4;Kif20b;Itih4;Grap;Rassf2;G2e3;Dync1i2;Capg;Plvap;Cox6a1;Pak4;Fdps;Eef2k;Sun2;Irf7;Tnfaip8;Rbm14;Tnks2;Prelid2;Stard10;Prr13;Glg1;Tm9sf1;Cdkn1a;Gli1;Ckb;Pitpnm2;Erf;Fam107a;Serinc3;Klf9;Pi16;Uba52;Cd59b;Rhebl1;Gadd45g;Tpx2;Lman2l;Nqo1;Cgref1;Stil;Cmtm6;Hspb1;Ddit4;Pkd1,0.0638,-0.052464,-0.163041,0.033593,-0.069802,-0.153607,0.028734,-0.030383,-0.119577,0.061534,-0.094183,-0.185043,-0.011053
TEAD2 (mouse),149,Prkaa2;Mybpc2;Jun;Kcnb1;Bhlhe41;Mecom;Tcp11l2;Mbd2;Ly6e;Npas2;Npas4;Adora1;Khdrbs1;Dlx6;Adamts15;Marcksl1;Ntrk3;Igf2bp3;Hnrnpa1;Fam76a;Cpne5;Egr2;Fam78b;Igf1;Decr1;Sec14l1;Neu2;Tcap;Morc4;Ndufb11;Auts2;Pkdcc;Plec;Tnfaip8;Tnfaip6;Ghr;Trib1;Ldb2;Rev1;Hnrnpl;Fam120c;Nr1d2;Fosl2;Gnl1;Prdm16;Dhrs3;Fosb;Ndufa4l2;Cdkn1a;Rarg;Nfix;Cfl1;Hmgn2;Frmd4a;Phactr4;Plekhg5;Syne1;Adamts3;Adamts1;Trpm3;Tnrc18;Sh3pxd2a;Gse1;Rab6b;Zcchc24;Faim2;Gdpd5;Efna5;Scube3;Comp;Lox;Lpp;Dbp;Il15ra;Tcf7l2;Pde10a;Ddit4;Ddit3;Hspe1;Rbp4;Zbtb7a;Kcnma1;Tmc7;Pth1r;Ncan;Tuba1a;Zbtb16;Hr;Ntf3;Stk24;Bdnf;Aph1a;Ppp1r14b;Cxxc5;Bend4;Dclk1;Wnk4;Rassf2;Hivep3;Kif1a;Ano1;Akr1b8;Zbp1;Osr1;Trp53;Ndrg2;Ndrg1;Ccnd1;Nxph1;Bcl9l;Rbm24;Wnt4;Lnx1;Prr7;Slc6a6;Unc119;Prr12;Tmem200b;Tesc;Gipc2;Emb;Gli1;Rspo3;Sema4a;Nkx6-1;Cacnb2;Erf;Rhobtb1;Rreb1;Klf4;Nuak1;Gng10;Tsc22d1;Krt18;Mapre2;Pde7a;Zfp36l1;Zfp36l2;Arid5b;Smad6;Hspa8;Nfkbia;Meis2;Ncald;Pde4a;Camk1d;Negr1;Col8a1;Acan,0.06332,-0.043087,-0.096531,0.009395,-0.092787,-0.145816,-0.026769,-0.029467,-0.084875,0.016479,-0.049625,-0.112472,0.003218
CEBPD (human),78,Lsm11;Dpysl2;Pkig;C3;Zbtb7c;As3mt;Upf1;Tmc7;Iqgap1;Mbd1;Ptgs2;Psmb8;Tuba1c;Rasl11a;Npas4;Leo1;Kpna1;Thada;Gapdh;Bend7;Slc25a25;Actn4;Alpk1;Herc2;Net1;Scn2b;Tspan4;Anln;Sec14l1;Pnpla2;Capg;Otud1;Crtc3;Chchd10;Uba2;Narf;Nav2;Plec;Pdlim5;Trib3;Wsb1;Hnrnpl;Sv2a;Pip4k2a;Gnl1;Ada;Cdkn1a;Lpcat2;Snrpn;Tle6;Ldlr;Ppef1;Cacnb2;Xaf1;Fam107a;Rhobtb1;Angpt2;Il3ra;Serpini1;Dusp18;Phactr4;Drd1;Arrdc4;Banp;Hist3h2a;Tppp3;Slc35f5;Stip1;Sorbs1;Cldn22;Cdk2ap1;Manba;Caprin2;Usp42;Pycr1;Plaur;Tshr;Pkd1,0.06289,-0.018958,-0.118999,0.06456,-0.081847,-0.147435,-0.01641,-0.032251,-0.1191,0.055634,-0.051977,-0.148835,0.0317
TFAP2A (human),266,Dpysl2;Nebl;Oplah;Jun;Dusp1;Kcnb1;Dusp8;Fxyd5;Kcnc4;Mbd1;Kcna2;Fads3;Bik;Neat1;Ly6e;Npas2;Npas4;Pcyt2;Fbxo31;Bmf;Adamts10;Unc5b;Gapdh;Gstz1;Rin3;Tfap4;Rrad;Tmem176b;Ndufb11;Auts2;Eef2k;Cytl1;Etv5;Plec;Lasp1;Rrm2;Gfod1;Pold4;Dip2c;Afap1;Mrgprf;Rrp8;Tpi1;Rara;Cdkn2c;Nfic;Angptl4;Tmem229b;Adamtsl5;Fkbp4;Mfap2;Col14a1;Dnajb1;Drd1;Dnaja4;Apcdd1;Slc22a2;Sipa1;Atp1b1;Lox;Cdh16;Fgfr2;Lonrf3;Tiam1;Pde10a;Clock;Ngef;Pdxk;Slc5a3;Hes1;Hes6;C2;Nanos1;Csnk2a2;Dmd;Slc16a1;Lag3;Slc25a34;Hr;Stk24;Pfkfb3;Lingo1;Celf4;Ctxn1;Sfrp2;Lrp3;Foxf1;Tagln2;Rcor2;Tnfrsf12a;Mrps6;Pcsk5;Pcsk4;Penk;Per3;Per2;Crip1;Stbd1;Osr1;Dpep1;Mpg;Ndrg2;Ndrg1;Ccnd1;Bcl9l;Irf7;Rbm24;Npr3;Hmgb3;Rbm44;Sobp;Asb2;Cyp1b1;Fzd8;Slc6a6;Tmem200b;Rnf145;Rnf152;Cys1;Irs2;Ankrd12;Vstm2b;Irx3;Pfn1;Ezr;Patz1;Tppp3;Aldoa;Sgk1;Arid3a;Tgfbi;Pde7a;Sel1l3;Nfkbia;Meis2;Pde4a;Tshr;Atf3;Cdca8;Pdgfb;Ism1;Sult1a1;Sphk2;Sphk1;Wnt9a;Slc7a5;Bhlhe40;Bhlhe41;Tcp11l2;Cdkl5;Fos;Ndst3;Odc1;Mob2;Ccdc85b;Ntrk3;Cirbp;Itgb3;Mfsd10;Epb41;Cpne5;Csrnp1;Il33;Tcap;Tbc1d16;Pkdcc;Cacna1d;Setbp1;Trib3;Trib1;Nr1d2;Fosl2;Gnl1;Pqlc3;Dhrs9;Ndufa4l2;Phf2;Pgf;Rab3a;Ccdc42;Pir;Plekhg5;Sik1;Cbfa2t3;Twist2;Tnrc18;Izumo4;Vav3;Sh3pxd2a;Hip1;Wnt5a;Wnt5b;Scube3;Efnb2;Rasd1;Rasd2;Caprin2;Tiparp;Cbx4;Hapln1;Wee1;Haghl;Ppp4r1;Klf11;Klf13;Zbtb7a;Fermt2;Kcnma1;Zbtb7c;Fabp3;Zbtb16;Has3;Pim3;Cxxc5;Mapk12;Ppp1r1b;Rgl1;Ifi30;Hivep2;Tspan4;Id3;Kif1a;Rftn1;Dpy19l3;Cd74;Mid1;Nxph3;Ihh;Slc1a4;Inhbb;Midn;Wnt4;Prr7;Cntfr;Cyb561;Tm9sf1;Brd7;Sema4a;Dgkd;Nkx6-1;Igfbp6;Rcan1;Ptpn13;Dusp14;Rreb1;Klf4;Slc24a4;Tnni3;Gadd45g;Tsc22d1;Rhoc;Adrb1;Stc2;Mapre2;Ryk;Zfp36l2;Smad7;Nr4a3;Nr4a2;Nr4a1;Arhgap23;Abcb6;Agap1;Hebp2;Spry1;Camk2b,0.061424,-0.079048,-0.127534,-0.021641,-0.124478,-0.174643,-0.075007,-0.063054,-0.104616,-0.019018,-0.078612,-0.129793,-0.031814
ELF3 (human),100,Spint2;Kcnma1;Pdgfb;C2;Zbtb7c;Dusp8;Pth1r;Fos;Ndst3;Dmd;Map3k1;Lag3;Pdcd4;Frzb;Has3;Stk24;Mob2;Pfkfb3;Hsp90aa1;Bdnf;Ip6k2;Kdelr3;Malt1;Bend7;Actn2;Epb41;Capsl;Apobec2;Pcsk5;Acaca;Sec14l1;Ano1;Per1;Ramp2;Stbd1;Cachd1;Mpg;Asap2;Midn;Narf;Pkdcc;Plau;Cytl1;Mmp3;Nav2;Plec;Aff3;Pdlim4;Tmem204;Mknk2;Cpxm2;Asb2;Enpep;Adcy5;Fzd4;Fzd8;Unc119;Fmo4;Dhrs3;Angptl4;Brd7;Sema4a;Ckm;Fkbp5;Pgf;Cacnb2;Rcan1;Angpt4;Slc37a2;Phactr3;Limch1;Slc24a4;Adamts8;Glrx;Gadd45g;Dpf1;Rhoc;Sgk1;Acvrl1;Cited2;Mpp2;Cgref1;Sorbs1;Myoz2;Tgfbi;Rai14;Myh10;Arid5a;Ephx2;Smad6;Fgfr2;Dock8;Espn;Arhgap23;Pdzd2;Agap1;Dbp;Cldn7;Camk2b;Ccdc28b,0.061233,-0.093727,-0.176684,-0.018813,-0.10922,-0.183205,-0.0254,-0.047987,-0.116038,0.020574,-0.083878,-0.147929,-0.005286
FOXA1 (human),77,Fez1;Psmd9;Prex2;Prex1;Alkbh7;Sult1a1;Upf1;Ecsit;Fos;Lars2;Dmd;Slc25a33;Rnft1;Fam13c;Fam13a;Synpo2l;Celf4;Rsad1;Cela1;Epb41;Ppp1r3b;Lgals4;Cd14;Tnfrsf12a;Ube2g1;Enah;Pcsk5;Il33;Proca1;Clcn7;Lama4;Wsb1;Homer2;Hnrnpl;Hspa1a;Enpep;Fam120c;Stard10;Slc16a11;Gnl1;Ada;Rnf145;Fmo1;Yipf4;Acss1;Stox2;Ppef1;Frmd4b;Dnajc1;Dnajb1;Phactr4;Gal3st3;Selenbp1;Smpdl3b;Syne1;Tulp1;Rhebl1;Ezr;Gpm6a;Dpf1;Krt18;Aldoa;Slc35f5;Cgref1;Ryk;Gnpda2;Gsta4;Fam184b;Gas2l3;Diaph3;Nfkbiz;Ncald;Hspb1;Hebp2;Plaur;Palld;Col8a1,0.060302,-0.068076,-0.147175,0.037789,-0.070564,-0.130285,0.012244,-0.083887,-0.162624,-0.020291,-0.023586,-0.111472,0.052462
RXRA (human),79,Tmem82;Upb1;Rbp4;Lats2;Nmt1;C2;Sult1a1;Jup;Sphk2;Cgnl1;Cdkl5;Lrg1;Apex1;Rnaseh2b;Flnc;Synpo2l;Adamts12;Aph1a;Fam76a;Actn4;Mfsd10;Alpk1;C4b;Herc2;Actr3b;Cd14;Tfap4;Id1;Kalrn;Sec14l1;Socs2;Il33;Per1;Otud1;Zfand1;Nexn;Cox6a1;Fdps;Fam98b;Trib3;Hnrnpm;Hspa1b;Serpine1;Nr1d1;Nr1d2;Tet1;Gnl1;Rnf145;Gramd1c;Plp2;Fmod;Rarg;Lyst;Fkbp5;Usp2;Rcan1;Pir;Xirp1;Uba52;Smpdl3b;Syne1;Por;Ezr;Lman2l;Ifit3;Banp;Krt18;Aldoa;Fibin;Mpp2;Gdf15;Gnpda2;Rasd2;Usp42;Pycr1;Nfkbiz;Idi1;Pkd1;Chchd2,0.059117,-0.110957,-0.177227,-0.021779,-0.096452,-0.169963,-0.026692,-0.05184,-0.114517,0.03496,-0.078444,-0.153341,-0.004674
YY1 (human),338,Optc;Tob2;Nmt1;Oplah;Mybpc2;Dusp1;Dusp8;Gsto1;Efemp1;Bmf;Tnfrsf21;Bcas2;Ech1;Gstz1;Itgbl1;C4b;Igf1;Grap;Actr3b;Klhl3;Rrad;Phgdh;Cacybp;Kcnq3;Pclo;Thsd7a;Filip1l;Pcp4;Ccnb1ip1;Cnn3;Sun2;Etv5;Rrm2;Gfod1;Mrgpre;Mrgprf;Adcy7;Zmiz1;Sv2a;St3gal5;Gja4;Bloc1s1;Rara;Cdkn2c;Angptl2;Rarg;Adamtsl1;Sncaip;Fkbp5;Ablim1;Stox2;Ppef1;Ipo5;Fgf7;Lancl3;Col14a1;Dnajb4;Phactr3;Drd1;Dnaja4;Cebpd;Syne1;Tulp1;Dync2h1;Apcdd1;Arrdc2;Tpx2;Ifit3;Mlf1;Gdpd3;Gdpd5;Ppp2cb;Purb;Diaph3;Lox;Col6a6;Cdh16;Fgfr2;Ubc;Dbp;Lrrtm3;Lonrf1;Plaur;Tiam1;Dcn;Mlph;Thra;Ccdc28b;Arhgdib;Stard4;Lum;Ngef;Ier5l;Ppargc1a;Lxn;C2;Hsph1;Fgfbp3;Ecsit;Tuba1a;Dmd;Slc16a1;Gk;Foxp1;Slc25a33;Slc25a34;Stk24;Fam13c;Dpt;Fam13a;Thada;Bdnf;Celf4;Pmvk;Mmab;Dst;Mylk4;Slc25a25;Cela1;Tmem86a;Commd8;Tagln2;Art3;Arsg;Enah;G2e3;Ccdc107;Stk35;Socs2;Per1;Crip1;Mnt;Dpep1;Ccdc152;Proca1;Mmp3;Gpcpd1;Irf7;Hmgb3;Rbm14;Eepd1;Daam1;Rbm44;Lama2;Lama4;Wsb1;Asb5;Cdk14;Asb4;Maml3;Rnf145;Glg1;Sulf1;Gpr146;Tmem141;Rbbp4;Erf;Ndp;Il3ra;Asph;Rhebl1;Gpm6a;Sox9;Glul;Hist1h3e;Patz1;Krt18;Rpusd4;Sgk1;Ankrd1;Podn;B3gnt8;Arid3a;Fas;Pde7a;Rai14;Arid5b;Sh3kbp1;Nfkbiz;Pde4b;Tshr;Palld;Chchd2;Tsix;Epb41l2;Sphk2;Wnt9a;Cdkl5;Mob2;Khdrbs1;Dlx5;Ccdc85b;Ntrk3;Syt12;Cdc20;Ccdc80;Epb41;Egr2;Aimp2;Slc45a4;Hhip;Nudcd3;Sec14l1;Tcap;Pnpla2;Ophn1;Tfap2b;Vcam1;Asb10;Gem;Pkdcc;Pcdh11x;Myocd;Nav2;Cry1;Ldb2;Ldb3;Prelid2;Rnf7;Nr1d2;Gnl1;Gramd1c;Timp1;Tead1;Col23a1;Dhrs9;Slc8a1;Snrpn;Hmgn2;Pgr;C1qtnf7;Hmgcs1;Echdc3;Pecam1;Pir;P2rx5;Pi16;Pln;Adamts6;Sik1;Cbfa2t3;Vav3;P4ha1;Cited4;Ptn;Efnb2;Wnt16;Lpin3;Idi1;Hk2;Tcf7l2;Haghl;Lsm11;Klf11;Klf13;Abtb2;Pth1r;Cgnl1;Ncan;Has3;Prc1;Mboat1;Bend4;Tm4sf1;Dclk1;Kdelr2;Ank3;Wnk4;Rgl1;Tspan9;Ptprd;Id1;Kif1a;Lmcd1;Ano4;Ano1;Popdc3;Diras2;Mid1;Cd82;Ihh;Slc1a4;Pak6;Galnt6;Clcn7;Mast4;Cpxm2;Wnt4;Lnx1;Churc1;Prr7;Hspa1l;Sytl5;Hspa1a;Hspa1b;Serpinf1;St13;Bace2;H3f3b;Tet1;Pawr;Fmo2;Fmo3;Tm9sf1;Atp6ap1l;Brd7;Clec3b;Nkx6-1;Igfbp5;Cacnb2;Rcan1;Rcan2;Inmt;Ptpn13;Serinc3;Ptpn21;Dusp14;Rreb1;Slc24a4;Fibin;Igsf8;Mapre2;Myoz2;Gdf15;Zfp36l1;Myh10;Smad7;Nr4a3;Nr4a2;Plcxd3;Nr4a1;Arhgap23;Usp53;Ncald;Agap1;Camk1d;Cldn7;Spry1,0.057387,-0.028203,-0.067275,0.02026,-0.067231,-0.114011,-0.030555,-0.048057,-0.092402,-0.006652,-0.009844,-0.044688,0.030044
NR1I2 (human),82,Rfx2;Psmd9;Gbp3;Pkig;Jup;Tmc7;Mrpl27;Ecsit;Ncan;Tuba1c;Tspo;Rnft1;Map3k5;Fam13a;Hsp90aa1;Foxk2;Prc1;Tspan15;Ech1;Rsad1;Epb41;Herc2;Aimp2;Lgals4;Cd14;Acaca;Socs2;Bbs5;Plvap;Zfand1;Nexn;Cox6a1;Tmem220;Myocd;Cpxm1;Rbm14;Spata24;Afap1;Hnrnpm;Tef;Parl;Serpinf1;Cyp1b1;Nr1d1;Gipc2;Angptl4;Adamtsl5;Sema4a;Glt8d2;Rbbp4;Usp2;Il3ra;Mcm6;Dnajb1;Xirp1;Selenbp1;P2rx5;Uba52;Cebpd;Prr5l;Adamts8;Arrdc2;Dpf1;Pdk4;Izumo4;Krt18;Nqo1;Sipa1;Faim2;Gdf15;Cdk2ap1;Manba;Stil;Sh3kbp1;Axin2;Pycr1;Nfkbiz;Idi1;Spen;Cldn7;Palld;Ddit3,0.056501,-0.068452,-0.15982,0.010793,-0.027458,-0.093029,0.053569,-0.083959,-0.164478,-0.025708,-0.04082,-0.103051,0.032985
ESR1 (human),83,Upb1;Pdxk;Nmt1;C2;C3;Sult1a1;Dusp1;Apex1;Rnaseh2b;Rasl11a;Npas4;Flnc;Mob2;Synpo2l;Tspan15;Fam76a;Actn4;Actr3b;Tspan4;Cd14;Tfap4;Id1;Socs2;Lmcd1;Per1;Herpud1;Klhl30;Fdps;Ccnb1ip1;Midn;Myocd;Clcn7;Plec;Npr3;Fam98b;Mvd;Trib3;Prelid2;Hnrnpm;Hspa1b;Serpine1;Fam120c;Slc16a11;Nr1d2;Prr13;Gnl1;Rnf145;Timp4;Fosb;Plp2;Tle1;Slco2a1;Fkbp5;Rbbp4;Igfbp6;Cacnb2;Rcan1;Pgr;Il3ra;Xirp1;Pi16;Uba52;Por;Ezr;Lman2l;Ifit3;Krt18;Aldoa;Fibin;Igsf8;Mpp2;Cilp2;Gdf15;Arhgap29;Nol3;Usp42;Srgn;Pycr1;Idi1;Slc4a8;Ddit4;Pkd1;Gna14,0.05628,-0.102677,-0.19146,-0.033242,-0.076669,-0.155791,0.006736,-0.098821,-0.172021,-0.017489,-0.046397,-0.117849,0.020883
HMGA1 (human),86,Optc;Rfx2;Mthfd2;Ppargc1a;Nox4;Nmt1;Sult1a1;Iqgap1;Gstp1;Dmd;Foxp1;Bdnf;Itga7;Upp2;Mgp;Igf1;Ank3;Capsl;Tg;Id3;Arhgef3;Acaca;Dync1i2;Il33;Filip1l;Tfap2b;Morc4;Otud1;Slc1a4;Klhl31;Pak4;Lhfp;Nrtn;Galnt6;Zfhx4;Mmp3;Vcan;Tnfaip6;Pik3r3;Pld1;Prr7;Rnd3;Fam120c;Gramd1c;Timp4;Fmo2;Fmo3;Fmo4;Dhrs9;Angptl4;Plcb1;Rarg;Adamtsl1;Atp6ap1l;Rspo3;Brd7;Ablim1;Rcan1;C1qtnf7;Ndp;Angpt2;Pir;Mcm6;Phactr4;Pi16;Ccdc60;Syne1;Stac;Dpf1;Mlf1;Vav3;Sgk1;Vwc2;Wnt5a;Npy1r;Arhgap29;Smad6;Plcxd3;Meis2;Lrrtm3;Negr1;Dcn;Palld;Clock;Colec11;Chchd6,0.056058,-0.057437,-0.142057,0.040679,-0.108549,-0.189853,-0.025819,-0.101824,-0.180507,-0.018075,-0.052491,-0.131893,0.037125
IRF8 (human),110,Spint2;Atf3;Sult1a1;Kcnb1;Mecom;Cdkl5;Gsto1;Lrch1;Rchy1;Pcyt2;Fbxo30;Adamts12;Ntrk3;Myo10;Txnip;Itgb3;Hnrnpa0;Hnrnpa1;C4b;Egr1;Egr2;Ophn1;Thsd7a;Filip1l;Vcam1;Auts2;Uba2;Cnn3;Grk5;Ect2;Prkcd;Nr1d1;Nr1d2;Cdkn2b;Dhrs9;Angptl4;Slc8a1;Tle6;Hmgn2;Angpt2;Drd1;Gal3st3;Wdr89;Por;Slc22a2;Avpi1;Sorbs1;Hip1;Hfe;Lox;Tcf7l2;Hlf;Arhgdib;Slc5a3;Prex2;Hes1;Ppargc1a;Hsph1;Ecsit;Fabp3;Dmd;Foxp1;Rnaseh2b;Flnc;Osbp;Celf4;Dst;Cxxc5;Tm4sf1;Foxf1;Commd8;Ifi30;Tspan4;Ccdc112;Id2;Id4;Pcsk5;Pcsk4;Cd34;Dpy19l3;Mnt;Mid1;Proca1;Zfhx4;Galnt6;Vcan;Cpxm2;Prr7;Acot2;Cntfr;Emb;Ccl19;Brd7;Itga10;Sema6a;Igfbp6;Ndp;Asph;Eif4a1;Nmb;Zfp36l1;S1pr3;Sel1l3;Nr4a1;Arhgap23;Meis2;Abcc1;Pde4b;Palld;Col8a1,0.055973,-0.062734,-0.127772,0.020382,-0.082746,-0.152059,-0.016012,-0.026773,-0.095381,0.041246,-0.064247,-0.129093,7.1e-05
POU2F2 (mouse),96,Dpysl2;Rapgef4;Egln3;Pgm2l1;Il6ra;Dlx6;Ntrk3;Igf2bp3;Itgbl1;Egr2;Igf1;Aimp2;Kcns3;Il33;Lhfp;Tmem220;Tnfaip8;Trib3;Ldb2;Rnd3;Tef;Pqlc3;Col23a1;Ston2;Sncaip;Snrpn;Fam47e;Tnr;Stox2;C1qtnf7;Dnajc1;Pir;Phactr4;Pi15;Adamts6;Mthfd1l;Avpi1;Gse1;Vwc2;Sorbs1;Purb;Lpl;Lpp;Cbx4;Thra;Ccdc28b;Rbm3;Lum;Hspe1;Klf15;Abtb2;Nox4;Mrpl27;Pth1r;Lefty1;Rnft1;Slc16a9;Il4ra;Dpt;Bend4;Dclk1;Sfrp2;Itih4;Ank3;Hivep3;Mrps6;Dynlt1b;Mid1;Ccnd1;Nxph1;Zfhx4;Pdlim5;Lnx1;Sobp;Asb4;Serpinf1;H3f3b;Agtr1a;Olfr1034;Nkx6-1;Xaf1;Ndp;Klf9;Prr5l;Eif5a2;Gadd45g;Cmbl;Gpm6a;Patz1;Tsc22d3;Prmt2;Tgfb3;Arid3a;Pde7a;Sel1l3;Pdzd2,0.055459,-0.03433,-0.116645,0.03456,-0.037406,-0.109771,0.018029,-0.089789,-0.16436,-0.027724,-0.056215,-0.126483,0.035684
STAT3 (human),177,Atf3;Nebl;Fat1;Pkig;Epb41l5;Epb41l2;Mybpc2;Dusp1;Sphk2;Rapgef4;Rapgef5;Lars2;Ndst3;Npas2;Adora1;Efemp1;Kcnk1;Acp6;Ip6k2;Ntrk3;Gapdh;Actn2;Cdc20;Herc2;Egr2;Igf1;Hhip;Kalrn;Nfil3;Pclo;Ypel2;Lhfp;Gem;Pcdh11x;Htra4;Plau;Cacna1d;Ets1;Tmem220;Nav2;Setbp1;Trib2;Tef;St3gal5;Nr1d1;Gramd1c;Timp3;Tead1;Cdkn1a;Slc8a3;Nampt;Tmem38b;Snrpn;Pf4;Fra10ac1;Glt8d2;Hmgn2;Frmd4b;Rab3a;C1qtnf7;Hmgcs2;Dnajb4;Phactr4;Xirp1;Cebpd;Cbfa2t3;Tnrc18;Edn1;Mlf1;P4ha1;Cited2;Mpp2;Sipa1;Wnt5b;Chrna1;Nol3;Hfe;Efna5;Purb;Dock10;Lpp;Ubc;Tcf7l2;Plaur;Slc4a8;Lum;Hspe1;Nox4;Hsph1;As3mt;Pth1r;Fabp3;Dmd;Slc16a9;Kpna1;Cdc42ep3;Osbp;Bdnf;Lingo1;Lrrk1;Pmvk;Me3;Dsp;Ppp1r14b;Upp2;Alpk1;Itih4;Ppp1r3b;Ntn4;Chordc1;Ank3;Rgl1;Capsl;Tspan4;Tg;Ptprd;Id3;Pcsk5;Ap2a1;Mid1;Rgs2;Acaa2;Bcl9l;Mmp3;Bmp3;Irf7;Mast4;Npr3;Aff3;Ddx17;Eepd1;Mvd;Fam98b;Sobp;Vit;Parl;Pip4k2a;Cyp1b1;Mthfr;Ier5;Rnf145;Fmo1;Fmo2;Fmo4;Nmnat2;Fmod;Ccl19;Ankrd50;Enkur;Rhobtb1;Ptpn13;Serpini1;Asph;Clec2d;Gpm6a;Arl6ip5;Banp;Patz1;Nmb;Rhou;Fibin;Sgk1;Stc2;Vldlr;Mapre2;Tgfb2;Steap3;Rai14;Stil;Usp42;Sh3kbp1;Dock8;Sel1l3;Plcxd3;Hspa5;Hebp2;Spry1,0.055245,-0.042443,-0.098923,0.016266,-0.097689,-0.155966,-0.034492,-0.077946,-0.124754,-0.037194,-0.050439,-0.097126,0.001103
RELA (human),205,Optc;Tob2;Ppfibp2;Fat1;Nmt1;Oplah;Sult1a1;Sdf2l1;Mybpc2;Sphk2;Sphk1;Fxyd5;Bhlhe41;Mecom;Fos;Adam19;Gstp1;Ndst3;Fads3;Tspo;Map3k1;Rasl10b;Cdc25b;Ly6e;Hsp90b1;Npas4;Map3k5;Dlx5;Bcas2;Marcksl1;Unc5d;Gapdh;Cdc20;Crispld2;Rin2;Epb41;Egr1;Egr2;Grap;Lgals4;Sec14l1;Kcnq3;Cachd1;Otud1;Crtc3;Auts2;Uba2;Plau;Sun2;Nav2;Plec;Mknk2;Ldb3;Homer2;Rnf7;Mrgprf;Plk3;Nr1d1;Gnl1;Timp1;Cdkn2c;Nfic;Cdkn1a;Phf2;Adamtsl5;Fkbp5;Csf1;Ablim1;Cfl1;Hmgn2;Mamstr;Dnajb2;Phactr3;Xirp1;Plekhg5;Dnaja4;Cebpd;Haus8;Ifitm3;Arrdc2;Trpm3;Cited2;Cited4;Sipa1;Hip1;Gdpd5;Atp1b1;Hfe;Efnb2;Comp;Rasd2;Cdh16;Fgfr2;Tiparp;Pycr1;Lpin3;Dbp;Lonrf1;Tcf7l2;Mlph;Ddit3;Thra;Rbm3;Stard3;Hes1;Gbp5;Klf11;Fermt2;Kcnma1;Upf1;Pth1r;Nanos1;Spsb1;Ncan;Ptgs2;Hat1;Has3;Pfkfb3;Hsp90aa1;Lingo1;Nfe2l2;Ppp1r14c;Fhl3;Cnnm3;Kdelr2;Ntn4;Foxf1;Tagln2;Rcor2;Rassf3;Hivep2;Tspan4;Ccdc107;Stk17b;Ramp2;Errfi1;Crip1;Mnt;Dpep1;Mpg;Ndrg1;Inhbb;Galnt6;Abhd14b;Vcan;Aff3;Eepd1;Prr7;Wsb1;Creb3l1;Tnnc2;Unc119;Tmem200b;Rnf145;Tm9sf1;Gpr146;Rspo3;Ccl19;Sema4a;Sema4c;Cys1;Xaf1;Abhd11;Efhd2;Inmt;Il3ra;Ptpn21;Dusp18;Irx3;Asph;Clec2d;Uba52;Eif4a1;Stk32b;Arntl;Gadd45g;Stag1;Ezr;Glul;Patz1;Tsc22d1;Tppp3;Krt18;Rpusd4;Aldoa;Acvrl1;Cgref1;Prmt2;B3gnt8;Mapre2;Cilp2;Arid3a;Atg16l2;Steap3;Rgs17;Stil;Smad7;Nfkbiz;Nfkbia;Hebp2;Camk1d;Palld;Camk2b;Acan;Chchd2,0.055071,-0.059003,-0.112972,0.003603,-0.073152,-0.13168,-0.025346,-0.035908,-0.088292,0.017545,-0.090979,-0.143853,-0.042028
NR5A2 (human),234,Spint2;Nebl;Ppfibp2;Alkbh7;Fxyd5;Rapgef4;Kcnc4;Dgat2;Rasl10b;Map3k5;Bmf;Kcnk3;Htr2a;Adamts10;Gapdh;Malt1;Rin2;Rin3;Actr3b;Zhx3;Rrad;Cacybp;Herpud1;Pcp4;Nexn;Chchd10;Ets1;Plb1;Etv5;Plec;Dapk2;Cd9;Mrgprf;Prkcd;Gja4;Nfic;Plp2;Cdkn1a;Adamtsl1;Ckb;Nfix;Fam129a;Ppef1;Mfap2;Phactr4;Phactr3;Ralgapa2;Dnaja1;Dnaja4;Syne1;Hsbp1l1;Smtn;Slc22a4;Slc22a2;Mlf1;Hist3h2a;Sipa1;Ppp2cb;Nol3;Purb;Diaph3;Cdh16;Lpp;Lonrf3;Ddit4;Clock;Thra;Rbm3;Stard3;Ngef;Ier5l;Prex1;Sncg;Gbp3;Hes6;Foxs1;Dmd;Lag3;Hr;Pfkfb3;Thada;Slc25a25;Mgp;Tifa;Tagln2;Ccdc112;Acaca;Crip1;Mnt;Osr1;Klhl29;Klhl31;Npr3;Hmgb3;Lama2;Wsb1;Asb2;Vit;Maml3;Fzd8;Tmem200b;Eln;Gramd4;Vwf;Asph;Eif4a1;Glrx;Glul;Prmt2;Tgfb3;Pde6h;Fas;Tgfbi;Manba;Ect2l;Hspa5;Pde4b;Spen;Palld;Atf3;Pdgfb;Sult1a1;Epb41l2;Rchy1;Gmnn;Olfml2a;Marcksl1;Tspan15;Itgb3;Fam76a;Cdc20;Herc2;Aimp2;Slc45a4;Kalrn;Tcap;Nudt4;Vcam1;Narf;Trib2;Ldb3;Nr1d1;Dhrs3;Slc8a1;Slc8a3;Tle6;Slco2a1;Csf1;Ldlr;Frmd4a;C1qtnf7;Plekhg5;Pi16;Haus8;Trpm3;P4ha1;Rab6b;Sorbs1;Chrna1;Efnb2;Gas2l3;Myh9;Haghl;Tmem82;Ppp4r1;Kcnma1;Zbtb7c;Tmc7;Pth1r;Fabp3;Psmb8;Olfm2;Ntf3;Has3;Upp2;Rsad1;Ereg;Tm4sf1;Itih4;Ppp1r1b;Wnk4;Ifi30;Tspan4;Cd14;Anln;Ptprd;Id3;Ano1;Ano2;Errfi1;Atoh8;Pak6;Clcn7;Mast4;Cpxm2;Ddx17;Lnx1;Hspa1b;Tnnc2;Tesc;Cyb561;Fmo1;Fmo2;Lpcat2;Ccl19;Sema4c;Dgkd;Vtcn1;Cacnb2;Rcan1;Rcan2;Abhd11;Ptpn21;Rreb1;Klf2;Clec2d;Tnni3;Antxr1;Tnnt2;Dpf1;Tsc22d3;Rhou;Vldlr;Fen1;Atg16l2;Steap3;Myh10;Smad7;Abcc1;Agap1;Hebp2;Camk1d;Negr1;Spry1,0.053293,-0.024186,-0.075846,0.020287,-0.077479,-0.132174,-0.032986,-0.03802,-0.089259,0.00363,-0.058698,-0.100524,-0.01263
CBEPA (human),117,Stard4;Atf3;Ppargc1a;Hes6;Klf11;Nebl;Cryab;C3;Sult1a1;Mybpc2;Bhlhe40;Bhlhe41;Mbd1;Vwa3b;Adam19;Fabp3;Peli1;Dmd;Lag3;Rasl10b;Olfm2;Npas2;Has3;Adora1;Pfkfb3;Pim3;Lingo1;Trim58;Kcnk3;Adamts10;Ip6k2;Ntrk3;Ephb6;Cxxc5;Igf2bp3;Plekha7;Cyp39a1;Gstz1;Ppp1r3b;Ntn4;C4b;Ppp1r1b;Hivep2;Slc10a6;Enah;Id3;Id2;Id4;Bbs5;Ano4;Per2;Fhod3;Sertad4;Osr1;Pcp4;Atoh8;Auts2;Ccnb1ip1;Pcdh11x;Ets1;Cytl1;Sun2;Plec;Ddx17;Pold4;Cdk14;Adcy5;Mrgprf;Fzd4;Tnnc1;Nr1d2;Ier5;Rara;Rnf152;Fmo1;Fmo3;Fmo4;Dhrs9;Nfic;Plcb1;Rarg;Tmem140;Adamtsl5;Rspo3;Tle1;Rcan1;Serpini1;Phactr3;Plekhg5;Ccdc60;Tnni3;Adamts9;Apcdd1;Dpf1;Banp;Tsc22d1;Tlr2;Aldoa;Sgk1;Stc2;Sh3pxd2a;Ptn;Wnt5b;Pde7a;Rgs17;Hfe;Comp;Arid5a;Col6a6;Fgfr2;Sel1l3;Meis2;Myh9;Dbp;Tcf7l2;Pde10a;Colec11,0.052965,-0.022707,-0.110317,0.055897,-0.037578,-0.100119,0.025746,-0.075671,-0.150704,-0.021473,-0.035231,-0.099395,0.024638
RUNX2 (mouse),106,Spint2;Ppfibp2;Sult1a1;Rapgef5;Ly6a;Pcyt2;Adamts12;Mfsd10;Cyp39a1;Akr1c14;Grap;Slc45a4;Neu2;Bbs5;Htra4;Plb1;Plec;Ect2;Ldb2;Prelid2;Pcgf5;Flrt1;Stard10;Timp3;Dhrs9;Tmem229b;Cdkn1a;Csf1;Fam47e;Tceal1;Stox2;Plekhg5;P2rx5;Syne1;Tulp1;Adamts8;Ifitm3;Slc22a4;Olfr224;Rab6b;Spcs3;Wnt5a;Lpp;Wnt16;Tiam1;Defb25;Rbm3;Lum;Haghl;Tmem82;Rbp4;Lats2;As3mt;Fgfbp3;Heyl;Leo1;Fam13c;Dpt;Mmab;Ppm1n;Ntn4;Tmem86a;Capsl;Arsg;Acaca;Stk35;Dynlt1b;Fhod3;Zbp1;Cd74;Ihh;Ndrg1;Gpcpd1;Fam177a;Rbm24;Mast4;Hmgb3;Sytl5;Cntfr;Maml3;Serpine1;Serpinf1;Zfp146;Brd7;Zfp568;Cdh3;Rcan1;Rhobtb1;Dusp18;Mustn1;Klf4;Prr5l;Hist1h4c;Slc11a1;Tnnt2;Sgk1;Cgref1;Elmo1;Tgfbi;Scg5;Stil;Pdzd2;Hspb7;Hebp2;Pde4b;Pik3ip1,0.052917,-0.083697,-0.163286,-0.005646,-0.039658,-0.107106,0.028513,-0.050002,-0.114274,0.024119,-0.03078,-0.090814,0.025345
CREB1 (human),166,Atf3;Ism1;Dusp1;Dusp8;Dgat2;Mbd1;Fos;Apex1;Gstp1;Ndst3;Fads3;Cdc25b;Fbxo31;Ahsa2;Trim58;Kcnk3;Unc5b;Fam76a;Gstz1;Rin2;Epb41;Egr1;Igf1;Aimp2;Hhip;Slc10a6;Kalrn;Sec14l1;Phgdh;Thsd7a;Htra4;Nav2;Plec;Pld1;Dapk2;Hnrnpl;Tef;Adcy5;Mrgpre;Zmiz1;St3gal5;Nr1d2;Fosl2;Ehd4;Rara;Gramd1c;Tead1;Cdkn2c;Dhrs9;Fosb;Angptl4;Lyst;Tceal1;Ablim1;Usp2;Mamstr;Pgf;Rab3a;C1qtnf2;Angpt4;Dnajc1;Gal3st3;Ralgapa2;Selenbp1;Dnaja4;Pi15;Adamts6;Sik1;Arrdc2;Cbfa2t3;Myl12a;Smtn;Edn1;Avpi1;Rab6b;Zcchc24;Sipa1;Wnt5b;Aig1;Gsta4;Purb;Caprin2;Lpp;Tiparp;Cbx4;Lrrtm3;Lonrf1;Rbm3;Ppargc1a;C2;Gprc5b;Fabp3;Spsb1;Ptgs2;Tuba1c;Slc16a1;Gk;Mapkapk3;Fam13a;Thada;Foxk2;Pmvk;Bend7;Slc25a25;Ank3;Scn2b;Art3;Hivep2;Tspan4;Id1;Kif1a;Penk;Ctsk;Ramp2;Dpep1;Klhl31;Acaa2;Gpcpd1;Aff3;Churc1;Hspa1l;Asb2;Serpinf1;Prr13;Glg1;Rnf152;Fmo4;Fmod;Atp6ap1l;Ankrd50;Sema4a;Sema4c;Dgkd;Clec3b;Acss1;Nkx6-1;Igfbp6;Cacnb2;Rcan1;Fam107a;Inmt;Il3ra;Klf4;Tnnt2;Dpf1;Glul;Tsc22d3;Aldoa;Stc1;Cgref1;Cilp2;Elmo1;Pde7a;Myh10;Stil;Nr4a3;Nr4a2;Dock5;Sh3kbp1;Dock8;Espn;Nr4a1;Nfkbiz;Spry1;Camk2b;Chchd2,0.049071,-0.082768,-0.150276,-0.0176,-0.084051,-0.138574,-0.03341,-0.061254,-0.1228,0.000384,-0.03498,-0.09702,0.024046
NFYA (human),168,Mthfd2;Nmt1;Jup;Mecom;Cdkl5;Cenpa;Cdc25b;Hsp90b1;Adora1;Itga1;Dlx5;Hnrnpa1;Epb41;Egr2;Fam78b;Aimp2;Net1;Lgals9;Kalrn;Sec14l1;Cacybp;Morc4;Vcam1;Pcp4;Ndufb11;Zfand1;Ccnb1ip1;Narf;Pcdh11x;Ets1;Higd1a;Cnn3;Etv5;Tnfaip8;Tnfaip6;Ect2;Grem2;Cry1;Ldb2;Rnd3;Pold4;Hnrnpl;Tef;Mrgpre;Fbxl22;Ndfip1;Coq10b;Ehd4;Gramd1c;Slc8a3;Tle1;Tle6;Fkbp5;Fkbp4;Fam129a;Ablim1;Usp2;Ldlr;Ipo5;C1qtnf7;Hmgcs1;Mcm6;Dnajb2;Ralgapa2;Dnaja1;Wdr89;Haus8;Plekhh2;Arrdc2;Arrdc4;Slc22a2;Ifit3;Tnrc18;Vav3;Faim2;Aig1;Cdk2ap1;Hfe;Fbln5;Caprin2;Hk2;Dbp;Lrrtm3;Rbm3;Stard4;Lum;Rbp4;Mtmr4;Ier5l;Prex2;Gbp5;Lats2;Zbtb7c;Fgfbp3;Gprc5b;Ecsit;Lefty1;Lrg1;Tuba1a;Dmd;Osbp;Bdnf;Me3;Mmab;Dst;Cnnm3;Mgp;Ppp1r3b;Ifi30;Id3;Pcsk4;Rftn1;Stk17b;Ap2a1;Proca1;Slc1a4;Ndrg1;Fdps;Vcan;Mast4;Hmgb3;Pik3r3;Lnx1;Mvd;Churc1;Rbm44;Acot2;Asb5;Hspa1b;Anxa5;H3f3b;Tal2;Emb;Fmo4;Gpr146;Tmem140;Dgkd;Cys1;Serpini1;Rhebl1;Slc46a3;Arntl;Antxr1;Chac1;Gadd45g;Stag1;Lman2l;Arl6ip5;Pcp4l1;Tsc22d3;Acvrl1;Igsf9;Stip1;Nqo1;Prmt2;B3gnt8;Cgrrf1;Elmo1;Ephx2;Sh3kbp1;Sel1l3;Hspa5;Hspa8;Ncald;Pde4b;Pde4a;Rwdd3;Chchd6,0.049067,-0.02257,-0.076103,0.025294,-0.045955,-0.102892,0.00776,-0.042222,-0.100351,0.01295,-0.071636,-0.135076,-0.017621
NR1H3 (human),70,Psmd9;Lxn;Alkbh7;Tmc7;Pth1r;Cdkl5;Ncan;Tspo;Map3k5;Fam13a;Aph1a;Bcas2;Tspan15;Slc25a25;Plekha7;Scn2b;Lgals4;Rassf2;Rassf3;Tspan4;Acaca;Sec14l1;Socs2;Bbs5;Cachd1;Ccdc152;Nexn;Cox6a1;Fdps;Plec;Rbm44;Afap1;Ahnak;Serpinf1;Nr1d2;Pqlc3;Rbm8a;Sema4a;Rbbp4;Mamstr;Cacnb2;Ipo5;Il3ra;Ccdc42;Echdc3;Mcm6;Col14a1;Xirp1;Selenbp1;Pi16;Uba52;Prr5l;Tulp1;Plekhh2;Arrdc2;Tmem50b;Cmbl;Dpf1;Pdk4;Izumo4;Nqo1;Manba;Pycr1;Idi1;Rwdd3;Spen;Plaur;Palld;Pik3ip1;Camk2b,0.046128,-0.041438,-0.13414,0.044686,-0.037997,-0.141479,0.068827,-0.084125,-0.176982,-0.013625,-0.060742,-0.138715,0.023496
GLI2 (human),116,Slc5a3;Klf13;Zbtb8a;C2;Kcnb1;Dusp8;Rapgef4;Mbd1;Kcna2;Ndst3;Fads3;Zbtb16;Cdc25b;Ly6e;Npas2;Hsp90b1;Jam2;Map3k5;Bdnf;Foxk2;Ppp1r14b;Ntrk3;Dsp;Cirbp;Mboat1;Gapdh;Trim24;Actn2;Mfsd10;Mapk12;Chordc1;Ank3;Wnk4;Scn2b;Rassf2;Tspan5;Tspan4;Cd14;Id1;Id2;Arhgef3;Kalrn;Ano2;Per1;Tcap;Crtc3;Plvap;Slc1a4;Proca1;Asb10;Auts2;Midn;Arhgef26;Cacna1d;Eef2k;Nrtn;Acaa2;Sun2;Rbm24;Plec;Pik3r3;Aff3;Cpxm2;Eepd1;Setbp1;Trib2;Dip2c;Cck;Tef;Cd9;Fam120c;Nxnl2;Plk3;Nr1d2;Gja4;Tle6;Dgkg;Stox2;Sema6a;Erf;Irs2;Abhd11;Il3ra;Serpini1;Gal3st3;Selenbp1;Pi15;Smpdl3b;Slc24a4;Prr5l;Hsbp1l1;Cth;Arrdc2;Gadd45g;Smtn;Gng10;Dpf1;Hist3h2a;Vldlr;Sorbs1;Hip1;Gdpd3;Cdk2ap1;Nol3;Fbln5;Dock10;Ephx1;Smad7;Nr4a2;Axin2;Abcc1;Hspb2;Dbp;Tcf7l2;Wee1;Palld,0.045355,-0.036441,-0.117533,0.035975,-0.058345,-0.134675,0.017118,-0.054469,-0.115876,-0.001879,-0.081797,-0.135228,-0.014176
NFKB1 (human),249,Optc;Dpysl2;Kcnb1;Dusp8;Rapgef4;Mbd1;Adam19;Kcna2;Gstp1;Ly6e;Npas4;Map3k5;Unc5b;Txnip;Gapdh;Malt1;Rin2;Slc10a6;Tfap4;Rrad;Tmem176b;Kcnq3;Cachd1;Auts2;Lhfp;Chchd10;Ccnb1ip1;Plau;Ets1;Cytl1;Plec;Tnfaip8;Lasp1;Dapk2;Homer2;Afap1;Cck;Tef;Fam120c;Prkcd;Rara;Cdkn2c;Nfic;Fosb;Rarg;Adamtsl5;Fkbp5;Cfl1;Mamstr;Mcm6;Dnajb2;Xirp1;Cebpb;Apcdd1;Smtn;Slc22a2;Slc35f5;Sipa1;Ppp2cb;Nol3;Fgfr2;Lonrf1;Mlph;Thra;Rbm3;Stard3;Ngef;Mtmr4;Hes1;Hes6;Gbp5;Fgfbp3;Gprc5b;Nanos1;Lrg1;Dmd;Slc16a1;Gk;Slc25a33;Hr;Stk24;Pfkfb3;Bdnf;Pmvk;Ppp1r14c;Ctxn1;Ptprz1;Cnnm3;Lrp3;Tagln2;Rcor2;Mrps6;Tg;Ccdc107;Penk;Per3;Per2;Sertad4;Klhl30;Ndrg2;Ccnd1;Irf7;Hmgb3;Fam98b;Creb3l1;Fzd4;Tmem200b;Rnf152;Gpr146;Gramd4;Cys1;Erf;Fam107a;Dhcr24;Il3ra;Asph;Rhebl1;Pfn1;Akap5;Stag1;Ezr;Patz1;Rpusd4;Aldoa;Acvrl1;Prmt2;Map4k4;Elmo1;Rai14;Dock8;Nfkbiz;Nfkbia;Palld;Acan;Chchd2;Atf3;Pdgfc;Cdca8;Sult1a1;Epb41l2;Sphk1;Bhlhe40;Mecom;Tspo;Hsp90b1;Frzb;Adora1;Osgin1;Khdrbs1;Dlx5;Ntrk3;Cirbp;Tspan15;Nrgn;Cdc20;Herc2;Egr1;Egr2;Aimp2;Sec14l1;Crtc3;Asb10;Pcdh11x;Tmem220;Myocd;Tmem204;Mknk2;Hnrnpl;Fbxl22;Gnl1;Dhrs3;Phf2;Slc8a3;Csf1;Hmgn2;Rab3a;Plekhg5;Cbfa2t3;Tnrc18;Vav3;P4ha1;Cited2;Mpp2;Hfe;Lpin3;Il15ra;Tcf7l2;Colec11;Upb1;Klf11;Zbtb7a;Fermt2;Lefty1;Spsb1;Has3;Nfe2l2;Ntn4;Ank3;Ppp1r1b;Rgl1;Hivep2;Tspan4;Id1;Kif1a;Rpa1;Ano1;Ramp2;Errfi1;Popdc3;Ap2a1;Midn;Galnt6;Vcan;Enpep;Serpinf1;Unc119;Tesc;Tm9sf1;Sema4a;Dgkd;Sbsn;Igfbp2;Cacnb2;Rcan1;S100a7a;Inmt;Serpini1;Ptpn21;Mustn1;Klf4;Klf2;Antxr1;Manf;Gadd45g;Tnnt2;Lman2l;Rhoc;Mapre2;Fen1;Cilp2;Gdf15;Atg16l2;Smad7;Nr4a2;Nr4a1;Arhgap23;Camk1d;Pik3ip1;Camk2b,0.045178,-0.041372,-0.090787,0.004705,-0.082516,-0.127613,-0.031957,-0.045623,-0.097939,0.002389,-0.08655,-0.127521,-0.041445
E2F1 (mouse),211,Spint2;Fez1;Atf3;Abcb1b;Vps13a;Dusp1;Sphk1;Dusp8;Bhlhe41;Mecom;Pgm2l1;Nudt10;Map3k1;Ly6a;Rasl11a;Rchy1;Hsp90b1;Map3k5;Gmnn;Adamts10;Ccdc85b;Ip6k2;Myo10;Nrgn;Ech1;Actn2;Cyp39a1;Rin3;Egr1;Bst2;Kcns3;Arhgef3;Nfil3;Tmem176b;Cacybp;Kcnq3;Nanp;Morc4;Pcp4;Asap2;Pkdcc;Myocd;Plec;Lasp1;Rrm2;Trib1;Rnd3;Homer2;Rev1;Hnrnpm;Zfp395;Mrgprf;Adcy7;Stard10;Plk2;Kitl;Gnl1;Pqlc3;Phf19;Timp1;Fosb;Tmem229b;Phf2;Adamtsl5;Tmem38b;Snrpn;Tle1;Fkbp5;Nfix;Fam47e;Cfl1;Mamstr;Mcm6;Ifi27l2b;Dnajb2;Plekhg3;Wdr89;Arrdc2;Tpx2;Twist2;Vav3;Tlr2;Gse1;Rab6b;Mpp2;Zcchc24;Spcs3;Ptn;Gdpd3;Gdpd5;Wnt5b;Efna5;Rasd1;Col6a6;Lpl;Lpp;Ubc;Tiparp;Myh9;Hapln1;Gm3336;Tcf7l2;Hist1h2ap;Mlph;Stard3;Ier5l;Slc5a3;Psmd9;Hes1;Klf13;Zbtb7a;Lats2;Abtb2;Gprc5b;Ecsit;Cgnl1;F3;Spsb1;Peli1;Rnaseh2b;Flnc;Cdc42ep3;Pfkfb3;Thada;Hsp90aa1;Lrrk1;Celf4;Foxk2;Aph1a;Pmvk;Me3;Ppp1r14b;Prc1;Ptprz1;Bend5;Slc25a25;Cela1;Kif20b;Alpk1;Kdelr2;Chordc1;Tmem86a;Ank3;Tagln2;Mrps6;Pcsk4;Socs2;Rpa1;Per1;Dpep1;Pak6;Inhbb;Galnt6;Mt1;Mt2;Fam177a;Ddx17;Fam98b;Cdk14;Asb4;Ahnak;Rnaset2a;Rnaset2b;Myc;Nxnl2;Unc119;Prr13;Anxa5;Cyb561;Glg1;Rybp;Tm9sf1;Rspo3;Zfp146;Sema4a;Cdh3;Nkx6-1;Igfbp2;Igfbp6;Dusp18;Dusp14;Vwf;Klf4;Asph;Prr5l;Hist1h4d;Pfn1;Tmem50b;Stag1;Gpm6a;Patz1;Lyve1;Igsf8;Vldlr;Prmt2;Mapre2;Kif13a;Arid3a;Steap3;Zfp36l2;Sh3kbp1;Dock8;Arhgap23;Pdzd2;Usp53;Cmtm6;Nap1l5;Meis2;Pde4b;Pde4a;Acan,0.04393,-0.032865,-0.089002,0.011194,-0.074592,-0.123315,-0.033684,-0.041889,-0.078628,0.003719,-0.076794,-0.136436,-0.023954
GATA1 (human),155,Atf3;Vps13a;Epb41l2;Sphk2;Cdkl5;Dgat2;Adam19;Apex1;Ndst3;Rock1;Npas4;Itga4;Ahsa1;Itga7;Dlx5;Itgb3;Cdc20;Rin3;Egr1;Aimp2;Net1;Nudcd3;Decr1;Bbs5;Il33;Tmem176b;Morc4;Zfand1;Pcdh11x;Ets1;Eef2k;Cytl1;Etv5;Tnfaip8;Ect2;Hnrnpl;Sv2a;Stard10;Nr1d2;Rara;Gramd1c;Btg1;Dhrs9;Cdkn1a;Slc8a3;Tmem38b;Snrpn;Ablim1;Ppef1;Pgr;C1qtnf7;Angpt4;Angpt2;Hmgcs1;Dnajb2;Ccdc60;Syne1;Ifit3;Trpm3;Nol3;Hfe;Dock10;Fgfr2;Lpl;Lpp;Srgn;Wnt16;Idi1;Lonrf1;Slc4a8;Stard4;Rbp4;Ngef;Prex2;Ppargc1a;Gbp5;Zbtb7c;Pth1r;Peli1;Dmd;Ror1;Has3;Slc16a9;Kpna1;Fam13a;Bdnf;Ky;Ephb6;Mylk4;Bend7;Ereg;Tm4sf1;Commd8;Arsg;Cd14;Ccdc112;Anln;Ptprd;Id1;Id2;Acaca;Ano2;Crip1;Mid1;Proca1;Pak4;Rgs2;Kif3a;Mast4;Npr3;Lamc2;Pdlim4;Pdlim5;Tnks2;Spata24;Sytl5;Hspa1b;Pip4k2a;Tnnc2;Cyb561;Rnf145;Fmo1;Fmo2;Nmnat2;Lpcat2;Ankrd50;Ccl19;Brd7;Igfbp2;Serpini1;Mustn1;Wasf1;Clec2d;Nuak1;Nceh1;Tsc22d3;Krt18;Rhou;Sgk1;Cgref1;Myoz2;Arhgap29;Fas;Arid5b;Dock5;Sh3kbp1;Plcxd3;Arhgap23;Nfkbiz;Nfkbia;Abcc1;Agap1;Pik3ip1;Col8a1;Spry1,0.042776,-0.040651,-0.09555,0.020032,-0.083428,-0.137774,-0.031992,-0.071417,-0.122604,-0.007173,-0.066141,-0.129785,-0.016317
PITX2 (human),197,Vps13a;Ppfibp2;Pkig;Jup;Kcna2;Fads3;Map3k6;Fbxo31;Crispld2;Itgbl1;Rin2;Igf1;Actr3b;Lgals4;Herpud1;Ets1;Cnn3;Etv5;Tnfaip8;Tnfaip6;Ect2;Afap1;Armc2;St3gal5;Ndfip1;Gja4;Bloc1s1;Cdkn2b;Fosb;Plp2;Cdkn1a;Adamtsl1;Fkbp5;Fam129a;Ipo5;Mfap2;Dnajb4;Phactr4;Phactr3;Ifitm3;Arrdc3;Lpp;Scfd2;Plaur;Tiam1;Clock;Rbm3;Lum;Prex2;C2;Hsph1;Dmd;Rnft1;Cdc42ep3;Pfkfb3;Aph1a;Me3;Dsp;Cnnm3;Slc25a25;Art3;Ube2g1;Tg;Acaca;Gpcpd1;Rbm14;Rbm44;Lama2;Asb5;Myc;Gipc2;Rnf145;Nmnat2;Enkur;Fam107a;Il3ra;Nes;Limch1;Uba52;Smpdl3b;Rhebl1;Pfn1;Nuak1;Aldoa;Nqo1;B3gnt8;Map4k4;Pde7a;Arid5a;Hspb1;Spen;Col8a1;Atf3;Epb41l5;Sult1a1;Mecom;Cdkl5;Cenpa;Tspo;Acly;Gmnn;Khdrbs1;Actn4;Actn2;Cdc20;Herc2;Kalrn;Sec14l1;Pnpla2;Capg;Nudt4;Cox6a1;Tmem220;Nrtn;Nav2;Trib3;Ldb2;Hnrnpm;Hnrnpl;Nr1d1;Rbm8a;Snrpn;Tle1;Csf1;Ldlr;Frmd4a;Angpt4;Plekhg5;Pi16;Plekhh2;Trpm3;Tnrc18;Izumo4;Chrna1;Hfe;Axin2;Lpin3;Il15ra;Tcf7l2;Tmem82;Psmd9;Lsm11;Zbtb8a;Upf1;Tmc7;Ncan;Hat1;Has3;Synpo2l;Bend7;Rsad1;Tm4sf1;Kdelr2;Scn2b;Cd14;Ptprd;Kif1a;Lmcd1;Creg2;Mid1;Fdps;Rgs2;Vcan;Aff3;Pdlim5;Parl;Prr13;Tet1;Prss12;Fmod;Sema4a;Sema4c;Itga10;Itpripl2;Rcan2;Xaf1;S100a7a;Serinc3;Dusp18;Prr5l;Slc11a1;Cmbl;Lman2l;Dpf1;Banp;Igsf8;Fen1;Gdf15;Gnpda2;Scg5;Stil;Usp42;Usp53;Ncald;Cldn7;Spry1;Pkd1,0.042739,-0.036062,-0.093802,0.025639,-0.078802,-0.131614,-0.027535,-0.05759,-0.102183,-0.004215,-0.077119,-0.122984,-0.033908
ETS1 (human),268,Spint2;Dpysl2;Pkig;Jup;Mbd1;Gstp1;Kcna5;Map3k1;Npas2;Map3k5;Fbxo31;Htr1b;Bicc1;Kcnk1;Malt1;Itgbl1;Rin3;Sphkap;Igf1;Net1;Actr3b;Arhgef3;Tmem176b;Thsd7a;Nexn;Lhfp;Ccnb1ip1;Plau;Ets1;Etv5;Plec;Tnfaip8;Tnfaip6;Pld1;Grk5;Adcy5;Adcy7;Tpi1;Angptl4;Cdkn1a;Ston2;Sncaip;Fkbp4;Tceal1;Fam129a;Tnr;Mamstr;Lancl3;Dnajb1;Dnajb4;Phactr4;Col27a1;Dnaja4;Ifitm3;Arrdc3;Comp;Dock10;Lox;Fgfr2;Lpl;Lpp;Scfd2;Lrrtm3;Thra;Ccdc28b;Rbp4;Hes6;Gbp5;Lats2;C2;Gprc5b;Ecsit;Foxs1;F3;Heyl;Osbp;Bdnf;Lingo1;Celf4;Aph1a;Pmvk;Dst;Mgp;Tifa;Capsl;Enah;G2e3;Pcsk5;Acaca;Per2;Mnt;Mpg;Ndrg2;Ccnd1;Mmp3;Gpcpd1;Rbm24;Npr3;Pik3r3;Vit;Fzd4;Slc6a6;Gprasp1;Tmem141;Gramd4;Plcl1;Acss1;Dhcr24;Limch1;Smpdl3b;Glrx;Akap5;Arntl;Nceh1;Ezr;Gng10;Hist1h3e;Pcp4l1;Sgk1;Podn;Map4k4;Tgfb3;Tgfb2;Pde6h;Tgfbi;Pde7a;Ephx2;Arid5b;Dock5;Sel1l3;Nfkbiz;Pde4a;Palld;Fat1;Pdgfb;Epb41l5;Sphk2;Sphk1;Wnt9a;Tcp11l2;Fos;Ndst3;Odc1;Rchy1;Hsp90b1;Frzb;Itga4;Osgin1;Ahsa1;Itga7;Ntrk3;Igf2bp3;Hnrnpa0;Hnrnpa1;Fam76a;Actn4;Epb41;Sec14l1;Nanp;Ppia;Asb10;Pkdcc;Pcdh11x;Higd1a;Myocd;Nav2;Ghr;Ldb2;Nr1d1;Gnl1;Slc8a3;Slco2a1;Csf1;Rab3a;Angpt2;Hmgcs1;Ccdc42;Plekhg5;Pln;Adamts1;Sik1;Por;Twist2;Rgs7bp;Cited2;Cited4;Ptn;Cldn22;Efnb2;Gas2l3;Efna1;Cbx4;Pycr1;Wnt16;Idi1;Thbs1;Haghl;Rfx2;Klf11;Mrpl27;Pth1r;Lefty1;Fabp3;Ptgs2;Psmb8;Zbtb16;Ntf3;Nfe2l2;Kdelr3;Upp2;Tm4sf1;Ntn4;Ank3;Tspan9;Ptprd;Id3;Id2;Rpa1;Ano2;Stk17b;Cd74;Mid1;Nxph3;Pak6;Fdps;Galnt6;Mast4;Pdlim4;Cpxm2;Scarb2;Prr7;Tnnc2;Mthfr;Unc119;Tesc;Tet1;Prss23;Brd7;Sema4a;Sema4c;Dgkd;Nkx6-1;Cacnb2;Rhobtb1;S100a7a;Abhd11;Efhd2;Slc37a2;Serpini1;Dusp18;Klf4;Antxr1;Gadd45g;Cmbl;Stc1;Mapre2;Cilp2;Myoz2;Ryk;Gdf15;Arhgap29;S1pr3;Smad7;Nr4a2;Nr4a1;Abcb6;Ncald;Agap1,0.040372,-0.062377,-0.118666,-0.012966,-0.080233,-0.118685,-0.034675,-0.039861,-0.079539,0.000627,-0.06947,-0.112541,-0.022362
TFAP2A (mouse),151,Optc;Prkaa2;Mybpc2;Dusp8;Fxyd5;Mecom;Bik;Rasl10b;Ly6e;Npas2;Itga4;Osgin1;Khdrbs1;Adamts12;Acp6;Ip6k2;Ntrk3;Unc5d;Ech1;Crispld2;Rin3;Apobec2;Neu2;Tmem176b;Ttc7;Capg;Morc4;Grip2;Asb10;Pkdcc;Plb1;Cytl1;Sun2;Myocd;Plec;Cyp26b1;Lasp1;Tmem204;Mknk2;Trib1;Ldb3;Adcy7;Gng2;Apol8;Sv2a;Prkcd;Tpi1;Rara;Fosb;Ndufa4l2;Ckm;Slco2a1;Hmgn2;Pitpnm2;Rab3a;Hmgcs2;Pir;Pecam1;Col14a1;Dnajb2;Phactr3;Cpt1a;Syne1;Por;Vgll3;Trpm3;Cited2;Rab6b;Cldn22;Scube3;Srgn;Pycr1;Lpin3;Idi1;Il15ra;Thra;Stard3;Tmem82;Ngef;Psmd9;Sncg;Lats2;Lxn;C2;Pth1r;Lrg1;Ncan;Lag3;Ror1;Pipox;Has3;Pfkfb3;Fam13c;Hsp90aa1;Ky;Aph1a;Ppp1r14b;Mmab;Dclk1;Mapk12;Ppp1r3b;Ank3;Ppp1r1b;Ifi30;Arsg;Ccdc112;Socs2;Ano1;Ano2;Sertad4;Creg2;Nxph3;Cd81;Ndrg2;Ndrg1;Pak4;Bcl9l;Acaa2;Abhd14b;Rbm24;Pdlim4;Lnx1;Cdk14;Myc;Tnnc2;Sbsn;Sema6a;Erf;Erh;Efhd2;Zfp580;Inmt;Ptpn13;Rreb1;Pfn1;Akap5;Nuak1;Dpf1;Banp;Tsc22d1;Aldoa;Mapre2;Gdf15;S1pr3;Smad6;Sel1l3;Meis2;Hspb7;Abcb6;Ncald;Pik3ip1,0.039164,-0.047293,-0.12746,0.016945,-0.056126,-0.118472,0.006775,-0.059713,-0.120263,-0.006061,-0.086458,-0.158814,-0.030367
RBPJ (human),110,Rfx2;Atf3;Lin9;Dpysl2;Prex2;Sncg;Hes1;Pkig;Oplah;Hsph1;Epb41l2;Sphk2;Ecsit;Mbd1;Fos;F3;Tuba1a;Dmd;Sap30;Npas4;Leo1;Fam13c;Synpo2l;Me3;Ntrk3;Ppp1r14b;Bend4;Itih4;Cpne5;Ntn4;Sphkap;Ank3;Ppp1r1b;Tfap4;Sec14l1;Cacybp;Rpa1;Pclo;Cd74;Mid1;Dpep1;Mpg;Cd82;Lhfp;Uba2;Cacna1d;Ets1;Plb1;Cnn3;Sun2;Myocd;Npr3;Wnt4;Rrm2;Cry1;Lnx1;Tnks2;Pold4;Sytl5;Cd9;Nr1d1;Sqle;Unc119;Rara;Rnf145;Rnf152;Sulf1;Plp2;Gpr146;Tmem141;Slc8a1;Tmem38b;Ccl19;Fkbp5;Fra10ac1;Fam129a;Sbsn;Igfbp6;Rcan2;S100a7a;Srgap3;Hmgcs2;Inmt;Wasf1;Plekhg5;Vwf;Dnaja1;Pi15;Prr5l;Pln;Pcp4l1;Lyve1;Vav3;Aldoa;Sgk1;Cited4;Prmt2;Rai14;Rgs17;Fbln5;Purb;Gas2l3;Lox;Sh3kbp1;Lpp;Plcxd3;Nr4a1;Usp53;Wnt16;Camk2b,0.039119,-0.060632,-0.128013,0.018512,-0.088378,-0.141181,-0.02057,-0.099751,-0.172592,-0.022791,-0.0717,-0.141411,0.003064
LEF1 (mouse),134,Nebl;Pkig;Alkbh7;Mybpc2;Bhlhe40;Rapgef5;Wtip;Kcna2;Nudt10;Rasl10b;Cdc25b;Lrch1;Ly6a;Hsp90b1;Htr1b;Ccdc85b;Igf2bp3;Trim24;Hnrnpa1;Hhip;Bst2;Kcns3;Kalrn;Il33;Kcnq3;Pnpla2;Rem1;Htra4;Plb1;Nav2;Plec;Pld1;Trib2;Prelid2;Cd9;Adcy5;Dhrs3;Plp2;Sncaip;Ckb;Snrpn;Ckm;Fam47e;Ablim1;Ppef1;Pecam1;Phactr3;Selenbp1;Smtn;Slc22a2;Twist2;Trpm3;Pdk4;Tlr2;Gse1;Vwc2;Gdpd5;Wnt5a;Shisa4;Col6a6;Lpl;Lpp;Wnt16;Hk2;Dcn;Rfx2;Gbp5;Zbtb7a;Lats2;F3;Lrg1;Ncan;Slc25a34;Ntf3;Fam13c;Hsp90aa1;Ky;Lingo1;Crybg3;Foxk2;Bend7;Plekha7;Ppp1r1b;Art3;Rassf2;Arsg;Anln;Zfr;Ramp2;Errfi1;Popdc3;Zfp703;Cd82;Ndrg1;Fam177a;Daam1;Prr7;Fzd4;Mthfr;Slc16a11;Prr13;Emb;Fmo1;Fmo4;Nmnat2;Lpcat2;Sema4c;Abca8a;Zfp568;Olfr1033;Vtcn1;Itpripl2;Cyp4f14;Xaf1;Ndp;Klf4;Xlr3b;Stac;Gadd45g;Gng10;Tsc22d1;Tsc22d3;Aldoa;Igsf9;Ankrd1;Mapre2;Fen1;Scd2;Npy1r;Fam184b;Arid5a;Nfkbiz;Hspb2;Pde4a,0.037772,-0.09945,-0.159791,-0.021409,-0.061678,-0.117561,0.005207,-0.083314,-0.144709,-0.025808,-0.087814,-0.146428,-0.025074
SRF (human),247,Mthfd2;Nebl;Jup;Mmp14;Gsto1;Kcna2;Npas2;Npas4;Fbxo30;Gstt1;Efemp1;Kcnk3;Adamts12;Itgbl1;Rin3;C4b;Sphkap;Net1;Klhl3;Cacybp;Sdhd;Ndufb11;Eef2k;Etv5;Plec;Tnfaip8;Tnfaip6;Pld1;Ect2;Dapk2;Tef;Mrgpre;Mrgprf;Plk2;Rrp8;Rara;Fosb;Plp2;Cdkn1a;Fkbp5;Ablim1;Cfl1;Dnajb2;Dnajb4;Ralgapa2;Mthfd1l;Smtn;Pdk4;Aig1;Gsta4;Dock10;Diaph3;Lox;Col6a6;Fgfr2;Lpp;Dbp;Dcn;Mlph;Stard4;Lum;Rbp4;Mtmr4;Ier5l;Slc5a3;Ppargc1a;Gbp5;Foxs1;Tuba1a;Dmd;Slc25a33;Pfkfb3;Fam13c;Osbp;Pmvk;Ppp1r14b;Mmab;Dst;Ephb6;Slc25a25;Tmem86a;Commd8;Rcor2;Capsl;Mrps6;G2e3;Ccdc107;Socs2;Mnt;Klhl29;Xk;Mmp3;Hmgb3;Pik3r3;Rbm14;Fam98b;Sobp;Wsb1;Asb5;Asb2;Creb3l1;Slc6a6;Tal2;Rnf145;Emb;Sulf1;Tmem140;Dhcr24;Eif4a1;Arntl;Abra;Glul;Nmb;Acvrl1;Stip1;Nqo1;Pde6h;Cgrrf1;Elmo1;Tgfbi;Rai14;Rgs17;Ephx1;Arid5a;Arid5b;Dock5;Sh3kbp1;Hspa5;Hspa8;Hspb2;Pde4b;Pde4a;Atf3;Epb41l2;Mecom;Cdkl5;Fos;Cdc25b;Hsp90b1;Acly;Itga4;Ogn;Dlx5;Acp6;Syt12;Nrgn;Hnrnpa1;Fam76a;Cdc20;Egr1;Egr2;Apobec2;Nfil3;Morc4;Vcam1;Zfand1;Pkdcc;Pcdh11x;Higd1a;Cry1;Ldb2;Ldb3;Rnd3;Hnrnpl;Fbxl22;Flrt1;Coq10b;Gnl1;Gramd1c;Rbm8a;Timp3;Timp4;Smoc1;Slc8a3;Rab3a;C1qtnf7;Angpt2;Hmgcs1;Selenbp1;Pi16;Adamts9;P4ha1;Rab6b;Mpp2;Sorbs1;Ptn;Gabrq;Wnt5b;Hfe;Fbln5;Axin2;Myh9;Hk2;Thbs1;Lsm11;Zbtb7c;Lefty1;Kank4;Has3;Nfe2l2;Cxxc5;Upp2;Scn2b;Rassf3;Id3;Ctsk;Ap2a1;Creg2;Mid1;Slc1a4;Pak6;Fdps;Pdlim4;Wnt4;Churc1;Prr7;Hspa1a;Acot2;Bace2;Ier5;H3f3b;Fmo2;Fmo3;Fmo4;Tm9sf1;Ccl19;Dgkg;Rcan1;Rcan2;S100a7a;Slc37a2;Rreb1;Klf9;Prr5l;Antxr1;Chac1;Lman2l;Rhou;Igsf9;Cgref1;Mapre2;Atg16l2;Steap3;Plcxd3;Abcc1;Ncald;Spry2,0.037664,-0.064917,-0.107537,-0.019274,-0.089989,-0.132235,-0.04043,-0.052325,-0.093932,-0.008516,-0.077787,-0.120825,-0.034288
Myb (mouse),125,Spint2;Scx;Tob2;Nebl;Vps13a;Cdca8;Rapgef4;Pgm2l1;Tspo;Pdcd4;Gm10069;Olfml2a;Itga1;Unc5d;Fam76a;Slc45a4;Nfil3;Tmem176b;Ttc7;Vcam1;Ppia;Otud1;Ndufb11;Nexn;Cox6a1;Nav2;Plec;Cyp26b1;Tef;Adcy5;Adcy7;Nr1d2;Mfap2;Phactr4;Plekhg5;Cpt1a;Syne1;Dync2h1;Arrdc2;Cbfa2t3;Slc35f5;Gse1;Vwc2;Wnt5b;Cdk2ap1;Lpl;Cbx4;Lpin3;Gm3336;Il15ra;Tcf7l2;Tiam1;Ddit3;Rfx2;Hspe1;Pdxk;Slc5a3;Lats2;C2;Iqgap1;Cgnl1;Tuba1a;Psmb8;Foxp1;Cdc42ep3;Ky;Prc1;Cxxc5;Bend7;Dclk1;Mapk12;Tagln2;Rcor2;Mrps6;Anln;G2e3;Ano1;Per1;Ap2a1;Stbd1;Ndrg2;Pak6;Cpxm1;Lnx1;Churc1;Prr7;Cdk14;Rnaset2a;Rnaset2b;St13;Prr13;Hrct1;Emb;Brd1;Fmo4;Sema4a;Cdh3;Igfbp2;Igfbp6;Cys1;Cacnb2;Erf;Xaf1;Ankrd12;Dusp18;Limch1;Smpdl3b;Cd59b;Glrx;Akap5;Chac1;Stac;Dpf1;Sox9;Tsc22d1;Acvrl1;Mapre2;Scg5;Rai14;Nr4a2;Dock8;Nr4a1;Pdzd2;Rwdd3;Cldn7,0.036696,-0.069041,-0.129057,-0.012222,-0.089002,-0.146082,-0.028327,-0.053233,-0.121837,0.002075,-0.052306,-0.111821,0.003179
CACYBP (mouse),136,Spint2;Fez1;Vps13a;Cryab;Jup;Sphk1;Rasl10b;Lrch1;Pdcd4;Npas2;Fbxo30;Bicc1;Ahsa1;Adamts10;Ip6k2;Marcksl1;Ntrk3;Syt12;Crispld2;Itgbl1;C4b;Fam78b;Slc45a4;Bst2;Kcns3;Tmem176b;Capg;Pcp4;Plau;Tmem220;Plb1;Nrtn;Plec;Lasp1;Ect2;Rrm2;Trib3;Pold4;Tef;Zfp395;Mrgprf;Sv2a;Fam120c;Stard10;Nr1d2;Rara;Gramd1c;Smoc1;Tmem229b;Rarg;Tle6;Slco2a1;Nfix;Ablim1;Ccdc42;Phactr3;Ccdc60;Adamts3;Ifitm3;Nipal4;Gm973;Mlf1;Zcchc24;Gdpd3;Faim2;Gdpd5;Nol3;Efna5;Dock10;Efna1;Lpp;Srgn;Wnt16;Lpin1;Hapln1;Il15ra;Slc4a8;Mlph;Lats2;Fam13c;Celf4;Dst;Cxxc5;Bend5;Dclk1;Chordc1;Ank3;Ppp1r1b;Tagln2;Socs2;Dynlt1b;Dpep1;Ihh;Ndrg2;Atoh8;Pak6;Fam177a;Cpxm1;Lnx1;Rbm44;Cntfr;Nxnl2;Slc16a11;Slc6a6;Tesc;Pawr;Ada;Hrct1;Emb;Sulf1;Sema4a;Ankrd23;Zfp568;Sbsn;Cys1;Rreb1;Cd59b;Hist1h4d;Stac;Gadd45g;Nuak1;Igsf8;Igsf9;Stc2;Cgref1;Podn;Fam184b;Nr4a2;Dock5;Sh3kbp1;Plcxd3;Arhgap23;Pdzd2;Hspb2;Camk1d;Camk2b,0.036239,-0.055467,-0.12674,0.019515,-0.044003,-0.086789,0.01447,-0.060388,-0.127376,0.000904,-0.080243,-0.150183,-0.014193
PPARG (human),210,Nebl;Pkig;Alkbh7;Jup;Rapgef5;Lars2;Kcna2;Map3k5;Efemp1;Trim58;Ip6k2;Gapdh;Gstz1;Igf1;Grap;Actr3b;Lgals4;Herpud1;Pclo;Nexn;Lhfp;Ccnb1ip1;Plau;Eef2k;Tef;Bloc1s1;Cdkn1a;Nampt;Fkbp5;Usp2;Ppef1;Ipo5;Mcm6;Phactr4;Xirp1;Arrdc2;Ifit3;Edn1;Sipa1;Nol3;Dock10;Lpp;Plaur;Slc4a8;Hspe1;Pdxk;Nox4;C3;Hsph1;Nanos1;Lrg1;Dmd;Slc16a9;Fam13a;Thada;Osbp;Lingo1;Foxk2;Pmvk;Me3;Ppp1r14b;Capsl;Enah;Acaca;Bcl9l;Acaa2;Bmp3;Irf7;Npr3;Rbm14;Rbm44;Sobp;Vit;Pip4k2a;Cyp1b1;Gipc2;Rnf145;Nmnat2;Ankrd23;Rbbp4;Il3ra;Asph;Uba52;Akap5;Ezr;Patz1;Nmb;Sgk1;Nqo1;Tgfb2;Rai14;Dock5;Sh3kbp1;Sel1l3;Spen;Palld;Atf3;Fat1;Sphk2;Cenpa;Ndst3;Nudt10;Tspo;Adora1;Khdrbs1;Acp6;Tspan15;Cdc20;Epb41;Herc2;Aimp2;Sec14l1;Pnpla2;Capg;Ypel2;Cox6a1;Gem;Narf;Pcdh11x;Setbp1;Trib2;Trib3;Hnrnpm;Hnrnpl;Nr1d1;Gnl1;Gramd1c;Timp3;Timp4;Tmem38b;Tle6;Ldlr;Hmgn2;Frmd4b;Rab3a;Ccdc42;Selenbp1;Adamts8;Cbfa2t3;Por;Izumo4;Chrna1;Hfe;Axin2;Pycr1;Wnt16;Idi1;Tmem82;Lsm11;Zbtb8a;Tmc7;Iqgap1;Pth1r;Fabp3;Ncan;Olfm2;Has3;Synpo2l;Lrrk1;Mboat1;Kdelr3;Upp2;Alpk1;Itih4;Kdelr2;Ntn4;Scn2b;Tspan4;Cd14;Anln;Ptprd;Id1;Rpa1;Ap2a1;Pak6;Fdps;Midn;Rgs2;Clcn7;Mast4;Aff3;Cpxm1;Pdlim5;Hspa1b;Parl;Serpinf1;Mthfr;Fmo2;Fmod;Ccl19;Sema4a;Itga10;Cacnb2;Dusp18;Clec2d;Prr5l;Cmbl;Fibin;Fen1;Cilp2;Ryk;Gdf15;Steap3;Stil;Usp42;Pdzd2;Ncald;Hebp2;Pik3ip1;Camk2b,0.03608,-0.042712,-0.101999,0.015435,-0.078791,-0.127675,-0.029356,-0.049068,-0.094047,-0.00503,-0.071707,-0.118053,-0.030561
KLF13 (human),106,Optc;Ngef;Zbtb7a;Nox4;Cryab;Sult1a1;Zbtb7c;Sphk2;Dusp8;Tmeff2;Bhlhe40;Rapgef4;Dgat2;Mbd1;Gsto1;Kcna5;Nudt10;Rasl10b;Cdc25b;Pdcd4;Rasl11a;Npas2;Npas4;Mob2;Bmf;Bdnf;Adamts10;Ccdc85b;Ntrk3;Ctxn1;Malt1;Mfsd10;Mapk12;Itih4;Ntn4;Ppp1r1b;Wnk4;Tagln2;Rcor2;Lgals4;Rassf3;Tspan4;Lgals9;Anln;Phgdh;Tmem176b;Per1;Tcap;Mnt;Cachd1;Klhl29;Arhgef26;Cacna1d;Ets1;Kif3a;Sun2;Plec;Mknk2;Eepd1;Ldb3;Prelid2;Cd9;Myc;Nxnl2;Rara;Glg1;Nmnat2;Angptl2;Gramd4;Slc8a3;Tle6;Itga10;Slco2a1;Sbsn;Usp2;Fam107a;Inmt;Serpini1;Dnajb2;Xirp1;Selenbp1;Uba52;Eif4a1;Arrdc2;Gadd45g;Dpf1;Banp;Igsf9;Prmt2;Vwc2;Sipa1;Nol3;Comp;Myh10;Ephx1;Nr4a3;Arhgap23;Wnt16;Myh9;Hapln1;Hspb2;Pde4a;Dcn;Pik3ip1;Col8a1;Thra,0.034363,-0.079878,-0.169639,-0.017886,-0.045515,-0.113974,0.031355,-0.053484,-0.101295,0.005869,-0.061933,-0.126739,-0.0002
MIR138 (human),98,Haghl;Hspe1;Ier5l;Klf11;Klf13;Cryab;Pdgfb;Oplah;C3;Epb41l5;Sphk1;Mecom;Tcp11l2;Dgat2;Fabp3;Olfm2;Slc25a34;Rock1;Odc1;Has3;Pfkfb3;Bmf;Marcksl1;Ppp1r14c;Gapdh;Upp2;Mapk12;C4b;Rgl1;Hivep3;Tspan4;Pcp4;Dpep1;Mpg;Proca1;Klhl30;Gem;Uba2;Kif3a;Nrtn;Bcl9l;Nav2;Plec;Mast4;Hmgb3;Pdlim4;Grem2;Hspa1l;Mrgpre;Gng2;Fbxl22;Gja4;Tpi1;Prss12;Rara;Eln;Hrct1;Timp1;Fmo1;Ndufa4l2;Prss23;Ccl19;Tle1;Sema4c;Fam129a;Clec3b;Nkx6-1;Acss1;Mamstr;Pgf;Rcan1;Echdc3;Plekhg5;Limch1;Syne1;Arrdc2;Gadd45g;Stag1;Glul;Acvrl1;Sh3pxd2a;Vwc2;B3gnt8;Gabrq;Aig1;Atg16l2;Elmo1;Comp;Ephx1;Dock5;Espn;Sel1l3;Ubc;Cbx4;Hspb7;Hspb2;Ccdc28b;Acan,0.034336,-0.08825,-0.165499,-0.004282,-0.09877,-0.159572,-0.037397,-0.064434,-0.136201,0.013119,-0.092449,-0.151963,-0.031708
USF2 (human),251,Oplah;Dusp8;Rapgef4;Mbd1;Kcna2;Bik;Lrch1;Ly6e;Pdcd4;Pcyt2;Unc5d;Malt1;Crispld2;Igf1;Net1;Lgals4;Tfap4;Herpud1;Cachd1;Auts2;Plau;Eef2k;Plec;Pld1;Homer2;Afap1;Tef;Adcy5;Sv2a;Fam120c;Rrp8;Tmem229b;Angptl2;Cdkn1a;Fkbp5;Ppef1;Mamstr;Ipo5;Phactr3;Gal3st3;Cpt1a;Dnaja1;Syne1;Tulp1;Mthfd1l;Arrdc3;Smtn;Slc22a2;Sipa1;Aig1;Nol3;Cdh16;Dbp;Lonrf1;Thra;Lum;Hspe1;Ngef;Ier5l;Slc5a3;Sncg;Hes1;Gbp3;Gbp5;Nox4;Lxn;Hsph1;Gprc5b;Nanos1;Heyl;Dmd;Slc16a1;Gk;Slc25a34;Cdc42ep3;Osbp;Bdnf;Aph1a;Me3;Commd8;Tagln2;Mrps6;Ccdc107;Socs2;Per3;Per2;Per1;Zbp1;Osr1;Mpg;Plvap;Klhl30;Ndrg1;Lamc2;Rbm44;Asb2;Creb3l1;Slc6a6;Rnf145;Nmnat2;Ankrd23;Enkur;Ankrd12;Dhcr24;Il3ra;Asph;Uba52;Smpdl3b;Pfn1;Eif5a2;Slc46a3;Arntl;Nceh1;Pcp4l1;Rpusd4;Arid3a;Tgfbi;Pde7a;Fam184b;Ephx2;Hspb1;Hist1h1e;Pde4a;Spen;Atf3;Pdgfb;Bhlhe40;Bhlhe41;Mecom;Hsp90b1;Acly;Osgin1;Ogn;Itga7;Khdrbs1;Acp6;Myo10;Igf2bp3;Hnrnpa1;Actn2;Mfsd10;Epb41;Herc2;Egr2;Slc45a4;Kalrn;Sec14l1;Tcap;Pnpla2;Nanp;Vcam1;Otud1;Zfand1;Rem1;Pkdcc;Pcdh11x;Cacna1d;Prelid2;Gng2;Flrt1;Stard10;Nr1d1;Nr1d2;Gramd1c;Slc8a1;Slc8a3;Tmem38b;Snrpn;Tle6;Hmgn2;Frmd4b;Cdc14a;Angpt4;Echdc3;Plekhg3;Selenbp1;Pi16;Ccdc60;Cbfa2t3;Rab6b;Wnt5b;Rasd1;Rasd2;Efna1;Srgn;Cbx4;Axin2;Pycr1;Wee1;Gna14;Haghl;Tmem82;Upb1;Klf11;Klf15;Zbtb7c;Tmc7;Pth1r;Fabp3;Spsb1;Ncan;Olfm2;Has3;Nfe2l2;Upp2;Bend7;Ppp1r3b;Ppp1r1b;Scn2b;Rassf2;Tspan9;Ptprd;Zfr;Rftn1;Rpa1;Stk17b;Cd81;Pak6;Aff3;Churc1;Prr7;Hspa1a;Acot2;Serpine1;Serpinf1;Mthfr;Unc119;Cyb561;Fmo4;Sbsn;Igfbp2;Igfbp6;Cacnb2;Rcan2;S100a7a;Abhd11;Serinc3;Rreb1;Slc24a4;Prr5l;Chac1;Tnnt2;Dpf1;Tsc22d3;Stc2;Cgref1;Abcb6;Ncald;Agap1;Pik3ip1;Camk2b,0.033699,-0.052492,-0.111036,-0.005172,-0.065123,-0.106457,-0.027868,-0.073756,-0.112353,-0.033278,-0.086192,-0.134882,-0.040539
MZF1 (human),120,Stard3;Optc;Ngef;Pdxk;Hes6;Gbp5;Zbtb7a;Nebl;Klf15;Fermt2;Hyou1;Cryab;Jun;Foxs1;Cgnl1;Fabp3;Kcna2;Fads3;Lag3;Pdcd4;Hr;Npas2;Rnft1;Ntf3;Flnc;Acly;Adamts10;Marcksl1;Ntrk3;Mmab;Syt12;Kdelr3;Gapdh;Fhl3;Cdc20;Egr1;Ppp1r1b;Hhip;Cd14;Klhl3;Ptprd;Pcsk4;Kif1a;Tmem176b;Ano2;Stk17b;Fhod3;Crip1;Nudt4;Stbd1;Nxph3;Klhl30;Ndrg2;Auts2;Pkdcc;Nav2;Rbm24;Plec;Tmem204;Wnt4;Trib1;Sobp;Prelid2;Asb4;Flrt1;Myc;Nxnl2;Nr1d2;Cyb561;Rnf145;Eln;Cdkn2c;Dhrs3;Nmnat2;Nfic;Gpr146;Rarg;Gli1;Sema4a;Tle1;Ankrd23;Sema4c;Clec3b;Inmt;Dusp18;Phactr3;Rreb1;Plekhg5;Uba52;Slc24a4;Syne1;Adamts1;Cbfa2t3;Ezr;Patz1;Pcp4l1;Mlf1;Krt18;Aldoa;Acvrl1;Gabre;Map4k4;Tgfbi;Cdk2ap1;Steap3;Rai14;Nol3;Rasd2;Nr4a2;Efna1;Cdh16;Hspa5;Nap1l5;Meis2;Lpin1;Myh9;Lonrf3;Camk1d;Ddit3;Ccdc28b,0.031688,-0.053063,-0.11108,0.003917,-0.074704,-0.13361,-0.019962,-0.049375,-0.113404,0.009063,-0.081063,-0.144887,-0.002612
TEAD1 (human),102,Spint2;Nebl;Ppfibp2;Sult1a1;Mbd1;Ndst3;Rasl10b;Ly6e;Npas4;Ahsa2;Itga7;Adamts12;Myo10;Malt1;Rin2;Nudcd3;Dync1i2;Ndufb11;Pkdcc;Pcdh11x;Eef2k;Mrgpre;Rnf7;Gng2;Gnl1;Timp3;Nfix;Ablim1;Usp2;Ppef1;Pgf;Phactr4;Phactr3;Ifitm3;Trpm3;Mlf1;Ppp2cb;Hfe;Efna1;Idi1;Plaur;Dcn;Colec11;Stard3;Lum;Klf15;Pth1r;F3;Dmd;Slc16a1;Gk;Foxp1;Osbp;Ppp1r14c;Slc25a25;Plekha7;Ppp1r1b;Arsg;Id3;Id4;Penk;Crip1;Mnt;Mid1;Dpep1;Ihh;Proca1;Ndrg2;Mmp3;Irf7;Npr3;Aff3;Pdlim4;Pdlim5;Rbm14;Wnt4;Asb5;Creb3l1;Nxnl2;St13;Tnnc1;Nmnat2;Lpcat2;Sema4a;Itga10;Sbsn;Rcan1;S100a7a;Dhcr24;Serinc3;Ptpn21;Mustn1;Asph;Eif4a1;Prr5l;Eif5a2;Dpf1;B3gnt8;Mapre2;Tgfb2;Scg5;Rai14,0.028435,-0.087544,-0.170042,-0.002163,-0.088468,-0.159075,-0.015294,-0.110726,-0.189386,-0.046979,-0.115979,-0.167688,-0.050066
FOXC1 (human),688,Nebl;Vps13a;Sdf2l1;Mybpc2;Mbd2;Gsto1;Adam19;Kcna2;Kcna5;Rasl10b;Npas2;Fbxo31;Gstt1;Bmf;Htr1b;Gstz1;Net1;Lgals4;Lgals9;Slc10a6;Klhl3;Cacybp;Kcnq3;Enpp4;Sun2;Plec;Pld1;Grk5;Gfod1;Sv2a;Plk3;Plk2;Rrp8;Nfic;Plp2;Fkbp5;Fkbp4;Fam47e;Tceal1;Stox2;Pitpnm2;Xirp1;Cebpb;Tulp1;Cth;Nipal4;Slc22a4;Slc22a2;Slc35f5;Spcs3;Diaph3;Dcn;Hspe1;Ngef;C2;C3;Hsph1;Ecsit;Dmd;Gk;Fam13c;Dpt;Fam13a;Bdnf;Pmvk;Dst;Mrps6;Enah;Tg;Pcsk5;Pcsk4;Socs2;Crip1;Xk;Tmem200b;Rnf145;Eln;Emb;Nmnat2;Gpr146;Rbbp4;Erf;Limch1;Slc46a3;Akap5;Ezr;Gng10;Pcp4l1;Rpusd4;Aldoa;Acvrl1;Ankrd1;Podn;B3gnt8;Tgfb3;Tgfb2;Fas;Elmo1;Tgfbi;Fam184b;Ect2l;Hspa8;Nfkbiz;Nfkbia;Meis2;Hspb1;Hist1h1e;Palld;Acan;Sphk2;Fos;Dlx5;Ntrk3;Cirbp;Cdc20;Kalrn;Nfil3;Ypel2;Gem;Pcdh11x;Trib2;Trib3;Trib1;Ldb3;Fbxl22;Fosl2;Timp3;Timp4;Timp1;Slc8a1;Slc8a3;Yipf4;Rab3a;Srgap3;Myl12a;P4ha1;Rab6b;Faim2;Gabrq;Hfe;Fbln5;Scube3;Hapln1;Pth1r;Cgnl1;Nfe2l2;Prc1;Mboat1;Bend4;Bend5;Bend7;Ppp1r3b;Tspan9;Tspan5;Tspan4;Id1;Id3;Id2;Id4;Ap2a1;Mid1;Kif3a;Aff3;Pdlim5;Prr7;Hspa1l;Acot2;Hspa1b;Serpinf1;Lpcat2;Sema4a;Igfbp6;Igfbp5;Rhobtb1;S100a7a;Slc37a2;Serpini1;Cmbl;Lman2l;Fibin;Myh10;Smad6;Espn;Nap1l5;Ncald;Negr1;Optc;Mthfd2;Jun;Dusp1;Jup;Jam2;Pcyt2;Efemp1;Arhgef3;Phgdh;Filip1l;Ndufb11;Lhfp;Cnn3;Etv5;Ndfip1;Bloc1s1;Fam129a;Dnajb4;Phactr4;Dnaja4;Wdr89;Ifitm3;Mthfd1l;Arrdc3;Arrdc4;Ifit3;Mlf1;Zdhhc23;Atp1b1;Nol3;Comp;Purb;Dock10;Lox;Lpp;Scfd2;Arhgdib;Stard4;Lum;Lin9;Ppargc1a;Nox4;Lxn;Foxs1;Slc25a33;Rnaseh2b;Celf4;Foxk2;Me3;Mmab;Ctxn1;Mylk4;Slc25a25;Cela1;Mgp;Chordc1;Mnt;Dpep1;Mpg;Plvap;Zfhx4;Bmp3;Rbm24;Hmgb3;Lamc2;Rbm14;Mvd;Lama2;Lama4;Myc;Fzd4;Fam107a;Dhcr24;Snhg9;Patz1;Rai14;Dock5;Dock8;Col8a1;Chchd6;Chchd2;Sult1a1;Cdkl5;Cenpa;Myo10;Igf2bp3;Hnrnpa0;Actn2;Epb41;Cpne5;Herc2;Ext1;Slc45a4;Nudcd3;Csrnp1;Ophn1;Morc4;Otud1;Asap2;Cox6a1;Asb10;Nrtn;Nr1d1;Rbm8a;Col23a1;Dhrs9;Pf4;Csf1;Hmgn2;Frmd4b;Mir100hg;Pgf;Frmd4a;Pgr;Hmgcs2;Ccdc42;Pln;Adamts6;Adamts3;Adamts1;Adamts9;Adamts8;Trpm3;Ptn;Cldn22;Wnt5b;Tiparp;Wnt16;Idi1;Tmem82;Psmd9;Kcnma1;Lefty1;Psmb8;Ntf3;Pipox;Has3;Alpk1;Kdelr2;Ank3;Hivep3;Anln;Ctsk;Ano4;Ano2;Errfi1;Inhbb;Galnt6;Clcn7;Wnt4;Lnx1;Spata24;Ier5;Anxa5;Tet1;Prss12;Brd7;Itga10;Nkx6-1;Cacnb2;Efhd2;Dusp18;Dusp14;Klf4;Klf2;Tsc22d1;Tsc22d3;Igsf9;Mapre2;Kif13a;Myoz2;Ryk;Scg5;Cldn7;Spry1;Camk2b;Prkaa2;Ppfibp2;Fxyd5;Rapgef4;Rapgef5;Map3k1;Lrch1;Pdcd4;Bicc1;Adamts10;Adamts15;Unc5b;Unc5d;Malt1;Cyp39a1;Itgbl1;Igf1;Dync1i2;Cachd1;Eef2k;Cyp26b1;Homer2;Tef;Prkcd;Rara;Btg1;Prdm16;Cdkn2c;Cdkn2b;Angptl2;Cdkn1a;Rarg;Adamtsl1;Sncaip;Adamtsl5;Ablim1;Tnr;Gal3st3;Syne1;Dync2h1;Ddit4;Rbm3;Rbp4;Gbp3;Hes6;Gbp5;Lats2;Lrg1;Tuba1a;Tuba1c;Ppp1r14c;Ephb6;Cnnm3;Tifa;Art3;Stbd1;Klhl29;Ndrg2;Ndrg1;Daam1;Tnks2;Wsb1;Asb5;Asb4;Asb2;Vit;Maml3;Gprasp1;Ankrd50;Ankrd23;Ankrd12;Vwf;Eif4a1;Rhebl1;Eif5a2;Ddit4l;Nuak1;Stag1;Sgk1;Prmt2;Map4k4;Pde6h;Cgrrf1;Pde7a;Manba;Ephx1;Arid5a;Ephx2;Arid5b;Sh3kbp1;Pde4b;Pde4a;Atf3;Pdgfc;Epb41l5;Bhlhe40;Bhlhe41;Tcp11l2;Wtip;Ndst3;Osgin1;Marcksl1;Syt12;Aimp2;Hhip;Il33;Tfap2b;Vcam1;Zfand1;Cacna1d;Mknk2;Grem2;Setbp1;Rev1;Map1a;Smoc1;Tmem38b;Snrpn;Tle6;Cdc14a;Angpt4;Angpt2;Plekhg5;Plekhg3;Cep152;Vgll3;Izumo4;Tlr2;Cited2;Cited4;Sorbs1;Hip1;Shisa4;Efna5;Efnb2;Pycr1;Myh9;Il15ra;Upb1;Lsm11;Tmc7;Sap30;Mapkapk3;Upp2;Plekha7;Dclk1;Rgl1;Rassf2;Zfr;Dpy19l3;Stk17b;Popdc3;Fhod3;Pak4;Pak6;Fdps;Rgs2;Cpxm1;Sytl5;Parl;Tnnc2;Unc119;Prr13;Prr12;H3f3b;Cyb561;Tm9sf1;Rreb1;Prr5l;Chac1;Tnnt2;Rhoc;Rhou;Npy1r;Spint2;Fez1;Tob2;Dpysl2;Apex1;Ly6e;Trim58;Ip6k2;Txnip;Trim24;Rin2;Rin3;Tmem176b;Pclo;Thsd7a;Auts2;Tnfaip8;Pold4;Pcgf5;Armc2;Adcy5;Tpi1;Lyst;Glt8d2;Usp2;Mamstr;Ipo5;Fgf7;Mfap2;Hist3h2a;Zcchc24;Vwc2;Tiam1;Slc4a8;Clock;Slc5a3;Fgfbp3;Slc16a1;Slc16a9;Kpna1;Stk24;Thada;Aph1a;Fhl3;Commd8;Tagln2;Capsl;Ccdc112;Ccdc107;Acaca;Stk35;Penk;Per3;Per2;Sertad4;Zbp1;Acaa2;Gpcpd1;Eepd1;Creb3l1;Gipc2;Hrct1;Glg1;Sulf1;Plcb1;Enkur;Smpdl3b;Glul;Sox9;Krt18;Stip1;Cmtm6;Spen;Tsix;Ism1;Mecom;Pgm2l1;Nudt10;Gmnn;Itga1;Itga4;Ahsa2;Itgb3;Rmrp;Fam76a;Fam78b;Sec14l1;Capg;Nanp;Nav2;Prelid2;Hnrnpm;Rnf7;Coq10b;Ehd4;Gnl1;Phf2;C1qtnf7;Pecam1;Pi16;Pi15;Haus8;Rgs7bp;Cdk2ap1;Gas2l3;Lpin1;Tcf7l2;Thbs1;Gna14;Klf11;Klf13;Zbtb7a;Zbtb7c;As3mt;Iqgap1;Zbtb16;Ror1;Hsp90aa1;Synpo2l;Lrrk1;Cd14;Lmcd1;Rpa1;Creg2;Cd82;Slc1a4;St13;Fmo1;Fmo2;Atp6ap1l;Rspo3;Dgkd;Clec3b;Cdh3;Rcan1;Rcan2;Xaf1;Ptpn21;Clec2d;Manf;Banp;Stc2;Vldlr;Cgref1;Gdf15;Zfp36l2;Stil;Plcxd3;Abcc1;Hebp2;Pik3ip1,0.025616,-0.037425,-0.066232,-0.013592,-0.05874,-0.08624,-0.033091,-0.058944,-0.086051,-0.033148,-0.063041,-0.088467,-0.038691
NFE2 (human),202,Nebl;Pkig;Sult1a1;Mybpc2;Kcnb1;Sphk2;Dusp8;Fxyd5;Bhlhe40;Gsto1;Map3k1;Bik;Lrch1;Pcyt2;Ahsa2;Adamts10;Ip6k2;Unc5b;Gapdh;Malt1;Fam76a;Mfsd10;Epb41;Egr1;Egr2;Sphkap;Slc45a4;Kalrn;Sec14l1;Tcap;Pnpla2;Crtc3;Chchd10;Pcdh11x;Plau;Ets1;Eef2k;Nrtn;Sun2;Plec;Lasp1;Rrm2;Ldb3;Pold4;Tef;Mrgprf;Prkcd;Plk2;Nr1d2;Ehd4;Tpi1;Prdm16;Cdkn2c;Dhrs9;Nfic;Smoc1;Angptl4;Angptl2;Rarg;Cdkn1a;Slc8a3;Tle1;Tle6;Tceal1;Mamstr;Pgr;Angpt4;Mfap2;Pir;Dnajb1;Phactr3;Drd1;Plekhg5;Ralgapa2;Selenbp1;P2rx5;Cebpb;Adamts8;Sik1;Cbfa2t3;Vav3;Avpi1;Cited2;Rab6b;Vwc2;Gdpd3;Hfe;Comp;Rasd2;Gas2l3;Efna1;Cdh16;Tiparp;Cbx4;Axin2;Lpin3;Hapln1;Hk2;Lonrf1;Ddit3;Thra;Ngef;Pdxk;Slc5a3;Ppp4r1;Sncg;Hes6;Zbtb7c;Gprc5b;Lefty1;Nanos1;F3;Lag3;Zbtb16;Mapkapk3;Slc25a34;Hr;Flnc;Stk24;Pfkfb3;Thada;Lingo1;Celf4;Pmvk;Bend7;Slc25a25;Dclk1;Itih4;Ank3;Wnk4;Rgl1;Rassf3;Rassf4;Tspan5;Mrps6;Anln;Id3;Kif1a;Per2;Dpep1;Cd82;Ndrg2;Ndrg1;Klhl31;Ccnd1;Midn;Rgs2;Bcl9l;Mmp3;Rbm44;Tnks2;Hspa1l;Hspa1b;Cntfr;Ahnak;Pip4k2a;Slc6a6;Bace2;Pawr;Cyb561;Hrct1;Gprasp1;Tm9sf1;Sema4a;Plcl1;Sbsn;Itpripl2;Rbbp4;Acss1;Igfbp2;Rcan1;Erf;Inmt;Rreb1;Limch1;Slc24a4;Pfn1;Antxr1;Ezr;Dpf1;Glul;Patz1;Tsc22d1;Tsc22d3;Sgk1;Stc2;Arhgap29;Atg16l2;Tgfbi;Fam184b;Arid5a;Smad7;Dock5;Sh3kbp1;Sel1l3;Nr4a1;Tmem108;Hspb7;Hebp2;Pde4a;Palld;Camk2b,0.024317,-0.042923,-0.095598,0.00664,-0.040771,-0.077639,0.007811,-0.036255,-0.082707,0.011614,-0.060572,-0.108266,-0.016665
GATA2 (human),526,Ppfibp2;Cryab;Oplah;Sdf2l1;Tmeff2;Fxyd5;Rapgef5;Mbd1;Gsto1;Gstp1;Map3k1;Lrch1;Pdcd4;Npas4;Fbxo30;Bmf;Bicc1;Adamts12;Gstz1;Itgbl1;C4b;Grap;Lgals9;Dync1i2;Bbs5;Cacybp;Kcnq3;Sdhd;Nexn;Eef2k;Sun2;Plec;Cyp26b1;Rrm2;Dapk2;Homer2;Afap1;Tef;Prkcd;Rrp8;Rara;Cdkn2c;Cdkn2b;Nfic;Ston2;Sncaip;Adamtsl5;Fkbp4;Fra10ac1;Fam47e;Ablim1;Stox2;Ppef1;Col14a1;Xirp1;Gal3st3;Ralgapa2;Syne1;Tulp1;Dync2h1;Cth;Nipal4;Diaph3;Fgfr2;Ubc;Lonrf1;Dcn;Thra;Rbp4;Ngef;Hes6;Lats2;C2;C3;Hsph1;Gprc5b;Ecsit;Dmd;Pfkfb3;Dpt;Fam13a;Bdnf;Dsp;Ppp1r14c;Dst;Ptprz1;Cnnm3;Lrp3;Art3;Enah;Tg;G2e3;Socs2;Crip1;Klhl29;Ndrg2;Klhl31;Pik3r3;Daam1;Wsb1;Asb2;Vit;Slc16a11;Tmem200b;Eln;Gprasp1;Tmem140;Erh;Ankrd12;Il3ra;Limch1;Asph;Rhebl1;Hist1h4c;Slc46a3;Ddit4l;Nuak1;Stag1;Ezr;Gpm6a;Hist1h3e;Pcp4l1;Rpusd4;Sgk1;Acvrl1;Podn;Map4k4;Tgfb2;Fas;Elmo1;Pde7a;Rgs17;Fam184b;Manba;Ephx2;Ect2l;Hspa5;Hspa8;Nfkbiz;Meis2;Hspb7;Hist1h1e;Pde4b;Pde4a;Palld;Acan;Pdgfc;Pdgfb;Epb41l5;Epb41l2;Sphk2;Tcp11l2;Wtip;Ndst3;Cdc25b;Rchy1;Hsp90b1;Osgin1;Marcksl1;Tspan15;Aimp2;Kalrn;Nfil3;Pnpla2;Tfap2b;Ppia;Pcdh11x;Cacna1d;Higd1a;Ghr;Setbp1;Trib3;Trib1;Ldb2;Ldb3;Rev1;Fbxl22;Timp4;Tead1;Map1a;Slc8a1;Slc8a3;Tmem38b;Snrpn;Yipf4;Rab3a;Angpt2;Plekhg5;P2rx5;Sik1;Myl12a;Vav3;Tlr2;Cited4;Hip1;Hfe;Efna5;Scube3;Efnb2;Rasd1;Efna1;Il15ra;Rfx2;Tmc7;Pth1r;Peli1;Ptgs2;Sap30;Olfm2;Nfe2l2;Mboat1;Bend4;Bend5;Upp2;Bend7;Ereg;Tm4sf1;Dclk1;Mapk12;Ppp1r3b;Ppp1r1b;Rgl1;Rassf2;Rassf4;Tspan9;Tspan4;Id3;Id2;Id4;Zfr;Dpy19l3;Stk17b;Fhod3;Ap2a1;Mid1;Nxph3;Nxph1;Fdps;Rgs2;Vcan;Mast4;Aff3;Pdlim4;Cpxm1;Hspa1l;Sytl5;Hspa1a;Acot2;Serpine1;Parl;Tnnc1;Bace2;Unc119;Pawr;Sema4a;Vtcn1;Igfbp2;Sema6a;Igfbp6;Igfbp5;Rhobtb1;S100a7a;Serinc3;Rreb1;Slc24a4;Prr5l;Antxr1;Chac1;Tmem50b;Slc11a1;Tnnt2;Rhou;Fen1;Gnpda2;S1pr3;Smad6;Espn;Arhgap23;Nap1l5;Fez1;Dpysl2;Nmt1;Apex1;Pcyt2;Tnfrsf21;Actr3b;Decr1;Arhgef3;Phgdh;Pclo;Filip1l;Ccnb1ip1;Ets1;Cytl1;Etv5;Dip2c;Mrgprf;Gja4;Bloc1s1;Tpi1;Phf19;Lyst;Glt8d2;Fam129a;Usp2;Mamstr;Fgf7;Dnajb2;Dnajb4;Phactr4;Phactr3;Drd1;Dnaja4;Wdr89;Ifitm3;Mthfd1l;Arrdc2;Tpx2;Ifit3;Pdk4;Hist3h2a;Gdpd5;Aig1;Nol3;Dock10;Lox;Cdh16;Lrrtm3;Plaur;Tiam1;Clock;Arhgdib;Stard4;Prex2;Ppargc1a;Foxs1;Csnk2a2;Vwa3b;Foxp1;Slc25a34;Rnaseh2b;Slc16a9;Thada;Osbp;Celf4;Foxk2;Aph1a;Me3;Ctxn1;Mylk4;Slc25a25;Foxf1;Rcor2;Capsl;Penk;Per3;Dpep1;Ccdc152;Bcl9l;Mmp3;Gpcpd1;Bmp3;Rbm24;Hmgb3;Eepd1;Rbm44;Myc;Gipc2;Hrct1;Glg1;Sulf1;Gramd4;Plcl1;Enkur;Fam107a;Ndp;Vstm2b;Irx3;Smpdl3b;Pfn1;Arntl;Snhg9;Nceh1;Arl6ip5;Nqo1;Rai14;Dock8;Chchd6;Tsix;Sult1a1;Wnt9a;Pgm2l1;Nudt10;Odc1;Itga4;Ahsa2;Ahsa1;Ogn;Khdrbs1;Myo10;Hnrnpa0;Actn4;Ccdc80;Herc2;Egr1;Egr2;Fam78b;Slc45a4;Apobec2;Csrnp1;Sec14l1;Nanp;Cox6a1;Asb10;Pkdcc;Narf;Myocd;Nav2;Fam71a;Cry1;Rnd3;Rnf7;Flrt1;Stard10;Ehd4;Gnl1;Gramd1c;Dhrs9;Phf2;Slco2a1;Frmd4b;Mir100hg;Pgr;C1qtnf7;Hmgcs2;Hmgcs1;Ccdc42;Echdc3;Pi16;Ccdc60;Pln;Adamts6;Adamts1;Por;Trpm3;Mpp2;Wnt5b;Cdk2ap1;Tiparp;Srgn;Lpin1;Lpin3;Idi1;Gna14;Tmem82;Psmd9;Klf11;Klf15;Zbtb8a;Mrpl27;Lefty1;Fabp3;Psmb8;Zbtb16;Ntf3;Has3;Flnc;Hsp90aa1;Cxxc5;Rsad1;Kif20b;Kdelr2;Ank3;Wnk4;Hivep3;Cd14;Ctsk;Cd34;Ano1;Ano2;Ramp2;Errfi1;Diras2;Cd82;Cd81;Wnt4;Spata24;Enpep;Tet1;Prss12;Fmo1;Fmo2;Fmo3;Atp6ap1l;Ccl19;Dgkd;Sbsn;Clec3b;Cdh3;Nkx6-1;Cacnb2;Rcan1;Efhd2;Dusp14;Mustn1;Klf4;Clec2d;Stac;Manf;Banp;Tsc22d1;Stc2;Vldlr;Mapre2;Kif13a;Ryk;Atg16l2;Zfp36l1;Zfp36l2;Nr4a3;Usp42;Nr4a1;Usp53;Agap1;Camk1d;Camk2b,0.022749,-0.03652,-0.074886,6.8e-05,-0.059269,-0.093785,-0.029868,-0.052014,-0.085862,-0.024244,-0.058623,-0.08404,-0.029411
CEBPB (human),116,Slc5a3;Psmd9;Ppp4r1;Nebl;Pkig;Nmt1;Zbtb7c;Wnt9a;Bhlhe40;Pth1r;Tcp11l2;Gsto1;Fabp3;Ndst3;Dmd;Gk;Pipox;Flnc;Acly;Mob2;Pfkfb3;Pim3;Ky;Ip6k2;Tspan15;Gapdh;Malt1;Upp2;Plekha7;Mfsd10;Cyp39a1;Epb41;Egr2;Ank3;Ifi30;Tspan5;Arsg;Cd14;Mrps6;Ptprd;Thsd7a;Klhl29;Dpep1;Ccdc152;Asap2;Ndrg1;Cox6a1;Auts2;Midn;Pcdh11x;Plau;Ets1;Bcl9l;Sun2;Etv5;Plec;Tnfaip8;Tnfaip6;Cpxm2;Ect2;Setbp1;Trib2;Prr7;Armc2;Acot2;Vit;Mrgprf;Fbxl22;Myc;Hrct1;Timp3;Lpcat2;Slc8a1;Slc8a3;Sema4a;Dgkg;Dgkd;Csf1;Inmt;Dhcr24;Mfap2;Xirp1;Plekhg5;Ralgapa2;Clec2d;Ccdc60;Slc24a4;Tnni3;Nipal4;Stac;Nceh1;Ifit3;Dpf1;Glul;Pcp4l1;Tsc22d1;Rhoc;Vav3;Krt18;Acvrl1;Prmt2;Cgrrf1;Atg16l2;Gsta4;Slx1b;Gas2l3;Arid5b;Usp42;Dock8;Sel1l3;Plcxd3;Pycr1;Wnt16;Lpin3;Plaur;Acan,0.021566,-0.067978,-0.153663,0.008424,-0.082121,-0.144083,-0.021481,-0.060554,-0.117969,0.008401,-0.080034,-0.133629,-0.017104
SREBF1 (human),178,Nebl;Jun;Kcnb1;Mmp14;Fxyd5;Bhlhe40;Mecom;Mbd1;Apex1;Cenpa;Tspo;Frzb;Map3k5;Mob2;Osgin1;Ahsa2;Khdrbs1;Ip6k2;Marcksl1;Myo10;Unc5d;Cirbp;Mfsd10;Crispld2;Epb41;Egr2;Slc45a4;Hhip;Lgals9;Decr1;Arhgef3;Sec14l1;Tmem176b;Tcap;Herpud1;Nanp;Crtc3;Asb10;Auts2;Cacna1d;Nav2;Trib1;Afap1;Armc2;Tef;Adcy7;Sv2a;Nr1d1;Nr1d2;Timp1;Plp2;Tmem229b;Rarg;Tle6;Slco2a1;Fkbp5;C1qtnf2;Dnajc1;Ccdc42;Dnajb1;Drd1;Plekhg5;Cpt1a;Pi16;Cebpd;Syne1;Adamts3;Cep152;Adamts8;Cth;Arrdc3;Tnrc18;Mpp2;Efna5;Efna1;Lox;Lpl;Cbx4;Pycr1;Wnt16;Wee1;Upb1;Lin9;Slc5a3;C2;Zbtb7c;Mrpl27;Gprc5b;Fabp3;Slc16a1;Lag3;Gk;Olfm2;Slc25a33;Rnaseh2b;Has3;Pim3;Hsp90aa1;Bdnf;Dsp;Kdelr3;Rsad1;Mapk12;Alpk1;Ppp1r3b;Ppp1r1b;Rassf2;Rassf3;Tspan4;Ccdc112;Tnfrsf12a;Mrps6;Ccdc107;Rpa1;Per3;Dpy19l3;Per1;Ramp2;Ap2a1;Zbp1;Klhl29;Mpg;Plvap;Klhl30;Fdps;Acaa2;Gpcpd1;Irf7;Cpxm2;Prr7;Wsb1;Hspa1l;Asb2;Enpep;Ahnak;Serpine1;Serpinf1;Cyp1b1;Slc6a6;Tmem200b;Rnf145;Glg1;Brd1;Tmem140;Gli1;Clec3b;Rbbp4;Cacnb2;Irs2;Abhd11;Il3ra;Serinc3;Vwf;Asph;Uba52;Slc46a3;Glrx;Stag1;Gpm6a;Dpf1;Tsc22d1;Stip1;Nqo1;Cgref1;Mapre2;Atg16l2;Tgfbi;S1pr3;Stil;Smad6;Sh3kbp1;Arhgap23;Ncald;Hebp2;Pde4a;Palld;Camk2b;Chchd6,0.0195,-0.06527,-0.120017,-0.0121,-0.05933,-0.114325,0.003245,-0.050919,-0.096096,0.001237,-0.070419,-0.131527,-0.016813
RUNX1 (human),231,Mthfd2;Fez1;Tob2;Dpysl2;Ppfibp2;Oplah;Jup;Mmp14;Fxyd5;Rapgef4;Mbd1;Gsto1;Map3k1;Ly6e;Pcyt2;Gapdh;Net1;Cachd1;Pcp4;Ndufb11;Uba2;Ets1;Plb1;Cytl1;Etv5;Plec;Tnfaip6;Lasp1;Ect2;Pold4;Tef;Cd9;Mrgpre;Gja4;Rara;Btg1;Nfic;Cdkn1a;Rarg;Ckb;Fkbp5;Glt8d2;Fam129a;Ablim1;Pitpnm2;Dnajb2;Ralgapa2;Wdr89;Hsbp1l1;Cth;Nipal4;Arrdc3;Smtn;Sipa1;Atp1b1;Aig1;Lox;Lpp;Dbp;Scfd2;Lrrtm3;Ddit4;Thra;Ccdc28b;Arhgdib;Stard4;Lum;Rbp4;Mtmr4;Gbp5;Tuba1a;Dmd;Slc16a9;Dpt;Osbp;Bdnf;Mmab;Dst;Ctxn1;Slc25a25;Capsl;Tnfrsf12a;Acaca;Per2;Per1;Xk;Pik3r3;Eepd1;Mvd;Rbm44;Cdk14;Creb3l1;Tal2;Eln;Emb;Nmnat2;Gpr146;Tmem140;Gramd4;Erh;Ndp;Il3ra;Rhebl1;Slc46a3;Arntl;Stip1;Podn;Cgrrf1;Sh3kbp1;Tmem108;Hspa5;Hspb7;Pde4b;Pde4a;Sult1a1;Wnt9a;Mecom;Tcp11l2;Cdkl5;Pgm2l1;Cdc25b;Hsp90b1;Adora1;Gmnn;Olfml2a;Itga4;Osgin1;Ntrk3;Myo10;Syt12;Nrgn;Hnrnpa1;Mfsd10;Cdc20;Herc2;Egr2;Tcap;Pnpla2;Morc4;Vcam1;Zfand1;Rem1;Pcdh11x;Higd1a;Mknk2;Fam71a;Cry1;Ldb2;Rnd3;Hnrnpl;Fbxl22;Stard10;Coq10b;Ehd4;Gramd1c;Slc8a3;Yipf4;Pgf;C1qtnf2;C1qtnf7;Hmgcs1;Pir;P2rx5;Pi16;Sorbs1;Wnt5b;Shisa4;Chrna1;Hfe;Fbln5;Gas2l3;Tiparp;Haghl;Rfx2;Tmem82;Lsm11;Zbtb7c;Tmc7;Pth1r;Hat1;Nfe2l2;Itih4;Ank3;Ppp1r1b;Ptprd;Id3;Ctsk;Rftn1;Errfi1;Ap2a1;Cd74;Cd82;Slc1a4;Pak6;Fdps;Mast4;Churc1;Hspa1a;Acot2;Parl;Nxnl2;Hspa4l;H3f3b;Ada;Fmo4;Fmod;Brd7;Vtcn1;Clec3b;Cdh3;Sema6a;Inmt;Mustn1;Rreb1;Klf2;Prr5l;Antxr1;Chac1;Banp;Lyve1;Rhoc;Igsf9;Adrb1;Mapre2;Steap3;Espn;Nr4a1;Abcb6;Ncald;Cldn7;Camk2b,0.015725,-0.054517,-0.111443,-0.007046,-0.053248,-0.09451,-0.007462,-0.047875,-0.094026,-0.008998,-0.0636,-0.113758,-0.015466
