gene	log_min	log_max
Xkr4	-14.355038	-10.901159
Gm19938	-14.052757	-10.598879
Sox17	-14.415663	-10.961784
Mrpl15	-11.654861	-8.200983
Lypla1	-12.058352	-8.604474
Tcea1	-10.591105	-7.1372275
Atp6v1h	-11.995295	-8.541416
Rb1cc1	-11.103751	-7.6498733
4732440D04Rik	-14.480201	-11.026322
Pcmtd1	-10.726783	-7.272905
Rrs1	-12.831542	-9.377664
Adhfe1	-13.820955	-10.367077
2610203C22Rik	-15.801957	-12.348079
Mybl1	-14.480201	-11.026322
Vcpip1	-12.082306	-8.6284275
Sgk3	-13.217959	-9.764081
Mcmdc2	-16.495104	-13.041225
Snhg6	-11.962504	-8.508626
Cops5	-11.836393	-8.382515
Cspp1	-12.204644	-8.750766
Arfgef1	-11.889934	-8.436055
Prex2	-12.211517	-8.757639
Sulf1	-10.53281	-7.0789323
Slco5a1	-16.495104	-13.041225
Ncoa2	-12.478721	-9.024842
Gm29570	-17.188251	-13.734373
Tram1	-11.002043	-7.548165
Lactb2	-12.496903	-9.043025
Eya1	-15.801957	-12.348079
Gm9947	-17.188251	-13.734373
Msc	-16.495104	-13.041225
Terf1	-13.045116	-9.591238
Sbspon	-14.549193	-11.095315
Rpl7	-8.49509	-5.0412116
Rdh10	-13.217959	-9.764081
Stau2	-13.787054	-10.333176
Ube2w	-12.113077	-8.659199
Eloc	-10.70209	-7.2482123
Tmem70	-12.170971	-8.7170925
Ly96	-13.450582	-9.996703
Jph1	-13.550665	-10.0967865
Gdap1	-16.495104	-13.041225
Pi15	-10.072669	-6.618791
Gm28154	-16.089638	-12.63576
Gm16070	-16.089638	-12.63576
Crispld1	-12.232424	-8.778545
Tfap2b	-13.930155	-10.476276
Mcm3	-13.722515	-10.268637
Paqr8	-14.415663	-10.961784
Efhc1	-14.703344	-11.249466
Tram2	-12.61354	-9.159661
Tmem14a	-12.655652	-9.201774
Gsta3	-12.434661	-8.9807825
Gm28836	-16.495104	-13.041225
Kcnq5	-14.052757	-10.598879
Rims1	-15.396492	-11.942614
4933415F23Rik	-17.188251	-13.734373
Gm29107	-15.396492	-11.942614
Ogfrl1	-12.583081	-9.129203
B3gat2	-15.578814	-12.124935
Smap1	-10.53024	-7.076362
Sdhaf4	-11.951809	-8.497931
Fam135a	-12.50612	-9.052241
Col9a1	-14.703344	-11.249466
Col19a1	-13.856047	-10.402168
Lmbrd1	-11.398291	-7.9444127
Adgrb3	-16.089638	-12.63576
Gm9898	-15.801957	-12.348079
Phf3	-11.31332	-7.859442
Ptp4a1	-15.396492	-11.942614
Ptp4a1-1	-15.578814	-12.124935
Prim2	-13.754264	-10.300385
Rab23	-12.197819	-8.74394
Bag2	-12.409127	-8.955249
Zfp451	-11.946504	-8.492625
Bend6	-14.991027	-11.537148
Dst	-9.3650055	-5.9111276
Gm26788	-17.188251	-13.734373
Gm37233	-14.790356	-11.336477
Ccdc115	-12.655652	-9.201774
Imp4	-12.61354	-9.159661
Ptpn18	-14.243813	-10.789934
Gm28417	-16.495104	-13.041225
Arhgef4	-15.242341	-11.788463
Fam168b	-11.646988	-8.1931095
Plekhb2	-12.818803	-9.364924
1110002O04Rik	-15.578814	-12.124935
Hs6st1	-13.296431	-9.842552
Uggt1	-11.935978	-8.4821
Neurl3	-16.089638	-12.63576
Arid5a	-11.650917	-8.197039
4930403P22Rik	-14.480201	-11.026322
Kansl3	-12.232424	-8.778545
Lman2l	-13.029368	-9.57549
Cnnm4	-14.010198	-10.556319
Cnnm3	-12.818803	-9.364924
Gm38033	-16.495104	-13.041225
Ankrd23	-14.192519	-10.738641
Ankrd39	-12.469752	-9.015874
Sema4c	-13.296431	-9.842552
D430040D24Rik	-14.790356	-11.336477
Fam178b	-14.790356	-11.336477
Cox5b	-9.588348	-6.134471
Actr1b	-11.695189	-8.241311
Tmem131	-11.946504	-8.492625
Gm38115	-15.578814	-12.124935
Vwa3b	-15.578814	-12.124935
Inpp4a	-12.2537775	-8.799899
Coa5	-12.487771	-9.033893
Unc50	-11.383116	-7.929238
Mgat4a	-11.608521	-8.154643
2010300C02Rik	-14.192519	-10.738641
Tsga10	-13.162899	-9.709021
Lipt1	-14.549193	-11.095315
Mitd1	-12.204644	-8.750766
Mrpl30	-10.675021	-7.2211432
Txndc9	-11.464666	-8.010788
Eif5b	-9.912387	-6.458509
Rev1	-12.688441	-9.234563
Aff3	-12.177616	-8.723738
Gm16152	-15.396492	-11.942614
Lonrf2	-13.930155	-10.476276
Chst10	-14.885666	-11.4317875
Pdcl3	-10.641465	-7.1875873
Npas2	-13.474679	-10.020801
Rpl31	-9.214751	-5.7608733
Tbc1d8	-14.703344	-11.249466
Cnot11	-12.699615	-9.245736
Gm15832	-17.188251	-13.734373
Rnf149	-13.820955	-10.367077
Creg2	-15.396492	-11.942614
Rfx8	-17.188251	-13.734373
Map4k4	-11.157566	-7.703688
Il1r2	-16.089638	-12.63576
Gm16894	-16.089638	-12.63576
Il1r1	-11.989754	-8.535875
Il1rl2	-15.396492	-11.942614
Il1rl1	-17.188251	-13.734373
Il18r1	-14.549193	-11.095315
Slc9a2	-14.885666	-11.4317875
Mfsd9	-15.396492	-11.942614
Tmem182	-16.089638	-12.63576
Mrps9	-12.191039	-8.737161
Gpr45	-16.495104	-13.041225
Tgfbrap1	-12.9541445	-9.500266
8430432A02Rik	-17.188251	-13.734373
AI597479	-12.857518	-9.40364
Fhl2	-12.218438	-8.76456
Nck2	-13.787054	-10.333176
Ecrg4	-11.754529	-8.300651
Gm29157	-16.495104	-13.041225
Uxs1	-12.710915	-9.257036
Tpp2	-12.006468	-8.552589
Gm8251	-15.578814	-12.124935
Tex30	-13.550665	-10.0967865
Poglut2	-12.897792	-9.443913
Bivm	-13.499372	-10.045493
Ercc5	-12.297902	-8.844024
Mettl21e	-17.188251	-13.734373
Gulp1	-11.915252	-8.461373
Col3a1	-7.4450493	-3.9911718
Col5a2	-9.911695	-6.4578166
Wdr75	-12.699615	-9.245736
Slc40a1	-14.991027	-11.537148
Dnah7b	-15.578814	-12.124935
Slc39a10	-12.644957	-9.191078
Gm28151	-17.188251	-13.734373
4933411E06Rik	-16.495104	-13.041225
Tmeff2	-12.164371	-8.710492
Gm28320	-15.578814	-12.124935
Gm29325	-17.188251	-13.734373
Cavin2	-10.999987	-7.5461087
1700072G22Rik	-17.188251	-13.734373
Nabp1	-12.870763	-9.416884
Myo1b	-14.192519	-10.738641
Gm31812	-16.495104	-13.041225
Stat1	-12.806225	-9.352346
Gls	-11.054853	-7.6009755
Nab1	-11.253357	-7.799479
Nemp2	-15.108809	-11.654931
Mfsd6	-12.336221	-8.882342
Inpp1	-12.426077	-8.9721985
Hibch	-12.897792	-9.443913
1700019D03Rik	-13.256426	-9.802547
Pms1	-14.297879	-10.844001
Ormdl1	-13.820955	-10.367077
Osgepl1	-13.338103	-9.884225
Asnsd1	-12.204644	-8.750766
Dnah7a	-14.6233015	-11.169423
Stk17b	-11.227245	-7.7733674
Hecw2	-14.297879	-10.844001
Gtf3c3	-12.911585	-9.457706
Pgap1	-13.550665	-10.0967865
Ankrd44	-12.573131	-9.119252
Sf3b1	-10.425522	-6.971644
Coq10b	-11.235007	-7.7811294
Hspd1	-10.54316	-7.0892825
Hspe1	-10.009706	-6.5558276
Mob4	-11.167228	-7.71335
Rftn2	-11.650917	-8.197039
Gm10561	-13.892414	-10.438536
Mars2	-14.243813	-10.789934
Plcl1	-12.710915	-9.257036
Satb2	-16.495104	-13.041225
BC055402	-17.188251	-13.734373
1700066M21Rik	-14.297879	-10.844001
Tyw5	-12.925571	-9.471693
Maip1	-12.417566	-8.963688
Spats2l	-11.110609	-7.656731
Kctd18	-13.892414	-10.438536
Sgo2a	-15.396492	-11.942614
Aox1	-12.998596	-9.544718
Aox3	-14.6233015	-11.169423
Aox4	-16.495104	-13.041225
Aox2	-17.188251	-13.734373
Bzw1	-10.977651	-7.5237727
Clk1	-10.771519	-7.317641
Ppil3	-12.336221	-8.882342
Nif3l1	-13.381589	-9.927711
Orc2	-12.710915	-9.257036
Fam126b	-11.477824	-8.023946
Ndufb3	-10.268567	-6.814689
Cflar	-11.356369	-7.902491
Casp8	-13.162899	-9.709021
Trak2	-11.799179	-8.345301
Stradb	-13.276228	-9.82235
Tmem237	-12.496903	-9.043025
G730003C15Rik	-15.396492	-11.942614
Mpp4	-16.089638	-12.63576
Als2	-14.790356	-11.336477
Cdk15	-16.089638	-12.63576
Fzd7	-11.962504	-8.508626
Gm973	-15.578814	-12.124935
Sumo1	-10.761763	-7.3078847
Nop58	-11.535762	-8.081883
Bmpr2	-10.820064	-7.3661857
Fam117b	-12.9541445	-9.500266
Ica1l	-17.188251	-13.734373
Wdr12	-12.793802	-9.339924
Carf	-13.969376	-10.515497
Nbeal1	-10.30172	-6.8478417
Cyp20a1	-12.046588	-8.59271
Abi2	-12.260998	-8.807119
Raph1	-11.674822	-8.220943
Cd28	-15.801957	-12.348079
Icos	-17.188251	-13.734373
Pard3b	-12.03496	-8.581081
Pard3bos3	-17.188251	-13.734373
Nrp2	-13.093906	-9.640028
Gm4208	-17.188251	-13.734373
Ino80d	-11.790089	-8.33621
Ino80dos	-16.089638	-12.63576
Gm20342	-13.52469	-10.070811
Ndufs1	-12.132006	-8.678127
Eef1b2	-9.248735	-5.794858
Zdbf2	-15.801957	-12.348079
Adam23	-14.355038	-10.901159
Fastkd2	-13.499372	-10.045493
Gm13749	-16.495104	-13.041225
Klf7	-10.733052	-7.2791743
Creb1	-11.711787	-8.257909
Mettl21a	-12.781531	-9.327653
2810408I11Rik	-15.578814	-12.124935
Ccnyl1	-13.499372	-10.045493
Fzd5	-13.077377	-9.623499
Plekhm3	-13.338103	-9.884225
Akr1cl	-15.396492	-11.942614
Crygd	-17.188251	-13.734373
Idh1	-11.8701315	-8.416253
Pikfyve	-12.870763	-9.416884
Pth2r	-17.188251	-13.734373
Map2	-13.969376	-10.515497
Rpe	-12.623903	-9.170025
Kansl1l	-12.132006	-8.678127
Acadl	-11.280169	-7.8262906
Myl1	-16.495104	-13.041225
Lancl1	-11.925561	-8.471683
Erbb4	-14.297879	-10.844001
Ikzf2	-13.217959	-9.764081
Gm28112	-17.188251	-13.734373
Bard1	-16.495104	-13.041225
Atic	-12.197819	-8.74394
Fn1	-8.724248	-5.27037
Apol7d	-15.801957	-12.348079
Mreg	-16.495104	-13.041225
Pecr	-13.013864	-9.559985
Tmem169	-16.089638	-12.63576
Xrcc5	-13.013864	-9.559985
March4	-17.188251	-13.734373
Smarcal1	-13.217959	-9.764081
Gm39662	-17.188251	-13.734373
Rpl37a	-7.4274793	-3.9736018
Igfbp2	-12.351969	-8.89809
Igfbp5	-8.585247	-5.131369
6030407O03Rik	-16.495104	-13.041225
Tns1	-8.975141	-5.5212626
Cxcr2	-15.801957	-12.348079
Arpc2	-9.296546	-5.8426685
Gpbar1	-15.396492	-11.942614
Aamp	-10.878333	-7.424455
Pnkd	-10.896682	-7.442804
Tmbim1	-11.401354	-7.947476
Gm29358	-15.801957	-12.348079
Catip	-15.801957	-12.348079
Slc11a1	-12.884186	-9.430307
Ctdsp1	-11.253357	-7.799479
Usp37	-13.450582	-9.996703
Cnot9	-13.754264	-10.300385
Zfp142	-13.199267	-9.745389
Bcs1l	-13.256426	-9.802547
Rnf25	-13.180918	-9.727039
Stk36	-15.801957	-12.348079
Ttll4	-13.661891	-10.208013
Cyp27a1	-12.7223425	-9.268464
Prkag3	-17.188251	-13.734373
Wnt6	-14.415663	-10.961784
Ihh	-14.355038	-10.901159
Nhej1	-13.722515	-10.268637
Slc23a3	-14.885666	-11.4317875
Cnppd1	-12.275597	-8.821718
Retreg2	-12.029196	-8.575317
Zfand2b	-12.478721	-9.024842
Abcb6	-14.480201	-11.026322
Atg9a	-12.524812	-9.070933
Ankzf1	-13.217959	-9.764081
Glb1l	-13.52469	-10.070811
Stk16	-11.467939	-8.014061
Tuba4a	-13.930155	-10.476276
Dnajb2	-11.553461	-8.099583
Ptprn	-14.297879	-10.844001
Dnpep	-11.703454	-8.249576
Des	-10.938276	-7.4843984
Speg	-11.310515	-7.8566375
Gmppa	-12.040756	-8.586878
Chpf	-11.048367	-7.5944886
Obsl1	-12.793802	-9.339924
Tmem198	-15.396492	-11.942614
Inha	-15.396492	-11.942614
Stk11ip	-14.297879	-10.844001
Slc4a3	-11.995295	-8.541416
Epha4	-12.897792	-9.443913
Gm28386	-17.188251	-13.734373
Farsb	-12.583081	-9.129203
Acsl3	-13.1452	-9.691321
Utp14b	-14.052757	-10.598879
Kcne4	-12.710915	-9.257036
Scg2	-17.188251	-13.734373
Wdfy1	-12.184305	-8.730427
Mrpl44	-13.045116	-9.591238
Serpine2	-9.100611	-5.646733
Fam124b	-16.089638	-12.63576
Cul3	-11.484468	-8.03059
Dock10	-12.1512985	-8.69742
Irs1	-12.553522	-9.099644
Rhbdd1	-13.381589	-9.927711
Col4a4	-11.050524	-7.596646
Col4a3	-11.754529	-8.300651
C430014B12Rik	-14.885666	-11.4317875
Mff	-11.429349	-7.975471
Gm28941	-17.188251	-13.734373
Tm4sf20	-17.188251	-13.734373
Agfg1	-11.790089	-8.33621
A030005L19Rik	-15.801957	-12.348079
Slc19a3	-16.495104	-13.041225
Sphkap	-14.192519	-10.738641
Pid1	-11.194289	-7.7404113
Dner	-14.549193	-11.095315
Trip12	-11.454909	-8.001031
Fbxo36	-13.632903	-10.179025
C130026I21Rik	-17.188251	-13.734373
A530040E14Rik	-17.188251	-13.734373
Sp110	-13.474679	-10.020801
Sp140	-12.573131	-9.119252
Sp100	-13.450582	-9.996703
A630001G21Rik	-16.089638	-12.63576
Cab39	-11.41681	-7.962932
Itm2c	-10.197994	-6.7441163
Psmd1	-10.900393	-7.4465146
Htr2b	-17.188251	-13.734373
Armc9	-13.930155	-10.476276
Ncl	-9.678368	-6.22449
C130036L24Rik	-14.6233015	-11.169423
Ptma	-8.288247	-4.8343697
Pde6d	-11.884946	-8.431067
Cops7b	-13.474679	-10.020801
Dis3l2	-13.6047325	-10.150854
Gm29055	-16.089638	-12.63576
Eif4e2	-11.578779	-8.124901
Efhd1	-10.881976	-7.428098
Gigyf2	-11.776605	-8.322726
Snorc	-14.415663	-10.961784
Ngef	-12.9541445	-9.500266
Neu2	-15.396492	-11.942614
Inpp5d	-17.188251	-13.734373
Atg16l1	-12.939755	-9.485877
Sag	-15.801957	-12.348079
Dgkd	-12.644957	-9.191078
Usp40	-12.710915	-9.257036
Ugt1a7c	-16.495104	-13.041225
Ugt1a6a	-17.188251	-13.734373
Dnajb3	-16.495104	-13.041225
Mroh2a	-17.188251	-13.734373
Hjurp	-12.076263	-8.622385
Arl4c	-14.097209	-10.643331
Sh3bp4	-12.9541445	-9.500266
Agap1	-12.157813	-8.703935
4933400F21Rik	-17.188251	-13.734373
Iqca	-17.188251	-13.734373
Ackr3	-10.915374	-7.461496
Gm28723	-16.495104	-13.041225
Cops8	-11.557039	-8.103161
Gm9991	-16.495104	-13.041225
Col6a3	-9.914465	-6.460587
Mlph	-15.801957	-12.348079
Rab17	-14.991027	-11.537148
Lrrfip1	-9.929135	-6.4752574
Rbm44	-15.396492	-11.942614
Ramp1	-9.476702	-6.0228243
Ube2f	-11.905047	-8.451169
Scly	-13.499372	-10.045493
Klhl30	-13.892414	-10.438536
Ilkap	-11.401354	-7.947476
Hes6	-13.093906	-9.640028
Per2	-12.125656	-8.671778
Traf3ip1	-13.381589	-9.927711
Asb1	-13.31705	-9.863172
Gm29100	-16.495104	-13.041225
Twist2	-12.409127	-8.955249
Gm29101	-14.790356	-11.336477
Hdac4	-11.894946	-8.441068
Ndufa10	-11.099206	-7.645328
Cops9	-9.973746	-6.5198684
Gpc1	-13.754264	-10.300385
Ankmy1	-16.495104	-13.041225
Dusp28	-12.857518	-9.40364
5033417F24Rik	-15.801957	-12.348079
Rnpepl1	-11.817613	-8.363734
9430060I03Rik	-16.089638	-12.63576
Capn10	-13.381589	-9.927711
Gpr35	-16.495104	-13.041225
Kif1a	-12.998596	-9.544718
Sned1	-12.583081	-9.129203
Mterf4	-13.199267	-9.745389
Gm28535	-16.495104	-13.041225
Pask	-16.495104	-13.041225
Ppp1r7	-11.973315	-8.519437
Ano7	-17.188251	-13.734373
Hdlbp	-10.104863	-6.6509852
Sept2	-12.757434	-9.3035555
Farp2	-13.930155	-10.476276
Stk25	-11.767716	-8.313838
Bok	-12.50612	-9.052241
Thap4	-13.577333	-10.123455
Atg4b	-12.496903	-9.043025
Dtymk	-11.474518	-8.020639
Ing5	-12.593131	-9.139253
D2hgdh	-13.856047	-10.402168
Gal3st2b	-17.188251	-13.734373
Gal3st2c	-17.188251	-13.734373
Fam174a	-11.199289	-7.7454114
D1Ertd622e	-13.296431	-9.842552
Ppip5k2	-13.787054	-10.333176
Gin1	-13.061116	-9.607238
Pam	-8.796621	-5.3427434
B230216N24Rik	-13.632903	-10.179025
Rnf152	-13.52469	-10.070811
Gm17634	-16.495104	-13.041225
Pign	-13.577333	-10.123455
Gm28404	-15.801957	-12.348079
Relch	-12.793802	-9.339924
Tnfrsf11a	-13.127808	-9.673929
Gm7160	-15.801957	-12.348079
Zcchc2	-13.35961	-9.905731
Phlpp1	-13.077377	-9.623499
Bcl2	-11.5252905	-8.071412
Kdsr	-12.017767	-8.563889
Vps4b	-11.535762	-8.081883
Serpinb5	-16.495104	-13.041225
Serpinb7	-16.495104	-13.041225
Serpinb8	-13.6047325	-10.150854
Cdh19	-17.188251	-13.734373
Dsel	-11.951809	-8.497931
Cntnap5a	-17.188251	-13.734373
Tsn	-10.607612	-7.1537337
Nifk	-12.392461	-8.938582
Gm28867	-17.188251	-13.734373
Clasp1	-12.260998	-8.807119
2900060B14Rik	-14.097209	-10.643331
Tfcp2l1	-15.578814	-12.124935
Gli2	-13.180918	-9.727039
Gm26831	-17.188251	-13.734373
Inhbb	-14.097209	-10.643331
Ralb	-12.125656	-8.671778
Gm27184	-16.089638	-12.63576
Tmem185b	-13.754264	-10.300385
Epb41l5	-13.661891	-10.208013
Ptpn4	-13.52469	-10.070811
Tmem177	-14.297879	-10.844001
Tmem37	-15.578814	-12.124935
Dbi	-9.534756	-6.0808783
3110009E18Rik	-13.52469	-10.070811
Steap3	-11.767716	-8.313838
Insig2	-11.356369	-7.902491
Ccdc93	-13.31705	-9.863172
Ddx18	-11.491158	-8.037279
Dpp10	-17.188251	-13.734373
Actr3	-10.682467	-7.2285895
Slc35f5	-12.409127	-8.955249
Gpr39	-13.296431	-9.842552
Lypd1	-15.108809	-11.654931
Nckap5	-15.801957	-12.348079
Mgat5	-12.170971	-8.7170925
2900009J06Rik	-14.297879	-10.844001
Ccnt2	-12.2537775	-8.799899
Map3k19	-16.495104	-13.041225
Rab3gap1	-11.850713	-8.396834
Zranb3	-15.396492	-11.942614
R3hdm1	-11.750172	-8.296293
Ubxn4	-10.854972	-7.401094
Mcm6	-12.275597	-8.821718
Dars	-11.946504	-8.492625
Cxcr4	-17.188251	-13.734373
Thsd7b	-15.801957	-12.348079
Gm15675	-16.495104	-13.041225
Cd55	-12.218438	-8.76456
Pfkfb2	-15.396492	-11.942614
Yod1	-13.077377	-9.623499
AA986860	-14.549193	-11.095315
Mapkapk2	-11.767716	-8.313838
Eif2d	-13.045116	-9.591238
Rassf5	-15.801957	-12.348079
Ikbke	-13.856047	-10.402168
Gm28913	-17.188251	-13.734373
Srgap2	-12.218438	-8.76456
Gm29488	-16.089638	-12.63576
Fam72a	-14.790356	-11.336477
Rab7b	-12.76941	-9.315532
Pm20d1	-17.188251	-13.734373
Slc41a1	-12.7456	-9.291721
Rab29	-13.381589	-9.927711
Nucks1	-10.653009	-7.1991315
Slc45a3	-13.381589	-9.927711
Elk4	-12.191039	-8.737161
Mfsd4a	-13.199267	-9.745389
Cdk18	-17.188251	-13.734373
Klhdc8a	-16.495104	-13.041225
Nuak2	-14.790356	-11.336477
Tmcc2	-13.754264	-10.300385
Dstyk	-12.328439	-8.87456
6030442K20Rik	-15.578814	-12.124935
Rbbp5	-13.787054	-10.333176
Tmem81	-15.396492	-11.942614
Nfasc	-16.089638	-12.63576
Lrrn2	-13.338103	-9.884225
Mdm4	-12.082306	-8.6284275
Pik3c2b	-13.577333	-10.123455
Gm28609	-17.188251	-13.734373
Ppp1r15b	-12.443319	-8.989441
Plekha6	-13.856047	-10.402168
Ren1	-13.404061	-9.950183
Etnk2	-14.549193	-11.095315
Sox13	-13.31705	-9.863172
Snrpe	-10.386968	-6.9330897
Zc3h11a	-14.143728	-10.68985
Gm38394	-15.242341	-11.788463
Lax1	-15.108809	-11.654931
Atp2b4	-10.660294	-7.2064157
Optc	-10.842615	-7.388737
Gm15851	-15.801957	-12.348079
Prelp	-9.559247	-6.105369
Fmod	-10.106543	-6.6526647
Btg2	-9.450635	-5.996757
Chil1	-16.089638	-12.63576
Adora1	-15.578814	-12.124935
Ppfia4	-14.480201	-11.026322
Tmem183a	-12.211517	-8.757639
Cyb5r1	-12.426077	-8.9721985
Adipor1	-11.074569	-7.620691
Platr1	-16.495104	-13.041225
Klhl12	-13.6047325	-10.150854
Rabif	-12.76941	-9.315532
Kdm5b	-11.855533	-8.401654
Syt2	-16.495104	-13.041225
Ppp1r12b	-10.171641	-6.7177634
Gm28892	-17.188251	-13.734373
Ube2t	-16.495104	-13.041225
Lgr6	-11.126794	-7.672916
Arl8a	-11.772151	-8.318273
Gm15445	-16.495104	-13.041225
Gpr37l1	-17.188251	-13.734373
Rnpep	-12.119347	-8.665468
Timm17a	-11.052686	-7.598808
Lmod1	-9.109873	-5.655995
Shisa4	-11.41993	-7.9660525
Ipo9	-12.54386	-9.089982
Gm28277	-17.188251	-13.734373
Nav1	-10.92105	-7.467172
Gm4793	-16.495104	-13.041225
Csrp1	-8.77309	-5.3192124
Phlda3	-10.961715	-7.507837
Tnni1	-16.089638	-12.63576
Tnnt2	-12.3679695	-8.914091
Tmem9	-11.925561	-8.471683
Kif21b	-14.703344	-11.249466
Camsap2	-12.38423	-8.930351
9230116N13Rik	-16.089638	-12.63576
Ddx59	-14.243813	-10.789934
Zfp281	-12.006468	-8.552589
Gm19705	-13.093906	-9.640028
Gm4258	-14.297879	-10.844001
Gm26930	-15.578814	-12.124935
Nek7	-11.108318	-7.6544404
Lhx9	-16.089638	-12.63576
2310009B15Rik	-12.058352	-8.604474
Dennd1b	-12.699615	-9.245736
Zbtb41	-12.818803	-9.364924
Aspm	-16.495104	-13.041225
Gm4788	-17.188251	-13.734373
Cfhr2	-16.495104	-13.041225
Cfh	-8.797074	-5.343197
Kcnt2	-12.563278	-9.1094
Cdc73	-11.865241	-8.411363
B3galt2	-15.801957	-12.348079
Glrx2	-11.072359	-7.618481
Ro60	-11.658822	-8.204944
Uchl5	-12.3054495	-8.851571
Gm29170	-16.089638	-12.63576
Rgs2	-12.246609	-8.79273
Rgs1	-14.549193	-11.095315
Rgs18	-17.188251	-13.734373
A230059L01Rik	-14.991027	-11.537148
Pla2g4a	-11.686993	-8.233114
Ptgs2os	-14.991027	-11.537148
Ptgs2	-11.855533	-8.401654
Ptgs2os2	-14.703344	-11.249466
Odr4	-11.514928	-8.061049
Tpr	-10.215645	-6.761767
Prg4	-11.715981	-8.262102
Hmcn1	-13.969376	-10.515497
Gm10138	-14.991027	-11.537148
Ivns1abp	-12.9541445	-9.500266
Swt1	-11.767716	-8.313838
Trmt1l	-12.911585	-9.457706
Rnf2	-13.045116	-9.591238
Fam129a	-10.187917	-6.734039
2810414N06Rik	-17.188251	-13.734373
Edem3	-12.409127	-8.955249
1700025G04Rik	-11.597264	-8.143386
Tsen15	-12.603284	-9.1494055
Colgalt2	-15.801957	-12.348079
Rgl1	-12.553522	-9.099644
Arpc5	-11.147996	-7.694118
Ncf2	-15.396492	-11.942614
Smg7	-12.275597	-8.821718
Gm28791	-14.6233015	-11.169423
Nmnat2	-14.885666	-11.4317875
Lamc2	-14.6233015	-11.169423
Lamc1	-10.766629	-7.3127513
Dhx9	-11.715981	-8.262102
Npl	-17.188251	-13.734373
Rgs16	-15.242341	-11.788463
Rnasel	-15.396492	-11.942614
Rgsl1	-17.188251	-13.734373
Glul	-10.677993	-7.224115
Gm29290	-17.188251	-13.734373
A830008E24Rik	-17.188251	-13.734373
Cacna1e	-17.188251	-13.734373
Gm9530	-16.495104	-13.041225
Ier5	-11.612302	-8.158423
Mr1	-12.61354	-9.159661
Stx6	-12.757434	-9.3035555
BC034090	-14.549193	-11.095315
Xpr1	-11.012383	-7.5585055
Gm5532	-15.578814	-12.124935
Acbd6	-11.4356785	-7.9818006
Qsox1	-10.686961	-7.2330832
Cep350	-11.941227	-8.487349
Tor1aip1	-10.747305	-7.293427
Tor1aip2	-12.046588	-8.59271
Gm2000	-12.593131	-9.139253
Soat1	-12.290411	-8.836533
Abl2	-12.806225	-9.352346
Tor3a	-12.573131	-9.119252
Fam20b	-12.583081	-9.129203
Ralgps2	-13.632903	-10.179025
Angptl1	-12.76941	-9.315532
Rasal2	-12.058352	-8.604474
Cryzl2	-12.844445	-9.390567
Sec16b	-13.199267	-9.745389
Pappa2	-16.495104	-13.041225
Cop1	-11.586132	-8.132254
Tnr	-15.108809	-11.654931
4930523C07Rik	-9.994565	-6.540687
4930562F07Rik	-17.188251	-13.734373
Tnn	-17.188251	-13.734373
Mrps14	-10.624395	-7.1705174
Cacybp	-10.867483	-7.413605
Rabgap1l	-12.000865	-8.546987
Gm36975	-17.188251	-13.734373
Gm37529	-15.396492	-11.942614
Gm37328	-16.495104	-13.041225
Rc3h1	-11.57148	-8.117601
Serpinc1	-16.089638	-12.63576
Zbtb37	-13.338103	-9.884225
Gm37362	-17.188251	-13.734373
Gas5	-9.527194	-6.0733166
Dars2	-14.415663	-10.961784
Gm37634	-17.188251	-13.734373
Cenpl	-15.578814	-12.124935
Klhl20	-13.1452	-9.691321
Ankrd45	-14.885666	-11.4317875
Prdx6	-10.806435	-7.3525567
Tnfsf18	-17.188251	-13.734373
Suco	-12.297902	-8.844024
Pigc	-12.897792	-9.443913
Dnm3	-14.010198	-10.556319
2810442N19Rik	-17.188251	-13.734373
Dnm3os	-13.077377	-9.623499
Eef1aknmt	-13.930155	-10.476276
Vamp4	-12.297902	-8.844024
Myoc	-12.699615	-9.245736
Prrc2c	-10.280496	-6.8266177
Fmo4	-15.801957	-12.348079
Fmo1	-10.637171	-7.183293
Fmo2	-8.074421	-4.6205435
Fmo6	-15.108809	-11.654931
Fmo3	-10.880153	-7.426275
Gm37273	-17.188251	-13.734373
Prrx1	-10.2885275	-6.8346496
Gorab	-13.110714	-9.656836
Kifap3	-11.124466	-7.670588
Scyl3	-13.35961	-9.905731
Mettl18	-14.097209	-10.643331
Sele	-17.188251	-13.734373
Selp	-17.188251	-13.734373
Slc19a2	-14.243813	-10.789934
Ccdc181	-13.550665	-10.0967865
Blzf1	-12.634375	-9.180496
Nme7	-13.35961	-9.905731
Atp1b1	-12.2682705	-8.814392
Gm26685	-16.495104	-13.041225
Gm37754	-17.188251	-13.734373
Dpt	-9.432055	-5.978178
Gm32569	-17.188251	-13.734373
Tbx19	-17.188251	-13.734373
Sft2d2	-11.808353	-8.354475
Tiprl	-11.812973	-8.359095
Gm38190	-15.578814	-12.124935
Gpr161	-13.691744	-10.237865
Dcaf6	-12.469752	-9.015874
Mpc2	-10.019671	-6.5657935
Mpzl1	-12.478721	-9.024842
Rcsd1	-12.496903	-9.043025
Creg1	-11.046214	-7.592336
Pou2f1	-12.623903	-9.170025
Dusp27	-14.243813	-10.789934
Ildr2	-12.7223425	-9.268464
Gm15853	-15.578814	-12.124935
Tada1	-13.499372	-10.045493
Pogk	-12.699615	-9.245736
Gm16701-1	-15.108809	-11.654931
Fam78b	-14.549193	-11.095315
Uck2	-13.52469	-10.070811
Tmco1	-10.213772	-6.759894
Aldh9a1	-12.939755	-9.485877
Mgst3	-11.695189	-8.241311
Rxrg	-17.188251	-13.734373
Pbx1	-10.657373	-7.2034955
Nuf2	-17.188251	-13.734373
Rgs5	-8.680502	-5.2266245
Rgs4	-11.491158	-8.037279
Ccdc190	-17.188251	-13.734373
Gm15852	-17.188251	-13.734373
Hsd17b7	-13.499372	-10.045493
3110045C21Rik	-17.188251	-13.734373
Ddr2	-10.391427	-6.937549
Uap1	-11.604754	-8.150876
Gm37748	-17.188251	-13.734373
Uhmk1	-12.688441	-9.234563
4930500M09Rik	-17.188251	-13.734373
Gm7694	-13.787054	-10.333176
Nos1ap	-13.217959	-9.764081
Olfml2b	-10.518753	-7.064875
Atf6	-12.290411	-8.836533
Dusp12	-12.806225	-9.352346
Gm26620	-16.495104	-13.041225
Fcgr2b	-17.188251	-13.734373
Fcgr3	-17.188251	-13.734373
Cfap126	-15.242341	-11.788463
Sdhc	-11.126794	-7.672916
Pcp4l1	-10.562859	-7.1089807
Nr1i3	-16.495104	-13.041225
Tomm40l	-12.983559	-9.52968
Apoa2	-16.495104	-13.041225
Fcer1g	-16.089638	-12.63576
Ndufs2	-10.940208	-7.4863305
Adamts4	-13.930155	-10.476276
B4galt3	-12.781531	-9.327653
Ppox	-13.110714	-9.656836
Usp21	-13.404061	-9.950183
Ufc1	-10.736202	-7.2823243
Gm20045	-13.930155	-10.476276
Dedd	-12.897792	-9.443913
Nit1	-12.328439	-8.87456
Pfdn2	-11.159972	-7.7060943
Klhdc9	-15.396492	-11.942614
Usf1	-12.939755	-9.485877
Tstd1	-17.188251	-13.734373
F11r	-12.757434	-9.3035555
B930036N10Rik	-14.415663	-10.961784
Alyref2	-14.052757	-10.598879
Vangl2	-14.703344	-11.249466
Ncstn	-11.850713	-8.396834
Copa	-10.6386	-7.1847224
Pex19	-12.191039	-8.737161
Dcaf8	-11.266672	-7.812794
Pea15a	-11.090177	-7.6362987
Casq1	-12.132006	-8.678127
Atp1a4	-17.188251	-13.734373
Igsf8	-11.474518	-8.020639
Atp1a2	-10.261674	-6.807796
Pigm	-13.256426	-9.802547
Slamf9	-13.550665	-10.0967865
Igsf9	-12.939755	-9.485877
Tagln2	-9.472681	-6.0188036
Cfap45	-14.790356	-11.336477
4933439K11Rik	-16.495104	-13.041225
Vsig8	-16.495104	-13.041225
Dusp23	-12.911585	-9.457706
Ackr1	-15.242341	-11.788463
Cadm3	-13.276228	-9.82235
Ifi207	-13.450582	-9.996703
Ifi204	-14.097209	-10.643331
Mndal	-14.052757	-10.598879
Ifi211	-14.297879	-10.844001
Ifi203	-13.820955	-10.367077
Ifi205	-14.991027	-11.537148
Grem2	-13.077377	-9.623499
Rgs7	-12.857518	-9.40364
Fh1	-11.646988	-8.1931095
Opn3	-15.108809	-11.654931
Chml	-13.450582	-9.996703
Exo1	-17.188251	-13.734373
Rbm8a2	-16.495104	-13.041225
Cep170	-12.225407	-8.771528
Sdccag8	-13.162899	-9.709021
Akt3	-11.925561	-8.471683
Zbtb18	-13.856047	-10.402168
Adss	-11.808353	-8.354475
Catspere2	-15.578814	-12.124935
Desi2	-11.189315	-7.735437
B230369F24Rik	-14.243813	-10.789934
Cox20	-11.022833	-7.568955
Hnrnpu	-10.593838	-7.13996
Efcab2	-14.703344	-11.249466
Kif26b	-13.969376	-10.515497
Smyd3	-13.381589	-9.927711
Tfb2m	-12.515422	-9.061543
Cnst	-13.237007	-9.783129
Sccpdh	-12.710915	-9.257036
Kif28	-17.188251	-13.734373
Ahctf1	-12.000865	-8.546987
Cdc42bpa	-11.172094	-7.7182164
Coq8a	-12.469752	-9.015874
Psen2	-12.328439	-8.87456
Itpkb	-12.094501	-8.640622
Stum	-12.2537775	-8.799899
Parp1	-12.443319	-8.989441
Lin9	-14.243813	-10.789934
Acbd3	-11.15038	-7.696502
Gm37768	-17.188251	-13.734373
H3f3a	-8.815621	-5.3617435
H3f3aos	-16.495104	-13.041225
Sde2	-11.790089	-8.33621
Lefty2	-17.188251	-13.734373
Pycr2	-12.076263	-8.622385
Lefty1	-12.460863	-9.006985
Tmem63a	-11.884946	-8.431067
Ephx1	-10.691476	-7.237598
Nvl	-12.320717	-8.866838
Cnih4	-11.227245	-7.7733674
Wdr26	-11.191799	-7.737921
A430110L20Rik	-16.089638	-12.63576
Cnih3	-17.188251	-13.734373
Ccdc121	-16.495104	-13.041225
Dnah14	-17.188251	-13.734373
Lbr	-12.563278	-9.1094
Gm5533	-16.495104	-13.041225
Enah	-9.953353	-6.499475
Srp9	-10.527676	-7.0737977
Degs1	-10.771519	-7.317641
Fbxo28	-12.553522	-9.099644
Trp53bp2	-12.818803	-9.364924
Capn2	-10.883802	-7.4299245
Gm37885	-17.188251	-13.734373
Susd4	-15.801957	-12.348079
Tlr5	-17.188251	-13.734373
Disp1	-13.577333	-10.123455
Brox	-12.443319	-8.989441
Aida	-11.429349	-7.975471
Mia3	-10.995889	-7.542011
Taf1a	-13.045116	-9.591238
Gm37986	-15.396492	-11.942614
Gm37214	-17.188251	-13.734373
Dusp10	-12.998596	-9.544718
1700056E22Rik	-14.703344	-11.249466
Gm37800	-17.188251	-13.734373
Hlx	-14.010198	-10.556319
Gm34342	-14.790356	-11.336477
Marc2	-11.041922	-7.5880437
C130074G19Rik	-14.192519	-10.738641
Mark1	-11.646988	-8.1931095
Rab3gap2	-12.54386	-9.089982
Iars2	-11.790089	-8.33621
Bpnt1	-12.603284	-9.1494055
4930532G15Rik	-14.355038	-10.901159
Eprs	-10.878333	-7.424455
Slc30a10	-16.495104	-13.041225
Lyplal1	-14.143728	-10.68985
Tgfb2	-10.522568	-7.06869
Rrp15	-12.677392	-9.223514
A430105J06Rik	-15.801957	-12.348079
Spata17	-17.188251	-13.734373
Gpatch2	-13.217959	-9.764081
Esrrg	-15.578814	-12.124935
Kctd3	-12.9541445	-9.500266
Kcnk2	-15.801957	-12.348079
Cenpf	-17.188251	-13.734373
Ptpn14	-12.088385	-8.634506
Gm37422	-17.188251	-13.734373
Smyd2	-12.434661	-8.9807825
Prox1	-13.661891	-10.208013
Rps6kc1	-13.6047325	-10.150854
Angel2	-11.72442	-8.270541
Vash2	-17.188251	-13.734373
Flvcr1	-13.691744	-10.237865
Tatdn3	-13.127808	-9.673929
Batf3	-15.242341	-11.788463
Fam71a	-13.127808	-9.673929
Atf3	-9.868386	-6.4145083
D730003I15Rik	-13.632903	-10.179025
Nenf	-8.971892	-5.518015
Pacc1	-14.243813	-10.789934
Ppp2r5a	-11.24283	-7.7889524
Dtl	-15.578814	-12.124935
Ints7	-13.550665	-10.0967865
Lpgat1	-11.799179	-8.345301
Slc30a1	-13.499372	-10.045493
Gm26670	-17.188251	-13.734373
Traf5	-12.487771	-9.033893
Gm26879	-16.495104	-13.041225
Rcor3	-11.925561	-8.471683
Gm10516	-15.396492	-11.942614
Hhat	-15.108809	-11.654931
Sertad4	-12.870763	-9.416884
Gm15867	-12.857518	-9.40364
Syt14	-17.188251	-13.734373
Utp25	-13.691744	-10.237865
Irf6	-15.108809	-11.654931
A130010J15Rik	-14.991027	-11.537148
Hsd11b1	-11.046214	-7.592336
G0s2	-11.012383	-7.5585055
Plxna2	-12.553522	-9.099644
Cd34	-10.114982	-6.6611037
Gm16897	-16.495104	-13.041225
A330023F24Rik	-13.499372	-10.045493
Cd46	-15.801957	-12.348079
Cr1l	-11.338926	-7.8850484
Cr2	-15.578814	-12.124935
Fam171a1	-12.443319	-8.989441
Nmt2	-11.4262	-7.972322
Rpp38	-13.256426	-9.802547
Dclre1c	-14.297879	-10.844001
Suv39h2	-15.242341	-11.788463
Hspa14	-12.336221	-8.882342
Gm45902	-15.396492	-11.942614
Cdnf	-14.991027	-11.537148
Fam107b	-13.499372	-10.045493
Frmd4a	-12.54386	-9.089982
Gm13187	-17.188251	-13.734373
Gm36988	-17.188251	-13.734373
Gm13179	-17.188251	-13.734373
Prpf18	-12.515422	-9.061543
Bend7	-14.355038	-10.901159
Sephs1	-12.7456	-9.291721
Phyh	-11.812973	-8.359095
Ucma	-14.143728	-10.68985
Optn	-12.844445	-9.390567
Ccdc3	-9.922122	-6.468244
Camk1d	-13.930155	-10.476276
Cdc123	-11.658822	-8.204944
Nudt5	-13.110714	-9.656836
Sec61a2	-13.404061	-9.950183
Dhtkd1	-16.089638	-12.63576
Upf2	-11.578779	-8.124901
Proser2	-13.427051	-9.973172
Echdc3	-13.722515	-10.268637
Usp6nl	-13.632903	-10.179025
Celf2	-10.131214	-6.677336
Gm10855	-14.6233015	-11.169423
Gm10115	-12.376067	-8.922189
Gata3	-15.396492	-11.942614
Taf3	-11.910136	-8.456258
Atp5c1	-9.79807	-6.344192
Kin	-12.119347	-8.665468
Itih2	-12.260998	-8.807119
Itih5	-11.750172	-8.296293
Sfmbt2	-14.097209	-10.643331
Prkcq	-15.396492	-11.942614
8030442B05Rik	-17.188251	-13.734373
Gm13293	-15.801957	-12.348079
Pfkfb3	-12.939755	-9.485877
Rbm17	-11.763301	-8.3094225
Il2ra	-17.188251	-13.734373
Il15ra	-14.097209	-10.643331
Fbh1	-12.225407	-8.771528
Ankrd16	-13.237007	-9.783129
Itga8	-8.870484	-5.416607
E030013I19Rik	-10.766629	-7.3127513
Mindy3	-12.03496	-8.581081
Pter	-13.450582	-9.996703
C1ql3	-16.495104	-13.041225
Rsu1	-10.332842	-6.878964
Trdmt1	-13.474679	-10.020801
Vim	-7.068604	-3.6147265
St8sia6	-15.801957	-12.348079
Hacd1	-10.444192	-6.990314
Stamos	-16.089638	-12.63576
Stam	-12.563278	-9.1094
Mrc1	-15.396492	-11.942614
Cacnb2	-12.733904	-9.2800255
Gm10848	-14.790356	-11.336477
Gm13269	-17.188251	-13.734373
Nsun6	-12.831542	-9.377664
Arl5b	-12.487771	-9.033893
Plxdc2	-10.195236	-6.7413583
Nebl	-13.930155	-10.476276
A930004D18Rik	-14.297879	-10.844001
Skida1	-15.242341	-11.788463
Mllt10	-12.017767	-8.563889
Dnajc1	-10.771519	-7.317641
Commd3	-11.050524	-7.596646
Bmi1	-12.573131	-9.119252
Gm20539	-17.188251	-13.734373
Pip4k2a	-12.320717	-8.866838
4930426L09Rik	-15.578814	-12.124935
Armc3	-15.578814	-12.124935
Msrb2	-12.634375	-9.180496
Otud1	-11.508079	-8.0542
Etl4	-13.338103	-9.884225
Arhgap21	-11.989754	-8.535875
Gm13375	-15.242341	-11.788463
Enkur	-14.549193	-11.095315
Thnsl1	-14.243813	-10.789934
Apbb1ip	-12.831542	-9.377664
Pdss1	-14.885666	-11.4317875
Abi1	-11.553461	-8.099583
Acbd5	-11.650917	-8.197039
Mastl	-15.396492	-11.942614
Yme1l1	-11.310515	-7.8566375
4931423N10Rik	-17.188251	-13.734373
Spopl	-12.61354	-9.159661
Hnmt	-13.661891	-10.208013
Psd4	-17.188251	-13.734373
Ehmt1	-11.9678955	-8.514017
Arrdc1	-13.820955	-10.367077
Zmynd19	-13.276228	-9.82235
Dph7	-13.661891	-10.208013
Mrpl41	-11.66679	-8.212912
Pnpla7	-14.143728	-10.68985
Nsmf	-12.452053	-8.998175
Nrarp	-15.578814	-12.124935
Tor4a	-14.415663	-10.961784
Nelfb	-12.113077	-8.659199
Stpg3	-16.495104	-13.041225
Tubb4b	-10.411744	-6.957866
Rnf208	-17.188251	-13.734373
Ndor1	-13.892414	-10.438536
Tmem203	-12.699615	-9.245736
Tprn	-15.108809	-11.654931
Ssna1	-11.383116	-7.929238
Anapc2	-11.691083	-8.237205
Man1b1	-12.7223425	-9.268464
Dpp7	-12.211517	-8.757639
Uap1l1	-12.336221	-8.882342
Entpd2	-10.3649645	-6.9110866
Npdc1	-10.143346	-6.689468
Abca2	-12.336221	-8.882342
Paxx	-11.678863	-8.224984
Clic3	-14.549193	-11.095315
Ptgds	-14.885666	-11.4317875
C8g	-15.801957	-12.348079
Fbxw5	-12.53429	-9.080412
Traf2	-13.52469	-10.070811
Edf1	-9.408784	-5.954906
Mamdc4	-16.495104	-13.041225
Phpt1	-11.920393	-8.466515
Ajm1	-15.801957	-12.348079
Rabl6	-11.865241	-8.411363
Fcnaos	-17.188251	-13.734373
Ccdc183	-17.188251	-13.734373
Tmem141	-12.478721	-9.024842
Lcn8	-15.801957	-12.348079
A230005M16Rik	-16.089638	-12.63576
Bmyc	-10.880153	-7.426275
Sohlh1	-16.089638	-12.63576
Kcnt1	-17.188251	-13.734373
Camsap1	-12.218438	-8.76456
Ubac1	-12.376067	-8.922189
Nacc2	-11.318954	-7.8650765
Tmem250-ps	-12.344064	-8.890185
Qsox2	-13.045116	-9.591238
Ccdc187	-16.495104	-13.041225
Gpsm1	-13.093906	-9.640028
Dnlz	-11.3303175	-7.8764396
Gm13562	-17.188251	-13.734373
Snapc4	-13.632903	-10.179025
Entr1	-12.515422	-9.061543
Pmpca	-12.806225	-9.352346
Inpp5e	-13.31705	-9.863172
Sec16a	-12.313054	-8.859176
0610009E02Rik	-15.396492	-11.942614
Notch1	-13.52469	-10.070811
Egfl7	-13.474679	-10.020801
Agpat2	-12.232424	-8.778545
Dipk1b	-12.76941	-9.315532
Surf6	-13.162899	-9.709021
Med22	-13.1452	-9.691321
Rpl7a	-8.938937	-5.4850593
Surf1	-11.429349	-7.975471
Surf2	-12.426077	-8.9721985
Surf4	-10.9344225	-7.4805446
Rexo4	-12.699615	-9.245736
Cacfd1	-12.336221	-8.882342
Slc2a6	-16.089638	-12.63576
Adamtsl2	-12.082306	-8.6284275
Sardh	-13.404061	-9.950183
Vav2	-13.404061	-9.950183
Brd3os	-14.052757	-10.598879
Brd3	-11.549896	-8.096018
Wdr5	-13.256426	-9.802547
Gm13421	-15.801957	-12.348079
Rxra	-12.328439	-8.87456
2810430I11Rik	-15.396492	-11.942614
Col5a1	-10.27352	-6.8196425
Olfm1	-11.6829195	-8.229041
Ppp1r26	-15.108809	-11.654931
Mrps2	-13.787054	-10.333176
Gbgt1	-17.188251	-13.734373
Gm10134	-13.722515	-10.268637
Ralgds	-13.930155	-10.476276
Gtf3c5	-13.930155	-10.476276
Tsc1	-12.9541445	-9.500266
Gtf3c4	-12.7456	-9.291721
Ddx31	-14.097209	-10.643331
Cfap77	-17.188251	-13.734373
Ttf1	-12.478721	-9.024842
Setx	-12.344064	-8.890185
Ntng2	-16.495104	-13.041225
6530402F18Rik	-15.242341	-11.788463
Med27	-13.045116	-9.591238
Rapgef1	-12.417566	-8.963688
Trub2	-13.450582	-9.996703
Coq4	-13.450582	-9.996703
Slc27a4	-12.818803	-9.364924
Urm1	-12.524812	-9.070933
2600006K01Rik	-13.632903	-10.179025
Cercam	-11.767716	-8.313838
Odf2	-12.831542	-9.377664
Gle1	-12.170971	-8.7170925
Sptan1	-10.514953	-7.0610747
Wdr34	-13.450582	-9.996703
Set	-10.353066	-6.8991885
Pkn3	-15.578814	-12.124935
Zdhhc12	-13.427051	-9.973172
Zer1	-12.583081	-9.129203
Tbc1d13	-13.787054	-10.333176
Endog	-12.211517	-8.757639
Spout1	-12.9541445	-9.500266
Kyat1	-14.549193	-11.095315
1700084E18Rik	-15.396492	-11.942614
Lrrc8a	-11.597264	-8.143386
Phyhd1	-12.313054	-8.859176
Dolk	-12.983559	-9.52968
Nup188	-12.870763	-9.416884
Sh3glb2	-11.741513	-8.287635
Miga2	-13.450582	-9.996703
Dolpp1	-13.381589	-9.927711
Crat	-12.515422	-9.061543
Ptpa	-11.593539	-8.139661
Ier5l	-11.767716	-8.313838
Cstad	-14.6233015	-11.169423
Gm14488	-13.787054	-10.333176
1700001O22Rik	-16.089638	-12.63576
Ntmt1	-12.197819	-8.74394
Asb6	-13.077377	-9.623499
Prrx2	-11.946504	-8.492625
Ptges	-13.577333	-10.123455
Tor1b	-11.593539	-8.139661
Tor1a	-12.082306	-8.6284275
BC005624	-11.438858	-7.98498
Usp20	-13.029368	-9.57549
Fnbp1	-11.776605	-8.322726
D330023K18Rik	-12.870763	-9.416884
Gpr107	-12.170971	-8.7170925
Ncs1	-12.76941	-9.315532
Hmcn2	-13.127808	-9.673929
Ass1	-12.699615	-9.245736
Fubp3	-12.515422	-9.061543
Exosc2	-13.661891	-10.208013
Abl1	-11.776605	-8.322726
Lamc3	-11.074569	-7.620691
Aif1l	-14.703344	-11.249466
Nup214	-12.392461	-8.938582
Plpp7	-13.499372	-10.045493
Prrc2b	-10.874703	-7.4208255
Pomt1	-13.381589	-9.927711
Uck1	-12.757434	-9.3035555
Swi5	-9.82942	-6.375542
Golga2	-11.879983	-8.426105
Dnm1	-12.328439	-8.87456
Ciz1	-12.515422	-9.061543
1110008P14Rik	-11.219543	-7.7656655
Lcn2	-14.297879	-10.844001
Ptges2	-13.029368	-9.57549
Slc25a25	-13.722515	-10.268637
Naif1	-14.790356	-11.336477
Fam102a	-13.754264	-10.300385
Dpm2	-11.703454	-8.249576
9430097D07Rik	-17.188251	-13.734373
St6galnac4	-12.733904	-9.2800255
St6galnac6	-12.100655	-8.646776
Ak1	-12.03496	-8.581081
Eng	-11.143246	-7.689368
Fpgs	-13.6047325	-10.150854
Cdk9	-11.781079	-8.327201
Sh2d3c	-14.6233015	-11.169423
6330409D20Rik	-17.188251	-13.734373
Tor2a	-12.376067	-8.922189
Ptrh1	-13.930155	-10.476276
Stxbp1	-12.417566	-8.963688
Gm13524	-15.108809	-11.654931
Gm13523	-15.801957	-12.348079
Fam129b	-11.514928	-8.061049
Lrsam1	-13.969376	-10.515497
Rpl12	-8.866343	-5.412465
Slc2a8	-12.603284	-9.1494055
Garnl3	-14.885666	-11.4317875
Ralgps1	-14.480201	-11.026322
Angptl2	-11.356369	-7.902491
Zbtb34	-14.143728	-10.68985
Zbtb43	-13.237007	-9.783129
Mvb12b	-12.793802	-9.339924
Pbx3	-13.1452	-9.691321
Mapkap1	-11.707612	-8.253734
Gapvd1	-11.650917	-8.197039
Hspa5	-9.136272	-5.682395
Rabepk	-13.077377	-9.623499
Fbxw2	-11.582449	-8.128571
Psmd5	-12.76941	-9.315532
Phf19	-15.108809	-11.654931
Traf1	-15.578814	-12.124935
Cntrl	-12.983559	-9.52968
Rab14	-10.216582	-6.7627044
Gsn	-7.079132	-3.6252546
Stom	-12.1512985	-8.69742
Ggta1	-13.127808	-9.673929
Gm13446	-15.578814	-12.124935
Dab2ip	-11.707612	-8.253734
Ttll11	-15.578814	-12.124935
Ndufa8	-10.5721855	-7.1183076
Morn5	-15.801957	-12.348079
Rbm18	-12.452053	-8.998175
Mrrf	-12.757434	-9.3035555
Gm13431	-16.495104	-13.041225
Ptgs1	-12.884186	-9.430307
Pdcl	-12.392461	-8.938582
Rc3h2	-11.703454	-8.249576
Zbtb6	-13.427051	-9.973172
Zbtb26	-14.703344	-11.249466
Rabgap1	-11.962504	-8.508626
Strbp	-11.946504	-8.492625
Gpr21	-14.790356	-11.336477
Crb2	-15.578814	-12.124935
Dennd1a	-12.870763	-9.416884
Nek6	-13.722515	-10.268637
Psmb7	-11.184364	-7.7304864
Nr6a1	-15.242341	-11.788463
Olfml2a	-12.733904	-9.2800255
Wdr38	-17.188251	-13.734373
Rpl35	-8.27861	-4.8247323
Arpc5l	-10.983693	-7.529815
Golga1	-12.61354	-9.159661
Scai	-12.844445	-9.390567
Ppp6c	-11.915252	-8.461373
Lrp1b	-14.243813	-10.789934
Arhgap15	-16.089638	-12.63576
Arhgap15os	-17.188251	-13.734373
Gtdc1	-13.691744	-10.237865
Zeb2	-10.59795	-7.144072
Zeb2os	-14.097209	-10.643331
Gm13465	-17.188251	-13.734373
Gm13470	-15.578814	-12.124935
Acvr2a	-12.983559	-9.52968
Orc4	-12.376067	-8.922189
Mbd5	-12.7456	-9.291721
Epc2	-11.865241	-8.411363
Kif5c	-14.480201	-11.026322
Lypd6	-15.801957	-12.348079
Mmadhc	-11.758905	-8.305027
Gm13483	-15.108809	-11.654931
Gm48908	-16.495104	-13.041225
Rnd3	-10.828677	-7.3747993
Rbm43	-13.237007	-9.783129
Nmi	-12.3679695	-8.914091
Tnfaip6	-12.553522	-9.099644
Rif1	-11.962504	-8.508626
Neb	-15.801957	-12.348079
Arl5a	-11.703454	-8.249576
A430018G15Rik	-12.844445	-9.390567
Cacnb4	-13.930155	-10.476276
Stam2	-12.666463	-9.2125845
Fmnl2	-12.290411	-8.836533
Prpf40a	-11.169658	-7.71578
Arl6ip6	-13.061116	-9.607238
Nr4a2	-11.487807	-8.033929
A930012O16Rik	-16.495104	-13.041225
Gpd2	-12.699615	-9.245736
Galnt5	-16.495104	-13.041225
Cytip	-17.188251	-13.734373
Acvr1	-12.239491	-8.785613
Upp2	-12.53429	-9.080412
Gm13558	-17.188251	-13.734373
Ccdc148	-14.790356	-11.336477
Pkp4	-10.321318	-6.8674397
Tanc1	-12.392461	-8.938582
Wdsub1	-12.1512985	-8.69742
Baz2b	-11.229826	-7.775948
March7	-11.763301	-8.3094225
Cd302	-9.896595	-6.442717
Ly75	-14.010198	-10.556319
Pla2r1	-14.052757	-10.598879
Rbms1	-10.733052	-7.2791743
Tank	-12.469752	-9.015874
Psmd14	-11.674822	-8.220943
Slc4a10	-14.192519	-10.738641
Dpp4	-13.754264	-10.300385
Fap	-12.563278	-9.1094
Ifih1	-14.052757	-10.598879
Gca	-15.801957	-12.348079
Fign	-12.884186	-9.430307
Grb14	-11.484468	-8.03059
Cobll1	-12.164371	-8.710492
Gm13594	-13.892414	-10.438536
Slc38a11	-13.427051	-9.973172
Scn3a	-14.703344	-11.249466
Scn2a	-12.666463	-9.2125845
Csrnp3	-16.089638	-12.63576
Ttc21b	-13.237007	-9.783129
Scn7a	-11.37114	-7.9172616
B3galt1	-12.076263	-8.622385
Stk39	-12.40076	-8.946881
Cers6	-13.856047	-10.402168
Nostrin	-13.577333	-10.123455
Spc25	-17.188251	-13.734373
Dhrs9	-16.089638	-12.63576
Lrp2	-16.495104	-13.041225
Bbs5	-13.632903	-10.179025
Klhl41	-14.097209	-10.643331
Fastkd1	-14.243813	-10.789934
Ppig	-10.497409	-7.043531
Ccdc173	-14.192519	-10.738641
Phospho2	-12.998596	-9.544718
Klhl23	-12.911585	-9.457706
Ssb	-10.4348135	-6.9809356
Mettl5	-12.818803	-9.364924
Gm13625	-16.089638	-12.63576
Mettl5os	-16.495104	-13.041225
Ubr3	-11.845917	-8.392038
Gm26558	-15.578814	-12.124935
Gorasp2	-11.224671	-7.7707934
Tlk1	-11.728665	-8.274787
Mettl8	-14.480201	-11.026322
Dcaf17	-12.831542	-9.377664
Cybrd1	-15.242341	-11.788463
Dync1i2	-10.351992	-6.8981137
Slc25a12	-12.443319	-8.989441
Hat1	-12.870763	-9.416884
Metap1d	-12.9541445	-9.500266
Dlx1	-16.089638	-12.63576
Dlx2	-15.801957	-12.348079
Itga6	-14.415663	-10.961784
Pdk1	-13.661891	-10.208013
Rapgef4	-14.480201	-11.026322
Rapgef4os1	-17.188251	-13.734373
Map3k20	-10.48752	-7.0336423
Cdca7	-14.703344	-11.249466
Sp3	-11.855533	-8.401654
Sp3os	-12.460863	-9.006985
Ola1	-11.678863	-8.224984
Cir1	-11.404426	-7.9505477
Scrn3	-13.013864	-9.559985
Gpr155	-13.338103	-9.884225
D230022J07Rik	-14.991027	-11.537148
Wipf1	-11.546344	-8.092465
Chrna1	-14.355038	-10.901159
Chrna1os	-13.722515	-10.268637
Chn1os3	-16.495104	-13.041225
Chn1	-14.415663	-10.961784
Atf2	-11.767716	-8.313838
Atp5g3	-10.211903	-6.7580247
Lnpk	-12.831542	-9.377664
Hoxd10	-16.495104	-13.041225
Gm28793	-17.188251	-13.734373
Hoxd9	-14.355038	-10.901159
Hoxd3os1	-14.097209	-10.643331
Hoxd8	-13.787054	-10.333176
Hoxd4	-14.991027	-11.537148
Mtx2	-12.460863	-9.006985
2600014E21Rik	-16.495104	-13.041225
Hnrnpa3	-10.368235	-6.9143567
Nfe2l2	-10.85675	-7.4028716
E030042O20Rik	-16.495104	-13.041225
Agps	-12.911585	-9.457706
Ttc30b	-13.691744	-10.237865
Ttc30a1	-15.801957	-12.348079
Rbm45	-14.143728	-10.68985
Osbpl6	-13.162899	-9.709021
Prkra	-12.3679695	-8.914091
Fkbp7	-10.388081	-6.9342027
Plekha3	-12.058352	-8.604474
Ttn	-17.188251	-13.734373
Ccdc141	-11.941227	-8.487349
Sestd1	-12.553522	-9.099644
Zfp385b	-14.192519	-10.738641
Cwc22	-13.013864	-9.559985
Ube2e3	-11.407508	-7.95363
Itga4	-13.754264	-10.300385
Cerkl	-14.480201	-11.026322
Itprid2	-12.088385	-8.634506
Pde1a	-12.211517	-8.757639
Dnajc10	-10.720552	-7.2666745
Frzb	-12.164371	-8.710492
Nckap1	-10.936347	-7.482469
Dusp19	-12.925571	-9.471693
Nup35	-12.7456	-9.291721
Zc3h15	-10.763382	-7.309504
Itgav	-11.232413	-7.7785354
Gm13684	-16.495104	-13.041225
Fam171b	-12.603284	-9.1494055
Calcrl	-12.61354	-9.159661
Tfpi	-12.688441	-9.234563
Gm13710	-16.495104	-13.041225
Ctnnd1	-11.539277	-8.085399
Selenoh	-11.894946	-8.441068
Tmx2	-12.593131	-9.139253
Med19	-12.359938	-8.906059
Zdhhc5	-12.177616	-8.723738
Clp1	-13.722515	-10.268637
Ypel4	-14.991027	-11.537148
Gm19426	-14.6233015	-11.169423
Serping1	-8.622077	-5.168199
Ube2l6	-13.450582	-9.996703
Timm10	-12.313054	-8.859176
Slc43a1	-13.969376	-10.515497
Slc43a3	-10.621578	-7.1677003
Prg2	-17.188251	-13.734373
P2rx3	-16.495104	-13.041225
Ssrp1	-11.429349	-7.975471
Tnks1bp1	-11.711787	-8.257909
Gm13713	-17.188251	-13.734373
Lrrc55	-15.396492	-11.942614
Gm13715	-17.188251	-13.734373
Olfr1033	-11.184364	-7.7304864
Olfr1034	-12.563278	-9.1094
Olfr1124	-16.089638	-12.63576
Olfr1167	-17.188251	-13.734373
Olfr1209	-17.188251	-13.734373
Ptprj	-12.781531	-9.327653
Nup160	-13.52469	-10.070811
Fnbp4	-12.434661	-8.9807825
Agbl2	-16.495104	-13.041225
Mtch2	-11.209365	-7.755487
C1qtnf4	-13.691744	-10.237865
Ndufs3	-10.869283	-7.415405
Kbtbd4	-13.474679	-10.020801
Ptpmt1	-11.850713	-8.396834
Celf1	-11.365205	-7.911327
Rapsn	-14.143728	-10.68985
Gm13778	-16.495104	-13.041225
Psmc3	-10.520022	-7.0661445
Slc39a13	-11.812973	-8.359095
Mybpc3	-16.495104	-13.041225
Madd	-15.108809	-11.654931
Nr1h3	-13.338103	-9.884225
Acp2	-12.246609	-8.79273
Ddb2	-13.856047	-10.402168
Pacsin3	-12.553522	-9.099644
Arfgap2	-12.197819	-8.74394
1110051M20Rik	-12.983559	-9.52968
Lrp4	-13.930155	-10.476276
Ckap5	-11.905047	-8.451169
Zfp408	-14.703344	-11.249466
Arhgap1	-12.006468	-8.552589
Atg13	-12.884186	-9.430307
Harbi1	-14.355038	-10.901159
Ambra1	-13.077377	-9.623499
Mdk	-11.002043	-7.548165
Dgkz	-12.757434	-9.3035555
Creb3l1	-11.4356785	-7.9818006
2900072N19Rik	-17.188251	-13.734373
Phf21a	-12.094501	-8.640622
Large2	-17.188251	-13.734373
Pex16	-12.677392	-9.223514
1700029I15Rik	-15.242341	-11.788463
Mapk8ip1	-13.045116	-9.591238
Cry2	-12.469752	-9.015874
Slc35c1	-13.754264	-10.300385
Gm13814	-17.188251	-13.734373
Chst1	-14.885666	-11.4317875
Syt13	-17.188251	-13.734373
Prdm11	-14.010198	-10.556319
4631405J19Rik	-13.577333	-10.123455
Trp53i11	-13.930155	-10.476276
Tspan18	-14.6233015	-11.169423
Cd82	-12.870763	-9.416884
Ext2	-11.491158	-8.037279
Accs	-13.892414	-10.438536
Gm13889	-10.177037	-6.7231593
Alkbh3	-12.911585	-9.457706
Hsd17b12	-12.017767	-8.563889
Mir670hg	-17.188251	-13.734373
Ttc17	-12.757434	-9.3035555
2810002D19Rik	-13.691744	-10.237865
Api5	-11.767716	-8.313838
Gm10800	-16.089638	-12.63576
B230118H07Rik	-11.627569	-8.173691
Traf6	-13.1452	-9.691321
Prr5l	-13.661891	-10.208013
Commd9	-12.857518	-9.40364
Ldlrad3	-12.593131	-9.139253
Trim44	-11.578779	-8.124901
Fjx1	-12.40076	-8.946881
Pamr1	-11.703454	-8.249576
Slc1a2	-15.578814	-12.124935
Cd44	-12.218438	-8.76456
Pdhx	-13.296431	-9.842552
Apip	-11.728665	-8.274787
Elf5	-17.188251	-13.734373
Cat	-11.750172	-8.296293
Abtb2	-12.677392	-9.223514
Nat10	-13.199267	-9.745389
Caprin1	-11.35052	-7.896642
Lmo2	-12.710915	-9.257036
Fbxo3	-11.619906	-8.166028
Cd59b	-13.661891	-10.208013
Cd59a	-11.31332	-7.859442
D430041D05Rik	-17.188251	-13.734373
Hipk3	-11.266672	-7.812794
Cstf3	-12.593131	-9.139253
Tcp11l1	-13.6047325	-10.150854
Pin1rt1	-17.188251	-13.734373
Depdc7	-15.396492	-11.942614
Qser1	-12.125656	-8.671778
Ccdc73	-13.427051	-9.973172
Eif3m	-10.878333	-7.424455
Wt1	-14.6233015	-11.169423
Rcn1	-11.2119	-7.758022
Elp4	-13.1452	-9.691321
Immp1l	-11.338926	-7.8850484
Dnajc24	-12.793802	-9.339924
BB218582	-14.549193	-11.095315
Mpped2	-12.688441	-9.234563
Arl14ep	-13.029368	-9.57549
Mettl15	-14.415663	-10.961784
Kif18a	-15.242341	-11.788463
Bdnf	-12.204644	-8.750766
Lin7c	-11.855533	-8.401654
Lgr4	-12.870763	-9.416884
Ccdc34	-11.650917	-8.197039
Bbox1	-16.089638	-12.63576
Fibin	-10.202609	-6.748731
Lpcat4	-14.355038	-10.901159
Nop10	-10.078372	-6.624494
Slc12a6	-12.515422	-9.061543
Emc4	-11.380109	-7.926231
Katnbl1	-12.50612	-9.052241
Emc7	-10.393664	-6.9397864
Aven	-13.013864	-9.559985
Ryr3	-17.188251	-13.734373
Fmn1	-13.787054	-10.333176
Gm13963	-17.188251	-13.734373
Gm13966	-17.188251	-13.734373
Grem1	-16.495104	-13.041225
Scg5	-15.578814	-12.124935
Arhgap11a	-16.495104	-13.041225
Actc1	-14.052757	-10.598879
Aqr	-12.064287	-8.610409
Zfp770	-13.276228	-9.82235
Dph6	-12.710915	-9.257036
BC052040	-15.396492	-11.942614
Meis2	-10.936347	-7.482469
2700033N17Rik	-14.355038	-10.901159
G630016G05Rik	-16.495104	-13.041225
Gm29340	-17.188251	-13.734373
Spred1	-11.9678955	-8.514017
Fam98b	-12.094501	-8.640622
Gm13986	-17.188251	-13.734373
Thbs1	-12.191039	-8.737161
Gpr176	-15.801957	-12.348079
Eif2ak4	-13.404061	-9.950183
Srp14	-10.131214	-6.677336
Bmf	-13.754264	-10.300385
Bub1b	-16.089638	-12.63576
Pak6	-15.242341	-11.788463
Inafm2	-12.088385	-8.634506
Ccdc9b	-12.313054	-8.859176
Knstrn	-17.188251	-13.734373
Ivd	-12.275597	-8.821718
Bahd1	-13.52469	-10.070811
Chst14	-13.077377	-9.623499
Ccdc32	-12.211517	-8.757639
Rpusd2	-15.801957	-12.348079
Knl1	-17.188251	-13.734373
Rad51	-15.396492	-11.942614
Rmdn3	-13.35961	-9.905731
Dnajc17	-12.757434	-9.3035555
Zfyve19	-13.162899	-9.709021
Vps18	-13.427051	-9.973172
Gm14207	-17.188251	-13.734373
Dll4	-16.089638	-12.63576
Chac1	-16.495104	-13.041225
Ino80	-12.563278	-9.1094
Exd1	-16.089638	-12.63576
Chp1	-11.277454	-7.8235765
Oip5os1	-11.096941	-7.643063
Oip5	-17.188251	-13.734373
Nusap1	-15.801957	-12.348079
Ndufaf1	-13.013864	-9.559985
Rtf1	-10.680973	-7.227095
Itpka	-17.188251	-13.734373
Rpap1	-13.722515	-10.268637
Tyro3	-14.355038	-10.901159
Mga	-11.365205	-7.911327
Mapkbp1	-13.787054	-10.333176
Jmjd7	-14.192519	-10.738641
Pla2g4b	-14.790356	-11.336477
Sptbn5	-16.495104	-13.041225
Ehd4	-11.471224	-8.017345
Pla2g4e	-15.108809	-11.654931
Pla2g4d	-17.188251	-13.734373
Vps39	-13.256426	-9.802547
Tmem87a	-13.404061	-9.950183
Ganc	-13.093906	-9.640028
Capn3	-14.991027	-11.537148
Zfp106	-10.889302	-7.4354243
Snap23	-11.678863	-8.224984
Lrrc57	-13.52469	-10.070811
Haus2	-13.110714	-9.656836
Stard9	-13.35961	-9.905731
Cdan1	-13.930155	-10.476276
Ttbk2	-12.844445	-9.390567
AV039307	-16.495104	-13.041225
Ubr1	-12.03496	-8.581081
Tmem62	-13.930155	-10.476276
Ccndbp1	-12.297902	-8.844024
Tgm5	-16.089638	-12.63576
Lcmt2	-13.930155	-10.476276
Adal	-13.969376	-10.515497
Zscan29	-13.820955	-10.367077
Tubgcp4	-12.925571	-9.471693
Trp53bp1	-12.710915	-9.257036
Map1a	-11.063568	-7.60969
Ppip5k1	-12.925571	-9.471693
Ckmt1	-15.801957	-12.348079
Catsper2	-16.495104	-13.041225
Pdia3	-9.581367	-6.1274886
Serf2	-7.8864255	-4.432548
Hypk	-12.03496	-8.581081
Mfap1b	-12.1512985	-8.69742
Mfap1a	-12.144826	-8.690948
Wdr76	-14.143728	-10.68985
Frmd5	-16.089638	-12.63576
Gm14019	-17.188251	-13.734373
Casc4	-11.24808	-7.7942023
Ctdspl2	-12.239491	-8.785613
Eif3j1	-10.534099	-7.0802207
Spg11	-13.029368	-9.57549
B2m	-9.478045	-6.024168
Trim69	-17.188251	-13.734373
Sord	-12.125656	-8.671778
Duox2	-15.396492	-11.942614
Duoxa2	-17.188251	-13.734373
Duoxa1	-15.801957	-12.348079
Shf	-14.052757	-10.598879
Slc28a2	-17.188251	-13.734373
Gatm	-16.089638	-12.63576
AA467197	-15.801957	-12.348079
Slc30a4	-12.968743	-9.514865
4930417H01Rik	-16.089638	-12.63576
Bloc1s6os	-16.089638	-12.63576
Bloc1s6	-12.870763	-9.416884
Sqor	-11.951809	-8.497931
Sema6d	-13.550665	-10.0967865
Slc24a5	-14.052757	-10.598879
Myef2	-12.351969	-8.89809
Dut	-11.962504	-8.508626
Fbn1	-10.014293	-6.560415
Gm9913	-15.242341	-11.788463
Cep152	-14.885666	-11.4317875
Shc4	-15.108809	-11.654931
Eid1	-10.215645	-6.761767
Secisbp2l	-11.532259	-8.078381
Cops2	-11.707612	-8.253734
Galk2	-13.061116	-9.607238
Fgf7	-13.127808	-9.673929
Dtwd1	-13.450582	-9.996703
Gabpb1	-13.632903	-10.179025
Gm27003	-15.242341	-11.788463
Usp8	-11.905047	-8.451169
Usp50	-13.427051	-9.973172
Trpm7	-11.383116	-7.929238
Sppl2a	-11.438858	-7.98498
Ap4e1	-13.969376	-10.515497
Blvra	-12.290411	-8.836533
Ncaph	-17.188251	-13.734373
Itpripl1	-14.480201	-11.026322
1810024B03Rik	-13.276228	-9.82235
Snrnp200	-11.597264	-8.143386
Ciao1	-12.409127	-8.955249
Tmem127	-12.3054495	-8.851571
Stard7	-12.583081	-9.129203
Dusp2	-14.885666	-11.4317875
Fahd2a	-12.884186	-9.430307
Kcnip3	-14.480201	-11.026322
Zfp661	-16.495104	-13.041225
Mrps5	-11.831665	-8.377787
Mal	-15.578814	-12.124935
Mall	-14.297879	-10.844001
Nphp1	-12.781531	-9.327653
Mtln	-11.070154	-7.6162763
Bcl2l11	-13.930155	-10.476276
Morrbid	-14.703344	-11.249466
Gm39929	-17.188251	-13.734373
Anapc1	-12.006468	-8.552589
Mertk	-11.8701315	-8.416253
Tmem87b	-11.728665	-8.274787
Fbln7	-11.039783	-7.5859046
Zc3h8	-13.969376	-10.515497
Gm10762	-13.691744	-10.237865
Zc3h6	-12.857518	-9.40364
Gm14027	-16.495104	-13.041225
Ttl	-12.452053	-8.998175
Polr1b	-14.355038	-10.901159
Chchd5	-12.710915	-9.257036
Slc20a1	-13.093906	-9.640028
Gm14023	-17.188251	-13.734373
Sirpa	-12.793802	-9.339924
Stk35	-13.1452	-9.691321
Snrpb	-10.072669	-6.618791
Nop56	-11.989754	-8.535875
Idh3b	-11.429349	-7.975471
Ebf4	-14.097209	-10.643331
Cpxm1	-10.379211	-6.9253335
Pced1a	-13.787054	-10.333176
Vps16	-12.50612	-9.052241
Ptpra	-11.094682	-7.640804
Mrps26	-11.691083	-8.237205
Oxt	-15.578814	-12.124935
Avp	-16.495104	-13.041225
Ubox5	-14.885666	-11.4317875
Fastkd5	-14.480201	-11.026322
Lzts3	-13.856047	-10.402168
Ddrgk1	-10.774792	-7.320914
Itpa	-12.7456	-9.291721
Slc4a11	-17.188251	-13.734373
4930402H24Rik	-12.218438	-8.76456
A730017L22Rik	-14.885666	-11.4317875
Atrn	-12.563278	-9.1094
Gfra4	-12.818803	-9.364924
Adam33	-11.850713	-8.396834
Hspa12b	-13.722515	-10.268637
1700037H04Rik	-13.296431	-9.842552
Spef1	-13.217959	-9.764081
Cenpb	-10.48875	-7.0348725
Cdc25b	-13.381589	-9.927711
Ap5s1	-13.474679	-10.020801
Mavs	-12.897792	-9.443913
Pank2	-12.225407	-8.771528
Rnf24	-12.094501	-8.640622
Smox	-13.077377	-9.623499
Adra1d	-16.089638	-12.63576
Gm14285	-16.089638	-12.63576
Prnp	-10.971645	-7.5177674
Rassf2	-14.885666	-11.4317875
Slc23a2	-13.045116	-9.591238
Tmem230	-12.688441	-9.234563
Pcna	-11.790089	-8.33621
AV099323	-16.089638	-12.63576
Cds2	-11.678863	-8.224984
Prokr2	-17.188251	-13.734373
1700026D11Rik	-16.495104	-13.041225
Gpcpd1	-12.469752	-9.015874
Shld1	-13.237007	-9.783129
Chgb	-16.495104	-13.041225
Trmt6	-13.127808	-9.673929
Mcm8	-15.578814	-12.124935
Crls1	-12.831542	-9.377664
Lrrn4	-13.632903	-10.179025
Bmp2	-12.7223425	-9.268464
Tmx4	-11.280169	-7.8262906
Plcb1	-11.915252	-8.461373
9630028H03Rik	-17.188251	-13.734373
Plcb4	-10.023531	-6.569653
Lamp5	-17.188251	-13.734373
Pak7	-17.188251	-13.734373
Mkks	-13.577333	-10.123455
Slx4ip	-14.549193	-11.095315
Jag1	-11.865241	-8.411363
Btbd3	-12.699615	-9.245736
Ism1	-13.787054	-10.333176
Tasp1	-13.969376	-10.515497
Esf1	-11.263995	-7.8101172
Ndufaf5	-13.930155	-10.476276
Macrod2	-14.143728	-10.68985
Flrt3	-14.703344	-11.249466
Kif16b	-13.256426	-9.802547
Snrpb2	-11.407508	-7.95363
Pcsk2	-17.188251	-13.734373
Bfsp1	-14.790356	-11.336477
Dstn	-7.4020276	-3.9481502
Rrbp1	-9.169625	-5.715748
Gm5535	-17.188251	-13.734373
Snx5	-11.989754	-8.535875
Mgme1	-13.217959	-9.764081
Kat14	-13.013864	-9.559985
Dzank1	-14.6233015	-11.169423
Polr3f	-13.077377	-9.623499
Rbbp9	-12.088385	-8.634506
Sec23b	-12.524812	-9.070933
Smim26	-11.4356785	-7.9818006
Dtd1	-12.070257	-8.616379
Slc24a3	-12.138395	-8.684517
Rin2	-11.504671	-8.050793
Naa20	-11.781079	-8.327201
Crnkl1	-11.984244	-8.530366
Ralgapa2	-12.897792	-9.443913
Kiz	-12.478721	-9.024842
Xrn2	-11.383116	-7.929238
AI646519	-13.856047	-10.402168
Pax1	-13.404061	-9.950183
Foxa2	-17.188251	-13.734373
Sstr4	-17.188251	-13.734373
Thbd	-11.229826	-7.775948
Cd93	-13.52469	-10.070811
Nxt1	-12.655652	-9.201774
Gzf1	-12.76941	-9.315532
Napb	-13.930155	-10.476276
Cst3	-6.407941	-2.9540634
Syndig1	-16.495104	-13.041225
Zfp120	-13.474679	-10.020801
Zfp937	-14.355038	-10.901159
3300002I08Rik	-15.108809	-11.654931
Gm10130	-14.480201	-11.026322
Zfp442	-14.192519	-10.738641
Zfp345	-17.188251	-13.734373
Apmap	-12.831542	-9.377664
Acss1	-15.242341	-11.788463
Entpd6	-14.355038	-10.901159
Pygb	-11.899984	-8.446106
Abhd12	-12.064287	-8.610409
Gins1	-15.242341	-11.788463
Ninl	-13.577333	-10.123455
Nanp	-13.632903	-10.179025
Nsfl1c	-11.564234	-8.110355
Gm14167	-16.089638	-12.63576
Fkbp1a	-9.762893	-6.309015
Sdcbp2	-16.495104	-13.041225
Psmf1	-12.757434	-9.3035555
Angpt4	-13.35961	-9.905731
Gm14154	-16.495104	-13.041225
Fam110a	-13.892414	-10.438536
Slc52a3	-16.495104	-13.041225
Srxn1	-12.870763	-9.416884
Tcf15	-14.355038	-10.901159
Csnk2a1	-10.366054	-6.9121757
Tbc1d20	-11.884946	-8.431067
Rbck1	-11.831665	-8.377787
Trib3	-15.242341	-11.788463
Sox12	-14.052757	-10.598879
Zcchc3	-13.6047325	-10.150854
Defb25	-15.108809	-11.654931
Rem1	-13.256426	-9.802547
H13	-11.191799	-7.737921
Mcts2	-13.296431	-9.842552
Id1	-10.443015	-6.989137
Cox4i2	-12.3679695	-8.914091
Bcl2l1	-12.076263	-8.622385
Tpx2	-14.6233015	-11.169423
Mylk2	-13.1452	-9.691321
Foxs1	-12.553522	-9.099644
Pdrg1	-12.000865	-8.546987
Ccm2l	-15.578814	-12.124935
Hck	-17.188251	-13.734373
Tm9sf4	-11.860375	-8.406497
Tspyl3	-14.143728	-10.68985
Plagl2	-13.35961	-9.905731
Pofut1	-12.239491	-8.785613
Kif3b	-13.093906	-9.640028
2500004C02Rik	-15.108809	-11.654931
Asxl1	-13.127808	-9.673929
Nol4l	-14.480201	-11.026322
Commd7	-11.841144	-8.387265
Dnmt3b	-14.549193	-11.095315
Mapre1	-10.570848	-7.1169705
Cdk5rap1	-14.355038	-10.901159
Snta1	-11.413699	-7.959821
Cbfa2t2	-12.968743	-9.514865
Necab3	-15.578814	-12.124935
1700003F12Rik	-16.495104	-13.041225
E2f1	-13.856047	-10.402168
Pxmp4	-12.177616	-8.723738
Zfp341	-14.991027	-11.537148
Chmp4b	-10.600701	-7.1468234
Raly	-10.740945	-7.287067
Eif2s2	-9.959137	-6.505259
Ahcy	-14.480201	-11.026322
Itch	-11.639175	-8.185297
Dynlrb1	-9.85327	-6.3993917
Map1lc3a	-9.568526	-6.114649
Pigu	-13.1452	-9.691321
Trp53inp2	-11.410599	-7.956721
Ncoa6	-12.688441	-9.234563
Ggt7	-14.415663	-10.961784
Acss2	-13.550665	-10.0967865
Gss	-13.52469	-10.070811
Trpc4ap	-11.720191	-8.266313
Edem2	-12.733904	-9.2800255
Procr	-12.925571	-9.471693
BC029722	-12.359938	-8.906059
Eif6	-11.3303175	-7.8764396
Uqcc1	-13.180918	-9.727039
Gdf5	-16.089638	-12.63576
Cep250	-13.093906	-9.640028
Ergic3	-10.189741	-6.735863
Spag4	-15.801957	-12.348079
Cpne1	-12.417566	-8.963688
Nfs1	-12.897792	-9.443913
Romo1	-9.670187	-6.216309
Rbm39	-9.600941	-6.147063
Phf20	-11.758905	-8.305027
Scand1	-10.560209	-7.1063313
Cnbd2	-14.790356	-11.336477
2900097C17Rik	-10.625807	-7.171929
Epb41l1	-12.655652	-9.201774
Aar2	-13.045116	-9.591238
Gm14168	-16.089638	-12.63576
Gm14169	-17.188251	-13.734373
Dlgap4	-10.900393	-7.4465146
4930405A21Rik	-16.495104	-13.041225
Myl9	-7.378799	-3.9249215
Tgif2	-15.578814	-12.124935
5430405H02Rik	-13.061116	-9.607238
Rab5if	-10.955803	-7.501925
Ndrg3	-12.177616	-8.723738
Dsn1	-16.495104	-13.041225
Soga1	-13.381589	-9.927711
Samhd1	-12.119347	-8.665468
Rbl1	-15.108809	-11.654931
Rpn2	-10.190655	-6.736777
Manbal	-11.258662	-7.8047843
Src	-12.884186	-9.430307
Gm14286	-16.495104	-13.041225
Blcap	-13.013864	-9.559985
Nnat	-17.188251	-13.734373
Ctnnbl1	-12.61354	-9.159661
Tti1	-13.632903	-10.179025
Rprd1b	-12.313054	-8.859176
Tgm2	-10.634317	-7.1804395
D630003M21Rik	-13.045116	-9.591238
Lbp	-11.728665	-8.274787
Snhg17	-14.097209	-10.643331
Ralgapb	-12.710915	-9.257036
Actr5	-13.754264	-10.300385
Ppp1r16b	-15.578814	-12.124935
Fam83d	-16.495104	-13.041225
Dhx35	-14.297879	-10.844001
Gm826	-17.188251	-13.734373
Mafb	-11.9678955	-8.514017
Gm14221	-16.495104	-13.041225
Top1	-10.305814	-6.851936
Plcg1	-12.9541445	-9.500266
Zhx3	-11.905047	-8.451169
Gm16751	-16.089638	-12.63576
Lpin3	-14.143728	-10.68985
Chd6	-10.981675	-7.527797
Gm45447	-14.991027	-11.537148
Srsf6	-11.31332	-7.859442
L3mbtl1	-17.188251	-13.734373
Ift52	-13.077377	-9.623499
Mybl2	-17.188251	-13.734373
Tox2	-15.242341	-11.788463
Jph2	-11.186836	-7.7329583
Oser1	-12.443319	-8.989441
2900093K20Rik	-14.415663	-10.961784
Fitm2	-13.061116	-9.607238
Ttpal	-13.296431	-9.842552
Serinc3	-9.955518	-6.50164
0610039K10Rik	-17.188251	-13.734373
Pkig	-10.911608	-7.45773
Gm16316	-17.188251	-13.734373
Ada	-14.143728	-10.68985
Ccn5	-10.082465	-6.6285872
Ywhab	-10.043844	-6.5899663
Pabpc1l	-14.549193	-11.095315
Tomm34	-12.204644	-8.750766
Stk4	-12.677392	-9.223514
Slpi	-11.528769	-8.07489
Matn4	-14.885666	-11.4317875
Sdc4	-10.1743355	-6.7204576
Sys1	-11.296607	-7.842729
Gm14302	-17.188251	-13.734373
Dbndd2	-10.787993	-7.3341155
Pigt	-12.157813	-8.703935
Wfdc2	-17.188251	-13.734373
Wfdc6a	-17.188251	-13.734373
Wfdc3	-17.188251	-13.734373
Dnttip1	-12.191039	-8.737161
Gm11457	-17.188251	-13.734373
Ube2c	-16.089638	-12.63576
Tnnc2	-14.192519	-10.738641
Snx21	-12.125656	-8.671778
Acot8	-13.029368	-9.57549
Zswim3	-14.703344	-11.249466
Zswim1	-13.6047325	-10.150854
Neurl2	-12.925571	-9.471693
Ctsa	-10.867483	-7.413605
Pltp	-10.872893	-7.4190154
Pcif1	-11.635291	-8.181413
Zfp335	-13.427051	-9.973172
Mmp9	-16.495104	-13.041225
Ncoa5	-12.818803	-9.364924
Cd40	-16.089638	-12.63576
Slc35c2	-12.677392	-9.223514
Elmo2	-12.806225	-9.352346
Zfp334	-13.722515	-10.268637
Trp53rka	-12.870763	-9.416884
Slc2a10	-13.1452	-9.691321
Eya2	-13.820955	-10.367077
Zmynd8	-11.957143	-8.503264
BC046401	-17.188251	-13.734373
Ncoa3	-11.593539	-8.139661
Sulf2	-11.012383	-7.5585055
5031425F14Rik	-17.188251	-13.734373
Prex1	-14.549193	-11.095315
Trp53rkb	-14.143728	-10.68985
Arfgef2	-12.998596	-9.544718
Cse1l	-12.623903	-9.170025
Stau1	-11.899984	-8.446106
Ddx27	-12.184305	-8.730427
Znfx1	-12.426077	-8.9721985
Zfas1	-12.000865	-8.546987
Kcnb1	-13.1452	-9.691321
1110018N20Rik	-14.6233015	-11.169423
Ptgis	-8.885489	-5.4316115
B4galt5	-13.013864	-9.559985
Slc9a8	-13.296431	-9.842552
Spata2	-13.6047325	-10.150854
Rnf114	-12.666463	-9.2125845
Snai1	-13.217959	-9.764081
Ube2v1	-10.961715	-7.507837
Tmem189	-12.623903	-9.170025
Cebpb	-10.59247	-7.1385922
A530013C23Rik	-14.549193	-11.095315
9230111E07Rik	-16.495104	-13.041225
1200007C13Rik	-13.820955	-10.367077
Ptpn1	-11.899984	-8.446106
Ripor3	-16.495104	-13.041225
Pard6b	-15.801957	-12.348079
Adnp	-11.737212	-8.283334
Dpm1	-11.012383	-7.5585055
Mocs3	-13.820955	-10.367077
Nfatc2	-15.108809	-11.654931
Atp9a	-11.899984	-8.446106
Zfp64	-13.199267	-9.745389
Tshz2	-11.081228	-7.6273503
Zfp217	-13.754264	-10.300385
Bcas1	-16.089638	-12.63576
Pfdn4	-12.1512985	-8.69742
Dok5	-16.495104	-13.041225
Fam210b	-13.381589	-9.927711
Aurka	-17.188251	-13.734373
Cstf1	-13.787054	-10.333176
Gm14455	-17.188251	-13.734373
Rtf2	-11.662798	-8.20892
Fam209	-17.188251	-13.734373
Bmp7	-15.801957	-12.348079
Rae1	-12.3054495	-8.851571
Rbm38	-14.010198	-10.556319
Ctcflos	-16.495104	-13.041225
Zbp1	-14.052757	-10.598879
Pmepa1	-8.873908	-5.4200306
Pmepa1os	-16.495104	-13.041225
Rab22a	-11.711787	-8.257909
Vapb	-11.031272	-7.577394
Stx16	-12.487771	-9.033893
Npepl1	-11.946504	-8.492625
Gnas	-8.435195	-4.9813175
Gm20721	-14.549193	-11.095315
Nelfcd	-12.998596	-9.544718
Ctsz	-10.062968	-6.6090903
Atp5e	-8.533385	-5.0795074
Prelid3b	-12.260998	-8.807119
Edn3	-15.396492	-11.942614
Gm14399	-15.108809	-11.654931
Gm14443	-14.991027	-11.537148
Gm14391	-16.495104	-13.041225
Gm4631	-14.6233015	-11.169423
Zfp968	-15.242341	-11.788463
Gm4724	-16.495104	-13.041225
Gm6710	-14.192519	-10.738641
Zfp966	-15.108809	-11.654931
Gm11008	-16.089638	-12.63576
Gm14434	-17.188251	-13.734373
Zfp967	-15.801957	-12.348079
Zfp973	-14.549193	-11.095315
Gm14305	-14.010198	-10.556319
Gm14295	-14.097209	-10.643331
Gm14296	-13.691744	-10.237865
Gm14419	-15.801957	-12.348079
Gm14410	-16.089638	-12.63576
Gm14409	-17.188251	-13.734373
Gm14412	-17.188251	-13.734373
Gm14418	-14.243813	-10.789934
Zfp970	-15.801957	-12.348079
Gm14403	-13.930155	-10.476276
Gm14322	-14.480201	-11.026322
Gm14325	-14.355038	-10.901159
Gm14327	-16.089638	-12.63576
Gm14326	-14.790356	-11.336477
Zfp971	-14.6233015	-11.169423
Zfp931	-13.077377	-9.623499
Phactr3	-14.549193	-11.095315
Sycp2	-17.188251	-13.734373
Ppp1r3d	-14.143728	-10.68985
Fam217b	-12.897792	-9.443913
Cdh26	-17.188251	-13.734373
Cdh4	-14.480201	-11.026322
Taf4	-13.296431	-9.842552
4921531C22Rik	-13.256426	-9.802547
Lsm14b	-12.897792	-9.443913
Psma7	-9.860471	-6.406593
Ss18l1	-15.242341	-11.788463
Mtg2	-12.733904	-9.2800255
Osbpl2	-12.478721	-9.024842
Adrm1	-11.464666	-8.010788
Lama5	-11.920393	-8.466515
Rps21	-7.4400144	-3.986137
Cables2	-13.199267	-9.745389
B230312C02Rik	-15.578814	-12.124935
Mrgbp	-13.427051	-9.973172
Ogfr	-13.110714	-9.656836
Col9a3	-17.188251	-13.734373
Tcfl5	-17.188251	-13.734373
Dido1	-12.328439	-8.87456
Gid8	-12.164371	-8.710492
Slc17a9	-15.108809	-11.654931
Ythdf1	-12.100655	-8.646776
Nkain4	-12.275597	-8.821718
Arfgap1	-12.487771	-9.033893
9230112E08Rik	-15.242341	-11.788463
Col20a1	-14.991027	-11.537148
Eef1a2	-15.578814	-12.124935
Ppdpf	-11.133812	-7.679934
Helz2	-13.969376	-10.515497
Gmeb2	-13.6047325	-10.150854
Stmn3	-16.089638	-12.63576
Rtel1	-14.097209	-10.643331
Arfrp1	-11.930756	-8.476877
Zgpat	-13.180918	-9.727039
Zbtb46	-13.381589	-9.927711
Tpd52l2	-10.851425	-7.3975472
Dnajc5	-11.678863	-8.224984
Uckl1	-12.524812	-9.070933
Zfp512b	-13.029368	-9.57549
Prpf6	-11.879983	-8.426105
Samd10	-14.991027	-11.537148
Sox18	-14.192519	-10.738641
Tcea2	-14.143728	-10.68985
Rgs19	-13.550665	-10.0967865
Pcmtd2	-12.452053	-8.998175
Polr3k	-12.50612	-9.052241
Gm17308	-17.188251	-13.734373
Zfhx4	-12.793802	-9.339924
Pex2	-12.487771	-9.033893
Gm8797	-13.338103	-9.884225
Pkia	-11.951809	-8.497931
Zc2hc1a	-11.157566	-7.703688
Il7	-15.242341	-11.788463
Stmn2	-14.480201	-11.026322
Hey1	-13.577333	-10.123455
Mrps28	-11.237609	-7.783731
Tpd52	-12.275597	-8.821718
Zbtb10	-12.939755	-9.485877
Zfp704	-11.32462	-7.8707423
Pag1	-14.010198	-10.556319
Fabp5	-12.064287	-8.610409
Gm9833	-16.495104	-13.041225
Fabp4	-9.799305	-6.345427
Impa1	-11.448458	-7.99458
Zfand1	-13.237007	-9.783129
Chmp4c	-11.894946	-8.441068
Snx16	-12.7223425	-9.268464
Ralyl	-16.089638	-12.63576
Lrrcc1	-11.984244	-8.530366
E2f5	-12.9541445	-9.500266
Rbis	-10.729913	-7.276035
Car13	-15.801957	-12.348079
Car3	-17.188251	-13.734373
Car2	-17.188251	-13.734373
Ythdf3	-12.029196	-8.575317
Cyp7b1	-15.108809	-11.654931
Armc1	-11.658822	-8.204944
Mtfr1	-12.793802	-9.339924
Pde7a	-12.939755	-9.485877
1700064H15Rik	-17.188251	-13.734373
Cp	-10.497409	-7.043531
Hps3	-13.256426	-9.802547
Hltf	-12.359938	-8.906059
Gyg	-12.177616	-8.723738
Cpb1	-14.549193	-11.095315
Agtr1b	-14.192519	-10.738641
Gm43674	-17.188251	-13.734373
Gm43672	-13.550665	-10.0967865
Tbl1xr1	-11.946504	-8.492625
Naaladl2	-13.029368	-9.57549
Nlgn1	-16.495104	-13.041225
Ect2	-16.495104	-13.041225
Nceh1	-13.52469	-10.070811
Tnfsf10	-16.089638	-12.63576
Fndc3b	-10.477728	-7.02385
Pld1	-12.38423	-8.930351
Tnik	-12.603284	-9.1494055
1700112D23Rik	-17.188251	-13.734373
Eif5a2	-13.162899	-9.709021
Gm32950	-17.188251	-13.734373
Rpl22l1	-9.251233	-5.7973557
Egfem1	-17.188251	-13.734373
Mecom	-11.229826	-7.775948
Mecomos	-16.495104	-13.041225
Mynn	-12.983559	-9.52968
Lrrc34	-17.188251	-13.734373
4933429H19Rik	-15.801957	-12.348079
Sec62	-9.3706255	-5.9167476
Gpr160	-16.089638	-12.63576
Phc3	-11.879983	-8.426105
Prkci	-12.634375	-9.180496
Skil	-10.969651	-7.5157733
Cldn11	-16.089638	-12.63576
Slc7a14	-17.188251	-13.734373
Zmat3	-12.7456	-9.291721
Pik3ca	-11.458151	-8.004272
Zfp639	-11.481141	-8.027263
Mfn1	-12.831542	-9.377664
Gnb4	-10.736202	-7.2823243
Actl6a	-12.246609	-8.79273
Mrpl47	-13.127808	-9.673929
Ndufb5	-10.274514	-6.8206363
Usp13	-13.31705	-9.863172
Gm37459	-17.188251	-13.734373
Pex5l	-12.460863	-9.006985
Ttc14	-11.487807	-8.033929
Ccdc39	-14.415663	-10.961784
Gm43140	-17.188251	-13.734373
Fxr1	-10.919155	-7.465277
Dnajc19	-10.961715	-7.507837
Sox2ot	-17.188251	-13.734373
Atp11b	-12.164371	-8.710492
Dcun1d1	-12.170971	-8.7170925
Gm15952	-14.480201	-11.026322
Mccc1	-13.093906	-9.640028
Acad9	-13.077377	-9.623499
Zfp267	-13.093906	-9.640028
Anxa5	-9.408365	-5.954488
1810062G17Rik	-14.549193	-11.095315
Gm11549	-17.188251	-13.734373
Exosc9	-12.781531	-9.327653
Ccna2	-16.089638	-12.63576
Bbs7	-13.577333	-10.123455
Trpc3	-17.188251	-13.734373
4932438A13Rik	-11.601003	-8.147124
Il2	-16.089638	-12.63576
Cetn4	-12.884186	-9.430307
Bbs12	-15.108809	-11.654931
Fgf2os	-16.495104	-13.041225
Fgf2	-11.593539	-8.139661
Nudt6	-13.499372	-10.045493
Spata5	-13.661891	-10.208013
Spry1	-12.275597	-8.821718
Gm5148	-17.188251	-13.734373
Ankrd50	-12.897792	-9.443913
C230034O21Rik	-17.188251	-13.734373
Fat4	-12.351969	-8.89809
Intu	-14.6233015	-11.169423
Hspa4l	-12.138395	-8.684517
Plk4	-14.097209	-10.643331
Mfsd8	-13.820955	-10.367077
Abhd18	-13.35961	-9.905731
6430590A07Rik	-13.820955	-10.367077
1700034I23Rik	-17.188251	-13.734373
Larp1b	-11.699313	-8.245435
Pgrmc2	-11.650917	-8.197039
Gm16508	-17.188251	-13.734373
Jade1	-12.184305	-8.730427
Sclt1	-12.983559	-9.52968
D3Ertd751e	-13.450582	-9.996703
2610316D01Rik	-17.188251	-13.734373
Pcdh10	-16.495104	-13.041225
Pabpc4l	-14.415663	-10.961784
Pcdh18	-12.857518	-9.40364
Noct	-13.969376	-10.515497
Elf2	-11.454909	-8.001031
Ndufc1	-9.7033205	-6.249443
Naa15	-11.650917	-8.197039
Rab33b	-12.644957	-9.191078
Setd7	-11.037648	-7.5837703
5031434O11Rik	-14.885666	-11.4317875
Mgst2	-17.188251	-13.734373
Maml3	-13.6047325	-10.150854
Foxo1	-11.261325	-7.807447
Gm30292	-15.578814	-12.124935
Cog6	-12.818803	-9.364924
Lhfp	-9.797453	-6.343575
Nhlrc3	-13.661891	-10.208013
Proser1	-13.199267	-9.745389
Frem2	-16.495104	-13.041225
Ufm1	-11.155165	-7.701287
Trpc4	-17.188251	-13.734373
Postn	-9.184219	-5.7303414
Supt20	-12.040756	-8.586878
Exosc8	-12.452053	-8.998175
Alg5	-11.951809	-8.497931
Smad9	-13.35961	-9.905731
Rfxap	-12.515422	-9.061543
Sertm1	-17.188251	-13.734373
Spg20	-12.094501	-8.640622
Ccdc169	-16.495104	-13.041225
Dclk1	-12.409127	-8.955249
Nbea	-12.1512985	-8.69742
Mab21l1	-17.188251	-13.734373
Tm4sf1	-8.597436	-5.143558
Wwtr1	-10.92676	-7.472882
Commd2	-11.905047	-8.451169
Rnf13	-11.518371	-8.064492
Pfn2	-12.320717	-8.866838
4921539H07Rik	-17.188251	-13.734373
Tsc22d2	-11.707612	-8.253734
Serp1	-11.041922	-7.5880437
Eif2a	-11.808353	-8.354475
Selenot	-11.389158	-7.9352803
Siah2	-12.983559	-9.52968
Med12l	-15.108809	-11.654931
Gpr171	-17.188251	-13.734373
P2ry14	-15.242341	-11.788463
Igsf10	-12.282976	-8.829098
Gm38186	-16.089638	-12.63576
Mbnl1	-9.071834	-5.617956
P2ry1	-14.6233015	-11.169423
Gm37696	-15.578814	-12.124935
Rap2b	-12.452053	-8.998175
B430305J03Rik	-16.495104	-13.041225
9330121J05Rik	-17.188251	-13.734373
Arhgef26	-14.991027	-11.537148
Dhx36	-11.293848	-7.83997
Mme	-12.328439	-8.87456
E130311K13Rik	-13.127808	-9.673929
Slc33a1	-12.634375	-9.180496
Gmps	-11.845917	-8.392038
Vmn2r1	-17.188251	-13.734373
Kcnab1	-11.106032	-7.6521544
A730090N16Rik	-17.188251	-13.734373
Ssr3	-10.7505	-7.296622
Tiparp	-11.8701315	-8.416253
Lekr1	-14.355038	-10.901159
Ccnl1	-10.971645	-7.5177674
Gm37305	-15.108809	-11.654931
Ptx3	-13.661891	-10.208013
Shox2	-15.578814	-12.124935
Rsrc1	-11.831665	-8.377787
Mlf1	-13.52469	-10.070811
Gfm1	-12.757434	-9.3035555
Lxn	-11.670798	-8.21692
Rarres1	-13.820955	-10.367077
Mfsd1	-12.313054	-8.859176
Schip1	-11.817613	-8.363734
Il12a	-17.188251	-13.734373
1110032F04Rik	-17.188251	-13.734373
Ift80	-13.127808	-9.673929
Smc4	-12.177616	-8.723738
Trim59	-14.297879	-10.844001
Kpna4	-11.3161335	-7.8622556
Ppm1l	-13.661891	-10.208013
B3galnt1	-13.632903	-10.179025
Nmd3	-12.53429	-9.080412
Bche	-12.870763	-9.416884
Pdcd10	-10.839112	-7.3852344
Serpini1	-11.546344	-8.092465
Golim4	-10.229803	-6.775925
Rapgef2	-12.452053	-8.998175
6430573P05Rik	-14.885666	-11.4317875
Fnip2	-13.338103	-9.884225
Ppid	-11.803756	-8.349877
Etfdh	-12.757434	-9.3035555
4930579G24Rik	-14.480201	-11.026322
Tmem144	-16.495104	-13.041225
Gm36569	-16.495104	-13.041225
Gask1b	-10.333897	-6.8800187
Glrb	-16.089638	-12.63576
Pdgfc	-12.968743	-9.514865
Gm16000	-17.188251	-13.734373
Ctso	-12.275597	-8.821718
Tdo2	-16.089638	-12.63576
Gucy1b1	-10.664689	-7.210811
Gucy1a1	-10.433647	-6.979769
Map9	-13.930155	-10.476276
Plrg1	-12.76941	-9.315532
Gm10710	-17.188251	-13.734373
Dchs2	-14.703344	-11.249466
Sfrp2	-9.130874	-5.6769958
Gm26771	-12.38423	-8.930351
Tlr2	-14.052757	-10.598879
Tmem131l	-13.256426	-9.802547
Mnd1	-13.52469	-10.070811
Trim2	-12.61354	-9.159661
Fhdc1	-15.578814	-12.124935
Arfip1	-11.715981	-8.262102
Gm37240	-16.495104	-13.041225
Tigd4	-16.495104	-13.041225
Tmem154	-14.549193	-11.095315
Fbxw7	-12.688441	-9.234563
Gm15535	-15.396492	-11.942614
Gatb	-13.754264	-10.300385
Fam160a1	-13.632903	-10.179025
Glt28d2	-14.097209	-10.643331
Sh3d19	-11.445248	-7.9913697
Rps3a1	-7.8430295	-4.389152
Gm37933	-17.188251	-13.734373
Lrba	-13.077377	-9.623499
Mab21l2	-15.108809	-11.654931
Dclk2	-17.188251	-13.734373
Cd1d1	-15.242341	-11.788463
Kirrel	-12.376067	-8.922189
Gm37855	-17.188251	-13.734373
Etv3	-12.925571	-9.471693
Arhgef11	-12.644957	-9.191078
Lrrc71	-16.495104	-13.041225
Pear1	-12.218438	-8.76456
Ntrk1	-16.495104	-13.041225
Insrr	-17.188251	-13.734373
Prcc	-13.199267	-9.745389
Hdgf	-10.574867	-7.1209893
Mrpl24	-11.167228	-7.71335
Rrnad1	-12.9541445	-9.500266
Isg20l2	-13.691744	-10.237865
Crabp2	-17.188251	-13.734373
Nes	-11.458151	-8.004272
Gpatch4	-13.162899	-9.709021
Naxe	-11.169658	-7.71578
Iqgap3	-17.188251	-13.734373
Mef2d	-11.477824	-8.023946
1700113A16Rik	-14.6233015	-11.169423
AW047730	-17.188251	-13.734373
Tsacc	-14.415663	-10.961784
Cct3	-11.004102	-7.550224
Glmp	-11.15038	-7.696502
Tmem79	-16.089638	-12.63576
Smg5	-12.818803	-9.364924
Paqr6	-11.915252	-8.461373
Bglap	-17.188251	-13.734373
Pmf1	-12.9541445	-9.500266
Slc25a44	-13.093906	-9.640028
Sema4a	-15.801957	-12.348079
Lmna	-9.491584	-6.037706
Mex3a	-15.801957	-12.348079
Lamtor2	-10.187005	-6.733127
Ubqln4	-13.276228	-9.82235
Ssr2	-10.485063	-7.0311847
Arhgef2	-11.087933	-7.6340547
Gm43714	-16.495104	-13.041225
Khdc4	-12.757434	-9.3035555
Rit1	-11.623731	-8.169852
Syt11	-11.589829	-8.135951
1500004A13Rik	-13.237007	-9.783129
Gon4l	-11.894946	-8.441068
Msto1	-13.237007	-9.783129
Dap3	-11.822275	-8.368397
Ash1l	-10.589742	-7.135864
Rusc1	-12.884186	-9.430307
Fdps	-11.386133	-7.9322553
Hcn3	-17.188251	-13.734373
Clk2	-12.7456	-9.291721
Scamp3	-11.845917	-8.392038
Fam189b	-12.53429	-9.080412
Gba	-12.3054495	-8.851571
Mtx1	-12.064287	-8.610409
Thbs3	-11.454909	-8.001031
Muc1	-15.801957	-12.348079
Trim46	-14.097209	-10.643331
Krtcap2	-9.759324	-6.305446
Dpm3	-9.680012	-6.2261343
Slc50a1	-10.789656	-7.3357778
Efna1	-14.010198	-10.556319
Efna3	-16.495104	-13.041225
Gm15998	-14.480201	-11.026322
Efna4	-15.108809	-11.654931
Adam15	-11.518371	-8.064492
Dcst2	-17.188251	-13.734373
Zbtb7b	-12.998596	-9.544718
Gm15417	-11.612302	-8.158423
Flad1	-14.297879	-10.844001
Cks1b	-12.088385	-8.634506
Shc1	-11.941227	-8.487349
Pygo2	-12.9541445	-9.500266
Pbxip1	-9.563632	-6.109754
Pmvk	-11.973315	-8.519437
Kcnn3	-14.991027	-11.537148
Adar	-13.404061	-9.950183
Chrnb2	-17.188251	-13.734373
4632404H12Rik	-14.991027	-11.537148
Ube2q1	-11.865241	-8.411363
She	-14.790356	-11.336477
Il6ra	-13.787054	-10.333176
Atp8b2	-12.50612	-9.052241
Hax1	-11.836393	-8.382515
Gm19710	-17.188251	-13.734373
Ubap2l	-10.969651	-7.5157733
4933434E20Rik	-12.699615	-9.245736
Gm16540	-17.188251	-13.734373
1700094D03Rik	-14.143728	-10.68985
Tpm3	-11.117514	-7.6636357
Nup210l	-17.188251	-13.734373
Rps27	-7.8299212	-4.376044
Rab13	-12.225407	-8.771528
Jtb	-11.258662	-7.8047843
Creb3l4	-15.578814	-12.124935
Slc39a1	-11.136162	-7.682284
Crtc2	-12.998596	-9.544718
Dennd4b	-14.243813	-10.789934
4930537H20Rik	-15.242341	-11.788463
Gatad2b	-11.338926	-7.8850484
Slc27a3	-13.691744	-10.237865
Ints3	-12.478721	-9.024842
Npr1	-11.092426	-7.6385484
Ilf2	-11.781079	-8.327201
Snapin	-11.8701315	-8.416253
Chtop	-11.477824	-8.023946
S100a1	-10.625807	-7.171929
S100a13	-9.940458	-6.4865804
S100a16	-10.589742	-7.135864
S100a3	-15.801957	-12.348079
S100a4	-9.568036	-6.114158
S100a6	-7.566993	-4.113116
S100a7a	-15.801957	-12.348079
Lor	-17.188251	-13.734373
Gm9774	-15.578814	-12.124935
Tchh	-16.089638	-12.63576
S100a11	-9.060846	-5.6069684
S100a10	-9.403777	-5.9498997
Them4	-13.110714	-9.656836
C2cd4d	-17.188251	-13.734373
Tdrkh	-17.188251	-13.734373
Gm42463	-17.188251	-13.734373
Mrpl9	-12.204644	-8.750766
Riiad1	-14.415663	-10.961784
Celf3	-17.188251	-13.734373
Snx27	-12.392461	-8.938582
Gm43773	-17.188251	-13.734373
Gm43774	-15.242341	-11.788463
Gm43768	-16.089638	-12.63576
Tuft1	-16.089638	-12.63576
Cgn	-15.801957	-12.348079
Pogz	-12.806225	-9.352346
Psmb4	-10.333897	-6.8800187
Selenbp1	-11.601003	-8.147124
Rfx5	-13.661891	-10.208013
B230398E01Rik	-16.495104	-13.041225
Pi4kb	-13.296431	-9.842552
A730011C13Rik	-15.578814	-12.124935
Gm15265	-17.188251	-13.734373
Zfp687	-13.550665	-10.0967865
4930481B07Rik	-16.495104	-13.041225
Psmd4	-10.851425	-7.3975472
Pip5k1a	-12.232424	-8.778545
Vps72	-12.125656	-8.671778
Scnm1	-12.50612	-9.052241
Lysmd1	-13.892414	-10.438536
Sema6c	-13.930155	-10.476276
Gabpb2	-12.03496	-8.581081
Gm16740	-14.549193	-11.095315
Mllt11	-12.983559	-9.52968
Cdc42se1	-11.059201	-7.6053233
Gm128	-15.108809	-11.654931
Prune1	-13.35961	-9.905731
Mindy1	-12.392461	-8.938582
Anxa9	-14.991027	-11.537148
6330562C20Rik	-14.790356	-11.336477
Cers2	-11.293848	-7.83997
Setdb1	-12.884186	-9.430307
Arnt	-12.138395	-8.684517
Ctsk	-10.647222	-7.1933436
Golph3l	-12.426077	-8.9721985
Ensa	-11.619906	-8.166028
Mcl1	-10.48875	-7.0348725
Adamtsl4	-12.094501	-8.640622
Ecm1	-9.218547	-5.7646694
Tars2	-13.256426	-9.802547
Rprd2	-12.2682705	-8.814392
Prpf3	-13.1452	-9.691321
Mrps21	-10.131214	-6.677336
C920021L13Rik	-14.297879	-10.844001
Ciart	-14.097209	-10.643331
BC028528	-13.045116	-9.591238
Aph1a	-11.674822	-8.220943
Car14	-17.188251	-13.734373
Anp32e	-11.432508	-7.9786305
Plekho1	-11.15277	-7.698892
Vps45	-12.7456	-9.291721
Otud7b	-11.831665	-8.377787
Mtmr11	-12.968743	-9.514865
Gm17690	-15.578814	-12.124935
Sf3b4	-11.910136	-8.456258
Sv2a	-14.192519	-10.738641
Bola1	-11.608521	-8.154643
Gm15444	-17.188251	-13.734373
Hist2h2ab	-16.495104	-13.041225
Hist2h2ac	-13.969376	-10.515497
Hist2h2be	-13.892414	-10.438536
Hist2h3c2	-14.6233015	-11.169423
Gm20632	-14.885666	-11.4317875
Gm20633	-15.801957	-12.348079
Hist2h2aa1	-12.688441	-9.234563
Hist2h3c1	-14.790356	-11.336477
Gm20627	-17.188251	-13.734373
Hist2h4	-14.143728	-10.68985
Gm20628	-17.188251	-13.734373
Hist2h3b	-17.188251	-13.734373
Gm42743	-17.188251	-13.734373
Hist2h2bb	-16.089638	-12.63576
AC121792.1	-17.188251	-13.734373
Hjv	-15.396492	-11.942614
Gm15441	-15.801957	-12.348079
Txnip	-10.201685	-6.747807
Gm16253	-17.188251	-13.734373
Polr3gl	-11.978765	-8.524886
Ankrd34a	-17.188251	-13.734373
Lix1l	-11.296607	-7.842729
Rbm8a	-10.92676	-7.472882
Pex11b	-12.328439	-8.87456
Itga10	-13.450582	-9.996703
Ankrd35	-13.930155	-10.476276
Pias3	-12.53429	-9.080412
Nudt17	-14.6233015	-11.169423
Polr3c	-13.550665	-10.0967865
Rnf115	-12.460863	-9.006985
Pdzk1	-16.495104	-13.041225
Gpr89	-12.7456	-9.291721
Gja5	-14.790356	-11.336477
Acp6	-13.632903	-10.179025
Bcl9	-12.710915	-9.257036
Chd1l	-13.754264	-10.300385
Fmo5	-12.573131	-9.119252
Prkab2	-12.017767	-8.563889
Pde4dip	-11.024937	-7.5710588
Gm31305	-17.188251	-13.734373
Sec22b	-11.35344	-7.8995624
Notch2	-11.6829195	-8.229041
Adam30	-15.108809	-11.654931
Hmgcs2	-11.627569	-8.173691
Gm43189	-17.188251	-13.734373
Phgdh	-12.417566	-8.963688
Zfp697	-14.6233015	-11.169423
Wars2	-14.243813	-10.789934
Gm43024	-16.495104	-13.041225
Gm42717	-17.188251	-13.734373
Tbx15	-15.396492	-11.942614
Wdr3	-13.276228	-9.82235
Gdap2	-12.857518	-9.40364
Tent5c	-12.170971	-8.7170925
Man1a2	-10.932501	-7.478623
Gm43466	-15.242341	-11.788463
Gm42869	-15.108809	-11.654931
Gm43462	-14.052757	-10.598879
Gm43463	-17.188251	-13.734373
Vtcn1	-15.108809	-11.654931
Trim45	-14.192519	-10.738641
Ttf2	-14.355038	-10.901159
Ptgfrn	-11.491158	-8.037279
Gm43465	-16.495104	-13.041225
Cd2	-17.188251	-13.734373
Igsf3	-11.831665	-8.377787
Atp1a1	-10.957769	-7.5038915
Gm42937	-15.801957	-12.348079
Gm42941	-14.991027	-11.537148
Slc22a15	-13.381589	-9.927711
Casq2	-16.089638	-12.63576
Vangl1	-12.925571	-9.471693
A230001M10Rik	-17.188251	-13.734373
Ngf	-13.691744	-10.237865
Gm42679	-14.991027	-11.537148
Tspan2os	-16.089638	-12.63576
Tspan2	-10.781371	-7.327493
Sike1	-11.962504	-8.508626
Csde1	-9.978171	-6.5242934
Nras	-12.138395	-8.684517
Gm43063	-16.495104	-13.041225
Dennd2c	-15.801957	-12.348079
Bcas2	-11.266672	-7.812794
Trim33	-12.225407	-8.771528
Gm43061	-16.089638	-12.63576
Olfml3	-10.813227	-7.359349
Hipk1	-11.341812	-7.887934
Gm43149	-15.801957	-12.348079
Gm43387	-15.578814	-12.124935
Dclre1b	-14.192519	-10.738641
Ap4b1	-13.632903	-10.179025
Rsbn1	-11.989754	-8.535875
Phtf1os	-16.089638	-12.63576
Phtf1	-12.757434	-9.3035555
Magi3	-12.897792	-9.443913
Gm42700	-17.188251	-13.734373
Gm42699	-16.089638	-12.63576
Gm42702	-14.885666	-11.4317875
Gm42701	-15.801957	-12.348079
Gm43258	-16.495104	-13.041225
Gm43259	-15.578814	-12.124935
Gm43260	-15.242341	-11.788463
Gm43256	-16.089638	-12.63576
Lrig2	-13.296431	-9.842552
Gm43696	-14.052757	-10.598879
A530041M06Rik	-14.885666	-11.4317875
4930509H03Rik	-15.801957	-12.348079
Slc16a1	-13.404061	-9.950183
Gm43581	-16.495104	-13.041225
Tafa3	-16.495104	-13.041225
Ppm1j	-14.991027	-11.537148
Rhoc	-9.708951	-6.2550735
Mov10	-14.143728	-10.68985
Capza1	-11.643074	-8.189196
Gm42658	-15.801957	-12.348079
Gm42659	-15.242341	-11.788463
St7l	-12.655652	-9.201774
Wnt2b	-14.549193	-11.095315
Gm43846	-17.188251	-13.734373
Gm40117	-16.089638	-12.63576
Cttnbp2nl	-11.984244	-8.530366
Kcnd3os	-15.801957	-12.348079
Kcnd3	-13.550665	-10.0967865
Gm43847	-15.578814	-12.124935
Ddx20	-13.754264	-10.300385
Inka2	-12.7456	-9.291721
Gm43848	-14.549193	-11.095315
Rap1a	-10.90973	-7.455852
Gm43328	-16.089638	-12.63576
Gm43329	-15.396492	-11.942614
Gm43330	-16.495104	-13.041225
Gm43331	-15.578814	-12.124935
Atp5f1	-10.075924	-6.622046
Wdr77	-13.256426	-9.802547
Ovgp1	-15.578814	-12.124935
Cept1	-12.282976	-8.829098
Dram2	-12.573131	-9.119252
Lrif1	-12.469752	-9.015874
Cd53	-16.495104	-13.041225
Kcna2	-14.6233015	-11.169423
Lamtor5	-10.896682	-7.442804
Slc16a4	-15.242341	-11.788463
Rbm15	-13.045116	-9.591238
Kcnc4	-12.844445	-9.390567
Slc6a17	-15.108809	-11.654931
Strip1	-12.831542	-9.377664
Ahcyl1	-11.1648035	-7.7109256
Csf1	-11.383116	-7.929238
4933431E20Rik	-14.703344	-11.249466
Gstm5	-10.842615	-7.388737
Gstm7	-12.939755	-9.485877
Gstm6	-14.991027	-11.537148
Gstm2	-10.188828	-6.7349505
Gstm1	-9.227927	-5.7740493
Gstm4	-14.010198	-10.556319
Ampd2	-12.487771	-9.033893
Gm12500	-15.242341	-11.788463
Gnat2	-17.188251	-13.734373
Gnai3	-11.474518	-8.020639
Gm12524	-17.188251	-13.734373
Amigo1	-13.722515	-10.268637
Cyb561d1	-15.396492	-11.942614
Atxn7l2	-14.355038	-10.901159
Sypl2	-17.188251	-13.734373
Psma5	-10.863893	-7.4100146
Sort1	-12.218438	-8.76456
Gm12522	-17.188251	-13.734373
Psrc1	-15.578814	-12.124935
Celsr2	-14.097209	-10.643331
Sars	-11.117514	-7.6636357
1700013F07Rik	-17.188251	-13.734373
Tmem167b	-12.426077	-8.9721985
Taf13	-12.644957	-9.191078
Wdr47	-13.217959	-9.764081
Clcc1	-11.962504	-8.508626
Gpsm2	-11.899984	-8.446106
Aknad1	-13.754264	-10.300385
Stxbp3	-12.03496	-8.581081
Fndc7	-17.188251	-13.734373
Prpf38b	-11.261325	-7.807447
Fam102b	-11.557039	-8.103161
Gm19391	-14.885666	-11.4317875
Slc25a24	-12.443319	-8.989441
Vav3	-13.199267	-9.745389
Ntng1	-13.754264	-10.300385
Prmt6	-14.052757	-10.598879
C130013H08Rik	-15.242341	-11.788463
Amy1	-13.820955	-10.367077
Rnpc3	-12.40076	-8.946881
Col11a1	-14.243813	-10.789934
S1pr1	-13.256426	-9.802547
A930005H10Rik	-13.754264	-10.300385
Dph5	-13.162899	-9.709021
Slc30a7	-12.806225	-9.352346
Extl2	-12.793802	-9.339924
Vcam1	-11.627569	-8.173691
Gm43109	-17.188251	-13.734373
Gpr88	-15.801957	-12.348079
Cdc14a	-12.897792	-9.443913
Rtca	-12.61354	-9.159661
Dbt	-12.634375	-9.180496
Lrrc39	-13.969376	-10.515497
Trmt13	-12.939755	-9.485877
Sass6	-14.192519	-10.738641
Mfsd14a	-12.320717	-8.866838
Slc35a3	-13.237007	-9.783129
Agl	-12.246609	-8.79273
Frrs1	-13.856047	-10.402168
Palmd	-14.243813	-10.789934
Plppr4	-16.089638	-12.63576
Plppr5	-16.495104	-13.041225
Snx7	-12.282976	-8.829098
Dpyd	-14.192519	-10.738641
Ptbp2	-12.2682705	-8.814392
Gm42664	-17.188251	-13.734373
6530403H02Rik	-16.495104	-13.041225
Rwdd3	-14.703344	-11.249466
Tmem56	-15.242341	-11.788463
Alg14	-12.052453	-8.598575
Cnn3	-9.9483185	-6.4944406
Slc44a3	-15.578814	-12.124935
A530020G20Rik	-16.089638	-12.63576
A730020M07Rik	-14.549193	-11.095315
F3	-10.278498	-6.82462
Abcd3	-11.546344	-8.092465
Arhgap29	-11.841144	-8.387265
Abca4	-16.495104	-13.041225
Gclm	-11.686993	-8.233114
Gm17494	-15.242341	-11.788463
Dnttip2	-11.772151	-8.318273
Bcar3	-11.817613	-8.363734
Fnbp1l	-12.806225	-9.352346
Gm43568	-16.495104	-13.041225
Pde5a	-10.851425	-7.3975472
4933405D12Rik	-15.396492	-11.942614
Fabp2	-17.188251	-13.734373
1810037I17Rik	-10.055754	-6.601876
Usp53	-11.674822	-8.220943
Myoz2	-12.064287	-8.610409
Synpo2	-9.901375	-6.447497
Sec24d	-11.201799	-7.7479215
Mettl14	-12.998596	-9.544718
Gm35065	-17.188251	-13.734373
Prss12	-12.409127	-8.955249
Snhg8	-10.699046	-7.245168
Ndst3	-14.790356	-11.336477
Tram1l1	-16.495104	-13.041225
Arsj	-14.991027	-11.537148
Camk2d	-10.753704	-7.299826
Gm15551	-14.052757	-10.598879
Ank2	-11.194289	-7.7404113
Larp7	-12.000865	-8.546987
Zgrf1	-14.885666	-11.4317875
Alpk1	-14.355038	-10.901159
Tifa	-14.097209	-10.643331
Ap1ar	-12.563278	-9.1094
Gm43653	-17.188251	-13.734373
Fam241a	-12.925571	-9.471693
Enpep	-13.296431	-9.842552
Elovl6	-14.143728	-10.68985
Egf	-17.188251	-13.734373
Gar1	-12.710915	-9.257036
Pla2g12a	-12.046588	-8.59271
Casp6	-13.381589	-9.927711
Mcub	-13.6047325	-10.150854
Sec24b	-12.088385	-8.634506
Col25a1	-17.188251	-13.734373
Ostc	-10.50489	-7.0510125
Rpl34	-7.983928	-4.5300508
Hadh	-11.494519	-8.040641
Cyp2u1	-14.010198	-10.556319
Sgms2	-12.688441	-9.234563
Papss1	-12.113077	-8.659199
Dkk2	-15.242341	-11.788463
Aimp1	-10.53024	-7.076362
Tbck	-13.077377	-9.623499
Npnt	-9.27766	-5.8237824
Gstcd	-14.703344	-11.249466
Ints12	-13.296431	-9.842552
Gm43254	-15.396492	-11.942614
Ppa2	-12.070257	-8.616379
Tet2	-12.76941	-9.315532
Gm42567	-16.495104	-13.041225
Gm26691	-16.089638	-12.63576
Cxxc4	-13.632903	-10.179025
Cenpe	-17.188251	-13.734373
Bdh2	-12.434661	-8.9807825
Slc9b2	-13.404061	-9.950183
Slc9b1	-16.495104	-13.041225
Cisd2	-11.206837	-7.752959
4930539J05Rik	-15.108809	-11.654931
Ube2d3	-10.210037	-6.7561593
Manba	-12.983559	-9.52968
Nfkb1	-11.889934	-8.436055
Slc39a8	-13.296431	-9.842552
Gm31243	-17.188251	-13.734373
Ppp3ca	-11.383116	-7.929238
Emcn	-13.722515	-10.268637
Ddit4l	-14.480201	-11.026322
Gm43403	-17.188251	-13.734373
H2afz	-10.240314	-6.7864356
Dnajb14	-11.631423	-8.177545
Gm40155	-16.495104	-13.041225
Gm43689	-17.188251	-13.734373
Lamtor3	-11.368168	-7.91429
Dapp1	-13.6047325	-10.150854
1110002E22Rik	-16.495104	-13.041225
Mttp	-14.143728	-10.68985
Trmt10a	-13.787054	-10.333176
Adh7	-13.691744	-10.237865
Adh1	-12.553522	-9.099644
Adh5	-11.296607	-7.842729
Metap1	-12.666463	-9.2125845
Eif4e	-11.695189	-8.241311
Tspan5	-11.413699	-7.959821
Rap1gds1	-12.275597	-8.821718
Gm15688	-15.801957	-12.348079
Unc5c	-12.113077	-8.659199
Bmpr1b	-12.54386	-9.089982
Pdlim5	-10.61877	-7.1648917
Gbp5	-14.790356	-11.336477
Gbp7	-12.757434	-9.3035555
Gbp3	-13.856047	-10.402168
Gbp2	-12.434661	-8.9807825
Kyat3	-13.930155	-10.476276
Gtf2b	-11.817613	-8.363734
Pkn2	-10.642901	-7.1890235
Gm43646	-17.188251	-13.734373
Gm33651	-17.188251	-13.734373
Lmo4	-10.2432	-6.7893224
Gm43445	-14.885666	-11.4317875
Hs2st1	-12.806225	-9.352346
Gm43707	-16.495104	-13.041225
Gm43560	-15.578814	-12.124935
Selenof	-9.7451725	-6.2912946
Sh3glb1	-10.171641	-6.7177634
Clca3a1	-14.790356	-11.336477
Clca2	-17.188251	-13.734373
Odf2l	-13.6047325	-10.150854
Znhit6	-12.806225	-9.352346
Ccn1	-9.267078	-5.8132005
Gm17501	-12.710915	-9.257036
Ddah1	-15.396492	-11.942614
Bcl10	-12.052453	-8.598575
2410004B18Rik	-12.515422	-9.061543
Syde2	-12.806225	-9.352346
Lpar3	-17.188251	-13.734373
Ssx2ip	-13.550665	-10.0967865
Ctbs	-12.870763	-9.416884
Spata1	-14.885666	-11.4317875
Gng5	-9.138504	-5.6846266
Rpf1	-12.515422	-9.061543
Prkacb	-11.155165	-7.701287
Ttll7	-11.374121	-7.920243
Adgrl2	-10.871086	-7.417208
Gm43573	-16.089638	-12.63576
Gm30382	-17.188251	-13.734373
Adgrl4	-14.549193	-11.095315
Ifi44	-17.188251	-13.734373
Ptgfr	-12.884186	-9.430307
Gipc2	-12.7223425	-9.268464
Dnajb4	-9.9284315	-6.4745536
Fubp1	-11.639175	-8.185297
Nexn	-9.801161	-6.347283
Miga1	-13.256426	-9.802547
Usp33	-12.351969	-8.89809
Zzz3	-11.703454	-8.249576
Ak5	-14.991027	-11.537148
Pigk	-11.639175	-8.185297
St6galnac5	-17.188251	-13.734373
Rabggtb	-12.144826	-8.690948
Acadm	-10.995889	-7.542011
Lhx8	-16.495104	-13.041225
Tyw3	-14.415663	-10.961784
Cryz	-13.450582	-9.996703
Erich3	-17.188251	-13.734373
Tnni3k	-17.188251	-13.734373
Fpgt	-13.6047325	-10.150854
Lrriq3	-16.495104	-13.041225
4930570G19Rik	-15.242341	-11.788463
Negr1	-13.787054	-10.333176
Zranb2	-10.881976	-7.428098
Ptger3	-14.549193	-11.095315
Cth	-16.089638	-12.63576
Ankrd13c	-12.781531	-9.327653
Srsf11	-10.883802	-7.4299245
Lrrc40	-13.930155	-10.476276
B230334C09Rik	-15.578814	-12.124935
Lrrc7	-15.242341	-11.788463
Wls	-10.549684	-7.0958056
AI838599	-12.275597	-8.821718
Tmem68	-13.427051	-9.973172
Tgs1	-12.070257	-8.616379
Lyn	-13.691744	-10.237865
Rps20	-7.749739	-4.2958617
Plag1	-15.578814	-12.124935
Chchd7	-11.35344	-7.8995624
Gm11808	-12.191039	-8.737161
Penk	-12.006468	-8.552589
A830012C17Rik	-16.495104	-13.041225
Impad1	-11.085692	-7.6318145
Fam110b	-12.515422	-9.061543
Ubxn2b	-12.496903	-9.043025
4930430E12Rik	-17.188251	-13.734373
Sdcbp	-10.55625	-7.1023717
Nsmaf	-12.2682705	-8.814392
8430436N08Rik	-16.089638	-12.63576
Car8	-13.691744	-10.237865
Rab2a	-10.182462	-6.728584
Chd7	-15.242341	-11.788463
Asph	-10.85675	-7.4028716
4930412C18Rik	-14.790356	-11.336477
Gdf6	-17.188251	-13.734373
Gm11815	-17.188251	-13.734373
2610301B20Rik	-13.029368	-9.57549
Plekhf2	-12.710915	-9.257036
Ndufaf6	-13.450582	-9.996703
Gm11827	-15.578814	-12.124935
Trp53inp1	-11.812973	-8.359095
Ccne2	-14.885666	-11.4317875
Ints8	-12.844445	-9.390567
Dpy19l4	-12.688441	-9.234563
Virma	-12.046588	-8.59271
Rad54b	-17.188251	-13.734373
Fsbp	-17.188251	-13.734373
Gem	-10.898536	-7.444658
Pdp1	-13.31705	-9.863172
1700123M08Rik	-14.885666	-11.4317875
Tmem67	-14.143728	-10.68985
Rbm12b2	-14.097209	-10.643331
Rbm12b1	-14.052757	-10.598879
Fam92a	-11.401354	-7.947476
Triqk	-12.426077	-8.9721985
Runx1t1	-11.631423	-8.177545
Otud6b	-11.915252	-8.461373
Pip4p2	-12.460863	-9.006985
Gm11837	-14.052757	-10.598879
Tmem64	-11.836393	-8.382515
Decr1	-12.100655	-8.646776
Nbn	-12.290411	-8.836533
Osgin2	-13.296431	-9.842552
Ripk2	-13.31705	-9.863172
A530072M11Rik	-16.495104	-13.041225
Mmp16	-13.110714	-9.656836
Cpne3	-11.181898	-7.72802
Rmdn1	-12.603284	-9.1494055
Gm12353	-17.188251	-13.734373
Wwp1	-11.362251	-7.9083734
Ttpa	-17.188251	-13.734373
Ggh	-11.15277	-7.698892
Ccnc	-12.857518	-9.40364
Tstd3	-13.217959	-9.764081
Usp45	-12.655652	-9.201774
Pnisr	-10.936347	-7.482469
Coq3	-13.856047	-10.402168
Faxc	-14.790356	-11.336477
Fbxl4	-13.661891	-10.208013
Mms22l	-15.396492	-11.942614
Klhl32	-16.495104	-13.041225
Ndufaf4	-12.064287	-8.610409
Gpr63	-16.495104	-13.041225
Fhl5	-17.188251	-13.734373
Ufl1	-11.884946	-8.431067
Manea	-12.61354	-9.159661
Epha7	-13.856047	-10.402168
Map3k7	-12.232424	-8.778545
Bach2	-14.097209	-10.643331
Casp8ap2	-12.260998	-8.807119
Mdn1	-13.1452	-9.691321
Lyrm2	-11.957143	-8.503264
Ankrd6	-15.578814	-12.124935
Rragd	-14.415663	-10.961784
4933421O10Rik	-13.338103	-9.884225
Ube2j1	-11.754529	-8.300651
Gabrr2	-16.089638	-12.63576
Pm20d2	-14.885666	-11.4317875
Pnrc1	-10.350918	-6.89704
Gm11934	-17.188251	-13.734373
Rngtt	-12.781531	-9.327653
Cnr1	-15.801957	-12.348079
Spaca1	-16.495104	-13.041225
Akirin2	-11.497891	-8.044013
Orc3	-13.237007	-9.783129
Rars2	-13.499372	-10.045493
Slc35a1	-12.487771	-9.033893
Smim8	-12.177616	-8.723738
Zfp292	-11.593539	-8.139661
Platr9	-17.188251	-13.734373
Mob3b	-14.549193	-11.095315
C9orf72	-13.6047325	-10.150854
Gm12381	-16.089638	-12.63576
Aco1	-12.487771	-9.033893
Ddx58	-12.710915	-9.257036
Topors	-11.973315	-8.519437
Smim27	-10.75692	-7.303042
Ndufb6	-10.51369	-7.059812
Tmem215	-15.801957	-12.348079
Aptx	-12.831542	-9.377664
Dnaja1	-9.50163	-6.047752
Smu1	-11.951809	-8.497931
B4galt1	-11.454909	-8.001031
Bag1	-10.318197	-6.8643193
Chmp5	-11.076784	-7.622906
Nfx1	-12.012101	-8.558223
Aqp7	-16.495104	-13.041225
Nol6	-13.256426	-9.802547
Ube2r2	-10.59795	-7.144072
Ubap2	-12.170971	-8.7170925
Dcaf12	-12.336221	-8.882342
Ubap1	-12.76941	-9.315532
Kif24	-17.188251	-13.734373
Nudt2	-12.583081	-9.129203
Myorg	-14.549193	-11.095315
1110017D15Rik	-17.188251	-13.734373
Fam219a	-13.691744	-10.237865
Dnaic1	-16.495104	-13.041225
Enho	-13.474679	-10.020801
Cntfr	-12.857518	-9.40364
Il11ra1	-9.436345	-5.9824677
Rpp25l	-11.841144	-8.387265
Dctn3	-11.037648	-7.5837703
Sigmar1	-11.941227	-8.487349
Galt	-12.634375	-9.180496
Ccl27a	-12.184305	-8.730427
Gm13307	-15.108809	-11.654931
Gm21541	-16.495104	-13.041225
Gm20878	-14.355038	-10.901159
Gm3892	-15.578814	-12.124935
Gm13306	-14.885666	-11.4317875
Gm17167	-11.812973	-8.359095
Ccl19	-10.967661	-7.513783
Ccl21a	-11.274748	-7.82087
Phf24	-15.242341	-11.788463
Dnajb5	-11.973315	-8.519437
1700022I11Rik	-16.089638	-12.63576
Vcp	-10.000594	-6.546716
Fancg	-15.108809	-11.654931
Pigo	-14.790356	-11.336477
Stoml2	-11.654861	-8.200983
Fam214b	-12.553522	-9.099644
Gm26881	-13.31705	-9.863172
Unc13b	-13.550665	-10.0967865
Rusc2	-11.826959	-8.37308
Tesk1	-11.879983	-8.426105
Cd72	-17.188251	-13.734373
Rmrp	-15.108809	-11.654931
Ccdc107	-10.447732	-6.993854
Arhgef39	-14.885666	-11.4317875
Gm12454	-14.355038	-10.901159
Car9	-15.396492	-11.942614
Tpm2	-7.605795	-4.1519175
Tln1	-9.839021	-6.385143
Creb3	-11.575123	-8.121244
Gba2	-13.661891	-10.208013
Rgp1	-13.35961	-9.905731
Msmp	-17.188251	-13.734373
Npr2	-11.875045	-8.421166
Spag8	-17.188251	-13.734373
Hint2	-11.477824	-8.023946
Fam221b	-14.991027	-11.537148
Tmem8b	-13.127808	-9.673929
Hrct1	-12.655652	-9.201774
Spaar	-14.991027	-11.537148
Reck	-11.448458	-7.99458
Glipr2	-12.911585	-9.457706
Clta	-9.993814	-6.5399365
Gne	-12.125656	-8.671778
Rnf38	-12.806225	-9.352346
Zcchc7	-11.266672	-7.812794
Grhpr	-11.803756	-8.349877
Zbtb5	-13.754264	-10.300385
1700055D18Rik	-16.089638	-12.63576
Polr1e	-14.143728	-10.68985
Fbxo10	-13.820955	-10.367077
Tomm5	-10.957769	-7.5038915
Trmt10b	-12.897792	-9.443913
Exosc3	-12.197819	-8.74394
Dcaf10	-12.831542	-9.377664
Slc25a51	-12.144826	-8.690948
Shb	-13.1452	-9.691321
Aldh1b1	-17.188251	-13.734373
Tdrd7	-13.013864	-9.559985
Tmod1	-13.180918	-9.727039
Tstd2	-12.884186	-9.430307
Ncbp1	-12.699615	-9.245736
Xpa	-12.125656	-8.671778
Trmo	-14.355038	-10.901159
Anp32b	-10.178843	-6.7249646
Nans	-12.3054495	-8.851571
Trim14	-17.188251	-13.734373
Anks6	-14.243813	-10.789934
Galnt12	-15.396492	-11.942614
Col15a1	-10.005898	-6.5520205
Tgfbr1	-11.445248	-7.9913697
Alg2	-13.404061	-9.950183
Sec61b	-9.752223	-6.298345
Nr4a3	-12.211517	-8.757639
Stx17	-12.417566	-8.963688
Erp44	-11.362251	-7.9083734
Invs	-12.9541445	-9.500266
Tex10	-12.634375	-9.180496
Msantd3	-13.754264	-10.300385
Tmeff1	-17.188251	-13.734373
Cavin4	-17.188251	-13.734373
Mrpl50	-12.239491	-8.785613
Zfp189	-15.396492	-11.942614
Tmem246	-12.487771	-9.033893
Rnf20	-11.951809	-8.497931
Grin3a	-15.108809	-11.654931
Smc2os	-16.495104	-13.041225
Smc2	-12.831542	-9.377664
Nipsnap3b	-13.077377	-9.623499
Abca1	-12.082306	-8.6284275
AI427809	-17.188251	-13.734373
Slc44a1	-11.699313	-8.245435
Fsd1l	-13.856047	-10.402168
Fktn	-12.666463	-9.2125845
Tal2	-17.188251	-13.734373
Tmem38b	-11.37114	-7.9172616
Zfp462	-13.754264	-10.300385
Rad23b	-11.518371	-8.064492
Klf4	-9.883735	-6.429857
Elp1	-13.013864	-9.559985
Abitram	-13.550665	-10.0967865
Ctnnal1	-12.710915	-9.257036
Tmem245	-11.860375	-8.406497
Epb41l4b	-15.396492	-11.942614
Ptpn3	-13.162899	-9.709021
Gm12536	-17.188251	-13.734373
Pakap	-14.192519	-10.738641
Pakap-1	-11.261325	-7.807447
Txn1	-9.669101	-6.2152233
Svep1	-10.961715	-7.507837
Musk	-16.495104	-13.041225
Lpar1	-11.341812	-7.887934
Olfr267	-15.801957	-12.348079
Ecpas	-11.73293	-8.279052
Ptgr1	-13.029368	-9.57549
Dnajc25	-11.336048	-7.88217
Gng10	-10.924852	-7.4709744
Ugcg	-12.699615	-9.245736
Ptbp3	-11.619906	-8.166028
Hsdl2	-12.583081	-9.129203
E130308A19Rik	-14.143728	-10.68985
Inip	-13.381589	-9.927711
Snx30	-13.499372	-10.045493
Slc46a2	-15.801957	-12.348079
Zfp37	-13.632903	-10.179025
Slc31a2	-12.443319	-8.989441
Fkbp15	-12.9541445	-9.500266
Slc31a1	-13.110714	-9.656836
Cdc26	-11.344707	-7.8908286
Prpf4	-12.968743	-9.514865
Wdr31	-15.396492	-11.942614
Hdhd3	-14.010198	-10.556319
Alad	-12.688441	-9.234563
Pole3	-12.328439	-8.87456
4933430I17Rik	-17.188251	-13.734373
Rgs3	-12.023465	-8.569587
Zfp618	-15.396492	-11.942614
Col27a1	-12.058352	-8.604474
Akna	-14.415663	-10.961784
Whrn	-13.787054	-10.333176
Atp6v1g1	-10.240314	-6.7864356
Tmem268	-15.108809	-11.654931
Gm11214	-17.188251	-13.734373
Tnc	-11.905047	-8.451169
8030451A03Rik	-17.188251	-13.734373
Pappa	-14.415663	-10.961784
Astn2	-13.820955	-10.367077
Trim32	-12.983559	-9.52968
Tlr4	-13.077377	-9.623499
Brinp1	-17.188251	-13.734373
Cdk5rap2	-13.381589	-9.927711
Megf9	-12.998596	-9.544718
Tle1	-11.930756	-8.476877
C630043F03Rik	-14.703344	-11.249466
Aldoart1	-17.188251	-13.734373
Frmd3	-16.089638	-12.63576
Kdm4c	-12.655652	-9.201774
A230083N12Rik	-16.495104	-13.041225
Dmac1	-11.715981	-8.262102
Ptprd	-10.854972	-7.401094
Lurap1l	-12.983559	-9.52968
Mpdz	-11.395237	-7.941359
Gm11264	-15.801957	-12.348079
Gm5860	-14.885666	-11.4317875
Nfib	-9.148449	-5.694571
Gm11266	-14.192519	-10.738641
Zdhhc21	-12.40076	-8.946881
Frem1	-15.578814	-12.124935
Ttc39b	-12.434661	-8.9807825
Snapc3	-13.162899	-9.709021
Psip1	-11.067954	-7.614076
Ccdc171	-14.549193	-11.095315
Bnc2	-13.820955	-10.367077
Cntln	-12.012101	-8.558223
Sh3gl2	-15.801957	-12.348079
Adamtsl1	-12.006468	-8.552589
Rraga	-11.467939	-8.014061
Haus6	-13.892414	-10.438536
Plin2	-12.313054	-8.859176
Dennd4c	-12.634375	-9.180496
Rps6	-8.851142	-5.397264
Acer2	-15.396492	-11.942614
Mllt3	-12.553522	-9.099644
Focad	-13.691744	-10.237865
Hacd4	-11.654861	-8.200983
Klhl9	-11.635291	-8.181413
Gm26566	-17.188251	-13.734373
Gm13274	-16.495104	-13.041225
Gm13272	-17.188251	-13.734373
Gm13288	-17.188251	-13.734373
Gm49890	-15.242341	-11.788463
Mtap	-12.164371	-8.710492
Cdkn2b	-13.404061	-9.950183
Gm12610	-17.188251	-13.734373
Tusc1	-12.211517	-8.757639
Gm12655	-13.754264	-10.300385
Caap1	-13.127808	-9.673929
Plaa	-12.3679695	-8.914091
Ift74	-12.3054495	-8.851571
Tek	-13.754264	-10.300385
Mysm1	-12.006468	-8.552589
Gm12703	-15.242341	-11.788463
Jun	-8.907287	-5.4534087
Junos	-16.089638	-12.63576
Gm28096	-17.188251	-13.734373
Gm830	-13.31705	-9.863172
Fggy	-14.010198	-10.556319
Hook1	-17.188251	-13.734373
Cyp2j6	-13.338103	-9.884225
Cyp2j9	-14.703344	-11.249466
E130114P18Rik	-15.108809	-11.654931
Gm12676	-17.188251	-13.734373
Nfia	-9.675633	-6.2217555
0610025J13Rik	-16.495104	-13.041225
Tm2d1	-11.413699	-7.959821
Patj	-14.790356	-11.336477
Kank4	-14.010198	-10.556319
Kank4os	-17.188251	-13.734373
Usp1	-11.989754	-8.535875
Dock7	-11.790089	-8.33621
Gm12681	-16.495104	-13.041225
Atg4c	-14.010198	-10.556319
Gm12689	-16.089638	-12.63576
Alg6	-13.256426	-9.802547
Itgb3bp	-13.077377	-9.623499
Efcab7	-14.703344	-11.249466
Pgm1	-12.7456	-9.291721
Ror1	-12.144826	-8.690948
Gm12701	-17.188251	-13.734373
Ube2u	-17.188251	-13.734373
Cachd1	-13.110714	-9.656836
Raver2	-14.243813	-10.789934
Jak1	-11.01655	-7.562672
E130102H24Rik	-13.110714	-9.656836
0610043K17Rik	-15.108809	-11.654931
Ak4	-14.790356	-11.336477
Dnajc6	-17.188251	-13.734373
Leprot	-11.310515	-7.8566375
Lepr	-13.474679	-10.020801
Pde4b	-12.012101	-8.558223
Sgip1	-13.199267	-9.745389
Wdr78	-14.703344	-11.249466
Mier1	-10.725222	-7.2713437
Slc35d1	-13.256426	-9.802547
Oma1	-13.162899	-9.709021
Prkaa2	-12.655652	-9.201774
Plpp3	-9.697164	-6.2432857
Usp24	-12.260998	-8.807119
Pcsk9	-17.188251	-13.734373
Dhcr24	-13.093906	-9.640028
Pars2	-14.6233015	-11.169423
Ttc4	-12.417566	-8.963688
Mroh7	-17.188251	-13.734373
Acot11	-12.699615	-9.245736
Ssbp3	-11.57148	-8.117601
Mrpl37	-12.7223425	-9.268464
Cyb5rl	-14.355038	-10.901159
Gm12802	-16.495104	-13.041225
Tceanc2	-12.7223425	-9.268464
Tmem59	-9.908243	-6.4543653
Lrrc42	-12.487771	-9.033893
Hspb11	-11.984244	-8.530366
Yipf1	-11.799179	-8.345301
Ndc1	-13.550665	-10.0967865
Glis1	-16.089638	-12.63576
Lrp8	-14.6233015	-11.169423
Magoh	-11.368168	-7.91429
Czib	-11.794623	-8.340745
Cpt2	-12.9541445	-9.500266
Slc1a7	-16.089638	-12.63576
Podn	-11.076784	-7.622906
Scp2	-10.187005	-6.733127
Echdc2	-12.2682705	-8.814392
Zyg11b	-11.915252	-8.461373
Coa7	-13.632903	-10.179025
Gpx7	-11.157566	-7.703688
Tut4	-11.703454	-8.249576
Prpf38a	-12.53429	-9.080412
Gm12743	-15.578814	-12.124935
Cc2d1b	-12.897792	-9.443913
Gm17354	-14.480201	-11.026322
Zfyve9	-12.328439	-8.87456
3110021N24Rik	-14.143728	-10.68985
Btf3l4	-13.045116	-9.591238
Txndc12	-11.978765	-8.524886
Kti12	-13.338103	-9.884225
Rab3b	-15.578814	-12.124935
Nrd1	-11.497891	-8.044013
Osbpl9	-11.181898	-7.72802
Eps15	-11.822275	-8.368397
Ttc39a	-16.495104	-13.041225
Rnf11	-10.874703	-7.4208255
9630013D21Rik	-16.495104	-13.041225
Cdkn2c	-13.093906	-9.640028
Faf1	-12.487771	-9.033893
Dmrta2	-16.495104	-13.041225
Elavl4	-17.188251	-13.734373
Bend5	-14.480201	-11.026322
Spata6	-12.733904	-9.2800255
Trabd2b	-11.715981	-8.262102
Foxd2	-15.108809	-11.654931
Foxd2os	-13.296431	-9.842552
Cmpk1	-11.616097	-8.162219
Stil	-15.578814	-12.124935
Tal1	-16.089638	-12.63576
Pdzk1ip1	-15.108809	-11.654931
Cyp4b1	-14.703344	-11.249466
Efcab14	-11.643074	-8.189196
Atpaf1	-13.256426	-9.802547
Mob3c	-13.338103	-9.884225
Mknk1	-13.820955	-10.367077
Kncn	-17.188251	-13.734373
Faah	-17.188251	-13.734373
Nsun4	-14.052757	-10.598879
Uqcrh	-9.302921	-5.849044
Lrrc41	-12.40076	-8.946881
Rad54l	-15.801957	-12.348079
Pomgnt1	-12.232424	-8.778545
Lurap1	-13.474679	-10.020801
Pik3r3	-13.474679	-10.020801
Mast2	-12.275597	-8.821718
Ipp	-14.6233015	-11.169423
Tmem69	-14.355038	-10.901159
Gpbp1l1	-12.218438	-8.76456
C530005A16Rik	-14.885666	-11.4317875
Ccdc17	-14.885666	-11.4317875
Nasp	-11.905047	-8.451169
Akr1a1	-10.046214	-6.592336
Prdx1	-9.125818	-5.6719403
Mmachc	-14.192519	-10.738641
Ccdc163	-13.237007	-9.783129
Tesk2	-14.703344	-11.249466
Toe1	-12.688441	-9.234563
Mutyh	-14.549193	-11.095315
Hpdl	-17.188251	-13.734373
Gm12996	-16.495104	-13.041225
Zswim5	-17.188251	-13.734373
Urod	-11.946504	-8.492625
Hectd3	-12.818803	-9.364924
Eif2b3	-12.623903	-9.170025
Ptch2	-14.355038	-10.901159
Btbd19	-14.549193	-11.095315
Tctex1d4	-17.188251	-13.734373
Plk3	-13.930155	-10.476276
Rps8	-7.5963964	-4.142519
Tmem53	-12.939755	-9.485877
Rnf220	-12.006468	-8.552589
Eri3	-11.389158	-7.9352803
Dmap1	-12.884186	-9.430307
Gm12840	-12.757434	-9.3035555
Slc6a9	-12.710915	-9.257036
Ccdc24	-17.188251	-13.734373
B4galt2	-12.496903	-9.043025
Atp6v0b	-9.922122	-6.468244
Dph2	-14.885666	-11.4317875
Ipo13	-12.634375	-9.180496
Artn	-14.6233015	-11.169423
St3gal3	-13.404061	-9.950183
9530034E10Rik	-16.495104	-13.041225
Kdm4a	-12.939755	-9.485877
Ptprf	-12.487771	-9.033893
Szt2	-14.097209	-10.643331
Med8	-12.017767	-8.563889
Elovl1	-11.448458	-7.99458
Cdc20	-15.578814	-12.124935
Tie1	-13.632903	-10.179025
Cfap57	-17.188251	-13.734373
Ebna1bp2	-11.593539	-8.139661
Slc2a1	-12.844445	-9.390567
Zfp691	-14.6233015	-11.169423
Svbp	-11.092426	-7.6385484
AU022252	-13.029368	-9.57549
Gm12898	-17.188251	-13.734373
P3h1	-12.184305	-8.730427
Ybx1	-8.695351	-5.2414727
Ppih	-12.983559	-9.52968
Ccdc30	-15.578814	-12.124935
Ppcs	-13.296431	-9.842552
Zmynd12	-17.188251	-13.734373
Frg2f1	-14.790356	-11.336477
Foxj3	-12.666463	-9.2125845
Hivep3	-12.623903	-9.170025
Foxo6	-14.480201	-11.026322
Foxo6os	-17.188251	-13.734373
Scmh1	-12.064287	-8.610409
Ctps	-12.260998	-8.807119
Cited4	-15.396492	-11.942614
Kcnq4	-12.61354	-9.159661
Nfyc	-12.666463	-9.2125845
Exo5	-14.297879	-10.844001
Zfp69	-17.188251	-13.734373
Smap2	-12.781531	-9.327653
Zmpste24	-11.879983	-8.426105
Rlf	-12.282976	-8.829098
Ppt1	-11.162385	-7.708507
Cap1	-11.157566	-7.703688
Mycl	-16.495104	-13.041225
Trit1	-14.192519	-10.738641
Ppie	-12.046588	-8.59271
Heyl	-11.1648035	-7.7109256
Pabpc4	-12.417566	-8.963688
Bmp8a	-17.188251	-13.734373
Macf1	-10.013527	-6.559649
Gm12925	-15.801957	-12.348079
Ndufs5	-9.861786	-6.407908
Akirin1	-11.915252	-8.461373
Rhbdl2	-17.188251	-13.734373
Mycbp	-12.225407	-8.771528
Gm12905	-16.495104	-13.041225
Rragc	-11.646988	-8.1931095
4933407E24Rik	-17.188251	-13.734373
Pou3f1	-12.983559	-9.52968
Utp11	-11.285618	-7.83174
Fhl3	-14.010198	-10.556319
Sf3a3	-11.978765	-8.524886
Inpp5b	-12.884186	-9.430307
Mtf1	-12.818803	-9.364924
1110065P20Rik	-11.35344	-7.8995624
Yrdc	-12.54386	-9.089982
Maneal	-16.495104	-13.041225
Cdca8	-15.242341	-11.788463
9930104L06Rik	-13.632903	-10.179025
Rspo1	-14.097209	-10.643331
Gnl2	-12.478721	-9.024842
Snip1	-12.983559	-9.52968
Meaf6	-12.058352	-8.604474
Zc3h12a	-13.892414	-10.438536
Mrps15	-11.448458	-7.99458
Oscp1	-13.632903	-10.179025
Lsm10	-11.941227	-8.487349
Stk40	-11.812973	-8.359095
Eva1b	-10.197074	-6.743196
Sh3d21	-13.577333	-10.123455
Thrap3	-11.189315	-7.735437
Map7d1	-10.669104	-7.2152257
Trappc3	-11.703454	-8.249576
Col8a2	-14.010198	-10.556319
Adprhl2	-12.710915	-9.257036
Tekt2	-14.549193	-11.095315
Ago3	-12.225407	-8.771528
Ago1	-12.38423	-8.930351
Ago4	-13.6047325	-10.150854
Clspn	-15.396492	-11.942614
5730409E04Rik	-12.655652	-9.201774
Psmb2	-10.599324	-7.1454463
Ncdn	-13.199267	-9.745389
AU040320	-13.427051	-9.973172
Zmym4	-12.006468	-8.552589
Sfpq	-10.811524	-7.3576465
Gm12940	-13.754264	-10.300385
Zmym1	-13.427051	-9.973172
Zmym6	-13.969376	-10.515497
Tmem35b	-13.632903	-10.179025
Smim12	-11.578779	-8.124901
Gja4	-13.077377	-9.623499
Gjb3	-17.188251	-13.734373
Gjb5	-14.6233015	-11.169423
Zscan20	-14.6233015	-11.169423
Phc2	-11.812973	-8.359095
A3galt2	-16.089638	-12.63576
Zfp362	-12.204644	-8.750766
Trim62	-14.6233015	-11.169423
Azin2	-14.010198	-10.556319
Ak2	-12.100655	-8.646776
1700086P04Rik	-17.188251	-13.734373
Rnf19b	-12.9541445	-9.500266
Fndc5	-14.480201	-11.026322
S100pbp	-12.9541445	-9.500266
Yars	-12.733904	-9.2800255
C77080	-14.355038	-10.901159
Gm12976	-16.495104	-13.041225
Sync	-12.710915	-9.257036
Rbbp4	-11.186836	-7.7329583
Zbtb8os	-11.910136	-8.456258
Zbtb8a	-13.722515	-10.268637
Bsdc1	-12.50612	-9.052241
Fam229a	-16.089638	-12.63576
Marcksl1	-13.6047325	-10.150854
Hdac1	-11.359305	-7.9054275
Lck	-17.188251	-13.734373
Eif3i	-10.357377	-6.903499
Tmem234	-10.430157	-6.976279
Dcdc2b	-15.242341	-11.788463
Iqcc	-13.52469	-10.070811
Ccdc28b	-12.076263	-8.622385
Txlna	-11.894946	-8.441068
Kpna6	-12.38423	-8.930351
Tmem39b	-13.6047325	-10.150854
Khdrbs1	-11.454909	-8.001031
Ptp4a2	-10.1286335	-6.6747556
Adgrb2	-15.396492	-11.942614
Gm12963	-14.991027	-11.537148
Col16a1	-11.5252905	-8.071412
Pef1	-12.2537775	-8.799899
Tinagl1	-10.569512	-7.1156344
Serinc2	-16.495104	-13.041225
Gm10570	-15.242341	-11.788463
Fabp3	-11.831665	-8.377787
Zcchc17	-11.31332	-7.859442
Snrnp40	-12.260998	-8.807119
Nkain1	-16.495104	-13.041225
Pum1	-11.087933	-7.6340547
Gm12971	-16.495104	-13.041225
Sdc3	-12.818803	-9.364924
Laptm5	-17.188251	-13.734373
Ptpru	-14.192519	-10.738641
Mecr	-12.998596	-9.544718
Srsf4	-11.941227	-8.487349
Gm12992	-15.396492	-11.942614
Tmem200b	-15.108809	-11.654931
Epb41	-11.899984	-8.446106
Ythdf2	-11.941227	-8.487349
Gmeb1	-13.381589	-9.927711
Gm28874	-15.578814	-12.124935
Taf12	-12.040756	-8.586878
Rab42	-14.991027	-11.537148
Snhg12	-11.855533	-8.401654
Trnau1ap	-12.006468	-8.552589
Rcc1	-14.143728	-10.68985
Snhg3	-11.635291	-8.181413
Phactr4	-12.184305	-8.730427
Med18	-14.703344	-11.249466
Sesn2	-14.097209	-10.643331
Gm12981	-17.188251	-13.734373
Atpif1	-9.863761	-6.409883
Dnajc8	-10.620173	-7.1662955
Ptafr	-17.188251	-13.734373
Eya3	-13.404061	-9.950183
Xkr8	-14.192519	-10.738641
Smpdl3b	-13.35961	-9.905731
Rpa2	-13.199267	-9.745389
Themis2	-16.089638	-12.63576
Ppp1r8	-13.093906	-9.640028
Stx12	-11.741513	-8.287635
Fam76a	-11.106032	-7.6521544
Fgr	-16.495104	-13.041225
Ahdc1	-12.138395	-8.684517
Wasf2	-10.588381	-7.134503
Gpr3	-17.188251	-13.734373
Cd164l2	-17.188251	-13.734373
Map3k6	-13.450582	-9.996703
Sytl1	-17.188251	-13.734373
Tmem222	-12.006468	-8.552589
Wdtc1	-12.40076	-8.946881
Slc9a1	-12.515422	-9.061543
Tent5b	-13.577333	-10.123455
Trnp1	-12.54386	-9.089982
Nudc	-10.842615	-7.388737
Gpatch3	-15.242341	-11.788463
Gpn2	-13.632903	-10.179025
Sfn	-15.578814	-12.124935
Zdhhc18	-12.793802	-9.339924
Pigv	-13.632903	-10.179025
Arid1a	-11.521825	-8.067946
Hmgn2	-11.741513	-8.287635
Dhdds	-12.593131	-9.139253
Ubxn11	-16.089638	-12.63576
Sh3bgrl3	-10.482612	-7.0287337
Cep85	-13.381589	-9.927711
Cnksr1	-15.801957	-12.348079
Zfp593	-12.911585	-9.457706
Grrp1	-16.089638	-12.63576
Pdik1l	-13.338103	-9.884225
Extl1	-17.188251	-13.734373
Pafah2	-13.754264	-10.300385
Stmn1	-13.550665	-10.0967865
Paqr7	-13.820955	-10.367077
Mtfr1l	-11.737212	-8.283334
Selenon	-12.170971	-8.7170925
Man1c1	-12.50612	-9.052241
Ldlrap1	-13.381589	-9.927711
Maco1	-11.578779	-8.124901
Rhd	-16.495104	-13.041225
Tmem50a	-10.140734	-6.686856
Rsrp1	-9.844178	-6.3903003
Syf2	-10.809825	-7.355947
Clic4	-9.480739	-6.0268607
Srrm1	-10.596578	-7.1426997
Ncmap	-15.108809	-11.654931
Rcan3	-13.199267	-9.745389
Nipal3	-13.820955	-10.367077
Ifnlr1	-17.188251	-13.734373
Myom3	-15.801957	-12.348079
Srsf10	-10.965674	-7.5117965
Pnrc2	-11.772151	-8.318273
Fuca1	-10.476511	-7.022633
Hmgcl	-12.211517	-8.757639
Gale	-14.355038	-10.901159
Lypla2	-12.806225	-9.352346
Pithd1	-13.045116	-9.591238
Eloa	-12.125656	-8.671778
Gm24362	-17.188251	-13.734373
Rpl11	-8.331875	-4.877997
Id3	-8.725303	-5.271425
E2f2	-17.188251	-13.734373
Asap3	-13.691744	-10.237865
Tcea3	-11.065759	-7.611881
Zfp46	-13.217959	-9.764081
Hnrnpr	-11.101477	-7.6475987
6030445D17Rik	-17.188251	-13.734373
Luzp1	-10.905984	-7.452106
Kdm1a	-11.631423	-8.177545
Ephb2	-13.237007	-9.783129
C1qb	-15.242341	-11.788463
C1qc	-15.578814	-12.124935
C1qa	-16.089638	-12.63576
Zbtb40	-14.243813	-10.789934
Wnt4	-14.355038	-10.901159
Cdc42	-9.934073	-6.4801955
2810405F17Rik	-15.108809	-11.654931
Gm13010	-15.801957	-12.348079
Hspg2	-9.739917	-6.286039
Usp48	-12.177616	-8.723738
Rap1gap	-16.495104	-13.041225
Alpl	-13.381589	-9.927711
Ece1	-11.557039	-8.103161
Eif4g3	-11.553461	-8.099583
Hp1bp3	-10.663221	-7.2093434
Kif17	-17.188251	-13.734373
Ddost	-10.318197	-6.8643193
Pink1	-10.92295	-7.469072
Cda	-14.6233015	-11.169423
Mul1	-12.870763	-9.416884
Camk2n1	-10.363877	-6.9099994
Pla2g5	-16.495104	-13.041225
Pla2g2e	-14.885666	-11.4317875
Otud3	-14.097209	-10.643331
Tmco4	-13.930155	-10.476276
Htr6	-17.188251	-13.734373
Nbl1	-10.207245	-6.753367
Micos10	-10.011996	-6.5581183
Gm16287	-15.801957	-12.348079
Capzb	-10.138996	-6.685118
Pqlc2	-14.355038	-10.901159
Akr7a5	-11.850713	-8.396834
Mrto4	-12.157813	-8.703935
Emc1	-12.38423	-8.930351
Ubr4	-11.474518	-8.020639
Iffo2	-13.31705	-9.863172
Aldh4a1	-13.661891	-10.208013
Igsf21	-16.089638	-12.63576
Arhgef10l	-11.9678955	-8.514017
Rcc2	-13.061116	-9.607238
Padi4	-17.188251	-13.734373
Padi1	-17.188251	-13.734373
Padi2	-16.495104	-13.041225
Gm13031	-17.188251	-13.734373
Sdhb	-10.787993	-7.3341155
Atp13a2	-13.217959	-9.764081
Mfap2	-11.445248	-7.9913697
Crocc	-14.991027	-11.537148
Necap2	-12.38423	-8.930351
Szrd1	-11.604754	-8.150876
Fbxo42	-13.199267	-9.745389
Cplane2	-16.495104	-13.041225
Arhgef19	-13.632903	-10.179025
Gm13056	-14.052757	-10.598879
Epha2	-15.578814	-12.124935
Hspb7	-10.491217	-7.0373387
Srarp	-17.188251	-13.734373
Zbtb17	-13.550665	-10.0967865
Spen	-11.750172	-8.296293
Fblim1	-8.989061	-5.535184
Tmem82	-13.6047325	-10.150854
AI507597	-12.583081	-9.129203
Slc25a34	-13.550665	-10.0967865
Plekhm2	-12.211517	-8.757639
Ddi2	-11.776605	-8.322726
Dnajc16	-14.143728	-10.68985
Casp9	-13.856047	-10.402168
Efhd2	-11.532259	-8.078381
Gm29367	-17.188251	-13.734373
Fhad1	-15.801957	-12.348079
Tmem51	-13.754264	-10.300385
Tmem51os1	-14.703344	-11.249466
Kazn	-13.969376	-10.515497
6330411D24Rik	-17.188251	-13.734373
Prdm2	-12.170971	-8.7170925
Pdpn	-12.54386	-9.089982
Pramef8	-13.661891	-10.208013
Pramef12	-17.188251	-13.734373
Dhrs3	-11.24283	-7.7889524
Vps13d	-12.3054495	-8.851571
Tnfrsf1b	-14.243813	-10.789934
Tnfrsf8	-17.188251	-13.734373
Gm13212	-12.983559	-9.52968
Gm13166	-15.242341	-11.788463
Zfp992	-13.754264	-10.300385
Zfp993	-15.801957	-12.348079
Gm21411	-16.495104	-13.041225
4933438K21Rik	-17.188251	-13.734373
Zfp991	-14.703344	-11.249466
Zfp982	-14.790356	-11.336477
Zfp979	-14.010198	-10.556319
Zfp984	-13.632903	-10.179025
Gm20707	-14.415663	-10.961784
Zfp933	-14.192519	-10.738641
Miip	-13.787054	-10.333176
Mfn2	-12.113077	-8.659199
Plod1	-11.695189	-8.241311
2510039O18Rik	-12.320717	-8.866838
Clcn6	-13.577333	-10.123455
Mthfr	-13.199267	-9.745389
Agtrap	-12.359938	-8.906059
Mad2l2	-13.180918	-9.727039
Fbxo6	-12.164371	-8.710492
Fbxo44	-14.192519	-10.738641
Fbxo2	-12.733904	-9.2800255
Ubiad1	-14.192519	-10.738641
Mtor	-12.553522	-9.099644
Angptl7	-10.898536	-7.444658
Exosc10	-12.478721	-9.024842
Srm	-11.535762	-8.081883
Tardbp	-11.662798	-8.20892
Casz1	-13.474679	-10.020801
Gm13205	-15.242341	-11.788463
Pex14	-12.710915	-9.257036
Dffa	-13.820955	-10.367077
Cenps	-15.801957	-12.348079
Pgd	-12.496903	-9.043025
Kif1b	-11.204315	-7.7504373
Ube4b	-12.000865	-8.546987
Rbp7	-13.276228	-9.82235
Nmnat1	-13.969376	-10.515497
Lzic	-12.9541445	-9.500266
Ctnnbip1	-12.336221	-8.882342
Clstn1	-10.664689	-7.210811
Pik3cd	-14.790356	-11.336477
Tmem201	-14.052757	-10.598879
Slc25a33	-13.35961	-9.905731
Spsb1	-11.635291	-8.181413
H6pd	-12.064287	-8.610409
Gm13067	-17.188251	-13.734373
Gpr157	-16.495104	-13.041225
Eno1	-11.235007	-7.7811294
Rere	-11.3771105	-7.9232326
Gm13091	-16.495104	-13.041225
Errfi1	-10.43832	-6.984442
Park7	-9.773076	-6.319198
Camta1	-11.413699	-7.959821
Per3	-11.686993	-8.233114
Vamp3	-11.973315	-8.519437
Dnajc11	-13.029368	-9.57549
Thap3	-12.052453	-8.598575
Phf13	-13.338103	-9.884225
Klhl21	-12.688441	-9.234563
Zbtb48	-14.143728	-10.68985
Nol9	-13.661891	-10.208013
Plekhg5	-12.939755	-9.485877
Tnfrsf25	-15.108809	-11.654931
Espn	-13.276228	-9.82235
Acot7	-12.7223425	-9.268464
Gpr153	-12.260998	-8.807119
Icmt	-12.677392	-9.223514
Rnf207	-17.188251	-13.734373
Rpl22	-8.606394	-5.1525164
Chd5	-14.355038	-10.901159
Kcnab2	-17.188251	-13.734373
Nphp4	-15.396492	-11.942614
A430005L14Rik	-11.8701315	-8.416253
Dffb	-14.355038	-10.901159
Cep104	-12.884186	-9.430307
Lrrc47	-13.217959	-9.764081
Smim1	-11.528769	-8.07489
Ccdc27	-16.089638	-12.63576
Wrap73	-13.110714	-9.656836
Tprgl	-10.452471	-6.998593
Megf6	-14.885666	-11.4317875
Prdm16	-11.772151	-8.318273
Prdm16os	-12.781531	-9.327653
Prxl2b	-12.818803	-9.364924
Tnfrsf14	-17.188251	-13.734373
Pank4	-13.110714	-9.656836
Pex10	-14.097209	-10.643331
Rer1	-10.411744	-6.957866
Morn1	-15.242341	-11.788463
Ski	-10.420908	-6.96703
Faap20	-11.884946	-8.431067
Prkcz	-14.549193	-11.095315
5830444B04Rik	-16.089638	-12.63576
Cfap74	-15.108809	-11.654931
Tmem52	-14.549193	-11.095315
Gnb1	-10.3562975	-6.9024196
Nadk	-11.790089	-8.33621
Slc35e2	-13.450582	-9.996703
Gm16023	-15.108809	-11.654931
Cdk11b	-11.169658	-7.71578
Mmp23	-9.7140465	-6.2601686
Mib2	-12.793802	-9.339924
Fndc10	-13.892414	-10.438536
Ssu72	-11.186836	-7.7329583
1500002C15Rik	-15.108809	-11.654931
Tmem240	-14.415663	-10.961784
Atad3a	-13.029368	-9.57549
Atad3aos	-15.242341	-11.788463
Vwa1	-12.844445	-9.390567
Mrpl20	-10.420908	-6.96703
Ccnl2	-11.4262	-7.972322
Aurkaip1	-10.806435	-7.3525567
Mxra8	-10.160049	-6.7061715
Dvl1	-12.460863	-9.006985
Tas1r3	-17.188251	-13.734373
Cptp	-13.427051	-9.973172
Ints11	-12.983559	-9.52968
Pusl1	-13.077377	-9.623499
Acap3	-12.699615	-9.245736
Ube2j2	-11.860375	-8.406497
C1qtnf12	-11.776605	-8.322726
B3galt6	-13.691744	-10.237865
Sdf4	-10.160936	-6.7070584
Tnfrsf4	-17.188251	-13.734373
Gm16008	-17.188251	-13.734373
Ttll10	-17.188251	-13.734373
9430015G10Rik	-15.578814	-12.124935
Agrn	-12.164371	-8.710492
Isg15	-12.460863	-9.006985
AW011738	-14.010198	-10.556319
Perm1	-15.801957	-12.348079
Plekhn1	-12.666463	-9.2125845
Noc2l	-12.710915	-9.257036
Samd11	-17.188251	-13.734373
Cdk6	-12.623903	-9.170025
Fam133b	-11.521825	-8.067946
Gm43017	-17.188251	-13.734373
1700109H08Rik	-15.801957	-12.348079
Rbm48	-12.781531	-9.327653
2510017J16Rik	-14.885666	-11.4317875
Pex1	-14.297879	-10.844001
4833413G10Rik	-15.242341	-11.788463
Gatad1	-11.140879	-7.6870008
Ankib1	-12.409127	-8.955249
Krit1	-11.407508	-7.95363
Lrrd1	-15.578814	-12.124935
Mterf1a	-14.703344	-11.249466
Akap9	-10.944084	-7.4902062
Cyp51	-12.260998	-8.807119
Mterf1b	-15.578814	-12.124935
Fzd1	-11.487807	-8.033929
Cdk14	-12.125656	-8.671778
Gm43113	-15.801957	-12.348079
Gm43111	-15.578814	-12.124935
Gm43623	-16.089638	-12.63576
Gm10484	-16.495104	-13.041225
Gm43727	-17.188251	-13.734373
Gm43728	-15.578814	-12.124935
1700015F17Rik	-17.188251	-13.734373
Cldn12	-13.550665	-10.0967865
Gtpbp10	-13.820955	-10.367077
Cfap69	-16.495104	-13.041225
Steap2	-13.427051	-9.973172
Steap1	-16.089638	-12.63576
Steap4	-11.879983	-8.426105
Sri	-10.70209	-7.2482123
Adam22	-13.969376	-10.515497
Dbf4	-15.108809	-11.654931
Slc25a40	-13.550665	-10.0967865
Rundc3b	-17.188251	-13.734373
Abcb1a	-14.243813	-10.789934
Abcb1b	-12.677392	-9.223514
Crot	-12.211517	-8.757639
Tmem243	-13.162899	-9.709021
Dmtf1	-12.593131	-9.139253
9330182L06Rik	-14.6233015	-11.169423
Grm3	-14.703344	-11.249466
Sema3d	-11.229826	-7.775948
Sema3a	-13.110714	-9.656836
Sema3e	-14.703344	-11.249466
Pclo	-14.885666	-11.4317875
Cacna2d1	-11.020735	-7.566857
Hgf	-15.108809	-11.654931
Speer4f2	-17.188251	-13.734373
Sema3c	-10.634317	-7.1804395
Cd36	-12.844445	-9.390567
Gnat3	-17.188251	-13.734373
Gnai1	-11.027043	-7.5731654
4921504A21Rik	-14.480201	-11.026322
Magi2	-12.655652	-9.201774
Gm29254	-15.801957	-12.348079
Phtf2	-11.8701315	-8.416253
Tmem60	-12.204644	-8.750766
Rsbn1l	-11.214441	-7.7605634
A630072M18Rik	-13.577333	-10.123455
Ptpn12	-12.197819	-8.74394
Gsap	-15.396492	-11.942614
Ccdc146	-14.885666	-11.4317875
Fgl2	-9.864421	-6.410543
Fam185a	-14.991027	-11.537148
Fbxl13	-14.192519	-10.738641
Lrrc17	-10.808128	-7.3542504
Armc10	-12.806225	-9.352346
Napepld	-12.1512985	-8.69742
Pmpcb	-11.899984	-8.446106
Dnajc2	-12.100655	-8.646776
Psmc2	-10.942144	-7.4882665
Reln	-13.52469	-10.070811
Gm16110	-17.188251	-13.734373
Orc5	-13.820955	-10.367077
6030443J06Rik	-15.578814	-12.124935
Lhfpl3	-17.188251	-13.734373
5031425E22Rik	-12.563278	-9.1094
4930580E04Rik	-17.188251	-13.734373
Kmt2e	-10.424366	-6.970488
Srpk2	-11.410599	-7.956721
Gm43566	-17.188251	-13.734373
AI506816	-12.184305	-8.730427
Pus7	-13.180918	-9.727039
Rint1	-12.806225	-9.352346
Tomm7	-9.303298	-5.84942
2700038G22Rik	-15.242341	-11.788463
Fam126a	-12.452053	-8.998175
Klhl7	-12.478721	-9.024842
Nupl2	-14.885666	-11.4317875
Kcnh2	-11.941227	-8.487349
Nos3	-14.703344	-11.249466
Abcb8	-13.474679	-10.020801
Asic3	-17.188251	-13.734373
Cdk5	-12.344064	-8.890185
Slc4a2	-12.2682705	-8.814392
Fastk	-11.860375	-8.406497
Tmub1	-13.013864	-9.559985
2310074N15Rik	-16.495104	-13.041225
Agap3	-12.2682705	-8.814392
Asb10	-15.578814	-12.124935
Abcf2	-12.191039	-8.737161
Chpf2	-12.573131	-9.119252
Smarcd3	-10.740945	-7.287067
Nub1	-11.695189	-8.241311
Wdr86	-16.495104	-13.041225
Crygn	-17.188251	-13.734373
Rheb	-10.261674	-6.807796
Prkag2	-12.320717	-8.866838
2900005J15Rik	-14.991027	-11.537148
Galnt11	-12.211517	-8.757639
Kmt2c	-11.321783	-7.867905
1700096K18Rik	-13.577333	-10.123455
Gm10062	-16.089638	-12.63576
Xrcc2	-15.578814	-12.124935
Actr3b	-14.097209	-10.643331
Paxip1	-13.338103	-9.884225
Insig1	-12.336221	-8.882342
Rbm33	-12.417566	-8.963688
Rnf32	-16.089638	-12.63576
Lmbr1	-12.870763	-9.416884
4632411P08Rik	-17.188251	-13.734373
Nom1	-12.487771	-9.033893
Ube3c	-12.211517	-8.757639
Gm5129	-16.495104	-13.041225
Dnajb6	-10.666159	-7.2122808
Il6	-13.52469	-10.070811
Tyms	-13.404061	-9.950183
Hadha	-11.2119	-7.758022
Hadhb	-11.535762	-8.081883
Adgrf3	-17.188251	-13.734373
Selenoi	-12.781531	-9.327653
Drc1	-17.188251	-13.734373
Kcnk3	-14.243813	-10.789934
Slc35f6	-12.968743	-9.514865
Cenpa	-14.415663	-10.961784
Dpysl5	-14.6233015	-11.169423
Mapre3	-12.144826	-8.690948
Gm19409	-15.108809	-11.654931
Tmem214	-12.046588	-8.59271
Agbl5	-14.790356	-11.336477
Ost4	-9.590855	-6.1369767
Emilin1	-10.865685	-7.4118075
Khk	-12.757434	-9.3035555
Cgref1	-12.320717	-8.866838
Preb	-12.232424	-8.778545
Tcf23	-15.801957	-12.348079
Slc5a6	-14.192519	-10.738641
Atraid	-10.283501	-6.8296227
Cad	-12.699615	-9.245736
Mpv17	-11.608521	-8.154643
Gtf3c2	-12.113077	-8.659199
Eif2b4	-12.487771	-9.033893
Snx17	-11.224671	-7.7707934
Zfp513	-13.722515	-10.268637
Ppm1g	-11.978765	-8.524886
Gm9970	-15.108809	-11.654931
Nrbp1	-11.389158	-7.9352803
Krtcap3	-15.578814	-12.124935
Ift172	-13.045116	-9.591238
Fndc4	-13.013864	-9.559985
Zfp512	-12.911585	-9.457706
4930548H24Rik	-17.188251	-13.734373
Gpn1	-12.818803	-9.364924
Supt7l	-13.52469	-10.070811
Slc4a1ap	-12.655652	-9.201774
Gm43660	-15.396492	-11.942614
AI839979	-15.108809	-11.654931
Mrpl33	-10.0066595	-6.5527816
Rbks	-15.242341	-11.788463
Babam2	-12.3054495	-8.851571
Fosl2	-11.654861	-8.200983
Plb1	-13.969376	-10.515497
Ppp1cb	-10.248997	-6.795119
Gm15614	-15.801957	-12.348079
Yes1	-12.870763	-9.416884
Pisd	-13.237007	-9.783129
Prr14l	-13.077377	-9.623499
Depdc5	-13.6047325	-10.150854
Ywhah	-10.682467	-7.2285895
Spon2	-16.089638	-12.63576
Ctbp1	-11.258662	-7.8047843
Maea	-11.845917	-8.392038
Uvssa	-12.644957	-9.191078
Fam53a	-12.144826	-8.690948
Slbp	-12.2537775	-8.799899
Tmem129	-13.1452	-9.691321
Tacc3	-15.396492	-11.942614
Fgfr3	-14.6233015	-11.169423
Letm1	-11.905047	-8.451169
Nsd2	-12.644957	-9.191078
Nelfa	-12.634375	-9.180496
Gm42851	-17.188251	-13.734373
Gm1673	-12.677392	-9.223514
Nat8l	-15.396492	-11.942614
Haus3	-13.31705	-9.863172
Mxd4	-10.469238	-7.0153604
Zfyve28	-14.6233015	-11.169423
Gm15513	-15.801957	-12.348079
Rnf4	-12.138395	-8.684517
Fam193a	-11.995295	-8.541416
Tnip2	-12.781531	-9.327653
Sh3bp2	-14.6233015	-11.169423
Add1	-11.189315	-7.735437
Mfsd10	-11.946504	-8.492625
Nop14	-12.064287	-8.610409
Grk4	-14.243813	-10.789934
Htt	-12.911585	-9.457706
Msantd1	-16.495104	-13.041225
Rgs12	-13.550665	-10.0967865
Dok7	-14.790356	-11.336477
Lrpap1	-10.486291	-7.032413
Adra2c	-14.6233015	-11.169423
Cpz	-11.597264	-8.143386
Trmt44	-14.243813	-10.789934
Acox3	-12.925571	-9.471693
Htra3	-10.339185	-6.885307
Sh3tc1	-16.089638	-12.63576
Ablim2	-14.991027	-11.537148
Afap1	-11.535762	-8.081883
Sorcs2	-12.53429	-9.080412
2210406O10Rik	-16.495104	-13.041225
Grpel1	-10.991807	-7.537929
Tada2b	-13.127808	-9.673929
Ccdc96	-17.188251	-13.734373
Tbc1d14	-13.404061	-9.950183
D5Ertd579e	-12.125656	-8.671778
Bloc1s4	-12.246609	-8.79273
Mrfap1	-10.089875	-6.6359973
Man2b2	-12.710915	-9.257036
Wfs1	-12.666463	-9.2125845
Evc	-12.434661	-8.9807825
Evc2	-12.634375	-9.180496
Stk32b	-13.691744	-10.237865
Cytl1	-9.828783	-6.374905
Msx1	-12.197819	-8.74394
Stx18	-12.524812	-9.070933
Nsg1	-12.40076	-8.946881
Zbtb49	-14.703344	-11.249466
Lyar	-11.720191	-8.266313
Tmem128	-12.157813	-8.703935
Slc2a9	-15.578814	-12.124935
Wdr1	-10.860314	-7.4064364
Zfp518b	-13.35961	-9.905731
Hs3st1	-13.199267	-9.745389
Rab28	-11.803756	-8.349877
Bod1l	-10.677993	-7.224115
Gm7854	-17.188251	-13.734373
Cpeb2	-13.661891	-10.208013
Gm43699	-17.188251	-13.734373
C1qtnf7	-11.728665	-8.274787
Cc2d2a	-12.006468	-8.552589
Fbxl5	-12.351969	-8.89809
Bst1	-14.991027	-11.537148
Cd38	-15.801957	-12.348079
Gm16014	-17.188251	-13.734373
Prom1	-17.188251	-13.734373
Tapt1	-12.757434	-9.3035555
Gm42984	-16.089638	-12.63576
Ldb2	-13.6047325	-10.150854
Gm3364	-16.495104	-13.041225
Qdpr	-11.930756	-8.476877
Lap3	-11.884946	-8.431067
Med28	-10.660294	-7.2064157
Fam184b	-16.495104	-13.041225
9630001P10Rik	-17.188251	-13.734373
Ncapg	-17.188251	-13.734373
Lcorl	-13.35961	-9.905731
Slit2	-12.818803	-9.364924
5730480H06Rik	-13.127808	-9.673929
Kcnip4	-13.691744	-10.237865
Adgra3	-12.478721	-9.024842
Ppargc1a	-13.787054	-10.333176
Dhx15	-11.054853	-7.6009755
9230114K14Rik	-12.911585	-9.457706
Sod3	-9.030594	-5.576716
Ccdc149	-13.427051	-9.973172
Gm3519	-17.188251	-13.734373
Lgi2	-12.2682705	-8.814392
8030423F21Rik	-15.242341	-11.788463
Sepsecs	-13.381589	-9.927711
Pi4k2b	-13.110714	-9.656836
Zcchc4	-13.930155	-10.476276
Anapc4	-11.935978	-8.4821
Sel1l3	-13.061116	-9.607238
Smim20	-11.920393	-8.466515
Gm45495	-15.801957	-12.348079
Rbpj	-10.963693	-7.5098147
Tbc1d19	-12.983559	-9.52968
Stim2	-12.320717	-8.866838
4932441J04Rik	-14.480201	-11.026322
Pcdh7	-9.458955	-6.0050774
Arap2	-12.275597	-8.821718
Rell1	-12.831542	-9.377664
5830416I19Rik	-15.108809	-11.654931
Pgm2	-13.661891	-10.208013
Tbc1d1	-12.320717	-8.866838
Gm3716	-17.188251	-13.734373
Gm20033	-15.242341	-11.788463
Klf3	-11.274748	-7.82087
Tlr6	-15.396492	-11.942614
Fam114a1	-11.115207	-7.661329
Tmem156	-16.495104	-13.041225
Klhl5	-12.434661	-8.9807825
Wdr19	-14.297879	-10.844001
Rfc1	-11.4262	-7.972322
Rpl9	-8.00559	-4.5517125
Lias	-12.029196	-8.575317
Ugdh	-11.15038	-7.696502
Smim14	-9.972276	-6.518398
Ube2k	-11.002043	-7.548165
Gm42726	-15.801957	-12.348079
Pds5a	-11.951809	-8.497931
N4bp2os	-15.108809	-11.654931
N4bp2	-12.733904	-9.2800255
Rbm47	-16.495104	-13.041225
Nsun7	-17.188251	-13.734373
Apbb2	-11.962504	-8.508626
Uchl1	-11.282889	-7.8290114
Limch1	-10.539267	-7.0853887
Gm42670	-14.243813	-10.789934
Tmem33	-11.582449	-8.128571
Slc30a9	-11.826959	-8.37308
Bend4	-14.480201	-11.026322
Shisa3	-13.52469	-10.070811
Atp8a1	-13.217959	-9.764081
Guf1	-12.757434	-9.3035555
Gnpda2	-12.006468	-8.552589
Gabra2	-17.188251	-13.734373
Cox7b2	-17.188251	-13.734373
Gabra4	-16.495104	-13.041225
Gabrb1	-15.801957	-12.348079
Commd8	-11.995295	-8.541416
Corin	-16.089638	-12.63576
Nfxl1	-13.256426	-9.802547
Cnga1	-17.188251	-13.734373
Nipal1	-17.188251	-13.734373
Tec	-15.578814	-12.124935
Slain2	-11.575123	-8.121244
Fryl	-11.454909	-8.001031
Ociad1	-11.176984	-7.723106
Ociad2	-14.6233015	-11.169423
Dcun1d4	-13.31705	-9.863172
Sgcb	-11.307718	-7.8538404
Spata18	-17.188251	-13.734373
Usp46	-12.082306	-8.6284275
Dancr	-13.110714	-9.656836
Rasl11b	-10.913489	-7.4596114
Scfd2	-14.052757	-10.598879
Fip1l1	-11.654861	-8.200983
Lnx1	-12.897792	-9.443913
Gm15984	-16.495104	-13.041225
Gm15985	-17.188251	-13.734373
Gm6116	-17.188251	-13.734373
Chic2	-11.285618	-7.83174
Pdgfra	-10.578902	-7.1250243
Kit	-13.237007	-9.783129
Gm43101	-15.396492	-11.942614
Gm19590	-16.495104	-13.041225
Kdr	-13.199267	-9.745389
Srd5a3	-12.884186	-9.430307
Tmem165	-11.429349	-7.975471
Clock	-11.695189	-8.241311
Gm7467	-15.108809	-11.654931
Exoc1	-12.688441	-9.234563
Cep135	-13.969376	-10.515497
C530008M17Rik	-14.790356	-11.336477
Aasdh	-14.052757	-10.598879
Ppat	-13.691744	-10.237865
Paics	-11.333179	-7.8793015
Srp72	-11.2169895	-7.7631116
Hopx	-13.787054	-10.333176
Spink2	-14.415663	-10.961784
Rest	-11.973315	-8.519437
Noa1	-13.722515	-10.268637
Polr2b	-12.2682705	-8.814392
Igfbp7	-6.9554234	-3.501546
Cenpc1	-12.757434	-9.3035555
Stap1	-17.188251	-13.734373
Uba6	-12.7456	-9.291721
Gnrhr	-17.188251	-13.734373
Ythdc1	-10.942144	-7.4882665
Utp3	-11.754529	-8.300651
Rufy3	-13.162899	-9.709021
Grsf1	-12.351969	-8.89809
Mob1b	-12.3054495	-8.851571
Dck	-14.297879	-10.844001
Slc4a4	-12.290411	-8.836533
Adamts3	-15.108809	-11.654931
Cox18	-13.338103	-9.884225
Ankrd17	-11.432508	-7.9786305
Gm9958	-16.089638	-12.63576
Rassf6	-16.495104	-13.041225
Cxcl5	-16.495104	-13.041225
Ppbp	-17.188251	-13.734373
Pf4	-14.243813	-10.789934
Cxcl1	-12.1512985	-8.69742
Cxcl2	-16.495104	-13.041225
Mthfd2l	-12.082306	-8.6284275
Ereg	-14.052757	-10.598879
Areg	-16.495104	-13.041225
Btc	-12.328439	-8.87456
Parm1	-11.935978	-8.4821
Rchy1	-11.946504	-8.492625
Cdkl2	-13.237007	-9.783129
G3bp2	-11.099206	-7.645328
Uso1	-11.464666	-8.010788
Ppef2	-17.188251	-13.734373
Naaa	-12.478721	-9.024842
Sdad1	-13.180918	-9.727039
Cxcl9	-15.396492	-11.942614
Art3	-12.132006	-8.678127
Cxcl10	-16.089638	-12.63576
Nup54	-12.583081	-9.129203
Scarb2	-10.715905	-7.2620273
Fam47e	-14.6233015	-11.169423
Stbd1	-11.083458	-7.62958
Shroom3	-12.426077	-8.9721985
Sept11	-11.946504	-8.492625
Ccni	-10.794661	-7.3407826
2010109A12Rik	-15.396492	-11.942614
Ccng2	-13.180918	-9.727039
Cnot6l	-11.915252	-8.461373
Mrpl1	-12.623903	-9.170025
Fras1	-14.243813	-10.789934
Anxa3	-10.451284	-6.9974065
1700016F12Rik	-17.188251	-13.734373
Gm33370	-16.495104	-13.041225
Gm9484	-15.578814	-12.124935
Bmp2k	-12.939755	-9.485877
Paqr3	-15.108809	-11.654931
Antxr2	-12.070257	-8.616379
Prdm8	-15.396492	-11.942614
Fgf5	-17.188251	-13.734373
Cfap299	-16.089638	-12.63576
Bmp3	-12.392461	-8.938582
Prkg2	-15.242341	-11.788463
Rasgef1b	-14.480201	-11.026322
Vamp9	-17.188251	-13.734373
Hnrnpd	-11.227245	-7.7733674
Gm17092	-14.297879	-10.844001
Hnrnpdl	-10.804745	-7.350867
Enoph1	-13.632903	-10.179025
Tmem150c	-17.188251	-13.734373
Sec31a	-10.708206	-7.2543283
5430416N02Rik	-13.338103	-9.884225
Lin54	-13.550665	-10.0967865
Cops4	-11.549896	-8.096018
Plac8	-12.53429	-9.080412
Coq2	-11.826959	-8.37308
Hpse	-14.415663	-10.961784
Helq	-13.969376	-10.515497
Mrps18c	-11.445248	-7.9913697
Abraxas1	-14.192519	-10.738641
Gm43514	-17.188251	-13.734373
4930458D05Rik	-16.089638	-12.63576
Gpat3	-15.396492	-11.942614
Nkx6-1	-13.632903	-10.179025
9430085M18Rik	-15.242341	-11.788463
Cds1	-15.242341	-11.788463
Wdfy3	-11.905047	-8.451169
Gm29707	-17.188251	-13.734373
Arhgap24	-12.409127	-8.955249
Mapk10	-17.188251	-13.734373
5430427N15Rik	-16.495104	-13.041225
Ptpn13	-13.35961	-9.905731
Slc10a6	-13.820955	-10.367077
Aff1	-12.052453	-8.598575
Klhl8	-13.820955	-10.367077
Hsd17b13	-16.495104	-13.041225
Hsd17b11	-11.817613	-8.363734
Nudt9	-11.407508	-7.95363
Sparcl1	-10.094016	-6.640138
Ibsp	-16.089638	-12.63576
Spp1	-13.256426	-9.802547
Pkd2	-10.917263	-7.463385
BC005561	-11.808353	-8.354475
D930016D06Rik	-13.381589	-9.927711
Zfp951	-14.549193	-11.095315
Gbp8	-15.396492	-11.942614
Gbp9	-15.108809	-11.654931
Gbp4	-16.089638	-12.63576
Gbp6	-14.6233015	-11.169423
Lrrc8b	-14.549193	-11.095315
Lrrc8c	-12.76941	-9.315532
Lrrc8d	-14.143728	-10.68985
Zfp326	-11.910136	-8.456258
Gm28050	-16.495104	-13.041225
Zfp644	-11.110609	-7.656731
Cdc7	-15.801957	-12.348079
Gm33474	-17.188251	-13.734373
Tgfbr3	-11.269358	-7.8154798
Brdt	-13.820955	-10.367077
Ephx4	-15.578814	-12.124935
Btbd8	-14.143728	-10.68985
Glmn	-13.427051	-9.973172
Rpap2	-13.338103	-9.884225
A930041C12Rik	-17.188251	-13.734373
Evi5	-11.392193	-7.938315
Rpl5	-9.130557	-5.676679
Dipk1a	-12.478721	-9.024842
Mtf2	-12.53429	-9.080412
Tmed5	-11.875045	-8.421166
Ccdc18	-15.801957	-12.348079
Dr1	-12.857518	-9.40364
Pigg	-13.691744	-10.237865
Gm42517	-15.396492	-11.942614
Gm10419	-15.578814	-12.124935
Atp5k	-9.307069	-5.853191
Mfsd7a	-13.754264	-10.300385
Pcgf3	-12.260998	-8.807119
Cplx1	-17.188251	-13.734373
Gak	-12.376067	-8.922189
Tmem175	-12.897792	-9.443913
Dgkq	-13.722515	-10.268637
Idua	-13.1452	-9.691321
Fgfrl1	-11.826959	-8.37308
Vmn2r13	-17.188251	-13.734373
Vmn2r17	-17.188251	-13.734373
Crlf2	-11.776605	-8.322726
5430403G16Rik	-14.243813	-10.789934
4930522L14Rik	-13.499372	-10.045493
A430073D23Rik	-16.495104	-13.041225
Gm15446	-14.480201	-11.026322
1010001B22Rik	-14.480201	-11.026322
Zfp932	-13.577333	-10.123455
Gm17655	-15.578814	-12.124935
Gm35315	-16.495104	-13.041225
Plcxd1	-17.188251	-13.734373
Gtpbp6	-12.7456	-9.291721
Zfp605	-14.192519	-10.738641
Chfr	-12.897792	-9.443913
Gm43136	-16.495104	-13.041225
Gm15787	-14.549193	-11.095315
Golga3	-11.785574	-8.331696
Gm43138	-14.885666	-11.4317875
Gm43137	-17.188251	-13.734373
Ankle2	-12.313054	-8.859176
Pgam5	-13.404061	-9.950183
Pxmp2	-13.217959	-9.764081
Pole	-17.188251	-13.734373
Fbrsl1	-12.699615	-9.245736
Noc4l	-13.722515	-10.268637
Ddx51	-14.010198	-10.556319
Gm42595	-16.089638	-12.63576
Ep400	-12.082306	-8.6284275
Pus1	-13.632903	-10.179025
Ulk1	-12.666463	-9.2125845
Hscb	-12.699615	-9.245736
Chek2	-13.892414	-10.438536
Ttc28	-10.083285	-6.6294074
Pitpnb	-11.304929	-7.851051
Mn1	-11.884946	-8.431067
E130006D01Rik	-14.297879	-10.844001
Gm36535	-17.188251	-13.734373
Cryba4	-16.495104	-13.041225
Tpst2	-12.351969	-8.89809
Tfip11	-13.217959	-9.764081
Srrd	-13.093906	-9.640028
Hps4	-12.884186	-9.430307
Asphd2	-15.578814	-12.124935
Myo18b	-13.661891	-10.208013
Grk3	-13.661891	-10.208013
Crybb3	-13.450582	-9.996703
2900026A02Rik	-11.031272	-7.577394
Sgsm1	-17.188251	-13.734373
Wscd2	-12.239491	-8.785613
Cmklr1	-12.733904	-9.2800255
Ficd	-13.162899	-9.709021
Sart3	-12.983559	-9.52968
Iscu	-10.180651	-6.726773
Tmem119	-11.549896	-8.096018
Selplg	-15.578814	-12.124935
Coro1c	-11.280169	-7.8262906
Ssh1	-12.344064	-8.890185
Usp30	-14.052757	-10.598879
Alkbh2	-13.691744	-10.237865
Ung	-15.578814	-12.124935
Acacb	-13.969376	-10.515497
Myo1h	-14.703344	-11.249466
Kctd10	-10.753704	-7.299826
Ube3b	-12.757434	-9.3035555
Mmab	-13.856047	-10.402168
Mvk	-12.573131	-9.119252
Trpv4	-14.703344	-11.249466
Gltp	-11.899984	-8.446106
Tchp	-13.691744	-10.237865
Git2	-12.119347	-8.665468
Ankrd13a	-12.573131	-9.119252
1500011B03Rik	-12.603284	-9.1494055
Oasl2	-14.052757	-10.598879
Oasl1	-17.188251	-13.734373
2210016L21Rik	-11.491158	-8.037279
Sppl3	-12.046588	-8.59271
Gm10401	-17.188251	-13.734373
Acads	-12.3054495	-8.851571
Unc119b	-12.603284	-9.1494055
Mlec	-11.079003	-7.6251254
Cabp1	-15.108809	-11.654931
Pop5	-11.398291	-7.9444127
Rnf10	-10.880153	-7.426275
Coq5	-12.553522	-9.099644
Dynll1	-8.671457	-5.21758
Gm13830	-14.415663	-10.961784
Srsf9	-11.293848	-7.83997
Gatc	-13.162899	-9.709021
Triap1	-12.218438	-8.76456
Cox6a1	-9.954796	-6.500918
Msi1	-14.991027	-11.537148
Sirt4	-13.6047325	-10.150854
Pxn	-12.7223425	-9.268464
Rplp0	-8.0906315	-4.6367536
Gcn1	-11.715981	-8.262102
1110006O24Rik	-16.089638	-12.63576
Rab35	-12.157813	-8.703935
Bicdl1	-13.787054	-10.333176
Cit	-16.495104	-13.041225
Prkab1	-13.381589	-9.927711
C330018A13Rik	-17.188251	-13.734373
Ccdc60	-14.790356	-11.336477
B230112J18Rik	-17.188251	-13.734373
Hspb8	-10.973643	-7.5197654
Srrm4	-16.495104	-13.041225
Suds3	-11.763301	-8.3094225
9530046B11Rik	-17.188251	-13.734373
Taok3	-11.711787	-8.257909
Pebp1	-9.866402	-6.4125237
Gm10399	-14.6233015	-11.169423
Vsig10	-13.550665	-10.0967865
Wsb2	-11.593539	-8.139661
Rfc5	-14.480201	-11.026322
Gm15728	-15.242341	-11.788463
Fbxo21	-12.806225	-9.352346
Tesc	-13.077377	-9.623499
Fbxw8	-12.434661	-8.9807825
Rnft2	-16.089638	-12.63576
2410131K14Rik	-13.427051	-9.973172
Med13l	-11.263995	-7.8101172
Tbx3	-15.108809	-11.654931
Tbx5	-16.495104	-13.041225
Rbm19	-13.6047325	-10.150854
Sdsl	-15.578814	-12.124935
Gm15690	-16.089638	-12.63576
Plbd2	-11.458151	-8.004272
Slc8b1	-13.35961	-9.905731
Tpcn1	-12.515422	-9.061543
Iqcd	-16.495104	-13.041225
Rita1	-13.550665	-10.0967865
Ddx54	-12.119347	-8.665468
Dtx1	-13.180918	-9.727039
Oas2	-16.495104	-13.041225
Oas1e	-17.188251	-13.734373
Oas1c	-16.089638	-12.63576
Oas1a	-16.089638	-12.63576
Ptpn11	-11.070154	-7.6162763
Rpl6	-7.881328	-4.4274507
Hectd4	-12.806225	-9.352346
Trafd1	-11.481141	-8.027263
Gm42917	-17.188251	-13.734373
Gm42918	-14.991027	-11.537148
Naa25	-13.045116	-9.591238
Erp29	-10.581601	-7.127723
Tmem116	-16.495104	-13.041225
Adam1a	-15.801957	-12.348079
Mapkapk5	-14.192519	-10.738641
Aldh2	-9.575914	-6.1220365
Acad12	-14.480201	-11.026322
Acad10	-15.108809	-11.654931
Brap	-12.553522	-9.099644
Atxn2	-11.772151	-8.318273
Gm16552	-17.188251	-13.734373
Sh2b3	-12.553522	-9.099644
Pheta1	-13.787054	-10.333176
Cux2	-15.801957	-12.348079
Ccdc63	-17.188251	-13.734373
Ppp1cc	-11.557039	-8.103161
Hvcn1	-14.297879	-10.844001
Tctn1	-13.969376	-10.515497
Pptc7	-12.225407	-8.771528
Rad9b	-15.801957	-12.348079
Vps29	-10.889302	-7.4354243
Fam216a	-12.7456	-9.291721
Gpn3	-12.666463	-9.2125845
Arpc3	-10.303764	-6.8498864
Gm42829	-16.089638	-12.63576
Anapc7	-11.310515	-7.8566375
Atp2a2	-9.756951	-6.3030734
Ift81	-12.040756	-8.586878
P2rx7	-14.143728	-10.68985
P2rx4	-12.54386	-9.089982
Camkk2	-11.799179	-8.345301
Anapc5	-10.828677	-7.3747993
Rnf34	-12.50612	-9.052241
Kdm2b	-13.661891	-10.208013
A930024E05Rik	-16.495104	-13.041225
Orai1	-12.320717	-8.866838
Morn3	-16.495104	-13.041225
Tmem120b	-14.355038	-10.901159
Rhof	-15.242341	-11.788463
AI480526	-14.549193	-11.095315
Gm38102	-17.188251	-13.734373
4932422M17Rik	-14.415663	-10.961784
Setd1b	-12.017767	-8.563889
Psmd9	-12.218438	-8.76456
Wdr66	-13.381589	-9.927711
Gm15860	-14.991027	-11.537148
Bcl7a	-12.623903	-9.170025
5830487J09Rik	-17.188251	-13.734373
Gm15747	-17.188251	-13.734373
Mlxip	-12.524812	-9.070933
Gm43813	-14.097209	-10.643331
Gm15751	-17.188251	-13.734373
Diablo	-12.191039	-8.737161
Vps33a	-13.499372	-10.045493
Clip1	-10.919155	-7.465277
Zcchc8	-12.553522	-9.099644
Rsrc2	-10.723662	-7.2697845
Kntc1	-16.495104	-13.041225
Hcar1	-16.089638	-12.63576
Denr	-11.191799	-7.737921
Ccdc62	-14.549193	-11.095315
Hip1r	-12.911585	-9.457706
Vps37b	-12.524812	-9.070933
Abcb9	-13.52469	-10.070811
Ogfod2	-13.1452	-9.691321
Arl6ip4	-11.41993	-7.9660525
Pitpnm2	-12.170971	-8.7170925
Mphosph9	-13.474679	-10.020801
2810006K23Rik	-12.793802	-9.339924
Cdk2ap1	-12.282976	-8.829098
Sbno1	-11.3303175	-7.8764396
Kmt5a	-11.155165	-7.701287
Rilpl2	-12.336221	-8.882342
Snrnp35	-13.969376	-10.515497
Rilpl1	-11.812973	-8.359095
Tmed2	-10.408329	-6.954451
Ddx55	-12.857518	-9.40364
Eif2b1	-12.710915	-9.257036
Gtf2h3	-13.691744	-10.237865
Tctn2	-13.217959	-9.764081
Atp6v0a2	-12.106847	-8.652968
Dnah10	-16.089638	-12.63576
Ccdc92	-14.703344	-11.249466
Zfp664	-11.915252	-8.461373
Rflna	-14.355038	-10.901159
Ncor2	-11.508079	-8.0542
Scarb1	-13.550665	-10.0967865
Ubc	-8.492577	-5.038699
Gm10382	-15.578814	-12.124935
Dhx37	-14.097209	-10.643331
Bri3bp	-12.806225	-9.352346
Aacs	-13.787054	-10.333176
Tmem132b	-16.495104	-13.041225
Slc15a4	-13.199267	-9.745389
Fzd10os	-17.188251	-13.734373
Stx2	-12.040756	-8.586878
Ran	-10.381422	-6.927544
Adgrd1	-12.460863	-9.006985
Sfswap	-12.125656	-8.671778
Mmp17	-12.100655	-8.646776
Zfp11	-14.885666	-11.4317875
Mrps17	-11.3771105	-7.9232326
Nipsnap2	-12.573131	-9.119252
Gm15903	-17.188251	-13.734373
Psph	-13.013864	-9.559985
Cct6a	-10.825223	-7.371345
Sumf2	-13.061116	-9.607238
Phkg1	-12.831542	-9.377664
Chchd2	-8.727628	-5.2737503
Zbed5	-15.108809	-11.654931
Nupr1l	-15.108809	-11.654931
Vkorc1l1	-12.603284	-9.1494055
Gusb	-11.781079	-8.327201
Asl	-12.666463	-9.2125845
Crcp	-12.968743	-9.514865
Tpst1	-11.4356785	-7.9818006
Kctd7	-14.6233015	-11.169423
Rabgef1	-12.443319	-8.989441
Tmem248	-11.817613	-8.363734
Gm6598	-15.801957	-12.348079
Sbds	-10.955803	-7.501925
Tyw1	-13.077377	-9.623499
Galnt17	-13.754264	-10.300385
Gm29681	-17.188251	-13.734373
Auts2	-10.39703	-6.943152
Castor2	-12.563278	-9.1094
Rcc1l	-13.256426	-9.802547
Gtf2ird2	-14.052757	-10.598879
Ncf1	-16.495104	-13.041225
Gtf2i	-11.404426	-7.9505477
Gm43480	-17.188251	-13.734373
Gtf2ird1	-13.013864	-9.559985
Clip2	-13.427051	-9.973172
Rfc2	-12.563278	-9.1094
Lat2	-17.188251	-13.734373
Eif4h	-10.92867	-7.474792
Limk1	-14.243813	-10.789934
Gm10369	-15.242341	-11.788463
Eln	-8.193582	-4.739704
Gm30003	-17.188251	-13.734373
Cldn13	-17.188251	-13.734373
Mettl27	-13.892414	-10.438536
Cldn3	-13.6047325	-10.150854
Abhd11	-12.515422	-9.061543
Stx1a	-12.61354	-9.159661
Bud23	-12.392461	-8.938582
Dnajc30	-12.282976	-8.829098
Vps37d	-13.427051	-9.973172
Mlxipl	-15.242341	-11.788463
Tbl2	-13.013864	-9.559985
Bcl7b	-11.296607	-7.842729
Baz1b	-11.32462	-7.8707423
Fzd9	-15.578814	-12.124935
Nsun5	-13.691744	-10.237865
Pom121	-12.351969	-8.89809
Hip1	-11.094682	-7.640804
Rhbdd2	-12.870763	-9.416884
Gm43091	-15.578814	-12.124935
Por	-10.981675	-7.527797
Tmem120a	-12.573131	-9.119252
Styxl1	-16.495104	-13.041225
Mdh2	-10.67058	-7.216702
Srrm3	-16.495104	-13.041225
Hspb1	-7.940229	-4.4863515
Ywhag	-11.616097	-8.162219
Ssc4d	-16.089638	-12.63576
Dtx2	-13.276228	-9.82235
Upk3b	-12.50612	-9.052241
Upk3bl	-17.188251	-13.734373
Rasa4	-13.450582	-9.996703
Polr2j	-10.95974	-7.5058618
Lrwd1	-13.474679	-10.020801
Alkbh4	-14.6233015	-11.169423
Orai2	-14.6233015	-11.169423
Prkrip1	-12.359938	-8.906059
Sh2b2	-15.801957	-12.348079
Cux1	-11.01655	-7.562672
Ift22	-12.911585	-9.457706
4933404O12Rik	-14.355038	-10.901159
Fis1	-10.194318	-6.74044
Cldn15	-14.010198	-10.556319
Znhit1	-11.293848	-7.83997
Plod3	-11.542804	-8.088925
Ap1s1	-11.855533	-8.401654
Serpine1	-10.270545	-6.816667
Trim56	-11.951809	-8.497931
Muc3a	-17.188251	-13.734373
Ache	-16.495104	-13.041225
Ufsp1	-14.243813	-10.789934
Srrt	-11.957143	-8.503264
Trip6	-11.616097	-8.162219
Slc12a9	-13.969376	-10.515497
Ephb4	-12.9541445	-9.500266
Pop7	-12.40076	-8.946881
9130604C24Rik	-16.495104	-13.041225
Gm8066	-16.089638	-12.63576
Gigyf1	-12.082306	-8.6284275
Gnb2	-9.852617	-6.3987393
Tfr2	-15.578814	-12.124935
Mospd3	-12.634375	-9.180496
Pcolce	-9.365806	-5.911928
Fbxo24	-15.801957	-12.348079
Gm36266	-16.495104	-13.041225
Lrch4	-13.180918	-9.727039
Sap25	-13.787054	-10.333176
Irs3	-15.242341	-11.788463
Agfg2	-12.733904	-9.2800255
Nyap1	-14.6233015	-11.169423
Tsc22d4	-10.820064	-7.3661857
Ppp1r35	-12.088385	-8.634506
Mepce	-12.328439	-8.87456
Zcwpw1	-17.188251	-13.734373
Cyp3a13	-15.801957	-12.348079
Zkscan1	-12.443319	-8.989441
Zscan21	-13.237007	-9.783129
Zfp113	-13.856047	-10.402168
Cops6	-10.915374	-7.461496
Mcm7	-13.338103	-9.884225
Ap4m1	-13.237007	-9.783129
Taf6	-12.857518	-9.40364
Cnpy4	-12.2682705	-8.814392
Mblac1	-14.480201	-11.026322
Lamtor4	-10.518753	-7.064875
Map11	-13.969376	-10.515497
6330418K02Rik	-13.691744	-10.237865
Gal3st4	-14.703344	-11.249466
Gpc2	-17.188251	-13.734373
Stag3	-17.188251	-13.734373
Gm10874	-17.188251	-13.734373
Zfp157	-13.632903	-10.179025
Zfp68	-12.426077	-8.9721985
A430033K04Rik	-14.010198	-10.556319
Fam20c	-12.113077	-8.659199
Pdgfa	-10.61877	-7.1648917
6330403L08Rik	-13.180918	-9.727039
Prkar1b	-14.790356	-11.336477
Gm15672	-15.578814	-12.124935
Dnaaf5	-14.297879	-10.844001
Sun1	-12.1512985	-8.69742
Get4	-11.930756	-8.476877
Adap1	-15.242341	-11.788463
Cox19	-12.106847	-8.652968
3110082I17Rik	-13.632903	-10.179025
Gpr146	-13.199267	-9.745389
C130050O18Rik	-17.188251	-13.734373
Gper1	-17.188251	-13.734373
Zfand2a	-13.450582	-9.996703
Micall2	-14.991027	-11.537148
Ints1	-12.409127	-8.955249
Mafk	-12.082306	-8.6284275
Tmem184a	-16.495104	-13.041225
Psmg3	-12.344064	-8.890185
Mad1l1	-13.450582	-9.996703
Nudt1	-13.856047	-10.402168
Mrm2	-13.856047	-10.402168
Snx8	-13.930155	-10.476276
Eif3b	-11.448458	-7.99458
Chst12	-11.501276	-8.047398
Lfng	-14.355038	-10.901159
Ttyh3	-13.404061	-9.950183
Iqce	-14.097209	-10.643331
Brat1	-13.969376	-10.515497
Amz1	-16.089638	-12.63576
Gna12	-12.064287	-8.610409
Sdk1	-14.6233015	-11.169423
Foxk1	-13.127808	-9.673929
Ap5z1	-14.415663	-10.961784
Radil	-13.892414	-10.438536
Papolb	-16.495104	-13.041225
Wipi2	-12.000865	-8.546987
Slc29a4	-15.801957	-12.348079
Tnrc18	-10.987741	-7.5338635
Fbxl18	-12.998596	-9.544718
D430018E03Rik	-15.396492	-11.942614
Actb	-6.970062	-3.5161843
Fscn1	-13.856047	-10.402168
Rnf216	-12.359938	-8.906059
Gm43378	-15.801957	-12.348079
Rbak	-13.820955	-10.367077
Zfp12	-13.820955	-10.367077
Zfp316	-13.930155	-10.476276
E130309D02Rik	-12.939755	-9.485877
Zdhhc4	-12.1512985	-8.69742
0610040B10Rik	-14.885666	-11.4317875
Gm20635	-17.188251	-13.734373
Kdelr2	-10.844371	-7.390493
Daglb	-12.733904	-9.2800255
Rac1	-10.270545	-6.816667
Fam220a	-14.480201	-11.026322
Fam220a-1	-14.703344	-11.249466
Cyth3	-10.853197	-7.399319
Usp42	-12.469752	-9.015874
D130017N08Rik	-14.6233015	-11.169423
Eif2ak1	-12.818803	-9.364924
Aimp2	-12.017767	-8.563889
Pms2	-13.722515	-10.268637
Rsph10b	-17.188251	-13.734373
Ccz1	-12.218438	-8.76456
Lmtk2	-13.722515	-10.268637
Tecpr1	-12.487771	-9.033893
2900089D17Rik	-13.820955	-10.367077
Bri3	-9.294306	-5.840428
Baiap2l1	-14.6233015	-11.169423
Gm15708	-14.355038	-10.901159
Nptx2	-14.549193	-11.095315
Trrap	-12.351969	-8.89809
Smurf1	-12.831542	-9.377664
Arpc1a	-11.191799	-7.737921
Arpc1b	-9.540942	-6.0870643
Pdap1	-10.251908	-6.7980304
Bud31	-11.776605	-8.322726
Ptcd1	-13.52469	-10.070811
Cpsf4	-14.052757	-10.598879
Atp5j2	-9.286134	-5.832256
Zkscan14	-14.297879	-10.844001
Zkscan5	-13.787054	-10.333176
Zfp655	-12.699615	-9.245736
Zscan25	-17.188251	-13.734373
1700001J03Rik	-17.188251	-13.734373
B230303O12Rik	-16.089638	-12.63576
Gm43625	-15.801957	-12.348079
Rnf6	-11.528769	-8.07489
Cdk8	-12.563278	-9.1094
Wasf3	-14.415663	-10.961784
Usp12	-12.818803	-9.364924
Rpl21	-8.250638	-4.7967606
Rasl11a	-11.383116	-7.929238
Gtf3a	-11.785574	-8.331696
Mtif3	-13.237007	-9.783129
Lnx2	-13.276228	-9.82235
Polr1d	-10.392546	-6.938668
Pan3	-12.320717	-8.866838
Flt1	-12.275597	-8.821718
Pomp	-10.2432	-6.7893224
Slc46a3	-14.703344	-11.249466
Gm15721	-15.396492	-11.942614
Mtus2	-10.717451	-7.263573
Slc7a1	-12.593131	-9.139253
Ubl3	-11.061382	-7.6075044
Katnal1	-13.276228	-9.82235
Gm15410	-17.188251	-13.734373
1810059H22Rik	-15.578814	-12.124935
5930430L01Rik	-13.061116	-9.607238
Gm15411	-14.703344	-11.249466
Gm15408	-15.801957	-12.348079
Hmgb1	-9.371834	-5.9179564
Mm2pr	-17.188251	-13.734373
Gm42788	-17.188251	-13.734373
Uspl1	-12.677392	-9.223514
Alox5ap	-14.243813	-10.789934
Medag	-11.145618	-7.6917405
Tex26	-16.089638	-12.63576
Wdr95	-13.691744	-10.237865
Hsph1	-10.664689	-7.210811
B3glct	-12.076263	-8.622385
Fry	-10.930583	-7.476705
Brca2	-14.549193	-11.095315
Gm42531	-16.495104	-13.041225
N4bp2l1	-14.415663	-10.961784
Gm43597	-15.242341	-11.788463
N4bp2l2	-11.404426	-7.9505477
Pds5b	-11.776605	-8.322726
Gm43807	-16.495104	-13.041225
Stard13	-12.818803	-9.364924
D730045B01Rik	-16.089638	-12.63576
1700028E10Rik	-15.578814	-12.124935
Rfc3	-13.381589	-9.927711
Gm8579	-17.188251	-13.734373
Gm20559	-13.427051	-9.973172
Samd9l	-12.046588	-8.59271
Vps50	-13.338103	-9.884225
Tfpi2	-14.991027	-11.537148
Gng11	-10.865685	-7.4118075
Bet1	-11.957143	-8.503264
Col1a2	-7.025635	-3.5717573
Casd1	-12.239491	-8.785613
Sgce	-11.245452	-7.791574
Peg10	-15.801957	-12.348079
Ppp1r9a	-13.296431	-9.842552
Pon3	-11.946504	-8.492625
Pon2	-11.487807	-8.033929
Asb4	-16.495104	-13.041225
Pdk4	-13.550665	-10.0967865
Slc25a13	-17.188251	-13.734373
Gm20619	-14.991027	-11.537148
Sem1	-9.16601	-5.7121325
Dlx6os1	-14.703344	-11.249466
Dlx6	-13.856047	-10.402168
Dlx5	-13.381589	-9.927711
Sdhaf3	-13.256426	-9.802547
Tac1	-17.188251	-13.734373
Asns	-15.108809	-11.654931
C1galt1	-12.094501	-8.640622
Mios	-13.045116	-9.591238
Rpa3	-12.563278	-9.1094
Umad1	-14.052757	-10.598879
A430035B10Rik	-14.703344	-11.249466
Glcci1	-12.857518	-9.40364
Ica1	-14.052757	-10.598879
Nxph1	-14.6233015	-11.169423
Ndufa4	-9.1233	-5.669422
Phf14	-11.865241	-8.411363
Thsd7a	-13.577333	-10.123455
Tmem106b	-11.01655	-7.562672
Tmem168	-12.478721	-9.024842
Bmt2	-12.359938	-8.906059
2610001J05Rik	-11.855533	-8.401654
1110019D14Rik	-13.787054	-10.333176
Ppp1r3a	-15.801957	-12.348079
Foxp2	-10.835622	-7.381744
Mdfic	-12.781531	-9.327653
Gm15473	-17.188251	-13.734373
Gm4876	-13.427051	-9.973172
Tes	-11.359305	-7.9054275
D830026I12Rik	-14.703344	-11.249466
Cav2	-11.31332	-7.859442
Cav1	-9.992313	-6.5384355
Gm29591	-17.188251	-13.734373
Met	-15.108809	-11.654931
Capza2	-10.584308	-7.1304297
St7	-13.093906	-9.640028
Wnt2	-14.097209	-10.643331
Cttnbp2	-14.355038	-10.901159
Gm15594	-17.188251	-13.734373
Gm20186	-13.892414	-10.438536
Lsm8	-11.635291	-8.181413
Tspan12	-13.474679	-10.020801
Ing3	-12.351969	-8.89809
Cped1	-9.106776	-5.6528983
Wnt16	-11.860375	-8.406497
Fam3c	-11.380109	-7.926231
Ptprz1	-10.830409	-7.376531
Aass	-14.243813	-10.789934
Cadps2	-15.801957	-12.348079
Iqub	-16.495104	-13.041225
Ndufa5	-9.814877	-6.3609986
Lmod2	-16.089638	-12.63576
Wasl	-11.222104	-7.768226
Pot1a	-13.722515	-10.268637
6530409C15Rik	-17.188251	-13.734373
Zfp800	-12.297902	-8.844024
Gcc1	-13.661891	-10.208013
Arf5	-10.175235	-6.721357
Snd1	-12.082306	-8.6284275
Lrrc4	-16.089638	-12.63576
Rbm28	-11.699313	-8.245435
Prrt4	-15.396492	-11.942614
Impdh1	-13.045116	-9.591238
Hilpda	-13.013864	-9.559985
Fam71f2	-16.089638	-12.63576
Calu	-10.210037	-6.7561593
Ccdc136	-13.52469	-10.070811
Flnc	-11.646988	-8.1931095
Atp6v1f	-10.041479	-6.587601
Kcp	-15.578814	-12.124935
Irf5	-16.089638	-12.63576
Tnpo3	-11.772151	-8.318273
Tspan33	-16.089638	-12.63576
Smo	-11.711787	-8.257909
Ahcyl2	-12.939755	-9.485877
Strip2	-16.495104	-13.041225
Nrf1	-12.870763	-9.416884
Ube2h	-10.938276	-7.4843984
Zc3hc1	-13.093906	-9.640028
Klhdc10	-12.781531	-9.327653
1700012C14Rik	-17.188251	-13.734373
Tmem209	-13.296431	-9.842552
Cep41	-12.998596	-9.544718
Mest	-14.143728	-10.68985
Copg2	-12.9541445	-9.500266
Tsga13	-17.188251	-13.734373
Lncpint	-12.870763	-9.416884
2210408F21Rik	-12.870763	-9.416884
Mkln1os	-16.089638	-12.63576
Mkln1	-11.272049	-7.818171
Podxl	-13.930155	-10.476276
Gm13848	-17.188251	-13.734373
Plxna4	-12.197819	-8.74394
Plxna4os1	-16.495104	-13.041225
Chchd3	-11.790089	-8.33621
Exoc4	-11.951809	-8.497931
Slc35b4	-12.844445	-9.390567
Akr1b3	-11.087933	-7.6340547
Akr1b8	-12.76941	-9.315532
Akr1b10	-13.061116	-9.607238
Bpgm	-12.781531	-9.327653
Cald1	-7.889533	-4.4356556
Gm13861	-12.125656	-8.671778
Agbl3	-14.010198	-10.556319
Tmem140	-12.191039	-8.737161
Cyren	-13.52469	-10.070811
Wdr91	-14.010198	-10.556319
Slc23a4	-16.495104	-13.041225
Cnot4	-11.395237	-7.941359
Nup205	-13.296431	-9.842552
1810058I24Rik	-10.61877	-7.1648917
Slc13a4	-16.495104	-13.041225
Fam180a	-14.143728	-10.68985
Mtpn	-10.889302	-7.4354243
Chrm2	-15.801957	-12.348079
Ptn	-12.3679695	-8.914091
Creb3l2	-10.691476	-7.237598
Trim24	-12.023465	-8.569587
Svopl	-17.188251	-13.734373
Atp6v0a4	-16.089638	-12.63576
D630045J12Rik	-14.097209	-10.643331
Zc3hav1l	-13.691744	-10.237865
Zc3hav1	-12.496903	-9.043025
Ttc26	-14.192519	-10.738641
Ubn2	-11.442048	-7.98817
Fmc1	-10.977651	-7.5237727
Luc7l2	-10.393664	-6.9397864
Klrg2	-15.108809	-11.654931
Clec2l	-17.188251	-13.734373
Hipk2	-12.831542	-9.377664
Parp12	-13.180918	-9.727039
4930599N23Rik	-16.495104	-13.041225
Kdm7a	-11.935978	-8.4821
Gm49041	-14.480201	-11.026322
Slc37a3	-12.76941	-9.315532
Rab19	-15.801957	-12.348079
Mkrn1	-12.012101	-8.558223
Gm10244	-16.495104	-13.041225
Dennd2a	-13.013864	-9.559985
Adck2	-13.632903	-10.179025
Gm16272	-17.188251	-13.734373
Ndufb2	-9.892516	-6.438638
Braf	-11.803756	-8.349877
Mrps33	-11.076784	-7.622906
Tmem178b	-16.089638	-12.63576
Agk	-13.338103	-9.884225
E330009J07Rik	-15.242341	-11.788463
Ssbp1	-11.494519	-8.040641
5830405F06Rik	-17.188251	-13.734373
Ephb6	-13.722515	-10.268637
Gstk1	-12.443319	-8.989441
Casp2	-13.450582	-9.996703
Fam131b	-14.6233015	-11.169423
Zyx	-9.32961	-5.8757324
Epha1	-13.892414	-10.438536
2010310C07Rik	-15.396492	-11.942614
Tas2r143	-17.188251	-13.734373
Tcaf2	-13.632903	-10.179025
Tcaf1	-11.162385	-7.708507
Gm44731	-17.188251	-13.734373
Arhgef5	-12.478721	-9.024842
Tpk1	-14.415663	-10.961784
9430018G01Rik	-17.188251	-13.734373
Cntnap2	-15.242341	-11.788463
Cul1	-11.189315	-7.735437
Ezh2	-13.450582	-9.996703
Pdia4	-11.229826	-7.775948
Zfp398	-12.925571	-9.471693
Zfp282	-13.474679	-10.020801
Zfp212	-13.450582	-9.996703
Zfp956	-14.885666	-11.4317875
Zfp777	-13.162899	-9.709021
Zfp746	-13.029368	-9.57549
Gm44696	-17.188251	-13.734373
Krba1	-13.52469	-10.070811
Zfp467	-12.006468	-8.552589
Atp6v0e2	-13.296431	-9.842552
Lrrc61	-14.297879	-10.844001
Rarres2	-8.88996	-5.4360824
Repin1	-13.661891	-10.208013
Zfp775	-14.010198	-10.556319
Gimap8	-15.801957	-12.348079
Gimap9	-16.089638	-12.63576
Gimap4	-14.991027	-11.537148
Gimap6	-14.010198	-10.556319
Gimap1	-15.396492	-11.942614
Gimap5	-17.188251	-13.734373
4833403J16Rik	-17.188251	-13.734373
Tmem176b	-11.461403	-8.0075245
Tmem176a	-11.875045	-8.421166
Gpnmb	-11.772151	-8.318273
Malsu1	-11.855533	-8.401654
Igf2bp3	-15.396492	-11.942614
Tra2a	-11.206837	-7.752959
Ccdc126	-13.217959	-9.764081
Fam221a	-14.790356	-11.336477
Npy	-13.217959	-9.764081
Mpp6	-11.508079	-8.0542
Gsdme	-13.450582	-9.996703
Osbpl3	-11.711787	-8.257909
Cycs	-11.035519	-7.5816407
5430402O13Rik	-15.801957	-12.348079
4921507P07Rik	-16.089638	-12.63576
C530044C16Rik	-17.188251	-13.734373
Nfe2l3	-16.495104	-13.041225
Hnrnpa2b1	-9.982615	-6.5287375
Cbx3	-10.582953	-7.1290755
Snx10	-12.857518	-9.40364
Skap2	-11.781079	-8.327201
Halr1	-16.089638	-12.63576
Hoxa1	-15.242341	-11.788463
Hotairm1	-11.124466	-7.670588
Hoxa2	-13.722515	-10.268637
Hoxaas2	-13.856047	-10.402168
Hoxa3	-12.3679695	-8.914091
Gm15050	-13.52469	-10.070811
Hoxaas3	-14.885666	-11.4317875
Hoxa4	-14.143728	-10.68985
Hoxa5	-12.351969	-8.89809
Hoxa6	-15.801957	-12.348079
Hoxa7	-11.711787	-8.257909
Hoxa9	-13.892414	-10.438536
Hoxa10	-13.217959	-9.764081
Hoxa11	-14.297879	-10.844001
Hoxa11os	-15.801957	-12.348079
Hoxa13	-16.495104	-13.041225
Hibadh	-11.635291	-8.181413
Tax1bp1	-10.305814	-6.851936
Jazf1	-14.6233015	-11.169423
Creb5	-10.915374	-7.461496
Tril	-13.237007	-9.783129
Chn2	-13.892414	-10.438536
9530036M11Rik	-16.089638	-12.63576
Gm15527	-15.801957	-12.348079
9130019P16Rik	-16.089638	-12.63576
Prr15	-13.691744	-10.237865
Wipf3	-14.415663	-10.961784
Scrn1	-12.452053	-8.998175
Fkbp14	-12.094501	-8.640622
Plekha8	-13.722515	-10.268637
Mturn	-12.563278	-9.1094
Znrf2	-13.1452	-9.691321
Nod1	-13.237007	-9.783129
Ggct	-13.180918	-9.727039
Gars	-11.865241	-8.411363
Crhr2	-14.790356	-11.336477
Inmt	-10.585663	-7.131785
Mindy4	-13.427051	-9.973172
Aqp1	-10.92867	-7.474792
6430584L05Rik	-17.188251	-13.734373
Adcyap1r1	-14.355038	-10.901159
Pde1c	-14.885666	-11.4317875
Lsm5	-11.619906	-8.166028
Avl9	-12.968743	-9.514865
Kbtbd2	-12.688441	-9.234563
Fkbp9	-10.163602	-6.709724
Nt5c3	-12.939755	-9.485877
Ppm1k	-13.093906	-9.640028
Herc6	-13.217959	-9.764081
Lancl2	-13.296431	-9.842552
Vopp1	-12.968743	-9.514865
Abcg2	-12.655652	-9.201774
Herc3	-13.820955	-10.367077
Nap1l5	-13.787054	-10.333176
Fam13a	-12.884186	-9.430307
Gm45060	-17.188251	-13.734373
Tigd2	-12.460863	-9.006985
Gprin3	-15.578814	-12.124935
Snca	-15.242341	-11.788463
Mmrn1	-12.496903	-9.043025
Ccser1	-16.089638	-12.63576
Grid2	-15.242341	-11.788463
Smarcad1	-12.452053	-8.998175
Hpgds	-17.188251	-13.734373
Ndnf	-14.052757	-10.598879
Gm16838	-16.495104	-13.041225
Prdm5	-12.968743	-9.514865
Mad2l1	-14.415663	-10.961784
Gng12	-10.70209	-7.2482123
Gadd45a	-13.427051	-9.973172
E230016M11Rik	-16.089638	-12.63576
A430010J10Rik	-16.495104	-13.041225
Serbp1	-9.641805	-6.187927
Il12rb2	-17.188251	-13.734373
Rpia	-12.925571	-9.471693
Eif2ak3	-12.998596	-9.544718
Thnsl2	-13.550665	-10.0967865
Smyd1	-17.188251	-13.734373
Krcc1	-11.124466	-7.670588
Gm44175	-17.188251	-13.734373
Rmnd5a	-11.865241	-8.411363
Rnf103	-12.170971	-8.7170925
Chmp3	-10.675021	-7.2211432
Kdm3a	-12.968743	-9.514865
Reep1	-13.550665	-10.0967865
Mrpl35	-11.794623	-8.340745
Immt	-11.336048	-7.88217
Ptcd3	-12.884186	-9.430307
Polr1a	-12.939755	-9.485877
St3gal5	-12.058352	-8.604474
Gm38832	-17.188251	-13.734373
Atoh8	-12.392461	-8.938582
Usp39	-12.857518	-9.40364
Gm45051	-14.243813	-10.789934
0610030E20Rik	-12.469752	-9.015874
Tmem150a	-12.351969	-8.89809
Rnf181	-12.239491	-8.785613
Vamp5	-11.750172	-8.296293
Vamp8	-10.747305	-7.293427
Ggcx	-12.239491	-8.785613
Mat2a	-10.606226	-7.152348
Sh2d6	-17.188251	-13.734373
Capg	-11.172094	-7.7182164
Elmod3	-13.52469	-10.070811
Retsat	-13.450582	-9.996703
Tgoln1	-10.7505	-7.296622
Gm20536	-15.108809	-11.654931
Tcf7l1	-11.438858	-7.98498
Gm15402	-16.495104	-13.041225
Kcmf1	-11.282889	-7.8290114
Gm26640	-17.188251	-13.734373
Tmsb10	-8.561666	-5.1077876
Dnah6	-16.495104	-13.041225
Suclg1	-11.039783	-7.5859046
Gm44166	-17.188251	-13.734373
Gm20594	-15.578814	-12.124935
Gcfc2	-14.010198	-10.556319
Mrpl19	-12.573131	-9.119252
Eva1a	-13.892414	-10.438536
Pole4	-11.57148	-8.117601
Hk2	-11.728665	-8.274787
M1ap	-15.242341	-11.788463
Dok1	-12.40076	-8.946881
Loxl3	-12.218438	-8.76456
Htra2	-12.164371	-8.710492
Aup1	-11.575123	-8.121244
Dqx1	-16.495104	-13.041225
Pcgf1	-13.6047325	-10.150854
Lbx2	-16.495104	-13.041225
Ccdc142	-16.089638	-12.63576
Ccdc142os	-15.578814	-12.124935
Mrpl53	-11.293848	-7.83997
Mogs	-13.199267	-9.745389
Wbp1	-11.826959	-8.37308
Ino80b	-12.100655	-8.646776
Rtkn	-13.276228	-9.82235
Wdr54	-14.243813	-10.789934
Dctn1	-11.392193	-7.938315
Slc4a5	-17.188251	-13.734373
Mthfd2	-12.38423	-8.930351
Mob1a	-11.491158	-8.037279
Bola3	-10.837365	-7.383487
Tet3	-12.2537775	-8.799899
B230319C09Rik	-16.089638	-12.63576
Dguok	-11.474518	-8.020639
Actg2	-10.255803	-6.801925
Stambp	-12.290411	-8.836533
Tex261	-11.383116	-7.929238
Nagk	-11.401354	-7.947476
Paip2b	-12.376067	-8.922189
Zfp638	-11.344707	-7.8908286
Gm43920	-16.495104	-13.041225
Dysf	-12.925571	-9.471693
Cyp26b1	-13.52469	-10.070811
Exoc6b	-12.144826	-8.690948
Gm5878	-17.188251	-13.734373
Spr	-11.32462	-7.8707423
Sfxn5	-14.885666	-11.4317875
Rab11fip5	-12.7456	-9.291721
Smyd5	-14.010198	-10.556319
Pradc1	-12.806225	-9.352346
Cct7	-10.493689	-7.0398107
Fbxo41	-17.188251	-13.734373
Alms1	-13.632903	-10.179025
Nat8f3	-14.703344	-11.249466
Nat8f1	-13.577333	-10.123455
Tprkb	-12.644957	-9.191078
Dusp11	-10.951881	-7.4980035
Gm19265	-17.188251	-13.734373
Add2	-15.801957	-12.348079
Tgfa	-15.108809	-11.654931
Fam136a	-12.54386	-9.089982
Snrpg	-9.673451	-6.2195735
Pcyox1	-11.978765	-8.524886
Tia1	-11.989754	-8.535875
C87436	-12.757434	-9.3035555
A430078I02Rik	-16.089638	-12.63576
2310040G24Rik	-14.480201	-11.026322
Gm43936	-16.495104	-13.041225
Gm44386	-16.089638	-12.63576
Pcbp1	-10.3562975	-6.9024196
1600020E01Rik	-13.276228	-9.82235
Asprv1	-17.188251	-13.734373
Mxd1	-12.998596	-9.544718
Snrnp27	-10.43832	-6.984442
Gmcl1	-13.061116	-9.607238
Gm44036	-17.188251	-13.734373
Anxa4	-11.471224	-8.017345
2610306M01Rik	-13.127808	-9.673929
Aak1	-12.204644	-8.750766
Nfu1	-11.5252905	-8.071412
Gfpt1	-11.889934	-8.436055
D6Ertd527e	-17.188251	-13.734373
Antxr1	-10.963693	-7.5098147
Gkn1	-16.495104	-13.041225
Gkn3	-14.192519	-10.738641
Prokr1	-15.578814	-12.124935
Aplf	-14.097209	-10.643331
Efcc1	-14.480201	-11.026322
Rab43	-12.197819	-8.74394
Isy1	-12.524812	-9.070933
Cnbp	-9.9796505	-6.5257726
Copg1	-11.383116	-7.929238
Hmces	-13.237007	-9.783129
H1fx	-13.110714	-9.656836
Gm5577	-16.089638	-12.63576
Rab7	-10.703616	-7.249738
Rpn1	-10.697528	-7.24365
Gata2	-14.549193	-11.095315
Eefsec	-13.162899	-9.709021
Gm44264	-17.188251	-13.734373
Ruvbl1	-12.023465	-8.569587
Sec61a1	-10.95974	-7.5058618
Gm44170	-17.188251	-13.734373
Kbtbd12	-17.188251	-13.734373
Gm26588	-17.188251	-13.734373
Mgll	-10.615969	-7.162091
Abtb1	-13.1452	-9.691321
Podxl2	-12.113077	-8.659199
Gm15612	-17.188251	-13.734373
Mcm2	-14.297879	-10.844001
Tpra1	-12.699615	-9.245736
Plxna1	-13.029368	-9.57549
Chchd6	-12.218438	-8.76456
Txnrd3	-12.9541445	-9.500266
Zxdc	-13.061116	-9.607238
Klf15	-12.113077	-8.659199
Gm44421	-15.242341	-11.788463
Aldh1l1	-15.108809	-11.654931
Slc41a3	-12.563278	-9.1094
Iqsec1	-11.831665	-8.377787
Hdac11	-13.474679	-10.020801
Fbln2	-10.5721855	-7.1183076
1810044D09Rik	-15.578814	-12.124935
Chchd4	-12.9541445	-9.500266
Tmem43	-11.4262	-7.972322
Xpc	-12.53429	-9.080412
Lsm3	-11.5252905	-8.071412
Slc6a6	-10.740945	-7.287067
Grip2	-12.426077	-8.9721985
Ccdc174	-12.138395	-8.684517
4930590J08Rik	-15.396492	-11.942614
Fgd5	-13.787054	-10.333176
Nr2c2	-11.962504	-8.508626
Mrps25	-11.686993	-8.233114
Rbsn	-12.870763	-9.416884
Prickle2	-13.110714	-9.656836
Adamts9	-13.31705	-9.863172
A730049H05Rik	-16.089638	-12.63576
Gm15737	-15.108809	-11.654931
9530026P05Rik	-13.256426	-9.802547
Magi1	-13.754264	-10.300385
Slc25a26	-14.192519	-10.738641
Lrig1	-13.045116	-9.591238
Kbtbd8	-16.495104	-13.041225
Suclg2	-11.464666	-8.010788
Tafa1	-12.968743	-9.514865
1700123L14Rik	-17.188251	-13.734373
Eogt	-12.925571	-9.471693
Tmf1	-11.362251	-7.9083734
Uba3	-12.282976	-8.829098
Arl6ip5	-10.509909	-7.0560308
Lmod3	-15.578814	-12.124935
Frmd4b	-12.857518	-9.40364
Mitf	-12.793802	-9.339924
Gm765	-15.108809	-11.654931
Foxp1	-10.076739	-6.6228614
Gm20705	-15.801957	-12.348079
Eif4e3	-12.573131	-9.119252
Gpr27	-13.499372	-10.045493
Rybp	-12.40076	-8.946881
Shq1	-14.480201	-11.026322
Gxylt2	-10.142474	-6.6885962
Ppp4r2	-11.124466	-7.670588
Pdzrn3	-11.957143	-8.503264
Chl1	-16.089638	-12.63576
Cntn6	-14.143728	-10.68985
Trnt1	-12.225407	-8.771528
Crbn	-12.515422	-9.061543
Lrrn1	-13.722515	-10.268637
Setmar	-14.885666	-11.4317875
Sumf1	-12.290411	-8.836533
Itpr1	-10.896682	-7.442804
Bhlhe40	-11.984244	-8.530366
Arl8b	-11.674822	-8.220943
Edem1	-12.100655	-8.646776
Lmcd1	-9.884408	-6.43053
5031434C07Rik	-17.188251	-13.734373
Cav3	-12.469752	-9.015874
Oxtr	-17.188251	-13.734373
Rad18	-14.6233015	-11.169423
Srgap3	-13.127808	-9.673929
Thumpd3	-13.6047325	-10.150854
Gt(ROSA)26Sor	-12.831542	-9.377664
Setd5	-11.451679	-7.9978013
Lhfpl4	-16.089638	-12.63576
Mtmr14	-13.217959	-9.764081
Brpf1	-12.870763	-9.416884
Gm15492	-16.089638	-12.63576
Ogg1	-14.010198	-10.556319
Camk1	-10.809825	-7.355947
Tada3	-12.61354	-9.159661
Arpc4	-11.4356785	-7.9818006
Ttll3	-14.6233015	-11.169423
Rpusd3	-13.856047	-10.402168
Cidec	-17.188251	-13.734373
Jagn1	-11.995295	-8.541416
Il17re	-16.089638	-12.63576
Il17rc	-12.246609	-8.79273
Creld1	-11.915252	-8.461373
Emc3	-11.3161335	-7.8622556
Fancd2	-15.578814	-12.124935
Brk1	-10.67058	-7.216702
Vhl	-13.029368	-9.57549
Irak2	-12.3679695	-8.914091
Tatdn2	-13.045116	-9.591238
Gm26982	-14.885666	-11.4317875
Gm44053	-16.495104	-13.041225
Sec13	-10.95974	-7.5058618
Atp2b2	-14.991027	-11.537148
Hrh1	-16.089638	-12.63576
Atg7	-13.013864	-9.559985
Vgll4	-11.899984	-8.446106
Tamm41	-14.355038	-10.901159
Syn2	-14.703344	-11.249466
Timp4	-12.040756	-8.586878
Pparg	-14.297879	-10.844001
Tsen2	-13.52469	-10.070811
Mkrn2os	-17.188251	-13.734373
Mkrn2	-12.806225	-9.352346
Raf1	-11.593539	-8.139661
D830050J10Rik	-12.757434	-9.3035555
Tmem40	-17.188251	-13.734373
Cand2	-14.097209	-10.643331
Rpl32	-8.235516	-4.781638
Efcab12	-17.188251	-13.734373
Mbd4	-14.703344	-11.249466
Ift122	-13.404061	-9.950183
Rho	-17.188251	-13.734373
Plxnd1	-12.688441	-9.234563
Tmcc1	-12.260998	-8.807119
9530062K07Rik	-17.188251	-13.734373
Washc2	-11.910136	-8.456258
Zfand4	-15.396492	-11.942614
March8	-12.3054495	-8.851571
Zfp422	-13.013864	-9.559985
Rassf4	-13.892414	-10.438536
Depp1	-14.192519	-10.738641
Cxcl12	-10.462018	-7.00814
Zfp637	-11.715981	-8.262102
Zfp239	-15.108809	-11.654931
Gm29509	-17.188251	-13.734373
Hnrnpf	-10.774792	-7.320914
Fxyd4	-15.396492	-11.942614
Rasgef1a	-15.578814	-12.124935
Csgalnact2	-11.532259	-8.078381
Ret	-16.495104	-13.041225
Bms1	-12.1512985	-8.69742
Zfp248	-14.243813	-10.789934
Zfp9	-12.204644	-8.750766
Ankrd26	-12.925571	-9.471693
Cacna1c	-12.53429	-9.080412
Dcp1b	-13.256426	-9.802547
Lrtm2	-15.801957	-12.348079
Adipor2	-12.177616	-8.723738
Wnt5b	-13.930155	-10.476276
Fbxl14	-12.757434	-9.3035555
Erc1	-11.995295	-8.541416
Gm44317	-17.188251	-13.734373
4930540M05Rik	-17.188251	-13.734373
Rad52	-13.577333	-10.123455
Wnk1	-10.53024	-7.076362
B4galnt3	-16.495104	-13.041225
Ccdc77	-13.077377	-9.623499
Kdm5a	-11.817613	-8.363734
Il17ra	-14.192519	-10.738641
Hdhd5	-14.355038	-10.901159
Gm20692	-17.188251	-13.734373
Cecr2	-17.188251	-13.734373
Atp6v1e1	-10.784677	-7.3307986
Bcl2l13	-13.077377	-9.623499
Bid	-15.801957	-12.348079
Mical3	-11.841144	-8.387265
Gm43915	-16.089638	-12.63576
Pex26	-13.930155	-10.476276
Usp18	-14.6233015	-11.169423
Gm44148	-15.396492	-11.942614
Slc6a13	-16.089638	-12.63576
Slc6a12	-16.495104	-13.041225
M6pr	-11.643074	-8.189196
Phc1	-13.045116	-9.591238
Rimklb	-15.242341	-11.788463
Mfap5	-8.716055	-5.2621775
Apobec1	-14.143728	-10.68985
Slc2a3	-14.991027	-11.537148
Gm26826	-15.801957	-12.348079
Foxj2	-12.119347	-8.665468
Necap1	-13.029368	-9.57549
Clec4a3	-16.495104	-13.041225
Clec4n	-17.188251	-13.734373
Pex5	-12.998596	-9.544718
Clstn3	-17.188251	-13.734373
C1rl	-13.474679	-10.020801
C1ra	-10.977651	-7.5237727
C1s1	-10.911608	-7.45773
Lpcat3	-12.417566	-8.963688
Emg1	-11.172094	-7.7182164
Phb2	-11.263995	-7.8101172
Ptpn6	-17.188251	-13.734373
Grcc10	-9.916548	-6.46267
Atn1	-11.772151	-8.318273
Eno2	-13.930155	-10.476276
Lrrc23	-17.188251	-13.734373
Spsb2	-12.2682705	-8.814392
Tpi1	-10.379211	-6.9253335
Usp5	-12.239491	-8.785613
Cdca3	-17.188251	-13.734373
P3h3	-10.557568	-7.1036897
Gpr162	-16.495104	-13.041225
Cd4	-16.495104	-13.041225
Lag3	-14.415663	-10.961784
Ptms	-8.795261	-5.3413835
Mlf2	-10.354142	-6.9002643
Cops7a	-11.822275	-8.368397
Pianp	-15.108809	-11.654931
Zfp384	-13.31705	-9.863172
Ing4	-12.144826	-8.690948
Acrbp	-14.549193	-11.095315
Chd4	-10.44655	-6.9926724
Nop2	-13.217959	-9.764081
Iffo1	-13.127808	-9.673929
Gapdh	-9.138504	-5.6846266
Ncapd2	-14.549193	-11.095315
Mrpl51	-11.037648	-7.5837703
Vamp1	-15.578814	-12.124935
Tapbpl	-13.093906	-9.640028
Cd27	-15.578814	-12.124935
Ltbr	-11.941227	-8.487349
Scnn1a	-15.578814	-12.124935
Tnfrsf1a	-11.336048	-7.88217
Cd9	-8.772426	-5.318548
Gm26728	-16.495104	-13.041225
Vwf	-13.787054	-10.333176
Ano2	-13.892414	-10.438536
Ntf3	-11.250715	-7.7968373
Kcna5	-15.108809	-11.654931
Kcna1	-14.991027	-11.537148
Kcna6	-14.790356	-11.336477
Ndufa9	-11.73293	-8.279052
Dyrk4	-17.188251	-13.734373
D6Wsu163e	-13.550665	-10.0967865
Tigar	-14.355038	-10.901159
Ccnd2	-9.522497	-6.0686197
9330179D12Rik	-15.578814	-12.124935
Parp11	-14.192519	-10.738641
Cracr2a	-15.396492	-11.942614
Tspan11	-10.975645	-7.521767
Tspan9	-12.38423	-8.930351
9330102E08Rik	-17.188251	-13.734373
Gm10010	-16.089638	-12.63576
Tead4	-17.188251	-13.734373
Tulp3	-12.983559	-9.52968
Gm44190	-16.089638	-12.63576
Rhno1	-13.127808	-9.673929
Foxm1	-15.578814	-12.124935
Nrip2	-15.242341	-11.788463
Itfg2	-12.968743	-9.514865
Fkbp4	-10.969651	-7.5157733
Gm10069	-15.242341	-11.788463
A2ml1	-17.188251	-13.734373
Gm44066	-16.089638	-12.63576
Gm44067	-17.188251	-13.734373
Klrb1f	-16.495104	-13.041225
Clec2d	-11.8701315	-8.416253
2310001H17Rik	-14.192519	-10.738641
Clec1b	-16.495104	-13.041225
Clec1a	-14.297879	-10.844001
1700101I11Rik	-17.188251	-13.734373
Gabarapl1	-10.973643	-7.5197654
Magohb	-12.144826	-8.690948
Styk1	-15.801957	-12.348079
Ybx3	-10.460819	-7.0069413
Smim10l1	-10.878333	-7.424455
Etv6	-12.925571	-9.471693
Bcl2l14	-16.495104	-13.041225
Lrp6	-11.004102	-7.550224
Gm38910	-15.242341	-11.788463
Mansc1	-14.480201	-11.026322
Borcs5	-13.338103	-9.884225
Dusp16	-12.54386	-9.089982
Crebl2	-12.359938	-8.906059
Gpr19	-14.143728	-10.68985
2810454H06Rik	-13.381589	-9.927711
Cdkn1b	-11.307718	-7.8538404
Lockd	-13.661891	-10.208013
Apold1	-13.427051	-9.973172
Ddx47	-12.232424	-8.778545
Gprc5a	-16.089638	-12.63576
Hebp1	-11.407508	-7.95363
Fam234b	-14.355038	-10.901159
Gm36640	-17.188251	-13.734373
Pbp2	-16.495104	-13.041225
Emp1	-11.063568	-7.60969
Gm8994	-17.188251	-13.734373
Atf7ip	-11.930756	-8.476877
Hist4h4	-13.404061	-9.950183
H2afj	-10.294595	-6.840717
Wbp11	-11.389158	-7.9352803
BC049715	-17.188251	-13.734373
Art4	-11.978765	-8.524886
Mgp	-6.3042774	-2.8504
Erp27	-16.495104	-13.041225
Arhgdib	-11.946504	-8.492625
Pde6h	-14.480201	-11.026322
Eps8	-12.998596	-9.544718
Strap	-11.57148	-8.117601
Dera	-13.52469	-10.070811
Mgst1	-10.944084	-7.4902062
Lmo3	-17.188251	-13.734373
Plekha5	-11.831665	-8.377787
Aebp2	-12.012101	-8.558223
Gm30524	-15.396492	-11.942614
Gm28523	-14.991027	-11.537148
Pde3a	-10.50489	-7.0510125
Slco1c1	-15.578814	-12.124935
Gm20400	-17.188251	-13.734373
Pyroxd1	-13.237007	-9.783129
Recql	-13.237007	-9.783129
Golt1b	-12.328439	-8.87456
Spx	-16.495104	-13.041225
Ldhb	-10.705144	-7.251266
Kcnj8	-11.194289	-7.7404113
Abcc9	-10.374806	-6.9209285
Cmas	-12.246609	-8.79273
C2cd5	-13.404061	-9.950183
Etnk1	-12.138395	-8.684517
Sox5	-12.710915	-9.257036
Bcat1	-14.6233015	-11.169423
Casc1	-16.089638	-12.63576
Etfrf1	-12.666463	-9.2125845
Kras	-11.2119	-7.758022
Gm15706	-14.415663	-10.961784
Lmntd1	-14.192519	-10.738641
Tuba3b	-17.188251	-13.734373
Gm15704	-16.089638	-12.63576
Rassf8	-11.817613	-8.363734
Bhlhe41	-11.973315	-8.519437
Sspn	-10.791322	-7.337444
Itpr2	-12.409127	-8.955249
Ints13	-12.793802	-9.339924
Fgfr1op2	-10.872893	-7.4190154
Tm7sf3	-11.461403	-8.0075245
Med21	-11.31332	-7.859442
4930479D17Rik	-17.188251	-13.734373
Stk38l	-11.521825	-8.067946
Arntl2	-14.480201	-11.026322
Ppfibp1	-11.374121	-7.920243
Rep15	-14.355038	-10.901159
Mrps35	-12.1512985	-8.69742
Klhl42	-12.911585	-9.457706
Pthlh	-13.237007	-9.783129
Ccdc91	-13.180918	-9.727039
1700049E15Rik	-16.495104	-13.041225
Far2	-16.495104	-13.041225
Ergic2	-11.491158	-8.037279
Gm17216	-16.089638	-12.63576
Tmtc1	-11.196787	-7.742909
Ipo8	-12.434661	-8.9807825
Caprin2	-14.143728	-10.68985
Sinhcaf	-14.703344	-11.249466
3010003L21Rik	-14.480201	-11.026322
Dennd5b	-12.246609	-8.79273
Etfbkmt	-12.699615	-9.245736
Amn1	-12.757434	-9.3035555
Resf1	-10.833881	-7.3800035
Bicd1	-11.850713	-8.396834
Gm21814	-15.801957	-12.348079
Myadm	-10.290546	-6.8366685
Prkcg	-15.242341	-11.788463
Cacng7	-13.632903	-10.179025
Ndufa3	-9.90343	-6.449552
Tfpt	-12.897792	-9.443913
Prpf31	-12.50612	-9.052241
Cnot3	-11.639175	-8.185297
Leng1	-12.313054	-8.859176
Tmc4	-13.296431	-9.842552
Mboat7	-12.553522	-9.099644
Tsen34	-11.157566	-7.703688
Rps9	-8.136555	-4.682677
Pirb	-15.801957	-12.348079
Ttyh1	-16.495104	-13.041225
Leng8	-12.184305	-8.730427
Leng9	-13.180918	-9.727039
Cdc42ep5	-11.389158	-7.9352803
Gp6	-17.188251	-13.734373
Rdh13	-13.722515	-10.268637
Eps8l1	-14.355038	-10.901159
Ppp1r12c	-10.983693	-7.529815
Tnnt1	-13.6047325	-10.150854
Tnni3	-14.355038	-10.901159
Dnaaf3	-15.801957	-12.348079
Gm15873	-16.089638	-12.63576
Tmem86b	-15.396492	-11.942614
Ppp6r1	-12.710915	-9.257036
Hspbp1	-12.524812	-9.070933
Brsk1	-13.691744	-10.237865
Kmt5c	-13.52469	-10.070811
Cox6b2	-13.077377	-9.623499
Il11	-16.495104	-13.041225
Tmem238	-11.817613	-8.363734
Rpl28	-8.232416	-4.778538
Ube2s	-10.570848	-7.1169705
Isoc2b	-12.409127	-8.955249
Isoc2a	-14.192519	-10.738641
Zfp628	-13.722515	-10.268637
Nat14	-12.857518	-9.40364
Ssc5d	-12.793802	-9.339924
Sbk2	-17.188251	-13.734373
Zfp579	-13.31705	-9.863172
Fiz1	-13.296431	-9.842552
Zfp524	-12.677392	-9.223514
Zfp865	-13.127808	-9.673929
Ccdc106	-15.801957	-12.348079
Zfp784	-14.991027	-11.537148
Gm15510	-14.885666	-11.4317875
Zfp580	-12.177616	-8.723738
U2af2	-11.894946	-8.441068
Epn1	-11.66679	-8.212912
Zfp787	-12.644957	-9.191078
Gm36371	-15.396492	-11.942614
Zfp444	-13.217959	-9.764081
Gm45148	-17.188251	-13.734373
Zfp667	-13.338103	-9.884225
Zfp583	-14.192519	-10.738641
Gm3854	-16.089638	-12.63576
Zfp78	-14.991027	-11.537148
Zfp28	-14.885666	-11.4317875
Zim1	-17.188251	-13.734373
Peg3	-11.720191	-8.266313
Usp29	-17.188251	-13.734373
Zfp954	-14.010198	-10.556319
Zfp773	-17.188251	-13.734373
Zfp418	-15.108809	-11.654931
Zfp772	-14.6233015	-11.169423
Vmn2r29	-16.089638	-12.63576
Clcn4	-11.272049	-7.818171
Zik1	-14.790356	-11.336477
Zfp551	-15.578814	-12.124935
Zfp606	-13.856047	-10.402168
Zscan18	-16.495104	-13.041225
Zfp329	-12.313054	-8.859176
Zfp110	-12.757434	-9.3035555
Gm31152	-17.188251	-13.734373
Zfp128	-15.396492	-11.942614
Zscan22	-13.691744	-10.237865
Rps5	-8.195569	-4.7416916
Rnf225	-15.396492	-11.942614
Zfp324	-14.415663	-10.961784
Zfp446	-13.969376	-10.515497
Slc27a5	-17.188251	-13.734373
Trim28	-11.542804	-8.088925
Zbtb45	-13.404061	-9.950183
Chmp2a	-10.16806	-6.7141824
Ube2m	-10.596578	-7.1426997
Mzf1	-16.089638	-12.63576
Vmn1r86	-16.495104	-13.041225
Zswim9	-13.427051	-9.973172
Lig1	-13.35961	-9.905731
Pla2g4c	-17.188251	-13.734373
Vmn1r90	-15.801957	-12.348079
Selenow	-8.738694	-5.2848167
Nop53	-11.067954	-7.614076
Ehd2	-10.129493	-6.675615
Bicra	-13.661891	-10.208013
Napa	-11.119825	-7.6659474
Kptn	-12.983559	-9.52968
Slc8a2	-13.550665	-10.0967865
Meis3	-12.911585	-9.457706
Dhx34	-13.691744	-10.237865
C5ar2	-16.089638	-12.63576
C5ar1	-17.188251	-13.734373
Inafm1	-12.170971	-8.7170925
Ccdc9	-12.757434	-9.3035555
Bbc3	-13.691744	-10.237865
Sae1	-11.865241	-8.411363
Zc3h4	-12.870763	-9.416884
Gm45509	-15.801957	-12.348079
Tmem160	-10.506143	-7.0522647
Arhgap35	-12.320717	-8.866838
Ap2s1	-10.820064	-7.3661857
Slc1a5	-11.136162	-7.682284
Fkrp	-12.54386	-9.089982
Strn4	-12.61354	-9.159661
Prkd2	-13.691744	-10.237865
9330104G04Rik	-14.790356	-11.336477
Dact3	-10.872893	-7.4190154
Gng8	-12.844445	-9.390567
Ptgir	-13.787054	-10.333176
Calm3	-10.585663	-7.131785
Pnmal2	-13.550665	-10.0967865
Pnmal1	-17.188251	-13.734373
Ccdc8	-12.968743	-9.514865
Ppp5c	-12.070257	-8.616379
Hif3a	-15.801957	-12.348079
Mill2	-12.290411	-8.836533
Pglyrp1	-16.089638	-12.63576
Ccdc61	-13.661891	-10.208013
Nova2	-15.108809	-11.654931
Mypop	-13.127808	-9.673929
Mypopos	-17.188251	-13.734373
Irf2bp1	-12.290411	-8.836533
Sympk	-12.515422	-9.061543
Dmwd	-12.040756	-8.586878
Dmpk	-10.099842	-6.645964
Six5	-12.911585	-9.457706
Fbxo46	-14.355038	-10.901159
Qpctl	-13.35961	-9.905731
Snrpd2	-10.048591	-6.5947127
Eml2	-12.113077	-8.659199
Gpr4	-15.396492	-11.942614
Opa3	-12.232424	-8.778545
Vasp	-11.206837	-7.752959
Ppm1n	-13.930155	-10.476276
Rtn2	-12.655652	-9.201774
Gm26802	-11.250715	-7.7968373
Fosb	-10.043055	-6.5891767
D830036C21Rik	-17.188251	-13.734373
Gm44698	-17.188251	-13.734373
Ercc1	-11.930756	-8.476877
Cd3eap	-12.460863	-9.006985
Ppp1r13l	-13.892414	-10.438536
Ercc2	-13.661891	-10.208013
Gm26852	-16.089638	-12.63576
Klc3	-12.688441	-9.234563
Ckm	-14.355038	-10.901159
A930016O22Rik	-17.188251	-13.734373
Mark4	-13.199267	-9.745389
Exoc3l2	-17.188251	-13.734373
Bloc1s3	-14.052757	-10.598879
Trappc6a	-11.910136	-8.456258
Ppp1r37	-12.082306	-8.6284275
Gemin7	-11.214441	-7.7605634
Clasrp	-13.180918	-9.727039
Relb	-12.53429	-9.080412
Clptm1	-11.728665	-8.274787
Apoc4	-17.188251	-13.734373
Apoc1	-15.578814	-12.124935
Apoe	-8.599296	-5.1454177
Tomm40	-11.754529	-8.300651
Nectin2	-13.296431	-9.842552
Bcam	-9.94331	-6.489432
Cblc	-15.578814	-12.124935
Bcl3	-14.415663	-10.961784
Gm16174	-15.396492	-11.942614
Pvr	-13.52469	-10.070811
Igsf23	-16.495104	-13.041225
Nlrp5	-17.188251	-13.734373
Vmn1r183	-16.495104	-13.041225
Zfp180	-13.256426	-9.802547
Zfp112	-15.108809	-11.654931
Zfp235	-14.010198	-10.556319
Zfp114	-14.991027	-11.537148
Zfp111	-14.010198	-10.556319
Zfp109	-15.801957	-12.348079
Zfp108	-14.991027	-11.537148
Zfp93	-14.703344	-11.249466
Zfp61	-13.969376	-10.515497
Zfp94	-14.192519	-10.738641
Smg9	-13.1452	-9.691321
Irgc1	-17.188251	-13.734373
Plaur	-13.199267	-9.745389
Cadm4	-15.242341	-11.788463
Zfp428	-14.243813	-10.789934
Gm50092	-17.188251	-13.734373
Irgq	-13.1452	-9.691321
Xrcc1	-12.757434	-9.3035555
Zfp575	-14.297879	-10.844001
Ethe1	-11.374121	-7.920243
Phldb3	-17.188251	-13.734373
Gm9844	-14.480201	-11.026322
Rps19	-8.299356	-4.8454785
Cd79a	-17.188251	-13.734373
Arhgef1	-11.528769	-8.07489
Rabac1	-9.271808	-5.81793
Atp1a3	-16.495104	-13.041225
Grik5	-12.968743	-9.514865
Zfp574	-13.474679	-10.020801
Dedd2	-13.661891	-10.208013
Zfp526	-14.790356	-11.336477
Gsk3a	-11.822275	-8.368397
9130221H12Rik	-13.930155	-10.476276
Erf	-12.563278	-9.1094
Cic	-12.218438	-8.76456
Pafah1b3	-13.6047325	-10.150854
Megf8	-12.623903	-9.170025
4732471J01Rik	-17.188251	-13.734373
Lipe	-13.969376	-10.515497
Cxcl17	-17.188251	-13.734373
Ceacam1	-17.188251	-13.734373
Erich4	-17.188251	-13.734373
Dmac2	-13.31705	-9.863172
B3gnt8	-12.844445	-9.390567
Bckdha	-12.164371	-8.710492
Exosc5	-11.910136	-8.456258
Tmem91	-14.703344	-11.249466
B9d2	-12.452053	-8.998175
Tgfb1	-11.984244	-8.530366
Ccdc97	-12.9541445	-9.500266
Hnrnpul1	-11.589829	-8.135951
Axl	-10.39703	-6.943152
Cyp2s1	-15.578814	-12.124935
Gm26707	-17.188251	-13.734373
Gm30146	-17.188251	-13.734373
Cyp2b10	-14.549193	-11.095315
Cyp2f2	-14.885666	-11.4317875
Egln2	-11.803756	-8.349877
Rab4b	-11.589829	-8.135951
Mia	-12.197819	-8.74394
Snrpa	-11.646988	-8.1931095
BC024978	-14.355038	-10.901159
Itpkc	-14.010198	-10.556319
Coq8b	-13.691744	-10.237865
Numbl	-12.297902	-8.844024
Ltbp4	-8.835225	-5.381347
Shkbp1	-13.550665	-10.0967865
Sptbn4	-16.089638	-12.63576
Blvrb	-10.64434	-7.1904616
Sertad3	-12.831542	-9.377664
Sertad1	-11.15038	-7.696502
Prx	-14.703344	-11.249466
Gm15541	-17.188251	-13.734373
Hipk4	-15.578814	-12.124935
Pld3	-11.41681	-7.962932
2310022A10Rik	-13.013864	-9.559985
Akt2	-11.487807	-8.033929
Gm38973	-14.991027	-11.537148
Ttc9b	-15.578814	-12.124935
Map3k10	-12.54386	-9.089982
Zfp607b	-14.010198	-10.556319
Zfp60	-13.404061	-9.950183
Zfp626	-13.338103	-9.884225
Zfp59	-14.991027	-11.537148
Zfp607a	-14.790356	-11.336477
Zfp974	-14.415663	-10.961784
Zfp780b	-13.217959	-9.764081
Zfp850	-15.578814	-12.124935
Psmc4	-11.008234	-7.554356
Fbl	-12.106847	-8.652968
Dyrk1b	-13.820955	-10.367077
Eid2	-12.603284	-9.1494055
Eid2b	-13.381589	-9.927711
Timm50	-12.177616	-8.723738
Supt5	-11.261325	-7.807447
Rps16	-8.041063	-4.5871854
Plekhg2	-11.822275	-8.368397
Zfp36	-11.092426	-7.6385484
Gm44710	-17.188251	-13.734373
Med29	-11.8701315	-8.416253
Paf1	-11.549896	-8.096018
Samd4b	-11.504671	-8.050793
Gmfg	-16.089638	-12.63576
Lrfn1	-17.188251	-13.734373
Pak4	-13.6047325	-10.150854
Fbxo27	-14.143728	-10.68985
Fbxo17	-13.474679	-10.020801
Mrps12	-11.065759	-7.611881
Sars2	-14.480201	-11.026322
Nfkbib	-12.469752	-9.015874
Sirt2	-11.24808	-7.7942023
Rinl	-15.396492	-11.942614
Hnrnpl	-11.224671	-7.7707934
Gm44702	-17.188251	-13.734373
Ech1	-10.7489	-7.2950225
Lgals4	-14.297879	-10.844001
Lgals7	-15.108809	-11.654931
Capn12	-14.790356	-11.336477
Gm44700	-16.089638	-12.63576
Actn4	-9.452818	-5.99894
Gm44699	-15.396492	-11.942614
Eif3k	-9.973746	-6.5198684
Rasgrp4	-17.188251	-13.734373
Fam98c	-12.634375	-9.180496
1110035H17Rik	-14.549193	-11.095315
Spred3	-14.549193	-11.095315
Ggn	-16.495104	-13.041225
Psmd8	-10.439491	-6.9856133
Catsperg1	-16.495104	-13.041225
Kcnk6	-13.787054	-10.333176
Yif1b	-11.067954	-7.614076
2200002D01Rik	-11.678863	-8.224984
Spint2	-10.862102	-7.4082236
Ppp1r14a	-9.156541	-5.702663
Dpf1	-14.885666	-11.4317875
Sipa1l3	-13.427051	-9.973172
Zfp84	-13.110714	-9.656836
Zfp30	-12.9541445	-9.500266
Zfp790	-14.243813	-10.789934
Zfp940	-15.242341	-11.788463
Zfp420	-14.415663	-10.961784
Zfp27	-14.6233015	-11.169423
Zfp383	-13.722515	-10.268637
Zfp74	-13.013864	-9.559985
Zfp568	-12.757434	-9.3035555
Zfp14	-14.243813	-10.789934
Zfp82	-15.242341	-11.788463
Zfp566	-14.480201	-11.026322
Zfp260	-11.461403	-8.0075245
Zfp382	-14.6233015	-11.169423
Zfp146	-13.52469	-10.070811
Cox7a1	-15.242341	-11.788463
Capns1	-9.760512	-6.3066344
Gm26810	-17.188251	-13.734373
Tbcb	-10.784677	-7.3307986
Polr2i	-10.991807	-7.537929
Wdr62	-15.578814	-12.124935
Thap8	-16.495104	-13.041225
Clip3	-11.772151	-8.318273
Alkbh6	-12.260998	-8.807119
Syne4	-16.495104	-13.041225
Sdhaf1	-12.211517	-8.757639
E130208F15Rik	-16.495104	-13.041225
Lrfn3	-13.892414	-10.438536
Tyrobp	-17.188251	-13.734373
Aplp1	-12.806225	-9.352346
Nphs1	-16.089638	-12.63576
Arhgap33	-14.991027	-11.537148
Proser3	-14.143728	-10.68985
Hspb6	-11.070154	-7.6162763
Lin37	-12.710915	-9.257036
Psenen	-10.411744	-6.957866
U2af1l4	-11.889934	-8.436055
Igflr1	-14.790356	-11.336477
Kmt2b	-12.496903	-9.043025
Upk1a	-17.188251	-13.734373
Cox6b1	-9.547647	-6.0937696
Rbm42	-11.119825	-7.6659474
Haus5	-14.097209	-10.643331
Tmem147	-11.250715	-7.7968373
Tmem147os	-15.108809	-11.654931
Gm26935	-14.991027	-11.537148
Sbsn	-13.691744	-10.237865
Dmkn	-14.6233015	-11.169423
Usf2	-11.542804	-8.088925
Gm17077	-17.188251	-13.734373
Gm4673	-14.885666	-11.4317875
Lsr	-15.396492	-11.942614
Fxyd5	-11.014465	-7.5605874
Fxyd7	-13.661891	-10.208013
Fxyd1	-9.105539	-5.651662
Lgi4	-13.450582	-9.996703
Fxyd3	-14.415663	-10.961784
Hpn	-17.188251	-13.734373
Scn1b	-11.467939	-8.014061
Gramd1a	-12.655652	-9.201774
Wtip	-10.593838	-7.13996
Uba2	-11.167228	-7.71335
Pdcd2l	-12.983559	-9.52968
Gpi1	-10.439491	-6.9856133
Gm12758	-15.578814	-12.124935
4931406P16Rik	-11.973315	-8.519437
Lsm14a	-11.73293	-8.279052
Gm44837	-16.495104	-13.041225
Kctd15	-13.127808	-9.673929
Pepd	-12.61354	-9.159661
Cebpg	-11.808353	-8.354475
Cebpa	-14.297879	-10.844001
Slc7a10	-17.188251	-13.734373
Lrp3	-12.53429	-9.080412
Gpatch1	-12.844445	-9.390567
Rhpn2	-14.885666	-11.4317875
Faap24	-14.192519	-10.738641
Cep89	-13.52469	-10.070811
Nudt19	-12.3054495	-8.851571
B230322F03Rik	-16.495104	-13.041225
Rgs9bp	-17.188251	-13.734373
Ankrd27	-12.515422	-9.061543
Pdcd5	-10.0549555	-6.6010776
Dpy19l3	-13.722515	-10.268637
Zfp507	-13.061116	-9.607238
Tshz3	-12.53429	-9.080412
Zfp536	-16.495104	-13.041225
Uri1	-11.995295	-8.541416
Ccne1	-15.801957	-12.348079
1600014C10Rik	-13.450582	-9.996703
Plekhf1	-12.644957	-9.191078
Pop4	-12.7223425	-9.268464
Zfp619	-14.703344	-11.249466
Gm37494	-12.593131	-9.139253
Vstm2b	-13.162899	-9.709021
AI987944	-13.162899	-9.709021
Vmn2r57	-16.089638	-12.63576
AW146154	-14.097209	-10.643331
2610021A01Rik	-14.991027	-11.537148
Zfp788	-13.35961	-9.905731
Zfp141	-14.097209	-10.643331
Gm44997	-16.089638	-12.63576
Zfp977	-15.578814	-12.124935
Zfp976	-13.338103	-9.884225
Zfp975	-14.355038	-10.901159
Vmn2r63	-17.188251	-13.734373
Zfp715	-13.404061	-9.950183
Etfb	-10.545764	-7.091886
Vsig10l	-14.991027	-11.537148
Iglon5	-14.052757	-10.598879
Zfp658	-14.549193	-11.095315
Zfp719	-13.31705	-9.863172
Siglece	-17.188251	-13.734373
Ctu1	-14.355038	-10.901159
Klk10	-16.495104	-13.041225
Klk8	-16.495104	-13.041225
1700028J19Rik	-16.495104	-13.041225
2410002F23Rik	-12.897792	-9.443913
Gm15517	-17.188251	-13.734373
Clec11a	-10.766629	-7.3127513
Shank1	-14.010198	-10.556319
1700008O03Rik	-16.089638	-12.63576
Syt3	-14.885666	-11.4317875
Lrrc4b	-14.991027	-11.537148
Josd2	-11.15038	-7.696502
5430431A17Rik	-13.930155	-10.476276
Emc10	-10.295609	-6.8417315
Fam71e1	-14.885666	-11.4317875
Mybpc2	-14.885666	-11.4317875
Pold1	-13.892414	-10.438536
Nr1h2	-11.549896	-8.096018
Myh14	-17.188251	-13.734373
Zfp473	-16.495104	-13.041225
Vrk3	-12.939755	-9.485877
Atf5	-10.507397	-7.053519
Nup62	-13.013864	-9.559985
Tbc1d17	-11.995295	-8.541416
Akt1s1	-11.855533	-8.401654
Pnkp	-12.553522	-9.099644
Ptov1	-10.426679	-6.9728007
Med25	-12.000865	-8.546987
Fuz	-12.583081	-9.129203
Ap2a1	-11.650917	-8.197039
Tsks	-16.495104	-13.041225
Cpt1c	-12.76941	-9.315532
6530437J22Rik	-16.089638	-12.63576
Prmt1	-11.253357	-7.799479
Gm15545	-15.578814	-12.124935
Bcl2l12	-12.7456	-9.291721
Irf3	-12.138395	-8.684517
Scaf1	-11.879983	-8.426105
Rras	-9.372237	-5.9183593
Prr12	-12.320717	-8.866838
Prrg2	-13.256426	-9.802547
Nosip	-12.106847	-8.652968
Rcn3	-9.148127	-5.6942487
Fcgrt	-10.132938	-6.6790605
Rps11	-8.215533	-4.761656
Rpl13a	-8.590031	-5.136153
Flt3l	-12.282976	-8.829098
Aldh16a1	-13.180918	-9.727039
Pih1d1	-11.930756	-8.476877
Slc17a7	-17.188251	-13.734373
Tead2	-13.691744	-10.237865
Trpm4	-12.733904	-9.2800255
Hrc	-13.256426	-9.802547
Ppfia3	-16.089638	-12.63576
Mtag2	-17.188251	-13.734373
Lin7b	-14.703344	-11.249466
Snrnp70	-10.862102	-7.4082236
Ruvbl2	-12.870763	-9.416884
Gys1	-13.722515	-10.268637
Ftl1	-8.462581	-5.008703
Bax	-10.878333	-7.424455
Dhdh	-14.052757	-10.598879
Tulp2	-16.495104	-13.041225
Nucb1	-10.303764	-6.8498864
Ppp1r15a	-11.037648	-7.5837703
Plekha4	-13.180918	-9.727039
Hsd17b14	-17.188251	-13.734373
Bcat2	-12.204644	-8.750766
Fgf21	-17.188251	-13.734373
Rasip1	-14.6233015	-11.169423
A030001D20Rik	-14.097209	-10.643331
Mamstr	-13.632903	-10.179025
Car11	-12.603284	-9.1494055
Dbp	-10.477728	-7.02385
Sphk2	-12.7223425	-9.268464
Rpl18	-8.368438	-4.91456
Fam83e	-16.089638	-12.63576
Sult2b1	-17.188251	-13.734373
Lmtk3	-14.790356	-11.336477
Cyth2	-11.794623	-8.340745
Grwd1	-13.722515	-10.268637
Grin2d	-14.703344	-11.249466
Kdelr1	-10.53024	-7.076362
Tmem143	-13.754264	-10.300385
Emp3	-9.255171	-5.8012934
Gm45442	-17.188251	-13.734373
Ccdc114	-14.703344	-11.249466
Abcc6	-16.495104	-13.041225
Nomo1	-11.989754	-8.535875
Kcnj11	-14.885666	-11.4317875
Abcc8	-17.188251	-13.734373
Sergef	-13.722515	-10.268637
Gm45311	-17.188251	-13.734373
Saal1	-13.427051	-9.973172
Saa3	-17.188251	-13.734373
Hps5	-13.256426	-9.802547
Gtf2h1	-12.409127	-8.955249
Ldha	-10.214708	-6.7608304
Ldhc	-16.089638	-12.63576
Tsg101	-11.841144	-8.387265
Uevld	-13.31705	-9.863172
Spty2d1	-11.720191	-8.266313
Gm32031	-13.276228	-9.82235
Tmem86a	-13.237007	-9.783129
Zdhhc13	-13.892414	-10.438536
E2f8	-17.188251	-13.734373
Gm2788	-17.188251	-13.734373
Nav2	-11.790089	-8.33621
9130015G15Rik	-17.188251	-13.734373
Htatip2	-13.1452	-9.691321
Prmt3	-13.722515	-10.268637
Fancf	-13.969376	-10.515497
Gas2	-15.396492	-11.942614
Svip	-12.583081	-9.129203
Luzp2	-17.188251	-13.734373
Tubgcp5	-12.50612	-9.052241
Cyfip1	-11.179438	-7.7255597
Nipa2	-12.275597	-8.821718
A230056P14Rik	-15.396492	-11.942614
Nipa1	-13.127808	-9.673929
Gm34121	-17.188251	-13.734373
Herc2	-11.464666	-8.010788
Gabra5	-17.188251	-13.734373
Atp10a	-12.409127	-8.955249
Ube3a	-10.761763	-7.3078847
Snhg14	-14.885666	-11.4317875
Gm38393	-15.801957	-12.348079
Snrpn	-12.487771	-9.033893
A230057D06Rik	-16.495104	-13.041225
A330076H08Rik	-16.089638	-12.63576
Gm9801	-17.188251	-13.734373
Ndn	-11.930756	-8.476877
Mkrn3	-16.089638	-12.63576
Peg12	-16.495104	-13.041225
Klf13	-10.314053	-6.8601747
Gm27252	-17.188251	-13.734373
E030018B13Rik	-17.188251	-13.734373
Trpm1	-17.188251	-13.734373
Mtmr10	-13.632903	-10.179025
Fan1	-14.790356	-11.336477
Mphosph10	-12.046588	-8.59271
Mcee	-11.404426	-7.9505477
Apba2	-16.089638	-12.63576
Nsmce3	-12.132006	-8.678127
Tjp1	-11.612302	-8.158423
Tarsl2	-14.010198	-10.556319
Tm2d3	-11.365205	-7.911327
Pcsk6	-11.808353	-8.354475
Snrpa1	-11.935978	-8.4821
Selenos	-10.022758	-6.5688796
Chsy1	-11.899984	-8.446106
Lrrk1	-11.995295	-8.541416
Gm44752	-17.188251	-13.734373
Aldh1a3	-13.061116	-9.607238
Asb7	-13.077377	-9.623499
Lins1	-14.297879	-10.844001
Cers3	-17.188251	-13.734373
Adamts17	-15.242341	-11.788463
1700112J16Rik	-15.801957	-12.348079
Lysmd4	-13.787054	-10.333176
Mef2a	-10.332842	-6.878964
Lrrc28	-13.6047325	-10.150854
Ttc23	-13.013864	-9.559985
Synm	-11.549896	-8.096018
4833412C05Rik	-14.297879	-10.844001
Igf1r	-11.008234	-7.554356
Pgpep1l	-14.885666	-11.4317875
Fam169b	-15.242341	-11.788463
Arrdc4	-13.754264	-10.300385
Gm44691	-17.188251	-13.734373
Gm29683	-16.089638	-12.63576
Gm44946	-16.495104	-13.041225
Nr2f2	-10.249967	-6.7960887
B130024G19Rik	-13.787054	-10.333176
Gm35842	-16.089638	-12.63576
Gm44813	-17.188251	-13.734373
Gm44812	-17.188251	-13.734373
Gm42397	-15.242341	-11.788463
6030442E23Rik	-16.495104	-13.041225
Gm30075	-17.188251	-13.734373
Rgma	-12.634375	-9.180496
Chd2	-11.920393	-8.466515
Gm44686	-16.495104	-13.041225
1810026B05Rik	-11.989754	-8.535875
Fam174b	-13.013864	-9.559985
Gm21269	-17.188251	-13.734373
St8sia2	-16.495104	-13.041225
Slco3a1	-11.15277	-7.698892
Sv2b	-17.188251	-13.734373
Akap13	-10.475295	-7.021417
AU020206	-13.550665	-10.0967865
Klhl25	-14.243813	-10.789934
Ntrk3	-11.031272	-7.577394
Gm9885	-12.925571	-9.471693
Mrpl46	-12.983559	-9.52968
Mrps11	-12.076263	-8.622385
Det1	-14.192519	-10.738641
Aen	-13.045116	-9.591238
Isg20	-13.1452	-9.691321
Acan	-12.623903	-9.170025
Mfge8	-9.103072	-5.6491942
Abhd2	-12.710915	-9.257036
Polg	-12.583081	-9.129203
Ticrr	-16.089638	-12.63576
Kif7	-15.108809	-11.654931
Pex11a	-14.355038	-10.901159
Mesp2	-17.188251	-13.734373
Anpep	-11.995295	-8.541416
Ap3s2	-12.9541445	-9.500266
5430400D12Rik	-15.801957	-12.348079
Arpin	-12.623903	-9.170025
Zfp710	-13.969376	-10.515497
Gm44949	-17.188251	-13.734373
Idh2	-10.853197	-7.399319
Sema4b	-14.991027	-11.537148
Cib1	-11.920393	-8.466515
Gdpgp1	-14.790356	-11.336477
Ngrn	-12.426077	-8.9721985
Vps33b	-13.550665	-10.0967865
Rccd1	-14.010198	-10.556319
Prc1	-15.578814	-12.124935
Unc45a	-11.41993	-7.9660525
Hddc3	-13.6047325	-10.150854
Man2a2	-12.218438	-8.76456
Fes	-14.703344	-11.249466
Furin	-12.088385	-8.634506
Blm	-15.242341	-11.788463
Crtc3	-10.969651	-7.5157733
Iqgap1	-10.272528	-6.81865
Zscan2	-15.242341	-11.788463
Wdr73	-13.930155	-10.476276
Nmb	-13.722515	-10.268637
Sec11a	-10.637171	-7.183293
Gm44899	-17.188251	-13.734373
Zfp592	-12.524812	-9.070933
Platr32	-16.495104	-13.041225
Pde8a	-13.381589	-9.927711
Rps17	-9.05027	-5.5963926
Cpeb1	-12.757434	-9.3035555
2900076A07Rik	-13.787054	-10.333176
Whamm	-12.496903	-9.043025
Homer2	-14.097209	-10.643331
Ramac	-11.654861	-8.200983
3110040N11Rik	-12.573131	-9.119252
Btbd1	-12.100655	-8.646776
Tm6sf1	-13.013864	-9.559985
Hdgfl3	-11.374121	-7.920243
Bnc1	-15.801957	-12.348079
Gm20744	-17.188251	-13.734373
Sh3gl3	-15.396492	-11.942614
Adamtsl3	-11.831665	-8.377787
Saxo2	-14.355038	-10.901159
Efl1	-13.199267	-9.745389
Mex3b	-14.415663	-10.961784
Gm16638	-15.242341	-11.788463
Stard5	-14.297879	-10.844001
Il16	-13.338103	-9.884225
Tlnrd1	-13.199267	-9.745389
Mesd	-11.181898	-7.72802
Abhd17c	-14.143728	-10.68985
Arnt2	-16.495104	-13.041225
Gm30873	-16.495104	-13.041225
Gm2115	-17.188251	-13.734373
Fah	-13.1452	-9.691321
Zfand6	-11.395237	-7.941359
2610206C17Rik	-17.188251	-13.734373
Folh1	-13.450582	-9.996703
Nox4	-10.181556	-6.727678
Ctsc	-11.915252	-8.461373
Rab38	-14.703344	-11.249466
Tmem135	-12.76941	-9.315532
Fzd4	-11.131467	-7.677589
AI314278	-17.188251	-13.734373
Prss23	-10.06136	-6.6074824
A230065N10Rik	-17.188251	-13.734373
Me3	-14.143728	-10.68985
Hikeshi	-11.528769	-8.07489
Eed	-12.563278	-9.1094
E230029C05Rik	-15.578814	-12.124935
2310010J17Rik	-12.634375	-9.180496
Picalm	-10.664689	-7.210811
Ccdc83	-17.188251	-13.734373
Sytl2	-15.108809	-11.654931
Ccdc89	-17.188251	-13.734373
Crebzf	-12.781531	-9.327653
Tmem126a	-11.812973	-8.359095
Tmem126b	-12.634375	-9.180496
Dlg2	-13.930155	-10.476276
Gm45159	-17.188251	-13.734373
Ccdc90b	-11.772151	-8.318273
Ankrd42	-15.242341	-11.788463
Gm26944	-16.495104	-13.041225
Pcf11	-12.006468	-8.552589
Gm26981	-16.495104	-13.041225
4632427E13Rik	-12.417566	-8.963688
Rab30	-12.806225	-9.352346
Ddias	-15.801957	-12.348079
Prcp	-12.666463	-9.2125845
Fam181b	-15.801957	-12.348079
Nars2	-14.480201	-11.026322
Gab2	-12.017767	-8.563889
Usp35	-14.243813	-10.789934
Kctd21	-14.991027	-11.537148
Alg8	-14.143728	-10.68985
Ndufc2	-10.426679	-6.9728007
Thrsp	-13.722515	-10.268637
Kctd14	-16.089638	-12.63576
Ints4	-13.127808	-9.673929
Aamdc	-11.31332	-7.859442
Rsf1	-11.458151	-8.004272
Clns1a	-12.012101	-8.558223
Aqp11	-14.549193	-11.095315
Pak1	-14.991027	-11.537148
Myo7a	-14.991027	-11.537148
Capn5	-13.499372	-10.045493
Acer3	-12.857518	-9.40364
Tsku	-13.6047325	-10.150854
Lrrc32	-12.177616	-8.723738
Emsy	-11.808353	-8.354475
Thap12	-11.484468	-8.03059
Wnt11	-14.355038	-10.901159
Uvrag	-12.064287	-8.610409
Dgat2	-14.549193	-11.095315
Mogat2	-17.188251	-13.734373
Gm26705	-17.188251	-13.734373
Map6	-12.282976	-8.829098
Gm45591	-17.188251	-13.734373
Serpinh1	-8.797074	-5.343197
Gdpd5	-13.856047	-10.402168
Klhl35	-17.188251	-13.734373
Rps3	-8.34796	-4.8940825
Arrb1	-12.644957	-9.191078
Tpbgl	-13.892414	-10.438536
Gm10605	-15.396492	-11.942614
Slco2b1	-13.077377	-9.623499
Gm15635	-15.801957	-12.348079
Neu3	-14.703344	-11.249466
Spcs2	-10.62722	-7.173342
Rnf169	-13.180918	-9.727039
Chrdl2	-14.991027	-11.537148
Pold3	-12.844445	-9.390567
Lipt2	-13.691744	-10.237865
Kcne3	-17.188251	-13.734373
Pgm2l1	-13.35961	-9.905731
P4ha3	-15.108809	-11.654931
Ppme1	-12.017767	-8.563889
C2cd3	-13.661891	-10.208013
Ucp2	-12.7456	-9.291721
Coa4	-13.969376	-10.515497
Mrpl48	-11.004102	-7.550224
Rab6a	-10.865685	-7.4118075
Plekhb1	-15.242341	-11.788463
Fam168a	-11.445248	-7.9913697
Relt	-16.089638	-12.63576
Arhgef17	-11.256006	-7.8021283
P2ry6	-13.217959	-9.764081
P2ry2	-14.243813	-10.789934
Fchsd2	-11.860375	-8.406497
Atg16l2	-12.7456	-9.291721
Stard10	-12.818803	-9.364924
Arap1	-11.973315	-8.519437
Pde2a	-14.790356	-11.336477
Clpb	-13.029368	-9.57549
Inppl1	-12.460863	-9.006985
Gm10602	-14.6233015	-11.169423
Folr2	-15.801957	-12.348079
Folr1	-16.495104	-13.041225
Anapc15	-13.35961	-9.905731
Lamtor1	-11.090177	-7.6362987
Lrrc51	-13.969376	-10.515497
Numa1	-11.658822	-8.204944
Il18bp	-14.790356	-11.336477
Rnf121	-12.603284	-9.1494055
Xndc1	-13.404061	-9.950183
Nup98	-12.260998	-8.807119
Pgap2	-12.487771	-9.033893
Rhog	-12.344064	-8.890185
Stim1	-11.643074	-8.189196
Rrm1	-12.733904	-9.2800255
Olfr544	-17.188251	-13.734373
Trim21	-13.930155	-10.476276
Olfr550	-16.495104	-13.041225
Trim68	-14.243813	-10.789934
Olfr558	-17.188251	-13.734373
Olfr596	-17.188251	-13.734373
Hbb-bt	-9.996069	-6.542191
Hbb-bs	-8.094782	-4.640904
Olfr633	-16.495104	-13.041225
4930516K23Rik	-17.188251	-13.734373
Trim6	-17.188251	-13.734373
Trim34a	-13.856047	-10.402168
Gm47248	-17.188251	-13.734373
Trim5	-14.243813	-10.789934
Trim12a	-12.983559	-9.52968
Gm15133	-16.495104	-13.041225
Trim12c	-13.045116	-9.591238
Trim30a	-13.754264	-10.300385
Trim30d	-13.892414	-10.438536
Olfr655	-13.045116	-9.591238
Olfr679	-17.188251	-13.734373
Fam160a2	-12.983559	-9.52968
Gm45885	-15.801957	-12.348079
Cnga4	-17.188251	-13.734373
Cavin3	-9.285394	-5.831516
Smpd1	-11.650917	-8.197039
Apbb1	-12.282976	-8.829098
Hpx	-17.188251	-13.734373
Trim3	-12.53429	-9.080412
Arfip2	-12.320717	-8.866838
Timm10b	-10.55625	-7.1023717
Dnhd1	-15.108809	-11.654931
Rrp8	-12.132006	-8.678127
Ilk	-9.927729	-6.4738507
Taf10	-11.067954	-7.614076
Tpp1	-11.140879	-7.6870008
Dchs1	-12.666463	-9.2125845
Mrpl17	-10.963693	-7.5098147
Gvin1	-17.188251	-13.734373
Olfml1	-12.61354	-9.159661
Gm44773	-17.188251	-13.734373
Ppfibp2	-12.939755	-9.485877
Cyb5r2	-16.495104	-13.041225
Nlrp10	-15.578814	-12.124935
Eif3f	-10.032074	-6.578196
Tub	-12.831542	-9.377664
Ric3	-14.010198	-10.556319
Lmo1	-12.593131	-9.139253
Stk33	-15.578814	-12.124935
1700095J03Rik	-16.089638	-12.63576
Trim66	-16.495104	-13.041225
Rpl27a	-8.073211	-4.619333
St5	-10.863893	-7.4100146
Akip1	-12.998596	-9.544718
Ascl3	-17.188251	-13.734373
Tmem9b	-12.260998	-8.807119
Scube2	-16.089638	-12.63576
Dennd5a	-11.438858	-7.98498
Tmem41b	-12.644957	-9.191078
Ipo7	-11.728665	-8.274787
Zfp143	-13.550665	-10.0967865
Wee1	-12.623903	-9.170025
Swap70	-12.409127	-8.955249
Sbf2	-12.017767	-8.563889
Adm	-11.995295	-8.541416
Gm21123	-17.188251	-13.734373
Ampd3	-13.6047325	-10.150854
Rnf141	-12.623903	-9.170025
Lyve1	-12.515422	-9.061543
Mrvi1	-10.725222	-7.2713437
Ctr9	-11.962504	-8.508626
Eif4g2	-9.573938	-6.120061
1700012D14Rik	-14.703344	-11.249466
Galnt18	-13.296431	-9.842552
Usp47	-11.274748	-7.82087
Dkk3	-10.269556	-6.815678
Mical2	-10.658833	-7.2049546
Parva	-10.961715	-7.507837
2310014F06Rik	-16.495104	-13.041225
Tead1	-11.407508	-7.95363
Rassf10	-16.089638	-12.63576
Arntl	-13.296431	-9.842552
Btbd10	-12.806225	-9.352346
Far1	-11.604754	-8.150876
Spon1	-12.50612	-9.052241
Rras2	-12.699615	-9.245736
Copb1	-11.108318	-7.6544404
Psma1	-10.942144	-7.4882665
4933406I18Rik	-17.188251	-13.734373
Pde3b	-13.52469	-10.070811
Cyp2r1	-14.991027	-11.537148
Calcb	-15.242341	-11.788463
Insc	-17.188251	-13.734373
Sox6	-13.474679	-10.020801
Sox6os	-14.790356	-11.336477
1110004F10Rik	-10.499896	-7.046018
Plekha7	-15.108809	-11.654931
Rps13	-8.480272	-5.0263944
Gm44777	-15.396492	-11.942614
Pik3c2a	-11.822275	-8.368397
AV356131	-14.991027	-11.537148
Nucb2	-10.789656	-7.3357778
Gm45151	-15.801957	-12.348079
4732496C06Rik	-16.495104	-13.041225
Xylt1	-12.939755	-9.485877
Rps15a	-8.254455	-4.800577
Arl6ip1	-10.995889	-7.542011
Smg1	-11.879983	-8.426105
Syt17	-15.242341	-11.788463
Itpripl2	-11.209365	-7.755487
Coq7	-11.910136	-8.456258
Tmc7	-15.396492	-11.942614
B230311B06Rik	-16.495104	-13.041225
Gde1	-11.174536	-7.720658
Ccp110	-13.450582	-9.996703
Vps35l	-12.376067	-8.922189
Knop1	-12.076263	-8.622385
Iqck	-15.396492	-11.942614
Gm44763	-17.188251	-13.734373
Gprc5b	-12.666463	-9.2125845
Thumpd1	-12.275597	-8.821718
Acsm3	-16.089638	-12.63576
Eri2	-14.297879	-10.844001
Rexo5	-16.089638	-12.63576
Dcun1d3	-12.983559	-9.52968
Lyrm1	-13.577333	-10.123455
Tmem159	-11.946504	-8.492625
Crym	-15.578814	-12.124935
Uqcrc2	-11.070154	-7.6162763
9030407P20Rik	-15.108809	-11.654931
Mosmo	-11.474518	-8.020639
Vwa3a	-15.108809	-11.654931
Eef2k	-11.884946	-8.431067
Polr3e	-13.276228	-9.82235
Cdr2	-11.643074	-8.189196
Mettl9	-11.546344	-8.092465
Usp31	-13.722515	-10.268637
Cog7	-12.644957	-9.191078
Gga2	-11.845917	-8.392038
Ears2	-14.480201	-11.026322
Ubfd1	-12.328439	-8.87456
Ndufab1	-10.411744	-6.957866
Palb2	-16.495104	-13.041225
Dctn5	-12.593131	-9.139253
Plk1	-16.089638	-12.63576
Chp2	-15.578814	-12.124935
Prkcb	-15.801957	-12.348079
Rbbp6	-11.307718	-7.8538404
Gm20274	-14.6233015	-11.169423
Tnrc6a	-10.59795	-7.144072
Arhgap17	-12.38423	-8.930351
Lcmt1	-12.297902	-8.844024
4933440M02Rik	-17.188251	-13.734373
Kdm8	-14.885666	-11.4317875
Nsmce1	-11.631423	-8.177545
Il4ra	-13.930155	-10.476276
Gtf3c1	-12.469752	-9.015874
D430042O09Rik	-12.806225	-9.352346
Xpo6	-12.452053	-8.998175
Sbk1	-14.703344	-11.249466
Lat	-16.495104	-13.041225
Spns1	-12.184305	-8.730427
Nfatc2ip	-13.930155	-10.476276
Rabep2	-13.1452	-9.691321
Sh2b1	-12.677392	-9.223514
Tufm	-12.426077	-8.9721985
Atxn2l	-11.925561	-8.471683
Eif3c	-10.233612	-6.779734
Cln3	-13.31705	-9.863172
Apobr	-13.969376	-10.515497
Nupr1	-8.34046	-4.886582
2510046G10Rik	-14.6233015	-11.169423
Sgf29	-12.61354	-9.159661
Sult1a1	-11.703454	-8.249576
Slx1b	-13.338103	-9.884225
Bola2	-10.655917	-7.2020392
Coro1a	-17.188251	-13.734373
Mapk3	-11.184364	-7.7304864
Gdpd3	-15.396492	-11.942614
Gm9967	-17.188251	-13.734373
Ypel3	-10.361706	-6.907828
Tbx6	-16.089638	-12.63576
Ppp4c	-12.006468	-8.552589
Aldoa	-9.4380665	-5.984189
Fam57b	-16.495104	-13.041225
Gm44854	-16.089638	-12.63576
Doc2a	-17.188251	-13.734373
Ino80e	-12.052453	-8.598575
Hirip3	-13.237007	-9.783129
Taok2	-12.392461	-8.938582
Tmem219	-11.695189	-8.241311
Kctd13	-13.31705	-9.863172
Sez6l2	-17.188251	-13.734373
Cdiptos	-15.578814	-12.124935
Cdipt	-12.040756	-8.586878
Mvp	-11.879983	-8.426105
Pagr1a	-17.188251	-13.734373
Gm42742	-17.188251	-13.734373
Prrt2	-17.188251	-13.734373
Maz	-11.894946	-8.441068
Kif22	-15.578814	-12.124935
AI467606	-16.089638	-12.63576
Qprt	-15.578814	-12.124935
Cd2bp2	-12.688441	-9.234563
Tbc1d10b	-12.644957	-9.191078
Mylpf	-15.801957	-12.348079
Sept1	-13.029368	-9.57549
Zfp553	-13.450582	-9.996703
Zfp771	-11.4356785	-7.9818006
Dctpp1	-12.469752	-9.015874
Sephs2	-13.427051	-9.973172
Zfp768	-13.577333	-10.123455
Zfp747	-13.856047	-10.402168
9130019O22Rik	-14.549193	-11.095315
E430018J23Rik	-14.192519	-10.738641
Zfp764	-14.010198	-10.556319
Zfp688	-13.577333	-10.123455
Gm45184	-17.188251	-13.734373
Zfp689	-14.885666	-11.4317875
B130055M24Rik	-17.188251	-13.734373
Prr14	-12.313054	-8.859176
Fbrs	-12.793802	-9.339924
1700008J07Rik	-14.355038	-10.901159
Srcap	-12.144826	-8.690948
Tmem265	-14.549193	-11.095315
Phkg2	-12.831542	-9.377664
Ccdc189	-14.885666	-11.4317875
Rnf40	-13.35961	-9.905731
Zfp629	-13.577333	-10.123455
Bcl7c	-11.074569	-7.620691
Gm39090	-15.801957	-12.348079
Ctf1	-13.029368	-9.57549
Fbxl19	-13.550665	-10.0967865
Orai3	-12.191039	-8.737161
Setd1a	-12.593131	-9.139253
Hsd3b7	-12.320717	-8.866838
Stx1b	-13.969376	-10.515497
Stx4a	-11.240216	-7.7863383
Zfp668	-14.480201	-11.026322
Zfp646	-12.939755	-9.485877
Prss53	-15.242341	-11.788463
Vkorc1	-9.788241	-6.3343635
Bckdk	-11.799179	-8.345301
Kat8	-13.061116	-9.607238
Prss36	-13.969376	-10.515497
Fus	-10.411744	-6.957866
Pycard	-12.603284	-9.1494055
Cox6a2	-17.188251	-13.734373
9130023H24Rik	-14.790356	-11.336477
Armc5	-13.029368	-9.57549
Tgfb1i1	-10.221284	-6.767406
BC017158	-13.632903	-10.179025
Rgs10	-12.553522	-9.099644
Gm15503	-17.188251	-13.734373
Tial1	-11.822275	-8.368397
Bag3	-11.012383	-7.5585055
Gm45121	-17.188251	-13.734373
Inpp5f	-12.666463	-9.2125845
Mcmbp	-12.106847	-8.652968
Gm44672	-17.188251	-13.734373
Sec23ip	-12.392461	-8.938582
Wdr11	-13.029368	-9.57549
Fgfr2	-11.899984	-8.446106
Ate1	-11.711787	-8.257909
Nsmce4a	-11.258662	-7.8047843
Tacc2	-10.860314	-7.4064364
Btbd16	-17.188251	-13.734373
Gm5602	-16.089638	-12.63576
Plekha1	-11.703454	-8.249576
Htra1	-9.343226	-5.8893485
2310057M21Rik	-12.998596	-9.544718
Pstk	-12.191039	-8.737161
Ikzf5	-11.879983	-8.426105
Acadsb	-10.981675	-7.527797
Gm44982	-17.188251	-13.734373
Bub3	-11.445248	-7.9913697
Cpxm2	-11.012383	-7.5585055
Chst15	-13.632903	-10.179025
Oat	-9.694377	-6.240499
Lhpp	-13.450582	-9.996703
Fam53b	-12.757434	-9.3035555
Eef1akmt2	-12.583081	-9.129203
Abraxas2	-12.297902	-8.844024
1500002F19Rik	-15.801957	-12.348079
Zranb1	-11.619906	-8.166028
Ctbp2	-12.426077	-8.9721985
Edrf1	-13.237007	-9.783129
Uros	-13.691744	-10.237865
Bccip	-11.389158	-7.9352803
Dhx32	-12.197819	-8.74394
Gm45670	-13.199267	-9.745389
Fank1	-16.495104	-13.041225
Adam12	-15.801957	-12.348079
Dock1	-12.119347	-8.665468
Ptpre	-14.885666	-11.4317875
Mgmt	-12.911585	-9.457706
Ebf3	-14.243813	-10.789934
Gm10578	-17.188251	-13.734373
9430038I01Rik	-13.296431	-9.842552
Glrx3	-10.820064	-7.3661857
Gm45397	-17.188251	-13.734373
Mapk1ip1	-13.1452	-9.691321
Ppp2r2d	-11.392193	-7.938315
Bnip3	-12.246609	-8.79273
Jakmip3	-17.188251	-13.734373
Dpysl4	-17.188251	-13.734373
Stk32c	-15.578814	-12.124935
Lrrc27	-14.355038	-10.901159
Pwwp2b	-13.35961	-9.905731
Inpp5a	-11.336048	-7.88217
Nkx6-2	-16.089638	-12.63576
Adgra1	-16.089638	-12.63576
Gm16201	-14.6233015	-11.169423
Adam8	-17.188251	-13.734373
Tubgcp2	-12.757434	-9.3035555
Zfp511	-12.2682705	-8.814392
Fuom	-12.125656	-8.671778
Echs1	-11.237609	-7.783731
Paox	-13.180918	-9.727039
Mtg1	-13.6047325	-10.150854
Sprn	-15.801957	-12.348079
Cyp2e1	-15.396492	-11.942614
Zfp941	-17.188251	-13.734373
Urah	-16.495104	-13.041225
Bet1l	-11.204315	-7.7504373
Ric8a	-12.328439	-8.87456
Sirt3	-12.359938	-8.906059
Psmd13	-11.136162	-7.682284
Cox8b	-16.495104	-13.041225
Pgghg	-12.593131	-9.139253
Ifitm5	-17.188251	-13.734373
Ifitm2	-9.031454	-5.577576
Ifitm1	-14.480201	-11.026322
Ifitm3	-9.144266	-5.6903887
Ifitm6	-17.188251	-13.734373
Pkp3	-16.495104	-13.041225
Sigirr	-15.578814	-12.124935
Ptdss2	-12.677392	-9.223514
Rnh1	-10.647222	-7.1933436
Hras	-10.844371	-7.390493
Lrrc56	-14.415663	-10.961784
Rassf7	-15.108809	-11.654931
Phrf1	-12.583081	-9.129203
Irf7	-13.6047325	-10.150854
Sct	-15.242341	-11.788463
Deaf1	-12.897792	-9.443913
Tmem80	-12.793802	-9.339924
Eps8l2	-14.192519	-10.738641
Taldo1	-10.527676	-7.0737977
Gatd1	-12.699615	-9.245736
Cend1	-13.754264	-10.300385
Slc25a22	-13.499372	-10.045493
Rplp2	-8.431883	-4.9780054
Pnpla2	-11.699313	-8.245435
Cracr2b	-12.524812	-9.070933
Gm10575	-15.801957	-12.348079
Cd151	-10.355219	-6.901341
Polr2l	-11.627569	-8.173691
Tspan4	-10.620173	-7.1662955
Chid1	-12.351969	-8.89809
Ap2a2	-11.299373	-7.8454947
Tollip	-12.515422	-9.061543
Mob2	-11.1648035	-7.7109256
Dusp8	-11.194289	-7.7404113
Ifitm10	-13.691744	-10.237865
Ctsd	-9.565587	-6.111709
Lsp1	-11.763301	-8.3094225
Tnnt3	-15.396492	-11.942614
Mrpl23	-10.53024	-7.076362
H19	-14.790356	-11.336477
Igf2	-14.549193	-11.095315
Ascl2	-17.188251	-13.734373
Tspan32	-17.188251	-13.734373
R74862	-13.404061	-9.950183
Cd81	-9.011297	-5.5574193
Tssc4	-12.058352	-8.604474
Kcnq1ot1	-10.804745	-7.350867
Cdkn1c	-11.054853	-7.6009755
Slc22a18	-14.297879	-10.844001
Nap1l4	-11.477824	-8.023946
Cars	-12.733904	-9.2800255
Tnfrsf26	-16.495104	-13.041225
Tnfrsf22	-16.089638	-12.63576
Tnfrsf23	-14.415663	-10.961784
Osbpl5	-11.841144	-8.387265
Mrgprg	-16.495104	-13.041225
Mrgpre	-15.396492	-11.942614
Nadsyn1	-14.991027	-11.537148
Dhcr7	-13.856047	-10.402168
Shank2	-15.396492	-11.942614
Cttn	-11.539277	-8.085399
Ppfia1	-12.006468	-8.552589
Fadd	-13.661891	-10.208013
Ano1	-12.157813	-8.703935
Bc1	-16.089638	-12.63576
LTO1	-13.237007	-9.783129
Ccnd1	-12.125656	-8.671778
Tpcn2	-14.790356	-11.336477
Mrgprf	-13.276228	-9.82235
Insr	-11.989754	-8.535875
Arhgef18	-12.998596	-9.544718
Pex11g	-14.143728	-10.68985
Zfp358	-12.53429	-9.080412
Mcoln1	-13.404061	-9.950183
Pnpla6	-13.499372	-10.045493
Camsap3	-15.578814	-12.124935
Xab2	-12.7223425	-9.268464
Pet100	-11.157566	-7.703688
Stxbp2	-14.703344	-11.249466
Fcor	-14.703344	-11.249466
Trappc5	-12.132006	-8.678127
Cd209f	-16.495104	-13.041225
Evi5l	-13.52469	-10.070811
Lrrc8e	-16.495104	-13.041225
Map2k7	-12.409127	-8.955249
Tgfbr3l	-16.089638	-12.63576
Snapc2	-12.939755	-9.485877
Ctxn1	-13.296431	-9.842552
Timm44	-11.995295	-8.541416
Elavl1	-11.528769	-8.07489
Ccl25	-13.754264	-10.300385
Cers4	-11.619906	-8.166028
Zfp958	-14.192519	-10.738641
Shcbp1	-16.495104	-13.041225
Gm31135	-16.089638	-12.63576
Gm45076	-15.578814	-12.124935
Efnb2	-12.023465	-8.569587
Arglu1	-10.940208	-7.4863305
Lig4	-13.632903	-10.179025
Abhd13	-13.029368	-9.57549
Tnfsf13b	-12.925571	-9.471693
Myo16	-16.495104	-13.041225
4833411C07Rik	-17.188251	-13.734373
3930402G23Rik	-15.801957	-12.348079
Irs2	-11.467939	-8.014061
9530052E02Rik	-17.188251	-13.734373
Col4a1	-9.358223	-5.904345
Col4a2	-9.711779	-6.2579007
Rab20	-14.6233015	-11.169423
Naxd	-11.0186405	-7.5647626
Cars2	-12.7223425	-9.268464
Ing1	-11.327465	-7.873587
Ankrd10	-11.957143	-8.503264
Arhgef7	-12.082306	-8.6284275
Tubgcp3	-12.844445	-9.390567
Atp11a	-12.688441	-9.234563
Mcf2l	-15.242341	-11.788463
F10	-17.188251	-13.734373
Pcid2	-13.093906	-9.640028
Cul4a	-12.177616	-8.723738
Lamp1	-9.330383	-5.8765054
Grtp1	-14.143728	-10.68985
Dcun1d2	-13.127808	-9.673929
Tmco3	-12.313054	-8.859176
Tfdp1	-12.76941	-9.315532
Tmem255b	-15.578814	-12.124935
Gas6	-9.477597	-6.02372
Gm5608	-15.801957	-12.348079
Rasa3	-12.359938	-8.906059
Cdc16	-11.910136	-8.456258
Upf3a	-11.72442	-8.270541
Champ1	-12.939755	-9.485877
Coprs	-13.110714	-9.656836
Fbxo25	-12.699615	-9.245736
Tdrp	-15.108809	-11.654931
Erich1	-12.61354	-9.159661
Dlgap2	-17.188251	-13.734373
Cln8	-13.217959	-9.764081
Arhgef10	-12.106847	-8.652968
Kbtbd11	-14.790356	-11.336477
Myom2	-17.188251	-13.734373
Csmd1	-14.480201	-11.026322
Mcph1	-14.243813	-10.789934
Angpt2	-11.910136	-8.456258
Agpat5	-11.925561	-8.471683
Defb50	-16.495104	-13.041225
Alg11	-12.9541445	-9.500266
Nek3	-14.790356	-11.336477
Ckap2	-16.089638	-12.63576
Vps36	-11.429349	-7.975471
Thsd1	-15.396492	-11.942614
Slc25a15	-14.415663	-10.961784
Mrps31	-12.409127	-8.955249
Smim19	-11.589829	-8.135951
Slc20a2	-12.409127	-8.955249
Gm17491	-14.703344	-11.249466
Vdac3	-10.660294	-7.2064157
Polb	-12.2682705	-8.814392
Ikbkb	-12.50612	-9.052241
Plat	-11.670798	-8.21692
Ap3m2	-13.661891	-10.208013
1700041G16Rik	-17.188251	-13.734373
Kat6a	-11.745833	-8.291955
Ank1	-15.396492	-11.942614
Gpat4	-12.328439	-8.87456
Gins4	-12.710915	-9.257036
Golga7	-11.941227	-8.487349
Sfrp1	-11.589829	-8.135951
Tcim	-13.35961	-9.905731
Adam5	-14.790356	-11.336477
Adam9	-11.860375	-8.406497
Tm2d2	-10.722106	-7.268228
Htra4	-12.351969	-8.89809
Gm16933	-16.089638	-12.63576
Plekha2	-12.603284	-9.1494055
5830408C22Rik	-14.480201	-11.026322
Tacc1	-10.493689	-7.0398107
Fgfr1	-10.482612	-7.0287337
Letm2	-13.029368	-9.57549
D830025C05Rik	-13.256426	-9.802547
Nsd3	-11.497891	-8.044013
Plpp5	-12.260998	-8.807119
Ddhd2	-12.1512985	-8.69742
Gm17484	-15.396492	-11.942614
Bag4	-13.474679	-10.020801
Lsm1	-11.699313	-8.245435
Star	-15.242341	-11.788463
Ash2l	-12.478721	-9.024842
Hgsnat	-12.218438	-8.76456
Pomk	-13.404061	-9.950183
Fnta	-11.401354	-7.947476
Hook3	-10.853197	-7.399319
Rnf170	-12.968743	-9.514865
Gm45250	-16.089638	-12.63576
Thap1	-13.237007	-9.783129
Gm32098	-17.188251	-13.734373
Zfp703	-11.754529	-8.300651
Gm45370	-16.495104	-13.041225
Gm32389	-16.089638	-12.63576
Erlin2	-12.911585	-9.457706
Proscos	-17.188251	-13.734373
Plpbp	-12.376067	-8.922189
Adgra2	-12.603284	-9.1494055
Brf2	-13.661891	-10.208013
Rab11fip1	-15.578814	-12.124935
Adrb3	-17.188251	-13.734373
Eif4ebp1	-10.951881	-7.4980035
Unc5d	-14.415663	-10.961784
Dusp26	-17.188251	-13.734373
Rnf122	-13.6047325	-10.150854
Tti2	-13.722515	-10.268637
Mak16	-12.50612	-9.052241
Fut10	-13.381589	-9.927711
Wrn	-12.54386	-9.089982
Purg	-13.691744	-10.237865
Tex15	-15.801957	-12.348079
Ppp2cb	-12.006468	-8.552589
Ubxn8	-13.127808	-9.673929
Gsr	-12.634375	-9.180496
Gtf2e2	-12.2537775	-8.799899
Rbpms	-9.052318	-5.59844
Gm26632	-12.897792	-9.443913
Gm26978	-16.089638	-12.63576
Gm9951	-13.35961	-9.905731
Dctn6	-10.653009	-7.1991315
Leprotl1	-11.458151	-8.004272
Saraf	-10.801372	-7.3474936
Tnks	-12.297902	-8.844024
Ppp1r3b	-13.093906	-9.640028
Eri1	-13.162899	-9.709021
Gm16793	-17.188251	-13.734373
Mfhas1	-11.670798	-8.21692
Gm35021	-17.188251	-13.734373
Prag1	-15.396492	-11.942614
Lonrf1	-12.857518	-9.40364
Trmt9b	-14.415663	-10.961784
Dlc1	-11.1648035	-7.7109256
AI429214	-15.242341	-11.788463
Tusc3	-11.754529	-8.300651
Gm6213	-17.188251	-13.734373
Msr1	-17.188251	-13.734373
Micu3	-12.417566	-8.963688
Zdhhc2	-13.6047325	-10.150854
Cnot7	-12.409127	-8.955249
Vps37a	-12.239491	-8.785613
Mtmr7	-15.801957	-12.348079
Slc7a2	-11.995295	-8.541416
Pdgfrl	-10.589742	-7.135864
Mtus1	-11.586132	-8.132254
B430010I23Rik	-14.143728	-10.68985
Gm16192	-15.396492	-11.942614
Fgl1	-17.188251	-13.734373
Pcm1	-11.052686	-7.598808
Asah1	-11.288354	-7.834476
Frg1	-11.941227	-8.487349
Triml2	-17.188251	-13.734373
Gm9908	-14.415663	-10.961784
Fat1	-10.65156	-7.197682
Gm2366	-17.188251	-13.734373
Klkb1	-16.089638	-12.63576
Cyp4v3	-13.52469	-10.070811
Fam149a	-12.939755	-9.485877
Tlr3	-13.474679	-10.020801
Sorbs2	-11.368168	-7.91429
Pdlim3	-9.927026	-6.473148
1700029J07Rik	-14.885666	-11.4317875
Ufsp2	-11.494519	-8.040641
Ankrd37	-14.991027	-11.537148
Lrp2bp	-16.495104	-13.041225
Snx25	-13.856047	-10.402168
Cfap97	-12.2682705	-8.814392
Gm15634	-17.188251	-13.734373
Slc25a4	-8.929569	-5.475692
Acsl1	-11.785574	-8.331696
Cenpu	-16.089638	-12.63576
Primpol	-14.6233015	-11.169423
Casp3	-13.276228	-9.82235
Gm16675	-16.495104	-13.041225
Irf2	-11.497891	-8.044013
Enpp6	-14.192519	-10.738641
Stox2	-12.239491	-8.785613
Trappc11	-12.857518	-9.40364
Rwdd4a	-12.968743	-9.514865
Ing2	-12.290411	-8.836533
AA386476	-15.396492	-11.942614
Cdkn2aip	-11.776605	-8.322726
E030037K01Rik	-16.495104	-13.041225
Gm45864	-16.495104	-13.041225
Wwc2	-11.24283	-7.7889524
Cldn22	-13.499372	-10.045493
Tenm3	-11.973315	-8.519437
Aga	-11.528769	-8.07489
Vegfc	-13.127808	-9.673929
Spcs3	-11.72442	-8.270541
Asb5	-14.010198	-10.556319
Wdr17	-17.188251	-13.734373
Gpm6a	-12.925571	-9.471693
Hpgd	-13.404061	-9.950183
Cep44	-13.296431	-9.842552
Fbxo8	-12.593131	-9.139253
Hand2os1	-13.029368	-9.57549
Hand2	-12.170971	-8.7170925
Gm34030	-13.474679	-10.020801
5033428I22Rik	-13.427051	-9.973172
Sap30	-14.480201	-11.026322
2500002B13Rik	-16.089638	-12.63576
Hmgb2	-12.225407	-8.771528
Galnt7	-13.127808	-9.673929
AW046200	-16.495104	-13.041225
Mfap3l	-14.415663	-10.961784
Hpf1	-11.728665	-8.274787
Clcn3	-12.417566	-8.963688
B230317F23Rik	-16.089638	-12.63576
Nek1	-12.884186	-9.430307
Sh3rf1	-13.276228	-9.82235
Cbr4	-13.427051	-9.973172
Palld	-10.683963	-7.230085
Ddx60	-15.108809	-11.654931
Tll1	-15.396492	-11.942614
Cpe	-8.38618	-4.932302
Msmo1	-12.144826	-8.690948
Klhl2	-13.338103	-9.884225
Tmem192	-13.061116	-9.607238
Apela	-16.089638	-12.63576
Tma16	-12.939755	-9.485877
Npy1r	-10.965674	-7.5117965
Naf1	-12.164371	-8.710492
Nat2	-14.549193	-11.095315
Psd3	-12.328439	-8.87456
Gm15991	-16.495104	-13.041225
Sh2d4a	-15.396492	-11.942614
Csgalnact1	-13.093906	-9.640028
Ints10	-13.029368	-9.57549
Lpl	-11.318954	-7.8650765
Slc18a1	-17.188251	-13.734373
Atp6v1b2	-12.644957	-9.191078
Lzts1	-17.188251	-13.734373
Zfp930	-14.480201	-11.026322
D130040H23Rik	-14.297879	-10.844001
Gm43263	-17.188251	-13.734373
Zfp868	-13.892414	-10.438536
Zfp964	-16.089638	-12.63576
Zfp869	-12.603284	-9.1494055
Zfp963	-14.243813	-10.789934
Zfp866	-13.450582	-9.996703
Atp13a1	-12.781531	-9.327653
Gmip	-14.243813	-10.789934
Lpar2	-17.188251	-13.734373
Pbx4	-15.578814	-12.124935
Cilp2	-13.722515	-10.268637
Yjefn3	-14.143728	-10.68985
Ndufa13	-9.139462	-5.685585
Tssk6	-15.578814	-12.124935
Gatad2a	-12.023465	-8.569587
Mau2	-12.3054495	-8.851571
Sugp1	-12.968743	-9.514865
Tm6sf2	-16.495104	-13.041225
Hapln4	-16.495104	-13.041225
Ncan	-15.801957	-12.348079
Rfxank	-13.029368	-9.57549
Nr2c2ap	-12.781531	-9.327653
Borcs8	-11.915252	-8.461373
Mef2b	-16.089638	-12.63576
Tmem161a	-12.1512985	-8.69742
Slc25a42	-14.143728	-10.68985
Armc6	-13.632903	-10.179025
Sugp2	-13.077377	-9.623499
Homer3	-12.469752	-9.015874
Ddx49	-12.50612	-9.052241
Cope	-10.270545	-6.816667
Cers1	-16.089638	-12.63576
Upf1	-11.776605	-8.322726
Comp	-10.680973	-7.227095
Crtc1	-13.31705	-9.863172
Klhl26	-12.831542	-9.377664
Crlf1	-13.404061	-9.950183
Rex1bd	-10.31716	-6.8632817
Uba52	-8.8324	-5.378523
Kxd1	-11.575123	-8.121244
Fkbp8	-10.905984	-7.452106
Ell	-13.199267	-9.745389
Isyna1	-11.915252	-8.461373
Ssbp4	-11.695189	-8.241311
Gdf15	-12.983559	-9.52968
Pgpep1	-12.61354	-9.159661
Lsm4	-10.881976	-7.428098
Jund	-8.593356	-5.1394787
Gm11175	-17.188251	-13.734373
Iqcn	-14.052757	-10.598879
Gm3336	-13.754264	-10.300385
Pde4c	-16.089638	-12.63576
Rab3a	-11.865241	-8.411363
Mpv17l2	-11.619906	-8.166028
Ifi30	-11.695189	-8.241311
Pik3r2	-12.204644	-8.750766
2010320M18Rik	-12.524812	-9.070933
Mast3	-13.661891	-10.208013
Arrdc2	-13.52469	-10.070811
Kcnn1	-14.097209	-10.643331
Ccdc124	-11.087933	-7.6340547
Slc5a5	-16.089638	-12.63576
Rpl18a	-8.222533	-4.7686553
Map1s	-12.870763	-9.416884
Haus8	-11.946504	-8.492625
Myo9b	-11.745833	-8.291955
Use1	-10.860314	-7.4064364
Ocel1	-13.127808	-9.673929
Nr2f6	-11.790089	-8.33621
Ushbp1	-14.885666	-11.4317875
Babam1	-11.763301	-8.3094225
Ankle1	-16.495104	-13.041225
Abhd8	-11.875045	-8.421166
Mrpl34	-11.333179	-7.8793015
Dda1	-11.737212	-8.283334
Ano8	-14.192519	-10.738641
Gtpbp3	-13.499372	-10.045493
Plvap	-11.915252	-8.461373
Bst2	-11.235007	-7.7811294
Mvb12a	-11.253357	-7.799479
Tmem221	-14.703344	-11.249466
Slc27a1	-13.110714	-9.656836
Pgls	-10.477728	-7.02385
Fam129c	-16.495104	-13.041225
Colgalt1	-10.794661	-7.3407826
Unc13a	-17.188251	-13.734373
Jak3	-16.089638	-12.63576
B3gnt3	-15.801957	-12.348079
Zfp709	-14.790356	-11.336477
Zfp882	-13.930155	-10.476276
Zfp617	-13.256426	-9.802547
Zfp961	-14.415663	-10.961784
Olfr373	-17.188251	-13.734373
Tpm4	-10.25678	-6.8029017
Rab8a	-11.790089	-8.33621
Fam32a	-11.374121	-7.920243
Ap1m1	-12.144826	-8.690948
Gm10282	-17.188251	-13.734373
Klf2	-10.211903	-6.7580247
Eps15l1	-12.793802	-9.339924
Calr3	-16.089638	-12.63576
1700030K09Rik	-13.930155	-10.476276
Cherp	-12.553522	-9.099644
Slc35e1	-12.844445	-9.390567
Gm17435	-14.790356	-11.336477
Med26	-14.097209	-10.643331
Smim7	-11.072359	-7.618481
Tmem38a	-13.127808	-9.673929
Nwd1	-16.089638	-12.63576
Sin3b	-11.229826	-7.775948
Large1	-12.070257	-8.616379
Hmgxb4	-12.359938	-8.906059
Tom1	-12.7456	-9.291721
Hmox1	-13.6047325	-10.150854
Mcm5	-14.885666	-11.4317875
Rasd2	-14.192519	-10.738641
Gm10649	-16.089638	-12.63576
Nr3c2	-13.427051	-9.973172
Arhgap10	-11.593539	-8.139661
0610038B21Rik	-15.801957	-12.348079
Prmt9	-13.550665	-10.0967865
Tmem184c	-12.443319	-8.989441
Ednra	-12.583081	-9.129203
Rbmxl1	-12.460863	-9.006985
Slc10a7	-13.093906	-9.640028
Lsm6	-10.949926	-7.4960485
Zfp827	-13.381589	-9.927711
Mmaa	-12.983559	-9.52968
Gm4890	-15.801957	-12.348079
Smad1	-11.799179	-8.345301
Otud4	-12.191039	-8.737161
Abce1	-11.899984	-8.446106
Anapc10	-12.460863	-9.006985
Hhip	-10.911608	-7.45773
Gypa	-16.089638	-12.63576
Smarca5	-10.600701	-7.1468234
Gab1	-12.573131	-9.119252
Gm31105	-14.143728	-10.68985
Usp38	-13.31705	-9.863172
Inpp4b	-14.6233015	-11.169423
Il15	-14.052757	-10.598879
Zfp330	-12.046588	-8.59271
Rnf150	-12.144826	-8.690948
Tbc1d9	-13.338103	-9.884225
Elmod2	-13.180918	-9.727039
Scoc	-11.222104	-7.768226
Ndufb7	-10.024304	-6.5704265
Tecr	-10.240314	-6.7864356
Dnajb1	-11.087933	-7.6340547
Gipc1	-12.006468	-8.552589
Pkn1	-12.094501	-8.640622
Ptger1	-15.396492	-11.942614
Ddx39	-13.093906	-9.640028
Adgre5	-11.728665	-8.274787
Adgrl1	-11.553461	-8.099583
Gm10644	-17.188251	-13.734373
Prkaca	-11.703454	-8.249576
Samd1	-13.093906	-9.640028
2210011C24Rik	-16.495104	-13.041225
Il27ra	-15.578814	-12.124935
Gm10643	-15.242341	-11.788463
C330011M18Rik	-15.242341	-11.788463
Rfx1	-13.930155	-10.476276
Dcaf15	-13.577333	-10.123455
Podnl1	-17.188251	-13.734373
Cc2d1a	-12.998596	-9.544718
4930432K21Rik	-16.495104	-13.041225
Gm26887	-16.495104	-13.041225
Gm26532	-11.850713	-8.396834
Zswim4	-14.192519	-10.738641
D8Ertd738e	-9.712912	-6.2590337
Mri1	-12.487771	-9.033893
Ccdc130	-13.217959	-9.764081
Cacna1a	-13.35961	-9.905731
Gm16183	-16.495104	-13.041225
Ier2	-10.131214	-6.677336
Nacc1	-12.344064	-8.890185
Trmt1	-12.710915	-9.257036
Nfix	-9.375064	-5.921186
Lyl1	-16.089638	-12.63576
G430095P16Rik	-15.396492	-11.942614
Dand5	-12.998596	-9.544718
Gadd45gip1	-11.737212	-8.283334
Rad23a	-11.296607	-7.842729
Calr	-9.393016	-5.9391384
Farsa	-12.870763	-9.416884
Syce2	-13.856047	-10.402168
Gcdh	-13.162899	-9.709021
Dnase2a	-13.550665	-10.0967865
Rtbdn	-15.396492	-11.942614
Rnaseh2a	-12.806225	-9.352346
Prdx2	-9.98559	-6.531712
Junb	-9.387269	-5.933391
Hook2	-14.415663	-10.961784
Best2	-16.495104	-13.041225
Asna1	-12.046588	-8.59271
Trir	-10.742531	-7.288653
Tnpo2	-12.983559	-9.52968
Fbxw9	-13.450582	-9.996703
Dhps	-12.164371	-8.710492
Wdr83	-12.793802	-9.339924
Wdr83os	-10.64434	-7.1904616
Man2b1	-11.380109	-7.926231
Zfp791	-15.578814	-12.124935
Gm42031	-17.188251	-13.734373
Vps35	-11.126794	-7.672916
Orc6	-12.344064	-8.890185
Mylk3	-17.188251	-13.734373
4921524J17Rik	-11.978765	-8.524886
Gpt2	-13.892414	-10.438536
Dnaja2	-10.989773	-7.535895
Neto2	-17.188251	-13.734373
Itfg1	-11.518371	-8.064492
Gm39214	-17.188251	-13.734373
Phkb	-12.157813	-8.703935
Abcc12	-17.188251	-13.734373
Lonp2	-11.841144	-8.387265
Siah1a	-12.496903	-9.043025
Gm10638	-14.192519	-10.738641
N4bp1	-12.677392	-9.223514
Zfp423	-13.499372	-10.045493
Cnep1r1	-11.650917	-8.197039
Heatr3	-12.757434	-9.3035555
9430002A10Rik	-16.495104	-13.041225
Tent4b	-12.688441	-9.234563
Adcy7	-11.338926	-7.8850484
Brd7	-11.157566	-7.703688
Nkd1	-11.695189	-8.241311
Nod2	-16.495104	-13.041225
Cyld	-12.197819	-8.74394
Chd9	-11.2119	-7.758022
Rbl2	-12.125656	-8.671778
Aktip	-11.728665	-8.274787
Gm45464	-14.991027	-11.537148
Rpgrip1l	-13.691744	-10.237865
Fto	-11.715981	-8.262102
Gm3235	-17.188251	-13.734373
Irx3	-14.885666	-11.4317875
Crnde	-14.885666	-11.4317875
Irx5	-15.578814	-12.124935
Mmp2	-10.138996	-6.685118
Lpcat2	-16.089638	-12.63576
Slc6a2	-14.097209	-10.643331
Ces1d	-14.143728	-10.68985
Ces1g	-16.495104	-13.041225
4930488L21Rik	-17.188251	-13.734373
Gnao1	-12.138395	-8.684517
Amfr	-11.691083	-8.237205
Nudt21	-11.905047	-8.451169
Ogfod1	-13.162899	-9.709021
Bbs2	-13.296431	-9.842552
Mt3	-15.801957	-12.348079
Gm45774	-16.089638	-12.63576
Mt2	-10.351992	-6.8981137
Mt1	-8.432199	-4.9783206
Gm39228	-16.495104	-13.041225
Nup93	-13.061116	-9.607238
C78859	-17.188251	-13.734373
Gm15889	-17.188251	-13.734373
Herpud1	-10.409466	-6.955588
Nlrc5	-17.188251	-13.734373
Cpne2	-11.973315	-8.519437
Fam192a	-12.3679695	-8.914091
Rspry1	-12.452053	-8.998175
Arl2bp	-11.72442	-8.270541
Gm45767	-15.396492	-11.942614
Cx3cl1	-13.296431	-9.842552
Ccl17	-16.495104	-13.041225
Ciapin1	-13.013864	-9.559985
Coq9	-12.553522	-9.099644
Polr2c	-10.942144	-7.4882665
Dok4	-13.787054	-10.333176
Ccdc102a	-12.3679695	-8.914091
Adgrg1	-15.108809	-11.654931
Adgrg3	-14.703344	-11.249466
Katnb1	-13.691744	-10.237865
Kifc3	-13.296431	-9.842552
Cngb1	-17.188251	-13.734373
Tepp	-16.495104	-13.041225
Zfp319	-13.820955	-10.367077
Usb1	-13.52469	-10.070811
Mmp15	-14.415663	-10.961784
Cfap20	-11.720191	-8.266313
Csnk2a2	-12.2682705	-8.814392
Gins3	-14.6233015	-11.169423
Ndrg4	-12.563278	-9.1094
Setd6	-12.710915	-9.257036
Cnot1	-11.763301	-8.3094225
4930513N10Rik	-16.089638	-12.63576
Sap18b	-13.930155	-10.476276
Gm31805	-17.188251	-13.734373
Slc38a7	-13.1452	-9.691321
Got2	-11.6829195	-8.229041
Cdh11	-11.601003	-8.147124
Cdh5	-13.427051	-9.973172
Bean1	-14.549193	-11.095315
Tk2	-13.31705	-9.863172
Cklf	-14.010198	-10.556319
Cmtm1	-17.188251	-13.734373
Cmtm3	-12.443319	-8.989441
Cmtm4	-12.844445	-9.390567
Gm45877	-17.188251	-13.734373
Dync1li2	-11.822275	-8.368397
K230015D01Rik	-15.108809	-11.654931
Nae1	-11.826959	-8.37308
Car7	-15.242341	-11.788463
Pdp2	-12.583081	-9.129203
Cdh16	-15.801957	-12.348079
Rrad	-10.676506	-7.222628
Gm33023	-14.991027	-11.537148
Ciao2b	-10.905984	-7.452106
Ces2e	-17.188251	-13.734373
Ces2g	-12.113077	-8.659199
Gm3830	-17.188251	-13.734373
Cbfb	-12.677392	-9.223514
D230025D16Rik	-13.199267	-9.745389
B3gnt9	-12.191039	-8.737161
Tradd	-12.925571	-9.471693
Fbxl8	-13.6047325	-10.150854
Hsf4	-15.578814	-12.124935
Nol3	-13.722515	-10.268637
4931428F04Rik	-15.801957	-12.348079
Gm20163	-16.089638	-12.63576
Exoc3l	-15.242341	-11.788463
E2f4	-12.524812	-9.070933
Elmo3	-15.242341	-11.788463
Lrrc29	-17.188251	-13.734373
Tmem208	-11.199289	-7.7454114
Fhod1	-13.632903	-10.179025
Slc9a5	-16.495104	-13.041225
Lrrc36	-17.188251	-13.734373
Tppp3	-10.625807	-7.171929
Zdhhc1	-12.939755	-9.485877
Hsd11b2	-15.396492	-11.942614
Atp6v0d1	-11.074569	-7.620691
Gm38250	-17.188251	-13.734373
Ripor1	-12.023465	-8.569587
Gm5914	-13.691744	-10.237865
Ctcf	-11.204315	-7.7504373
Carmil2	-16.089638	-12.63576
Acd	-12.38423	-8.930351
Pard6a	-13.127808	-9.673929
Enkd1	-14.143728	-10.68985
Gfod2	-12.688441	-9.234563
Ranbp10	-12.925571	-9.471693
Tsnaxip1	-17.188251	-13.734373
Cenpt	-14.143728	-10.68985
Thap11	-12.392461	-8.938582
4930578M07Rik	-17.188251	-13.734373
Nutf2	-14.6233015	-11.169423
Edc4	-12.515422	-9.061543
Nrn1l	-16.089638	-12.63576
Pskh1	-13.404061	-9.950183
Ctrl	-17.188251	-13.734373
Psmb10	-11.920393	-8.466515
Lcat	-14.143728	-10.68985
Slc12a4	-11.619906	-8.166028
Dpep2	-17.188251	-13.734373
Dus2	-13.550665	-10.0967865
Ddx28	-13.892414	-10.438536
Nfatc3	-12.3679695	-8.914091
1810019D21Rik	-15.578814	-12.124935
Pla2g15	-12.666463	-9.2125845
Slc7a6	-12.818803	-9.364924
Slc7a6os	-13.427051	-9.973172
Prmt7	-12.76941	-9.315532
Smpd3	-12.313054	-8.859176
Zfp90	-13.450582	-9.996703
Cdh3	-14.297879	-10.844001
Tango6	-13.661891	-10.208013
Has3	-15.578814	-12.124935
Chtf8	-14.297879	-10.844001
Utp4	-13.162899	-9.709021
Sntb2	-11.048367	-7.5944886
Gm16208	-17.188251	-13.734373
Vps4a	-11.962504	-8.508626
Pdf	-15.396492	-11.942614
Cog8	-12.666463	-9.2125845
Nip7	-12.351969	-8.89809
Terf2	-12.710915	-9.257036
Cyb5b	-11.836393	-8.382515
Nfat5	-11.119825	-7.6659474
Nqo1	-12.857518	-9.40364
Nob1	-12.844445	-9.390567
Wwp2	-10.406059	-6.9521813
Psmd7	-10.377007	-6.9231286
Zfhx3	-9.988573	-6.534695
Dhx38	-12.634375	-9.180496
Txnl4b	-14.6233015	-11.169423
Hp	-15.242341	-11.788463
Dhodh	-13.296431	-9.842552
Ist1	-12.197819	-8.74394
Zfp821	-13.162899	-9.709021
Atxn1l	-13.110714	-9.656836
Ap1g1	-12.204644	-8.750766
Phlpp2	-13.077377	-9.623499
Marveld3	-16.495104	-13.041225
Chst4	-15.242341	-11.788463
Zfp612	-13.404061	-9.950183
Calb2	-13.256426	-9.802547
Cmtr2	-15.108809	-11.654931
Vac14	-13.276228	-9.82235
Mtss2	-12.392461	-8.938582
Il34	-15.578814	-12.124935
Sf3b3	-11.894946	-8.441068
Cog4	-12.573131	-9.119252
Fcsk	-13.892414	-10.438536
St3gal2	-11.359305	-7.9054275
Ddx19a	-12.983559	-9.52968
Ddx19b	-14.143728	-10.68985
Aars	-12.184305	-8.730427
Pdpr	-13.52469	-10.070811
9430091E24Rik	-16.089638	-12.63576
Glg1	-10.192485	-6.738607
Rfwd3	-13.381589	-9.927711
Mlkl	-14.010198	-10.556319
Wdr59	-14.143728	-10.68985
Znrf1	-12.246609	-8.79273
Ldhd	-13.969376	-10.515497
Zfp1	-12.831542	-9.377664
Bcar1	-13.013864	-9.559985
Cfdp1	-11.067954	-7.614076
Tmem170	-14.097209	-10.643331
Tmem231	-14.010198	-10.556319
Gabarapl2	-10.45604	-7.0021625
Adat1	-14.192519	-10.738641
Kars	-12.119347	-8.665468
Terf2ip	-12.496903	-9.043025
Mon1b	-13.6047325	-10.150854
Nudt7	-13.856047	-10.402168
Vat1l	-16.495104	-13.041225
4933408N05Rik	-17.188251	-13.734373
Clec3a	-17.188251	-13.734373
Wwox	-13.722515	-10.268637
Gm16118	-14.097209	-10.643331
Maf	-11.42306	-7.9691825
Gm15655	-16.089638	-12.63576
Cdyl2	-14.415663	-10.961784
Cmc2	-12.2537775	-8.799899
Cenpn	-15.801957	-12.348079
Atmin	-13.661891	-10.208013
1700030J22Rik	-17.188251	-13.734373
Gcsh	-11.845917	-8.392038
Gan	-12.870763	-9.416884
Cmip	-13.338103	-9.884225
Plcg2	-16.495104	-13.041225
Sdr42e1	-15.242341	-11.788463
Mphosph6	-12.023465	-8.569587
Cdh13	-10.171641	-6.7177634
Hsbp1	-10.233612	-6.779734
Mlycd	-12.593131	-9.139253
Osgin1	-14.243813	-10.789934
Mbtps1	-11.477824	-8.023946
Hsdl1	-13.499372	-10.045493
Taf1c	-14.480201	-11.026322
Kcng4	-15.108809	-11.654931
Gm32352	-15.108809	-11.654931
Wfdc1	-10.035982	-6.582104
Meak7	-14.703344	-11.249466
Cotl1	-14.010198	-10.556319
Klhl36	-14.052757	-10.598879
Usp10	-12.290411	-8.836533
Crispld2	-9.879708	-6.4258304
Zdhhc7	-12.968743	-9.514865
A130014A01Rik	-15.108809	-11.654931
6430548M08Rik	-14.480201	-11.026322
A330074K22Rik	-17.188251	-13.734373
Gse1	-13.632903	-10.179025
Gins2	-14.480201	-11.026322
Gm10614	-17.188251	-13.734373
1190005I06Rik	-10.570848	-7.1169705
Emc8	-10.816639	-7.362761
Cox4i1	-8.737625	-5.283747
Irf8	-15.242341	-11.788463
Fendrr	-14.480201	-11.026322
Foxf1	-13.577333	-10.123455
Mthfsd	-12.968743	-9.514865
Foxc2	-12.046588	-8.59271
Foxl1	-14.010198	-10.556319
Gm26815	-17.188251	-13.734373
Gm26747	-17.188251	-13.734373
Fbxo31	-12.144826	-8.690948
Map1lc3b	-9.6365385	-6.182661
Zcchc14	-11.695189	-8.241311
Gm45833	-15.801957	-12.348079
Klhdc4	-13.061116	-9.607238
Gm42047	-15.108809	-11.654931
Gm26812	-17.188251	-13.734373
Slc7a5	-13.754264	-10.300385
Banp	-12.603284	-9.1494055
Zfp469	-13.930155	-10.476276
Zfpm1	-13.856047	-10.402168
Gm45353	-17.188251	-13.734373
Zc3h18	-12.164371	-8.710492
Cyba	-9.971541	-6.5176635
Mvd	-13.691744	-10.237865
Rnf166	-11.889934	-8.436055
Ctu2	-12.939755	-9.485877
Piezo1	-12.677392	-9.223514
Cdt1	-16.495104	-13.041225
Aprt	-10.826948	-7.3730702
Galns	-13.632903	-10.179025
Trappc2l	-11.006166	-7.5522885
Cbfa2t3	-12.857518	-9.40364
Acsf3	-14.243813	-10.789934
Ankrd11	-10.731482	-7.2776036
2810013P06Rik	-12.733904	-9.2800255
Spg7	-11.879983	-8.426105
Rpl13	-7.5258794	-4.072002
Cpne7	-15.242341	-11.788463
Sult5a1	-12.006468	-8.552589
Gm4316	-17.188251	-13.734373
Dpep1	-10.185185	-6.7313075
Chmp1a	-11.826959	-8.37308
Spata33	-14.355038	-10.901159
Cdk10	-12.644957	-9.191078
Spata2l	-14.415663	-10.961784
4933417D19Rik	-17.188251	-13.734373
Vps9d1	-13.180918	-9.727039
Zfp276	-14.297879	-10.844001
Fanca	-16.495104	-13.041225
Tcf25	-10.292568	-6.8386903
Mc1r	-16.495104	-13.041225
Tubb3	-15.578814	-12.124935
Def8	-13.093906	-9.640028
Afg3l1	-12.553522	-9.099644
Gas8	-12.939755	-9.485877
Rhou	-12.7223425	-9.268464
Rab4a	-13.110714	-9.656836
Acta1	-17.188251	-13.734373
Gm29773	-17.188251	-13.734373
Nup133	-12.998596	-9.544718
Gm45890	-16.089638	-12.63576
Abcb10	-13.338103	-9.884225
Taf5l	-13.276228	-9.82235
Urb2	-14.6233015	-11.169423
Galnt2	-10.835622	-7.381744
Cog2	-12.925571	-9.471693
Agt	-15.578814	-12.124935
Capn9	-17.188251	-13.734373
2310022B05Rik	-10.696012	-7.2421336
Ttc13	-13.31705	-9.863172
Arv1	-14.703344	-11.249466
Fam89a	-16.495104	-13.041225
Trim67	-15.242341	-11.788463
2810004N23Rik	-11.910136	-8.456258
Gnpat	-12.623903	-9.170025
Exoc8	-13.632903	-10.179025
Sprtn	-13.6047325	-10.150854
Egln1	-11.737212	-8.283334
Tsnax	-11.946504	-8.492625
Disc1	-16.495104	-13.041225
Sipa1l2	-13.820955	-10.367077
Map10	-15.242341	-11.788463
Ntpcr	-12.688441	-9.234563
Pcnx2	-15.396492	-11.942614
Kcnk1	-16.089638	-12.63576
Coa6	-12.138395	-8.684517
Tarbp1	-14.243813	-10.789934
Gm26759	-15.801957	-12.348079
Irf2bp2	-11.206837	-7.752959
Gm45805	-16.495104	-13.041225
Tomm20	-10.459622	-7.0057445
Rbm34	-12.76941	-9.315532
Pard3	-12.106847	-8.652968
Nrp1	-10.66763	-7.2137523
Itgb1	-8.77132	-5.3174424
2610044O15Rik8	-13.787054	-10.333176
Gm32856	-16.089638	-12.63576
Alkbh8	-12.844445	-9.390567
Cwf19l2	-11.528769	-8.07489
Gucy1a2	-14.097209	-10.643331
Aasdhppt	-12.376067	-8.922189
Kbtbd3	-12.983559	-9.52968
Msantd4	-11.650917	-8.197039
Gria4	-13.029368	-9.57549
Casp1	-14.885666	-11.4317875
Casp4	-13.31705	-9.863172
Casp12	-11.401354	-7.947476
Pdgfd	-11.745833	-8.291955
Dync2h1	-12.478721	-9.024842
Dcun1d5	-11.451679	-7.9978013
Mmp3	-10.246095	-6.792217
Mmp27	-14.480201	-11.026322
Tmem123	-11.261325	-7.807447
Birc2	-12.218438	-8.76456
Birc3	-12.968743	-9.514865
Yap1	-11.889934	-8.436055
Gm45494	-17.188251	-13.734373
Cfap300	-15.242341	-11.788463
Cep126	-14.703344	-11.249466
Pgr	-13.1452	-9.691321
Arhgap42	-12.998596	-9.544718
Jrkl	-13.474679	-10.020801
Ccdc82	-11.650917	-8.197039
Maml2	-12.197819	-8.74394
Mtmr2	-12.897792	-9.443913
Cep57	-12.434661	-8.9807825
Fam76b	-12.515422	-9.061543
1700019J19Rik	-17.188251	-13.734373
Sesn3	-12.164371	-8.710492
Endod1	-10.932501	-7.478623
Cwc15	-10.92676	-7.472882
Amotl1	-11.310515	-7.8566375
Ankrd49	-12.677392	-9.223514
Mre11a	-13.404061	-9.950183
Panx1	-15.242341	-11.788463
Vstm5	-16.089638	-12.63576
Med17	-12.7456	-9.291721
4931406C07Rik	-12.38423	-8.930351
Taf1d	-11.557039	-8.103161
Cep295	-12.831542	-9.377664
Smco4	-11.772151	-8.318273
Slc36a4	-12.677392	-9.223514
Chordc1	-11.532259	-8.078381
Naalad2	-12.2537775	-8.799899
Zfp558	-17.188251	-13.734373
Muc16	-13.787054	-10.333176
Olfr839-ps1	-17.188251	-13.734373
Zfp317	-13.404061	-9.950183
Olfr77	-17.188251	-13.734373
Olfr18	-17.188251	-13.734373
Zfp560	-11.720191	-8.266313
Zfp26	-13.061116	-9.607238
Zfp426	-13.093906	-9.640028
Zfp266	-12.184305	-8.730427
Zfp846	-13.427051	-9.973172
Fbxl12os	-15.801957	-12.348079
Fbxl12	-13.338103	-9.884225
Ubl5	-9.808619	-6.3547406
Pin1	-11.327465	-7.873587
Olfm2	-15.242341	-11.788463
Col5a3	-13.787054	-10.333176
Shfl	-13.892414	-10.438536
Angptl6	-13.787054	-10.333176
Ppan	-12.884186	-9.430307
Eif3g	-10.987741	-7.5338635
Dnmt1	-12.699615	-9.245736
S1pr2	-12.831542	-9.377664
Mrpl4	-11.445248	-7.9913697
Icam1	-11.951809	-8.497931
Gm47079	-17.188251	-13.734373
Icam4	-15.578814	-12.124935
Icam5	-15.578814	-12.124935
Zglp1	-16.495104	-13.041225
Fdx2	-11.616097	-8.162219
1700084C06Rik	-16.495104	-13.041225
Tyk2	-13.474679	-10.020801
Cdc37	-10.549684	-7.0958056
Pde4a	-12.119347	-8.665468
Gm16754	-17.188251	-13.734373
Keap1	-11.654861	-8.200983
Atg4d	-12.968743	-9.514865
Kri1	-13.256426	-9.802547
Cdkn2d	-12.409127	-8.955249
Gm39302	-17.188251	-13.734373
Slc44a2	-11.31332	-7.859442
Ilf3	-12.3054495	-8.851571
Qtrt1	-13.550665	-10.0967865
Dnm2	-11.817613	-8.363734
Tmed1	-11.553461	-8.099583
AB124611	-17.188251	-13.734373
Carm1	-12.344064	-8.890185
Yipf2	-13.450582	-9.996703
Timm29	-12.831542	-9.377664
Smarca4	-11.711787	-8.257909
Ldlr	-11.910136	-8.456258
Spc24	-16.089638	-12.63576
Kank2	-10.902253	-7.448375
Dock6	-11.989754	-8.535875
Angptl8	-16.089638	-12.63576
Rab3d	-11.836393	-8.382515
Tmem205	-11.291098	-7.8372197
Ccdc159	-16.089638	-12.63576
Plppr2	-13.722515	-10.268637
Swsap1	-14.6233015	-11.169423
Epor	-17.188251	-13.734373
Rgl3	-14.991027	-11.537148
Prkcsh	-11.481141	-8.027263
Elavl3	-17.188251	-13.734373
Zfp653	-13.499372	-10.045493
Gm16845	-14.991027	-11.537148
Ecsit	-12.53429	-9.080412
Cnn1	-8.525228	-5.0713496
Elof1	-11.219543	-7.7656655
Acp5	-13.077377	-9.623499
Pigyl	-11.136162	-7.682284
Zfp872	-15.242341	-11.788463
1810064F22Rik	-17.188251	-13.734373
Zfp809	-12.225407	-8.771528
Zfp599	-17.188251	-13.734373
Gm39307	-17.188251	-13.734373
Zfp810	-13.691744	-10.237865
Anln	-12.313054	-8.859176
Gm48646	-16.495104	-13.041225
Rp9	-10.794661	-7.3407826
9530077C05Rik	-12.793802	-9.339924
Bbs9	-13.276228	-9.82235
Bmper	-14.703344	-11.249466
Dpy19l1	-12.197819	-8.74394
Tbx20	-13.338103	-9.884225
Gm29824	-17.188251	-13.734373
Herpud2	-11.9678955	-8.514017
Sept7	-9.870375	-6.4164968
Eepd1	-14.192519	-10.738641
Glb1l2	-14.097209	-10.643331
Acad8	-12.793802	-9.339924
Thyn1	-12.524812	-9.070933
Vps26b	-12.688441	-9.234563
Ncapd3	-13.338103	-9.884225
Jam3	-11.654861	-8.200983
Gm48796	-17.188251	-13.734373
Igsf9b	-12.246609	-8.79273
Opcml	-13.029368	-9.57549
Ntm	-16.089638	-12.63576
Snx19	-13.013864	-9.559985
Gm31013	-17.188251	-13.734373
Adamts15	-12.225407	-8.771528
Adamts8	-12.53429	-9.080412
Gm29724	-17.188251	-13.734373
Zbtb44	-11.812973	-8.359095
Aplp2	-9.414236	-5.960358
4930517E14Rik	-16.495104	-13.041225
Prdm10	-14.143728	-10.68985
Nfrkb	-13.381589	-9.927711
Barx2	-15.578814	-12.124935
Arhgap32	-13.1452	-9.691321
Fli1	-12.9541445	-9.500266
Ets1	-12.1512985	-8.69742
St3gal4	-12.344064	-8.890185
4930581F22Rik	-13.381589	-9.927711
Dcps	-12.593131	-9.139253
Tirap	-13.110714	-9.656836
Srpr	-10.729913	-7.276035
Foxred1	-13.6047325	-10.150854
Fam118b	-13.180918	-9.727039
Rpusd4	-13.632903	-10.179025
4933422A05Rik	-17.188251	-13.734373
Gm33838	-15.801957	-12.348079
Cdon	-12.040756	-8.586878
Pus3	-14.143728	-10.68985
Hyls1	-14.790356	-11.336477
Pate2	-15.578814	-12.124935
Chek1	-16.495104	-13.041225
Stt3a	-11.2169895	-7.7631116
Ei24	-11.678863	-8.224984
Fez1	-11.37114	-7.9172616
Pknox2	-13.404061	-9.950183
Tmem218	-12.376067	-8.922189
Slc37a2	-15.801957	-12.348079
Ccdc15	-14.297879	-10.844001
Robo4	-16.495104	-13.041225
Msantd2	-12.968743	-9.514865
Esam	-12.998596	-9.544718
Vsig2	-16.495104	-13.041225
Nrgn	-12.857518	-9.40364
Siae	-12.677392	-9.223514
Spa17	-13.577333	-10.123455
Tbrg1	-10.482612	-7.0287337
Olfr889	-16.089638	-12.63576
Olfr912	-17.188251	-13.734373
Vwa5a	-11.925561	-8.471683
Olfr920	-14.097209	-10.643331
Olfr921	-16.089638	-12.63576
AW551984	-14.480201	-11.026322
Olfr984	-17.188251	-13.734373
Zfp202	-15.396492	-11.942614
Scn3b	-15.801957	-12.348079
Gramd1b	-14.415663	-10.961784
Gm35371	-16.089638	-12.63576
Clmp	-11.32462	-7.8707423
Hspa8	-8.236293	-4.782415
Ubash3b	-15.396492	-11.942614
Mir100hg	-11.501276	-8.047398
Gm48740	-17.188251	-13.734373
Gm28119	-17.188251	-13.734373
Gm48814	-17.188251	-13.734373
Sorl1	-10.613175	-7.1592975
Gm16214	-17.188251	-13.734373
Sc5d	-12.2682705	-8.814392
Tbcel	-12.275597	-8.821718
Grik4	-17.188251	-13.734373
Arhgef12	-10.368235	-6.9143567
Tmem136	-12.925571	-9.471693
Pou2f3	-15.801957	-12.348079
Oaf	-11.790089	-8.33621
D630033O11Rik	-16.089638	-12.63576
Trim29	-15.396492	-11.942614
Nectin1	-13.404061	-9.950183
E230034D01Rik	-17.188251	-13.734373
Gm39323	-16.495104	-13.041225
Thy1	-11.920393	-8.466515
Gm49380	-16.089638	-12.63576
Usp2	-12.320717	-8.866838
Rnf26	-13.199267	-9.745389
Mfrp	-17.188251	-13.734373
Gm26737	-15.396492	-11.942614
Gm10687	-13.6047325	-10.150854
Mcam	-10.439491	-6.9856133
Cbl	-12.023465	-8.569587
Pdzd3	-15.242341	-11.788463
Nlrx1	-13.661891	-10.208013
Abcg4	-13.820955	-10.367077
Gm48604	-16.089638	-12.63576
Hinfp	-13.930155	-10.476276
C2cd2l	-13.381589	-9.927711
Dpagt1	-12.939755	-9.485877
H2afx	-12.553522	-9.099644
Hmbs	-12.710915	-9.257036
Vps11	-12.688441	-9.234563
Hyou1	-12.573131	-9.119252
Slc37a4	-13.754264	-10.300385
Trappc4	-11.575123	-8.121244
Rps25	-8.8232765	-5.369399
Ccdc84	-13.427051	-9.973172
C030014I23Rik	-13.661891	-10.208013
Gm47204	-14.991027	-11.537148
Bcl9l	-11.4262	-7.972322
Cxcr5	-17.188251	-13.734373
Gm47231	-17.188251	-13.734373
Gm47232	-17.188251	-13.734373
Ddx6	-10.6794815	-7.2256036
Phldb1	-11.627569	-8.173691
Arcn1	-11.052686	-7.598808
Ift46	-12.017767	-8.563889
Tmem25	-15.578814	-12.124935
Kmt2a	-11.024937	-7.5710588
Atp5l	-9.079327	-5.625449
Ube4a	-12.336221	-8.882342
Mpzl2	-16.495104	-13.041225
Mpzl3	-15.396492	-11.942614
Jaml	-16.495104	-13.041225
Scn2b	-14.6233015	-11.169423
Scn4b	-17.188251	-13.734373
Fxyd6	-11.715981	-8.262102
Fxyd2	-14.991027	-11.537148
Dscaml1	-17.188251	-13.734373
Cep164	-12.246609	-8.79273
Bace1	-11.494519	-8.040641
Gm16536	-13.381589	-9.927711
Rnf214	-12.487771	-9.033893
Pcsk7	-13.029368	-9.57549
Tagln	-6.2236447	-2.7697673
Gm48529	-13.013864	-9.559985
Sidt2	-11.646988	-8.1931095
A830035O19Rik	-15.578814	-12.124935
Pafah1b2	-11.674822	-8.220943
Sik3	-12.583081	-9.129203
Apoa1	-15.578814	-12.124935
Zpr1	-12.524812	-9.070933
Bud13	-13.474679	-10.020801
Cadm1	-14.480201	-11.026322
Nxpe4	-14.790356	-11.336477
Nxpe2	-15.801957	-12.348079
Rexo2	-9.887778	-6.4339004
Rbm7	-11.6829195	-8.229041
Gm5617	-12.515422	-9.061543
Nnmt	-11.338926	-7.8850484
Zbtb16	-11.860375	-8.406497
Usp28	-14.097209	-10.643331
Zw10	-13.1452	-9.691321
Tmprss5	-15.801957	-12.348079
Ankk1	-17.188251	-13.734373
Ttc12	-14.097209	-10.643331
Ncam1	-9.699957	-6.2460794
Gm11149	-17.188251	-13.734373
Rpl10-ps3	-12.666463	-9.2125845
Plet1	-13.722515	-10.268637
Pts	-12.666463	-9.2125845
Il18	-14.052757	-10.598879
Sdhd	-11.754529	-8.300651
Timm8b	-10.768256	-7.3143783
Nkapd1	-12.487771	-9.033893
Pih1d2	-15.242341	-11.788463
Dlat	-12.290411	-8.836533
Dixdc1	-13.661891	-10.208013
2310030G06Rik	-13.787054	-10.333176
Hspb2	-10.443015	-6.989137
Cryab	-9.364605	-5.910727
1110032A03Rik	-12.3054495	-8.851571
Fdxacb1	-14.010198	-10.556319
Alg9	-13.474679	-10.020801
Ppp2r1b	-13.969376	-10.515497
Sik2	-13.162899	-9.709021
Layn	-12.998596	-9.544718
Colca2	-14.355038	-10.901159
2010007H06Rik	-16.089638	-12.63576
Arhgap20	-13.276228	-9.82235
Fdx1	-11.155165	-7.701287
Rdx	-10.027405	-6.573527
Zc3h12c	-13.276228	-9.82235
Ddx10	-12.7456	-9.291721
Poglut3	-11.491158	-8.037279
4930550C14Rik	-14.790356	-11.336477
Atm	-12.911585	-9.457706
Npat	-12.818803	-9.364924
Acat1	-11.020735	-7.566857
Cul5	-11.627569	-8.173691
Gm16124	-13.499372	-10.045493
Slc35f2	-17.188251	-13.734373
Sln	-16.495104	-13.041225
Elmod1	-15.578814	-12.124935
Tnfaip8l3	-15.578814	-12.124935
Gldn	-13.1452	-9.691321
Dmxl2	-13.550665	-10.0967865
Cib2	-12.688441	-9.234563
Idh3a	-11.9678955	-8.514017
Acsbg1	-13.930155	-10.476276
Dnaja4	-12.844445	-9.390567
Wdr61	-11.504671	-8.050793
Crabp1	-17.188251	-13.734373
Ireb2	-12.54386	-9.089982
Hykk	-13.820955	-10.367077
Psma4	-10.489983	-7.0361047
Ube2q2	-12.000865	-8.546987
Fbxo22	-11.884946	-8.431067
Nrg4	-15.578814	-12.124935
Etfa	-10.967661	-7.513783
Isl2	-17.188251	-13.734373
Scaper	-12.2682705	-8.814392
Rcn2	-10.776433	-7.322555
Pstpip1	-14.097209	-10.643331
Tspan3	-10.425522	-6.971644
Peak1	-11.5114975	-8.057619
Gm29322	-17.188251	-13.734373
Hmg20a	-12.426077	-8.9721985
Lingo1	-13.969376	-10.515497
Odf3l1	-16.495104	-13.041225
Cspg4	-10.385857	-6.9319787
Gm47237	-15.396492	-11.942614
Snx33	-12.677392	-9.223514
Imp3	-11.039783	-7.5859046
Snupn	-12.844445	-9.390567
Ptpn9	-12.000865	-8.546987
Sin3a	-12.496903	-9.043025
Man2c1os	-15.578814	-12.124935
Man2c1	-12.603284	-9.1494055
Neil1	-14.790356	-11.336477
Commd4	-11.678863	-8.224984
1700017B05Rik	-13.338103	-9.884225
Ppcdc	-13.217959	-9.764081
Scamp5	-15.108809	-11.654931
Cox5a	-10.346636	-6.892758
Gm26631	-16.089638	-12.63576
Fam219b	-13.199267	-9.745389
Mpi	-13.550665	-10.0967865
Scamp2	-11.799179	-8.345301
Ulk3	-14.297879	-10.844001
Csk	-12.275597	-8.821718
Edc3	-13.930155	-10.476276
Clk3	-12.2682705	-8.814392
Arid3b	-14.703344	-11.249466
Ubl7	-12.1512985	-8.69742
Sema7a	-15.578814	-12.124935
Gm17322	-17.188251	-13.734373
Ccdc33	-17.188251	-13.734373
Stra6	-16.495104	-13.041225
Islr	-9.865081	-6.411203
Islr2	-14.703344	-11.249466
Pml	-13.061116	-9.607238
Stoml1	-12.831542	-9.377664
Loxl1	-9.719738	-6.26586
Insyn1	-13.338103	-9.884225
Cd276	-13.217959	-9.764081
Nptn	-10.145965	-6.6920867
Rec114	-15.801957	-12.348079
Neo1	-11.413699	-7.959821
Adpgk	-12.593131	-9.139253
Bbs4	-13.077377	-9.623499
Arih1	-11.557039	-8.103161
Tmem202	-14.885666	-11.4317875
Hexa	-10.339185	-6.885307
Parp6	-13.237007	-9.783129
Pkm	-9.760512	-6.3066344
Gramd2	-16.089638	-12.63576
Senp8	-14.192519	-10.738641
Myo9a	-11.586132	-8.132254
Gm20275	-17.188251	-13.734373
Thsd4	-10.765004	-7.311126
2010001M07Rik	-17.188251	-13.734373
9230112J17Rik	-14.790356	-11.336477
Gm49334	-15.396492	-11.942614
Lrrc49	-13.787054	-10.333176
Larp6	-13.550665	-10.0967865
Uaca	-11.803756	-8.349877
Gm9869	-16.495104	-13.041225
Gm10655	-17.188251	-13.734373
Tle3	-12.320717	-8.866838
Rplp1	-7.763041	-4.3091636
Kif23	-15.801957	-12.348079
Glce	-13.217959	-9.764081
Anp32a	-10.74412	-7.2902417
Coro2b	-13.6047325	-10.150854
Itga11	-13.474679	-10.020801
Fem1b	-12.844445	-9.390567
Cln6	-13.381589	-9.927711
Calml4	-12.359938	-8.906059
Pias1	-11.589829	-8.135951
Map2k5	-13.045116	-9.591238
2300009A05Rik	-12.017767	-8.563889
Gm16759	-17.188251	-13.734373
Iqch	-17.188251	-13.734373
Aagab	-13.338103	-9.884225
Smad3	-13.045116	-9.591238
Gm36033	-16.495104	-13.041225
Smad6	-12.313054	-8.859176
Scarletltr	-15.801957	-12.348079
Zwilch	-15.396492	-11.942614
Rpl4	-9.210626	-5.756748
Snapc5	-11.15277	-7.698892
Map2k1	-12.40076	-8.946881
Gm48855	-16.495104	-13.041225
Uchl4	-17.188251	-13.734373
Tipin	-12.132006	-8.678127
Dis3l	-13.969376	-10.515497
Megf11	-16.495104	-13.041225
Rab11a	-11.42306	-7.9691825
Dennd4a	-12.336221	-8.882342
Ints14	-13.045116	-9.591238
Hacd3	-12.644957	-9.191078
Dpp8	-12.177616	-8.723738
Igdcc4	-13.856047	-10.402168
Igdcc3	-15.578814	-12.124935
Parp16	-14.355038	-10.901159
Cilp	-12.3679695	-8.914091
Clpx	-12.211517	-8.757639
Pdcd7	-12.53429	-9.080412
Ubap1l	-17.188251	-13.734373
Kbtbd13	-17.188251	-13.734373
Rasl12	-10.92676	-7.472882
Mtfmt	-13.404061	-9.950183
Gm47270	-16.495104	-13.041225
Spg21	-11.984244	-8.530366
Gm17749	-15.578814	-12.124935
Plekho2	-11.650917	-8.197039
Rbpms2	-11.224671	-7.7707934
Oaz2	-11.481141	-8.027263
Zfp609	-12.983559	-9.52968
Trip4	-12.515422	-9.061543
Pclaf	-17.188251	-13.734373
Csnk1g1	-12.496903	-9.043025
Ppib	-9.070938	-5.6170607
Snx22	-17.188251	-13.734373
Snx1	-12.000865	-8.546987
Ciao2a	-12.297902	-8.844024
Dapk2	-12.336221	-8.882342
Herc1	-11.654861	-8.200983
Fbxl22	-10.178843	-6.7249646
Usp3	-12.593131	-9.139253
Car12	-17.188251	-13.734373
Aph1b	-13.256426	-9.802547
Aph1c	-14.192519	-10.738641
Rab8b	-12.336221	-8.882342
Rps27l	-9.730641	-6.2767634
Lactb	-13.045116	-9.591238
Tpm1	-8.131295	-4.6774173
Tln2	-12.939755	-9.485877
C2cd4a	-17.188251	-13.734373
Vps13c	-12.088385	-8.634506
Rora	-10.67058	-7.216702
Ice2	-13.632903	-10.179025
Anxa2	-9.502548	-6.0486703
Bnip2	-9.9483185	-6.4944406
Gtf2a2	-11.232413	-7.7785354
Fam81a	-12.320717	-8.866838
Myo1e	-12.239491	-8.785613
Ccnb2	-15.801957	-12.348079
Rnf111	-12.313054	-8.859176
Sltm	-11.280169	-7.8262906
Mindy2	-11.889934	-8.436055
Adam10	-12.023465	-8.569587
Lipc	-17.188251	-13.734373
Aldh1a2	-14.355038	-10.901159
Polr2m	-11.010307	-7.5564294
Myzap	-14.549193	-11.095315
Cgnl1	-11.737212	-8.283334
Tcf12	-11.518371	-8.064492
Gm27253	-17.188251	-13.734373
Zfp280d	-12.100655	-8.646776
Mns1	-16.089638	-12.63576
Tex9	-13.427051	-9.973172
Rfx7	-13.162899	-9.709021
Nedd4	-9.055544	-5.6016665
Prtg	-15.396492	-11.942614
Pygo1	-12.50612	-9.052241
Dnaaf4	-14.790356	-11.336477
Ccpg1os	-13.754264	-10.300385
Ccpg1	-10.944084	-7.4902062
Pigb	-14.052757	-10.598879
2310009A05Rik	-11.578779	-8.124901
Rab27a	-13.52469	-10.070811
Rsl24d1	-12.218438	-8.76456
Unc13c	-15.242341	-11.788463
Wdr72	-17.188251	-13.734373
Fam214a	-12.870763	-9.416884
Arpp19	-10.334952	-6.8810744
Myo5a	-13.029368	-9.57549
Gnb5	-13.045116	-9.591238
Gm19531	-14.991027	-11.537148
Mapk6	-12.983559	-9.52968
4933433G15Rik	-16.495104	-13.041225
Leo1	-12.699615	-9.245736
Tmod3	-11.280169	-7.8262906
Tmod2	-12.553522	-9.099644
Lysmd2	-11.758905	-8.305027
Scg3	-15.578814	-12.124935
Bmp5	-17.188251	-13.734373
Mlip	-16.089638	-12.63576
Lrrc1	-13.969376	-10.515497
Klhl31	-16.495104	-13.041225
Gclc	-12.3679695	-8.914091
Elovl5	-12.392461	-8.938582
Gm34829	-16.495104	-13.041225
Fbxo9	-11.699313	-8.245435
Ick	-11.984244	-8.530366
Gsta4	-13.474679	-10.020801
Gm3776	-17.188251	-13.734373
Cgas	-14.703344	-11.249466
Gm17324	-16.495104	-13.041225
Mto1	-13.661891	-10.208013
Eef1a1	-7.4821777	-4.0283003
Slc17a5	-12.7456	-9.291721
Cd109	-11.941227	-8.487349
4921509A06Rik	-17.188251	-13.734373
Col12a1	-12.478721	-9.024842
Cox7a2	-9.367811	-5.9139338
Tmem30a	-10.6300535	-7.1761756
4930429F24Rik	-17.188251	-13.734373
Filip1	-11.274748	-7.82087
Senp6	-10.74412	-7.2902417
Myo6	-12.434661	-8.9807825
Gm27227	-17.188251	-13.734373
Htr1b	-12.218438	-8.76456
D430036J16Rik	-15.242341	-11.788463
Mei4	-16.495104	-13.041225
Irak1bp1	-12.094501	-8.640622
Phip	-11.24808	-7.7942023
Hmgn3	-10.712818	-7.25894
Gm29054	-17.188251	-13.734373
Lca5	-13.6047325	-10.150854
Sh3bgrl2	-16.495104	-13.041225
Elovl4	-15.801957	-12.348079
Ttk	-17.188251	-13.734373
Gm36278	-16.495104	-13.041225
Bckdhb	-13.110714	-9.656836
Tent5a	-9.9900675	-6.5361896
Gm48832	-17.188251	-13.734373
Ibtk	-12.3054495	-8.851571
9330154J02Rik	-17.188251	-13.734373
Tpbg	-13.930155	-10.476276
Ube2cbp	-17.188251	-13.734373
Dop1a	-12.478721	-9.024842
Pgm3	-12.7223425	-9.268464
Rwdd2a	-14.6233015	-11.169423
Me1	-11.654861	-8.200983
A330041J22Rik	-16.495104	-13.041225
Prss35	-16.495104	-13.041225
Cyb5r4	-12.487771	-9.033893
Cep162	-12.666463	-9.2125845
Tbx18	-11.920393	-8.466515
Nt5e	-15.242341	-11.788463
Snx14	-12.417566	-8.963688
Gm28229	-15.801957	-12.348079
Syncrip	-11.189315	-7.735437
Snhg5	-13.093906	-9.640028
Zfp949	-13.550665	-10.0967865
9430037G07Rik	-17.188251	-13.734373
Mthfsl	-13.093906	-9.640028
Gm29562	-15.578814	-12.124935
9330159M07Rik	-14.480201	-11.026322
Mthfs	-13.217959	-9.764081
Minar1	-14.991027	-11.537148
Tmed3	-9.751044	-6.2971663
Ctsh	-10.258735	-6.804857
Morf4l1	-9.122986	-5.669108
Adamts7	-14.6233015	-11.169423
Tbc1d2b	-11.962504	-8.508626
Zic1	-17.188251	-13.734373
Plscr1	-13.499372	-10.045493
Plscr2	-13.110714	-9.656836
1700057G04Rik	-17.188251	-13.734373
Plscr4	-12.064287	-8.610409
Plod2	-10.798011	-7.344133
Dipk2a	-12.573131	-9.119252
Slc9a9	-14.991027	-11.537148
Chst2	-12.998596	-9.544718
U2surp	-10.90973	-7.455852
Paqr9	-17.188251	-13.734373
Pcolce2	-9.51085	-6.0569725
Trpc1	-12.818803	-9.364924
Pls1	-16.495104	-13.041225
1700065D16Rik	-17.188251	-13.734373
Atr	-13.217959	-9.764081
Gm16794	-15.801957	-12.348079
Xrn1	-11.767716	-8.313838
Gk5	-13.093906	-9.640028
Tfdp2	-11.772151	-8.318273
Atp1b3	-10.65156	-7.197682
BC043934	-15.801957	-12.348079
Rnf7	-10.526397	-7.072519
Gm28729	-17.188251	-13.734373
Rasa2	-12.119347	-8.665468
Zbtb38	-10.517485	-7.0636067
C430002N11Rik	-17.188251	-13.734373
Pxylp1	-13.381589	-9.927711
Spsb4	-14.991027	-11.537148
Gm19325	-15.396492	-11.942614
Slc25a36	-12.218438	-8.76456
Nmnat3	-14.6233015	-11.169423
Rbp1	-8.764709	-5.3108315
Rbp2	-15.801957	-12.348079
4930579K19Rik	-15.396492	-11.942614
Copb2	-10.878333	-7.424455
Mrps22	-12.939755	-9.485877
Gm37637	-17.188251	-13.734373
Faim	-12.806225	-9.352346
Pik3cb	-13.162899	-9.709021
Cep70	-14.6233015	-11.169423
Esyt3	-16.089638	-12.63576
Mras	-12.443319	-8.989441
Armc8	-12.487771	-9.033893
Dbr1	-13.499372	-10.045493
Dzip1l	-12.699615	-9.245736
Il20rb	-15.396492	-11.942614
Nck1	-11.532259	-8.078381
Slc35g2	-15.108809	-11.654931
Stag1	-11.256006	-7.8021283
Pccb	-12.232424	-8.778545
Msl2	-12.359938	-8.906059
Ppp2r3a	-12.029196	-8.575317
Ephb1	-14.790356	-11.336477
Ky	-13.892414	-10.438536
Cep63	-12.677392	-9.223514
Anapc13	-10.5536175	-7.0997396
Amotl2	-11.3161335	-7.8622556
Ryk	-11.070154	-7.6162763
Slco2a1	-13.820955	-10.367077
Rab6b	-12.211517	-8.757639
Srprb	-12.157813	-8.703935
Trf	-13.237007	-9.783129
Topbp1	-12.939755	-9.485877
Cdv3	-11.052686	-7.598808
Bfsp2	-17.188251	-13.734373
Tmem108	-14.010198	-10.556319
Nphp3	-13.722515	-10.268637
Uba5	-11.575123	-8.121244
Acad11	-13.820955	-10.367077
Ackr4	-15.578814	-12.124935
Dnajc13	-12.469752	-9.015874
Cpne4	-16.495104	-13.041225
Mrpl3	-12.246609	-8.79273
Nudt16	-13.127808	-9.673929
Nek11	-17.188251	-13.734373
Aste1	-14.143728	-10.68985
Atp2c1	-12.392461	-8.938582
Pik3r4	-12.844445	-9.390567
Col6a6	-12.699615	-9.245736
Col6a5	-14.480201	-11.026322
Col6a4	-16.089638	-12.63576
Gm29208	-17.188251	-13.734373
Glyctk	-17.188251	-13.734373
Wdr82	-12.03496	-8.581081
Ppm1m	-12.232424	-8.778545
Twf2	-12.487771	-9.033893
Alas1	-12.7223425	-9.268464
Poc1a	-14.885666	-11.4317875
Dusp7	-12.699615	-9.245736
Rpl29	-8.91747	-5.463592
Acy1	-14.052757	-10.598879
Abhd14a	-11.737212	-8.283334
Abhd14b	-11.962504	-8.508626
Gm28959	-16.495104	-13.041225
Pcbp4	-11.855533	-8.401654
Gpr62	-16.089638	-12.63576
Parp3	-11.589829	-8.135951
Rrp9	-13.077377	-9.623499
Tex264	-11.3161335	-7.8622556
Rad54l2	-13.077377	-9.623499
Dcaf1	-12.376067	-8.922189
Manf	-10.254828	-6.8009505
Gm37612	-16.089638	-12.63576
Rbm15b	-12.870763	-9.416884
Mapkapk3	-14.6233015	-11.169423
Cish	-15.108809	-11.654931
Hemk1	-14.355038	-10.901159
6430571L13Rik	-17.188251	-13.734373
Cacna2d2	-15.578814	-12.124935
Tmem115	-12.170971	-8.7170925
Cyb561d2	-12.666463	-9.2125845
Nprl2	-13.256426	-9.802547
Zmynd10	-16.089638	-12.63576
Rassf1	-11.845917	-8.392038
Gm9917	-15.578814	-12.124935
Tusc2	-12.452053	-8.998175
Hyal2	-12.793802	-9.339924
Hyal1	-13.013864	-9.559985
Naa80	-11.785574	-8.331696
Hyal3	-14.549193	-11.095315
Ifrd2	-13.045116	-9.591238
Lsmem2	-14.097209	-10.643331
Sema3b	-11.941227	-8.487349
Gnai2	-9.352276	-5.8983984
Slc38a3	-15.801957	-12.348079
Gnat1	-16.089638	-12.63576
Sema3f	-11.608521	-8.154643
Rbm5	-11.108318	-7.6544404
Gm37850	-16.089638	-12.63576
Rbm6	-11.875045	-8.421166
Mon1a	-13.045116	-9.591238
Mst1r	-13.6047325	-10.150854
Traip	-16.089638	-12.63576
Uba7	-13.381589	-9.927711
Inka1	-14.010198	-10.556319
Cdhr4	-16.089638	-12.63576
Ip6k1	-11.794623	-8.340745
Gmppb	-12.40076	-8.946881
Rnf123	-12.409127	-8.955249
Amigo3	-15.396492	-11.942614
Apeh	-12.61354	-9.159661
Dag1	-10.197074	-6.743196
Nicn1	-12.38423	-8.930351
Amt	-14.790356	-11.336477
Tcta	-11.989754	-8.535875
Rhoa	-9.615747	-6.16187
Gm37401	-17.188251	-13.734373
Gpx1	-9.164699	-5.7108207
Usp4	-12.1512985	-8.69742
1700102P08Rik	-16.089638	-12.63576
Ccdc36	-17.188251	-13.734373
Klhdc8b	-12.138395	-8.684517
Ccdc71	-12.76941	-9.315532
Lamb2	-9.444548	-5.9906697
Usp19	-11.711787	-8.257909
Qars	-12.012101	-8.558223
Qrich1	-12.191039	-8.737161
Impdh2	-11.307718	-7.8538404
Ndufaf3	-11.754529	-8.300651
4833445I07Rik	-14.703344	-11.249466
Dalrd3	-12.246609	-8.79273
Wdr6	-12.064287	-8.610409
P4htm	-12.593131	-9.139253
Gm38163	-16.495104	-13.041225
Arih2	-12.666463	-9.2125845
Slc25a20	-13.450582	-9.996703
Prkar2a	-11.296607	-7.842729
Ip6k2	-12.793802	-9.339924
Nckipsd	-13.6047325	-10.150854
Slc26a6	-14.143728	-10.68985
Tmem89	-16.495104	-13.041225
Uqcrc1	-10.842615	-7.388737
Col7a1	-16.495104	-13.041225
Pfkfb4	-14.143728	-10.68985
Shisa5	-10.896682	-7.442804
Atrip	-13.256426	-9.802547
Tma7	-10.253854	-6.799976
Ccdc51	-14.415663	-10.961784
Gm7628	-16.495104	-13.041225
Plxnb1	-13.127808	-9.673929
Nme6	-13.450582	-9.996703
Cdc25a	-13.427051	-9.973172
Map4	-10.8856325	-7.4317546
Dhx30	-12.088385	-8.634506
Smarcc1	-12.082306	-8.6284275
Cspg5	-15.396492	-11.942614
Elp6	-13.6047325	-10.150854
Scap	-12.553522	-9.099644
Ptpn23	-12.806225	-9.352346
Klhl18	-13.338103	-9.884225
Kif9	-15.578814	-12.124935
Setd2	-11.741513	-8.287635
Nradd	-12.781531	-9.327653
Nbeal2	-15.396492	-11.942614
Ccdc12	-11.380109	-7.926231
Pth1r	-12.983559	-9.52968
Tmie	-15.578814	-12.124935
Als2cl	-15.578814	-12.124935
Rtp3	-16.495104	-13.041225
Ltf	-17.188251	-13.734373
Ccrl2	-13.31705	-9.863172
Lrrfip2	-11.635291	-8.181413
Mlh1	-14.097209	-10.643331
Epm2aip1	-12.496903	-9.043025
Stac	-14.192519	-10.738641
AU023762	-17.188251	-13.734373
Pdcd6ip	-11.037648	-7.5837703
Clasp2	-11.808353	-8.354475
Ubp1	-11.754529	-8.300651
Fbxl2	-13.661891	-10.208013
Susd5	-10.324448	-6.8705697
4930520O04Rik	-13.632903	-10.179025
Crtap	-10.862102	-7.4082236
Glb1	-12.260998	-8.807119
Tmppe	-16.089638	-12.63576
Trim71	-17.188251	-13.734373
Cnot10	-12.076263	-8.622385
Dync1li1	-11.494519	-8.040641
Cmtm6	-12.275597	-8.821718
Cmtm7	-12.046588	-8.59271
Cmtm8	-14.192519	-10.738641
Gpd1l	-12.61354	-9.159661
Osbpl10	-16.495104	-13.041225
Rps27rt	-12.7223425	-9.268464
Stt3b	-11.338926	-7.8850484
D330037F02Rik	-16.089638	-12.63576
Tgfbr2	-10.95384	-7.4999623
Rbms3	-10.307867	-6.853989
Gm17396	-13.856047	-10.402168
Gm26614	-14.355038	-10.901159
Zcwpw2	-16.089638	-12.63576
Azi2	-11.715981	-8.262102
Cmc1	-12.3054495	-8.851571
Gm17399	-17.188251	-13.734373
Golga4	-11.285618	-7.83174
Gm45897	-17.188251	-13.734373
Itga9	-10.1989155	-6.7450376
Gm2415	-14.052757	-10.598879
Ctdspl	-11.293848	-7.83997
Vill	-14.097209	-10.643331
Plcd1	-11.962504	-8.508626
Acaa1b	-17.188251	-13.734373
Oxsr1	-12.50612	-9.052241
Myd88	-12.983559	-9.52968
Acaa1a	-11.199289	-7.7454114
Xylb	-16.495104	-13.041225
Acvr2b	-13.577333	-10.123455
Exog	-14.097209	-10.643331
Scn5a	-17.188251	-13.734373
Gm2449	-17.188251	-13.734373
Wdr48	-12.320717	-8.866838
Gorasp1	-13.691744	-10.237865
Ttc21a	-17.188251	-13.734373
Csrnp1	-12.655652	-9.201774
1700019L13Rik	-15.108809	-11.654931
Gm49427	-17.188251	-13.734373
Xirp1	-11.915252	-8.461373
Slc25a38	-12.710915	-9.257036
Rpsa	-8.008266	-4.554389
Myrip	-14.991027	-11.537148
D830035M03Rik	-16.495104	-13.041225
Eif1b	-10.801372	-7.3474936
Rpl14	-8.661701	-5.2078238
5830454E08Rik	-15.801957	-12.348079
Gm39458	-17.188251	-13.734373
Gm34425	-16.495104	-13.041225
Ctnnb1	-10.030516	-6.5766377
Ulk4	-14.6233015	-11.169423
Gm34655	-16.495104	-13.041225
Trak1	-12.344064	-8.890185
Cck	-14.991027	-11.537148
Vipr1	-16.495104	-13.041225
Sec22c	-13.930155	-10.476276
Ss18l2	-11.799179	-8.345301
Nktr	-10.837365	-7.383487
E530011L22Rik	-14.703344	-11.249466
Zfp651	-11.42306	-7.9691825
Klhl40	-17.188251	-13.734373
Hhatl	-17.188251	-13.734373
Gm17163	-16.495104	-13.041225
Higd1a	-9.796836	-6.342958
Ackr2	-13.754264	-10.300385
1700048O20Rik	-14.790356	-11.336477
Gask1a	-13.499372	-10.045493
Pomgnt2	-13.296431	-9.842552
Snrk	-11.282889	-7.8290114
Gm47121	-16.089638	-12.63576
Ano10	-11.889934	-8.436055
Gm26797	-15.396492	-11.942614
Abhd5	-12.164371	-8.710492
Tcaim	-13.499372	-10.045493
Zfp445	-11.799179	-8.345301
Gm47140	-16.495104	-13.041225
A530083I20Rik	-17.188251	-13.734373
Zkscan7	-14.297879	-10.844001
Zfp105	-14.297879	-10.844001
1110059G10Rik	-12.211517	-8.757639
Gm9856	-13.969376	-10.515497
Tmem42	-12.781531	-9.327653
Zdhhc3	-11.915252	-8.461373
Exosc7	-11.973315	-8.519437
Clec3b	-9.253379	-5.7995014
Tmem158	-12.644957	-9.191078
Lars2	-9.5361805	-6.0823026
Limd1	-11.691083	-8.237205
Sacm1l	-11.989754	-8.535875
Lztfl1	-12.094501	-8.640622
Fyco1	-11.582449	-8.128571
Gm39469	-14.415663	-10.961784
2010315B03Rik	-13.550665	-10.0967865
Ppp2r3d	-12.54386	-9.089982
Ppp1r14c	-13.127808	-9.673929
Iyd	-15.801957	-12.348079
Plekhg1	-14.143728	-10.68985
Mthfd1l	-13.969376	-10.515497
Akap12	-10.971645	-7.5177674
Zbtb2	-13.276228	-9.82235
Gm21781	-15.578814	-12.124935
Rmnd1	-13.029368	-9.57549
Gm16153	-16.495104	-13.041225
Armt1	-13.661891	-10.208013
Ccdc170	-17.188251	-13.734373
Esr1	-12.496903	-9.043025
Syne1	-10.606226	-7.152348
Myct1	-14.549193	-11.095315
Fbxo5	-14.549193	-11.095315
Mtrf1l	-13.427051	-9.973172
Rgs17	-12.793802	-9.339924
Cnksr3	-12.831542	-9.377664
Lrp11	-16.495104	-13.041225
Pcmt1	-11.194289	-7.7404113
Nup43	-14.243813	-10.789934
Lats1	-12.191039	-8.737161
Katna1	-12.359938	-8.906059
Ginm1	-10.942144	-7.4882665
B430219N15Rik	-16.495104	-13.041225
Ppil4	-11.66679	-8.212912
Tab2	-11.501276	-8.047398
Ust	-12.515422	-9.061543
Sash1	-11.020735	-7.566857
Gm26674	-17.188251	-13.734373
Gm48727	-17.188251	-13.734373
Samd5	-13.820955	-10.367077
Stxbp5	-12.870763	-9.416884
Rab32	-13.338103	-9.884225
Shprh	-12.76941	-9.315532
4930432B10Rik	-17.188251	-13.734373
Fbxo30	-10.936347	-7.482469
Epm2a	-14.143728	-10.68985
Utrn	-10.480167	-7.0262895
B230208H11Rik	-15.242341	-11.788463
Stx11	-14.415663	-10.961784
Sf3b5	-10.535388	-7.08151
Plagl1	-13.892414	-10.438536
Ltv1	-12.884186	-9.430307
Phactr2	-11.464666	-8.010788
Fuca2	-13.754264	-10.300385
Pex3	-12.426077	-8.9721985
Adat2	-14.192519	-10.738641
Aig1	-11.646988	-8.1931095
Hivep2	-11.374121	-7.920243
Adgrg6	-15.801957	-12.348079
Vta1	-12.290411	-8.836533
Gm16234	-17.188251	-13.734373
Gm47761	-17.188251	-13.734373
Cited2	-10.59247	-7.1385922
Gm20655	-14.143728	-10.68985
Txlnb	-14.097209	-10.643331
Heca	-11.925561	-8.471683
Abracl	-10.766629	-7.3127513
Reps1	-12.968743	-9.514865
Ect2l	-16.089638	-12.63576
Ccdc28a	-12.925571	-9.471693
Nhsl1	-13.754264	-10.300385
Hebp2	-13.35961	-9.905731
Arfgef3	-15.108809	-11.654931
Perp	-11.678863	-8.224984
Tnfaip3	-14.143728	-10.68985
Gm33104	-16.495104	-13.041225
Ifngr1	-11.293848	-7.83997
Slc35d3	-17.188251	-13.734373
Pex7	-12.710915	-9.257036
Map3k5	-12.392461	-8.938582
Map7	-13.892414	-10.438536
4933406P04Rik	-17.188251	-13.734373
Bclaf1	-10.917263	-7.463385
Mtfr2	-17.188251	-13.734373
Pde7b	-14.6233015	-11.169423
Ahi1	-12.2537775	-8.799899
Hbs1l	-12.487771	-9.033893
Aldh8a1	-17.188251	-13.734373
Sgk1	-11.044065	-7.5901875
E030030I06Rik	-15.396492	-11.942614
Raet1d	-17.188251	-13.734373
Slc2a12	-14.790356	-11.336477
Tbpl1	-12.666463	-9.2125845
Tcf21	-12.593131	-9.139253
Eya4	-13.856047	-10.402168
Gm47843	-17.188251	-13.734373
Rps12	-8.103814	-4.649936
Slc18b1	-14.010198	-10.556319
Vnn1	-14.6233015	-11.169423
Stx7	-11.619906	-8.166028
Gm15271	-15.578814	-12.124935
Gm15270	-13.754264	-10.300385
Ccn2	-8.175386	-4.7215085
Enpp1	-12.297902	-8.844024
Enpp3	-12.282976	-8.829098
Med23	-13.110714	-9.656836
Arg1	-17.188251	-13.734373
Akap7	-12.336221	-8.882342
Epb41l2	-10.789656	-7.3357778
Gm36543	-17.188251	-13.734373
Tmem200a	-17.188251	-13.734373
L3mbtl3	-12.870763	-9.416884
Arhgap18	-13.427051	-9.973172
Lama2	-10.653009	-7.1991315
Ptprk	-12.983559	-9.52968
9330159F19Rik	-13.550665	-10.0967865
Gm46218	-15.578814	-12.124935
Echdc1	-13.127808	-9.673929
Rnf146	-12.076263	-8.622385
Rspo3	-12.426077	-8.9721985
Cenpw	-13.029368	-9.57549
Trmt11	-13.499372	-10.045493
Gm20300	-13.127808	-9.673929
Hint3	-11.741513	-8.287635
Ncoa7	-11.404426	-7.9505477
Hey2	-11.72442	-8.270541
Hddc2	-12.246609	-8.79273
Tpd52l1	-12.998596	-9.544718
Rnf217	-12.593131	-9.139253
Nkain2	-17.188251	-13.734373
Zup1	-12.487771	-9.033893
A830082N09Rik	-14.885666	-11.4317875
Rwdd1	-10.430157	-6.976279
Gm48045	-16.495104	-13.041225
Calhm5	-11.521825	-8.067946
Calhm6	-15.396492	-11.942614
Dse	-12.064287	-8.610409
Tspyl1	-11.767716	-8.313838
Nt5dc1	-13.754264	-10.300385
Tspyl4	-13.077377	-9.623499
Frk	-13.6047325	-10.150854
Amd2	-16.089638	-12.63576
Hs3st5	-15.801957	-12.348079
Hdac2	-11.737212	-8.283334
Marcks	-10.642901	-7.1890235
Gm31378	-15.108809	-11.654931
Lama4	-10.911608	-7.45773
Fam229b	-14.010198	-10.556319
Tube1	-15.396492	-11.942614
Fyn	-12.239491	-8.785613
Gm16364	-15.801957	-12.348079
Gm16364-1	-14.243813	-10.789934
Traf3ip2	-13.296431	-9.842552
E130307A14Rik	-13.450582	-9.996703
Rev3l	-12.328439	-8.87456
Mfsd4b4	-14.790356	-11.336477
4930547M16Rik	-17.188251	-13.734373
Slc16a10	-13.404061	-9.950183
Rpf2	-12.781531	-9.327653
Gtf3c6	-11.930756	-8.476877
Amd1	-12.688441	-9.234563
Cdk19	-12.53429	-9.080412
Ddo	-14.355038	-10.901159
Mettl24	-12.232424	-8.778545
Cdc40	-11.658822	-8.204944
Wasf1	-15.242341	-11.788463
Fig4	-13.013864	-9.559985
Zbtb24	-13.691744	-10.237865
Mical1	-12.046588	-8.59271
Smpd2	-12.806225	-9.352346
Ppil6	-15.108809	-11.654931
Cd164	-11.094682	-7.640804
Cep57l1	-13.450582	-9.996703
Sesn1	-11.951809	-8.497931
Armc2	-14.549193	-11.095315
1700016J18Rik	-17.188251	-13.734373
Foxo3	-12.328439	-8.87456
Afg1l	-14.703344	-11.249466
Snx3	-10.357377	-6.903499
Ostm1	-12.911585	-9.457706
Sec63	-11.162385	-7.708507
Gm34006	-16.089638	-12.63576
Sobp	-12.000865	-8.546987
9030612E09Rik	-15.578814	-12.124935
Pdss2	-13.722515	-10.268637
Bend3	-14.6233015	-11.169423
Gm9803	-14.991027	-11.537148
1700021F05Rik	-12.211517	-8.757639
Cd24a	-14.097209	-10.643331
Qrsl1	-14.143728	-10.68985
Rtn4ip1	-14.991027	-11.537148
Crybg1	-16.495104	-13.041225
Atg5	-12.211517	-8.757639
Gm35154	-17.188251	-13.734373
Prep	-13.029368	-9.57549
Popdc3	-15.396492	-11.942614
Gm15934	-17.188251	-13.734373
Bves	-13.296431	-9.842552
Hace1	-13.237007	-9.783129
D030045P18Rik	-15.396492	-11.942614
Grik2	-16.495104	-13.041225
Ascc3	-11.935978	-8.4821
Vgll2	-16.495104	-13.041225
Dcbld1	-14.549193	-11.095315
Gopc	-12.496903	-9.043025
Nepn	-15.578814	-12.124935
Nus1	-11.836393	-8.382515
Cep85l	-12.793802	-9.339924
Pln	-13.787054	-10.333176
Gm47644	-15.801957	-12.348079
Mcm9	-14.549193	-11.095315
Gm47739	-17.188251	-13.734373
Asf1a	-12.328439	-8.87456
Fam184a	-15.396492	-11.942614
Man1a	-11.785574	-8.331696
Tbc1d32	-13.787054	-10.333176
Msl3l2	-13.35961	-9.905731
Gja1	-11.2169895	-7.7631116
Gm48053	-13.427051	-9.973172
Hsf2	-13.217959	-9.764081
Serinc1	-10.439491	-6.9856133
Pkib	-17.188251	-13.734373
Smpdl3a	-10.892985	-7.4391074
Gcc2	-11.691083	-8.237205
Lims1	-11.140879	-7.6870008
Ranbp2	-11.404426	-7.9505477
Ccdc138	-13.892414	-10.438536
Sh3rf3	-13.754264	-10.300385
Sept10	-12.925571	-9.471693
Sowahc	-13.969376	-10.515497
P4ha1	-10.881976	-7.428098
Pla2g12b	-17.188251	-13.734373
Oit3	-16.089638	-12.63576
Mcu	-13.217959	-9.764081
Micu1	-12.487771	-9.033893
Dnajb12	-12.359938	-8.906059
Ddit4	-12.376067	-8.922189
Anapc16	-11.336048	-7.88217
Ascc1	-12.487771	-9.033893
Spock2	-12.138395	-8.684517
Chst3	-12.359938	-8.906059
Psap	-9.239512	-5.7856345
Cdh23	-17.188251	-13.734373
Vsir	-12.939755	-9.485877
Gm17455	-13.256426	-9.802547
Slc29a3	-13.1452	-9.691321
Unc5b	-12.392461	-8.938582
Pcbd1	-14.415663	-10.961784
Sgpl1	-12.897792	-9.443913
Tbata	-16.089638	-12.63576
Adamts14	-15.108809	-11.654931
Pald1	-13.892414	-10.438536
Eif4ebp2	-11.336048	-7.88217
Gm48086	-16.089638	-12.63576
D830039M14Rik	-16.495104	-13.041225
Lrrc20	-14.097209	-10.643331
Ppa1	-12.1512985	-8.69742
Sar1a	-10.745711	-7.2918334
Tysnd1	-12.9541445	-9.500266
Aifm2	-13.722515	-10.268637
H2afy2	-12.757434	-9.3035555
Col13a1	-16.495104	-13.041225
Fam241b	-16.495104	-13.041225
Tspan15	-14.415663	-10.961784
Hk1	-12.351969	-8.89809
Hk1os	-16.495104	-13.041225
Supv3l1	-14.052757	-10.598879
Vps26a	-12.113077	-8.659199
Srgn	-13.127808	-9.673929
Kif1bp	-12.275597	-8.821718
Ddx21	-11.711787	-8.257909
Ddx50	-10.863893	-7.4100146
Stox1	-15.801957	-12.348079
Ccar1	-11.181898	-7.72802
Tet1	-12.677392	-9.223514
Slc25a16	-12.897792	-9.443913
Dna2	-15.242341	-11.788463
Rufy2	-12.573131	-9.119252
Hnrnph3	-11.528769	-8.07489
Pbld2	-16.089638	-12.63576
Gm16143	-17.188251	-13.734373
Herc4	-12.7456	-9.291721
Sirt1	-12.469752	-9.015874
Dnajc12	-14.703344	-11.249466
Ctnna3	-13.162899	-9.709021
Lrrtm3	-14.143728	-10.68985
Reep3	-10.384746	-6.9308677
Jmjd1c	-11.42306	-7.9691825
Nrbf2	-12.239491	-8.785613
Egr2	-13.404061	-9.950183
Ado	-12.644957	-9.191078
Zfp365	-12.831542	-9.377664
Arid5b	-9.681659	-6.2277813
Cabcoco1	-15.801957	-12.348079
Tmem26	-14.355038	-10.901159
Rhobtb1	-11.362251	-7.9083734
A930033H14Rik	-14.010198	-10.556319
Ank3	-14.297879	-10.844001
Ccdc6	-11.989754	-8.535875
Mrln	-15.578814	-12.124935
Slc16a9	-12.9541445	-9.500266
Fam13c	-11.155165	-7.701287
Phyhipl	-16.089638	-12.63576
Bicc1	-10.48752	-7.0336423
Gm48025	-15.578814	-12.124935
Tfam	-12.524812	-9.070933
Ube2d1	-12.2682705	-8.814392
Cisd1	-11.054853	-7.6009755
Ipmk	-13.381589	-9.927711
Zwint	-12.177616	-8.723738
Gnaz	-13.856047	-10.402168
Rab36	-14.052757	-10.598879
Bcr	-12.100655	-8.646776
Specc1l	-11.532259	-8.078381
Adora2a	-14.6233015	-11.169423
Gucd1	-13.029368	-9.57549
Upb1	-13.820955	-10.367077
Snrpd3	-10.911608	-7.45773
Lrrc75b	-13.754264	-10.300385
Ggt5	-14.052757	-10.598879
Susd2	-12.884186	-9.430307
Cabin1	-12.070257	-8.616379
Ddt	-11.112905	-7.6590266
Gstt3	-12.54386	-9.089982
Gstt1	-10.624395	-7.1705174
Gstt2	-12.434661	-8.9807825
Mif	-10.433647	-6.979769
Derl3	-15.801957	-12.348079
Smarcb1	-11.678863	-8.224984
Mmp11	-13.930155	-10.476276
Chchd10	-12.76941	-9.315532
Zfp280b	-14.052757	-10.598879
Prmt2	-12.443319	-8.989441
S100b	-12.246609	-8.79273
Dip2a	-13.199267	-9.745389
Pcnt	-12.290411	-8.836533
Ybey	-13.661891	-10.208013
Mcm3ap	-12.699615	-9.245736
Lss	-13.787054	-10.333176
Col6a2	-9.583356	-6.1294785
Col6a1	-9.478494	-6.0246162
Gm48276	-17.188251	-13.734373
Pcbp3	-14.010198	-10.556319
Gm35721	-17.188251	-13.734373
Slc19a1	-13.969376	-10.515497
Col18a1	-9.150707	-5.69683
Gm10941	-14.703344	-11.249466
Pofut2	-10.830409	-7.376531
Adarb1	-11.392193	-7.938315
Fam207a	-13.110714	-9.656836
Itgb2	-16.495104	-13.041225
Pttg1ip	-10.604842	-7.1509643
Sumo3	-11.31332	-7.859442
Ube2g2	-12.191039	-8.737161
Lrrc3	-15.578814	-12.124935
Cfap410	-12.925571	-9.471693
Pfkl	-12.417566	-8.963688
Dnmt3l	-15.578814	-12.124935
Icosl	-13.52469	-10.070811
Gatd3a	-12.1512985	-8.69742
Pwp2	-13.856047	-10.402168
Trappc10	-12.487771	-9.033893
Gm30122	-15.242341	-11.788463
Agpat3	-11.564234	-8.110355
Rrp1	-11.090177	-7.6362987
Cstb	-10.654462	-7.200584
4921516A02Rik	-17.188251	-13.734373
Pdxk	-12.275597	-8.821718
Ilvbl	-12.911585	-9.457706
Syde1	-12.040756	-8.586878
Slc1a6	-16.089638	-12.63576
2610008E11Rik	-13.077377	-9.623499
Plpp2	-13.35961	-9.905731
Mier2	-13.6047325	-10.150854
C2cd4c	-16.495104	-13.041225
Shc2	-13.1452	-9.691321
Gm47163	-15.578814	-12.124935
Madcam1	-17.188251	-13.734373
Tpgs1	-11.720191	-8.266313
Cdc34	-12.239491	-8.785613
Gzmm	-14.885666	-11.4317875
Bsg	-9.322295	-5.8684177
Hcn2	-16.495104	-13.041225
Polrmt	-13.661891	-10.208013
Rnf126	-12.3054495	-8.851571
Fstl3	-10.862102	-7.4082236
Prss57	-14.991027	-11.537148
Palm	-11.597264	-8.143386
Misp	-17.188251	-13.734373
E130317F20Rik	-14.885666	-11.4317875
Ptbp1	-11.514928	-8.061049
Plppr3	-16.495104	-13.041225
Cfd	-17.188251	-13.734373
Med16	-12.793802	-9.339924
R3hdm4	-11.707612	-8.253734
Kiss1r	-15.578814	-12.124935
Arid3a	-14.415663	-10.961784
Wdr18	-12.100655	-8.646776
Tmem259	-11.601003	-8.147124
Cnn2	-10.290546	-6.8366685
Abca7	-14.297879	-10.844001
Arhgap45	-15.396492	-11.942614
Polr2e	-11.407508	-7.95363
Gpx4	-9.3063135	-5.8524356
Sbno2	-12.417566	-8.963688
Stk11	-11.501276	-8.047398
Cbarp	-14.097209	-10.643331
Atp5d	-9.572952	-6.119075
Midn	-11.989754	-8.535875
Cirbp	-11.272049	-7.818171
1600002K03Rik	-12.553522	-9.099644
Efna2	-13.892414	-10.438536
Pwwp3a	-12.225407	-8.771528
Ndufs7	-10.205388	-6.75151
Gamt	-11.131467	-7.677589
Dazap1	-11.879983	-8.426105
Rps15	-8.881285	-5.4274073
Apc2	-17.188251	-13.734373
2310011J03Rik	-11.850713	-8.396834
Pcsk4	-15.108809	-11.654931
Reep6	-17.188251	-13.734373
Adamtsl5	-11.122143	-7.668265
Mex3d	-13.256426	-9.802547
Mbd3	-11.01655	-7.562672
Uqcr11	-9.438498	-5.9846196
Tcf3	-12.452053	-8.998175
Rexo1	-12.515422	-9.061543
Klf16	-13.969376	-10.515497
Abhd17a	-11.272049	-7.818171
Gm29093	-17.188251	-13.734373
Gm49322	-17.188251	-13.734373
Csnk1g2	-11.383116	-7.929238
Btbd2	-12.239491	-8.785613
Mknk2	-11.564234	-8.110355
Mob3a	-12.757434	-9.3035555
Izumo4	-12.260998	-8.807119
Ap3d1	-11.72442	-8.270541
Dot1l	-12.806225	-9.352346
Plekhj1	-11.978765	-8.524886
Sf3a2	-12.204644	-8.750766
Oaz1	-8.577749	-5.123872
Lsm7	-11.222104	-7.768226
Sppl2b	-13.045116	-9.591238
Tmprss9	-17.188251	-13.734373
Timm13	-10.360621	-6.9067435
Lmnb2	-14.415663	-10.961784
Gadd45b	-10.278498	-6.82462
Gng7	-14.991027	-11.537148
Slc39a3	-12.623903	-9.170025
Sgta	-11.639175	-8.185297
Thop1	-13.35961	-9.905731
Creb3l3	-14.790356	-11.336477
Map2k2	-10.830409	-7.376531
Zbtb7a	-10.924852	-7.4709744
Pias4	-12.806225	-9.352346
Eef2	-9.185223	-5.7313447
Dapk3	-11.817613	-8.363734
Atcayos	-12.409127	-8.955249
Nmrk2	-17.188251	-13.734373
Zfr2	-13.691744	-10.237865
Mrpl54	-10.940208	-7.4863305
Apba3	-12.524812	-9.070933
Pip5k1c	-12.328439	-8.87456
Gm16315	-17.188251	-13.734373
Cactin	-13.256426	-9.802547
Tbxa2r	-11.812973	-8.359095
Gipc3	-14.790356	-11.336477
Hmg20b	-10.971645	-7.5177674
Mfsd12	-13.632903	-10.179025
4930404N11Rik	-15.578814	-12.124935
Fzr1	-12.563278	-9.1094
Dohh	-11.593539	-8.139661
Gm48552	-16.089638	-12.63576
Smim24	-15.108809	-11.654931
Nfic	-9.866402	-6.4125237
Gm16104	-17.188251	-13.734373
Celf5	-15.242341	-11.788463
Ncln	-12.297902	-8.844024
S1pr4	-16.495104	-13.041225
Gna11	-10.536679	-7.0828013
Tle5	-9.440654	-5.9867764
Tle2	-13.180918	-9.727039
Tle6	-13.969376	-10.515497
BC025920	-17.188251	-13.734373
Sirt6	-14.097209	-10.643331
Ankrd24	-13.722515	-10.268637
Gm10778	-16.089638	-12.63576
Zfp433	-15.396492	-11.942614
Gm3055	-16.495104	-13.041225
Zfp781	-16.089638	-12.63576
Zfp873	-14.097209	-10.643331
BC024063	-15.242341	-11.788463
AU041133	-13.754264	-10.300385
Zfp938	-12.515422	-9.061543
Gm4924	-13.969376	-10.515497
1190007I07Rik	-12.844445	-9.390567
Tdg	-12.603284	-9.1494055
Glt8d2	-12.100655	-8.646776
Hcfc2	-12.434661	-8.9807825
Nfyb	-12.119347	-8.665468
Txnrd1	-12.03496	-8.581081
Eid3	-15.801957	-12.348079
Chst11	-13.427051	-9.973172
Slc41a2	-13.296431	-9.842552
D10Wsu102e	-12.710915	-9.257036
Aldh1l2	-13.6047325	-10.150854
Washc4	-12.144826	-8.690948
Appl2	-12.968743	-9.514865
1500009L16Rik	-11.822275	-8.368397
Gm34113	-17.188251	-13.734373
Nuak1	-12.170971	-8.7170925
4930463O16Rik	-17.188251	-13.734373
Ckap4	-10.588381	-7.134503
Tcp11l2	-12.076263	-8.622385
Gm17249	-16.495104	-13.041225
Polr3b	-13.577333	-10.123455
Ric8b	-12.998596	-9.544718
Fhl4	-16.089638	-12.63576
Tmem263	-11.946504	-8.492625
Mterf2	-14.480201	-11.026322
Cry1	-13.093906	-9.640028
Btbd11	-14.549193	-11.095315
Pwp1	-13.045116	-9.591238
Prdm4	-14.052757	-10.598879
Rtcb	-11.741513	-8.287635
Fbxo7	-13.199267	-9.745389
Syn3	-12.246609	-8.79273
Timp3	-8.213253	-4.7593756
Hsp90b1	-9.045024	-5.5911465
Ttc41	-17.188251	-13.734373
Nt5dc3	-13.127808	-9.673929
Igf1os	-17.188251	-13.734373
Igf1	-10.527676	-7.0737977
Nup37	-13.787054	-10.333176
Washc3	-11.635291	-8.181413
Dram1	-13.276228	-9.82235
Gnptab	-12.844445	-9.390567
Chpt1	-10.673538	-7.2196603
Arl1	-10.640032	-7.186154
Utp20	-12.983559	-9.52968
Ano4	-17.188251	-13.734373
Gas2l3	-16.089638	-12.63576
Nr1h4	-17.188251	-13.734373
Scyl2	-13.381589	-9.927711
1500026H17Rik	-13.6047325	-10.150854
Actr6	-13.093906	-9.640028
Uhrf1bp1l	-11.855533	-8.401654
Anks1b	-16.495104	-13.041225
Apaf1	-13.450582	-9.996703
Ikbip	-10.993846	-7.539968
Slc25a3	-9.573445	-6.119568
Tmpo	-11.398291	-7.9444127
Nedd1	-13.404061	-9.950183
Cdk17	-13.180918	-9.727039
Elk3	-12.177616	-8.723738
Gm17745	-17.188251	-13.734373
Lta4h	-12.076263	-8.622385
Hal	-17.188251	-13.734373
Amdhd1	-17.188251	-13.734373
Snrpf	-10.65156	-7.197682
4933408J17Rik	-17.188251	-13.734373
Ntn4	-11.528769	-8.07489
Metap2	-10.430157	-6.976279
Vezt	-12.7223425	-9.268464
Fgd6	-13.661891	-10.208013
Nr2c1	-13.217959	-9.764081
Ndufa12	-10.580251	-7.126373
Tmcc3	-11.291098	-7.8372197
Gm16155	-17.188251	-13.734373
Cep83os	-14.297879	-10.844001
Cep83	-12.524812	-9.070933
Plxnc1	-16.495104	-13.041225
Gm29684	-16.089638	-12.63576
Cradd	-13.6047325	-10.150854
Gm48882	-14.355038	-10.901159
Socs2	-11.650917	-8.197039
5730420D15Rik	-15.578814	-12.124935
Mrpl42	-10.771519	-7.317641
Ube2n	-11.087933	-7.6340547
Nudt4	-9.567546	-6.113668
1110019B22Rik	-16.495104	-13.041225
Gm47708	-17.188251	-13.734373
Gm33543	-15.801957	-12.348079
Gm47725	-17.188251	-13.734373
Eea1	-10.79299	-7.339112
Btg1	-10.336008	-6.88213
Dcn	-6.830762	-3.3768845
Lum	-8.968386	-5.5145082
Epyc	-14.192519	-10.738641
Atp2b1	-10.977651	-7.5237727
Gm48768	-14.097209	-10.643331
Poc1b	-13.35961	-9.905731
Galnt4	-13.820955	-10.367077
Dusp6	-13.276228	-9.82235
Gm48089	-17.188251	-13.734373
Csl	-17.188251	-13.734373
Gm35206	-17.188251	-13.734373
Kitl	-12.094501	-8.640622
Tmtc3	-12.54386	-9.089982
Cep290	-12.232424	-8.778545
4930430F08Rik	-13.093906	-9.640028
Gm47956	-16.495104	-13.041225
1700017N19Rik	-17.188251	-13.734373
Gm47101	-15.396492	-11.942614
Nts	-13.256426	-9.802547
Rassf9	-13.199267	-9.745389
Slc6a15	-17.188251	-13.734373
Tmtc2	-12.012101	-8.558223
Gm15663	-14.010198	-10.556319
Mettl25	-13.820955	-10.367077
Ccdc59	-10.989773	-7.535895
Ppfia2	-14.790356	-11.336477
Acss3	-14.991027	-11.537148
Lin7a	-15.801957	-12.348079
Ppp1r12a	-9.321528	-5.867651
Pawr	-11.24808	-7.7942023
Gm36283	-15.242341	-11.788463
Syt1	-17.188251	-13.734373
Nav3	-13.930155	-10.476276
E2f7	-15.801957	-12.348079
1700020G17Rik	-17.188251	-13.734373
Csrp2	-7.754287	-4.3004093
Zdhhc17	-12.911585	-9.457706
Osbpl8	-12.593131	-9.139253
Bbs10	-15.242341	-11.788463
Nap1l1	-10.008182	-6.5543036
Phlda1	-10.932501	-7.478623
Krr1	-12.54386	-9.089982
Glipr1	-12.515422	-9.061543
Caps2	-16.495104	-13.041225
Atxn7l3b	-10.440664	-6.9867864
Tbc1d15	-11.984244	-8.530366
Rab21	-11.070154	-7.6162763
Tmem19	-12.666463	-9.2125845
Thap2	-11.984244	-8.530366
Zfc3h1	-12.515422	-9.061543
Lgr5	-16.495104	-13.041225
Tspan8	-15.396492	-11.942614
Ptprr	-16.495104	-13.041225
Ptprb	-12.191039	-8.737161
Kcnmb4	-15.578814	-12.124935
Cnot2	-12.100655	-8.646776
5330438D12Rik	-14.297879	-10.844001
4930579P08Rik	-15.578814	-12.124935
Rab3ip	-13.127808	-9.673929
4933412E12Rik	-14.790356	-11.336477
Best3	-16.089638	-12.63576
Cct2	-10.773154	-7.3192763
Frs2	-12.38423	-8.930351
Yeats4	-12.023465	-8.569587
Lyz2	-14.097209	-10.643331
Cpsf6	-12.164371	-8.710492
Cpm	-16.089638	-12.63576
Mdm2	-12.297902	-8.844024
Slc35e3	-14.052757	-10.598879
Nup107	-13.930155	-10.476276
Rap1b	-10.837365	-7.383487
Mdm1	-14.790356	-11.336477
Dyrk2	-12.138395	-8.684517
Cand1	-11.884946	-8.431067
Grip1	-17.188251	-13.734373
Helb	-13.691744	-10.237865
Irak3	-13.256426	-9.802547
Tmbim4	-11.557039	-8.103161
Llph	-11.291098	-7.8372197
4930471E19Rik	-17.188251	-13.734373
Msrb3	-10.381422	-6.927544
Gm15910	-16.089638	-12.63576
Gm4473	-15.396492	-11.942614
Lemd3	-13.199267	-9.745389
Wif1	-11.623731	-8.169852
Tbc1d30	-16.089638	-12.63576
Gns	-11.033393	-7.579515
Rassf3	-10.71436	-7.2604823
Tbk1	-12.870763	-9.416884
Xpot	-12.818803	-9.364924
BC048403	-15.578814	-12.124935
Srgap1	-13.969376	-10.515497
Rxylt1	-11.3771105	-7.9232326
Avpr1a	-14.097209	-10.643331
Ppm1h	-14.297879	-10.844001
Mon2	-11.817613	-8.363734
Usp15	-11.790089	-8.33621
Tafa2	-17.188251	-13.734373
Slc16a7	-12.328439	-8.87456
Lrig3	-12.119347	-8.665468
4930484H19Rik	-17.188251	-13.734373
Atp23	-13.930155	-10.476276
Gm47972	-17.188251	-13.734373
Ctdsp2	-10.470447	-7.0165687
Avil	-14.991027	-11.537148
Tsfm	-12.623903	-9.170025
Eef1akmt3	-14.991027	-11.537148
Mettl1	-11.785574	-8.331696
Cyp27b1	-17.188251	-13.734373
March9	-13.787054	-10.333176
Cdk4	-11.222104	-7.768226
Tspan31	-11.484468	-8.03059
A730063M14Rik	-14.415663	-10.961784
Agap2	-16.089638	-12.63576
Os9	-11.407508	-7.95363
B4galnt1	-14.703344	-11.249466
Slc26a10	-16.089638	-12.63576
Arhgef25	-11.131467	-7.677589
Dtx3	-11.4262	-7.972322
F420014N23Rik	-15.108809	-11.654931
Pip4k2c	-12.53429	-9.080412
Kif5a	-16.089638	-12.63576
Dctn2	-10.712818	-7.25894
Mbd6	-12.655652	-9.201774
Gm20492	-17.188251	-13.734373
Gm4189	-16.089638	-12.63576
Ddit3	-11.3476095	-7.8937316
Mars	-12.911585	-9.457706
Gli1	-12.61354	-9.159661
R3hdm2	-11.167228	-7.71335
Stac3	-15.578814	-12.124935
Ndufa4l2	-10.765004	-7.311126
Shmt2	-12.54386	-9.089982
Nxph4	-16.089638	-12.63576
Lrp1	-9.27656	-5.8226824
Stat6	-11.9678955	-8.514017
Nab2	-12.487771	-9.033893
Gm16229	-17.188251	-13.734373
Nemp1	-13.787054	-10.333176
Zbtb39	-13.856047	-10.402168
Gpr182	-15.108809	-11.654931
Rdh1	-17.188251	-13.734373
Rdh9	-16.495104	-13.041225
Rdh16	-17.188251	-13.734373
Prim1	-13.499372	-10.045493
Naca	-8.738266	-5.2843885
Ptges3	-10.342371	-6.888493
Gm47438	-16.495104	-13.041225
Atp5b	-9.766476	-6.3125978
Baz2a	-12.733904	-9.2800255
Rbms2	-11.941227	-8.487349
Gls2	-15.578814	-12.124935
AC135859.1	-16.495104	-13.041225
Spryd4	-13.969376	-10.515497
Timeless	-15.801957	-12.348079
Stat2	-13.127808	-9.673929
Il23a	-16.495104	-13.041225
Pan2	-13.856047	-10.402168
Cnpy2	-10.270545	-6.816667
Cs	-11.528769	-8.07489
Coq10a	-12.260998	-8.807119
Ankrd52	-14.097209	-10.643331
Gm17201	-17.188251	-13.734373
Nabp2	-11.497891	-8.044013
Rnf41	-12.844445	-9.390567
Smarcc2	-11.461403	-8.0075245
Myl6	-6.694175	-3.2402973
Myl6b	-14.991027	-11.537148
Esyt1	-11.386133	-7.9322553
Zc3h10	-13.577333	-10.123455
Rpl41	-7.627465	-4.1735873
Pa2g4	-11.258662	-7.8047843
Erbb3	-16.495104	-13.041225
Rps26	-8.682118	-5.228241
Ikzf4	-14.192519	-10.738641
Suox	-13.661891	-10.208013
Rab5b	-11.699313	-8.245435
Cdk2	-13.632903	-10.179025
Pmel	-16.495104	-13.041225
Dgka	-12.9541445	-9.500266
Pym1	-13.930155	-10.476276
Gm47093	-17.188251	-13.734373
Mmp19	-13.52469	-10.070811
Tmem198b	-13.754264	-10.300385
Dnajc14	-12.351969	-8.89809
Sarnp	-10.534099	-7.0802207
Ormdl2	-12.757434	-9.3035555
Gdf11	-14.143728	-10.68985
Cd63	-8.837112	-5.3832345
Rdh5	-12.844445	-9.390567
Bloc1s1	-10.90973	-7.455852
Itga7	-11.670798	-8.21692
Olfr806	-17.188251	-13.734373
Tespa1	-17.188251	-13.734373
Sfi1	-13.162899	-9.709021
Drg1	-12.006468	-8.552589
Eif4enif1	-12.260998	-8.807119
Patz1	-13.162899	-9.709021
Gm12592	-17.188251	-13.734373
Pik3ip1	-12.2537775	-8.799899
Limk2	-13.820955	-10.367077
Rnf185	-13.162899	-9.709021
8430429K09Rik	-13.892414	-10.438536
Inpp5j	-16.089638	-12.63576
Selenom	-9.066176	-5.6122985
Smtn	-9.328451	-5.8745737
Gm11946	-15.108809	-11.654931
Tug1	-12.225407	-8.771528
Morc2a	-12.699615	-9.245736
Osbp2	-15.108809	-11.654931
Dusp18	-14.991027	-11.537148
Slc35e4	-12.983559	-9.52968
Tcn2	-11.429349	-7.975471
Pes1	-12.524812	-9.070933
Gal3st1	-15.801957	-12.348079
Mtfp1	-15.396492	-11.942614
Sec14l2	-14.6233015	-11.169423
Rnf215	-12.434661	-8.9807825
Ccdc157	-13.661891	-10.208013
Sf3a1	-12.757434	-9.3035555
Tbc1d10a	-12.573131	-9.119252
Castor1	-12.496903	-9.043025
Lif	-15.578814	-12.124935
Mtmr3	-12.359938	-8.906059
Ascc2	-13.045116	-9.591238
Uqcr10	-9.569017	-6.1151395
Zmat5	-11.494519	-8.040641
Cabp7	-17.188251	-13.734373
Nf2	-12.677392	-9.223514
Nipsnap1	-13.661891	-10.208013
Thoc5	-12.968743	-9.514865
Nefh	-17.188251	-13.734373
Ap1b1	-12.61354	-9.159661
Gas2l1	-11.845917	-8.392038
Rasl10a	-16.089638	-12.63576
Ewsr1	-11.269358	-7.8154798
Rhbdd3	-13.632903	-10.179025
Emid1	-13.52469	-10.070811
Kremen1	-12.870763	-9.416884
Znrf3	-13.722515	-10.268637
Gm11963	-16.495104	-13.041225
Xbp1	-10.860314	-7.4064364
Ccdc117	-12.688441	-9.234563
Mrps24	-10.445371	-6.9914927
Urgcp	-12.50612	-9.052241
Dbnl	-11.978765	-8.524886
Pgam2	-16.089638	-12.63576
Polm	-14.143728	-10.68985
Aebp1	-8.311566	-4.857689
Pold2	-12.53429	-9.080412
Myl7	-16.089638	-12.63576
Gck	-17.188251	-13.734373
Gm11967	-16.495104	-13.041225
Ykt6	-12.204644	-8.750766
Camk2b	-13.754264	-10.300385
Nudcd3	-10.813227	-7.359349
A730071L15Rik	-17.188251	-13.734373
Ddx56	-12.699615	-9.245736
Tmed4	-11.546344	-8.092465
Ogdh	-10.840862	-7.3869843
Zmiz2	-12.290411	-8.836533
Ppia	-7.8186865	-4.364809
H2afv	-10.090702	-6.636824
Purb	-10.6794815	-7.2256036
Gm11973	-17.188251	-13.734373
Myo1g	-17.188251	-13.734373
Snhg15	-13.856047	-10.402168
Ccm2	-12.246609	-8.79273
Nacad	-12.666463	-9.2125845
Tbrg4	-14.052757	-10.598879
Ramp3	-16.495104	-13.041225
Adcy1	-14.991027	-11.537148
Igfbp3	-13.180918	-9.727039
Tns3	-12.2682705	-8.814392
Hus1	-13.661891	-10.208013
Upp1	-15.801957	-12.348079
Abca13	-17.188251	-13.734373
Vwc2	-11.925561	-8.471683
Zpbp	-16.089638	-12.63576
Fignl1	-17.188251	-13.734373
Ddc	-16.495104	-13.041225
Grb10	-11.72442	-8.270541
Cobl	-13.061116	-9.607238
Sec61g	-8.77998	-5.3261023
Egfr	-11.978765	-8.524886
Egfros	-17.188251	-13.734373
Eldr	-17.188251	-13.734373
Plek	-15.801957	-12.348079
Cnrip1	-12.677392	-9.223514
Ppp3r1	-12.029196	-8.575317
Wdr92	-13.427051	-9.973172
Pno1	-12.688441	-9.234563
C1d	-11.3476095	-7.8937316
Etaa1	-12.844445	-9.390567
Etaa1os	-14.6233015	-11.169423
Gm12022	-14.297879	-10.844001
8430419K02Rik	-16.089638	-12.63576
Meis1	-11.951809	-8.497931
Gm16141	-15.396492	-11.942614
Spred2	-12.524812	-9.070933
Actr2	-10.995889	-7.542011
Gm12031	-16.089638	-12.63576
Rab1a	-10.64578	-7.1919017
Cep68	-13.199267	-9.745389
Slc1a4	-13.110714	-9.656836
Sertad2	-11.616097	-8.162219
Aftph	-12.2682705	-8.814392
Lgalsl	-10.965674	-7.5117965
Peli1	-11.5252905	-8.071412
Vps54	-12.897792	-9.443913
Ugp2	-11.079003	-7.6251254
Gm12043	-16.495104	-13.041225
Mdh1	-10.299679	-6.845801
Wdpcp	-13.892414	-10.438536
Ehbp1	-12.831542	-9.377664
Tmem17	-13.892414	-10.438536
Gm12052	-16.089638	-12.63576
B3gnt2	-11.785574	-8.331696
9130230N09Rik	-15.801957	-12.348079
Commd1	-11.179438	-7.7255597
Zrsr1	-12.603284	-9.1494055
Cct4	-10.891142	-7.437264
Fam161a	-14.415663	-10.961784
Gm12059	-15.108809	-11.654931
Xpo1	-12.006468	-8.552589
Usp34	-10.949926	-7.4960485
Ahsa2	-11.841144	-8.387265
1700030C12Rik	-15.578814	-12.124935
Selenok-ps1	-15.242341	-11.788463
0610010F05Rik	-13.045116	-9.591238
Pex13	-12.61354	-9.159661
Pus10	-14.010198	-10.556319
Rel	-13.110714	-9.656836
Papolg	-14.052757	-10.598879
Bcl11a	-16.495104	-13.041225
Fancl	-13.787054	-10.333176
Vrk2	-13.045116	-9.591238
Ccdc85a	-14.192519	-10.738641
Efemp1	-11.984244	-8.530366
Pnpt1	-13.296431	-9.842552
A630052C17Rik	-14.703344	-11.249466
Ppp4r3b	-11.662798	-8.20892
Cfap36	-11.794623	-8.340745
Ccdc88a	-11.002043	-7.548165
Prorsd1	-11.593539	-8.139661
Gm12089	-15.801957	-12.348079
Mtif2	-12.573131	-9.119252
Rps27a	-7.9184155	-4.464538
Rtn4	-10.225061	-6.7711835
Eml6	-14.790356	-11.336477
4931440F15Rik	-17.188251	-13.734373
Sptbn1	-9.16601	-5.7121325
Gm29237	-16.495104	-13.041225
Gm8098	-14.991027	-11.537148
Acyp2	-11.341812	-7.887934
Psme4	-11.845917	-8.392038
Asb3	-13.061116	-9.607238
Erlec1	-11.224671	-7.7707934
Chac2	-13.577333	-10.123455
Stc2	-13.061116	-9.607238
Bod1	-11.258662	-7.8047843
Cpeb4	-12.191039	-8.737161
Snrnp25	-13.217959	-9.764081
Rhbdf1	-11.899984	-8.446106
Nprl3	-13.550665	-10.0967865
Mpg	-12.417566	-8.963688
Hba-a1	-9.622975	-6.169098
Hbq1b	-17.188251	-13.734373
Hba-a2	-9.908932	-6.455054
Hbq1a	-17.188251	-13.734373
Sh3pxd2b	-12.496903	-9.043025
Ubtd2	-12.603284	-9.1494055
Efcab9	-17.188251	-13.734373
Stk10	-13.969376	-10.515497
Fbxw11	-11.889934	-8.436055
Fgf18	-13.856047	-10.402168
Npm1	-9.528608	-6.0747304
Ranbp17	-14.143728	-10.68985
Kcnmb1	-10.853197	-7.399319
Slit3	-10.957769	-7.5038915
Gm12122	-14.415663	-10.961784
Pank3	-12.157813	-8.703935
Rars	-11.930756	-8.476877
Wwc1	-14.480201	-11.026322
Mat2b	-11.445248	-7.9913697
Nudcd2	-12.290411	-8.836533
Ccng1	-11.758905	-8.305027
A230004M16Rik	-17.188251	-13.734373
Atp10b	-14.415663	-10.961784
Pttg1	-10.85675	-7.4028716
Slu7	-12.1512985	-8.69742
C1qtnf2	-10.516218	-7.0623403
Ccnjl	-16.495104	-13.041225
Pwwp2a	-12.61354	-9.159661
Ttc1	-11.915252	-8.461373
Adra1b	-14.480201	-11.026322
Ublcp1	-11.8701315	-8.416253
Rnf145	-12.184305	-8.730427
Ebf1	-10.065385	-6.611507
Clint1	-11.389158	-7.9352803
Lsm11	-13.856047	-10.402168
Thg1l	-14.790356	-11.336477
Sox30	-15.801957	-12.348079
Adam19	-13.404061	-9.950183
Nipal4	-15.801957	-12.348079
Cyfip2	-14.790356	-11.336477
Med7	-12.806225	-9.352346
Sgcd	-10.849657	-7.395779
Rack1	-9.059371	-5.605493
Trim41	-12.870763	-9.416884
Gm12184	-15.242341	-11.788463
Trim7	-14.480201	-11.026322
Gm16170	-17.188251	-13.734373
Irgm1	-13.237007	-9.783129
Psme2b	-14.243813	-10.789934
9930111J21Rik2	-12.710915	-9.257036
Ifi47	-14.243813	-10.789934
Btnl9	-13.661891	-10.208013
Zfp62	-12.793802	-9.339924
Mgat1	-11.707612	-8.253734
Olfr1391	-17.188251	-13.734373
Flt4	-13.550665	-10.0967865
Cnot6	-11.826959	-8.37308
Gfpt2	-11.750172	-8.296293
Mapk9	-12.197819	-8.74394
Rnf130	-11.280169	-7.8262906
Tbc1d9b	-12.164371	-8.710492
Mrnip	-14.991027	-11.537148
Sqstm1	-10.535388	-7.08151
Mgat4b	-12.070257	-8.616379
Ltc4s	-16.089638	-12.63576
Gm26542	-17.188251	-13.734373
Maml1	-12.818803	-9.364924
Canx	-10.283501	-6.8296227
Hnrnph1	-10.703616	-7.249738
Rufy1	-12.478721	-9.024842
Gm12198	-16.089638	-12.63576
Adamts2	-9.860471	-6.406593
Zfp354c	-12.409127	-8.955249
Zfp879	-14.885666	-11.4317875
Zfp454	-14.885666	-11.4317875
Zfp2	-13.856047	-10.402168
Zfp354b	-14.6233015	-11.169423
Zfp354a	-14.297879	-10.844001
Clk4	-11.905047	-8.451169
Col23a1	-13.661891	-10.208013
Phykpl	-13.180918	-9.727039
Hnrnpab	-10.609	-7.1551223
Nhp2	-11.686993	-8.233114
Rmnd5b	-12.478721	-9.024842
N4bp3	-15.396492	-11.942614
D930048N14Rik	-16.089638	-12.63576
0610009B22Rik	-12.119347	-8.665468
Sec24a	-12.487771	-9.033893
Sar1b	-11.310515	-7.8566375
Jade2	-13.093906	-9.640028
Cdkn2aipnl	-13.276228	-9.82235
Ube2b	-10.321318	-6.8674397
Gm12204	-17.188251	-13.734373
Cdkl3	-14.355038	-10.901159
Ppp2ca	-10.763382	-7.309504
Skp1a	-10.459622	-7.0057445
Gm12207	-17.188251	-13.734373
Tcf7	-17.188251	-13.734373
Vdac1	-10.853197	-7.399319
9530068E07Rik	-10.635743	-7.181865
Hspa4	-10.860314	-7.4064364
Zcchc10	-12.677392	-9.223514
Aff4	-10.835622	-7.381744
Uqcrq	-9.685513	-6.231635
Gdf9	-15.396492	-11.942614
Shroom1	-15.578814	-12.124935
Sept8	-11.604754	-8.150876
Kif3a	-11.984244	-8.530366
Rad50	-11.920393	-8.466515
Irf1	-12.336221	-8.882342
Gm12216	-13.256426	-9.802547
Slc22a5	-14.703344	-11.249466
Slc22a21	-14.097209	-10.643331
Slc22a4	-14.6233015	-11.169423
Pdlim4	-10.8856325	-7.4317546
P4ha2	-11.528769	-8.07489
Acsl6	-16.495104	-13.041225
Gm12224	-17.188251	-13.734373
Fnip1	-11.836393	-8.382515
Rapgef6	-11.654861	-8.200983
Cdc42se2	-12.699615	-9.245736
Lyrm7	-15.242341	-11.788463
Hint1	-9.436345	-5.9824677
Gpx3	-10.786334	-7.332456
Tnip1	-12.757434	-9.3035555
Anxa6	-10.382528	-6.9286504
Ccdc69	-12.76941	-9.315532
Gm2a	-11.029156	-7.575278
Slc36a3os	-14.991027	-11.537148
Slc36a2	-16.089638	-12.63576
Slc36a1	-13.787054	-10.333176
Sparc	-6.4653134	-3.011436
Atox1	-9.90069	-6.446812
G3bp1	-11.181898	-7.72802
Glra1	-17.188251	-13.734373
Gria1	-14.991027	-11.537148
Fam114a2	-11.905047	-8.451169
Mfap3	-12.320717	-8.866838
Galnt10	-13.404061	-9.950183
2010001A14Rik	-13.093906	-9.640028
Sap30l	-11.454909	-8.001031
Hand1	-16.495104	-13.041225
Larp1	-11.639175	-8.185297
Cnot8	-12.275597	-8.821718
Gemin5	-13.52469	-10.070811
Mrpl22	-12.157813	-8.703935
Igtp	-14.052757	-10.598879
Irgm2	-13.820955	-10.367077
Zfp692	-14.010198	-10.556319
Zfp672	-12.2682705	-8.814392
1700047K16Rik	-16.495104	-13.041225
Sh3bp5l	-13.276228	-9.82235
Lypd8	-17.188251	-13.734373
Olfr330	-14.790356	-11.336477
Olfr329-ps	-15.396492	-11.942614
Olfr328	-16.089638	-12.63576
Olfr224	-13.52469	-10.070811
2210407C18Rik	-10.987741	-7.5338635
Trim58	-15.108809	-11.654931
Olfr322	-17.188251	-13.734373
Gm12258	-14.991027	-11.537148
2810021J22Rik	-14.549193	-11.095315
Zfp39	-14.480201	-11.026322
Rnf187	-10.492452	-7.0385737
Hist3h2ba	-15.801957	-12.348079
Hist3h2a	-13.217959	-9.764081
Trim11	-13.077377	-9.623499
Obscn	-17.188251	-13.734373
Iba57	-15.396492	-11.942614
Gjc2	-15.578814	-12.124935
Guk1	-10.869283	-7.415405
2610507I01Rik	-14.052757	-10.598879
Mrpl55	-11.508079	-8.0542
2310033P09Rik	-12.197819	-8.74394
Arf1	-10.034417	-6.580539
Wnt9a	-12.998596	-9.544718
Snap47	-12.157813	-8.703935
Jmjd4	-14.790356	-11.336477
Zfp867	-14.549193	-11.095315
Zkscan17	-13.162899	-9.709021
4933439C10Rik	-13.969376	-10.515497
Mprip	-10.53024	-7.076362
Flcn	-13.474679	-10.020801
Gm16062	-15.396492	-11.942614
Cops3	-12.012101	-8.558223
Nt5m	-13.217959	-9.764081
Med9os	-15.242341	-11.788463
Med9	-12.487771	-9.033893
Rasd1	-13.6047325	-10.150854
Pemt	-14.243813	-10.789934
Rai1	-12.61354	-9.159661
Srebf1	-12.052453	-8.598575
Tom1l2	-12.191039	-8.737161
Drc3	-15.801957	-12.348079
Atpaf2	-12.911585	-9.457706
Gid4	-11.643074	-8.189196
Drg2	-12.496903	-9.043025
Alkbh5	-11.5114975	-8.057619
Llgl1	-13.381589	-9.927711
Flii	-11.235007	-7.7811294
Mief2	-13.820955	-10.367077
Top3a	-14.549193	-11.095315
Smcr8	-14.143728	-10.68985
Shmt1	-17.188251	-13.734373
Dhrs7b	-12.593131	-9.139253
Tmem11	-12.170971	-8.7170925
Natd1	-13.52469	-10.070811
Map2k3os	-14.480201	-11.026322
Map2k3	-11.670798	-8.21692
Kcnj12	-15.801957	-12.348079
Usp22	-12.2537775	-8.799899
Aldh3a1	-12.515422	-9.061543
Aldh3a2	-12.677392	-9.223514
Slc47a1	-14.885666	-11.4317875
Gm45605	-16.089638	-12.63576
Rnf112	-16.495104	-13.041225
Mfap4	-8.745781	-5.2919035
Mapk7	-13.474679	-10.020801
B9d1os	-17.188251	-13.734373
B9d1	-12.313054	-8.859176
Epn2	-11.256006	-7.8021283
Grap	-14.143728	-10.68985
Prpsap2	-13.110714	-9.656836
Ulk2	-11.899984	-8.446106
A530017D24Rik	-14.549193	-11.095315
Akap10	-13.31705	-9.863172
Specc1	-12.184305	-8.730427
Adora2b	-15.242341	-11.788463
Zswim7	-12.733904	-9.2800255
Ttc19	-12.113077	-8.659199
Ncor1	-10.255803	-6.801925
Pigl	-14.991027	-11.537148
Cenpv	-12.831542	-9.377664
Ubb	-7.8137527	-4.359875
Gm12280	-17.188251	-13.734373
Trpv2	-13.237007	-9.783129
2410006H16Rik	-10.6794815	-7.2256036
Lrrc75a	-12.831542	-9.377664
Lrrc75aos2	-16.495104	-13.041225
Mmgt2	-12.218438	-8.76456
Zfp287	-13.969376	-10.515497
Zfp286	-14.097209	-10.643331
Trim16	-13.820955	-10.367077
Fbxw10	-15.801957	-12.348079
Tvp23b	-11.946504	-8.492625
Tvp23bos	-15.578814	-12.124935
Cdrt4	-15.801957	-12.348079
Tekt3	-16.089638	-12.63576
Pmp22	-9.951192	-6.497314
Hs3st3b1	-16.495104	-13.041225
Cox10	-13.31705	-9.863172
2810001G20Rik	-13.013864	-9.559985
Hs3st3a1	-15.801957	-12.348079
Elac2	-13.892414	-10.438536
Arhgap44	-12.351969	-8.89809
1700086D15Rik	-16.495104	-13.041225
Myocd	-11.288354	-7.834476
Gm12295	-16.089638	-12.63576
Map2k4	-12.593131	-9.139253
Zkscan6	-13.969376	-10.515497
Pirt	-17.188251	-13.734373
Tmem220	-14.143728	-10.68985
Adprm	-13.093906	-9.640028
Sco1	-13.820955	-10.367077
Myh1	-17.188251	-13.734373
Gas7	-12.38423	-8.930351
Usp43	-16.495104	-13.041225
Stx8	-11.750172	-8.296293
C78197	-15.801957	-12.348079
Ntn1	-10.784677	-7.3307986
Gm12305	-16.495104	-13.041225
Pik3r5	-16.495104	-13.041225
Pik3r6	-14.790356	-11.336477
Ccdc42os	-15.396492	-11.942614
Ccdc42	-11.41993	-7.9660525
Myh10	-9.931249	-6.4773707
Ndel1	-11.535762	-8.081883
Rpl26	-8.233577	-4.7796993
Arhgef15	-15.396492	-11.942614
Slc25a35	-13.256426	-9.802547
Rangrf	-12.699615	-9.245736
Pfas	-14.480201	-11.026322
Ctc1	-13.427051	-9.973172
9330160F10Rik	-15.242341	-11.788463
Borcs6	-12.50612	-9.052241
Tmem107	-12.290411	-8.836533
Vamp2	-11.155165	-7.701287
Per1	-12.012101	-8.558223
Hes7	-17.188251	-13.734373
Aloxe3	-16.495104	-13.041225
Cntrob	-14.480201	-11.026322
Trappc1	-12.094501	-8.640622
Kcnab3	-15.801957	-12.348079
Kcnab3os	-17.188251	-13.734373
Rnf227	-14.790356	-11.336477
Chd3	-10.765004	-7.311126
Cyb5d1	-14.885666	-11.4317875
Naa38	-10.733052	-7.2791743
Tmem88	-14.480201	-11.026322
Kdm6b	-11.619906	-8.166028
Dnah2os	-17.188251	-13.734373
Efnb3	-16.495104	-13.041225
Wrap53	-14.480201	-11.026322
Trp53	-11.941227	-8.487349
Atp1b2	-11.841144	-8.387265
Sat2	-13.237007	-9.783129
Fxr2	-12.046588	-8.59271
Mpdu1	-12.61354	-9.159661
Cd68	-14.885666	-11.4317875
Eif4a1	-10.181556	-6.727678
Senp3	-12.677392	-9.223514
Tnfsf13os	-15.801957	-12.348079
Tnfsf13	-12.9541445	-9.500266
Tnfsf12	-10.677993	-7.224115
Polr2a	-11.467939	-8.014061
Slc35g3	-17.188251	-13.734373
Zbtb4	-10.936347	-7.482469
Chrnb1	-13.969376	-10.515497
Fgf11	-14.052757	-10.598879
Gm39566	-16.495104	-13.041225
Spem1	-16.495104	-13.041225
Nlgn2	-12.831542	-9.377664
Tmem256	-9.761702	-6.3078237
Plscr3	-12.029196	-8.575317
Tnk1	-17.188251	-13.734373
Tmem95	-15.396492	-11.942614
Kctd11	-13.296431	-9.842552
Acap1	-17.188251	-13.734373
2810408A11Rik	-16.089638	-12.63576
Neurl4	-13.029368	-9.57549
Gps2	-11.808353	-8.354475
Eif5a	-9.648692	-6.194814
Slc2a4	-13.856047	-10.402168
Cldn7	-15.108809	-11.654931
Elp5	-11.915252	-8.461373
Ctdnep1	-11.720191	-8.266313
Gabarap	-9.051732	-5.5978546
Phf23	-12.3679695	-8.914091
Dvl2	-13.093906	-9.640028
Acadvl	-11.37114	-7.9172616
Dlg4	-12.38423	-8.930351
Mgl2	-15.801957	-12.348079
Slc16a11	-14.790356	-11.336477
Slc16a13	-14.885666	-11.4317875
Bcl6b	-15.396492	-11.942614
0610010K14Rik	-11.41681	-7.962932
Rnasek	-10.164492	-6.7106137
Alox12	-15.801957	-12.348079
Pelp1	-12.644957	-9.191078
Arrb2	-13.820955	-10.367077
Med11	-13.110714	-9.656836
Cxcl16	-11.984244	-8.530366
Zmynd15	-15.242341	-11.788463
Tm4sf5	-16.089638	-12.63576
Vmo1	-16.495104	-13.041225
Gltpd2	-17.188251	-13.734373
Psmb6	-9.94331	-6.489432
Pld2	-12.884186	-9.430307
Mink1	-12.634375	-9.180496
Gm12315	-17.188251	-13.734373
Slc25a11	-11.812973	-8.359095
Rnf167	-11.695189	-8.241311
Pfn1	-8.999561	-5.545684
Gm12319	-17.188251	-13.734373
Eno3	-13.691744	-10.237865
Spag7	-11.336048	-7.88217
Camta2	-12.211517	-8.757639
Inca1	-14.885666	-11.4317875
Kif1c	-11.138517	-7.6846395
Zfp3	-14.885666	-11.4317875
Rabep1	-11.73293	-8.279052
Gm19967	-15.242341	-11.788463
Nup88	-12.328439	-8.87456
Rpain	-12.191039	-8.737161
C1qbp	-11.318954	-7.8650765
Dhx33	-13.276228	-9.82235
Derl2	-11.831665	-8.377787
Mis12	-13.093906	-9.640028
6330403K07Rik	-13.427051	-9.973172
Pitpnm3	-13.820955	-10.367077
4933427D14Rik	-16.089638	-12.63576
Gm43951	-17.188251	-13.734373
Txndc17	-10.329686	-6.8758082
Med31	-11.831665	-8.377787
4930563E22Rik	-15.396492	-11.942614
Slc13a5	-17.188251	-13.734373
Xaf1	-12.870763	-9.416884
Smtnl2	-13.892414	-10.438536
Mybbp1a	-11.995295	-8.541416
Spns2	-14.991027	-11.537148
Ube2g1	-12.177616	-8.723738
Ankfy1	-12.452053	-8.998175
Cyb5d2	-13.930155	-10.476276
Zzef1	-12.469752	-9.015874
Atp2a3	-12.710915	-9.257036
P2rx1	-12.61354	-9.159661
4732414G09Rik	-14.297879	-10.844001
Camkk1	-13.691744	-10.237865
Ncbp3	-12.164371	-8.710492
Itgae	-17.188251	-13.734373
P2rx5	-13.256426	-9.802547
Emc6	-11.504671	-8.050793
Tax1bp3	-11.3476095	-7.8937316
Ctns	-13.722515	-10.268637
Shpk	-14.991027	-11.537148
Aspa	-12.793802	-9.339924
Rap1gap2	-13.217959	-9.764081
Cluh	-13.029368	-9.57549
Pafah1b1	-10.0873995	-6.6335216
Mettl16	-12.38423	-8.930351
Mnt	-12.983559	-9.52968
Sgsm2	-13.077377	-9.623499
Tsr1	-13.31705	-9.863172
Srr	-12.9541445	-9.500266
Smg6	-11.826959	-8.37308
Hic1	-12.677392	-9.223514
1700016P03Rik	-15.801957	-12.348079
Ovca2	-14.991027	-11.537148
Rtn4rl1	-12.9541445	-9.500266
Rpa1	-12.563278	-9.1094
Smyd4	-13.6047325	-10.150854
Serpinf1	-8.592246	-5.1383686
Serpinf2	-16.495104	-13.041225
Wdr81	-13.632903	-10.179025
Mir22hg	-11.42306	-7.9691825
Tlcd2	-13.162899	-9.709021
Prpf8	-11.365205	-7.911327
Rilp	-13.820955	-10.367077
Scarf1	-14.790356	-11.336477
Gm45606	-17.188251	-13.734373
Slc43a2	-14.6233015	-11.169423
Pitpna	-11.138517	-7.6846395
Inpp5k	-12.677392	-9.223514
Myo1c	-10.688464	-7.2345862
Crk	-11.57148	-8.117601
Ywhae	-10.166275	-6.712397
Doc2b	-16.495104	-13.041225
Rph3al	-16.495104	-13.041225
Rflnb	-12.313054	-8.859176
Vps53	-12.351969	-8.89809
Glod4	-11.995295	-8.541416
Fam57a	-13.969376	-10.515497
Gemin4	-16.495104	-13.041225
Mrm3	-14.6233015	-11.169423
Nxn	-11.56785	-8.113972
Timm22	-12.469752	-9.015874
Abr	-12.925571	-9.471693
Trarg1	-16.089638	-12.63576
Gosr1	-12.76941	-9.315532
Cpd	-11.639175	-8.185297
Tmigd1	-16.089638	-12.63576
Blmh	-11.619906	-8.166028
Nsrp1	-11.201799	-7.7479215
Efcab5	-16.495104	-13.041225
Ssh2	-12.417566	-8.963688
Coro6	-14.415663	-10.961784
Ankrd13b	-13.754264	-10.300385
Git1	-12.831542	-9.377664
Trp53i13	-11.454909	-8.001031
Abhd15	-17.188251	-13.734373
Gm10392	-17.188251	-13.734373
Taok1	-10.808128	-7.3542504
Nufip2	-11.442048	-7.98817
Cryba1	-17.188251	-13.734373
Myo18a	-12.144826	-8.690948
Pipox	-14.010198	-10.556319
Phf12	-12.297902	-8.844024
Dhrs13os	-16.495104	-13.041225
Dhrs13	-14.355038	-10.901159
Flot2	-11.578779	-8.124901
Eral1	-13.892414	-10.438536
Fam222b	-13.296431	-9.842552
Traf4	-14.790356	-11.336477
Nek8	-13.820955	-10.367077
Tlcd1	-13.061116	-9.607238
Rpl23a	-9.038938	-5.58506
Rab34	-10.975645	-7.521767
Proca1	-14.052757	-10.598879
Supt6	-11.471224	-8.017345
Sdf2	-11.145618	-7.6917405
2610507B11Rik	-11.635291	-8.181413
Rskr	-16.089638	-12.63576
Spag5	-17.188251	-13.734373
Aldoc	-16.089638	-12.63576
Pigs	-12.553522	-9.099644
Unc119	-12.017767	-8.563889
Slc46a1	-14.703344	-11.249466
Sarm1	-16.495104	-13.041225
Vtn	-14.480201	-11.026322
Tmem199	-13.110714	-9.656836
Poldip2	-12.260998	-8.807119
Tnfaip1	-11.703454	-8.249576
Ift20	-10.220342	-6.7664638
Tmem97	-12.831542	-9.377664
Nlk	-12.983559	-9.52968
Ccnq	-12.164371	-8.710492
Lyrm9	-13.722515	-10.268637
Nos2	-17.188251	-13.734373
Lgals9	-12.1512985	-8.69742
Ksr1	-13.199267	-9.745389
Wsb1	-11.925561	-8.471683
Nf1	-12.1512985	-8.69742
Evi2a	-17.188251	-13.734373
Rab11fip4	-16.495104	-13.041225
Gm11205	-17.188251	-13.734373
Utp6	-12.710915	-9.257036
Suz12	-11.989754	-8.535875
Crlf3	-13.013864	-9.559985
Atad5	-14.480201	-11.026322
Tefm	-13.820955	-10.367077
Adap2	-15.578814	-12.124935
Rnf135	-14.243813	-10.789934
Rhot1	-12.157813	-8.703935
Rhbdl3	-14.549193	-11.095315
5730455P16Rik	-12.376067	-8.922189
Zfp207	-11.608521	-8.154643
Psmd11	-10.967661	-7.513783
Cdk5r1	-15.242341	-11.788463
Myo1d	-11.368168	-7.91429
C030013C21Rik	-14.480201	-11.026322
Tmem98	-11.920393	-8.466515
Ccl2	-14.355038	-10.901159
Ccl7	-14.6233015	-11.169423
Ccl11	-11.639175	-8.185297
Ccl12	-17.188251	-13.734373
Ccl8	-15.578814	-12.124935
Tmem132e	-14.790356	-11.336477
Cct6b	-16.495104	-13.041225
Zfp830	-12.524812	-9.070933
Gm11423	-14.885666	-11.4317875
Lig3	-13.577333	-10.123455
Rffl	-13.930155	-10.476276
Rad51d	-13.077377	-9.623499
Nle1	-13.632903	-10.179025
Unc45b	-14.790356	-11.336477
Unc45bos	-16.089638	-12.63576
Slfn5	-11.962504	-8.508626
Slfn9	-15.801957	-12.348079
Slfn8	-14.991027	-11.537148
Slfn2	-14.885666	-11.4317875
Slfn1	-17.188251	-13.734373
Slfn3	-16.495104	-13.041225
AI662270	-17.188251	-13.734373
AA465934	-15.578814	-12.124935
Pex12	-14.097209	-10.643331
Ap2b1	-11.4262	-7.972322
Rasl10b	-14.480201	-11.026322
Mmp28	-15.578814	-12.124935
Taf15	-12.106847	-8.652968
Ccl9	-15.578814	-12.124935
Ccl6	-16.089638	-12.63576
Wfdc17	-16.495104	-13.041225
Heatr6	-12.376067	-8.922189
Ddx52	-12.2682705	-8.814392
Synrg	-11.646988	-8.1931095
Dusp14	-13.820955	-10.367077
Tada2a	-12.998596	-9.544718
Acaca	-12.688441	-9.234563
Aatf	-13.256426	-9.802547
Lhx1	-17.188251	-13.734373
Mrm1	-14.415663	-10.961784
Dhrs11	-14.192519	-10.738641
Ggnbp2	-11.302147	-7.848269
Pigw	-15.396492	-11.942614
Myo19	-14.790356	-11.336477
Znhit3	-12.376067	-8.922189
Car4	-16.495104	-13.041225
Usp32	-12.666463	-9.2125845
Appbp2	-11.546344	-8.092465
Appbp2os	-17.188251	-13.734373
Ppm1d	-12.911585	-9.457706
Bcas3	-12.593131	-9.139253
Bcas3os1	-17.188251	-13.734373
2610027K06Rik	-14.243813	-10.789934
Tbx2	-13.722515	-10.268637
Gm11444	-16.495104	-13.041225
Brip1	-12.884186	-9.430307
Brip1os	-12.328439	-8.87456
Ints2	-13.930155	-10.476276
Med13	-11.654861	-8.200983
Rnft1	-12.058352	-8.604474
Rps6kb1	-11.894946	-8.441068
Tubd1	-14.297879	-10.844001
Vmp1	-12.119347	-8.665468
Ptrh2	-12.7223425	-9.268464
Cltc	-10.299679	-6.845801
Dhx40	-12.138395	-8.684517
Ypel2	-12.583081	-9.129203
Gdpd1	-13.338103	-9.884225
Smg8	-13.930155	-10.476276
Prr11	-15.396492	-11.942614
Ska2	-13.404061	-9.950183
Gm11491	-16.495104	-13.041225
Trim37	-13.061116	-9.607238
Ppm1e	-13.577333	-10.123455
Rad51c	-15.801957	-12.348079
Sept4	-12.688441	-9.234563
Mtmr4	-13.256426	-9.802547
Hsf5	-17.188251	-13.734373
Rnf43	-17.188251	-13.734373
Supt4a	-11.253357	-7.799479
Mks1	-15.108809	-11.654931
Dynll2	-11.296607	-7.842729
Srsf1	-11.781079	-8.327201
Gm15892	-15.578814	-12.124935
Vezf1	-11.006166	-7.5522885
Cuedc1	-11.491158	-8.037279
Mrps23	-11.935978	-8.4821
Msi2	-11.1291275	-7.6752496
C030037D09Rik	-15.801957	-12.348079
Akap1	-12.939755	-9.485877
Scpep1	-10.769886	-7.316008
Elobl	-17.188251	-13.734373
Coil	-13.474679	-10.020801
Trim25	-13.427051	-9.973172
Dgke	-13.754264	-10.300385
Nog	-15.801957	-12.348079
Pctp	-16.089638	-12.63576
Tmem100	-11.822275	-8.368397
Gm45716	-13.35961	-9.905731
Mmd	-12.2682705	-8.814392
Hlf	-11.204315	-7.7504373
Stxbp4	-13.754264	-10.300385
Cox11	-13.276228	-9.82235
Tom1l1	-13.6047325	-10.150854
Utp18	-12.603284	-9.1494055
Mbtd1	-12.634375	-9.180496
Nme2	-8.612035	-5.158157
Nme1	-11.122143	-7.668265
Spag9	-10.384746	-6.9308677
B230206L02Rik	-14.991027	-11.537148
Tob1	-11.578779	-8.124901
Wfikkn2	-13.856047	-10.402168
Luc7l3	-10.820064	-7.3661857
Ankrd40	-11.535762	-8.081883
Abcc3	-16.495104	-13.041225
Cacna1g	-13.045116	-9.591238
Rsad1	-14.052757	-10.598879
Acsf2	-14.143728	-10.68985
Chad	-12.40076	-8.946881
Lrrc59	-11.826959	-8.37308
Mrpl27	-11.549896	-8.096018
Xylt2	-13.180918	-9.727039
Gm11541	-15.578814	-12.124935
Col1a1	-7.406592	-3.9527144
Sgca	-12.515422	-9.061543
Hils1	-15.801957	-12.348079
Ppp1r9b	-11.889934	-8.436055
Samd14	-13.110714	-9.656836
Pdk2	-12.831542	-9.377664
Itga3	-12.119347	-8.665468
Kat7	-12.524812	-9.070933
Gm11520	-17.188251	-13.734373
Fam117a	-13.691744	-10.237865
Slc35b1	-11.333179	-7.8793015
Spop	-10.580251	-7.126373
Nxph3	-16.495104	-13.041225
Phb	-11.521825	-8.067946
Zfp652os	-14.703344	-11.249466
Zfp652	-11.767716	-8.313838
Abi3	-13.892414	-10.438536
Gngt2	-13.35961	-9.905731
4833417C18Rik	-14.097209	-10.643331
Snf8	-11.442048	-7.98817
Ube2z	-11.910136	-8.456258
Atp5g1	-9.669101	-6.2152233
Gm53	-17.188251	-13.734373
Hoxb9	-14.6233015	-11.169423
Hoxb8	-13.52469	-10.070811
Hoxb7	-13.127808	-9.673929
Hoxb5os	-13.856047	-10.402168
Hoxb6	-13.162899	-9.709021
Hoxb5	-13.296431	-9.842552
Hoxb4	-12.553522	-9.099644
Hoxb3	-12.939755	-9.485877
Gm11536	-17.188251	-13.734373
Hoxb3os	-13.029368	-9.57549
Hoxb2	-12.583081	-9.129203
Snx11	-13.427051	-9.973172
Cbx1	-10.983693	-7.529815
Nfe2l1	-10.454849	-7.0009713
Copz2	-10.278498	-6.82462
Gm11523	-17.188251	-13.734373
Cdk5rap3	-11.817613	-8.363734
D030028A08Rik	-15.242341	-11.788463
Prr15l	-15.801957	-12.348079
Pnpo	-14.010198	-10.556319
Sp2	-13.077377	-9.623499
Gm11532	-17.188251	-13.734373
Scrn2	-13.474679	-10.020801
Mrpl10	-12.634375	-9.180496
Osbpl7	-14.192519	-10.738641
Tbkbp1	-14.355038	-10.901159
Kpnb1	-11.662798	-8.20892
Npepps	-11.532259	-8.078381
Mrpl45	-12.3679695	-8.914091
Socs7	-13.1452	-9.691321
Arhgap23	-12.434661	-8.9807825
Srcin1	-17.188251	-13.734373
Gm11613	-16.089638	-12.63576
Mllt6	-12.232424	-8.778545
Cisd3	-12.983559	-9.52968
Pcgf2	-12.76941	-9.315532
Psmb3	-10.044634	-6.590756
Pip4k2b	-13.296431	-9.842552
Cwc25	-12.132006	-8.678127
1700001P01Rik	-17.188251	-13.734373
Rpl23	-7.9555616	-4.501684
Lasp1	-12.094501	-8.640622
B230217C12Rik	-13.450582	-9.996703
Fbxo47	-17.188251	-13.734373
Plxdc1	-14.991027	-11.537148
Arl5c	-14.885666	-11.4317875
Cacnb1	-13.787054	-10.333176
Rpl19	-8.065867	-4.61199
Stac2	-17.188251	-13.734373
Fbxl20	-12.53429	-9.080412
Med1	-12.164371	-8.710492
Cdk12	-11.803756	-8.349877
Gm20644	-17.188251	-13.734373
Ppp1r1b	-13.787054	-10.333176
Stard3	-13.093906	-9.640028
Tcap	-10.197074	-6.743196
Pnmt	-16.495104	-13.041225
Pgap3	-14.790356	-11.336477
Erbb2	-13.427051	-9.973172
Mien1	-11.359305	-7.9054275
Grb7	-17.188251	-13.734373
Ormdl3	-11.662798	-8.20892
Psmd3	-11.73293	-8.279052
Med24	-13.276228	-9.82235
Thra	-10.3649645	-6.9110866
Nr1d1	-11.3161335	-7.8622556
Msl1	-11.518371	-8.064492
Gm12359	-14.991027	-11.537148
Casc3	-12.260998	-8.807119
Wipf2	-12.677392	-9.223514
Cdc6	-15.801957	-12.348079
Rara	-12.806225	-9.352346
Top2a	-17.188251	-13.734373
Igfbp4	-8.737198	-5.28332
Tns4	-15.242341	-11.788463
Smarce1	-11.518371	-8.064492
Krt222	-16.495104	-13.041225
Krt10	-12.7456	-9.291721
Gm11940	-17.188251	-13.734373
Krt19	-14.143728	-10.68985
Krt14	-17.188251	-13.734373
Eif1	-8.082049	-4.628172
Gast	-17.188251	-13.734373
Hap1	-17.188251	-13.734373
Jup	-11.875045	-8.421166
P3h4	-11.201799	-7.7479215
Fkbp10	-11.179438	-7.7255597
Nt5c3b	-12.088385	-8.634506
Klhl11	-14.143728	-10.68985
Acly	-12.040756	-8.586878
Ttc25	-16.495104	-13.041225
Cnp	-13.296431	-9.842552
Dnajc7	-12.03496	-8.581081
Nkiras2	-12.831542	-9.377664
Zfp385c	-15.801957	-12.348079
Dhx58os	-14.415663	-10.961784
Dhx58	-15.578814	-12.124935
Kat2a	-13.31705	-9.863172
Rab5c	-11.327465	-7.873587
Ghdc	-13.256426	-9.802547
Stat5b	-12.623903	-9.170025
Stat5a	-13.577333	-10.123455
Stat3	-11.318954	-7.8650765
Cavin1	-9.644448	-6.1905704
Atp6v0a1	-12.218438	-8.76456
Naglu	-11.957143	-8.503264
Coasy	-13.045116	-9.591238
Mlx	-12.275597	-8.821718
Psmc3ip	-13.499372	-10.045493
Retreg3	-12.925571	-9.471693
Tubg1	-12.76941	-9.315532
Tubg2	-14.6233015	-11.169423
Plekhh3	-12.496903	-9.043025
Cntnap1	-14.790356	-11.336477
Ccr10	-15.801957	-12.348079
Ezh1	-12.040756	-8.586878
Ramp2	-10.745711	-7.2918334
Vps25	-15.242341	-11.788463
Wnk4	-17.188251	-13.734373
Coa3	-10.607612	-7.1537337
Cntd1	-16.495104	-13.041225
Becn1	-11.808353	-8.354475
Psme3	-12.443319	-8.989441
Aoc2	-16.495104	-13.041225
Aoc3	-10.642901	-7.1890235
Aarsd1	-11.703454	-8.249576
Ptges3l	-12.478721	-9.024842
Rundc1	-13.632903	-10.179025
Rpl27	-8.641499	-5.187621
Ifi35	-11.951809	-8.497931
Vat1	-11.092426	-7.6385484
Rnd2	-12.655652	-9.201774
Brca1	-16.495104	-13.041225
Nbr1	-12.023465	-8.569587
Tmem106a	-14.010198	-10.556319
Rdm1	-11.826959	-8.37308
Arl4d	-13.499372	-10.045493
Dhx8	-12.710915	-9.257036
Etv4	-16.089638	-12.63576
Meox1	-13.237007	-9.783129
4930417O22Rik	-16.089638	-12.63576
Sost	-9.299541	-5.8456635
Dusp3	-10.7505	-7.296622
Mpp3	-15.801957	-12.348079
Cd300lg	-14.010198	-10.556319
Mpp2	-13.31705	-9.863172
Tmem101	-12.818803	-9.364924
Lsm12	-11.321783	-7.867905
G6pc3	-12.54386	-9.089982
Hdac5	-11.650917	-8.197039
Asb16	-16.089638	-12.63576
Tmub2	-12.699615	-9.245736
Atxn7l3	-12.478721	-9.024842
Ubtf	-11.269358	-7.8154798
Slc4a1	-16.089638	-12.63576
Slc25a39	-11.368168	-7.91429
Grn	-10.107383	-6.653505
Fam171a2	-13.577333	-10.123455
Itga2b	-13.754264	-10.300385
Gpatch8	-11.662798	-8.20892
Gm11627	-11.73293	-8.279052
Fzd2	-10.768256	-7.3143783
Gm11636	-16.495104	-13.041225
2810433D01Rik	-13.013864	-9.559985
Ccdc43	-12.925571	-9.471693
Adam11	-13.127808	-9.673929
Gjc1	-11.535762	-8.081883
Higd1b	-15.396492	-11.942614
Eftud2	-12.524812	-9.070933
Ccdc103	-17.188251	-13.734373
Gfap	-17.188251	-13.734373
2410004I01Rik	-16.089638	-12.63576
Dcakd	-12.603284	-9.1494055
Nmt1	-10.796334	-7.3424563
Plcd3	-13.296431	-9.842552
Acbd4	-11.989754	-8.535875
Hexim1	-11.274748	-7.82087
Hexim2	-15.108809	-11.654931
1700023F06Rik	-14.790356	-11.336477
Map3k14	-14.297879	-10.844001
Arhgap27	-15.396492	-11.942614
Arhgap27os2	-15.801957	-12.348079
Arhgap27os1	-16.495104	-13.041225
Plekhm1	-13.499372	-10.045493
Rprml	-17.188251	-13.734373
Gosr2	-12.452053	-8.998175
C130046K22Rik	-16.495104	-13.041225
Nsf	-12.593131	-9.139253
Arf2	-12.426077	-8.9721985
Mapt	-15.108809	-11.654931
Kansl1	-11.889934	-8.436055
Cdc27	-12.563278	-9.1094
Myl4	-13.162899	-9.709021
Gm11665	-17.188251	-13.734373
Itgb3	-11.763301	-8.3094225
Gm11639	-16.495104	-13.041225
Mettl2	-13.722515	-10.268637
1700052K11Rik	-13.787054	-10.333176
Tlk2	-12.119347	-8.665468
Mrc2	-11.546344	-8.092465
Tanc2	-12.553522	-9.099644
Cyb561	-12.017767	-8.563889
Gm11651	-17.188251	-13.734373
Ace	-10.472868	-7.01899
Dcaf7	-12.359938	-8.906059
Gm11646	-17.188251	-13.734373
Taco1os	-14.010198	-10.556319
Taco1	-14.6233015	-11.169423
Map3k3	-12.644957	-9.191078
Limd2	-13.969376	-10.515497
Strada	-13.550665	-10.0967865
Ccdc47	-11.41993	-7.9660525
Ddx42	-11.703454	-8.249576
Ftsj3	-12.688441	-9.234563
Psmc5	-10.840862	-7.3869843
Smarcd2	-12.282976	-8.829098
Icam2	-13.577333	-10.123455
Ern1	-13.256426	-9.802547
Tex2	-12.870763	-9.416884
Pecam1	-11.494519	-8.040641
Milr1	-13.754264	-10.300385
Polg2	-13.474679	-10.020801
Ddx5	-8.977855	-5.523977
Cep95	-14.355038	-10.901159
Smurf2	-11.514928	-8.061049
Kpna2	-14.297879	-10.844001
1810010H24Rik	-13.820955	-10.367077
Bptf	-10.657373	-7.2034955
Nol11	-12.290411	-8.836533
Pitpnc1	-13.35961	-9.905731
Gm11713	-17.188251	-13.734373
Psmd12	-11.138517	-7.6846395
Helz	-11.578779	-8.124901
Cacng4	-15.108809	-11.654931
Prkca	-12.157813	-8.703935
Apoh	-16.089638	-12.63576
Cep112	-13.061116	-9.607238
Cep112it	-15.108809	-11.654931
Axin2	-14.703344	-11.249466
Rgs9	-17.188251	-13.734373
Gm11696	-15.578814	-12.124935
Gna13	-11.978765	-8.524886
Amz2	-12.336221	-8.882342
Slc16a6	-15.801957	-12.348079
Arsg	-14.549193	-11.095315
Wipi1	-11.57148	-8.117601
Prkar1a	-10.2091055	-6.7552276
Fam20a	-12.857518	-9.40364
Abca8b	-11.745833	-8.291955
Gm11697	-17.188251	-13.734373
Abca8a	-9.9803915	-6.5265136
Abca9	-12.781531	-9.327653
Abca6	-13.35961	-9.905731
Abca5	-13.029368	-9.57549
Map2k6	-13.722515	-10.268637
Sox9	-12.012101	-8.558223
2610035D17Rik	-14.355038	-10.901159
Slc39a11	-14.549193	-11.095315
Cog1	-13.162899	-9.709021
Fam104a	-10.8874655	-7.4335876
D11Wsu47e	-14.480201	-11.026322
Cdc42ep4	-12.3679695	-8.914091
Sdk2	-14.355038	-10.901159
Rpl38	-7.670352	-4.2164745
Ttyh2	-14.991027	-11.537148
Gprc5c	-14.885666	-11.4317875
Slc9a3r1	-12.699615	-9.245736
Nat9	-12.634375	-9.180496
Tmem104	-13.550665	-10.0967865
Fdxr	-13.404061	-9.950183
Fads6	-15.578814	-12.124935
Hid1	-13.787054	-10.333176
Cdr2l	-13.474679	-10.020801
Mrpl58	-11.3161335	-7.8622556
Ict1os	-17.188251	-13.734373
Atp5h	-9.246244	-5.7923665
Kctd2	-12.297902	-8.844024
Armc7	-15.108809	-11.654931
Nt5c	-11.380109	-7.926231
Jpt1	-11.3771105	-7.9232326
Sumo2	-9.693821	-6.239943
Nup85	-12.677392	-9.223514
Gga3	-13.892414	-10.438536
Mrps7	-11.528769	-8.07489
Mif4gd	-11.925561	-8.471683
Slc25a19	-12.9541445	-9.500266
Grb2	-11.763301	-8.3094225
Tmem94	-13.162899	-9.709021
Caskin2	-12.870763	-9.416884
Tsen54	-13.787054	-10.333176
Llgl2	-15.396492	-11.942614
Recql5	-14.355038	-10.901159
Smim5	-11.905047	-8.451169
Smim6	-15.801957	-12.348079
Sap30bp	-12.344064	-8.890185
Itgb4	-14.885666	-11.4317875
Galk1	-11.72442	-8.270541
H3f3b	-8.931125	-5.4772468
Unk	-13.256426	-9.802547
Unc13d	-15.578814	-12.124935
Wbp2	-11.318954	-7.8650765
Trim47	-11.209365	-7.755487
Trim65	-13.1452	-9.691321
Mrpl38	-12.177616	-8.723738
Fbf1	-13.31705	-9.863172
Acox1	-12.487771	-9.033893
Ten1	-11.995295	-8.541416
Evpl	-16.495104	-13.041225
Srp68	-11.957143	-8.503264
Galr2	-14.355038	-10.901159
Exoc7	-12.040756	-8.586878
Rnf157	-13.969376	-10.515497
Ubald2	-11.631423	-8.177545
Prpsap1	-11.674822	-8.220943
Sphk1	-14.243813	-10.789934
Ube2o	-12.496903	-9.043025
Rhbdf2	-13.338103	-9.884225
Cygb	-9.400454	-5.946576
Prcd	-13.754264	-10.300385
Snhg16	-14.097209	-10.643331
St6galnac2	-13.892414	-10.438536
BC018473	-17.188251	-13.734373
Mxra7	-10.531525	-7.0776467
Jmjd6	-12.000865	-8.546987
Mettl23	-11.66679	-8.212912
Srsf2	-10.692986	-7.2391076
Mfsd11	-12.677392	-9.223514
Mgat5b	-14.790356	-11.336477
Snhg20	-12.857518	-9.40364
Gm11730	-17.188251	-13.734373
Sec14l1	-11.646988	-8.1931095
Sept9	-11.803756	-8.349877
Gm16045	-16.495104	-13.041225
Gm11732	-16.089638	-12.63576
Gm11733	-17.188251	-13.734373
Gm11734	-17.188251	-13.734373
2900041M22Rik	-12.452053	-8.998175
Tnrc6c	-10.739362	-7.285484
Tmc6	-12.9541445	-9.500266
Tmc8	-17.188251	-13.734373
Syngr2	-11.564234	-8.110355
Tk1	-17.188251	-13.734373
Afmid	-14.052757	-10.598879
Birc5	-16.089638	-12.63576
Tha1	-15.396492	-11.942614
Socs3	-11.745833	-8.291955
Pgs1	-13.013864	-9.559985
Cyth1	-13.110714	-9.656836
Usp36	-12.757434	-9.3035555
Timp2	-8.165084	-4.711206
Cep295nl	-15.801957	-12.348079
Lgals3bp	-12.144826	-8.690948
Cant1	-12.125656	-8.671778
C1qtnf1	-12.478721	-9.024842
Gm11747	-16.089638	-12.63576
Engase	-14.297879	-10.844001
Rbfox3	-15.801957	-12.348079
Cbx2	-14.991027	-11.537148
Cbx8	-13.856047	-10.402168
Cbx4	-12.925571	-9.471693
Tbc1d16	-13.577333	-10.123455
Ccdc40	-16.495104	-13.041225
Gaa	-11.087933	-7.6340547
Eif4a3	-11.497891	-8.044013
Card14	-16.089638	-12.63576
Sgsh	-13.180918	-9.727039
Slc26a11	-13.550665	-10.0967865
Rnf213	-13.180918	-9.727039
A930037H05Rik	-16.089638	-12.63576
Endov	-13.427051	-9.973172
Rptor	-13.093906	-9.640028
Chmp6	-12.496903	-9.043025
Baiap2	-12.710915	-9.257036
Aatk	-13.820955	-10.367077
Cep131	-14.415663	-10.961784
Tepsin	-13.892414	-10.438536
Ndufaf8	-10.977651	-7.5237727
Slc38a10	-11.481141	-8.027263
Gm11769	-15.578814	-12.124935
2810410L24Rik	-15.578814	-12.124935
2900052L18Rik	-15.242341	-11.788463
Bahcc1	-13.632903	-10.179025
Gm11772	-15.801957	-12.348079
Actg1	-8.243831	-4.789953
0610009L18Rik	-12.046588	-8.59271
Fscn2	-16.089638	-12.63576
Faap100	-13.110714	-9.656836
Nploc4	-12.818803	-9.364924
Pde6g	-17.188251	-13.734373
Oxld1	-13.093906	-9.640028
Ccdc137	-13.237007	-9.783129
Arl16	-12.50612	-9.052241
Hgs	-12.496903	-9.043025
Mrpl12	-11.245452	-7.791574
Slc25a10	-13.754264	-10.300385
Gcgr	-17.188251	-13.734373
Mcrip1	-10.61877	-7.1648917
P4hb	-9.794373	-6.3404946
Arhgdia	-10.116677	-6.6627994
Alyref	-11.619906	-8.166028
Anapc11	-10.389195	-6.9353175
Pcyt2	-12.644957	-9.191078
Sirt7	-12.793802	-9.339924
Mafg	-11.884946	-8.431067
Pycr1	-13.1452	-9.691321
Myadml2	-15.396492	-11.942614
Aspscr1	-12.336221	-8.882342
Cenpx	-11.010307	-7.5564294
Lrrc45	-12.884186	-9.430307
Rac3	-12.897792	-9.443913
Dcxr	-12.336221	-8.882342
Cbr2	-10.084107	-6.6302295
Hmga1b	-17.188251	-13.734373
Rfng	-12.983559	-9.52968
Gps1	-11.553461	-8.099583
Dus1l	-13.1452	-9.691321
Fasn	-12.417566	-8.963688
Ccdc57	-15.396492	-11.942614
Slc16a3	-13.969376	-10.515497
Csnk1d	-11.741513	-8.287635
Uts2r	-16.495104	-13.041225
Ogfod3	-12.54386	-9.089982
Hexdc	-14.052757	-10.598879
Cybc1	-13.199267	-9.745389
Narf	-13.093906	-9.640028
Foxk2	-12.666463	-9.2125845
Wdr45b	-11.593539	-8.139661
Rab40b	-13.217959	-9.764081
Fn3krp	-14.480201	-11.026322
Fn3k	-14.885666	-11.4317875
Tbcd	-12.939755	-9.485877
B3gntl1	-15.242341	-11.788463
Metrnl	-11.737212	-8.283334
Rab10os	-13.180918	-9.727039
Rab10	-10.67058	-7.216702
Gm26520	-15.801957	-12.348079
Kif3c	-13.427051	-9.973172
1110002L01Rik	-14.052757	-10.598879
Asxl2	-12.336221	-8.882342
Dtnb	-13.754264	-10.300385
Dnmt3a	-11.73293	-8.279052
Dnmt3aos	-17.188251	-13.734373
Pomc	-15.242341	-11.788463
Efr3b	-14.355038	-10.901159
Dnajc27	-13.338103	-9.884225
Adcy3	-12.688441	-9.234563
Cenpo	-14.703344	-11.249466
Ptrhd1	-12.496903	-9.043025
Ncoa1	-11.978765	-8.524886
2900045O20Rik	-17.188251	-13.734373
AC241534.1	-14.991027	-11.537148
Itsn2	-11.670798	-8.21692
Gm48678	-17.188251	-13.734373
Fam228a	-16.089638	-12.63576
Fam228b	-17.188251	-13.734373
Pfn4	-16.089638	-12.63576
Sf3b6	-10.799689	-7.3458114
Fkbp1b	-12.831542	-9.377664
Wdcp	-13.499372	-10.045493
Mfsd2b	-16.089638	-12.63576
Ubxn2a	-11.288354	-7.834476
Atad2b	-12.40076	-8.946881
Klhl29	-14.415663	-10.961784
Gm48619	-17.188251	-13.734373
Ldah	-12.328439	-8.87456
Gm48898	-16.089638	-12.63576
Hs1bp3	-13.35961	-9.905731
Rhob	-10.102349	-6.6484714
Pum2	-11.112905	-7.6590266
Gm4755	-16.495104	-13.041225
Sdc1	-12.012101	-8.558223
9930038B18Rik	-17.188251	-13.734373
Gm47391	-17.188251	-13.734373
Laptm4a	-9.183886	-5.7300076
Matn3	-15.108809	-11.654931
Wdr35	-12.426077	-8.9721985
Ttc32	-12.897792	-9.443913
Gm46323	-13.930155	-10.476276
Osr1	-10.047798	-6.59392
Nt5c1b	-17.188251	-13.734373
Rdh14	-12.144826	-8.690948
Kcns3	-13.550665	-10.0967865
Smc6	-10.654462	-7.200584
Rad51ap2	-13.892414	-10.438536
Fam49a	-13.892414	-10.438536
Mycn	-16.495104	-13.041225
Ddx1	-11.3303175	-7.8764396
Nbas	-12.655652	-9.201774
Lratd1	-13.856047	-10.402168
Trib2	-12.204644	-8.750766
Lpin1	-12.710915	-9.257036
E2f6	-12.857518	-9.40364
Rock2	-9.691598	-6.2377205
Pqlc3	-12.351969	-8.89809
2410004P03Rik	-15.801957	-12.348079
Pdia6	-10.330737	-6.876859
Nol10	-14.143728	-10.68985
Odc1	-11.3161335	-7.8622556
Hpcal1	-11.822275	-8.368397
5730507C01Rik	-15.396492	-11.942614
Gm5784	-17.188251	-13.734373
Gm49769	-15.801957	-12.348079
Gm49698	-15.396492	-11.942614
Gm48693	-17.188251	-13.734373
Gm49700	-15.396492	-11.942614
Asap2	-11.117514	-7.6636357
Gm30124	-17.188251	-13.734373
Itgb1bp1	-11.711787	-8.257909
Gm20535	-17.188251	-13.734373
Cpsf3	-12.553522	-9.099644
Iah1	-11.42306	-7.9691825
Adam17	-12.40076	-8.946881
Ywhaq	-10.132938	-6.6790605
Gm4419	-15.242341	-11.788463
Gm4425	-16.495104	-13.041225
2410018L13Rik	-17.188251	-13.734373
9030624G23Rik	-16.495104	-13.041225
Taf1b	-12.61354	-9.159661
Grhl1	-17.188251	-13.734373
Klf11	-13.52469	-10.070811
Cys1	-11.256006	-7.8021283
Rrm2	-14.885666	-11.4317875
2900060N12Rik	-17.188251	-13.734373
Mboat2	-13.969376	-10.515497
Kidins220	-11.344707	-7.8908286
Id2	-10.043055	-6.5891767
Gm36287	-17.188251	-13.734373
Rnf144a	-13.013864	-9.559985
Rsad2	-14.885666	-11.4317875
Cmpk2	-14.097209	-10.643331
Sox11	-15.578814	-12.124935
Colec11	-12.9541445	-9.500266
Rps7	-8.36829	-4.9144125
Rnaseh1	-12.939755	-9.485877
Adi1	-12.857518	-9.40364
Trappc12	-12.603284	-9.1494055
Eipr1	-13.474679	-10.020801
Gm31508	-17.188251	-13.734373
Pxdn	-12.290411	-8.836533
Sntg2	-12.392461	-8.938582
Tmem18	-12.61354	-9.159661
Alkal2	-14.885666	-11.4317875
Acp1	-10.967661	-7.513783
Sh3yl1	-14.703344	-11.249466
Lamb1	-12.218438	-8.76456
Dld	-11.935978	-8.4821
Slc26a3	-14.790356	-11.336477
Cbll1	-12.478721	-9.024842
Bcap29	-13.162899	-9.709021
Dus4l	-14.097209	-10.643331
Cog5	-12.781531	-9.327653
Hbp1	-11.593539	-8.139661
Prkar2b	-15.396492	-11.942614
Pik3cg	-17.188251	-13.734373
Ccdc71l	-12.7223425	-9.268464
Nampt	-11.8701315	-8.416253
4933406C10Rik	-16.089638	-12.63576
Sypl	-11.004102	-7.550224
Atxn7l1	-13.722515	-10.268637
Twistnb	-11.741513	-8.287635
Twist1	-11.855533	-8.401654
Hdac9	-12.831542	-9.377664
Snx13	-12.487771	-9.033893
Ahr	-15.108809	-11.654931
Tspan13	-13.787054	-10.333176
Bzw2	-12.677392	-9.223514
Ankmy2	-12.524812	-9.070933
Sostdc1	-16.495104	-13.041225
D630036H23Rik	-16.089638	-12.63576
Crppa	-14.549193	-11.095315
Gm48617	-16.089638	-12.63576
Meox2	-12.313054	-8.859176
Agmo	-13.930155	-10.476276
Dgkb	-12.61354	-9.159661
Etv1	-12.03496	-8.581081
Arl4a	-10.39031	-6.9364324
Scin	-14.885666	-11.4317875
Lsmem1	-13.820955	-10.367077
Gm17056	-13.691744	-10.237865
Ifrd1	-10.804745	-7.350867
Gm17024	-17.188251	-13.734373
Gm7008	-16.089638	-12.63576
Zfp277	-12.53429	-9.080412
Dock4	-13.217959	-9.764081
Immp2l	-14.991027	-11.537148
Dnajb9	-11.601003	-8.147124
Gm47096	-17.188251	-13.734373
Pnpla8	-11.307718	-7.8538404
Nrcam	-17.188251	-13.734373
Stxbp6	-13.217959	-9.764081
Gm15902	-16.495104	-13.041225
Nova1	-14.885666	-11.4317875
Prkd1	-13.499372	-10.045493
G2e3	-12.666463	-9.2125845
Scfd1	-11.845917	-8.392038
Coch	-14.355038	-10.901159
Strn3	-10.872893	-7.4190154
Ap4s1	-11.646988	-8.1931095
Hectd1	-11.063568	-7.60969
Heatr5a	-12.320717	-8.866838
Dtd2	-12.781531	-9.327653
Nubpl	-13.856047	-10.402168
Arhgap5	-10.814931	-7.361053
Akap6	-12.376067	-8.922189
Npas3	-16.495104	-13.041225
Egln3	-14.297879	-10.844001
Sptssa	-10.765004	-7.311126
Eapp	-11.176984	-7.723106
Snx6	-11.201799	-7.7479215
Cfl2	-10.448915	-6.9950366
1700081N11Rik	-17.188251	-13.734373
Baz1a	-13.404061	-9.950183
2700097O09Rik	-13.691744	-10.237865
Srp54a	-12.2682705	-8.814392
Fam177a	-12.781531	-9.327653
Srp54b	-16.495104	-13.041225
1700047I17Rik2	-17.188251	-13.734373
Srp54c	-14.790356	-11.336477
Ppp2r3c	-12.9541445	-9.500266
Prorp	-14.143728	-10.68985
Psma6	-10.806435	-7.3525567
Nfkbia	-10.329686	-6.8758082
Ralgapa1	-11.850713	-8.396834
Brms1l	-12.870763	-9.416884
Mbip	-13.180918	-9.727039
Pax9	-14.243813	-10.789934
Slc25a21	-15.396492	-11.942614
Prps1l3	-13.856047	-10.402168
Mipol1	-13.969376	-10.515497
Clec14a	-12.884186	-9.430307
Sec23a	-11.715981	-8.262102
Gemin2	-13.787054	-10.333176
Trappc6b	-11.108318	-7.6544404
Pnn	-10.993846	-7.539968
Mia2	-11.678863	-8.224984
Fbxo33	-12.793802	-9.339924
Gm527	-14.991027	-11.537148
Klhl28	-12.897792	-9.443913
Togaram1	-12.733904	-9.2800255
Prpf39	-12.144826	-8.690948
Fkbp3	-11.119825	-7.6659474
Fancm	-13.754264	-10.300385
Mis18bp1	-17.188251	-13.734373
Mdga2	-14.6233015	-11.169423
Rps29	-7.069611	-3.6157336
Rpl36al	-9.195982	-5.7421045
Mgat2	-11.471224	-8.017345
Dnaaf2	-13.577333	-10.123455
9330151L19Rik	-14.415663	-10.961784
Pole2	-14.549193	-11.095315
Klhdc1	-12.806225	-9.352346
Klhdc2	-11.589829	-8.135951
Nemf	-11.56785	-8.113972
Gm9887	-14.143728	-10.68985
Arf6	-12.040756	-8.586878
Vcpkmt	-14.297879	-10.844001
Sos2	-12.452053	-8.998175
L2hgdh	-13.754264	-10.300385
Dmac2l	-13.787054	-10.333176
Cdkl1	-16.089638	-12.63576
4930512B01Rik	-16.495104	-13.041225
Map4k5	-12.082306	-8.6284275
Atl1	-14.097209	-10.643331
Sav1	-12.197819	-8.74394
Nin	-12.655652	-9.201774
Pygl	-13.474679	-10.020801
Tmx1	-11.72442	-8.270541
Gm32219	-15.108809	-11.654931
Gm32369	-17.188251	-13.734373
Frmd6	-11.169658	-7.71578
Gm10457	-15.396492	-11.942614
Actr10	-11.15038	-7.696502
Psma3	-10.047798	-6.59392
3110056K07Rik	-13.180918	-9.727039
Arid4a	-11.670798	-8.21692
Tomm20l	-17.188251	-13.734373
Timm9	-12.392461	-8.938582
2700049A03Rik	-13.52469	-10.070811
Dact1	-12.082306	-8.6284275
4930474H06Rik	-17.188251	-13.734373
4930404H11Rik	-17.188251	-13.734373
9630002D21Rik	-17.188251	-13.734373
Daam1	-11.181898	-7.72802
Gpr135	-14.703344	-11.249466
L3hypdh	-12.688441	-9.234563
Jkamp	-11.310515	-7.8566375
Rtn1	-15.242341	-11.788463
Pcnx4	-13.237007	-9.783129
Dhrs7	-11.059201	-7.6053233
Ppm1a	-11.099206	-7.645328
4930447C04Rik	-15.108809	-11.654931
Six1	-13.276228	-9.82235
Six4	-13.217959	-9.764081
Mnat1	-11.894946	-8.441068
Trmt5	-14.297879	-10.844001
Slc38a6	-14.297879	-10.844001
Gm48653	-17.188251	-13.734373
Tmem30b	-15.396492	-11.942614
2210039B01Rik	-16.089638	-12.63576
Prkch	-15.108809	-11.654931
Gm15283	-17.188251	-13.734373
Hif1a	-10.892985	-7.4391074
Snapc1	-12.290411	-8.836533
Gm34552	-15.578814	-12.124935
Rhoj	-10.540563	-7.0866847
Ppp2r5e	-11.826959	-8.37308
Gm47689	-17.188251	-13.734373
Wdr89	-12.359938	-8.906059
Sgpp1	-12.623903	-9.170025
Syne2	-11.37114	-7.9172616
Esr2	-17.188251	-13.734373
Gm47525	-16.495104	-13.041225
Mthfd1	-12.7456	-9.291721
Gm34868	-17.188251	-13.734373
Akap5	-14.991027	-11.537148
Zbtb25	-13.820955	-10.367077
Zbtb1	-12.211517	-8.757639
4930426I24Rik	-15.242341	-11.788463
Hspa2	-11.477824	-8.023946
Ppp1r36	-14.143728	-10.68985
Gm10451	-16.495104	-13.041225
Plekhg3	-11.56063	-8.106751
AI463170	-15.801957	-12.348079
Churc1	-10.919155	-7.465277
Fntb	-13.856047	-10.402168
Rab15	-15.396492	-11.942614
Max	-12.204644	-8.750766
9530018F02Rik	-14.480201	-11.026322
Fut8	-12.3679695	-8.914091
Gm48226	-13.892414	-10.438536
Gphn	-12.793802	-9.339924
Mpp5	-12.260998	-8.807119
Atp6v1d	-11.504671	-8.050793
Eif2s1	-11.597264	-8.143386
Tmem229b	-13.381589	-9.927711
Plekhh1	-17.188251	-13.734373
Pigh	-13.632903	-10.179025
Vti1b	-10.977651	-7.5237727
Rdh11	-13.237007	-9.783129
Rdh12	-15.578814	-12.124935
Zfyve26	-13.474679	-10.020801
Rad51b	-14.297879	-10.844001
9430078K24Rik	-17.188251	-13.734373
Gm36660	-16.089638	-12.63576
Zfp36l1	-9.673996	-6.2201185
2310015A10Rik	-13.6047325	-10.150854
Actn1	-8.811009	-5.357132
Gm47767	-14.6233015	-11.169423
Dcaf5	-12.699615	-9.245736
Gm30025	-12.733904	-9.2800255
Exd2	-13.127808	-9.673929
2310002D06Rik	-16.495104	-13.041225
Gm26777	-17.188251	-13.734373
Galnt16	-11.941227	-8.487349
Erh	-11.429349	-7.975471
Slc39a9	-12.76941	-9.315532
Plekhd1	-17.188251	-13.734373
Ccdc177	-17.188251	-13.734373
Susd6	-11.691083	-8.237205
Srsf5	-10.552304	-7.0984263
Slc10a1	-15.801957	-12.348079
Smoc1	-10.201685	-6.747807
Slc8a3	-14.480201	-11.026322
Cox16	-11.008234	-7.554356
Gm4787	-17.188251	-13.734373
Adam4	-16.495104	-13.041225
Gm28370	-17.188251	-13.734373
Synj2bp	-11.497891	-8.044013
Med6	-12.553522	-9.099644
Ttc9	-14.703344	-11.249466
Pcnx	-12.082306	-8.6284275
Sipa1l1	-12.443319	-8.989441
Rgs6	-14.885666	-11.4317875
Dpf3	-16.089638	-12.63576
Dcaf4	-13.691744	-10.237865
Zfyve1	-13.061116	-9.607238
Rbm25	-10.624395	-7.1705174
Gm29361	-16.495104	-13.041225
Psen1	-12.634375	-9.180496
Papln	-17.188251	-13.734373
Numb	-12.452053	-8.998175
Gm26571	-16.495104	-13.041225
Riox1	-13.787054	-10.333176
Acot2	-13.199267	-9.745389
Acot1	-14.297879	-10.844001
Acot6	-14.549193	-11.095315
Dnal1	-13.35961	-9.905731
Pnma1	-16.495104	-13.041225
Elmsan1	-12.699615	-9.245736
Gm31513	-17.188251	-13.734373
Ptgr2	-12.844445	-9.390567
Gm47484	-14.703344	-11.249466
Zfp410	-13.029368	-9.57549
Fam161b	-14.703344	-11.249466
Coq6	-12.911585	-9.457706
Entpd5	-13.427051	-9.973172
Bbof1	-16.089638	-12.63576
Rnf113a2	-13.474679	-10.020801
Aldh6a1	-12.320717	-8.866838
Lin52	-13.217959	-9.764081
Abcd4	-12.911585	-9.457706
Npc2	-10.049384	-6.595506
Isca2	-12.177616	-8.723738
Ltbp2	-11.181898	-7.72802
D030025P21Rik	-16.495104	-13.041225
Gm17139	-17.188251	-13.734373
Arel1	-13.199267	-9.745389
Fcf1	-12.132006	-8.678127
Ylpm1	-11.808353	-8.354475
Prox2os	-17.188251	-13.734373
Prox2	-15.108809	-11.654931
Dlst	-12.184305	-8.730427
Pgf	-13.427051	-9.973172
Eif2b2	-12.320717	-8.866838
Mlh3	-13.237007	-9.783129
Acyp1	-12.094501	-8.640622
Zc2hc1c	-16.089638	-12.63576
Nek9	-11.578779	-8.124901
Tmed10	-10.009706	-6.5558276
Fos	-8.251295	-4.7974176
Gm47863	-14.052757	-10.598879
Jdp2	-12.3679695	-8.914091
Batf	-16.089638	-12.63576
Erg28	-11.957143	-8.503264
Ttll5	-13.276228	-9.82235
Tgfb3	-11.083458	-7.62958
Gm48008	-17.188251	-13.734373
Ift43	-10.672058	-7.21818
Gpatch2l	-13.127808	-9.673929
Vash1	-15.578814	-12.124935
Angel1	-14.885666	-11.4317875
Irf2bpl	-11.245452	-7.791574
Cipc	-13.217959	-9.764081
Tmem63c	-17.188251	-13.734373
Ngb	-15.396492	-11.942614
Pomt2	-13.427051	-9.973172
Gstz1	-12.76941	-9.315532
Tmed8	-13.077377	-9.623499
Samd15	-17.188251	-13.734373
Noxred1	-17.188251	-13.734373
Vipas39	-12.573131	-9.119252
Ahsa1	-11.145618	-7.6917405
Sptlc2	-12.443319	-8.989441
Alkbh1	-13.110714	-9.656836
Slirp	-11.110609	-7.656731
Snw1	-10.989773	-7.535895
Adck1	-13.499372	-10.045493
Nrxn3	-17.188251	-13.734373
Dio2	-11.553461	-8.099583
Gm26512	-14.991027	-11.537148
Cep128	-14.790356	-11.336477
Tshr	-17.188251	-13.734373
Gtf2a1	-12.3679695	-8.914091
Ston2	-13.045116	-9.591238
Sel1l	-11.374121	-7.920243
Flrt2	-11.539277	-8.085399
Gm35326	-17.188251	-13.734373
Galc	-14.415663	-10.961784
Spata7	-13.754264	-10.300385
Ptpn21	-12.246609	-8.79273
Zc3h14	-11.845917	-8.392038
Eml5	-14.6233015	-11.169423
Ttc8	-13.199267	-9.745389
Foxn3	-10.540563	-7.0866847
Gm20682	-14.991027	-11.537148
Tdp1	-13.577333	-10.123455
Kcnk13	-17.188251	-13.734373
Psmc1	-11.063568	-7.60969
Nrde2	-13.31705	-9.863172
Calm1	-8.492577	-5.038699
Gm10432	-15.396492	-11.942614
Ttc7b	-12.573131	-9.119252
Rps6ka5	-13.754264	-10.300385
Dglucy	-14.143728	-10.68985
Ccdc88c	-13.661891	-10.208013
Ppp4r3a	-12.204644	-8.750766
D130020L05Rik	-14.415663	-10.961784
Tc2n	-15.108809	-11.654931
Fbln5	-9.163716	-5.7098384
Trip11	-10.946028	-7.49215
Atxn3	-12.968743	-9.514865
Ndufb1-ps	-9.33659	-5.882712
Cpsf2	-12.088385	-8.634506
Gm16339	-17.188251	-13.734373
Slc24a4	-14.885666	-11.4317875
Rin3	-13.162899	-9.709021
Lgmn	-11.398291	-7.9444127
Golga5	-12.2682705	-8.814392
Itpk1	-12.61354	-9.159661
Moap1	-16.089638	-12.63576
Tmem251	-12.710915	-9.257036
Ubr7	-12.573131	-9.119252
Btbd7	-10.892985	-7.4391074
Gm47167	-17.188251	-13.734373
Unc79	-17.188251	-13.734373
Prima1	-16.495104	-13.041225
Asb2	-11.978765	-8.524886
Otub2	-14.549193	-11.095315
Ddx24	-10.655917	-7.2020392
Ifi27	-9.942596	-6.4887185
Ifi27l2a	-10.957769	-7.5038915
Ifi27l2b	-17.188251	-13.734373
Ppp4r4	-16.089638	-12.63576
Serpina9	-17.188251	-13.734373
Serpina3b	-17.188251	-13.734373
Serpina3c	-14.703344	-11.249466
Serpina3m	-16.495104	-13.041225
Serpina3n	-12.023465	-8.569587
Gsc	-14.6233015	-11.169423
Gm10000	-17.188251	-13.734373
Dicer1	-11.822275	-8.368397
Clmn	-13.632903	-10.179025
Gm28875	-13.577333	-10.123455
Syne3	-14.097209	-10.643331
Snhg10	-14.6233015	-11.169423
Glrx5	-11.549896	-8.096018
D430019H16Rik	-14.703344	-11.249466
Bdkrb2	-14.355038	-10.901159
Bdkrb1	-14.991027	-11.537148
Atg2b	-13.31705	-9.863172
Gskip	-12.583081	-9.129203
Papola	-11.103751	-7.6498733
Vrk1	-13.450582	-9.996703
Gm46378	-17.188251	-13.734373
Setd3	-11.35344	-7.8995624
Ccnk	-12.998596	-9.544718
Ccdc85c	-15.108809	-11.654931
Hhipl1	-13.892414	-10.438536
Cyp46a1	-15.801957	-12.348079
Eml1	-11.42306	-7.9691825
Evl	-13.577333	-10.123455
Degs2	-16.089638	-12.63576
Yy1	-11.1648035	-7.7109256
Slc25a29	-13.296431	-9.842552
Slc25a47	-14.243813	-10.789934
Wars	-12.583081	-9.129203
Wdr25	-14.790356	-11.336477
Begain	-16.495104	-13.041225
Dlk1	-15.108809	-11.654931
Meg3	-9.675087	-6.2212095
Rtl1	-17.188251	-13.734373
Rian	-11.497891	-8.044013
B830012L14Rik	-13.856047	-10.402168
Mirg	-13.450582	-9.996703
Dio3os	-17.188251	-13.734373
Ppp2r5c	-11.304929	-7.851051
Gm19605	-14.885666	-11.4317875
B930059L03Rik	-15.578814	-12.124935
Dync1h1	-10.694497	-7.240619
Gm17111	-16.495104	-13.041225
Hsp90aa1	-9.008771	-5.554893
Wdr20	-13.217959	-9.764081
Mok	-16.495104	-13.041225
Gm26912	-15.801957	-12.348079
Zfp839	-13.632903	-10.179025
Cinp	-12.710915	-9.257036
Tecpr2	-14.143728	-10.68985
Ankrd9	-12.1512985	-8.69742
Rcor1	-12.082306	-8.6284275
Traf3	-12.857518	-9.40364
A230087F16Rik	-17.188251	-13.734373
Cdc42bpb	-11.9678955	-8.514017
Lbhd2	-14.991027	-11.537148
Exoc3l4	-14.991027	-11.537148
Tnfaip2	-13.820955	-10.367077
Gm266	-14.415663	-10.961784
Eif5	-10.349846	-6.895968
Mark3	-11.776605	-8.322726
Gm48286	-17.188251	-13.734373
Ckb	-9.721452	-6.267574
Trmt61a	-13.691744	-10.237865
Bag5	-11.905047	-8.451169
Apopt1	-11.508079	-8.0542
Klc1	-11.327465	-7.873587
Xrcc3	-16.089638	-12.63576
Zfyve21	-11.365205	-7.911327
Ppp1r13b	-12.925571	-9.471693
5033406O09Rik	-16.495104	-13.041225
Atp5mpl	-10.26758	-6.813702
Kif26a	-15.396492	-11.942614
A530016L24Rik	-15.578814	-12.124935
Inf2	-12.7223425	-9.268464
Adssl1	-13.35961	-9.905731
Siva1	-10.675021	-7.2211432
Akt1	-11.467939	-8.014061
Zbtb42	-14.355038	-10.901159
Cep170b	-12.61354	-9.159661
Pld4	-17.188251	-13.734373
Ahnak2	-10.578902	-7.1250243
Clba1	-14.480201	-11.026322
Cdca4	-13.691744	-10.237865
Jag2	-14.991027	-11.537148
Nudt14	-13.35961	-9.905731
Gm26583	-15.801957	-12.348079
Brf1	-12.806225	-9.352346
Btbd6	-12.884186	-9.430307
9230104M06Rik	-16.089638	-12.63576
Pacs2	-12.793802	-9.339924
Mta1	-12.320717	-8.866838
Crip2	-9.613692	-6.159815
Crip1	-7.8356295	-4.381752
Tedc1	-17.188251	-13.734373
Tmem121	-15.801957	-12.348079
Ighm	-15.108809	-11.654931
Zfp386	-13.077377	-9.623499
Vipr2	-12.939755	-9.485877
Wdr60	-12.417566	-8.963688
Gm48079	-17.188251	-13.734373
Esyt2	-10.414027	-6.9601493
D430020J02Rik	-15.578814	-12.124935
Ncapg2	-14.355038	-10.901159
Rapgef5	-12.076263	-8.622385
Cdca7l	-16.089638	-12.63576
Gm49602	-13.969376	-10.515497
Sp4	-13.077377	-9.623499
Itgb8	-13.093906	-9.640028
Tmem196	-15.801957	-12.348079
Gdi2	-10.47408	-7.020202
Tasor2	-12.688441	-9.234563
Asb13	-12.983559	-9.52968
Net1	-10.753704	-7.299826
Akr1c14	-13.632903	-10.179025
Gm47904	-17.188251	-13.734373
Akr1c18	-14.703344	-11.249466
Akr1c13	-15.242341	-11.788463
Akr1c19	-15.801957	-12.348079
Akr1c12	-17.188251	-13.734373
Akr1e1	-12.478721	-9.024842
1700016G22Rik	-17.188251	-13.734373
Klf6	-9.934781	-6.480903
Pitrm1	-12.376067	-8.922189
Pfkp	-11.167228	-7.71335
Wdr37	-13.029368	-9.57549
Idi1	-12.191039	-8.737161
Gtpbp4	-11.635291	-8.181413
Larp4b	-11.497891	-8.044013
Dip2c	-11.758905	-8.305027
Gm36423	-16.495104	-13.041225
Zmynd11	-11.067954	-7.614076
Gm47802	-16.089638	-12.63576
Chrm3	-15.801957	-12.348079
Gm47405	-17.188251	-13.734373
Ryr2	-12.644957	-9.191078
Mtr	-12.968743	-9.514865
Actn2	-13.892414	-10.438536
Heatr1	-13.276228	-9.82235
Lgals8	-11.8701315	-8.416253
Edaradd	-17.188251	-13.734373
Ero1lb	-13.691744	-10.237865
Gpr137b	-12.925571	-9.471693
Nid1	-10.507397	-7.053519
Gm48682	-16.495104	-13.041225
Lyst	-11.9678955	-8.514017
Gng4	-15.801957	-12.348079
B3galnt2	-12.040756	-8.586878
Tbce	-12.733904	-9.2800255
Ggps1	-11.865241	-8.411363
Arid4b	-10.892985	-7.4391074
Gm48027	-15.108809	-11.654931
Mrpl32	-11.812973	-8.359095
Psma2	-10.168955	-6.715077
AW209491	-13.093906	-9.640028
Gm6556	-17.188251	-13.734373
Gm26645	-15.801957	-12.348079
Gli3	-13.404061	-9.950183
A530046M15Rik	-15.396492	-11.942614
Inhba	-10.997935	-7.5440574
Sugct	-14.885666	-11.4317875
Mplkip	-12.211517	-8.757639
Cdk13	-11.930756	-8.476877
Rala	-11.285618	-7.83174
Yae1d1	-11.662798	-8.20892
Vps41	-11.930756	-8.476877
Amph	-17.188251	-13.734373
Stard3nl	-11.72442	-8.270541
Epdr1	-11.5252905	-8.071412
Sfrp4	-10.742531	-7.288653
Elmo1	-13.217959	-9.764081
Gm32036	-16.089638	-12.63576
Gm47664	-14.143728	-10.68985
Olfr1369-ps1	-14.6233015	-11.169423
Trim27	-12.409127	-8.955249
Zscan12	-13.930155	-10.476276
Zkscan3	-11.930756	-8.476877
Pgbd1	-15.801957	-12.348079
Zscan26	-12.119347	-8.665468
Nkapl	-14.991027	-11.537148
Zkscan4	-14.885666	-11.4317875
AK157302	-16.089638	-12.63576
Gm11273	-17.188251	-13.734373
Zkscan8	-13.577333	-10.123455
Olfr1364	-17.188251	-13.734373
Hist1h2bm	-17.188251	-13.734373
Hist1h1b	-17.188251	-13.734373
Hist1h3i	-17.188251	-13.734373
Hist1h4n	-16.495104	-13.041225
Hist1h2ap	-13.474679	-10.020801
Hist1h2br	-17.188251	-13.734373
Zfp184	-16.089638	-12.63576
Hist1h4i	-14.991027	-11.537148
Zfp322a	-12.336221	-8.882342
Abt1	-12.897792	-9.443913
C230035I16Rik	-15.578814	-12.124935
Gm46404	-14.480201	-11.026322
Hist1h4h	-12.781531	-9.327653
Hist1h3g	-17.188251	-13.734373
Hist1h2bh	-16.495104	-13.041225
Hist1h3f	-16.089638	-12.63576
Hist1h1d	-16.495104	-13.041225
Hist1h3e	-16.089638	-12.63576
Hist1h2ae	-16.089638	-12.63576
Hist1h2bg	-17.188251	-13.734373
Hist1h2bf	-17.188251	-13.734373
Hist1h2ad	-17.188251	-13.734373
Hist1h3d	-16.089638	-12.63576
Hist1h4d	-12.460863	-9.006985
Hist1h2be	-14.297879	-10.844001
Hist1h1e	-12.204644	-8.750766
Hist1h2ac	-14.480201	-11.026322
Hist1h2bc	-10.589742	-7.135864
Hist1h4c	-14.480201	-11.026322
Hfe	-12.460863	-9.006985
Hist1h1c	-11.865241	-8.411363
Hist1h2bb	-16.495104	-13.041225
Hist1h4a	-14.991027	-11.537148
Hist1h3a	-15.801957	-12.348079
Hist1h1a	-17.188251	-13.734373
Carmil1	-13.199267	-9.745389
Cmah	-12.884186	-9.430307
Gm11342	-16.089638	-12.63576
Ripor2	-15.578814	-12.124935
Gmnn	-14.143728	-10.68985
BC005537	-10.851425	-7.3975472
Acot13	-11.836393	-8.382515
Tdp2	-12.939755	-9.485877
4932702P03Rik	-17.188251	-13.734373
Aldh5a1	-14.243813	-10.789934
9330162012Rik	-15.108809	-11.654931
Gpld1	-13.296431	-9.842552
Mrs2	-12.831542	-9.377664
Gm11361	-17.188251	-13.734373
2610307P16Rik	-15.242341	-11.788463
Sox4	-11.855533	-8.401654
A330102I10Rik	-17.188251	-13.734373
Cdkal1	-13.029368	-9.57549
E2f3	-13.969376	-10.515497
Mboat1	-14.549193	-11.095315
Agtr1a	-15.396492	-11.942614
Uqcrfs1	-11.186836	-7.7329583
Dusp22	-13.029368	-9.57549
Irf4	-16.495104	-13.041225
Exoc2	-12.806225	-9.352346
Hus1b	-17.188251	-13.734373
Foxq1	-15.578814	-12.124935
1700018A04Rik	-17.188251	-13.734373
Foxf2	-17.188251	-13.734373
Gm11379	-17.188251	-13.734373
Foxc1	-10.913489	-7.4596114
Gmds	-12.54386	-9.089982
Mylk4	-10.191569	-6.7376914
D930007J09Rik	-16.089638	-12.63576
Wrnip1	-12.524812	-9.070933
Serpinb1a	-13.338103	-9.884225
Serpinb6b	-11.42306	-7.9691825
Serpinb9	-12.275597	-8.821718
Serpinb6c	-14.885666	-11.4317875
Serpinb6a	-9.850663	-6.3967853
1110046J04Rik	-13.077377	-9.623499
Nqo2	-12.793802	-9.339924
Ripk1	-12.006468	-8.552589
Bphl	-12.320717	-8.866838
Tubb2a	-11.052686	-7.598808
Tubb2b	-12.968743	-9.514865
Psmg4	-11.643074	-8.189196
Gm47127	-16.089638	-12.63576
Pxdc1	-11.304929	-7.851051
Prpf4b	-10.566845	-7.112967
Fam217a	-17.188251	-13.734373
Eci3	-15.396492	-11.942614
Gm16984	-17.188251	-13.734373
Eci2	-11.497891	-8.044013
Gm40910	-17.188251	-13.734373
Cdyl	-12.336221	-8.882342
Rpp40	-13.577333	-10.123455
Gm30127	-17.188251	-13.734373
Lyrm4	-13.061116	-9.607238
Fars2	-12.831542	-9.377664
Gm46409	-17.188251	-13.734373
Nrn1	-14.010198	-10.556319
Gm49144	-17.188251	-13.734373
F13a1	-15.396492	-11.942614
Gm4035	-17.188251	-13.734373
Rreb1	-13.045116	-9.591238
Ssr1	-10.946028	-7.49215
Cage1	-16.495104	-13.041225
Riok1	-12.313054	-8.859176
Dsp	-11.035519	-7.5816407
Snrnp48	-11.601003	-8.147124
Gm47990	-15.396492	-11.942614
Bmp6	-14.010198	-10.556319
Txndc5	-10.760146	-7.306268
Bloc1s5	-13.276228	-9.82235
Gm47400	-17.188251	-13.734373
Eef1e1	-12.9541445	-9.500266
Slc35b3	-13.276228	-9.82235
Tfap2a	-16.495104	-13.041225
Gcnt2	-12.040756	-8.586878
Gm31683	-16.495104	-13.041225
A730081D07Rik	-16.495104	-13.041225
Pak1ip1	-11.474518	-8.020639
Tmem14c	-10.737781	-7.2839026
Smim13	-12.3054495	-8.851571
Nedd9	-11.477824	-8.023946
Gm32401	-17.188251	-13.734373
Tmem170b	-13.577333	-10.123455
Gm10790	-17.188251	-13.734373
Gm28707	-16.495104	-13.041225
Hivep1	-11.822275	-8.368397
Edn1	-12.939755	-9.485877
Phactr1	-11.359305	-7.9054275
Gm15809	-15.801957	-12.348079
Tbc1d7	-13.077377	-9.623499
Gfod1	-13.404061	-9.950183
Sirt5	-13.338103	-9.884225
Nol7	-10.518753	-7.064875
Ranbp9	-12.351969	-8.89809
Mcur1	-11.508079	-8.0542
Rnf182	-14.6233015	-11.169423
Cd83	-16.495104	-13.041225
Jarid2	-12.593131	-9.139253
Dtnbp1	-11.720191	-8.266313
Mylip	-12.132006	-8.678127
Gmpr	-13.35961	-9.905731
Atxn1	-11.66679	-8.212912
5033430I15Rik	-14.143728	-10.68985
Stmnd1	-15.578814	-12.124935
Rbm24	-12.487771	-9.033893
Gm35110	-17.188251	-13.734373
Cap2	-11.841144	-8.387265
Fam8a1	-12.03496	-8.581081
Nup153	-12.409127	-8.955249
Kif13a	-11.754529	-8.300651
2010001K21Rik	-14.790356	-11.336477
Nhlrc1	-14.703344	-11.249466
Tpmt	-13.969376	-10.515497
Kdm1b	-13.754264	-10.300385
Dek	-10.212837	-6.7589593
Rnf144b	-13.969376	-10.515497
Id4	-11.3771105	-7.9232326
A330048O09Rik	-17.188251	-13.734373
Zfp169	-15.396492	-11.942614
A830005F24Rik	-17.188251	-13.734373
6720427I07Rik	-13.856047	-10.402168
Ptpdc1	-13.256426	-9.802547
Barx1	-16.089638	-12.63576
Phf2	-11.8701315	-8.416253
Fam120a	-11.37114	-7.9172616
Wnk2	-16.089638	-12.63576
Ninj1	-11.01655	-7.562672
Card19	-11.067954	-7.614076
Susd3	-17.188251	-13.734373
Bicd2	-11.715981	-8.262102
Ippk	-13.6047325	-10.150854
Cenpp	-15.396492	-11.942614
Tes3-ps	-17.188251	-13.734373
Ecm2	-10.187005	-6.733127
Aspn	-10.62722	-7.173342
Omd	-11.670798	-8.21692
Ogn	-8.536877	-5.0829988
Nol8	-12.603284	-9.1494055
Iars	-12.563278	-9.1094
Fbxw17	-13.110714	-9.656836
Spin1	-12.088385	-8.634506
Nxnl2	-15.396492	-11.942614
S1pr3	-14.243813	-10.789934
Cks2	-13.930155	-10.476276
Secisbp2	-12.911585	-9.457706
Sema4d	-15.396492	-11.942614
Gadd45g	-9.94331	-6.489432
Diras2	-14.790356	-11.336477
Syk	-14.355038	-10.901159
BB123696	-16.089638	-12.63576
Auh	-11.8701315	-8.416253
Nfil3	-11.72442	-8.270541
Ror2	-14.6233015	-11.169423
Sptlc1	-12.76941	-9.315532
Msx2	-14.415663	-10.961784
Drd1	-15.801957	-12.348079
Sfxn1	-11.338926	-7.8850484
Hrh2	-16.495104	-13.041225
Gm48623	-14.790356	-11.336477
Cplx2	-14.010198	-10.556319
Thoc3	-12.469752	-9.015874
Simc1	-13.892414	-10.438536
4833439L19Rik	-11.467939	-8.014061
Arl10	-13.381589	-9.927711
Nop16	-12.54386	-9.089982
Higd2a	-10.779722	-7.3258443
Cltb	-10.675021	-7.2211432
Faf2	-11.860375	-8.406497
Rnf44	-12.275597	-8.821718
Tspan17	-12.232424	-8.778545
Unc5a	-16.089638	-12.63576
Uimc1	-11.915252	-8.461373
Zfp346	-14.010198	-10.556319
Nsd1	-11.5114975	-8.057619
Rab24	-11.57148	-8.117601
Prelid1	-10.6328945	-7.1790166
Lman2	-11.269358	-7.8154798
Grk6	-12.757434	-9.3035555
Prr7	-13.892414	-10.438536
Dbn1	-11.776605	-8.322726
Pdlim7	-9.937615	-6.4837375
Dok3	-15.108809	-11.654931
Ddx41	-12.460863	-9.006985
Fam193b	-12.781531	-9.327653
Tmed9	-10.367144	-6.9132657
B4galt7	-13.787054	-10.333176
Caml	-12.100655	-8.646776
Ddx46	-11.593539	-8.139661
B230219D22Rik	-10.248997	-6.795119
Txndc15	-11.110609	-7.656731
Pcbd2	-11.4356785	-7.9818006
Catsper3	-16.495104	-13.041225
Pitx1	-17.188251	-13.734373
Gm47071	-17.188251	-13.734373
H2afy	-11.035519	-7.5816407
Tifab	-17.188251	-13.734373
Cxcl14	-14.192519	-10.738641
Fbxl21	-16.089638	-12.63576
Tgfbi	-9.885081	-6.4312034
Smad5	-12.211517	-8.757639
Klhl3	-17.188251	-13.734373
Hnrnpa0	-10.804745	-7.350867
Idnk	-11.946504	-8.492625
Ubqln1	-12.082306	-8.6284275
Gm48357	-16.089638	-12.63576
Gkap1	-11.136162	-7.682284
Kif27	-17.188251	-13.734373
2210016F16Rik	-11.879983	-8.426105
Hnrnpk	-10.040691	-6.5868134
Rmi1	-13.276228	-9.82235
Ntrk2	-11.845917	-8.392038
Gm47423	-17.188251	-13.734373
Gm34788	-16.495104	-13.041225
Agtpbp1	-12.006468	-8.552589
Naa35	-12.191039	-8.737161
Golm1	-13.969376	-10.515497
Isca1	-12.496903	-9.043025
Etohd2	-16.495104	-13.041225
Tut7	-11.593539	-8.139661
Gm34961	-15.242341	-11.788463
Gas1	-10.003622	-6.549744
Gm48488	-17.188251	-13.734373
Gm35333	-17.188251	-13.734373
Dapk1	-12.138395	-8.684517
Ctla2b	-15.242341	-11.788463
Ctla2a	-12.644957	-9.191078
Zfp808	-15.242341	-11.788463
Gm19792	-16.495104	-13.041225
Gm3604	-15.108809	-11.654931
Gm49359	-13.722515	-10.268637
Zfp934	-14.097209	-10.643331
6720489N17Rik	-14.415663	-10.961784
Platr25	-13.632903	-10.179025
Gm5141	-14.415663	-10.961784
Aopep	-10.248997	-6.795119
Fancc	-12.968743	-9.514865
Gm16133	-14.297879	-10.844001
Gm16132	-17.188251	-13.734373
Ptch1	-11.875045	-8.421166
Gm30655	-17.188251	-13.734373
Ercc6l2	-12.623903	-9.170025
Gm47424	-16.495104	-13.041225
Slc35d2	-14.192519	-10.738641
Zfp367	-12.781531	-9.327653
Habp4	-12.359938	-8.906059
Cdc14b	-13.450582	-9.996703
1810034E14Rik	-14.703344	-11.249466
Prxl2c	-11.145618	-7.6917405
Gm47003	-17.188251	-13.734373
Ctsl	-8.819094	-5.3652163
Gm47123	-15.108809	-11.654931
Cdk20	-14.143728	-10.68985
Mfsd14b	-12.351969	-8.89809
Gm36445	-17.188251	-13.734373
Gm10775	-16.495104	-13.041225
Zfp369	-13.577333	-10.123455
Uqcrb	-9.5563345	-6.1024566
Gm10767	-17.188251	-13.734373
Mterf3	-12.61354	-9.159661
Ptdss1	-12.3679695	-8.914091
4933433G19Rik	-17.188251	-13.734373
Zfp712	-14.703344	-11.249466
Gm46440	-16.089638	-12.63576
Gm28557	-14.297879	-10.844001
Zfp759	-15.396492	-11.942614
Rsl1	-14.885666	-11.4317875
Zfp455	-16.495104	-13.041225
Zfp458	-14.790356	-11.336477
F630042J09Rik	-17.188251	-13.734373
Zfp457	-17.188251	-13.734373
Gm48824	-17.188251	-13.734373
Zfp595	-13.754264	-10.300385
Zfp456	-15.801957	-12.348079
Zfp429	-15.396492	-11.942614
Zfp874a	-13.820955	-10.367077
Zfp874b	-14.143728	-10.68985
Gm48899	-17.188251	-13.734373
Zfp58	-14.010198	-10.556319
Zfp87	-12.733904	-9.2800255
Zfp748	-14.243813	-10.789934
9430065F17Rik	-14.991027	-11.537148
Zfp729b	-13.52469	-10.070811
Zfp729a	-13.820955	-10.367077
Zfp738	-13.256426	-9.802547
Zfp65	-13.787054	-10.333176
Zfp85os	-16.089638	-12.63576
Zfp85	-15.108809	-11.654931
Zfp493	-15.108809	-11.654931
4930525G20Rik	-15.801957	-12.348079
Zfp273	-15.396492	-11.942614
Gm10037	-14.991027	-11.537148
Mtrr	-14.052757	-10.598879
Fastkd3	-14.243813	-10.789934
1700001L19Rik	-15.801957	-12.348079
Adcy2	-14.790356	-11.336477
Tent4a	-12.275597	-8.821718
Nsun2	-12.655652	-9.201774
A530095I07Rik	-14.415663	-10.961784
Srd5a1	-14.010198	-10.556319
Gm17108	-17.188251	-13.734373
Ube2ql1	-15.801957	-12.348079
Med10	-11.737212	-8.283334
Ice1	-12.417566	-8.963688
Adamts16	-17.188251	-13.734373
Irx1	-17.188251	-13.734373
Gm20554	-15.801957	-12.348079
Irx2	-14.991027	-11.537148
Ndufs6	-10.420908	-6.96703
Mrpl36	-11.256006	-7.8021283
Lpcat1	-12.968743	-9.514865
Clptm1l	-11.467939	-8.014061
Tert	-16.089638	-12.63576
Slc12a7	-14.010198	-10.556319
Nkd2	-13.577333	-10.123455
Trip13	-15.801957	-12.348079
Brd9	-11.131467	-7.677589
Gm15912	-14.6233015	-11.169423
Tppp	-14.052757	-10.598879
Cep72	-17.188251	-13.734373
Exoc3	-11.410599	-7.956721
Pdcd6	-11.061382	-7.6075044
Sdha	-11.145618	-7.6917405
Ccdc127	-11.5252905	-8.071412
Lrrc14b	-15.578814	-12.124935
Zfp72	-14.243813	-10.789934
Ftl1-ps1	-13.35961	-9.905731
E430024I08Rik	-14.415663	-10.961784
Zfp825	-14.297879	-10.844001
Gm47467	-16.089638	-12.63576
Gm47469	-14.885666	-11.4317875
Gm46430	-13.474679	-10.020801
Erap1	-12.38423	-8.930351
Cast	-10.373708	-6.91983
Ell2	-12.218438	-8.76456
Gm48302	-15.242341	-11.788463
Glrx	-12.733904	-9.2800255
Rhobtb3	-12.040756	-8.586878
Rfesd	-13.045116	-9.591238
Gpr150	-16.089638	-12.63576
Arsk	-12.417566	-8.963688
Ttc37	-12.434661	-8.9807825
Mctp1	-16.495104	-13.041225
Slf1	-13.199267	-9.745389
2210408I21Rik	-13.52469	-10.070811
Fam172a	-11.884946	-8.431067
Pou5f2	-14.6233015	-11.169423
Gm38604	-17.188251	-13.734373
Nr2f1	-13.013864	-9.559985
A830082K12Rik	-13.969376	-10.515497
Gm31946	-17.188251	-13.734373
Arrdc3	-11.497891	-8.044013
5430425K12Rik	-17.188251	-13.734373
9330111N05Rik	-17.188251	-13.734373
Adgrv1	-16.495104	-13.041225
Lysmd3	-11.915252	-8.461373
Polr3g	-16.089638	-12.63576
Mblac2	-13.6047325	-10.150854
Gm17259	-15.108809	-11.654931
Cetn3	-10.557568	-7.1036897
Mef2c	-10.000594	-6.546716
Tmem161b	-13.199267	-9.745389
Ccnh	-12.017767	-8.563889
Rasa1	-11.703454	-8.249576
Cox7c	-8.626275	-5.1723976
Edil3	-17.188251	-13.734373
Hapln1	-13.930155	-10.476276
Vcan	-10.655917	-7.2020392
Gm4117	-12.925571	-9.471693
Xrcc4	-12.666463	-9.2125845
Tmem167	-10.717451	-7.263573
Atp6ap1l	-14.143728	-10.68985
Rps23	-8.064668	-4.61079
Atg10	-12.7456	-9.291721
Ssbp2	-11.250715	-7.7968373
4833422C13Rik	-15.801957	-12.348079
Zcchc9	-11.327465	-7.873587
Rasgrf2	-14.297879	-10.844001
Msh3	-13.276228	-9.82235
Dhfr	-14.010198	-10.556319
Fam151b	-14.549193	-11.095315
Zfyve16	-12.563278	-9.1094
Serinc5	-12.870763	-9.416884
Thbs4	-16.089638	-12.63576
Mtx3	-14.010198	-10.556319
Cmya5	-13.52469	-10.070811
Tent2	-12.666463	-9.2125845
Homer1	-13.35961	-9.905731
Jmy	-11.973315	-8.519437
Gm47210	-16.495104	-13.041225
Arsb	-12.496903	-9.043025
Lhfpl2	-13.162899	-9.709021
Scamp1	-12.376067	-8.922189
Gm9776	-14.885666	-11.4317875
Ap3b1	-11.941227	-8.487349
Tbca	-10.0873995	-6.6335216
Wdr41	-13.296431	-9.842552
Gm48420	-16.495104	-13.041225
Zbed3	-12.573131	-9.119252
Aggf1	-12.320717	-8.866838
F2rl1	-15.801957	-12.348079
F2r	-11.930756	-8.476877
Iqgap2	-14.097209	-10.643331
Sv2c	-16.495104	-13.041225
Gm20075	-15.801957	-12.348079
Poc5	-13.35961	-9.905731
Polk	-12.925571	-9.471693
Col4a3bp	-12.094501	-8.640622
Hmgcr	-12.644957	-9.191078
Gcnt4	-15.801957	-12.348079
Gm6169	-15.578814	-12.124935
Nsa2	-9.745758	-6.29188
Gfm2	-14.052757	-10.598879
Hexb	-10.816639	-7.362761
Enc1	-12.968743	-9.514865
Gm2379	-17.188251	-13.734373
Gm26619	-15.801957	-12.348079
Gm10260	-14.703344	-11.249466
Arhgef28	-13.162899	-9.709021
Utp15	-13.381589	-9.927711
Ankra2	-11.794623	-8.340745
Gm21976	-17.188251	-13.734373
Btf3	-9.577893	-6.1240153
Gm9828	-15.396492	-11.942614
Foxd1	-13.110714	-9.656836
Gm10320	-15.801957	-12.348079
Gm48050	-17.188251	-13.734373
Fcho2	-11.310515	-7.8566375
D130062J10Rik	-15.801957	-12.348079
Tnpo1	-11.879983	-8.426105
Zfp366	-15.801957	-12.348079
Ptcd2	-12.884186	-9.430307
Mrps27	-13.35961	-9.905731
6430562O15Rik	-14.480201	-11.026322
Map1b	-9.003458	-5.5495806
Gm26559	-15.108809	-11.654931
Mccc2	-13.180918	-9.727039
Bdp1	-11.686993	-8.233114
Serf1	-11.553461	-8.099583
Smn1	-12.119347	-8.665468
Naip2	-17.188251	-13.734373
Gtf2h2	-13.450582	-9.996703
Ocln	-17.188251	-13.734373
Rad17	-12.392461	-8.938582
Ak6	-11.850713	-8.396834
Ccdc125	-16.089638	-12.63576
Cdk7	-12.2682705	-8.814392
Mrps36	-11.124466	-7.670588
Ccnb1	-17.188251	-13.734373
Slc30a5	-12.275597	-8.821718
Gm29502	-15.801957	-12.348079
4932411K12Rik	-17.188251	-13.734373
Pik3r1	-10.5721855	-7.1183076
Mast4	-11.110609	-7.656731
Srek1	-11.553461	-8.099583
Erbin	-11.772151	-8.318273
Nln	-13.296431	-9.842552
Sgtb	-14.991027	-11.537148
Trappc13	-12.2537775	-8.799899
Shld3	-15.242341	-11.788463
Trim23	-13.381589	-9.927711
Ppwd1	-12.553522	-9.099644
Cenpk	-15.801957	-12.348079
Adamts6	-13.52469	-10.070811
Cwc27	-12.688441	-9.234563
Srek1ip1	-12.170971	-8.7170925
Rgs7bp	-11.002043	-7.548165
4933425L06Rik	-17.188251	-13.734373
Ipo11	-13.31705	-9.863172
Dimt1	-12.666463	-9.2125845
Kif2a	-11.935978	-8.4821
3830408C21Rik	-16.495104	-13.041225
AI197445	-17.188251	-13.734373
Zswim6	-12.573131	-9.119252
Ndufaf2	-11.542804	-8.088925
Smim15	-11.586132	-8.132254
Ercc8	-14.355038	-10.901159
Elovl7	-17.188251	-13.734373
Gm2822	-17.188251	-13.734373
Pde4d	-13.256426	-9.802547
Rab3c	-17.188251	-13.734373
Plk2	-13.029368	-9.57549
Gpbp1	-11.608521	-8.154643
Mier3	-12.290411	-8.836533
Map3k1	-12.7456	-9.291721
Gm15327	-16.089638	-12.63576
Ankrd55	-16.089638	-12.63576
Il6st	-10.609	-7.1551223
Il31ra	-15.396492	-11.942614
Slc38a9	-12.983559	-9.52968
Plpp1	-10.851425	-7.3975472
Mtrex	-12.058352	-8.604474
Dhx29	-12.644957	-9.191078
Ccno	-14.885666	-11.4317875
Gpx8	-10.349846	-6.895968
Esm1	-13.450582	-9.996703
BC067074	-14.991027	-11.537148
Gm34471	-14.991027	-11.537148
Snx18	-10.837365	-7.383487
Arl15	-13.404061	-9.950183
Ndufs4	-11.131467	-7.677589
Fst	-11.407508	-7.95363
Gm47040	-17.188251	-13.734373
4930544M13Rik	-17.188251	-13.734373
Mocs2	-11.612302	-8.158423
Itga2	-14.885666	-11.4317875
Itga1	-10.541861	-7.0879827
Pelo	-12.76941	-9.315532
Gm10734	-15.578814	-12.124935
Isl1	-14.143728	-10.68985
Parp8	-12.9541445	-9.500266
Emb	-11.504671	-8.050793
Mrps30	-12.573131	-9.119252
Fgf10	-15.242341	-11.788463
Nnt	-14.885666	-11.4317875
Paip1	-12.125656	-8.671778
4833420G17Rik	-12.40076	-8.946881
3110070M22Rik	-14.143728	-10.68985
Tmem267	-14.143728	-10.68985
Ccl28	-17.188251	-13.734373
Hmgcs1	-11.808353	-8.354475
Nim1k	-13.550665	-10.0967865
Gm41077	-17.188251	-13.734373
Zfp131	-11.894946	-8.441068
Gm3248	-17.188251	-13.734373
Gm3468	-17.188251	-13.734373
Gm3636	-15.801957	-12.348079
Gm16741	-17.188251	-13.734373
Flnb	-12.023465	-8.569587
Abhd6	-13.31705	-9.863172
Rpp14	-12.857518	-9.40364
Pxk	-12.3054495	-8.851571
Pdhb	-11.822275	-8.368397
Kctd6	-13.256426	-9.802547
Fam107a	-13.35961	-9.905731
Fhit	-15.578814	-12.124935
Ptprg	-12.336221	-8.882342
3830406C13Rik	-11.845917	-8.392038
D030051J21Rik	-16.089638	-12.63576
Gm11100	-17.188251	-13.734373
Thoc7	-10.47408	-7.020202
Atxn7	-12.320717	-8.866838
Psmd6	-11.167228	-7.71335
Il3ra	-13.127808	-9.673929
Slc4a7	-11.790089	-8.33621
Lrrc3b	-17.188251	-13.734373
B230110C06Rik	-17.188251	-13.734373
Oxsm	-14.010198	-10.556319
Ngly1	-12.2682705	-8.814392
5430414B19Rik	-16.495104	-13.041225
Gm47798	-17.188251	-13.734373
Top2b	-10.995889	-7.542011
Rarb	-13.722515	-10.268637
Thrb	-11.578779	-8.124901
Nr1d2	-11.484468	-8.03059
Rpl15	-8.46828	-5.0144024
Nkiras1	-12.452053	-8.998175
Ube2e1	-11.619906	-8.166028
Ube2e2	-12.3054495	-8.851571
Gm2237	-15.578814	-12.124935
Nid2	-13.787054	-10.333176
Rtraf	-10.307867	-6.853989
Gng2	-14.052757	-10.598879
Saysd1	-11.973315	-8.519437
Kcnk5	-15.801957	-12.348079
Nudt13	-12.781531	-9.327653
Ecd	-12.925571	-9.471693
Fam149b	-12.336221	-8.882342
Dnajc9	-12.76941	-9.315532
Mrps16	-10.876516	-7.4226384
Anxa7	-10.963693	-7.5098147
Mss51	-14.6233015	-11.169423
Ppp3cb	-11.5114975	-8.057619
1810062O18Rik	-15.108809	-11.654931
Usp54	-12.884186	-9.430307
2810402E24Rik	-14.097209	-10.643331
Myoz1	-15.242341	-11.788463
Synpo2l	-13.969376	-10.515497
Sec24c	-12.170971	-8.7170925
6230400D17Rik	-14.790356	-11.336477
Fut11	-11.962504	-8.508626
Chchd1	-10.700567	-7.2466893
Zswim8	-11.9678955	-8.514017
Ndst2	-13.856047	-10.402168
Camk2g	-11.224671	-7.7707934
Gm30108	-15.108809	-11.654931
Plau	-15.242341	-11.788463
Vcl	-10.178843	-6.7249646
Ap3m1	-12.336221	-8.882342
Adk	-11.2119	-7.758022
Kat6b	-11.643074	-8.189196
Dupd1	-16.089638	-12.63576
Samd8	-12.818803	-9.364924
Vdac2	-10.375906	-6.922028
Comtd1	-12.884186	-9.430307
A430057M04Rik	-17.188251	-13.734373
Zfp503	-11.763301	-8.3094225
Lrmda	-14.549193	-11.095315
Gm47601	-17.188251	-13.734373
Kcnma1	-11.817613	-8.363734
Dlg5	-12.911585	-9.457706
Polr3a	-13.52469	-10.070811
Rps24	-7.678176	-4.2242985
Gm47906	-17.188251	-13.734373
Zmiz1os1	-16.089638	-12.63576
Gm26660	-15.396492	-11.942614
Zmiz1	-11.386133	-7.9322553
Gm47920	-17.188251	-13.734373
Ppif	-14.143728	-10.68985
Zcchc24	-11.189315	-7.735437
Anxa11	-10.881976	-7.428098
Plac9a	-15.578814	-12.124935
Tmem254a	-14.885666	-11.4317875
Gm9780	-15.108809	-11.654931
Tmem254c	-16.495104	-13.041225
Plac9b	-12.336221	-8.882342
Slmap	-9.915853	-6.4619746
Dennd6a	-11.845917	-8.392038
Arf4os	-16.495104	-13.041225
Arf4	-10.203535	-6.749657
Pde12	-13.127808	-9.673929
Appl1	-11.359305	-7.9054275
Il17rd	-13.256426	-9.802547
Arhgef3	-13.427051	-9.973172
Tasor	-11.662798	-8.20892
Ccdc66	-12.61354	-9.159661
Wnt5a	-11.209365	-7.755487
Gm2670	-17.188251	-13.734373
Cacna2d3	-14.355038	-10.901159
Selenok	-9.597904	-6.1440263
Actr8	-12.524812	-9.070933
Chdh	-16.495104	-13.041225
Cacna1d	-13.35961	-9.905731
Dcp1a	-13.296431	-9.842552
Tkt	-10.991807	-7.537929
Prkcd	-11.973315	-8.519437
Rft1	-13.474679	-10.020801
Sfmbt1	-12.939755	-9.485877
Stimate	-10.588381	-7.134503
Mustn1	-9.395902	-5.942024
Itih4	-11.256006	-7.8021283
Itih3	-14.6233015	-11.169423
Nek4	-13.856047	-10.402168
Spcs1	-10.094847	-6.640969
Glt8d1	-11.758905	-8.305027
Gnl3	-11.699313	-8.245435
Pbrm1	-10.499896	-7.046018
Smim4	-11.604754	-8.150876
Nt5dc2	-12.857518	-9.40364
Stab1	-12.884186	-9.430307
Nisch	-10.745711	-7.2918334
Tnnc1	-15.108809	-11.654931
Sema3g	-15.801957	-12.348079
Phf7	-13.856047	-10.402168
Bap1	-13.1452	-9.691321
Dnah1	-15.242341	-11.788463
Capn7	-12.655652	-9.201774
Sh3bp5	-12.857518	-9.40364
Mettl6	-12.781531	-9.327653
Eaf1	-13.338103	-9.884225
Hacl1	-13.217959	-9.764081
Btd	-12.197819	-8.74394
Ankrd28	-13.162899	-9.709021
4930425P05Rik	-15.242341	-11.788463
Galnt15	-11.889934	-8.436055
Dph3	-10.773154	-7.3192763
Oxnad1	-13.013864	-9.559985
Ncoa4	-11.879983	-8.426105
Timm23	-11.535762	-8.081883
Parg	-12.426077	-8.9721985
Gm46447	-15.578814	-12.124935
Gm48914	-16.089638	-12.63576
Ercc6	-14.010198	-10.556319
Prrxl1	-17.188251	-13.734373
3425401B19Rik	-14.703344	-11.249466
Vstm4	-12.634375	-9.180496
Wdfy4	-17.188251	-13.734373
Lrrc18	-17.188251	-13.734373
Arhgap22	-15.242341	-11.788463
Mapk8	-12.593131	-9.139253
Frmpd2	-17.188251	-13.734373
Ptpn20	-16.495104	-13.041225
Gdf10	-9.893194	-6.4393163
Gdf2	-17.188251	-13.734373
Anxa8	-13.969376	-10.515497
Gm30556	-15.801957	-12.348079
Npy4r	-17.188251	-13.734373
Gprin2	-14.790356	-11.336477
Syt15	-13.404061	-9.950183
Gm49201	-16.495104	-13.041225
Shld2	-14.052757	-10.598879
Glud1	-10.7505	-7.296622
Fam25c	-14.991027	-11.537148
Sncg	-11.860375	-8.406497
Mmrn2	-13.577333	-10.123455
Bmpr1a	-10.54316	-7.0892825
Gm17110	-17.188251	-13.734373
9230112D13Rik	-17.188251	-13.734373
Ldb3	-11.616097	-8.162219
Gm49025	-17.188251	-13.734373
5830448L01Rik	-15.242341	-11.788463
Wapl	-11.429349	-7.975471
Gm49032	-16.495104	-13.041225
Ccser2	-10.497409	-7.043531
Cdhr1	-16.089638	-12.63576
2610528A11Rik	-17.188251	-13.734373
Ghitm	-11.189315	-7.735437
Tspan14	-14.143728	-10.68985
Prxl2a	-13.661891	-10.208013
Dydc2	-17.188251	-13.734373
Gm47547	-16.089638	-12.63576
Gm49083	-17.188251	-13.734373
AC160336.1	-14.052757	-10.598879
Ptger2	-16.089638	-12.63576
Txndc16	-12.573131	-9.119252
Gpr137c	-14.355038	-10.901159
Ero1l	-12.260998	-8.807119
Psmc6	-10.81835	-7.364472
Styx	-13.577333	-10.123455
Gnpnat1	-12.478721	-9.024842
Fermt2	-9.589851	-6.135974
Gm49123	-16.495104	-13.041225
Ddhd1	-13.499372	-10.045493
Bmp4	-11.398291	-7.9444127
Gm15222	-15.578814	-12.124935
Cdkn3	-16.089638	-12.63576
Cnih1	-11.41993	-7.9660525
Gm48933	-15.242341	-11.788463
Gmfb	-12.119347	-8.665468
Cgrrf1	-11.951809	-8.497931
Gm48949	-15.801957	-12.348079
Gm34934	-13.930155	-10.476276
Samd4	-10.120079	-6.666201
2810457G06Rik	-14.480201	-11.026322
Gm15562	-17.188251	-13.734373
Gm10371	-16.089638	-12.63576
Gch1	-14.991027	-11.537148
Wdhd1	-15.396492	-11.942614
Socs4	-12.197819	-8.74394
Mapk1ip1l	-12.197819	-8.74394
Lgals3	-12.012101	-8.558223
Fbxo34	-12.857518	-9.40364
Atg14	-13.276228	-9.82235
Ktn1	-10.386968	-6.9330897
Peli2	-11.808353	-8.354475
Tmem260	-13.237007	-9.783129
Gm49519	-16.495104	-13.041225
Exoc5	-12.070257	-8.616379
Ap5m1	-13.1452	-9.691321
Naa30	-13.199267	-9.745389
Armh4	-11.946504	-8.492625
Ttc5	-12.515422	-9.061543
Ccnb1ip1	-14.549193	-11.095315
Parp2	-12.351969	-8.89809
Tep1	-12.968743	-9.514865
Gm26782	-12.2682705	-8.814392
Klhl33	-14.703344	-11.249466
Osgep	-11.521825	-8.067946
Apex1	-12.806225	-9.352346
Pip4p1	-12.177616	-8.723738
Pnp	-11.3303175	-7.8764396
Pnp2	-14.097209	-10.643331
Rnase4	-10.00135	-6.5474725
Ang	-12.496903	-9.043025
Mettl17	-13.52469	-10.070811
Slc39a2	-16.495104	-13.041225
Ndrg2	-10.549684	-7.0958056
Arhgef40	-11.72442	-8.270541
Zfp219	-12.857518	-9.40364
Tmem253	-16.495104	-13.041225
Gm49086	-17.188251	-13.734373
Gm49256	-17.188251	-13.734373
Hnrnpc	-10.830409	-7.376531
Rpgrip1	-13.427051	-9.973172
Supt16	-11.557039	-8.103161
Gm26590	-17.188251	-13.734373
Chd8	-11.707612	-8.253734
Rab2b	-12.275597	-8.821718
Tox4	-11.860375	-8.406497
Mettl3	-13.237007	-9.783129
Sall2	-13.969376	-10.515497
Dad1	-9.7858	-6.331922
Abhd4	-12.460863	-9.006985
Gm43305	-14.549193	-11.095315
Oxa1l	-12.666463	-9.2125845
Slc7a7	-14.097209	-10.643331
Mrpl52	-10.028182	-6.574304
Mmp14	-11.905047	-8.451169
Lrp10	-11.3161335	-7.8622556
Prmt5	-12.76941	-9.315532
Haus4	-14.355038	-10.901159
Ajuba	-14.703344	-11.249466
4931414P19Rik	-15.242341	-11.788463
Psmb5	-10.203535	-6.749657
Psmb11	-17.188251	-13.734373
Cdh24	-16.495104	-13.041225
Acin1	-10.786334	-7.332456
1700123O20Rik	-12.023465	-8.569587
Slc7a8	-15.801957	-12.348079
Homez	-14.703344	-11.249466
Ppp1r3e	-14.703344	-11.249466
Bcl2l2	-12.487771	-9.033893
Pabpn1	-10.883802	-7.4299245
Slc22a17	-12.884186	-9.430307
Efs	-12.655652	-9.201774
Myh6	-17.188251	-13.734373
Ngdn	-12.282976	-8.829098
Zfhx2	-13.892414	-10.438536
Thtpa	-13.691744	-10.237865
Ap1g2	-15.108809	-11.654931
Jph4	-14.790356	-11.336477
Dhrs4	-12.006468	-8.552589
Carmil3	-15.396492	-11.942614
Nrl	-17.188251	-13.734373
Pck2	-12.119347	-8.665468
Dcaf11	-12.029196	-8.575317
Fitm1	-16.089638	-12.63576
Psme1	-10.801372	-7.3474936
Emc9	-12.094501	-8.640622
Psme2	-10.85675	-7.4028716
Rnf31	-13.722515	-10.268637
Irf9	-13.162899	-9.709021
Ipo4	-12.2682705	-8.814392
Tm9sf1	-12.017767	-8.563889
Gm49747	-17.188251	-13.734373
Mdp1	-12.170971	-8.7170925
Nedd8	-9.778509	-6.324631
Gmpr2	-12.392461	-8.938582
Tinf2	-13.930155	-10.476276
Rabggta	-13.577333	-10.123455
Dhrs1	-11.767716	-8.313838
Nop9	-13.217959	-9.764081
Adcy4	-13.6047325	-10.150854
Ripk3	-15.108809	-11.654931
Nfatc4	-12.939755	-9.485877
Nynrin	-12.9541445	-9.500266
Khnyn	-13.045116	-9.591238
Sdr39u1	-12.496903	-9.043025
Cma1	-17.188251	-13.734373
Rnf17	-17.188251	-13.734373
Cenpj	-13.892414	-10.438536
Parp4	-12.54386	-9.089982
Mphosph8	-11.4262	-7.972322
Gm16973	-15.578814	-12.124935
Pspc1	-12.870763	-9.416884
Zmym5	-11.794623	-8.340745
2410022M11Rik	-13.6047325	-10.150854
Zmym2	-12.232424	-8.778545
Cryl1	-12.634375	-9.180496
Ift88	-13.256426	-9.802547
Il17d	-12.870763	-9.416884
Eef1akmt1	-12.157813	-8.703935
Xpo4	-12.7223425	-9.268464
Lats2	-11.383116	-7.929238
Sap18	-10.825223	-7.371345
Mrpl57	-11.131467	-7.677589
Zdhhc20	-11.860375	-8.406497
Micu2	-12.563278	-9.1094
Fgf9	-14.480201	-11.026322
Rcbtb1	-13.338103	-9.884225
Phf11b	-15.242341	-11.788463
Phf11d	-13.127808	-9.673929
Phf11c	-16.495104	-13.041225
Setdb2	-14.192519	-10.738641
Cab39l	-12.113077	-8.659199
Cdadc1	-12.1512985	-8.69742
Shisa2	-14.415663	-10.961784
Atp8a2	-14.991027	-11.537148
Gm49336	-12.844445	-9.390567
Mtmr6	-11.946504	-8.492625
Spata13	-13.6047325	-10.150854
C1qtnf9	-15.242341	-11.788463
Mipep	-13.217959	-9.764081
Tnfrsf19	-16.089638	-12.63576
Sacs	-11.946504	-8.492625
Sgcg	-10.789656	-7.3357778
Ebpl	-11.750172	-8.296293
Kpna3	-12.106847	-8.652968
Spryd7	-12.38423	-8.930351
Trim13	-14.480201	-11.026322
Dleu2	-11.695189	-8.241311
Gm27010	-15.396492	-11.942614
Rnaseh2b	-12.583081	-9.129203
Fam124a	-12.336221	-8.882342
Ints6	-12.290411	-8.836533
Wdfy2	-12.688441	-9.234563
Defb42	-16.495104	-13.041225
Ctsb	-9.433769	-5.979892
Fdft1	-12.634375	-9.180496
Neil2	-17.188251	-13.734373
Gata4	-17.188251	-13.734373
Fam167a	-15.396492	-11.942614
Mtmr9	-13.093906	-9.640028
Xkr6	-15.108809	-11.654931
Pinx1	-12.7456	-9.291721
Sox7	-14.885666	-11.4317875
Gm17116	-17.188251	-13.734373
9630015K15Rik	-15.242341	-11.788463
Msra	-12.170971	-8.7170925
Kif13b	-12.2682705	-8.814392
Hmbox1	-12.688441	-9.234563
Ints9	-13.199267	-9.745389
Extl3	-12.452053	-8.998175
Fzd3	-14.052757	-10.598879
Fbxo16	-16.495104	-13.041225
Zfp395	-12.644957	-9.191078
Elp3	-12.939755	-9.485877
Scara5	-10.975645	-7.521767
Esco2	-17.188251	-13.734373
Ccdc25	-12.012101	-8.558223
Scara3	-11.214441	-7.7605634
Clu	-9.13341	-5.679533
Ephx2	-14.010198	-10.556319
Ptk2b	-14.703344	-11.249466
1700001G11Rik	-15.578814	-12.124935
Trim35	-11.767716	-8.313838
Stmn4	-14.549193	-11.095315
Adra1a	-15.396492	-11.942614
Dpysl2	-10.944084	-7.4902062
Bnip3l	-10.641465	-7.1875873
Ppp2r2a	-11.4356785	-7.9818006
Ebf2	-12.524812	-9.070933
Cdca2	-17.188251	-13.734373
Kctd9	-13.127808	-9.673929
Gnrh1	-16.089638	-12.63576
Dock5	-12.983559	-9.52968
Nefm	-17.188251	-13.734373
Adam28	-17.188251	-13.734373
Stc1	-13.338103	-9.884225
Nkx3-1	-13.820955	-10.367077
Slc25a37	-13.31705	-9.863172
Gm16677	-17.188251	-13.734373
Gm16867	-14.790356	-11.336477
Loxl2	-11.860375	-8.406497
R3hcc1	-12.563278	-9.1094
Chmp7	-12.563278	-9.1094
Tnfrsf10b	-13.754264	-10.300385
Rhobtb2	-13.180918	-9.727039
Egr3	-13.077377	-9.623499
Bin3	-13.381589	-9.927711
Ccar2	-13.550665	-10.0967865
9930012K11Rik	-15.242341	-11.788463
Pdlim2	-10.281496	-6.827618
Sorbs3	-12.593131	-9.139253
Gm49417	-15.801957	-12.348079
Ppp3cc	-13.691744	-10.237865
Slc39a14	-12.313054	-8.859176
Piwil2	-16.089638	-12.63576
Polr3d	-12.443319	-8.989441
Bmp1	-10.965674	-7.5117965
Lgi3	-14.052757	-10.598879
Reep4	-13.127808	-9.673929
Hr	-12.7223425	-9.268464
Nudt18	-12.359938	-8.906059
Fam160b2	-12.710915	-9.257036
Dmtn	-13.856047	-10.402168
Xpo7	-12.478721	-9.024842
Dok2	-17.188251	-13.734373
Gfra2	-12.677392	-9.223514
Fndc3a	-11.442048	-7.98817
Rcbtb2	-12.409127	-8.955249
Rb1	-12.897792	-9.443913
Lpar6	-14.480201	-11.026322
Itm2b	-8.225091	-4.771213
Med4	-12.351969	-8.89809
Nudt15	-16.495104	-13.041225
Sucla2	-11.557039	-8.103161
Gm49164	-17.188251	-13.734373
Htr2a	-14.010198	-10.556319
Esd	-10.402663	-6.9487853
Lrch1	-12.897792	-9.443913
Lcp1	-17.188251	-13.734373
Zc3h13	-10.981675	-7.527797
Cog3	-12.998596	-9.544718
Slc25a30	-13.550665	-10.0967865
Gm4285	-14.885666	-11.4317875
Tpt1	-7.6063466	-4.152469
Gtf2f2	-13.550665	-10.0967865
Kctd4	-17.188251	-13.734373
Gpalpp1	-12.939755	-9.485877
Nufip1	-13.1452	-9.691321
Tsc22d1	-10.151223	-6.6973453
Serp2	-13.856047	-10.402168
1700108F19Rik	-16.495104	-13.041225
Lacc1	-14.790356	-11.336477
Ccdc122	-15.578814	-12.124935
Enox1	-15.801957	-12.348079
Dnajc15	-11.941227	-8.487349
Epsti1	-17.188251	-13.734373
Akap11	-11.767716	-8.313838
Dgkh	-12.634375	-9.180496
Vwa8	-13.296431	-9.842552
Rgcc	-12.634375	-9.180496
Naa16	-12.426077	-8.9721985
Mtrf1	-14.297879	-10.844001
Kbtbd7	-13.381589	-9.927711
Wbp4	-11.085692	-7.6318145
Elf1	-11.386133	-7.9322553
Sugt1	-10.896682	-7.442804
Cnmd	-17.188251	-13.734373
Pcdh17	-15.108809	-11.654931
Gm32913	-17.188251	-13.734373
Diaph3	-15.396492	-11.942614
Tdrd3	-12.392461	-8.938582
Pcdh20	-15.801957	-12.348079
Pcdh9	-13.256426	-9.802547
Dach1	-14.885666	-11.4317875
Rpl36a-ps1	-13.969376	-10.515497
Mzt1	-12.793802	-9.339924
Bora	-15.242341	-11.788463
Dis3	-13.013864	-9.559985
Pibf1	-12.699615	-9.245736
Klf5	-13.276228	-9.82235
Klf12	-13.276228	-9.82235
Gm41231	-16.495104	-13.041225
Tbc1d4	-14.052757	-10.598879
Commd6	-11.42306	-7.9691825
Uchl3	-12.460863	-9.006985
Gm9922	-15.801957	-12.348079
Lmo7	-13.550665	-10.0967865
Kctd12	-12.000865	-8.546987
Cln5	-12.573131	-9.119252
Fbxl3	-11.623731	-8.169852
Mycbp2	-10.847892	-7.394014
Scel	-17.188251	-13.734373
Ednrb	-14.991027	-11.537148
Rnf219	-13.077377	-9.623499
Rbm26	-11.635291	-8.181413
Gm17066	-13.6047325	-10.150854
Ndfip2	-12.076263	-8.622385
9330188P03Rik	-16.089638	-12.63576
Gm10076	-8.2281685	-4.7742906
Spry2	-12.443319	-8.989441
Gm36107	-17.188251	-13.734373
Slitrk6	-14.991027	-11.537148
Slitrk5	-17.188251	-13.734373
Tpm3-rs7	-15.578814	-12.124935
Mir17hg	-16.495104	-13.041225
Gpc6	-11.054853	-7.6009755
Tgds	-13.31705	-9.863172
Gpr180	-12.029196	-8.575317
Abcc4	-15.108809	-11.654931
Cldn10	-13.045116	-9.591238
Dzip1	-13.296431	-9.842552
Gm49179	-15.801957	-12.348079
Dnajc3	-10.0718565	-6.6179786
Gm49768	-15.242341	-11.788463
Uggt2	-12.818803	-9.364924
Gm16835	-16.089638	-12.63576
Mbnl2	-10.021985	-6.568107
Rap2a	-11.817613	-8.363734
Ipo5	-12.006468	-8.552589
Farp1	-13.199267	-9.745389
B930095G15Rik	-14.549193	-11.095315
Stk24	-11.8701315	-8.416253
Dock9	-11.957143	-8.503264
1810041H14Rik	-16.089638	-12.63576
Ubac2	-12.54386	-9.089982
Gpr183	-16.495104	-13.041225
A330035P11Rik	-17.188251	-13.734373
Tm9sf2	-10.720552	-7.2666745
Clybl	-12.3679695	-8.914091
Pcca	-12.781531	-9.327653
Ggact	-13.787054	-10.333176
4930594M22Rik	-17.188251	-13.734373
Tmtc4	-14.143728	-10.68985
4930594M22Rik-1	-17.188251	-13.734373
Nalcn	-12.710915	-9.257036
Itgbl1	-9.97522	-6.521342
Fgf14	-16.495104	-13.041225
Gm28932	-16.089638	-12.63576
1700024B18Rik	-15.801957	-12.348079
Selenop	-9.314653	-5.8607755
Ccdc152	-14.097209	-10.643331
Ghr	-11.616097	-8.162219
Fbxo4	-12.553522	-9.099644
AW549877	-11.951809	-8.497931
BC037032	-14.415663	-10.961784
Oxct1	-9.60297	-6.149092
Plcxd3	-13.013864	-9.559985
C6	-17.188251	-13.734373
C7	-11.56063	-8.106751
Card6	-14.355038	-10.901159
Rpl37	-7.512417	-4.0585394
Prkaa1	-12.644957	-9.191078
Ttc33	-12.38423	-8.930351
Ptger4	-13.930155	-10.476276
Dab2	-11.699313	-8.245435
Fyb	-13.381589	-9.927711
Rictor	-12.177616	-8.723738
Osmr	-12.1512985	-8.69742
Lifr	-11.836393	-8.382515
Egflam	-13.199267	-9.745389
Gm49207	-17.188251	-13.734373
Gdnf	-15.801957	-12.348079
Wdr70	-12.017767	-8.563889
Nup155	-13.199267	-9.745389
Cplane1	-12.496903	-9.043025
Nipbl	-10.677993	-7.224115
Gm31282	-17.188251	-13.734373
Slc1a3	-13.550665	-10.0967865
Nadk2	-13.577333	-10.123455
Skp2	-14.480201	-11.026322
Lmbrd2	-12.757434	-9.3035555
Capsl	-16.089638	-12.63576
Prlr	-15.108809	-11.654931
Dnajc21	-11.535762	-8.081883
Brix1	-12.164371	-8.710492
Rad1	-12.870763	-9.416884
Rai14	-13.722515	-10.268637
4930556M19Rik	-15.396492	-11.942614
C1qtnf3	-13.499372	-10.045493
Amacr	-13.499372	-10.045493
Rxfp3	-17.188251	-13.734373
Adamts12	-13.499372	-10.045493
Tars	-11.905047	-8.451169
Npr3	-12.757434	-9.3035555
Gm5144	-15.242341	-11.788463
Sub1	-10.459622	-7.0057445
Zfr	-10.837365	-7.383487
Mtmr12	-13.35961	-9.905731
Golph3	-11.575123	-8.121244
Pdzd2	-12.478721	-9.024842
6030458C11Rik	-13.180918	-9.727039
Drosha	-12.677392	-9.223514
Cdh6	-11.8701315	-8.416253
Cdh12	-14.6233015	-11.169423
Cdh18	-14.703344	-11.249466
Basp1	-13.450582	-9.996703
Myo10	-12.9541445	-9.500266
Retreg1	-14.243813	-10.789934
Zfp622	-12.392461	-8.938582
Fbxl7	-12.733904	-9.2800255
Ank	-11.737212	-8.283334
Otulin	-12.052453	-8.598575
Trio	-11.214441	-7.7605634
Dnah5	-15.801957	-12.348079
Ctnnd2	-16.089638	-12.63576
Dap	-10.508652	-7.054774
Ankrd33b	-15.396492	-11.942614
Ropn1l	-15.108809	-11.654931
March6	-12.052453	-8.598575
Cmbl	-13.787054	-10.333176
Cct5	-10.62722	-7.173342
Atpsckmt	-12.623903	-9.170025
Snhg18	-9.401284	-5.9474063
Sema5a	-11.099206	-7.645328
Gm32618	-13.856047	-10.402168
Sdc2	-10.625807	-7.171929
Cpq	-10.255803	-6.801925
Tspyl5	-13.754264	-10.300385
Mtdh	-9.8024	-6.3485217
Laptm4b	-11.785574	-8.331696
Matn2	-11.206837	-7.752959
Rpl30	-7.882509	-4.428632
Rida	-13.217959	-9.764081
Pop1	-14.143728	-10.68985
Nipal2	-13.013864	-9.559985
4930413F20Rik	-15.242341	-11.788463
Stk3	-12.125656	-8.671778
Osr2	-14.243813	-10.789934
Gm48960	-17.188251	-13.734373
Vps13b	-12.634375	-9.180496
Cox6c	-8.75357	-5.299692
Polr2k	-10.853197	-7.399319
Spag1	-15.801957	-12.348079
Rnf19a	-11.686993	-8.233114
Gm34093	-17.188251	-13.734373
Ankrd46	-12.2682705	-8.814392
Pabpc1	-10.132076	-6.6781983
Ywhaz	-9.978171	-6.5242934
Gm34590	-17.188251	-13.734373
Zfp706	-10.728347	-7.274469
Ncald	-12.232424	-8.778545
Gm15940	-17.188251	-13.734373
Rrm2b	-12.184305	-8.730427
Gm49085	-15.578814	-12.124935
Ubr5	-11.374121	-7.920243
Gm49312	-16.495104	-13.041225
Gm35167	-16.495104	-13.041225
Gm49313	-16.495104	-13.041225
Klf10	-12.03496	-8.581081
Gm35248	-16.495104	-13.041225
Azin1	-11.658822	-8.204944
Gm49077	-15.801957	-12.348079
Atp6v1c1	-12.132006	-8.678127
Gm45924	-17.188251	-13.734373
Baalc	-15.578814	-12.124935
Gm26704	-17.188251	-13.734373
Fzd6	-13.661891	-10.208013
Gm49786	-16.495104	-13.041225
Cthrc1	-14.143728	-10.68985
Slc25a32	-12.603284	-9.1494055
Dcaf13	-12.655652	-9.201774
Lrp12	-13.427051	-9.973172
Zfpm2	-12.218438	-8.76456
Oxr1	-11.865241	-8.411363
Abra	-12.100655	-8.646776
Angpt1	-13.787054	-10.333176
Rspo2	-15.396492	-11.942614
Eif3e	-10.320276	-6.8663983
Gm10373	-17.188251	-13.734373
Emc2	-11.336048	-7.88217
Nudcd1	-13.31705	-9.863172
Eny2	-10.92105	-7.467172
Pkhd1l1	-13.892414	-10.438536
Ebag9	-12.757434	-9.3035555
Sybu	-16.089638	-12.63576
Trps1	-12.03496	-8.581081
Eif3h	-9.951192	-6.497314
Utp23	-13.029368	-9.57549
Rad21	-11.635291	-8.181413
Aard	-15.578814	-12.124935
Med30	-12.012101	-8.558223
Ext1	-10.92676	-7.472882
Samd12	-15.108809	-11.654931
Tnfrsf11b	-11.772151	-8.318273
Ccn3	-9.512705	-6.058827
Enpp2	-12.925571	-9.471693
Gm26684	-16.089638	-12.63576
Taf2	-12.806225	-9.352346
Gm9920	-16.089638	-12.63576
Deptor	-12.417566	-8.963688
Col14a1	-9.391782	-5.937904
Gm49257	-16.089638	-12.63576
Mrpl13	-11.272049	-7.818171
Mtbp	-14.143728	-10.68985
Sntb1	-12.781531	-9.327653
Has2	-15.108809	-11.654931
Has2os	-14.549193	-11.095315
Zhx2	-12.757434	-9.3035555
Gm16006	-17.188251	-13.734373
Derl1	-11.159972	-7.7060943
Tbc1d31	-14.885666	-11.4317875
Fam83a	-17.188251	-13.734373
9130401M01Rik	-12.246609	-8.79273
Gm29394	-17.188251	-13.734373
Zhx1	-11.989754	-8.535875
Atad2	-12.884186	-9.430307
Wdyhv1	-13.6047325	-10.150854
Fbxo32	-11.039783	-7.5859046
Klhl38	-15.396492	-11.942614
Anxa13	-17.188251	-13.734373
Fam91a1	-12.197819	-8.74394
Gm20712	-13.856047	-10.402168
Tmem65	-11.341812	-7.887934
Trmt12	-13.969376	-10.515497
Rnf139	-12.583081	-9.129203
Tatdn1	-12.76941	-9.315532
Ndufb9	-9.555366	-6.1014876
Mtss1	-11.772151	-8.318273
Sqle	-12.793802	-9.339924
Washc5	-12.593131	-9.139253
Nsmce2	-12.232424	-8.778545
Trib1	-13.029368	-9.57549
Lratd2	-14.6233015	-11.169423
9930014A18Rik	-14.885666	-11.4317875
Myc	-14.010198	-10.556319
Pvt1	-15.396492	-11.942614
Gsdmc4	-17.188251	-13.734373
Fam49b	-12.9541445	-9.500266
Asap1	-11.293848	-7.83997
Efr3a	-11.024937	-7.5710588
Kcnq3	-14.143728	-10.68985
Tmem71	-14.415663	-10.961784
Phf20l1	-11.196787	-7.742909
Tg	-15.578814	-12.124935
Ccn4	-12.831542	-9.377664
Ndrg1	-11.157566	-7.703688
Gm17035	-17.188251	-13.734373
St3gal1	-12.857518	-9.40364
Zfat	-14.991027	-11.537148
Gm26621	-14.885666	-11.4317875
Khdrbs3	-11.951809	-8.497931
Gm49422	-17.188251	-13.734373
Fam135b	-16.495104	-13.041225
Col22a1	-16.495104	-13.041225
Trappc9	-12.553522	-9.099644
Peg13	-12.012101	-8.558223
Chrac1	-11.094682	-7.640804
Ago2	-11.293848	-7.83997
Ptk2	-12.344064	-8.890185
Gm49066	-14.703344	-11.249466
Dennd3	-14.143728	-10.68985
Slc45a4	-13.237007	-9.783129
Gpr20	-16.495104	-13.041225
Ptp4a3	-11.413699	-7.959821
Mroh5	-17.188251	-13.734373
Gm6569	-16.089638	-12.63576
Adgrb1	-17.188251	-13.734373
Arc	-14.192519	-10.738641
Jrk	-15.578814	-12.124935
4933427E11Rik	-16.495104	-13.041225
Them6	-14.010198	-10.556319
Slurp1	-16.495104	-13.041225
Lypd2	-15.108809	-11.654931
Lynx1	-12.138395	-8.684517
Ly6k	-15.242341	-11.788463
Ly6e	-11.094682	-7.640804
Ly6a	-9.664769	-6.2108917
Ly6c1	-10.944084	-7.4902062
Gpihbp1	-12.710915	-9.257036
Zfp41	-14.355038	-10.901159
Top1mt	-14.192519	-10.738641
Mafa	-15.108809	-11.654931
Zc3h3	-13.969376	-10.515497
Gsdmd	-13.296431	-9.842552
Naprt	-13.256426	-9.802547
Eef1d	-9.73759	-6.283712
Tigd5	-14.355038	-10.901159
Pycrl	-12.688441	-9.234563
Tsta3	-12.553522	-9.099644
Zfp623	-13.787054	-10.333176
Zfp707	-12.844445	-9.390567
Ccdc166	-15.242341	-11.788463
Mapk15	-17.188251	-13.734373
Scrib	-12.925571	-9.471693
Puf60	-11.3771105	-7.9232326
Nrbp2	-12.359938	-8.906059
Eppk1	-14.415663	-10.961784
Plec	-10.731482	-7.2776036
Parp10	-14.243813	-10.789934
Grina	-10.989773	-7.535895
Smpd5	-15.801957	-12.348079
Oplah	-13.296431	-9.842552
Exosc4	-11.754529	-8.300651
Gpaa1	-12.426077	-8.9721985
Cyc1	-10.876516	-7.4226384
Sharpin	-12.336221	-8.882342
Maf1	-11.477824	-8.023946
Gm35339	-15.396492	-11.942614
Hgh1	-14.052757	-10.598879
Mroh1	-12.870763	-9.416884
Bop1	-12.781531	-9.327653
Scx	-12.757434	-9.3035555
Hsf1	-12.443319	-8.989441
Dgat1	-13.013864	-9.559985
Fbxl6	-12.781531	-9.327653
Slc52a2	-13.577333	-10.123455
Adck5	-13.632903	-10.179025
Cpsf1	-13.199267	-9.745389
Slc39a4	-17.188251	-13.734373
Vps28	-10.59795	-7.144072
Tonsl	-17.188251	-13.734373
Cyhr1	-11.002043	-7.548165
Kifc2	-14.790356	-11.336477
Ppp1r16a	-13.217959	-9.764081
Gpt	-15.242341	-11.788463
Mfsd3	-13.820955	-10.367077
Recql4	-17.188251	-13.734373
Lrrc14	-12.806225	-9.352346
Lrrc24	-16.089638	-12.63576
C030006K11Rik	-13.093906	-9.640028
Arhgap39	-13.856047	-10.402168
Zfp251	-12.9541445	-9.500266
Zfp7	-15.578814	-12.124935
Commd5	-16.495104	-13.041225
Rpl8	-8.292758	-4.8388805
Zfp647	-14.885666	-11.4317875
1110038F14Rik	-11.553461	-8.099583
Mb	-17.188251	-13.734373
Apol6	-13.474679	-10.020801
Rbfox2	-10.971645	-7.5177674
Apol7a	-16.495104	-13.041225
Apol9a	-15.578814	-12.124935
Apol10b	-16.495104	-13.041225
Apol11b	-16.495104	-13.041225
Apol9b	-16.495104	-13.041225
Apol8	-15.801957	-12.348079
Myh9	-10.840862	-7.3869843
Txn2	-11.126794	-7.672916
Foxred2	-15.801957	-12.348079
Eif3d	-11.174536	-7.720658
Ift27	-11.413699	-7.959821
Csf2rb2	-17.188251	-13.734373
Csf2rb	-16.495104	-13.041225
Tst	-12.793802	-9.339924
Mpst	-12.204644	-8.750766
Kctd17	-11.850713	-8.396834
Tmprss6	-17.188251	-13.734373
Il2rb	-16.089638	-12.63576
C1qtnf6	-11.860375	-8.406497
Gm49490	-16.495104	-13.041225
Gm36738	-14.549193	-11.095315
Mfng	-15.801957	-12.348079
Card10	-13.632903	-10.179025
Cdc42ep1	-12.968743	-9.514865
Lgals2	-17.188251	-13.734373
Gga1	-12.2682705	-8.814392
Sh3bp1	-13.661891	-10.208013
Pdxp	-16.089638	-12.63576
Lgals1	-7.811972	-4.3580947
Nol12	-12.184305	-8.730427
Triobp	-11.879983	-8.426105
Gm17753	-17.188251	-13.734373
H1f0	-11.359305	-7.9054275
Gcat	-12.757434	-9.3035555
Ankrd54	-12.818803	-9.364924
Eif3l	-11.191799	-7.737921
Micall1	-12.634375	-9.180496
1700088E04Rik	-14.790356	-11.336477
Polr2f	-10.4668255	-7.0129476
Sox10	-16.089638	-12.63576
Gm10863	-17.188251	-13.734373
Pick1	-13.127808	-9.673929
Slc16a8	-17.188251	-13.734373
Baiap2l2	-17.188251	-13.734373
Pla2g6	-14.297879	-10.844001
Maff	-12.583081	-9.129203
Tmem184b	-11.957143	-8.503264
Csnk1e	-11.451679	-7.9978013
Kcnj4	-16.089638	-12.63576
Kdelr3	-11.131467	-7.677589
Ddx17	-10.967661	-7.513783
Dmc1	-15.396492	-11.942614
Fam227a	-16.495104	-13.041225
Cby1	-12.184305	-8.730427
Tomm22	-10.905984	-7.452106
Josd1	-12.677392	-9.223514
Gtpbp1	-13.061116	-9.607238
Sun2	-11.138517	-7.6846395
Gm16576	-14.790356	-11.336477
Dnal4	-12.344064	-8.890185
Nptxr	-12.677392	-9.223514
Cbx6	-10.965674	-7.5117965
Gm10856	-17.188251	-13.734373
Apobec3	-13.499372	-10.045493
Cbx7	-12.593131	-9.139253
Pdgfb	-14.243813	-10.789934
Rpl3	-8.627041	-5.173163
Syngr1	-17.188251	-13.734373
Tab1	-14.192519	-10.738641
Mgat3	-14.991027	-11.537148
Mief1	-13.162899	-9.709021
Atf4	-10.573525	-7.1196475
Rps19bp1	-11.728665	-8.274787
Tnrc6b	-10.889302	-7.4354243
Adsl	-12.417566	-8.963688
Sgsm3	-13.6047325	-10.150854
Mrtfa	-12.818803	-9.364924
8430426J06Rik	-17.188251	-13.734373
Slc25a17	-11.841144	-8.387265
St13	-10.076739	-6.6228614
Xpnpep3	-13.787054	-10.333176
Gm17025	-15.801957	-12.348079
Rbx1	-9.986335	-6.532457
Ep300	-11.772151	-8.318273
L3mbtl2	-13.892414	-10.438536
Chadl	-13.162899	-9.709021
Rangap1	-12.61354	-9.159661
Zc3h7b	-12.076263	-8.622385
Tef	-11.293848	-7.83997
Tob2	-10.783023	-7.329145
Phf5a	-11.266672	-7.812794
Aco2	-11.115207	-7.661329
Polr3h	-13.1452	-9.691321
Csdc2	-12.806225	-9.352346
Pmm1	-11.136162	-7.682284
Xrcc6	-13.013864	-9.559985
Desi1	-12.844445	-9.390567
Snu13	-10.64434	-7.1904616
Ccdc134	-13.450582	-9.996703
Srebf2	-11.491158	-8.037279
Cenpm	-16.089638	-12.63576
Naga	-12.417566	-8.963688
Pheta2	-14.297879	-10.844001
Smdt1	-9.540464	-6.086587
Ndufa6	-9.885081	-6.4312034
Cyp2d22	-12.968743	-9.514865
Cyp2d9	-17.188251	-13.734373
Tcf20	-12.7223425	-9.268464
Gm20324	-15.578814	-12.124935
Serhl	-12.818803	-9.364924
Rrp7a	-12.3054495	-8.851571
Poldip3	-12.138395	-8.684517
Cyb5r3	-9.504848	-6.0509696
Gm49463	-14.355038	-10.901159
A4galt	-12.831542	-9.377664
Arfgap3	-11.984244	-8.530366
1700001L05Rik	-15.801957	-12.348079
Pacsin2	-11.451679	-7.9978013
Ttll1	-13.199267	-9.745389
Bik	-12.170971	-8.7170925
Mcat	-13.6047325	-10.150854
Tspo	-9.32768	-5.873802
Ttll12	-14.097209	-10.643331
Sult4a1	-17.188251	-13.734373
Samm50	-11.616097	-8.162219
Parvb	-15.396492	-11.942614
Shisal1	-15.578814	-12.124935
Rtl6	-14.790356	-11.336477
Prr5	-13.820955	-10.367077
Arhgap8	-16.495104	-13.041225
Phf21b	-16.089638	-12.63576
Gm29666	-15.578814	-12.124935
Nup50	-12.7223425	-9.268464
5031439G07Rik	-12.897792	-9.443913
Fam118a	-12.781531	-9.327653
Gm19277	-17.188251	-13.734373
Fbln1	-9.554881	-6.1010036
Atxn10	-11.356369	-7.902491
Wnt7b	-17.188251	-13.734373
Gm49539	-14.480201	-11.026322
Lncppara	-14.010198	-10.556319
Ppara	-14.6233015	-11.169423
Cdpf1	-12.225407	-8.771528
Ttc38	-13.499372	-10.045493
Gtse1	-16.495104	-13.041225
Trmu	-13.856047	-10.402168
Celsr1	-15.578814	-12.124935
Gramd4	-14.243813	-10.789934
Gm15722	-17.188251	-13.734373
Cerk	-12.2682705	-8.814392
Tbc1d22a	-13.474679	-10.020801
A930001M01Rik	-15.801957	-12.348079
Tafa5	-12.998596	-9.544718
Brd1	-12.012101	-8.558223
Zbed4	-14.549193	-11.095315
Alg12	-13.661891	-10.208013
Creld2	-11.737212	-8.283334
Pim3	-12.460863	-9.006985
1810021B22Rik	-14.885666	-11.4317875
Trabd	-12.7223425	-9.268464
Selenoo	-12.655652	-9.201774
Tubgcp6	-14.143728	-10.68985
Hdac10	-14.192519	-10.738641
Mapk12	-13.52469	-10.070811
Mapk11	-16.495104	-13.041225
Plxnb2	-11.553461	-8.099583
Dennd6b	-15.396492	-11.942614
Ppp6r2	-12.7456	-9.291721
Sbf1	-12.666463	-9.2125845
Lmf2	-11.984244	-8.530366
Ncaph2	-12.144826	-8.690948
Sco2	-12.831542	-9.377664
Odf3b	-17.188251	-13.734373
Cpt1b	-15.108809	-11.654931
Chkb	-12.515422	-9.061543
C730034F03Rik	-14.297879	-10.844001
Arsa	-12.409127	-8.955249
C230037L18Rik	-15.578814	-12.124935
AC137513.1	-16.495104	-13.041225
Shank3	-14.549193	-11.095315
Acr	-17.188251	-13.734373
Rabl2	-13.577333	-10.123455
Alg10b	-12.644957	-9.191078
Cpne8	-12.164371	-8.710492
Kif21a	-15.242341	-11.788463
Abcd2	-15.396492	-11.942614
Slc2a13	-13.427051	-9.973172
Lrrk2	-12.925571	-9.471693
Muc19	-16.495104	-13.041225
Cntn1	-16.089638	-12.63576
Gm26760	-15.801957	-12.348079
Pdzrn4	-13.237007	-9.783129
Gxylt1	-12.623903	-9.170025
Yaf2	-11.678863	-8.224984
Zcrb1	-10.43715	-6.983272
Pphln1	-12.925571	-9.471693
Prickle1	-12.496903	-9.043025
Adamts20	-16.495104	-13.041225
Pus7l	-14.790356	-11.336477
Irak4	-13.276228	-9.82235
Twf1	-11.299373	-7.8454947
Tmem117	-14.355038	-10.901159
Nell2	-16.495104	-13.041225
A130051J06Rik	-15.242341	-11.788463
Ano6	-11.224671	-7.7707934
2610037D02Rik	-13.296431	-9.842552
4833422M21Rik	-17.188251	-13.734373
Arid2	-12.040756	-8.586878
Scaf11	-10.862102	-7.4082236
Slc38a1	-12.573131	-9.119252
Slc38a2	-9.525783	-6.071905
Slc38a4	-13.969376	-10.515497
Gm32885	-17.188251	-13.734373
Amigo2	-13.093906	-9.640028
Pced1b	-14.415663	-10.961784
Rpap3	-12.3054495	-8.851571
Endou	-14.703344	-11.249466
Rapgef3	-13.691744	-10.237865
Rapgef3os2	-16.495104	-13.041225
Slc48a1	-10.787993	-7.3341155
Hdac7	-12.017767	-8.563889
Vdr	-16.495104	-13.041225
Tmem106c	-13.1452	-9.691321
Senp1	-12.7223425	-9.268464
Pfkm	-12.184305	-8.730427
Gm26513	-17.188251	-13.734373
Asb8	-12.7456	-9.291721
Zfp641	-14.052757	-10.598879
Kansl2	-12.583081	-9.129203
Ccnt1	-11.72442	-8.270541
9330020H09Rik	-14.192519	-10.738641
Adcy6	-12.553522	-9.099644
Cacnb3	-12.634375	-9.180496
Ddx23	-12.655652	-9.201774
Rnd1	-13.577333	-10.123455
Ccdc65	-16.089638	-12.63576
Fkbp11	-12.218438	-8.76456
Arf3	-11.855533	-8.401654
Wnt10b	-14.010198	-10.556319
B130046B21Rik	-17.188251	-13.734373
Prkag1	-11.910136	-8.456258
Kmt2d	-12.496903	-9.043025
5730414N17Rik	-15.396492	-11.942614
Rhebl1	-14.097209	-10.643331
Dhh	-15.242341	-11.788463
Lmbr1l	-13.820955	-10.367077
Tuba1b	-10.416316	-6.962438
Gm41396	-17.188251	-13.734373
Tuba1a	-9.686065	-6.232187
4930578M01Rik	-14.480201	-11.026322
Tuba1c	-12.211517	-8.757639
Prph	-17.188251	-13.734373
Troap	-17.188251	-13.734373
Spats2	-12.870763	-9.416884
Mcrs1	-12.023465	-8.569587
1700120C14Rik	-12.9541445	-9.500266
Prpf40b	-12.870763	-9.416884
Fmnl3	-12.336221	-8.882342
Tmbim6	-10.445371	-6.9914927
Nckap5l	-14.143728	-10.68985
Gm49484	-17.188251	-13.734373
Bcdin3d	-13.427051	-9.973172
Faim2	-14.703344	-11.249466
Aqp2	-14.480201	-11.026322
Aqp5	-14.991027	-11.537148
Racgap1	-17.188251	-13.734373
Smarcd1	-12.320717	-8.866838
Gm16537	-15.801957	-12.348079
Gpd1	-15.396492	-11.942614
Cox14	-10.776433	-7.322555
Cers5	-11.808353	-8.354475
Lima1	-11.1648035	-7.7109256
Gm17057	-17.188251	-13.734373
Gm49494	-16.089638	-12.63576
Gm21917	-14.415663	-10.961784
Larp4	-11.6829195	-8.229041
2310068J16Rik	-14.991027	-11.537148
Dip2b	-12.3679695	-8.914091
Atf1	-11.978765	-8.524886
Tmprss12	-16.495104	-13.041225
Mettl7a1	-11.501276	-8.047398
Mettl7a3	-17.188251	-13.734373
Slc11a2	-13.256426	-9.802547
Gm5475	-16.495104	-13.041225
5330439K02Rik	-16.495104	-13.041225
Letmd1	-13.077377	-9.623499
Csrnp2	-14.790356	-11.336477
Tfcp2	-13.338103	-9.884225
Pou6f1	-13.296431	-9.842552
Gm49492	-15.578814	-12.124935
1110013H19Rik	-16.089638	-12.63576
C330013E15Rik	-14.480201	-11.026322
Dazap2	-11.174536	-7.720658
Smagp	-14.297879	-10.844001
Cela1	-14.6233015	-11.169423
Galnt6	-14.355038	-10.901159
Slc4a8	-14.297879	-10.844001
Fignl2	-15.801957	-12.348079
Acvrl1	-11.194289	-7.7404113
Acvr1b	-13.31705	-9.863172
A330009N23Rik	-14.790356	-11.336477
AU021063	-17.188251	-13.734373
Grasp	-12.998596	-9.544718
Nr4a1	-9.927026	-6.473148
Atg101	-12.573131	-9.119252
Smim41	-13.632903	-10.179025
Gm35853	-17.188251	-13.734373
Krt80	-13.856047	-10.402168
Krt7	-13.722515	-10.268637
Krt4	-17.188251	-13.734373
Krt79	-15.578814	-12.124935
Krt8	-14.243813	-10.789934
Krt18	-13.256426	-9.802547
Eif4b	-11.157566	-7.703688
Tns2	-10.867483	-7.413605
Spryd3	-12.434661	-8.9807825
Igfbp6	-9.090824	-5.6369467
Soat2	-17.188251	-13.734373
Csad	-11.699313	-8.245435
Zfp740	-12.515422	-9.061543
Rarg	-12.2537775	-8.799899
Mfsd5	-12.3054495	-8.851571
Gm49479	-16.089638	-12.63576
Espl1	-15.801957	-12.348079
Pfdn5	-8.992089	-5.538212
Myg1	-12.100655	-8.646776
Aaas	-13.722515	-10.268637
Sp1	-11.612302	-8.158423
Amhr2	-17.188251	-13.734373
Prr13	-11.850713	-8.396834
Pcbp2	-9.996821	-6.5429435
Map3k12	-12.998596	-9.544718
Tarbp2	-12.757434	-9.3035555
Npff	-15.396492	-11.942614
Atf7	-11.894946	-8.441068
Gm4544	-16.495104	-13.041225
Atp5g2	-9.537606	-6.0837283
Calcoco1	-11.707612	-8.253734
Hoxc11	-16.089638	-12.63576
Hoxc10	-12.870763	-9.416884
Hoxc5	-15.801957	-12.348079
Hoxc9	-13.6047325	-10.150854
Hoxc8	-13.110714	-9.656836
Hoxc6	-13.237007	-9.783129
Hoxc4	-14.480201	-11.026322
D930007P13Rik	-16.495104	-13.041225
Smug1	-13.632903	-10.179025
Cbx5	-10.752101	-7.298223
Hnrnpa1	-10.883802	-7.4299245
Copz1	-11.905047	-8.451169
Gpr84	-16.495104	-13.041225
Zfp385a	-12.3054495	-8.851571
Itga5	-11.229826	-7.775948
Nckap1l	-17.188251	-13.734373
Pde1b	-16.089638	-12.63576
Ppp1r1a	-13.820955	-10.367077
Zfp263	-13.276228	-9.82235
Zfp174	-16.089638	-12.63576
Zfp597	-13.31705	-9.863172
Naa60	-12.144826	-8.690948
1700037C18Rik	-14.885666	-11.4317875
Cluap1	-12.426077	-8.9721985
Nlrc3	-15.801957	-12.348079
Slx4	-13.969376	-10.515497
Gm15879	-15.801957	-12.348079
Trap1	-12.313054	-8.859176
Crebbp	-11.067954	-7.614076
Adcy9	-12.757434	-9.3035555
Srl	-14.480201	-11.026322
Tfap4	-14.991027	-11.537148
Glis2	-11.925561	-8.471683
Pam16	-11.442048	-7.98817
Coro7	-13.787054	-10.333176
Vasn	-10.62722	-7.173342
Dnaja3	-12.781531	-9.327653
Nmral1	-13.450582	-9.996703
Hmox2	-11.865241	-8.411363
Cdip1	-12.478721	-9.024842
Ubald1	-13.110714	-9.656836
Mgrn1	-11.995295	-8.541416
Gm16861	-15.242341	-11.788463
Nudt16l1	-12.376067	-8.922189
Anks3	-12.688441	-9.234563
Smim22	-16.089638	-12.63576
Rogdi	-12.939755	-9.485877
Glyr1	-11.831665	-8.377787
Ubn1	-11.586132	-8.132254
Ppl	-12.478721	-9.024842
Nagpa	-12.417566	-8.963688
AU021092	-14.052757	-10.598879
Alg1	-12.434661	-8.9807825
Eef2kmt	-12.218438	-8.76456
Gm15983	-16.495104	-13.041225
Rbfox1	-16.495104	-13.041225
Mettl22	-13.856047	-10.402168
Abat	-12.2682705	-8.814392
Tmem186	-14.6233015	-11.169423
Pmm2	-12.733904	-9.2800255
Carhsp1	-11.831665	-8.377787
Usp7	-11.720191	-8.266313
1810013L24Rik	-12.239491	-8.785613
Rpl39l	-17.188251	-13.734373
Emp2	-10.708206	-7.2543283
Nubp1	-12.710915	-9.257036
Tvp23a	-14.703344	-11.249466
Dexi	-12.225407	-8.771528
Clec16a	-13.820955	-10.367077
Socs1	-12.831542	-9.377664
Prm3	-17.188251	-13.734373
Rmi2	-16.495104	-13.041225
Gm21859	-17.188251	-13.734373
Litaf	-12.297902	-8.844024
Snn	-14.010198	-10.556319
Txndc11	-12.320717	-8.866838
Zc3h7a	-11.995295	-8.541416
4930509G22Rik	-17.188251	-13.734373
Rsl1d1	-11.678863	-8.224984
2610020C07Rik	-15.396492	-11.942614
Gspt1	-11.162385	-7.708507
Snx29	-14.192519	-10.738641
4833415N18Rik	-14.415663	-10.961784
Cpped1	-12.710915	-9.257036
Shisa9	-15.801957	-12.348079
Ercc4	-13.499372	-10.045493
Mrtfb	-12.623903	-9.170025
Gm15738	-17.188251	-13.734373
Gm32817	-14.480201	-11.026322
2310015D24Rik	-14.097209	-10.643331
Parn	-12.733904	-9.2800255
Bfar	-11.597264	-8.143386
3110001I22Rik	-14.991027	-11.537148
Rrn3	-13.061116	-9.607238
Ntan1	-10.940208	-7.4863305
Pdxdc1	-11.432508	-7.9786305
Mpv17l	-12.998596	-9.544718
Bmerb1	-17.188251	-13.734373
Marf1	-11.894946	-8.441068
Nde1	-12.939755	-9.485877
Myh11	-7.665804	-4.2119265
Fopnl	-12.260998	-8.807119
Abcc1	-11.535762	-8.081883
Snai2	-12.925571	-9.471693
Ube2v2	-11.404426	-7.9505477
Mcm4	-13.127808	-9.673929
Prkdc	-13.110714	-9.656836
Mzt2	-12.297902	-8.844024
Cebpd	-9.833889	-6.380011
Spidr	-13.577333	-10.123455
Pkp2	-16.089638	-12.63576
Yars2	-13.661891	-10.208013
Dnm1l	-11.4262	-7.972322
Fgd4	-12.634375	-9.180496
Vpreb1	-15.578814	-12.124935
Top3b	-12.710915	-9.257036
Ppm1f	-13.450582	-9.996703
Mapk1	-11.471224	-8.017345
1700056N10Rik	-16.089638	-12.63576
Ypel1	-15.242341	-11.788463
Ppil2	-12.076263	-8.622385
Sdf2l1	-12.7223425	-9.268464
Ydjc	-14.991027	-11.537148
Ube2l3	-10.993846	-7.539968
Hic2	-14.703344	-11.249466
Tmem191c	-13.632903	-10.179025
Pi4ka	-12.3054495	-8.851571
Snap29	-13.110714	-9.656836
Crkl	-12.487771	-9.033893
Aifm3	-14.415663	-10.961784
Lztr1	-11.9678955	-8.514017
Thap7	-12.246609	-8.79273
Gm49785	-17.188251	-13.734373
Lrrc74b	-17.188251	-13.734373
P2rx6	-14.703344	-11.249466
Slc7a4	-15.801957	-12.348079
Smpd4	-13.404061	-9.950183
Ccdc74a	-14.6233015	-11.169423
Med15	-12.290411	-8.836533
Klhl22	-12.583081	-9.129203
Scarf2	-11.041922	-7.5880437
B830017H08Rik	-17.188251	-13.734373
Car15	-16.495104	-13.041225
Dgcr2	-12.058352	-8.604474
Ess2	-13.381589	-9.927711
Slc25a1	-11.875045	-8.421166
Dgcr6	-11.464666	-8.010788
Prodh	-14.243813	-10.789934
Rtn4r	-15.242341	-11.788463
4933432I09Rik	-17.188251	-13.734373
4930483P17Rik	-17.188251	-13.734373
Zdhhc8	-11.860375	-8.406497
Ranbp1	-10.733052	-7.2791743
Trmt2a	-12.857518	-9.40364
Dgcr8	-13.256426	-9.802547
Tango2	-12.61354	-9.159661
Arvcf	-13.276228	-9.82235
Comt	-10.537972	-7.0840945
Gm15764	-16.495104	-13.041225
Txnrd2	-12.897792	-9.443913
Gnb1l	-14.991027	-11.537148
Rtl10	-17.188251	-13.734373
Tbx1	-13.930155	-10.476276
Gp1bb	-15.578814	-12.124935
Sept5	-13.550665	-10.0967865
Cldn5	-12.61354	-9.159661
Cdc45	-15.108809	-11.654931
Ufd1	-11.899984	-8.446106
2510002D24Rik	-12.017767	-8.563889
Mrpl40	-12.076263	-8.622385
Hira	-12.925571	-9.471693
B3gnt5	-14.355038	-10.901159
Klhl6	-16.495104	-13.041225
Klhl24	-11.593539	-8.139661
Yeats2	-13.077377	-9.623499
Parl	-12.000865	-8.546987
Abcc5	-12.058352	-8.604474
Eif2b5	-12.40076	-8.946881
Dvl3	-12.443319	-8.989441
Ap2m1	-10.516218	-7.0623403
Abcf3	-12.844445	-9.390567
Vwa5b2	-17.188251	-13.734373
Alg3	-12.857518	-9.40364
Eef1akmt4	-14.6233015	-11.169423
Camk2n2	-14.143728	-10.68985
Ece2	-14.010198	-10.556319
Psmd2	-11.206837	-7.752959
Eif4g1	-10.658833	-7.2049546
Fam131a	-13.127808	-9.673929
Clcn2	-14.790356	-11.336477
Polr2h	-12.246609	-8.79273
Thpo	-16.089638	-12.63576
Chrd	-13.110714	-9.656836
Ephb3	-13.013864	-9.559985
Vps8	-13.162899	-9.709021
2510009E07Rik	-11.8701315	-8.416253
Ehhadh	-14.991027	-11.537148
1300002E11Rik	-12.478721	-9.024842
Map3k13	-15.578814	-12.124935
Tmem41a	-13.013864	-9.559985
Liph	-17.188251	-13.734373
Senp2	-12.191039	-8.737161
Igf2bp2	-14.143728	-10.68985
Tra2b	-10.666159	-7.2122808
Etv5	-13.499372	-10.045493
Dgkg	-13.820955	-10.367077
Gm15651	-17.188251	-13.734373
Tbccd1	-13.499372	-10.045493
Dnajb11	-11.341812	-7.887934
Ahsg	-13.237007	-9.783129
Fetub	-14.297879	-10.844001
Kng2	-16.495104	-13.041225
Eif4a2	-10.28752	-6.8336425
Rfc4	-13.35961	-9.905731
6330408M09Rik	-15.396492	-11.942614
B630019A10Rik	-15.108809	-11.654931
BC106179	-15.578814	-12.124935
St6gal1	-12.688441	-9.234563
Masp1	-15.578814	-12.124935
Gm45338	-16.495104	-13.041225
Rtp4	-14.549193	-11.095315
Bcl6	-12.218438	-8.76456
Lpp	-9.018914	-5.565037
Trp63	-17.188251	-13.734373
Gm4524	-17.188251	-13.734373
P3h2	-13.029368	-9.57549
AU015336	-17.188251	-13.734373
Cldn1	-16.495104	-13.041225
Il1rap	-13.180918	-9.727039
Gmnc	-16.089638	-12.63576
Ccdc50	-10.985716	-7.531838
Fgf12	-15.108809	-11.654931
Mb21d2	-14.052757	-10.598879
Plaat1	-14.480201	-11.026322
Opa1	-12.54386	-9.089982
Gm26569	-15.801957	-12.348079
4632428C04Rik	-17.188251	-13.734373
Hes1	-10.924852	-7.4709744
Gp5	-17.188251	-13.734373
Atp13a3	-11.776605	-8.322726
Tmem44	-14.885666	-11.4317875
Lsg1	-13.1452	-9.691321
Fam43a	-13.892414	-10.438536
Gm49756	-17.188251	-13.734373
Gm46565	-17.188251	-13.734373
Xxylt1	-12.884186	-9.430307
Acap2	-11.497891	-8.044013
Ppp1r2	-10.814931	-7.361053
Gm49767	-13.856047	-10.402168
Apod	-12.138395	-8.684517
Bdh1	-12.53429	-9.080412
Dlg1	-11.845917	-8.392038
Pigz	-14.480201	-11.026322
0610012G03Rik	-11.057025	-7.603147
Ncbp2	-11.812973	-8.359095
Senp5	-12.1512985	-8.69742
Pak2	-10.622986	-7.169108
Pigx	-12.03496	-8.581081
Cep19	-13.256426	-9.802547
Nrros	-17.188251	-13.734373
Fbxo45	-13.180918	-9.727039
Wdr53	-13.381589	-9.927711
Rnf168	-12.392461	-8.938582
Ubxn7	-12.655652	-9.201774
Tctex1d2	-12.603284	-9.1494055
Pcyt1a	-11.767716	-8.313838
Zdhhc19	-17.188251	-13.734373
Gm34680	-17.188251	-13.734373
Tfrc	-14.480201	-11.026322
Tnk2	-12.313054	-8.859176
Muc4	-15.578814	-12.124935
Rubcn	-12.857518	-9.40364
Fyttd1	-11.191799	-7.737921
Lrch3	-12.023465	-8.569587
Iqcg	-17.188251	-13.734373
Rpl35a	-7.8269935	-4.373116
Lmln	-14.297879	-10.844001
Osbpl11	-12.666463	-9.2125845
Snx4	-11.601003	-8.147124
1700007L15Rik	-15.578814	-12.124935
Zfp148	-11.338926	-7.8850484
Slc12a8	-15.801957	-12.348079
Heg1	-11.3476095	-7.8937316
Muc13	-15.396492	-11.942614
Itgb5	-9.865081	-6.411203
Umps	-13.35961	-9.905731
Kalrn	-12.3679695	-8.914091
Ccdc14	-14.885666	-11.4317875
Mylk	-9.093567	-5.6396894
E130310I04Rik	-15.578814	-12.124935
Gm21691	-17.188251	-13.734373
Hacd2	-12.443319	-8.989441
Adcy5	-10.126917	-6.673039
Sec22a	-12.677392	-9.223514
Pdia5	-13.237007	-9.783129
Sema5b	-16.495104	-13.041225
Slc49a4	-11.781079	-8.327201
Hspbap1	-14.192519	-10.738641
Parp14	-13.093906	-9.640028
Dtx3l	-13.217959	-9.764081
Parp9	-13.427051	-9.973172
Gm15564	-15.578814	-12.124935
Kpna1	-12.088385	-8.634506
Wdr5b	-14.192519	-10.738641
Fam162a	-10.535388	-7.08151
Ccdc58	-13.338103	-9.884225
Csta2	-17.188251	-13.734373
Casr	-17.188251	-13.734373
Slc15a2	-14.052757	-10.598879
Eaf2	-15.242341	-11.788463
Iqcb1	-13.110714	-9.656836
Golgb1	-10.430157	-6.976279
4930565N06Rik	-17.188251	-13.734373
Hcls1	-15.396492	-11.942614
Fbxo40	-12.939755	-9.485877
Polq	-17.188251	-13.734373
Gtf2e1	-14.097209	-10.643331
Rabl3	-14.243813	-10.789934
Ndufb4	-10.160049	-6.7061715
Fstl1	-8.790968	-5.33709
Lrrc58	-10.640032	-7.186154
Gpr156	-16.495104	-13.041225
Gsk3b	-10.631473	-7.1775947
Cox17	-10.116677	-6.6627994
Popdc2	-13.691744	-10.237865
Pla1a	-13.632903	-10.179025
Adprh	-11.575123	-8.121244
D930030I03Rik	-16.089638	-12.63576
Cd80	-15.801957	-12.348079
Timmdc1	-13.338103	-9.884225
Poglut1	-12.211517	-8.757639
Tmem39a	-12.328439	-8.87456
Arhgap31	-12.443319	-8.989441
B4galt4	-13.237007	-9.783129
Upk1b	-13.969376	-10.515497
Lsamp	-11.920393	-8.466515
Gap43	-14.052757	-10.598879
Zbtb20	-8.513883	-5.060005
Gm19522	-14.143728	-10.68985
Gm9968	-17.188251	-13.734373
Drd3	-17.188251	-13.734373
Qtrt2	-13.722515	-10.268637
Ccdc191	-13.029368	-9.57549
Zdhhc23	-13.296431	-9.842552
Gramd1c	-14.549193	-11.095315
Atp6v1a	-11.079003	-7.6251254
Naa50	-11.15038	-7.696502
Usf3	-12.644957	-9.191078
Spice1	-13.338103	-9.884225
Boc	-11.635291	-8.181413
Nepro	-14.480201	-11.026322
Gtpbp8	-13.256426	-9.802547
Cd200r1	-17.188251	-13.734373
Ccdc80	-9.485243	-6.0313654
Slc35a5	-12.644957	-9.191078
Atg3	-11.204315	-7.7504373
Btla	-16.495104	-13.041225
Cd200	-8.953421	-5.4995427
Tagln3	-17.188251	-13.734373
Abhd10	-13.162899	-9.709021
Phldb2	-11.041922	-7.5880437
Plcxd2	-15.801957	-12.348079
Nectin3	-12.426077	-8.9721985
Dppa2	-17.188251	-13.734373
Trat1	-17.188251	-13.734373
Dzip3	-13.180918	-9.727039
Ift57	-12.452053	-8.998175
Cd47	-10.185185	-6.7313075
Bbx	-11.448458	-7.99458
Dubr	-12.125656	-8.671778
Gm29686	-14.010198	-10.556319
Cblb	-12.806225	-9.352346
Alcam	-11.147996	-7.694118
Nfkbiz	-11.920393	-8.466515
Nxpe3	-16.089638	-12.63576
Cep97	-13.754264	-10.300385
Rpl24	-8.262929	-4.8090515
Zbtb11os1	-13.093906	-9.640028
Zbtb11	-12.655652	-9.201774
Pcnp	-10.938276	-7.4843984
Trmt10c	-13.077377	-9.623499
Senp7	-11.989754	-8.535875
Impg2	-16.089638	-12.63576
Abi3bp	-9.789465	-6.335587
Tfg	-11.703454	-8.249576
Tmem45a	-12.138395	-8.684517
Gm15839	-16.495104	-13.041225
Tomm70a	-11.957143	-8.503264
Nit2	-12.7456	-9.291721
Tbc1d23	-12.204644	-8.750766
Cmss1	-13.450582	-9.996703
Filip1l	-9.095706	-5.641828
Col8a1	-12.443319	-8.989441
Dcbld2	-12.157813	-8.703935
St3gal6	-13.661891	-10.208013
Cpox	-12.515422	-9.061543
Cldnd1	-11.179438	-7.7255597
Olfr183	-17.188251	-13.734373
Riox2	-13.550665	-10.0967865
Crybg3	-12.38423	-8.930351
Arl6	-13.093906	-9.640028
Nsun3	-13.856047	-10.402168
Arl13b	-11.946504	-8.492625
Pros1	-11.703454	-8.249576
Epha3	-11.112905	-7.6590266
4930453N24Rik	-12.119347	-8.665468
Zfp654	-13.296431	-9.842552
Cggbp1	-10.898536	-7.444658
Chmp2b	-11.438858	-7.98498
Vgll3	-11.635291	-8.181413
Gbe1	-13.237007	-9.783129
Robo1	-13.338103	-9.884225
Robo2	-16.495104	-13.041225
Rbm11	-17.188251	-13.734373
Hspa13	-11.879983	-8.426105
Samsn1	-16.089638	-12.63576
Nrip1	-10.880153	-7.426275
Usp25	-11.703454	-8.249576
Mir99ahg	-11.678863	-8.224984
E330011O21Rik	-17.188251	-13.734373
Cxadr	-15.242341	-11.788463
Btg3	-11.389158	-7.9352803
D16Ertd472e	-12.634375	-9.180496
Chodl	-17.188251	-13.734373
Ncam2	-17.188251	-13.734373
Mir155hg	-16.495104	-13.041225
Mrpl39	-12.710915	-9.257036
Jam2	-12.029196	-8.575317
Atp5j	-9.365806	-5.911928
Gabpa	-12.524812	-9.070933
App	-9.335812	-5.881934
Cyyr1	-14.6233015	-11.169423
Adamts1	-9.818021	-6.364143
Adamts5	-10.7505	-7.296622
N6amt1	-11.344707	-7.8908286
Ltn1	-12.106847	-8.652968
Rwdd2b	-15.108809	-11.654931
Usp16	-11.707612	-8.253734
Cct8	-10.874703	-7.4208255
Map3k7cl	-11.395237	-7.941359
Bach1	-12.426077	-8.9721985
Tiam1	-12.688441	-9.234563
Sod1	-10.733052	-7.2791743
Scaf4	-12.844445	-9.390567
Gm49708	-12.157813	-8.703935
Hunk	-16.089638	-12.63576
Gm36169	-17.188251	-13.734373
Mis18a	-14.097209	-10.643331
Mrap	-15.801957	-12.348079
Urb1	-13.52469	-10.070811
Eva1c	-12.623903	-9.170025
Gm36363	-17.188251	-13.734373
Cfap298	-12.53429	-9.080412
Synj1	-12.710915	-9.257036
Paxbp1	-12.496903	-9.043025
4932438H23Rik	-16.495104	-13.041225
Ifnar2	-11.081228	-7.6273503
Il10rb	-12.583081	-9.129203
Gm49625	-17.188251	-13.734373
A930006K02Rik	-16.089638	-12.63576
Ifnar1	-12.409127	-8.955249
Ifngr2	-11.494519	-8.040641
Tmem50b	-12.184305	-8.730427
Dnajc28	-15.801957	-12.348079
Gart	-12.496903	-9.043025
Son	-9.23423	-5.780352
Donson	-14.991027	-11.537148
Cryzl1	-11.845917	-8.392038
Itsn1	-12.328439	-8.87456
Atp5o	-10.191569	-6.7376914
Mrps6	-11.429349	-7.975471
Slc5a3	-12.409127	-8.955249
Gm16310	-14.355038	-10.901159
Smim11	-10.476511	-7.022633
Rcan1	-12.125656	-8.671778
Runx1	-13.127808	-9.673929
Setd4	-14.885666	-11.4317875
Cbr1	-11.962504	-8.508626
Cbr3	-12.100655	-8.646776
Dop1b	-13.045116	-9.591238
Morc3	-12.469752	-9.015874
Chaf1b	-15.242341	-11.788463
Hlcs	-13.180918	-9.727039
Ripply3	-16.089638	-12.63576
Pigp	-10.781371	-7.327493
Ttc3	-10.544461	-7.0905833
Vps26c	-12.515422	-9.061543
Dyrk1a	-12.469752	-9.015874
Gm41505	-16.089638	-12.63576
Gm31641	-17.188251	-13.734373
Kcnj15	-12.496903	-9.043025
Erg	-12.320717	-8.866838
Ets2	-11.8701315	-8.416253
Psmg1	-12.409127	-8.955249
Brwd1	-11.875045	-8.421166
Gm49953	-15.801957	-12.348079
Hmgn1	-9.502548	-6.0486703
Wrb	-13.077377	-9.623499
Lca5l	-13.820955	-10.367077
Sh3bgr	-9.637589	-6.183712
Igsf5	-17.188251	-13.734373
Pcp4	-13.722515	-10.268637
Bace2	-11.0186405	-7.5647626
Ripk4	-17.188251	-13.734373
Prdm15	-13.892414	-10.438536
C2cd2	-12.088385	-8.634506
Zbtb21	-12.757434	-9.3035555
B230307C23Rik	-13.404061	-9.950183
A630089N07Rik	-14.143728	-10.68985
Scaf8	-12.487771	-9.033893
Gm49797	-13.474679	-10.020801
Tiam2	-13.499372	-10.045493
Tfb1m	-14.297879	-10.844001
1700102H20Rik	-15.801957	-12.348079
Gm41517	-16.495104	-13.041225
Arid1b	-11.776605	-8.322726
Tmem242	-11.989754	-8.535875
Zdhhc14	-12.983559	-9.52968
3300005D01Rik	-17.188251	-13.734373
Snx9	-11.41681	-7.962932
Synj2	-12.710915	-9.257036
Serac1	-15.396492	-11.942614
Gtf2h5	-10.409466	-6.955588
Tulp4	-11.201799	-7.7479215
Tmem181a	-12.7456	-9.291721
Dynlt1a	-15.578814	-12.124935
Dynlt1b	-14.703344	-11.249466
Dynlt1c	-15.801957	-12.348079
Dynlt1f	-13.661891	-10.208013
Sytl3	-17.188251	-13.734373
Ezr	-12.2682705	-8.814392
Rsph3b	-14.243813	-10.789934
Gm49719	-15.578814	-12.124935
Tagap1	-13.930155	-10.476276
Rnaset2b	-13.217959	-9.764081
Rps6ka2	-14.885666	-11.4317875
Fndc1	-11.356369	-7.902491
E430024P14Rik	-15.578814	-12.124935
Tagap	-16.495104	-13.041225
Rsph3a	-14.480201	-11.026322
Rnaset2a	-12.939755	-9.485877
Fgfr1op	-13.199267	-9.745389
Mpc1	-10.039906	-6.5860276
4930506C21Rik	-17.188251	-13.734373
Sft2d1	-13.577333	-10.123455
Prr18	-16.495104	-13.041225
Pde10a	-13.930155	-10.476276
Gm17087	-17.188251	-13.734373
1700010I14Rik	-16.495104	-13.041225
Qk	-10.977651	-7.5237727
Pacrg	-16.495104	-13.041225
Prkn	-16.089638	-12.63576
Agpat4	-12.094501	-8.640622
Map3k4	-12.125656	-8.671778
4732491K20Rik	-13.969376	-10.515497
Slc22a3	-15.396492	-11.942614
Slc22a2	-13.296431	-9.842552
Slc22a1	-11.604754	-8.150876
Igf2r	-11.654861	-8.200983
Airn	-12.818803	-9.364924
Pnldc1	-13.045116	-9.591238
Mrpl18	-10.951881	-7.4980035
Tcp1	-10.654462	-7.200584
Acat3	-16.495104	-13.041225
Acat2	-13.52469	-10.070811
Wtap	-12.100655	-8.646776
Sod2	-11.0186405	-7.5647626
Smok2a	-17.188251	-13.734373
2700054A10Rik	-15.578814	-12.124935
Gm16046	-14.991027	-11.537148
Tcte2	-14.703344	-11.249466
Afdn	-11.553461	-8.099583
Dact2	-14.010198	-10.556319
Smoc2	-10.055754	-6.601876
Thbs2	-11.899984	-8.446106
Wdr27	-14.297879	-10.844001
1600012H06Rik	-12.806225	-9.352346
Phf10	-12.03496	-8.581081
9030025P20Rik	-15.578814	-12.124935
Gm3448	-14.885666	-11.4317875
Gm3435	-16.495104	-13.041225
Ermard	-13.787054	-10.333176
Gm35576	-17.188251	-13.734373
Dll1	-16.495104	-13.041225
Fam120b	-12.320717	-8.866838
Psmb1	-10.011232	-6.5573545
Tbp	-13.296431	-9.842552
Pdcd2	-12.553522	-9.099644
Prdm9	-16.089638	-12.63576
Chd1	-11.865241	-8.411363
Rgmb	-11.889934	-8.436055
BC002059	-14.6233015	-11.169423
Zfp960	-15.242341	-11.788463
Zfp97	-14.885666	-11.4317875
Gm5165	-14.6233015	-11.169423
Gm6712	-15.396492	-11.942614
Riok2	-13.045116	-9.591238
Gm26873	-17.188251	-13.734373
Lix1	-14.549193	-11.095315
Lnpep	-10.637171	-7.183293
Spaca6	-12.7456	-9.291721
Has1	-13.691744	-10.237865
Fpr2	-17.188251	-13.734373
Vmn2r97	-17.188251	-13.734373
Vmn2r108	-17.188251	-13.734373
Ppp2r1a	-11.072359	-7.618481
Zfp160	-12.870763	-9.416884
Zfp677	-14.010198	-10.556319
Zfp54	-14.790356	-11.336477
Zfp51	-14.415663	-10.961784
Zfp53	-13.577333	-10.123455
9330136K24Rik	-16.495104	-13.041225
Zfp52	-13.404061	-9.950183
Zfp948	-12.733904	-9.2800255
Zfp983	-13.930155	-10.476276
Zfp760	-13.577333	-10.123455
Zfp229	-14.355038	-10.901159
Zfp820	-14.790356	-11.336477
Zfp995	-13.787054	-10.333176
Zfp942	-13.632903	-10.179025
Zfp943	-13.632903	-10.179025
Zfp947	-15.396492	-11.942614
Zfp994	-13.856047	-10.402168
Gm7072	-13.237007	-9.783129
Zfp944	-13.474679	-10.020801
Zfp758	-13.856047	-10.402168
Zfp946	-14.297879	-10.844001
Gm5493	-17.188251	-13.734373
Zfp945	-12.583081	-9.129203
Zfp40	-13.969376	-10.515497
6330415G19Rik	-16.495104	-13.041225
Zfp213	-13.930155	-10.476276
Zfp13	-14.549193	-11.095315
Thoc6	-13.217959	-9.764081
Hcfc1r1	-9.4029455	-5.949068
Tnfrsf12a	-10.440664	-6.9867864
Pkmyt1	-14.703344	-11.249466
Paqr4	-12.911585	-9.457706
Kremen2	-17.188251	-13.734373
9530082P21Rik	-14.991027	-11.537148
Flywch1	-12.076263	-8.622385
Flywch2	-12.806225	-9.352346
Srrm2	-10.099008	-6.6451297
Elob	-8.8793125	-5.425435
Kctd5	-13.217959	-9.764081
Pdpk1	-11.905047	-8.451169
Amdhd2	-12.9541445	-9.500266
Atp6v0c	-9.794988	-6.3411098
Tbc1d24	-13.969376	-10.515497
Ntn3	-14.549193	-11.095315
Tedc2	-15.242341	-11.788463
Abca3	-12.583081	-9.129203
D330041H03Rik	-16.495104	-13.041225
Rnps1	-11.650917	-8.197039
Eci1	-11.707612	-8.253734
Dnase1l2	-14.991027	-11.537148
E4f1	-13.162899	-9.709021
Pgp	-11.288354	-7.834476
Mlst8	-13.856047	-10.402168
Gm50062	-17.188251	-13.734373
Caskin1	-16.089638	-12.63576
Traf7	-12.000865	-8.546987
Rab26	-17.188251	-13.734373
Rab26os	-14.097209	-10.643331
Pkd1	-10.217521	-6.763643
Tsc2	-12.376067	-8.922189
Nthl1	-13.045116	-9.591238
Slc9a3r2	-11.989754	-8.535875
Npw	-17.188251	-13.734373
Zfp598	-12.469752	-9.015874
Syngr3	-14.885666	-11.4317875
Gfer	-12.688441	-9.234563
Noxo1	-13.722515	-10.268637
Tbl3	-13.029368	-9.57549
Rps2	-8.143375	-4.6894975
Snhg9	-12.9541445	-9.500266
Ndufb10	-9.906865	-6.452987
Msrb1	-9.9811325	-6.5272546
Hagh	-11.471224	-8.017345
Fahd1	-13.632903	-10.179025
Nubp2	-12.793802	-9.339924
Spsb3	-12.144826	-8.690948
Eme2	-14.6233015	-11.169423
Mapk8ip3	-12.478721	-9.024842
Mrps34	-11.691083	-8.237205
Nme3	-14.790356	-11.336477
Jpt2	-14.480201	-11.026322
Cramp1l	-12.983559	-9.52968
Ift140	-13.632903	-10.179025
Tmem204	-11.612302	-8.158423
Telo2	-12.870763	-9.416884
Clcn7	-12.7456	-9.291721
BC003965	-12.076263	-8.622385
Unkl	-13.661891	-10.208013
Gnptg	-11.962504	-8.508626
Tsr3	-12.793802	-9.339924
Ube2i	-11.048367	-7.5944886
Cacna1h	-15.578814	-12.124935
Sox8	-14.415663	-10.961784
2810468N07Rik	-13.722515	-10.268637
Lmf1	-12.793802	-9.339924
Gng13	-15.108809	-11.654931
Chtf18	-16.089638	-12.63576
Rpusd1	-14.010198	-10.556319
Mslnl	-17.188251	-13.734373
Msln	-13.110714	-9.656836
Ciao3	-13.276228	-9.82235
Haghl	-12.496903	-9.043025
Fam173a	-11.623731	-8.169852
Metrn	-13.381589	-9.927711
Fbxl16	-15.396492	-11.942614
Wdr24	-13.754264	-10.300385
Jmjd8	-12.328439	-8.87456
Stub1	-10.402663	-6.9487853
Rhbdl1	-13.820955	-10.367077
Rhot2	-13.276228	-9.82235
Wdr90	-15.396492	-11.942614
Mcrip2	-13.061116	-9.607238
Mettl26	-11.586132	-8.132254
Wfikkn1	-15.801957	-12.348079
Rab40c	-13.820955	-10.367077
Pigq	-12.818803	-9.364924
Capn15	-13.061116	-9.607238
1700022N22Rik	-17.188251	-13.734373
Rab11fip3	-13.1452	-9.691321
Decr2	-12.884186	-9.430307
Nme4	-15.108809	-11.654931
Tmem8	-17.188251	-13.734373
Mrpl28	-11.321783	-7.867905
Axin1	-12.655652	-9.201774
Arhgdig	-16.089638	-12.63576
Rgs11	-15.242341	-11.788463
Fam234a	-12.2537775	-8.799899
Luc7l	-12.000865	-8.546987
Neurl1b	-15.108809	-11.654931
Gm50269	-17.188251	-13.734373
Gm34455	-11.995295	-8.541416
Dusp1	-9.589351	-6.135473
Ergic1	-11.454909	-8.001031
Gm17218	-15.801957	-12.348079
Atp6v0e	-9.800542	-6.346664
Crebrf	-11.5252905	-8.071412
Bnip1	-13.180918	-9.727039
Phf1	-12.392461	-8.938582
Cuta	-10.50489	-7.0510125
Syngap1	-14.549193	-11.095315
Zbtb9	-15.108809	-11.654931
Ggnbp1	-13.256426	-9.802547
Bak1	-12.583081	-9.129203
Itpr3	-14.010198	-10.556319
Uqcc2	-10.190655	-6.736777
Lemd2	-12.157813	-8.703935
Gm26724	-15.242341	-11.788463
9630028I04Rik	-17.188251	-13.734373
Gm49774	-14.703344	-11.249466
Hmga1	-14.297879	-10.844001
AI413582	-12.000865	-8.546987
Nudt3	-12.3054495	-8.851571
Gm49741	-16.495104	-13.041225
Rps10	-8.152264	-4.698386
Pacsin1	-16.495104	-13.041225
Ilrun	-11.831665	-8.377787
Snrpc	-11.110609	-7.656731
Uhrf1bp1	-14.097209	-10.643331
Taf11	-11.962504	-8.508626
Gm49801	-16.089638	-12.63576
Anks1	-12.644957	-9.191078
Scube3	-11.199289	-7.7454114
C230013L11Rik	-15.578814	-12.124935
Zfp523	-13.110714	-9.656836
Def6	-14.097209	-10.643331
Ppard	-12.911585	-9.457706
Fance	-12.376067	-8.922189
Rpl10a	-8.628765	-5.174887
Tead3	-12.157813	-8.703935
Tulp1	-13.856047	-10.402168
Fkbp5	-11.6829195	-8.229041
Gm49838	-16.495104	-13.041225
Gm22146	-15.396492	-11.942614
Gm20109	-16.495104	-13.041225
E230001N04Rik	-13.6047325	-10.150854
Srpk1	-12.023465	-8.569587
Slc26a8	-16.089638	-12.63576
Mapk14	-12.1512985	-8.69742
Gm4356	-14.703344	-11.249466
Mapk13	-15.801957	-12.348079
Gm49864	-16.089638	-12.63576
Brpf3	-13.661891	-10.208013
1700063J08Rik	-15.801957	-12.348079
Kctd20	-12.593131	-9.139253
Stk38	-11.56785	-8.113972
Gm16196	-14.991027	-11.537148
Srsf3	-10.1743355	-6.7204576
Gm41556	-16.495104	-13.041225
Trp53cor1	-16.495104	-13.041225
Cdkn1a	-10.787993	-7.3341155
Cpne5	-16.495104	-13.041225
Ppil1	-12.515422	-9.061543
Gm50068	-17.188251	-13.734373
BC004004	-11.578779	-8.124901
Pi16	-8.961945	-5.508067
Mtch1	-9.967877	-6.5139995
Gm36199	-17.188251	-13.734373
Gm26885	-14.097209	-10.643331
Pim1	-13.077377	-9.623499
Tbc1d22b	-13.969376	-10.515497
Rnf8	-12.496903	-9.043025
Gm20161	-17.188251	-13.734373
Cmtr1	-12.781531	-9.327653
Ccdc167	-12.376067	-8.922189
Mdga1	-13.31705	-9.863172
Gm16758	-17.188251	-13.734373
Gm50019	-17.188251	-13.734373
Zfand3	-11.256006	-7.8021283
Btbd9	-12.583081	-9.129203
Gm50250	-17.188251	-13.734373
Gm50240	-13.474679	-10.020801
Glo1	-11.052686	-7.598808
Dnah8	-14.143728	-10.68985
Glp1r	-16.495104	-13.041225
Abcg1	-15.578814	-12.124935
Ubash3a	-14.790356	-11.336477
Rsph1	-14.703344	-11.249466
Slc37a1	-14.885666	-11.4317875
Pde9a	-14.480201	-11.026322
Wdr4	-13.722515	-10.268637
Ndufv3	-9.85327	-6.3993917
AC166172.1	-13.820955	-10.367077
Pknox1	-12.781531	-9.327653
Gm50107	-16.495104	-13.041225
Cbs	-14.703344	-11.249466
U2af1	-10.932501	-7.478623
Sik1	-13.199267	-9.745389
2310015A16Rik	-14.355038	-10.901159
Hsf2bp	-14.480201	-11.026322
Rrp1b	-13.1452	-9.691321
Gm17276	-17.188251	-13.734373
Notch3	-11.935978	-8.4821
Ephx3	-17.188251	-13.734373
Brd4	-11.266672	-7.812794
Gm26549	-14.885666	-11.4317875
Akap8	-12.184305	-8.730427
Akap8l	-11.989754	-8.535875
Wiz	-12.831542	-9.377664
A530088E08Rik	-17.188251	-13.734373
Cyp4f17	-14.703344	-11.249466
Cyp4f16	-13.969376	-10.515497
Zfp871	-11.803756	-8.349877
Zfp811	-14.790356	-11.336477
Zfp799	-13.691744	-10.237865
Zfp870	-14.6233015	-11.169423
Cyp4f14	-14.703344	-11.249466
Cyp4f13	-13.256426	-9.802547
Zfp472	-14.415663	-10.961784
Zfp952	-13.754264	-10.300385
Zfp763	-14.415663	-10.961784
Zfp563	-14.297879	-10.844001
Olfr1564	-17.188251	-13.734373
Zfp955a	-13.930155	-10.476276
Zfp955b	-12.968743	-9.514865
Zfp81	-13.6047325	-10.150854
Zfp101	-13.722515	-10.268637
Adamts10	-11.206837	-7.752959
Zfp414	-12.344064	-8.890185
Pram1	-16.089638	-12.63576
Hnrnpm	-10.862102	-7.4082236
March2	-10.957769	-7.5038915
Rab11b	-10.729913	-7.276035
Gm17251	-13.892414	-10.438536
Angptl4	-12.7456	-9.291721
Kank3	-13.450582	-9.996703
Rps28	-7.6810703	-4.227193
Ndufa7	-9.4567585	-6.002881
Cd320	-12.3679695	-8.914091
Kifc1	-17.188251	-13.734373
Smim40	-17.188251	-13.734373
BC051226	-13.237007	-9.783129
Daxx	-12.793802	-9.339924
Tapbp	-10.949926	-7.4960485
Zbtb22	-13.35961	-9.905731
Gm19412	-15.578814	-12.124935
Rgl2	-12.733904	-9.2800255
Pfdn6	-11.448458	-7.99458
Wdr46	-13.061116	-9.607238
B3galt4	-13.892414	-10.438536
Rps18	-8.57248	-5.1186023
Vps52	-12.351969	-8.89809
AA388235	-16.495104	-13.041225
H2-K1	-10.265607	-6.811729
Ring1	-12.487771	-9.033893
H2-Ke6	-11.794623	-8.340745
Slc39a7	-11.582449	-8.128571
Rxrb	-12.282976	-8.829098
Col11a2	-14.703344	-11.249466
BC051537	-17.188251	-13.734373
Brd2	-10.507397	-7.053519
H2-DMa	-15.108809	-11.654931
H2-DMb1	-13.550665	-10.0967865
Psmb9	-13.077377	-9.623499
Tap1	-13.969376	-10.515497
Psmb8	-12.313054	-8.859176
Tap2	-12.297902	-8.844024
H2-Ab1	-14.703344	-11.249466
H2-Aa	-16.089638	-12.63576
H2-Eb1	-15.578814	-12.124935
BC051142	-17.188251	-13.734373
Notch4	-15.108809	-11.654931
Gpsm3	-13.754264	-10.300385
Pbx2	-12.524812	-9.070933
Ager	-16.495104	-13.041225
Rnf5	-12.344064	-8.890185
Gm20463	-16.495104	-13.041225
Agpat1	-13.061116	-9.607238
Egfl8	-15.396492	-11.942614
Ppt2	-12.164371	-8.710492
Prrt1	-14.297879	-10.844001
Fkbpl	-14.143728	-10.68985
Atf6b	-12.515422	-9.061543
Tnxb	-10.065385	-6.611507
C4b	-11.720191	-8.266313
C4a	-17.188251	-13.734373
Stk19	-12.40076	-8.946881
Dxo	-12.733904	-9.2800255
Skiv2l	-12.655652	-9.201774
Nelfe	-12.184305	-8.730427
Cfb	-11.532259	-8.078381
C2	-11.715981	-8.262102
Zbtb12	-13.820955	-10.367077
Ehmt2	-11.910136	-8.456258
Neu1	-12.282976	-8.829098
1110038B12Rik	-12.443319	-8.989441
Hspa1b	-9.913772	-6.4598937
Hspa1a	-9.381147	-5.92727
Hspa1l	-13.110714	-9.656836
Gm10501	-16.495104	-13.041225
Lsm2	-12.125656	-8.671778
Vars	-12.634375	-9.180496
Sapcd1	-15.801957	-12.348079
Msh5	-16.495104	-13.041225
Clic1	-9.987826	-6.5339484
Ddah2	-10.451284	-6.9974065
Ly6g6c	-16.495104	-13.041225
Ly6g6d	-14.415663	-10.961784
Ly6g6e	-17.188251	-13.734373
Abhd16a	-11.497891	-8.044013
Ly6g5b	-17.188251	-13.734373
Csnk2b	-10.913489	-7.4596114
Gpank1	-13.276228	-9.82235
Gm20522	-15.396492	-11.942614
D17H6S53E	-13.691744	-10.237865
Bag6	-11.597264	-8.143386
Prrc2a	-11.263995	-7.8101172
Lst1	-13.754264	-10.300385
Ltb	-17.188251	-13.734373
Tnf	-17.188251	-13.734373
Lta	-17.188251	-13.734373
Nfkbil1	-12.857518	-9.40364
Gm16181	-17.188251	-13.734373
Atp6v1g2	-16.495104	-13.041225
Ddx39b	-10.854972	-7.401094
H2-D1	-9.835169	-6.381291
Gm11131	-16.495104	-13.041225
H2-Q4	-13.450582	-9.996703
H2-Q6	-15.801957	-12.348079
H2-Q7	-15.396492	-11.942614
H2-Q10	-16.495104	-13.041225
Pou5f1	-14.991027	-11.537148
Tcf19	-14.010198	-10.556319
Cchcr1	-13.820955	-10.367077
Cdsn	-15.578814	-12.124935
Vars2	-14.297879	-10.844001
Gtf2h4	-13.110714	-9.656836
Ddr1	-12.53429	-9.080412
Gm20442	-17.188251	-13.734373
Ier3	-10.477728	-7.02385
Flot1	-11.194289	-7.7404113
Tubb5	-10.050973	-6.597095
Mdc1	-13.722515	-10.268637
Ppp1r18os	-15.578814	-12.124935
Nrm	-14.243813	-10.789934
Ppp1r18	-11.528769	-8.07489
Dhx16	-13.180918	-9.727039
2310061I04Rik	-12.7456	-9.291721
Gm16279	-15.396492	-11.942614
Atat1	-12.634375	-9.180496
Mrps18b	-12.563278	-9.1094
Ppp1r10	-11.365205	-7.911327
Abcf1	-11.159972	-7.7060943
Prr3	-13.691744	-10.237865
Gnl1	-12.125656	-8.671778
A930015D03Rik	-16.495104	-13.041225
H2-T24	-15.396492	-11.942614
H2-T23	-11.549896	-8.096018
H2-T22	-11.920393	-8.466515
Gm19684	-17.188251	-13.734373
Rpp21	-11.532259	-8.078381
Trim39	-13.077377	-9.623499
H2-M9	-16.089638	-12.63576
Trim26	-12.563278	-9.1094
Trim10	-17.188251	-13.734373
Rnf39	-17.188251	-13.734373
Ppp1r11	-11.037648	-7.5837703
Znrd1	-11.464666	-8.010788
Znrd1as	-13.550665	-10.0967865
Zfp57	-15.242341	-11.788463
Gabbr1	-12.2537775	-8.799899
H2-M3	-12.884186	-9.430307
Olfr107	-17.188251	-13.734373
Olfr118	-17.188251	-13.734373
Gm26917	-12.029196	-8.575317
Gm42418	-6.0123096	-2.558432
AY036118	-9.807995	-6.354117
9130008F23Rik	-13.52469	-10.070811
Cenpq	-13.754264	-10.300385
Mmut	-11.865241	-8.411363
Ptchd4	-17.188251	-13.734373
Cd2ap	-10.896682	-7.442804
Tnfrsf21	-14.143728	-10.68985
Adgrf5	-13.180918	-9.727039
Pla2g7	-16.495104	-13.041225
Slc25a27	-13.52469	-10.070811
Cyp39a1	-14.010198	-10.556319
Rcan2	-10.177939	-6.7240615
Enpp5	-12.023465	-8.569587
Enpp4	-12.793802	-9.339924
Clic5	-14.192519	-10.738641
Runx2	-14.243813	-10.789934
Runx2os1	-16.495104	-13.041225
Supt3	-13.256426	-9.802547
Cdc5l	-11.508079	-8.0542
B230354K17Rik	-12.710915	-9.257036
Aars2	-13.930155	-10.476276
Tmem151b	-17.188251	-13.734373
Nfkbie	-14.6233015	-11.169423
Slc35b2	-11.8701315	-8.416253
Hsp90ab1	-7.909037	-4.4551597
Slc29a1	-10.621578	-7.1677003
Capn11	-17.188251	-13.734373
Tmem63b	-12.191039	-8.737161
Mrpl14	-10.778076	-7.3241982
Vegfa	-13.061116	-9.607238
Mrps18a	-11.413699	-7.959821
Rsph9	-12.911585	-9.457706
Mad2l1bp	-13.31705	-9.863172
Gtpbp2	-12.232424	-8.778545
Polh	-14.415663	-10.961784
Xpo5	-12.870763	-9.416884
Polr1c	-12.496903	-9.043025
Yipf3	-11.004102	-7.550224
Lrrc73	-14.885666	-11.4317875
Tjap1	-13.217959	-9.764081
Abcc10	-14.885666	-11.4317875
Zfp318	-12.563278	-9.1094
Crip3	-17.188251	-13.734373
Dnph1	-17.188251	-13.734373
Cul9	-12.9541445	-9.500266
Srf	-12.911585	-9.457706
Ptk7	-15.578814	-12.124935
Klc4	-13.276228	-9.82235
Mrpl2	-11.822275	-8.368397
Cul7	-12.460863	-9.006985
Rrp36	-12.983559	-9.52968
Klhdc3	-12.177616	-8.723738
Mea1	-11.445248	-7.9913697
Ppp2r5d	-12.76941	-9.315532
Pex6	-12.699615	-9.245736
Gnmt	-17.188251	-13.734373
Cnpy3	-11.894946	-8.441068
2310039H08Rik	-11.850713	-8.396834
Rpl7l1	-11.616097	-8.162219
Bicral	-12.144826	-8.690948
Tbcc	-12.164371	-8.710492
Ubr2	-11.481141	-8.027263
Trerf1	-13.31705	-9.863172
Mrps10	-12.469752	-9.015874
Guca1b	-14.991027	-11.537148
Guca1a	-13.450582	-9.996703
AI661453	-14.549193	-11.095315
Taf8	-13.499372	-10.045493
Ccnd3	-11.147996	-7.694118
Bysl	-13.217959	-9.764081
Med20	-13.31705	-9.863172
Usp49	-14.355038	-10.901159
Tomm6	-9.772474	-6.3185964
Tomm6os	-16.495104	-13.041225
Prickle4	-15.801957	-12.348079
Frs3	-14.6233015	-11.169423
Tfeb	-12.50612	-9.052241
Mdfi	-14.703344	-11.249466
Foxp4	-12.344064	-8.890185
Trem2	-17.188251	-13.734373
Nfya	-12.818803	-9.364924
Oard1	-12.058352	-8.604474
Apobec2	-15.108809	-11.654931
Tspo2	-16.495104	-13.041225
Mocs1	-14.297879	-10.844001
Daam2	-14.243813	-10.789934
Kif6	-17.188251	-13.734373
Rftn1	-12.688441	-9.234563
Plcl2	-16.089638	-12.63576
Tbc1d5	-12.857518	-9.40364
Satb1	-13.338103	-9.884225
Efhb	-15.242341	-11.788463
Rab5a	-11.214441	-7.7605634
Pp2d1	-17.188251	-13.734373
Kat2b	-11.894946	-8.441068
Sgo1	-16.495104	-13.041225
Pot1b	-13.661891	-10.208013
Zfp119a	-13.969376	-10.515497
Zfp959	-13.856047	-10.402168
Zfp119b	-14.703344	-11.249466
Yju2	-13.199267	-9.745389
Shd	-14.6233015	-11.169423
Fsd1	-15.801957	-12.348079
Stap2	-15.396492	-11.942614
Mpnd	-11.401354	-7.947476
Sh3gl1	-11.794623	-8.340745
Chaf1a	-14.790356	-11.336477
Ubxn6	-11.365205	-7.911327
Hdgfl2	-12.094501	-8.640622
Plin4	-11.131467	-7.677589
Lrg1	-14.243813	-10.789934
Sema6b	-16.089638	-12.63576
Tnfaip8l1	-15.578814	-12.124935
Mydgf	-10.965674	-7.5117965
Dpp9	-12.417566	-8.963688
Fem1a	-13.199267	-9.745389
Ticam1	-13.577333	-10.123455
Plin3	-11.338926	-7.8850484
Uhrf1	-17.188251	-13.734373
Kdm4b	-13.427051	-9.973172
Ptprs	-10.905984	-7.452106
Safb2	-11.884946	-8.431067
Safb	-11.767716	-8.313838
Micos13	-10.497409	-7.043531
Rpl36	-8.100078	-4.6462
Lonp1	-12.218438	-8.76456
Ranbp3	-12.452053	-8.998175
Vmac	-13.029368	-9.57549
Ndufa11	-9.5923605	-6.138483
Nrtn	-11.033393	-7.579515
Dus3l	-12.844445	-9.390567
Prr22	-16.495104	-13.041225
Rfx2	-13.31705	-9.863172
Acsbg2	-17.188251	-13.734373
1700061G19Rik	-13.969376	-10.515497
Mllt1	-13.237007	-9.783129
Clpp	-11.258662	-7.8047843
Alkbh7	-12.232424	-8.778545
Gtf2f1	-12.070257	-8.616379
Gm17949	-17.188251	-13.734373
Khsrp	-12.282976	-8.829098
Slc25a23	-11.619906	-8.166028
Crb3	-16.089638	-12.63576
Dennd1c	-16.495104	-13.041225
Tubb4a	-12.76941	-9.315532
Gm11110	-16.089638	-12.63576
Tnfsf9	-13.632903	-10.179025
Tnfsf14	-17.188251	-13.734373
C3	-9.875697	-6.421819
Gpr108	-11.772151	-8.318273
Trip10	-11.227245	-7.7733674
Adgre1	-17.188251	-13.734373
Nudt12	-15.108809	-11.654931
Efna5	-11.5252905	-8.071412
Fbxl17	-12.699615	-9.245736
Fer	-12.417566	-8.963688
Pja2	-11.010307	-7.5564294
Man2a1	-11.302147	-7.848269
Dreh	-17.188251	-13.734373
Vapa	-10.7489	-7.2950225
Txndc2	-17.188251	-13.734373
Rab31	-12.593131	-9.139253
Ppp4r1	-12.884186	-9.430307
Ralbp1	-10.541861	-7.0879827
Gm49870	-17.188251	-13.734373
Twsg1	-10.293581	-6.839703
Ankrd12	-10.385857	-6.9319787
Ndufv2	-10.602079	-7.1482015
Washc1	-12.61354	-9.159661
Ddx11	-15.396492	-11.942614
Mtcl1	-15.396492	-11.942614
Gm49937	-17.188251	-13.734373
Rab12	-10.989773	-7.535895
Ptprm	-12.634375	-9.180496
Arhgap28	-14.243813	-10.789934
L3mbtl4	-16.089638	-12.63576
Gm38593	-17.188251	-13.734373
Epb41l3	-13.180918	-9.727039
Zbtb14	-12.998596	-9.544718
A930029G22Rik	-16.495104	-13.041225
C030034I22Rik	-15.578814	-12.124935
Dlgap1	-13.217959	-9.764081
Gm41609	-17.188251	-13.734373
Tgif1	-13.969376	-10.515497
Gm26510	-17.188251	-13.734373
Myl12b	-10.050178	-6.5962996
Myl12a	-9.28244	-5.8285627
Myom1	-10.152102	-6.6982245
1600022D10Rik	-17.188251	-13.734373
Lpin2	-13.237007	-9.783129
Emilin2	-12.634375	-9.180496
Smchd1	-11.261325	-7.807447
Gm4707	-16.089638	-12.63576
Ndc80	-17.188251	-13.734373
Spdya	-15.578814	-12.124935
Trmt61b	-13.577333	-10.123455
Wdr43	-11.674822	-8.220943
Clip4	-12.275597	-8.821718
Ypel5	-12.297902	-8.844024
Lbh	-10.70209	-7.2482123
Lclat1	-13.013864	-9.559985
Ehd3	-13.045116	-9.591238
Xdh	-11.799179	-8.345301
Memo1	-12.61354	-9.159661
Dpy30	-11.57148	-8.117601
Spast	-12.699615	-9.245736
Slc30a6	-13.276228	-9.82235
Yipf4	-11.083458	-7.62958
Gm31645	-17.188251	-13.734373
Birc6	-11.145618	-7.6917405
Gm26749	-15.801957	-12.348079
Ttc27	-13.856047	-10.402168
Ltbp1	-9.674541	-6.220664
Rasgrp3	-15.242341	-11.788463
Fam98a	-12.553522	-9.099644
Gm32282	-15.396492	-11.942614
Crim1	-11.044065	-7.5901875
Fez2	-11.578779	-8.124901
Vit	-11.973315	-8.519437
Strn	-12.818803	-9.364924
Heatr5b	-12.844445	-9.390567
Gpatch11	-12.359938	-8.906059
Eif2ak2	-12.655652	-9.201774
Cebpzos	-12.029196	-8.575317
Cebpz	-11.250715	-7.7968373
Ndufaf7	-12.426077	-8.9721985
Prkd3	-11.781079	-8.327201
Qpct	-11.321783	-7.867905
Cdc42ep3	-10.249967	-6.7960887
Rmdn2	-14.097209	-10.643331
Cyp1b1	-11.597264	-8.143386
Atl2	-12.699615	-9.245736
Hnrnpll	-12.53429	-9.080412
Galm	-13.754264	-10.300385
Srsf7	-10.672058	-7.21818
Gemin6	-13.499372	-10.045493
Dhx57	-12.998596	-9.544718
Morn2	-12.793802	-9.339924
Sos1	-12.699615	-9.245736
Map4k3	-12.884186	-9.430307
Tmem178	-17.188251	-13.734373
Thumpd2	-13.499372	-10.045493
Slc8a1	-11.884946	-8.431067
Gm19689	-15.108809	-11.654931
Pkdcc	-10.9344225	-7.4805446
Eml4	-12.733904	-9.2800255
Cox7a2l	-10.194318	-6.74044
Mta3	-12.478721	-9.024842
1810073O08Rik	-17.188251	-13.734373
Gm41639	-17.188251	-13.734373
Gm35229	-17.188251	-13.734373
4933433H22Rik	-17.188251	-13.734373
Zfp36l2	-10.59247	-7.1385922
Thada	-13.661891	-10.208013
Plekhh2	-12.417566	-8.963688
Dync2li1	-12.469752	-9.015874
Lrpprc	-12.857518	-9.40364
1110020A21Rik	-14.355038	-10.901159
Ppm1b	-11.836393	-8.382515
Prepl	-13.450582	-9.996703
Camkmt	-13.892414	-10.438536
Six2	-16.089638	-12.63576
Srbd1	-13.632903	-10.179025
Prkce	-13.1452	-9.691321
Gm10309	-17.188251	-13.734373
Epas1	-11.090177	-7.6362987
Rhoq	-10.637171	-7.183293
Gm50012	-13.892414	-10.438536
Pigf	-13.52469	-10.070811
Cript	-11.136162	-7.682284
Socs5	-12.336221	-8.882342
Mcfd2	-11.750172	-8.296293
4833418N02Rik	-15.242341	-11.788463
Ttc7	-13.754264	-10.300385
Stpg4	-17.188251	-13.734373
Calm2	-9.122357	-5.6684794
Gm30794	-15.108809	-11.654931
Gm30938	-14.097209	-10.643331
Gm30984	-15.242341	-11.788463
Msh2	-13.276228	-9.82235
Msh6	-13.661891	-10.208013
Fbxo11	-11.767716	-8.313838
Foxn2	-12.623903	-9.170025
Ppp1r21	-12.857518	-9.40364
Ston1	-13.632903	-10.179025
Gtf2a1l	-17.188251	-13.734373
Gm10184	-16.495104	-13.041225
Nrxn1	-17.188251	-13.734373
Mettl4	-13.199267	-9.745389
Gm1976	-14.885666	-11.4317875
Gm20939	-15.242341	-11.788463
Crem	-12.666463	-9.2125845
Gm6225	-15.242341	-11.788463
Cul2	-12.53429	-9.080412
Bambi	-11.119825	-7.6659474
Map3k8	-13.045116	-9.591238
4833419F23Rik	-14.480201	-11.026322
Mtpap	-12.793802	-9.339924
Jcad	-11.826959	-8.37308
Svil	-10.067806	-6.6139283
Gm26682	-17.188251	-13.734373
Zfp438	-14.143728	-10.68985
Gm10125	-14.790356	-11.336477
Gm26575	-17.188251	-13.734373
Zeb1	-10.760146	-7.306268
Arhgap12	-12.710915	-9.257036
Kif5b	-9.873698	-6.4198203
Gm41664	-17.188251	-13.734373
Epc1	-12.052453	-8.598575
Gm28529	-16.495104	-13.041225
Rab18	-10.844371	-7.390493
Mkx	-14.991027	-11.537148
Mpp7	-11.957143	-8.503264
Gm9993	-15.108809	-11.654931
Wac	-11.074569	-7.620691
Fzd8	-12.204644	-8.750766
Ccny	-11.711787	-8.257909
Colec12	-10.360621	-6.9067435
Thoc1	-11.754529	-8.300651
Usp14	-11.658822	-8.204944
Rock1	-8.94945	-5.495572
Greb1l	-14.6233015	-11.169423
Esco1	-12.603284	-9.1494055
Snrpd1	-10.938276	-7.4843984
Abhd3	-14.297879	-10.844001
Mib1	-11.674822	-8.220943
1010001N08Rik	-14.415663	-10.961784
Gata6	-10.6617565	-7.2078786
Rbbp8	-13.110714	-9.656836
Gm50069	-15.396492	-11.942614
Gm6277	-13.930155	-10.476276
Cables1	-12.818803	-9.364924
Tmem241	-14.415663	-10.961784
Riok3	-11.790089	-8.33621
Rmc1	-13.427051	-9.973172
Npc1	-12.320717	-8.866838
Gm15956	-16.495104	-13.041225
Ankrd29	-13.013864	-9.559985
Lama3	-15.578814	-12.124935
Ttc39c	-14.052757	-10.598879
Osbpl1a	-11.658822	-8.204944
Gm49970	-16.089638	-12.63576
Impact	-11.957143	-8.503264
AC103362.1	-17.188251	-13.734373
Zfp521	-13.077377	-9.623499
Ss18	-12.070257	-8.616379
Psma8	-17.188251	-13.734373
Taf4b	-14.885666	-11.4317875
Kctd1	-14.052757	-10.598879
4933424G05Rik	-17.188251	-13.734373
Cdh2	-14.143728	-10.68985
Dsg2	-15.108809	-11.654931
B4galt6	-13.013864	-9.559985
Trappc8	-12.409127	-8.955249
Rnf125	-14.192519	-10.738641
Rnf138	-12.246609	-8.79273
Garem1	-13.35961	-9.905731
Asxl3	-15.578814	-12.124935
Dtna	-11.56785	-8.113972
Gm15972	-14.355038	-10.901159
Mapre2	-11.549896	-8.096018
Zfp397	-12.409127	-8.955249
Zfp35	-13.450582	-9.996703
Zfp24	-12.290411	-8.836533
Ino80c	-12.998596	-9.544718
Galnt1	-11.201799	-7.7479215
2700062C07Rik	-12.7456	-9.291721
Rprd1a	-12.757434	-9.3035555
Slc39a6	-12.320717	-8.866838
Elp2	-12.524812	-9.070933
Mocos	-14.415663	-10.961784
Fhod3	-14.415663	-10.961784
Tpgs2	-12.409127	-8.955249
AW554918	-13.499372	-10.045493
Celf4	-14.192519	-10.738641
Gm49980	-14.052757	-10.598879
Pik3c3	-12.634375	-9.180496
Slc25a46	-12.417566	-8.963688
B930094E09Rik	-17.188251	-13.734373
Sap130	-13.013864	-9.559985
Ammecr1l	-12.644957	-9.191078
Gm26533	-17.188251	-13.734373
Polr2d	-12.218438	-8.76456
Wdr33	-11.670798	-8.21692
Sft2d3	-12.61354	-9.159661
Lims2	-10.282497	-6.8286195
Iws1	-12.239491	-8.785613
Map3k2	-11.471224	-8.017345
Ercc3	-12.699615	-9.245736
A830052D11Rik	-15.578814	-12.124935
Bin1	-12.191039	-8.737161
Gypc	-12.884186	-9.430307
Tslp	-15.108809	-11.654931
Wdr36	-12.9541445	-9.500266
Camk4	-15.801957	-12.348079
Stard4	-13.577333	-10.123455
Nrep	-11.836393	-8.382515
Gm10549	-17.188251	-13.734373
Epb41l4aos	-13.127808	-9.673929
Epb41l4a	-14.885666	-11.4317875
Apc	-11.650917	-8.197039
Srp19	-10.876516	-7.4226384
Reep5	-9.509925	-6.056047
Pkd2l2	-16.495104	-13.041225
Fam13b	-12.655652	-9.201774
Nme5	-14.790356	-11.336477
4933408B17Rik	-15.396492	-11.942614
Brd8	-11.845917	-8.392038
Kif20a	-16.495104	-13.041225
Cdc23	-12.563278	-9.1094
Gfra3	-15.801957	-12.348079
Gm3550	-16.495104	-13.041225
2010110K18Rik	-17.188251	-13.734373
Fam53c	-12.452053	-8.998175
Kdm3b	-12.998596	-9.544718
Reep2	-13.969376	-10.515497
Egr1	-8.839477	-5.3855987
Etf1	-11.601003	-8.147124
Hspa9	-11.250715	-7.7968373
Ctnna1	-10.458426	-7.0045485
Sil1	-12.023465	-8.569587
Snhg4	-12.699615	-9.245736
Matr3	-11.052686	-7.598808
Paip2	-10.289536	-6.8356586
Mzb1	-17.188251	-13.734373
Prob1	-15.578814	-12.124935
Spata24	-13.892414	-10.438536
Dnajc18	-12.452053	-8.998175
1700066B19Rik	-16.495104	-13.041225
Ecscr	-12.897792	-9.443913
Tmem173	-14.192519	-10.738641
Ube2d2a	-10.801372	-7.3474936
Cxxc5	-11.670798	-8.21692
Gm29417	-17.188251	-13.734373
Gm50399	-17.188251	-13.734373
Psd2	-17.188251	-13.734373
Nrg2	-15.396492	-11.942614
Pura	-10.210037	-6.7561593
Igip	-12.320717	-8.866838
Cystm1	-11.899984	-8.446106
Pfdn1	-10.463218	-7.00934
Hbegf	-11.24808	-7.7942023
Ankhd1	-11.930756	-8.476877
Eif4ebp3	-13.338103	-9.884225
Sra1	-10.973643	-7.5197654
Apbb3	-13.499372	-10.045493
Slc35a4	-12.3679695	-8.914091
E230025N22Rik	-17.188251	-13.734373
Cd14	-14.243813	-10.789934
Tmco6	-13.661891	-10.208013
Ndufa2	-9.254454	-5.800576
Ik	-10.846129	-7.3922515
Wdr55	-14.143728	-10.68985
Dnd1	-16.089638	-12.63576
Hars	-11.946504	-8.492625
Hars2	-13.256426	-9.802547
Zmat2	-11.272049	-7.818171
Gm10544	-17.188251	-13.734373
Pcdhb2	-16.495104	-13.041225
Pcdhb3	-16.495104	-13.041225
Pcdhb4	-16.495104	-13.041225
Pcdhb5	-15.801957	-12.348079
Pcdhb6	-16.495104	-13.041225
Pcdhb7	-15.242341	-11.788463
Pcdhb8	-16.495104	-13.041225
Pcdhb9	-15.396492	-11.942614
Pcdhb10	-15.801957	-12.348079
Pcdhb12	-16.089638	-12.63576
Pcdhb13	-16.089638	-12.63576
Pcdhb14	-13.722515	-10.268637
Pcdhb15	-15.801957	-12.348079
Pcdhb16	-13.856047	-10.402168
Pcdhb17	-13.427051	-9.973172
Pcdhb18	-14.885666	-11.4317875
Pcdhb19	-14.243813	-10.789934
Pcdhb20	-14.243813	-10.789934
Pcdhb21	-14.052757	-10.598879
Pcdhb22	-13.577333	-10.123455
Slc25a2	-17.188251	-13.734373
Taf7	-12.563278	-9.1094
3222401L13Rik	-13.892414	-10.438536
Pcdhga1	-16.089638	-12.63576
Pcdhga2	-16.495104	-13.041225
Pcdhga3	-15.242341	-11.788463
Pcdhgb1	-16.495104	-13.041225
Pcdhga4	-16.089638	-12.63576
Pcdhgb2	-15.801957	-12.348079
Pcdhga5	-14.885666	-11.4317875
Pcdhga6	-14.991027	-11.537148
Pcdhga7	-14.415663	-10.961784
Pcdhgb4	-14.703344	-11.249466
Pcdhga8	-15.801957	-12.348079
Pcdhgb5	-14.885666	-11.4317875
Pcdhga9	-15.242341	-11.788463
Pcdhgb6	-16.495104	-13.041225
Gm26672	-15.801957	-12.348079
Pcdhga10	-14.885666	-11.4317875
Pcdhgb7	-16.495104	-13.041225
Pcdhga11	-15.801957	-12.348079
Pcdhga12	-14.143728	-10.68985
BC037039	-15.108809	-11.654931
Pcdhgc3	-13.856047	-10.402168
Pcdhgc4	-15.108809	-11.654931
Pcdhgc5	-15.578814	-12.124935
Gm38182	-17.188251	-13.734373
Gm29994	-15.108809	-11.654931
Diaph1	-11.654861	-8.200983
Hdac3	-12.336221	-8.882342
Fchsd1	-14.052757	-10.598879
Arap3	-14.703344	-11.249466
Pcdh1	-14.243813	-10.789934
1700086O06Rik	-14.703344	-11.249466
Dele1	-12.61354	-9.159661
Pcdh12	-15.801957	-12.348079
Rnf14	-11.790089	-8.33621
Gnpda1	-13.474679	-10.020801
Ndfip1	-10.368235	-6.9143567
Spry4	-13.256426	-9.802547
9630014M24Rik	-16.495104	-13.041225
Fgf1	-11.962504	-8.508626
Gm5820	-17.188251	-13.734373
Arhgap26	-14.885666	-11.4317875
Gm15337	-17.188251	-13.734373
Nr3c1	-10.412885	-6.959007
Gm30961	-17.188251	-13.734373
Yipf5	-11.253357	-7.799479
Gm31087	-17.188251	-13.734373
Kctd16	-14.192519	-10.738641
Gm31019	-17.188251	-13.734373
C030017B01Rik	-14.415663	-10.961784
Gm50410	-14.6233015	-11.169423
Prelid2	-13.754264	-10.300385
Sh3rf2	-13.892414	-10.438536
Lars	-11.643074	-8.189196
Gm4013	-13.856047	-10.402168
Rbm27	-11.674822	-8.220943
Tcerg1	-11.686993	-8.233114
C030004G16Rik	-14.415663	-10.961784
Ppp2r2b	-16.089638	-12.63576
Stk32a	-13.754264	-10.300385
Dpysl3	-10.105702	-6.6518245
Eif3j2	-14.097209	-10.643331
Dcp2	-12.699615	-9.245736
Mcc	-13.381589	-9.927711
A930012L18Rik	-15.801957	-12.348079
Ythdc2	-13.31705	-9.863172
Trim36	-14.355038	-10.901159
Pggt1b	-11.925561	-8.471683
Ccdc112	-12.781531	-9.327653
Fem1c	-12.806225	-9.352346
Tmed7	-11.256006	-7.8021283
Eif1a	-11.528769	-8.07489
Gm3734	-17.188251	-13.734373
Cdo1	-11.494519	-8.040641
Atg12	-12.204644	-8.750766
Ap3s1	-11.8701315	-8.416253
Lvrn	-14.480201	-11.026322
Commd10	-12.583081	-9.129203
Hspe1-rs1	-14.097209	-10.643331
Sema6a	-13.550665	-10.0967865
Eno1b	-15.578814	-12.124935
Dtwd2	-14.480201	-11.026322
Gm16283	-16.089638	-12.63576
Dmxl1	-11.841144	-8.387265
Tnfaip8	-11.935978	-8.4821
C030005K06Rik	-16.495104	-13.041225
Hsd17b4	-11.865241	-8.411363
Prr16	-14.885666	-11.4317875
Srfbp1	-12.884186	-9.430307
Lox	-10.763382	-7.309504
Gm41724	-14.6233015	-11.169423
Zfp474	-17.188251	-13.734373
Sncaip	-13.35961	-9.905731
Snx2	-11.763301	-8.3094225
Snx24	-12.052453	-8.598575
Ppic	-10.650111	-7.1962333
Prdm6	-11.474518	-8.020639
Cep120	-12.583081	-9.129203
Csnk1g3	-12.157813	-8.703935
Zfp608	-13.077377	-9.623499
Gm4221	-15.801957	-12.348079
Gramd3	-12.925571	-9.471693
Aldh7a1	-11.604754	-8.150876
Phax	-11.481141	-8.027263
Tex43	-17.188251	-13.734373
Gm50288	-16.089638	-12.63576
Lmnb1	-13.820955	-10.367077
March3	-16.089638	-12.63576
C330018D20Rik	-14.355038	-10.901159
Megf10	-15.396492	-11.942614
Prrc1	-11.362251	-7.9083734
4930511M06Rik	-15.396492	-11.942614
Ctxn3	-16.495104	-13.041225
Slc12a2	-12.844445	-9.390567
Slc27a6	-16.495104	-13.041225
Isoc1	-12.563278	-9.1094
Adamts19	-16.495104	-13.041225
Minar2	-17.188251	-13.734373
Chsy3	-13.029368	-9.57549
Gm4951	-15.108809	-11.654931
Gm4841	-15.801957	-12.348079
F830016B08Rik	-15.801957	-12.348079
Iigp1	-12.710915	-9.257036
Smim3	-13.237007	-9.783129
Dctn4	-11.310515	-7.8566375
Rbm22	-11.794623	-8.340745
Myoz3	-16.495104	-13.041225
Synpo	-11.074569	-7.620691
Ndst1	-11.504671	-8.050793
Rps14	-8.164361	-4.710483
Cd74	-14.790356	-11.336477
Tcof1	-12.426077	-8.9721985
Arsi	-14.885666	-11.4317875
Camk2a	-16.089638	-12.63576
Slc6a7	-13.969376	-10.515497
Cdx1	-17.188251	-13.734373
Pdgfrb	-10.587021	-7.133143
Csf1r	-15.396492	-11.942614
Hmgxb3	-12.9541445	-9.500266
Slc26a2	-13.061116	-9.607238
Pde6a	-15.396492	-11.942614
Ppargc1b	-14.297879	-10.844001
Csnk1a1	-10.113288	-6.65941
Bvht	-13.930155	-10.476276
Carmn	-11.758905	-8.305027
Il17b	-12.844445	-9.390567
Gm38165	-17.188251	-13.734373
Pcyox1l	-13.093906	-9.640028
Grpel2	-13.180918	-9.727039
1500015A07Rik	-16.495104	-13.041225
Afap1l1	-15.396492	-11.942614
Ablim3	-13.969376	-10.515497
Sh3tc2	-16.089638	-12.63576
Adrb2	-15.801957	-12.348079
Fbxo38	-12.7456	-9.291721
Spink10	-15.801957	-12.348079
2700046A07Rik	-16.089638	-12.63576
Apcdd1	-13.110714	-9.656836
Napg	-11.763301	-8.3094225
Piezo2	-13.162899	-9.709021
Txnl1	-11.037648	-7.5837703
Wdr7	-13.474679	-10.020801
Onecut2	-17.188251	-13.734373
Fech	-12.100655	-8.646776
Nars	-10.806435	-7.3525567
Atp8b1	-11.454909	-8.001031
A330084C13Rik	-16.089638	-12.63576
Nedd4l	-13.499372	-10.045493
Gm50368	-17.188251	-13.734373
Alpk2	-15.578814	-12.124935
Malt1	-13.256426	-9.802547
Gm41760	-16.089638	-12.63576
Zfp532	-12.793802	-9.339924
Gm50115	-17.188251	-13.734373
AC132307.1	-15.242341	-11.788463
Sec11c	-11.048367	-7.5944886
Rax	-15.108809	-11.654931
Lman1	-11.020735	-7.566857
Ccbe1	-12.968743	-9.514865
Gm50143	-15.578814	-12.124935
Gm15958	-16.089638	-12.63576
Gnal	-15.242341	-11.788463
Chmp1b	-12.53429	-9.080412
Mppe1	-13.427051	-9.973172
Impa2	-14.243813	-10.789934
B430212C06Rik	-17.188251	-13.734373
Cidea	-12.644957	-9.191078
Tubb6	-11.720191	-8.266313
Afg3l2	-12.793802	-9.339924
Prelid3a	-15.242341	-11.788463
Spire1	-12.998596	-9.544718
Cep76	-14.192519	-10.738641
Psmg2	-11.920393	-8.466515
Ptpn2	-12.191039	-8.737161
Gm26910	-15.396492	-11.942614
Seh1l	-12.376067	-8.922189
Cep192	-13.217959	-9.764081
Ldlrad4	-11.951809	-8.497931
Gm41764	-14.991027	-11.537148
Fam210a	-12.857518	-9.40364
Rnmt	-12.524812	-9.070933
Tcf4	-10.102349	-6.6484714
Ccdc68	-12.070257	-8.616379
Rab27b	-12.573131	-9.119252
4930503L19Rik	-13.256426	-9.802547
Stard6	-15.242341	-11.788463
Poli	-14.549193	-11.095315
Mbd2	-11.553461	-8.099583
Mex3c	-12.290411	-8.836533
Smad4	-11.395237	-7.941359
Elac1	-13.474679	-10.020801
Me2	-13.093906	-9.640028
Mapk4	-14.703344	-11.249466
Cxxc1	-11.951809	-8.497931
Mbd1	-12.040756	-8.586878
Cfap53	-16.495104	-13.041225
Myo5b	-15.801957	-12.348079
Acaa2	-11.3771105	-7.9232326
Rpl17	-8.552386	-5.0985084
BC031181	-10.769886	-7.316008
Dym	-12.884186	-9.430307
Smad7	-11.169658	-7.71578
Ctif	-12.524812	-9.070933
Zbtb7c	-14.010198	-10.556319
2900057B20Rik	-16.495104	-13.041225
Smad2	-12.603284	-9.1494055
Ier3ip1	-10.458426	-7.0045485
Hdhd2	-12.313054	-8.859176
Pias2	-13.256426	-9.802547
Rnf165	-14.010198	-10.556319
8030462N17Rik	-13.045116	-9.591238
A330094K24Rik	-16.495104	-13.041225
Haus1	-13.381589	-9.927711
Atp5a1	-9.983358	-6.5294805
Pstpip2	-16.495104	-13.041225
Epg5	-14.097209	-10.643331
Gm6133	-14.549193	-11.095315
Setbp1	-11.32462	-7.8707423
Pard6g	-12.911585	-9.457706
Adnp2	-13.029368	-9.57549
Rbfa	-12.177616	-8.723738
Gm16286	-11.288354	-7.834476
Txnl4a	-11.56063	-8.106751
Hsbp1l1	-15.801957	-12.348079
Pqlc1	-12.831542	-9.377664
Kcng2	-16.089638	-12.63576
Ctdp1	-13.6047325	-10.150854
Nfatc1	-12.9541445	-9.500266
Atp9b	-12.655652	-9.201774
Sall3	-17.188251	-13.734373
B020010K11Rik	-15.108809	-11.654931
Mbp	-14.6233015	-11.169423
Zfp236	-13.632903	-10.179025
Gm30889	-17.188251	-13.734373
Zfp516	-12.434661	-8.9807825
4933401L05Rik	-17.188251	-13.734373
Tshz1	-11.978765	-8.524886
Zadh2	-12.603284	-9.1494055
Zfp407	-13.499372	-10.045493
Cndp1	-17.188251	-13.734373
Cndp2	-12.452053	-8.998175
Dipk1c	-16.089638	-12.63576
Cyb5a	-9.69828	-6.2444024
Fbxo15	-17.188251	-13.734373
Timm21	-12.53429	-9.080412
Socs6	-12.644957	-9.191078
Rttn	-14.355038	-10.901159
Dok6	-17.188251	-13.734373
Tmx3	-11.6829195	-8.229041
Gm45871	-14.097209	-10.643331
Ighmbp2	-14.243813	-10.789934
Mrpl21	-11.429349	-7.975471
Cpt1a	-12.239491	-8.785613
Tesmin	-17.188251	-13.734373
Gal	-15.108809	-11.654931
Ppp6r3	-11.831665	-8.377787
Lrp5	-12.655652	-9.201774
Gm36608	-14.549193	-11.095315
1810055G02Rik	-12.344064	-8.890185
Kmt5b	-11.812973	-8.359095
Gm16066	-17.188251	-13.734373
Chka	-12.157813	-8.703935
Tcirg1	-13.077377	-9.623499
Ndufs8	-11.079003	-7.6251254
Aldh3b1	-14.703344	-11.249466
Unc93b1	-13.856047	-10.402168
Acy3	-13.35961	-9.905731
4833408A19Rik	-14.885666	-11.4317875
Nudt8	-13.217959	-9.764081
Doc2g	-15.242341	-11.788463
Ndufv1	-11.085692	-7.6318145
Gstp1	-10.378109	-6.924231
Gstp2	-13.892414	-10.438536
Cdk2ap2	-10.825223	-7.371345
Pitpnm1	-13.077377	-9.623499
Aip	-11.159972	-7.7060943
Tmem134	-10.849657	-7.395779
Coro1b	-13.381589	-9.927711
Rps6kb2	-13.029368	-9.57549
Carns1	-12.968743	-9.514865
Gm17552	-16.089638	-12.63576
Ppp1ca	-10.3562975	-6.9024196
Gm50251	-17.188251	-13.734373
Rad9a	-14.052757	-10.598879
Gm30082	-16.089638	-12.63576
Clcf1	-14.143728	-10.68985
Pold4	-11.119825	-7.6659474
1500032F14Rik	-17.188251	-13.734373
Ssh3	-14.192519	-10.738641
Ankrd13d	-14.885666	-11.4317875
Grk2	-12.040756	-8.586878
Kdm2a	-11.627569	-8.173691
Rhod	-12.7223425	-9.268464
A930001C03Rik	-17.188251	-13.734373
Syt12	-15.108809	-11.654931
Pcx	-14.415663	-10.961784
Lrfn4	-13.577333	-10.123455
Rce1	-12.328439	-8.87456
Gm960	-17.188251	-13.734373
Sptbn2	-17.188251	-13.734373
Rbm4b	-12.897792	-9.443913
Rbm4	-13.045116	-9.591238
Rbm14	-13.029368	-9.57549
Ccs	-11.454909	-8.001031
Ctsf	-11.429349	-7.975471
Actn3	-17.188251	-13.734373
Zdhhc24	-14.885666	-11.4317875
Bbs1	-14.192519	-10.738641
Dpp3	-12.443319	-8.989441
Peli3	-13.722515	-10.268637
Mrpl11	-11.799179	-8.345301
Npas4	-14.991027	-11.537148
Slc29a2	-16.089638	-12.63576
B4gat1	-11.973315	-8.519437
Brms1	-12.925571	-9.471693
Rin1	-15.801957	-12.348079
Cd248	-10.947975	-7.494097
Tmem151a	-14.297879	-10.844001
Gm46658	-16.495104	-13.041225
Yif1a	-11.487807	-8.033929
Cnih2	-16.495104	-13.041225
Rab1b	-11.467939	-8.014061
Klc2	-13.550665	-10.0967865
Gm10817	-16.089638	-12.63576
Pacs1	-12.911585	-9.457706
Sf3b2	-10.355219	-6.901341
Gm50203	-16.495104	-13.041225
Gal3st3	-14.192519	-10.738641
Cst6	-14.480201	-11.026322
Banf1	-10.737781	-7.2839026
Eif1ad	-12.733904	-9.2800255
Sart1	-12.100655	-8.646776
D330050I16Rik	-15.578814	-12.124935
4930481A15Rik	-13.661891	-10.208013
Drap1	-10.052564	-6.5986857
AI837181	-11.8701315	-8.416253
Fosl1	-16.495104	-13.041225
Ccdc85b	-10.447732	-6.993854
Fibp	-12.1512985	-8.69742
Efemp2	-10.686961	-7.2330832
Mus81	-13.1452	-9.691321
Cfl1	-9.831333	-6.377455
Snx32	-13.199267	-9.745389
1700020D05Rik	-16.495104	-13.041225
Ap5b1	-15.578814	-12.124935
Rnaseh2c	-10.898536	-7.444658
Kat5	-12.583081	-9.129203
Rela	-11.553461	-8.099583
Sipa1	-13.180918	-9.727039
Pcnx3	-12.603284	-9.1494055
Map3k11	-13.722515	-10.268637
Ehbp1l1	-11.285618	-7.83174
Fam89b	-11.467939	-8.014061
Znrd2	-11.957143	-8.503264
Ltbp3	-10.124347	-6.670469
Scyl1	-11.750172	-8.296293
Malat1	-5.2661667	-1.8122891
Neat1	-10.4986515	-7.0447736
Frmd8os	-15.242341	-11.788463
Frmd8	-13.276228	-9.82235
Slc25a45	-15.396492	-11.942614
Dpf2	-12.409127	-8.955249
Gm42067	-14.6233015	-11.169423
Cdc42ep2	-12.351969	-8.89809
Pola2	-13.787054	-10.333176
Capn1	-12.2682705	-8.814392
Gm10814	-17.188251	-13.734373
Syvn1	-12.793802	-9.339924
Mrpl49	-12.478721	-9.024842
Fau	-7.8310432	-4.377166
Znhit2	-12.7456	-9.291721
Tm7sf2	-14.415663	-10.961784
Vps51	-13.162899	-9.709021
Zfpl1	-12.088385	-8.634506
Sac3d1	-12.524812	-9.070933
Snx15	-12.806225	-9.352346
Arl2	-11.467939	-8.014061
Batf2	-17.188251	-13.734373
Gpha2	-15.801957	-12.348079
Ppp2r5b	-13.013864	-9.559985
Atg2a	-13.013864	-9.559985
Ehd1	-11.66679	-8.212912
Cdc42bpg	-14.143728	-10.68985
Men1	-12.998596	-9.544718
Map4k2	-13.450582	-9.996703
Gm14966	-14.991027	-11.537148
Sf1	-11.521825	-8.067946
Pygm	-12.184305	-8.730427
Rasgrp2	-11.5114975	-8.057619
Nrxn2	-13.632903	-10.179025
Gm14964	-15.242341	-11.788463
CAAA01066123.1	-16.495104	-13.041225
Rps6ka4	-15.578814	-12.124935
Ccdc88b	-16.495104	-13.041225
Prdx5	-10.222227	-6.768349
Trmt112	-10.6328945	-7.1790166
Esrra	-13.162899	-9.709021
Kcnk4	-17.188251	-13.734373
Gpr137	-12.806225	-9.352346
Bad	-11.707612	-8.253734
Plcb3	-12.553522	-9.099644
Ppp1r14b	-10.634317	-7.1804395
Fkbp2	-10.444192	-6.990314
Vegfb	-11.73293	-8.279052
Dnajc4	-11.930756	-8.476877
Nudt22	-12.911585	-9.457706
Trpt1	-13.52469	-10.070811
Fermt3	-15.396492	-11.942614
Stip1	-11.232413	-7.7785354
Macrod1	-11.973315	-8.519437
AC109619.1	-14.703344	-11.249466
Flrt1	-13.754264	-10.300385
Otub1	-11.984244	-8.530366
Cox8a	-8.886729	-5.4328513
Naa40	-13.856047	-10.402168
Rcor2	-16.089638	-12.63576
Mark2	-11.711787	-8.257909
Gm17227	-17.188251	-13.734373
Spindoc	-13.31705	-9.863172
Gm50232	-15.578814	-12.124935
1700105P06Rik	-16.089638	-12.63576
2700081O15Rik	-12.40076	-8.946881
Rtn3	-10.839112	-7.3852344
Atl3	-10.942144	-7.4882665
Plaat3	-12.328439	-8.87456
Slc3a2	-11.707612	-8.253734
Snhg1	-11.711787	-8.257909
Wdr74	-12.417566	-8.963688
Stx5a	-11.790089	-8.33621
Nxf1	-12.359938	-8.906059
Tmem223	-11.010307	-7.5564294
Tmem179b	-12.012101	-8.558223
Taf6l	-13.892414	-10.438536
Polr2g	-11.518371	-8.064492
Zbtb3	-15.801957	-12.348079
Ttc9c	-13.077377	-9.623499
Hnrnpul2	-11.024937	-7.5710588
Gng3	-15.801957	-12.348079
Bscl2	-11.546344	-8.092465
Lrrn4cl	-13.093906	-9.640028
Ubxn1	-10.30684	-6.852962
Uqcc3	-11.504671	-8.050793
Lbhd1	-15.801957	-12.348079
1810009A15Rik	-12.939755	-9.485877
Ints5	-13.199267	-9.745389
Ganab	-11.772151	-8.318273
B3gat3	-11.946504	-8.492625
Rom1	-12.806225	-9.352346
Eml3	-13.061116	-9.607238
Gm10353	-15.801957	-12.348079
Mta2	-12.487771	-9.033893
Tut1	-13.969376	-10.515497
Eef1g	-9.916548	-6.46267
Ahnak	-8.606207	-5.152329
Scgb1a1	-17.188251	-13.734373
Asrgl1	-12.583081	-9.129203
Gm50321	-15.801957	-12.348079
Incenp	-14.703344	-11.249466
Gm50340	-16.495104	-13.041225
Fth1	-6.4119644	-2.958087
Best1	-14.885666	-11.4317875
Rab3il1	-12.806225	-9.352346
Fads3	-11.57148	-8.117601
Fads2	-12.138395	-8.684517
Fads1	-11.803756	-8.349877
Fen1	-14.885666	-11.4317875
Tmem258	-10.225061	-6.7711835
Myrf	-13.1452	-9.691321
Dagla	-14.097209	-10.643331
Syt7	-16.495104	-13.041225
Sdhaf2	-12.524812	-9.070933
Cpsf7	-12.336221	-8.882342
Tmem216	-13.077377	-9.623499
Tmem138	-12.857518	-9.40364
Cyb561a3	-13.691744	-10.237865
Tkfc	-14.480201	-11.026322
Ddb1	-10.840862	-7.3869843
Vwce	-16.495104	-13.041225
Vps37c	-13.077377	-9.623499
A430093F15Rik	-16.089638	-12.63576
Slc15a3	-17.188251	-13.734373
Tmem132a	-12.336221	-8.882342
Tmem109	-10.860314	-7.4064364
Prpf19	-11.855533	-8.401654
Zp1	-17.188251	-13.734373
Ccdc86	-12.998596	-9.544718
Gm28347	-17.188251	-13.734373
AW112010	-13.550665	-10.0967865
Ms4a6c	-16.495104	-13.041225
Ms4a6b	-17.188251	-13.734373
Ms4a4d	-12.138395	-8.684517
Ms4a6d	-17.188251	-13.734373
Mrpl16	-12.460863	-9.006985
Stx3	-13.450582	-9.996703
Patl1	-13.52469	-10.070811
Osbp	-11.941227	-8.487349
Dtx4	-13.029368	-9.57549
A330040F15Rik	-17.188251	-13.734373
Fam111a	-13.029368	-9.57549
Gm4952	-17.188251	-13.734373
Cntf	-15.801957	-12.348079
Zfp91	-10.340246	-6.8863683
Lpxn	-17.188251	-13.734373
Olfr1489	-17.188251	-13.734373
Tle4	-12.38423	-8.930351
Psat1	-14.480201	-11.026322
Cep78	-14.192519	-10.738641
Gnaq	-11.269358	-7.8154798
Gna14	-16.495104	-13.041225
Vps13a	-11.879983	-8.426105
Prune2	-14.885666	-11.4317875
Gcnt1	-15.396492	-11.942614
Rfk	-11.978765	-8.524886
Pcsk5	-11.410599	-7.956721
Ostf1	-10.983693	-7.529815
Nmrk1	-13.6047325	-10.150854
Carnmt1	-12.2537775	-8.799899
D030056L22Rik	-13.093906	-9.640028
Trpm6	-17.188251	-13.734373
Rorb	-17.188251	-13.734373
Anxa1	-9.90343	-6.449552
Aldh1a1	-11.72442	-8.270541
Aldh1a7	-17.188251	-13.734373
Zfand5	-10.703616	-7.249738
Gda	-12.320717	-8.866838
1110059E24Rik	-12.359938	-8.906059
Abhd17b	-11.781079	-8.327201
Cemip2	-12.3679695	-8.914091
Trpm3	-13.52469	-10.070811
Gm50136	-16.495104	-13.041225
2410080I02Rik	-13.892414	-10.438536
Klf9	-9.516424	-6.0625463
Smc5	-12.434661	-8.9807825
Mamdc2	-12.939755	-9.485877
Ptar1	-12.197819	-8.74394
Apba1	-13.276228	-9.82235
Fam189a2	-13.754264	-10.300385
Tjp2	-12.197819	-8.74394
Fxn	-12.939755	-9.485877
Pip5k1b	-13.499372	-10.045493
Fam122a	-12.113077	-8.659199
Gm50341	-17.188251	-13.734373
Tmem252	-15.801957	-12.348079
Pgm5	-11.398291	-7.9444127
Gm10053	-14.885666	-11.4317875
Cbwd1	-13.237007	-9.783129
Dock8	-12.688441	-9.234563
Kank1	-10.784677	-7.3307986
Smarca2	-10.424366	-6.970488
Gm35438-1	-17.188251	-13.734373
Vldlr	-10.92295	-7.469072
Pum3	-12.204644	-8.750766
Rfx3	-14.192519	-10.738641
Glis3	-14.480201	-11.026322
Slc1a1	-16.495104	-13.041225
4430402I18Rik	-14.192519	-10.738641
Plpp6	-13.276228	-9.82235
Cdc37l1	-11.159972	-7.7060943
Ak3	-11.1291275	-7.6752496
1700018L02Rik	-16.089638	-12.63576
Gm9895	-16.495104	-13.041225
Rcl1	-13.577333	-10.123455
Jak2	-12.2537775	-8.799899
Insl6	-15.578814	-12.124935
Plgrkt	-11.589829	-8.135951
Cd274	-15.396492	-11.942614
Pdcd1lg2	-17.188251	-13.734373
A930007I19Rik	-15.242341	-11.788463
Ric1	-12.478721	-9.024842
Ermp1	-12.3679695	-8.914091
Mlana	-14.6233015	-11.169423
9930021J03Rik	-11.941227	-8.487349
Ranbp6	-13.276228	-9.82235
Il33	-11.616097	-8.162219
Uhrf2	-11.941227	-8.487349
Gldc	-16.495104	-13.041225
Prkg1	-11.601003	-8.147124
Cstf2t	-13.35961	-9.905731
Asah2	-13.276228	-9.82235
Sgms1	-12.452053	-8.998175
2700046G09Rik	-14.6233015	-11.169423
Rpl9-ps6	-12.61354	-9.159661
Minpp1	-12.688441	-9.234563
Papss2	-12.282976	-8.829098
Atad1	-12.409127	-8.955249
Pten	-10.682467	-7.2285895
Gm29863	-17.188251	-13.734373
Lipo3	-12.793802	-9.339924
Stambpl1	-14.243813	-10.789934
Acta2	-5.94695	-2.4930725
Fas	-11.508079	-8.0542
Ch25h	-16.495104	-13.041225
Lipa	-11.910136	-8.456258
Ifit2	-13.110714	-9.656836
Ifit3	-12.644957	-9.191078
Ifit1bl1	-17.188251	-13.734373
Ifit3b	-14.143728	-10.68985
Ifit1	-13.550665	-10.0967865
Slc16a12	-15.578814	-12.124935
Pank1	-13.499372	-10.045493
Kif20b	-15.396492	-11.942614
A830019P07Rik	-17.188251	-13.734373
Rpp30	-12.563278	-9.1094
Ankrd1	-11.935978	-8.4821
Gm32027	-17.188251	-13.734373
Pcgf5	-11.35344	-7.8995624
Hectd2	-13.499372	-10.045493
Hectd2os	-16.089638	-12.63576
Ppp1r3c	-14.192519	-10.738641
Tnks2	-11.686993	-8.233114
Fgfbp3	-14.192519	-10.738641
Btaf1	-12.603284	-9.1494055
Cpeb3	-13.029368	-9.57549
March5	-11.398291	-7.9444127
Ide	-11.691083	-8.237205
Hhex	-15.396492	-11.942614
Exoc6	-13.450582	-9.996703
Cyp26a1	-17.188251	-13.734373
Myof	-11.145618	-7.6917405
I830134H01Rik	-17.188251	-13.734373
Cep55	-17.188251	-13.734373
Ffar4	-15.801957	-12.348079
Rbp4	-8.865371	-5.4114933
Fra10ac1	-11.951809	-8.497931
Lgi1	-13.691744	-10.237865
Slc35g1	-14.703344	-11.249466
Plce1	-11.941227	-8.487349
Noc3l	-13.029368	-9.57549
Tbc1d12	-12.082306	-8.6284275
Hells	-14.6233015	-11.169423
Pdlim1	-10.282497	-6.8286195
Sorbs1	-11.915252	-8.461373
A930028N01Rik	-16.089638	-12.63576
Aldh18a1	-12.870763	-9.416884
Gm27042	-17.188251	-13.734373
Tctn3	-14.480201	-11.026322
Entpd1	-11.110609	-7.656731
Ccnj	-16.089638	-12.63576
Zfp518a	-13.550665	-10.0967865
Tm9sf3	-10.260694	-6.8068156
Lcor	-12.857518	-9.40364
Arhgap19	-15.578814	-12.124935
Frat1	-17.188251	-13.734373
Frat2	-15.396492	-11.942614
Rrp12	-14.052757	-10.598879
Pgam1	-10.799689	-7.3458114
Exosc1	-12.125656	-8.671778
Zdhhc16	-12.968743	-9.514865
Mms19	-13.110714	-9.656836
Ubtd1	-13.013864	-9.559985
Hoga1	-14.885666	-11.4317875
Morn4	-15.801957	-12.348079
Pi4k2a	-12.2537775	-8.799899
Avpi1	-11.674822	-8.220943
Marveld1	-10.419758	-6.96588
Zfyve27	-13.061116	-9.607238
R3hcc1l	-13.110714	-9.656836
Loxl4	-15.242341	-11.788463
Pyroxd2	-15.396492	-11.942614
Hps1	-13.474679	-10.020801
Got1	-13.427051	-9.973172
Nkx2-3	-17.188251	-13.734373
Slc25a28	-12.644957	-9.191078
BC037704	-16.495104	-13.041225
Entpd7	-13.892414	-10.438536
Cox15	-13.856047	-10.402168
Cutc	-13.180918	-9.727039
Dnmbp	-13.499372	-10.045493
Cpn1	-17.188251	-13.734373
Cyp2c23	-16.089638	-12.63576
Erlin1	-13.52469	-10.070811
Chuk	-12.603284	-9.1494055
Cwf19l1	-14.192519	-10.738641
Bloc1s2	-12.911585	-9.457706
Scd2	-11.126794	-7.672916
Scd4	-16.495104	-13.041225
Scd1	-12.076263	-8.622385
Ndufb8	-10.187917	-6.734039
Hif1an	-13.52469	-10.070811
Pax2	-16.495104	-13.041225
Slf2	-12.688441	-9.234563
Sema4g	-15.578814	-12.124935
Mrpl43	-11.395237	-7.941359
Twnk	-14.010198	-10.556319
Lzts2	-11.471224	-8.017345
Pdzd7	-15.801957	-12.348079
Sfxn3	-11.905047	-8.451169
Gm35867	-17.188251	-13.734373
Kazald1	-11.214441	-7.7605634
Tlx1	-16.495104	-13.041225
Btrc	-12.76941	-9.315532
Poll	-13.930155	-10.476276
Gm17018	-12.211517	-8.757639
Fbxw4	-13.077377	-9.623499
Npm3	-11.750172	-8.296293
Gm15491	-17.188251	-13.734373
Oga	-12.088385	-8.634506
Kcnip2	-17.188251	-13.734373
Armh3	-14.052757	-10.598879
Gm50196	-17.188251	-13.734373
4930505N22Rik	-17.188251	-13.734373
Hps6	-14.143728	-10.68985
Ldb1	-11.884946	-8.431067
Pprc1	-12.968743	-9.514865
Nolc1	-11.794623	-8.340745
Elovl3	-16.495104	-13.041225
Gbf1	-11.589829	-8.135951
4833438C02Rik	-14.243813	-10.789934
Nfkb2	-12.563278	-9.1094
Psd	-13.722515	-10.268637
Fbxl15	-12.983559	-9.52968
Cuedc2	-10.871086	-7.417208
Mfsd13a	-16.089638	-12.63576
2310034G01Rik	-15.396492	-11.942614
Actr1a	-11.941227	-8.487349
Sufu	-13.077377	-9.623499
Trim8	-12.40076	-8.946881
Arl3	-10.919155	-7.465277
Sfxn2	-14.243813	-10.789934
Wbp1l	-12.2682705	-8.814392
Borcs7	-11.6829195	-8.229041
As3mt	-13.930155	-10.476276
Cnnm2	-13.338103	-9.884225
Gm50431	-14.549193	-11.095315
Nt5c2	-12.211517	-8.757639
Ina	-16.089638	-12.63576
Pcgf6	-13.338103	-9.884225
Taf5	-13.404061	-9.950183
Atp5md	-9.525783	-6.071905
Pdcd11	-12.040756	-8.586878
Calhm2	-12.573131	-9.119252
Neurl1a	-15.108809	-11.654931
Gm36693	-17.188251	-13.734373
Sh3pxd2a	-10.725222	-7.2713437
Stn1	-13.381589	-9.927711
Slk	-11.491158	-8.037279
Gm50358	-17.188251	-13.734373
Sfr1	-9.910313	-6.4564347
Cfap43	-16.089638	-12.63576
Gsto1	-12.50612	-9.052241
Gsto2	-15.242341	-11.788463
Itprip	-14.010198	-10.556319
Sorcs3	-17.188251	-13.734373
Xpnpep1	-12.119347	-8.665468
Add3	-11.227245	-7.7733674
Mxi1	-12.132006	-8.678127
Gm30541	-17.188251	-13.734373
Smndc1	-11.654861	-8.200983
8030456M14Rik	-15.801957	-12.348079
Dusp5	-13.450582	-9.996703
Nutf2-ps1	-14.703344	-11.249466
Smc3	-10.983693	-7.529815
Rbm20	-14.355038	-10.901159
Gm16299	-17.188251	-13.734373
Pdcd4	-11.044065	-7.5901875
Bbip1	-11.336048	-7.88217
Shoc2	-11.841144	-8.387265
Adra2a	-17.188251	-13.734373
Gpam	-13.499372	-10.045493
Gm31356	-16.495104	-13.041225
Gucy2g	-17.188251	-13.734373
Acsl5	-12.593131	-9.139253
Zdhhc6	-12.710915	-9.257036
Vti1a	-13.077377	-9.623499
Tcf7l2	-11.037648	-7.5837703
Ppnr	-14.885666	-11.4317875
Nrap	-14.790356	-11.336477
Casp7	-13.661891	-10.208013
Dclre1a	-13.754264	-10.300385
Nhlrc2	-12.177616	-8.723738
Adrb1	-15.396492	-11.942614
Gm50100	-16.089638	-12.63576
Ccdc186	-11.521825	-8.067946
Afap1l2	-14.480201	-11.026322
Ablim1	-10.765004	-7.311126
B230217O12Rik	-15.242341	-11.788463
Fam160b1	-11.737212	-8.283334
Trub1	-13.6047325	-10.150854
Atrnl1	-12.2537775	-8.799899
Gfra1	-16.089638	-12.63576
Hspa12a	-13.754264	-10.300385
Shtn1	-15.242341	-11.788463
Slc18a2	-17.188251	-13.734373
Pdzd8	-12.1512985	-8.69742
Gm17203	-16.495104	-13.041225
Rab11fip2	-11.845917	-8.392038
E330013P04Rik	-17.188251	-13.734373
Fam204a	-12.2537775	-8.799899
Cacul1	-12.573131	-9.119252
Nanos1	-14.790356	-11.336477
Eif3a	-10.074295	-6.620417
Fam45a	-12.54386	-9.089982
Sfxn4	-14.010198	-10.556319
Prdx3	-11.925561	-8.471683
Grk5	-12.53429	-9.080412
Zfp950	-11.989754	-8.535875
Csf2ra	-14.143728	-10.68985
Nudt11	-15.242341	-11.788463
Nudt10	-15.242341	-11.788463
Shroom4	-13.856047	-10.402168
Dgkk	-15.578814	-12.124935
Clcn5	-13.52469	-10.070811
Usp27x	-14.790356	-11.336477
Gm14379	-15.578814	-12.124935
2010204K13Rik	-15.108809	-11.654931
Ppp1r3f	-14.885666	-11.4317875
Flicr	-17.188251	-13.734373
Ccdc22	-13.404061	-9.950183
Syp	-14.355038	-10.901159
Gm14703	-17.188251	-13.734373
Prickle3	-13.550665	-10.0967865
Plp2	-11.481141	-8.027263
Gpkow	-13.404061	-9.950183
Wdr45	-12.50612	-9.052241
Praf2	-11.678863	-8.224984
Ccdc120	-15.242341	-11.788463
Tfe3	-12.515422	-9.061543
Gripap1	-12.336221	-8.882342
Kcnd1	-15.396492	-11.942614
Otud5	-12.38423	-8.930351
Pim2	-14.885666	-11.4317875
Slc35a2	-12.593131	-9.139253
Pqbp1	-11.920393	-8.466515
Timm17b	-11.458151	-8.004272
Pcsk1n	-14.192519	-10.738641
Hdac6	-13.820955	-10.367077
Suv39h1	-14.052757	-10.598879
Wdr13	-12.50612	-9.052241
Rbm3	-10.187917	-6.734039
Rbm3os	-17.188251	-13.734373
Tbc1d25	-14.297879	-10.844001
Ebp	-11.808353	-8.354475
Porcn	-13.276228	-9.82235
Ftsj1	-13.013864	-9.559985
B630019K06Rik	-15.578814	-12.124935
Lancl3	-12.524812	-9.070933
Gm14862	-17.188251	-13.734373
Xk	-12.38423	-8.930351
H2al1m	-16.089638	-12.63576
Dynlt3	-10.904117	-7.4502387
Hypm	-17.188251	-13.734373
Sytl5	-13.691744	-10.237865
Srpx	-11.703454	-8.249576
Rpgr	-14.885666	-11.4317875
Tspan7	-12.225407	-8.771528
Mid1ip1	-11.889934	-8.436055
Gm14493	-17.188251	-13.734373
Bcor	-12.54386	-9.089982
Atp6ap2	-11.124466	-7.670588
1810030O07Rik	-12.7223425	-9.268464
Med14	-12.677392	-9.223514
5730405O15Rik	-16.089638	-12.63576
Usp9x	-11.002043	-7.548165
Ddx3x	-10.391427	-6.937549
Nyx	-16.495104	-13.041225
Cask	-12.297902	-8.844024
Gpr82	-17.188251	-13.734373
Maoa	-12.553522	-9.099644
Maob	-12.275597	-8.821718
Ndp	-14.243813	-10.789934
Efhc2	-14.703344	-11.249466
Fundc1	-12.593131	-9.139253
Kdm6a	-12.710915	-9.257036
Gm14636	-14.885666	-11.4317875
Chst7	-14.885666	-11.4317875
Slc9a7	-17.188251	-13.734373
Rp2	-12.793802	-9.339924
Jade3	-15.108809	-11.654931
Ndufb11	-9.772474	-6.3185964
Rbm10	-13.093906	-9.640028
Uba1	-11.167228	-7.71335
Cdk16	-12.132006	-8.678127
Usp11	-13.856047	-10.402168
Araf	-11.741513	-8.287635
Syn1	-15.396492	-11.942614
Timp1	-10.983693	-7.529815
Cfp	-14.885666	-11.4317875
Elk1	-13.217959	-9.764081
Uxt	-12.553522	-9.099644
A230072C01Rik	-14.991027	-11.537148
Zfp182	-13.754264	-10.300385
Zfp300	-14.480201	-11.026322
Gm6938	-17.188251	-13.734373
Slc6a14	-16.495104	-13.041225
Klhl13	-12.38423	-8.930351
Wdr44	-12.496903	-9.043025
Dock11	-12.634375	-9.180496
Il13ra1	-12.897792	-9.443913
Zcchc12	-17.188251	-13.734373
Lonrf3	-14.991027	-11.537148
Pgrmc1	-10.786334	-7.332456
Akap17b	-13.180918	-9.727039
Slc25a43	-14.991027	-11.537148
Slc25a5	-10.454849	-7.0009713
C330007P06Rik	-12.113077	-8.659199
Ube2a	-11.670798	-8.21692
Nkrf	-14.010198	-10.556319
Sept6	-12.177616	-8.723738
Rpl39	-7.81121	-4.3573327
Upf3b	-12.058352	-8.604474
Nkap	-12.119347	-8.665468
Ndufa1	-9.828783	-6.374905
Rnf113a1	-14.549193	-11.095315
Zbtb33	-13.856047	-10.402168
Lamp2	-10.392546	-6.938668
Gm7598	-16.495104	-13.041225
Cul4b	-12.9541445	-9.500266
Mcts1	-11.703454	-8.249576
C1galt1c1	-12.3054495	-8.851571
6030498E09Rik	-17.188251	-13.734373
Gria3	-12.968743	-9.514865
Thoc2	-10.904117	-7.4502387
Xiap	-11.37114	-7.9172616
Stag2	-11.155165	-7.701287
Tenm1	-17.188251	-13.734373
Dcaf12l1	-17.188251	-13.734373
Smarca1	-13.404061	-9.950183
Ocrl	-12.710915	-9.257036
Xpnpep2	-14.143728	-10.68985
Zdhhc9	-12.939755	-9.485877
Utp14a	-12.688441	-9.234563
Bcorl1	-12.884186	-9.430307
Elf4	-13.661891	-10.208013
Aifm1	-12.282976	-8.829098
Rab33a	-16.089638	-12.63576
Zfp280c	-13.856047	-10.402168
Slc25a14	-13.52469	-10.070811
Rbmx2	-12.793802	-9.339924
Enox2	-13.061116	-9.607238
Arhgap36	-17.188251	-13.734373
Igsf1	-16.495104	-13.041225
Firre	-13.499372	-10.045493
Stk26	-13.217959	-9.764081
Rap2c	-12.710915	-9.257036
Hs6st2	-14.297879	-10.844001
Gpc4	-12.655652	-9.201774
Gpc3	-11.209365	-7.755487
Ccdc160	-16.495104	-13.041225
Phf6	-13.127808	-9.673929
Hprt	-11.836393	-8.382515
Gm28730	-17.188251	-13.734373
C430049B03Rik	-15.396492	-11.942614
Fam122b	-15.396492	-11.942614
Mospd1	-13.093906	-9.640028
Gm14597	-17.188251	-13.734373
Rtl8c	-14.885666	-11.4317875
Rtl8a	-11.56785	-8.113972
Rtl8b	-12.1512985	-8.69742
4930502E18Rik	-17.188251	-13.734373
Xlr	-14.885666	-11.4317875
3830403N18Rik	-15.108809	-11.654931
Zfp449	-13.061116	-9.607238
Smim10l2a	-15.801957	-12.348079
Ints6l	-12.53429	-9.080412
Mmgt1	-12.563278	-9.1094
Slc9a6	-12.553522	-9.099644
Fhl1	-9.36741	-5.9135323
Map7d3	-13.722515	-10.268637
Htatsf1	-11.3476095	-7.8937316
Arhgef6	-12.54386	-9.089982
Rbmx	-12.870763	-9.416884
Fgf13	-13.127808	-9.673929
Atp11c	-13.1452	-9.691321
Cdr1os	-15.801957	-12.348079
Slitrk2	-17.188251	-13.734373
Fmr1	-11.930756	-8.476877
Fmr1nb	-17.188251	-13.734373
Gm14698	-16.089638	-12.63576
Aff2	-12.515422	-9.061543
Ids	-11.501276	-8.047398
1110012L19Rik	-12.38423	-8.930351
Tmem185a	-12.655652	-9.201774
Mamld1	-13.029368	-9.57549
Mtm1	-13.256426	-9.802547
Mtmr1	-12.806225	-9.352346
Cd99l2	-11.899984	-8.446106
Hmgb3	-13.661891	-10.208013
Vma21	-11.6829195	-8.229041
Gm1141	-16.495104	-13.041225
Prrg3	-12.177616	-8.723738
Gabre	-12.844445	-9.390567
Gabra3	-11.263995	-7.8101172
Gabrq	-15.578814	-12.124935
Cetn2	-11.085692	-7.6318145
Nsdhl	-13.856047	-10.402168
Zfp185	-14.480201	-11.026322
Xlr4a	-15.578814	-12.124935
Xlr3b	-14.480201	-11.026322
Xlr4b	-16.495104	-13.041225
F8a	-13.217959	-9.764081
Zfp275	-12.655652	-9.201774
Haus7	-13.338103	-9.884225
Bgn	-7.4910493	-4.037172
Pnck	-12.376067	-8.922189
Slc6a8	-11.905047	-8.451169
Bcap31	-10.562859	-7.1089807
Abcd1	-13.127808	-9.673929
Plxnb3	-17.188251	-13.734373
Srpk3	-13.045116	-9.591238
Idh3g	-11.333179	-7.8793015
Ssr4	-9.551498	-6.097621
Pdzd4	-13.093906	-9.640028
L1cam	-15.242341	-11.788463
Naa10	-11.826959	-8.37308
Renbp	-13.52469	-10.070811
Hcfc1	-12.164371	-8.710492
Irak1	-11.66679	-8.212912
Mecp2	-11.635291	-8.181413
Flna	-7.9812155	-4.527338
Emd	-11.169658	-7.71578
Rpl10	-8.488569	-5.034692
Dnase1l1	-12.666463	-9.2125845
Taz	-12.417566	-8.963688
Atp6ap1	-10.726783	-7.272905
Gdi1	-11.619906	-8.166028
Fam50a	-11.616097	-8.162219
Plxna3	-14.6233015	-11.169423
Lage3	-11.582449	-8.128571
Ubl4a	-12.100655	-8.646776
Slc10a3	-14.052757	-10.598879
Fam3a	-12.119347	-8.665468
Ikbkg	-13.180918	-9.727039
G6pdx	-12.53429	-9.080412
Gab3	-14.790356	-11.336477
Dkc1	-12.336221	-8.882342
Mpp1	-12.170971	-8.7170925
F8	-15.396492	-11.942614
Fundc2	-10.602079	-7.1482015
Cmc4	-12.968743	-9.514865
Mtcp1	-14.355038	-10.901159
Brcc3	-12.2537775	-8.799899
Vbp1	-11.899984	-8.446106
Rab39b	-13.892414	-10.438536
Gm15063	-16.495104	-13.041225
4933407K13Rik	-15.108809	-11.654931
Pls3	-9.21303	-5.7591524
Tbl1x	-10.798011	-7.344133
Prkx	-13.077377	-9.623499
Prrg1	-13.296431	-9.842552
Tmem47	-10.837365	-7.383487
Dmd	-10.018131	-6.5642533
Tab3	-14.097209	-10.643331
Gk	-12.831542	-9.377664
Gm14762	-17.188251	-13.734373
Il1rapl1	-16.495104	-13.041225
Pola1	-13.162899	-9.709021
Pcyt1b	-16.495104	-13.041225
Pdk3	-13.061116	-9.607238
Zfx	-11.935978	-8.4821
Eif2s3x	-11.845917	-8.392038
Klhl15	-13.474679	-10.020801
Apoo	-13.180918	-9.727039
Gm14827	-17.188251	-13.734373
Maged1	-10.492452	-7.0385737
Gspt2	-13.632903	-10.179025
Zxdb	-13.450582	-9.996703
Spin4	-13.577333	-10.123455
Arhgef9	-13.180918	-9.727039
Amer1	-12.733904	-9.2800255
Zc4h2	-14.052757	-10.598879
Zc3h12b	-13.381589	-9.927711
Las1l	-12.100655	-8.646776
Msn	-9.786409	-6.3325315
Hsf3	-16.495104	-13.041225
Heph	-13.820955	-10.367077
Gpr165	-17.188251	-13.734373
Eda2r	-14.243813	-10.789934
Ar	-10.999987	-7.5461087
Ophn1	-13.256426	-9.802547
Yipf6	-12.733904	-9.2800255
Stard8	-13.256426	-9.802547
Efnb1	-13.077377	-9.623499
Gm14809	-17.188251	-13.734373
Pja1	-12.297902	-8.844024
Eda	-14.243813	-10.789934
Igbp1	-12.046588	-8.59271
Pdzd11	-12.058352	-8.604474
Kif4	-16.089638	-12.63576
Gdpd2	-16.495104	-13.041225
Gm14866	-17.188251	-13.734373
Gm14902	-15.578814	-12.124935
Dlg3	-12.76941	-9.315532
Tex11	-16.495104	-13.041225
Snx12	-12.409127	-8.955249
Foxo4	-12.983559	-9.52968
Il2rg	-15.578814	-12.124935
Med12	-12.496903	-9.043025
Nlgn3	-13.632903	-10.179025
Zmym3	-13.276228	-9.82235
Nono	-11.3161335	-7.8622556
Itgb1bp2	-15.801957	-12.348079
Taf1	-11.905047	-8.451169
Ogt	-11.646988	-8.1931095
Nhsl2	-12.313054	-8.859176
Rtl5	-15.578814	-12.124935
Pin4	-11.356369	-7.902491
Ercc6l	-17.188251	-13.734373
Rps4x	-7.8242455	-4.370368
Cited1	-16.495104	-13.041225
Hdac8	-13.892414	-10.438536
Phka1	-13.632903	-10.179025
Chic1	-13.110714	-9.656836
Tsx	-17.188251	-13.734373
Xist	-17.188251	-13.734373
Jpx	-14.6233015	-11.169423
Ftx	-13.52469	-10.070811
Slc16a2	-12.017767	-8.563889
Rlim	-12.046588	-8.59271
Abcb7	-13.499372	-10.045493
Uprt	-15.242341	-11.788463
Zdhhc15	-15.108809	-11.654931
5530601H04Rik	-13.31705	-9.863172
Pbdc1	-12.426077	-8.9721985
Magee1	-12.7223425	-9.268464
Fgf16	-14.355038	-10.901159
Atrx	-10.43832	-6.984442
Magt1	-11.442048	-7.98817
Cox7b	-9.9811325	-6.5272546
Atp7a	-13.013864	-9.559985
Pgk1	-11.240216	-7.7863383
Taf9b	-13.499372	-10.045493
Fndc3c1	-16.495104	-13.041225
Cysltr1	-16.089638	-12.63576
Gm5127	-16.495104	-13.041225
Rtl3	-16.495104	-13.041225
Lpar4	-14.243813	-10.789934
P2ry10b	-16.089638	-12.63576
Itm2a	-12.2537775	-8.799899
2610002M06Rik	-12.844445	-9.390567
Brwd3	-13.632903	-10.179025
2810403D21Rik	-13.754264	-10.300385
Hmgn5	-11.553461	-8.099583
Sh3bgrl	-9.371834	-5.9179564
Gm6377	-16.495104	-13.041225
Rps6ka6	-17.188251	-13.734373
Hdx	-15.801957	-12.348079
Apool	-12.634375	-9.180496
Zfp711	-16.495104	-13.041225
Chm	-12.359938	-8.906059
Klhl4	-14.480201	-11.026322
Pabpc5	-16.089638	-12.63576
Pcdh11x	-13.381589	-9.927711
Nap1l3	-14.415663	-10.961784
Cldn34c1	-13.6047325	-10.150854
Diaph2	-11.341812	-7.887934
Pcdh19	-13.180918	-9.727039
Tnmd	-13.31705	-9.863172
Tspan6	-12.623903	-9.170025
Srpx2	-12.699615	-9.245736
Sytl4	-14.355038	-10.901159
Cstf2	-13.499372	-10.045493
Nox1	-16.089638	-12.63576
Xkrx	-17.188251	-13.734373
Trmt2b	-12.831542	-9.377664
Tmem35a	-13.820955	-10.367077
Cenpi	-17.188251	-13.734373
Drp2	-15.396492	-11.942614
Timm8a1	-13.093906	-9.640028
Rpl36a	-8.728051	-5.2741737
Gla	-13.969376	-10.515497
Hnrnph2	-11.785574	-8.331696
Armcx4	-13.180918	-9.727039
Armcx1	-12.563278	-9.1094
Armcx6	-14.243813	-10.789934
Armcx3	-11.619906	-8.166028
Armcx2	-12.260998	-8.807119
Zmat1	-12.911585	-9.457706
Tceal6	-12.644957	-9.191078
Armcx5	-13.180918	-9.727039
Gprasp1	-11.855533	-8.401654
Bhlhb9	-13.013864	-9.559985
Gprasp2	-12.983559	-9.52968
Arxes2	-14.6233015	-11.169423
Arxes1	-16.089638	-12.63576
Bex2	-15.801957	-12.348079
Bex4	-12.515422	-9.061543
Tceal8	-11.374121	-7.920243
Tceal5	-13.450582	-9.996703
Bex1	-16.495104	-13.041225
Tceal9	-10.09153	-6.637652
Bex3	-11.108318	-7.6544404
Tceal3	-11.646988	-8.1931095
Tceal1	-12.54386	-9.089982
Morf4l2	-10.664689	-7.210811
BC065397	-14.052757	-10.598879
Plp1	-13.930155	-10.476276
Rab9b	-15.242341	-11.788463
Tmsb15b2	-13.691744	-10.237865
Tmsb15b1	-13.6047325	-10.150854
Slc25a53	-14.991027	-11.537148
Zcchc18	-14.415663	-10.961784
Fam199x	-13.180918	-9.727039
Nrk	-14.415663	-10.961784
Pwwp3b	-13.35961	-9.905731
Rnf128	-17.188251	-13.734373
Tbc1d8b	-12.53429	-9.080412
Gm15013	-14.703344	-11.249466
Ripply1	-17.188251	-13.734373
Cldn2	-16.495104	-13.041225
Morc4	-13.474679	-10.020801
Rbm41	-14.010198	-10.556319
Frmpd3	-16.495104	-13.041225
Prps1	-13.31705	-9.863172
Tsc22d3	-11.002043	-7.548165
Mid2	-12.968743	-9.514865
Eif2c5	-14.703344	-11.249466
Psmd10	-12.644957	-9.191078
Atg4a	-13.52469	-10.070811
Col4a6	-10.967661	-7.513783
Col4a5	-10.104863	-6.6509852
Nxt2	-12.757434	-9.3035555
Kcne1l	-16.495104	-13.041225
Acsl4	-12.7223425	-9.268464
Tmem164	-13.450582	-9.996703
Ammecr1	-13.296431	-9.842552
Chrdl1	-12.017767	-8.563889
Pak3	-13.52469	-10.070811
Capn6	-14.052757	-10.598879
Alg13	-14.097209	-10.643331
Amot	-14.243813	-10.789934
Lrch2	-12.939755	-9.485877
Tmem29	-12.204644	-8.750766
Apex2	-13.754264	-10.300385
Alas2	-13.969376	-10.515497
Pfkfb1	-16.495104	-13.041225
Tro	-13.31705	-9.863172
Maged2	-11.081228	-7.6273503
Gnl3l	-12.082306	-8.6284275
Fgd1	-12.857518	-9.40364
Tsr2	-13.045116	-9.591238
Wnk3	-17.188251	-13.734373
Fam120c	-14.243813	-10.789934
Phf8	-13.029368	-9.57549
Huwe1	-11.050524	-7.596646
Hsd17b10	-10.904117	-7.4502387
Ribc1	-17.188251	-13.734373
Smc1a	-10.682467	-7.2285895
Iqsec2	-12.831542	-9.377664
Kdm5c	-12.699615	-9.245736
Kantr	-13.217959	-9.764081
Tspyl2	-12.870763	-9.416884
Gpr173	-13.820955	-10.367077
3010001F23Rik	-14.991027	-11.537148
Shroom2	-16.089638	-12.63576
Usp51	-17.188251	-13.734373
Mageh1	-12.164371	-8.710492
9530051G07Rik	-14.991027	-11.537148
Rragb	-15.578814	-12.124935
Klf8	-15.242341	-11.788463
Ubqln2	-12.094501	-8.640622
Kctd12b	-13.661891	-10.208013
Gm45022	-16.495104	-13.041225
Nbdy	-11.159972	-7.7060943
Spin2c	-17.188251	-13.734373
Sat1	-9.886429	-6.432551
Acot9	-11.715981	-8.262102
Prdx4	-9.98932	-6.535442
Ptchd1	-16.495104	-13.041225
Phex	-13.256426	-9.802547
Sms	-11.894946	-8.441068
Mbtps2	-13.499372	-10.045493
Rps6ka3	-12.177616	-8.723738
Eif1ax	-10.585663	-7.131785
Map7d2	-12.593131	-9.139253
Bclaf3	-12.593131	-9.139253
Sh3kbp1	-12.38423	-8.930351
Map3k15	-16.495104	-13.041225
Pdha1	-11.227245	-7.7733674
Adgrg2	-13.162899	-9.709021
Phka2	-13.499372	-10.045493
Ppef1	-12.733904	-9.2800255
Cdkl5	-11.508079	-8.0542
Gja6	-14.243813	-10.789934
Scml2	-15.578814	-12.124935
Rai2	-14.097209	-10.643331
Nhs	-12.897792	-9.443913
Reps2	-13.787054	-10.333176
Rbbp7	-10.733052	-7.2791743
Txlng	-13.061116	-9.607238
Syap1	-11.715981	-8.262102
Ctps2	-12.469752	-9.015874
Ap1s2	-11.930756	-8.476877
Zrsr2	-11.910136	-8.456258
Car5b	-13.381589	-9.927711
Siah1b	-14.549193	-11.095315
Bmx	-14.010198	-10.556319
Pir	-12.515422	-9.061543
Vegfd	-11.070154	-7.6162763
Piga	-14.097209	-10.643331
Asb11	-16.495104	-13.041225
Mospd2	-12.409127	-8.955249
Fancb	-16.089638	-12.63576
Gemin8	-14.143728	-10.68985
Gpm6b	-12.925571	-9.471693
Ofd1	-13.632903	-10.179025
Trappc2	-12.844445	-9.390567
Rab9	-11.822275	-8.368397
Tceanc	-15.242341	-11.788463
Gm15232	-17.188251	-13.734373
Gm15228	-17.188251	-13.734373
Tmsb4x	-6.5970054	-3.143128
Prps2	-12.478721	-9.024842
Gm15239	-17.188251	-13.734373
Frmpd4	-16.495104	-13.041225
Msl3	-11.597264	-8.143386
Arhgap6	-12.197819	-8.74394
Gm15261	-14.192519	-10.738641
Hccs	-13.450582	-9.996703
Mid1	-13.276228	-9.82235
G530011O06Rik	-13.35961	-9.905731
Gm15726	-16.089638	-12.63576
Gm15247	-15.242341	-11.788463
Gm21887	-14.097209	-10.643331
Kdm5d	-13.35961	-9.905731
Eif2s3y	-11.799179	-8.345301
Gm29650	-16.089638	-12.63576
Uty	-12.939755	-9.485877
Ddx3y	-11.061382	-7.6075044
Gm21874	-17.188251	-13.734373
Gm21860	-13.110714	-9.656836
Gm47283	-11.4356785	-7.9818006
mt-Nd1	-7.891916	-4.4380383
mt-Nd2	-7.7743163	-4.320439
mt-Co1	-7.0386844	-3.584807
mt-Co2	-6.8770337	-3.4231563
mt-Atp8	-9.806749	-6.3528714
mt-Atp6	-6.619244	-3.1653666
mt-Co3	-6.903625	-3.4497476
mt-Nd3	-8.338881	-4.8850026
mt-Nd4l	-8.710838	-5.256961
mt-Nd4	-7.6586566	-4.204779
mt-Nd5	-9.357428	-5.90355
mt-Nd6	-12.54386	-9.089982
mt-Cytb	-6.9741583	-3.5202808
CAAA01118383.1	-12.184305	-8.730427
Vamp7	-12.313054	-8.859176
Tmlhe	-16.495104	-13.041225
CR974586.2	-17.188251	-13.734373
CR974586.4	-15.242341	-11.788463
4933409K07Rik	-16.089638	-12.63576
Gm10931	-17.188251	-13.734373
CT868723.1	-17.188251	-13.734373
CAAA01147332.1	-12.53429	-9.080412
AC149090.1	-11.941227	-8.487349
