gene	log_min	log_max
Gap43	-20.44995	-16.996073
Hdlbp	-10.070197	-6.616319
Cox20	-11.078767	-7.624889
Tmem205	-11.6865225	-8.232644
Ift122	-13.511665	-10.057787
Fam13c	-10.582868	-7.1289897
Eid1	-10.256783	-6.8029046
Malt1	-12.315189	-8.861311
Iqgap1	-9.938601	-6.4847226
Gm44946	-17.7419	-14.288022
Pard6b	-18.252724	-14.798846
Hnrnpll	-12.406929	-8.953051
Hk3	-19.756802	-16.302925
Helb	-13.439638	-9.98576
Ccdc152	-15.161683	-11.707805
Got1	-13.655364	-10.201486
Vmn1r90	-18.840511	-15.386634
Phkg1	-12.165698	-8.71182
Ankrd10	-11.706578	-8.2527
Mcmdc2	-16.621307	-13.16743
Serpinb6b	-11.571732	-8.117853
E330020D12Rik	-20.44995	-16.996073
Msmp	-18.052053	-14.598176
Rmrp	-15.166746	-11.712868
Xlr4a	-17.454218	-14.0003395
Wdr13	-12.469242	-9.015364
Sord	-12.235214	-8.781336
Gm42699	-16.55813	-13.104252
Pawr	-10.514286	-7.060408
Fgf2os	-15.65416	-12.200281
Dmd	-9.232886	-5.779009
Tsga10	-12.74875	-9.294871
Rerg	-20.44995	-16.996073
Nthl1	-12.881571	-9.427692
Rarres1	-13.523373	-10.069494
Rbm44	-15.285164	-11.831285
Pcnx3	-12.931886	-9.478007
Trappc4	-11.665329	-8.211451
Gm34829	-16.894602	-13.440723
Olfr172	-18.252724	-14.798846
Mtcp1	-14.338483	-10.884604
Rrp9	-12.913587	-9.459708
Tert	-17.231073	-13.777196
Kat14	-13.398094	-9.944216
Col6a2	-10.130981	-6.6771035
4930483P17Rik	-19.063654	-15.6097765
Sars	-11.403306	-7.949428
Tsc22d3	-12.816581	-9.362702
Chd8	-11.587183	-8.133305
Gm17399	-19.063654	-15.6097765
Map3k19	-16.355604	-12.901727
Cep104	-12.69119	-9.237311
Dbt	-12.091753	-8.637875
Chchd5	-12.963898	-9.510019
4930581F22Rik	-13.828545	-10.374666
Sox5it	-19.756802	-16.302925
Ric8b	-12.998128	-9.54425
Orc2	-12.56124	-9.107362
Zfp385b	-13.473602	-10.019724
Hist1h2bh	-16.106144	-12.6522665
Gm42868	-19.756802	-16.302925
Ppp4r1	-12.95719	-9.503311
Dazap1	-11.91217	-8.458292
Gm47767	-14.046376	-10.592498
C1galt1	-11.545456	-8.091578
Gm11808	-12.563117	-9.109239
Racgap1	-15.387355	-11.933476
Ska1	-17.191853	-13.737975
Aktip	-11.577323	-8.123445
Dact1	-13.528292	-10.074413
Gm50336	-17.885	-14.431123
Pik3r1	-11.191391	-7.737513
CT868723.1	-18.50404	-15.050162
Abhd6	-13.201446	-9.747567
Zfp993	-15.308287	-11.854408
Tnpo1	-11.710254	-8.256375
Pigo	-14.797461	-11.343582
Csrnp2	-14.855239	-11.4013605
Marc2	-10.973637	-7.5197587
Nedd9	-11.284817	-7.830939
Dhrs9	-15.885602	-12.431724
Art3	-11.274097	-7.8202195
Rab5b	-11.534652	-8.080773
S1pr5	-19.756802	-16.302925
Klhl15	-13.657606	-10.203728
Pros1	-11.908064	-8.4541855
Nat2	-14.478688	-11.02481
3010003L21Rik	-15.235014	-11.781136
Gm29237	-17.559578	-14.1057
Gm17191	-18.370508	-14.916631
Mrpl53	-11.23333	-7.779452
Wdr59	-14.01862	-10.564741
Gm19792	-17.616735	-14.162858
Gm21269	-17.7419	-14.288022
0610025J13Rik	-18.252724	-14.798846
Cldn19	-19.756802	-16.302925
F2rl1	-17.616735	-14.162858
Cdo1	-11.054542	-7.6006637
Fam25c	-14.555548	-11.101669
Gm20743	-18.65819	-15.204312
Mamstr	-14.002645	-10.548766
Exph5	-19.351337	-15.89746
Lrrn2	-17.7419	-14.288022
Slc38a10	-11.924193	-8.470315
Ankk1	-20.44995	-16.996073
Gm37637	-17.559578	-14.1057
Gm33195	-18.65819	-15.204312
Gm33280	-18.052053	-14.598176
Skil	-11.019591	-7.5657134
Ttc25	-17.082653	-13.628776
Fnbp1l	-12.804074	-9.350196
Cntd1	-16.66576	-13.211882
Zdhhc20	-11.64833	-8.194451
Gm15706	-14.818738	-11.36486
Sdf2l1	-13.305543	-9.851665
Gm49970	-16.067923	-12.614045
Yif1b	-11.417421	-7.9635434
Ecsit	-12.537527	-9.083649
Gm11008	-18.50404	-15.050162
Taf6l	-14.198047	-10.744168
Slc35f6	-13.405045	-9.951166
Rp9	-10.954882	-7.5010037
Znhit1	-11.598573	-8.144694
Smo	-11.995483	-8.541605
Haus4	-14.365451	-10.911572
Tyw1	-12.984295	-9.5304165
Ogg1	-13.739427	-10.285548
Cep97	-13.340071	-9.886192
Ccnd3	-11.30575	-7.851872
Ddx21	-11.858763	-8.404884
Gm44190	-16.245256	-12.791379
Slc28a2	-20.44995	-16.996073
Usp45	-12.475417	-9.021539
Kif19a	-19.756802	-16.302925
Bcl7b	-11.34397	-7.8900924
Dtl	-15.917351	-12.463472
Scn7a	-17.810892	-14.357015
Polr3b	-13.999479	-10.545601
Rnf187	-10.583489	-7.1296115
Gfra1	-17.191853	-13.737975
Gm5084	-20.44995	-16.996073
Ttll7	-10.873509	-7.4196315
Zfp114	-14.729638	-11.27576
Zfp7	-15.038304	-11.584426
Impa1	-11.294911	-7.8410335
Zfp740	-12.536429	-9.082551
Tpbg	-15.885602	-12.431724
Rrp8	-12.092691	-8.638813
Trappc5	-12.002536	-8.548657
Rtel1	-14.209674	-10.7557955
Plin2	-12.344643	-8.890764
Smagp	-16.599802	-13.145925
Tfdp1	-12.828755	-9.374877
Rdh5	-13.061004	-9.607125
Nacad	-12.533507	-9.079629
Procr	-18.052053	-14.598176
Zfyve21	-11.489996	-8.036118
Krt79	-16.621307	-13.16743
Irx3os	-18.840511	-15.386634
Gm48242	-19.063654	-15.6097765
Mrps14	-10.629845	-7.1759667
Mrps6	-11.946856	-8.492977
Gm20463	-17.965042	-14.511165
Shkbp1	-13.632119	-10.178241
Mapk12	-14.261686	-10.807808
Calhm4	-19.351337	-15.89746
Ppp4r4	-16.031109	-12.577231
4930479D17Rik	-19.063654	-15.6097765
Hivep2	-11.721686	-8.267808
2410022M11Rik	-13.638706	-10.184828
Usp43	-18.50404	-15.050162
Sorbs1	-11.409805	-7.9559274
Lrrc7	-15.713752	-12.259873
3110006O06Rik	-18.50404	-15.050162
C9orf72	-13.33518	-9.881302
Mast2	-12.300926	-8.847048
Hist1h4c	-14.478688	-11.02481
Vps35	-10.975862	-7.5219836
Prdx1	-9.455076	-6.0011983
Wasf1	-14.8368225	-11.382944
Trmt44	-13.71417	-10.260292
Gm26682	-15.928162	-12.474283
Adap2	-18.147364	-14.693486
Naip2	-19.756802	-16.302925
Paqr6	-12.432972	-8.979094
Plec	-10.740594	-7.286716
Chtop	-11.5054	-8.051521
Hcar1	-17.082653	-13.628776
Lrrc61	-14.507151	-11.053272
Btbd3	-13.046889	-9.593011
Tyms	-13.535219	-10.081341
Rbpms2	-10.738108	-7.2842298
Hoxc10	-14.829549	-11.37567
Cyp1b1	-12.960538	-9.5066595
Pcgf5	-10.757184	-7.303306
Gm10432	-15.262565	-11.808686
A630072M18Rik	-14.033217	-10.579339
Gm31462	-17.885	-14.431123
Trim32	-12.982579	-9.528701
Zfp607a	-14.314385	-10.860507
Sla2	-18.252724	-14.798846
Insyn2a	-19.063654	-15.6097765
Atg4b	-12.564998	-9.111119
Gm49886	-17.314455	-13.860578
Mkrn2os	-18.50404	-15.050162
Polr3h	-13.065961	-9.6120825
Psmc3	-10.422432	-6.968554
Zfp873	-14.249441	-10.795563
Fanca	-19.351337	-15.89746
Alas2	-17.965042	-14.511165
Irf2bp1	-12.397335	-8.943457
Rhbdd1	-13.123485	-9.669606
Ibtk	-12.406287	-8.952409
Clca3a1	-18.147364	-14.693486
5330438D12Rik	-14.424084	-10.970205
Camta1	-11.121471	-7.6675935
Tmem259	-11.614594	-8.160716
Ddx51	-13.983806	-10.529927
Entr1	-12.707114	-9.253236
Gm35065	-18.840511	-15.386634
Adgrb1	-16.894602	-13.440723
Gm43387	-16.019133	-12.565255
Ackr2	-18.50404	-15.050162
Ankrd13a	-12.504749	-9.050871
Ppp2r5a	-10.949182	-7.4953036
Plcxd3	-16.578749	-13.12487
Lix1	-15.50119	-12.047312
Zfp280c	-13.644228	-10.19035
1190005I06Rik	-10.016394	-6.5625157
Pdcd7	-12.183785	-8.729907
1700088E04Rik	-14.994629	-11.5407505
Tceal9	-10.104922	-6.6510444
Atg4a	-13.24209	-9.788212
Skint8	-19.063654	-15.6097765
Fam78b	-13.942673	-10.488794
Klrg2	-15.362354	-11.908476
Cyb5d1	-14.773196	-11.319318
Tecpr1	-12.571416	-9.1175375
Usp13	-12.9695215	-9.515643
Hist1h3a	-16.786388	-13.33251
Gm26739	-18.65819	-15.204312
Edaradd	-20.44995	-16.996073
Gm42504	-18.840511	-15.386634
Ivd	-12.036785	-8.582907
Dhx57	-12.972912	-9.519033
Atp1b1	-13.256265	-9.802386
Gm6787	-17.67736	-14.223483
Edem1	-12.192306	-8.738427
Zdbf2	-15.824977	-12.3710985
Fhl4	-16.76107	-13.307192
Pex11a	-14.783524	-11.329645
Snhg5	-13.086671	-9.632792
Swap70	-12.175338	-8.721459
Med31	-11.659529	-8.20565
Hvcn1	-18.840511	-15.386634
1810073O08Rik	-20.44995	-16.996073
Mtss2	-12.188166	-8.734287
Bfar	-11.6079235	-8.154045
Loxl3	-12.221239	-8.767361
Gm31812	-16.643288	-13.189409
Hist1h1a	-16.173283	-12.719405
Gm30556	-16.04323	-12.589353
Scfd2	-14.0938425	-10.639964
Gemin6	-13.544197	-10.090319
Rnf220	-12.186102	-8.7322235
Yme1l1	-11.30896	-7.855082
Cog4	-12.520103	-9.066225
Zfp551	-14.855239	-11.4013605
Tsn	-10.583282	-7.1294045
Mto1	-13.280601	-9.826722
Parn	-12.5586195	-9.104741
Ccser1	-19.063654	-15.6097765
Pla1a	-19.351337	-15.89746
Ski	-10.604886	-7.151008
Itgbl1	-10.40744	-6.9535623
Gm42903	-19.756802	-16.302925
Slc33a1	-12.546353	-9.092475
Gnl2	-12.349789	-8.89591
March8	-12.213795	-8.759916
Akna	-14.815161	-11.361282
Stx5a	-11.86828	-8.414402
Ttc39c	-14.04307	-10.589191
Dnph1	-16.372412	-12.918534
Myoz2	-11.526892	-8.073013
Topors	-11.699267	-8.245389
Creb3	-11.644125	-8.190247
Cebpa	-16.479658	-13.02578
Irgm1	-13.798378	-10.3445
Dock5	-12.952743	-9.498864
Gm42743	-17.50551	-14.051633
Pla2g4a	-11.2532015	-7.7993236
Wapl	-11.084146	-7.6302676
Gm4221	-16.067923	-12.614045
Gm42681	-18.840511	-15.386634
Aarsd1	-11.511156	-8.057278
Ippk	-13.577822	-10.123943
Btg2	-9.253929	-5.8000517
Ammecr1l	-12.658014	-9.204136
Gm37885	-16.132462	-12.678583
Slc2a12	-15.060879	-11.607
Cass4	-20.44995	-16.996073
Plpp2	-13.183822	-9.729943
Fam160a2	-12.779056	-9.325177
Pigz	-15.984042	-12.530164
Phc1	-13.140738	-9.686859
Zfyve1	-13.4342375	-9.980359
Gm9796	-18.252724	-14.798846
Ctrl	-20.44995	-16.996073
Kdm4b	-13.364049	-9.910171
2900026A02Rik	-10.729184	-7.275306
Kdm4c	-12.541195	-9.0873165
Ass1	-15.815221	-12.361342
Kif18a	-15.1367445	-11.682866
Mpv17l	-12.371572	-8.917693
Samm50	-11.297769	-7.8438907
Ythdf3	-11.85173	-8.397852
Cd276	-13.358208	-9.904329
Skp1a	-10.448565	-6.9946866
Ilf3	-12.30498	-8.851102
Aifm2	-13.399828	-9.94595
Sh3bp5	-16.306814	-12.852937
Sbk1	-14.402578	-10.9487
H6pd	-13.021617	-9.567739
Cradd	-13.161022	-9.707144
Mindy4	-14.225391	-10.771513
Ago1	-12.275248	-8.821369
Fam161b	-14.575019	-11.1211405
Wnt9b	-20.44995	-16.996073
Vps26b	-12.879507	-9.425629
Homer2	-15.400094	-11.946216
Eif2b2	-12.5111475	-9.057269
Mall	-16.953442	-13.499564
Sbno1	-11.163019	-7.7091413
Tceanc	-14.463498	-11.00962
Foxq1	-16.007298	-12.55342
Akap8l	-12.126099	-8.67222
Acss3	-17.616735	-14.162858
Zfp729a	-13.345806	-9.891928
Gm27028	-18.147364	-14.693486
Ldhb	-10.453427	-6.9995494
Ppih	-13.373297	-9.919418
Slc37a2	-15.567148	-12.11327
4933427E11Rik	-19.063654	-15.6097765
D3Ertd751e	-13.542195	-10.088317
Gm44698	-17.67736	-14.223483
Pias3	-12.724178	-9.2703
Zfp773	-16.479658	-13.02578
Tmem159	-12.230893	-8.777015
Fcgr1	-19.756802	-16.302925
A730020E08Rik	-19.756802	-16.302925
Cd6	-17.67736	-14.223483
Gm43112	-17.67736	-14.223483
Gm44148	-17.454218	-14.0003395
Gm16754	-17.454218	-14.0003395
Tlr6	-16.92359	-13.469711
AI854703	-17.454218	-14.0003395
Smc2	-12.837119	-9.383241
Cript	-11.180115	-7.726237
Izumo1	-17.7419	-14.288022
Nop56	-11.818001	-8.364122
Atad3aos	-15.003213	-11.549335
C130046K22Rik	-17.082653	-13.628776
Muc15	-18.50404	-15.050162
Trip12	-11.374971	-7.9210935
Gm5141	-14.501915	-11.048037
Gm29394	-16.031109	-12.577231
Gm20756	-19.063654	-15.6097765
Sfmbt2	-14.307913	-10.854034
Lmod1	-8.482597	-5.02872
4930509G22Rik	-17.082653	-13.628776
Gm38407	-20.44995	-16.996073
Usp37	-13.075948	-9.622069
Tmem214	-12.311678	-8.8578
Fam126a	-12.5478325	-9.093954
Cpa3	-18.052053	-14.598176
Nolc1	-11.866969	-8.413091
Gm49086	-18.65819	-15.204312
Psmc4	-10.869565	-7.415687
Sgo1	-16.04323	-12.589353
Vps35l	-12.578258	-9.124379
2610027K06Rik	-14.793959	-11.34008
Pphln1	-12.77255	-9.318671
Mtmr14	-13.155573	-9.7016945
Ttn	-16.15949	-12.705612
Zfp316	-13.840601	-10.386723
Mfsd4b1	-15.320051	-11.866173
Lgals9	-15.758602	-12.304724
Osr2	-16.71228	-13.258402
9230114K14Rik	-12.531686	-9.077807
Ebf4	-14.558306	-11.104427
Foxd2os	-15.972613	-12.518735
Pcna	-11.898742	-8.444863
Tomm40l	-12.96502	-9.511142
Kcnj12	-16.019133	-12.565255
Mmp23	-10.582142	-7.128264
Tmem150a	-12.584378	-9.1305
Gm43466	-15.020604	-11.566726
Zfp2	-13.687221	-10.233342
Kif21a	-15.13183	-11.677952
Lrch2	-12.984867	-9.530989
Coq4	-13.215052	-9.761173
R3hdm1	-11.561746	-8.107867
B230369F24Rik	-14.451014	-10.997135
Dnajc3	-10.22921	-6.775332
Zfp523	-12.914654	-9.460775
Desi2	-11.038466	-7.5845885
Gm11266	-14.100811	-10.646933
Cygb	-15.74042	-12.286542
Vmn1r81	-18.65819	-15.204312
Fam219a	-13.668893	-10.215014
Agap3	-12.515795	-9.061916
Cgas	-15.432671	-11.978792
Gm9888	-17.965042	-14.511165
Tle2	-13.586146	-10.132268
Wipi2	-12.18894	-8.735062
Nr2c2	-11.96301	-8.509131
Gpn3	-12.529504	-9.075625
Nt5c3	-12.852553	-9.398675
Qrich1	-12.299193	-8.845315
Nup43	-13.812692	-10.358813
Vwa3a	-15.74042	-12.286542
Clptm1l	-11.530631	-8.076753
Serbp1	-9.674291	-6.2204127
Gm17746	-17.048752	-13.594874
Gm20939	-15.151633	-11.697755
Cd164l2	-19.756802	-16.302925
Zfp532	-12.479901	-9.026023
Nusap1	-15.350083	-11.896205
Ttc27	-13.817948	-10.36407
Tox	-17.7419	-14.288022
Gm44170	-18.50404	-15.050162
Mars2	-14.00741	-10.553532
Rgn	-18.65819	-15.204312
A730085K08Rik	-18.65819	-15.204312
Depdc7	-16.275562	-12.821685
Zfp689	-14.851528	-11.39765
Poc5	-13.335994	-9.882115
Kcnj10	-20.44995	-16.996073
Gm11536	-16.291067	-12.837189
Yod1	-12.92431	-9.470431
Daam1	-11.474699	-8.020821
Kctd16	-12.8420725	-9.388194
Eif6	-11.369491	-7.9156127
Gm47123	-15.815221	-12.361342
Ssh1	-12.192564	-8.738686
Inip	-13.448705	-9.994826
Gm41442	-18.50404	-15.050162
Ankrd26	-12.830717	-9.376839
Mndal	-18.50404	-15.050162
Cyyr1	-19.351337	-15.89746
Adnp2	-12.88623	-9.432352
Npw	-17.885	-14.431123
2810442N19Rik	-18.052053	-14.598176
Gm26586	-17.50551	-14.051633
Apobec2	-14.351876	-10.897998
Gm45371	-18.50404	-15.050162
Shprh	-12.1662035	-8.712325
Htr6	-19.351337	-15.89746
Yif1a	-11.7060995	-8.252221
Bin3	-13.648667	-10.194789
Cxcl2	-17.50551	-14.051633
Lgi4	-16.55813	-13.104252
Gm53	-15.645929	-12.192051
Thumpd2	-13.979151	-10.525272
Cenpj	-14.448535	-10.994657
Ppp1r16a	-13.394637	-9.940759
Gm15411	-15.786511	-12.332633
Abr	-12.819975	-9.3660965
Manba	-13.00863	-9.554751
Atad3a	-12.934061	-9.480183
Gm44836	-18.65819	-15.204312
Fam234b	-14.374604	-10.920726
Sp100	-16.424599	-12.97072
Slc4a2	-12.323136	-8.869258
Zc3h7a	-12.042572	-8.588694
Timm50	-12.404362	-8.950483
Mir17hg	-15.494123	-12.040245
Usp16	-11.61314	-8.159262
Gm50250	-19.756802	-16.302925
Timm29	-12.850048	-9.39617
Myo1a	-18.50404	-15.050162
AI504432	-18.840511	-15.386634
Akirin1	-11.681065	-8.227186
4933425L06Rik	-18.65819	-15.204312
Ces1d	-19.756802	-16.302925
Taf9	-16.460966	-13.007088
Hist2h2bb	-15.494123	-12.040245
Nt5dc2	-15.325986	-11.8721075
2900052L18Rik	-15.117231	-11.663353
Egfl7	-16.322815	-12.8689375
Mtss1	-11.305109	-7.851231
Znrd1as	-13.353229	-9.89935
Capza2	-10.188648	-6.7347703
A330076H08Rik	-17.314455	-13.860578
Cep290	-12.036563	-8.5826845
Syngr2	-11.387414	-7.933536
4632404H12Rik	-15.308287	-11.854408
Zfp579	-13.793223	-10.339345
Dancr	-13.059152	-9.605273
Arl16	-12.607672	-9.153793
Cds2	-11.17504	-7.7211623
2310010J17Rik	-13.12546	-9.671581
Ano8	-13.921992	-10.468114
A230020J21Rik	-19.063654	-15.6097765
1700023F06Rik	-19.063654	-15.6097765
Endog	-12.206405	-8.752526
Bnipl	-17.885	-14.431123
Gm12522	-19.063654	-15.6097765
Srp14	-10.2439165	-6.7900386
Ncoa4	-11.819785	-8.365907
Rpusd2	-15.2966585	-11.84278
Gm26916	-19.351337	-15.89746
Gm29488	-15.687777	-12.233898
Mei4	-16.260296	-12.806417
Fam8a1	-11.757796	-8.303918
Srrd	-13.217217	-9.763339
Oit3	-17.7419	-14.288022
Epha3	-11.904558	-8.45068
Rpa2	-13.236918	-9.78304
Uevld	-13.217217	-9.763339
Slc26a6	-14.433793	-10.979915
Cfap54	-19.756802	-16.302925
Gm47112	-18.147364	-14.693486
Atf6	-12.072249	-8.618371
Canx	-10.235711	-6.781833
Cep112it	-15.824977	-12.3710985
Kifc1	-17.015963	-13.562084
Spred1	-12.318419	-8.864541
Rpl21	-8.118121	-4.6642437
BC049715	-17.50551	-14.051633
Aprt	-11.145755	-7.691877
Gm45605	-15.713752	-12.259873
Rbmxl1	-12.255721	-8.801843
Pcdh10	-16.55813	-13.104252
Gosr2	-12.806467	-9.352589
Nr1d2	-11.68793	-8.234052
Platr23	-17.314455	-13.860578
Eif4g2	-9.139827	-5.685949
Slc48a1	-10.826242	-7.3723645
Btg3	-11.253608	-7.79973
Stap1	-17.50551	-14.051633
Ifit1	-17.314455	-13.860578
Hagh	-11.357156	-7.903278
Mrpl2	-11.949699	-8.495821
Nnat	-17.559578	-14.1057
Fam184b	-15.302456	-11.8485775
AA465934	-15.662458	-12.20858
Gm16045	-16.643288	-13.189409
Gm3448	-15.567148	-12.11327
Nudt10	-14.91656	-11.462682
Mycbpap	-18.252724	-14.798846
Ereg	-13.136064	-9.682185
Amz2	-12.627906	-9.174027
Gpc1	-13.352402	-9.898523
Robo2	-20.44995	-16.996073
Sp2	-13.069071	-9.615192
Mcc	-14.409696	-10.955817
Tcp11	-17.965042	-14.511165
Card6	-14.896991	-11.443112
Gm9747	-17.314455	-13.860578
Trim30a	-17.405428	-13.95155
Marcks	-13.445068	-9.99119
1700016F12Rik	-17.314455	-13.860578
Ctnna1	-10.343685	-6.889807
Pnrc2	-11.742798	-8.288919
4930505N22Rik	-18.370508	-14.916631
Jade3	-15.074672	-11.620793
0610010F05Rik	-12.671739	-9.21786
Gprc5d	-18.50404	-15.050162
A630089N07Rik	-13.959227	-10.505348
1110038B12Rik	-13.056687	-9.602809
Mmp24	-19.756802	-16.302925
Teddm2	-15.713752	-12.259873
Ppp1r16b	-18.65819	-15.204312
4930404I05Rik	-19.756802	-16.302925
Mc5r	-16.76107	-13.307192
Gm11715	-19.063654	-15.6097765
Wdr27	-14.533748	-11.079869
Fkbp10	-11.460755	-8.006877
Hdgf	-10.551173	-7.0972953
Pik3r3	-13.0968685	-9.64299
Unc93b1	-14.259635	-10.805757
Map4k3	-12.822893	-9.369015
Ankrd1	-12.081489	-8.62761
Pak1ip1	-11.402246	-7.9483685
Med20	-13.232507	-9.778628
Ifi213	-19.756802	-16.302925
Pan3	-12.352524	-8.898645
Smarca4	-11.654671	-8.200792
Nup133	-13.400695	-9.946816
Fbln7	-13.990046	-10.536167
Cstf3	-12.373435	-8.919557
Pla2g15	-13.156933	-9.703054
Ptges	-17.810892	-14.357015
Rab3b	-16.424599	-12.97072
Lilrb4a	-20.44995	-16.996073
Tia1	-11.990598	-8.536719
Gm5144	-14.8368225	-11.382944
Eomes	-20.44995	-16.996073
Tgfa	-20.44995	-16.996073
Cyth4	-19.351337	-15.89746
Mlec	-11.270894	-7.817016
Tsen15	-12.636763	-9.182884
Lrrc49	-13.832547	-10.378669
Acot11	-12.614371	-9.160493
Ctsl	-9.953661	-6.499783
Sos1	-12.467534	-9.013656
Gm10549	-15.731451	-12.277573
Jpx	-14.496707	-11.042829
A430110L20Rik	-16.498707	-13.044828
Gm11730	-20.44995	-16.996073
Klhl32	-15.508307	-12.054429
Orai2	-15.777122	-12.323243
Papolb	-18.840511	-15.386634
Lca5	-13.565463	-10.111585
1700109G14Rik	-19.063654	-15.6097765
Mfap3	-12.36354	-8.909661
Pard3bos3	-18.370508	-14.916631
Sema3e	-14.468535	-11.014657
Abhd17c	-14.8368225	-11.382944
Olfr912	-19.756802	-16.302925
Rpsa	-8.369043	-4.915166
Nudt14	-13.565463	-10.111585
Bcl9l	-11.51155	-8.057672
Cdk9	-11.60908	-8.155202
Slc5a3	-12.84108	-9.387201
Ets2	-11.674246	-8.220367
Elf4	-13.710613	-10.256735
Pabpn1l	-19.756802	-16.302925
Gm43050	-18.65819	-15.204312
Atl3	-10.608764	-7.154886
Ankrd29	-12.868231	-9.414352
Tspan13	-17.810892	-14.357015
Map3k15	-17.358908	-13.905029
Usp21	-13.428866	-9.974988
Gm43113	-17.358908	-13.905029
Zfp473	-17.082653	-13.628776
BC002059	-14.201907	-10.748029
2310002D06Rik	-16.145885	-12.692007
a	-20.44995	-16.996073
Nol6	-13.539199	-10.08532
Rbpms	-8.723188	-5.2693105
Gm16272	-18.840511	-15.386634
Rasip1	-16.812363	-13.358485
Kcnj4	-18.65819	-15.204312
Cacna2d3	-14.687899	-11.23402
Pradc1	-13.134732	-9.680854
Ngef	-12.676777	-9.2228985
Dhx38	-12.852052	-9.398173
Klhl42	-12.981437	-9.527558
Gas8	-12.887789	-9.43391
Runx2	-17.50551	-14.051633
Ptprc	-17.885	-14.431123
Gm28151	-17.454218	-14.0003395
Tent5c	-13.427082	-9.973204
Fam172a	-11.78141	-8.327532
Napa	-11.329972	-7.8760943
Slc25a11	-11.818714	-8.364836
2610528A11Rik	-18.50404	-15.050162
Dlec1	-18.147364	-14.693486
Rpl10a	-8.583056	-5.1291785
Baz2a	-12.335626	-8.881747
Gm44317	-17.965042	-14.511165
Uqcrh	-9.172329	-5.7184515
Zfp568	-12.138307	-8.684428
Cyhr1	-10.952853	-7.4989753
Sec24d	-11.069192	-7.615314
Sgsm3	-13.784266	-10.330388
Eci1	-11.84036	-8.386481
Pdss1	-14.700557	-11.246678
Ucn2	-18.65819	-15.204312
Casp12	-11.500975	-8.047096
Gls2	-16.275562	-12.821685
Gm36419	-18.840511	-15.386634
Fitm1	-15.69636	-12.242481
Gm30541	-15.885602	-12.431724
Sgcd	-10.475492	-7.0216136
Usp49	-14.379212	-10.925334
Osgin1	-15.218842	-11.764963
Chic2	-11.689967	-8.236089
Hsh2d	-20.44995	-16.996073
Zfp703	-12.041903	-8.588024
Hgf	-15.567148	-12.11327
2310068J16Rik	-14.877796	-11.423918
Actg2	-9.804263	-6.350385
Atg12	-12.019187	-8.565309
Gm47424	-17.154112	-13.700234
1700001G11Rik	-16.578749	-13.12487
Tmem201	-13.8988695	-10.444991
Barx1	-19.756802	-16.302925
Helz2	-14.732923	-11.279044
Hacl1	-13.230309	-9.77643
Phrf1	-12.636763	-9.182884
Zbtb11	-12.450272	-8.996393
Ipo13	-12.855569	-9.4016905
Shq1	-14.547317	-11.093438
Appbp2	-11.581537	-8.127659
Arl9	-18.840511	-15.386634
Gm36037	-18.65819	-15.204312
AA388235	-19.351337	-15.89746
Gm10848	-14.65999	-11.206112
Csad	-11.769448	-8.31557
Ing4	-11.947059	-8.49318
Adora2b	-15.928162	-12.474283
Fastkd2	-13.320653	-9.866775
Gbp8	-20.44995	-16.996073
0610040F04Rik	-19.351337	-15.89746
Dennd5a	-11.441482	-7.9876037
1700049E15Rik	-16.76107	-13.307192
Uhrf2	-11.800326	-8.346448
Rps10	-8.204233	-4.7503557
Gpr34	-17.454218	-14.0003395
Cdk5rap1	-14.116671	-10.662792
Mical2	-10.3478985	-6.8940206
Srpx	-16.621307	-13.16743
Pign	-13.932279	-10.4784
Scyl1	-11.775753	-8.321875
Gm49980	-14.544588	-11.09071
Egln1	-11.385214	-7.931336
AW047730	-17.271896	-13.818018
Nptxr	-12.852553	-9.398675
Mrps26	-11.7299795	-8.276101
Camsap3	-15.885602	-12.431724
Gm4316	-18.50404	-15.050162
Gabarapl2	-10.559295	-7.105417
Letm1	-12.0006075	-8.546729
C87436	-12.581313	-9.127435
Fbxo30	-10.248805	-6.794927
Gm14209	-17.50551	-14.051633
Gm20300	-12.823868	-9.369989
Plaat1	-13.530266	-10.076387
Zfp677	-14.301482	-10.847604
Tril	-14.726365	-11.272487
Ddx19b	-13.63431	-10.180431
Clec2l	-18.370508	-14.916631
Tmigd1	-17.67736	-14.223483
1810008B01Rik	-17.154112	-13.700234
Lrp10	-11.434409	-7.980531
Olfr775	-20.44995	-16.996073
Nt5c2	-12.089644	-8.635766
Adora1	-15.007532	-11.553654
Zfp354c	-12.367548	-8.91367
Card10	-18.370508	-14.916631
Purg	-13.23987	-9.785992
Mttp	-14.471065	-11.017186
Snx24	-11.832007	-8.378129
Scarb2	-10.999176	-7.545298
Khdc4	-12.5951805	-9.141302
L3mbtl2	-13.631026	-10.177148
Gm16141	-16.031109	-12.577231
Rpl30	-8.064255	-4.6103773
Med30	-11.897004	-8.443126
Vangl1	-13.355715	-9.901836
Gm36584	-18.840511	-15.386634
Prkcz	-15.515476	-12.061598
Fam24b	-18.370508	-14.916631
Ift81	-11.862485	-8.408607
Eno1	-10.928895	-7.475017
Cdc42bpa	-10.850477	-7.3965993
Atp5g3	-10.128279	-6.674401
Efcab11	-17.405428	-13.95155
Ppp3cb	-11.345971	-7.892093
Gm50410	-15.972613	-12.518735
Gm28119	-15.325986	-11.8721075
Ube3a	-10.585256	-7.1313777
Palm	-12.27384	-8.819962
Rbm27	-11.506052	-8.052174
Sntb1	-12.228471	-8.774592
Rasgef1a	-16.291067	-12.837189
Pdlim1	-9.811023	-6.357145
Rem2	-18.840511	-15.386634
Atpsckmt	-13.017467	-9.563588
Rnaseh2c	-10.900854	-7.446976
F2	-17.7419	-14.288022
Slc2a9	-17.965042	-14.511165
Gm45890	-16.230442	-12.776564
Snx11	-13.323863	-9.869985
Clec2e	-17.7419	-14.288022
Commd2	-12.015487	-8.561608
Gm29170	-15.79599	-12.342112
D430018E03Rik	-16.643288	-13.189409
Ahnak2	-10.583853	-7.129975
Igsf5	-17.048752	-13.594874
Gm20878	-14.2077265	-10.753848
Gm30082	-17.231073	-13.777196
Htr5b	-20.44995	-16.996073
Batf3	-17.405428	-13.95155
Pla2g12a	-12.308469	-8.85459
Tubb4a	-12.866194	-9.412315
S100a16	-10.947836	-7.493958
Pigs	-12.603751	-9.149873
Hip1r	-12.282314	-8.828436
Hps1	-13.776652	-10.322774
Sri	-11.279807	-7.825929
Olfr1124	-17.50551	-14.051633
1700047I17Rik2	-18.50404	-15.050162
Tfpi2	-19.756802	-16.302925
Kdsr	-12.029048	-8.57517
Sh3d21	-13.355715	-9.901836
Mfsd10	-11.973163	-8.519284
Mypop	-13.491502	-10.037623
Dek	-9.891095	-6.437217
Gspt1	-10.963949	-7.5100713
Pomp	-10.27491	-6.821032
Tnnt1	-13.272168	-9.81829
Nab1	-11.2971325	-7.8432546
Gm28192	-17.231073	-13.777196
Evi2a	-19.756802	-16.302925
Bckdk	-11.987213	-8.533335
Apbb1	-12.068577	-8.614698
Zcchc9	-11.779006	-8.325128
Spata5	-13.552245	-10.098367
Rnf111	-12.100939	-8.64706
Ephx4	-17.358908	-13.905029
Ern1	-13.419093	-9.965215
F3	-12.524431	-9.070553
Thbd	-13.286003	-9.832125
Itpr2	-13.950163	-10.4962845
Card19	-11.089553	-7.635675
Nadk2	-13.124801	-9.670922
Prmt2	-12.677197	-9.223319
Peli1	-11.336561	-7.8826833
Commd9	-12.826308	-9.37243
Brip1os	-12.6088505	-9.154972
Scfd1	-11.651647	-8.197768
Foxc1	-10.627401	-7.1735234
E2f6	-12.827286	-9.373407
Atp5e	-8.809141	-5.3552637
Tatdn1	-12.684805	-9.2309265
Pkmyt1	-14.994629	-11.5407505
Txnl4a	-11.886637	-8.432758
5031434O11Rik	-15.003213	-11.549335
Zfp950	-11.965281	-8.511402
Smc1a	-10.674865	-7.220987
Abcb1a	-18.840511	-15.386634
Atcay	-19.351337	-15.89746
Kctd13	-13.24061	-9.786732
Dtx2	-13.603007	-10.149129
Tcf25	-10.354893	-6.901015
Lzts3	-14.167684	-10.713805
Lvrn	-16.812363	-13.358485
Prcp	-13.025188	-9.57131
4930428E07Rik	-19.351337	-15.89746
Cmip	-14.811596	-11.3577175
Zfp512	-12.917862	-9.463984
Msl2	-12.181988	-8.728109
Kiss1r	-16.04323	-12.589353
4930426L09Rik	-15.805559	-12.351681
B230206H07Rik	-19.351337	-15.89746
Gm42901	-16.68875	-13.234872
Zbtb40	-14.301482	-10.847604
Zc3h11a	-14.188458	-10.73458
Il7	-17.885	-14.431123
Tcta	-12.084278	-8.6304
Gm21887	-13.576786	-10.122908
Acap3	-13.601945	-10.1480665
Podxl2	-12.300059	-8.846181
Klhl33	-16.498707	-13.044828
Pcdhga7	-14.773196	-11.319318
C030034I22Rik	-15.093364	-11.639485
Vcp	-10.032831	-6.5789533
Ddx6	-10.548565	-7.094687
Utp14a	-12.571037	-9.117159
Tpst1	-11.598716	-8.144837
Gucy2g	-17.082653	-13.628776
Bmi1	-12.4654875	-9.011609
Ccdc158	-16.66576	-13.211882
Tspan31	-11.885874	-8.431995
Tmem191c	-13.795797	-10.341919
Kif20b	-15.245943	-11.792065
Anxa4	-11.710574	-8.256696
Trappc3	-11.770128	-8.31625
Aars	-12.329361	-8.875483
Fcho2	-11.153523	-7.6996455
Ramp1	-9.03857	-5.5846925
Dzip1l	-12.318713	-8.864835
Apex1	-12.729488	-9.27561
G2e3	-12.758293	-9.304415
Zfp119a	-14.130982	-10.677104
Gm42538	-19.063654	-15.6097765
St3gal5	-11.84952	-8.395641
Chpf2	-12.646107	-9.192228
Stxbp3	-11.793169	-8.339291
Gm4524	-16.537928	-13.084049
1700019J19Rik	-17.405428	-13.95155
Sh3rf3	-14.92849	-11.474611
Celf4	-15.621636	-12.167758
Pcdh17	-16.537928	-13.084049
Gm35326	-20.44995	-16.996073
Chmp6	-12.483363	-9.029485
Casc3	-12.390358	-8.93648
Srbd1	-13.208584	-9.754705
Cdc23	-12.469927	-9.016048
Arap3	-19.351337	-15.89746
Gm15050	-13.254763	-9.800884
Mrps30	-12.556751	-9.102873
Dgcr8	-13.048108	-9.59423
Gm49870	-16.173283	-12.719405
Bub1b	-15.84478	-12.390902
Rufy1	-12.465147	-9.011269
Gm44702	-17.559578	-14.1057
Pknox1	-13.051776	-9.597898
Dlx1	-18.65819	-15.204312
Bcr	-12.178658	-8.724779
Gnat1	-17.885	-14.431123
Tm6sf1	-12.10236	-8.648481
Nme1	-11.265954	-7.812076
Tnfrsf1a	-11.735054	-8.281176
Gm16537	-15.79599	-12.342112
Ttc8	-12.858593	-9.404715
Fam129c	-16.230442	-12.776564
Adcy9	-12.586299	-9.132421
Stmn4	-15.582416	-12.128537
Adcy5	-9.774643	-6.320765
Olfr1369-ps1	-17.810892	-14.357015
Pex5l	-17.454218	-14.0003395
Lig4	-13.654244	-10.200366
Gm32817	-13.598765	-10.144887
Sdf2	-11.316059	-7.862181
Ino80	-12.274684	-8.820806
Shroom1	-16.389507	-12.935629
Eloa	-12.091049	-8.637171
Idh3a	-11.638298	-8.18442
Rnf227	-15.432671	-11.978792
Ednrb	-17.965042	-14.511165
Bmf	-14.149164	-10.695286
Cilp2	-13.658729	-10.20485
Trmt1l	-12.641221	-9.187343
Fam193a	-11.925185	-8.471307
Dnajc7	-12.059455	-8.6055765
Gm46440	-16.275562	-12.821685
Plekhg3	-11.127532	-7.673654
Kat2b	-11.825698	-8.3718195
Qk	-10.935071	-7.481193
Dgkd	-12.4973345	-9.043456
Rmi2	-16.55813	-13.104252
A730017L22Rik	-14.746167	-11.292289
4632411P08Rik	-17.885	-14.431123
Gm37864	-16.537928	-13.084049
Gga2	-11.813021	-8.359142
Stat6	-12.15565	-8.701772
Zfp169	-15.042778	-11.5889
Ttc3	-10.363641	-6.909763
Proser3	-14.407317	-10.953439
Gm27252	-16.019133	-12.565255
Mex3b	-14.713378	-11.2595
Gm41764	-14.656937	-11.203058
Ppp2r3a	-11.985104	-8.531225
Slc25a25	-14.066443	-10.612565
Gamt	-11.234523	-7.780645
Gm45447	-14.815161	-11.361282
Hras	-10.758048	-7.30417
Fam32a	-11.485894	-8.032016
Tm4sf20	-19.351337	-15.89746
Mapk1ip1	-13.038999	-9.58512
Gm43539	-18.50404	-15.050162
Creg2	-15.84478	-12.390902
Gnaq	-11.398253	-7.9443755
Fignl2	-15.65416	-12.200281
Homez	-14.811596	-11.3577175
Gm37273	-17.015963	-13.562084
Dnah6	-19.351337	-15.89746
Trim34a	-14.471065	-11.017186
Atxn10	-11.60547	-8.151591
Zfp300	-15.102842	-11.648964
Gm43674	-17.810892	-14.357015
Snx8	-14.451014	-10.997135
Rab4b	-11.826057	-8.372179
Gm15704	-16.643288	-13.189409
Psap	-9.494295	-6.0404177
mt-Nd1	-7.4589167	-4.005039
Vcan	-10.416444	-6.962566
Selenom	-9.659229	-6.205352
Chd9	-11.056788	-7.6029105
Sobp	-12.330254	-8.876375
Gm45738	-18.370508	-14.916631
Mterf1a	-14.881606	-11.427728
Pbld2	-16.76107	-13.307192
Neo1	-11.024579	-7.570701
Nckap1	-10.80071	-7.346832
Drg2	-12.501918	-9.048039
Blcap	-13.169253	-9.715375
Gm40117	-17.454218	-14.0003395
Fam47e	-14.460989	-11.007111
Nsfl1c	-11.4928255	-8.038947
Prx	-14.47614	-11.022262
Eml1	-11.231939	-7.7780614
Pggt1b	-11.812311	-8.358433
Tmtc1	-11.255942	-7.8020644
Yeats2	-13.510696	-10.056818
Mgat5	-12.120774	-8.666896
Gm48286	-17.405428	-13.95155
Fam160a1	-13.23104	-9.777162
Kif2a	-11.893921	-8.4400425
Cbwd1	-13.06286	-9.608981
Diaph1	-11.46463	-8.010752
Fam72a	-14.990365	-11.536487
1110008P14Rik	-11.539095	-8.0852165
Rpl7l1	-11.538555	-8.084677
Gcgr	-17.559578	-14.1057
Srm	-11.869031	-8.415153
Stk16	-11.474699	-8.020821
Eif2s1	-11.535055	-8.081177
2610037D02Rik	-13.584059	-10.13018
Arpp21	-17.154112	-13.700234
Gm44686	-18.840511	-15.386634
Parp1	-12.107825	-8.653947
Tnfsf8	-20.44995	-16.996073
Slc4a11	-17.7419	-14.288022
Slc20a2	-11.847864	-8.393986
Hbb-bt	-13.751682	-10.297804
Gm49864	-16.786388	-13.33251
8030423F21Rik	-19.351337	-15.89746
Lpar1	-16.460966	-13.007088
4933432I09Rik	-16.66576	-13.211882
E230029C05Rik	-15.3562	-11.902322
Tbx20	-14.05971	-10.605831
Ifnlr1	-16.643288	-13.189409
Gm46447	-15.972613	-12.518735
Pcdhb11	-16.86643	-13.412553
Zfp524	-13.013923	-9.560044
Msh2	-13.061004	-9.607125
Fads1	-12.105921	-8.652042
Epyc	-19.756802	-16.302925
Gm29737	-19.351337	-15.89746
Gm31597	-18.840511	-15.386634
Nlrc3	-16.04323	-12.589353
Gm41556	-18.370508	-14.916631
Lmo1	-13.23987	-9.785992
Dock6	-12.522265	-9.068387
Tex30	-13.374987	-9.921108
Agmo	-17.7419	-14.288022
Sowahc	-14.255545	-10.801666
Nol9	-13.572654	-10.118775
Nnt	-14.539153	-11.085275
Ptp4a2	-10.027996	-6.574118
Cenpp	-15.400094	-11.946216
4933439K11Rik	-17.231073	-13.777196
Pbld1	-18.252724	-14.798846
Arhgef15	-18.65819	-15.204312
Gpatch2	-12.781389	-9.327511
Rnf185	-13.122827	-9.668948
Cyb5r4	-12.396699	-8.942821
Timm10	-12.422147	-8.968268
Dhtkd1	-15.051787	-11.597909
Fam20c	-12.487883	-9.034004
Zmat1	-12.512575	-9.058697
Cracr2b	-13.122827	-9.668948
Pik3r4	-12.789365	-9.335486
Med1	-12.044359	-8.590481
Notch3	-12.463785	-9.009907
Calhm5	-11.550629	-8.09675
Zfp69	-17.015963	-13.562084
Rwdd4a	-12.748298	-9.294419
Dok4	-14.002645	-10.548766
Stx4a	-11.463504	-8.009625
4930506C21Rik	-16.389507	-12.935629
Gm14319	-20.44995	-16.996073
Thrb	-11.278559	-7.824681
Pdlim5	-10.118519	-6.664641
Radx	-19.351337	-15.89746
Gm48433	-17.7419	-14.288022
Rflnb	-13.856906	-10.403028
Fam221b	-15.508307	-12.054429
Tpd52l1	-12.668812	-9.214933
Slit3	-11.153616	-7.699738
Cited4	-14.217502	-10.763623
Gm5580	-18.840511	-15.386634
Hmox1	-14.509779	-11.055901
Ostf1	-10.967905	-7.514027
Rab8b	-13.066582	-9.612703
Chordc1	-11.33557	-7.8816924
Gm4117	-12.797879	-9.344001
Gimap4	-19.756802	-16.302925
Bloc1s5	-13.084137	-9.630259
Gnb1l	-15.279466	-11.825587
2900005J15Rik	-15.2908945	-11.837016
Plcxd1	-18.252724	-14.798846
Dnajc13	-12.211678	-8.757799
Atat1	-12.96502	-9.511142
Cgref1	-13.146107	-9.692228
Ercc4	-13.389474	-9.9355955
Atp6v0d1	-11.289956	-7.836078
Dnaja4	-12.6613245	-9.207446
Tmem119	-15.406525	-11.952646
Strip2	-16.86643	-13.412553
Ube2m	-10.574142	-7.1202645
Shtn1	-17.454218	-14.0003395
Ccdc59	-11.041169	-7.5872912
Tmem184b	-11.994206	-8.540328
Mknk2	-11.717968	-8.26409
Has3	-14.818738	-11.36486
Plpbp	-12.295162	-8.841284
Mitd1	-12.6088505	-9.154972
Myl6b	-14.92849	-11.474611
Olfr984	-17.7419	-14.288022
Tnfsf13	-13.363213	-9.909334
Adig	-18.370508	-14.916631
Fam207a	-12.968958	-9.5150795
Hspe1	-9.955569	-6.5016913
D830044D21Rik	-20.44995	-16.996073
Tmem129	-13.277526	-9.8236475
Usp8	-11.604317	-8.150438
Jun	-9.184026	-5.730148
Il1rl2	-19.063654	-15.6097765
Flrt2	-13.493404	-10.039526
Sars2	-14.681629	-11.227751
Chchd6	-12.397972	-8.944094
Ubqln2	-12.232242	-8.778363
Tbc1d22bos	-19.351337	-15.89746
Csf2ra	-14.205783	-10.7519045
Cep152	-14.866454	-11.412576
Disp1	-14.426502	-10.972624
Snrpd1	-11.066917	-7.6130395
Csrp3	-19.756802	-16.302925
Zglp1	-17.314455	-13.860578
4930483J18Rik	-18.50404	-15.050162
Ago4	-13.865159	-10.411281
Zdhhc14	-12.911455	-9.457577
Pfkp	-10.864879	-7.4110007
Slc35g1	-14.453498	-10.9996195
Nudt21	-11.914328	-8.460449
Zfp326	-11.721362	-8.267484
Plxnb1	-13.051776	-9.597898
Gcc2	-11.753607	-8.299728
Rcan1	-12.171014	-8.717135
Rbl1	-14.569417	-11.115539
Emid1	-13.490552	-10.036674
Pdzd4	-13.263049	-9.809171
Glg1	-10.021764	-6.567886
Gm765	-19.756802	-16.302925
Cnih2	-16.984213	-13.530335
Hist1h2ae	-14.752856	-11.298978
Mfhas1	-11.208983	-7.7551055
Larp6	-14.948692	-11.494814
Dlg1	-11.907674	-8.453795
Ndufaf2	-11.727859	-8.27398
Col19a1	-13.683759	-10.22988
Pram1	-17.231073	-13.777196
Abca5	-12.5382595	-9.084381
Slc25a29	-13.091119	-9.63724
Adsl	-12.534602	-9.080724
Fanci	-18.252724	-14.798846
Erf	-12.856072	-9.402194
Mmp19	-18.147364	-14.693486
Unc13d	-16.406898	-12.95302
Ccdc187	-17.358908	-13.905029
Gng2	-17.454218	-14.0003395
Klf5	-15.939091	-12.485212
Sec24a	-12.409825	-8.955947
Gm16240	-18.65819	-15.204312
Rexo5	-15.574753	-12.120874
Tcp11x2	-18.65819	-15.204312
Polb	-12.371262	-8.917383
Olfr1419	-19.063654	-15.6097765
Epn2	-11.062301	-7.6084228
Gm37584	-18.65819	-15.204312
R3hdm4	-11.784682	-8.330804
Dscc1	-17.67736	-14.223483
Cnn1	-8.145947	-4.69207
Jak2	-12.095276	-8.641397
Birc2	-12.039674	-8.585795
Zscan2	-15.146646	-11.692767
Xpo5	-12.978587	-9.524709
Gm15677	-20.44995	-16.996073
Trim5	-14.606405	-11.152527
Pdlim2	-11.204435	-7.7505574
Top3b	-12.667977	-9.214099
Parl	-11.853761	-8.399882
Rpl39	-8.078456	-4.6245785
Tmem29	-12.574831	-9.120953
Gm4668	-18.65819	-15.204312
Fam217b	-12.841576	-9.387697
Zfp820	-14.383842	-10.929964
Sf3b6	-10.93995	-7.486072
Havcr2	-20.44995	-16.996073
1700028M03Rik	-19.756802	-16.302925
2610002M06Rik	-12.952743	-9.498864
Scnn1a	-16.643288	-13.189409
Zbtb18	-13.412045	-9.958166
2700046A07Rik	-17.559578	-14.1057
Ptgr1	-13.118236	-9.664357
Naa50	-10.797298	-7.3434205
Gabpa	-12.411761	-8.957883
Zfp367	-12.140027	-8.686149
Avpr1a	-17.7419	-14.288022
Tma16	-12.9521885	-9.49831
Zbtb44	-11.727044	-8.273166
Tesmin	-18.370508	-14.916631
mt-Nd6	-11.855611	-8.401732
Ttc30a1	-15.308287	-11.854408
Riok3	-11.509714	-8.055836
Carns1	-12.520103	-9.066225
Ppbp	-17.810892	-14.357015
Cnih3	-18.50404	-15.050162
Eed	-12.373435	-8.919557
Ptpn9	-12.118364	-8.664486
Ube2g2	-12.459035	-9.0051565
Cubn	-16.18727	-12.733392
Gm19710	-17.154112	-13.700234
Pemt	-14.769777	-11.315899
Gm29685	-17.7419	-14.288022
Gm26810	-17.50551	-14.051633
Adprh	-11.887784	-8.433906
Renbp	-15.713752	-12.259873
Phka1	-13.545199	-10.091321
Gm37876	-19.756802	-16.302925
Lztfl1	-11.919249	-8.46537
Neto2	-17.271896	-13.818018
Csnk1d	-11.808064	-8.354186
Prss12	-15.74042	-12.286542
Zfp446	-14.286635	-10.832757
Gm39214	-17.048752	-13.594874
Acvr2a	-12.916256	-9.462378
Gm5532	-15.13183	-11.677952
Ensa	-11.462129	-8.00825
Gpt2	-14.881606	-11.427728
Marveld2	-19.351337	-15.89746
Adamtsl3	-12.174574	-8.7206955
Gm26964	-16.621307	-13.16743
2810457G06Rik	-14.078339	-10.62446
Cep95	-14.468535	-11.014657
Pdgfra	-13.722518	-10.26864
Bnip1	-13.237656	-9.783777
Fhod1	-13.590335	-10.1364565
1700120C14Rik	-12.162925	-8.709046
R3hcc1l	-13.183123	-9.729244
Nsd3	-11.451319	-7.997441
AW554918	-13.266079	-9.812201
Sipa1l1	-12.7206545	-9.266776
Zmiz1	-11.812134	-8.358255
Apba3	-12.61635	-9.162472
Pgm1	-12.6088505	-9.154972
Tmem38a	-12.961097	-9.507218
Slx1b	-13.347451	-9.893573
9130015G15Rik	-16.953442	-13.499564
Snx27	-12.506167	-9.052289
2310015A10Rik	-13.263805	-9.809927
Syt11	-11.593717	-8.139838
Gbp2	-13.388616	-9.934737
Hnrnpab	-10.395416	-6.9415383
Dyrk1a	-12.221506	-8.767628
Uchl1	-10.693339	-7.2394614
Gria4	-16.424599	-12.97072
Adam4	-16.04323	-12.589353
Fmnl1	-20.44995	-16.996073
Slc44a3	-18.252724	-14.798846
Plk1	-16.736378	-13.282499
Psmb7	-10.937951	-7.484073
Sergef	-13.501053	-10.047174
Zfp972	-17.810892	-14.357015
Eml5	-14.374604	-10.920726
Igdcc4	-15.466344	-12.0124655
Gm50147	-17.965042	-14.511165
Gm16133	-14.515056	-11.061177
Hps6	-14.0800495	-10.626171
Gm44123	-16.479658	-13.02578
F2rl3	-16.599802	-13.145925
Med19	-12.333832	-8.879953
Psmg4	-11.754611	-8.300733
Suclg2	-11.164781	-7.7109027
Atxn7l1os1	-20.44995	-16.996073
Gm48202	-18.840511	-15.386634
Ifrd1	-10.646338	-7.1924605
Fbh1	-12.354961	-8.901083
Lgi1	-19.063654	-15.6097765
Sec14l1	-12.511504	-9.057626
Cpz	-15.670827	-12.2169485
Nipa1	-12.855065	-9.401187
Angptl4	-15.74042	-12.286542
Hcn2	-16.406898	-12.95302
Acox3	-13.154894	-9.701015
Gstt1	-11.438183	-7.984305
Smarcd2	-12.907737	-9.453858
Plpp6	-13.345806	-9.891928
Cd274	-15.038304	-11.584426
Gm13483	-15.166746	-11.712868
Phex	-13.414681	-9.960803
Platr22	-18.052053	-14.598176
Lamc3	-12.708851	-9.254972
Rsl1	-14.92849	-11.474611
Ank2	-11.127174	-7.6732965
Abhd18	-13.23987	-9.785992
Hsf2	-12.965582	-9.5117035
Glt8d1	-11.822289	-8.368411
Fam3a	-12.303531	-8.849652
Rnf17	-19.756802	-16.302925
Gm47398	-19.063654	-15.6097765
5330439K02Rik	-16.68875	-13.234872
Alkbh2	-13.75045	-10.296572
Hils1	-18.50404	-15.050162
Dvl2	-13.367401	-9.913523
Trip11	-10.679936	-7.2260585
Lamtor1	-11.247743	-7.7938647
Pld1	-12.959421	-9.505543
Gm44549	-18.50404	-15.050162
Cks1b	-12.187391	-8.733513
Cbfb	-13.398961	-9.945083
Gm47708	-18.50404	-15.050162
Fer	-12.137078	-8.6832
Grik4	-20.44995	-16.996073
Mon1b	-13.755388	-10.30151
2610008E11Rik	-12.878476	-9.424598
Gucy1b1	-10.058742	-6.6048636
Ubiad1	-14.092108	-10.638229
Gm26632	-12.195161	-8.741282
1810058I24Rik	-10.714231	-7.2603526
Phpt1	-11.908259	-8.454381
Gm4787	-16.599802	-13.145925
Med6	-12.559367	-9.105489
Tbcb	-10.842176	-7.3882985
Lrch1	-12.635955	-9.182076
Abcc4	-16.173283	-12.719405
Diaph3	-14.862701	-11.408823
Ppp2r2d	-11.453051	-7.9991727
Fem1c	-12.472668	-9.018789
Vti1a	-12.84705	-9.393171
Rbmx2	-12.935696	-9.481817
Olfr920	-14.866454	-11.412576
Manbal	-11.129859	-7.675981
Sirt7	-12.710591	-9.256713
Ddah2	-11.278039	-7.824161
Tmem176b	-13.424412	-9.970533
Lmo2	-17.67736	-14.223483
5730405O15Rik	-16.372412	-12.918534
Vmac	-13.261538	-9.807659
Dnase2b	-19.756802	-16.302925
Dnpep	-11.908259	-8.454381
1600022D10Rik	-19.756802	-16.302925
Akr1b3	-10.984503	-7.530625
0610040B10Rik	-15.406525	-11.952646
Gucd1	-12.845553	-9.391675
Mbd4	-14.533748	-11.079869
Slfn3	-17.082653	-13.628776
Zfp397	-12.231163	-8.777285
Cmas	-11.897776	-8.443897
Coa7	-13.766589	-10.312711
Palb2	-16.132462	-12.678583
Peg12	-17.117744	-13.663867
Gm13710	-17.048752	-13.594874
H13	-11.431012	-7.977134
Ripor2	-17.885	-14.431123
Gm3364	-17.358908	-13.905029
Gm15609	-18.147364	-14.693486
Izumo1r	-19.756802	-16.302925
Pigb	-14.265801	-10.811923
Gm43598	-17.50551	-14.051633
Arpin	-13.051776	-9.597898
Hdgfl3	-11.2601185	-7.8062406
Cipc	-12.817549	-9.36367
Gpr107	-12.166456	-8.712578
Fbxo8	-12.382487	-8.928609
Gm45159	-18.252724	-14.798846
Gm14291	-17.965042	-14.511165
Pcdhga2	-16.201454	-12.747577
Gm36172	-20.44995	-16.996073
Casq1	-11.536131	-8.0822525
Ccne2	-15.102842	-11.648964
Gm43672	-13.435136	-9.981257
Mrpl50	-12.310218	-8.856339
Fnip2	-13.113013	-9.659135
Nmt2	-11.640984	-8.187105
Mageh1	-12.1248865	-8.671008
Zfp266	-12.151909	-8.69803
Gm50210	-19.351337	-15.89746
Cdc42	-9.832508	-6.37863
Hist2h2aa1	-12.214589	-8.760711
Brd2	-10.576921	-7.1230435
Mylk3	-18.370508	-14.916631
Tmem138	-13.358208	-9.904329
Ybey	-13.846006	-10.392128
Tnfaip8l3	-17.810892	-14.357015
Dnah14	-19.351337	-15.89746
Zfp715	-13.214331	-9.760452
Gm36660	-16.643288	-13.189409
Carmil3	-16.953442	-13.499564
Klhdc2	-11.486405	-8.032527
Dusp9	-19.756802	-16.302925
Xkrx	-18.370508	-14.916631
Pld3	-12.707548	-9.25367
Hist1h2af	-19.351337	-15.89746
E130215H24Rik	-16.953442	-13.499564
Adck2	-13.72973	-10.275851
Gm14418	-14.160234	-10.706356
Mvd	-14.145501	-10.691623
Spaar	-15.50119	-12.047312
4930447C04Rik	-14.641808	-11.187929
Mmgt1	-12.507943	-9.054065
3010001F23Rik	-15.020604	-11.566726
Gm15327	-18.147364	-14.693486
Lctl	-18.252724	-14.798846
2700046G09Rik	-14.381524	-10.927646
March2	-10.987062	-7.5331845
Far1os	-19.063654	-15.6097765
Zfp273	-15.12694	-11.673061
Gm13031	-19.351337	-15.89746
Inpp4b	-17.965042	-14.511165
Gm36543	-15.906655	-12.452777
Rbbp8	-12.913587	-9.459708
Inpp1	-12.600626	-9.146748
Wls	-10.4507885	-6.9969106
Tulp2	-17.7419	-14.288022
Rab4a	-13.258521	-9.804643
Gm26831	-17.885	-14.431123
Naa20	-11.660595	-8.206717
Brca2	-14.334058	-10.880179
Ccnc	-12.5790205	-9.125142
Ext1	-10.729064	-7.275186
Ctnnbl1	-12.650197	-9.196319
Sgca	-11.885682	-8.431804
D930007P13Rik	-18.50404	-15.050162
Leng1	-12.234943	-8.781065
Samd4	-9.705197	-6.2513194
Nprl3	-13.384336	-9.930458
Capn12	-14.436234	-10.982356
Abca8b	-17.191853	-13.737975
Nln	-13.667758	-10.21388
Gm2366	-16.322815	-12.8689375
Ttll13	-16.66576	-13.211882
Peg13	-12.118364	-8.664486
Mbtd1	-12.790779	-9.336901
1700003F12Rik	-20.44995	-16.996073
Chd6	-10.4860735	-7.0321956
Rab42	-14.961013	-11.507134
Bdh2	-15.051787	-11.597909
Cmtm3	-15.245943	-11.792065
2810414N06Rik	-17.191853	-13.737975
2610507I01Rik	-13.709431	-10.255552
Tnfaip8l2	-20.44995	-16.996073
Gm26887	-15.722562	-12.268683
Gm42869	-14.766371	-11.312492
Dlx5	-16.031109	-12.577231
Gm38409	-20.44995	-16.996073
Gm13684	-17.559578	-14.1057
Mxi1	-12.211678	-8.757799
Wasf2	-10.554343	-7.1004653
Nrp1	-12.239553	-8.785675
Gm37933	-18.370508	-14.916631
Cdkn3	-15.574753	-12.120874
Plxdc1	-19.063654	-15.6097765
Mrpl30	-10.9	-7.4461217
Kmt2c	-11.176917	-7.723039
Dhrs1	-11.77815	-8.324271
Ptprs	-10.755149	-7.301271
Mmut	-11.738013	-8.284135
Gm32950	-18.370508	-14.916631
Igfbp4	-12.710591	-9.256713
Ntng1	-15.515476	-12.061598
Xkr4	-15.171836	-11.7179575
Gjc3	-20.44995	-16.996073
Exoc3	-11.298723	-7.8448453
Fam220a	-14.100811	-10.646933
4930563E22Rik	-15.885602	-12.431724
Ptprn	-13.653127	-10.199248
Ugcg	-13.000452	-9.546574
Gm20481	-17.616735	-14.162858
Pax9	-15.1367445	-11.682866
Lhpp	-13.202869	-9.748991
Pik3r5	-19.351337	-15.89746
Gm16958	-18.840511	-15.386634
Thg1l	-13.960745	-10.506866
Slc22a2	-12.610425	-9.156547
Gm6169	-15.679265	-12.225387
Usf2	-11.522238	-8.068359
Sec24b	-12.241458	-8.78758
Mfsd13a	-16.578749	-13.12487
Cebpd	-11.080301	-7.6264234
Hdac3	-12.326689	-8.87281
Trip13	-16.66576	-13.211882
Abcc8	-16.894602	-13.440723
Mtfp1	-15.337962	-11.884084
4930443O20Rik	-19.756802	-16.302925
Gm37170	-18.65819	-15.204312
Fgfr3	-15.854831	-12.400952
Pax6	-19.756802	-16.302925
Mab21l1	-19.351337	-15.89746
Prox1	-18.840511	-15.386634
Sfxn5	-14.790468	-11.33659
Kcne4	-13.616919	-10.16304
Mcts1	-11.778664	-8.324785
Smarcb1	-11.689183	-8.235305
Enpep	-13.171321	-9.7174425
Ttc30b	-13.85008	-10.396201
Lyrm4	-13.042632	-9.588754
Tapbp	-11.636809	-8.182931
Pask	-16.18727	-12.733392
Atf5	-11.310998	-7.85712
Acaca	-12.528051	-9.074173
Casd1	-12.135363	-8.681484
Rapgef5	-12.207193	-8.753315
Tdp2	-13.082242	-9.628364
Vamp5	-11.935962	-8.482083
Susd4	-16.578749	-13.12487
Sap18b	-14.23135	-10.777472
Dixdc1	-13.333556	-9.879678
Mfsd9	-16.245256	-12.791379
Fosl1	-15.84478	-12.390902
Rassf2	-16.215843	-12.761965
Rbp7	-20.44995	-16.996073
Clec4a3	-20.44995	-16.996073
B3gnt2	-11.458263	-8.004385
Dhx30	-12.025531	-8.571652
Lrrc14	-12.860614	-9.406735
Gm43305	-14.656937	-11.203058
Gtf2f2	-13.436034	-9.982156
Cox7a1	-15.240464	-11.786586
Tnfsf12	-11.200005	-7.7461267
Pitpnb	-11.079875	-7.625997
Cybrd1	-18.147364	-14.693486
Camk2d	-10.389245	-6.935367
Tnfrsf11b	-12.776262	-9.322384
Rmnd1	-12.741539	-9.287661
Exd2	-13.316654	-9.862776
Trappc11	-12.651427	-9.197549
Idnk	-12.329361	-8.875483
Slc1a3	-19.063654	-15.6097765
Ppig	-10.494724	-7.0408463
Man1a	-14.746167	-11.292289
Clic1	-10.136342	-6.682464
Rps15	-8.641099	-5.187221
Pex7	-12.569146	-9.115268
Mirg	-15.446004	-11.9921255
Fmr1nb	-18.052053	-14.598176
Alg2	-13.327084	-9.873205
Nek8	-14.421672	-10.967793
Wdsub1	-12.374368	-8.920489
Macf1	-9.557367	-6.1034894
AY074887	-17.616735	-14.162858
Pdk4	-13.656484	-10.202605
Kif9	-16.442617	-12.988739
Fermt3	-16.04323	-12.589353
Casp7	-14.071524	-10.617645
Gm10603	-19.063654	-15.6097765
Mbip	-12.921081	-9.467202
Sdk2	-15.885602	-12.431724
Rhot2	-13.280601	-9.826722
Diaph2	-10.965849	-7.511971
Zmym5	-11.759476	-8.305597
Lrrc42	-12.557124	-9.103246
Nkx6-1	-13.017467	-9.563588
Rnf20	-11.903004	-8.449125
Gsta4	-14.973487	-11.5196085
Alas1	-12.478174	-9.024296
Pomc	-15.508307	-12.054429
Cxadr	-17.885	-14.431123
Itgae	-18.147364	-14.693486
Zfp971	-14.08348	-10.6296015
Gm12052	-19.756802	-16.302925
Tmem181a	-13.386046	-9.932168
Capn9	-16.339075	-12.885198
Esam	-12.429023	-8.975144
Nphp4	-16.275562	-12.821685
Gpn1	-12.691617	-9.237739
Pir	-14.334058	-10.880179
1700048O20Rik	-15.13183	-11.677952
Gm16069	-18.370508	-14.916631
Gon4l	-11.940386	-8.486507
Sh2d6	-18.840511	-15.386634
Gm19531	-15.544675	-12.090796
Arhgap5	-10.546863	-7.0929847
Lin37	-12.947212	-9.493334
Chchd7	-11.67224	-8.218362
Ankrd24	-13.436034	-9.982156
A430057M04Rik	-18.147364	-14.693486
Fmo4	-15.805559	-12.351681
Cdk1	-15.381046	-11.927168
Mrpl48	-11.232435	-7.7785573
Hnrnpf	-10.616671	-7.1627927
Cpne8	-14.924498	-11.470619
Top1	-10.327046	-6.8731685
Grk2	-12.174065	-8.720186
Atad2b	-12.088943	-8.635064
Dync1i1	-20.44995	-16.996073
Ddb1	-10.829688	-7.37581
Nos3	-16.339075	-12.885198
Taok3	-11.95296	-8.499082
Zyx	-9.239928	-5.786051
Ubr7	-12.315189	-8.861311
Col14a1	-11.435868	-7.9819903
Tex52	-18.840511	-15.386634
Trmt61b	-13.307123	-9.853245
Gm20275	-19.351337	-15.89746
Oxt	-17.50551	-14.051633
Fam20a	-13.519455	-10.065577
Zpr1	-12.422474	-8.9685955
Olfr57	-18.370508	-14.916631
Arl4c	-14.038132	-10.584253
Gm15934	-18.50404	-15.050162
Uxt	-12.7023535	-9.248475
0610005C13Rik	-17.67736	-14.223483
Gm35867	-17.015963	-13.562084
Gpc4	-12.525516	-9.071637
Gm19667	-20.44995	-16.996073
Rprd2	-12.02575	-8.571872
Entpd1	-10.41132	-6.957442
Fryl	-10.895595	-7.4417167
Ngrn	-12.338022	-8.884144
C130060C02Rik	-18.50404	-15.050162
Smpdl3b	-15.374776	-11.9208975
Gm10855	-14.723103	-11.269224
Vma21	-11.677959	-8.224081
Rassf9	-15.320051	-11.866173
Ero1l	-11.808417	-8.354539
B930036N10Rik	-14.675399	-11.22152
Mrpl3	-12.1501665	-8.696288
Smarcd1	-12.227665	-8.773787
Gm28809	-18.65819	-15.204312
Pcsk6	-14.257587	-10.803709
Dda1	-11.735218	-8.28134
Sox12	-13.956197	-10.502318
Tex26	-18.052053	-14.598176
Gm16712	-17.405428	-13.95155
Ggt7	-14.473599	-11.019721
Parp3	-11.562988	-8.10911
Gtf2h2	-13.4496155	-9.995737
Klf4	-11.268832	-7.8149543
Smc6	-10.485509	-7.031631
Fbxo4	-12.658427	-9.204549
Sypl	-10.729184	-7.275306
Dctn2	-10.686529	-7.232651
Phospho2	-12.8267975	-9.372919
Diablo	-12.126584	-8.672706
Gm45871	-14.104314	-10.650435
Gm49719	-15.679265	-12.225387
Hist1h3f	-14.463498	-11.00962
Ptpn4	-13.308705	-9.854827
Sh2d4a	-16.76107	-13.307192
Arhgap4	-17.048752	-13.594874
Cavin4	-17.015963	-13.562084
Ciao2b	-10.744853	-7.290975
6720489N17Rik	-14.416864	-10.962986
Ccdc9b	-11.77815	-8.324271
Sec11c	-11.081325	-7.6274467
Lpar2	-17.191853	-13.737975
Kank3	-14.563846	-11.109967
Ankhd1	-11.709454	-8.255575
Hspb2	-10.1814375	-6.7275596
Slc19a3	-16.953442	-13.499564
Tmco3	-12.146693	-8.692815
Slc25a45	-16.599802	-13.145925
Ccni	-10.5659	-7.112022
Ppp3r1	-11.813375	-8.359497
Hhip	-16.537928	-13.084049
Spry3	-19.756802	-16.302925
Gm42372	-18.65819	-15.204312
Klhl7	-12.0266285	-8.57275
Sptlc2	-12.929173	-9.475295
Gm26760	-15.875239	-12.421361
Gtf3c3	-12.898764	-9.444885
Rnf123	-12.321955	-8.868076
Tctex1d1	-20.44995	-16.996073
Gm45216	-19.063654	-15.6097765
Star	-15.972613	-12.518735
3110083C13Rik	-18.840511	-15.386634
Klhl11	-13.230309	-9.77643
Mrpl20	-10.374823	-6.9209447
Rab27b	-12.289718	-8.835839
Tmem42	-12.833667	-9.379788
Ppfia1	-11.697053	-8.243175
Zmym1	-13.18103	-9.727152
Ipmk	-13.728524	-10.274646
Psmd14	-11.578866	-8.124988
Gm15326	-20.44995	-16.996073
Il16	-14.237344	-10.783465
Cpa2	-18.052053	-14.598176
Ppil2	-12.005113	-8.551234
Gm13212	-12.420843	-8.966965
Gpr173	-13.435136	-9.981257
Spata4	-18.50404	-15.050162
Rad54b	-17.965042	-14.511165
Degs1	-10.684461	-7.2305827
Ell2	-11.994633	-8.540754
Prkaca	-11.848048	-8.39417
Grhl1	-16.953442	-13.499564
Letmd1	-13.197896	-9.744018
Mpv17	-11.939379	-8.4855
Slc7a5	-13.575751	-10.121873
Szrd1	-11.858021	-8.404142
Pex19	-12.200636	-8.7467575
Lbr	-12.426725	-8.972847
Kank4	-13.686065	-10.232186
Lrrn1	-17.314455	-13.860578
Cfdp1	-11.166266	-7.7123885
Sacs	-11.033246	-7.579368
AI480526	-14.307913	-10.854034
Espn	-14.851528	-11.39765
Prrt2	-17.559578	-14.1057
Spast	-12.360774	-8.906896
D030045P18Rik	-19.756802	-16.302925
Nr2e3	-16.786388	-13.33251
Ttc33	-12.245005	-8.791126
Gm50087	-19.351337	-15.89746
2900009J06Rik	-14.2514715	-10.797593
Rnaset2b	-13.564441	-10.110562
D130040H23Rik	-14.381524	-10.927646
Sept3	-20.44995	-16.996073
Zfp174	-14.766371	-11.312492
Gm15564	-14.481242	-11.027364
C130074G19Rik	-17.50551	-14.051633
Tob2	-10.431706	-6.9778285
Tmem9	-12.477829	-9.023951
Txndc16	-12.797879	-9.344001
Prmt9	-13.5809355	-10.127057
Dna2	-15.875239	-12.421361
B230322F03Rik	-15.537295	-12.083417
Cnbd2	-15.662458	-12.20858
Mettl7a3	-18.65819	-15.204312
Fam178b	-14.769777	-11.315899
Emc6	-11.242313	-7.7884355
Ei24	-11.720068	-8.26619
Dtnb	-13.562398	-10.10852
4732419C18Rik	-18.840511	-15.386634
Gdf15	-13.595595	-10.141717
Slc1a5	-11.473941	-8.020062
Adgrf5	-18.840511	-15.386634
Slc6a15	-19.756802	-16.302925
Sec63	-11.151416	-7.697538
Nr4a3	-13.374987	-9.921108
Rnf144a	-17.314455	-13.860578
Tm9sf2	-10.561373	-7.107495
Wdyhv1	-13.286003	-9.832125
Apol7b	-18.052053	-14.598176
Txlnb	-13.022806	-9.568928
Bmp2k	-12.689909	-9.236031
Gm16066	-18.50404	-15.050162
5930430L01Rik	-13.208584	-9.754705
Itga6	-16.04323	-12.589353
Ly75	-12.69119	-9.237311
Xrn1	-11.725742	-8.271864
Hint1	-9.436794	-5.982917
C4b	-15.885602	-12.431724
Oxnad1	-13.412045	-9.958166
Rfc5	-14.081763	-10.627885
4921507G05Rik	-19.351337	-15.89746
Clcnkb	-17.015963	-13.562084
Mark1	-11.062887	-7.6090093
Trim28	-11.732104	-8.278226
Atp6ap1l	-13.603007	-10.149129
N4bp3	-15.824977	-12.3710985
Tbc1d30	-15.875239	-12.421361
Gm28875	-14.134592	-10.680714
Acss1	-14.621004	-11.167126
C030014I23Rik	-13.722518	-10.26864
Wdr25	-15.156646	-11.702767
Tab1	-13.979151	-10.525272
Psmd1	-10.800452	-7.3465743
Eif3j2	-14.1846485	-10.73077
Pianp	-15.662458	-12.20858
Pag1	-14.078339	-10.62446
Ccdc93	-13.282912	-9.829034
Gm9991	-15.896073	-12.442195
Zfp775	-13.740645	-10.286767
Esyt1	-11.487558	-8.03368
Cdk15	-16.230442	-12.776564
Hotairm1	-11.067843	-7.6139655
Rgs5	-9.003452	-5.549575
4931422A03Rik	-20.44995	-16.996073
2210406O10Rik	-16.812363	-13.358485
Acvr2b	-13.569566	-10.115687
Prrx2	-14.127385	-10.673507
Adrm1	-11.470659	-8.016781
Pisd	-13.521412	-10.0675335
Zfp879	-14.729638	-11.27576
Nudt15	-15.777122	-12.323243
2610204G07Rik	-18.50404	-15.050162
Zfp41	-14.223413	-10.769535
Cpt1c	-13.273696	-9.819818
Cd14	-15.13183	-11.677952
Pfdn4	-11.982577	-8.528699
Fbxl18	-13.541195	-10.0873165
Abtb1	-12.99523	-9.541351
Cdc42ep3	-9.838476	-6.3845983
Esco1	-12.363233	-8.909354
Tppp	-14.221439	-10.767561
Phactr2	-11.51352	-8.059642
Themis2	-20.44995	-16.996073
H1fx	-13.270642	-9.816764
Ctu1	-14.327457	-10.873579
Fgfr2	-11.451196	-7.997318
Zfp968	-15.218842	-11.764963
Pramef8	-14.064755	-10.610877
Sytl1	-17.154112	-13.700234
4930579G18Rik	-18.147364	-14.693486
Rab20	-14.531056	-11.077178
Slc47a1	-20.44995	-16.996073
Ddc	-16.132462	-12.678583
Mvb12a	-11.448851	-7.9949727
Plet1	-20.44995	-16.996073
Supt6	-11.438183	-7.984305
Lyplal1	-13.739427	-10.285548
Fig4	-13.141407	-9.687529
Zfp710	-13.907478	-10.4536
Rab10os	-13.136064	-9.682185
Troap	-17.154112	-13.700234
Hnrnpa0	-10.405831	-6.9519534
Lsmem2	-13.534226	-10.080348
Emilin2	-19.756802	-16.302925
Lmna	-9.409896	-5.9560184
Fndc1	-17.117744	-13.663867
Seh1l	-12.175338	-8.721459
2810408I11Rik	-15.432671	-11.978792
Bysl	-13.040813	-9.586935
Gm5544	-18.840511	-15.386634
Pdcd4	-11.801203	-8.347324
Arg1	-18.370508	-14.916631
Atm	-12.867211	-9.413333
Aars2	-14.162091	-10.708213
A330094K24Rik	-16.599802	-13.145925
Gm45148	-18.252724	-14.798846
9530068E07Rik	-10.545114	-7.0912356
Gm11638	-17.454218	-14.0003395
Gm29686	-13.696512	-10.242634
Nsg1	-14.118448	-10.66457
Rap2a	-12.742438	-9.28856
Wdr61	-11.649234	-8.195355
Ccdc117	-12.787482	-9.333604
Mipol1	-13.840601	-10.386723
Gm34680	-19.351337	-15.89746
Nudcd1	-12.994074	-9.540195
Lrrc57	-13.182425	-9.728546
Rpl39l	-16.736378	-13.282499
Dnajc10	-10.600708	-7.14683
Gm43825	-17.965042	-14.511165
Stag3	-18.252724	-14.798846
Kat6b	-11.331944	-7.8780665
Gm36236	-17.965042	-14.511165
9430065F17Rik	-15.141683	-11.687804
Gm42658	-16.599802	-13.145925
Gm10817	-17.67736	-14.223483
Gm26826	-16.599802	-13.145925
Gm36199	-19.063654	-15.6097765
Naalad2	-13.962266	-10.508388
Rcc2	-13.172703	-9.718824
Gm48693	-17.405428	-13.95155
Eno3	-13.655364	-10.201486
Cdk11b	-11.0016165	-7.5477386
Slc25a19	-12.890912	-9.437034
Gm27042	-18.50404	-15.050162
Nin	-12.9308	-9.476922
Cdh17	-18.370508	-14.916631
Abraxas2	-12.249661	-8.795783
Cenpn	-15.854831	-12.400952
Dctn1	-11.261753	-7.807875
Psmc2	-10.836882	-7.3830037
Gm12714	-18.65819	-15.204312
Pim1	-13.306333	-9.852454
Uqcrb	-9.513331	-6.0594535
Bcl2	-11.398136	-7.944258
Nmrk2	-16.68875	-13.234872
Nampt	-11.860622	-8.406744
Pcdhb8	-16.894602	-13.440723
Ggps1	-11.73966	-8.285782
Rpain	-12.242548	-8.78867
Zc3h12d	-19.063654	-15.6097765
Gm12974	-18.252724	-14.798846
Fam45a	-12.265994	-8.812116
Gm27253	-17.616735	-14.162858
Tcf15	-19.063654	-15.6097765
Ascl2	-18.840511	-15.386634
Dctn3	-11.4759655	-8.022087
Lyn	-15.939091	-12.485212
Tmem56	-15.325986	-11.8721075
Gas2l2	-18.147364	-14.693486
Ppil3	-12.587068	-9.133189
Mrpl51	-10.965469	-7.5115914
Zbtb5	-13.910364	-10.456486
Mfsd13b	-16.76107	-13.307192
Rdh10	-13.438736	-9.984858
Akt3	-11.448727	-7.9948487
Spata2l	-14.618068	-11.164189
Airn	-12.6088505	-9.154972
Dnd1	-16.643288	-13.189409
4930563E18Rik	-19.756802	-16.302925
Hdac11	-13.060386	-9.606507
Trim14	-19.063654	-15.6097765
Fam50a	-11.60101	-8.147132
Bphl	-12.356488	-8.90261
Evi2	-19.351337	-15.89746
4933439C10Rik	-14.301482	-10.847604
Pacs1	-13.205723	-9.751844
Slamf8	-20.44995	-16.996073
Tbx6	-16.76107	-13.307192
Smim14	-9.822447	-6.368569
Edc3	-13.73821	-10.284331
Lrp1	-10.063049	-6.6091714
Kctd8	-17.015963	-13.562084
Trim23	-13.257768	-9.803889
Nvl	-12.394793	-8.940914
Zc2hc1a	-10.728284	-7.274406
Gm43258	-16.537928	-13.084049
Pcdhga1	-17.117744	-13.663867
Trim62	-14.900874	-11.446996
Fis1	-10.4540205	-7.0001426
Rassf7	-14.563846	-11.109967
1700021F05Rik	-12.61873	-9.164851
Gpd1	-14.227374	-10.773496
Otud3	-14.125591	-10.671713
Cped1	-9.188541	-5.734664
Gm12043	-16.643288	-13.189409
4930549G23Rik	-17.67736	-14.223483
Mlh1	-13.752916	-10.299038
Ssbp2	-11.395211	-7.9413333
Dgat1	-13.222287	-9.768409
Tax1bp3	-11.1726055	-7.7187276
Lcmt1	-12.338622	-8.884744
Trabd	-12.584378	-9.1305
Zfp414	-12.555633	-9.101754
A530020G20Rik	-19.756802	-16.302925
Tsen54	-13.450528	-9.99665
Acp6	-13.436934	-9.983056
Gm30146	-18.052053	-14.598176
Gm14326	-14.10607	-10.652191
Vbp1	-11.733251	-8.279372
A730061H03Rik	-17.082653	-13.628776
Olfr1033	-10.478757	-7.024879
Rnf10	-10.705751	-7.2518735
Map4	-10.662771	-7.2088933
4833427F10Rik	-18.147364	-14.693486
Gm6556	-17.015963	-13.562084
Zfp120	-13.266079	-9.812201
Zfp768	-13.156253	-9.702374
Sspnos	-19.063654	-15.6097765
Zfyve9	-12.36354	-8.909661
Gm12655	-13.781722	-10.327844
Gpr182	-18.50404	-15.050162
Tmem254c	-17.7419	-14.288022
Acot7	-13.165815	-9.711937
C230012O17Rik	-18.370508	-14.916631
Etnk1	-12.00705	-8.553171
Txndc15	-11.058206	-7.6043277
Rbakdn	-20.44995	-16.996073
Flad1	-13.974518	-10.520639
Cers3	-18.50404	-15.050162
Acp1	-10.95684	-7.5029616
Wdr90	-15.229594	-11.775716
Fam98c	-12.5111475	-9.057269
Cflar	-11.406964	-7.9530864
Mrgpre	-15.487105	-12.033227
Gm16093	-18.370508	-14.916631
Vps72	-12.249113	-8.795235
Htra3	-11.074265	-7.6203866
Gm20619	-16.92359	-13.469711
Pebp1	-9.88558	-6.431702
Rpl22	-8.722857	-5.2689795
Tmed10	-10.099056	-6.6451783
Nmd3	-12.486838	-9.03296
B230334C09Rik	-16.080502	-12.626624
Ptger4	-16.643288	-13.189409
Msi1	-16.031109	-12.577231
Phactr4	-12.214589	-8.760711
Gm49668	-19.063654	-15.6097765
Ppfibp1	-11.348978	-7.8951
As3mt	-14.288743	-10.834865
Emp1	-13.85417	-10.400291
Tpm3-rs7	-15.984042	-12.530164
Ctxn3	-18.147364	-14.693486
Aen	-12.875905	-9.422027
Atp1a1	-10.676743	-7.2228646
Gm14798	-18.50404	-15.050162
Prrt3	-17.810892	-14.357015
Zmynd8	-12.146941	-8.693063
Lepr	-14.129182	-10.675303
Itgb2	-19.063654	-15.6097765
Tubgcp3	-12.835638	-9.38176
Adcy4	-14.956888	-11.50301
Arpc3	-10.33754	-6.8836617
Gm26759	-15.308287	-11.854408
Rap2c	-12.595957	-9.142078
Usp24	-12.561991	-9.108112
Gm45479	-18.840511	-15.386634
Pear1	-13.013923	-9.560044
Lrrc32	-12.4496	-8.995722
Rassf1	-12.018097	-8.5642185
Cd300lb	-20.44995	-16.996073
Sumo1	-10.970575	-7.5166974
Grina	-11.896039	-8.442161
Snrpe	-10.485227	-7.0313487
Slc35c2	-12.982008	-9.52813
Pou3f4	-20.44995	-16.996073
Rab7	-10.879211	-7.4253335
Gm48503	-17.405428	-13.95155
Nck1	-11.985525	-8.531647
Gm13270	-17.271896	-13.818018
Vmn2r120	-18.370508	-14.916631
Cyp51	-11.980687	-8.526809
Gm15859	-17.50551	-14.051633
4930481A15Rik	-14.09558	-10.641702
Tmem59l	-20.44995	-16.996073
1700061N14Rik	-19.063654	-15.6097765
1500032F14Rik	-17.965042	-14.511165
Eid2	-12.790779	-9.336901
Rfx3	-14.1846485	-10.73077
Gm17435	-14.8259325	-11.372054
Baz2b	-11.23921	-7.785332
Nme6	-13.407664	-9.953786
Zfp764	-13.754151	-10.300273
Dad1	-9.940372	-6.4864945
Cul4b	-12.775797	-9.3219185
Arrdc1	-13.861024	-10.4071455
Rpl38	-8.136149	-4.6822715
Gm43698	-18.370508	-14.916631
Sap18	-10.868184	-7.414306
Pcdhb13	-15.786511	-12.332633
Ints2	-13.353229	-9.89935
Pfkfb4	-14.334058	-10.880179
Gm44265	-18.65819	-15.204312
Cish	-16.18727	-12.733392
Cpne9	-18.147364	-14.693486
Ube2j1	-11.937166	-8.483288
Mecp2	-11.48436	-8.030481
Il21r	-20.44995	-16.996073
Rdh9	-17.885	-14.431123
Slc35f5	-12.371262	-8.917383
Arhgef19	-13.951668	-10.497789
Apip	-11.707695	-8.253817
Wfdc1	-9.860164	-6.406286
Snx22	-17.67736	-14.223483
Cry1	-13.184521	-9.730642
E430024I08Rik	-13.861024	-10.4071455
Tbc1d8b	-12.586683	-9.132805
Trp53rka	-12.948316	-9.494437
Gm14321	-17.67736	-14.223483
Phlda3	-11.851914	-8.398036
Gm34425	-16.424599	-12.97072
Gm48824	-18.147364	-14.693486
2310040G24Rik	-14.1846485	-10.73077
Smpdl3a	-10.943959	-7.4900813
B430319H21Rik	-18.840511	-15.386634
Ptpdc1	-13.558324	-10.104445
L2hgdh	-13.645335	-10.191457
Mogat2	-17.314455	-13.860578
Ube2j2	-12.050865	-8.596987
Def8	-13.272168	-9.81829
Pex1	-13.771608	-10.31773
Dhrs4	-11.845113	-8.391234
Nol8	-12.477484	-9.023605
BC024063	-14.786989	-11.333111
Dnajc5	-11.7080145	-8.254136
Trpm4	-12.745589	-9.291711
Inhbb	-14.365451	-10.911572
Add1	-11.275755	-7.821877
Ppia	-7.74302	-4.2891426
Irak4	-13.596651	-10.142773
Gm16222	-19.063654	-15.6097765
Myl7	-20.44995	-16.996073
Bcan	-19.351337	-15.89746
Lratd1	-13.4496155	-9.995737
Def6	-15.093364	-11.639485
Gm26812	-19.756802	-16.302925
Sgk3	-12.961097	-9.507218
Tfb2m	-12.428366	-8.974487
Gm8066	-16.786388	-13.33251
Ifngr1	-11.770468	-8.316589
L3mbtl3	-13.16239	-9.708511
Eci3	-19.063654	-15.6097765
Glis3	-15.494123	-12.040245
Setd1b	-12.000822	-8.546944
Gm16174	-18.50404	-15.050162
Plxnc1	-17.231073	-13.777196
Zfp790	-13.851441	-10.397563
4933406C10Rik	-15.559601	-12.105722
Serpinb1a	-14.515056	-11.061177
Smpx	-19.351337	-15.89746
Vsig2	-17.271896	-13.818018
Col4a4	-13.633214	-10.179336
Gm9754	-20.44995	-16.996073
Cep135	-13.61369	-10.159812
Sirt4	-13.793223	-10.339345
Fbxw17	-13.18522	-9.731341
Snhg17	-13.80616	-10.352282
Dtnbos	-19.063654	-15.6097765
Zfp61	-14.09558	-10.641702
Mier3	-12.374368	-8.920489
Gnpat	-12.580166	-9.126287
Angel2	-11.711856	-8.2579775
Dusp13	-18.840511	-15.386634
Ccdc171	-14.811596	-11.3577175
Zfp189	-14.026703	-10.5728245
Gm39033	-20.44995	-16.996073
Mir155hg	-17.358908	-13.905029
Gm42717	-15.972613	-12.518735
Zfp746	-13.258521	-9.804643
Mmaa	-13.12612	-9.672241
Smim3	-14.097321	-10.643442
Btf3	-9.430797	-5.9769187
Spryd3	-12.31051	-8.856631
Cep295nl	-15.393704	-11.939826
Ranbp10	-12.896139	-9.442261
Secisbp2	-12.9695215	-9.515643
Gm48420	-15.972613	-12.518735
Lin52	-13.419093	-9.965215
Zc3h4	-12.878991	-9.425113
Ppil1	-12.234133	-8.780254
Gm29562	-18.50404	-15.050162
Gm14167	-16.442617	-12.988739
Uvssa	-12.705813	-9.251935
Lrrc69	-19.063654	-15.6097765
Samd5	-14.286635	-10.832757
Rbbp6	-11.159506	-7.705628
N4bp1	-12.41889	-8.965012
Ikbip	-11.035934	-7.5820565
Gm15892	-16.68875	-13.234872
Dpp9	-12.504041	-9.050162
Hs6st2	-13.568539	-10.11466
Gata3	-15.84478	-12.390902
Ddx3y	-11.025628	-7.57175
Gm36315	-20.44995	-16.996073
Gm39460	-18.50404	-15.050162
Flvcr1	-13.700019	-10.2461405
Actr1b	-11.548992	-8.095114
Dync1h1	-10.654995	-7.201117
Armc8	-12.310218	-8.856339
Proser1	-13.0269785	-9.5731
Smpd4	-13.458774	-10.004895
1700061E18Rik	-18.252724	-14.798846
Stxbp5l	-18.052053	-14.598176
Prpf19	-11.887784	-8.433906
Camkk1	-13.774127	-10.320249
Cept1	-12.369094	-8.9152155
Rab6a	-10.931023	-7.4771447
1110020A21Rik	-14.274083	-10.820205
Mdn1	-12.971781	-9.517902
BC018473	-17.358908	-13.905029
Nek10	-18.052053	-14.598176
Gm11027	-19.756802	-16.302925
Med25	-11.978382	-8.524504
Gm8098	-16.537928	-13.084049
Tstd2	-13.269119	-9.815241
Mrpl36	-11.461379	-8.007501
1110046J04Rik	-13.260782	-9.806904
Tmtc3	-12.392256	-8.938377
Zfp457	-18.052053	-14.598176
Ribc1	-16.736378	-13.282499
Sh3rf1	-13.373297	-9.919418
D10Wsu102e	-12.754647	-9.300769
Nsun6	-13.223742	-9.769863
Coro7	-14.028328	-10.57445
5033430I15Rik	-13.4342375	-9.980359
Gm47467	-16.372412	-12.918534
Irgc1	-17.231073	-13.777196
Brip1	-13.251766	-9.797888
BC037039	-15.645929	-12.192051
Gm49427	-18.147364	-14.693486
Cluap1	-12.355572	-8.901693
R3hcc1	-12.439259	-8.98538
Dnajb14	-11.645325	-8.191446
9430091E24Rik	-16.18727	-12.733392
Wdr54	-14.818738	-11.36486
Nat9	-12.691617	-9.237739
Spag1	-15.070053	-11.616175
Asb8	-12.61873	-9.164851
Apoa2	-17.616735	-14.162858
Cnot8	-12.200636	-8.7467575
Rab32	-13.61369	-10.159812
Gm43061	-16.372412	-12.918534
Cdc6	-17.559578	-14.1057
2310047D07Rik	-16.599802	-13.145925
Rufy2	-12.736166	-9.282288
Gm26660	-15.731451	-12.277573
Rab40c	-13.502013	-10.048135
Sema6a	-16.119217	-12.6653385
Map6	-12.23711	-8.783232
Rmnd5b	-12.65884	-9.204962
Sf3a3	-11.985525	-8.531647
Gm47469	-15.182092	-11.728213
Gm31410	-19.063654	-15.6097765
Uqcrfs1	-11.170644	-7.716766
4930578G10Rik	-18.50404	-15.050162
Zswim5	-17.405428	-13.95155
Rbm24	-11.931558	-8.477679
Mettl8	-14.068134	-10.614256
Mpzl3	-15.182092	-11.728213
Mrpl39	-12.6613245	-9.207446
Trim65	-13.392913	-9.939034
Iqsec2	-13.23987	-9.785992
Ptprq	-17.67736	-14.223483
Sel1l3	-12.507943	-9.054065
Gm16118	-18.50404	-15.050162
Gclm	-11.381865	-7.9279866
Gm31683	-16.04323	-12.589353
Kirrel3	-20.44995	-16.996073
Rcor3	-11.924788	-8.47091
Gm20650	-19.063654	-15.6097765
Arl5b	-12.768851	-9.314973
Gpr35	-19.756802	-16.302925
1700041G16Rik	-16.86643	-13.412553
Riok1	-12.2626505	-8.808772
Gm26640	-18.840511	-15.386634
Dok3	-15.777122	-12.323243
Gm15541	-16.275562	-12.821685
Zfp131	-11.710574	-8.256696
Ssx2ip	-13.246545	-9.792666
Maip1	-12.27384	-8.819962
Rpa3	-12.74604	-9.292162
Gm47121	-16.736378	-13.282499
Ddx1	-11.116596	-7.6627183
Mapkbp1	-13.575751	-10.121873
Icam1	-16.173283	-12.719405
Pgrmc1	-10.503786	-7.049908
Dtd1	-12.106158	-8.65228
2310008N11Rik	-17.810892	-14.357015
Ipo7	-11.361325	-7.9074473
Gm34113	-18.840511	-15.386634
Gm15689	-19.351337	-15.89746
Trdmt1	-13.502013	-10.048135
Nicn1	-12.34434	-8.890462
Nek1	-12.915188	-9.461309
Atg13	-12.736166	-9.282288
Polr2e	-11.782442	-8.328564
Gpr18	-19.351337	-15.89746
Dbr1	-13.266079	-9.812201
Hacd4	-11.604029	-8.15015
4930558K02Rik	-20.44995	-16.996073
Cdk16	-12.67804	-9.224161
Mok	-16.498707	-13.044828
Hmga2	-17.271896	-13.818018
Fxyd5	-11.936966	-8.483088
Lyrm2	-12.042572	-8.588694
Ehbp1	-13.424412	-9.970533
Il17ra	-15.03385	-11.579971
Atg3	-11.128516	-7.6746383
Gm6980	-19.756802	-16.302925
Adamts3	-15.74042	-12.286542
Anxa5	-9.662323	-6.208445
Naa15	-11.558851	-8.104973
F530104D19Rik	-17.7419	-14.288022
9930021J03Rik	-11.880544	-8.426665
Aplf	-14.255545	-10.801666
Cdk2ap2	-10.978323	-7.524445
Ccdc43	-12.796929	-9.343051
Gdf9	-16.201454	-12.747577
Ctbp2	-12.650197	-9.196319
Galnt16	-11.774728	-8.320849
1190007I07Rik	-12.6538925	-9.200014
Gm19265	-17.810892	-14.357015
Zfyve26	-13.625576	-10.171698
Klhdc7a	-20.44995	-16.996073
Cltrn	-20.44995	-16.996073
Gm45442	-18.147364	-14.693486
Cytl1	-14.149164	-10.695286
Magt1	-11.715551	-8.261673
Mrvi1	-10.2207985	-6.7669206
Ttc32	-12.92755	-9.473672
Gm45060	-17.117744	-13.663867
Rbmxl2	-16.498707	-13.044828
Gm28386	-20.44995	-16.996073
3110040N11Rik	-12.7277155	-9.273837
Gm43000	-18.370508	-14.916631
Ndfip2	-12.117641	-8.663763
Atp6v1h	-11.87298	-8.419102
Sh3bp4	-12.82046	-9.366582
Mib2	-13.043847	-9.589969
Ncam1	-9.136622	-5.6827445
Pfn4	-17.67736	-14.223483
Gm13269	-15.917351	-12.463472
4930512B01Rik	-18.052053	-14.598176
Arhgdig	-16.498707	-13.044828
Fbxl4	-13.364886	-9.911008
U2surp	-10.846757	-7.392879
Mgat2	-11.530765	-8.076886
Srpx2	-13.089847	-9.635968
Hsf5	-17.810892	-14.357015
Fosl2	-11.71926	-8.265382
4932422M17Rik	-15.070053	-11.616175
Pappa	-15.906655	-12.452777
Snai2	-13.148128	-9.694249
Fbxl14	-13.061004	-9.607125
Plekha7	-15.597919	-12.144041
Zfp94	-14.215539	-10.761661
Timm22	-12.411438	-8.95756
C330007P06Rik	-12.1210165	-8.667138
Acd	-12.8035965	-9.349718
Mrpl42	-10.792491	-7.338613
Gin1	-13.005116	-9.551238
Fen1	-15.083974	-11.6300955
Epn1	-12.15515	-8.701272
Ruvbl2	-12.88623	-9.432352
Col4a2	-9.547597	-6.093719
Herpud1	-10.89439	-7.440512
Rexo1	-12.317244	-8.863365
Gbp9	-17.616735	-14.162858
Mia2	-11.366534	-7.9126563
Gm21691	-16.260296	-12.806417
Slc35a5	-12.599847	-9.145968
Uap1	-12.277221	-8.823342
Dennd2a	-14.303621	-10.849743
Gm11549	-17.048752	-13.594874
Slc25a53	-14.641808	-11.187929
Ftx	-13.629933	-10.176055
Gm20686	-18.65819	-15.204312
Hectd3	-13.0734415	-9.619563
Gm10941	-14.862701	-11.408823
1700102P08Rik	-16.498707	-13.044828
Cd320	-12.4654875	-9.011609
Hopx	-17.965042	-14.511165
Stard10	-12.521905	-9.068027
Gm50169	-17.7419	-14.288022
Olfr328	-15.662458	-12.20858
Ada	-14.04307	-10.589191
Sntg2	-11.92459	-8.470712
Gpkow	-13.48016	-10.026281
Ttc34	-17.885	-14.431123
Sfxn2	-14.100811	-10.646933
Ecm2	-10.177281	-6.7234035
Dmtn	-13.709431	-10.255552
Hcls1	-14.710157	-11.256279
Banf1	-10.798391	-7.3445134
Cdh4	-15.065455	-11.611577
Mef2a	-10.073121	-6.619243
Arhgap32	-13.019836	-9.565958
Tnrc6c	-10.740776	-7.286898
F5	-20.44995	-16.996073
Rfx5	-13.644228	-10.19035
Srrm3	-18.65819	-15.204312
Gm9917	-17.559578	-14.1057
Gm48949	-16.389507	-12.935629
Gm49762	-20.44995	-16.996073
Slc36a4	-12.61279	-9.158912
Zbtb8os	-11.991022	-8.537144
Gm39459	-18.50404	-15.050162
Kcnip4	-13.3955	-9.941622
Coq7	-12.028828	-8.574949
Slc1a4	-13.130748	-9.676869
Lgi3	-14.00741	-10.553532
Pkdrej	-18.147364	-14.693486
Sgpp1	-12.974611	-9.520733
Nradd	-13.495312	-10.041433
Msh5	-16.736378	-13.282499
Padi2	-20.44995	-16.996073
Naa35	-12.324911	-8.871033
Zfhx2os	-19.756802	-16.302925
Slc29a4	-19.756802	-16.302925
Dhdh	-14.347391	-10.893513
Mrps11	-12.29344	-8.839561
Abt1	-12.511862	-9.057983
Etfdh	-12.688631	-9.234753
Aif1l	-19.063654	-15.6097765
Npas2	-13.48016	-10.026281
Ggh	-11.395562	-7.9416842
Snd1	-11.988692	-8.534814
Acy3	-13.948661	-10.494782
Spout1	-12.940615	-9.486736
Zfp934	-13.837909	-10.38403
Ier3	-10.670496	-7.216618
Agtr2	-19.756802	-16.302925
Ankrd13c	-12.553769	-9.099891
Col2a1	-19.756802	-16.302925
Olfr90	-19.063654	-15.6097765
Fam111a	-14.303621	-10.849743
Kif6	-16.984213	-13.530335
Zfp865	-13.323059	-9.869181
Gm43569	-19.063654	-15.6097765
Rnf121	-12.658427	-9.204549
Kcnq1ot1	-10.998076	-7.5441985
Usp4	-12.1804495	-8.726571
Calhm6	-17.616735	-14.162858
Gm41541	-18.252724	-14.798846
Inha	-15.4595175	-12.005639
Thoc6	-13.154894	-9.701015
Dxo	-13.217217	-9.763339
Ndufb2	-9.890602	-6.436724
Tmem82	-13.832547	-10.378669
Hemk1	-14.893122	-11.439243
Haus2	-13.352402	-9.898523
St7	-13.222287	-9.768409
Pp2d1	-18.052053	-14.598176
Fcgrt	-10.955409	-7.501531
Arhgap15	-18.65819	-15.204312
Plekhb1	-17.885	-14.431123
Adgrg2	-16.215843	-12.761965
Cnksr3	-12.402441	-8.948563
Kif26a	-18.65819	-15.204312
Kdm3a	-13.1281	-9.674222
Gm13920	-18.65819	-15.204312
Gulo	-19.756802	-16.302925
Ccdc85a	-13.670029	-10.21615
Platr31	-19.756802	-16.302925
Zfp428	-14.486371	-11.032493
Col26a1	-19.351337	-15.89746
Foxo3	-12.236298	-8.782419
Gm50114	-18.052053	-14.598176
Ypel5	-11.992294	-8.538416
Trmt10a	-13.79451	-10.3406315
Epb41l4a	-19.351337	-15.89746
Egr4	-18.840511	-15.386634
Cdc25c	-17.67736	-14.223483
Srgn	-15.713752	-12.259873
Commd1	-11.0995	-7.645622
Gm10010	-16.812363	-13.358485
Gm31282	-17.50551	-14.051633
Cox6b1	-9.611094	-6.157217
Mtbp	-14.147331	-10.693453
D11Wsu47e	-14.466014	-11.0121355
Grap2	-18.840511	-15.386634
Rnf38	-12.717142	-9.263264
Gm36445	-15.961314	-12.507436
Arpc5l	-10.908294	-7.454416
Cdkn2c	-13.448705	-9.994826
Prkacb	-10.882145	-7.428267
Rfng	-13.19648	-9.742601
Scnm1	-12.610819	-9.15694
Pex12	-14.090376	-10.6364975
Ddr2	-10.674126	-7.2202477
Dnah10	-19.756802	-16.302925
Gm10648	-17.616735	-14.162858
Gm38004	-19.756802	-16.302925
Slc38a11	-12.229278	-8.775399
Gm26982	-14.723103	-11.269224
2410002F23Rik	-12.941163	-9.487285
Gm26777	-16.15949	-12.705612
Ddx46	-11.30607	-7.8521924
Gm15410	-17.405428	-13.95155
Acyp2	-11.252189	-7.7983108
AC160336.1	-14.288743	-10.834865
Stom	-11.848415	-8.394537
Mcee	-11.429923	-7.976045
Aldh3a2	-12.8697605	-9.415882
6330408M09Rik	-15.400094	-11.946216
Gm45885	-15.559601	-12.105722
Hist1h2bb	-16.019133	-12.565255
Ncapd3	-13.288328	-9.83445
Nts	-19.756802	-16.302925
Gsdme	-13.684911	-10.231032
Slc16a8	-16.599802	-13.145925
Ube2s	-10.55037	-7.0964923
Slc25a33	-12.880022	-9.426144
Arhgef39	-15.047273	-11.593394
Gm49915	-17.616735	-14.162858
Gm9484	-16.86643	-13.412553
Pou3f1	-13.249525	-9.795647
Tomm6os	-18.252724	-14.798846
Nup93	-12.8697605	-9.415882
Psmf1	-12.948316	-9.494437
Rbbp9	-12.001036	-8.547157
Cers5	-11.860994	-8.407116
Fgd4	-12.476794	-9.022916
Pltp	-12.874878	-9.421
Slc35b1	-11.579146	-8.125268
Kcnn3	-16.812363	-13.358485
Gm15444	-19.351337	-15.89746
Asap3	-14.703747	-11.249868
9330121J05Rik	-19.351337	-15.89746
Riok2	-12.921081	-9.467202
Rps6ka5	-13.353229	-9.89935
Epha7	-14.092108	-10.638229
Anapc15	-13.074695	-9.620816
Gm609	-17.965042	-14.511165
Dpyd	-17.231073	-13.777196
Gm10419	-16.291067	-12.837189
Zhx1	-11.890272	-8.436394
Adk	-11.067591	-7.613713
Ndufa7	-9.596157	-6.142279
Fam229a	-18.052053	-14.598176
Hmbox1	-12.566881	-9.113003
Dpm3	-10.201562	-6.747684
Katnbl1	-12.363848	-8.909969
Phtf1	-12.587068	-9.133189
Stox1	-17.454218	-14.0003395
4933428G20Rik	-19.063654	-15.6097765
Gm11837	-14.336267	-10.882389
Gm30127	-20.44995	-16.996073
Zfp345	-19.063654	-15.6097765
S100a3	-16.355604	-12.901727
Pde7a	-12.540461	-9.086582
Tmem131	-12.074781	-8.620903
Plcd1	-11.845479	-8.391601
Fam57a	-15.240464	-11.786586
Rab3ip	-13.166502	-9.712624
Clvs2	-20.44995	-16.996073
Zfp182	-13.405917	-9.952039
Ms4a7	-19.756802	-16.302925
Tnfrsf22	-16.132462	-12.678583
Scimp	-20.44995	-16.996073
9130230N09Rik	-15.552111	-12.098232
Hao1	-20.44995	-16.996073
Limk1	-15.582416	-12.128537
Usp29	-17.616735	-14.162858
Syn3	-12.442583	-8.988705
Zeb2	-11.475079	-8.0212
Tmem183a	-12.11356	-8.659681
Naa25	-12.848548	-9.39467
Nek7	-11.030565	-7.5766873
Gm48302	-15.098092	-11.644214
Lpcat3	-12.637977	-9.184098
Lrrc28	-13.601945	-10.1480665
Rnasek	-10.061478	-6.6075997
Pcdhgb6	-15.18726	-11.733381
Gm44647	-20.44995	-16.996073
Trp53i13	-11.896425	-8.442547
Fhl5	-18.840511	-15.386634
Bola1	-11.706578	-8.2527
Ifitm2	-9.38999	-5.9361124
Abi1	-11.530363	-8.076485
C78859	-17.405428	-13.95155
Mrpl32	-11.727044	-8.273166
Snx33	-13.470805	-10.016927
Tssc4	-12.126827	-8.672949
Vcl	-9.626259	-6.1723814
Stim1	-11.6865225	-8.232644
Adgra2	-14.149164	-10.695286
Pcdhgb1	-16.322815	-12.8689375
Zfp386	-12.848048	-9.39417
Dnajc15	-11.7871	-8.333221
Gm36888	-17.67736	-14.223483
Ist1	-12.378732	-8.924853
Mical3	-11.551038	-8.097159
Gm11651	-19.351337	-15.89746
Gm46332	-19.063654	-15.6097765
Commd5	-15.713752	-12.259873
Cul7	-13.108466	-9.654588
Casp4	-14.08348	-10.6296015
Mdm2	-12.100229	-8.646351
Sall2	-14.104314	-10.650435
Nedd1	-13.16239	-9.708511
2010001M07Rik	-17.314455	-13.860578
6330415G19Rik	-16.736378	-13.282499
Slc15a4	-13.5155525	-10.061674
Gm43329	-15.003213	-11.549335
Gm45733	-18.147364	-14.693486
Gm2670	-18.65819	-15.204312
H2al1m	-16.839031	-13.385154
Syt14	-20.44995	-16.996073
Gss	-12.836131	-9.382253
Ccdc74a	-16.04323	-12.589353
4930404N11Rik	-16.119217	-12.6653385
Grtp1	-13.746762	-10.292884
Hpse	-20.44995	-16.996073
Rps20	-7.9258523	-4.471975
Cngb3	-18.370508	-14.916631
Uty	-13.005701	-9.551823
Kif15	-16.984213	-13.530335
Smc2os	-17.231073	-13.777196
Umad1	-13.62449	-10.170611
Elavl3	-17.67736	-14.223483
Xpnpep1	-12.665894	-9.212015
Dpp4	-20.44995	-16.996073
Strada	-13.456935	-10.003057
Mpp3	-17.358908	-13.905029
Gm16196	-15.713752	-12.259873
C3	-16.119217	-12.6653385
Sharpin	-12.428038	-8.974159
Angptl3	-18.370508	-14.916631
Svopl	-19.351337	-15.89746
Gm15594	-17.810892	-14.357015
Slc37a1	-14.481242	-11.027364
Sdk1	-18.50404	-15.050162
Gm47735	-18.50404	-15.050162
Mfap1b	-11.975664	-8.521786
Sdc1	-13.122827	-9.668948
Arfgef2	-12.945008	-9.49113
Lsm11	-13.40679	-9.952911
Chst15	-14.858963	-11.405085
Slc46a1	-15.344005	-11.890126
Epb41	-12.074321	-8.620442
Ip6k1	-12.005543	-8.551664
Hoxb5	-12.675935	-9.222056
4833413G10Rik	-14.855239	-11.4013605
Faim	-12.878991	-9.425113
Ppdpf	-11.533042	-8.079164
Gm10658	-16.460966	-13.007088
Car5b	-13.653127	-10.199248
Hoxa6	-15.192454	-11.738576
Mga	-11.333152	-7.879274
Phf12	-12.1720295	-8.718151
Hsd17b10	-10.786753	-7.332875
Cox7a2	-9.302524	-5.848646
Gm29052	-18.65819	-15.204312
Camta2	-12.227934	-8.7740555
Steap2	-13.402433	-9.948555
Gm45847	-17.405428	-13.95155
Hsd17b7	-13.668893	-10.215014
Slc9a3r2	-12.670484	-9.216605
Ccdc40	-18.252724	-14.798846
Nek3	-14.896991	-11.443112
Tbc1d9	-12.707548	-9.25367
Slc5a12	-17.965042	-14.511165
Prdm4	-13.786818	-10.332939
Gm17501	-12.088242	-8.634363
Asap2	-10.439134	-6.9852557
Gm27017	-17.082653	-13.628776
Ror1	-12.008775	-8.554896
Gm43263	-17.965042	-14.511165
Gm14902	-14.973487	-11.5196085
5430405H02Rik	-13.347451	-9.893573
Rbpjl	-18.50404	-15.050162
Gm14455	-16.442617	-12.988739
Tor1aip1	-10.87747	-7.423592
Pink1	-10.835145	-7.381267
Pml	-13.601945	-10.1480665
Rbm6	-11.870346	-8.416468
Hist1h3e	-15.047273	-11.593394
Nudt22	-12.996388	-9.54251
Upf2	-11.684648	-8.230769
Muc1	-16.132462	-12.678583
Gm15612	-17.559578	-14.1057
Kctd7	-14.466014	-11.0121355
Gm15342	-18.840511	-15.386634
Pcdhac2	-15.972613	-12.518735
Orc6	-12.571416	-9.1175375
Nudt7	-13.825885	-10.372006
Tmem74b	-18.840511	-15.386634
Etv6	-12.761495	-9.307616
Baiap3	-18.147364	-14.693486
Egr3	-13.009216	-9.555338
Pik3cd	-15.387355	-11.933476
4930548H24Rik	-17.67736	-14.223483
D730045B01Rik	-16.322815	-12.8689375
Ticrr	-17.117744	-13.663867
Adam12	-16.71228	-13.258402
Aldh4a1	-13.544197	-10.090319
Psmd5	-12.426397	-8.972519
Ddx39b	-10.972641	-7.518763
Nap1l1	-9.957982	-6.504104
Wnt9a	-13.448705	-9.994826
Ppp1r13b	-12.653481	-9.199602
Prr7	-14.235342	-10.781464
Cxcr4	-18.252724	-14.798846
Serpinb5	-18.052053	-14.598176
Mccc1	-13.013923	-9.560044
Gm14154	-19.063654	-15.6097765
Fzd3	-13.920531	-10.466653
Cxxc4	-13.482983	-10.029104
Oard1	-11.924193	-8.470315
Gm26850	-18.252724	-14.798846
Gm16552	-17.67736	-14.223483
Khdrbs3	-11.326585	-7.872707
Tle4	-12.312262	-8.858383
Pgpep1	-12.763788	-9.30991
Pnkp	-12.74604	-9.292162
Zswim3	-14.8740015	-11.420123
Gm47204	-14.603511	-11.149632
Cerk	-12.5511675	-9.097289
Asb13	-12.878476	-9.424598
Chic1	-12.949973	-9.496095
Arf6	-12.267391	-8.813513
Cxcl13	-19.756802	-16.302925
Gm17473	-20.44995	-16.996073
Samd15	-15.69636	-12.242481
Slc9a6	-12.642034	-9.188155
Zfp513	-13.605135	-10.151257
Gm15850	-19.063654	-15.6097765
Pip5k1a	-12.178913	-8.725035
Gal3st2	-18.840511	-15.386634
Gtf3a	-11.702598	-8.248719
Foxp2	-10.771984	-7.318106
Rras2	-12.786073	-9.332194
B430010I23Rik	-13.452354	-9.998476
Ogfod3	-12.514362	-9.060484
Sart3	-13.105877	-9.6519985
Jpt1	-12.327282	-8.873404
Paqr5	-20.44995	-16.996073
1700108F19Rik	-17.50551	-14.051633
Sphkap	-14.012198	-10.55832
B3gat3	-12.124644	-8.670766
Wdcp	-13.529279	-10.0754
Fam189a2	-15.197677	-11.743798
Smarca2	-10.62151	-7.1676316
Ube4b	-12.083813	-8.629934
Ankef1	-17.885	-14.431123
Snrpb	-10.065303	-6.611425
Rsf1os2	-19.351337	-15.89746
Taf11	-11.866407	-8.412529
Psma6	-10.723379	-7.269501
Slc13a4	-18.840511	-15.386634
Mcfd2	-12.00275	-8.548872
Gm46355	-19.063654	-15.6097765
Rasgrp2	-11.278663	-7.8247848
Ccdc65	-15.84478	-12.390902
Olfml1	-13.648667	-10.194789
Otud6b	-11.71314	-8.259261
Ulbp1	-17.810892	-14.357015
Mul1	-12.962776	-9.508898
Lmbrd1	-11.523433	-8.069554
Gm13187	-17.271896	-13.818018
Supt3	-13.4342375	-9.980359
Fam189b	-12.652248	-9.19837
Adap1	-15.439315	-11.985436
Myo9a	-11.285234	-7.8313565
Drap1	-10.009998	-6.5561204
Gm27184	-17.454218	-14.0003395
Rasd1	-14.061389	-10.607511
Pskh1	-13.4342375	-9.980359
Bet1	-12.0259695	-8.572091
Tcea2	-14.433793	-10.979915
Clstn1	-10.775876	-7.321998
Ccdc120	-16.0555	-12.601623
9130401M01Rik	-12.307887	-8.854009
Nup153	-12.296312	-8.842434
Gm37634	-17.048752	-13.594874
Gm15721	-15.003213	-11.549335
Hoxaas3	-14.180854	-10.726975
Ptgs2	-12.537893	-9.084015
Insig1	-12.685229	-9.231351
Sspn	-10.589735	-7.135857
Chd1	-11.699742	-8.245864
Ctps2	-12.476794	-9.022916
Usp46	-12.121499	-8.667621
Nfe2l3	-16.736378	-13.282499
Por	-11.32397	-7.870092
2700038G22Rik	-15.337962	-11.884084
Tmem11	-12.227934	-8.7740555
Aldh9a1	-13.06286	-9.608981
Mif4gd	-11.916687	-8.462809
Dcaf13	-12.543772	-9.089893
Zeb1	-10.5962305	-7.1423526
Rpl17	-8.292379	-4.838502
Bhlha15	-19.756802	-16.302925
Gm50166	-19.063654	-15.6097765
Atp2b1	-10.967524	-7.5136456
Hdc	-19.351337	-15.89746
Samd14	-14.044722	-10.590843
Gm50431	-14.575019	-11.1211405
Abca1	-12.8420725	-9.388194
Mbd6	-12.833175	-9.379296
Gm20751	-18.370508	-14.916631
Il17d	-14.199975	-10.746097
Klhl10	-17.50551	-14.051633
Id3	-8.990478	-5.5366
Tgfbr3l	-16.355604	-12.901727
Vps28	-10.7753725	-7.3214946
Tmem89	-17.405428	-13.95155
Dock11	-12.220706	-8.766828
Gm14123	-18.50404	-15.050162
Klhl12	-13.471736	-10.017858
Olfr550	-20.44995	-16.996073
Zmynd11	-10.947762	-7.4938836
Gm5129	-18.052053	-14.598176
Vps41	-12.057187	-8.603309
Cbln3	-19.351337	-15.89746
A430035B10Rik	-14.171429	-10.71755
Ldlrad2	-17.454218	-14.0003395
Synj2bp	-11.224327	-7.770449
Pygb	-11.681843	-8.227964
Mgrn1	-12.018969	-8.56509
Scamp4	-17.50551	-14.051633
9330136K24Rik	-16.643288	-13.189409
Fancl	-13.75045	-10.296572
Fitm2	-12.996388	-9.54251
Sgpp2	-20.44995	-16.996073
Gm14308	-16.839031	-13.385154
Lair1	-20.44995	-16.996073
Ide	-11.739165	-8.285287
Neb	-15.240464	-11.786586
Irx2	-15.597919	-12.144041
B3galt1	-11.430891	-7.977013
Fam129a	-9.682455	-6.228577
Xdh	-16.55813	-13.104252
Atp6v0b	-10.094432	-6.640554
Gm50362	-19.351337	-15.89746
Zmynd10	-18.370508	-14.916631
Clip4	-12.463105	-9.009227
Ncoa7	-11.767073	-8.313194
Fam151a	-19.756802	-16.302925
Gucy1a1	-9.91349	-6.4596124
Zfp536	-17.559578	-14.1057
Gm12198	-17.015963	-13.562084
Cct8	-10.688487	-7.234609
Gjb5	-19.063654	-15.6097765
4930471C04Rik	-18.840511	-15.386634
Sfswap	-11.844746	-8.390867
1110012L19Rik	-12.7180195	-9.264141
Ccnb2	-16.031109	-12.577231
Crnkl1	-11.967763	-8.513885
2610028H24Rik	-17.358908	-13.905029
B020010K11Rik	-15.3562	-11.902322
Slc43a1	-15.007532	-11.553654
Slc16a10	-13.328697	-9.874819
Chac2	-13.41029	-9.956411
Hoxb3os	-13.456935	-10.003057
Kdm3b	-12.708851	-9.254972
Rpn1	-10.856799	-7.402921
Sema4g	-15.984042	-12.530164
Eif1	-8.101275	-4.647398
Ap1s1	-11.876755	-8.422876
Hoxd8	-16.230442	-12.776564
Cacna2d1	-10.415829	-6.961951
Bdp1	-11.508274	-8.054396
Taf2	-12.620319	-9.166441
Cc2d2b	-17.454218	-14.0003395
Gal3st2c	-16.92359	-13.469711
1700119H24Rik	-18.252724	-14.798846
Rsad1	-14.386165	-10.932286
Prmt7	-12.812234	-9.3583555
Gm19967	-15.387355	-11.933476
Tmem18	-12.439922	-8.986044
Amer2	-19.351337	-15.89746
BB365896	-17.314455	-13.860578
Tgoln1	-10.963191	-7.509313
Col12a1	-14.50453	-11.050652
Hspa2	-11.014388	-7.56051
Nrep	-12.200636	-8.7467575
Hsf1	-12.47164	-9.017761
Omg	-18.65819	-15.204312
Cd300ld	-19.351337	-15.89746
Pde6h	-14.862701	-11.408823
Gm9908	-14.650857	-11.196979
Map2	-15.400094	-11.946216
Arl8b	-11.654217	-8.200338
Hcn3	-17.7419	-14.288022
Smpd2	-12.666726	-9.212848
Cyp27b1	-18.65819	-15.204312
Dlat	-12.057187	-8.603309
Vps52	-12.5478325	-9.093954
Gm12999	-19.351337	-15.89746
Pstk	-12.152407	-8.698528
Fndc5	-16.09324	-12.639363
Ddx39	-13.257768	-9.803889
9330182L06Rik	-14.178962	-10.725083
Aldh1l2	-13.568539	-10.11466
Cp	-14.515056	-11.061177
Ankmy2	-12.183271	-8.729393
AI413582	-13.221561	-9.767683
Slc16a11	-14.021845	-10.567966
Stau1	-11.916097	-8.462218
4930432K21Rik	-16.839031	-13.385154
Cfap45	-15.613668	-12.15979
Rps24	-7.789615	-4.3357377
Ndc80	-16.372412	-12.918534
Tsr2	-12.906147	-9.452269
Olfr482	-17.67736	-14.223483
Zswim9	-13.340888	-9.88701
Clasrp	-13.297681	-9.843802
Xkr5	-17.454218	-14.0003395
D830050J10Rik	-12.152158	-8.698279
Tnnc2	-14.426502	-10.972624
Gm26705	-16.18727	-12.733392
Map4k2	-13.723717	-10.269838
9330198N18Rik	-18.147364	-14.693486
Slc8a2	-13.077832	-9.623954
Pex10	-14.190369	-10.73649
Snx32	-13.323059	-9.869181
Casp8	-13.015102	-9.561224
6030443J06Rik	-15.508307	-12.054429
Fgf11	-14.18275	-10.728871
6430548M08Rik	-15.03385	-11.579971
Gm15489	-18.840511	-15.386634
Fam124b	-20.44995	-16.996073
Apol10b	-19.756802	-16.302925
Erg	-11.908455	-8.4545765
Arpc2	-8.985647	-5.5317698
4930402H24Rik	-12.479901	-9.026023
Mrpl4	-11.597142	-8.143264
Paqr8	-14.154684	-10.700806
E2f1	-15.381046	-11.927168
Ltbr	-12.294014	-8.840136
B3galt6	-13.700019	-10.2461405
Cyp2b10	-16.201454	-12.747577
Rxylt1	-11.576062	-8.122184
Ddit3	-11.494373	-8.040495
Pld4	-19.063654	-15.6097765
Bean1	-15.567148	-12.11327
Sec62	-9.763086	-6.3092084
Prdm10	-14.152841	-10.698962
Llgl1	-13.683759	-10.22988
Ndrg1	-11.750269	-8.296391
Ppp1r11	-11.128068	-7.67419
Npdc1	-10.527003	-7.0731254
Ttyh1	-19.351337	-15.89746
Snap29	-12.992918	-9.53904
Svip	-12.673415	-9.219537
Traf3ip2	-13.622321	-10.168443
Tkt	-10.80071	-7.346832
Nup210l	-16.839031	-13.385154
Gm12524	-19.063654	-15.6097765
Tgfb2	-10.497244	-7.043366
Exoc4	-12.045478	-8.591599
Sla	-18.65819	-15.204312
Tigd4	-14.92849	-11.474611
Gm31728	-17.885	-14.431123
Maml3	-14.081763	-10.627885
Rsrc2	-10.643084	-7.1892056
Gm45670	-12.421169	-8.967291
Pycrl	-12.935696	-9.481817
Osbpl11	-12.578639	-9.124761
Gm17590	-17.67736	-14.223483
Mtf1	-12.721094	-9.267216
Lta4h	-12.239825	-8.785947
B3gnt4	-17.810892	-14.357015
4833418N02Rik	-14.5666275	-11.112749
Fam181b	-18.50404	-15.050162
Gm9869	-16.260296	-12.806417
Pitpnc1	-14.458486	-11.004607
Adrb2	-16.372412	-12.918534
Smap2	-12.675095	-9.221216
Ube4a	-12.400204	-8.946325
Zfp951	-14.739523	-11.285645
Tnnt3	-14.8740015	-11.420123
Gm15265	-16.442617	-12.988739
Id2	-9.837442	-6.3835645
1700023H06Rik	-18.052053	-14.598176
Aco2	-10.911818	-7.4579396
Get4	-12.196462	-8.742583
Hspa12b	-15.805559	-12.351681
Dnajb1	-11.286178	-7.8322997
Sms	-11.902616	-8.448737
Ppp4r2	-11.035852	-7.5819745
Ttll12	-14.295092	-10.841213
Gm42047	-15.5226965	-12.068818
Mtnr1a	-20.44995	-16.996073
9130204K15Rik	-18.370508	-14.916631
Gm12100	-19.351337	-15.89746
1700011L22Rik	-20.44995	-16.996073
Ccne1	-16.145885	-12.692007
Tada1	-13.328697	-9.874819
Tmem164	-13.374987	-9.921108
Mfsd4b5	-17.559578	-14.1057
Gm9780	-16.68875	-13.234872
B430218F22Rik	-17.885	-14.431123
Pdzk1ip1	-16.067923	-12.614045
Cfap74	-16.66576	-13.211882
Gm44238	-18.840511	-15.386634
Tmem106a	-15.171836	-11.7179575
Gatd3a	-12.013967	-8.560088
Trp53inp1	-11.317355	-7.863477
Tra2b	-10.670609	-7.2167315
Gm20036	-18.147364	-14.693486
0610039K10Rik	-16.953442	-13.499564
Gm16253	-16.132462	-12.678583
Ash1l	-10.385067	-6.931189
Runx2os1	-18.370508	-14.916631
Kantr	-13.26988	-9.816002
Numb	-12.488929	-9.03505
Tbl2	-13.469874	-10.015996
Arhgap33	-15.320051	-11.866173
Thap12	-11.407437	-7.9535594
Gm33023	-14.597748	-11.143869
Lncbate1	-17.885	-14.431123
Polr2h	-12.326096	-8.872217
Daam2	-14.7362175	-11.282339
Fam53c	-12.615558	-9.161679
Tubb6	-12.137078	-8.6832
Ppm1g	-11.798401	-8.344522
Slc39a9	-12.698905	-9.245027
Dis3l2	-13.700019	-10.2461405
Slc4a8	-13.716548	-10.26267
Cntln	-11.965487	-8.511608
Nmb	-16.09324	-12.639363
Sp3os	-12.874878	-9.421
Rab29	-13.428866	-9.974988
Exog	-14.386165	-10.932286
Cdk4	-11.523831	-8.069953
U2af1l4	-11.922015	-8.468137
Gm49539	-14.956888	-11.50301
Fgd6	-12.962776	-9.508898
Pigh	-13.371609	-9.91773
Plppr4	-18.147364	-14.693486
Ociad1	-11.199236	-7.745358
Col27a1	-12.79598	-9.342102
Epb41l4aos	-12.736612	-9.282734
Alkbh6	-12.380608	-8.926729
Irs3	-18.147364	-14.693486
Mgl2	-19.351337	-15.89746
Trp53inp2	-11.304361	-7.8504834
Lbx2	-17.7419	-14.288022
Scrn3	-13.213611	-9.759732
Mrc2	-12.6613245	-9.207446
Cdnf	-14.74284	-11.288961
Rbm33	-12.213264	-8.759386
Dab2	-13.184521	-9.730642
Ap5b1	-15.777122	-12.323243
Atp23	-14.0138	-10.559921
G6pc	-19.063654	-15.6097765
Ttc16	-16.894602	-13.440723
Tatdn3	-13.236918	-9.78304
Xrcc1	-12.891955	-9.438077
Plin3	-11.478883	-8.025004
St13	-10.334259	-6.880381
Lgr5	-18.65819	-15.204312
Pip4p2	-12.643661	-9.189782
1810062O18Rik	-15.368546	-11.914667
AY512931	-18.147364	-14.693486
Cadm4	-16.15949	-12.705612
Gm41517	-18.147364	-14.693486
Tbk1	-12.610819	-9.15694
BC051537	-17.885	-14.431123
Srgap3	-13.2050085	-9.75113
Hrct1	-12.878476	-9.424598
Slc35b2	-12.24037	-8.786491
Gm20712	-13.774127	-10.320249
Gm49092	-18.370508	-14.916631
Gm47101	-14.638809	-11.184931
Anxa9	-16.145885	-12.692007
Gm6213	-17.358908	-13.905029
Cep126	-13.907478	-10.4536
Fbxo47	-18.252724	-14.798846
Xrra1	-18.50404	-15.050162
Gm7607	-17.117744	-13.663867
Ccl25	-14.046376	-10.592498
Sh3pxd2a	-10.583905	-7.1300273
Rhoc	-9.903977	-6.4500995
I830077J02Rik	-17.559578	-14.1057
Fat1	-10.393355	-6.9394774
Fam49b	-12.747846	-9.293967
Brpf1	-12.901921	-9.448043
Zfp954	-13.736994	-10.283115
St6gal1	-12.38941	-8.935532
Map1s	-12.950527	-9.496649
A330015K06Rik	-16.984213	-13.530335
Cacnb2	-11.957049	-8.503171
Cdk7	-12.293727	-8.8398485
Gnpnat1	-12.472325	-9.018447
Osmr	-13.469874	-10.015996
Spata5l1	-16.09324	-12.639363
Btg1	-10.317535	-6.8636575
Arih1	-11.474573	-8.020695
Pcdhb16	-14.74284	-11.288961
Tmlhe	-14.729638	-11.27576
E230016K23Rik	-18.252724	-14.798846
Uchl1os	-18.370508	-14.916631
Gpx3	-16.291067	-12.837189
Snf8	-11.162278	-7.7084002
Tmem176a	-14.372308	-10.918429
Glis2	-12.716704	-9.262826
9330151L19Rik	-14.488945	-11.035067
Sart1	-12.080329	-8.626451
Gm49463	-14.759591	-11.305713
Trim33	-12.012449	-8.558571
Tlr1	-19.756802	-16.302925
Tns3	-12.617539	-9.163661
Zfp770	-13.16239	-9.708511
Zbtb4	-11.1605215	-7.7066436
Gm37748	-18.052053	-14.598176
Gm12701	-17.616735	-14.162858
Vmo1	-16.839031	-13.385154
Smim8	-12.511862	-9.057983
Gm43462	-13.558324	-10.104445
Gm50012	-14.318724	-10.864845
Dscam	-17.231073	-13.777196
Ndufa10	-11.10124	-7.647362
Gm47863	-14.109591	-10.655712
Zfand2b	-12.511504	-9.057626
Rps6ka3	-12.052893	-8.599014
Eef2k	-11.437817	-7.9839387
A430033K04Rik	-14.217502	-10.763623
Egfros	-17.048752	-13.594874
Ptgfr	-18.65819	-15.204312
Fam135b	-18.840511	-15.386634
Arel1	-13.529279	-10.0754
Vsig1	-17.154112	-13.700234
Stox2	-12.354656	-8.900778
Slc7a1	-12.649378	-9.195499
Ramp2	-15.995603	-12.541724
Cela1	-14.310065	-10.856187
Gm26771	-14.374604	-10.920726
Ppfia2	-18.370508	-14.916631
Ppp2cb	-11.559264	-8.105386
Eef2kmt	-12.651837	-9.197959
Hmgn1	-9.410522	-5.9566445
Sycp2	-16.812363	-13.358485
Gm30124	-16.736378	-13.282499
Iqce	-14.04307	-10.589191
Ccdc137	-13.517502	-10.063623
Cchcr1	-13.656484	-10.202605
Ptprcap	-17.67736	-14.223483
Gm4013	-13.762841	-10.308963
C1qtnf12	-11.86025	-8.406372
Ywhah	-10.428235	-6.974357
St5	-10.180571	-6.7266927
Irx5	-16.736378	-13.282499
Gm35572	-17.314455	-13.860578
Hoxb6	-12.7776575	-9.323779
Slc1a7	-20.44995	-16.996073
Pald1	-13.815317	-10.361439
Gm5784	-15.854831	-12.400952
Pygo2	-13.342525	-9.888646
Ccs	-11.569782	-8.115904
Czib	-11.786235	-8.332356
Hmces	-13.299249	-9.84537
Fem1b	-12.564244	-9.110366
Qtrt2	-13.43334	-9.979462
Fam186b	-19.351337	-15.89746
Gm42802	-18.65819	-15.204312
Slc6a6	-11.103943	-7.650065
Colca2	-16.15949	-12.705612
Gja1	-11.180209	-7.726331
Ncapg2	-14.113125	-10.659246
Spry4	-13.788095	-10.334217
Trpm1	-19.063654	-15.6097765
Gm48161	-20.44995	-16.996073
Spice1	-13.266838	-9.81296
Mc1r	-15.84478	-12.390902
Dffa	-13.782993	-10.329115
Slc39a8	-15.917351	-12.463472
Rbis	-10.957443	-7.5035653
Rnf180	-17.67736	-14.223483
4930590J08Rik	-16.067923	-12.614045
Apol7e	-17.154112	-13.700234
Gm15809	-15.426069	-11.972191
2010106G04Rik	-20.44995	-16.996073
Apbb2	-12.259873	-8.805995
Cd59a	-10.909371	-7.4554935
Bves	-12.666309	-9.212431
Fyb	-13.048718	-9.59484
Dcun1d3	-12.8697605	-9.415882
Zfp595	-13.663233	-10.209354
Phf11c	-16.839031	-13.385154
Cat	-12.039229	-8.585351
Kansl1	-11.717323	-8.263445
Bcar3	-11.349872	-7.8959937
Sqor	-12.33413	-8.880252
Gstz1	-12.972912	-9.519033
Nes	-10.739017	-7.2851386
Zfp3	-14.539153	-11.085275
Tedc2	-15.038304	-11.584426
Gm45474	-18.65819	-15.204312
Ngfr	-20.44995	-16.996073
Ell3	-19.063654	-15.6097765
Ppp1r15b	-12.297176	-8.843298
Lmod3	-14.541867	-11.087989
Lat2	-17.810892	-14.357015
Rexo4	-12.543772	-9.089893
B830012L14Rik	-15.439315	-11.985436
Omd	-12.574831	-9.120953
Fbxo9	-11.277519	-7.8236413
Hsd11b2	-18.50404	-15.050162
Gm29358	-15.961314	-12.507436
Cnga1	-18.252724	-14.798846
Snhg8	-10.627293	-7.1734147
Adora2a	-16.92359	-13.469711
Qtrt1	-13.8846855	-10.430807
Pcgf3	-12.261261	-8.807383
Gm16201	-14.8080435	-11.354165
Slc2a13	-13.100719	-9.646841
Pde2a	-16.479658	-13.02578
Ints5	-13.279831	-9.825953
Dner	-20.44995	-16.996073
1700047K16Rik	-16.389507	-12.935629
Rbm25	-10.513173	-7.059295
Tshz3	-12.55191	-9.098032
Morc3	-12.29258	-8.838701
Ube2w	-11.982788	-8.52891
Gas6	-9.941764	-6.487886
Myc	-15.387355	-11.933476
Stab2	-19.756802	-16.302925
Fmn1	-13.784266	-10.330388
Lin7b	-14.723103	-11.269224
Gm14963	-17.154112	-13.700234
Zfp800	-12.202992	-8.749114
Fkbp1b	-14.550053	-11.096174
1700024B18Rik	-16.355604	-12.901727
Tie1	-18.370508	-14.916631
6430571L13Rik	-19.756802	-16.302925
Ano1	-11.817466	-8.363587
Snx6	-11.342529	-7.8886514
Gm50050	-18.840511	-15.386634
4930431P22Rik	-17.965042	-14.511165
Chmp2a	-10.280145	-6.826267
Snx10	-13.04324	-9.589361
A530013C23Rik	-14.885429	-11.431551
Pno1	-12.480938	-9.02706
Snx12	-12.608065	-9.154186
Gpsm2	-11.173635	-7.7197566
Pfkfb1	-16.518124	-13.064246
Gm3513	-19.063654	-15.6097765
Lgi2	-17.231073	-13.777196
Gm26930	-16.201454	-12.747577
Shd	-14.525694	-11.0718155
Hnrnpm	-11.078426	-7.6245484
Trim27	-12.432643	-8.978765
Tm4sf4	-16.643288	-13.189409
Hmga1	-14.541867	-11.087989
Arhgap26	-15.331956	-11.8780775
Gm47772	-17.358908	-13.905029
Lama5	-11.56742	-8.113542
Fbxl19	-13.923455	-10.469577
Inafm2	-11.766734	-8.312856
Mb21d2	-13.670029	-10.21615
Fam177a	-12.472668	-9.018789
Fam222a	-15.995603	-12.541724
Gm17021	-17.454218	-14.0003395
Cabp4	-18.840511	-15.386634
Strap	-11.4912815	-8.037403
Psmd4	-10.593711	-7.139833
Actr2	-10.740654	-7.286776
Arhgap9	-19.351337	-15.89746
Rundc3a	-20.44995	-16.996073
Tmem39b	-13.756626	-10.302748
Trim59	-15.197677	-11.743798
Rps6ka6	-18.252724	-14.798846
Gm27019	-19.351337	-15.89746
Col28a1	-19.063654	-15.6097765
Ctr9	-11.962186	-8.508307
Gm48969	-16.92359	-13.469711
mt-Nd2	-7.242905	-3.7890277
Prkdc	-12.871804	-9.417926
Xkr8	-14.431357	-10.977479
Rpl27	-8.53044	-5.0765624
Pcdhb18	-15.2908945	-11.837016
Vcam1	-12.4027605	-8.948882
Prkci	-12.828755	-9.374877
Med27	-12.990035	-9.536157
Hexdc	-13.982251	-10.528373
Psma8	-17.7419	-14.288022
Helz	-11.391596	-7.937718
Hmgxb3	-13.038999	-9.58512
Mroh8	-17.885	-14.431123
Gm36279	-18.840511	-15.386634
6330403L08Rik	-12.849547	-9.395669
Tnni1	-18.840511	-15.386634
Doc2a	-19.063654	-15.6097765
Ap1s2	-12.025091	-8.571213
Foxs1	-12.764707	-9.310828
Tmem94	-13.323863	-9.869985
Fbxo3	-11.575362	-8.121484
Cmc2	-12.405003	-8.951124
Gm35554	-19.351337	-15.89746
AC166172.1	-14.65999	-11.206112
Zfp40	-13.553256	-10.099378
Grpel2	-13.279831	-9.825953
Macrod2	-13.749219	-10.295341
Prkag1	-11.811956	-8.358078
Dhdds	-12.634743	-9.180864
Gm48022	-20.44995	-16.996073
A530095I07Rik	-13.811382	-10.357504
Nrg4	-17.117744	-13.663867
Ngly1	-11.953572	-8.499694
Spin1	-12.066288	-8.61241
Mettl2	-13.506827	-10.052949
C1ra	-13.123485	-9.669606
Pigq	-13.260028	-9.8061495
C2cd4d	-20.44995	-16.996073
Rnf13	-11.840725	-8.386847
Avl9	-12.940067	-9.486189
Klf1	-17.965042	-14.511165
Hlx	-14.370017	-10.916139
Myl12b	-10.963343	-7.5094647
Akap9	-10.545313	-7.091435
Gm44997	-16.09324	-12.639363
Anapc10	-12.506877	-9.052999
Amotl1	-11.32223	-7.8683524
Maea	-12.120533	-8.666655
Rpap1	-13.609404	-10.155525
Xrcc6	-12.8103075	-9.356429
Zfp267	-12.898238	-9.44436
Invs	-13.096228	-9.642349
Eif5a	-9.668309	-6.214432
Bcor	-12.405644	-8.951766
4930547M16Rik	-17.616735	-14.162858
Arid1a	-11.485382	-8.031504
Kcnk1	-15.020604	-11.566726
Tysnd1	-12.861627	-9.407748
Limch1	-9.900617	-6.4467387
Mecom	-11.673165	-8.219287
Suz12	-11.666094	-8.212215
Appbp2os	-17.405428	-13.95155
Phip	-11.110425	-7.656547
Eif4enif1	-12.114039	-8.660161
Spin4	-14.023461	-10.569583
Fth1	-6.659405	-3.2055278
Knl1	-15.74042	-12.286542
Prr22	-18.840511	-15.386634
Matk	-17.965042	-14.511165
Slc16a6	-16.984213	-13.530335
Fmo2	-8.423368	-4.969491
Peg3	-11.637702	-8.183824
Gm44091	-16.245256	-12.791379
Ppm1b	-11.494889	-8.041011
Uckl1os	-18.252724	-14.798846
D2hgdh	-14.3209	-10.867022
Spindoc	-13.268358	-9.81448
Usp14	-11.401658	-7.94778
Arl6ip4	-11.481554	-8.027676
Palld	-10.612602	-7.1587243
Aopep	-9.933035	-6.479157
6030458C11Rik	-13.019836	-9.565958
Tnrc6b	-10.785545	-7.3316674
Pcif1	-11.777978	-8.3241
Phf19	-14.723103	-11.269224
Gm10425	-19.756802	-16.302925
Rpe	-12.627906	-9.174027
Pard3b	-12.045925	-8.592047
Slc23a1	-17.7419	-14.288022
Tsfm	-12.47921	-9.0253315
Kif22	-16.372412	-12.918534
Pts	-12.54414	-9.090261
F13a1	-14.732923	-11.279044
Sf3b5	-10.837751	-7.3838735
Gramd4	-14.5666275	-11.112749
Chac1	-15.480137	-12.026258
Stub1	-10.545313	-7.091435
C5ar1	-19.063654	-15.6097765
Fxyd1	-9.065881	-5.6120033
Fam241b	-19.063654	-15.6097765
Ccdc112	-12.642034	-9.188155
Gipc3	-14.592017	-11.138139
Ranbp1	-10.695021	-7.2411427
C330013E15Rik	-14.347391	-10.893513
Nos1ap	-12.758293	-9.304415
Cwc27	-12.458696	-9.004818
Slu7	-11.849704	-8.395825
Tpm4	-10.594183	-7.140305
1700069B07Rik	-20.44995	-16.996073
Ltb4r2	-17.885	-14.431123
Kirrel	-12.7936125	-9.339734
Atp1b2	-11.62807	-8.174191
Tbl3	-12.971215	-9.517337
Slc41a1	-12.907207	-9.453328
F830208F22Rik	-18.252724	-14.798846
Tbc1d5	-12.941163	-9.487285
Eci2	-11.54315	-8.089272
Plxna4os1	-16.355604	-12.901727
Mtpn	-10.770982	-7.317104
Rhof	-17.154112	-13.700234
Ube3c	-12.34223	-8.888351
Gm40909	-18.252724	-14.798846
Gm44386	-20.44995	-16.996073
Gm10827	-16.92359	-13.469711
Ppp2r5d	-12.811752	-9.357874
Gm30648	-18.147364	-14.693486
Tpm2	-6.893824	-3.4399467
Psma7	-9.9722395	-6.5183616
Gm43728	-16.736378	-13.282499
4930453N24Rik	-11.905531	-8.451653
Gm44672	-18.65819	-15.204312
Gcnt4	-16.518124	-13.064246
Arl2	-11.365399	-7.9115214
Steap4	-18.370508	-14.916631
Gm29771	-18.840511	-15.386634
Rasgef1b	-17.559578	-14.1057
Ccng2	-13.565463	-10.111585
Uvrag	-12.098104	-8.644225
Clk3	-12.514721	-9.0608425
F420014N23Rik	-15.056323	-11.602445
2410004I01Rik	-18.50404	-15.050162
Tcf23	-16.621307	-13.16743
Nfxl1	-13.108466	-9.654588
Lpcat1	-13.07972	-9.625841
Gm32255	-19.351337	-15.89746
Klhl6	-18.840511	-15.386634
Lipt1	-14.2514715	-10.797593
Cxcl16	-14.381524	-10.927646
Samd1	-13.160339	-9.706461
Noc3l	-13.060386	-9.606507
Gm4737	-18.370508	-14.916631
Gm16575	-18.840511	-15.386634
Stat1	-13.113665	-9.659786
5330439A09Rik	-17.314455	-13.860578
Acad8	-12.789365	-9.335486
Prr36	-18.840511	-15.386634
Ypel4	-15.083974	-11.6300955
Agrn	-12.099284	-8.645406
Rrm2	-15.2966585	-11.84278
Clptm1	-11.844197	-8.390319
Gulp1	-11.830742	-8.3768635
Best1	-16.643288	-13.189409
Gm17657	-18.65819	-15.204312
Eif2c5	-13.914709	-10.460831
Mettl27	-13.655364	-10.201486
Zc3h13	-10.879491	-7.425613
Tdrkh	-20.44995	-16.996073
Trir	-10.644406	-7.1905284
Ficd	-13.24135	-9.787472
Tmem74	-18.147364	-14.693486
AU021092	-18.840511	-15.386634
Rhpn1	-19.063654	-15.6097765
Gm37336	-20.44995	-16.996073
Ecm1	-9.601662	-6.147784
Tnik	-12.174319	-8.720441
Gm3055	-15.864983	-12.411104
Tspan14	-14.606405	-11.152527
Gm48604	-15.984042	-12.530164
Gm10101	-16.839031	-13.385154
E130311K13Rik	-13.569566	-10.115687
Jam2	-14.031585	-10.577706
Taf3	-11.8378105	-8.383932
Nceh1	-13.727321	-10.273442
Ankrd13d	-14.481242	-11.027364
Spg21	-12.354656	-8.900778
Fxn	-13.046889	-9.593011
Dph6	-12.79598	-9.342102
Axl	-10.783388	-7.32951
Sfr1	-9.89268	-6.4388022
Cab39	-10.881306	-7.427428
Leprotl1	-11.461254	-8.007376
Podxl	-18.052053	-14.598176
Psme4	-11.310032	-7.856154
Tnfaip8l1	-17.616735	-14.162858
Arhgdib	-13.951668	-10.497789
Rsl24d1	-12.07386	-8.619982
Mrpl40	-12.499095	-9.045217
Rap1gds1	-12.239825	-8.785947
Adgrg3	-20.44995	-16.996073
Nqo2	-13.207152	-9.753274
Gpr20	-19.063654	-15.6097765
Rpl36a-ps1	-14.180854	-10.726975
1110013H19Rik	-15.605763	-12.151885
Smad1	-11.71684	-8.262961
Gm31645	-17.810892	-14.357015
Ankrd34a	-15.302456	-11.8485775
Rhpn2	-15.350083	-11.896205
Cacnb4	-15.213508	-11.759629
Tanc1	-12.76839	-9.314511
Ffar1	-19.063654	-15.6097765
1700056N10Rik	-15.84478	-12.390902
Zcwpw2	-15.896073	-12.442195
Parp10	-14.994629	-11.5407505
Sh3rf2	-12.541931	-9.088053
Cryzl2	-14.097321	-10.643442
1110065P20Rik	-11.28964	-7.8357625
Npepps	-11.475585	-8.021707
4930507D05Rik	-18.840511	-15.386634
Pik3r6	-14.851528	-11.39765
Swi5	-10.037478	-6.5836005
Chit1	-16.953442	-13.499564
Psat1	-14.977679	-11.523801
Nkrf	-14.038132	-10.584253
Alkbh5	-11.494115	-8.040236
C030010L15Rik	-17.405428	-13.95155
Tsc2	-12.740193	-9.286315
Myo10	-12.790307	-9.336429
Dph1	-16.71228	-13.258402
Bag4	-13.300818	-9.84694
Wdr17	-16.71228	-13.258402
Idi1	-12.137569	-8.683691
Wdr95	-13.298465	-9.844586
Upb1	-13.172011	-9.718133
Gcnt2	-11.753942	-8.300063
Atl1	-14.041421	-10.587543
Emc8	-10.473073	-7.019195
Vps54	-12.59131	-9.137431
Chrnb1	-14.219469	-10.765591
Ppox	-13.080979	-9.627101
Magoh	-11.34909	-7.8952117
Pold2	-12.846052	-9.392174
Sema5b	-16.372412	-12.918534
B4galt3	-12.85406	-9.400182
Mpeg1	-19.756802	-16.302925
Slc50a1	-11.361325	-7.9074473
Gm33228	-18.50404	-15.050162
Apoc4	-19.756802	-16.302925
Gm39929	-16.812363	-13.358485
Lamp2	-10.702298	-7.2484202
Mrps34	-11.537073	-8.083195
Zfp433	-15.613668	-12.15979
Gm45767	-15.374776	-11.9208975
Arl10	-13.536213	-10.0823345
Ddx18	-11.535862	-8.081984
Dyrk1b	-13.502013	-10.048135
Zc2hc1c	-15.117231	-11.663353
Slc17a9	-16.067923	-12.614045
Lnx2	-13.584059	-10.13018
Eef1akmt1	-12.35222	-8.898341
Usp48	-12.1662035	-8.712325
Gm16618	-18.052053	-14.598176
Tmem60	-12.211942	-8.758063
Ranbp17	-14.092108	-10.638229
Mapre2	-11.588175	-8.134296
Ccp110	-13.614765	-10.160887
Intu	-14.7362175	-11.282339
Zdhhc15	-15.406525	-11.952646
Gm19345	-19.351337	-15.89746
Ulk2	-11.562435	-8.108557
Tmed9	-10.232601	-6.7787232
Tma7	-10.237986	-6.7841077
Gm35558	-18.65819	-15.204312
Gm35290	-16.984213	-13.530335
Gm5820	-15.235014	-11.781136
Ccdc88c	-12.875905	-9.422027
Vax2os	-19.063654	-15.6097765
4930534H18Rik	-17.50551	-14.051633
Gpr75	-16.812363	-13.358485
5830428M24Rik	-17.048752	-13.594874
Prcc	-12.91947	-9.465591
Unc119b	-13.390332	-9.936454
Gm10710	-19.756802	-16.302925
Golgb1	-10.297067	-6.843189
Sema6b	-17.231073	-13.777196
Vmn2r26	-18.147364	-14.693486
Tmem147os	-14.594878	-11.141
Vav2	-14.8259325	-11.372054
Gm42418	-5.707759	-2.2538815
Trpm6	-20.44995	-16.996073
Bach1	-12.301794	-8.847916
Iffo1	-13.224468	-9.77059
Tnpo2	-12.936787	-9.482908
Kmt5b	-11.56853	-8.114652
Hspa4	-10.3446245	-6.8907466
Podn	-14.952782	-11.498903
Btbd1	-12.431654	-8.977776
Spns2	-17.231073	-13.777196
Gm49477	-20.44995	-16.996073
Gm33940	-19.756802	-16.302925
Nfyb	-12.267112	-8.813233
Abhd4	-13.051776	-9.597898
Slc27a5	-17.358908	-13.905029
Fuca2	-13.397229	-9.943351
Hist1h4a	-15.102842	-11.648964
Capg	-12.676355	-9.222477
Fgf9	-19.063654	-15.6097765
Aco1	-12.398291	-8.944412
Sgf29	-12.66091	-9.207031
Ercc8	-13.974518	-10.520639
Apol9b	-16.479658	-13.02578
Pcgf6	-13.180333	-9.726455
Gm36677	-20.44995	-16.996073
Fem1a	-12.8570795	-9.403201
2300009A05Rik	-12.0246525	-8.570774
Rnf181	-12.433302	-8.9794235
Nxph1	-15.400094	-11.946216
Zfp54	-15.093364	-11.639485
Junb	-10.428546	-6.974668
Dclk2	-17.67736	-14.223483
Gbp7	-13.812692	-10.358813
Aoc3	-10.262939	-6.8090615
Ngdn	-12.228203	-8.774324
Ttc17	-12.853056	-9.399178
Mterf4	-13.32789	-9.874012
Med21	-11.33414	-7.880262
Smad2	-12.579402	-9.125524
Fbxl15	-13.148803	-9.694924
Sucla2	-11.270275	-7.816397
Gm42659	-15.079312	-11.625434
Usp53	-11.561332	-8.107453
Gpd2	-12.557124	-9.103246
Mras	-12.317831	-8.863953
Ppp1r18	-11.530631	-8.076753
Prelid2	-13.671165	-10.217287
1600020E01Rik	-13.251766	-9.797888
Sorbs2os	-17.810892	-14.357015
Gm9946	-19.063654	-15.6097765
9330111N05Rik	-18.252724	-14.798846
Hsdl2	-12.643253	-9.189375
Gm13421	-16.275562	-12.821685
Nfix	-9.46938	-6.0155025
Cdk10	-12.953298	-9.499419
Gm47438	-16.339075	-12.885198
Sfpq	-10.812775	-7.3588967
Tpcn2	-13.832547	-10.378669
Tnfsf15	-19.756802	-16.302925
0610038B21Rik	-15.613668	-12.15979
Gm10501	-15.961314	-12.507436
Efhb	-15.141683	-11.687804
Ppp1cb	-9.676257	-6.2223797
Ube2q2	-11.834179	-8.3803005
Nans	-12.569902	-9.116024
Iigp1	-13.560359	-10.106481
Pnpt1	-13.23987	-9.785992
Gm16364	-16.460966	-13.007088
Ercc6l2	-12.672996	-9.219117
Ckap2	-15.552111	-12.098232
Dhrs7	-11.078001	-7.624123
Rer1	-10.553286	-7.0994077
Hist1h1c	-11.656186	-8.202308
Gm10561	-13.504899	-10.051021
1700012C14Rik	-18.50404	-15.050162
Tex13b	-18.65819	-15.204312
Obscn	-20.44995	-16.996073
Dhfr	-13.930802	-10.476924
Kif14	-16.643288	-13.189409
Gm49064	-16.984213	-13.530335
Vmn2r124	-19.756802	-16.302925
Prkcsh	-11.627038	-8.17316
Wdr66	-15.815221	-12.361342
Ptcd2	-12.937332	-9.483454
Spa17	-13.261538	-9.807659
Ccdc114	-14.583482	-11.129603
Nenf	-9.3583145	-5.9044366
Samd4b	-11.66947	-8.215591
Lrig2	-13.091757	-9.637878
Tmx1	-11.599719	-8.145841
Gm29331	-19.351337	-15.89746
Mrnip	-15.098092	-11.644214
Cep78	-14.061389	-10.607511
Dlx1as	-20.44995	-16.996073
Nefh	-20.44995	-16.996073
Cldn20	-18.147364	-14.693486
Dpp8	-12.026189	-8.57231
Gm8883	-18.370508	-14.916631
Adra1b	-14.531056	-11.077178
Sh3bp5l	-13.315856	-9.861978
Slf1	-12.931343	-9.477465
Fam13a	-13.224468	-9.77059
Zfp612	-12.696326	-9.242448
Cdc42ep1	-14.575019	-11.1211405
Fgr	-15.79599	-12.342112
Snai1	-16.92359	-13.469711
Cd2ap	-10.780793	-7.3269153
Ccl19	-13.948661	-10.494782
E130307A14Rik	-13.662106	-10.208227
Nubp1	-12.628307	-9.174429
1500009L16Rik	-12.259873	-8.805995
B3galt4	-13.832547	-10.378669
Gm42702	-15.645929	-12.192051
Gm12111	-17.7419	-14.288022
BC043934	-14.896991	-11.443112
6430562O15Rik	-15.1367445	-11.682866
Gm46323	-17.885	-14.431123
Lpp	-8.273646	-4.8197684
Adrb3	-19.351337	-15.89746
Med22	-13.33518	-9.881302
Gm38394	-14.428926	-10.975048
Cln8	-13.366562	-9.9126835
Slc17a8	-19.063654	-15.6097765
Tmod3	-11.767751	-8.313872
Rnf182	-14.02023	-10.566352
H2-K1	-11.101937	-7.6480594
Zbtb43	-13.046889	-9.593011
2610306M01Rik	-13.115621	-9.661742
Adgra3	-12.1248865	-8.671008
Sac3d1	-12.521544	-9.067666
Ctps	-11.951328	-8.49745
Coprs	-13.400695	-9.946816
P2rx3	-18.840511	-15.386634
Wdhd1	-15.705018	-12.25114
Rsph3a	-14.186552	-10.732674
Eif5b	-9.822495	-6.3686175
Sipa1l2	-13.396364	-9.942486
Bmp2	-12.885193	-9.431314
9830144P21Rik	-19.063654	-15.6097765
Gm47541	-18.65819	-15.204312
Smug1	-13.598765	-10.144887
Hibadh	-11.306604	-7.8527265
Zfp944	-13.436034	-9.982156
Pibf1	-12.559367	-9.105489
Popdc3	-15.314152	-11.860273
Snx30	-13.701191	-10.247313
Mtmr2	-12.789836	-9.335958
Tlr2	-14.840478	-11.3866
Gm26797	-14.881606	-11.427728
Gm38604	-19.063654	-15.6097765
Pheta2	-15.025001	-11.571122
Endod1	-10.507097	-7.0532193
Gm13380	-18.840511	-15.386634
Dcp2	-12.934061	-9.480183
Gm12279	-19.063654	-15.6097765
Cop1	-11.457269	-8.00339
2500004C02Rik	-14.8080435	-11.354165
Ccdc9	-12.835145	-9.381267
Yipf1	-12.075012	-8.621134
Micall2	-14.881606	-11.427728
Ndufa4	-9.058254	-5.604377
Lipg	-20.44995	-16.996073
Gm11963	-17.048752	-13.594874
Tubgcp6	-14.3209	-10.867022
Ophn1	-13.319852	-9.865973
Rars2	-13.521412	-10.0675335
Yap1	-12.002965	-8.549087
Ss18l2	-11.695158	-8.24128
Camk4	-19.063654	-15.6097765
Erap1	-12.5482025	-9.094324
Bloc1s4	-12.3749895	-8.921111
Tgfbr1	-11.140489	-7.6866107
E330032C10Rik	-17.616735	-14.162858
Tmsb15b2	-13.254013	-9.800135
B3gnt3	-19.756802	-16.302925
Dmpk	-9.882024	-6.428146
Gm43376	-19.063654	-15.6097765
Gm17134	-19.756802	-16.302925
Gm16726	-17.231073	-13.777196
Gm15441	-16.479658	-13.02578
CR974586.4	-16.812363	-13.358485
Mpz	-19.063654	-15.6097765
AI506816	-12.159908	-8.70603
Pgls	-10.611748	-7.15787
Gm26555	-17.810892	-14.357015
Gm35229	-17.810892	-14.357015
Jsrp1	-19.756802	-16.302925
Gm37696	-18.252724	-14.798846
Pole3	-12.239553	-8.785675
Elp1	-12.888309	-9.43443
Gm16933	-16.953442	-13.499564
Dolk	-13.158976	-9.705097
Plagl2	-13.245057	-9.791179
Cir1	-11.465006	-8.011127
Azin2	-14.049693	-10.595815
Sass6	-13.384336	-9.930458
Nckap5l	-13.959227	-10.505348
Pygl	-13.933757	-10.479878
Gm17949	-17.454218	-14.0003395
Olfr539	-19.063654	-15.6097765
Ankrd23	-13.927857	-10.473979
Mybbp1a	-11.745448	-8.29157
Dus1l	-12.98831	-9.534431
Lsm8	-11.56631	-8.112432
Lynx1	-12.319891	-8.866013
Mcm5	-14.769777	-11.315899
Per2	-12.006403	-8.552525
E130208F15Rik	-16.578749	-13.12487
Ildr1	-20.44995	-16.996073
Lrrc58	-10.718141	-7.2642627
Adamts9	-12.68184	-9.227962
Scarb1	-14.286635	-10.832757
Gm15672	-16.019133	-12.565255
Slc35e1	-12.982579	-9.528701
Ptp4a1	-15.544675	-12.090796
Mark2	-11.789003	-8.335125
Col5a1	-10.733877	-7.2799993
Ddx50	-10.785418	-7.3315396
Lin7c	-11.660747	-8.206868
Phgdh	-12.727273	-9.273395
Kbtbd12	-16.86643	-13.412553
Selenos	-10.328653	-6.8747754
Thumpd1	-12.114039	-8.660161
Mrpl41	-11.604029	-8.15015
Glrx3	-10.953003	-7.499125
Gm32618	-13.791939	-10.33806
Pkd1	-10.259744	-6.805866
Gm12830	-18.252724	-14.798846
BC051077	-19.351337	-15.89746
Dynll1	-8.404844	-4.950967
H2-M3	-13.855536	-10.401658
Armc2	-14.201907	-10.748029
Prkx	-12.992341	-9.538463
9430038I01Rik	-13.553256	-10.099378
1700034I23Rik	-17.015963	-13.562084
Nkd2	-16.339075	-12.885198
Epha1	-13.786818	-10.332939
Zfp709	-14.994629	-11.5407505
Gm10479	-17.271896	-13.818018
Gm49698	-15.805559	-12.351681
Zfp566	-14.129182	-10.675303
Cyp4f13	-13.228845	-9.774966
Mtag2	-18.50404	-15.050162
S1pr2	-14.703747	-11.249868
Hps4	-12.938425	-9.484547
Cxcl10	-18.840511	-15.386634
Atxn7l3	-12.450272	-8.996393
Nudt9	-11.613285	-8.159407
Scn2a	-12.272996	-8.819118
Pcp4l1	-10.128377	-6.674499
Mepce	-12.348272	-8.894394
Sympk	-12.384371	-8.930492
Tspoap1	-20.44995	-16.996073
Grhl2	-18.840511	-15.386634
B3gnt5	-13.938205	-10.484326
Gm48193	-19.351337	-15.89746
Fkbp14	-12.334728	-8.88085
Platr9	-20.44995	-16.996073
Avil	-16.786388	-13.33251
Hnrnpul2	-10.94791	-7.4940324
Sem1	-9.26703	-5.813152
Magix	-18.50404	-15.050162
Slc25a35	-13.412045	-9.958166
Epcam	-19.756802	-16.302925
Wdr83os	-10.654326	-7.2004485
Nr2f2	-11.31014	-7.8562617
Pgp	-11.317463	-7.863585
Eif2s3y	-11.575362	-8.121484
Bex2	-17.454218	-14.0003395
Map3k5	-12.264321	-8.810443
Zfp248	-13.835224	-10.381346
Itm2b	-8.846142	-5.3922644
Tmem117	-13.662106	-10.208227
Ly9	-19.756802	-16.302925
Coro1a	-17.50551	-14.051633
Adhfe1	-14.297217	-10.843339
Dus2	-13.563418	-10.10954
Rian	-12.743787	-9.289908
Ehmt1	-11.870722	-8.416843
Gm10401	-17.048752	-13.594874
Zfp930	-14.297217	-10.843339
Sned1	-14.488945	-11.035067
Qrfp	-20.44995	-16.996073
Gm42397	-15.65416	-12.200281
Mrpl27	-11.499288	-8.045409
Gm29707	-17.965042	-14.511165
Hadh	-11.426904	-7.973026
Lsm14b	-12.850048	-9.39617
Uhrf1bp1	-14.205783	-10.7519045
Wfdc3	-17.965042	-14.511165
Cand1	-11.840907	-8.387029
Dpp10	-17.885	-14.431123
Fmo3	-10.768169	-7.3142915
Mfsd3	-13.930802	-10.476924
Mbtps1	-11.619845	-8.165967
Prdm11	-14.036491	-10.582613
Cep89	-13.443254	-9.989376
Spint2	-10.4460745	-6.9921966
Sh3bp1	-14.066443	-10.612565
Osbpl7	-14.221439	-10.767561
Apc	-11.448235	-7.9943566
Tpm1	-7.5637493	-4.109872
Gm50130	-18.65819	-15.204312
Mef2d	-11.308424	-7.854546
Ufd1	-11.953572	-8.499694
Rcsd1	-12.242003	-8.788125
Sdr42e1	-15.426069	-11.972191
Hspbp1	-12.537527	-9.083649
Tktl1	-18.50404	-15.050162
Habp4	-12.247468	-8.79359
Gfra4	-12.8035965	-9.349718
Col1a2	-8.284871	-4.830993
Rnf40	-13.124143	-9.670264
Bet1l	-11.392295	-7.938417
Aebp2	-11.752438	-8.298559
Larp4	-11.391363	-7.937485
Carmn	-11.036914	-7.583036
Rabgap1	-11.817109	-8.363231
Mynn	-12.769774	-9.315896
Ssr3	-10.822545	-7.368667
Ddx20	-13.64978	-10.195902
Ikzf5	-12.09504	-8.641162
Flywch2	-13.357376	-9.903498
Rsad2	-17.67736	-14.223483
Gm49756	-17.885	-14.431123
Elmod1	-20.44995	-16.996073
Faah	-19.063654	-15.6097765
4833419F23Rik	-14.678509	-11.22463
Gm12473	-18.252724	-14.798846
Pnp	-12.120774	-8.666896
Ppie	-11.880354	-8.426476
Asns	-15.552111	-12.098232
Map2k4	-12.2682295	-8.814351
Msrb1	-9.505144	-6.051266
Aoah	-20.44995	-16.996073
Vmn2r57	-15.515476	-12.061598
Gm36211	-17.7419	-14.288022
Glce	-13.210735	-9.756857
Alox8	-19.756802	-16.302925
Afap1l1	-19.063654	-15.6097765
Paqr3	-15.074672	-11.620793
9330160F10Rik	-15.279466	-11.825587
Gm14597	-18.052053	-14.598176
Tpm3	-11.430044	-7.9761662
Suclg1	-10.818534	-7.364656
Pcbd2	-11.6360655	-8.182187
Plekha2	-12.794086	-9.340208
Dnaic2	-17.231073	-13.777196
Pik3r2	-12.796929	-9.343051
4833422C13Rik	-17.314455	-13.860578
Adamts10	-11.817644	-8.363766
Ckb	-9.788722	-6.334844
Reep5	-9.548094	-6.0942163
Atp5j2	-9.2432375	-5.7893596
Lcat	-15.337962	-11.884084
Slc23a3	-16.498707	-13.044828
Ttc9c	-13.193653	-9.739775
Gm16315	-17.67736	-14.223483
Cytip	-18.052053	-14.598176
Taf10	-11.561055	-8.107177
Nod1	-13.869311	-10.415433
Olfr1160	-19.351337	-15.89746
Plrg1	-12.828755	-9.374877
Ppl	-16.55813	-13.104252
4930579G24Rik	-14.773196	-11.319318
Acin1	-10.732672	-7.278794
Cd209g	-19.756802	-16.302925
Gar1	-12.533143	-9.079265
Gm43803	-18.65819	-15.204312
Smyd1	-18.052053	-14.598176
Gm29093	-17.015963	-13.562084
Traf3ip3	-20.44995	-16.996073
Wdtc1	-12.416616	-8.962738
Gm16091	-17.965042	-14.511165
Fkbpl	-13.85008	-10.396201
Cnr2	-20.44995	-16.996073
Stard7	-12.542666	-9.088788
Klhdc10	-12.601016	-9.147138
Srp68	-12.05109	-8.597212
Hapln1	-13.691855	-10.237977
4930527F14Rik	-18.252724	-14.798846
Tmem200a	-20.44995	-16.996073
Gm31019	-17.885	-14.431123
Ubxn7	-12.4082155	-8.954337
Bok	-14.641808	-11.187929
Zdhhc13	-14.1238	-10.669922
Rprd1b	-12.134873	-8.680995
Rasgef1c	-19.063654	-15.6097765
Rbm4b	-12.718458	-9.26458
Ano6	-11.069108	-7.61523
Cox18	-12.948868	-9.494989
Efhc2	-13.982251	-10.528373
Gm41724	-14.334058	-10.880179
Borcs7	-11.829118	-8.375239
Zfp938	-12.391939	-8.938061
Timm13	-10.449109	-6.995231
9130019P16Rik	-15.17695	-11.723072
Ppp1r14c	-12.076396	-8.622518
Gm28277	-18.65819	-15.204312
Pccb	-12.343738	-8.889859
Sept2	-12.918398	-9.4645195
Tfcp2	-13.319852	-9.865973
Gm43577	-19.063654	-15.6097765
Idh3g	-11.344637	-7.890759
Celsr3	-19.351337	-15.89746
Tmem173	-16.245256	-12.791379
Nt5c	-11.554594	-8.100716
Gm45774	-18.252724	-14.798846
Rbfaos	-19.756802	-16.302925
Tex10	-12.852052	-9.398173
Mypopos	-16.786388	-13.33251
Lyar	-11.710895	-8.257016
Skida1	-15.544675	-12.090796
Asxl1	-12.698905	-9.245027
Klhdc1	-13.061004	-9.607125
Gm34030	-16.599802	-13.145925
Gm31458	-19.063654	-15.6097765
Rpl24	-8.361676	-4.9077983
Zhx3	-12.0824175	-8.628539
Zcwpw1	-16.55813	-13.104252
Mrpl11	-11.786581	-8.332703
Gm49586	-18.65819	-15.204312
Anxa7	-11.041661	-7.5877833
Gm39121	-19.756802	-16.302925
Gm49282	-17.50551	-14.051633
Kitl	-12.763788	-9.30991
1810064F22Rik	-18.840511	-15.386634
Dedd	-12.879507	-9.425629
Mcub	-14.448535	-10.994657
Dynlt1c	-16.322815	-12.8689375
Tmem269	-18.840511	-15.386634
Med26	-14.012198	-10.55832
Tgds	-13.498178	-10.044299
Gng12	-10.503307	-7.0494294
Sox5	-12.575972	-9.122093
Gm30524	-15.621636	-12.167758
Copz2	-10.634201	-7.180323
Trim69	-18.65819	-15.204312
Gm2a	-11.694843	-8.240965
Cenpi	-17.191853	-13.737975
Hsbp1	-10.252637	-6.798759
Gm31814	-18.370508	-14.916631
Met	-19.063654	-15.6097765
Chst3	-12.093865	-8.639987
Ttc39a	-16.92359	-13.469711
Slc30a9	-11.729489	-8.275611
Mgp	-6.543228	-3.0893507
G630030J09Rik	-17.67736	-14.223483
Phf2	-11.698318	-8.244439
Gm20110	-19.063654	-15.6097765
Exoc6	-13.263805	-9.809927
Rab14	-10.192993	-6.739115
Hnmt	-13.906038	-10.45216
Gm10775	-19.063654	-15.6097765
Grb14	-11.02329	-7.5694118
Gm20324	-15.834829	-12.380951
Acsl4	-12.915722	-9.4618435
Serpine2	-8.706945	-5.2530675
Trp53cor1	-16.322815	-12.8689375
Alpl	-13.861024	-10.4071455
Zfr2	-13.660978	-10.2071
Gm36595	-20.44995	-16.996073
Gm12841	-17.810892	-14.357015
Brap	-12.640003	-9.186125
Glcci1	-12.201944	-8.748066
Mrpl46	-12.522265	-9.068387
Tnfrsf18	-19.063654	-15.6097765
Pinx1	-12.761953	-9.308075
Mrps27	-13.422636	-9.968758
Nmnat1	-13.798378	-10.3445
Gm49587	-18.65819	-15.204312
Tm9sf1	-12.339223	-8.8853445
Ufl1	-11.676411	-8.222532
Gm45359	-19.351337	-15.89746
Phf21a	-12.010502	-8.556623
Nmnat2	-15.529969	-12.076091
Frmpd4	-15.69636	-12.242481
Actr6	-12.891434	-9.437555
Ccnyl1	-13.63431	-10.180431
Hnrnph1	-10.641763	-7.187885
Dhps	-12.026848	-8.572969
Lss	-13.765339	-10.3114605
Fam171b	-12.736612	-9.282734
D630045J12Rik	-14.8368225	-11.382944
2310011J03Rik	-12.0711	-8.617222
Strbp	-11.638894	-8.185016
Zbtb39	-13.907478	-10.4536
Cbx7	-12.558246	-9.104367
Fmr1	-11.725742	-8.271864
G530011O06Rik	-14.592017	-11.138139
Coq5	-12.504749	-9.050871
Ints6	-12.238195	-8.784317
Sp7	-16.86643	-13.412553
Opcml	-18.50404	-15.050162
Caps2	-16.578749	-13.12487
Mfge8	-8.782691	-5.328813
Cyb561	-11.931358	-8.47748
Crem	-12.789365	-9.335486
Phlda1	-13.09815	-9.644272
Eda	-14.762975	-11.309096
Vwa1	-13.051776	-9.597898
Tmem107	-12.834159	-9.3802805
Zbtb9	-14.393167	-10.939288
Cldn3	-13.498178	-10.044299
Mrpl55	-11.601153	-8.147275
1810006J02Rik	-17.810892	-14.357015
Gm15774	-19.063654	-15.6097765
Gm568	-19.063654	-15.6097765
Pip4k2b	-13.536213	-10.0823345
Spg11	-13.07972	-9.625841
Haspin	-17.965042	-14.511165
Dnmt3b	-14.994629	-11.5407505
Bcl9	-12.63152	-9.177642
Nfyc	-12.836625	-9.382747
Rnf170	-13.179637	-9.725759
Fdx1	-11.2185335	-7.7646556
9630028H03Rik	-19.756802	-16.302925
A730090N16Rik	-19.063654	-15.6097765
Gm47843	-16.518124	-13.064246
Gria1	-14.594878	-11.141
Tmem253	-17.191853	-13.737975
A730020M07Rik	-17.810892	-14.357015
mt-Co3	-6.337666	-2.8837886
AC163347.1	-18.147364	-14.693486
Lcn8	-16.839031	-13.385154
Rab39	-20.44995	-16.996073
Ptgds	-16.479658	-13.02578
Lrriq3	-16.275562	-12.821685
Rb1cc1	-10.847771	-7.393893
Desi1	-12.925389	-9.471511
Tnfsf13os	-16.0555	-12.601623
Psmd11	-10.920357	-7.466479
Ccdc141	-11.5704775	-8.116599
Grid2	-16.894602	-13.440723
Tcp1	-10.366979	-6.9131007
Tnni2	-19.063654	-15.6097765
Tinagl1	-10.128476	-6.674598
Map3k4	-11.921026	-8.467148
Radil	-16.406898	-12.95302
Zc3hav1l	-14.104314	-10.650435
Pcf11	-12.069952	-8.616074
Vps37d	-13.852804	-10.398926
Mrgprf	-13.440541	-9.986663
Tmem19	-12.754647	-9.300769
Tbc1d10a	-12.865685	-9.411807
Snhg16	-13.803559	-10.349681
Abi3bp	-10.813167	-7.3592887
4930433N12Rik	-17.67736	-14.223483
C78197	-16.643288	-13.189409
Gm11532	-17.559578	-14.1057
Rabl6	-11.749935	-8.296057
Ankrd17	-11.408265	-7.954387
Rab21	-10.808217	-7.354339
Nap1l3	-14.523025	-11.069146
Wdr93	-18.252724	-14.798846
Xrcc3	-16.736378	-13.282499
Gm47450	-17.454218	-14.0003395
C1qa	-16.260296	-12.806417
Fbxl7	-12.975745	-9.521867
Gm49801	-16.372412	-12.918534
Hap1	-17.358908	-13.905029
Mus81	-13.09815	-9.644272
D130017N08Rik	-14.783524	-11.329645
Wbp1	-11.984682	-8.530804
Nacc2	-11.138046	-7.6841683
Gm33838	-16.786388	-13.33251
Naa80	-11.855241	-8.401362
Psme2	-11.322014	-7.868136
Il1rl1	-20.44995	-16.996073
Pcgf1	-13.734567	-10.280688
Tspyl5	-13.327084	-9.873205
Gal3st4	-14.756218	-11.30234
Epop	-17.314455	-13.860578
Uxs1	-12.905618	-9.451739
Foxc2	-12.074551	-8.620672
Rpl27a	-8.147818	-4.6939397
5330411J11Rik	-18.252724	-14.798846
Gm42788	-19.756802	-16.302925
Hddc2	-12.613581	-9.159702
Ppp1r1b	-14.274083	-10.820205
Unc13c	-15.213508	-11.759629
Gm15013	-15.387355	-11.933476
Crabp2	-18.252724	-14.798846
Ccl28	-17.50551	-14.051633
Zfas1	-11.865285	-8.4114065
Alkbh7	-12.358017	-8.904139
Nrp2	-15.235014	-11.781136
Gm50068	-19.756802	-16.302925
Zyg11b	-11.814441	-8.360562
Trip4	-12.386257	-8.932379
A230065N10Rik	-16.812363	-13.358485
Fam192a	-12.235485	-8.781607
Myo1g	-20.44995	-16.996073
Ccdc47	-11.21112	-7.7572417
Epb41l4b	-15.240464	-11.786586
Zscan12	-13.709431	-10.255552
Gnb3	-17.885	-14.431123
Ston2	-13.568539	-10.11466
Gm2447	-17.358908	-13.905029
Fdxr	-13.812692	-10.358813
2310022A10Rik	-12.897188	-9.44331
Dnaaf5	-13.914709	-10.460831
Tmem160	-10.534336	-7.080458
Denr	-11.226693	-7.772815
Vps26a	-12.086608	-8.63273
Ier5	-11.4412365	-7.9873586
Ccm2	-12.284018	-8.830139
Chd4	-10.333208	-6.87933
Ilk	-9.845174	-6.391296
Papolg	-13.437835	-9.983956
BB123696	-15.805559	-12.351681
Alcam	-10.782059	-7.328181
Hddc3	-13.802261	-10.348383
Itga7	-11.264825	-7.810947
Slc2a3	-15.331956	-11.8780775
Hist1h2ak	-19.063654	-15.6097765
Smdt1	-9.810639	-6.3567615
Ddx59	-14.069828	-10.61595
Cad	-13.114968	-9.66109
Fzd2	-10.670893	-7.217015
Socs4	-12.022901	-8.569022
Nucb1	-10.307958	-6.8540797
Gprasp1	-12.1047325	-8.650854
Olfr1036	-17.454218	-14.0003395
Gramd1b	-16.76107	-13.307192
Haghl	-12.347667	-8.893788
Tnfrsf10b	-13.412923	-9.959044
Ncoa5	-13.223742	-9.769863
Nox1	-17.559578	-14.1057
Ppp6r2	-12.992341	-9.538463
Psmb9	-15.381046	-11.927168
Csmd1	-20.44995	-16.996073
2610301B20Rik	-13.059769	-9.60589
Lrrc4b	-14.822329	-11.36845
Epm2aip1	-12.47921	-9.0253315
Gm49083	-17.271896	-13.818018
Srgap1	-18.252724	-14.798846
Gm26533	-16.894602	-13.440723
Ptpru	-15.452738	-11.998859
Dennd1a	-12.824355	-9.370477
Itprid2	-11.931957	-8.478079
Pofut1	-12.711898	-9.258019
Rad51	-15.896073	-12.442195
Pcdhb3	-16.518124	-13.064246
Dagla	-15.251453	-11.797575
2610307P16Rik	-14.98189	-11.528011
Trac	-18.65819	-15.204312
Fadd	-13.874874	-10.420996
Gm26636	-19.351337	-15.89746
Pcdhb6	-17.7419	-14.288022
Gm45081	-19.063654	-15.6097765
Ankle1	-16.76107	-13.307192
Unc13b	-14.6269045	-11.173026
Rnh1	-10.740897	-7.2870193
Smap1	-10.773426	-7.319548
Prss57	-15.112412	-11.658534
Rnf115	-12.289432	-8.835553
Mrpl28	-11.509976	-8.056098
Fnip1	-11.833274	-8.3793955
Hoxd3os1	-16.355604	-12.901727
4921509O07Rik	-18.840511	-15.386634
Timm9	-12.417914	-8.964036
Eftud2	-12.586683	-9.132805
Gm15632	-17.082653	-13.628776
Glipr2	-13.40679	-9.952911
Gm38910	-15.480137	-12.026258
Fam227b	-19.351337	-15.89746
Grcc10	-10.130189	-6.676311
Dok2	-17.616735	-14.162858
D930019O06Rik	-19.351337	-15.89746
Nckipsd	-14.299347	-10.8454685
Endou	-16.389507	-12.935629
Wrap53	-14.342927	-10.889049
Erbin	-11.72558	-8.271702
Tfdp2	-11.754946	-8.301067
4933412E12Rik	-16.812363	-13.358485
Cd164	-10.98396	-7.530082
Zfp869	-12.584378	-9.1305
Ccdc28a	-13.19648	-9.742601
Flna	-7.6774726	-4.223595
Ccnd1	-15.731451	-12.277573
Ccdc102a	-12.394157	-8.940279
Wdr26	-11.048824	-7.5949464
Gpr162	-17.559578	-14.1057
Dynlrb1	-9.996753	-6.542875
Usp22	-12.659254	-9.205376
Dhx34	-13.752916	-10.299038
Polg2	-13.528292	-10.074413
Abracl	-10.420535	-6.966657
Gm11205	-16.55813	-13.104252
Prxl2c	-10.947089	-7.4932113
Ldlr	-11.979849	-8.52597
Rel	-13.140738	-9.686859
Anxa8	-16.984213	-13.530335
Hcfc1r1	-9.276702	-5.822824
Cpne5	-15.605763	-12.151885
Rimkla	-18.50404	-15.050162
Opa1	-12.237382	-8.783504
Tmem106c	-13.330315	-9.876436
Fam171a2	-14.162091	-10.708213
A830052D11Rik	-16.322815	-12.8689375
4833420G17Rik	-12.272716	-8.818837
Dnttip2	-11.5389595	-8.085081
Fgf15	-18.252724	-14.798846
D130043K22Rik	-19.063654	-15.6097765
Bicd2	-11.700535	-8.246656
Uspl1	-12.643661	-9.189782
Tob1	-11.524629	-8.07075
Nrap	-14.297217	-10.843339
Maff	-13.187322	-9.733443
Ffar4	-15.613668	-12.15979
Clk1	-11.023773	-7.5698953
D130062J10Rik	-15.906655	-12.452777
Nol4l	-14.893122	-11.439243
Rpl10-ps3	-12.490325	-9.036447
Srrm1	-10.532313	-7.0784354
Ivns1abp	-13.066582	-9.612703
Ndufs4	-11.059457	-7.605579
Sertad2	-11.436964	-7.983086
Gm15910	-14.621004	-11.167126
Il15ra	-14.01862	-10.564741
3830403N18Rik	-15.5901375	-12.136259
Tmem215	-16.479658	-13.02578
Gm9949	-19.351337	-15.89746
Galnt7	-13.323863	-9.869985
Drosha	-12.750108	-9.296229
Pou2f2	-18.370508	-14.916631
Foxm1	-16.18727	-12.733392
Gna14	-15.984042	-12.530164
Gm35339	-16.230442	-12.776564
Osbpl8	-12.364156	-8.910277
Morc2a	-12.569524	-9.115645
Ccdc163	-13.282912	-9.829034
Fbxl2	-13.167189	-9.71331
Rpl41	-7.7854557	-4.3315783
Olfr1322	-19.351337	-15.89746
Duox2	-19.756802	-16.302925
Sp3	-11.767751	-8.313872
Fkrp	-12.387517	-8.933639
Myo18a	-12.220439	-8.766561
Gm12454	-14.446063	-10.992185
Rab40b	-13.384336	-9.930458
Chml	-13.16239	-9.708511
Dio3os	-20.44995	-16.996073
Gm40557	-18.147364	-14.693486
1600012H06Rik	-12.686079	-9.232201
Gstcd	-14.678509	-11.22463
Arvcf	-13.739427	-10.285548
Ring1	-12.539726	-9.085848
Yipf7	-19.063654	-15.6097765
Glra1	-17.154112	-13.700234
Dcaf17	-12.70149	-9.247612
Npy4r	-17.154112	-13.700234
Gm4951	-17.454218	-14.0003395
Spop	-10.310995	-6.857117
Znrf2	-12.770699	-9.31682
Ttbk1	-20.44995	-16.996073
Kcna1	-19.351337	-15.89746
Smgc	-18.65819	-15.204312
Spag7	-11.146211	-7.6923327
4930597O21Rik	-17.082653	-13.628776
Cdh6	-11.42618	-7.972302
Gm14862	-16.119217	-12.6653385
Phospho1	-16.894602	-13.440723
Gstt2	-12.8321905	-9.378312
Gm45353	-19.063654	-15.6097765
B3gnt8	-13.939692	-10.485813
Cacfd1	-12.440919	-8.9870405
Ngf	-16.894602	-13.440723
Gjb4	-20.44995	-16.996073
Mxra7	-11.372341	-7.918463
Rnpepl1	-11.887019	-8.433141
Snap47	-12.770237	-9.316359
Exoc7	-11.930559	-8.476681
Brd9	-11.51352	-8.059642
Htra1	-9.148449	-5.6945715
Pgk1	-11.13489	-7.6810117
Gm20682	-15.637766	-12.1838875
Npas4	-13.795797	-10.341919
Dlk1	-18.840511	-15.386634
Wdr75	-12.4359455	-8.982067
Ccdc61	-13.759108	-10.305229
Crk	-11.489098	-8.035219
Abcb6	-14.299347	-10.8454685
Gab2	-12.325207	-8.871328
Flrt3	-16.953442	-13.499564
1700087I21Rik	-17.885	-14.431123
Spata25	-19.351337	-15.89746
Stam2	-12.486838	-9.03296
Sh3bgrl	-8.984714	-5.530836
Olfr1307	-18.50404	-15.050162
Serinc2	-17.271896	-13.818018
Polr3g	-15.537295	-12.083417
Rhou	-13.18103	-9.727152
Wdr37	-13.005116	-9.551238
Gpatch11	-12.181475	-8.727596
Rnf149	-13.535219	-10.081341
Gm15494	-18.840511	-15.386634
Mon2	-11.674246	-8.220367
Arhgef17	-10.87754	-7.4236617
Prune1	-13.47922	-10.025342
Rab3gap1	-11.806653	-8.352775
Rcc1l	-13.192947	-9.739069
Gm35934	-19.756802	-16.302925
Gbp4	-20.44995	-16.996073
Surf6	-13.400695	-9.946816
Rgp1	-13.342525	-9.888646
Pithd1	-12.795033	-9.341155
Rmnd5a	-11.647127	-8.193249
Rgmb	-12.479555	-9.025677
Mpv17l2	-11.8052435	-8.351365
Ttc28	-9.63418	-6.180302
Il18	-17.885	-14.431123
Vmn2r53	-18.65819	-15.204312
Ephx1	-11.044126	-7.5902476
Gm45441	-18.65819	-15.204312
Sra1	-11.499806	-8.045928
Tmem38b	-10.8324795	-7.3786016
Zfp109	-15.805559	-12.351681
8030474K03Rik	-19.756802	-16.302925
Smurf2	-11.48079	-8.026912
Arsg	-14.703747	-11.249868
Gm10062	-16.080502	-12.626624
Tbx5	-17.50551	-14.051633
Btd	-12.479901	-9.026023
Cmtr2	-14.641808	-11.187929
Cog1	-13.415563	-9.961684
Pfdn6	-11.161538	-7.70766
Vps26c	-12.586299	-9.132421
Med7	-12.498743	-9.044865
Npm3	-11.545049	-8.09117
Ubap2	-12.054925	-8.601047
Syt9	-17.358908	-13.905029
Phlpp1	-12.98831	-9.534431
Cln6	-13.72973	-10.275851
Serinc4	-17.015963	-13.562084
Gprasp2	-13.518478	-10.0646
Suco	-11.860994	-8.407116
Gm13523	-15.166746	-11.712868
Phf14	-11.661662	-8.207784
Olfr905	-19.756802	-16.302925
Gdpd2	-16.92359	-13.469711
Nr1h3	-14.162091	-10.708213
Tmem87a	-12.889349	-9.435471
Stx12	-11.715068	-8.261189
Gm42726	-15.834829	-12.380951
Slc25a3	-9.466897	-6.013019
Parvb	-18.370508	-14.916631
Elac2	-13.703538	-10.24966
Lum	-14.109591	-10.655712
Gng8	-13.444161	-9.990283
Gm43101	-17.7419	-14.288022
Gm2788	-19.351337	-15.89746
Pcbp3	-13.507793	-10.053915
Glrx5	-11.424855	-7.9709773
Ikzf1	-19.063654	-15.6097765
Gm13563	-18.370508	-14.916631
Cnot3	-12.068119	-8.614241
Pcsk5	-11.449221	-7.9953427
Pbx1	-10.614688	-7.16081
Gm49544	-20.44995	-16.996073
Notum	-19.351337	-15.89746
Smim5	-11.231344	-7.7774663
Rho	-17.965042	-14.511165
Gm11592	-18.65819	-15.204312
Cmtm6	-12.533143	-9.079265
BC028777	-19.063654	-15.6097765
Slc26a1	-20.44995	-16.996073
Tmem44	-17.015963	-13.562084
Etv3	-12.797404	-9.343526
Ppnr	-15.362354	-11.908476
Gm43378	-16.067923	-12.614045
Prodh	-14.205783	-10.7519045
Mybpc3	-19.063654	-15.6097765
B930095G15Rik	-16.812363	-13.358485
Zfp87	-12.799782	-9.345903
Zfp960	-15.325986	-11.8721075
Ndufb4	-10.353861	-6.899983
Gjb3	-18.50404	-15.050162
Trappc13	-12.085209	-8.6313305
Gm14403	-14.219469	-10.765591
Hoxa5	-12.356182	-8.902304
Abl2	-12.891434	-9.437555
Pou5f2	-14.618068	-11.164189
Xaf1	-14.064755	-10.610877
Plau	-15.552111	-12.098232
Zfp637	-11.792299	-8.338421
Rest	-11.718291	-8.264413
S100a13	-10.271714	-6.8178363
Aurka	-16.007298	-12.55342
Chd5	-16.245256	-12.791379
Zfp668	-14.460989	-11.007111
Bclaf3	-12.311678	-8.8578
Ints4	-13.142077	-9.688199
Nqo1	-12.537527	-9.083649
3110045C21Rik	-16.306814	-12.852937
Car5a	-19.063654	-15.6097765
Jmjd6	-12.06766	-8.613782
Pygo1	-12.401801	-8.947923
Hes6	-12.895616	-9.441737
AI839979	-14.713378	-11.2595
Wdr19	-13.933757	-10.479878
Dgkq	-13.798378	-10.3445
Gapdh	-9.177811	-5.7239327
Rangrf	-12.48649	-9.032612
Acadvl	-11.298405	-7.844527
Spink4	-18.370508	-14.916631
Mast4	-10.794347	-7.340469
Pdgfd	-11.236315	-7.782437
Ppp1r3e	-14.618068	-11.164189
Gm42531	-18.840511	-15.386634
Nipal4	-15.331956	-11.8780775
Ddit4	-13.042632	-9.588754
Rpp14	-12.6814165	-9.227538
Thada	-13.668893	-10.215014
Fbxw11	-12.022463	-8.568584
Scin	-15.597919	-12.144041
Lsr	-18.252724	-14.798846
B230206L02Rik	-14.446063	-10.992185
Dnajb5	-11.843465	-8.389586
Fkbp4	-10.805233	-7.351355
Dcaf7	-12.434293	-8.980414
R74862	-13.798378	-10.3445
Usp42	-12.437269	-8.983391
Opn1sw	-17.810892	-14.357015
Cd99l2	-11.952144	-8.498265
Fbxl17	-12.743787	-9.289908
Spef2	-19.351337	-15.89746
Sgta	-11.855796	-8.401917
Erp29	-10.806141	-7.352263
Gm35082	-19.351337	-15.89746
Sar1a	-11.049733	-7.595855
Arl3	-10.8887415	-7.4348636
Gm48855	-15.917351	-12.463472
Syde2	-12.180706	-8.726828
Nxpe2	-18.840511	-15.386634
9430037G07Rik	-15.314152	-11.860273
Dusp18	-14.675399	-11.22152
Gm41077	-16.812363	-13.358485
Fut4	-16.839031	-13.385154
Oxsr1	-12.112841	-8.658962
B230208H11Rik	-16.04323	-12.589353
Cd5	-16.736378	-13.282499
Klc4	-13.163074	-9.709195
Odr4	-11.471541	-8.017663
Nub1	-11.726231	-8.272352
Tsc1	-13.1950655	-9.741187
Hba-a1	-13.696512	-10.242634
1500002C15Rik	-14.98189	-11.528011
Ypel3	-10.705986	-7.252108
Xpo1	-11.777636	-8.323757
Gm30108	-14.729638	-11.27576
Cobll1	-11.697053	-8.243175
Best2	-19.756802	-16.302925
Txn1	-9.387021	-5.9331436
Alms1	-13.338438	-9.88456
Ptgs1	-16.275562	-12.821685
Rtl1	-19.756802	-16.302925
Slc25a26	-13.97606	-10.5221815
Timm23	-11.596999	-8.143121
Yipf2	-13.674584	-10.220706
Taf9b	-13.76409	-10.310211
Kazald1	-11.922213	-8.468334
Garem1	-12.931343	-9.477465
Muc6	-20.44995	-16.996073
Lima1	-12.686079	-9.232201
Foxl2	-20.44995	-16.996073
Rffl	-14.116671	-10.662792
Taf1b	-12.63152	-9.177642
A630019I02Rik	-17.50551	-14.051633
Rnf138rt1	-17.965042	-14.511165
Copg2	-12.787012	-9.333134
Ap5s1	-13.583016	-10.129138
Scoc	-10.97379	-7.5199122
Snhg9	-14.056359	-10.602481
Aard	-16.389507	-12.935629
Trim39	-13.309497	-9.8556185
Ubl7	-12.362309	-8.908431
Gm9465	-17.885	-14.431123
Sbspon	-13.960745	-10.506866
Shmt1	-17.810892	-14.357015
Cnih4	-11.211314	-7.7574363
Antxr2	-12.855569	-9.4016905
Rasd2	-14.793959	-11.34008
Cxcl5	-19.756802	-16.302925
Pxmp4	-12.022681	-8.568803
Eva1c	-12.610819	-9.15694
Cib2	-13.077204	-9.623325
Dgkb	-11.986791	-8.532912
Cuzd1	-18.370508	-14.916631
Nav3	-16.76107	-13.307192
Bcl2l11	-14.569417	-11.115539
Zfp580	-12.628708	-9.1748295
Pank3	-12.144219	-8.690341
Col4a6	-10.911026	-7.457148
Slc6a4	-18.840511	-15.386634
Gpaa1	-12.534237	-9.0803585
Zfp119b	-14.354126	-10.900248
Stpg3	-18.50404	-15.050162
Gid8	-12.197504	-8.743626
Gm15728	-16.406898	-12.95302
Gm14295	-13.916162	-10.462283
Krba1	-13.596651	-10.142773
Nf2	-12.696755	-9.242877
Gm36246	-19.756802	-16.302925
Pon3	-11.775582	-8.321704
Slc35d3	-18.370508	-14.916631
Ina	-20.44995	-16.996073
Cnot6l	-11.716195	-8.262317
Mis18a	-14.397861	-10.943982
Gm22146	-15.544675	-12.090796
Agap2	-17.015963	-13.562084
Trim36	-13.743088	-10.289209
Mroh7	-18.65819	-15.204312
Erich1	-12.461068	-9.00719
Zfp472	-14.2637415	-10.809863
Slirp	-11.10124	-7.647362
Jkamp	-11.4072	-7.953322
Fuz	-12.296312	-8.842434
Kdm2b	-13.279061	-9.825183
Dcun1d4	-13.389474	-9.9355955
Ube2t	-15.834829	-12.380951
Cyp7b1	-16.68875	-13.234872
Utp20	-12.90456	-9.450682
Rtn4rl1	-15.182092	-11.728213
Sapcd2	-18.252724	-14.798846
Pipox	-14.290854	-10.836976
Tmsb15b1	-13.167189	-9.71331
Gm11379	-17.50551	-14.051633
B130011K05Rik	-20.44995	-16.996073
Myo1h	-14.706947	-11.253069
Mydgf	-11.067254	-7.613376
Slc52a2	-13.640911	-10.187033
Gm26562	-17.7419	-14.288022
Kif21b	-14.739523	-11.285645
Tacc2	-10.487675	-7.033797
Map10	-14.932497	-11.478619
Kdelr3	-11.465131	-8.011252
Fam173a	-11.620431	-8.166553
Zfp78	-14.866454	-11.412576
Rdh11	-13.07909	-9.625212
Zfp748	-13.8624	-10.408522
Mfsd6	-12.549314	-9.095435
Wfdc2	-20.44995	-16.996073
Xbp1	-11.164873	-7.710995
Nudt19	-12.468217	-9.0143385
Chrna10	-19.351337	-15.89746
Zfp763	-14.190369	-10.73649
Prss35	-16.643288	-13.189409
Grip1	-18.840511	-15.386634
Mmp11	-13.881872	-10.427994
Pwp2	-14.085199	-10.631321
Gp1bb	-16.080502	-12.626624
4921539H07Rik	-19.756802	-16.302925
Wwp2	-9.973084	-6.5192065
Pafah1b3	-14.885429	-11.431551
Kctd21	-14.61222	-11.158341
Ppfia4	-14.5666275	-11.112749
Cdan1	-13.8624	-10.408522
Lasp1	-13.163074	-9.709195
Golim4	-9.941409	-6.487531
Map3k6	-13.820587	-10.366709
Zfp558	-17.231073	-13.777196
Lrrc4	-17.048752	-13.594874
Ddx49	-12.619922	-9.166043
Wdr70	-12.375924	-8.922046
Emc2	-11.378182	-7.9243045
Zbtb3	-15.446004	-11.9921255
Prlr	-18.370508	-14.916631
Prpf4b	-10.627022	-7.173144
Slc45a4	-13.001034	-9.547155
Ccdc157	-13.675726	-10.221848
Fkbp15	-12.918398	-9.4645195
Rgs18	-18.370508	-14.916631
Plekhh3	-12.900341	-9.446463
Mrpl16	-12.337422	-8.883544
Caly	-19.063654	-15.6097765
Setmar	-14.719851	-11.265972
Stk32c	-16.424599	-12.97072
Otogl	-16.106144	-12.6522665
Tubg1	-12.659254	-9.205376
Vwa3b	-15.12694	-11.673061
Dennd6a	-11.737848	-8.28397
Api5	-11.583933	-8.130054
Parva	-10.982258	-7.52838
Taok1	-10.616188	-7.16231
Rock1	-8.210902	-4.7570243
Gm5127	-17.67736	-14.223483
Gm12185	-18.840511	-15.386634
Mtx1	-12.061273	-8.607394
Car9	-18.252724	-14.798846
Ears2	-13.97144	-10.517562
Washc3	-11.872791	-8.418913
Tada2a	-13.019836	-9.565958
Gm9920	-17.358908	-13.905029
Nup214	-12.362002	-8.908124
Slc30a6	-13.243573	-9.789695
Maob	-12.313139	-8.859261
Thap3	-11.923401	-8.469522
Aspa	-17.67736	-14.223483
Tns1	-8.640177	-5.1862993
Gm49212	-20.44995	-16.996073
Edrf1	-13.124143	-9.670264
Scd1	-12.29172	-8.837842
Adam17	-12.353132	-8.899254
Pola2	-14.09558	-10.641702
Farsb	-12.536429	-9.082551
Fkbp8	-10.826573	-7.3726954
Ccdc81	-17.231073	-13.777196
H2-DMb1	-13.587193	-10.133314
D930007J09Rik	-15.815221	-12.361342
9430015G10Rik	-14.790468	-11.33659
Kcnk4	-18.252724	-14.798846
Spin2c	-16.92359	-13.469711
BC024386	-18.65819	-15.204312
Aasdh	-14.351876	-10.897998
Eme1	-18.252724	-14.798846
Agps	-12.759665	-9.305786
Sltm	-11.0995	-7.645622
Flt3	-20.44995	-16.996073
Fut8	-12.353742	-8.899863
Uck1	-12.874366	-9.420487
Sept11	-12.690336	-9.236458
Gm16577	-17.616735	-14.162858
9330179D12Rik	-15.003213	-11.549335
AW112010	-19.351337	-15.89746
Cldn15	-16.984213	-13.530335
Gm5767	-20.44995	-16.996073
Zmym6	-13.835224	-10.381346
Elmod2	-13.1394	-9.685521
Cox10	-13.324667	-9.870789
D6Wsu163e	-13.297681	-9.843802
Mslnl	-16.019133	-12.565255
Lrrc20	-13.632119	-10.178241
Tle1	-12.067431	-8.613553
Ehd3	-13.07909	-9.625212
Akirin2	-11.350988	-7.8971105
Cluh	-13.04324	-9.589361
Mrpl10	-12.717142	-9.263264
Ttyh2	-16.306814	-12.852937
Gm43573	-15.537295	-12.083417
Dram2	-12.899289	-9.445411
Rnps1	-11.544099	-8.09022
Gm20627	-18.370508	-14.916631
BC048507	-19.351337	-15.89746
Gm43156	-19.756802	-16.302925
Pirb	-17.559578	-14.1057
Nrk	-14.033217	-10.579339
Hnrnpu	-10.314557	-6.860679
Pih1d1	-12.512933	-9.059054
Pfas	-14.893122	-11.439243
Ubash3b	-18.370508	-14.916631
Rab39b	-13.693018	-10.23914
Map1a	-10.434564	-6.9806857
Chmp3	-10.8176155	-7.3637376
Chrna7	-16.68875	-13.234872
Raly	-10.669139	-7.215261
Lrrc39	-13.1281	-9.674222
Gm50295	-20.44995	-16.996073
Sprr1a	-17.616735	-14.162858
Dpysl5	-14.404944	-10.951066
Gpat3	-15.854831	-12.400952
Neurl3	-18.370508	-14.916631
Nat10	-13.040208	-9.586329
Sema3f	-11.487943	-8.034064
Kcnf1	-16.894602	-13.440723
Mhrt	-19.351337	-15.89746
Dcaf12l2	-17.67736	-14.223483
Rbbp4	-11.142392	-7.688514
Adck5	-13.397229	-9.943351
Etnk2	-16.86643	-13.412553
Mtmr9	-13.399828	-9.94595
Rnd1	-13.695346	-10.241467
Sertad3	-13.096228	-9.642349
Slc30a1	-13.167189	-9.71331
Traf4	-14.840478	-11.3866
Gm3468	-16.55813	-13.104252
Gm49975	-19.351337	-15.89746
1110035H17Rik	-14.629868	-11.175989
Meaf6	-12.200375	-8.746496
Prelp	-9.901613	-6.4477353
Pus10	-13.626664	-10.172786
Nufip1	-12.963337	-9.509459
Gm17196	-18.65819	-15.204312
Phf24	-16.291067	-12.837189
Gm49700	-14.766371	-11.312492
Atrnl1	-12.581313	-9.127435
Raph1	-12.451279	-8.9974
Mrpl58	-11.433073	-7.979195
Kif24	-17.154112	-13.700234
H3f3b	-8.956085	-5.5022073
Gm47872	-17.965042	-14.511165
Lyrm1	-13.673443	-10.219564
Apbb3	-13.4342375	-9.980359
Gm11264	-15.439315	-11.985436
Fgd1	-13.142748	-9.688869
Crybg1	-18.147364	-14.693486
4930571N24Rik	-20.44995	-16.996073
Coa4	-13.573686	-10.119807
Spi1	-18.840511	-15.386634
Gm3716	-18.147364	-14.693486
Gm16033	-18.50404	-15.050162
4930556M19Rik	-16.460966	-13.007088
Pgd	-12.572932	-9.119054
Gm26815	-18.840511	-15.386634
Acta2	-5.538904	-2.0850263
Parp6	-13.392913	-9.939034
A230087F16Rik	-17.616735	-14.162858
Pomgnt2	-13.199315	-9.745437
BC005561	-11.745116	-8.291238
Pnrc1	-10.186658	-6.73278
Fzd4	-12.213264	-8.759386
Gm26590	-16.86643	-13.412553
Tmem167	-10.956538	-7.5026603
Arntl	-13.608335	-10.154456
Gtf2ird1	-13.248034	-9.794155
Setd6	-12.627105	-9.173226
Tnfrsf23	-14.703747	-11.249868
Cdsn	-15.374776	-11.9208975
Hist1h2bf	-19.351337	-15.89746
Gm42696	-17.50551	-14.051633
Gm15829	-17.965042	-14.511165
Galnt9	-20.44995	-16.996073
Cops3	-11.704824	-8.250946
A430048G15Rik	-19.063654	-15.6097765
Gm20033	-16.15949	-12.705612
Jchain	-18.147364	-14.693486
Erich6	-18.052053	-14.598176
Pate2	-17.048752	-13.594874
Armc3	-15.381046	-11.927168
Gm46409	-17.314455	-13.860578
Tnfrsf4	-17.048752	-13.594874
Chmp7	-12.617936	-9.164058
Trmt2a	-13.154215	-9.700336
Gm27010	-15.758602	-12.304724
Clu	-9.037729	-5.5838513
Golga2	-12.021588	-8.56771
Ccdc12	-11.438427	-7.984549
4933413J09Rik	-16.68875	-13.234872
Slc25a38	-12.690336	-9.236458
Gm3734	-19.063654	-15.6097765
4930515G01Rik	-17.117744	-13.663867
Cemip2	-12.039897	-8.586019
Marveld1	-10.112831	-6.658953
Nrf1	-12.967832	-9.513953
Lmf1	-13.132074	-9.678196
Cep112	-13.091757	-9.637878
Gm42917	-18.370508	-14.916631
BC048403	-15.362354	-11.908476
Gm17300	-17.616735	-14.162858
Cdkn2aip	-11.537612	-8.083734
4933431K23Rik	-19.063654	-15.6097765
Vasn	-10.347283	-6.8934054
Zfp276	-13.942673	-10.488794
Rad52	-13.425302	-9.971423
Atp8a2	-17.810892	-14.357015
Col10a1	-18.052053	-14.598176
Tmem97	-13.310289	-9.856411
Dgke	-13.361542	-9.907663
Gm37233	-16.145885	-12.692007
Napb	-13.950163	-10.4962845
Atg7	-13.217217	-9.763339
Pdgfb	-13.982251	-10.528373
Cdc14b	-13.103295	-9.649417
Cnksr1	-16.007298	-12.55342
Prmt1	-11.097329	-7.643451
Padi1	-18.147364	-14.693486
Gpr176	-17.015963	-13.562084
Col6a3	-10.1794615	-6.7255836
Gm47428	-18.252724	-14.798846
Tvp23a	-15.613668	-12.15979
Eef1b2	-9.138418	-5.6845407
Nfkbie	-15.917351	-12.463472
Ccdc13	-16.984213	-13.530335
Ccdc28b	-12.385314	-8.931436
Slco3a1	-11.429318	-7.9754405
Usp31	-13.695346	-10.241467
Rasl11a	-11.297027	-7.8431487
Osbpl6	-13.192243	-9.738364
Nhlrc2	-12.031915	-8.578036
Golga4	-11.0112	-7.557322
Med9os	-14.638809	-11.184931
Prkce	-13.340071	-9.886192
Utp4	-13.224468	-9.77059
Tpp1	-11.020474	-7.5665965
D330050I16Rik	-15.552111	-12.098232
Cspg5	-16.215843	-12.761965
Tmed7	-11.340425	-7.8865466
Jagn1	-11.870722	-8.416843
Arl1	-10.410054	-6.9561763
Plcb3	-12.292867	-8.838988
Nelfe	-12.263764	-8.809886
Gm13963	-18.147364	-14.693486
Thnsl2	-13.403303	-9.949425
Pomt1	-13.468945	-10.015066
Mrps23	-12.1248865	-8.671008
Acad10	-15.387355	-11.933476
Oip5os1	-10.919267	-7.465389
Pigm	-13.405917	-9.952039
Lrrc38	-16.92359	-13.469711
Mtmr7	-14.948692	-11.494814
Setx	-12.284587	-8.8307085
Parp16	-14.463498	-11.00962
Med13	-11.550765	-8.096887
Pacrg	-16.372412	-12.918534
Ihh	-13.858276	-10.404398
Gm11815	-18.370508	-14.916631
Krtcap2	-10.239492	-6.7856145
Herc3	-12.883639	-9.429761
Mosmo	-11.372912	-7.9190345
Azin1	-11.523565	-8.069687
Cbx6	-11.012075	-7.5581975
Zfp1	-12.91252	-9.458642
Ccdc184	-20.44995	-16.996073
Mfsd5	-12.949973	-9.496095
Ldah	-12.345851	-8.891973
Orm1	-20.44995	-16.996073
Otud5	-12.455655	-9.001777
Armh3	-14.01862	-10.564741
4930505A04Rik	-18.370508	-14.916631
AW011738	-13.816631	-10.362753
Mphosph9	-13.177551	-9.723673
Adgre5	-11.268729	-7.8148513
Lgr4	-12.802641	-9.3487625
Klf6	-9.715011	-6.261133
Hnrnpk	-9.907956	-6.454078
Lhfpl3	-20.44995	-16.996073
Zfhx4	-13.365724	-9.911845
Bcam	-9.567272	-6.1133943
Cfap97	-12.187133	-8.733254
Srcap	-12.05357	-8.599691
Mthfsl	-13.068448	-9.61457
Pdhx	-13.1782465	-9.724368
Mrpl37	-12.910391	-9.456512
1810041H14Rik	-16.643288	-13.189409
Vps13d	-12.080793	-8.626915
Il12rb2	-18.052053	-14.598176
Hivep3	-12.945559	-9.49168
Prdm9	-15.65416	-12.200281
Platr3	-18.65819	-15.204312
Hexim1	-11.366534	-7.9126563
Gm26531	-20.44995	-16.996073
Bak1	-12.679727	-9.225848
Bzw1	-10.949555	-7.4956775
Gpank1	-12.811271	-9.357392
Trim47	-11.1526985	-7.6988206
Plbd2	-11.778664	-8.324785
Gm4425	-17.885	-14.431123
A930033M14Rik	-19.063654	-15.6097765
Gatad1	-10.957216	-7.5033383
Nploc4	-12.856072	-9.402194
Cnnm3	-12.961097	-9.507218
Rad51b	-16.92359	-13.469711
Med14	-12.291147	-8.837269
Gm29681	-18.65819	-15.204312
Igsf21	-19.756802	-16.302925
A230107N01Rik	-17.810892	-14.357015
Pkm	-9.543976	-6.090098
Matr3	-11.037485	-7.583607
Gm31172	-20.44995	-16.996073
Rex1bd	-10.341809	-6.8879313
Pigx	-12.498391	-9.044513
Macrod1	-11.788137	-8.334259
Zfp469	-15.722562	-12.268683
Lgmn	-11.181623	-7.7277455
Gm12602	-17.7419	-14.288022
Fendrr	-15.972613	-12.518735
Kcnk5	-19.756802	-16.302925
Zmat3	-13.23471	-9.780831
Scpep1	-10.858164	-7.404286
Fscn3	-20.44995	-16.996073
Dffb	-14.295092	-10.841213
Hyal3	-15.713752	-12.259873
Irf4	-20.44995	-16.996073
Mtpap	-12.735719	-9.28184
Sstr2	-18.370508	-14.916631
Plaur	-13.507793	-10.053915
3830406C13Rik	-12.013316	-8.559438
Ntpcr	-12.813198	-9.35932
Pde4a	-12.190492	-8.736613
Gm42463	-20.44995	-16.996073
Gm43480	-18.147364	-14.693486
Ppp2r5b	-13.070942	-9.6170635
Lama2	-12.627505	-9.173627
Tnxb	-10.782818	-7.32894
Zfp358	-12.644883	-9.191005
Fbxo45	-13.424412	-9.970533
Tm2d1	-11.54031	-8.0864315
Timp4	-12.738849	-9.28497
Hadhb	-11.41111	-7.957232
Plac8l1	-19.063654	-15.6097765
Fndc9	-19.063654	-15.6097765
Tagln	-5.962202	-2.5083246
Cc2d1b	-12.963337	-9.509459
Cdkl2	-13.233975	-9.780097
1700037C18Rik	-14.507151	-11.053272
Scamp5	-15.4595175	-12.005639
4833445I07Rik	-15.2966585	-11.84278
Gm39038	-18.840511	-15.386634
Egf	-17.015963	-13.562084
Fam129b	-11.756957	-8.303079
Gm39323	-19.063654	-15.6097765
Pnpla1	-20.44995	-16.996073
Fam184a	-17.885	-14.431123
Gm21844	-19.756802	-16.302925
Plekhs1	-20.44995	-16.996073
Mrps24	-10.62437	-7.1704917
S100a9	-19.756802	-16.302925
Cmtm8	-14.345157	-10.891278
Gabra3	-11.591013	-8.137135
Gm17396	-13.780452	-10.326573
Crabp1	-20.44995	-16.996073
Gatad2b	-11.16441	-7.7105317
Xxylt1	-12.768851	-9.314973
Pfdn2	-10.928968	-7.4750905
Srebf1	-12.242003	-8.788125
Cyp20a1	-12.272716	-8.818837
Cxcl17	-18.65819	-15.204312
Mageb3	-18.50404	-15.050162
Rslcan18	-16.86643	-13.412553
Fam135a	-11.984682	-8.530804
Frmd3	-19.756802	-16.302925
Ell	-13.179637	-9.725759
Cox11	-13.063479	-9.609601
Adprhl2	-12.784665	-9.330787
Pcsk7	-12.8475485	-9.39367
Lrrc71	-17.67736	-14.223483
Lpcat2	-15.5901375	-12.136259
Itih3	-14.033217	-10.579339
Eif1ad	-12.629511	-9.175632
Cpne7	-20.44995	-16.996073
Pparg	-14.844148	-11.390269
Gngt2	-14.900874	-11.446996
Nipal3	-13.790656	-10.336778
Ydjc	-15.166746	-11.712868
Trim46	-14.0138	-10.559921
Gm20659	-16.812363	-13.358485
Zfp646	-12.672577	-9.2186985
Huwe1	-10.796206	-7.3423285
Alkbh4	-14.426502	-10.972624
Atp5l	-9.139202	-5.685324
March6	-12.0272875	-8.573409
Trappc2	-12.727273	-9.273395
Ap3m1	-11.973163	-8.519284
Crat	-12.501918	-9.048039
Gm15927	-16.736378	-13.282499
Mir22hg	-11.113594	-7.659716
Atmin	-13.615841	-10.1619625
Marveld3	-17.314455	-13.860578
Stard6	-14.783524	-11.329645
Ybx1	-8.451615	-4.9977374
Plscr4	-14.414469	-10.96059
BC003965	-12.112601	-8.658723
Clcn2	-15.387355	-11.933476
Gm11527	-19.063654	-15.6097765
Aida	-11.698951	-8.245072
4933417D19Rik	-17.50551	-14.051633
Serping1	-11.1427555	-7.6888776
Uqcc1	-12.90456	-9.450682
Ttc9b	-16.173283	-12.719405
Ddx52	-12.280331	-8.826452
Ap1b1	-13.004533	-9.550654
Jpt2	-14.078339	-10.62446
Mknk1	-13.524355	-10.070477
Rgs11	-14.91656	-11.462682
Rnf215	-12.463105	-9.009227
mt-Atp6	-6.0377903	-2.5839128
Yae1d1	-11.205981	-7.7521033
Cd9	-8.630231	-5.1763535
Got2	-11.574943	-8.121064
Xpo7	-12.613185	-9.159307
2310039H08Rik	-11.84493	-8.391051
Ermp1	-12.727273	-9.273395
Nbl1	-11.59657	-8.142692
Gm11973	-17.015963	-13.562084
Gsta3	-16.460966	-13.007088
Gm7580	-20.44995	-16.996073
Nfat5	-10.937877	-7.483999
Aspm	-15.582416	-12.128537
Med24	-13.533236	-10.079357
Rpl23	-7.93247	-4.4785924
9630028I04Rik	-19.756802	-16.302925
Acsl3	-12.931886	-9.478007
Tfec	-16.132462	-12.678583
Snrpd2	-10.034418	-6.58054
Ylpm1	-11.669316	-8.215438
Gm16758	-18.252724	-14.798846
Tbc1d15	-11.820858	-8.36698
Adamtsl2	-16.984213	-13.530335
Vamp1	-14.8368225	-11.382944
Atxn1	-11.355133	-7.901255
Spsb2	-12.282314	-8.828436
Rcn3	-9.450687	-5.9968095
4933430I17Rik	-17.810892	-14.357015
Srl	-13.966843	-10.512964
Metrn	-13.178942	-9.725063
Pdss2	-13.568539	-10.11466
C730034F03Rik	-14.583482	-11.129603
Vstm5	-17.314455	-13.860578
Ubox5	-14.739523	-11.285645
Ampd3	-14.428926	-10.975048
Fmo5	-12.739745	-9.285867
Ccdc151	-17.67736	-14.223483
Gata2	-17.405428	-13.95155
Mthfd1l	-14.116671	-10.662792
Ccdc162	-15.84478	-12.390902
Porcn	-13.497222	-10.043344
P2rx4	-13.059769	-9.60589
Ptk2b	-18.147364	-14.693486
Prss38	-19.756802	-16.302925
Pde8b	-17.559578	-14.1057
Tstd1	-17.67736	-14.223483
Sox11	-18.840511	-15.386634
Bcl2l2	-12.519384	-9.065506
Mapk14	-12.342833	-8.888954
Crebrf	-11.40307	-7.9491925
Hoxb3	-12.818519	-9.36464
Dennd5b	-12.0253105	-8.571432
Mettl4	-12.966144	-9.512265
Tceal6	-11.990809	-8.536931
1700007J10Rik	-19.351337	-15.89746
Cmah	-17.810892	-14.357015
5031434C07Rik	-16.92359	-13.469711
Hist1h4k	-20.44995	-16.996073
Stt3a	-11.3339205	-7.8800426
B3galnt2	-11.476218	-8.02234
Arhgef10l	-11.608646	-8.154768
Filip1	-10.508685	-7.054807
Pagr1a	-16.984213	-13.530335
G3bp1	-11.077151	-7.6232734
Gm43031	-18.052053	-14.598176
Spaca9	-17.454218	-14.0003395
Ptp4a3	-11.00961	-7.5557323
Dnhd1	-15.446004	-11.9921255
Vim	-6.6218643	-3.1679869
Grhpr	-11.605902	-8.152023
Klhl9	-11.510107	-8.056229
Chek2	-14.12023	-10.666351
Ttc1	-11.798401	-8.344522
Wnk4	-16.019133	-12.565255
Cyp2d22	-13.458774	-10.004895
Gm36198	-17.885	-14.431123
Ccbe1	-18.50404	-15.050162
Gm47761	-19.063654	-15.6097765
Numbl	-12.722415	-9.268537
Gm11944	-18.147364	-14.693486
Rnf34	-12.302372	-8.848494
Tarbp2	-12.646923	-9.193045
Mcu	-13.526321	-10.072443
Hypk	-12.170253	-8.716374
Dysf	-12.3044	-8.850522
Trim41	-12.775332	-9.321454
Gm8251	-15.192454	-11.738576
Myl12a	-9.569585	-6.115707
Pacc1	-14.407317	-10.953439
Erp44	-11.403423	-7.9495454
Snca	-17.810892	-14.357015
Rgs2	-12.07087	-8.616992
Sppl3	-12.081489	-8.62761
Irx3	-14.783524	-11.329645
Gm17455	-15.679265	-12.225387
Agfg2	-13.010391	-9.556513
Col6a6	-14.523025	-11.069146
Gpr135	-15.412997	-11.959119
Gm34961	-16.119217	-12.6653385
Hdx	-16.621307	-13.16743
Relb	-12.911987	-9.458109
Ankrd27	-12.6814165	-9.227538
Vash1	-17.082653	-13.628776
Gpr152	-17.885	-14.431123
Aga	-11.681065	-8.227186
Wdfy3	-11.800502	-8.346623
Ncln	-12.682686	-9.228807
Efcab1	-18.840511	-15.386634
Tcaf2	-15.337962	-11.884084
Cic	-12.206141	-8.752263
Eif1ax	-10.304929	-6.851051
Fscn1	-19.063654	-15.6097765
Smox	-14.288743	-10.834865
Dipk2a	-12.636358	-9.18248
Mtif3	-13.149477	-9.695599
Sgce	-11.561746	-8.107867
Adgre1	-18.840511	-15.386634
Stoml3	-20.44995	-16.996073
Stat5a	-13.779183	-10.325305
Spred3	-14.446063	-10.992185
Dido1	-12.083115	-8.629236
Gm15228	-17.454218	-14.0003395
Strip1	-12.967268	-9.51339
Plxna2	-13.059152	-9.605273
Lsm3	-11.424133	-7.9702554
Fer1l6	-18.65819	-15.204312
Gm13594	-14.127385	-10.673507
Isca1	-12.633936	-9.180058
Bmpr2	-10.750662	-7.296784
Kcng2	-16.953442	-13.499564
Hgd	-18.840511	-15.386634
Spag8	-18.65819	-15.204312
2310009B15Rik	-12.258764	-8.804886
Washc4	-12.213264	-8.759386
Aar2	-13.14678	-9.692902
Scaper	-11.984261	-8.530382
Slc1a6	-16.953442	-13.499564
Gm50334	-18.65819	-15.204312
Gm15890	-19.351337	-15.89746
Lsm7	-11.558164	-8.104285
Trappc10	-12.160662	-8.706783
H2-Q4	-15.083974	-11.6300955
E030030I06Rik	-15.156646	-11.702767
Cherp	-12.742438	-9.28856
Nutf2-ps1	-14.965153	-11.511274
Zscan21	-13.223014	-9.769135
Rab11fip1	-17.191853	-13.737975
Gm2044	-20.44995	-16.996073
Trpm3	-14.684759	-11.230881
Sgms1	-12.884675	-9.430797
Pabpc1	-10.254951	-6.8010726
Zfp239	-14.62395	-11.170072
Il17b	-12.031473	-8.577595
Sult2b1	-18.252724	-14.798846
4930448D08Rik	-16.76107	-13.307192
Spink2	-19.756802	-16.302925
9430078K24Rik	-19.063654	-15.6097765
Ctcfl	-16.66576	-13.211882
Rergl	-20.44995	-16.996073
Slc25a5	-10.219933	-6.7660546
Sema3c	-10.5058	-7.0519223
Dkk2	-19.756802	-16.302925
Gm16098	-18.840511	-15.386634
Ddah1	-17.7419	-14.288022
Gm3604	-14.932497	-11.478619
Rarg	-12.735272	-9.281394
1300017J02Rik	-17.314455	-13.860578
Hrc	-12.5790205	-9.125142
Trim67	-17.67736	-14.223483
Fam216a	-12.782792	-9.328914
Dpysl3	-9.870614	-6.416736
Ablim1	-11.75177	-8.297892
Trdc	-20.44995	-16.996073
Timm44	-12.06241	-8.608532
Slc25a22	-13.709431	-10.255552
Ptpro	-18.65819	-15.204312
Gga1	-12.471982	-9.018104
Coq6	-12.990035	-9.536157
Zfp493	-15.03385	-11.579971
Itsn1	-12.705813	-9.251935
Gm14029	-20.44995	-16.996073
Krt18	-12.460051	-9.006172
Serpinb1c	-19.351337	-15.89746
Ppp1r2	-10.672309	-7.218431
Rpl18a	-8.287271	-4.8333926
Arhgef3	-13.2093	-9.755422
Mavs	-13.034775	-9.580896
Mn1	-12.599457	-9.145578
Pcdh11x	-13.595595	-10.141717
Gm29055	-15.875239	-12.421361
Tgfbrap1	-13.0456705	-9.591792
Pqlc2	-14.303621	-10.849743
Vps13c	-12.120292	-8.666413
Ccnb1ip1	-15.473216	-12.019338
Gm44696	-17.559578	-14.1057
Slc25a39	-11.387762	-7.933884
Ube4bos1	-18.252724	-14.798846
Rsrp1	-9.650048	-6.1961703
Zfp202	-15.629668	-12.17579
A430108G06Rik	-18.370508	-14.916631
Psmc5	-10.6797085	-7.2258306
Vmn2r108	-17.885	-14.431123
Tspan7	-12.455993	-9.002114
Pik3cg	-19.351337	-15.89746
Rhobtb3	-12.246372	-8.792494
Nkx2-3	-15.235014	-11.781136
Zkscan5	-13.8875065	-10.433628
Kifap3	-11.543693	-8.089814
Gcn1	-12.075243	-8.621365
Sh3bgrl3	-10.737865	-7.2839875
Cenpa	-14.629868	-11.175989
Pde4d	-13.17547	-9.721592
1700034P13Rik	-17.965042	-14.511165
Mysm1	-11.858949	-8.40507
Hbs1l	-12.397335	-8.943457
Tmem237	-12.493123	-9.039245
Zfp184	-15.670827	-12.2169485
Golm1	-15.412997	-11.959119
Amz1	-16.894602	-13.440723
Rita1	-13.6008835	-10.147005
Hist1h2ab	-17.117744	-13.663867
Gm48795	-18.840511	-15.386634
K230015D01Rik	-14.932497	-11.478619
Sema3b	-12.321365	-8.867487
Cfhr2	-19.351337	-15.89746
Dglucy	-14.6269045	-11.173026
Mfap2	-13.169942	-9.7160635
Tmbim4	-11.603454	-8.149575
Rundc1	-13.799671	-10.345793
D930048N14Rik	-16.839031	-13.385154
1810012K08Rik	-18.65819	-15.204312
Cyp2d26	-18.50404	-15.050162
Gm10649	-18.65819	-15.204312
Sap25	-14.468535	-11.014657
Decr2	-13.183822	-9.729943
Olfr729	-20.44995	-16.996073
Tdo2	-18.052053	-14.598176
S100b	-15.645929	-12.192051
Rmi1	-13.074068	-9.62019
Eya2	-14.948692	-11.494814
Mief1	-13.098792	-9.644914
Dcakd	-13.266079	-9.812201
Itprip	-13.974518	-10.520639
Serpinb8	-13.599824	-10.145946
Ar	-12.267671	-8.813792
Lmod2	-16.953442	-13.499564
1700010B13Rik	-18.65819	-15.204312
Cyp2ab1	-20.44995	-16.996073
Arl15	-13.894593	-10.440715
Acaa1b	-19.351337	-15.89746
Crip3	-16.578749	-13.12487
Fam117b	-13.04324	-9.589361
4933429H19Rik	-16.839031	-13.385154
Mllt10	-11.621309	-8.167431
Gatd1	-12.8233795	-9.369501
Sco2	-13.337623	-9.883744
Ppp1r36	-13.711798	-10.257919
D5Ertd579e	-11.923401	-8.469522
Bpnt1	-12.557498	-9.10362
Sinhcaf	-14.199975	-10.746097
Cep120	-12.521544	-9.067666
Megf10	-19.756802	-16.302925
Cd1d1	-17.7419	-14.288022
Ap5z1	-14.47614	-11.022262
Cyb561a3	-13.75045	-10.296572
Gsk3a	-11.850992	-8.397114
Gm9925	-18.50404	-15.050162
Mink1	-12.588609	-9.13473
Oxld1	-13.206437	-9.752559
Gdpd5	-14.058033	-10.604155
Cyp27a1	-14.249441	-10.795563
Slmap	-9.323658	-5.86978
Tmem212	-17.965042	-14.511165
4932438A13Rik	-11.420293	-7.966415
Cldn34c1	-13.32789	-9.874012
Gm13986	-19.063654	-15.6097765
Ttpal	-13.164444	-9.710566
4732471J01Rik	-16.599802	-13.145925
Lef1	-20.44995	-16.996073
Plscr3	-12.394157	-8.940279
Ppp6c	-11.812842	-8.358964
Clcc1	-12.064005	-8.6101265
Gm33785	-19.756802	-16.302925
Gpr161	-13.343344	-9.889465
Aqp2	-17.810892	-14.357015
Xlr4b	-16.786388	-13.33251
Pcbp2	-9.998833	-6.544955
Lmx1a	-20.44995	-16.996073
Cbx8	-14.421672	-10.967793
Sod3	-9.262824	-5.808946
Gm45370	-18.840511	-15.386634
Srpk3	-12.651017	-9.197139
Erlec1	-11.271823	-7.817945
D630003M21Rik	-18.052053	-14.598176
Nlrc4	-18.252724	-14.798846
4930404A12Rik	-19.063654	-15.6097765
Efcab8	-20.44995	-16.996073
Foxa3	-19.351337	-15.89746
Kbtbd3	-13.217217	-9.763339
Gm44264	-18.65819	-15.204312
Tmem63a	-12.047271	-8.593392
Igfbp7	-6.767175	-3.3132977
Nphp3	-13.428866	-9.974988
Car8	-20.44995	-16.996073
Gm43807	-17.7419	-14.288022
Myo1b	-16.68875	-13.234872
Ptpn2	-11.925185	-8.471307
Taf4b	-14.638809	-11.184931
Gm43463	-17.231073	-13.777196
Gm15991	-16.15949	-12.705612
Gm49085	-15.240464	-11.786586
Arrb2	-14.370017	-10.916139
Ermard	-13.80616	-10.352282
Dusp10	-12.604142	-9.150264
Atp6ap1	-10.951802	-7.4979243
Chgb	-17.314455	-13.860578
Golga7b	-19.063654	-15.6097765
Ppan	-12.967268	-9.51339
Wdr77	-13.265321	-9.811442
Fgf22	-17.559578	-14.1057
Zfp85os	-16.92359	-13.469711
Ano2	-15.670827	-12.2169485
Zscan22	-13.903165	-10.449286
Gm42664	-16.007298	-12.55342
Gcat	-12.687779	-9.233901
Sfxn4	-14.431357	-10.977479
Crispld1	-12.587068	-9.133189
Gm47232	-17.231073	-13.777196
Sytl2	-16.230442	-12.776564
Edn2	-17.358908	-13.905029
Gm3854	-15.687777	-12.233898
Akip1	-13.553256	-10.099378
Gxylt1	-12.863147	-9.409268
Cpne3	-10.878166	-7.4242883
Ddb2	-14.114896	-10.661017
Lox	-10.641103	-7.187225
Tnn	-19.756802	-16.302925
Smim10l1	-10.673217	-7.219339
Nfkbia	-10.570038	-7.11616
Zbtb48	-14.162091	-10.708213
Rpia	-13.119545	-9.665667
Gnrh1	-16.71228	-13.258402
Mms19	-13.198606	-9.744727
Ndufv2	-10.644517	-7.190639
Gm4707	-15.308287	-11.854408
2610206C17Rik	-20.44995	-16.996073
Adipor1	-11.1601515	-7.7062736
Gm36839	-15.786511	-12.332633
Tcf24	-17.048752	-13.594874
Tctex1d4	-17.015963	-13.562084
Scap	-12.910391	-9.456512
Cwc22	-12.666309	-9.212431
Kpnb1	-11.607202	-8.153323
Gen1	-15.69636	-12.242481
Atp5mpl	-10.4363985	-6.9825206
Nprl2	-13.493404	-10.039526
Gm30373	-19.063654	-15.6097765
Nap1l5	-14.424084	-10.970205
Uhmk1	-12.729932	-9.276053
Syne1	-10.0557375	-6.6018596
1110059G10Rik	-12.07386	-8.619982
Tab3	-14.136402	-10.682524
Gjc2	-18.252724	-14.798846
Dym	-12.725945	-9.272067
Rnaseh2a	-12.897188	-9.44331
St8sia4	-19.756802	-16.302925
Gm17354	-14.443597	-10.989718
2900089D17Rik	-13.1274395	-9.673561
Gm10282	-16.643288	-13.189409
Gm960	-18.147364	-14.693486
Smc1b	-19.756802	-16.302925
Gm16076	-18.052053	-14.598176
Rcbtb2	-12.193343	-8.739465
Ncaph	-16.498707	-13.044828
Cstdc2	-17.048752	-13.594874
Taf1	-11.83563	-8.381752
Cinp	-12.462425	-9.008547
Stk39	-12.21406	-8.760181
1810049J17Rik	-18.370508	-14.916631
Tgfbr3	-11.804364	-8.350486
Hcst	-19.351337	-15.89746
Gm43581	-15.621636	-12.167758
Wdr48	-12.284018	-8.830139
Neurl1b	-16.66576	-13.211882
C330011M18Rik	-14.833179	-11.379301
Rab25	-19.063654	-15.6097765
Gm9984	-18.252724	-14.798846
1700029I15Rik	-16.339075	-12.885198
Usp10	-12.301794	-8.847916
Rala	-11.418976	-7.965098
Pdcd11	-12.276938	-8.82306
Galnt2	-10.50082	-7.046942
Cd53	-19.351337	-15.89746
Gm35438-1	-18.052053	-14.598176
Gm32885	-18.50404	-15.050162
Nrxn2	-15.815221	-12.361342
Dot1l	-12.767007	-9.313128
Repin1	-13.642015	-10.188137
Cpne6	-15.50119	-12.047312
Anxa11	-10.426061	-6.9721828
Gfm1	-12.347363	-8.893485
Rtbdn	-18.50404	-15.050162
Prdx3	-11.838174	-8.384295
A030005L19Rik	-16.76107	-13.307192
Emc4	-11.355582	-7.9017043
Cops5	-11.576902	-8.123024
Taf13	-12.276938	-8.82306
Grn	-10.709511	-7.255633
Gm15611	-18.50404	-15.050162
4930580E04Rik	-20.44995	-16.996073
Nmi	-12.8035965	-9.349718
Pcsk2	-17.67736	-14.223483
Ap1s3	-20.44995	-16.996073
Gm14412	-16.291067	-12.837189
Dis3l	-13.528292	-10.074413
Gm43604	-18.147364	-14.693486
Arhgap8	-18.370508	-14.916631
Hectd2os	-15.515476	-12.061598
Commd7	-11.967348	-8.51347
Gm14827	-18.50404	-15.050162
Agfg1	-11.35952	-7.905642
Arpc4	-11.202314	-7.7484365
C030034L19Rik	-17.885	-14.431123
Vmn2r3	-19.756802	-16.302925
Tmem39a	-12.458358	-9.004479
Gm47904	-16.215843	-12.761965
Tslp	-17.154112	-13.700234
Gm13656	-17.405428	-13.95155
Ncor2	-11.809832	-8.355953
Nedd8	-9.813638	-6.35976
Gm15337	-16.518124	-13.064246
Tcf7l2	-10.859053	-7.4051747
Prima1	-17.616735	-14.162858
Rnf41	-12.963337	-9.509459
Flot2	-11.493341	-8.039463
Ctnnb1	-9.883646	-6.429768
Olfr63	-19.351337	-15.89746
Erbb4	-13.396364	-9.942486
Ahdc1	-12.301215	-8.847337
Gm11827	-14.790468	-11.33659
Cnga3	-19.756802	-16.302925
9630015K15Rik	-15.03385	-11.579971
Cby1	-12.130233	-8.676354
Kncn	-18.147364	-14.693486
Dpysl2	-11.624097	-8.170218
Stk38l	-10.967371	-7.513493
Tmem196	-16.839031	-13.385154
Hotair	-19.351337	-15.89746
Tmem104	-13.678015	-10.224136
Gm17200	-19.351337	-15.89746
Cxcr5	-19.063654	-15.6097765
Lxn	-11.502014	-8.048136
Jakmip3	-18.50404	-15.050162
Jazf1	-13.886095	-10.432217
Myoz3	-17.810892	-14.357015
Iyd	-17.314455	-13.860578
6430531B16Rik	-19.351337	-15.89746
Rpa1	-12.631922	-9.178043
Mrps36	-11.074944	-7.6210656
Thy1	-16.786388	-13.33251
Rab3il1	-15.480137	-12.026258
A930007I19Rik	-16.355604	-12.901727
Dnase2a	-14.379212	-10.925334
Tnip2	-12.804074	-9.350196
3110056K07Rik	-13.082873	-9.628995
Wtip	-9.94834	-6.4944625
Sh2d1b1	-20.44995	-16.996073
Clybl	-12.358017	-8.904139
Add3	-13.0353775	-9.581499
F8	-15.917351	-12.463472
Calb1	-19.351337	-15.89746
0610012G03Rik	-11.232833	-7.778955
Gm37502	-19.756802	-16.302925
Usp6nl	-13.38263	-9.928752
Ccdc30	-15.84478	-12.390902
Eif2ak1	-12.634339	-9.180461
Marc1	-18.840511	-15.386634
Cars2	-12.61873	-9.164851
Faap100	-13.284456	-9.830578
Hist4h4	-14.0106	-10.556722
Ruvbl1	-12.01375	-8.559872
1810013L24Rik	-12.137569	-8.683691
Lrrc8a	-11.83563	-8.381752
1700028J19Rik	-16.460966	-13.007088
Tmem161a	-12.238739	-8.784861
Tspan2	-10.006233	-6.5523553
Gm49322	-17.810892	-14.357015
Rtraf	-10.305518	-6.85164
Dll1	-16.406898	-12.95302
Dnajc17	-12.796455	-9.342577
Rab27a	-13.138732	-9.684854
Hoxb5os	-13.776652	-10.322774
Zc3h6	-12.373746	-8.9198675
Tmco4	-13.990046	-10.536167
Ushbp1	-17.454218	-14.0003395
Cryz	-13.5562935	-10.102415
Ltbp2	-12.087774	-8.633896
Gm27022	-19.351337	-15.89746
Fetub	-17.965042	-14.511165
Cilp	-19.351337	-15.89746
Znfx1	-12.268789	-8.814911
Sav1	-12.284302	-8.830423
Rybp	-12.406929	-8.953051
Smim20	-12.229009	-8.77513
Mapk6	-12.787952	-9.334074
Rnf168	-12.309926	-8.856048
Cybb	-19.063654	-15.6097765
Klhl21	-12.521905	-9.068027
Tceal5	-14.088648	-10.634769
Olfr921	-18.65819	-15.204312
Ly6g6c	-18.50404	-15.050162
Alad	-13.146107	-9.692228
Zbtb20	-8.425021	-4.9711437
Srsf1	-11.765887	-8.312009
Gm13431	-17.7419	-14.288022
Gm13838	-19.351337	-15.89746
Mgat4a	-11.01375	-7.559872
Copg1	-11.556652	-8.102774
Zfp961	-14.47614	-11.022262
Mrpl43	-11.412298	-7.9584203
Rp2	-12.500858	-9.04698
Gm5148	-17.885	-14.431123
Rab19	-19.351337	-15.89746
Prorp	-14.451014	-10.997135
Map2k5	-13.004533	-9.550654
Dkkl1	-20.44995	-16.996073
Otub2	-14.866454	-11.412576
4833415N18Rik	-14.706947	-11.253069
Gm15169	-19.756802	-16.302925
Dtx4	-15.984042	-12.530164
Fap	-14.443597	-10.989718
Gm26600	-19.351337	-15.89746
Sepsecs	-13.363213	-9.909334
Dnah1	-18.840511	-15.386634
1700007K13Rik	-18.052053	-14.598176
Zmat2	-11.00209	-7.5482125
Lamc2	-15.17695	-11.723072
Atox1	-10.2238	-6.769922
Wdr81	-14.092108	-10.638229
Ctdsp1	-11.376117	-7.922239
Rps29	-7.5243826	-4.070505
Inf2	-13.212172	-9.758293
Isl1	-16.119217	-12.6653385
4933434E20Rik	-12.5482025	-9.094324
Pla2g7	-19.756802	-16.302925
Foxj2	-12.134383	-8.680505
Lypla1	-11.986791	-8.532912
Atl2	-12.522626	-9.0687475
Cntnap5b	-18.840511	-15.386634
Macc1	-17.67736	-14.223483
Gm15246	-18.65819	-15.204312
Peak1os	-20.44995	-16.996073
Kansl2	-12.582079	-9.128201
Slx4	-13.814004	-10.360126
Ndufs3	-10.89744	-7.443562
Fmnl3	-12.453633	-8.999755
D830024N08Rik	-16.260296	-12.806417
Gdi1	-11.74032	-8.286442
Atf7	-11.891423	-8.437545
2700069I18Rik	-18.50404	-15.050162
Iqcd	-16.245256	-12.791379
Mapk8ip2	-18.65819	-15.204312
Tmem108	-13.788095	-10.334217
Gm6525	-18.840511	-15.386634
Rlim	-12.109256	-8.655377
Traf3ip1	-13.168565	-9.714686
Hspa12a	-16.201454	-12.747577
Man1c1	-14.893122	-11.439243
Gm6710	-14.171429	-10.71755
Arnt2	-17.405428	-13.95155
Slc7a2	-12.577495	-9.123616
Gm48591	-18.147364	-14.693486
E230013L22Rik	-17.191853	-13.737975
Fgl2	-9.302481	-5.848603
Sestd1	-12.323728	-8.869849
Gm28379	-17.965042	-14.511165
A330009N23Rik	-17.154112	-13.700234
Trappc6a	-12.056281	-8.602403
Gm37214	-17.082653	-13.628776
Slc35e3	-14.349631	-10.895753
Klhl31	-14.961013	-11.507134
Ubn2	-11.214624	-7.7607465
Gm43951	-17.015963	-13.562084
Slc22a3	-14.8080435	-11.354165
Gas2l3	-14.558306	-11.104427
Ubr1	-11.909236	-8.455358
4930588J15Rik	-18.147364	-14.693486
Gm525	-19.351337	-15.89746
Mbnl3	-18.840511	-15.386634
Eef1a1	-7.381042	-3.9271646
Pcdhb22	-13.950163	-10.4962845
Gm13199	-17.358908	-13.905029
Snhg14	-13.942673	-10.488794
Ptpra	-11.073248	-7.61937
Slco2a1	-15.466344	-12.0124655
Eif4ebp3	-13.260028	-9.8061495
Lzic	-12.930258	-9.476379
Hist1h1e	-11.641581	-8.187702
Ptpn21	-11.95828	-8.504401
Siglece	-19.756802	-16.302925
Surf1	-11.664411	-8.210532
Khnyn	-13.146107	-9.692228
Rrn3	-12.96502	-9.511142
Polr3gl	-12.158153	-8.704274
Kctd6	-13.192947	-9.739069
Ubac2	-12.514362	-9.060484
Mylk	-8.573097	-5.1192193
Cfap298	-12.409503	-8.955625
Stambpl1	-14.681629	-11.227751
Gm45449	-17.7419	-14.288022
4930519K11Rik	-18.370508	-14.916631
Colec10	-20.44995	-16.996073
Atic	-12.198547	-8.744669
Mrpl49	-12.424107	-8.970228
Gzmm	-15.2966585	-11.84278
Zdhhc9	-13.070942	-9.6170635
Anxa6	-10.148425	-6.694547
Pln	-14.446063	-10.992185
Tmem170	-14.049693	-10.595815
Pigl	-15.065455	-11.611577
Mtcl1	-16.007298	-12.55342
Mki67	-14.460989	-11.007111
2600002D14Rik	-16.643288	-13.189409
Ankrd37	-13.990046	-10.536167
Gm16217	-20.44995	-16.996073
Supt16	-11.397317	-7.943439
Fcer1g	-16.92359	-13.469711
Lockd	-13.762841	-10.308963
Glyr1	-11.855426	-8.401547
BC055324	-16.68875	-13.234872
Terf2	-12.715829	-9.2619505
Elfn1	-20.44995	-16.996073
Gm27209	-19.063654	-15.6097765
Fam243	-20.44995	-16.996073
Erlin1	-13.85008	-10.396201
Chl1	-19.756802	-16.302925
Rpl31	-9.088254	-5.6343765
Zfp846	-13.426191	-9.972313
Sncg	-12.190492	-8.736613
Usp35	-14.426502	-10.972624
Arhgap22	-17.231073	-13.777196
Dnajb4	-9.469721	-6.015843
Tbce	-12.79125	-9.337372
Acad12	-14.544588	-11.09071
Akr1b10	-13.359873	-9.905994
Pbx4	-16.019133	-12.565255
Gm16751	-15.74042	-12.286542
Atpaf2	-13.291436	-9.837558
Pkia	-12.001464	-8.5475855
Gm48715	-16.812363	-13.358485
Amhr2	-18.370508	-14.916631
Pdcd2	-12.430995	-8.977117
Selenbp2	-19.351337	-15.89746
Pacsin2	-11.100109	-7.646231
Fbxl16	-15.2966585	-11.84278
Rad23a	-11.480154	-8.026276
Cthrc1	-16.76107	-13.307192
2310058D17Rik	-17.117744	-13.663867
Fam166b	-18.50404	-15.050162
Megf9	-12.9248495	-9.470971
Gm12002	-17.7419	-14.288022
Fubp1	-11.603166	-8.149287
Cog5	-12.572174	-9.118296
Mpnd	-11.51155	-8.057672
Moap1	-15.544675	-12.090796
Rbm3	-10.104601	-6.650723
Smc5	-12.282882	-8.829003
Pmf1	-12.898764	-9.444885
Szt2	-13.901731	-10.447852
C1qc	-16.812363	-13.358485
Cacna1g	-17.231073	-13.777196
Gm39302	-18.052053	-14.598176
Fosb	-10.353613	-6.899735
2610001J05Rik	-11.563955	-8.110077
Atf4	-10.812513	-7.3586354
Prkn	-15.117231	-11.663353
Efna1	-14.776627	-11.322748
Cdca7	-15.767818	-12.31394
Gm49417	-15.251453	-11.797575
Gm13307	-15.01187	-11.557992
Ufc1	-10.823732	-7.3698545
Bmt2	-12.032135	-8.578257
Gxylt2	-11.1442995	-7.6904216
Mapk1ip1l	-12.123918	-8.670039
Tomm7	-9.440626	-5.9867487
Ap1m1	-12.215916	-8.762037
Abcd3	-11.658464	-8.204586
Taf1d	-11.769109	-8.31523
Ubtd1	-13.336808	-9.88293
Gm30003	-16.786388	-13.33251
Mkks	-13.328697	-9.874819
Dnajc4	-11.6901245	-8.236246
Ccnf	-16.92359	-13.469711
Gm42529	-20.44995	-16.996073
Irak1	-11.945234	-8.491356
Birc6	-10.821755	-7.3678775
Npff	-15.65416	-12.200281
Pdpn	-16.067923	-12.614045
4932438H23Rik	-20.44995	-16.996073
Bicd1	-11.294911	-7.8410335
Kctd3	-13.1782465	-9.724368
Dpy19l4	-12.640815	-9.186936
Ednra	-14.615139	-11.161261
Spic	-19.351337	-15.89746
Tmub1	-13.210735	-9.756857
Gas5	-9.630591	-6.176714
Gm20721	-14.225391	-10.771513
Ogfrl1	-12.497687	-9.043809
Myh9	-11.142937	-7.689059
Bms1	-12.207193	-8.753315
Ndufb7	-9.838944	-6.3850665
Asb2	-11.235219	-7.781341
Nbas	-12.691617	-9.237739
Meox2	-17.405428	-13.95155
Nit1	-12.141012	-8.687134
Map7d2	-12.123918	-8.670039
Ubxn1	-10.21278	-6.758902
1810059H22Rik	-16.04323	-12.589353
Ranbp6	-13.087939	-9.634061
Fggy	-13.402433	-9.948555
Adamts14	-15.314152	-11.860273
AW146154	-14.0042305	-10.550352
Akt1s1	-11.932557	-8.478679
C030032O16Rik	-17.616735	-14.162858
Cdkl3	-14.026703	-10.5728245
Dip2c	-11.4605055	-8.006627
Tbl1xr1	-12.002965	-8.549087
Ppp1r3d	-13.90892	-10.455042
Clasp2	-11.651043	-8.197165
Zfp808	-15.5226965	-12.068818
Pgf	-14.367731	-10.913853
Cyb5r3	-9.273743	-5.819865
Kyat1	-14.977679	-11.523801
Myof	-11.112272	-7.6583943
Zscan25	-15.582416	-12.128537
Lipo2	-18.052053	-14.598176
Psmd2	-10.966077	-7.512199
Plppr3	-18.50404	-15.050162
Resf1	-10.562287	-7.1084094
Olfr976	-19.351337	-15.89746
2310074N15Rik	-15.995603	-12.541724
Tmem198b	-14.269934	-10.816055
Hpgd	-19.351337	-15.89746
Zfp661	-15.722562	-12.268683
Gstm5	-11.440747	-7.9868693
Fbxl22	-9.488829	-6.0349507
Hat1	-12.673415	-9.219537
Evl	-13.982251	-10.528373
Trpv2	-12.917327	-9.463449
Cdc73	-11.596713	-8.142835
Dclre1b	-14.388494	-10.934615
Arf5	-10.721828	-7.2679505
Cers2	-11.3953285	-7.9414506
Gm43062	-17.358908	-13.905029
Cmc1	-12.415319	-8.961441
Minpp1	-12.652248	-9.19837
Amn1	-12.974611	-9.520733
Itga11	-16.86643	-13.412553
2700062C07Rik	-12.77394	-9.320062
Plaat5	-19.756802	-16.302925
Celf3	-19.351337	-15.89746
Elovl5	-12.743787	-9.289908
Smyd3	-13.718932	-10.265054
Olfr329-ps	-15.202926	-11.749047
7530414M10Rik	-18.840511	-15.386634
Shisa3	-19.063654	-15.6097765
Ago2	-11.045442	-7.5915637
Myh7	-16.55813	-13.104252
4930412M03Rik	-18.147364	-14.693486
Epb41l5	-13.261538	-9.807659
Smad9	-12.920007	-9.466128
Afap1l2	-17.314455	-13.860578
Tnfsf10	-18.840511	-15.386634
Gm16838	-18.840511	-15.386634
Rinl	-16.04323	-12.589353
Nptn	-9.869394	-6.4155164
BC106179	-15.007532	-11.553654
Sh3gl2	-18.65819	-15.204312
Kcnd3	-13.359873	-9.905994
Cspg4	-9.897502	-6.443624
Mrln	-17.117744	-13.663867
Ston1	-13.388616	-9.934737
Aspg	-20.44995	-16.996073
Gm42517	-16.067923	-12.614045
Loxl4	-16.322815	-12.8689375
Zc3h14	-11.578164	-8.124286
Ccdc190	-17.314455	-13.860578
Scai	-12.8728285	-9.41895
Clcf1	-14.687899	-11.23402
Mrps31	-12.286579	-8.832701
Gm15952	-14.961013	-11.507134
Gm14493	-19.063654	-15.6097765
1700001L19Rik	-17.191853	-13.737975
Fbxo40	-12.48649	-9.032612
Myo18b	-13.051776	-9.597898
Pigt	-12.646107	-9.192228
Sumo3	-11.488584	-8.034705
Ubap1l	-17.405428	-13.95155
Gm30363	-18.370508	-14.916631
Sccpdh	-12.74875	-9.294871
Lonp2	-11.625272	-8.171393
Cct8l1	-19.063654	-15.6097765
Cnn2	-10.294848	-6.8409705
Carmil1	-13.664363	-10.2104845
Zfp91	-10.138567	-6.684689
Thbs2	-12.185587	-8.731709
Wdr4	-13.79451	-10.3406315
Slc23a4	-17.454218	-14.0003395
Cntn6	-16.145885	-12.692007
Zdhhc2	-13.358208	-9.904329
Ubr4	-11.514047	-8.060168
Eml6	-14.290854	-10.836976
Prr33	-20.44995	-16.996073
Cenpx	-11.110162	-7.656284
Popdc2	-13.312672	-9.858793
Phf6	-13.024592	-9.570714
Slx4ip	-14.451014	-10.997135
Apobec1	-14.629868	-11.175989
Mrps7	-11.64818	-8.194302
Laptm5	-17.67736	-14.223483
Gm20536	-15.279466	-11.825587
Lins1	-14.203843	-10.749965
Mroh5	-19.756802	-16.302925
Cpe	-8.258692	-4.804814
Pcnp	-10.759161	-7.305283
Gm43699	-17.7419	-14.288022
Gm16316	-18.840511	-15.386634
Asah2	-13.165815	-9.711937
4930502E09Rik	-18.147364	-14.693486
Hgfac	-18.840511	-15.386634
Cav1	-9.609546	-6.1556683
Krt17	-20.44995	-16.996073
Arid3a	-14.762975	-11.309096
4933404O12Rik	-14.0938425	-10.639964
Ugdh	-12.255721	-8.801843
9930111J21Rik1	-17.454218	-14.0003395
Gtf2e2	-12.02575	-8.571872
Rgs10	-13.312672	-9.858793
Wipi1	-11.63562	-8.181742
Sec16a	-12.416941	-8.963062
2810429I04Rik	-18.50404	-15.050162
Mast3	-14.046376	-10.592498
Gm29101	-17.559578	-14.1057
Rheb	-10.096279	-6.642401
Armcx1	-12.54414	-9.090261
Pcdhga8	-16.067923	-12.614045
Larp7	-12.109256	-8.655377
Fam160b1	-11.515495	-8.061617
Slc43a2	-15.805559	-12.351681
Tmem41b	-12.68184	-9.227962
Pou4f1	-19.351337	-15.89746
Cdc42bpb	-11.862671	-8.4087925
Cep41	-13.11889	-9.665011
1700120K04Rik	-19.351337	-15.89746
1700063J08Rik	-16.498707	-13.044828
Fbxo31	-12.157151	-8.703273
Rpap3	-12.6559515	-9.202073
Rbm39	-9.5176115	-6.0637336
Stac2	-20.44995	-16.996073
Anapc1	-11.981527	-8.527649
Capn2	-10.613938	-7.1600604
Gm45309	-17.314455	-13.860578
Il18bp	-15.815221	-12.361342
Tbx3	-17.885	-14.431123
Rbl2	-11.807182	-8.353304
Tvp23b	-12.026189	-8.57231
Nup88	-11.952144	-8.498265
Ccdc57	-15.544675	-12.090796
Ahsa2	-11.702916	-8.249038
Gm35190	-16.66576	-13.211882
Pogk	-12.972912	-9.519033
Tmpo	-11.400013	-7.946135
Sptlc1	-13.021023	-9.567144
Cmtr1	-12.8728285	-9.41895
Ergic2	-11.523565	-8.069687
G630016G05Rik	-18.052053	-14.598176
Gpr62	-17.454218	-14.0003395
Rmdn1	-12.337722	-8.883843
Ubr3	-11.554869	-8.10099
Acat3	-15.854831	-12.400952
D430040D24Rik	-15.537295	-12.083417
Zswim4	-14.169555	-10.715676
Fgf14	-16.812363	-13.358485
Neat1	-10.682913	-7.229035
Pde5a	-10.513269	-7.0593915
Mogat1	-20.44995	-16.996073
Cep112os1	-18.147364	-14.693486
Lancl2	-13.405045	-9.951166
P2ry10b	-16.339075	-12.885198
Gm47950	-16.92359	-13.469711
Dhx33	-13.436934	-9.983056
Ercc6	-13.639808	-10.185929
Clec3b	-15.439315	-11.985436
Gaa	-11.76234	-8.308461
Rbm5	-11.035282	-7.581404
Arrdc3	-11.4061365	-7.9522586
Pcdh20	-17.015963	-13.562084
Crb2	-19.756802	-16.302925
Esf1	-11.217261	-7.7633834
Abhd14a	-12.080793	-8.626915
Trim17	-18.147364	-14.693486
Acer3	-12.739297	-9.2854185
Ldb2	-14.8368225	-11.382944
Gm48045	-16.339075	-12.885198
Zfp712	-14.431357	-10.977479
Asb16	-17.191853	-13.737975
Cblb	-13.001034	-9.547155
Zfp933	-13.935238	-10.4813595
Cd68	-15.308287	-11.854408
Xpnpep3	-13.411166	-9.957288
Gm11940	-17.67736	-14.223483
Tyk2	-13.591385	-10.1375065
Fmnl2	-13.409413	-9.955535
Cd38	-19.351337	-15.89746
Mrps2	-13.795797	-10.341919
Ptch2	-16.460966	-13.007088
Eefsec	-13.194359	-9.74048
BB557941	-18.052053	-14.598176
1810026B05Rik	-11.545728	-8.091849
Cabcoco1	-15.466344	-12.0124655
Shld2	-13.730937	-10.277059
Mccc1os	-17.50551	-14.051633
Nupr1	-8.664771	-5.210893
Stab1	-16.984213	-13.530335
Sox8	-15.020604	-11.566726
Elp4	-12.915722	-9.4618435
Dpf3	-16.839031	-13.385154
Id4	-11.017907	-7.564029
Tnnt2	-13.167876	-9.713998
Gm14401	-18.50404	-15.050162
Syt15	-12.670484	-9.216605
Pdp1	-13.225197	-9.771318
Hmox2	-11.928965	-8.475086
Gm14221	-19.756802	-16.302925
Rab2b	-12.342531	-8.888653
Atg4a-ps	-17.810892	-14.357015
Adamts15	-12.941711	-9.487833
Gm37986	-15.786511	-12.332633
Wars2	-14.092108	-10.638229
Il2	-16.132462	-12.678583
Gm43848	-14.815161	-11.361282
Zbtb11os1	-13.114968	-9.66109
Rspry1	-12.220972	-8.767094
Mif	-10.432866	-6.978988
Perm1	-15.182092	-11.728213
A930015D03Rik	-16.275562	-12.821685
Gm14636	-15.047273	-11.593394
Las1l	-11.866969	-8.413091
9630001P10Rik	-17.405428	-13.95155
Gm44899	-16.736378	-13.282499
Gm47320	-18.147364	-14.693486
Trim25	-14.889269	-11.43539
Slc25a14	-13.566487	-10.112609
C2cd5	-13.173394	-9.719516
Atp8b3	-18.147364	-14.693486
Serp2	-13.759108	-10.305229
Tnks2	-11.52423	-8.070352
Adcy6	-12.250485	-8.796607
S100a1	-10.677654	-7.2237763
Gm34574	-19.351337	-15.89746
Gm26788	-17.885	-14.431123
Ufm1	-11.168592	-7.7147145
Smg7	-12.069035	-8.615156
Pnpla2	-11.466008	-8.01213
Opa3	-12.464126	-9.010247
Gm43597	-15.582416	-12.128537
Mphosph10	-11.917081	-8.463202
Tmcc3	-11.4580145	-8.004136
Sod1	-10.827633	-7.373755
Elac1	-13.48676	-10.032882
Ect2l	-14.998912	-11.545033
Socs1	-13.413801	-9.959923
1700011D18Rik	-19.063654	-15.6097765
Fmc1	-10.942324	-7.4884458
Tmem165	-11.195401	-7.7415233
Zfp512b	-13.003365	-9.549486
Syncrip	-10.995801	-7.541923
Noc4l	-14.064755	-10.610877
Bend5	-15.051787	-11.597909
Gm28320	-17.965042	-14.511165
Cryab	-9.350602	-5.8967247
Kcnk3	-15.102842	-11.648964
Gm15713	-19.351337	-15.89746
Rgs4	-10.763437	-7.3095593
Tsks	-17.810892	-14.357015
Bahcc1	-13.945662	-10.491783
Zfp516	-12.396699	-8.942821
Sag	-15.679265	-12.225387
Htatsf1	-11.384404	-7.9305263
Prxl2a	-13.907478	-10.4536
C8g	-16.578749	-13.12487
Ino80d	-11.897004	-8.443126
Ybx2	-17.885	-14.431123
Dennd1c	-19.756802	-16.302925
Zfp943	-13.278294	-9.824415
Impdh1	-12.834652	-9.380774
Ints3	-12.389094	-8.935216
Ldlrad3	-12.22686	-8.772982
Ddx42	-11.464755	-8.010877
Ubxn2a	-11.042317	-7.5884395
Nfatc2ip	-13.436034	-9.982156
Ptpn7	-18.65819	-15.204312
Sec24c	-12.166456	-8.712578
Ripply3	-19.756802	-16.302925
Pou2f1	-12.479555	-9.025677
Gm38560	-17.67736	-14.223483
Plekhh1	-16.322815	-12.8689375
Cidec	-19.756802	-16.302925
1300002E11Rik	-12.498391	-9.044513
Vpreb1	-16.71228	-13.258402
Smndc1	-11.517077	-8.063199
Gm12409	-16.080502	-12.626624
Knstrn	-15.192454	-11.738576
Sesn1	-11.544099	-8.09022
Gm15893	-19.063654	-15.6097765
Gm30173	-20.44995	-16.996073
Arxes1	-16.04323	-12.589353
Vegfc	-15.003213	-11.549335
Gm44759	-17.885	-14.431123
Gm49953	-18.840511	-15.386634
Olfr173	-18.840511	-15.386634
Dnajc30	-12.095511	-8.641633
Glipr1	-12.108301	-8.654423
Gm26621	-14.383842	-10.929964
4931406P16Rik	-11.905142	-8.451263
Gm12843	-17.7419	-14.288022
Tns2	-10.994391	-7.5405135
Drp2	-19.756802	-16.302925
Begain	-17.885	-14.431123
Mon1a	-13.158976	-9.705097
Cyp4v3	-13.917616	-10.4637375
Drd1	-16.322815	-12.8689375
Srp72	-11.283979	-7.8301015
Tbc1d22a	-14.274083	-10.820205
Pex16	-12.716267	-9.262388
Polr2a	-11.474953	-8.021074
Scarf1	-15.670827	-12.2169485
Kntc1	-17.271896	-13.818018
Fdxacb1	-14.08348	-10.6296015
E030037K01Rik	-17.154112	-13.700234
A730071L15Rik	-18.840511	-15.386634
Selenoh	-12.123675	-8.669797
Cd72	-17.048752	-13.594874
Vars2	-14.307913	-10.854034
Lrrk2	-12.891955	-9.438077
Mta3	-12.580166	-9.126287
Comt	-10.755642	-7.301764
Rnf128	-17.7419	-14.288022
Pptc7	-11.904364	-8.450485
Il4	-19.063654	-15.6097765
Defb42	-17.7419	-14.288022
Fbxw8	-12.822406	-9.368527
Cracr2a	-17.454218	-14.0003395
Rpl35	-8.463832	-5.0099545
Rabac1	-9.279331	-5.8254538
Dus4l	-14.149164	-10.695286
Sept5	-13.539199	-10.08532
Usp34	-10.732009	-7.278131
Clba1	-14.029955	-10.5760765
Tasor2	-12.398291	-8.944412
Cdca2	-16.71228	-13.258402
Tnfsf18	-20.44995	-16.996073
Ogfod2	-13.313467	-9.859589
Hspa14	-12.248564	-8.794685
Bag1	-10.305322	-6.851444
Eif5a2	-13.06286	-9.608981
Crygn	-17.885	-14.431123
Pom121	-12.411761	-8.957883
Gm16152	-17.314455	-13.860578
Sbf2	-12.021152	-8.567273
Ccdc63	-17.67736	-14.223483
Mapk7	-13.802261	-10.348383
Matn2	-13.097509	-9.643631
Rtl10	-17.7419	-14.288022
Gstp2	-14.597748	-11.143869
Lamp5	-18.65819	-15.204312
Thbs3	-12.237925	-8.784046
Mindy2	-12.349182	-8.895304
Urod	-12.015704	-8.561826
Celf1	-11.239409	-7.7855315
Hook2	-15.939091	-12.485212
Tmem251	-12.830226	-9.376348
Gm16638	-14.986118	-11.53224
Slc4a5	-18.370508	-14.916631
Glo1	-11.006833	-7.552955
Bmx	-18.65819	-15.204312
Ccdc126	-13.190834	-9.736956
Dqx1	-17.191853	-13.737975
Shank1	-13.927857	-10.473979
1700016G22Rik	-17.616735	-14.162858
Tada3	-12.410148	-8.956269
Mbd1	-12.972346	-9.518468
Tbc1d8	-14.381524	-10.927646
Snapc4	-13.85008	-10.396201
Prpf31	-12.1378145	-8.683936
Gm35558-1	-17.454218	-14.0003395
Ccar1	-11.146757	-7.692879
Gm29155	-17.965042	-14.511165
Suv39h1	-14.090376	-10.6364975
Gm49786	-16.66576	-13.211882
4930404H11Rik	-20.44995	-16.996073
Gstm2	-10.429346	-6.975468
Sparc	-6.8980412	-3.4441638
Rab3a	-11.8367195	-8.382841
Dgka	-13.354886	-9.901008
Insig2	-11.268421	-7.8145432
6530403H02Rik	-20.44995	-16.996073
Malsu1	-11.990809	-8.536931
Hnrnpa1	-10.635512	-7.1816344
Il5	-19.351337	-15.89746
Gm42701	-16.339075	-12.885198
Tsc22d1	-9.9889345	-6.5350566
Irak1bp1	-11.98827	-8.534391
Gm49216	-16.984213	-13.530335
Asf1b	-17.271896	-13.818018
Dazap2	-11.215698	-7.7618203
Ergic1	-11.345637	-7.8917594
Gm42067	-14.478688	-11.02481
Ccdc181	-13.044455	-9.590576
Ltk	-16.68875	-13.234872
Tbc1d14	-13.553256	-10.099378
Ect2	-14.91656	-11.462682
Gm34455	-12.047046	-8.593167
Phf8	-12.902976	-9.449098
Cstdc4	-20.44995	-16.996073
Gm45822	-18.052053	-14.598176
Nfe2l1	-10.5154	-7.061522
Adamts5	-12.139535	-8.685657
Nhsl2	-12.287434	-8.833555
Rnf113a1	-14.499308	-11.045429
Snhg11	-19.351337	-15.89746
Ercc6l	-17.015963	-13.562084
Ccdc173	-13.573686	-10.119807
Gm33543	-15.182092	-11.728213
Nfkb1	-12.022681	-8.568803
Zdhhc5	-12.227396	-8.773518
LTO1	-13.305543	-9.851665
Fhad1	-15.17695	-11.723072
Tmod4	-18.840511	-15.386634
Eif4a2	-10.063882	-6.610004
Ms4a6c	-17.7419	-14.288022
Slain2	-11.39381	-7.9399323
Ddx28	-13.696512	-10.242634
Gm13166	-15.939091	-12.485212
Eif4ebp1	-11.079364	-7.625486
Ticam1	-13.851441	-10.397563
Iqcn	-15.083974	-11.6300955
Gm26813	-17.67736	-14.223483
Gm11508	-18.840511	-15.386634
Gm11464	-16.71228	-13.258402
9630013D21Rik	-16.537928	-13.084049
Igsf9b	-11.569225	-8.115347
Trim12a	-12.86874	-9.414862
Pacsin3	-12.259318	-8.80544
Gm15956	-16.71228	-13.258402
Elk1	-13.203582	-9.749703
Ccpg1os	-13.231773	-9.777895
Gm38163	-17.405428	-13.95155
Efnb3	-17.405428	-13.95155
Itpr3	-16.322815	-12.8689375
Slc22a18	-17.231073	-13.777196
Gm48709	-17.405428	-13.95155
Ikbke	-14.284533	-10.830654
Slain1	-19.756802	-16.302925
Eny2	-10.934923	-7.4810452
Plekha5	-11.801378	-8.3475
U2af1	-10.942621	-7.4887433
Six4	-13.056072	-9.602194
Man2b1	-11.90904	-8.455162
Gm15635	-19.351337	-15.89746
Nfatc3	-12.36508	-8.9112015
Ltbp1	-9.44522	-5.9913425
Pcsk1n	-19.351337	-15.89746
Clec4a1	-19.351337	-15.89746
Arl5c	-15.731451	-12.277573
Efhd1os	-18.65819	-15.204312
Zfp366	-20.44995	-16.996073
Tango6	-13.368241	-9.914363
Man2a2	-12.529867	-9.075989
Dhrs13	-14.09558	-10.641702
Fabp4	-10.174554	-6.720676
Cenpv	-13.010979	-9.5571
Hal	-19.756802	-16.302925
Evi5	-11.173448	-7.7195697
Rtkn	-14.615139	-11.161261
AK157302	-16.953442	-13.499564
Pcca	-12.499095	-9.045217
Tmprss5	-19.351337	-15.89746
Gm15559	-16.424599	-12.97072
Castor2	-12.47921	-9.0253315
1700094D03Rik	-14.517705	-11.063827
Arf1	-9.905214	-6.4513364
Dock8	-11.916293	-8.462415
Mitf	-12.436938	-8.98306
Cxcl1	-16.260296	-12.806417
Ttc14	-11.398488	-7.94461
Idh2	-10.735145	-7.2812667
Pank2	-12.305561	-8.851683
2210411M09Rik	-19.351337	-15.89746
Gabra1	-17.358908	-13.905029
Ssc5d	-15.621636	-12.167758
Mmab	-14.01862	-10.564741
Vopp1	-13.603007	-10.149129
Atp6v1e2	-19.351337	-15.89746
Fam126b	-11.024901	-7.5710235
Fsd1l	-14.064755	-10.610877
Myo6	-12.84705	-9.393171
Gm20274	-15.224203	-11.770325
Actr5	-13.789375	-10.335497
Lpin1	-12.742438	-9.28856
Pdia3	-9.700273	-6.2463946
Crispld2	-10.730566	-7.276688
Pgs1	-12.922156	-9.468278
Zfp52	-13.235446	-9.781568
Fbxo46	-14.049693	-10.595815
Crtc2	-13.019243	-9.565365
Timm10b	-10.614313	-7.160435
Mab21l2	-20.44995	-16.996073
Iqgap2	-18.370508	-14.916631
Llgl2	-14.973487	-11.5196085
Ptma	-8.35972	-4.905843
Cdkn1b	-11.189012	-7.7351336
Sdf4	-10.627185	-7.173307
Gstm6	-15.544675	-12.090796
Sec61b	-10.061386	-6.607508
4930455G09Rik	-18.65819	-15.204312
Rassf6	-15.815221	-12.361342
Tm4sf1	-8.516198	-5.06232
Slc12a7	-13.921992	-10.468114
Ctsw	-18.65819	-15.204312
Gnmt	-18.50404	-15.050162
2010310C07Rik	-15.2966585	-11.84278
Wdr82	-12.145207	-8.691329
Cbs	-14.1238	-10.669922
Praf2	-12.105445	-8.6515665
Ezh2	-13.538203	-10.084325
2810454H06Rik	-13.832547	-10.378669
A530083I20Rik	-16.68875	-13.234872
Gmps	-11.751436	-8.297558
Ccdc90b	-11.814263	-8.360385
Fbxo42	-12.964458	-9.51058
Gm44200	-18.840511	-15.386634
Atg10	-12.541195	-9.0873165
Hhatl	-19.351337	-15.89746
Kctd1	-14.295092	-10.841213
Csrnp1	-12.900341	-9.446463
Gm4793	-16.537928	-13.084049
Plekhg5	-12.911455	-9.457577
Zfp143	-13.333556	-9.879678
Cnep1r1	-11.867906	-8.414027
Phyh	-11.891807	-8.437928
Znhit2	-12.669647	-9.215769
Srpk2	-11.38811	-7.934232
Nit2	-12.618333	-9.164454
Fndc4	-13.665493	-10.211615
Iqsec1	-12.031473	-8.577595
Gm35206	-19.063654	-15.6097765
Galns	-14.358641	-10.904762
Syne4	-17.7419	-14.288022
Gm15533	-19.351337	-15.89746
Lrg1	-14.956888	-11.50301
Rnf138	-12.098576	-8.644697
Zkscan1	-12.059001	-8.605123
Lgals4	-15.426069	-11.972191
Stk19	-12.537893	-9.084015
Cyb5b	-11.834905	-8.381026
Golga1	-12.558246	-9.104367
Gm9833	-16.479658	-13.02578
Zfp867	-14.312223	-10.858345
Cmss1	-13.428866	-9.974988
Zfp870	-14.217502	-10.763623
Syt5	-19.063654	-15.6097765
Sugp1	-12.871293	-9.417415
Rida	-12.900341	-9.446463
Esrra	-12.984295	-9.5304165
Gm15856	-20.44995	-16.996073
Tacc3	-14.766371	-11.312492
Fxyd6	-17.082653	-13.628776
Vsig10	-14.379212	-10.925334
Gm39566	-20.44995	-16.996073
Dcaf10	-12.712334	-9.258455
Fbxo17	-13.675726	-10.221848
Cyld	-11.748105	-8.294227
Tmcc2	-13.811382	-10.357504
Myoz1	-14.433793	-10.979915
Pex11b	-12.499095	-9.045217
Plod1	-12.133894	-8.680016
Tnfrsf19	-16.355604	-12.901727
Ppp1r37	-11.962392	-8.508513
Myh6	-17.7419	-14.288022
Colec12	-10.674466	-7.220588
Gm49359	-13.352402	-9.898523
Aaas	-14.136402	-10.682524
Cetn2	-11.24081	-7.7869325
Ddx27	-12.153902	-8.700024
Tmem204	-14.944618	-11.49074
Gm48357	-16.599802	-13.145925
Mgarp	-20.44995	-16.996073
Adgrl1	-11.549947	-8.096068
1700016J18Rik	-17.7419	-14.288022
Olfr46	-18.052053	-14.598176
Recql	-13.021023	-9.567144
Rsf1	-11.174103	-7.720225
Gm28800	-19.063654	-15.6097765
Mars	-12.729488	-9.27561
C430014B12Rik	-15.1367445	-11.682866
Gm10371	-14.147331	-10.693453
Jrk	-15.279466	-11.825587
Zfp346	-13.554268	-10.1003895
Imp3	-10.8797	-7.425822
Mrpl45	-12.399247	-8.945369
Gps1	-11.543828	-8.08995
2810001G20Rik	-13.000452	-9.546574
Cd209f	-18.65819	-15.204312
Nudt2	-13.109115	-9.655236
Cdc42ep4	-12.657601	-9.203723
Mob1b	-12.015487	-8.561608
Prg2	-19.756802	-16.302925
Fxyd7	-13.251766	-9.797888
Gm47906	-20.44995	-16.996073
Fbxo36	-14.054688	-10.60081
Fbxo28	-12.434623	-8.980744
Ndnf	-13.877667	-10.423789
Dcaf11	-11.994206	-8.540328
Mrgprd	-19.351337	-15.89746
Polr2k	-10.955258	-7.5013804
Cep63	-12.287148	-8.83327
Triobp	-12.058093	-8.604215
Tmem238	-12.109733	-8.655854
Atp6v1g2	-15.786511	-12.332633
Rab24	-11.823544	-8.369665
Ascl3	-20.44995	-16.996073
Ndufaf1	-13.076576	-9.622698
Ppp1r8	-13.171321	-9.7174425
Gkn3	-17.616735	-14.162858
Stk35	-12.911987	-9.458109
Ppp4r3a	-11.829478	-8.3756
Tbcc	-12.507588	-9.05371
Syt3	-15.166746	-11.712868
Enah	-9.269034	-5.815157
Gm48194	-16.894602	-13.440723
Tnfrsf21	-14.716609	-11.262731
Gm47283	-11.359971	-7.906093
Snx20	-18.50404	-15.050162
Gm26885	-17.454218	-14.0003395
Mrps15	-11.331506	-7.877628
Cyth1	-13.314262	-9.860384
Orc4	-11.956435	-8.502557
Adgrg6	-18.50404	-15.050162
Ang	-13.769095	-10.315217
Kbtbd8	-16.306814	-12.852937
Aloxe3	-19.063654	-15.6097765
Gm27206	-19.351337	-15.89746
Acot1	-15.777122	-12.323243
Ankle2	-12.385628	-8.931749
Ccl27a	-12.03059	-8.576712
Gm43126	-17.454218	-14.0003395
Acot10	-17.616735	-14.162858
Afg3l1	-12.580931	-9.127052
Usp18	-16.173283	-12.719405
Tctn1	-14.039775	-10.5858965
Ppm1a	-10.958651	-7.5047727
Fam110a	-14.793959	-11.34008
Pias2	-13.143418	-9.68954
Gm36372	-18.50404	-15.050162
Sirt5	-13.279061	-9.825183
Esd	-10.338392	-6.8845143
Sphk2	-12.805988	-9.35211
Trbc2	-16.518124	-13.064246
Gm14419	-15.320051	-11.866173
Sprtn	-13.351575	-9.8976965
Gm11100	-17.965042	-14.511165
Fdft1	-12.394793	-8.940914
B3glct	-12.118123	-8.664245
Timd4	-19.351337	-15.89746
Gm28221	-17.885	-14.431123
Cep192	-13.569566	-10.115687
Cnot7	-12.137569	-8.683691
Foxp4	-12.297752	-8.843874
Faxc	-14.025081	-10.571202
Gm46378	-16.86643	-13.412553
Rell2	-17.885	-14.431123
Vmn2r30	-19.756802	-16.302925
Inhbe	-19.063654	-15.6097765
Slc7a7	-14.691049	-11.23717
1700102H20Rik	-15.74042	-12.286542
Tgm2	-10.406353	-6.952475
Arap1	-13.131411	-9.677532
Nf1	-12.095276	-8.641397
Gm7324	-16.812363	-13.358485
Gm10778	-16.498707	-13.044828
Islr	-10.427613	-6.9737353
Gm16155	-17.314455	-13.860578
Rab13	-12.220706	-8.766828
Gdpgp1	-14.386165	-10.932286
Slamf9	-13.562398	-10.10852
Gm4544	-16.0555	-12.601623
Slc24a3	-11.675328	-8.22145
Utrn	-9.884548	-6.4306703
4930540M05Rik	-17.50551	-14.051633
Gm9008	-19.351337	-15.89746
Tom1l1	-14.109591	-10.655712
Sec14l2	-15.722562	-12.268683
Gm11525	-18.370508	-14.916631
Nop9	-12.993496	-9.539618
Gm45495	-15.705018	-12.25114
Eid3	-16.498707	-13.044828
Rbm19	-13.766589	-10.312711
Hhex	-18.052053	-14.598176
March5	-11.070457	-7.6165795
Meis3	-12.951634	-9.497756
Idua	-13.293774	-9.839895
Mmp16	-13.121512	-9.667634
Hoxa11	-19.351337	-15.89746
Ints14	-13.212172	-9.758293
Bpifb1	-20.44995	-16.996073
A830008E24Rik	-19.756802	-16.302925
Twf2	-12.660082	-9.206203
Pqlc3	-13.916162	-10.462283
Rab23	-12.603751	-9.149873
Phyhd1	-12.127556	-8.673677
Irf2bp2	-11.263083	-7.8092055
Layn	-13.031169	-9.577291
Trib1	-12.93952	-9.4856415
Erg28	-12.038117	-8.584239
Gm17088	-18.65819	-15.204312
Gm26559	-14.713378	-11.2595
Olfr839-ps1	-19.351337	-15.89746
Fbl	-11.946653	-8.492775
Stac3	-15.972613	-12.518735
Apbb1ip	-14.201907	-10.748029
Ggnbp2	-11.337222	-7.883344
Rnf31	-13.478281	-10.024403
Larp1b	-11.217457	-7.763579
Trim37	-12.878991	-9.425113
Pcbp4	-12.16217	-8.708292
Bcap29	-12.730821	-9.276942
Fam13b	-12.391939	-8.938061
Timeless	-16.106144	-12.6522665
Atp2b4	-10.204612	-6.750734
Tmem185b	-13.354886	-9.901008
Mdh1	-10.343889	-6.8900113
Ripk1	-12.161667	-8.707788
Gba2	-14.015404	-10.561525
Gm10602	-15.038304	-11.584426
Retreg1	-14.327457	-10.873579
Zfp385a	-13.950163	-10.4962845
Ccdc142	-16.372412	-12.918534
Prrt1	-15.731451	-12.277573
Gm26588	-17.885	-14.431123
Ccdc113	-19.351337	-15.89746
Slco1c1	-16.245256	-12.791379
Ndufb6	-10.545763	-7.091885
Ppp1r3c	-13.803559	-10.349681
Mlxip	-12.342833	-8.888954
E130018N17Rik	-19.756802	-16.302925
Plcg1	-13.1202	-9.666322
Tbxas1	-16.894602	-13.440723
Gm9899	-19.351337	-15.89746
Mmp27	-20.44995	-16.996073
Flt3l	-14.409696	-10.955817
Trbc1	-16.68875	-13.234872
Tmem71	-17.271896	-13.818018
Abcc5	-12.193862	-8.739984
Peg10	-15.268167	-11.814288
Gm47802	-16.66576	-13.211882
Gm9918	-19.756802	-16.302925
Psma4	-10.41132	-6.957442
Brca1	-16.786388	-13.33251
Gm47814	-18.50404	-15.050162
Inpp5e	-13.744311	-10.290433
Zup1	-12.45633	-9.002452
Ndufs1	-11.81373	-8.359852
Cdkn1c	-12.157652	-8.7037735
Haus8	-11.564924	-8.111046
4931440F15Rik	-16.76107	-13.307192
Zmynd19	-13.300034	-9.846155
Tomm40	-11.827677	-8.373798
Pm20d1	-19.063654	-15.6097765
Nr4a1	-10.74864	-7.294762
Zfp959	-13.547208	-10.093329
Baz1b	-11.126102	-7.6722245
B230118H07Rik	-11.54695	-8.093072
Pum1	-11.076386	-7.6225085
Mettl21a	-12.7027855	-9.248907
Khk	-12.614371	-9.160493
4930412C18Rik	-14.92849	-11.474611
Gm44752	-17.271896	-13.818018
Gm10320	-16.09324	-12.639363
Relt	-16.86643	-13.412553
Pde10a	-15.374776	-11.9208975
Mapk13	-19.351337	-15.89746
Gm11636	-17.117744	-13.663867
Baz1a	-13.723717	-10.269838
Ddx10	-12.480593	-9.026714
0610010K14Rik	-11.864911	-8.411033
Gm26513	-17.7419	-14.288022
H2-T22	-12.618333	-9.164454
Lbp	-18.840511	-15.386634
Gm49733	-19.351337	-15.89746
Irs2	-11.358506	-7.9046283
Pde6c	-18.370508	-14.916631
Olfr889	-18.50404	-15.050162
Cmpk2	-15.083974	-11.6300955
Itgb8	-13.660978	-10.2071
Bex1	-17.454218	-14.0003395
Ctla2a	-15.156646	-11.702767
Nudt6	-13.658729	-10.20485
Rabggtb	-11.943009	-8.489131
Gm29724	-16.09324	-12.639363
Ceacam1	-19.756802	-16.302925
Tmem151b	-19.756802	-16.302925
Drc1	-19.756802	-16.302925
Arhgap44	-12.734381	-9.280502
Mylk2	-12.407894	-8.954016
Hhipl2	-18.370508	-14.916631
Cdr2	-11.382903	-7.929025
Yjefn3	-14.471065	-11.017186
Usp54	-12.880538	-9.42666
Gm49959	-17.965042	-14.511165
Spc24	-15.314152	-11.860273
Gm49123	-17.231073	-13.777196
Col11a1	-19.756802	-16.302925
Cdc25a	-13.087305	-9.633427
Zc3h12a	-14.00741	-10.553532
Ptn	-15.494123	-12.040245
Nlgn2	-13.693018	-10.23914
Psenen	-10.656166	-7.202288
Pld5	-18.65819	-15.204312
Fam227a	-15.662458	-12.20858
Prc1	-14.245393	-10.791514
Ccl2	-17.885	-14.431123
Gm47003	-18.252724	-14.798846
Ppp1r21	-12.8321905	-9.378312
Gm41307	-17.616735	-14.162858
Cavin3	-9.259463	-5.805586
Tmem182	-20.44995	-16.996073
Micu2	-12.571416	-9.1175375
Itpa	-12.460729	-9.00685
Vit	-14.496707	-11.042829
Gm48053	-12.963898	-9.510019
Gm36723	-18.052053	-14.598176
Rrad	-10.094432	-6.640554
Tmem266	-19.063654	-15.6097765
Lamb2	-9.598808	-6.144931
Kcnd1	-16.424599	-12.97072
Gm16157	-19.756802	-16.302925
Fam20b	-12.477484	-9.023605
Heg1	-12.695469	-9.2415905
Nhsl1	-15.088658	-11.63478
Wbscr25	-17.191853	-13.737975
Fbxo10	-13.790656	-10.336778
Evc	-12.831207	-9.377329
Nop16	-12.756925	-9.303046
Eldr	-16.55813	-13.104252
Crip2	-9.895102	-6.4412236
Muc2	-17.314455	-13.860578
Ino80c	-13.260028	-9.8061495
Coq8b	-13.932279	-10.4784
Polrmt	-13.693018	-10.23914
Rhbdf1	-12.380608	-8.926729
Myadml2	-14.977679	-11.523801
Cib1	-12.210621	-8.7567425
Rhod	-13.198606	-9.744727
Serpine1	-9.913304	-6.4594264
1700063D05Rik	-18.370508	-14.916631
Slc25a40	-13.2867775	-9.832899
Ocel1	-13.037789	-9.583911
Gtf2h4	-13.04324	-9.589361
Mfsd2a	-17.082653	-13.628776
Tgfbi	-16.019133	-12.565255
A930004D18Rik	-14.471065	-11.017186
Snta1	-11.145027	-7.691149
Zc3h7b	-12.248015	-8.794137
Ccdc14	-14.090376	-10.6364975
Rab1b	-11.545863	-8.091985
Cdc42ep5	-11.944425	-8.490546
Dhx35	-14.295092	-10.841213
Uba6	-12.749655	-9.295776
Trim21	-14.881606	-11.427728
Klhl18	-13.207868	-9.753989
Tmem134	-10.663053	-7.2091746
Sema3g	-19.756802	-16.302925
Pde6d	-11.878079	-8.424201
Oxr1	-12.210357	-8.756478
Ptbp3	-11.889889	-8.43601
Senp2	-12.178146	-8.724268
Tmem240	-14.759591	-11.305713
Thsd7a	-15.896073	-12.442195
Selenot	-11.265441	-7.811563
Fam219b	-13.09367	-9.6397915
Tmem250-ps	-12.458358	-9.004479
Arl4a	-9.859711	-6.405833
1700058P15Rik	-17.405428	-13.95155
Spats2	-13.432444	-9.978565
Ecrg4	-13.907478	-10.4536
Spink10	-17.314455	-13.860578
Gm48809	-19.063654	-15.6097765
Timm17b	-11.6880865	-8.234208
Myl1	-15.906655	-12.452777
Calhm2	-13.07972	-9.625841
Arhgap6	-12.320775	-8.866897
Hdac9	-11.901065	-8.447186
Cep170b	-12.407572	-8.953693
Arf4	-10.29582	-6.8419423
Rras	-9.208611	-5.7547326
Srfbp1	-12.819489	-9.36561
Utp3	-11.484999	-8.03112
Egr2	-14.586319	-11.132441
Mrpl47	-13.294554	-9.840675
S1pr1	-15.84478	-12.390902
Smpd1	-11.459883	-8.006004
Ube2n	-10.9652405	-7.5113626
Gm17087	-17.015963	-13.562084
Slc28a3	-19.756802	-16.302925
Ccnt1	-11.795956	-8.342077
Scaf11	-10.642313	-7.188435
BB218582	-14.116671	-10.662792
Ppp2r1b	-13.870699	-10.416821
Nr1d1	-11.360874	-7.9069963
Zfp963	-14.501915	-11.048037
Gm28050	-17.231073	-13.777196
Rchy1	-11.838356	-8.384478
Kif3c	-13.280601	-9.826722
4933408J17Rik	-17.885	-14.431123
Bicra	-13.708249	-10.254371
Eva1a	-13.897442	-10.443563
Tmem121	-17.117744	-13.663867
Mcpt4	-18.370508	-14.916631
Pnmal2	-16.080502	-12.626624
Fyco1	-11.164595	-7.7107167
Hsd17b13	-19.063654	-15.6097765
Egflam	-17.965042	-14.511165
Pspc1	-12.792194	-9.338316
Lrfn1	-16.406898	-12.95302
Fzd8	-12.007481	-8.553602
Tmem268	-15.494123	-12.040245
Orc3	-12.991187	-9.537309
Scrn1	-12.623108	-9.1692295
Srrt	-11.875243	-8.421365
Ttll4	-13.8846855	-10.430807
Stpg1	-17.616735	-14.162858
Plekha8	-13.705891	-10.252012
Sulf1	-10.578005	-7.124127
N4bp2l2	-11.247339	-7.7934613
Msmo1	-11.955207	-8.501328
Gm39469	-14.23135	-10.777472
Ccer1	-17.50551	-14.051633
Fancd2	-15.5901375	-12.136259
Ktn1	-10.081377	-6.627499
Zdhhc19	-17.271896	-13.818018
Clcn1	-19.351337	-15.89746
Dusp8	-11.110513	-7.656635
Mroh3	-18.50404	-15.050162
Hist2h3c2	-14.866454	-11.412576
Atp5h	-9.202241	-5.748363
Rtl8a	-11.831103	-8.377225
Stk36	-15.815221	-12.361342
Gm36693	-19.756802	-16.302925
Gm6277	-14.051355	-10.597477
Fam89a	-20.44995	-16.996073
Taco1os	-14.7362175	-11.282339
Sap130	-13.142077	-9.688199
Cpb1	-16.355604	-12.901727
Rpl28	-8.262739	-4.8088613
Nanp	-13.361542	-9.907663
Men1	-13.207868	-9.753989
Grik3	-20.44995	-16.996073
Ap3b1	-11.95787	-8.503991
Mta1	-12.1154785	-8.6616
Micu3	-12.154152	-8.7002735
Pappa2	-18.147364	-14.693486
2900076A07Rik	-13.399828	-9.94595
Clec4a2	-18.840511	-15.386634
Virma	-11.824081	-8.370203
Stk25	-11.602447	-8.148568
Ess2	-13.179637	-9.725759
Kras	-11.386255	-7.9323773
Atxn2l	-12.02006	-8.566181
Cenph	-16.518124	-13.064246
Tubb5	-10.232528	-6.77865
Abcf2	-12.142244	-8.688366
4933412O06Rik	-17.271896	-13.818018
Gpr165	-16.578749	-13.12487
Gm2974	-18.370508	-14.916631
Lgals3bp	-14.424084	-10.970205
Trap1	-12.226323	-8.772445
Uqcr10	-9.553599	-6.099722
Cd52	-18.50404	-15.050162
Frmd4a	-12.610425	-9.156547
Stard4	-13.611545	-10.157666
Ptms	-8.468472	-5.014594
Smco4	-11.602878	-8.148999
Gm16302	-18.840511	-15.386634
Nat8f1	-13.823233	-10.369354
App	-9.631332	-6.1774545
Mta2	-12.563493	-9.109614
Cit	-16.812363	-13.358485
Mtch2	-11.233727	-7.7798495
Gm11934	-17.559578	-14.1057
Cntnap2	-15.885602	-12.431724
Gpat4	-12.66756	-9.213681
Csnk1g3	-12.109017	-8.655139
Mettl14	-12.838602	-9.384724
Kdelr2	-11.012315	-7.558437
Nox4	-9.771644	-6.3177657
Naca	-8.677287	-5.223409
Gm12359	-14.656937	-11.203058
Erh	-11.251177	-7.797299
Tbc1d1	-11.863231	-8.409352
Gm13134	-17.117744	-13.663867
Ptch1	-13.071567	-9.617688
Dhx58	-17.616735	-14.162858
Gm49077	-15.984042	-12.530164
Ccpg1	-10.901639	-7.447761
Tmem242	-12.185072	-8.731194
Abca6	-14.323081	-10.869203
Olfr731	-19.351337	-15.89746
Gm17066	-14.0042305	-10.550352
Gm9939	-17.885	-14.431123
Mbtps2	-13.334368	-9.880489
Nudt5	-12.848048	-9.39417
Ptpa	-11.787964	-8.334085
Tcerg1	-11.548992	-8.095114
Axin2	-14.858963	-11.405085
Rrs1	-12.676355	-9.222477
Mtln	-10.92072	-7.466842
Ccr5	-19.756802	-16.302925
Sp1	-11.677959	-8.224081
Dpep1	-16.55813	-13.104252
Sirt6	-14.029955	-10.5760765
Nos1	-19.351337	-15.89746
P4ha3	-17.616735	-14.162858
Safb	-11.6622715	-8.208393
Klhl23	-12.462766	-9.008887
Zfp72	-13.79451	-10.3406315
Prickle4	-16.260296	-12.806417
Gm17249	-16.275562	-12.821685
Nme5	-14.151001	-10.697123
Cdhr3	-18.840511	-15.386634
Hmg20b	-10.899145	-7.445267
Acvrl1	-12.252412	-8.798533
B4galnt1	-17.405428	-13.95155
Txlng	-12.88623	-9.432352
Dlx2	-19.756802	-16.302925
Fam131c	-18.65819	-15.204312
Ltn1	-11.896618	-8.4427395
Gm26708	-19.063654	-15.6097765
Cdyl2	-14.2077265	-10.753848
Fancf	-14.426502	-10.972624
Gm12827	-18.252724	-14.798846
Ccdc124	-11.126727	-7.672849
Trmt1	-12.428038	-8.974159
Cep57l1	-13.18103	-9.727152
Retreg3	-13.086671	-9.632792
Impad1	-10.973177	-7.519299
Rpl34	-8.0198345	-4.5659566
Sgip1	-14.136402	-10.682524
Pax1	-15.171836	-11.7179575
C1rl	-14.038132	-10.584253
1700086O06Rik	-14.453498	-10.9996195
B230354K17Rik	-13.100719	-9.646841
Slc38a8	-20.44995	-16.996073
1700095J03Rik	-17.082653	-13.628776
Hspb8	-11.034142	-7.5802636
Fyn	-14.509779	-11.055901
Arhgap20	-18.50404	-15.050162
Tmem47	-10.200853	-6.7469754
Cd47	-10.646835	-7.1929574
BC005624	-11.376231	-7.9223533
Gm48882	-13.999479	-10.545601
Fuom	-12.31197	-8.858091
Gm31251	-20.44995	-16.996073
Prpf38b	-11.063306	-7.609428
Ctso	-13.021023	-9.567144
Gpha2	-20.44995	-16.996073
Wnk2	-16.245256	-12.791379
Cactin	-13.254013	-9.800135
Ranbp3	-12.486142	-9.032264
Dennd4a	-12.421169	-8.967291
Qsox1	-10.362725	-6.9088473
Uqcc2	-10.509312	-7.0554338
Tusc2	-12.415967	-8.962089
Snhg1	-11.970251	-8.516373
Pbdc1	-12.240098	-8.78622
Gm50023	-17.965042	-14.511165
Ntn4	-12.22686	-8.772982
Nfil3	-11.634728	-8.18085
Hsf4	-15.906655	-12.452777
Gm2479	-18.147364	-14.693486
Galr2	-17.048752	-13.594874
Gm12500	-15.1367445	-11.682866
Ctnnd1	-11.366307	-7.9124293
AU040320	-13.569566	-10.115687
Gpr21	-14.340703	-10.886825
3425401B19Rik	-14.433793	-10.979915
Oxct1	-9.189017	-5.73514
Mlf2	-10.330827	-6.876949
Rps6kc1	-13.464309	-10.01043
Trp53rkb	-14.122013	-10.668135
Herc6	-13.603007	-10.149129
Gm42846	-18.147364	-14.693486
2510017J16Rik	-15.098092	-11.644214
2810468N07Rik	-14.615139	-11.161261
Gm40477	-16.953442	-13.499564
Dmxl1	-11.4181385	-7.9642606
Gabarapl1	-11.135791	-7.681913
Gm16973	-15.016228	-11.562349
Sp140	-12.602187	-9.148309
Map2k3os	-13.95771	-10.503832
E330009J07Rik	-14.600625	-11.146747
Eri1	-13.150153	-9.696275
B9d2	-12.428694	-8.974815
Gm3892	-16.322815	-12.8689375
Aifm1	-12.159407	-8.705528
4930524O07Rik	-17.231073	-13.777196
Tmem156	-19.756802	-16.302925
Bcas3	-12.583995	-9.130116
Prkab1	-13.483926	-10.030047
Shpk	-15.235014	-11.781136
Gpx7	-11.83273	-8.378852
Nt5e	-18.252724	-14.798846
Gm38843	-20.44995	-16.996073
Rbfox2	-10.667049	-7.2131715
Gm49172	-17.314455	-13.860578
Khdrbs1	-11.348421	-7.894543
Mea1	-11.688243	-8.2343645
Tmprss9	-16.894602	-13.440723
Hint3	-11.645175	-8.191297
Ccdc125	-17.616735	-14.162858
BC051226	-13.464309	-10.01043
Gm20468	-18.65819	-15.204312
Gm49041	-14.7362175	-11.282339
Napg	-11.811779	-8.357901
Trim66	-18.052053	-14.598176
Hlf	-11.55528	-8.101401
Ppp2r5c	-11.196167	-7.742289
Guca1b	-14.889269	-11.43539
Tesk2	-14.706947	-11.253069
Gm17139	-19.351337	-15.89746
Rbm4	-12.877962	-9.424084
Sh3kbp1	-13.5562935	-10.102415
Rps19bp1	-11.914917	-8.461039
Eif1a	-11.647428	-8.193549
Lemd3	-13.04933	-9.595451
Gm49894	-18.147364	-14.693486
Pxn	-13.069071	-9.615192
Srp54a	-12.097396	-8.6435175
Gm26614	-14.107829	-10.653951
Gm49223	-18.50404	-15.050162
Atg9b	-19.756802	-16.302925
Gm27222	-19.063654	-15.6097765
Nyx	-16.839031	-13.385154
Cdc123	-11.754276	-8.300398
Ftl1-ps1	-14.912616	-11.458737
Foxo6	-14.877796	-11.423918
Nrn1	-14.61222	-11.158341
Mospd2	-12.366622	-8.912744
Arsk	-12.763788	-9.30991
Sppl2a	-11.415274	-7.9613957
Npy1r	-10.999098	-7.54522
Plb1	-12.935696	-9.481817
Ankrd42	-15.102842	-11.648964
Gm35371	-15.487105	-12.033227
Cecr2	-18.65819	-15.204312
Aacs	-13.559341	-10.105463
Egln2	-11.761833	-8.307955
Rbm11	-17.271896	-13.818018
Acad9	-13.0696945	-9.615816
Plcb1	-11.648631	-8.194753
Ss18l1	-15.235014	-11.781136
Ovgp1	-16.389507	-12.935629
Slc5a6	-14.844148	-11.390269
Gm15344	-17.616735	-14.162858
Aqp11	-14.920521	-11.466642
Hist1h2ad	-19.756802	-16.302925
Tspan5	-11.218729	-7.764851
Champ1	-12.925389	-9.471511
Abhd2	-12.604534	-9.150656
Hist1h2ap	-12.801687	-9.347809
D630036H23Rik	-15.875239	-12.421361
Etfb	-10.781046	-7.327168
Cotl1	-16.0555	-12.601623
4930570G19Rik	-19.351337	-15.89746
Zfp931	-12.751921	-9.298042
Catsper2	-15.824977	-12.3710985
Tmx4	-11.035282	-7.581404
Reep3	-10.49834	-7.0444617
Hspb7	-10.237031	-6.783153
Gm38251	-18.65819	-15.204312
Fam217a	-18.50404	-15.050162
Eogt	-13.289881	-9.836002
Gm45494	-16.291067	-12.837189
Gns	-11.614158	-8.160279
Rab38	-20.44995	-16.996073
Pycr2	-11.999538	-8.54566
Cep164	-12.29977	-8.845892
Zfp830	-12.290861	-8.836983
Chrnb2	-17.50551	-14.051633
Spcs1	-10.387495	-6.933617
Ankrd52	-13.696512	-10.242634
Ap2b1	-11.930758	-8.47688
Nphs1	-16.424599	-12.97072
Sphk1	-14.563846	-11.109967
Izumo4	-12.393207	-8.939328
Gm29112	-18.65819	-15.204312
Gm16183	-19.756802	-16.302925
Mxd3	-16.786388	-13.33251
Zc3h8	-14.0138	-10.559921
Mkrn3	-17.015963	-13.562084
Cyp2s1	-18.840511	-15.386634
Tpi1	-10.246506	-6.792628
Pura	-10.045475	-6.591597
Eloc	-10.63502	-7.1811423
Ccdc189	-15.705018	-12.25114
Kcnmb1	-10.351554	-6.897676
Emc1	-12.575591	-9.121713
Lamtor2	-10.278613	-6.824735
Tmem245	-11.594429	-8.140551
Top2a	-14.288743	-10.834865
Zfp658	-14.904773	-11.450894
Cntnap1	-14.994629	-11.5407505
Oaz2	-11.200196	-7.7463183
Cystm1	-11.810363	-8.356484
Rfx1	-13.716548	-10.26267
Col1a1	-9.084666	-5.630789
Gm43063	-19.756802	-16.302925
Zmym2	-11.912366	-8.4584875
Adgrb3	-18.65819	-15.204312
Msh6	-13.372452	-9.918573
Dhrs13os	-15.777122	-12.323243
Gm21860	-13.717739	-10.263861
Zfp90	-13.435136	-9.981257
Gm17753	-18.65819	-15.204312
Oat	-9.559378	-6.1054997
Ifnar2	-11.555417	-8.101539
Gm1141	-17.616735	-14.162858
4921517D16Rik	-19.351337	-15.89746
Tnfrsf14	-19.756802	-16.302925
Wdr76	-13.9807	-10.526821
A330074K22Rik	-17.454218	-14.0003395
Eif2b3	-12.418565	-8.964686
Edc4	-12.626304	-9.172425
Tuba4a	-13.532245	-10.078366
1500004A13Rik	-13.091119	-9.63724
Nfatc2	-16.736378	-13.282499
Cklf	-14.118448	-10.66457
Top1mt	-13.759108	-10.305229
Eya3	-13.540196	-10.086318
Gtpbp8	-13.199315	-9.745437
Anapc2	-11.871285	-8.417407
Ndfip1	-10.295938	-6.8420596
Pprc1	-13.303966	-9.850087
Gm16059	-18.370508	-14.916631
Gm48696	-20.44995	-16.996073
Rin2	-11.303615	-7.8497367
Gm44646	-18.147364	-14.693486
Arhgap1	-12.14249	-8.688612
Gm10614	-17.454218	-14.0003395
Il17f	-19.756802	-16.302925
Gm13496	-18.252724	-14.798846
Rnf113a2	-13.5562935	-10.102415
Stat4	-19.351337	-15.89746
Lsm5	-11.663341	-8.209462
Kirrel3os	-18.50404	-15.050162
Foxj3	-12.380608	-8.926729
Pnck	-11.840907	-8.387029
Gm14434	-17.50551	-14.051633
Eif3k	-10.104055	-6.6501775
Gpr65	-19.351337	-15.89746
Chn1	-14.381524	-10.927646
Ier2	-10.767296	-7.313418
Nsun2	-12.474385	-9.020507
Map1b	-8.364989	-4.9111114
Gm43714	-16.599802	-13.145925
Mia3	-11.015906	-7.5620284
Naaladl2	-14.358641	-10.904762
Fbxo22	-11.8329115	-8.379033
Synj1	-12.884675	-9.430797
Gsdmd	-16.18727	-12.733392
Tmem51	-13.890335	-10.436457
Gm43660	-15.961314	-12.507436
Fam71e1	-15.122074	-11.668196
Lmtk3	-15.854831	-12.400952
Zbtb25	-13.953176	-10.499297
Fndc3a	-11.767412	-8.313534
Adcy10	-18.370508	-14.916631
Hcn4	-20.44995	-16.996073
Bbs5	-13.346628	-9.89275
2600014E21Rik	-20.44995	-16.996073
Poc1a	-14.525694	-11.0718155
Gm2115	-19.756802	-16.302925
Tbrg1	-10.584995	-7.1311173
Slc9a1	-12.89039	-9.436512
Bbof1	-16.173283	-12.719405
Tbcd	-13.369082	-9.915204
Ngb	-16.518124	-13.064246
Dhx29	-12.428694	-8.974815
Rbm18	-12.440919	-8.9870405
Pde9a	-15.972613	-12.518735
Stn1	-13.5675125	-10.113634
9330198I05Rik	-19.063654	-15.6097765
Mboat1	-14.885429	-11.431551
Nrip1	-11.3326025	-7.8787246
Gsr	-12.138061	-8.684182
Cpt2	-13.04994	-9.596062
Fbxl21	-16.119217	-12.6653385
Txn2	-11.230056	-7.776178
Smim13	-12.337422	-8.883544
Ccdc58	-13.236918	-9.78304
Cyp4f14	-15.13183	-11.677952
Nomo1	-11.934157	-8.480279
Ppp1r10	-11.366761	-7.9128833
Eif3l	-11.2457285	-7.7918506
Bmp8a	-19.351337	-15.89746
Bptf	-10.588326	-7.1344485
Zfp68	-12.308761	-8.854882
Kcnmb4	-17.314455	-13.860578
Olfr212	-16.839031	-13.385154
Rell1	-12.987735	-9.533856
Amigo2	-12.819975	-9.3660965
Reep1	-13.0016165	-9.547738
Cul1	-10.9380245	-7.4841466
Ndufa3	-10.310205	-6.8563275
Slc10a7	-13.228845	-9.774966
Ube2ql1	-17.082653	-13.628776
Gm12802	-15.582416	-12.128537
Gm6938	-18.840511	-15.386634
Vgf	-19.756802	-16.302925
Rab35	-12.286294	-8.832416
Gm15243	-18.252724	-14.798846
Tbc1d22b	-13.883278	-10.4293995
Lyrm7	-15.151633	-11.697755
Apba1	-13.296116	-9.842237
Hoxd4	-17.358908	-13.905029
Pou2f3	-16.479658	-13.02578
Mtch1	-10.637591	-7.1837134
Gm16364-1	-15.325986	-11.8721075
Gm45218	-18.50404	-15.050162
Siah1a	-12.26991	-8.816031
Mroh1	-12.785134	-9.331256
Zfp185	-15.645929	-12.192051
Tcp11l1	-13.919072	-10.465194
Tmed2	-10.467236	-7.0133576
Zfp937	-14.597748	-11.143869
Synm	-11.4759655	-8.022087
Eml4	-12.783259	-9.329381
Taf1c	-14.310065	-10.856187
8030442B05Rik	-17.965042	-14.511165
Gm47079	-18.840511	-15.386634
Gm50209	-19.063654	-15.6097765
Alg10b	-12.762411	-9.308533
Lamp1	-9.356593	-5.9027157
Coro1c	-10.960011	-7.5061326
Mapk1	-11.407792	-7.953914
Brix1	-12.124402	-8.670524
Spx	-17.885	-14.431123
9130221H12Rik	-14.099065	-10.645186
1700123M08Rik	-14.681629	-11.227751
Cct3	-11.000357	-7.5464787
1110019B22Rik	-17.885	-14.431123
Gm37240	-15.508307	-12.054429
Lrpap1	-10.637154	-7.1832757
Dock7	-11.433437	-7.9795594
Tmem147	-11.273581	-7.8197026
Hdhd5	-14.606405	-11.152527
1700022H01Rik	-17.965042	-14.511165
Usf3	-12.231163	-8.777285
Osgepl1	-13.182425	-9.728546
Mgst1	-12.934606	-9.480727
BC026513	-17.191853	-13.737975
Rpl37a	-7.6505613	-4.196684
Fubp3	-12.502625	-9.048747
Gm26910	-14.458486	-11.004607
Gm35439	-17.965042	-14.511165
Ncbp2	-11.808241	-8.3543625
Crlf1	-13.216495	-9.762616
Snhg3	-11.692166	-8.238288
Cd63	-9.042796	-5.588918
C1d	-11.34386	-7.8899817
Gm19391	-15.2966585	-11.84278
Mb	-18.147364	-14.693486
Tulp4	-11.325822	-7.871944
Sarm1	-16.537928	-13.084049
Gm47920	-17.358908	-13.905029
Hs2st1	-13.181727	-9.727849
Gltp	-12.117401	-8.663523
Pcdhga4	-16.201454	-12.747577
Orc1	-18.50404	-15.050162
Ovca2	-15.331956	-11.8780775
Cdon	-13.028174	-9.574296
Gm42031	-17.358908	-13.905029
Ipo11	-13.839254	-10.385376
Cnga4	-19.756802	-16.302925
Faap20	-11.8033085	-8.34943
Ndufs8	-11.056788	-7.6029105
Gm12258	-14.818738	-11.36486
Mrm2	-13.571624	-10.117745
Tmub2	-12.750108	-9.296229
Ackr4	-19.756802	-16.302925
2310043M15Rik	-18.840511	-15.386634
Eps8	-17.810892	-14.357015
Gm11665	-16.275562	-12.821685
Dtwd1	-13.296116	-9.842237
Brat1	-14.090376	-10.6364975
Abhd5	-12.523708	-9.06983
Tekt3	-17.314455	-13.860578
Cip2a	-15.240464	-11.786586
Zfp93	-14.563846	-11.109967
Cdk17	-13.029371	-9.575493
Gm14705	-17.405428	-13.95155
Tceanc2	-12.764247	-9.310369
4921514A10Rik	-18.50404	-15.050162
Spry1	-13.755388	-10.30151
4933408B17Rik	-15.854831	-12.400952
Tpst2	-12.854563	-9.400684
Fam169b	-16.355604	-12.901727
Msi2	-10.825713	-7.371835
Pcdhga6	-14.752856	-11.298978
Npepl1	-11.701327	-8.247449
Bbs2	-13.528292	-10.074413
BC034090	-14.969311	-11.515432
Cfap53	-16.786388	-13.33251
Gm26801	-18.50404	-15.050162
Adam33	-11.446757	-7.9928794
Vtcn1	-14.257587	-10.803709
Ephb1	-15.412997	-11.959119
Stk3	-12.160159	-8.706281
Pdzrn4	-13.371609	-9.91773
Myl6	-6.4690475	-3.01517
Ric8a	-12.290861	-8.836983
Ywhaq	-9.8839035	-6.4300256
9230112D13Rik	-16.406898	-12.95302
Gm15562	-17.559578	-14.1057
Rps8	-7.6493573	-4.19548
Catspere2	-16.76107	-13.307192
Gm10575	-14.998912	-11.545033
Gm47248	-19.756802	-16.302925
Gm13830	-15.166746	-11.712868
Caskin2	-12.968394	-9.514516
Pdcd10	-10.621671	-7.167793
Was	-19.756802	-16.302925
5031439G07Rik	-13.412045	-9.958166
Edem2	-13.155573	-9.7016945
Hdac5	-11.463003	-8.009125
Lratd2	-15.875239	-12.421361
Pitx1	-19.351337	-15.89746
Zfp839	-13.660978	-10.2071
Scly	-13.784266	-10.330388
Ccl17	-20.44995	-16.996073
Rassf4	-13.563418	-10.10954
Arhgap35	-12.129502	-8.675624
Acvr1	-12.474042	-9.020164
Gm9913	-15.995603	-12.541724
Extl2	-12.861627	-9.407748
Gipc2	-12.048392	-8.594514
Gm20535	-18.840511	-15.386634
Gm29591	-17.50551	-14.051633
Exosc2	-13.505863	-10.051985
Vps16	-12.867721	-9.413842
Kmt2a	-10.816895	-7.3630166
Vmn1r88	-19.756802	-16.302925
Sqle	-12.524793	-9.070914
Jph4	-14.50453	-11.050652
Mcl1	-10.508589	-7.054711
Slc46a3	-14.893122	-11.439243
Tamm41	-14.402578	-10.9487
Tmem79	-15.629668	-12.17579
Adgrf4	-18.65819	-15.204312
Fzd9	-16.215843	-12.761965
Atf2	-11.760486	-8.306607
1700064H15Rik	-18.252724	-14.798846
Ldlrap1	-12.890912	-9.437034
Midn	-12.328469	-8.874591
Sfxn3	-12.006834	-8.552956
Kifc3	-13.5097275	-10.055849
Sgpl1	-13.476407	-10.022529
Lsp1	-12.684805	-9.2309265
Gm34885	-19.063654	-15.6097765
Git2	-12.219906	-8.766027
Zfp984	-14.233344	-10.779466
Gm47162	-20.44995	-16.996073
Abhd16a	-11.64173	-8.187852
Rnf19a	-11.587892	-8.134013
Dock3	-17.7419	-14.288022
Tjp2	-12.314603	-8.860724
Nxpe3	-15.864983	-12.411104
Ubxn11	-16.66576	-13.211882
Gm50092	-19.756802	-16.302925
Il11ra1	-9.816405	-6.3625274
Gm14393	-17.314455	-13.860578
Cdk14	-13.511665	-10.057787
Gm2000	-12.993496	-9.539618
Dop1b	-13.28137	-9.827492
Timm8a2	-18.65819	-15.204312
Gm15247	-15.995603	-12.541724
Zbtb10	-12.749203	-9.295324
Smim41	-15.69636	-12.242481
5430402O13Rik	-15.670827	-12.2169485
Gli3	-13.622321	-10.168443
Cstb	-10.921228	-7.4673505
Dll4	-19.351337	-15.89746
Tab2	-11.372798	-7.91892
Stoml1	-12.900341	-9.446463
Pdgfa	-10.234979	-6.7811007
Atp6v1c1	-11.933758	-8.479879
Gm50138	-19.351337	-15.89746
Sptssb	-19.063654	-15.6097765
Eif2b5	-12.274121	-8.820243
Lime1	-18.65819	-15.204312
Myom2	-19.351337	-15.89746
Firre	-13.397229	-9.943351
Slc25a32	-12.619127	-9.165249
Slc9b1	-18.147364	-14.693486
Ero1lb	-13.894593	-10.440715
Gm29100	-19.351337	-15.89746
Cmpk1	-11.418019	-7.9641414
Gm45591	-18.052053	-14.598176
Bnip3l	-10.854619	-7.400741
Lcmt2	-14.109591	-10.655712
Rgs19	-13.779183	-10.325305
Tsc22d4	-10.764681	-7.310803
Nptx2	-13.609404	-10.155525
Spopl	-12.256273	-8.802395
Gm20705	-16.389507	-12.935629
Usp47	-11.2185335	-7.7646556
A930024E05Rik	-17.117744	-13.663867
Bsdc1	-12.612395	-9.158517
Rps6kb2	-12.991764	-9.537886
Dnm3	-14.904773	-11.450894
Tagln2	-9.380285	-5.9264073
Ubtf	-11.297874	-7.8439965
Fbxl12	-13.317452	-9.863574
Tigd3	-19.063654	-15.6097765
Snapc5	-11.323209	-7.869331
Gm11672	-19.351337	-15.89746
A630009H07Rik	-16.09324	-12.639363
Higd1b	-20.44995	-16.996073
Il17re	-19.351337	-15.89746
Hsbp1l1	-15.854831	-12.400952
Naa38	-11.08235	-7.628472
Selenof	-9.635607	-6.181729
Gm11444	-18.052053	-14.598176
Pdcd2l	-12.833175	-9.379296
Gypa	-19.351337	-15.89746
2310033P09Rik	-12.469584	-9.015706
Gm13293	-15.917351	-12.463472
Tmem243	-12.91412	-9.460241
Olfr325	-20.44995	-16.996073
Dmac2	-13.2867775	-9.832899
Mir100hg	-11.351324	-7.897446
Snx14	-12.205616	-8.751738
Nudt16	-13.062241	-9.608362
Gm12031	-18.370508	-14.916631
Pim2	-14.486371	-11.032493
Tspan6	-12.637572	-9.183694
9330154J02Rik	-18.147364	-14.693486
Otoa	-17.454218	-14.0003395
Spata2	-13.465234	-10.011355
Lamtor3	-11.245125	-7.791247
Cachd1	-13.709431	-10.255552
Gm49767	-15.056323	-11.602445
Gm47043	-18.052053	-14.598176
Hook1	-17.965042	-14.511165
Gm35550	-19.063654	-15.6097765
Vamp4	-12.563117	-9.109239
Hmgb1	-9.256941	-5.803063
Nemf	-11.393228	-7.9393497
Gm14410	-15.406525	-11.952646
Fam114a1	-11.144845	-7.690967
Gm49164	-16.736378	-13.282499
Pard6a	-13.102006	-9.648128
Zw10	-12.907207	-9.453328
Gm49694	-18.147364	-14.693486
Zfp458	-14.621004	-11.167126
A830005F24Rik	-17.314455	-13.860578
Gm14168	-16.080502	-12.626624
Hipk3	-10.990721	-7.536843
Phyhipl	-16.86643	-13.412553
Mgat4b	-12.500858	-9.04698
Zfp948	-12.996388	-9.54251
Armcx5	-13.074068	-9.62019
Gm15234	-18.370508	-14.916631
Lyl1	-16.031109	-12.577231
Adam28	-18.252724	-14.798846
Wdr73	-13.572654	-10.118775
Rpl22l1	-9.366992	-5.9131145
Dbnl	-11.859135	-8.405256
Il6ra	-15.74042	-12.286542
Eps15	-12.193862	-8.739984
Maneal	-17.231073	-13.777196
Per3	-11.782098	-8.328219
Mak16	-12.444917	-8.991038
Sirpa	-14.443597	-10.989718
Usp3	-12.360774	-8.906896
Ddx23	-12.538626	-9.084747
Rbm20	-14.866454	-11.412576
Tmeff2	-14.523025	-11.069146
A4galt	-12.91252	-9.458642
Ntrk2	-13.431548	-9.97767
Hsd17b2	-18.50404	-15.050162
B130055M24Rik	-15.515476	-12.061598
Map2k3	-11.52556	-8.071682
Coch	-17.454218	-14.0003395
Dusp3	-10.520453	-7.0665755
A930012O16Rik	-15.156646	-11.702767
Ing2	-12.200636	-8.7467575
Rai2	-15.047273	-11.593394
Adgrv1	-18.65819	-15.204312
Gpr171	-18.370508	-14.916631
Gp1ba	-19.756802	-16.302925
Celf2	-10.242329	-6.7884507
Dynlt1f	-14.509779	-11.055901
Terf2ip	-12.480593	-9.026714
Fbln5	-9.380114	-5.9262357
Il6	-19.063654	-15.6097765
Elob	-9.117707	-5.66383
4930413F20Rik	-16.080502	-12.626624
Bcar1	-12.814163	-9.360285
9330159M07Rik	-13.751682	-10.297804
AC109619.1	-14.520361	-11.066483
Eps8l1	-15.156646	-11.702767
Zgpat	-12.888828	-9.43495
Sardh	-13.100719	-9.646841
Mtmr12	-13.254013	-9.800135
Cgrrf1	-11.834179	-8.3803005
Vars	-12.501565	-9.047687
Borcs8	-11.853207	-8.399328
Ttf2	-14.395511	-10.941632
Pigv	-13.765339	-10.3114605
Zmym3	-13.124143	-9.670264
Rad51d	-13.181727	-9.727849
Unc79	-20.44995	-16.996073
Atp6v0e2	-14.109591	-10.655712
Batf	-19.756802	-16.302925
Gm21781	-16.09324	-12.639363
Gbf1	-11.514836	-8.060958
Usp33	-12.454643	-9.000765
Kdm1b	-14.021845	-10.567966
Mzt2	-12.5790205	-9.125142
Tmem132c	-19.756802	-16.302925
Cpox	-12.575972	-9.122093
Gm26576	-20.44995	-16.996073
Nr4a2	-11.741971	-8.288093
Rara	-13.637605	-10.183726
Trim3	-12.715829	-9.2619505
Tmem252	-16.119217	-12.6653385
Arhgef26	-15.679265	-12.225387
Fdx2	-11.828036	-8.374158
Lrtm1	-19.351337	-15.89746
Clcn3	-12.290575	-8.836697
Tln1	-9.322231	-5.8683534
Simc1	-14.086922	-10.633043
4930481B07Rik	-16.019133	-12.565255
Foxj1	-16.812363	-13.358485
Iglc2	-16.599802	-13.145925
Tnfrsf26	-20.44995	-16.996073
Cbx2	-16.230442	-12.776564
Eda2r	-16.55813	-13.104252
Strn	-12.988885	-9.5350065
Dapp1	-13.156253	-9.702374
C2cd2	-11.786581	-8.332703
Pim3	-12.266832	-8.812954
Gid4	-11.319628	-7.86575
Jade2	-13.276758	-9.82288
Pvt1	-14.555548	-11.101669
Olfr322	-17.67736	-14.223483
A130051J06Rik	-15.487105	-12.033227
Uqcrc2	-10.926772	-7.472894
Pde6g	-18.50404	-15.050162
Gm28199	-18.370508	-14.916631
Chuk	-12.575212	-9.121333
Snap91	-20.44995	-16.996073
Ctla2b	-17.810892	-14.357015
Sox4	-12.243639	-8.789761
Gm9873	-18.50404	-15.050162
Gtpbp4	-11.562712	-8.108833
Myd88	-13.26988	-9.816002
Amd1	-12.106397	-8.652518
Zfr	-10.640993	-7.187115
Esco2	-16.007298	-12.55342
Rnf223	-17.965042	-14.511165
Zfp105	-14.295092	-10.841213
Ccl6	-17.885	-14.431123
Atg2a	-13.070942	-9.6170635
Cnot4	-11.226891	-7.7730126
Etfbkmt	-12.936787	-9.482908
4833422M21Rik	-18.840511	-15.386634
Impact	-12.144713	-8.690835
Fn3k	-14.756218	-11.30234
Mtmr10	-13.502013	-10.048135
3930402G23Rik	-15.928162	-12.474283
2810030D12Rik	-17.885	-14.431123
Tmem50b	-12.11356	-8.659681
Fst	-14.1238	-10.669922
Prdm6	-11.294065	-7.8401875
Rbpj	-11.1508665	-7.6969886
Fry	-10.682454	-7.228576
Epb41l3	-15.03385	-11.579971
Gm43920	-15.705018	-12.25114
Rtkn2	-17.616735	-14.162858
Gm38944	-16.86643	-13.412553
Foxo6os	-16.479658	-13.02578
Gm38398	-19.351337	-15.89746
Mfsd8	-13.6234045	-10.169526
Baiap2l2	-16.106144	-12.6522665
Zfhx3	-9.5792885	-6.1254106
Ltb4r1	-17.616735	-14.162858
Rnf139	-12.351915	-8.898037
H1f0	-11.749103	-8.295224
Arl6ip5	-10.384727	-6.9308486
Arfgap3	-12.202992	-8.749114
Rab9b	-15.117231	-11.663353
Cops7b	-13.532245	-10.078366
Jph2	-10.615973	-7.1620955
H2-DMa	-15.805559	-12.351681
AW549877	-11.6615095	-8.207631
Pik3c2b	-13.354057	-9.900179
A130077B15Rik	-19.756802	-16.302925
1110032F04Rik	-20.44995	-16.996073
Mastl	-15.320051	-11.866173
Crppa	-15.03385	-11.579971
Mpst	-12.041456	-8.587578
Bik	-11.883586	-8.429708
Gm47766	-16.389507	-12.935629
Zfp39	-14.336267	-10.882389
Fxyd2	-18.147364	-14.693486
Gm41639	-17.965042	-14.511165
Krtcap3	-16.201454	-12.747577
Dars	-11.678735	-8.224856
Slc12a4	-11.831645	-8.377767
Nkiras1	-12.411116	-8.957237
Grin2d	-15.432671	-11.978792
N4bp2os	-15.406525	-11.952646
Fam210a	-12.5489435	-9.095065
Magohb	-12.223644	-8.769766
Catsperg1	-16.68875	-13.234872
Hist2h3c1	-14.592017	-11.138139
Gpr180	-11.965281	-8.511402
Igfbp2	-12.972912	-9.519033
Ifitm5	-16.984213	-13.530335
Zcchc12	-18.65819	-15.204312
Gga3	-13.982251	-10.528373
Yju2	-13.237656	-9.783777
Cgn	-18.840511	-15.386634
Gpatch4	-13.09815	-9.644272
Chaf1a	-14.977679	-11.523801
Epgn	-18.65819	-15.204312
Nol3	-14.8368225	-11.382944
Olfr457	-18.840511	-15.386634
Kif1bp	-11.964661	-8.510782
Rhbdd2	-13.335994	-9.882115
Jtb	-11.406018	-7.9521403
Atg4c	-13.863778	-10.4099
Ddx55	-12.975745	-9.521867
Armh4	-14.896991	-11.443112
Diras1	-18.840511	-15.386634
Vwf	-15.917351	-12.463472
Parp8	-12.243366	-8.789488
Gm6712	-15.070053	-11.616175
Serpinb6c	-19.063654	-15.6097765
Gm43190	-19.351337	-15.89746
Gm20442	-19.063654	-15.6097765
Ccdc150	-18.052053	-14.598176
Kdm4a	-12.945559	-9.49168
2010315B03Rik	-13.786818	-10.332939
Ppp4c	-12.397654	-8.943775
Vmn2r27	-18.65819	-15.204312
Rad51ap1	-16.498707	-13.044828
Mrps9	-12.258487	-8.804608
Car14	-17.015963	-13.562084
Lrrtm2	-18.147364	-14.693486
Fxr1	-10.98396	-7.530082
Gm39318	-19.063654	-15.6097765
Zswim6	-12.629109	-9.175231
4930452B06Rik	-16.92359	-13.469711
Cse1l	-12.540828	-9.086949
Man1a2	-10.736534	-7.282656
Sfi1	-13.444161	-9.990283
Slc25a43	-14.034853	-10.580975
Slc9a7	-20.44995	-16.996073
Gm38304	-17.314455	-13.860578
Meak7	-14.47614	-11.022262
Gm16536	-13.243573	-9.789695
Gm27003	-15.786511	-12.332633
Gm17227	-18.052053	-14.598176
Rnf26	-13.008043	-9.554165
Pet100	-11.5890255	-8.135147
Ung	-15.529969	-12.076091
Nkapd1	-12.358935	-8.905057
Fam131b	-15.972613	-12.518735
Dhx37	-14.12023	-10.666351
Gm49768	-15.65416	-12.200281
Pdap1	-10.341849	-6.8879714
Piwil2	-15.961314	-12.507436
Tenm4	-17.885	-14.431123
Hpn	-18.50404	-15.050162
Zcchc8	-12.499801	-9.045922
Sstr3	-19.351337	-15.89746
Wdr7	-13.342525	-9.888646
Elobl	-17.885	-14.431123
Dnajc18	-12.359855	-8.905976
Cks2	-13.642015	-10.188137
Rasgrp4	-19.756802	-16.302925
Cnpy2	-10.622804	-7.168926
Pon2	-11.337443	-7.8835654
Ropn1l	-15.939091	-12.485212
Srsf7	-10.569168	-7.11529
Ccdc60	-14.881606	-11.427728
Afg1l	-14.21358	-10.759702
Gm41664	-18.50404	-15.050162
Bbs10	-15.083974	-11.6300955
Pgbd5	-17.405428	-13.95155
Kifc2	-14.713378	-11.2595
Ubxn4	-10.579813	-7.125935
C230035I16Rik	-16.291067	-12.837189
Gm32352	-14.428926	-10.975048
Slc27a3	-14.965153	-11.511274
Lap3	-11.773022	-8.319143
Creb1	-11.760654	-8.306776
5430427O19Rik	-17.015963	-13.562084
Tpp2	-11.94909	-8.495212
Oscp1	-13.573686	-10.119807
Rpl14	-8.645938	-5.1920605
Eme2	-14.388494	-10.934615
Ccdc42	-10.716302	-7.262424
Btbd11	-15.12694	-11.673061
Tlx3	-18.65819	-15.204312
Msto1	-13.534226	-10.080348
Cox17	-10.037539	-6.5836606
Trim16	-13.90892	-10.455042
Gldc	-20.44995	-16.996073
Fchsd2	-11.5877495	-8.133871
Cstf1	-13.467088	-10.013209
Herc1	-11.384058	-7.93018
Tmem254a	-15.020604	-11.566726
Hoxc4	-14.780069	-11.326191
Hnrnpa2b1	-9.860919	-6.407041
Itgb7	-19.063654	-15.6097765
Tbc1d2	-16.812363	-13.358485
Gm17705	-18.370508	-14.916631
Gm42670	-14.586319	-11.132441
Zfp235	-13.782993	-10.329115
Znrd2	-11.964661	-8.510782
Nbea	-12.042572	-8.588694
Enpp6	-17.358908	-13.905029
Nosip	-12.147684	-8.693806
Gm30984	-14.833179	-11.379301
4930509E16Rik	-19.351337	-15.89746
Mybpc2	-14.041421	-10.587543
Slc27a1	-13.266079	-9.812201
Serpinb6a	-10.380228	-6.92635
1810024B03Rik	-13.448705	-9.994826
Wdr34	-13.493404	-10.039526
Mrc1	-17.314455	-13.860578
Snx21	-12.358323	-8.904445
Ap2a1	-11.576062	-8.122184
Cx3cl1	-15.1367445	-11.682866
Zbtb8a	-13.808768	-10.35489
Ywhag	-11.485894	-8.032016
Mtr	-12.90456	-9.450682
Dennd6b	-14.977679	-11.523801
Man2a1	-11.92757	-8.473692
Gm12737	-19.756802	-16.302925
Polr1b	-14.130982	-10.677104
Ctdnep1	-11.972121	-8.518243
Rev1	-12.467534	-9.013656
Prickle3	-13.50876	-10.054882
Taf8	-13.420862	-9.966984
Stag2	-11.046266	-7.5923877
Ptcd3	-12.836131	-9.382253
Kcnmb3	-19.756802	-16.302925
Cd22	-19.756802	-16.302925
Plekhf2	-12.572932	-9.119054
Myef2	-12.505103	-9.051225
Fam220a-1	-14.419265	-10.965386
Sae1	-11.806477	-8.352598
Prtn3	-20.44995	-16.996073
Hsp90aa1	-8.742322	-5.288444
Slc25a13	-16.442617	-12.988739
AI429214	-15.337962	-11.884084
Sh3bgr	-9.004789	-5.550912
Dock1	-11.983629	-8.529751
Gna12	-11.849888	-8.396009
Igf2r	-11.65816	-8.204282
Gm12707	-17.965042	-14.511165
Maats1	-19.063654	-15.6097765
Gtpbp10	-13.347451	-9.893573
BC024978	-14.190369	-10.73649
Ccdc69	-12.33085	-8.876971
1500011B03Rik	-13.023401	-9.569523
Itpripl2	-11.32713	-7.8732524
Map11	-13.793223	-10.339345
Nfib	-9.528536	-6.0746584
Josd2	-10.895169	-7.4412913
Wdr11	-13.071567	-9.617688
2210016F16Rik	-11.76843	-8.314551
Fpgs	-13.695346	-10.241467
Cd3d	-17.885	-14.431123
Gm41409	-19.063654	-15.6097765
Gm5464	-17.358908	-13.905029
Commd4	-11.893728	-8.43985
Gm49838	-17.231073	-13.777196
Slc5a8	-18.840511	-15.386634
Zcchc24	-11.50762	-8.053741
Tbc1d4	-14.877796	-11.423918
Axdnd1	-19.063654	-15.6097765
Arl8a	-11.866969	-8.413091
Ak5	-17.965042	-14.511165
Trim63	-20.44995	-16.996073
Smtnl2	-17.965042	-14.511165
Dclk1	-13.793223	-10.339345
Rptor	-12.809827	-9.355948
Bcl2l12	-12.723296	-9.269418
Zcchc17	-11.391363	-7.937485
Glt28d2	-13.319852	-9.865973
Siglec1	-18.840511	-15.386634
Tmem40	-18.50404	-15.050162
Stoml2	-11.702757	-8.2488785
D030051J21Rik	-16.68875	-13.234872
Ccnj	-15.051787	-11.597909
Cacna2d2	-17.454218	-14.0003395
Naga	-12.562741	-9.108863
Heatr3	-12.877962	-9.424084
Tlk1	-11.183418	-7.7295403
Ubn1	-11.447003	-7.9931254
Gas7	-15.208203	-11.754325
Atg16l2	-12.945559	-9.49168
Ube2e2	-12.662153	-9.208275
Exosc9	-12.586299	-9.132421
Ier5l	-11.783475	-8.3295965
Fam76a	-11.056456	-7.6025777
Cr1l	-11.390898	-7.93702
Gm1976	-14.125591	-10.671713
C330002G04Rik	-17.154112	-13.700234
Catsper3	-17.810892	-14.357015
Stx17	-12.285155	-8.831277
Kremen1	-13.536213	-10.0823345
Lysmd3	-11.872227	-8.418348
Kif1a	-13.366562	-9.9126835
Kmt5a	-10.730206	-7.2763276
Agbl5	-14.656937	-11.203058
Arsb	-13.016284	-9.562406
Nfya	-12.554887	-9.101008
Myom1	-9.518147	-6.0642695
Muc19	-17.885	-14.431123
Focad	-13.814004	-10.360126
Tex9	-13.483926	-10.030047
Rnaseh1	-12.937332	-9.483454
Tmem123	-11.201159	-7.7472806
Ptges2	-12.901921	-9.448043
B130024G19Rik	-15.122074	-11.668196
Smcr8	-13.94716	-10.493281
AI849053	-20.44995	-16.996073
Gm48508	-19.351337	-15.89746
Gm37422	-17.965042	-14.511165
Smad6	-12.264878	-8.811
Ccl3	-18.840511	-15.386634
Gm47664	-14.1846485	-10.73077
Timm8a1	-12.986013	-9.532135
Gm12676	-15.567148	-12.11327
Fastkd1	-13.419977	-9.966099
Cds1	-15.197677	-11.743798
Gm50241	-19.063654	-15.6097765
Dnajc9	-12.758293	-9.304415
Pced1b	-14.223413	-10.769535
Tmtc2	-11.907479	-8.453601
Ndel1	-11.676411	-8.222532
Pcdhb10	-17.810892	-14.357015
Fam118a	-12.388779	-8.9349
1700012D14Rik	-14.151001	-10.697123
Tmem177	-14.390827	-10.936949
Arap2	-11.72428	-8.270402
Pf4	-15.235014	-11.781136
Romo1	-9.822301	-6.368423
Metap1	-12.718897	-9.265018
Abat	-12.205616	-8.751738
Usb1	-13.93672	-10.4828415
Cfap410	-13.214331	-9.760452
Pdzd9	-16.643288	-13.189409
Gm31693	-17.885	-14.431123
Adamtsl1	-15.972613	-12.518735
2410018L13Rik	-16.839031	-13.385154
1700084E18Rik	-16.031109	-12.577231
Plekhm3	-13.148803	-9.694924
D630033O11Rik	-19.756802	-16.302925
Dusp1	-9.628034	-6.174156
Mapkap1	-11.696421	-8.242542
Cd44	-12.478174	-9.024296
Tsr3	-12.874878	-9.421
Tec	-16.92359	-13.469711
Gm29797	-19.063654	-15.6097765
Gm28229	-15.767818	-12.31394
Ciao2a	-12.366313	-8.912435
Paqr7	-14.068134	-10.614256
Rtca	-12.587068	-9.133189
Pla2g4e	-15.972613	-12.518735
Smg6	-11.504618	-8.050739
Gm49476	-18.052053	-14.598176
Ccnd2	-9.632976	-6.1790977
Mcrip2	-13.038999	-9.58512
Gtf2b	-11.840907	-8.387029
Ywhab	-10.021586	-6.5677085
Efemp2	-11.032677	-7.578799
Bcl2l10	-19.756802	-16.302925
Mkx	-16.215843	-12.761965
Wif1	-11.149952	-7.696074
Plekha4	-16.173283	-12.719405
Rpf1	-12.409503	-8.955625
Rasa3	-13.880468	-10.42659
Angpt2	-12.169999	-8.716121
Ancv1r	-18.147364	-14.693486
Galnt18	-13.693018	-10.23914
Gm128	-16.031109	-12.577231
0610009B22Rik	-12.155901	-8.702023
Clec4e	-20.44995	-16.996073
Aptx	-12.856576	-9.402698
Gorasp2	-11.32397	-7.870092
Gja4	-13.4754715	-10.021593
1700093K21Rik	-18.052053	-14.598176
Irgm2	-14.889269	-11.43539
Gm36033	-15.995603	-12.541724
Naa60	-12.7193365	-9.265458
Trappc6b	-11.090156	-7.6362777
Meox1	-18.370508	-14.916631
Cdc37	-10.36727	-6.9133925
Hmgcs1	-11.63458	-8.180701
Gm15063	-17.50551	-14.051633
Creb3l2	-10.617421	-7.163543
Ppp2r1a	-11.048824	-7.5949464
Stk10	-13.700019	-10.2461405
Nabp2	-11.752271	-8.298392
Rnpc3	-12.517947	-9.064069
Slc9b2	-14.431357	-10.977479
Gm30624	-19.351337	-15.89746
Gm15537	-17.616735	-14.162858
Gm49357	-19.351337	-15.89746
Bod1	-11.080898	-7.6270204
Zfp945	-12.391623	-8.937744
Adcy3	-12.513647	-9.059769
Hist1h2bg	-17.67736	-14.223483
Gm31447	-20.44995	-16.996073
Twistnb	-11.687617	-8.233739
Gpr183	-16.71228	-13.258402
AC135859.1	-17.965042	-14.511165
Gm38973	-16.18727	-12.733392
Ifi30	-11.909627	-8.455749
Nsdhl	-13.575751	-10.121873
Tpk1	-14.512414	-11.058536
Dhx16	-12.91412	-9.460241
Fus	-10.381288	-6.9274096
Acsbg2	-16.68875	-13.234872
Galnt17	-16.786388	-13.33251
Nat8l	-19.351337	-15.89746
Plaa	-12.175848	-8.72197
Tnfrsf1b	-15.875239	-12.421361
Ptger1	-15.621636	-12.167758
Ric3	-13.399828	-9.94595
Klf10	-13.272931	-9.819053
Gm11457	-17.454218	-14.0003395
Cnnm4	-13.621238	-10.167359
Polr1d	-10.509408	-7.05553
Gm48768	-14.404944	-10.951066
Rnf216	-12.198808	-8.744929
Tmem143	-13.867925	-10.414046
Foxn3	-10.261396	-6.8075185
Rtl5	-15.452738	-11.998859
Hspa8	-8.150856	-4.696978
Asb14	-20.44995	-16.996073
C530005A16Rik	-15.093364	-11.639485
Ankmy1	-16.76107	-13.307192
Usp12	-12.411438	-8.95756
Uba3	-12.195421	-8.741543
Mrps12	-11.296603	-7.8427253
Rcor1	-11.930959	-8.47708
Gm28154	-15.235014	-11.781136
A530072M11Rik	-16.201454	-12.747577
Grm3	-15.972613	-12.518735
Kcnc3	-18.840511	-15.386634
Ssmem1	-19.351337	-15.89746
Tmem59	-10.053964	-6.6000857
Pck2	-12.178913	-8.725035
Psd3	-12.580931	-9.127052
Zfp445	-11.801728	-8.34785
Mpzl2	-19.756802	-16.302925
Rnf126	-12.520464	-9.066586
Gm35167	-17.810892	-14.357015
Fbxo34	-12.267391	-8.813513
Ube2d2a	-10.665866	-7.211988
Ap2s1	-10.957066	-7.5031877
Gm42303	-18.840511	-15.386634
Snx19	-12.932429	-9.478551
Nynrin	-13.078461	-9.624582
Zfp354b	-14.109591	-10.655712
Reep4	-13.4560175	-10.002139
Acad11	-13.48487	-10.030992
Gm15445	-16.15949	-12.705612
Dock2	-20.44995	-16.996073
Snrnp70	-10.735205	-7.281327
Polm	-13.667758	-10.21388
Bmp5	-19.756802	-16.302925
U2af2	-11.912562	-8.458684
Cda	-18.840511	-15.386634
Vezt	-12.588994	-9.135116
Zfp975	-14.044722	-10.590843
Ankrd40	-11.499806	-8.045928
Rnf135	-14.61222	-11.158341
Stradb	-12.902976	-9.449098
Csk	-12.573691	-9.119813
Pkdcc	-10.408572	-6.9546943
Vamp7	-12.479901	-9.026023
Mrtfa	-13.231773	-9.777895
Srsf6	-11.308531	-7.854653
Sos2	-12.167467	-8.713589
1810037I17Rik	-10.035737	-6.581859
Trim8	-12.415319	-8.961441
Adat2	-14.085199	-10.631321
9130019O22Rik	-14.687899	-11.23402
Cstf2t	-13.28137	-9.827492
Ube2z	-12.020495	-8.566617
Cct4	-10.691199	-7.2373214
Wdr36	-12.964458	-9.51058
Gm42742	-18.840511	-15.386634
Rpl37	-7.803135	-4.3492575
Rab36	-15.029415	-11.575537
Ndufb1-ps	-9.465115	-6.011237
Pkd2l2	-15.79599	-12.342112
Phb2	-11.323535	-7.869657
Lrrn4cl	-17.616735	-14.162858
Atp6v0a4	-20.44995	-16.996073
Prss53	-15.662458	-12.20858
Axin1	-12.698045	-9.244166
Plpp1	-11.095163	-7.6412854
Cryl1	-13.099434	-9.6455555
Adipor2	-12.144219	-8.690341
Mir142hg	-20.44995	-16.996073
Adnp	-11.462878	-8.009
Gm16793	-15.74042	-12.286542
Ddx41	-12.450943	-8.997065
9330159F19Rik	-20.44995	-16.996073
Smim19	-11.791605	-8.337727
Srsf2	-10.688372	-7.2344937
Stxbp2	-15.208203	-11.754325
Pms2	-13.428866	-9.974988
9230112E08Rik	-15.331956	-11.8780775
Rps13	-8.478537	-5.024659
Xpo4	-12.750108	-9.296229
Sdc2	-10.81395	-7.3600717
Nek2	-16.599802	-13.145925
Elof1	-11.31014	-7.8562617
AB124611	-17.314455	-13.860578
Tatdn2	-13.006287	-9.552408
Etfrf1	-12.628307	-9.174429
Psors1c2	-17.885	-14.431123
2810455O05Rik	-18.370508	-14.916631
Zfp236	-13.336808	-9.88293
Stard13	-13.156933	-9.703054
9530034E10Rik	-17.405428	-13.95155
Gdf6	-19.756802	-16.302925
Srsf4	-11.849888	-8.396009
Serinc1	-10.189628	-6.7357497
Arsj	-16.201454	-12.747577
Anks3	-13.169253	-9.715375
Bmp1	-11.993782	-8.539904
Slc4a1	-20.44995	-16.996073
Klhl2	-13.575751	-10.121873
Mad1l1	-13.644228	-10.19035
Gm15283	-15.268167	-11.814288
Gm10260	-14.691049	-11.23717
Syngr1	-18.840511	-15.386634
Gm13620	-16.498707	-13.044828
B4galt2	-12.449936	-8.9960575
Gm11175	-16.86643	-13.412553
Tmem231	-13.64978	-10.195902
Ahnak	-8.805383	-5.351505
Mbnl1	-8.827318	-5.3734407
Gigyf1	-12.236027	-8.782148
Epn3	-20.44995	-16.996073
Strn4	-12.787012	-9.333134
Sh2b1	-12.848048	-9.39417
Armh1	-20.44995	-16.996073
Gprin3	-17.67736	-14.223483
Comp	-12.267671	-8.813792
Gm16725	-18.840511	-15.386634
Arglu1	-10.729424	-7.2755466
Ublcp1	-11.599289	-8.145411
Igbp1	-11.872227	-8.418348
Hint2	-11.353114	-7.899236
Duxbl3	-17.358908	-13.905029
Dcbld2	-12.21353	-8.759651
Pcdhb15	-16.355604	-12.901727
St7l	-12.602187	-9.148309
Tro	-14.316552	-10.862674
Shroom2	-16.953442	-13.499564
Gm14443	-15.2966585	-11.84278
Gm41396	-18.052053	-14.598176
Gm48488	-17.885	-14.431123
Sec23b	-12.689909	-9.236031
0610043K17Rik	-14.936522	-11.482643
Nfu1	-11.5954275	-8.141549
Gnai1	-10.482455	-7.0285773
Ccdc191	-12.998128	-9.54425
Stxbp1	-12.483017	-9.029139
Proscos	-17.048752	-13.594874
Lclat1	-12.906147	-9.452269
Tox3	-20.44995	-16.996073
Gm44214	-18.147364	-14.693486
Tti2	-13.734567	-10.280688
Marf1	-11.97233	-8.518452
Gm19744	-18.370508	-14.916631
Sorbs2	-10.913548	-7.4596705
Ppm1k	-12.738401	-9.284523
Hsd17b12	-11.790216	-8.336338
Acta1	-16.55813	-13.104252
Cyfip1	-11.22699	-7.773112
Klre1	-19.063654	-15.6097765
Stx1b	-14.924498	-11.470619
Stt3b	-11.295334	-7.841456
AI662270	-16.894602	-13.440723
Oaf	-13.278294	-9.824415
Syngr3	-14.400217	-10.946339
Ncbp1	-12.7469425	-9.293064
Scara5	-17.67736	-14.223483
Rec114	-19.756802	-16.302925
Icosl	-19.063654	-15.6097765
Gm17057	-20.44995	-16.996073
Gm28731	-16.786388	-13.33251
Mrpl13	-11.234025	-7.780147
Npc1l1	-18.65819	-15.204312
Elovl4	-15.961314	-12.507436
Actg1	-8.238452	-4.784574
Paxip1	-13.137397	-9.683518
Zfp65	-13.490552	-10.036674
Spdya	-16.031109	-12.577231
Dtna	-10.844801	-7.390923
Prdx5	-10.240045	-6.7861667
Rapgef1	-12.5511675	-9.097289
Arl5a	-11.760654	-8.306776
Gm30292	-16.18727	-12.733392
Il17rb	-17.810892	-14.357015
Gm28874	-16.643288	-13.189409
Oplah	-13.593488	-10.139609
A830019P07Rik	-18.840511	-15.386634
Sec23ip	-12.401801	-8.947923
Tgs1	-12.040565	-8.586686
Zfp638	-11.15803	-7.7041516
Tent5b	-13.144762	-9.690884
Cyba	-10.4246435	-6.9707656
Zfp599	-16.0555	-12.601623
Chchd2	-8.769978	-5.3160996
Glul	-11.679356	-8.225477
Gm11967	-16.201454	-12.747577
1700028E10Rik	-15.928162	-12.474283
Hoxa10	-14.952782	-11.498903
Zc3h12b	-12.954964	-9.501085
Hnf4g	-19.756802	-16.302925
Gm30239	-19.351337	-15.89746
Nkain3	-18.052053	-14.598176
Fras1	-17.965042	-14.511165
Churc1	-11.054957	-7.6010795
Gm26901	-18.252724	-14.798846
Trrap	-12.304111	-8.850232
Phc3	-11.641432	-8.187553
Susd3	-20.44995	-16.996073
Tcea3	-11.046349	-7.5924706
Slc4a10	-17.885	-14.431123
Yipf4	-10.752134	-7.2982564
Ksr2	-17.454218	-14.0003395
4930429F24Rik	-17.810892	-14.357015
Rbm15b	-12.899815	-9.445936
Pip4p1	-12.327282	-8.873404
Gm14508	-17.271896	-13.818018
Socs2	-11.689811	-8.235932
Fam241a	-12.026408	-8.57253
Mcm10	-17.50551	-14.051633
Ppif	-14.102561	-10.648683
Hars	-11.905531	-8.451653
Fntb	-13.817948	-10.36407
Itga2	-16.71228	-13.258402
Dpy19l1	-12.579784	-9.125906
Slc1a2	-16.080502	-12.626624
Smarcd3	-10.45781	-7.0039325
1700010K24Rik	-18.50404	-15.050162
Ppip5k2	-13.540196	-10.086318
Adpgk	-12.346153	-8.892275
Gm16230	-17.616735	-14.162858
Pigg	-13.46246	-10.008581
2610021A01Rik	-14.180854	-10.726975
Rb1	-12.381234	-8.927356
Gm11574	-20.44995	-16.996073
Gstp1	-10.47759	-7.0237117
Cfap300	-16.55813	-13.104252
Donson	-14.994629	-11.5407505
Zfp597	-13.388616	-9.934737
Gm38293	-19.756802	-16.302925
Ndufaf6	-13.419977	-9.966099
Tcaf1	-11.138679	-7.6848006
Htra4	-14.577832	-11.123954
Adamts1	-9.92594	-6.4720616
Asnsd1	-12.527689	-9.073811
Eng	-12.199069	-8.745191
Stk11ip	-14.483804	-11.029925
Spryd4	-13.781722	-10.327844
E2f2	-17.885	-14.431123
Zbtb7a	-10.959481	-7.5056033
Gm15972	-15.4595175	-12.005639
Cpxm2	-16.119217	-12.6653385
Pik3c2a	-11.822827	-8.368949
Prickle2	-13.559341	-10.105463
Supt4a	-11.492439	-8.038561
Atp8b5	-20.44995	-16.996073
Rab11fip3	-13.010979	-9.5571
Ccdc85c	-15.368546	-11.914667
Jmjd4	-14.8368225	-11.382944
Dcaf4	-13.953176	-10.499297
Hprt	-11.879974	-8.426096
2010300C02Rik	-13.496265	-10.042387
Ddt	-11.051141	-7.597263
Gm4473	-15.387355	-11.933476
Gm28818	-17.7419	-14.288022
Nudt16l1	-12.44225	-8.988372
Cdkn1a	-11.679356	-8.225477
Prkcg	-15.2908945	-11.837016
Atp5j	-9.368331	-5.914453
Cbfa2t3	-13.696512	-10.242634
Ranbp2	-10.860625	-7.4067473
Pls1	-19.063654	-15.6097765
Usp20	-12.666726	-9.212848
Ndufc2	-10.455297	-7.0014195
Mab21l3	-18.840511	-15.386634
Myorg	-15.070053	-11.616175
Vps37a	-11.756957	-8.303079
Tmem135	-12.908797	-9.454919
Gm43703	-17.965042	-14.511165
Naf1	-12.000822	-8.546944
Celf5	-17.810892	-14.357015
Ywhae	-10.312815	-6.858937
Ppara	-14.544588	-11.09071
Ephb6	-14.021845	-10.567966
Rac3	-12.98831	-9.534431
Dlg3	-12.761037	-9.307158
Sv2a	-13.628842	-10.174964
Irs1	-12.731265	-9.277387
Gm37083	-20.44995	-16.996073
Gm17690	-15.529969	-12.076091
Sbds	-10.995331	-7.541453
Lbh	-10.427214	-6.9733357
Bscl2	-11.995483	-8.541605
Micu1	-12.986588	-9.532709
Ppm1e	-13.00863	-9.554751
Cyp4f18	-20.44995	-16.996073
Gm15726	-18.50404	-15.050162
Zfp609	-12.8420725	-9.388194
Tuba8	-17.454218	-14.0003395
Rtn4r	-18.370508	-14.916631
Hcfc2	-12.747846	-9.293967
Gm45187	-17.048752	-13.594874
Tnrc18	-10.956764	-7.5028863
Gm15651	-18.50404	-15.050162
Gtf3c6	-12.118364	-8.664486
Wrb	-12.988885	-9.5350065
Nrde2	-13.511665	-10.057787
Tmem100	-19.756802	-16.302925
Mccc2	-13.009216	-9.555338
Swt1	-11.646226	-8.192348
Lcp1	-18.252724	-14.798846
Suv39h2	-15.117231	-11.663353
Fam102a	-15.192454	-11.738576
Slc39a4	-20.44995	-16.996073
Upp1	-20.44995	-16.996073
Rapgef4	-14.491526	-11.037647
Loxl1	-10.1578045	-6.7039266
Hscb	-12.937879	-9.484
Pthlh	-15.722562	-12.268683
Gm48678	-19.756802	-16.302925
Gypc	-13.678015	-10.224136
Ercc2	-13.73821	-10.284331
Psen1	-12.802164	-9.348286
Cd248	-12.906147	-9.452269
Ndufab1	-10.291781	-6.8379035
D830036C21Rik	-14.713378	-11.2595
Pyroxd2	-17.50551	-14.051633
Rtl3	-17.965042	-14.511165
Plekhb2	-12.991187	-9.537309
Tmem26	-14.386165	-10.932286
Gspt2	-13.754151	-10.300273
Ccnl2	-11.350765	-7.8968873
Zfp354a	-13.939692	-10.485813
Grp	-17.810892	-14.357015
Gins1	-15.426069	-11.972191
2610035D17Rik	-14.858963	-11.405085
Ccdc77	-13.379226	-9.925347
Pex14	-12.716704	-9.262826
Actn3	-16.71228	-13.258402
Gm43689	-18.052053	-14.598176
Vdac2	-10.193941	-6.740063
Mutyh	-14.046376	-10.592498
Pdpk1	-11.634432	-8.180553
Tagap	-16.067923	-12.614045
0610012D04Rik	-18.65819	-15.204312
Lats2	-11.23512	-7.781242
Med16	-12.805988	-9.35211
Ptpmt1	-11.900096	-8.446218
Klhl22	-13.0263815	-9.572503
Atp6v1f	-10.0184555	-6.5645776
Ddhd1	-13.615841	-10.1619625
E030042O20Rik	-16.599802	-13.145925
Tuft1	-18.370508	-14.916631
Gm36495	-16.92359	-13.469711
Mlana	-20.44995	-16.996073
Zfp786	-16.736378	-13.282499
Blm	-15.202926	-11.749047
Bag6	-11.57006	-8.116181
Cfap100	-19.756802	-16.302925
Zfp626	-13.26988	-9.816002
Gm15832	-17.154112	-13.700234
Xylt1	-13.24209	-9.788212
Gm16006	-20.44995	-16.996073
Chtf8	-14.132786	-10.678907
Ext2	-11.4235325	-7.9696546
Foxk2	-12.582461	-9.128583
Ano10	-11.878268	-8.42439
Rtl8c	-14.523025	-11.069146
Shisa2	-17.191853	-13.737975
Mnt	-12.972346	-9.518468
Sptbn5	-17.67736	-14.223483
Cxcl12	-11.740815	-8.286937
Derl3	-16.812363	-13.358485
Tbc1d12	-12.018097	-8.5642185
Gm36608	-14.438683	-10.984804
Bmp15	-19.351337	-15.89746
Sufu	-13.226654	-9.772776
Ccdc68	-11.792647	-8.338769
9930111J21Rik2	-14.301482	-10.847604
Prelid1	-10.765925	-7.3120475
Gm47689	-16.621307	-13.16743
Cops4	-11.512206	-8.058328
Rcbtb1	-13.011566	-9.557688
Plxna3	-15.466344	-12.0124655
Tlr4	-12.937879	-9.484
Hacd3	-13.109763	-9.655885
Lyzl4	-17.271896	-13.818018
Tkfc	-14.122013	-10.668135
Sp4	-12.816096	-9.362218
Gm50254	-18.840511	-15.386634
Ckap2l	-15.645929	-12.192051
Rab9	-11.648782	-8.194903
Coq10b	-11.050561	-7.596683
Ccndbp1	-12.253789	-8.799911
Gm38287	-19.351337	-15.89746
Gm12122	-14.840478	-11.3866
A530088E08Rik	-18.370508	-14.916631
Stau2	-13.575751	-10.121873
Polr3f	-12.741988	-9.28811
Kctd12b	-13.803559	-10.349681
Nsmce3	-12.130476	-8.676598
Iffo2	-13.335994	-9.882115
Bri3	-9.191426	-5.737549
Camk1	-10.6203785	-7.1665006
Zfyve27	-13.217217	-9.763339
Gtf3c4	-12.819489	-9.36561
Lurap1	-13.310289	-9.856411
Rimklb	-14.877796	-11.423918
Lrrc75aos2	-16.479658	-13.02578
2210039B01Rik	-17.117744	-13.663867
Gm7854	-18.252724	-14.798846
Fam71f2	-17.405428	-13.95155
Cwc15	-10.724692	-7.2708144
Gm15903	-17.048752	-13.594874
Mtmr3	-12.141012	-8.687134
Pcnx	-11.6792	-8.225322
Pdxdc1	-11.322883	-7.8690047
4930534D22Rik	-18.370508	-14.916631
Zfp251	-12.775797	-9.3219185
Fhl2	-13.275991	-9.822113
Trafd1	-11.613576	-8.159698
4930558J22Rik	-18.252724	-14.798846
Pold1	-14.054688	-10.60081
Cd109	-12.199069	-8.745191
Fars2	-12.444249	-8.990371
Gm48155	-18.50404	-15.050162
Ltbp3	-10.263316	-6.809438
Myo1f	-18.65819	-15.204312
Rnf2	-12.831207	-9.377329
Vrk2	-13.421749	-9.967871
Crybg3	-12.090581	-8.636703
Pkig	-10.763313	-7.3094354
Parp4	-12.607672	-9.153793
Fbxo6	-12.279482	-8.8256035
Rbm42	-11.199428	-7.7455497
Ap4b1	-13.767841	-10.313963
Tti1	-13.531255	-10.077376
D130020L05Rik	-14.151001	-10.697123
B4galt5	-13.906038	-10.45216
Nop58	-11.6834	-8.229522
Ipo9	-12.476794	-9.022916
Golga7	-11.976918	-8.52304
Dnase1l1	-13.436934	-9.983056
Gm17546	-18.052053	-14.598176
4933428P19Rik	-18.65819	-15.204312
Gpr153	-14.026703	-10.5728245
Fcgr3	-17.67736	-14.223483
Gm20652	-18.252724	-14.798846
Lrrc3	-17.810892	-14.357015
Lman2	-11.326366	-7.8724885
Adamts17	-17.082653	-13.628776
AU020206	-13.381778	-9.927899
Cd151	-10.239898	-6.78602
Dnajc25	-11.495793	-8.041915
4933407K13Rik	-14.400217	-10.946339
Gm50323	-18.65819	-15.204312
Zfp108	-14.776627	-11.322748
Rdh12	-15.621636	-12.167758
Cpsf6	-12.00275	-8.548872
Gm536	-20.44995	-16.996073
Nlrx1	-13.776652	-10.322774
Tcf21	-17.015963	-13.562084
Nadk	-12.196462	-8.742583
Abra	-11.539365	-8.085486
Pkp2	-18.147364	-14.693486
Prss36	-14.301482	-10.847604
Gm48276	-17.559578	-14.1057
Colq	-18.052053	-14.598176
Cnpy4	-12.468901	-9.015022
Gm50196	-17.454218	-14.0003395
Tlr3	-14.286635	-10.832757
Pja1	-12.550055	-9.096176
Gal3st2b	-18.052053	-14.598176
Gm44957	-18.50404	-15.050162
Aqr	-12.028387	-8.574509
Nr1i3	-17.67736	-14.223483
Sdhaf2	-12.479901	-9.026023
Gm11361	-16.339075	-12.885198
Gm6377	-16.080502	-12.626624
Efcab3	-18.252724	-14.798846
Drd3	-17.454218	-14.0003395
Olfm1	-12.431654	-8.977776
Acaa2	-11.818179	-8.364301
Zfp444	-13.081611	-9.627732
Slc3a2	-11.860994	-8.407116
Gtpbp6	-13.063479	-9.609601
Isoc2a	-14.178962	-10.725083
Gm13008	-19.063654	-15.6097765
Ccdc51	-14.269934	-10.816055
Fsd1	-16.839031	-13.385154
AC142100.1	-17.965042	-14.511165
Zfp74	-12.82582	-9.371942
F11r	-13.289881	-9.836002
Tpr	-10.061786	-6.607908
Zfp956	-14.8080435	-11.354165
Polr2f	-10.436532	-6.982654
Gm15839	-16.71228	-13.258402
Bcap31	-10.432553	-6.9786754
Cox4i1	-8.691893	-5.2380147
Gpt	-15.325986	-11.8721075
Gm49747	-17.117744	-13.663867
Fgf13	-12.648559	-9.19468
Casp3	-12.806467	-9.352589
Gtf2i	-11.147121	-7.6932435
Tmem120b	-14.719851	-11.265972
D930015M05Rik	-19.756802	-16.302925
1700092M07Rik	-20.44995	-16.996073
Rgsl1	-17.454218	-14.0003395
Lnx1	-13.511665	-10.057787
Hey2	-11.597142	-8.143264
Rgs16	-20.44995	-16.996073
Wasf3	-14.618068	-11.164189
Pip5k1c	-12.445918	-8.99204
Scp2	-10.071222	-6.6173444
Gm16192	-15.984042	-12.530164
Ankrd61	-17.454218	-14.0003395
Atp5d	-9.742289	-6.2884107
Tmem267	-14.713378	-11.2595
Psme2b	-15.5226965	-12.068818
Adamts7	-18.052053	-14.598176
Npr3	-12.641627	-9.187749
Zbed4	-13.869311	-10.415433
1700022N22Rik	-17.015963	-13.562084
Klf9	-9.534825	-6.0809474
Bloc1s2	-13.2867775	-9.832899
Mgat3	-15.412997	-11.959119
Mycbp2	-10.755457	-7.301579
Gm21917	-17.358908	-13.905029
Gm48228	-19.351337	-15.89746
Epha5	-18.50404	-15.050162
Ppfibp2	-13.561378	-10.107499
Igf2	-16.260296	-12.806417
Dtnbp1	-12.039229	-8.585351
Stambp	-12.162673	-8.708795
Zfp324	-14.225391	-10.771513
Gm17035	-19.351337	-15.89746
9430002A10Rik	-16.643288	-13.189409
Kcnh2	-11.705302	-8.251424
Snx1	-12.000394	-8.546515
Ccrl2	-12.806467	-9.352589
Sf3a1	-12.434623	-8.980744
Ptprg	-12.860108	-9.40623
Mapk8	-12.828265	-9.374387
Cdca7l	-19.756802	-16.302925
Ifi27	-10.061509	-6.607631
Gm7694	-13.421749	-9.967871
Zik1	-14.606405	-11.152527
Rab33b	-12.433963	-8.980084
Chkb	-12.584378	-9.1305
Rab17	-13.561378	-10.107499
Csrnp3	-17.314455	-13.860578
Hist2h2be	-13.97606	-10.5221815
Slfn9	-16.518124	-13.064246
Rgs3	-11.689027	-8.235148
Dmac2l	-13.880468	-10.42659
Phf20l1	-11.122627	-7.6687493
4931428F04Rik	-16.339075	-12.885198
Vps39	-13.520433	-10.066555
D17H6S53E	-13.673443	-10.219564
Gm15446	-14.18275	-10.728871
Srsf12	-20.44995	-16.996073
Tradd	-13.091119	-9.63724
Galnt1	-10.962054	-7.5081763
Txndc9	-11.508012	-8.054133
Nudt17	-15.582416	-12.128537
Zcchc2	-13.233975	-9.780097
Dctn5	-12.646515	-9.1926365
Tmem51os1	-15.662458	-12.20858
Pbxip1	-9.058909	-5.605032
Grpel1	-11.031702	-7.577824
Rangap1	-12.505458	-9.051579
Ptgs2os	-16.442617	-12.988739
Nup205	-13.266079	-9.812201
Bbip1	-11.522636	-8.068758
Pcdh19	-17.154112	-13.700234
Gm13610	-17.885	-14.431123
Fthl17a	-18.252724	-14.798846
Cpeb2	-13.554268	-10.1003895
Jag1	-12.454981	-9.001102
Eya4	-17.191853	-13.737975
Tuba1b	-10.873371	-7.419493
Lamb3	-20.44995	-16.996073
Ube2cbp	-16.0555	-12.601623
Lhx9	-19.351337	-15.89746
Rbak	-13.832547	-10.378669
Aph1c	-14.62395	-11.170072
Prex1	-15.245943	-11.792065
Lrrc75a	-12.956077	-9.502198
Cltc	-10.009911	-6.5560327
Angpt4	-14.749507	-11.295629
1700052K11Rik	-13.529279	-10.0754
Cbx4	-13.047499	-9.59362
1810034E14Rik	-14.759591	-11.305713
Prune2	-15.029415	-11.575537
Gm49932	-18.370508	-14.916631
Gm48933	-15.515476	-12.061598
1700104B16Rik	-19.756802	-16.302925
Myh10	-9.418065	-5.964187
Cnbp	-10.044839	-6.590961
Gm32592	-19.351337	-15.89746
Akap12	-12.861627	-9.407748
Tsix	-19.063654	-15.6097765
Tlk2	-11.841272	-8.387394
Spp1	-14.847832	-11.393953
St3gal1	-13.859649	-10.40577
Map2k7	-12.371882	-8.918004
Lmbr1l	-14.090376	-10.6364975
Gm49106	-18.840511	-15.386634
Ube2a	-11.4988985	-8.04502
Syt1	-19.063654	-15.6097765
A330035P11Rik	-16.031109	-12.577231
Med28	-10.824524	-7.370646
Cntn1	-18.052053	-14.598176
Gabrb1	-18.370508	-14.916631
B230219D22Rik	-10.0060005	-6.5521226
Elmo3	-15.245943	-11.792065
Adam9	-11.9335575	-8.479679
Nyap1	-14.325267	-10.871388
Ccdc174	-12.093395	-8.639517
Fgfr1op2	-10.709629	-7.255751
Exosc7	-12.048616	-8.594738
4833417C18Rik	-14.436234	-10.982356
Trmt9b	-14.486371	-11.032493
Tet1	-12.4273815	-8.973503
Olfr624	-19.063654	-15.6097765
Gdnf	-20.44995	-16.996073
Gm33054	-17.965042	-14.511165
Mcm4	-13.280601	-9.826722
Rnd3	-10.543267	-7.0893893
Ism1	-15.574753	-12.120874
Slc22a5	-14.600625	-11.146747
Fiz1	-13.174086	-9.720207
Eid2b	-13.492453	-10.038574
Knop1	-12.306142	-8.852263
Gsk3b	-10.481986	-7.028108
1700040L08Rik	-18.65819	-15.204312
Nfx1	-11.922015	-8.468137
Zranb1	-11.563818	-8.10994
Slc19a1	-14.201907	-10.748029
Elp2	-12.655539	-9.20166
Coro1b	-13.336808	-9.88293
Lmo4	-11.30191	-7.8480325
Ogfr	-13.050552	-9.596674
Ralgapb	-12.274684	-8.820806
Lcorl	-13.174086	-9.720207
Slc25a28	-12.85406	-9.400182
Cenpf	-14.575019	-11.1211405
Gm32369	-19.351337	-15.89746
H2afx	-12.634339	-9.180461
Zpbp	-17.50551	-14.051633
Cyp4f16	-14.0938425	-10.639964
Madd	-14.924498	-11.470619
Tmem126b	-12.694183	-9.240305
Usp2	-13.264563	-9.810684
Smim10l2a	-15.679265	-12.225387
Nsrp1	-11.358619	-7.904741
Elf1	-11.192917	-7.739039
Gm17597	-18.147364	-14.693486
Lmcd1	-9.302653	-5.848776
Wdr33	-11.510632	-8.056753
Polr2l	-11.874866	-8.420987
Gm15104	-20.44995	-16.996073
Nkain4	-16.86643	-13.412553
Ccdc92b	-17.7419	-14.288022
Myo1d	-11.130576	-7.676698
Nsmce2	-12.381861	-8.927982
Gstm4	-13.802261	-10.348383
Kcnv2	-20.44995	-16.996073
Ndrg4	-13.008043	-9.554165
1110038F14Rik	-11.770128	-8.31625
Plekhj1	-11.871662	-8.417784
Fxr2	-12.1047325	-8.650854
Heatr1	-13.390332	-9.936454
Vps25	-14.687899	-11.23402
Mnat1	-11.676565	-8.222687
Pex26	-13.626664	-10.172786
Zbtb24	-13.374142	-9.920263
Ndufa6	-9.780414	-6.3265357
Plekhh2	-12.965582	-9.5117035
Ebp	-11.993144	-8.539266
Zfp708	-19.063654	-15.6097765
Basp1	-17.454218	-14.0003395
Ppp1r14b	-11.369149	-7.9152713
Dtx3	-11.583792	-8.129913
March3	-16.736378	-13.282499
Fign	-13.071567	-9.617688
Ndufb5	-10.362517	-6.9086394
Acvr1b	-13.518478	-10.0646
Nsg2	-19.756802	-16.302925
Ppp1r32	-19.351337	-15.89746
4430402I18Rik	-13.914709	-10.460831
Steap3	-12.772086	-9.318208
Ctnnbip1	-12.41759	-8.963712
Xrn2	-11.216187	-7.7623086
Aff4	-10.388391	-6.9345126
Asprv1	-16.86643	-13.412553
Blnk	-19.351337	-15.89746
Farp1	-15.426069	-11.972191
Nudt3	-12.137324	-8.683446
Gbgt1	-17.965042	-14.511165
Kcnc4	-12.316362	-8.862484
Nkd1	-11.214917	-7.7610393
Insyn1	-14.288743	-10.834865
Btf3l4	-12.708417	-9.254539
Vmn2r24	-20.44995	-16.996073
Mdp1	-12.262373	-8.808495
Cdh12	-19.756802	-16.302925
Hacd1	-9.969905	-6.516027
Gm31135	-16.067923	-12.614045
1700066B19Rik	-18.840511	-15.386634
Mdfi	-15.917351	-12.463472
Rcn2	-10.417322	-6.963444
Ddx56	-12.755557	-9.301679
Capn11	-18.65819	-15.204312
Dlx6	-16.599802	-13.145925
Arhgap27os2	-18.370508	-14.916631
Hid1	-13.539199	-10.08532
Pkib	-18.252724	-14.798846
Gm32401	-20.44995	-16.996073
Gchfr	-15.928162	-12.474283
Dera	-13.3955	-9.941622
Tspan33	-16.621307	-13.16743
Col11a2	-16.18727	-12.733392
Hyls1	-14.8368225	-11.382944
Dpt	-14.889269	-11.43539
Tm6sf2	-17.7419	-14.288022
Rnf130	-11.544234	-8.090356
Pdcd6	-11.01919	-7.565312
Gm48742	-17.454218	-14.0003395
Tyr	-18.052053	-14.598176
Son	-9.277995	-5.824117
Magee1	-12.905618	-9.451739
Cpa6	-19.063654	-15.6097765
Ppwd1	-12.518306	-9.064427
Dio2	-17.405428	-13.95155
B4galt7	-13.585102	-10.131224
Myl4	-13.084137	-9.630259
Setbp1	-11.393344	-7.939466
4833407H14Rik	-19.756802	-16.302925
Morf4l2	-10.413813	-6.9599347
Casp6	-13.426191	-9.972313
Dars2	-14.173306	-10.719428
Fbxo5	-14.956888	-11.50301
Zzz3	-11.651495	-8.197617
Cmya5	-12.736166	-9.282288
Ptgis	-8.441439	-4.9875607
Nid2	-14.372308	-10.918429
Ppil6	-15.4595175	-12.005639
Leprot	-11.299359	-7.8454814
3300002I08Rik	-15.368546	-11.914667
Clec4d	-19.351337	-15.89746
Rtn2	-12.574071	-9.120193
Kcnd3os	-16.339075	-12.885198
Cand2	-14.0106	-10.556722
Gm35842	-19.351337	-15.89746
Fndc10	-14.896991	-11.443112
Slc5a5	-18.252724	-14.798846
Gm17749	-18.147364	-14.693486
Dtx1	-15.2966585	-11.84278
Mnd1	-14.056359	-10.602481
Tbx18	-11.2051115	-7.7512336
4930592A05Rik	-18.840511	-15.386634
C77080	-14.597748	-11.143869
Gm15743	-17.454218	-14.0003395
Zfp653	-13.527307	-10.073428
Myrip	-20.44995	-16.996073
Fbxl6	-12.84108	-9.387201
Prdm2	-11.9576645	-8.503786
Shld1	-12.761495	-9.307616
Sec22a	-12.670901	-9.217023
Stx19	-18.65819	-15.204312
Map3k7cl	-10.702765	-7.2488875
Tmem185a	-12.9308	-9.476922
Zscan26	-12.130964	-8.677086
Elk3	-12.975745	-9.521867
Tmem230	-12.59131	-9.137431
Gm43707	-16.55813	-13.104252
Ly6e	-15.834829	-12.380951
Tmem141	-12.20772	-8.753841
Capns2	-19.756802	-16.302925
Haus6	-13.617996	-10.164118
Cryba4	-16.173283	-12.719405
Dsc2	-17.559578	-14.1057
Ogdhl	-19.351337	-15.89746
Fahd2a	-12.9248495	-9.470971
Nlrp10	-17.7419	-14.288022
Vamp3	-11.74065	-8.286772
Rbm10	-12.732154	-9.2782755
Hjv	-15.074672	-11.620793
9130213A22Rik	-17.67736	-14.223483
Rad9b	-15.245943	-11.792065
Chchd1	-10.797362	-7.3434844
AV356131	-14.303621	-10.849743
6330403K07Rik	-13.824557	-10.370679
Mtm1	-13.360707	-9.906829
Gm35315	-15.834829	-12.380951
Cfap126	-15.767818	-12.31394
Zcchc10	-12.36508	-8.9112015
Mettl1	-12.286863	-8.832985
Snx17	-11.079364	-7.625486
Arid4a	-11.413012	-7.9591336
Ttc21a	-18.252724	-14.798846
Ppm1h	-14.597748	-11.143869
B430305J03Rik	-17.810892	-14.357015
Jund	-8.7283125	-5.274435
Asb11	-17.231073	-13.777196
Gm11476	-17.7419	-14.288022
Gng4	-18.50404	-15.050162
Psip1	-10.719032	-7.2651544
Zfp442	-13.972978	-10.519099
Zfp36l2	-10.908868	-7.45499
Oaz1	-8.700412	-5.2465343
Osbpl2	-12.557872	-9.103993
Gt(ROSA)26Sor	-12.723296	-9.269418
Rnf225	-17.559578	-14.1057
Gm12059	-16.518124	-13.064246
Naprt	-13.369082	-9.915204
Zfp629	-13.749219	-10.295341
Katna1	-12.480247	-9.026368
Tmem220	-13.879067	-10.425189
Klf3	-11.227385	-7.7735066
Gm26645	-17.015963	-13.562084
Dzip1	-13.752916	-10.299038
Zcrb1	-10.457079	-7.003201
Gm10392	-18.252724	-14.798846
6530437J22Rik	-16.442617	-12.988739
Sele	-20.44995	-16.996073
Yrdc	-12.362925	-8.909046
Lrrc8e	-18.65819	-15.204312
Trim29	-17.454218	-14.0003395
Igdcc3	-19.756802	-16.302925
Gm17491	-14.436234	-10.982356
Zfp866	-13.268358	-9.81448
Tmem80	-12.611213	-9.157334
4933405D12Rik	-15.84478	-12.390902
Gng10	-11.111833	-7.6579547
D030028A08Rik	-15.2966585	-11.84278
Fez1	-11.820143	-8.366264
Snx13	-12.33085	-8.876971
Gm15943	-17.50551	-14.051633
Fgf2	-11.277831	-7.823953
Prkch	-16.86643	-13.412553
Tspo	-9.421533	-5.967655
Zfyve19	-13.245057	-9.791179
Gm43774	-15.864983	-12.411104
Gm49336	-12.669647	-9.215769
Mfsd14a	-12.063549	-8.609671
Ppp1r3a	-17.50551	-14.051633
Acads	-11.986791	-8.532912
Hpgds	-16.04323	-12.589353
Ccdc71l	-12.69119	-9.237311
Cdc5l	-11.305429	-7.8515515
Col17a1	-19.063654	-15.6097765
Mettl15	-13.94716	-10.493281
Myct1	-18.65819	-15.204312
Abtb2	-12.499095	-9.045217
Fam122b	-15.18726	-11.733381
Gm8378	-19.351337	-15.89746
Sdhaf1	-12.360468	-8.9065895
P2ry1	-19.756802	-16.302925
Cnst	-13.074068	-9.62019
Smarcc1	-11.702598	-8.248719
Pak6	-14.257587	-10.803709
Eif2ak2	-12.645699	-9.19182
Tmem169	-16.173283	-12.719405
Pxdn	-12.178658	-8.724779
Papola	-10.997527	-7.543649
C530008M17Rik	-14.629868	-11.175989
Mef2c	-9.62044	-6.1665616
1700010I14Rik	-17.885	-14.431123
Prr16	-19.351337	-15.89746
Arhgef2	-10.951278	-7.4974
Gm47357	-17.7419	-14.288022
Mir670hg	-18.840511	-15.386634
Cyth2	-11.600149	-8.146271
Arhgef33	-18.50404	-15.050162
Ptprr	-18.50404	-15.050162
Gprc5a	-16.812363	-13.358485
Znhit6	-12.651837	-9.197959
Gm31305	-15.722562	-12.268683
Klf2	-10.7830715	-7.3291936
Mmp25	-20.44995	-16.996073
Kmt2d	-12.567258	-9.1133795
Npas3	-17.191853	-13.737975
Platr25	-13.611545	-10.157666
H2al3	-18.65819	-15.204312
Araf	-11.576342	-8.122463
Tfeb	-12.433632	-8.9797535
Satb2	-16.245256	-12.791379
Syce1l	-19.756802	-16.302925
Edem3	-12.3108015	-8.856923
Flvcr2	-18.65819	-15.204312
Ahcyl2	-12.883639	-9.429761
Zfp112	-14.428926	-10.975048
Ahsg	-19.756802	-16.302925
Mrps25	-11.698476	-8.244597
Hipk4	-16.215843	-12.761965
Harbi1	-14.233344	-10.779466
Mamld1	-13.2867775	-9.832899
Zfp719	-13.456935	-10.003057
Chrm2	-20.44995	-16.996073
Scg5	-15.84478	-12.390902
Ankrd13b	-13.851441	-10.397563
Prr18	-17.559578	-14.1057
Dync2h1	-12.426397	-8.972519
Gm32816	-18.147364	-14.693486
Prr11	-16.067923	-12.614045
Spock3	-18.840511	-15.386634
Lnpk	-12.622709	-9.168831
Epdr1	-11.641432	-8.187553
Spata6	-12.6971855	-9.243307
Nudcd2	-12.098104	-8.644225
Slk	-11.070289	-7.6164107
Spidr	-13.759108	-10.305229
Hyal2	-12.871293	-9.417415
Pde3b	-14.314385	-10.860507
Rfx8	-18.052053	-14.598176
Zscan29	-13.666625	-10.212747
Npm2	-17.67736	-14.223483
Plxnb2	-11.699901	-8.246022
Dnah12	-19.756802	-16.302925
Tmtc4	-13.8846855	-10.430807
6030445D17Rik	-17.405428	-13.95155
Gm17509	-18.147364	-14.693486
Gm48960	-16.339075	-12.885198
Fam49a	-15.374776	-11.9208975
Srpr	-10.849868	-7.39599
Alox5ap	-15.824977	-12.3710985
Cyp2u1	-13.954684	-10.500806
Glrb	-17.559578	-14.1057
2200002D01Rik	-11.272857	-7.818979
Mzf1	-16.460966	-13.007088
Zfp651	-11.34264	-7.888762
Nr3c1	-10.426283	-6.972405
Fancb	-16.019133	-12.565255
Slc9a4	-17.67736	-14.223483
Hbb-bs	-12.430995	-8.977117
Tctex1d2	-12.665894	-9.212015
Gtf3c1	-12.430009	-8.9761305
Kif11	-15.567148	-12.11327
Tox2	-14.428926	-10.975048
Tmem14a	-13.011566	-9.557688
Gm973	-15.056323	-11.602445
Uimc1	-12.019623	-8.565744
Vsig8	-16.953442	-13.499564
Mettl7a1	-12.000394	-8.546515
Gm47140	-17.559578	-14.1057
Pou5f1	-15.480137	-12.026258
Tsnax	-11.656186	-8.202308
Rasa4	-13.994752	-10.540874
Hk1os	-16.479658	-13.02578
Atp5c1	-9.77909	-6.325212
Zfp322a	-12.148925	-8.695046
Nifk	-12.510791	-9.056912
Pgpep1l	-14.446063	-10.992185
Gm49207	-16.322815	-12.8689375
1700022I11Rik	-17.358908	-13.905029
Scd4	-16.389507	-12.935629
Accs	-14.021845	-10.567966
BC029722	-12.562741	-9.108863
Ak3	-10.960464	-7.5065856
Gm42413	-20.44995	-16.996073
Klhl29	-15.529969	-12.076091
Kidins220	-11.164317	-7.710439
Igsf3	-12.477139	-9.023261
Senp1	-12.597511	-9.143633
Srprb	-12.222307	-8.768429
Hykk	-14.178962	-10.725083
Tcam1	-19.351337	-15.89746
Scn4a	-18.65819	-15.204312
Gtdc1	-14.023461	-10.569583
Gm26676	-19.351337	-15.89746
4930594M22Rik-1	-18.147364	-14.693486
Ctdp1	-13.311083	-9.857204
Mrpl24	-11.153616	-7.699738
Traip	-16.578749	-13.12487
Shc3	-19.756802	-16.302925
Dcxr	-12.512575	-9.058697
Gm10399	-15.79599	-12.342112
Zfp58	-13.820587	-10.366709
Hist2h2ab	-16.355604	-12.901727
Shcbp1l	-18.50404	-15.050162
Aplnr	-20.44995	-16.996073
Uchl5	-12.142984	-8.689106
Nck2	-13.603007	-10.149129
Ccdc89	-16.68875	-13.234872
Mettl3	-13.381778	-9.927899
Gtf2e1	-13.739427	-10.285548
Spaca6	-13.022211	-9.568333
Tmem65	-11.089381	-7.6355033
Tbc1d20	-11.894114	-8.440235
Hs1bp3	-13.824557	-10.370679
Gm26811	-19.756802	-16.302925
Fgf17	-19.756802	-16.302925
Kif26b	-13.169942	-9.7160635
Lpgat1	-12.0178795	-8.564001
Dnajb9	-11.860808	-8.40693
Cadm1	-16.498707	-13.044828
Snx16	-12.682262	-9.228384
Gpx4	-9.467492	-6.013614
9930004E17Rik	-17.082653	-13.628776
Gm1123	-18.65819	-15.204312
Rab22a	-11.568809	-8.11493
Polr2c	-10.909515	-7.4556375
Sh3tc1	-19.756802	-16.302925
Hhipl1	-15.928162	-12.474283
Hsf3	-18.840511	-15.386634
Arl6	-13.072191	-9.618313
Xpc	-12.460729	-9.00685
Sde2	-11.799101	-8.345222
B4galt6	-12.423126	-8.969248
Runx3	-19.351337	-15.89746
Ubqln1	-12.173555	-8.719677
Nostrin	-20.44995	-16.996073
Fam53a	-11.999966	-8.546087
Iqck	-16.643288	-13.189409
Scyl2	-13.148803	-9.694924
Wdr60	-12.521544	-9.067666
Il33	-16.019133	-12.565255
Gm28535	-17.271896	-13.818018
Mettl25	-13.866541	-10.4126625
Iqcg	-16.76107	-13.307192
Ormdl1	-13.734567	-10.280688
Ntrk3	-11.144117	-7.6902394
Nup188	-13.138064	-9.684186
1700123L14Rik	-16.894602	-13.440723
Col9a1	-18.252724	-14.798846
Trmu	-13.653127	-10.199248
Hsp90ab1	-7.9187403	-4.464863
Cdadc1	-11.997402	-8.543524
Thap11	-12.33085	-8.876971
Ctif	-12.4819765	-9.028098
1700112D23Rik	-17.559578	-14.1057
Kansl3	-12.318713	-8.864835
Nkiras2	-12.48649	-9.032612
Exoc5	-11.86622	-8.412342
Ssr4	-10.0914135	-6.6375356
Alg5	-12.055151	-8.601273
Casp1	-19.351337	-15.89746
Gm4890	-15.805559	-12.351681
Gale	-14.395511	-10.941632
Ascc1	-12.52914	-9.075262
Gm31834	-16.621307	-13.16743
Lrrtm3	-15.995603	-12.541724
Lgals1	-7.733953	-4.2800756
C030013C21Rik	-14.547317	-11.093438
Mmgt2	-12.544877	-9.090999
Kif5a	-17.559578	-14.1057
Ank3	-15.038304	-11.584426
Ino80b	-12.345246	-8.891368
Saxo2	-14.531056	-11.077178
Pcdhb19	-14.862701	-11.408823
Eno1b	-15.5226965	-12.068818
Gm20539	-18.370508	-14.916631
Eif1b	-10.789235	-7.335357
Msl3	-11.618822	-8.164944
Egfl8	-16.18727	-12.733392
Pias4	-12.799782	-9.345903
Gm2449	-17.154112	-13.700234
Prdx6	-10.937655	-7.4837775
Gm13470	-19.063654	-15.6097765
Mfsd11	-12.911455	-9.457577
Trem2	-18.65819	-15.204312
Brd3os	-14.171429	-10.71755
Gm38102	-17.082653	-13.628776
Gm12426	-18.50404	-15.050162
Klhl25	-14.215539	-10.761661
Gm830	-12.508655	-9.054776
Comtd1	-13.523373	-10.069494
Tcf20	-12.255445	-8.801566
Cnot9	-13.482983	-10.029104
Vmn1r55	-18.252724	-14.798846
Tdrd3	-12.1720295	-8.718151
Ercc5	-12.397654	-8.943775
Gm47715	-18.65819	-15.204312
Nuak2	-17.50551	-14.051633
Recql4	-17.405428	-13.95155
Fgf12	-18.840511	-15.386634
Slc1a1	-16.306814	-12.852937
Acot9	-11.646376	-8.192497
Colgalt2	-19.351337	-15.89746
Pard3	-12.126584	-8.672706
Gm12971	-17.082653	-13.628776
Olfr655	-15.466344	-12.0124655
Spdl1	-16.460966	-13.007088
Icam5	-18.052053	-14.598176
Dact2	-19.756802	-16.302925
Btbd19	-15.508307	-12.054429
Gm16008	-16.355604	-12.901727
Tbc1d17	-12.3108015	-8.856923
1700086P04Rik	-17.314455	-13.860578
Plagl1	-15.007532	-11.553654
Emcn	-18.370508	-14.916631
Mrpl57	-11.230452	-7.7765737
Psmb1	-10.00138	-6.547502
Mrm3	-14.104314	-10.650435
Hmmr	-15.325986	-11.8721075
Cdc26	-11.477106	-8.023228
Senp3	-12.673415	-9.219537
Lrrc2	-18.840511	-15.386634
Gm10457	-16.230442	-12.776564
Rbm7	-11.571871	-8.117992
Eif3f	-10.068801	-6.614923
Adam8	-16.984213	-13.530335
Rgs9bp	-18.840511	-15.386634
Dapk1	-14.186552	-10.732674
Ptgr2	-12.615162	-9.1612835
Gm41717	-18.252724	-14.798846
Klc3	-12.28118	-8.827302
Gm4189	-15.439315	-11.985436
Cstf2	-13.631026	-10.177148
Rpn2	-10.43367	-6.979792
Emb	-10.468807	-7.0149293
Pgr	-12.497687	-9.043809
Gm34866	-18.50404	-15.050162
Nova1	-17.358908	-13.905029
Zfp35	-13.640911	-10.187033
Chst8	-19.756802	-16.302925
2900097C17Rik	-10.717369	-7.263491
Zswim8	-11.925781	-8.471903
Paip1	-11.701169	-8.247291
Hm629797	-17.67736	-14.223483
Gls	-11.064816	-7.6109385
Cep83os	-14.186552	-10.732674
Eif3e	-10.170907	-6.717029
4732491K20Rik	-13.856906	-10.403028
Gm16310	-15.2966585	-11.84278
Bgn	-7.746568	-4.2926908
Ly96	-13.708249	-10.254371
Cpeb3	-12.479901	-9.026023
Prrc2c	-10.118388	-6.6645103
Zfp874a	-13.97144	-10.517562
Zfp422	-12.852553	-9.398675
Fbxo38	-12.947763	-9.493885
Gm12784	-18.252724	-14.798846
Gpr17	-17.885	-14.431123
Abcc6	-18.50404	-15.050162
Gnpda2	-12.166709	-8.712831
Dnm3os	-13.286003	-9.832125
E030013I19Rik	-10.118225	-6.664347
Immp1l	-11.451814	-7.997936
Gm49797	-13.563418	-10.10954
Gm12996	-17.082653	-13.628776
Ifi35	-12.29344	-8.839561
Gm14488	-14.156531	-10.702653
Ube2k	-10.900427	-7.446549
Vwa7	-19.351337	-15.89746
Gm44081	-17.965042	-14.511165
Ubxn2b	-12.571416	-9.1175375
Ftsj1	-13.149477	-9.695599
Emc7	-10.4272585	-6.9733806
Gm43713	-19.756802	-16.302925
Slc38a6	-14.217502	-10.763623
Eif4e2	-11.603022	-8.149143
Lpar4	-13.974518	-10.520639
Ggt1	-19.351337	-15.89746
Tnfsf9	-14.414469	-10.96059
Gm19412	-15.5901375	-12.136259
Tcof1	-12.331743	-8.877865
Gm29542	-17.271896	-13.818018
Gm45507	-18.370508	-14.916631
Itch	-11.530363	-8.076485
Acrbp	-14.635819	-11.181941
Letm2	-13.022211	-9.568333
Fam107b	-14.61222	-11.158341
Isyna1	-11.837083	-8.383204
Ckmt1	-20.44995	-16.996073
Tha1	-14.684759	-11.230881
Bcl7c	-11.242213	-7.7883353
Zfp410	-12.915188	-9.461309
Gm16283	-15.984042	-12.530164
Ebf3	-17.405428	-13.95155
Efs	-13.075948	-9.622069
Polh	-14.6269045	-11.173026
Csf1r	-17.082653	-13.628776
Grk4	-14.099065	-10.645186
Mtf2	-12.345246	-8.891368
Cend1	-13.762841	-10.308963
Gm48294	-18.370508	-14.916631
Cptp	-14.049693	-10.595815
Gm21814	-15.805559	-12.351681
Gm36371	-15.038304	-11.584426
Elmo1	-13.197187	-9.743309
Lsm1	-11.932957	-8.479078
Nr2f1	-13.397229	-9.943351
Srsf9	-11.083632	-7.6297545
Chpf	-11.582946	-8.129067
Smoc2	-14.116671	-10.662792
Fuca1	-11.43867	-7.984792
Ogfod1	-13.012155	-9.558276
Msantd4	-11.801728	-8.34785
Bola2	-10.933155	-7.479277
Gm26978	-15.713752	-12.259873
Gm17056	-13.702364	-10.248486
Aldh6a1	-12.07409	-8.620212
Sp9	-19.063654	-15.6097765
Lcn2	-19.351337	-15.89746
Phkb	-12.138552	-8.684673
Gm28529	-16.578749	-13.12487
Wnt2b	-18.370508	-14.916631
1700003G18Rik	-18.840511	-15.386634
C920021L13Rik	-14.342927	-10.889049
Dyrk2	-12.138798	-8.684919
Telo2	-13.340071	-9.886192
Phf5a	-11.326585	-7.872707
Zdhhc16	-13.569566	-10.115687
Trem1	-20.44995	-16.996073
Capza1	-11.640087	-8.186209
Rab18	-10.503978	-7.0501
Mrps22	-12.70149	-9.247612
B4galnt3	-15.984042	-12.530164
Skiv2l	-12.665061	-9.211183
Gm12743	-15.95014	-12.496262
Dnal1	-13.038394	-9.584516
Ift57	-12.229009	-8.77513
Snhg18	-9.389612	-5.9357347
D930030I03Rik	-17.314455	-13.860578
Gm29113	-19.351337	-15.89746
Katnb1	-13.507793	-10.053915
Mical1	-11.935561	-8.481683
Spns3	-19.756802	-16.302925
Med10	-11.942807	-8.488929
Spata9	-19.063654	-15.6097765
Ciart	-13.881872	-10.427994
Brcc3	-12.212735	-8.758857
Gmfg	-17.559578	-14.1057
Nhlrc3	-13.8988695	-10.444991
Pef1	-12.303241	-8.849362
Tef	-11.329097	-7.875219
Rom1	-12.6971855	-9.243307
Kalrn	-11.836902	-8.383023
Acot2	-13.891752	-10.437874
Gm2237	-15.285164	-11.831285
Grin1	-19.756802	-16.302925
Igfbpl1	-19.351337	-15.89746
Gm47460	-18.840511	-15.386634
Arl4aos	-17.154112	-13.700234
4930579K19Rik	-15.439315	-11.985436
Hook3	-10.716777	-7.262899
Gbe1	-12.718897	-9.265018
Gm7879	-16.984213	-13.530335
Polg	-12.4819765	-9.028098
Ap3s1	-12.1529045	-8.699026
Pcdha5	-18.65819	-15.204312
Tanc2	-12.3419285	-8.88805
Prxl2b	-13.161706	-9.707828
B9d1	-13.011566	-9.557688
Gm16208	-17.454218	-14.0003395
Bcas3os1	-17.616735	-14.162858
Gm45716	-12.937879	-9.484
Fam199x	-12.93515	-9.481272
Gpi1	-10.255099	-6.8012214
Tex14	-18.252724	-14.798846
Pnma1	-15.65416	-12.200281
Mybl2	-17.154112	-13.700234
Gm20342	-13.791939	-10.33806
Pabpn1	-10.704287	-7.2504086
Gm12758	-16.031109	-12.577231
Dpy19l3	-13.823233	-10.369354
Apcdd1	-13.80616	-10.352282
A230057D06Rik	-18.147364	-14.693486
Ipcef1	-20.44995	-16.996073
Clock	-11.5389595	-8.085081
Adgrb2	-16.736378	-13.282499
Utp6	-12.539726	-9.085848
D730003I15Rik	-13.638706	-10.184828
Cyp46a1	-17.358908	-13.905029
Arhgef16	-18.50404	-15.050162
Gm14207	-20.44995	-16.996073
Gm20383	-15.854831	-12.400952
Pakap-1	-11.273063	-7.819185
Lrrc19	-19.063654	-15.6097765
Slc12a9	-14.162091	-10.708213
Pelo	-12.957747	-9.503869
Gm8797	-14.132786	-10.678907
Ankrd54	-12.617539	-9.163661
Foxo1	-11.577884	-8.124005
Gm45518	-18.65819	-15.204312
Adam5	-16.306814	-12.852937
Triap1	-11.942605	-8.488727
Tmed8	-12.965582	-9.5117035
Abcc12	-19.756802	-16.302925
Tmem222	-12.29344	-8.839561
Nme7	-13.636505	-10.182627
Zbtb34	-14.295092	-10.841213
1110017D15Rik	-17.50551	-14.051633
Dhx8	-12.542298	-9.08842
Musk	-20.44995	-16.996073
Fh1	-11.537612	-8.083734
Wdr46	-13.0734415	-9.619563
Gm32282	-14.956888	-11.50301
Sapcd1	-20.44995	-16.996073
Olfr323	-19.756802	-16.302925
Cd300lf	-20.44995	-16.996073
Retsat	-13.64978	-10.195902
5031425E22Rik	-12.604142	-9.150264
Pak2	-10.425751	-6.971873
Fchsd1	-14.379212	-10.925334
F8a	-13.178942	-9.725063
Ifi211	-19.063654	-15.6097765
BC065403	-18.840511	-15.386634
Zfp418	-15.412997	-11.959119
1700056E22Rik	-15.020604	-11.566726
Cd55	-17.405428	-13.95155
Kcna6	-15.875239	-12.421361
Tspan15	-15.093364	-11.639485
Gm5165	-13.962266	-10.508388
Fance	-12.179937	-8.726059
Gabra4	-19.063654	-15.6097765
Tpd52	-12.014184	-8.560306
Sik3	-12.666726	-9.212848
Hyal1	-12.596345	-9.142467
L1cam	-19.351337	-15.89746
Mafk	-12.064918	-8.611039
Tle6	-14.694208	-11.24033
Ecd	-12.82046	-9.366582
E2f4	-12.792667	-9.338789
Plxdc2	-10.464007	-7.0101295
Gpc2	-16.86643	-13.412553
Ufsp1	-13.678015	-10.224136
A430010J10Rik	-17.616735	-14.162858
Sh3glb1	-10.262751	-6.8088727
Rps27l	-9.752882	-6.299004
Hsd17b4	-11.832369	-8.37849
Rhbdl1	-14.416864	-10.962986
A230028O05Rik	-17.314455	-13.860578
Nxt1	-12.595957	-9.142078
Hsd3b7	-12.897188	-9.44331
Erc1	-11.644725	-8.190846
Mbd2	-11.025951	-7.5720735
Gm43572	-17.885	-14.431123
Col8a2	-17.810892	-14.357015
Med29	-11.990809	-8.536931
Me3	-14.01701	-10.563131
Gm20522	-15.69636	-12.242481
Tubgcp2	-12.804552	-9.350674
Gm10143	-17.810892	-14.357015
Sv2c	-18.147364	-14.693486
Gm14288	-18.50404	-15.050162
Filip1l	-8.505041	-5.051163
Gja6	-13.246545	-9.792666
Hp1bp3	-10.563812	-7.1099343
Flrt1	-13.305543	-9.851665
Zfp456	-15.605763	-12.151885
Chn2	-14.295092	-10.841213
Chchd3	-11.777293	-8.323415
Gabrr2	-17.117744	-13.663867
Dppa2	-16.92359	-13.469711
Rpgr	-14.354126	-10.900248
Platr32	-20.44995	-16.996073
Polr2i	-11.114476	-7.6605983
P2ry12	-19.756802	-16.302925
Sncaip	-12.99987	-9.545992
Hkdc1	-19.351337	-15.89746
Ctsk	-13.191538	-9.737659
Rpl18	-8.380729	-4.926851
Gm30262	-20.44995	-16.996073
Cops9	-9.986218	-6.5323405
Cpt1a	-12.358323	-8.904445
Pcbd1	-15.637766	-12.1838875
Prrg2	-13.262293	-9.808414
Myadm	-10.326203	-6.8723254
Spock2	-16.599802	-13.145925
Ccl21a	-17.885	-14.431123
Ghitm	-11.1954975	-7.7416196
Zfp799	-13.788095	-10.334217
Zbtb1	-11.998256	-8.544377
Ptar1	-12.046149	-8.592271
L3mbtl1	-19.351337	-15.89746
Erich2	-19.351337	-15.89746
Gdf2	-20.44995	-16.996073
Dnajc1	-10.698856	-7.2449784
Isg20l2	-13.503936	-10.050057
Plekhf1	-13.577822	-10.123943
Elovl7	-16.145885	-12.692007
Limd2	-14.468535	-11.014657
Gmcl1	-12.8728285	-9.41895
Dnaaf2	-13.329506	-9.8756275
Mturn	-13.263049	-9.809171
Psme3	-12.782324	-9.328445
Zfp791	-15.662458	-12.20858
Guca1a	-16.15949	-12.705612
Gm38186	-17.314455	-13.860578
Cma1	-17.7419	-14.288022
BC067074	-15.208203	-11.754325
Hs6st1	-13.718932	-10.265054
Apoo	-13.113665	-9.659786
Cpxm1	-15.166746	-11.712868
Col8a1	-14.694208	-11.24033
Smyd5	-14.01862	-10.564741
Efcab7	-14.629868	-11.175989
Gm47167	-16.953442	-13.499564
Tuba1c	-12.145455	-8.691577
Drg1	-11.985104	-8.531225
Utp25	-13.496265	-10.042387
Cacna1h	-16.86643	-13.412553
Rps14	-7.934596	-4.4807186
Tmem109	-10.887264	-7.4333863
1700122E12Rik	-17.885	-14.431123
Tbc1d19	-12.931886	-9.478007
Htr1d	-18.840511	-15.386634
Snrnp35	-14.162091	-10.708213
Chchd4	-12.730821	-9.276942
Plcb4	-9.320968	-5.86709
Nmnat3	-14.790468	-11.33659
Cnppd1	-12.598289	-9.14441
Ctsd	-9.71909	-6.2652125
Tnfrsf11a	-12.320186	-8.866307
Dis3	-12.776262	-9.322384
Cox8b	-19.351337	-15.89746
Nol12	-12.272716	-8.818837
Gm12503	-17.154112	-13.700234
Cd46	-15.419512	-11.965633
B430219N15Rik	-16.92359	-13.469711
Gm20628	-18.370508	-14.916631
Cdc45	-15.202926	-11.749047
Tal1	-20.44995	-16.996073
Dio3	-18.840511	-15.386634
Nipal2	-12.6355505	-9.181672
Usp9x	-10.76077	-7.306892
C030006K11Rik	-12.84108	-9.387201
Gm42938	-18.370508	-14.916631
Hoxd9	-16.953442	-13.499564
Memo1	-12.66756	-9.213681
Dhh	-18.50404	-15.050162
Rassf8	-11.992931	-8.539053
Timmdc1	-13.328697	-9.874819
Fam120c	-13.579897	-10.126019
Cplx2	-14.152841	-10.698962
Dcaf8	-11.166173	-7.712295
1810019N24Rik	-17.7419	-14.288022
Apmap	-12.421169	-8.967291
Fam53b	-12.887269	-9.433391
Trmo	-14.367731	-10.913853
Gm45076	-14.822329	-11.36845
Mtus1	-11.121916	-7.668038
Baalc	-16.498707	-13.044828
Itgav	-11.1137705	-7.6598926
Mcm6	-11.869407	-8.415528
1700019L13Rik	-15.574753	-12.120874
Htt	-12.732599	-9.278721
Mrps18b	-12.412084	-8.958205
Cd226	-19.063654	-15.6097765
Cfh	-11.109283	-7.6554055
Tbrg4	-14.165816	-10.711938
Fsbp	-17.50551	-14.051633
Gm43111	-17.117744	-13.663867
9530026P05Rik	-13.448705	-9.994826
Gm46404	-14.684759	-11.230881
Bfsp2	-18.252724	-14.798846
Ddx54	-11.9576645	-8.503786
Kcnab2	-18.370508	-14.916631
Ppard	-12.878476	-9.424598
Cox5b	-9.7046795	-6.250802
Atoh8	-12.307887	-8.854009
Phlpp2	-13.188725	-9.734847
Eef1d	-9.854767	-6.400889
1700026D11Rik	-17.7419	-14.288022
Serpinb1b	-20.44995	-16.996073
Btbd10	-12.15515	-8.701272
P2ry6	-13.174086	-9.720207
Kdm5c	-12.501565	-9.047687
Nckap5los	-18.50404	-15.050162
Nipsnap3b	-13.179637	-9.725759
Morf4l1	-8.963707	-5.5098295
Inpp5f	-12.546353	-9.092475
Tstd3	-12.582079	-9.128201
Clk2	-12.779522	-9.325644
Amd2	-15.885602	-12.431724
Gm26724	-14.558306	-11.104427
Cdv3	-10.989942	-7.5360637
Clpb	-12.779056	-9.325177
Cisd3	-12.621912	-9.168034
Nsun4	-14.215539	-10.761661
Gipc1	-12.029489	-8.57561
Pcolce2	-10.495104	-7.041226
Gm45620	-16.537928	-13.084049
Lbhd1	-15.805559	-12.351681
Zfp106	-10.667444	-7.2135663
Rnf7	-10.635184	-7.1813064
Appl2	-13.463384	-10.009505
Dph2	-14.691049	-11.23717
Nr2c2ap	-12.695469	-9.2415905
Eps8l2	-13.743088	-10.289209
Erbb3	-16.92359	-13.469711
Dock4	-14.205783	-10.7519045
Creg1	-11.171671	-7.717793
Nkap	-12.112362	-8.6584835
Osr1	-10.333571	-6.8796935
Tpsb2	-19.063654	-15.6097765
Ndufa9	-11.518002	-8.064123
Slc6a17	-14.486371	-11.032493
Gm47127	-17.616735	-14.162858
Ptprj	-12.6559515	-9.202073
Tctn2	-13.367401	-9.913523
Casz1	-13.072817	-9.618938
Grsf1	-12.163681	-8.709803
Cdc16	-11.989751	-8.535872
Helq	-14.044722	-10.590843
Adarb1	-11.1058655	-7.6519876
Arxes2	-15.197677	-11.743798
Slc35b4	-12.770699	-9.31682
Gm17092	-14.178962	-10.725083
Casc1	-16.306814	-12.852937
Rpl9-ps6	-12.968394	-9.514516
Pik3cb	-12.7027855	-9.248907
Stac	-13.782993	-10.329115
Ccdc110	-16.71228	-13.258402
Tyw3	-14.1238	-10.669922
Gm36535	-19.756802	-16.302925
Gpr108	-11.888357	-8.434479
Ppp2r3d	-12.859098	-9.40522
Sybu	-16.643288	-13.189409
Rims3	-20.44995	-16.996073
Gm37768	-16.86643	-13.412553
Arrb1	-13.873481	-10.419602
Hypm	-16.76107	-13.307192
Srr	-13.176858	-9.72298
Cpm	-17.082653	-13.628776
Rusc1	-13.0269785	-9.5731
Gm15738	-16.86643	-13.412553
Lrp3	-12.8641615	-9.410283
Senp5	-12.230893	-8.777015
Gja5	-18.65819	-15.204312
Sept1	-13.800965	-10.347087
Krit1	-11.117038	-7.66316
Adam10	-12.278351	-8.824472
Cmtm7	-12.366313	-8.912435
Bmp4	-14.691049	-11.23717
Rad54l	-15.885602	-12.431724
Rps15a	-8.178665	-4.7247877
Dnajc11	-12.981437	-9.527558
Rps27a	-8.069815	-4.6159368
Dap3	-11.754108	-8.30023
4930562C15Rik	-18.252724	-14.798846
Ss18	-12.007696	-8.553818
Jmjd8	-12.430337	-8.976459
Rprd1a	-12.856072	-9.402194
Ddx5	-8.83491	-5.3810325
Klf8	-14.716609	-11.262731
Togaram2	-19.063654	-15.6097765
Mppe1	-13.488654	-10.034776
Aox2	-19.351337	-15.89746
Nckap1l	-18.840511	-15.386634
Bspry	-19.756802	-16.302925
Creb3l1	-12.0711	-8.617222
Dok1	-12.223376	-8.769498
Hmga1b	-18.50404	-15.050162
Tpo	-17.885	-14.431123
Parvaos	-18.370508	-14.916631
Gm37529	-15.01187	-11.557992
Dab2ip	-11.504878	-8.051
Gm28932	-16.119217	-12.6653385
Galt	-12.634339	-9.180461
Tmed3	-10.379339	-6.9254613
Hic2	-14.6722975	-11.218419
Cacng4	-16.275562	-12.821685
Rsrc1	-11.676411	-8.222532
Kbtbd13	-14.998912	-11.545033
Ncbp3	-12.138552	-8.684673
Copz1	-12.07087	-8.616992
Zbtb21	-12.6538925	-9.200014
Mmrn2	-14.977679	-11.523801
Slc22a4	-15.218842	-11.764963
Vhl	-13.308705	-9.854827
Lpar3	-16.92359	-13.469711
P4htm	-12.714517	-9.260638
Actb	-6.7855506	-3.3316731
Smim24	-17.616735	-14.162858
Gm30934	-18.50404	-15.050162
Dcp1b	-13.208584	-9.754705
Igsf11	-19.756802	-16.302925
Ndn	-12.990035	-9.536157
Pcm1	-10.678738	-7.2248597
Gm48558	-18.50404	-15.050162
Ncoa6	-12.42968	-8.975801
Rims2	-19.351337	-15.89746
Copb1	-10.9255295	-7.4716516
Cadm2	-18.052053	-14.598176
Rnf157	-13.8624	-10.408522
Eif3b	-11.353786	-7.8999085
Mapk8ip1	-13.431548	-9.97767
Rnf112	-18.052053	-14.598176
Limd1	-11.829478	-8.3756
Lemd2	-12.011151	-8.557273
Ptprb	-16.106144	-12.6522665
1810009A15Rik	-12.903503	-9.449625
BC051142	-19.351337	-15.89746
Deptor	-14.575019	-11.1211405
Btbd16	-18.50404	-15.050162
Wipf1	-11.821036	-8.367158
Svep1	-16.984213	-13.530335
9630014M24Rik	-18.840511	-15.386634
Lamb1	-17.454218	-14.0003395
Pdcd1lg2	-16.953442	-13.499564
Ech1	-10.938099	-7.484221
Cxcr6	-20.44995	-16.996073
Trpv1	-20.44995	-16.996073
Sh2b3	-12.875392	-9.421514
Cobl	-12.914654	-9.460775
Mtor	-12.429023	-8.975144
Rbm28	-11.812134	-8.358255
Jup	-12.012449	-8.558571
Fam102b	-12.521905	-9.068027
Sar1b	-11.110777	-7.656899
Parp9	-13.523373	-10.069494
Gm17259	-15.056323	-11.602445
1700020L24Rik	-18.052053	-14.598176
Rgs14	-19.756802	-16.302925
Rae1	-12.120533	-8.666655
Dhrs3	-10.967067	-7.513189
A430073D23Rik	-15.350083	-11.896205
Tut7	-11.618676	-8.164798
5530601H04Rik	-13.407664	-9.953786
Tet3	-11.947465	-8.493587
Ddx24	-10.641707	-7.1878295
Fastkd3	-14.109591	-10.655712
C1qtnf6	-12.033683	-8.579804
Thap1	-13.365724	-9.911845
Prpsap1	-11.501364	-8.047485
Slc35a3	-13.23471	-9.780831
Bdkrb2	-16.537928	-13.084049
Uqcr11	-9.4283905	-5.974513
Gm12224	-18.50404	-15.050162
Arid1b	-11.749769	-8.295891
Ggcx	-12.6481495	-9.194271
Tnip3	-18.50404	-15.050162
Sp6	-18.052053	-14.598176
Prss55	-18.65819	-15.204312
Tmed5	-12.143971	-8.690093
Gm44731	-16.201454	-12.747577
Large1	-11.68574	-8.231862
Gm43024	-16.537928	-13.084049
Gm10000	-18.052053	-14.598176
Adamts8	-12.520103	-9.066225
Piezo1	-13.560359	-10.106481
C130026I21Rik	-18.147364	-14.693486
Gm32856	-15.824977	-12.3710985
Tfap2a	-17.965042	-14.511165
Pdlim4	-10.713876	-7.259998
Faap24	-14.100811	-10.646933
Lurap1l	-14.844148	-11.390269
Ntan1	-10.926406	-7.472528
Ino80e	-12.121258	-8.667379
Gm30873	-16.66576	-13.211882
Cnpy3	-12.158905	-8.705027
Sez6l2	-17.559578	-14.1057
Mfsd4b4	-14.726365	-11.272487
Zcchc18	-14.723103	-11.269224
Scml2	-15.805559	-12.351681
Kcnn2	-18.840511	-15.386634
Fzd1	-11.777293	-8.323415
Ift52	-13.048718	-9.59484
Olfm2	-14.687899	-11.23402
Trps1	-12.021588	-8.56771
Kcnh3	-17.559578	-14.1057
Tmem179b	-12.420843	-8.966965
Cited1	-17.616735	-14.162858
Gm44037	-18.50404	-15.050162
Dgkg	-12.596345	-9.142467
M1ap	-19.351337	-15.89746
Ifit3b	-14.496707	-11.042829
6530402F18Rik	-15.50119	-12.047312
D5Ertd615e	-18.840511	-15.386634
9530082P21Rik	-15.13183	-11.677952
Ints13	-12.8580885	-9.40421
Sh3gl1	-11.914917	-8.461039
Gorasp1	-13.477344	-10.023465
Mtmr11	-13.005701	-9.551823
Jmjd7	-14.632839	-11.178961
Prss23	-10.25111	-6.797232
Asgr1	-18.840511	-15.386634
Arfrp1	-11.95296	-8.499082
Hpdl	-15.65416	-12.200281
Zwint	-12.07732	-8.623442
Peli2	-11.310032	-7.856154
Thoc1	-12.013967	-8.560088
Rab7b	-17.154112	-13.700234
Znrf3	-13.317452	-9.863574
Asb12	-16.498707	-13.044828
Gpr84	-18.147364	-14.693486
Cdpf1	-12.240913	-8.787035
Net1	-10.069638	-6.6157603
Nle1	-13.824557	-10.370679
Serinc3	-9.961263	-6.507385
Gm19325	-15.070053	-11.616175
Dsp	-10.212494	-6.758616
Tmem17	-13.865159	-10.411281
Zfp760	-13.979151	-10.525272
Gm48321	-17.67736	-14.223483
Haus7	-13.28523	-9.831351
Apod	-18.50404	-15.050162
Psmd6	-11.015666	-7.561788
Gm50103	-18.65819	-15.204312
Psmc1	-11.199717	-7.7458386
Mocos	-14.912616	-11.458737
Whrn	-14.071524	-10.617645
Gm10451	-15.574753	-12.120874
Cfap20	-11.899129	-8.4452505
Gm4419	-16.09324	-12.639363
Traf6	-13.275226	-9.821347
Gm28404	-17.082653	-13.628776
Mrps33	-11.551175	-8.097297
Hoxa1	-15.107615	-11.653737
Lzts2	-11.330957	-7.8770795
Cited2	-10.222099	-6.7682214
Pgghg	-13.1274395	-9.673561
Eno2	-14.515056	-11.061177
Sco1	-14.145501	-10.691623
Hspg2	-9.624389	-6.170511
Lrwd1	-13.426191	-9.972313
Slmapos2	-18.840511	-15.386634
H2-T23	-13.962266	-10.508388
Lrba	-13.059152	-9.605273
Shoc2	-11.897583	-8.443705
Rab11fip5	-13.000452	-9.546574
Gm45237	-18.052053	-14.598176
Kat7	-12.629912	-9.176034
Gm48004	-20.44995	-16.996073
Grhl3	-20.44995	-16.996073
Gm10373	-18.50404	-15.050162
Gm37756	-17.67736	-14.223483
Lyve1	-14.609308	-11.15543
Lrp8	-14.547317	-11.093438
Gm15663	-14.048033	-10.594154
Nsd1	-11.237113	-7.783235
Mdh2	-10.687278	-7.2334
Gnas	-8.383679	-4.929802
Hps5	-13.520433	-10.066555
Spata13	-12.899289	-9.445411
4930445N18Rik	-17.358908	-13.905029
Gm15634	-17.965042	-14.511165
Dnajc28	-14.885429	-11.431551
4933433H22Rik	-20.44995	-16.996073
Mlip	-18.370508	-14.916631
Atp5o	-10.333814	-6.8799357
Ccdc149	-13.664363	-10.2104845
Zfx	-11.813375	-8.359497
Aldh1a2	-19.756802	-16.302925
Gm12153	-17.810892	-14.357015
C030017B01Rik	-13.404174	-9.950295
Eya1	-19.756802	-16.302925
Ik	-10.873232	-7.419354
Tspyl3	-14.858963	-11.405085
Deaf1	-13.168565	-9.714686
Pdlim3	-9.543553	-6.089676
Zfp821	-13.000452	-9.546574
Ttc19	-12.004252	-8.550374
Col6a5	-20.44995	-16.996073
Etaa1os	-14.381524	-10.927646
Rgl2	-12.94226	-9.488381
Gpr157	-15.251453	-11.797575
Nfe2l2	-11.120494	-7.666616
Hadha	-11.1137705	-7.6598926
Klf16	-14.02023	-10.566352
Rabgef1	-12.229547	-8.775668
Gm35853	-17.231073	-13.777196
Celsr2	-13.569566	-10.115687
Megf8	-12.960538	-9.5066595
Hspd1	-10.352212	-6.898334
Tmem91	-15.705018	-12.25114
Gm41760	-16.460966	-13.007088
Rps4x	-8.055156	-4.601278
Tex15	-17.358908	-13.905029
Tmem132e	-19.756802	-16.302925
Pdzrn3	-11.668856	-8.214977
Foxred1	-13.541195	-10.0873165
Brsk1	-13.588239	-10.13436
Arhgef12	-10.141698	-6.68782
Gm17039	-18.65819	-15.204312
Gm17745	-18.840511	-15.386634
Rmdn3	-13.0257845	-9.571906
Usp32	-12.613976	-9.160097
Shcbp1	-16.55813	-13.104252
Nxn	-11.287016	-7.833138
Pabpc1l	-17.117744	-13.663867
Mllt1	-13.18103	-9.727152
Dexi	-12.305271	-8.851393
Trim43a	-18.65819	-15.204312
Tmprss7	-19.063654	-15.6097765
Ly6c1	-17.7419	-14.288022
9530052C20Rik	-18.252724	-14.798846
Mafb	-13.14409	-9.690211
Mfsd12	-14.071524	-10.617645
Gm5878	-19.351337	-15.89746
Pigf	-13.37668	-9.922802
Gng11	-11.399192	-7.945314
Baiap2l1	-14.107829	-10.653951
Gemin7	-11.10185	-7.6479716
Rpp21	-11.635323	-8.181444
Agtrap	-12.778123	-9.3242445
Cenpq	-13.338438	-9.88456
Cntn2	-19.351337	-15.89746
Klk11	-19.756802	-16.302925
Chd1l	-13.590335	-10.1364565
Gprc5c	-17.885	-14.431123
Cops8	-11.416586	-7.962708
Slc8a1	-11.473688	-8.01981
Tcf3	-12.957747	-9.503869
Cryba1	-19.063654	-15.6097765
Anapc5	-10.800452	-7.3465743
Zfp688	-13.230309	-9.77643
AC149090.1	-11.776608	-8.32273
Cenpo	-14.597748	-11.143869
Asf1a	-12.267671	-8.813792
Akap1	-12.716267	-9.262388
Pitrm1	-12.281747	-8.827868
2310015D24Rik	-13.056687	-9.602809
Kcmf1	-11.17504	-7.7211623
Hacd2	-12.137569	-8.683691
Kcnq3	-13.4496155	-9.995737
Epas1	-11.665941	-8.212063
Cwf19l1	-14.192283	-10.738404
Mpp7	-11.545728	-8.091849
Ywhaz	-9.828574	-6.3746963
Cyp2d9	-19.756802	-16.302925
Nadsyn1	-15.156646	-11.702767
Elk4	-12.443583	-8.989704
Tprg	-17.885	-14.431123
Luzp2	-20.44995	-16.996073
Ccdc71	-13.021617	-9.567739
Abcb10	-13.256265	-9.802386
Lag3	-14.986118	-11.53224
Cdk5	-12.428038	-8.974159
Tmem25	-15.605763	-12.151885
Hebp2	-13.7333555	-10.279477
Amotl2	-11.484104	-8.030226
Imp4	-12.597122	-9.143244
Gm3512	-18.65819	-15.204312
Rnf103	-12.127556	-8.673677
Tes3-ps	-16.812363	-13.358485
Adamts4	-16.839031	-13.385154
Ciao1	-12.121499	-8.667621
Ssr2	-10.815126	-7.3612485
5430400D12Rik	-17.7419	-14.288022
Sin3a	-12.356793	-8.902915
Trit1	-13.811382	-10.357504
Slc18a2	-17.082653	-13.628776
Kcnq5	-13.570594	-10.116715
Zfp706	-10.797106	-7.343228
Prpf38a	-12.414348	-8.960469
Pi4ka	-12.421495	-8.967617
Hmgcs2	-11.741641	-8.287763
Tbc1d32	-13.543196	-10.089317
Ckap4	-10.76201	-7.3081317
Aggf1	-12.384685	-8.930806
Itpripl1	-15.047273	-11.593394
Stmnd1	-17.191853	-13.737975
Syt13	-20.44995	-16.996073
Dpp7	-13.416444	-9.962565
Plin1	-19.063654	-15.6097765
Stk17b	-11.076981	-7.6231027
Npat	-12.394157	-8.940279
Zmiz1os1	-17.015963	-13.562084
Cd3e	-18.840511	-15.386634
Gm10366	-17.965042	-14.511165
Hibch	-12.802164	-9.348286
Cttn	-11.75344	-8.2995615
Stil	-14.92849	-11.474611
Maml2	-11.869031	-8.415153
Appl1	-11.342751	-7.8888726
Csprs	-20.44995	-16.996073
Gna15	-19.756802	-16.302925
Crot	-12.218041	-8.764163
Dmxl2	-13.077832	-9.623954
Cpeb4	-11.674091	-8.220213
Spag9	-10.157126	-6.7032485
Slc9a2	-14.288743	-10.834865
Slc25a27	-13.724916	-10.271038
mt-Nd3	-7.976185	-4.5223074
Rfxank	-13.306333	-9.852454
Sf3b1	-10.35032	-6.896442
Rabepk	-12.891955	-9.438077
1110004F10Rik	-10.827633	-7.373755
Polr1e	-13.877667	-10.423789
Ap3s2	-13.069071	-9.615192
Mtus2	-10.317258	-6.86338
Capzb	-9.923899	-6.470021
Kcnt1	-17.7419	-14.288022
Pdia6	-10.62491	-7.1710324
Phf20	-11.717807	-8.263928
Zbtb42	-14.099065	-10.645186
Rreb1	-13.005116	-9.551238
Gm3331	-18.147364	-14.693486
Rragd	-15.494123	-12.040245
Gm14634	-17.048752	-13.594874
Gm47447	-18.50404	-15.050162
Tmem37	-17.965042	-14.511165
Hunk	-16.372412	-12.918534
Gmip	-14.786989	-11.333111
Hspb6	-10.659967	-7.2060895
Fndc3c1	-19.756802	-16.302925
Rps3	-8.269636	-4.815758
Ctu2	-12.835638	-9.38176
Rab30	-14.885429	-11.431551
Rnase4	-11.829298	-8.37542
Tent4b	-12.451614	-8.997736
1700086D15Rik	-17.015963	-13.562084
Pex13	-12.376235	-8.922357
AC132444.6	-18.052053	-14.598176
Hmcn1	-18.252724	-14.798846
Gm20597	-19.063654	-15.6097765
Kremen2	-19.756802	-16.302925
Map3k3	-12.560117	-9.106238
Gm20186	-14.615139	-11.161261
Styx	-13.489602	-10.035724
Naif1	-14.726365	-11.272487
H2-Q10	-17.559578	-14.1057
D030025P21Rik	-16.460966	-13.007088
Mad2l2	-13.340888	-9.88701
Gm12238	-18.370508	-14.916631
Fbxo41	-17.015963	-13.562084
Rhog	-12.794086	-9.340208
Sdad1	-12.824355	-9.370477
Alox12	-14.749507	-11.295629
Gsto1	-12.399566	-8.945687
BC030343	-17.965042	-14.511165
Tcp10b	-18.370508	-14.916631
4930500M09Rik	-18.052053	-14.598176
Pygm	-11.953368	-8.49949
Klhl28	-12.82582	-9.371942
Gm38115	-15.337962	-11.884084
Map4k5	-12.194382	-8.740503
Ms4a6d	-19.351337	-15.89746
Osbpl10	-15.213508	-11.759629
Lrrc51	-14.338483	-10.884604
Igfbp5	-11.52876	-8.074882
Gnai3	-11.453175	-7.9992967
Bend4	-14.154684	-10.700806
Tln2	-13.413801	-9.959923
Specc1l	-11.461379	-8.007501
Gm49066	-15.473216	-12.019338
Megf6	-18.840511	-15.386634
Nat8f4	-18.252724	-14.798846
Itih2	-12.123191	-8.6693125
Clns1a	-12.061728	-8.607849
Kcnk6	-14.87022	-11.416342
Gm9967	-17.015963	-13.562084
Rims1	-16.260296	-12.806417
Serp1	-11.145846	-7.6919684
Pi15	-9.60353	-6.149652
Acacb	-14.483804	-11.029925
Gm50152	-19.351337	-15.89746
Trub2	-13.629933	-10.176055
4930599N23Rik	-17.117744	-13.663867
Eef1akmt2	-12.670065	-9.216187
Gm48796	-16.537928	-13.084049
Nop53	-11.184837	-7.7309594
Rorb	-18.50404	-15.050162
Cdk2ap1	-12.414995	-8.961117
Gm11639	-15.400094	-11.946216
Wnk3	-16.406898	-12.95302
Plxna4	-11.943818	-8.48994
Ppa2	-12.182501	-8.728622
Zfp560	-11.9232025	-8.469324
Arhgef11	-12.755102	-9.301224
Crybb1	-16.68875	-13.234872
Bbs4	-12.994074	-9.540195
Gm16794	-15.74947	-12.295591
Lats1	-11.881683	-8.427805
9430060I03Rik	-16.406898	-12.95302
AI646519	-17.67736	-14.223483
Pcdhb7	-16.019133	-12.565255
Dph7	-13.551235	-10.097357
Ptpre	-17.405428	-13.95155
Fam83d	-16.76107	-13.307192
Chchd10	-12.507588	-9.05371
Pmpca	-12.820946	-9.367067
Far1	-11.51589	-8.062012
Slc16a13	-15.374776	-11.9208975
Gm26704	-17.885	-14.431123
Gm11946	-14.936522	-11.482643
Gm42595	-15.3562	-11.902322
Dnajb6	-10.571217	-7.1173387
Il4i1	-17.231073	-13.777196
Thap4	-13.591385	-10.1375065
Rhoa	-9.533318	-6.0794396
Egln3	-14.729638	-11.27576
Cdh2	-14.0938425	-10.639964
Gm50163	-20.44995	-16.996073
Leng9	-13.327084	-9.873205
Gm34923	-18.840511	-15.386634
Rrbp1	-9.189803	-5.735925
Itfg1	-11.457517	-8.003638
Tmco6	-13.791939	-10.33806
Qsox2	-12.814163	-9.360285
Twist2	-15.007532	-11.553654
Hells	-14.885429	-11.431551
Hebp1	-11.246533	-7.7926555
Zfp217	-15.487105	-12.033227
Cybc1	-13.080979	-9.627101
Gm47525	-17.405428	-13.95155
Pcbp1	-10.440842	-6.9869637
Gca	-16.736378	-13.282499
Pfn2	-12.711462	-9.257584
Ptk7	-17.965042	-14.511165
Rplp1	-7.6019154	-4.148038
Pgap3	-14.7362175	-11.282339
Ptafr	-18.840511	-15.386634
Rpl19	-8.11975	-4.665872
Psma5	-10.761018	-7.30714
Arhgef9	-12.817064	-9.363186
Ints7	-13.301604	-9.847726
Msn	-9.461864	-6.0079865
Tubb3	-17.50551	-14.051633
Pcdhb20	-14.393167	-10.939288
Olfr1030	-19.756802	-16.302925
Pde12	-13.164444	-9.710566
Selenbp1	-12.048616	-8.594738
Rflna	-18.65819	-15.204312
BC025920	-16.953442	-13.499564
Aknad1	-12.891434	-9.437555
Txndc5	-10.860557	-7.4066787
Epg5	-13.840601	-10.386723
1700124L16Rik	-17.7419	-14.288022
Ccl12	-17.885	-14.431123
Cdca3	-16.132462	-12.678583
Ripor1	-12.186359	-8.732481
Zfp286	-14.064755	-10.610877
Odc1	-11.100456	-7.6465783
Sytl4	-15.007532	-11.553654
Apoc1	-18.370508	-14.916631
Eapp	-11.303295	-7.849417
Gm10300	-18.50404	-15.050162
Proca1	-14.706947	-11.253069
Cyct	-17.191853	-13.737975
Trmt2b	-12.692899	-9.23902
Dtx3l	-13.640911	-10.187033
Zfyve28	-14.446063	-10.992185
Wnt6	-17.048752	-13.594874
Cabin1	-12.064918	-8.611039
Dctpp1	-12.634339	-9.180461
Gm10184	-16.599802	-13.145925
Ppp1r7	-11.681998	-8.22812
Trim38	-18.50404	-15.050162
Pafah1b1	-9.946254	-6.492376
Hpf1	-11.548311	-8.094433
Gm47990	-14.948692	-11.494814
Nkx6-2	-19.063654	-15.6097765
Gcfc2	-13.744311	-10.290433
Slc7a6os	-13.1596575	-9.705779
Ascc2	-13.341706	-9.887828
Camkmt	-13.703538	-10.24966
5430425K12Rik	-16.953442	-13.499564
Gm17324	-17.358908	-13.905029
Mrpl15	-11.637851	-8.183972
Gimap5	-20.44995	-16.996073
A830009L08Rik	-17.358908	-13.905029
Gm16348	-19.351337	-15.89746
Dusp2	-15.344005	-11.890126
Gm20632	-15.01187	-11.557992
Ifi203	-19.063654	-15.6097765
Hikeshi	-11.396966	-7.943088
Pramef12	-16.92359	-13.469711
Ythdc1	-10.869702	-7.4158244
Tpt1	-7.4182773	-3.9643998
Alyref2	-14.147331	-10.693453
Synj2	-12.334728	-8.88085
Retn	-19.756802	-16.302925
Zfp451	-11.981947	-8.528069
BC049762	-17.405428	-13.95155
Gm9951	-12.77394	-9.320062
Psmd7	-10.114193	-6.660315
Spns1	-12.237382	-8.783504
Calm1	-8.2476	-4.7937217
Cep57	-12.325207	-8.871328
Bin2	-19.063654	-15.6097765
2610044O15Rik8	-13.225197	-9.771318
Zbtb37	-13.122827	-9.668948
Chrna1	-13.815317	-10.361439
Lrp1b	-16.406898	-12.95302
Fam160b2	-12.978587	-9.524709
Ubxn8	-13.056687	-9.602809
Erich4	-19.351337	-15.89746
Wdpcp	-13.798378	-10.3445
Bpgm	-13.093032	-9.6391535
Lysmd4	-13.775389	-10.32151
Smg9	-13.277526	-9.8236475
2900045O20Rik	-17.616735	-14.162858
BC017158	-13.448705	-9.994826
Dync1li2	-11.969836	-8.515958
Gm34655	-16.537928	-13.084049
Gper1	-19.063654	-15.6097765
Dnajb2	-11.722496	-8.268618
Atp6v0a1	-12.109017	-8.655139
Sfmbt1	-12.996388	-9.54251
Slc15a2	-13.863778	-10.4099
A830035O19Rik	-15.722562	-12.268683
Pak3	-13.835224	-10.381346
Htra2	-12.550055	-9.096176
Tbc1d10b	-12.560491	-9.106612
Syvn1	-13.202158	-9.74828
Ubap2l	-10.875383	-7.4215055
4933415A04Rik	-19.756802	-16.302925
E430024P14Rik	-15.786511	-12.332633
Isg20	-15.896073	-12.442195
2010109A12Rik	-15.722562	-12.268683
Eea1	-10.499149	-7.0452714
Prrxl1	-20.44995	-16.996073
Dbi	-9.648927	-6.195049
Ubr2	-11.392994	-7.939116
Gne	-12.136343	-8.682465
N4bp2	-13.132074	-9.678196
Gm9970	-15.5226965	-12.068818
Trak1	-12.063549	-8.609671
Hmgcl	-12.373435	-8.919557
Atp5a1	-9.759278	-6.3054004
Fgd5	-18.50404	-15.050162
Ube2f	-11.887784	-8.433906
Runx1t1	-11.785544	-8.331666
Xpo6	-12.566881	-9.113003
Herc4	-12.714517	-9.260638
Trappc12	-12.712334	-9.258455
Inmt	-17.271896	-13.818018
Rsbn1l	-10.908796	-7.4549184
Zfp369	-13.443254	-9.989376
Hoxb8	-12.824843	-9.370965
Isca2	-12.1297455	-8.675867
Nwd2	-20.44995	-16.996073
2700054A10Rik	-18.370508	-14.916631
Kcna4	-19.756802	-16.302925
A230059L01Rik	-16.442617	-12.988739
Gdpd3	-16.894602	-13.440723
2210408I21Rik	-13.390332	-9.936454
Pbrm1	-10.102996	-6.649118
Tbxa2r	-11.573825	-8.1199465
Atg4d	-12.916256	-9.462378
Frs2	-12.341628	-8.88775
Glt8d2	-15.374776	-11.9208975
Scd2	-11.506575	-8.052696
Setd3	-11.108757	-7.654879
Ap2a2	-12.189715	-8.735837
9530052E02Rik	-17.7419	-14.288022
Slc22a21	-14.255545	-10.801666
Toe1	-12.655539	-9.20166
Gm9958	-16.389507	-12.935629
Calu	-10.052376	-6.598498
Tenm3	-12.084278	-8.6304
Prpsap2	-13.255513	-9.801635
Ppef2	-17.885	-14.431123
Hes7	-17.314455	-13.860578
Csta1	-18.370508	-14.916631
Card9	-20.44995	-16.996073
Mpdu1	-13.024592	-9.570714
Lancl3	-12.107587	-8.653708
A930029G22Rik	-16.460966	-13.007088
Asic1	-19.756802	-16.302925
Nt5dc3	-13.730937	-10.277059
C1qtnf3	-17.271896	-13.818018
St14	-17.810892	-14.357015
Pstpip1	-15.235014	-11.781136
Ulk4	-14.443597	-10.989718
Gm14966	-15.2966585	-11.84278
Pcgf2	-13.236182	-9.782304
Gm16070	-16.424599	-12.97072
4931406C07Rik	-12.319891	-8.866013
Ncl	-9.427247	-5.973369
Csdc2	-12.64774	-9.193862
Zfp330	-12.038117	-8.584239
Vgll2	-15.597919	-12.144041
Slco1a4	-17.810892	-14.357015
Gm19705	-12.915188	-9.461309
Ascc3	-11.814974	-8.361095
Iqank1	-18.65819	-15.204312
Col16a1	-13.654244	-10.200366
Gm16046	-19.756802	-16.302925
A230083G16Rik	-19.756802	-16.302925
Trat1	-19.063654	-15.6097765
Prpf6	-11.90592	-8.452042
Ahcy	-14.259635	-10.805757
Tnnc1	-15.722562	-12.268683
Gp9	-17.885	-14.431123
Dedd2	-13.47922	-10.025342
Gm26770	-20.44995	-16.996073
Gm48086	-16.18727	-12.733392
Gm31641	-16.66576	-13.211882
Usp40	-12.908267	-9.454389
Aplp2	-8.967082	-5.513204
Cyc1	-10.9006405	-7.4467626
Lin7a	-20.44995	-16.996073
Gm45894	-19.351337	-15.89746
Zfp507	-13.008043	-9.554165
Cdhr1	-18.370508	-14.916631
Rasa2	-11.9159	-8.462022
Kctd12	-13.92492	-10.471042
Slc35a2	-12.538993	-9.0851145
Mylk4	-9.323319	-5.869442
Crkl	-12.598289	-9.14441
Cul9	-13.107819	-9.65394
Shc4	-16.406898	-12.95302
Elovl6	-14.706947	-11.253069
Nfkbib	-12.634743	-9.180864
A130014A01Rik	-14.91656	-11.462682
Actr1a	-11.995697	-8.541819
Apoa1	-17.965042	-14.511165
Echdc1	-12.9992895	-9.545411
Cdc25b	-13.682607	-10.228728
Jam3	-11.237312	-7.7834344
Ice1	-12.181731	-8.727853
Pakap	-14.749507	-11.295629
Eif4g3	-11.609804	-8.155926
Zfp941	-19.351337	-15.89746
Clpx	-11.934759	-8.480881
Agtr1a	-15.69636	-12.242481
9330188P03Rik	-17.117744	-13.663867
Gm26571	-18.052053	-14.598176
Nupl2	-13.890335	-10.436457
Psmg3	-12.306142	-8.852263
Gm47423	-20.44995	-16.996073
Gm47962	-16.621307	-13.16743
Cnot1	-11.626891	-8.173013
Slc23a2	-13.005116	-9.551238
Slc25a4	-8.761703	-5.3078246
Doc2b	-19.756802	-16.302925
Ick	-11.989963	-8.536084
Lmnb2	-14.393167	-10.939288
Vegfa	-13.067825	-9.613947
Thap7	-12.3749895	-8.921111
Tmbim6	-10.558687	-7.1048093
Tuba3b	-18.840511	-15.386634
Ikzf4	-14.460989	-11.007111
Gdi2	-10.364349	-6.9104714
1810044D09Rik	-16.15949	-12.705612
Ugt1a7c	-20.44995	-16.996073
Cars	-13.057919	-9.60404
Kdm5a	-11.60547	-8.151591
Cant1	-12.423453	-8.969575
Rpl29	-8.900037	-5.4461594
Pitx2	-17.559578	-14.1057
Zbtb7c	-14.478688	-11.02481
Zfp654	-12.90986	-9.455981
Ccdc86	-12.987161	-9.533282
Gm26542	-18.052053	-14.598176
Prkd1	-13.292994	-9.839115
Ubald1	-13.364886	-9.911008
Gm43140	-18.147364	-14.693486
Msl1	-11.664258	-8.21038
Clic4	-9.098461	-5.6445837
Lipc	-17.082653	-13.628776
Nrl	-18.252724	-14.798846
Nfkb2	-13.344985	-9.891107
Zc4h2	-14.122013	-10.668135
Kif3a	-11.56078	-8.106901
Spag4	-15.65416	-12.200281
Crybb3	-13.31506	-9.861181
Cgnl1	-12.34223	-8.888351
Cers4	-11.65816	-8.204282
1700109H08Rik	-15.393704	-11.939826
Stc2	-14.877796	-11.423918
Vps37c	-12.981437	-9.527558
Gm16984	-19.351337	-15.89746
Sidt2	-11.874677	-8.420798
Anxa3	-10.351266	-6.897388
Stx1a	-12.678884	-9.225005
Apol8	-15.834829	-12.380951
Brd8	-11.718452	-8.264574
Gm43773	-16.812363	-13.358485
Fndc7	-18.252724	-14.798846
Ilkap	-11.45169	-7.997812
Rit1	-11.615467	-8.161589
Pik3ip1	-12.1529045	-8.699026
Arl4d	-13.463384	-10.009505
Tes	-10.930949	-7.4770713
Lsm10	-11.9182625	-8.464384
2500002B13Rik	-16.953442	-13.499564
Hpcal1	-12.180193	-8.726315
Col22a1	-16.339075	-12.885198
Masp1	-17.616735	-14.162858
B3gntl1	-14.948692	-11.494814
1300014J16Rik	-18.147364	-14.693486
Gm35576	-17.231073	-13.777196
2810402E24Rik	-13.676869	-10.222991
Gm13010	-15.051787	-11.597909
4631405J19Rik	-12.949973	-9.496095
Hoxb7	-12.418565	-8.964686
Polr3a	-13.392913	-9.939034
Rpl36	-8.212224	-4.758346
Impa2	-13.894593	-10.440715
Gpc3	-13.823233	-10.369354
Pde4c	-18.370508	-14.916631
Gm15241	-19.756802	-16.302925
Ccny	-11.576062	-8.122184
Igf1r	-10.763686	-7.3098083
Ap1ar	-12.457682	-9.003803
Sv2b	-18.052053	-14.598176
Krt7	-18.370508	-14.916631
Them6	-14.723103	-11.269224
Inka2	-12.239011	-8.785132
Adh7	-18.052053	-14.598176
Asna1	-12.086142	-8.632263
Ebna1bp2	-11.382672	-7.9287944
Peli3	-14.314385	-10.860507
Ric1	-12.4130535	-8.959175
Zbtb41	-12.3108015	-8.856923
Pds5b	-11.856908	-8.403029
Gm13376	-19.063654	-15.6097765
C2cd3	-13.290658	-9.83678
Taf5l	-13.573686	-10.119807
Mmp14	-12.290004	-8.836125
Ppp3cc	-13.8846855	-10.430807
Mterf1b	-15.896073	-12.442195
Zfp667	-13.592436	-10.138557
Cd79b	-19.756802	-16.302925
Irf1	-13.85417	-10.400291
Oca2	-18.50404	-15.050162
Ghdc	-13.225925	-9.772047
Zfp142	-13.228114	-9.774236
Gm12184	-14.900874	-11.446996
Tm9sf3	-10.032921	-6.579043
Klc2	-13.252515	-9.798636
Shisa9	-19.351337	-15.89746
Cabyr	-18.252724	-14.798846
Hsf2bp	-17.117744	-13.663867
Mthfsd	-13.23471	-9.780831
Il12a	-17.405428	-13.95155
Gm28707	-16.215843	-12.761965
Zfyve16	-12.161164	-8.707286
P3h2	-12.087542	-8.633663
Prkcb	-19.756802	-16.302925
Il1b	-20.44995	-16.996073
Zfp598	-12.693327	-9.239449
Unc5a	-19.063654	-15.6097765
Cdipt	-12.1596575	-8.705779
Wdr47	-12.866194	-9.412315
Lifr	-11.964454	-8.510575
4930532G15Rik	-14.866454	-11.412576
Gm4724	-15.777122	-12.323243
Eef1aknmt	-14.215539	-10.761661
Cpne2	-11.530096	-8.076218
Rbms3	-10.44793	-6.9940524
Dcun1d2	-13.143418	-9.68954
Rbmx	-12.712334	-9.258455
Igsf8	-11.733906	-8.280027
Plag1	-15.182092	-11.728213
Ro60	-11.667934	-8.214056
Nhlrc1	-14.138215	-10.684337
Ezh1	-12.317537	-8.863659
Ctdspl	-11.219611	-7.7657332
Afmid	-13.762841	-10.308963
6030452D12Rik	-20.44995	-16.996073
Tomm5	-10.946865	-7.492987
Uggt2	-12.9695215	-9.515643
Olfr1385	-17.965042	-14.511165
Exoc2	-12.986013	-9.532135
Spryd7	-12.347061	-8.893183
Nelfb	-12.1554	-8.701522
Top2b	-10.603245	-7.149367
Tafa3	-17.965042	-14.511165
Gm31946	-18.370508	-14.916631
Rhob	-10.192923	-6.7390447
Cdc42ep2	-15.088658	-11.63478
Vmn1r218	-18.840511	-15.386634
Tigd5	-14.347391	-10.893513
Gfap	-17.67736	-14.223483
Gm12925	-16.215843	-12.761965
Il1rap	-14.383842	-10.929964
Gm19951	-20.44995	-16.996073
Smim7	-11.308209	-7.8543315
Rab11fip2	-11.805595	-8.351717
Pdrg1	-11.903392	-8.449513
Klhl5	-12.781857	-9.327978
Antxr1	-11.373827	-7.919949
Gm5493	-19.756802	-16.302925
Gm29675	-19.063654	-15.6097765
Gm40910	-19.756802	-16.302925
Grwd1	-13.72973	-10.275851
Nfs1	-12.800258	-9.346379
Wnt11	-18.65819	-15.204312
4930461C15Rik	-18.50404	-15.050162
Gm5475	-18.147364	-14.693486
Mgat5b	-14.507151	-11.053272
Tmem151a	-16.15949	-12.705612
Gm13562	-17.885	-14.431123
2610020C07Rik	-15.229594	-11.775716
Gabpb1	-13.457853	-10.003975
Arhgef18	-12.779522	-9.325644
3110099E03Rik	-19.063654	-15.6097765
Glyctk	-16.92359	-13.469711
Zfc3h1	-12.335925	-8.882047
Tssk1	-18.370508	-14.916631
Map3k12	-13.279061	-9.825183
2410004B18Rik	-12.529504	-9.075625
Rgl3	-14.441137	-10.987259
Ndufa13	-9.134098	-5.6802206
Hs3st3b1	-19.063654	-15.6097765
Slc35e4	-12.721535	-9.267656
Trpv4	-18.840511	-15.386634
Cacna1e	-17.965042	-14.511165
Gm47237	-15.381046	-11.927168
Vill	-16.230442	-12.776564
Mmp2	-13.037789	-9.583911
4921516A02Rik	-17.7419	-14.288022
Tnr	-17.048752	-13.594874
Crlf2	-11.726231	-8.272352
Rps25	-8.555251	-5.101373
Serpina3n	-18.052053	-14.598176
Pstpip2	-16.839031	-13.385154
Lipo3	-12.832683	-9.378804
Rps6ka1	-17.965042	-14.511165
Dynlt1b	-14.635819	-11.181941
Bend6	-15.885602	-12.431724
Ndufv3	-9.895936	-6.442058
Chmp1a	-12.054699	-8.600821
Slc39a6	-12.516153	-9.062275
Trim26	-12.705813	-9.251935
Zbtb17	-13.933757	-10.479878
Arhgap11a	-15.74947	-12.295591
Gm11747	-18.65819	-15.204312
Tasp1	-13.698849	-10.24497
Myzap	-15.494123	-12.040245
Hes1	-11.773363	-8.319485
Ndufaf4	-11.914917	-8.461039
Fan1	-14.463498	-11.00962
Stimate	-10.296015	-6.842137
Mrpl52	-10.245988	-6.79211
Sdr39u1	-12.5951805	-9.141302
Gm826	-19.351337	-15.89746
4930519P11Rik	-17.885	-14.431123
Gm26652	-18.252724	-14.798846
Gm26744	-19.351337	-15.89746
Nxph3	-15.687777	-12.233898
Mpp6	-11.661052	-8.207173
Clec10a	-20.44995	-16.996073
AU022252	-12.971781	-9.517902
A930038B10Rik	-16.786388	-13.33251
Gm37459	-19.756802	-16.302925
Gm14399	-14.74284	-11.288961
Atp1a2	-10.157702	-6.7038245
Kars	-12.0448065	-8.590928
Clcn7	-13.043847	-9.589969
Ddx47	-12.147188	-8.69331
Tmem127	-12.32048	-8.866602
Gm14023	-16.894602	-13.440723
Gatm	-16.894602	-13.440723
Enho	-14.290854	-10.836976
Tpx2	-14.205783	-10.7519045
Arid2	-11.899902	-8.446024
Tm9sf4	-12.138061	-8.684182
Soga1	-13.384336	-9.930458
Amy1	-16.537928	-13.084049
Ldha	-10.351472	-6.897594
Gm48646	-16.18727	-12.733392
4933431E20Rik	-14.666125	-11.212247
Tspan32	-18.65819	-15.204312
Ccz1	-12.338622	-8.884744
Coro2b	-16.71228	-13.258402
Fat4	-11.945437	-8.491559
Rnd2	-12.480938	-9.02706
Krt8	-17.67736	-14.223483
Nek6	-14.783524	-11.329645
Dbil5	-17.616735	-14.162858
Hif1a	-10.5882225	-7.1343446
8430419K02Rik	-17.271896	-13.818018
Supt5	-11.324623	-7.870745
Plk3	-14.151001	-10.697123
Ttc4	-12.404682	-8.950804
Kif13a	-11.402011	-7.948133
C2cd2l	-13.432444	-9.978565
Tmppe	-15.368546	-11.914667
Tmem52	-20.44995	-16.996073
Cwf19l2	-11.689341	-8.235462
Zfp652	-11.69374	-8.2398615
Ccdc146	-14.404944	-10.951066
Zfp976	-13.450528	-9.99665
Rad18	-14.349631	-10.895753
Gm11696	-16.201454	-12.747577
9230116L04Rik	-17.616735	-14.162858
Bhlhb9	-12.881571	-9.427692
Gm26688	-19.756802	-16.302925
Txk	-19.063654	-15.6097765
Ggt5	-16.498707	-13.044828
Gm9968	-17.67736	-14.223483
Ano4	-16.09324	-12.639363
Syn1	-15.302456	-11.8485775
Slc39a3	-12.749203	-9.295324
Ppp1r9a	-12.993496	-9.539618
Dstyk	-12.319008	-8.865129
Zfp335	-13.680308	-10.22643
Gm17216	-16.389507	-12.935629
Prkra	-12.287434	-8.833555
Slc7a4	-17.67736	-14.223483
Shisa4	-11.204435	-7.7505574
Gpbar1	-16.106144	-12.6522665
Gm37855	-17.67736	-14.223483
Bst2	-11.982158	-8.528279
Cebpb	-11.065657	-7.6117787
Gm11423	-14.338483	-10.884604
Akr1c14	-13.090483	-9.636604
Ccdc167	-12.538993	-9.0851145
Bvht	-15.864983	-12.411104
Efcab12	-17.67736	-14.223483
Rhobtb1	-10.765117	-7.311239
Shfl	-15.03385	-11.579971
Ppip5k1	-12.657601	-9.203723
Tmem120a	-12.815613	-9.361734
Maf	-11.472804	-8.018926
Ptpn6	-19.351337	-15.89746
Lhfp	-9.6231365	-6.1692586
Gm14341	-18.65819	-15.204312
Gm43256	-17.117744	-13.663867
Senp6	-10.483723	-7.0298448
Rdh13	-13.799671	-10.345793
Zfp940	-14.8259325	-11.372054
Aldh1b1	-15.637766	-12.1838875
Ctf1	-12.986588	-9.532709
Fam228b	-15.896073	-12.442195
Kcng4	-18.840511	-15.386634
Gm16759	-15.854831	-12.400952
Gm16096	-17.117744	-13.663867
Tcim	-14.523025	-11.069146
Gm15747	-17.154112	-13.700234
Gm10874	-16.984213	-13.530335
D630024D03Rik	-17.559578	-14.1057
Nat8f3	-19.756802	-16.302925
Vwa5a	-12.200375	-8.746496
Gm31013	-19.756802	-16.302925
Gm20075	-16.0555	-12.601623
Gopc	-12.47164	-9.017761
D230022J07Rik	-15.50119	-12.047312
Dgcr6	-11.539769	-8.085891
Tctn3	-14.723103	-11.269224
Sntg1	-20.44995	-16.996073
Immt	-11.140307	-7.6864295
Bub1	-16.92359	-13.469711
Lacc1	-17.810892	-14.357015
Xist	-17.358908	-13.905029
Tprgl	-10.320483	-6.8666053
Gm4755	-17.559578	-14.1057
Ints1	-12.640003	-9.186125
Vsig10l	-15.864983	-12.411104
Gm19610	-16.68875	-13.234872
Ppfia3	-17.191853	-13.737975
Castor1	-12.9335165	-9.479638
Frmd6	-11.501624	-8.047746
Gprin2	-14.563846	-11.109967
Gm10037	-15.473216	-12.019338
Morn4	-15.18726	-11.733381
Gm10322	-18.840511	-15.386634
1110019D14Rik	-13.827214	-10.373336
Ube2e3	-11.40791	-7.9540324
Nupr1l	-14.23135	-10.777472
Cyp26a1	-20.44995	-16.996073
Gm29811	-17.231073	-13.777196
Fbxl5	-12.338322	-8.884443
Sox30	-16.442617	-12.988739
Pxk	-12.302372	-8.848494
Gm36745	-19.756802	-16.302925
Ptk6	-20.44995	-16.996073
Tmed1	-11.970459	-8.516581
Gm17108	-16.479658	-13.02578
Plch2	-17.67736	-14.223483
Tgfb1	-12.070411	-8.616532
Mvp	-12.078245	-8.624367
Gm16170	-18.052053	-14.598176
Cfap36	-11.511288	-8.057409
Pxdc1	-11.153799	-7.699921
Chrd	-13.657606	-10.203728
Eqtn	-17.67736	-14.223483
Stard9	-14.488945	-11.035067
Arhgef5	-12.09457	-8.640692
1810030O07Rik	-12.917327	-9.463449
Kctd14	-17.965042	-14.511165
1700015F17Rik	-17.67736	-14.223483
Dmac1	-11.503705	-8.049827
Hmbs	-12.98946	-9.535582
Gm15851	-16.145885	-12.692007
C130040N14Rik	-19.756802	-16.302925
Park7	-9.845223	-6.3913455
Ppp1r12b	-9.654977	-6.201099
S100a6	-7.7023377	-4.2484603
Rbsn	-12.784665	-9.330787
Copb2	-10.73231	-7.2784324
Gm29292	-19.756802	-16.302925
Cdh11	-13.524355	-10.070477
Ankib1	-12.143231	-8.689353
Pla2g12b	-17.67736	-14.223483
Nubp2	-12.996967	-9.543089
2810407A14Rik	-19.063654	-15.6097765
A530041M06Rik	-15.439315	-11.985436
Gm26691	-16.080502	-12.626624
Cdk13	-11.774899	-8.32102
Rfc1	-11.318328	-7.86445
Irgq	-13.161706	-9.707828
Gm43330	-16.372412	-12.918534
Ccdc3	-9.527092	-6.073214
AI182371	-17.965042	-14.511165
C2cd4c	-19.756802	-16.302925
BC005537	-10.860215	-7.4063373
Bzw2	-12.459035	-9.0051565
Gabrq	-15.029415	-11.575537
Apold1	-16.76107	-13.307192
A230005M16Rik	-16.599802	-13.145925
Asb10	-15.117231	-11.663353
Erc2	-18.65819	-15.204312
P2rx7	-15.117231	-11.663353
Fbrs	-12.949421	-9.495543
Gbp3	-15.637766	-12.1838875
Prex2	-13.004533	-9.550654
Cntfr	-15.713752	-12.259873
Pfkl	-11.976291	-8.522412
Gm6288	-17.67736	-14.223483
2410080I02Rik	-14.325267	-10.871388
Arhgef25	-11.012235	-7.558357
Zfp982	-13.948661	-10.494782
Zfp212	-13.149477	-9.695599
Sesn3	-12.048168	-8.59429
Mst1r	-15.18726	-11.733381
Aipl1	-17.965042	-14.511165
2410131K14Rik	-13.627752	-10.173874
Lsm2	-12.119328	-8.665449
Inppl1	-12.666309	-9.212431
Apol9a	-15.824977	-12.3710985
Zfp287	-13.836566	-10.382688
Gm16701-1	-14.644815	-11.190937
Hapln3	-16.786388	-13.33251
Trmt12	-13.657606	-10.203728
A630001G21Rik	-17.965042	-14.511165
Mms22l	-16.019133	-12.565255
Fam162a	-10.414865	-6.9609866
Dnajc21	-11.24041	-7.786532
Neil2	-19.351337	-15.89746
Mtrex	-12.010502	-8.556623
Klk8	-18.840511	-15.386634
Gm48071	-19.756802	-16.302925
Stmn3	-19.063654	-15.6097765
Bcat1	-18.840511	-15.386634
Rab8a	-11.917869	-8.46399
Ap5m1	-13.021023	-9.567144
Bcl6	-12.574071	-9.120193
Uba2	-10.704872	-7.250994
Coq9	-12.525516	-9.071637
Erlin2	-13.003365	-9.549486
Fnbp1	-12.03479	-8.580912
Zbtb12	-13.819266	-10.365388
Pcdhga9	-15.229594	-11.775716
Inpp4a	-11.772511	-8.318632
1700034E13Rik	-17.965042	-14.511165
C1qtnf2	-11.198564	-7.7446856
Anpep	-15.224203	-11.770325
Rdx	-10.270764	-6.8168864
Gm45250	-16.132462	-12.678583
Mdfic	-13.535219	-10.081341
Mtx3	-14.125591	-10.671713
Aldoa-1	-19.756802	-16.302925
2010308F09Rik	-19.756802	-16.302925
Hmcn2	-18.65819	-15.204312
Psmc6	-10.70581	-7.2519317
Gm43585	-19.351337	-15.89746
Mlx	-12.154402	-8.700523
Uts2r	-17.117744	-13.663867
Snx5	-11.976708	-8.52283
Zfp319	-13.664363	-10.2104845
Polr3d	-12.438927	-8.985048
B4galt4	-13.417326	-9.963448
Depdc1b	-17.7419	-14.288022
Mat2b	-11.224623	-7.770745
Patj	-15.093364	-11.639485
Dnase1l2	-15.928162	-12.474283
Mxra8	-10.552531	-7.0986533
Gm12404	-19.063654	-15.6097765
E030018B13Rik	-18.840511	-15.386634
Shisa5	-11.719583	-8.265704
1700013F07Rik	-17.50551	-14.051633
Gm43915	-16.812363	-13.358485
B130046B21Rik	-17.231073	-13.777196
Gm15866	-17.7419	-14.288022
Igsf23	-16.812363	-13.358485
Gm19409	-15.758602	-12.304724
Crhr2	-14.23935	-10.785472
Gch1	-15.151633	-11.697755
Creld2	-12.414671	-8.960793
Vapb	-10.915355	-7.461477
Tram2	-12.440255	-8.986377
Slc4a7	-11.419334	-7.9654565
Spsb1	-11.632949	-8.17907
Gria3	-15.208203	-11.754325
Klkb1	-17.405428	-13.95155
Vnn1	-15.262565	-11.808686
Crym	-20.44995	-16.996073
Slc10a3	-14.539153	-11.085275
Tfg	-11.537746	-8.083868
Prkrip1	-12.382801	-8.928923
Polr3c	-13.233975	-9.780097
Stk32a	-17.810892	-14.357015
Gm11273	-15.544675	-12.090796
Gm26558	-15.961314	-12.507436
Tm2d3	-11.45268	-7.9988017
Nrn1l	-16.76107	-13.307192
4930453C13Rik	-19.063654	-15.6097765
Mafg	-11.872038	-8.4181595
Mtfmt	-13.257016	-9.803138
2610203C22Rik	-16.260296	-12.806417
Gm9803	-14.961013	-11.507134
Tmem35b	-13.673443	-10.219564
Cln5	-13.2093	-9.755422
Creld1	-11.837628	-8.38375
Rack1	-8.828628	-5.3747497
Tax1bp1	-10.101424	-6.6475463
Zdhhc1	-12.779522	-9.325644
Gm49484	-20.44995	-16.996073
Ccdc122	-16.786388	-13.33251
Thop1	-13.105877	-9.6519985
Krt80	-14.247415	-10.793536
Gm17276	-19.063654	-15.6097765
Trim56	-11.986157	-8.532279
Efna3	-16.215843	-12.761965
Trim30b	-20.44995	-16.996073
Satb1	-12.93515	-9.481272
Map1lc3a	-9.635948	-6.1820707
Spon2	-18.65819	-15.204312
Gm31105	-14.097321	-10.643442
4930578M07Rik	-17.810892	-14.357015
Itgb1bp2	-16.643288	-13.189409
Rftn2	-11.638447	-8.184568
4930551O13Rik	-19.063654	-15.6097765
Zfp882	-14.049693	-10.595815
Rpl13a	-8.401783	-4.9479055
Pam	-8.816197	-5.3623195
Tulp3	-13.272168	-9.81829
Dpagt1	-13.306333	-9.852454
Sec22c	-14.147331	-10.693453
A430005L14Rik	-12.22525	-8.771372
Pdlim7	-9.733068	-6.2791905
Kif23	-15.662458	-12.20858
St8sia1	-20.44995	-16.996073
Bex3	-10.880118	-7.4262404
Anp32b	-9.942338	-6.48846
Gm16156	-18.252724	-14.798846
Smyd2	-12.3246155	-8.870737
Xylb	-17.358908	-13.905029
Hist3h2a	-12.739297	-9.2854185
Zfp260	-11.413249	-7.959371
Zfp474	-17.810892	-14.357015
Pacsin1	-19.756802	-16.302925
Fgfbp3	-14.473599	-11.019721
Greb1l	-14.426502	-10.972624
4933400A11Rik	-19.063654	-15.6097765
Stx3	-13.416444	-9.962565
2810013P06Rik	-12.683534	-9.229655
Grik2	-19.063654	-15.6097765
Olfr552	-18.65819	-15.204312
Mrps16	-11.165152	-7.7112737
2900093K20Rik	-14.441137	-10.987259
4921531C22Rik	-13.28523	-9.831351
Gpm6b	-16.537928	-13.084049
Mpzl1	-13.336808	-9.88293
Sh3glb2	-11.990809	-8.536931
Mpig6b	-19.756802	-16.302925
Kcnrg	-18.147364	-14.693486
Wrn	-12.417265	-8.963387
Dlg2	-14.932497	-11.478619
Gm33948	-18.840511	-15.386634
Exd1	-16.621307	-13.16743
Cct7	-10.38273	-6.9288516
Sh2d4b	-17.405428	-13.95155
Dlgap1	-13.059152	-9.605273
Tcf19	-14.107829	-10.653951
Cacnb3	-12.561616	-9.107738
Mtmr4	-13.251019	-9.79714
Rabep2	-13.23104	-9.777162
Slc7a8	-17.454218	-14.0003395
Cetn3	-10.715473	-7.2615952
Ptpn23	-13.070318	-9.61644
Atpif1	-9.825117	-6.371239
Garnl3	-14.156531	-10.702653
Prph	-16.460966	-13.007088
Gm14486	-17.810892	-14.357015
Flot1	-11.413725	-7.959847
Slc26a10	-18.147364	-14.693486
4930523C07Rik	-9.767459	-6.313581
Spata19	-18.840511	-15.386634
Zfp64	-13.407664	-9.953786
Kdm2a	-11.73489	-8.281012
Gm10484	-17.810892	-14.357015
Slc35a1	-12.579784	-9.125906
Gm19938	-15.122074	-11.668196
Plekhg2	-12.204303	-8.750424
Sntb2	-11.361439	-7.907561
1110002L01Rik	-13.662106	-10.208227
Gm44956	-18.50404	-15.050162
Pomgnt1	-11.976082	-8.522203
Gm15513	-15.582416	-12.128537
Vwc2	-11.499547	-8.045669
Tardbp	-11.652553	-8.198674
Nhej1	-13.8875065	-10.433628
Fbn1	-10.364599	-6.9107213
Cisd1	-10.924361	-7.4704833
Slc38a7	-13.511665	-10.057787
Vmn2r97	-19.351337	-15.89746
Pfkfb3	-12.592469	-9.138591
Gm11733	-20.44995	-16.996073
Trim45	-14.063071	-10.609193
Apopt1	-11.700059	-8.246181
Gm30794	-15.141683	-11.687804
Rmc1	-13.280601	-9.826722
Pcnt	-12.01007	-8.556191
Gm13966	-18.147364	-14.693486
March9	-13.774127	-10.320249
Cbr1	-12.543772	-9.089893
Tmprss6	-19.063654	-15.6097765
Gm50143	-19.756802	-16.302925
Kctd5	-13.394637	-9.940759
Cpvl	-19.063654	-15.6097765
Sftpb	-19.063654	-15.6097765
Sec11a	-10.717666	-7.2637877
Six5	-12.94611	-9.492231
Zer1	-12.725945	-9.272067
Adh1	-18.370508	-14.916631
Actr3	-10.196193	-6.742315
Col18a1	-8.615644	-5.1617665
Hipk1	-11.05313	-7.599252
Dnaaf3	-16.080502	-12.626624
Dact3	-10.534386	-7.0805078
Sfrp4	-13.910364	-10.456486
Tmem223	-11.091189	-7.6373115
Tshz2	-15.432671	-11.978792
Clpp	-11.509321	-8.055443
Fam229b	-14.05971	-10.605831
Gpm6a	-15.875239	-12.421361
Me2	-13.100077	-9.646198
Gmeb2	-13.409413	-9.955535
Slc25a31	-18.65819	-15.204312
Ube2g1	-11.861739	-8.407861
Coq10a	-12.349485	-8.895607
Gm43646	-18.252724	-14.798846
Psmb3	-10.191098	-6.7372203
Gm12681	-15.824977	-12.3710985
Nxt2	-12.490674	-9.036796
Gpatch3	-14.8080435	-11.354165
A830082K12Rik	-14.6269045	-11.173026
Slc12a8	-18.65819	-15.204312
Grb10	-12.185329	-8.731451
Emsy	-11.698634	-8.244756
Siae	-12.984295	-9.5304165
Ticam2	-18.50404	-15.050162
Gm43260	-16.09324	-12.639363
Ccdc85b	-10.219247	-6.765369
Zfp628	-13.858276	-10.404398
Gm43189	-16.984213	-13.530335
C330018D20Rik	-14.038132	-10.584253
Saal1	-13.420862	-9.966984
Purb	-10.132765	-6.678887
Ccr10	-17.314455	-13.860578
Itga1	-10.048904	-6.5950265
Greb1	-19.351337	-15.89746
Map4k4	-11.325276	-7.8713984
Ncam2	-17.885	-14.431123
Fam117a	-14.512414	-11.058536
Gm50013	-19.351337	-15.89746
Spc25	-15.582416	-12.128537
Sit1	-18.052053	-14.598176
Vmn1r4	-18.50404	-15.050162
Tcea1	-10.743086	-7.289208
E130101E03Rik	-18.50404	-15.050162
Nppa	-20.44995	-16.996073
Higd2a	-10.883895	-7.430017
Gm3667	-19.063654	-15.6097765
Disc1	-18.370508	-14.916631
6530409C15Rik	-17.885	-14.431123
Rps7	-8.284179	-4.830301
H2afz	-10.405788	-6.9519105
Gm15469	-20.44995	-16.996073
Mcts2	-13.056687	-9.602809
Lrig3	-12.411116	-8.957237
Gna13	-12.010502	-8.556623
Gdf10	-14.580653	-11.126775
Nxf1	-12.5586195	-9.104741
Fez2	-11.2895355	-7.8356576
Arl6ip6	-12.604534	-9.150656
Fam221a	-14.990365	-11.536487
P2ry14	-15.419512	-11.965633
Tmem248	-12.068806	-8.614927
Mgll	-10.5129795	-7.0591016
Abcc3	-18.052053	-14.598176
Dnmbp	-13.702364	-10.248486
Csrp1	-8.37045	-4.9165726
Borcs6	-12.717142	-9.263264
Rnpep	-12.362002	-8.908124
Fam210b	-13.416444	-9.962565
Cby3	-18.65819	-15.204312
Slc39a2	-16.92359	-13.469711
Gm45069	-19.756802	-16.302925
Set	-10.104858	-6.6509805
Atxn7l3b	-10.502446	-7.0485682
Phactr3	-13.717739	-10.263861
Sap30	-15.016228	-11.562349
Mtmr1	-12.894045	-9.440166
Msx2	-18.370508	-14.916631
Slc38a9	-12.831207	-9.377329
Zfp970	-14.629868	-11.175989
Usp30	-14.175188	-10.72131
9530077C05Rik	-12.4027605	-8.948882
Ids	-11.474194	-8.020315
Gm16677	-19.756802	-16.302925
Fstl3	-10.825449	-7.371571
Socs6	-12.529504	-9.075625
Gm49271	-20.44995	-16.996073
Ly6g6e	-17.885	-14.431123
Clhc1	-18.147364	-14.693486
Clp1	-13.387758	-9.93388
Fam124a	-12.594405	-9.140527
Ptpn11	-10.863779	-7.409901
Tmem132b	-17.358908	-13.905029
Eif3m	-10.649104	-7.195226
Fkbp1a	-9.751955	-6.298077
Zfp606	-13.622321	-10.168443
Hoxc8	-14.478688	-11.02481
Bambi	-11.195688	-7.7418103
Trmt13	-12.770699	-9.31682
Zrsr1	-12.633936	-9.180058
Arhgap19	-15.885602	-12.431724
Kcnab3	-17.082653	-13.628776
Atp9b	-12.496984	-9.043105
Acbd5	-11.4578905	-8.004012
Kxd1	-11.590018	-8.13614
Kif17	-19.351337	-15.89746
Tbx2	-14.199975	-10.746097
Spink5	-17.314455	-13.860578
Acadl	-10.907217	-7.453339
Gm32913	-18.50404	-15.050162
Rtf1	-10.67475	-7.2208724
Mrpl18	-10.805298	-7.35142
Lancl1	-12.069723	-8.615845
Lgr6	-10.609296	-7.155418
Tmem50a	-10.422521	-6.9686427
Spcs2	-10.800838	-7.3469605
Agpat3	-11.824081	-8.370203
Gm35330	-17.50551	-14.051633
C130026L21Rik	-19.351337	-15.89746
Akap17b	-12.556378	-9.1025
Zfp981	-18.052053	-14.598176
Lrrc75b	-14.575019	-11.1211405
9330102E08Rik	-17.616735	-14.162858
Incenp	-14.237344	-10.783465
2900060B14Rik	-14.255545	-10.801666
Tra2a	-11.111568	-7.6576905
Twnk	-14.00741	-10.553532
Chrne	-17.885	-14.431123
Syp	-16.067923	-12.614045
Gm26789	-17.67736	-14.223483
Fam114a2	-11.890272	-8.436394
Banp	-12.6814165	-9.227538
Cdc27	-12.345851	-8.891973
Zbtb2	-13.616919	-10.16304
2210407C18Rik	-11.567003	-8.113125
Map1lc3b	-9.41682	-5.962942
Psmb2	-10.659575	-7.2056975
Ifi47	-15.984042	-12.530164
Itga10	-13.493404	-10.039526
Slc26a11	-13.877667	-10.423789
Ccdc169	-17.082653	-13.628776
Trf	-16.18727	-12.733392
Enpp2	-14.0800495	-10.626171
Chst7	-15.713752	-12.259873
Anln	-11.432103	-7.978225
Arhgap23	-12.689909	-9.236031
Srrm4	-15.885602	-12.431724
Zfp853	-17.965042	-14.511165
Abhd15	-19.063654	-15.6097765
4732465J04Rik	-18.052053	-14.598176
Unc50	-11.280432	-7.826554
Zfp449	-13.083505	-9.629626
Pip4k2c	-12.444583	-8.990705
Efhd1	-10.391598	-6.93772
Trip6	-11.995271	-8.541392
Itga3	-11.563818	-8.10994
Cnot11	-12.629912	-9.176034
4930513N10Rik	-15.722562	-12.268683
Gars	-12.003609	-8.54973
Plekha6	-17.358908	-13.905029
Acss2	-13.492453	-10.038574
Pwwp2a	-12.514362	-9.060484
Frmd5	-17.810892	-14.357015
Sox7	-17.7419	-14.288022
Prpf40b	-12.964458	-9.51058
Atf6b	-12.29172	-8.837842
Gm41611	-16.76107	-13.307192
Efna2	-15.637766	-12.1838875
Arfgap2	-12.199592	-8.745713
Mapkapk5	-14.039775	-10.5858965
Pou1f1	-19.351337	-15.89746
Flt4	-20.44995	-16.996073
Gm20635	-17.358908	-13.905029
Slc6a9	-12.7206545	-9.266776
Gm45406	-17.810892	-14.357015
Gsto2	-16.355604	-12.901727
Lhfpl4	-17.559578	-14.1057
Il10ra	-20.44995	-16.996073
Gpd1l	-12.736612	-9.282734
Cd34	-14.706947	-11.253069
Ccr9	-18.052053	-14.598176
Olfml3	-15.74042	-12.286542
Slpi	-20.44995	-16.996073
Arid5a	-11.578164	-8.124286
Vkorc1	-10.560359	-7.106481
Chd7	-15.79599	-12.342112
Calr	-9.546106	-6.0922284
Abhd10	-12.991187	-9.537309
Olfr183	-17.885	-14.431123
Hamp	-17.67736	-14.223483
Zfp11	-14.759591	-11.305713
Ergic3	-10.924434	-7.470556
Tcfl5	-19.063654	-15.6097765
Lztr1	-12.147436	-8.693558
Map3k13	-14.998912	-11.545033
Gnb4	-10.330504	-6.8766265
Wdr31	-15.854831	-12.400952
Zfp282	-13.572654	-10.118775
Trim68	-14.125591	-10.671713
Rwdd2a	-14.973487	-11.5196085
Ramac	-11.270275	-7.816397
Sik1	-13.879067	-10.425189
Atrip	-12.829736	-9.375857
Pole	-16.119217	-12.6653385
Ttc5	-12.384057	-8.930179
Dync1i2	-10.727924	-7.2740464
Gm9774	-16.518124	-13.064246
1700113A16Rik	-14.91656	-11.462682
Zmym4	-11.864911	-8.411033
Gm29322	-17.015963	-13.562084
Tmc6	-13.361542	-9.907663
Gm34552	-17.117744	-13.663867
Slc35b3	-13.260782	-9.806904
Tomm6	-9.809131	-6.3552527
Lrrc45	-12.934061	-9.480183
Kcnk7	-18.052053	-14.598176
Clstn2	-19.351337	-15.89746
Maml1	-12.961097	-9.507218
Als2	-14.496707	-11.042829
Casc4	-11.128337	-7.674459
Ep400	-11.957049	-8.503171
Snapin	-11.90029	-8.446411
Pdgfc	-12.435615	-8.981736
Bbs1	-14.162091	-10.708213
Lat	-17.885	-14.431123
Zfp655	-12.496984	-9.043105
Acly	-12.1210165	-8.667138
Kcnq2	-19.063654	-15.6097765
Emd	-11.176917	-7.723039
Ankrd44	-12.510078	-9.0562
Fam209	-16.518124	-13.064246
Eef1g	-9.783299	-6.3294215
Esm1	-15.79599	-12.342112
Galnt4	-13.820587	-10.366709
Tspyl4	-12.958862	-9.504984
Cdc42se1	-10.861653	-7.4077754
Igsf10	-16.04323	-12.589353
AA467197	-18.370508	-14.916631
Derl2	-11.970874	-8.516995
Mapt	-14.729638	-11.27576
Gm15601	-18.252724	-14.798846
Slc49a4	-11.875243	-8.421365
Penk	-16.119217	-12.6653385
Wipf3	-17.358908	-13.905029
Lsm12	-11.339983	-7.886105
Upk3bl	-19.063654	-15.6097765
Gm11523	-17.810892	-14.357015
Arv1	-14.678509	-11.22463
Ddo	-13.656484	-10.202605
Utp15	-13.206437	-9.752559
Lrtm2	-15.235014	-11.781136
Tmem219	-11.892383	-8.438504
Klhl3	-15.961314	-12.507436
Hnrnph2	-11.652855	-8.1989765
Elovl3	-18.50404	-15.050162
Olfr1260	-19.756802	-16.302925
Parp12	-13.76409	-10.310211
4732496C06Rik	-17.082653	-13.628776
Fpgt	-13.347451	-9.893573
Ppt2	-12.27384	-8.819962
Dkk1	-17.965042	-14.511165
AI597479	-12.735719	-9.28184
Qrich2	-18.65819	-15.204312
I830134H01Rik	-17.7419	-14.288022
Trnp1	-12.765626	-9.311748
Ms4a6b	-19.351337	-15.89746
H2-Eb1	-15.864983	-12.411104
Suds3	-11.870534	-8.416656
Mtfr1	-12.488232	-9.034353
Bud23	-12.182758	-8.72888
Pjvk	-18.50404	-15.050162
Umps	-13.392913	-9.939034
Ska2	-13.407664	-9.953786
Oxsm	-13.867925	-10.414046
Pkd2	-11.783131	-8.329252
Psmd3	-11.685429	-8.23155
Gtf3c5	-13.861024	-10.4071455
A330102I10Rik	-19.063654	-15.6097765
Lrpprc	-12.4492655	-8.995387
Rabif	-12.750108	-9.296229
Nom1	-12.357405	-8.903526
Gm31356	-16.291067	-12.837189
Uqcrc1	-10.845745	-7.391867
Dhx58os	-16.215843	-12.761965
Cd82	-13.681457	-10.227578
Bag2	-12.047046	-8.593167
Gm47551	-18.147364	-14.693486
Armt1	-13.427974	-9.974095
Luc7l2	-10.194856	-6.740978
Cemip	-20.44995	-16.996073
4930415O20Rik	-18.65819	-15.204312
Sdhb	-10.912178	-7.4583
Inpp5d	-19.756802	-16.302925
AU041133	-13.346628	-9.89275
Cfap46	-18.052053	-14.598176
Utp23	-13.037186	-9.583307
Gm15764	-17.314455	-13.860578
Gm21750	-19.063654	-15.6097765
Frmd8os	-14.944618	-11.49074
Coq3	-13.664363	-10.2104845
Mast1	-19.351337	-15.89746
Hmgcr	-12.628307	-9.174429
Wsb2	-11.54085	-8.086971
Zfp46	-12.850048	-9.39617
Phldb2	-10.554343	-7.1004653
Gm43948	-18.052053	-14.598176
Fzd7	-11.816041	-8.362163
Uchl4	-17.154112	-13.700234
Vdr	-19.063654	-15.6097765
Pde1c	-16.372412	-12.918534
Arhgap29	-12.0734	-8.619521
Dlk2	-19.351337	-15.89746
Gm45509	-16.019133	-12.565255
Hdhd3	-14.400217	-10.946339
Pi4k2b	-13.399828	-9.94595
Uri1	-11.668702	-8.214824
Naa40	-13.80616	-10.352282
Mrpl54	-11.0433035	-7.5894256
Opn1mw	-18.840511	-15.386634
Gba	-13.953176	-10.499297
Rfx2	-12.771624	-9.317745
Abhd12	-12.358017	-8.904139
Nsun3	-14.438683	-10.984804
Pla2g4b	-15.854831	-12.400952
Zfp13	-14.1846485	-10.73077
Ldhal6b	-18.50404	-15.050162
Zfp382	-14.303621	-10.849743
Igflr1	-15.146646	-11.692767
Pimreg	-16.09324	-12.639363
Vmn2r79	-18.370508	-14.916631
Adamts2	-11.189868	-7.73599
Gm48226	-13.771608	-10.31773
Reep6	-16.68875	-13.234872
Tssk4	-17.405428	-13.95155
Rab37	-20.44995	-16.996073
Pmepa1	-8.653765	-5.199887
Gm49774	-15.350083	-11.896205
Jak1	-11.3131485	-7.8592706
Galc	-14.609308	-11.15543
Prkcq	-19.351337	-15.89746
Rpf2	-12.96502	-9.511142
Tgm1	-20.44995	-16.996073
Ap3m2	-13.7333555	-10.279477
Lcor	-12.525154	-9.071276
BC031181	-10.656445	-7.2025666
Eif4g1	-10.513028	-7.05915
Tnni3k	-15.65416	-12.200281
Folr2	-18.370508	-14.916631
2810408A11Rik	-18.147364	-14.693486
Ift22	-12.960538	-9.5066595
Copa	-10.671856	-7.217978
Masp2	-17.405428	-13.95155
Gm26648	-17.965042	-14.511165
Hist3h2ba	-16.306814	-12.852937
Amacr	-13.660978	-10.2071
Matn4	-16.173283	-12.719405
Zranb2	-10.804132	-7.3502545
Tulp1	-13.690695	-10.236816
Gata4	-19.756802	-16.302925
Scn3b	-18.840511	-15.386634
Rskr	-16.643288	-13.189409
Ndufaf8	-11.114211	-7.660333
Aldoc	-16.275562	-12.821685
Fam71a	-13.342525	-9.888646
Lncppara	-14.349631	-10.895753
Dynlt1a	-15.786511	-12.332633
Marcksl1	-14.323081	-10.869203
Mrpl22	-12.20851	-8.754632
Ddi1	-15.537295	-12.083417
Sec13	-11.2263975	-7.7725196
Klhl35	-17.454218	-14.0003395
Abi2	-12.149422	-8.695543
Flcn	-13.807464	-10.353585
Capn7	-12.755102	-9.301224
Capn5	-14.1238	-10.669922
Cntf	-16.460966	-13.007088
Ccn4	-14.499308	-11.045429
Gm14409	-17.965042	-14.511165
Fam43a	-14.675399	-11.22152
Hist1h2bn	-18.65819	-15.204312
Stkld1	-19.351337	-15.89746
Cxxc1	-12.221239	-8.767361
Stk26	-12.887789	-9.43391
Ptpn13	-14.533748	-11.079869
Tprkb	-12.830717	-9.376839
Rragb	-14.433793	-10.979915
Echdc3	-13.498178	-10.044299
Vegfd	-12.45296	-8.999082
Vangl2	-15.582416	-12.128537
Gzf1	-12.537893	-9.084015
D16Ertd472e	-12.360161	-8.906282
Gm50100	-16.306814	-12.852937
Itga4	-13.381778	-9.927899
Sbk3	-18.370508	-14.916631
Nsmce1	-11.682154	-8.228275
Stard8	-13.788095	-10.334217
Astn2	-13.231773	-9.777895
Ddit4l	-14.531056	-11.077178
Tor4a	-14.569417	-11.115539
Olfr77	-18.147364	-14.693486
Usp15	-11.440503	-7.986625
2810433D01Rik	-13.427082	-9.973204
Shf	-14.203843	-10.749965
Gm17024	-16.306814	-12.852937
Angptl1	-17.810892	-14.357015
Gm42984	-16.355604	-12.901727
Wdr18	-12.109017	-8.655139
Sox9	-13.883278	-10.4293995
Pilra	-20.44995	-16.996073
Ly6d	-19.756802	-16.302925
Tas1r3	-17.015963	-13.562084
Csnk2a1	-10.346342	-6.892464
Tspan9	-12.371882	-8.918004
Ltc4s	-18.50404	-15.050162
Tnni3	-14.318724	-10.864845
Hoxc6	-13.543196	-10.089317
Grik5	-12.874878	-9.421
Catip	-16.322815	-12.8689375
Mcrip1	-10.956237	-7.502359
Mettl5	-12.732599	-9.278721
Sema4c	-13.660978	-10.2071
Enpp4	-12.94226	-9.488381
Micos13	-10.655831	-7.2019534
Ago3	-11.983418	-8.52954
Cdkl5	-10.857891	-7.404013
Stk32b	-15.679265	-12.225387
Clec11a	-12.863147	-9.409268
Gm31545	-18.50404	-15.050162
Iqub	-16.66576	-13.211882
Tg	-16.201454	-12.747577
1700016P03Rik	-16.621307	-13.16743
Khsrp	-12.298905	-8.845027
Selenon	-12.613185	-9.159307
Pycr1	-13.396364	-9.942486
Gpr137c	-14.063071	-10.609193
Gm38182	-16.736378	-13.282499
Rnf6	-11.521708	-8.067829
Miga1	-13.383483	-9.929605
Samsn1	-20.44995	-16.996073
Eif2b4	-12.514721	-9.0608425
Mboat7	-12.945008	-9.49113
Dync2li1	-12.527689	-9.073811
Neil1	-14.221439	-10.767561
Map3k10	-11.988481	-8.534602
Msrb2	-13.076576	-9.622698
Dnajc24	-12.876419	-9.422541
Xpot	-12.628307	-9.174429
Nol7	-10.35349	-6.899612
Medag	-13.588239	-10.13436
Nup210	-17.67736	-14.223483
Elp5	-12.083115	-8.629236
Pcid2	-12.972912	-9.519033
Gm14027	-17.559578	-14.1057
Kif5b	-9.601351	-6.1474733
Nfatc1	-13.040208	-9.586329
Fbxo7	-13.774127	-10.320249
Rps17	-8.861296	-5.407418
A630023A22Rik	-18.052053	-14.598176
Abca7	-14.723103	-11.269224
Itga2b	-14.687899	-11.23402
Gm47015	-19.351337	-15.89746
Zfp365	-12.51329	-9.059412
Ccdc186	-11.219121	-7.765243
Rngtt	-12.769774	-9.315896
Nasp	-11.712176	-8.258298
Adamts6	-13.191538	-9.737659
9130017K11Rik	-18.840511	-15.386634
Far2	-18.147364	-14.693486
Panx1	-17.358908	-13.905029
Mbnl2	-9.802432	-6.348554
Dusp16	-12.58553	-9.131652
Bbs7	-13.432444	-9.978565
Mphosph6	-12.015704	-8.561826
Col9a3	-18.50404	-15.050162
Lbhd2	-16.786388	-13.33251
Hist1h2bm	-17.810892	-14.357015
Dmwd	-12.047046	-8.593167
Btbd8	-14.379212	-10.925334
Yars2	-13.645335	-10.191457
Surf4	-11.1928215	-7.7389436
Il1rapl2	-19.351337	-15.89746
Bard1	-15.74947	-12.295591
Mid1	-14.351876	-10.897998
Gm31763	-18.370508	-14.916631
Trim2	-13.939692	-10.485813
Cdh13	-9.958732	-6.5048537
Slc35d2	-14.569417	-11.115539
Fgf16	-15.412997	-11.959119
Adam30	-15.687777	-12.233898
Bmpr1a	-10.261021	-6.8071427
Rad9a	-14.05971	-10.605831
Cacul1	-12.517229	-9.063351
Gla	-14.132786	-10.678907
Nat14	-12.4496	-8.995722
D430042O09Rik	-13.140738	-9.686859
Nagpa	-12.453633	-8.999755
Gm46565	-18.840511	-15.386634
Phykpl	-13.338438	-9.88456
Edf1	-9.658077	-6.2042
Ppat	-13.082873	-9.628995
Myo15	-18.147364	-14.693486
Cdc20	-15.197677	-11.743798
Gast	-19.063654	-15.6097765
Gm34921	-19.351337	-15.89746
Fam174b	-13.502013	-10.048135
Kazn	-16.0555	-12.601623
Herpud2	-11.854686	-8.400807
9330162012Rik	-16.355604	-12.901727
Dnajc6	-18.370508	-14.916631
Echdc2	-12.842568	-9.38869
Gm16897	-16.76107	-13.307192
Zc3h3	-13.861024	-10.4071455
Mrpl9	-12.295737	-8.841859
Kif16b	-12.981437	-9.527558
Irf2bpl	-11.643526	-8.189648
Mad2l1bp	-13.277526	-9.8236475
Gm3646	-17.559578	-14.1057
Ccl24	-18.370508	-14.916631
Usp38	-13.206437	-9.752559
D030040B21Rik	-19.351337	-15.89746
Rpap2	-13.092394	-9.638515
Ppp1r14a	-8.6241865	-5.1703086
Pmm1	-11.593146	-8.139268
Elavl1	-11.428714	-7.974836
Arhgef28	-14.998912	-11.545033
Tssk6	-16.322815	-12.8689375
Gm33699	-18.50404	-15.050162
Unc5cl	-19.063654	-15.6097765
Amph	-19.351337	-15.89746
Pdk2	-13.114968	-9.66109
Gm17203	-16.442617	-12.988739
Otx1	-19.351337	-15.89746
Slc36a3os	-14.858963	-11.405085
Fam185a	-14.102561	-10.648683
Nelfcd	-12.954409	-9.50053
Cnot2	-12.158905	-8.705027
Psmb10	-13.311083	-9.857204
C430042M11Rik	-19.756802	-16.302925
Prps2	-12.257934	-8.804055
Ccdc148	-15.279466	-11.825587
5330434G04Rik	-18.65819	-15.204312
Tjap1	-13.245801	-9.791923
Prr14l	-13.094948	-9.641069
Gm12840	-12.284871	-8.830993
Mm2pr	-17.117744	-13.663867
1700008J07Rik	-14.563846	-11.109967
Smarca5	-10.325001	-6.871123
Cog8	-12.592469	-9.138591
Gm12898	-17.271896	-13.818018
Setdb1	-12.790307	-9.336429
Urb2	-14.414469	-10.96059
Gm32036	-15.374776	-11.9208975
Slc10a5	-18.370508	-14.916631
Vps36	-11.448851	-7.9949727
Tmem128	-12.253238	-8.799359
Bdkrb1	-17.810892	-14.357015
Carhsp1	-12.222842	-8.768964
Pmp22	-10.582919	-7.129041
Pdhb	-11.84713	-8.393251
Cd3eap	-12.536795	-9.082916
Zbp1	-15.279466	-11.825587
Gm47061	-18.840511	-15.386634
Nr2c1	-13.314262	-9.860384
Erfe	-18.252724	-14.798846
Arsi	-19.063654	-15.6097765
Sod2	-10.781869	-7.327991
Rraga	-11.315519	-7.8616414
Rab11b	-10.744913	-7.291035
Gm39383	-20.44995	-16.996073
2410004P03Rik	-18.50404	-15.050162
Srrm4os	-18.840511	-15.386634
Kcnj2	-20.44995	-16.996073
Pvalb	-20.44995	-16.996073
Tomm34	-12.425743	-8.971865
Nek9	-11.386602	-7.9327245
Miip	-13.528292	-10.074413
Padi4	-18.65819	-15.204312
March7	-11.626008	-8.17213
Med13l	-11.509714	-8.055836
Mapk3	-11.416705	-7.962827
Prrc2a	-11.321579	-7.867701
Gm43847	-15.3562	-11.902322
Gm45542	-18.252724	-14.798846
Tpbgl	-18.65819	-15.204312
Mapk11	-17.154112	-13.700234
A430078I02Rik	-16.86643	-13.412553
Mvk	-12.543772	-9.089893
Tnc	-11.248752	-7.7948737
Prpf8	-11.505269	-8.051391
1700007L15Rik	-15.582416	-12.128537
4930520O04Rik	-12.75875	-9.304872
Foxf1	-13.637605	-10.183726
Rnf114	-12.885712	-9.431833
Cnot10	-11.914328	-8.460449
Mecr	-12.88987	-9.435991
Mex3a	-15.060879	-11.607
Pcdhga11	-15.480137	-12.026258
1700064M15Rik	-19.756802	-16.302925
Rhbdd3	-13.894593	-10.440715
Gm46430	-13.790656	-10.336778
Gm44812	-18.252724	-14.798846
Ube2r2	-10.644627	-7.1907487
Gli2	-13.873481	-10.419602
Lipa	-12.451279	-8.9974
Tcf4	-11.314764	-7.860886
Limk2	-13.894593	-10.440715
Eri2	-14.10607	-10.652191
4933409K07Rik	-16.736378	-13.282499
Aatf	-13.078461	-9.624582
Aff2	-13.176858	-9.72298
Gm21284	-18.052053	-14.598176
Exoc1	-12.7955065	-9.341628
Gm30025	-13.214331	-9.760452
Itgb6	-19.756802	-16.302925
Zfp622	-12.298328	-8.84445
D830035M03Rik	-16.537928	-13.084049
Dolpp1	-13.769095	-10.315217
Gm15873	-17.616735	-14.162858
Prps1	-12.96502	-9.511142
Csf1	-12.081953	-8.628075
Tm2d2	-11.218044	-7.7641664
Gm43149	-16.080502	-12.626624
Klf13	-10.42988	-6.976002
Rora	-10.808672	-7.354794
Gm41349	-17.616735	-14.162858
Shank2	-16.894602	-13.440723
Tnfaip2	-19.351337	-15.89746
Cwc25	-12.28345	-8.829572
Srsf10	-10.727745	-7.273867
Gm34093	-16.66576	-13.211882
Gm49422	-17.616735	-14.162858
Pdcd6ip	-10.907648	-7.45377
Adat1	-14.365451	-10.911572
Calcoco1	-11.534652	-8.080773
Ttc9	-16.389507	-12.935629
Zfp334	-13.648667	-10.194789
Lin54	-13.392913	-9.939034
Hivep1	-11.597142	-8.143264
Dnah2	-19.351337	-15.89746
Fam78a	-19.063654	-15.6097765
Cd81	-9.253778	-5.7999005
5830487J09Rik	-16.839031	-13.385154
Dusp15	-18.052053	-14.598176
Celsr1	-15.939091	-12.485212
Col6a1	-10.03313	-6.579252
Nmt1	-11.568392	-8.114513
Sult1a1	-12.431325	-8.977447
Stat2	-13.781722	-10.327844
4930417O22Rik	-15.047273	-11.593394
Irx1	-19.351337	-15.89746
Gas1	-11.859135	-8.405256
Gm39090	-17.616735	-14.162858
Mpc2	-10.054209	-6.600331
Fbxw7	-12.388148	-8.93427
Plvap	-13.160339	-9.706461
Ttc37	-12.265436	-8.811558
Pak7	-16.76107	-13.307192
Chtf18	-15.84478	-12.390902
Gm14964	-15.466344	-12.0124655
Skap2	-11.3303	-7.8764224
Fzr1	-12.877962	-9.424084
Zcchc14	-11.791257	-8.3373785
AC241534.1	-14.851528	-11.39765
Nckap5	-19.063654	-15.6097765
C1qtnf4	-14.374604	-10.920726
Lrrd1	-15.597919	-12.144041
Hcrtr1	-19.063654	-15.6097765
Rplp2	-8.4498625	-4.995985
Gm15558	-19.351337	-15.89746
Ccdc66	-12.449936	-8.9960575
Peak1	-11.88511	-8.4312315
Fkbp7	-11.043632	-7.5897536
Hectd2	-13.310289	-9.856411
Zfand1	-13.447794	-9.993916
Mfsd2b	-16.291067	-12.837189
She	-19.063654	-15.6097765
Sorcs2	-17.405428	-13.95155
F630028O10Rik	-20.44995	-16.996073
Tapt1	-12.5951805	-9.141302
Bcl2l1	-12.4228	-8.968922
Prdx4	-10.079056	-6.625178
2310034G01Rik	-15.368546	-11.914667
Nfrkb	-12.984867	-9.530989
Psmg2	-11.963629	-8.50975
Arpc1b	-9.754239	-6.300361
4833439L19Rik	-11.299042	-7.845164
Mia	-11.906505	-8.452626
Vsnl1	-19.756802	-16.302925
Kpna2	-13.954684	-10.500806
Eef1a2	-14.732923	-11.279044
Dnm1	-17.885	-14.431123
Abce1	-11.701011	-8.247132
Gm48529	-12.679305	-9.225427
Slc39a11	-15.197677	-11.743798
Sytl5	-13.740645	-10.286767
Gm7628	-16.04323	-12.589353
Bloc1s6	-12.60336	-9.149482
Tmem101	-12.859098	-9.40522
Pigp	-10.847905	-7.394027
1700066B17Rik	-19.756802	-16.302925
A730011C13Rik	-15.74947	-12.295591
Gm34121	-16.86643	-13.412553
Hus1b	-18.147364	-14.693486
AC159140.1	-18.50404	-15.050162
Arpc5	-11.1317425	-7.6778646
Dele1	-12.63313	-9.179252
Ndufs5	-9.725626	-6.271748
Ssrp1	-11.499158	-8.0452795
Mdk	-14.118448	-10.66457
Zfp664	-11.853946	-8.400067
Tmem9b	-13.231773	-9.777895
Trim12c	-12.99523	-9.541351
Gm29054	-15.961314	-12.507436
Bicral	-12.303821	-8.849942
Gm44987	-19.063654	-15.6097765
Zfp398	-12.615558	-9.161679
Rfwd3	-13.571624	-10.117745
Phf1	-12.643661	-9.189782
Gm42700	-17.7419	-14.288022
Ccser2	-10.360772	-6.906894
Gm43696	-14.233344	-10.779466
Gm20544	-15.74947	-12.295591
Enoph1	-13.682607	-10.228728
Bace1	-11.641282	-8.187404
Uck2	-13.048718	-9.59484
Hspa5	-9.342244	-5.8883667
Akap13	-10.532757	-7.078879
Fam89b	-11.652402	-8.1985235
Puf60	-11.410279	-7.9564013
Gm9903	-17.231073	-13.777196
Gm46620	-16.479658	-13.02578
Vipr2	-17.965042	-14.511165
Pes1	-12.613185	-9.159307
Zkscan4	-15.213508	-11.759629
Pdzd7	-18.370508	-14.916631
Gm48898	-19.756802	-16.302925
Oscar	-18.147364	-14.693486
Gm44096	-18.840511	-15.386634
Aimp2	-11.9253845	-8.471506
Zfhx2	-13.698849	-10.24497
Sf1	-11.635471	-8.181593
Gm12278	-18.252724	-14.798846
Gm11149	-16.953442	-13.499564
Gm47644	-15.192454	-11.738576
Agtpbp1	-11.708494	-8.254616
Dhrs7c	-17.50551	-14.051633
Alkbh3	-12.660496	-9.206617
Ifitm10	-13.821909	-10.368031
Gm47425	-16.76107	-13.307192
Maged2	-11.316275	-7.8623967
Zfp521	-17.810892	-14.357015
Borcs5	-13.385191	-9.931313
Gm15491	-16.460966	-13.007088
Rhno1	-13.513607	-10.059729
Trappc8	-12.214589	-8.760711
Gm20109	-16.953442	-13.499564
Orai3	-12.056508	-8.60263
Calcrl	-11.786754	-8.332875
4930525G20Rik	-16.389507	-12.935629
Prob1	-15.446004	-11.9921255
Chka	-11.923798	-8.469919
C030004G16Rik	-13.519455	-10.065577
Slc25a2	-18.252724	-14.798846
Dock9	-13.296899	-9.84302
Unc5c	-11.29798	-7.8441024
Gpn2	-13.715359	-10.26148
Pkp3	-20.44995	-16.996073
Folh1	-16.894602	-13.440723
H2-T24	-18.147364	-14.693486
Hoxa2	-14.122013	-10.668135
8030462N17Rik	-12.730821	-9.276942
Mien1	-11.345415	-7.891537
Actr3b	-14.086922	-10.633043
Syce2	-14.379212	-10.925334
B930094E09Rik	-16.599802	-13.145925
Fos	-8.496861	-5.042984
Slc29a2	-15.50119	-12.047312
Pym1	-13.5675125	-10.113634
Gm47117	-19.351337	-15.89746
S100a10	-10.433893	-6.9800153
Caml	-12.206141	-8.752263
Atad2	-12.754192	-9.300314
Ndufb11	-9.81667	-6.3627925
Atf1	-12.023995	-8.570117
Nudt4	-9.348247	-5.8943686
Ralgapa1	-11.405428	-7.95155
Gm28557	-14.345157	-10.891278
Cdrt4	-17.271896	-13.818018
Wwtr1	-10.868046	-7.414168
B630019K06Rik	-14.811596	-11.3577175
Nup85	-12.870782	-9.4169035
Chaf1b	-15.662458	-12.20858
Gm4673	-15.151633	-11.697755
Osgin2	-13.494357	-10.040479
Gtf2f1	-11.998256	-8.544377
Myh14	-19.756802	-16.302925
Dmc1	-15.350083	-11.896205
Gm3550	-17.082653	-13.628776
Enkd1	-14.192283	-10.738404
Orai1	-12.765166	-9.311288
Slc3a1	-17.965042	-14.511165
Sptb	-17.271896	-13.818018
Gm10226	-17.810892	-14.357015
Ighmbp2	-14.127385	-10.673507
Plcl2	-19.756802	-16.302925
Perp	-11.197509	-7.743631
Gm40841	-17.885	-14.431123
Chdh	-16.406898	-12.95302
Ddn	-20.44995	-16.996073
Gm44066	-17.314455	-13.860578
Smim11	-10.651935	-7.1980567
Acan	-12.039452	-8.585573
Erbb2	-13.881872	-10.427994
Smim1	-12.679727	-9.225848
Acpp	-19.756802	-16.302925
Mlph	-14.994629	-11.5407505
C1ql3	-17.314455	-13.860578
Ganc	-12.804074	-9.350196
Ska3	-17.117744	-13.663867
Dnmt3aos	-19.063654	-15.6097765
Gm26766	-19.351337	-15.89746
Gnptg	-12.831699	-9.377821
Stxbp6	-15.098092	-11.644214
Crebl2	-12.464466	-9.010588
E130006D01Rik	-13.658729	-10.20485
B230217O12Rik	-15.544675	-12.090796
9330104G04Rik	-14.994629	-11.5407505
Cfap299	-19.063654	-15.6097765
Catsperd	-18.840511	-15.386634
Exosc1	-12.235485	-8.781607
Tor2a	-12.678461	-9.224583
Mfn2	-11.823006	-8.369127
Zfp871	-11.701169	-8.247291
Car2	-18.65819	-15.204312
Gpr85	-18.370508	-14.916631
Nebl	-13.394637	-9.940759
Ccdc130	-13.504899	-10.051021
Bap1	-13.083505	-9.629626
Wdr83	-12.536429	-9.082551
Nt5dc1	-13.158294	-9.704415
A330048O09Rik	-16.537928	-13.084049
Gm15608	-17.885	-14.431123
Gask1a	-15.213508	-11.759629
Atf3	-10.200642	-6.7467637
Hsp90b1	-9.3005085	-5.8466306
Alg3	-13.097509	-9.643631
Alx4	-18.840511	-15.386634
Plcl1	-12.260983	-8.807105
Trappc3l	-18.147364	-14.693486
1700030K09Rik	-14.402578	-10.9487
Llph	-11.583651	-8.129772
Gm49891	-19.756802	-16.302925
Chpt1	-10.235785	-6.7819066
Atp6v0e	-9.936616	-6.482738
Plxna1	-13.314262	-9.860384
Pole2	-15.171836	-11.7179575
Smn1	-12.31607	-8.862191
Gm43065	-19.756802	-16.302925
Uchl3	-12.762411	-9.308533
Gm28867	-17.616735	-14.162858
Rela	-11.699267	-8.245389
Tlnrd1	-13.55528	-10.101401
Dnah17	-18.252724	-14.798846
Gm30198	-19.756802	-16.302925
Csde1	-9.685557	-6.23168
Ahrr	-17.358908	-13.905029
Epb41l2	-11.830562	-8.376683
Bcas2	-11.187681	-7.7338033
Plekha3	-11.643376	-8.189498
Crcp	-13.074068	-9.62019
Mark4	-13.165815	-9.711937
Slc2a1	-12.225786	-8.771908
Hspa4l	-11.866594	-8.412716
Tnip1	-13.100719	-9.646841
Ppt1	-11.362681	-7.9088035
Ncmap	-17.271896	-13.818018
Gm49201	-16.71228	-13.258402
Tmeff1	-16.09324	-12.639363
Gda	-18.370508	-14.916631
Kdm7a	-12.350396	-8.896518
Myo1c	-10.43613	-6.9822516
Rbks	-15.679265	-12.225387
Spty2d1	-11.851177	-8.397299
Nme3	-14.141851	-10.687973
Nelfa	-12.588223	-9.134345
CAAA01118383.1	-12.428694	-8.974815
Tigar	-14.029955	-10.5760765
Arfgap1	-12.512575	-9.058697
Rad51ap2	-13.227384	-9.773505
Rgs7	-12.084976	-8.631098
Gm43328	-15.224203	-11.770325
Flnc	-11.174103	-7.720225
Gm49625	-19.351337	-15.89746
Tex43	-19.351337	-15.89746
Arhgap30	-19.063654	-15.6097765
Bnc2	-17.271896	-13.818018
Gm32624	-19.756802	-16.302925
Atp6v1g1	-10.140664	-6.686786
Cers6	-14.451014	-10.997135
Mob3b	-14.541867	-11.087989
Nras	-12.544877	-9.090999
3110009E18Rik	-13.716548	-10.26267
Nexn	-9.370503	-5.9166255
Slc9a5	-17.048752	-13.594874
Gsn	-9.331713	-5.8778353
Asb5	-13.403303	-9.949425
Tbx15	-15.74947	-12.295591
Als2cl	-15.84478	-12.390902
Stx8	-11.819785	-8.365907
Rxrb	-12.321365	-8.867487
Gmpr	-13.033571	-9.579693
Bud13	-13.627752	-10.173874
Gm43625	-16.599802	-13.145925
Gm15408	-16.86643	-13.412553
Atf7ip	-11.739165	-8.285287
Gfod2	-13.817948	-10.36407
Sept4	-13.718932	-10.265054
Npm1	-9.246939	-5.793061
Csgalnact2	-11.485382	-8.031504
Rsph3b	-14.205783	-10.7519045
Alx1	-18.65819	-15.204312
Gm10053	-14.561072	-11.107194
Uqcrq	-9.732492	-6.2786145
Cct2	-10.444583	-6.990705
Tepp	-19.756802	-16.302925
Ctxn1	-12.995809	-9.54193
Htr2a	-13.094309	-9.64043
Trim10	-20.44995	-16.996073
1700109K24Rik	-18.052053	-14.598176
Gm28417	-19.756802	-16.302925
Ssbp1	-11.423292	-7.969414
Gm45163	-17.405428	-13.95155
Gm47948	-20.44995	-16.996073
Ahcyl1	-11.003984	-7.5501065
Rapgef3	-16.984213	-13.530335
Sf3b2	-10.374823	-6.9209447
Vmn1r13	-18.147364	-14.693486
Cep68	-13.284456	-9.830578
Gm9922	-15.758602	-12.304724
Ifih1	-15.197677	-11.743798
Arhgap17	-12.234403	-8.780524
Nrarp	-16.04323	-12.589353
Gnat2	-17.015963	-13.562084
Id1	-10.060094	-6.606216
Bhlhe40	-13.715359	-10.26148
Bglap	-20.44995	-16.996073
Gm26619	-17.810892	-14.357015
Ncan	-15.146646	-11.692767
Ddx11	-15.325986	-11.8721075
Ctns	-13.772866	-10.318988
Clcn4	-11.259914	-7.8060365
Dipk1b	-13.762841	-10.308963
Clip1	-10.608657	-7.154779
A930006L05Rik	-16.984213	-13.530335
Paox	-13.315856	-9.861978
Bclaf1	-10.7529335	-7.2990556
Lyz1	-19.063654	-15.6097765
Gm6133	-15.559601	-12.105722
Gm4258	-14.329653	-10.875774
Dlg4	-12.729045	-9.2751665
Ppp2r5e	-11.57201	-8.118132
Dgcr2	-12.368784	-8.914906
Dgkeos	-16.71228	-13.258402
Triqk	-12.181218	-8.72734
Pknox2	-13.858276	-10.404398
Nrtn	-10.985045	-7.5311675
Bcas3os2	-17.810892	-14.357015
Mphosph8	-11.329753	-7.875875
Pramef12os	-18.50404	-15.050162
Pcdhga12	-14.496707	-11.042829
Pabpc5	-15.4595175	-12.005639
Gm43020	-19.063654	-15.6097765
Polr2g	-11.408502	-7.9546237
Pttg1ip	-10.739926	-7.2860484
Tmem154	-14.638809	-11.184931
Ces2e	-19.063654	-15.6097765
Adgrg1	-16.322815	-12.8689375
Slc39a13	-12.067889	-8.614011
Ralb	-12.05154	-8.597662
Dnlz	-11.4284725	-7.9745946
Mospd3	-13.295335	-9.841456
Tnf	-20.44995	-16.996073
Gm31513	-16.812363	-13.358485
A730049H05Rik	-15.722562	-12.268683
Taf5	-13.292994	-9.839115
Ntf3	-11.112713	-7.658835
1700008O03Rik	-15.834829	-12.380951
Gm26944	-17.616735	-14.162858
G3bp2	-10.8799095	-7.4260316
Gm14817	-18.840511	-15.386634
Sema4a	-16.230442	-12.776564
Mbd3	-11.105079	-7.651201
Plekhn1	-12.913587	-9.459708
2210016L21Rik	-11.307246	-7.8533683
Inafm1	-12.32225	-8.868372
Ppp1r3b	-12.881055	-9.427176
Gm45897	-16.736378	-13.282499
Gm9750	-18.65819	-15.204312
Senp7	-11.888166	-8.434288
Adam21	-19.063654	-15.6097765
Hsd17b1	-17.358908	-13.905029
Angpt1	-17.358908	-13.905029
Dlgap5	-16.621307	-13.16743
Gm48682	-18.50404	-15.050162
Rnf208	-20.44995	-16.996073
Siva1	-10.884246	-7.430368
Gpr137b	-13.648667	-10.194789
Rif1	-11.77183	-8.317951
Gm10516	-15.325986	-11.8721075
BC004004	-11.834179	-8.3803005
Ppp2r3c	-12.787012	-9.333134
Hdgfl2	-12.1662035	-8.712325
Ndufs2	-10.74266	-7.2887816
Rad17	-12.1705065	-8.716628
Tm7sf3	-12.2696295	-8.815751
Zfp503	-13.070942	-9.6170635
Camk2g	-10.805298	-7.35142
A930037H05Rik	-15.786511	-12.332633
Sema5a	-10.787706	-7.3338284
Ksr1	-13.757866	-10.3039875
Gm37065	-18.65819	-15.204312
Igf2bp3	-14.965153	-11.511274
Wscd1	-18.840511	-15.386634
Sft2d2	-11.599289	-8.145411
Gm13571	-16.173283	-12.719405
9230112J17Rik	-13.588239	-10.13436
Rcc1	-14.416864	-10.962986
Sorbs3	-13.033571	-9.579693
Tbccd1	-13.660978	-10.2071
Adra2a	-18.370508	-14.916631
Dgki	-16.031109	-12.577231
Gm43017	-17.048752	-13.594874
Wscd2	-11.897776	-8.443897
Spcs3	-11.797003	-8.343124
Pcdhga3	-16.119217	-12.6653385
Fbxo16	-17.082653	-13.628776
9330020H09Rik	-14.783524	-11.329645
Pik3c3	-12.953853	-9.499974
Gm11767	-19.756802	-16.302925
Gm13283	-19.756802	-16.302925
Pdgfrl	-12.747394	-9.293515
Gm49380	-15.961314	-12.507436
Bnip3	-11.882254	-8.428375
Actrt3	-19.756802	-16.302925
Gm16892	-17.885	-14.431123
Ak6	-11.81373	-8.359852
Kat2a	-13.605135	-10.151257
Tcte2	-16.355604	-12.901727
Nudt11	-14.539153	-11.085275
Rars	-11.758803	-8.304925
A230077H06Rik	-16.76107	-13.307192
Mblac2	-13.468945	-10.015066
Gm11613	-16.173283	-12.719405
Traf7	-11.914917	-8.461039
Atp5f1	-9.997446	-6.543568
Armc10	-12.911987	-9.458109
Six1	-13.398094	-9.944216
Slc6a2	-19.756802	-16.302925
Iars	-12.540828	-9.086949
Cenpe	-15.171836	-11.7179575
Arpp19	-10.393913	-6.9400353
Slc25a42	-14.7362175	-11.282339
Ufsp2	-11.474826	-8.020947
Dnah8	-14.358641	-10.904762
Gm43137	-17.559578	-14.1057
Dnaja2	-10.825713	-7.371835
Nkx3-1	-14.307913	-10.854034
Brdt	-14.245393	-10.791514
Gm48740	-18.370508	-14.916631
2900060N12Rik	-17.117744	-13.663867
Rtp4	-17.616735	-14.162858
Gm13558	-17.7419	-14.288022
AI838599	-11.794736	-8.3408575
Itgb3bp	-13.080979	-9.627101
Slc4a4	-13.291436	-9.837558
Lsm14a	-11.674709	-8.220831
B230217C12Rik	-14.372308	-10.918429
Hmgn3	-10.706749	-7.252871
Tgfb3	-11.515627	-8.0617485
Fignl1	-16.86643	-13.412553
Tut1	-14.090376	-10.6364975
Gm49479	-16.839031	-13.385154
A330084C13Rik	-16.215843	-12.761965
Hoxa7	-11.2885895	-7.8347116
4933406I18Rik	-18.252724	-14.798846
Hist1h1d	-15.69636	-12.242481
Irf5	-15.875239	-12.421361
Arid3b	-13.836566	-10.382688
Olfr1238	-19.351337	-15.89746
Sirt1	-12.383115	-8.929236
R3hdm2	-10.868736	-7.4148583
Gm50315	-17.7419	-14.288022
Luc7l3	-10.860352	-7.4064736
Tbpl1	-12.510435	-9.056557
4930470G03Rik	-17.314455	-13.860578
Hoxc11	-19.756802	-16.302925
S1pr3	-17.7419	-14.288022
Rhoj	-10.614688	-7.16081
Isy1	-12.511504	-9.057626
Ppp1r26	-14.977679	-11.523801
Haus3	-13.6008835	-10.147005
Tigd2	-12.416941	-8.963062
Gm14866	-17.616735	-14.162858
Bdh1	-12.4359455	-8.982067
Polr2m	-10.811275	-7.3573966
Trim58	-14.855239	-11.4013605
St6galnac2	-17.7419	-14.288022
Gldn	-12.319008	-8.865129
AC168977.1	-19.063654	-15.6097765
Aqp1	-10.660359	-7.2064815
Clk4	-11.904753	-8.450874
Gtf2a1	-12.254065	-8.800186
Spem1	-17.015963	-13.562084
Ppp1r9b	-12.314017	-8.860139
Gm41505	-17.082653	-13.628776
Sult5a1	-18.052053	-14.598176
Gm16339	-17.810892	-14.357015
Oacyl	-17.810892	-14.357015
Abhd11	-12.70668	-9.252802
Cntnap3	-20.44995	-16.996073
2510046G10Rik	-14.360906	-10.907027
Klhdc3	-12.133894	-8.680016
Gnal	-16.479658	-13.02578
Spata17	-19.756802	-16.302925
Atp5b	-9.527507	-6.073629
Preb	-12.261817	-8.807939
Bri3bp	-13.4342375	-9.980359
Zfp281	-11.523831	-8.069953
Bola3	-11.053462	-7.599584
Cdt1	-15.767818	-12.31394
Zpbp2	-20.44995	-16.996073
Ap1g2	-15.400094	-11.946216
Glrx	-12.865685	-9.411807
Rgs9	-18.840511	-15.386634
Pea15a	-11.507881	-8.054003
Banf2os	-20.44995	-16.996073
Zbtb22	-13.002199	-9.548321
Slc30a4	-12.936787	-9.482908
Dohh	-11.59272	-8.138842
Ercc1	-12.048392	-8.594514
Spata33	-15.146646	-11.692767
F2r	-12.276375	-8.822496
Ccdc78	-18.252724	-14.798846
Cpped1	-12.558993	-9.105115
D230025D16Rik	-13.219387	-9.765509
Gapvd1	-11.608935	-8.155057
Neil3	-16.953442	-13.499564
Lims1	-11.017186	-7.5633082
Lsamp	-18.252724	-14.798846
S1pr4	-19.351337	-15.89746
Sc5d	-12.64244	-9.188561
Gm47163	-17.616735	-14.162858
Pja2	-10.714644	-7.2607665
Cd247	-17.7419	-14.288022
Zfp759	-15.003213	-11.549335
Ube2u	-17.048752	-13.594874
Mri1	-12.744237	-9.290359
Ank1	-15.18726	-11.733381
Gm15261	-14.12023	-10.666351
Gm16023	-15.308287	-11.854408
Errfi1	-10.938765	-7.4848866
Xrcc5	-12.776727	-9.322848
Hectd4	-12.744237	-9.290359
Heph	-15.426069	-11.972191
Scaf4	-12.779522	-9.325644
Sycp3	-17.7419	-14.288022
Tshz1	-11.764704	-8.310825
Cfap44	-18.840511	-15.386634
Abcb8	-13.589287	-10.135408
Cd209c	-19.756802	-16.302925
Slc9a8	-13.593488	-10.139609
Zfp979	-14.1583805	-10.704502
Kcna2	-15.016228	-11.562349
Hist1h4j	-18.840511	-15.386634
Ctss	-18.252724	-14.798846
Scand1	-10.649603	-7.195725
Zfp868	-13.93672	-10.4828415
Gm32687	-16.275562	-12.821685
Alg9	-13.498178	-10.044299
Myocd	-10.458085	-7.004207
Zfp563	-13.969906	-10.516027
Cenpb	-10.294188	-6.8403096
Slc10a6	-16.145885	-12.692007
AV039307	-16.479658	-13.02578
Sacm1l	-11.82211	-8.368232
Cpsf4	-14.345157	-10.891278
Trpc6	-19.063654	-15.6097765
Cldn6	-18.840511	-15.386634
Aph1b	-13.012155	-9.558276
Gm5602	-15.731451	-12.277573
Mcph1	-13.953176	-10.499297
Slc11a1	-15.182092	-11.728213
Enc1	-15.767818	-12.31394
Snrpn	-12.338322	-8.884443
Pcdhb4	-17.082653	-13.628776
Zmpste24	-11.732595	-8.278717
Sfxn1	-12.039452	-8.585573
Cryzl1	-11.988904	-8.535026
Prepl	-13.631026	-10.177148
Mroh9	-18.840511	-15.386634
Tspan17	-12.737953	-9.284075
Snrpb2	-11.619115	-8.165236
Tor1a	-12.204566	-8.750688
Nktr	-10.860625	-7.4067473
Nrros	-17.117744	-13.663867
Slc39a7	-11.692638	-8.23876
Galnt11	-11.955412	-8.5015335
Prkar1a	-10.082383	-6.628505
Rsph9	-13.114316	-9.660438
Fam122a	-11.690596	-8.236717
Gm34939	-18.052053	-14.598176
Noc2l	-12.755557	-9.301679
Zkscan8	-13.220837	-9.766958
Selenok	-9.730103	-6.2762246
Syt4	-17.358908	-13.905029
Slc35e2	-13.530266	-10.076387
Trim7	-14.327457	-10.873579
Cdhr4	-18.65819	-15.204312
Hk2	-12.007481	-8.553602
Dnah7a	-16.460966	-13.007088
Gm49708	-11.686679	-8.2328005
Tc2n	-16.04323	-12.589353
Hmg20a	-12.358017	-8.904139
Eif2d	-12.736612	-9.282734
Kat5	-12.649787	-9.195909
Gnaz	-14.237344	-10.783465
Hdac7	-12.619525	-9.165647
Zfp687	-13.559341	-10.105463
Mterf3	-12.341026	-8.887148
Trpt1	-13.552245	-10.098367
Plcd4	-17.7419	-14.288022
Arih2	-12.726388	-9.27251
Gm30015	-17.358908	-13.905029
Spaca1	-17.559578	-14.1057
Recql5	-14.381524	-10.927646
Anp32a	-10.837818	-7.38394
Ccdc166	-16.173283	-12.719405
Chmp4b	-10.556008	-7.1021304
Gm50240	-13.5155525	-10.061674
Ppp2ca	-10.59146	-7.1375823
Rbfox3	-18.370508	-14.916631
B3galt2	-17.405428	-13.95155
Psma3	-10.065241	-6.611363
Gm26511	-17.965042	-14.511165
Foxred2	-17.231073	-13.777196
Exo1	-17.231073	-13.777196
Mplkip	-12.050865	-8.596987
Gtf2a2	-10.999963	-7.546085
Gadd45gip1	-11.620871	-8.166992
Prkar1b	-16.537928	-13.084049
Aspn	-12.484405	-9.030526
Fbxo2	-12.653481	-9.199602
Trim9	-19.063654	-15.6097765
Btbd18	-19.351337	-15.89746
Kif7	-14.555548	-11.101669
Ptpn22	-19.063654	-15.6097765
Zfp777	-13.427974	-9.974095
Tlcd2	-14.130982	-10.677104
Tada2b	-12.855569	-9.4016905
Gigyf2	-11.702598	-8.248719
Osbpl9	-11.178044	-7.7241664
Mapre1	-10.364975	-6.911097
Cenpk	-15.13183	-11.677952
Dhodh	-13.441445	-9.987567
9930014A18Rik	-15.613668	-12.15979
Agl	-11.625713	-8.171835
Zfp113	-13.386046	-9.932168
Dnm1l	-11.421371	-7.9674935
Cntnap4	-19.756802	-16.302925
Anks6	-14.466014	-11.0121355
Gm47882	-17.885	-14.431123
Inca1	-15.439315	-11.985436
Il27ra	-18.840511	-15.386634
Ttc30a2	-18.840511	-15.386634
BC037704	-17.117744	-13.663867
E230001N04Rik	-13.856906	-10.403028
Sdsl	-15.273801	-11.819922
Zfp84	-12.780455	-9.326576
Sumf2	-13.034775	-9.580896
Gas2	-15.552111	-12.098232
Map2k1	-12.232242	-8.778363
Gm26782	-12.339523	-8.885645
Qpct	-12.568012	-9.114134
Gm30122	-15.393704	-11.939826
Bex4	-12.138061	-8.684182
Gm29773	-18.65819	-15.204312
Nup107	-13.581976	-10.128098
Lrrc34	-19.351337	-15.89746
Sipa1l3	-13.739427	-10.285548
B4gat1	-12.13194	-8.6780615
Adra1d	-14.618068	-11.164189
Rfc3	-13.657606	-10.203728
Gm44751	-16.132462	-12.678583
Slc30a10	-20.44995	-16.996073
Plac9a	-16.132462	-12.678583
Dgkk	-16.86643	-13.412553
Ccdc7a	-19.063654	-15.6097765
Maf1	-11.676101	-8.222222
1810021B22Rik	-14.91656	-11.462682
Samd12	-17.271896	-13.818018
Dynlt3	-10.62464	-7.1707625
Slc25a51	-12.405644	-8.951766
Dhx9	-11.639938	-8.18606
Sorl1	-10.131509	-6.677631
Dcun1d5	-11.4605055	-8.006627
Gnb5	-13.043847	-9.589969
Slc36a1	-14.804503	-11.350625
Plpp7	-13.301604	-9.847726
Tmem256	-10.098385	-6.644507
Sgsm2	-13.689535	-10.235657
Awat2	-17.191853	-13.737975
Hist1h2br	-16.578749	-13.12487
Lman2l	-12.739745	-9.285867
Tmem62	-13.932279	-10.4784
Fate1	-20.44995	-16.996073
Rps3a1	-7.851585	-4.3977075
3110070M22Rik	-14.23135	-10.777472
Il2ra	-19.756802	-16.302925
Gm19569	-18.147364	-14.693486
Twf1	-11.526093	-8.072214
Nol11	-12.161667	-8.707788
Abca2	-12.349485	-8.895607
Fkbp5	-12.886749	-9.432871
Tmbim1	-11.383826	-7.9299483
Cfap157	-17.965042	-14.511165
Gm15510	-15.074672	-11.620793
Hax1	-12.14496	-8.691082
Aamp	-11.074096	-7.620218
Fibin	-9.707528	-6.25365
Gm44700	-15.432671	-11.978792
Zfp467	-11.971082	-8.517203
Insl6	-15.875239	-12.421361
Exoc8	-13.300034	-9.846155
Alyref	-11.833636	-8.379758
Dusp6	-13.517502	-10.063623
Gm48079	-17.048752	-13.594874
4932702P03Rik	-17.559578	-14.1057
Gm15420	-17.810892	-14.357015
Gm37328	-17.048752	-13.594874
Ppm1j	-13.954684	-10.500806
Tnfaip3	-15.093364	-11.639485
Pex5	-12.98544	-9.531562
Zxdb	-13.409413	-9.955535
Gm27241	-18.65819	-15.204312
Pot1a	-13.504899	-10.051021
Negr1	-18.65819	-15.204312
Wdr53	-13.186621	-9.732742
Gm40437	-20.44995	-16.996073
Gm10353	-16.578749	-13.12487
Cyb5d2	-13.732145	-10.278267
Taco1	-14.438683	-10.984804
6530413G14Rik	-16.984213	-13.530335
Glb1l2	-13.811382	-10.357504
1700028K03Rik	-17.50551	-14.051633
3110082I17Rik	-13.726118	-10.27224
Gm34590	-17.231073	-13.777196
Sipa1	-13.712983	-10.259105
4833438C02Rik	-14.468535	-11.014657
B230303O12Rik	-16.339075	-12.885198
Dusp12	-12.800734	-9.346855
Mindy3	-11.76234	-8.308461
Trib3	-16.019133	-12.565255
Epc2	-11.54437	-8.090491
Naxe	-11.4228115	-7.9689336
Cc2d2a	-12.247742	-8.793863
Polr1a	-13.323863	-9.869985
AA386476	-15.69636	-12.242481
Pnpo	-13.604071	-10.150192
Gm26685	-18.50404	-15.050162
Lgals3	-11.69374	-8.2398615
Dbndd1	-19.756802	-16.302925
Mt2	-10.91521	-7.461332
Gm29670	-18.840511	-15.386634
Gpatch8	-11.424133	-7.9702554
Calm2	-9.154969	-5.7010913
Prpf3	-12.984867	-9.530989
1500035N22Rik	-17.454218	-14.0003395
5730409E04Rik	-12.557124	-9.103246
Gm26802	-11.587042	-8.133163
Pcyt1a	-11.775924	-8.322045
6030407O03Rik	-18.840511	-15.386634
Vmn1r12	-17.7419	-14.288022
Myoc	-18.840511	-15.386634
Bag5	-11.881114	-8.427236
Kcna5	-16.92359	-13.469711
1700066M21Rik	-14.609308	-11.15543
Zfp711	-17.358908	-13.905029
Map9	-13.625576	-10.171698
Pmepa1os	-16.76107	-13.307192
Gm9856	-14.145501	-10.691623
Tmem216	-13.194359	-9.74048
Platr10	-18.50404	-15.050162
Zxdc	-13.109115	-9.655236
Scara3	-11.7471075	-8.293229
Mpdz	-11.225608	-7.77173
Osgep	-11.531969	-8.078091
Gm42893	-17.048752	-13.594874
Atxn1l	-12.95719	-9.503311
Cd36	-17.50551	-14.051633
Cul5	-11.466511	-8.012632
Rhoq	-10.65149	-7.1976123
Upf3b	-11.904753	-8.450874
Pabpc4	-12.1712675	-8.717389
Bach2it1	-18.252724	-14.798846
4933433G15Rik	-15.854831	-12.400952
Zfp992	-13.432444	-9.978565
Ethe1	-11.1809635	-7.7270856
Gm45464	-15.529969	-12.076091
Max	-12.162925	-8.709046
Prelid3b	-12.411116	-8.957237
Ptx3	-16.106144	-12.6522665
Hist1h3c	-17.67736	-14.223483
Tmem202	-14.986118	-11.53224
Tbc1d31	-14.855239	-11.4013605
Ctnnal1	-12.765166	-9.311288
Cldn12	-13.594542	-10.140663
Gm13625	-16.355604	-12.901727
Ilf2	-11.748437	-8.294559
Zfp932	-13.625576	-10.171698
Mkrn2	-12.582461	-9.128583
Cldn5	-17.67736	-14.223483
Itgal	-19.756802	-16.302925
Snrpa1	-11.892767	-8.438889
AI467606	-20.44995	-16.996073
Plac8	-19.351337	-15.89746
Zkscan3	-11.820858	-8.36698
Olfml2a	-13.202869	-9.748991
Ube2d3	-10.157499	-6.7036214
Liph	-18.052053	-14.598176
Fam180a	-17.191853	-13.737975
Pcdhgb2	-15.605763	-12.151885
Bcl6b	-17.810892	-14.357015
Tgif1	-14.073223	-10.619345
Cox7c	-8.585762	-5.1318846
Exoc6b	-11.886637	-8.432758
Zfp947	-14.944618	-11.49074
Lrrc40	-13.594542	-10.140663
Kctd11	-13.944166	-10.490288
Lrp11	-16.080502	-12.626624
Dleu2	-11.837628	-8.38375
Aifm3	-18.052053	-14.598176
Large2	-20.44995	-16.996073
Abcf3	-12.822406	-9.368527
Icmt	-12.675514	-9.221636
4632427E13Rik	-12.368166	-8.914288
Agpat1	-12.9248495	-9.470971
Aimp1	-10.685954	-7.232076
Cep295	-12.715391	-9.261513
Dcps	-12.786073	-9.332194
Mindy1	-13.03177	-9.577891
Gm38563	-19.063654	-15.6097765
Gm29585	-18.370508	-14.916631
Wwox	-13.771608	-10.31773
Fli1	-13.668893	-10.215014
Ift43	-10.52021	-7.0663323
Metap2	-10.475165	-7.0212874
Napepld	-11.480662	-8.026784
Nob1	-12.623507	-9.169628
Reps2	-16.537928	-13.084049
Gm7967	-19.756802	-16.302925
Gm26717	-17.191853	-13.737975
Dnajb3	-17.191853	-13.737975
Hdac4	-12.277221	-8.823342
Rpl23a	-8.848436	-5.394559
Usp50	-13.5809355	-10.127057
Stk4	-12.463785	-9.009907
Jmy	-11.575502	-8.121624
Ccl8	-19.756802	-16.302925
Ephx3	-16.984213	-13.530335
Paf1	-11.485254	-8.031376
Cdk2	-13.890335	-10.436457
Otulin	-12.072019	-8.61814
Cspp1	-12.035233	-8.581354
Il2rg	-20.44995	-16.996073
Zdhhc21	-12.459035	-9.0051565
Prag1	-15.337962	-11.884084
Cyfip2	-15.285164	-11.831285
Tsacc	-14.305764	-10.851886
B3gat2	-15.50119	-12.047312
Gm16740	-14.386165	-10.932286
Zfp12	-13.688377	-10.234499
Nova2	-17.885	-14.431123
Rtcb	-11.690282	-8.236403
Prkag3	-17.454218	-14.0003395
Unc45a	-11.043632	-7.5897536
Ssh2	-12.659254	-9.205376
Luc7l	-12.002107	-8.548228
Tmem14c	-10.650713	-7.196835
Fbln1	-15.473216	-12.019338
Pcdhgb4	-14.977679	-11.523801
Timp2	-9.385768	-5.93189
Gm17529	-17.454218	-14.0003395
Atg9a	-12.6924715	-9.238593
Dnaaf4	-14.908687	-11.454808
Ephb2	-16.230442	-12.776564
Fam131a	-12.984867	-9.530989
Cul2	-12.3246155	-8.870737
Cs	-11.503055	-8.049176
Ypel2	-12.003823	-8.549945
Adam11	-12.747394	-9.293515
Rnf43	-18.840511	-15.386634
Dnah7b	-15.95014	-12.496262
Rnf5	-12.333235	-8.879356
Ak2	-11.892767	-8.438889
Cfl2	-10.027103	-6.5732255
Spag6	-18.50404	-15.050162
Rnaseh2b	-12.990611	-9.536733
Fbxo33	-12.941711	-9.487833
Tbp	-13.518478	-10.0646
Gm43091	-19.063654	-15.6097765
Poglut1	-12.054247	-8.6003685
Lrrc14b	-13.9916115	-10.537733
Gyg	-11.778492	-8.324614
Mboat2	-13.774127	-10.320249
Slc26a2	-13.094309	-9.64043
Cenpm	-15.3562	-11.902322
Pnldc1	-12.84705	-9.393171
Rab33a	-15.331956	-11.8780775
Phax	-11.509845	-8.055966
Tiprl	-11.577183	-8.123304
Hif1an	-13.142748	-9.688869
Tnfaip1	-11.776437	-8.322558
Gm49490	-15.972613	-12.518735
Cd59b	-13.723717	-10.269838
Tprn	-14.65999	-11.206112
Kat8	-12.916791	-9.462913
Clspn	-15.466344	-12.0124655
Zfp958	-13.948661	-10.494782
Stk33	-16.145885	-12.692007
Pld2	-13.263049	-9.809171
Dnah5	-15.171836	-11.7179575
Camk2b	-13.364049	-9.910171
Chrm3	-19.351337	-15.89746
Tiam1	-16.275562	-12.821685
Tex264	-11.749435	-8.295557
Itk	-20.44995	-16.996073
Gm45469	-19.756802	-16.302925
C030005K06Rik	-16.71228	-13.258402
Ak1	-12.130233	-8.676354
Zfp362	-12.201421	-8.747542
Rnf19b	-12.878991	-9.425113
Gm45669	-16.04323	-12.589353
Gm10076	-8.523043	-5.0691648
Cutc	-13.73821	-10.284331
Pdia5	-13.278294	-9.824415
Gm50115	-17.67736	-14.223483
Cbx1	-10.944853	-7.490975
Gm46218	-15.713752	-12.259873
Trpc4	-18.50404	-15.050162
Ppm1n	-15.350083	-11.896205
Gm11915	-17.965042	-14.511165
1700084C06Rik	-16.984213	-13.530335
Rexo2	-9.60667	-6.1527925
Bud31	-11.879785	-8.425906
Gabbr1	-12.2646	-8.810721
Hoxa9	-14.597748	-11.143869
Qser1	-11.945437	-8.491559
Adss	-11.411347	-7.9574695
Prss23os	-16.812363	-13.358485
G0s2	-16.322815	-12.8689375
Lrrc27	-14.23135	-10.777472
Gab1	-12.349485	-8.895607
Inpp5b	-13.092394	-9.638515
Nell2	-19.756802	-16.302925
Sim2	-20.44995	-16.996073
Gmfb	-12.808386	-9.354507
Anks1b	-18.252724	-14.798846
Dusp23	-13.191538	-9.737659
5730507C01Rik	-15.473216	-12.019338
Dus3l	-12.722856	-9.268977
Fbxo24	-15.917351	-12.463472
B3gnt6	-18.252724	-14.798846
Bmp3	-12.280614	-8.8267355
Colgalt1	-10.71299	-7.259112
Hccs	-12.986588	-9.532709
Thumpd3	-13.251019	-9.79714
Ttc41	-16.389507	-12.935629
Myh11	-6.9582973	-3.5044198
Gm26891	-19.063654	-15.6097765
Rtn4	-10.059909	-6.606031
Gng5	-9.348835	-5.894957
Rgcc	-13.248034	-9.794155
2810405F17Rik	-15.777122	-12.323243
Trim43c	-18.252724	-14.798846
Doc2g	-14.994629	-11.5407505
Rax	-17.405428	-13.95155
Zc3h15	-10.912034	-7.458156
Slc31a1	-13.391192	-9.937314
Klf11	-13.659853	-10.205975
Ap3d1	-11.754611	-8.300733
Gm34471	-15.406525	-11.952646
Hapln4	-17.7419	-14.288022
Acox1	-12.456668	-9.0027895
Stpg4	-17.7419	-14.288022
Fhl3	-14.372308	-10.918429
Il13ra1	-13.233241	-9.779363
Traf1	-16.106144	-12.6522665
Shmt2	-13.17547	-9.721592
Nudt13	-12.498391	-9.044513
Emc3	-11.323318	-7.8694396
Ginm1	-10.871846	-7.4179683
Gm17552	-16.518124	-13.064246
Zfp318	-12.347667	-8.893788
Camk1d	-14.388494	-10.934615
Pcdh7	-8.835515	-5.3816376
Gfer	-12.839593	-9.385715
Ldb1	-12.069723	-8.615845
Rps23	-7.8293695	-4.375492
Ing3	-12.29804	-8.844162
Dclre1c	-14.678509	-11.22463
Syne3	-14.299347	-10.8454685
Camsap1	-11.951328	-8.49745
Sclt1	-13.065961	-9.6120825
Rai1	-12.896664	-9.442785
Gm46658	-18.370508	-14.916631
Gm45022	-16.953442	-13.499564
Polr2d	-12.2626505	-8.808772
Kdr	-18.052053	-14.598176
Rab3d	-12.200636	-8.7467575
Fam104a	-10.878794	-7.424916
Vmp1	-12.046822	-8.592943
Mcmbp	-12.01007	-8.556191
Map3k11	-14.171429	-10.71755
Gm3636	-15.777122	-12.323243
Gemin8	-14.496707	-11.042829
1110002E22Rik	-17.810892	-14.357015
Magi1	-13.09815	-9.644272
Slc5a2	-18.370508	-14.916631
Pus3	-13.933757	-10.479878
1700029J07Rik	-14.175188	-10.72131
Gm26670	-16.372412	-12.918534
Aldh7a1	-11.480917	-8.027039
Uros	-13.963789	-10.509911
Slc6a8	-11.850072	-8.3961935
Bop1	-12.517588	-9.063709
Sec61a2	-13.672303	-10.218425
Poc1b	-13.363213	-9.909334
Carmil2	-18.65819	-15.204312
Gm49291	-18.252724	-14.798846
Sf3b3	-12.01007	-8.556191
Necap2	-12.749203	-9.295324
Rnf165	-17.965042	-14.511165
Gm29683	-18.65819	-15.204312
Stxbp4	-13.393775	-9.939897
4930511M06Rik	-15.5901375	-12.136259
Gm16124	-12.940067	-9.486189
Gm15965	-18.65819	-15.204312
Ccdc36	-17.810892	-14.357015
Ralgps1	-14.421672	-10.967793
Fam120a	-11.252391	-7.798513
Gm45572	-18.370508	-14.916631
1700039M10Rik	-18.65819	-15.204312
Ky	-13.575751	-10.121873
Snip1	-13.03237	-9.578491
Gm14703	-17.117744	-13.663867
Stat3	-11.67889	-8.225012
Mybl1	-13.577822	-10.123943
Eva1b	-10.199934	-6.746056
4931415C17Rik	-17.50551	-14.051633
Slc25a36	-12.11668	-8.662802
Ccdc97	-12.930258	-9.476379
9230116N13Rik	-15.805559	-12.351681
Agbl3	-13.63431	-10.180431
Pfn1	-8.728321	-5.274443
Tagln3	-17.50551	-14.051633
Gm28791	-14.512414	-11.058536
Pomt2	-13.420862	-9.966984
Cep131	-14.107829	-10.653951
1810013D15Rik	-18.65819	-15.204312
Ccdc96	-16.894602	-13.440723
Kpna4	-11.103507	-7.649629
Gtf2a1l	-19.756802	-16.302925
Gm12295	-14.473599	-11.019721
L3hypdh	-13.601945	-10.1480665
Serac1	-15.419512	-11.965633
Xylt2	-13.40679	-9.952911
Trpc4ap	-11.913346	-8.459468
Gm15402	-16.643288	-13.189409
Rbfox1	-18.840511	-15.386634
Neurl1a	-15.613668	-12.15979
Pmm2	-12.908267	-9.454389
Gm36287	-16.132462	-12.678583
Hilpda	-13.244315	-9.790437
Elp3	-12.867721	-9.413842
Nphp1	-12.922156	-9.468278
Parp11	-14.597748	-11.143869
5830408C22Rik	-14.952782	-11.498903
Tmem186	-14.099065	-10.645186
Rps9	-8.181071	-4.727194
Gm26631	-16.786388	-13.33251
Gm11131	-18.50404	-15.050162
Prkd3	-12.041233	-8.587355
Mcam	-9.811094	-6.3572164
Zfand2a	-13.416444	-9.962565
Scaf1	-11.965693	-8.511815
Tnks	-12.099756	-8.645878
Mertk	-11.47293	-8.019052
Tmem140	-12.64529	-9.191412
Gm8817	-18.840511	-15.386634
Wbp1l	-12.507588	-9.05371
Eef1e1	-12.884157	-9.430279
Ttf1	-12.580166	-9.126287
Prrg3	-13.094948	-9.641069
Yipf6	-12.651427	-9.197549
Gm20492	-16.245256	-12.791379
Vmn2r76	-19.756802	-16.302925
Lrch3	-11.909627	-8.455749
Ythdf1	-12.043018	-8.58914
Il27	-17.7419	-14.288022
Tmem198	-15.245943	-11.792065
Gpatch2l	-13.161022	-9.707144
Morn1	-15.273801	-11.819922
Soat2	-19.351337	-15.89746
Gal3st1	-17.271896	-13.818018
Ptpn20	-20.44995	-16.996073
Csgalnact1	-12.539359	-9.085481
Ptges3	-10.154285	-6.7004075
1700067K01Rik	-17.965042	-14.511165
Gm34788	-18.147364	-14.693486
Synpo2l	-13.283684	-9.829805
Rhoh	-19.756802	-16.302925
Pcsk2os1	-19.351337	-15.89746
Trub1	-13.236182	-9.782304
Gm43409	-19.351337	-15.89746
Actl6a	-12.04974	-8.595861
Tmod2	-13.689535	-10.235657
Efcab5	-16.894602	-13.440723
Gm13056	-15.400094	-11.946216
Cfd	-17.616735	-14.162858
Adal	-13.997901	-10.544023
Dubr	-11.861739	-8.407861
Gm15834	-18.65819	-15.204312
Gm48935	-18.840511	-15.386634
Gm47601	-18.50404	-15.050162
Thap8	-16.291067	-12.837189
Dnaja3	-12.987735	-9.533856
Dgkz	-12.761495	-9.307616
Fam136a	-12.339223	-8.8853445
1700112J16Rik	-17.117744	-13.663867
Oasl2	-17.271896	-13.818018
Gm26620	-16.119217	-12.6653385
Cdca8	-15.051787	-11.597909
Gm13075	-19.063654	-15.6097765
Trim44	-11.457269	-8.00339
Gm38832	-19.063654	-15.6097765
Gm12395	-19.351337	-15.89746
AL607088.1	-17.67736	-14.223483
Lyz2	-15.515476	-12.061598
Pnp2	-15.432671	-11.978792
Cfap70	-19.756802	-16.302925
Atp10b	-16.984213	-13.530335
Natd1	-13.611545	-10.157666
E2f8	-18.840511	-15.386634
Fktn	-12.41954	-8.965662
Zfp994	-13.720126	-10.266248
Fxyd3	-18.147364	-14.693486
Slc25a44	-13.133402	-9.679523
5730420D15Rik	-16.68875	-13.234872
E130310I04Rik	-15.400094	-11.946216
Snx15	-13.210017	-9.756139
Gm31659	-17.616735	-14.162858
Gm17034	-19.063654	-15.6097765
Gm47972	-18.147364	-14.693486
Ap4m1	-13.222287	-9.768409
Tapbpl	-13.983806	-10.529927
Wtap	-12.088943	-8.635064
Zfat	-14.8080435	-11.354165
Nab2	-12.928632	-9.474753
Smim27	-11.130666	-7.676788
Map7d3	-14.149164	-10.695286
Prpf4	-12.816096	-9.362218
Slc41a3	-12.67804	-9.224161
Kctd20	-12.660496	-9.206617
Gm15401	-19.063654	-15.6097765
Mthfd2	-12.794086	-9.340208
Tiam2	-13.354886	-9.901008
N6amt1	-11.050478	-7.5966
Dut	-11.777978	-8.3241
Itpr1	-10.420535	-6.966657
Cd163	-18.147364	-14.693486
Pnkd	-11.040595	-7.586717
Zfp619	-14.666125	-11.212247
H3f3a	-8.43459	-4.9807124
Cops7a	-12.0006075	-8.546729
Akr7a5	-12.192306	-8.738427
Gm45470	-19.756802	-16.302925
Tmc8	-18.50404	-15.050162
Gimap6	-15.368546	-11.914667
Ankrd7	-19.756802	-16.302925
Gm43936	-17.191853	-13.737975
Zmat5	-11.66029	-8.206411
Pde4dip	-10.42513	-6.971252
Slc25a47	-14.342927	-10.889049
Unc5d	-14.044722	-10.590843
Mfsd1	-12.674674	-9.220796
Lonp1	-12.257103	-8.803225
Adam1b	-19.351337	-15.89746
Foxf2	-17.965042	-14.511165
Itih5	-14.977679	-11.523801
Slc35f2	-19.756802	-16.302925
Rab11fip4	-17.965042	-14.511165
Zfp426	-13.077204	-9.623325
Nfkbiz	-12.283166	-8.829288
Dusp5	-14.005819	-10.551941
Soat1	-12.342531	-8.888653
Yipf5	-11.202218	-7.74834
Shroom4	-14.261686	-10.807808
Zfp575	-16.201454	-12.747577
Fblim1	-8.593832	-5.139954
Afap1	-11.31358	-7.8597016
Rps6	-8.60171	-5.1478324
Gm30655	-19.756802	-16.302925
Clec16a	-13.465234	-10.011355
Tmem175	-13.04994	-9.596062
Cdkn2d	-12.317244	-8.863365
Rtl8b	-12.389726	-8.935847
Slc30a5	-12.462086	-9.008207
Irf2	-11.63562	-8.181742
Olfr279	-20.44995	-16.996073
Zfp454	-15.117231	-11.663353
Selenov	-18.147364	-14.693486
Fzd6	-13.323863	-9.869985
Lig1	-13.576786	-10.122908
Gm48089	-19.351337	-15.89746
Ikzf2	-12.873853	-9.419974
Tbcel	-12.351004	-8.897125
Gm15929	-18.50404	-15.050162
Atp5k	-9.488342	-6.0344644
Cggbp1	-10.781552	-7.3276744
Dnajb11	-11.586617	-8.132739
Stk38	-11.742964	-8.289085
Atf7ip2	-18.840511	-15.386634
Gm16144	-17.965042	-14.511165
Tyro3	-14.145501	-10.691623
Plekhg1	-14.877796	-11.423918
Stk40	-11.779178	-8.325299
Mrps35	-12.386572	-8.9326935
Gm37800	-17.810892	-14.357015
Mrgbp	-13.33518	-9.881302
Slc25a17	-12.027727	-8.573849
Pla2g3	-18.50404	-15.050162
Tgfb1i1	-9.969681	-6.515803
Stx7	-11.401775	-7.9478974
Lonrf1	-12.5208235	-9.066945
Hira	-13.028772	-9.574894
Uba7	-15.412997	-11.959119
Wdr45	-12.412407	-8.9585285
Gm31718	-17.271896	-13.818018
Gm15406	-18.50404	-15.050162
Klhl41	-13.17547	-9.721592
Gm14285	-15.834829	-12.380951
Gm45604	-17.965042	-14.511165
Zfp644	-10.715828	-7.26195
Gm10785	-16.215843	-12.761965
Atp13a2	-13.248779	-9.794901
Taz	-12.44826	-8.994382
Arl14ep	-13.04994	-9.596062
Gstt4	-19.756802	-16.302925
Mybphl	-19.756802	-16.302925
Trappc2l	-11.155728	-7.7018504
Uaca	-11.666707	-8.212829
Aoc2	-15.637766	-12.1838875
Rhobtb2	-13.16239	-9.708511
Urm1	-12.598289	-9.14441
Gm42829	-15.906655	-12.452777
Tomt	-19.063654	-15.6097765
Tafa1	-12.251861	-8.797982
Dhrs2	-19.756802	-16.302925
Unc5b	-13.299249	-9.84537
4930465K09Rik	-18.840511	-15.386634
Pkn1	-12.086841	-8.632962
Zfp148	-11.225312	-7.7714343
Notch4	-15.74042	-12.286542
Rpl36al	-9.249587	-5.795709
Corin	-17.405428	-13.95155
Cd93	-15.320051	-11.866173
Gdf11	-15.074672	-11.620793
Eif3j1	-10.787706	-7.3338284
1700061G19Rik	-13.836566	-10.382688
Ccnb1	-15.896073	-12.442195
Ifi205	-20.44995	-16.996073
Sesn2	-14.694208	-11.24033
Alpk2	-16.71228	-13.258402
Trim6	-15.4595175	-12.005639
Ezr	-14.575019	-11.1211405
BC001981	-19.756802	-16.302925
Slc37a3	-12.992918	-9.53904
Ncf2	-15.083974	-11.6300955
Gm17382	-19.351337	-15.89746
Vipr1	-16.245256	-12.791379
Itgb5	-9.7273	-6.273422
Sept7	-9.697958	-6.2440805
D730003K21Rik	-18.370508	-14.916631
Gm15475	-19.063654	-15.6097765
Gm5860	-14.199975	-10.746097
Pdk3	-12.477829	-9.023951
Msra	-11.665635	-8.211757
Trappc9	-12.567258	-9.1133795
Amigo1	-13.844652	-10.390774
Scmh1	-12.128772	-8.674893
Nucb2	-12.064462	-8.610583
Fam214a	-12.698905	-9.245027
Ubl4a	-12.203254	-8.749375
Hirip3	-12.996388	-9.54251
Dimt1	-12.614766	-9.160888
Tdrd6	-18.147364	-14.693486
Kif5c	-13.962266	-10.508388
Gpr88	-19.351337	-15.89746
Zfp292	-11.268421	-7.8145432
Trnt1	-12.137078	-8.6832
Nme2	-8.832916	-5.379039
Zc3h18	-12.002321	-8.548443
Cul4a	-12.026189	-8.57231
Etv5	-14.360906	-10.907027
Hlcs	-13.852804	-10.398926
9430085M18Rik	-16.04323	-12.589353
1700001O22Rik	-15.060879	-11.607
Selenok-ps1	-15.537295	-12.083417
Rbm41	-13.770351	-10.316473
Gm27011	-17.885	-14.431123
Psma1	-10.867702	-7.4138236
Best3	-17.117744	-13.663867
1700123O20Rik	-12.020932	-8.567054
Des	-11.057371	-7.603493
Olfr1423	-19.351337	-15.89746
Nup98	-12.171014	-8.717135
Gm9725	-17.559578	-14.1057
Pecr	-12.7428875	-9.289009
Rpp30	-12.605317	-9.151439
Samd9l	-12.195421	-8.741543
Mier1	-10.680051	-7.226173
Setd5	-11.207626	-7.7537484
Ccnt2	-12.144466	-8.690588
Txnrd2	-12.975745	-9.521867
Ccdc107	-10.295198	-6.8413205
Chsy1	-11.857464	-8.403585
Hspa1b	-10.174107	-6.7202287
Prr3	-13.886095	-10.432217
Arhgdia	-10.335756	-6.8818784
5033417F24Rik	-15.74042	-12.286542
Gmpr2	-12.320186	-8.866307
Cry2	-12.352524	-8.898645
Tiparp	-13.051164	-9.597285
Chmp4c	-11.154717	-7.7008395
Emilin1	-11.092656	-7.638778
Tmem263	-11.835086	-8.381207
Odf3b	-18.840511	-15.386634
Ssr1	-10.917309	-7.463431
Cebpg	-12.0178795	-8.564001
Opn3	-15.552111	-12.098232
Smg1	-11.720877	-8.266998
Gm45184	-16.66576	-13.211882
Edil3	-19.756802	-16.302925
1700026N04Rik	-17.965042	-14.511165
Tango2	-12.925929	-9.472051
Slc29a1	-10.820242	-7.366364
Tbc1d9b	-12.600626	-9.146748
Chp2	-20.44995	-16.996073
Mctp2	-20.44995	-16.996073
Atp5g2	-9.636069	-6.1821914
Emp2	-10.487392	-7.0335145
Synrg	-11.555142	-8.101264
Zbtb45	-13.810074	-10.356195
Necap1	-13.148128	-9.694249
1700001L05Rik	-15.182092	-11.728213
Cd300a	-18.840511	-15.386634
Kin	-12.017444	-8.563565
Tmem170b	-13.330315	-9.876436
D330041H03Rik	-15.74042	-12.286542
Ubtd2	-13.41029	-9.956411
Insr	-11.571034	-8.117156
Ifi27l2b	-15.722562	-12.268683
Kptn	-12.905618	-9.451739
Gm14391	-15.984042	-12.530164
Rps16	-8.03633	-4.582453
Nup155	-13.325472	-9.871593
Sptbn4	-16.953442	-13.499564
Dram1	-13.492453	-10.038574
Stk24	-11.748604	-8.294725
Pnpla7	-14.666125	-11.212247
Ikbkb	-12.288004	-8.8341255
Gbp6	-16.66576	-13.211882
Srd5a1	-14.815161	-11.361282
Etl4	-13.316654	-9.862776
Tk2	-13.8846855	-10.430807
Ebag9	-12.652248	-9.19837
9230104M06Rik	-16.812363	-13.358485
Fam214b	-12.22204	-8.768162
Hfe	-14.881606	-11.427728
Arhgap27os1	-20.44995	-16.996073
Yaf2	-11.422212	-7.9683337
Phf10	-11.896811	-8.442932
Mfap3l	-16.894602	-13.440723
Ccnl1	-11.232336	-7.778458
Dpm2	-11.849336	-8.395457
Ttc21b	-13.045062	-9.591184
Pcsk9	-20.44995	-16.996073
Gm16048	-17.314455	-13.860578
Paxx	-11.831645	-8.377767
Klhdc8a	-19.063654	-15.6097765
Il4ra	-14.393167	-10.939288
St6galnac6	-12.007912	-8.554033
Adgrl2	-10.63814	-7.184262
Ece1	-12.621116	-9.167237
Gm26779	-17.082653	-13.628776
4931414P19Rik	-14.944618	-11.49074
Klhdc9	-15.896073	-12.442195
Dhx40	-12.303531	-8.849652
Lyst	-11.419813	-7.965935
Rbx1	-10.026747	-6.572869
Runx1	-14.8368225	-11.382944
Tmem8b	-13.423523	-9.969645
Cyp26b1	-13.535219	-10.081341
Heyl	-11.26114	-7.807262
1700017B05Rik	-13.703538	-10.24966
Hoxa11os	-19.351337	-15.89746
Slc18b1	-13.820587	-10.366709
Fbxo48	-17.559578	-14.1057
Rspo3	-12.756925	-9.303046
Gm49890	-15.537295	-12.083417
Galnt6	-14.169555	-10.715676
Cyp2r1	-15.446004	-11.9921255
Zfp788	-13.274461	-9.820582
Gm33508	-19.063654	-15.6097765
Trp53bp1	-12.607279	-9.1534
Adrb1	-16.372412	-12.918534
Stat5b	-12.612395	-9.158517
Gm42918	-15.815221	-12.361342
Ino80dos	-14.710157	-11.256279
Rbm8a2	-16.643288	-13.189409
Mthfd2l	-11.799975	-8.346097
Lyrm9	-13.711798	-10.257919
AI507597	-18.052053	-14.598176
Tex38	-19.351337	-15.89746
Prr19	-20.44995	-16.996073
Gm8113	-17.810892	-14.357015
Col4a1	-9.197338	-5.74346
Aldh8a1	-18.252724	-14.798846
Fkbp3	-11.091707	-7.6378293
Ttc12	-13.831211	-10.377333
A530046M15Rik	-14.618068	-11.164189
Ccnh	-12.226323	-8.772445
Sec31a	-10.696065	-7.242187
Tgm5	-20.44995	-16.996073
Vps33a	-13.698849	-10.24497
Pvr	-13.432444	-9.978565
Ica1l	-16.839031	-13.385154
Ccdc83	-18.50404	-15.050162
Pex3	-12.580548	-9.12667
Capn15	-13.04142	-9.587542
Aste1	-14.0800495	-10.626171
Hgsnat	-12.509723	-9.055844
Gm13713	-19.756802	-16.302925
Dph3	-10.865705	-7.4118266
Cfl1	-9.606026	-6.152148
Ces2g	-13.621238	-10.167359
Zcchc4	-13.765339	-10.3114605
Birc5	-15.597919	-12.144041
Col7a1	-16.736378	-13.282499
Clint1	-11.291114	-7.837236
Gm44287	-19.063654	-15.6097765
Gm5535	-17.454218	-14.0003395
Zfp973	-14.1846485	-10.73077
Gm24362	-16.812363	-13.358485
Prkg2	-16.372412	-12.918534
Gm29430	-17.885	-14.431123
Ly6a	-16.786388	-13.33251
Commd10	-13.03177	-9.577891
Slc40a1	-15.928162	-12.474283
Tasor	-11.378068	-7.92419
Ccna2	-15.84478	-12.390902
1700036G14Rik	-17.50551	-14.051633
Gm22000	-17.154112	-13.700234
Klhl24	-11.354123	-7.900245
Tfb1m	-14.205783	-10.7519045
Zbtb14	-13.337623	-9.883744
Sil1	-12.306433	-8.852554
Gpr137	-13.217217	-9.763339
Susd1	-19.756802	-16.302925
Zbtb26	-14.243374	-10.789495
Akr1c13	-17.7419	-14.288022
Reps1	-12.774868	-9.32099
Gadl1	-18.65819	-15.204312
Gm12264	-17.67736	-14.223483
4933407E24Rik	-16.839031	-13.385154
Lsm4	-11.099935	-7.6460567
Tuba1a	-10.722544	-7.268666
D430001F17Rik	-19.756802	-16.302925
A530016L24Rik	-15.156646	-11.702767
Mtdh	-9.588684	-6.1348066
Rpl36a	-8.699749	-5.2458715
Scn2b	-14.965153	-11.511274
Scarletltr	-16.230442	-12.776564
Slc22a15	-14.0042305	-10.550352
Srxn1	-12.90986	-9.455981
4933427D14Rik	-15.79599	-12.342112
Arhgap28	-18.052053	-14.598176
Inpp5k	-12.713643	-9.259765
Dusp14	-13.352402	-9.898523
Plekhm1	-13.543196	-10.089317
Pin1	-11.076726	-7.622848
Psph	-13.354886	-9.901008
Tmem70	-12.016573	-8.562695
Ing5	-12.526602	-9.072723
Hdac10	-14.292971	-10.839092
Ltb	-19.351337	-15.89746
Gm28499	-19.756802	-16.302925
Vwa8	-13.096228	-9.642349
Milr1	-14.87022	-11.416342
Gm50069	-15.192454	-11.738576
Slc27a4	-12.9831505	-9.529272
Olfr1029	-18.50404	-15.050162
Zfp341	-15.107615	-11.653737
Rapgef2	-12.258764	-8.804886
Arhgef37	-18.147364	-14.693486
Rbms1	-11.27503	-7.821152
Gm48342	-18.147364	-14.693486
Tmem255a	-17.559578	-14.1057
Tead1	-11.3395405	-7.8856626
Alg8	-14.675399	-11.22152
Nbn	-12.217776	-8.763898
Txlna	-12.224982	-8.771104
Atp1b3	-10.571985	-7.1181073
Btla	-18.052053	-14.598176
Tac1	-17.885	-14.431123
BC030867	-19.351337	-15.89746
Zbtb46	-13.942673	-10.488794
C5ar2	-15.815221	-12.361342
Kif3b	-13.215052	-9.761173
Aldoart1	-18.052053	-14.598176
Bcl2a1b	-19.756802	-16.302925
Vmn2r28	-19.351337	-15.89746
Micos10	-9.943377	-6.4894986
Zfp408	-14.710157	-11.256279
Coa5	-12.622709	-9.168831
Mecomos	-15.995603	-12.541724
Abcc9	-10.605416	-7.1515384
Six2	-17.50551	-14.051633
Foxn2	-12.493824	-9.039946
Gm10570	-15.273801	-11.819922
Mid2	-12.713206	-9.259328
Gm12781	-18.370508	-14.916631
Vamp2	-11.110777	-7.656899
Ppp3ca	-11.68621	-8.232331
Rnase10	-16.786388	-13.33251
Zfp605	-13.771608	-10.31773
Acsf3	-14.600625	-11.146747
Ncoa1	-12.047495	-8.5936165
Cage1	-15.74042	-12.286542
Ttyh3	-14.61222	-11.158341
Nectin3	-12.704947	-9.251069
A230103J11Rik	-20.44995	-16.996073
Pold3	-13.028174	-9.574296
Eif2ak3	-13.679161	-10.225283
Frg2f1	-14.746167	-11.292289
Ggnbp1	-12.928632	-9.474753
1700019D03Rik	-17.358908	-13.905029
Mcm3	-13.728524	-10.274646
Tmem221	-18.840511	-15.386634
Elp6	-14.154684	-10.700806
Prdm15	-13.797087	-10.343208
Jak3	-19.063654	-15.6097765
Cbl	-11.791083	-8.337205
Gm26566	-16.66576	-13.211882
Snrpf	-10.547012	-7.0931344
Katnal2	-18.147364	-14.693486
Ddost	-10.66474	-7.2108617
Olfr639	-18.370508	-14.916631
Tmem184a	-18.65819	-15.204312
Slc15a3	-18.65819	-15.204312
Gm44366	-17.616735	-14.162858
Pusl1	-13.115621	-9.661742
Caap1	-12.805988	-9.35211
Cdh24	-16.260296	-12.806417
Olfr1564	-18.252724	-14.798846
Cltb	-10.711632	-7.257754
Kcp	-19.063654	-15.6097765
A730056A06Rik	-19.756802	-16.302925
Tdrd7	-13.294554	-9.840675
Pdk1	-13.46246	-10.008581
Adam18	-19.063654	-15.6097765
B9d1os	-17.154112	-13.700234
Ncapd2	-15.007532	-11.553654
Mettl16	-12.314017	-8.860139
Ankdd1b	-19.756802	-16.302925
Ssc4d	-16.479658	-13.02578
Nt5c1a	-18.252724	-14.798846
Gm48552	-15.815221	-12.361342
Gusb	-12.037007	-8.583129
Gde1	-10.900213	-7.4463353
Ankrd50	-12.96502	-9.511142
Psmb4	-10.2934885	-6.8396106
Rin1	-15.74042	-12.286542
Iba57	-15.597919	-12.144041
Immp2l	-16.106144	-12.6522665
Slc25a37	-13.664363	-10.2104845
Snx7	-12.322546	-8.868668
Gm14302	-18.370508	-14.916631
Ccdc138	-14.215539	-10.761661
Ap4s1	-11.504878	-8.051
A930028N01Rik	-16.786388	-13.33251
Zdhhc6	-12.775797	-9.3219185
Zfp966	-15.406525	-11.952646
Sec31b	-15.69636	-12.242481
St8sia2	-17.616735	-14.162858
Dbndd2	-10.586191	-7.1323133
Vps9d1	-13.180333	-9.726455
Pacs2	-13.226654	-9.772776
Zfp81	-13.407664	-9.953786
Ssh3	-13.962266	-10.508388
Proser2	-13.513607	-10.059729
Glmp	-11.771149	-8.31727
Kif1b	-11.042728	-7.5888505
Zfp128	-14.818738	-11.36486
Picalm	-10.352995	-6.899117
Cdh3	-14.021845	-10.567966
Fundc1	-12.620319	-9.166441
Upf1	-11.922015	-8.468137
Gm43623	-17.965042	-14.511165
Pitpna	-10.8858595	-7.4319816
Usf1	-12.788894	-9.335015
Tas2r135	-19.756802	-16.302925
Uggt1	-11.94645	-8.492572
Gdap1l1	-19.351337	-15.89746
Lrrc8d	-16.067923	-12.614045
Phf3	-11.164502	-7.710624
Ifitm3	-10.40141	-6.947532
Rgl1	-14.034853	-10.580975
Abca9	-15.308287	-11.854408
Zfp60	-12.543035	-9.089156
Ache	-16.275562	-12.821685
Slc17a7	-17.7419	-14.288022
Gfra2	-16.599802	-13.145925
Ntm	-19.351337	-15.89746
Pcsk4	-15.487105	-12.033227
Tpmt	-13.507793	-10.053915
Clcn6	-14.0138	-10.559921
Bax	-10.979556	-7.525678
Clec4n	-20.44995	-16.996073
Xab2	-12.913053	-9.459174
Lor	-16.953442	-13.499564
Zfp850	-15.245943	-11.792065
Ifi207	-18.052053	-14.598176
Gm41231	-17.454218	-14.0003395
Pitpnm3	-13.169942	-9.7160635
Gm4876	-12.905089	-9.451211
1700101I11Rik	-16.230442	-12.776564
Mmp15	-14.723103	-11.269224
Ccar2	-13.939692	-10.485813
Slc25a21	-17.7419	-14.288022
Gm20512	-18.50404	-15.050162
Hist1h4d	-11.94483	-8.490952
Aldh3b1	-15.65416	-12.200281
Ttc22	-15.432671	-11.978792
Zfp30	-12.971215	-9.517337
Cadps2	-18.840511	-15.386634
Gm14327	-15.17695	-11.723072
Slc25a34	-13.609404	-10.155525
Gtf2h3	-13.417326	-9.963448
Rgs12	-14.073223	-10.619345
Rgs17	-13.213611	-9.759732
Cpq	-10.300736	-6.8468585
Nme4	-15.984042	-12.530164
Cep76	-13.954684	-10.500806
Ndufaf3	-11.774728	-8.320849
Efnb1	-13.726118	-10.27224
Abcg4	-14.577832	-11.123954
Gm39307	-17.965042	-14.511165
Gm45345	-17.885	-14.431123
Tank	-12.342531	-8.888653
Dnaja1	-9.567854	-6.1139765
Kyat3	-13.977604	-10.5237255
Fkbp2	-10.649991	-7.196113
Crtc1	-13.636505	-10.182627
Hist1h2bj	-17.559578	-14.1057
Slc2a6	-19.756802	-16.302925
Gm16244	-18.370508	-14.916631
Wdr62	-16.201454	-12.747577
Tnrc6a	-10.811601	-7.3577228
Actl9	-18.252724	-14.798846
Gtpbp2	-12.257103	-8.803225
Avp	-20.44995	-16.996073
Zfp729b	-13.280601	-9.826722
Fam98a	-12.203516	-8.749638
Clec1a	-19.351337	-15.89746
Pyroxd1	-13.123485	-9.669606
Themis	-20.44995	-16.996073
Rpl35a	-7.970002	-4.5161247
Gm49313	-20.44995	-16.996073
Arc	-14.188458	-10.73458
Gm16894	-18.50404	-15.050162
Mier2	-13.939692	-10.485813
Cd48	-19.063654	-15.6097765
Mlycd	-12.429023	-8.975144
Ctsz	-10.709217	-7.255339
Poln	-17.559578	-14.1057
Gm16299	-16.621307	-13.16743
Gm43568	-18.840511	-15.386634
Fam151b	-14.65999	-11.206112
Fam110b	-11.967348	-8.51347
Slc7a14	-18.65819	-15.204312
S100a2	-17.015963	-13.562084
Cacna1d	-12.968958	-9.5150795
Nhp2	-11.926576	-8.472697
Tmem171	-19.756802	-16.302925
Dennd4c	-12.31695	-8.863071
Sqstm1	-10.755703	-7.301825
Cep72	-16.275562	-12.821685
Tmcc1	-12.242548	-8.78867
Dgkh	-12.285155	-8.831277
Gm49312	-18.65819	-15.204312
Accsl	-18.65819	-15.204312
Caprin1	-11.346972	-7.8930945
Gm17077	-18.65819	-15.204312
Ecpas	-11.67703	-8.223151
Cd24a	-16.984213	-13.530335
Itgb4	-17.271896	-13.818018
Snrk	-11.19818	-7.7443023
Ephx2	-15.939091	-12.485212
Sdhaf4	-12.144219	-8.690341
Mmadhc	-11.543693	-8.089814
Sox6os	-14.301482	-10.847604
Gm10131	-15.597919	-12.144041
2510009E07Rik	-11.857464	-8.403585
Smg8	-13.502013	-10.048135
Fabp5	-12.770699	-9.31682
Tmem136	-12.518665	-9.064787
Mrps10	-12.801687	-9.347809
Tdp1	-13.94716	-10.493281
Rnf146	-11.979429	-8.525551
Lgals7	-19.756802	-16.302925
Arl13b	-11.816219	-8.362341
Tmem45a	-12.06241	-8.608532
Sigirr	-19.063654	-15.6097765
Glmn	-13.540196	-10.086318
Sdc3	-15.344005	-11.890126
Slc38a2	-9.633136	-6.1792583
Akr1c19	-20.44995	-16.996073
A430105J06Rik	-16.518124	-13.064246
Atxn7	-12.2682295	-8.814351
Mettl24	-11.957254	-8.503376
Fbxo25	-12.909328	-9.45545
Plp1	-14.6538925	-11.200014
Gm47545	-18.252724	-14.798846
Cnr1	-16.894602	-13.440723
Pip5k1b	-12.776727	-9.322848
Map3k8	-12.935696	-9.481817
Col4a3	-14.295092	-10.841213
Polr3k	-12.398609	-8.944731
Ccdc116	-18.50404	-15.050162
Vps8	-12.913587	-9.459708
8430429K09Rik	-14.081763	-10.627885
Mpp1	-12.293153	-8.839274
Fbxw2	-11.476726	-8.022847
Gm12207	-17.271896	-13.818018
Nars	-10.94791	-7.4940324
Gal	-18.65819	-15.204312
Rufy4	-17.7419	-14.288022
Gm20655	-13.543196	-10.089317
Isg15	-14.209674	-10.7557955
Fcrls	-19.063654	-15.6097765
Ctbs	-12.814646	-9.360767
Bcs1l	-13.374142	-9.920263
Dip2a	-13.130748	-9.676869
Fut11	-12.398291	-8.944412
Hoxc9	-14.881606	-11.427728
Fstl1	-8.868703	-5.414825
Rpusd1	-14.822329	-11.36845
Kcnab3os	-18.65819	-15.204312
Mettl5os	-16.291067	-12.837189
Tbck	-13.132074	-9.678196
Pih1d2	-15.529969	-12.076091
Agrp	-18.50404	-15.050162
0610009E02Rik	-15.362354	-11.908476
Atp6v1b2	-12.642847	-9.188969
Tmem163	-19.756802	-16.302925
Lrrcc1	-11.556789	-8.102911
Atxn3	-12.68184	-9.227962
Atp6ap2	-11.390665	-7.936787
Rcl1	-13.326278	-9.872399
Dlgap4	-10.967296	-7.5134177
Mrps28	-11.288485	-7.8346066
Tmem265	-14.635819	-11.181941
Zfp787	-12.5951805	-9.141302
Zfp423	-13.831211	-10.377333
Zfp395	-12.463445	-9.009566
Slc22a1	-10.966838	-7.51296
Mdga1	-13.202158	-9.74828
Chrdl2	-19.063654	-15.6097765
Abcb1b	-13.896017	-10.442139
Zfp329	-12.227128	-8.77325
Thap2	-12.05109	-8.597212
Snorc	-13.660978	-10.2071
Mkrn1	-12.087542	-8.633663
Gm26520	-17.271896	-13.818018
Erich3	-18.65819	-15.204312
Gm49745	-17.271896	-13.818018
Snrnp25	-13.169253	-9.715375
Lmf2	-12.257103	-8.803225
Fyttd1	-10.842782	-7.388904
Bcl7a	-12.282882	-8.829003
Gm10801	-20.44995	-16.996073
Ipo5	-11.953572	-8.499694
Rsph1	-13.9884815	-10.534603
Rabep1	-11.55528	-8.101401
Zdhhc23	-12.92701	-9.473131
Gm32219	-16.019133	-12.565255
Pi4kb	-13.136064	-9.682185
Gm44117	-18.65819	-15.204312
Syde1	-12.229816	-8.775938
H2afv	-10.327448	-6.87357
Gm14019	-19.063654	-15.6097765
Arfgef1	-11.745614	-8.291736
Slc16a7	-11.6873045	-8.233426
Gm43579	-19.756802	-16.302925
Gm47484	-15.544675	-12.090796
Sox13	-13.9963255	-10.542447
4930417H01Rik	-17.117744	-13.663867
Amh	-17.965042	-14.511165
Rtn3	-10.663952	-7.210074
Arl2bp	-11.770638	-8.31676
Rnase6	-20.44995	-16.996073
Lias	-12.185844	-8.731966
Ube2l3	-10.928163	-7.4742846
Bcl10	-12.201421	-8.747542
Aldh16a1	-13.85008	-10.396201
A230072E10Rik	-16.389507	-12.935629
Yars	-13.002782	-9.548903
Hsd17b11	-12.072479	-8.618601
Scrib	-13.12678	-9.672901
Nup160	-13.423523	-9.969645
Pdpr	-13.233241	-9.779363
Gm29361	-16.86643	-13.412553
Nkapl	-15.544675	-12.090796
Gm15787	-14.23935	-10.785472
Prr13	-12.195942	-8.7420635
Sema4f	-20.44995	-16.996073
Kctd2	-12.593244	-9.139365
Gm44067	-17.67736	-14.223483
Nars2	-14.147331	-10.693453
Mannr	-20.44995	-16.996073
Gm44709	-19.063654	-15.6097765
Itgb1bp1	-11.897197	-8.443318
Elmsan1	-12.618333	-9.164454
Acat2	-13.189427	-9.735549
Smg5	-12.801687	-9.347809
Vldlr	-10.835879	-7.3820014
Pgap1	-13.189427	-9.735549
Hnrnpdl	-10.665753	-7.2118754
Aamdc	-11.331286	-7.8774085
Apool	-12.664645	-9.210767
C2	-16.442617	-12.988739
Gtse1	-17.082653	-13.628776
Ogdh	-10.7697935	-7.3159156
Bbs9	-13.460615	-10.006737
4732414G09Rik	-14.756218	-11.30234
E330011O21Rik	-17.50551	-14.051633
Rep15	-14.920521	-11.466642
Fmn2	-19.351337	-15.89746
Gm26583	-17.271896	-13.818018
Gm14325	-14.6538925	-11.200014
Slc4a3	-11.651495	-8.197617
Cav2	-10.809582	-7.355704
Hoxa4	-13.659853	-10.205975
Hist1h1b	-15.344005	-11.890126
Gsap	-14.8259325	-11.372054
Tmem131l	-12.934061	-9.480183
Gm12589	-17.50551	-14.051633
Hexb	-11.457393	-8.003514
Zfp146	-13.436034	-9.982156
Fau	-7.9987645	-4.544887
Arhgef40	-12.459035	-9.0051565
Gm12703	-15.687777	-12.233898
Rfx7	-12.740642	-9.286763
2310061I04Rik	-13.013332	-9.559454
Mcoln1	-13.788095	-10.334217
Maged1	-10.610521	-7.1566434
Abcb7	-13.425302	-9.971423
Gm21833	-18.370508	-14.916631
Paip2b	-12.956077	-9.502198
Mios	-12.867211	-9.413333
Gm10734	-17.048752	-13.594874
Tas2r143	-17.314455	-13.860578
Slc25a30	-14.109591	-10.655712
Asb7	-12.978018	-9.524139
Mettl21c	-18.50404	-15.050162
Rnf125	-17.50551	-14.051633
Bckdhb	-13.219387	-9.765509
Scube2	-17.405428	-13.95155
Kdm4d	-17.314455	-13.860578
Gm15879	-16.145885	-12.692007
Tshb	-16.786388	-13.33251
Gm46516	-17.231073	-13.777196
Abcg1	-16.132462	-12.678583
Pqbp1	-12.0615	-8.607621
Slc6a7	-14.211625	-10.757747
Pabpc4l	-14.91656	-11.462682
Ogt	-11.575362	-8.121484
Abcb9	-13.113013	-9.659135
Epsti1	-18.50404	-15.050162
Rubcn	-12.864669	-9.41079
Bace2	-15.314152	-11.860273
Med23	-13.0734415	-9.619563
Reep2	-13.4496155	-9.995737
Actr8	-12.5208235	-9.066945
Zfp59	-14.773196	-11.319318
Tceal8	-11.518662	-8.064784
Txnl4b	-14.885429	-11.431551
Txnip	-10.496102	-7.0422244
Paics	-11.375773	-7.9218955
4930435F18Rik	-18.370508	-14.916631
Slc45a3	-14.081763	-10.627885
Serf2	-7.993496	-4.5396185
Bst1	-19.351337	-15.89746
Tfip11	-13.152859	-9.69898
Ttc26	-14.299347	-10.8454685
Gm15527	-14.496707	-11.042829
B3gnt9	-12.785604	-9.331725
Gm43259	-16.09324	-12.639363
Pcdh9	-14.088648	-10.634769
Gm50375	-16.736378	-13.282499
Gm4651	-17.559578	-14.1057
Gm10931	-18.370508	-14.916631
Car13	-17.885	-14.431123
Clic3	-18.052053	-14.598176
Chmp5	-11.06046	-7.606582
Tfpi	-13.386046	-9.932168
Tespa1	-18.840511	-15.386634
Rnf217	-12.557124	-9.103246
Gm17102	-17.50551	-14.051633
Zdhhc12	-12.995809	-9.54193
Gm15853	-15.79599	-12.342112
Rbms2	-11.669316	-8.215438
Gm50341	-17.117744	-13.663867
Depp1	-19.351337	-15.89746
Jmjd1c	-11.44688	-7.9930024
Zfp983	-13.740645	-10.286767
Spry2	-12.875905	-9.422027
Grb2	-11.597571	-8.143693
Gm5533	-17.559578	-14.1057
Gm30075	-17.154112	-13.700234
Pofut2	-10.778836	-7.3249583
Zfp967	-16.106144	-12.6522665
Hsph1	-10.475632	-7.021754
Mfap5	-9.217347	-5.763469
Qars	-12.067889	-8.614011
Cox8a	-8.900895	-5.447017
Batf2	-20.44995	-16.996073
P3h1	-12.27075	-8.816872
Cdh18	-14.501915	-11.048037
Sgms2	-12.575212	-9.121333
Odf2l	-13.502013	-10.048135
S100a8	-18.370508	-14.916631
Ptprm	-12.646107	-9.192228
Gm14764	-18.052053	-14.598176
9630028B13Rik	-20.44995	-16.996073
Efemp1	-16.736378	-13.282499
Zfp697	-14.780069	-11.326191
Stmn2	-18.50404	-15.050162
Pnmt	-15.875239	-12.421361
2810029C07Rik	-17.082653	-13.628776
Rpl3	-8.502415	-5.0485373
B230112J18Rik	-19.063654	-15.6097765
Alpk1	-14.793959	-11.34008
Tfap2b	-16.66576	-13.211882
G930009F23Rik	-16.92359	-13.469711
Atp8a1	-13.5029745	-10.049096
Hs3st5	-20.44995	-16.996073
Serpinh1	-9.260002	-5.806124
Cuedc2	-10.941655	-7.487777
Mef2b	-16.643288	-13.189409
Tmem115	-12.108301	-8.654423
Zfp37	-13.233241	-9.779363
Dusp4	-17.67736	-14.223483
Ccdc38	-19.063654	-15.6097765
Xrcc2	-15.262565	-11.808686
Gimap9	-17.965042	-14.511165
3222401L13Rik	-13.702364	-10.248486
4933423P22Rik	-18.147364	-14.693486
Gm12932	-17.559578	-14.1057
Ormdl3	-11.569643	-8.115765
Trappc1	-12.2662735	-8.812395
E430018J23Rik	-14.009004	-10.555125
Rasgrp3	-19.063654	-15.6097765
Pkn3	-18.65819	-15.204312
Fam92a	-11.350206	-7.8963284
Gm40660	-19.063654	-15.6097765
Myo9b	-11.605614	-8.151735
Ndufaf7	-12.431325	-8.977447
Atg2b	-13.328697	-9.874819
Zfp335os	-16.275562	-12.821685
Cnn3	-9.622322	-6.1684446
Gm15270	-13.348274	-9.894396
Zfp977	-15.767818	-12.31394
Fbxl20	-12.202992	-8.749114
A930002C04Rik	-15.381046	-11.927168
Psmb5	-10.164778	-6.7109
5430416N02Rik	-13.47922	-10.025342
Gm17251	-13.686065	-10.232186
Gstm7	-12.873341	-9.419462
Tmem246	-12.443916	-8.990038
Slc29a3	-13.131411	-9.677532
Ablim2	-17.117744	-13.663867
Tmem116	-17.048752	-13.594874
P2rx5	-12.657601	-9.203723
Prf1	-20.44995	-16.996073
Crtc3	-10.679879	-7.2260013
5430414B19Rik	-16.275562	-12.821685
Ppp1r3f	-14.638809	-11.184931
Rhd	-18.252724	-14.798846
Sox1ot	-18.65819	-15.204312
Ubqln4	-13.200025	-9.746146
Fam107a	-14.272006	-10.818128
Zdhhc3	-12.4137	-8.959822
Aldh3a1	-17.405428	-13.95155
Gbp5	-15.854831	-12.400952
Zfp825	-13.721321	-10.267443
Nrip2	-20.44995	-16.996073
Snx9	-11.367557	-7.9136786
Dalrd3	-12.564621	-9.110743
Nr2f6	-11.689811	-8.235932
Wdr92	-13.239132	-9.785254
3632454L22Rik	-17.358908	-13.905029
Ldlrad4	-11.632356	-8.178477
Tph2	-20.44995	-16.996073
Gm45311	-16.275562	-12.821685
Aftph	-12.128772	-8.674893
Actr10	-11.007229	-7.553351
Ajuba	-14.205783	-10.7519045
Rcan3	-13.065961	-9.6120825
Gfod1	-13.321454	-9.867576
Thoc3	-12.349485	-8.895607
Morrbid	-16.953442	-13.499564
Wdr1	-10.473073	-7.019195
Xpa	-12.047495	-8.5936165
Fank1	-19.063654	-15.6097765
S100a4	-9.162145	-5.708267
Ankrd6	-18.840511	-15.386634
9230111E07Rik	-16.260296	-12.806417
Nek5	-19.351337	-15.89746
Ptprk	-13.251766	-9.797888
4930594M22Rik	-16.92359	-13.469711
Gm37027	-17.7419	-14.288022
Cd79a	-18.65819	-15.204312
Fam171a1	-13.02043	-9.566551
Dph5	-13.399828	-9.94595
Rhot1	-11.916293	-8.462415
Hoxaas2	-13.496265	-10.042387
Hus1	-13.492453	-10.038574
Lpar6	-14.421672	-10.967793
Zfp872	-14.512414	-11.058536
Dhrs11	-14.402578	-10.9487
Fam234a	-12.33413	-8.880252
1700034H15Rik	-18.052053	-14.598176
Apobec3	-14.280339	-10.826461
4933424G05Rik	-19.351337	-15.89746
Zc3h10	-13.367401	-9.913523
Hnrnpr	-10.949705	-7.495827
H2-Ab1	-15.613668	-12.15979
Mterf2	-13.999479	-10.545601
Pars2	-14.710157	-11.256279
Gm16287	-16.215843	-12.761965
Psmc3ip	-13.398961	-9.945083
Pcnx4	-12.887269	-9.433391
Ubr5	-10.967752	-7.5138745
Vat1	-11.755448	-8.30157
Gm17349	-17.314455	-13.860578
Mex3d	-13.210735	-9.756857
Ermap	-17.358908	-13.905029
Foxl1	-14.276164	-10.822286
Qrsl1	-14.217502	-10.763623
Slc11a2	-13.242831	-9.788953
Psd4	-19.756802	-16.302925
Frs3	-14.759591	-11.305713
Zwilch	-16.019133	-12.565255
5830448L01Rik	-14.952782	-11.498903
Srp54c	-14.349631	-10.895753
Pias1	-11.364153	-7.910275
AC113595.1	-19.063654	-15.6097765
mt-Cytb	-6.59417	-3.1402926
4930403P22Rik	-15.2908945	-11.837016
Ear2	-20.44995	-16.996073
Irak3	-14.74284	-11.288961
Ccl7	-19.756802	-16.302925
Mrps18a	-11.555006	-8.101128
1110032A03Rik	-12.450607	-8.996729
Hhat	-16.479658	-13.02578
Elmo2	-13.037186	-9.583307
Brsk2	-18.370508	-14.916631
Ttk	-16.953442	-13.499564
Tmem87b	-11.610239	-8.156361
Mir99ahg	-12.215916	-8.762037
Arhgef6	-12.733935	-9.280057
Med8	-11.921026	-8.467148
Bcdin3d	-13.727321	-10.273442
Car11	-12.44893	-8.995051
Adgrl3	-19.351337	-15.89746
2810403D21Rik	-14.471065	-11.017186
Kctd4	-18.50404	-15.050162
Vps51	-13.0257845	-9.571906
Pdha1	-11.186448	-7.73257
Syt7	-18.65819	-15.204312
Cacna1c	-12.1501665	-8.696288
Irf8	-18.65819	-15.204312
Raver2	-14.50453	-11.050652
Gm5608	-20.44995	-16.996073
Ampd2	-12.754192	-9.300314
Zc3hc1	-13.1065235	-9.652645
Pwwp2b	-13.774127	-10.320249
E230016M11Rik	-15.786511	-12.332633
2210011C24Rik	-16.953442	-13.499564
Foxd1	-17.191853	-13.737975
Slc44a2	-11.283039	-7.829161
Pak1	-14.92849	-11.474611
Gm10655	-17.048752	-13.594874
Tmem41a	-13.307914	-9.854035
Eif3d	-11.1938715	-7.7399936
Adprm	-13.063479	-9.609601
Wdr41	-13.412923	-9.959044
Snapc3	-12.990035	-9.536157
Zfp27	-14.026703	-10.5728245
Rap1b	-11.15334	-7.6994624
Zfp26	-12.975745	-9.521867
Gm20616	-19.756802	-16.302925
Cenpc1	-12.666309	-9.212431
1010001N08Rik	-14.2077265	-10.753848
Zfp809	-11.642777	-8.188899
Prdm14	-20.44995	-16.996073
Gm17218	-15.079312	-11.625434
Ten1	-12.315189	-8.861311
Gm47794	-18.840511	-15.386634
Ninj1	-11.182473	-7.7285953
Ythdf2	-11.85173	-8.397852
Abcd2	-16.894602	-13.440723
Taf12	-12.198026	-8.744147
Rrm2b	-11.891615	-8.4377365
Slc16a3	-12.945008	-9.49113
Gm50242	-20.44995	-16.996073
5430403G16Rik	-13.816631	-10.362753
Adar	-13.578858	-10.12498
Ccm2l	-19.351337	-15.89746
Gm48657	-18.370508	-14.916631
Itpka	-17.191853	-13.737975
Fam98b	-12.032135	-8.578257
Gm48619	-18.370508	-14.916631
Mrpl14	-10.953904	-7.500026
Gm26549	-15.314152	-11.860273
Tent5a	-10.097236	-6.6433578
Usp7	-11.597285	-8.143407
Carf	-13.782993	-10.329115
1700037H04Rik	-14.267865	-10.813987
Xk	-11.818001	-8.364122
Mex3c	-12.177635	-8.723757
Blvra	-12.306142	-8.852263
Alg1	-12.800258	-9.346379
Wdr6	-11.95664	-8.502762
Gpalpp1	-12.921081	-9.467202
Mapk4	-18.840511	-15.386634
C530044C16Rik	-18.840511	-15.386634
Alg6	-13.75045	-10.296572
Nutf2	-14.038132	-10.584253
Gm12992	-15.2966585	-11.84278
1810012K16Rik	-18.65819	-15.204312
Sgsh	-13.565463	-10.111585
4930592C13Rik	-17.559578	-14.1057
Acap2	-11.667167	-8.213288
Usp36	-12.836131	-9.382253
Megf11	-20.44995	-16.996073
Tmod1	-12.704947	-9.251069
Ptov1	-10.523332	-7.0694537
Vwce	-17.810892	-14.357015
Hspa13	-12.123191	-8.6693125
Lage3	-11.610963	-8.157084
Eif2s2	-10.131377	-6.6774993
Ttll6	-18.50404	-15.050162
Gins4	-12.61873	-9.164851
1600002K03Rik	-12.773013	-9.319135
Mrs2	-12.778589	-9.324711
Apol6	-13.195772	-9.741894
Gm16279	-16.291067	-12.837189
Fcf1	-12.187649	-8.73377
Kctd15	-13.591385	-10.1375065
Gm11713	-18.840511	-15.386634
Gm48027	-14.592017	-11.138139
Man2c1os	-15.03385	-11.579971
Plk4	-13.743088	-10.289209
Ifit1bl2	-19.063654	-15.6097765
Gm13861	-11.799101	-8.345222
Zfp9	-12.25821	-8.804332
Patz1	-13.393775	-9.939897
Fgfr1	-10.830551	-7.376673
Gm12915	-17.810892	-14.357015
Hs3st1	-16.71228	-13.258402
Hist2h3b	-16.76107	-13.307192
Anapc11	-10.597755	-7.1438775
Akap5	-14.334058	-10.880179
Hes5	-20.44995	-16.996073
Bmp7	-18.370508	-14.916631
1700001P01Rik	-19.063654	-15.6097765
Xpr1	-10.587702	-7.133824
Zfand3	-11.273581	-7.8197026
Gm13274	-18.840511	-15.386634
Rab5a	-11.219513	-7.765635
Zfp85	-14.74284	-11.288961
8030451A03Rik	-17.231073	-13.777196
Sec16b	-15.885602	-12.431724
Rc3h2	-11.563403	-8.109525
Pik3ca	-11.269141	-7.8152633
Bbc3	-14.233344	-10.779466
4930474H06Rik	-19.756802	-16.302925
Gm47725	-16.245256	-12.791379
Gpr22	-18.147364	-14.693486
Ireb2	-12.50901	-9.055132
Tmem167b	-12.315189	-8.861311
Gm595	-18.147364	-14.693486
Ccdc160	-18.840511	-15.386634
Anp32e	-11.015826	-7.5619483
Prkd2	-13.799671	-10.345793
Rps18	-8.428846	-4.9749684
Rft1	-13.435136	-9.981257
Tmem218	-12.392256	-8.938377
Tsr1	-13.074068	-9.62019
Pdcd5	-10.168266	-6.7143884
Gm29994	-16.031109	-12.577231
Wnt1	-20.44995	-16.996073
Ndst3	-13.985362	-10.531484
Retnla	-18.252724	-14.798846
Cast	-10.251333	-6.7974553
Ica1	-14.038132	-10.584253
Brd3	-11.565756	-8.111877
9130023H24Rik	-14.507151	-11.053272
Srsf5	-10.242255	-6.7883773
Zfp988	-19.351337	-15.89746
Abcb4	-19.063654	-15.6097765
Steap1	-17.405428	-13.95155
Arl11	-19.756802	-16.302925
Crocc	-14.7362175	-11.282339
Cfap43	-15.5901375	-12.136259
L1td1	-19.756802	-16.302925
Trnau1ap	-12.109256	-8.655377
Cisd2	-11.369719	-7.9158406
Sel1l	-11.401658	-7.94778
Pcdhb12	-16.68875	-13.234872
Gtf2h5	-10.635567	-7.181689
E130317F20Rik	-14.592017	-11.138139
Zfp420	-14.090376	-10.6364975
Ubb	-8.0243	-4.570422
Rac1	-10.476657	-7.022779
Mylpf	-15.141683	-11.687804
Suox	-13.994752	-10.540874
Hist1h4h	-12.4082155	-8.954337
Tmem161b	-13.213611	-9.759732
Mmp17	-11.753273	-8.299395
Slc14a2	-19.351337	-15.89746
Riox2	-13.418209	-9.964331
Il15	-16.372412	-12.918534
4933411E06Rik	-17.454218	-14.0003395
Polk	-12.6971855	-9.243307
G6pdx	-13.052388	-9.59851
Rwdd2b	-14.815161	-11.361282
Hdac8	-13.811382	-10.357504
Fads3	-11.638894	-8.185016
Tmem8	-17.048752	-13.594874
Ulk1	-12.692899	-9.23902
Maco1	-11.216577	-7.7626987
Gm47400	-16.68875	-13.234872
Tmem234	-10.611321	-7.1574435
Rnasel	-16.86643	-13.412553
Zeb2os	-14.473599	-11.019721
Cpd	-11.98384	-8.529962
Il13ra2	-18.370508	-14.916631
Gm43221	-18.50404	-15.050162
Map3k20	-10.029307	-6.5754294
Utp18	-12.3626175	-8.908739
2310015A16Rik	-13.775389	-10.32151
Pola1	-13.048108	-9.59423
Bbox1	-17.117744	-13.663867
Sptbn2	-19.063654	-15.6097765
Apol7d	-15.494123	-12.040245
Igip	-12.373435	-8.919557
Unk	-13.4560175	-10.002139
Rnaset2a	-13.589287	-10.135408
Rps2	-8.250549	-4.796672
Fhod3	-13.999479	-10.545601
Smpd5	-16.260296	-12.806417
Cstad	-14.048033	-10.594154
Cox6a1	-9.762402	-6.3085237
Cops6	-10.822941	-7.369063
Bend3	-15.122074	-11.668196
Gm11772	-16.18727	-12.733392
Mcm2	-14.684759	-11.230881
Egfr	-12.800734	-9.346855
Tcf7l1	-11.571732	-8.117853
Efcab2	-14.509779	-11.055901
Mob1a	-11.537073	-8.083195
Asxl2	-12.107587	-8.653708
Tbx1	-14.833179	-11.379301
Dennd1b	-12.93515	-9.481272
Coa6	-12.098576	-8.644697
Ltv1	-12.606494	-9.152616
Anxa11os	-19.756802	-16.302925
Ndufa8	-10.54257	-7.088692
Wnk1	-10.473305	-7.019427
Gm37850	-17.559578	-14.1057
Cav3	-11.892383	-8.438504
Gm44854	-17.67736	-14.223483
Asl	-12.6088505	-9.154972
Mzt1	-12.462086	-9.008207
Aspscr1	-12.533143	-9.079265
Samd13	-17.965042	-14.511165
Mansc4	-18.50404	-15.050162
Gm15567	-20.44995	-16.996073
Epb41l1	-12.42968	-8.975801
Ankra2	-11.844746	-8.390867
Bcorl1	-12.685229	-9.231351
B3galnt1	-13.727321	-10.273442
Gm32031	-13.46246	-10.008581
Sept9	-11.319844	-7.8659663
Gm29340	-19.351337	-15.89746
Ofd1	-13.364886	-9.911008
Foxk1	-12.7532835	-9.299405
Mrps21	-10.376256	-6.922378
Rps27rt	-12.85406	-9.400182
Gm5914	-14.02023	-10.566352
Rpl13	-7.5940547	-4.1401772
Gm29157	-20.44995	-16.996073
Tmem144	-17.191853	-13.737975
Scn3a	-15.325986	-11.8721075
Daglb	-13.398961	-9.945083
Dpp3	-12.30498	-8.851102
Rapgef3os2	-18.840511	-15.386634
Rarb	-13.437835	-9.983956
Mcm8	-15.088658	-11.63478
Vstm4	-12.729932	-9.276053
Yes1	-12.931343	-9.477465
Hif3a	-16.479658	-13.02578
B930059L03Rik	-17.015963	-13.562084
Scamp1	-12.393207	-8.939328
Ms4a1	-20.44995	-16.996073
BC046401	-19.351337	-15.89746
Pdia4	-11.435138	-7.98126
BC051019	-19.063654	-15.6097765
Snx4	-11.623069	-8.16919
Gm15690	-15.567148	-12.11327
Abca3	-12.967832	-9.513953
Selenoi	-12.9992895	-9.545411
Cth	-15.166746	-11.712868
Gm17111	-18.252724	-14.798846
Icam2	-18.052053	-14.598176
Esrrg	-19.756802	-16.302925
Map7	-13.757866	-10.3039875
Sema7a	-18.65819	-15.204312
Gfpt1	-11.926179	-8.472301
Acsl1	-11.193681	-7.739803
Ltbp4	-9.56855	-6.114672
Nrg2	-16.621307	-13.16743
Mfsd14b	-12.699766	-9.245888
Mlf1	-13.094948	-9.641069
Nop14	-11.964248	-8.510369
Prr14	-12.33413	-8.880252
Muc4	-15.544675	-12.090796
Rsbn1	-11.818714	-8.364836
Serpini1	-11.030565	-7.5766873
Ubc	-8.408469	-4.9545913
G630093K05Rik	-18.370508	-14.916631
Nr1h2	-11.440869	-7.9869914
Pogz	-12.884675	-9.430797
Crebzf	-12.462086	-9.008207
Ict1os	-19.063654	-15.6097765
Agap1	-12.2646	-8.810721
Artn	-15.156646	-11.702767
Tbca	-10.31143	-6.857552
Pole4	-11.510238	-8.056359
Mlst8	-14.24136	-10.787481
Tceal3	-11.709773	-8.255895
Stx11	-15.419512	-11.965633
Tufm	-12.682686	-9.228807
Engase	-14.912616	-11.458737
Mdga2	-17.405428	-13.95155
Gm37062	-18.50404	-15.050162
Foxo4	-13.311877	-9.857999
Wnt5a	-13.798378	-10.3445
Rbm17	-11.676256	-8.222378
Gm45121	-18.052053	-14.598176
Rint1	-12.769313	-9.315434
Cenpl	-14.877796	-11.423918
Pter	-13.5155525	-10.061674
Rap1a	-10.674978	-7.2211003
Zfp518b	-13.48016	-10.026281
Ppargc1b	-13.569566	-10.115687
Morn2	-12.763329	-9.30945
Tor1aip2	-12.02575	-8.571872
Strn3	-10.557119	-7.1032414
B230398E01Rik	-16.76107	-13.307192
Rbm15	-12.951634	-9.497756
Git1	-13.246545	-9.792666
Gm14698	-15.824977	-12.3710985
Ptpn14	-12.414023	-8.960145
Cyb5r1	-12.495578	-9.041699
Lrfn3	-13.740645	-10.286767
Ranbp9	-12.099756	-8.645878
Cnnm1	-18.370508	-14.916631
Gm10800	-17.314455	-13.860578
Mrpl1	-12.486142	-9.032264
Nipsnap2	-12.530957	-9.077079
Spata7	-13.225197	-9.771318
Ccdc25	-12.161667	-8.707788
Gm8579	-17.616735	-14.162858
Cldn11	-20.44995	-16.996073
Dhrs7b	-12.745138	-9.29126
Tmem88	-15.687777	-12.233898
Noa1	-13.458774	-10.004895
Cdip1	-12.490674	-9.036796
Rcn1	-11.736039	-8.282161
M6pr	-11.654671	-8.200792
Cdca5	-17.50551	-14.051633
Gm32250	-18.147364	-14.693486
Gm49335	-17.965042	-14.511165
Srcin1	-20.44995	-16.996073
Braf	-11.541526	-8.087647
Hspa1a	-9.463048	-6.0091705
Naip5	-19.756802	-16.302925
Nt5m	-13.166502	-9.712624
Taldo1	-10.542969	-7.089091
Nwd1	-17.885	-14.431123
Lix1l	-11.423893	-7.970015
Tcf7	-17.231073	-13.777196
Atp2a2	-9.274289	-5.820411
Pcdhb21	-14.904773	-11.450894
Washc5	-13.028772	-9.574894
Ccdc170	-18.840511	-15.386634
Ndufa5	-10.032532	-6.578654
Pcdhgb5	-14.936522	-11.482643
Gm12762	-18.840511	-15.386634
Cnot6	-12.115238	-8.66136
Gemin5	-13.403303	-9.949425
Pllp	-20.44995	-16.996073
Xkr6	-16.215843	-12.761965
Mamdc2	-13.397229	-9.943351
Ms4a4d	-19.063654	-15.6097765
Cpsf2	-12.059228	-8.60535
Slc16a2	-13.155573	-9.7016945
Rbfa	-12.189457	-8.735579
Arhgap31	-13.353229	-9.89935
Paqr9	-16.71228	-13.258402
1810055G02Rik	-12.412084	-8.958205
Defb25	-15.331956	-11.8780775
Lrp6	-11.296921	-7.843043
Cx3cr1	-19.756802	-16.302925
Tle5	-9.416836	-5.9629583
Lmo7	-15.13183	-11.677952
Ciita	-18.147364	-14.693486
Nanos1	-14.840478	-11.3866
Lysmd2	-12.531686	-9.077807
A530032D15Rik	-19.351337	-15.89746
1810059C17Rik	-17.7419	-14.288022
Pdp2	-11.906115	-8.452236
Anapc7	-10.811405	-7.3575273
Pnpla8	-11.144845	-7.690967
Pa2g4	-11.199044	-7.7451663
Litaf	-13.5155525	-10.061674
Bsn	-18.147364	-14.693486
Prrg1	-14.550053	-11.096174
Ninl	-14.621004	-11.167126
Stard5	-14.684759	-11.230881
Akap7	-12.378419	-8.9245405
Cerkl	-15.088658	-11.63478
Pdzk1	-19.756802	-16.302925
Apex2	-13.791939	-10.33806
Ccdc80	-10.137636	-6.6837583
Gm10762	-13.062241	-9.608362
Slfnl1	-19.756802	-16.302925
Rasl2-9	-19.063654	-15.6097765
Neurl4	-13.161022	-9.707144
Lrrc29	-16.389507	-12.935629
Cct6b	-16.04323	-12.589353
Gm10069	-14.746167	-11.292289
Lck	-17.7419	-14.288022
Cep128	-14.635819	-11.181941
Akap8	-12.0768585	-8.62298
Pgbd1	-15.786511	-12.332633
Lrrc18	-17.048752	-13.594874
Cldn7	-15.896073	-12.442195
Amt	-15.256993	-11.803115
Kat6a	-11.701169	-8.247291
Gm26684	-16.86643	-13.412553
Pomk	-13.933757	-10.479878
Cab39l	-12.226591	-8.772713
Mpp5	-12.096688	-8.64281
Gm16153	-17.67736	-14.223483
Olfr1034	-12.759207	-9.305328
Dnajc12	-14.468535	-11.014657
Tram1	-11.431861	-7.977983
Mylip	-12.382487	-8.928609
Hdac6	-13.575751	-10.121873
Plek2	-19.351337	-15.89746
Clec4b1	-19.756802	-16.302925
Gm3839	-18.147364	-14.693486
Mcm3ap	-12.722856	-9.268977
Jarid2	-12.501565	-9.047687
Mag	-18.840511	-15.386634
Kcnb1	-12.811752	-9.357874
1700096K18Rik	-13.62449	-10.170611
Pgam2	-16.215843	-12.761965
Gm11627	-11.352667	-7.898789
Cdr2l	-14.265801	-10.811923
Lsg1	-12.770699	-9.31682
Itgb1	-8.238721	-4.784843
2410006H16Rik	-11.423292	-7.969414
1700020D05Rik	-16.230442	-12.776564
Dbn1	-12.319891	-8.866013
A730063M14Rik	-14.50453	-11.050652
Efcab9	-16.132462	-12.678583
Gatad2a	-12.159908	-8.70603
Srp9	-10.571678	-7.1178
Smad7	-10.985123	-7.5312448
P3h4	-11.407083	-7.9532046
Neu1	-12.44826	-8.994382
Krtap28-13	-18.052053	-14.598176
Tmem150b	-18.840511	-15.386634
Vsir	-17.048752	-13.594874
Gm50340	-16.291067	-12.837189
Gm43653	-18.370508	-14.916631
Gemin4	-17.616735	-14.162858
Vrk3	-13.283684	-9.829805
Bicdl2	-18.370508	-14.916631
Vmn2r29	-15.984042	-12.530164
Inpp5a	-10.884175	-7.4302974
Paxbp1	-12.287434	-8.833555
Itpkb	-11.983418	-8.52954
Gm30411	-20.44995	-16.996073
Usp25	-11.831284	-8.377405
Gm15718	-18.840511	-15.386634
Glrx2	-10.942621	-7.4887433
Srek1ip1	-12.020714	-8.566835
Snrpd3	-10.885649	-7.431771
Gm12089	-16.460966	-13.007088
Col23a1	-15.65416	-12.200281
Akt2	-11.766734	-8.312856
Gm15708	-14.563846	-11.109967
Siah1b	-14.468535	-11.014657
Gm29642	-19.351337	-15.89746
Acot8	-12.75875	-9.304872
Coq2	-11.775582	-8.321704
Tmem69	-14.600625	-11.146747
Ubp1	-11.522503	-8.0686245
A930006K02Rik	-16.0555	-12.601623
2310002F09Rik	-18.840511	-15.386634
Car12	-18.147364	-14.693486
Asph	-10.312736	-6.8588576
Hcfc1	-12.085675	-8.631797
4930405O22Rik	-18.840511	-15.386634
Cdk5rap3	-11.900677	-8.446798
Cc2d1a	-13.224468	-9.77059
Cdr1os	-15.722562	-12.268683
Atp6v0a2	-12.178146	-8.724268
Pls3	-8.732119	-5.2782407
Myb	-18.65819	-15.204312
Fam168b	-11.79039	-8.336512
Dck	-14.697377	-11.243499
Cog2	-12.805988	-9.35211
Dtd2	-12.458696	-9.004818
Faf2	-11.83038	-8.376502
Dstn	-7.174668	-3.7207904
Rictor	-11.922213	-8.468334
Bmp6	-15.995603	-12.541724
Rbbp7	-10.619356	-7.165478
Faf1	-12.021152	-8.567273
Kdelr1	-10.676002	-7.2221236
Fat3	-19.756802	-16.302925
Secisbp2l	-11.304895	-7.8510175
Bag3	-11.204725	-7.7508473
Ints9	-13.122827	-9.668948
Fermt2	-9.232913	-5.7790356
Fas	-11.200101	-7.746223
Rrh	-19.756802	-16.302925
Rpusd4	-13.46246	-10.008581
Ube2v2	-11.351883	-7.898005
Trp53i11	-13.696512	-10.242634
H2afy	-10.831216	-7.377338
Ighm	-15.344005	-11.890126
Ebf1	-10.415873	-6.9619946
Pttg1	-11.132281	-7.6784034
Afg3l2	-12.495929	-9.04205
Gm28196	-19.063654	-15.6097765
Cideb	-17.885	-14.431123
Mtrf1l	-13.003365	-9.549486
Cog6	-12.797879	-9.344001
Timm8b	-10.746317	-7.292439
Shld3	-14.666125	-11.212247
4930565N06Rik	-17.559578	-14.1057
Gm28112	-16.578749	-13.12487
Depdc5	-13.533236	-10.079357
Gphn	-12.660082	-9.206203
Zkscan14	-13.879067	-10.425189
Nalcn	-12.639597	-9.185719
Brwd3	-13.094948	-9.641069
1700014D04Rik	-19.756802	-16.302925
Zfp157	-13.347451	-9.893573
Pla2g4f	-20.44995	-16.996073
Gm13778	-16.119217	-12.6653385
Rps28	-8.166393	-4.7125154
Hbegf	-10.700488	-7.24661
Fv1	-16.518124	-13.064246
Zmynd12	-17.616735	-14.162858
Adgre4	-20.44995	-16.996073
Cetn4	-13.113665	-9.659786
C1s1	-13.260028	-9.8061495
Nbdy	-11.143391	-7.6895127
Arntl2	-14.675399	-11.22152
Glb1l	-13.950163	-10.4962845
Zfp219	-12.837119	-9.383241
Sparcl1	-10.117444	-6.663566
Atp2c1	-12.272154	-8.818275
Pick1	-12.966705	-9.512827
Lin9	-14.199975	-10.746097
Islr2	-18.65819	-15.204312
Gskip	-12.530594	-9.076715
Kcnj15	-12.707982	-9.254104
Gm17029	-18.840511	-15.386634
Fam187b	-19.756802	-16.302925
Pcdh12	-20.44995	-16.996073
Eif2b1	-12.574071	-9.120193
Abhd17b	-11.702757	-8.2488785
Dnajc19	-11.068518	-7.6146398
Gm45151	-17.67736	-14.223483
1700003E16Rik	-17.048752	-13.594874
Chst1	-18.840511	-15.386634
Apln	-20.44995	-16.996073
Hist2h2ac	-13.19013	-9.736252
Tcap	-9.442133	-5.9882555
Ddias	-16.953442	-13.499564
Gm15940	-17.271896	-13.818018
Dcaf12l1	-17.67736	-14.223483
Nrgn	-12.577495	-9.123616
Mks1	-15.060879	-11.607
Sptssa	-10.717192	-7.263314
Gm15912	-14.118448	-10.66457
Cdkn2b	-13.831211	-10.377333
BC037032	-14.393167	-10.939288
2700049A03Rik	-13.142748	-9.688869
Gm15627	-17.50551	-14.051633
Kcnt2	-14.994629	-11.5407505
Gm20753	-18.50404	-15.050162
Enkur	-15.074672	-11.620793
Mrap	-20.44995	-16.996073
Zfp407	-13.253263	-9.799385
Ifit2	-13.107819	-9.65394
Brk1	-10.551928	-7.0980496
Zfp942	-13.665493	-10.211615
Hist1h2bc	-10.390956	-6.937078
Mgmt	-13.119545	-9.665667
Flacc1	-18.65819	-15.204312
Ces1a	-18.65819	-15.204312
Golga5	-12.085209	-8.6313305
Clmn	-16.119217	-12.6653385
4930522L14Rik	-13.440541	-9.986663
Fgfr1op	-13.305543	-9.851665
Dcst2	-19.756802	-16.302925
Pcdhb9	-16.372412	-12.918534
Il11	-16.71228	-13.258402
Lgalsl	-10.718735	-7.264857
Hist1h3i	-17.358908	-13.905029
Vmn2r1	-17.50551	-14.051633
Dhcr24	-13.024592	-9.570714
Nxpe5	-20.44995	-16.996073
D1Ertd622e	-12.923232	-9.469354
Hcn1	-19.756802	-16.302925
Gm38901	-19.756802	-16.302925
Cox6b2	-13.607266	-10.153388
Psmb8	-15.362354	-11.908476
Heatr5a	-12.145207	-8.691329
5830416I19Rik	-16.119217	-12.6653385
Mmachc	-14.221439	-10.767561
Lmtk2	-13.760351	-10.306473
4933406P04Rik	-16.389507	-12.935629
Clec1b	-17.559578	-14.1057
Rilpl2	-12.56575	-9.111872
Nt5c3b	-11.791083	-8.337205
Tex2	-13.081611	-9.627732
Gm47798	-17.117744	-13.663867
Gm20594	-15.256993	-11.803115
Sypl2	-15.18726	-11.733381
Chd3	-10.522599	-7.0687213
Susd5	-9.639273	-6.1853952
Gm12158	-17.965042	-14.511165
A530017D24Rik	-13.959227	-10.505348
Gm19689	-15.079312	-11.625434
Nrd1	-11.407674	-7.953796
Metap1d	-13.141407	-9.687529
Entpd6	-14.569417	-11.115539
Pcolce	-12.866194	-9.412315
Itga9	-9.603433	-6.1495547
Rbm26	-11.4362335	-7.9823556
Pcdhgc4	-15.439315	-11.985436
Ccdc24	-15.805559	-12.351681
C430049B03Rik	-15.637766	-12.1838875
Hpx	-18.052053	-14.598176
Gm10642	-18.370508	-14.916631
Galnt14	-17.810892	-14.357015
Ism2	-20.44995	-16.996073
Zfp97	-14.900874	-11.446996
Sh3bp2	-15.074672	-11.620793
Dmrtc1a	-17.7419	-14.288022
Cyp39a1	-13.851441	-10.397563
Sf3b4	-12.199069	-8.745191
Ptdss1	-12.637572	-9.183694
Vcpkmt	-14.099065	-10.645186
Ndufs6	-10.107305	-6.6534266
mt-Co2	-6.4596863	-3.0058088
Uap1l1	-13.265321	-9.811442
Srp19	-10.905927	-7.452049
Rbm12b1	-14.012198	-10.55832
Crbn	-12.291434	-8.837556
C230013L11Rik	-15.262565	-11.808686
Morc4	-13.047499	-9.59362
Tsc22d2	-11.370288	-7.91641
Tesc	-13.121512	-9.667634
Sgo2a	-14.327457	-10.873579
Zfp82	-15.251453	-11.797575
Pank1	-12.802164	-9.348286
Gm10433	-19.351337	-15.89746
Zfp111	-13.799671	-10.345793
Armcx4	-12.894568	-9.44069
Tspan12	-14.618068	-11.164189
Nim1k	-13.549219	-10.095341
4932441J04Rik	-13.869311	-10.415433
Zfp738	-13.084137	-9.630259
Gm6566	-17.559578	-14.1057
Wfikkn1	-16.260296	-12.806417
Shroom3	-12.05764	-8.603762
Ube2c	-14.723103	-11.269224
Sirt3	-12.487186	-9.033308
Zfp110	-13.016874	-9.562996
Rapgef6	-11.492568	-8.03869
Gm15133	-17.559578	-14.1057
Kmt2b	-12.41824	-8.964361
Iglon5	-15.093364	-11.639485
Ptpn3	-13.042026	-9.588147
Krcc1	-10.986907	-7.533029
Det1	-14.451014	-10.997135
Fam228a	-17.810892	-14.357015
Gm11629	-19.063654	-15.6097765
Gm13499	-20.44995	-16.996073
6430590A07Rik	-13.644228	-10.19035
Cacybp	-10.773928	-7.32005
Hdac2	-11.734234	-8.280355
Lama4	-10.642863	-7.1889853
Adam15	-11.99187	-8.537992
Sbsn	-14.051355	-10.597477
Ormdl2	-13.963789	-10.509911
Bloc1s6os	-17.616735	-14.162858
Crim1	-10.752073	-7.2981954
Zfp946	-13.841949	-10.388071
Rapgefl1	-16.031109	-12.577231
Mrtfb	-12.515437	-9.061559
Armc1	-11.489482	-8.035604
Daxx	-12.838602	-9.384724
Ptrhd1	-12.502625	-9.048747
Med17	-12.84108	-9.387201
4930578M01Rik	-16.245256	-12.791379
S100pbp	-12.865177	-9.411299
Acadsb	-10.8200445	-7.3661666
Blvrb	-11.311106	-7.857228
Piga	-14.2637415	-10.809863
Gm36787	-20.44995	-16.996073
9930104L06Rik	-13.5562935	-10.102415
Klhl20	-13.087939	-9.634061
Pafah2	-13.969906	-10.516027
Tal2	-15.038304	-11.584426
Dnm2	-12.00125	-8.547372
Ppm1d	-12.781857	-9.327978
Eif2s3x	-11.624097	-8.170218
Gm49144	-19.756802	-16.302925
Nlrp5	-18.840511	-15.386634
Bche	-12.223644	-8.769766
Fam149a	-13.550227	-10.096349
Asb6	-13.271404	-9.817526
Acsm3	-19.756802	-16.302925
Atp1a4	-20.44995	-16.996073
Sin3b	-11.221083	-7.7672048
Dop1a	-12.3749895	-8.921111
Actn4	-9.163499	-5.709621
Socs5	-12.721094	-9.267216
Ucp1	-18.370508	-14.916631
Gm4211	-19.063654	-15.6097765
Acvr1c	-17.405428	-13.95155
Dync1li1	-11.3752	-7.9213223
Mfsd4a	-13.8846855	-10.430807
C7	-17.67736	-14.223483
Rab5if	-10.850748	-7.39687
Nxnl2	-16.201454	-12.747577
Nemp1	-13.4551	-10.001222
Pqlc1	-12.712334	-9.258455
Arhgap21	-12.335326	-8.881448
Gm36423	-16.86643	-13.412553
Nsf	-12.28345	-8.829572
Tfpt	-12.840088	-9.3862095
6230400D17Rik	-14.948692	-11.494814
Adra1a	-16.106144	-12.6522665
Speg	-10.917381	-7.4635034
Keap1	-11.674864	-8.220985
Olfr107	-19.063654	-15.6097765
Prpf18	-12.558246	-9.104367
Poglut2	-12.618333	-9.164454
Atp11b	-11.911583	-8.457705
Chst12	-11.810185	-8.356307
Snx2	-11.884539	-8.43066
1700019G24Rik	-19.756802	-16.302925
Ostm1	-13.326278	-9.872399
Angptl6	-13.640911	-10.187033
Nagk	-11.975455	-8.521577
Actn1	-8.330313	-4.876435
Pex6	-12.91252	-9.458642
Eaf2	-15.279466	-11.825587
Ager	-17.616735	-14.162858
Mpg	-12.878991	-9.425113
Sephs1	-12.79598	-9.342102
Fbn2	-20.44995	-16.996073
H2-Q6	-19.756802	-16.302925
2010001K21Rik	-14.211625	-10.757747
Jade1	-12.451951	-8.998073
Qpctl	-13.956197	-10.502318
Lst1	-16.132462	-12.678583
Rc3h1	-11.553636	-8.099757
Aass	-14.419265	-10.965386
Myo19	-14.6538925	-11.200014
Agpat4	-12.4570055	-9.003127
C230037L18Rik	-15.972613	-12.518735
Nubpl	-14.132786	-10.678907
Ciz1	-12.672157	-9.218279
Apoh	-17.559578	-14.1057
Reg4	-18.840511	-15.386634
Optn	-12.507588	-9.05371
Gm16001	-17.405428	-13.95155
Snx18	-11.020394	-7.5665164
Eaf1	-13.453269	-9.999391
Laptm4b	-11.851361	-8.397483
Thtpa	-13.470805	-10.016927
Dap	-10.805557	-7.3516793
Gm29417	-17.810892	-14.357015
Fancg	-15.325986	-11.8721075
Il7r	-20.44995	-16.996073
Zbtb6	-12.940615	-9.486736
Nipsnap1	-13.584059	-10.13018
Jag2	-15.079312	-11.625434
Zdhhc4	-12.36508	-8.9112015
Cd2bp2	-12.768851	-9.314973
Hspe1-rs1	-14.290854	-10.836976
Gm15860	-14.783524	-11.329645
Gpam	-13.501053	-10.047174
2810430I11Rik	-15.381046	-11.927168
Gm26902	-20.44995	-16.996073
Gm12905	-15.995603	-12.541724
Tut4	-11.609514	-8.155636
6030442K20Rik	-15.939091	-12.485212
Tpd52l2	-10.819256	-7.365378
Il34	-19.063654	-15.6097765
Gm12976	-16.839031	-13.385154
Npnt	-8.518321	-5.064443
Impg2	-17.154112	-13.700234
Ano3	-16.306814	-12.852937
Aldh1l1	-15.597919	-12.144041
D830030K20Rik	-19.351337	-15.89746
Aox1	-13.425302	-9.971423
Alg14	-11.95296	-8.499082
Gm15545	-15.325986	-11.8721075
Rad50	-11.771149	-8.31727
Kif1c	-10.849394	-7.395516
Actn2	-13.147453	-9.693575
Cox5a	-10.222316	-6.768438
Iscu	-10.229136	-6.7752585
Sft2d1	-13.372452	-9.918573
Tars	-11.932557	-8.478679
Rpl12	-8.517138	-5.0632596
Mrpl44	-12.922156	-9.468278
4921524J17Rik	-11.746444	-8.292565
Tfe3	-12.808866	-9.354987
Tlcd1	-13.297681	-9.843802
Gm12592	-17.314455	-13.860578
Psme1	-11.151141	-7.6972632
Sptbn1	-9.864655	-6.4107766
Eif5	-10.090463	-6.6365848
Mtg2	-12.693327	-9.239449
Lypla2	-12.768851	-9.314973
Fam57b	-18.052053	-14.598176
Ift172	-13.323863	-9.869985
Lmbr1	-13.254763	-9.800884
Ppp2r2a	-11.241411	-7.7875333
Klf7	-10.717726	-7.263848
Rnf152	-13.188725	-9.734847
Gle1	-12.219107	-8.765228
Dctn4	-11.414558	-7.9606805
Miga2	-13.574718	-10.12084
Gm7467	-15.777122	-12.323243
Cdc14a	-12.732154	-9.2782755
Uba52	-8.83426	-5.3803825
Rhbdl3	-14.840478	-11.3866
Pum2	-10.934702	-7.480824
Fads6	-18.840511	-15.386634
Atp7a	-13.23104	-9.777162
Fcgr2b	-18.840511	-15.386634
Iqcc	-13.420862	-9.966984
Zscan18	-15.995603	-12.541724
Nod2	-19.351337	-15.89746
Hist2h4	-14.965153	-11.511274
Mgst3	-11.582522	-8.128644
Chrdl1	-13.557308	-10.10343
Gm3336	-15.473216	-12.019338
Ipo8	-12.397335	-8.943457
Thoc5	-13.010979	-9.5571
Zfp707	-12.635147	-9.181269
Snrpc	-11.076386	-7.6225085
Sap30bp	-12.57028	-9.116402
Ier3ip1	-10.69874	-7.244862
Evi5l	-13.874874	-10.420996
Wdr3	-13.236182	-9.782304
Kdm6bos	-17.559578	-14.1057
Col20a1	-16.291067	-12.837189
Cd200	-9.182209	-5.7283316
Rasl10b	-13.538203	-10.084325
Rpl5	-8.821715	-5.367838
Per1	-12.362925	-8.909046
Fam166a	-20.44995	-16.996073
Ncf1	-18.840511	-15.386634
Nmrk1	-13.812692	-10.358813
Ndufb10	-9.888736	-6.434858
Gjd4	-20.44995	-16.996073
Tyw5	-12.679727	-9.225848
Asic3	-20.44995	-16.996073
Serpinc1	-15.885602	-12.431724
Psrc1	-16.230442	-12.776564
Rnf214	-12.287434	-8.833555
Zdhhc18	-13.016874	-9.562996
G6pc3	-12.524793	-9.070914
Mtrf1	-13.645335	-10.191457
Npr1	-10.840968	-7.38709
Cdk8	-12.382801	-8.928923
Ralgps2	-16.984213	-13.530335
Trmt6	-12.897188	-9.44331
Ctnnd2	-18.147364	-14.693486
Lrrc73	-14.986118	-11.53224
Vps53	-12.268789	-8.814911
Abcd4	-13.0696945	-9.615816
Zfp160	-12.752375	-9.298496
Tnfaip8	-11.6521	-8.198221
Gm17477	-16.245256	-12.791379
Trib2	-13.374142	-9.920263
Gm47512	-16.537928	-13.084049
Gm47071	-19.351337	-15.89746
Msantd3	-13.438736	-9.984858
Rhbdf2	-13.543196	-10.089317
Pelp1	-12.576733	-9.122854
Gm50107	-16.406898	-12.95302
Gm29570	-19.063654	-15.6097765
Gm17098	-18.370508	-14.916631
Mt3	-17.154112	-13.700234
Ebpl	-12.108778	-8.6549
Lrp2bp	-17.358908	-13.905029
Gm10629	-20.44995	-16.996073
Oxa1l	-12.561991	-9.108112
Ube2d1	-12.358629	-8.904751
Sema3d	-11.131114	-7.677236
Pth1r	-12.797879	-9.344001
Gm12525	-19.063654	-15.6097765
Mrps18c	-11.372456	-7.9185777
Psg16	-19.063654	-15.6097765
Hnrnpd	-10.901424	-7.4475465
Brf2	-13.443254	-9.989376
Olfr718-ps1	-19.756802	-16.302925
Pde4b	-12.09457	-8.640692
Kri1	-13.510696	-10.056818
Cyp2j6	-14.325267	-10.871388
Dzank1	-14.936522	-11.482643
Prorsd1	-11.774386	-8.320508
Rhebl1	-14.274083	-10.820205
Pigk	-11.779864	-8.325986
Ip6k3	-20.44995	-16.996073
Gpr146	-13.051776	-9.597898
Akt1	-11.403423	-7.9495454
Agk	-13.153537	-9.699658
D8Ertd738e	-9.856896	-6.4030185
Bub3	-11.388574	-7.9346957
Arid5b	-9.312824	-5.8589463
Blmh	-11.317139	-7.8632607
Gpx2	-19.063654	-15.6097765
Ccdc92	-15.141683	-11.687804
Tarbp1	-14.340703	-10.886825
Hist1h3g	-18.147364	-14.693486
Rilp	-13.296899	-9.84302
Atp6v1a	-10.5897875	-7.1359096
Tfap4	-15.01187	-11.557992
Nudt8	-13.423523	-9.969645
Mmd2	-20.44995	-16.996073
Trmt61a	-13.626664	-10.172786
Numa1	-11.554869	-8.10099
Lefty1	-13.629933	-10.176055
Gm26981	-16.215843	-12.761965
Rrm1	-13.117581	-9.663703
Gm13524	-15.864983	-12.411104
Tor1b	-11.585769	-8.13189
Gm43813	-13.681457	-10.227578
Gm49785	-17.082653	-13.628776
Rock2	-9.159893	-5.706015
Mycbp	-12.1679735	-8.714095
Fech	-12.330551	-8.876673
Prkar2a	-10.921593	-7.467715
Gm44210	-20.44995	-16.996073
Eipr1	-13.262293	-9.808414
Mre11a	-13.553256	-10.099378
Tcirg1	-13.704714	-10.250835
Tmem125	-19.351337	-15.89746
Plppr2	-14.811596	-11.3577175
Wdr43	-11.771149	-8.31727
Slfn8	-16.71228	-13.258402
Reln	-19.756802	-16.302925
Pde7b	-16.215843	-12.761965
Cap2	-11.392761	-7.9388833
Fut7	-19.351337	-15.89746
2510039O18Rik	-12.393523	-8.939645
Mbp	-19.351337	-15.89746
Gm45411	-17.7419	-14.288022
Stmn1	-13.192947	-9.739069
Ankrd55	-18.840511	-15.386634
1010001B22Rik	-14.666125	-11.212247
Vezf1	-10.811536	-7.357658
Adck1	-13.443254	-9.989376
Pld6	-18.50404	-15.050162
Lrrc23	-20.44995	-16.996073
Amigo3	-16.019133	-12.565255
Cst3	-7.6561794	-4.202302
Gm15507	-18.052053	-14.598176
Blzf1	-12.502978	-9.0491
Lonrf3	-15.331956	-11.8780775
Tspan18	-16.812363	-13.358485
Timp1	-12.379669	-8.925791
Mtmr6	-11.680754	-8.226875
Lrp5	-12.627505	-9.173627
Bcat2	-12.350396	-8.896518
Nae1	-11.564233	-8.110354
Ahr	-16.230442	-12.776564
Shank3	-16.291067	-12.837189
Bend7	-13.7333555	-10.279477
Brd1	-11.3112135	-7.8573356
Rapsn	-13.8846855	-10.430807
Gpld1	-16.66576	-13.211882
Tnfaip6	-13.218663	-9.764785
Parp14	-13.55528	-10.101401
Nfasc	-15.713752	-12.259873
Mllt3	-12.118605	-8.664726
Phf2os1	-16.537928	-13.084049
Pcmtd2	-12.249113	-8.795235
Ntng2	-17.314455	-13.860578
Gm47765	-17.559578	-14.1057
Gm17207	-18.65819	-15.204312
Kdm5d	-13.197896	-9.744018
Gm14305	-13.561378	-10.107499
Isoc2b	-12.786073	-9.332194
Igfbp3	-19.756802	-16.302925
Col4a3bp	-11.791952	-8.338074
Sh2d5	-19.351337	-15.89746
Ammecr1	-13.446885	-9.993007
Parp2	-12.467534	-9.013656
Rbm34	-12.646923	-9.193045
Acaa1a	-11.269244	-7.8153663
Gng7	-15.020604	-11.566726
Gstt3	-12.670484	-9.216605
Cox15	-14.034853	-10.580975
Meis1	-12.403081	-8.949203
Cenpw	-13.169942	-9.7160635
Ncoa3	-11.317787	-7.8639092
Nif3l1	-13.707069	-10.253191
2010320M18Rik	-12.300348	-8.84647
Gm32027	-16.839031	-13.385154
Tollip	-12.534237	-9.0803585
Gpr174	-19.351337	-15.89746
Rftn1	-15.928162	-12.474283
Gm26912	-16.479658	-13.02578
Ly86	-20.44995	-16.996073
D030056L22Rik	-12.983723	-9.529844
Homer1	-13.233975	-9.780097
Hand2	-14.288743	-10.834865
Rab34	-11.340757	-7.8868794
Dsn1	-15.466344	-12.0124655
Ralbp1	-10.675433	-7.221555
Zfand4	-15.426069	-11.972191
Wfs1	-12.367548	-8.91367
Bccip	-11.352778	-7.8989005
Rs1	-17.015963	-13.562084
Gm5086	-20.44995	-16.996073
Arhgap18	-14.666125	-11.212247
St3gal2	-11.33425	-7.8803725
Gna11	-10.530835	-7.076957
Gm28187	-17.154112	-13.700234
Gm43331	-15.400094	-11.946216
Gm29367	-17.616735	-14.162858
Gm45188	-17.405428	-13.95155
Lpl	-13.182425	-9.728546
Srgap2	-12.755102	-9.301224
Tdg	-12.675935	-9.222056
Gm17116	-17.885	-14.431123
Krt222	-20.44995	-16.996073
Zfp758	-13.566487	-10.112609
Sulf2	-11.229857	-7.7759795
Sbf1	-12.717142	-9.263264
Lta	-18.370508	-14.916631
Rrp36	-12.857584	-9.403706
Gm7160	-15.537295	-12.083417
Dvl1	-12.4237795	-8.969901
Gm16845	-14.866454	-11.412576
Grem2	-16.007298	-12.55342
Arcn1	-10.939506	-7.4856277
Pfdn5	-9.137783	-5.683905
Nxpe4	-15.400094	-11.946216
Tecpr2	-13.840601	-10.386723
Clgn	-18.840511	-15.386634
Slc25a20	-13.646445	-10.192567
Lrp2	-20.44995	-16.996073
Armcx6	-14.563846	-11.109967
Nsun7	-17.405428	-13.95155
A430018G15Rik	-12.477829	-9.023951
Pde1b	-16.92359	-13.469711
Gm34868	-18.052053	-14.598176
Gm19719	-18.252724	-14.798846
Asb3	-12.868231	-9.414352
Gm34069	-19.351337	-15.89746
Plce1	-12.420517	-8.966639
5730455P16Rik	-12.351915	-8.898037
Pot1b	-13.780452	-10.326573
Tbc1d7	-12.871293	-9.417415
Krt19	-20.44995	-16.996073
Zfp974	-14.109591	-10.655712
Ndp	-14.2077265	-10.753848
Nnmt	-11.793169	-8.339291
Map4k1	-17.885	-14.431123
Gm31749	-18.65819	-15.204312
A330023F24Rik	-13.197896	-9.744018
Prox2os	-16.953442	-13.499564
Selenoo	-12.70149	-9.247612
Ptcra	-17.454218	-14.0003395
Vash2	-18.50404	-15.050162
4930448E22Rik	-19.756802	-16.302925
Dapk3	-11.76234	-8.308461
Gpr52	-18.252724	-14.798846
Ctsf	-11.504356	-8.050478
Adtrp	-18.252724	-14.798846
Fmo6	-16.537928	-13.084049
Adamtsl4	-13.121512	-9.667634
Car4	-20.44995	-16.996073
Hipk2	-12.738849	-9.28497
Gnl3l	-11.9499035	-8.496025
Exosc3	-12.211413	-8.757535
Calr3	-16.76107	-13.307192
Fah	-13.2093	-9.755422
Vti1b	-11.037077	-7.583199
Kcnn1	-15.156646	-11.702767
Car15	-15.679265	-12.225387
Ccdc91	-13.287553	-9.833674
Rxrg	-19.063654	-15.6097765
Dst	-8.983319	-5.529442
Gm47701	-19.756802	-16.302925
Rnf11	-10.540779	-7.086901
Gm28523	-15.218842	-11.764963
Gtpbp1	-13.128761	-9.674883
Kdm1a	-11.45615	-8.002272
Syf2	-10.783705	-7.329827
Foxp1	-9.843068	-6.38919
Ppargc1a	-14.363175	-10.909297
Ehbp1l1	-10.997684	-7.5438056
Tmem132a	-12.121258	-8.667379
Tube1	-16.291067	-12.837189
Tubb2a	-11.823364	-8.369486
Smim12	-11.592009	-8.13813
Terf1	-12.855569	-9.4016905
Setd2	-11.508405	-8.054526
A330040F15Rik	-18.50404	-15.050162
Cbr4	-13.258521	-9.804643
Nisch	-10.769918	-7.3160405
Gm49889	-18.370508	-14.916631
Plp2	-11.370972	-7.9170938
9530018F02Rik	-14.756218	-11.30234
Slfn5	-16.736378	-13.282499
Nav1	-11.235219	-7.781341
A930012L18Rik	-16.132462	-12.678583
Tmem64	-12.05064	-8.596762
Efhc1	-15.65416	-12.200281
Carm1	-12.501565	-9.047687
Ccdc42os	-13.9046	-10.450722
Ppcs	-13.104586	-9.650707
Dld	-11.709293	-8.255415
Prdx2	-10.182375	-6.728497
Fam167a	-20.44995	-16.996073
Trim43b	-18.65819	-15.204312
Sdccag8	-13.077832	-9.623954
Smim4	-11.553499	-8.099621
Asrgl1	-12.412084	-8.958205
Gramd1a	-12.745138	-9.29126
Abhd8	-12.09363	-8.639751
Extl3	-12.614766	-9.160888
Prr15l	-20.44995	-16.996073
Ntmt1	-12.362309	-8.908431
Hoxb4	-12.420192	-8.966313
Pxylp1	-13.820587	-10.366709
Frem2	-19.351337	-15.89746
Snhg20	-13.099434	-9.6455555
Plat	-11.844014	-8.390136
Gm28723	-19.756802	-16.302925
Gm30382	-17.7419	-14.288022
Cox6a2	-20.44995	-16.996073
Fjx1	-11.6865225	-8.232644
Arf4os	-16.479658	-13.02578
Eif3h	-9.895831	-6.441953
Pctp	-16.275562	-12.821685
Fastk	-11.828036	-8.374158
Gm17163	-17.154112	-13.700234
Gpr68	-19.351337	-15.89746
Gm35248	-16.643288	-13.189409
Gm35333	-19.351337	-15.89746
A230056P14Rik	-15.705018	-12.25114
Pmvk	-11.993569	-8.539691
Csrp2	-7.382372	-3.9284945
Prkaa1	-12.474385	-9.020507
Ankrd12	-10.209954	-6.7560763
Gm43570	-18.052053	-14.598176
Srek1	-11.351436	-7.8975577
Gpr19	-14.132786	-10.678907
Gm4924	-14.058033	-10.604155
Nbr1	-11.947262	-8.493383
Cdyl	-12.011583	-8.557705
Nsa2	-10.041635	-6.5877566
Zzef1	-12.31607	-8.862191
Erp27	-16.537928	-13.084049
Etohd2	-15.107615	-11.653737
Psen2	-12.484057	-9.030179
Htatip2	-13.72973	-10.275851
Lrp12	-13.345806	-9.891928
Lrrc8c	-12.599068	-9.145189
Riiad1	-15.928162	-12.474283
Ptprz1	-10.118323	-6.6644454
Tmem200b	-14.908687	-11.454808
Ccnk	-12.880538	-9.42666
Gm12223	-17.810892	-14.357015
Hist1h4b	-18.147364	-14.693486
Pxmp2	-13.245801	-9.791923
Zfp280b	-14.130982	-10.677104
Mmp9	-16.132462	-12.678583
Itfg2	-13.279061	-9.825183
Grem1	-19.063654	-15.6097765
Gng3	-15.984042	-12.530164
Slc7a11	-17.7419	-14.288022
Snrnp200	-11.611399	-8.15752
Pcyt2	-12.735719	-9.28184
Mocs2	-11.867156	-8.413278
Gm3510	-18.65819	-15.204312
Asxl3	-16.984213	-13.530335
Myg1	-12.1554	-8.701522
Chn1os3	-15.928162	-12.474283
Gm13346	-16.736378	-13.282499
Cep70	-13.789375	-10.335497
Pafah1b2	-11.83563	-8.381752
Ets1	-12.461407	-9.007528
Dtymk	-11.588883	-8.135005
Phtf1os	-16.389507	-12.935629
Elf2	-11.139855	-7.6859775
Gm9530	-17.965042	-14.511165
Sept10	-13.19648	-9.742601
Rnf44	-12.538993	-9.0851145
Gm12981	-16.518124	-13.064246
Gm17058	-17.454218	-14.0003395
Rrp12	-14.196121	-10.742243
Ehd4	-11.048411	-7.5945334
Rab43	-12.986588	-9.532709
Sfrp2	-10.995645	-7.5417666
Gm16286	-11.209274	-7.7553964
Gprc5b	-15.567148	-12.11327
Prokr1	-19.351337	-15.89746
Leng8	-12.0131	-8.559221
Dcbld1	-14.580653	-11.126775
Scn8a	-19.063654	-15.6097765
Plgrkt	-11.483466	-8.029588
Naa10	-11.964661	-8.510782
Gm43768	-16.599802	-13.145925
Ap4e1	-13.61369	-10.159812
Hbp1	-11.615467	-8.161589
Klf15	-11.858392	-8.404513
Myl9	-7.1128507	-3.6589732
Tmem236	-18.252724	-14.798846
Mcm9	-13.938205	-10.484326
Gm37401	-16.953442	-13.499564
Abhd14b	-12.340425	-8.886546
4833408A19Rik	-15.141683	-11.687804
Rnft2	-17.616735	-14.162858
Pde1a	-12.216713	-8.762835
Gm45805	-16.15949	-12.705612
Gpbp1	-11.441849	-7.987971
Ece2	-14.739523	-11.285645
Ppm1m	-12.068348	-8.61447
Hgs	-12.617143	-9.163264
Zfp692	-14.23935	-10.785472
Gins2	-14.533748	-11.079869
Ccn3	-9.391407	-5.937529
Wdr20	-13.131411	-9.677532
Gm15889	-18.65819	-15.204312
Rere	-11.523565	-8.069687
Fam161a	-14.575019	-11.1211405
Cpsf3	-12.620718	-9.16684
Ppp1cc	-11.661814	-8.207935
Emc9	-12.2615385	-8.80766
Minar2	-16.839031	-13.385154
Wwc1	-14.509779	-11.055901
Gm16499	-19.063654	-15.6097765
Gm17484	-15.972613	-12.518735
Cacna1a	-14.528372	-11.074493
Mcur1	-11.06877	-7.6148925
Ctdsp2	-10.714763	-7.260885
Ak4	-14.797461	-11.343582
Dmap1	-12.932429	-9.478551
Ube2e1	-11.563955	-8.110077
Gm12305	-17.082653	-13.628776
Heatr6	-12.404682	-8.950804
Inka1	-15.605763	-12.151885
Mfng	-20.44995	-16.996073
Gtpbp3	-13.457853	-10.003975
Gltpd2	-19.756802	-16.302925
Gm29254	-16.019133	-12.565255
Gm3519	-18.052053	-14.598176
S100a14	-19.756802	-16.302925
E130309D02Rik	-13.352402	-9.898523
Gm17115	-18.65819	-15.204312
Luzp1	-10.708041	-7.2541633
Pop4	-13.04142	-9.587542
A930001C03Rik	-17.616735	-14.162858
Rnf219	-12.906147	-9.452269
Tomm70a	-11.819964	-8.366086
Znhit3	-12.435284	-8.981405
A230072C01Rik	-14.759591	-11.305713
Elmod3	-13.520433	-10.066555
Ppcdc	-13.161022	-9.707144
Dok5	-16.953442	-13.499564
Slc6a13	-19.756802	-16.302925
Gm10847	-17.559578	-14.1057
Gm30938	-14.247415	-10.793536
Olfr633	-18.370508	-14.916631
Rac2	-18.252724	-14.798846
Aff1	-11.947262	-8.493383
Gm48899	-16.643288	-13.189409
mt-Nd4l	-8.282161	-4.828283
Dmtf1	-12.508655	-9.054776
Gm9801	-18.147364	-14.693486
Rmdn2	-13.791939	-10.33806
Ubl5	-9.901456	-6.447578
Ptrh2	-12.949973	-9.496095
Tmem189	-12.410148	-8.956269
Adh5	-11.1855955	-7.7317176
Ephb4	-13.344985	-9.891107
Arl6ip1	-11.257265	-7.803387
Atg5	-12.106873	-8.652994
Ccl11	-19.351337	-15.89746
Tefm	-13.913259	-10.45938
Lamtor4	-10.6157055	-7.1618276
Gm47633	-19.063654	-15.6097765
Slc4a1ap	-12.547093	-9.093215
Gm45338	-18.840511	-15.386634
Ssbp3	-11.654974	-8.201096
Dnajc8	-10.40206	-6.9481816
Apoe	-11.4324665	-7.9785886
Leo1	-12.863654	-9.409776
Rsl1d1	-11.519192	-8.065313
Tgif2	-17.154112	-13.700234
Faim2	-14.632839	-11.178961
Myo5c	-16.230442	-12.776564
Lzts1	-16.984213	-13.530335
Ctf2	-19.063654	-15.6097765
Plcg2	-16.518124	-13.064246
Capn10	-13.696512	-10.242634
Maoa	-12.303821	-8.849942
Taok2	-12.5324135	-9.078535
Gmppb	-12.415643	-8.961764
Tppp3	-10.483347	-7.029469
Etv4	-18.50404	-15.050162
Anks1	-12.699335	-9.245457
Chad	-18.370508	-14.916631
Efna5	-11.324297	-7.870419
9030612E09Rik	-15.995603	-12.541724
Ctsh	-10.520502	-7.066624
Ephb3	-14.257587	-10.803709
Scx	-12.517588	-9.063709
Usp5	-12.264321	-8.810443
Cbx3	-10.936473	-7.482595
Pgm2l1	-13.340888	-9.88701
Nup35	-13.059152	-9.605273
Echs1	-11.242915	-7.789037
Ndufs7	-10.389202	-6.935324
Gm20559	-13.72973	-10.275851
2810032G03Rik	-18.840511	-15.386634
Acp5	-16.86643	-13.412553
Cdkn2aipnl	-13.400695	-9.946816
Guk1	-10.816698	-7.36282
Synpo	-11.051887	-7.5980086
Efl1	-12.785604	-9.331725
Abcf1	-11.235518	-7.7816405
Gm14471	-20.44995	-16.996073
Cd74	-15.406525	-11.952646
A330041J22Rik	-15.344005	-11.890126
Btbd7	-10.568095	-7.1142173
Mthfs	-13.131411	-9.677532
Ckap5	-11.620138	-8.16626
Gm37494	-12.623906	-9.170028
Rpl32	-8.248995	-4.7951174
Serinc5	-12.555633	-9.101754
Slc27a6	-20.44995	-16.996073
Eri3	-11.670085	-8.216207
Trim30d	-15.047273	-11.593394
Epha4	-13.447794	-9.993916
1700081N11Rik	-16.953442	-13.499564
Oaz3	-18.50404	-15.050162
Scyl3	-13.336808	-9.88293
Plpp3	-10.726248	-7.27237
Gm36569	-15.713752	-12.259873
Ppp1ca	-10.492542	-7.0386643
Exo5	-14.426502	-10.972624
Mrpl38	-12.176868	-8.72299
Rabl2	-13.564441	-10.110562
Rogdi	-13.172011	-9.718133
Man1b1	-13.03297	-9.579092
Ptbp1	-11.741145	-8.287267
Wrap73	-13.349098	-9.89522
Zbtb7b	-13.072817	-9.618938
Msh3	-13.24061	-9.786732
Slc39a14	-11.998683	-8.544805
Gm50394	-16.76107	-13.307192
Hoxc5	-16.599802	-13.145925
Gm37168	-18.840511	-15.386634
Htr1b	-11.579428	-8.125549
Plin4	-10.680965	-7.2270875
Pdik1l	-13.200025	-9.746146
Rnft1	-12.096924	-8.643045
Dcaf5	-12.765166	-9.311288
Gm10814	-16.953442	-13.499564
Il17rc	-12.340124	-8.886246
Gm44773	-19.063654	-15.6097765
Prcd	-19.063654	-15.6097765
Vmn2r89	-19.756802	-16.302925
Itgam	-19.063654	-15.6097765
Ehhadh	-14.663053	-11.209174
Fbxw4	-13.109763	-9.655885
Gm16565	-19.756802	-16.302925
Capn6	-15.2908945	-11.837016
Nup54	-12.451279	-8.9974
Gm6598	-16.55813	-13.104252
Mr1	-12.751468	-9.297589
Pgam5	-13.451441	-9.997562
Gm36899	-17.50551	-14.051633
Myo16	-19.351337	-15.89746
Vps33b	-13.736994	-10.283115
Abhd3	-15.088658	-11.63478
Plekhm2	-12.3246155	-8.870737
F830016B08Rik	-20.44995	-16.996073
Amfr	-11.723307	-8.269428
Hoga1	-16.76107	-13.307192
Rnf145	-12.719775	-9.265897
Rhox8	-19.756802	-16.302925
Asb4	-16.067923	-12.614045
Gm12248	-19.063654	-15.6097765
Cdk19	-12.594018	-9.14014
Mau2	-12.315189	-8.861311
Foxd2	-17.314455	-13.860578
Gm31793	-19.351337	-15.89746
Cyb561d1	-14.703747	-11.249868
Alkbh1	-13.0672035	-9.613325
Pmaip1	-18.65819	-15.204312
Mid1ip1	-11.877322	-8.423444
Dclk3	-19.756802	-16.302925
Rps26	-8.516927	-5.0630493
4930509H03Rik	-14.858963	-11.405085
Arhgap45	-18.052053	-14.598176
Zbed3	-12.693755	-9.239877
Rce1	-12.473699	-9.01982
Aph1a	-11.761159	-8.307281
Ikbkg	-13.299249	-9.84537
Gm16229	-18.65819	-15.204312
Sugt1	-10.804522	-7.3506436
Lrch4	-13.194359	-9.74048
B630019A10Rik	-14.74284	-11.288961
1110059E24Rik	-12.189457	-8.735579
Ces1g	-18.65819	-15.204312
Arhgap42	-14.280339	-10.826461
Adamts19	-20.44995	-16.996073
Ttc39b	-11.907674	-8.453795
Thrsp	-14.064755	-10.610877
Acsl5	-12.998709	-9.54483
Rbm12b2	-13.900299	-10.446421
Gm39228	-16.18727	-12.733392
4921513I03Rik	-18.370508	-14.916631
Nppc	-17.154112	-13.700234
4930425P05Rik	-17.810892	-14.357015
Mdm1	-15.3562	-11.902322
Zfp53	-13.604071	-10.150192
Evpl	-17.231073	-13.777196
Gm49024	-16.68875	-13.234872
Gm42851	-19.756802	-16.302925
Gask1b	-10.072778	-6.6189
Birc3	-14.2077265	-10.753848
Mblac1	-14.507151	-11.053272
Zfp384	-13.527307	-10.073428
Prkab2	-11.798925	-8.345047
Pmel	-17.50551	-14.051633
Uqcc3	-11.46764	-8.0137615
Vamp9	-19.351337	-15.89746
Cdk5rap2	-13.215773	-9.761894
St8sia6	-18.840511	-15.386634
Fdps	-11.377034	-7.9231563
Gm12940	-13.598765	-10.144887
5830454E08Rik	-15.537295	-12.083417
Chst10	-15.256993	-11.803115
Iars2	-11.68887	-8.234992
Atp6v1d	-11.486278	-8.032399
Oas1c	-15.273801	-11.819922
Snx29	-13.923455	-10.469577
Dpy30	-11.508012	-8.054133
Kdm5b	-11.695789	-8.241911
Lrmda	-16.643288	-13.189409
Il9r	-20.44995	-16.996073
Adcy7	-11.8033085	-8.34943
Thrap3	-10.945971	-7.4920926
Hp	-19.063654	-15.6097765
Gm26602	-18.65819	-15.204312
Fam133b	-11.536938	-8.083059
Ptpn18	-16.322815	-12.8689375
Chd2	-11.773192	-8.319314
Rsu1	-9.984221	-6.5303435
Neurl2	-12.404041	-8.950163
Ctdspl2	-12.06766	-8.613782
Akap10	-13.192243	-9.738364
1700060C20Rik	-19.756802	-16.302925
Retreg2	-12.318126	-8.864247
6720483E21Rik	-18.052053	-14.598176
Abhd13	-12.839097	-9.385219
Abhd17a	-11.32495	-7.8710723
Wdfy1	-11.862298	-8.40842
Schip1	-11.267289	-7.813411
Phb	-11.42811	-7.974232
Hexim2	-14.74284	-11.288961
Hpse2	-19.756802	-16.302925
Slc22a23	-18.65819	-15.204312
Rrp1	-10.902209	-7.4483314
Gm17110	-18.840511	-15.386634
Vmn1r183	-18.50404	-15.050162
Fbf1	-13.721321	-10.267443
2210408F21Rik	-12.971215	-9.517337
Ccdc84	-13.494357	-10.040479
Gnb2	-10.0434475	-6.5895696
Tex11	-18.840511	-15.386634
Itpk1	-12.216978	-8.7631
Mrpl23	-10.602874	-7.148996
5033428I22Rik	-16.215843	-12.761965
Dicer1	-11.711055	-8.257176
Sugct	-14.924498	-11.470619
Kcnj11	-14.703747	-11.249868
Sertad4	-15.083974	-11.6300955
Serpinf1	-13.974518	-10.520639
Fam118b	-13.774127	-10.320249
Ipo4	-12.427053	-8.973175
Hsd3b2	-19.756802	-16.302925
Mlkl	-17.314455	-13.860578
Ndufa1	-9.987361	-6.533483
Ccn1	-9.240701	-5.786823
Nfatc4	-13.476407	-10.022529
Mxd4	-10.773677	-7.319799
Nipbl	-10.592193	-7.1383147
Cdc7	-16.372412	-12.918534
Gm49643	-17.454218	-14.0003395
Stip1	-11.071387	-7.6175094
Gm47662	-20.44995	-16.996073
Cntnap5a	-18.147364	-14.693486
Ddx58	-13.051164	-9.597285
Rpl7	-8.383105	-4.9292274
Bcl11a	-18.840511	-15.386634
Kcnip3	-16.894602	-13.440723
Ing1	-11.43977	-7.985892
BC028528	-12.709286	-9.255407
Dusp7	-12.634339	-9.180461
Gm49795	-19.756802	-16.302925
Scn1b	-11.676411	-8.222532
Igfals	-20.44995	-16.996073
Ddx19a	-12.835145	-9.381267
Tlr7	-20.44995	-16.996073
Adcy1	-15.537295	-12.083417
E530011L22Rik	-14.678509	-11.22463
Sgk1	-10.84433	-7.390452
Trio	-11.048741	-7.5948634
Stx18	-12.692899	-9.23902
Lrif1	-12.473699	-9.01982
Trp53	-12.012667	-8.558788
Lrrc10b	-16.643288	-13.189409
Rasl11b	-10.641983	-7.188105
Bmper	-17.50551	-14.051633
Zbtb33	-13.254763	-9.800884
Gm26714	-19.063654	-15.6097765
Wfikkn2	-14.370017	-10.916139
Pdcl3	-10.214106	-6.7602277
Itsn2	-11.506967	-8.053088
Cog3	-13.230309	-9.77643
Anxa1	-10.009356	-6.5554776
Hspa9	-11.089295	-7.6354175
4921536K21Rik	-19.063654	-15.6097765
Wfdc6a	-20.44995	-16.996073
Rnf39	-19.351337	-15.89746
Ddhd2	-12.028607	-8.574729
Nemp2	-15.208203	-11.754325
Sox10	-20.44995	-16.996073
Nbeal1	-10.013719	-6.5598407
Tpgs2	-12.577495	-9.123616
Srpk1	-11.812489	-8.35861
AW209491	-12.878476	-9.424598
Atp11a	-13.057919	-9.60404
Ctsa	-10.969964	-7.516086
Cst6	-16.173283	-12.719405
Gmeb1	-13.278294	-9.824415
Il20rb	-17.154112	-13.700234
Gm15941	-18.252724	-14.798846
N4bp2l1	-14.977679	-11.523801
Enpp1	-12.392889	-8.939011
Ttll3	-15.240464	-11.786586
Atrx	-10.196933	-6.743055
Ube2v1	-10.981408	-7.52753
Gpr150	-18.147364	-14.693486
Tpra1	-13.039603	-9.585725
Olfr224	-13.174778	-9.7209
Cep85	-13.316654	-9.862776
Lrrc46	-17.616735	-14.162858
Wdfy2	-13.198606	-9.744727
Zfp207	-11.633393	-8.179515
Pitpnm2	-12.010286	-8.556408
Gm7644	-19.351337	-15.89746
Rab26	-15.705018	-12.25114
Cables2	-13.317452	-9.863574
Pcdhga5	-14.316552	-10.862674
Slc26a8	-16.68875	-13.234872
Btrc	-12.992918	-9.53904
2810021J22Rik	-14.746167	-11.292289
Rab5c	-11.360536	-7.9066577
Clic5	-17.231073	-13.777196
Gys1	-13.739427	-10.285548
Gm15222	-17.7419	-14.288022
Mrpl34	-11.026113	-7.5722346
Zfp229	-14.038132	-10.584253
Epc1	-11.791083	-8.337205
Map3k21	-19.756802	-16.302925
Gpr89	-12.602187	-9.148309
Bckdha	-11.963216	-8.509337
Snw1	-11.088607	-7.634729
E2f7	-17.405428	-13.95155
Mdm4	-11.9108	-8.456922
Washc1	-12.658427	-9.204549
Smoc1	-10.50235	-7.048472
C230066G23Rik	-17.117744	-13.663867
Fes	-16.984213	-13.530335
Gm28068	-20.44995	-16.996073
Il1r1	-12.071329	-8.617451
Srd5a3	-13.24061	-9.786732
Cpeb1	-13.800965	-10.347087
Mesd	-11.191772	-7.7378945
Ankrd39	-12.575972	-9.122093
Gatb	-14.046376	-10.592498
Cramp1l	-12.811271	-9.357392
Gm11342	-20.44995	-16.996073
Gm26532	-12.504749	-9.050871
Mipep	-13.141407	-9.687529
Gfm2	-13.707069	-10.253191
Slf2	-12.763788	-9.30991
Pin4	-11.222556	-7.768678
Arrdc4	-14.0138	-10.559921
Wfdc17	-17.616735	-14.162858
Sdhaf3	-13.14409	-9.690211
Cyb561d2	-12.994074	-9.540195
Gmnc	-15.426069	-11.972191
Kifc5b	-16.339075	-12.885198
2010007H06Rik	-16.71228	-13.258402
Hnrnpc	-10.755395	-7.301517
Fabp7	-18.50404	-15.050162
Btbd2	-12.414348	-8.960469
Tfr2	-19.351337	-15.89746
Samd11	-18.840511	-15.386634
Itga8	-8.147264	-4.6933856
Krt10	-13.205723	-9.751844
9530051G07Rik	-15.74042	-12.286542
Lpxn	-18.370508	-14.916631
Myo5b	-19.756802	-16.302925
1700072G22Rik	-19.756802	-16.302925
Dhcr7	-14.276164	-10.822286
Plscr1	-15.758602	-12.304724
Trpm7	-11.121916	-7.668038
Scrn2	-13.389474	-9.9355955
Gm26805	-20.44995	-16.996073
Rab2a	-9.970439	-6.516561
Pdcd1	-20.44995	-16.996073
Gm12863	-18.370508	-14.916631
Gmppa	-12.132916	-8.679038
Slc12a6	-12.553025	-9.099147
Gm35551	-19.351337	-15.89746
Gm45570	-16.953442	-13.499564
Azi2	-11.59843	-8.144551
Cops2	-11.606335	-8.152456
Riox1	-13.749219	-10.295341
Cdc42se2	-12.693755	-9.239877
Mrps5	-11.834723	-8.380845
Ints8	-12.594018	-9.14014
4933421O10Rik	-13.295335	-9.841456
Chst11	-14.669207	-11.215328
Gm43465	-20.44995	-16.996073
1700125H20Rik	-20.44995	-16.996073
Ttll11	-15.662458	-12.20858
Oma1	-12.950527	-9.496649
Commd6	-11.4902525	-8.036374
Gm11831	-18.370508	-14.916631
Ucp2	-17.191853	-13.737975
Anapc4	-11.788137	-8.334259
Gm15983	-17.154112	-13.700234
Mest	-17.048752	-13.594874
Aldh1a1	-16.984213	-13.530335
Gpbp1l1	-11.922213	-8.468334
Aim2	-19.351337	-15.89746
Zcchc7	-11.293855	-7.839977
Mill2	-13.420862	-9.966984
Entpd5	-13.786818	-10.332939
Psmd8	-10.209098	-6.75522
Pkn2	-10.430147	-6.9762692
Nfam1	-20.44995	-16.996073
Slc39a10	-13.059769	-9.60589
Slc9a3r1	-13.152182	-9.698303
B230216N24Rik	-13.561378	-10.107499
Pdcl	-12.30498	-8.851102
Unkl	-13.570594	-10.116715
Arf2	-12.200375	-8.746496
Gm20735	-19.756802	-16.302925
Mfap4	-9.229826	-5.7759485
Nufip2	-11.512863	-8.058985
Tfcp2l1	-16.68875	-13.234872
Atp6v0d2	-17.67736	-14.223483
Dusp22	-13.8624	-10.408522
Ssu2	-19.756802	-16.302925
Ptgir	-16.839031	-13.385154
Tusc1	-11.833093	-8.379214
Gpr4	-17.314455	-13.860578
Gemin2	-13.655364	-10.201486
Zfp275	-12.901921	-9.448043
Ccdc115	-12.450607	-8.996729
Rnf167	-11.843465	-8.389586
Nudc	-10.706573	-7.2526946
Siglech	-19.063654	-15.6097765
Wdr12	-12.626304	-9.172425
Mob4	-10.917599	-7.463721
Zcchc3	-13.457853	-10.003975
Metrnl	-12.361081	-8.907203
Flnb	-11.751269	-8.297391
Atp11c	-12.837613	-9.383735
Mfsd7a	-14.292971	-10.839092
Gatc	-13.472669	-10.01879
Crls1	-12.611607	-9.157728
Hand2os1	-15.984042	-12.530164
Krr1	-12.189715	-8.735837
Mocs1	-14.47614	-11.022262
6820408C15Rik	-19.063654	-15.6097765
Vps50	-13.1281	-9.674222
Kank2	-10.785672	-7.3317943
AY036118	-9.248153	-5.794275
Kank1	-10.346792	-6.8929143
Saa3	-17.082653	-13.628776
Serpina1e	-20.44995	-16.996073
0610030E20Rik	-12.627906	-9.174027
Hey1	-14.329653	-10.875774
Noxo1	-13.354057	-9.900179
Fbxo27	-14.316552	-10.862674
Zfp57	-17.67736	-14.223483
9030407P20Rik	-14.858963	-11.405085
Grap	-14.515056	-11.061177
Vps4a	-11.770298	-8.31642
Pgrmc2	-11.503705	-8.049827
Bin1	-11.982788	-8.52891
Gnai2	-9.344452	-5.890574
Usp28	-13.431548	-9.97767
Pycard	-13.04994	-9.596062
Sec61g	-9.251433	-5.797556
Poldip3	-12.377482	-8.923604
Mrfap1	-9.938546	-6.4846683
Pop5	-11.2851305	-7.8312526
Gm50071	-16.518124	-13.064246
Eepd1	-14.365451	-10.911572
Gm20400	-18.052053	-14.598176
Ccdc8	-13.657606	-10.203728
Iqcb1	-12.705813	-9.251935
Sept6	-11.62866	-8.174782
Zfp213	-13.999479	-10.545601
Prdm16	-11.300422	-7.846544
Mrm1	-14.769777	-11.315899
Angptl2	-11.360761	-7.906883
Olfr986	-18.840511	-15.386634
Gclc	-12.473011	-9.019133
B230317F23Rik	-16.86643	-13.412553
Rnmt	-12.488929	-9.03505
Mrpl19	-12.439259	-8.98538
Dnajc14	-12.40725	-8.953372
Txndc11	-12.686503	-9.232625
Smarcad1	-12.216978	-8.7631
Lrr1	-19.351337	-15.89746
Gm34589	-20.44995	-16.996073
Prps1l3	-13.660978	-10.2071
Gm20337	-17.271896	-13.818018
Rnf141	-12.67132	-9.217442
Kcnj8	-12.318126	-8.864247
Gm16867	-14.973487	-11.5196085
Timm21	-12.440255	-8.986377
Gm15579	-20.44995	-16.996073
Gcnt1	-18.50404	-15.050162
Prtg	-14.98189	-11.528011
Zfp995	-13.886095	-10.432217
Slc43a3	-13.354057	-9.900179
A930033H14Rik	-13.500093	-10.046215
Gm49492	-15.805559	-12.351681
Etv1	-11.923995	-8.470117
Bco1	-20.44995	-16.996073
Fgfrl1	-11.602878	-8.148999
Fxyd4	-16.215843	-12.761965
Tet2	-12.644476	-9.190598
Relch	-12.59131	-9.137431
Gm5617	-12.7206545	-9.266776
Ntn3	-15.419512	-11.965633
Abi3	-14.211625	-10.757747
Dlgap2	-17.454218	-14.0003395
Pard3bos1	-16.953442	-13.499564
Tomm20	-10.333409	-6.8795314
Hba-a2	-13.8875065	-10.433628
Gm10644	-16.86643	-13.412553
Fgl1	-19.351337	-15.89746
Gm29107	-15.432671	-11.978792
Pcdha11-1	-19.756802	-16.302925
Cacng7	-13.513607	-10.059729
5033403F01Rik	-16.66576	-13.211882
Zfp263	-13.105877	-9.6519985
Dipk1a	-12.804552	-9.350674
Cmtm4	-13.341706	-9.887828
Trp63	-16.518124	-13.064246
Dctd	-16.15949	-12.705612
Flywch1	-12.265436	-8.811558
Vmn1r201	-19.756802	-16.302925
Gm14022	-19.351337	-15.89746
Cbr2	-9.671015	-6.217137
Casq2	-18.65819	-15.204312
Slc35c1	-13.914709	-10.460831
Urgcp	-12.617539	-9.163661
Kcnq4	-12.35222	-8.898341
Ncaph2	-12.209828	-8.75595
Npb	-17.271896	-13.818018
Setd1a	-12.809346	-9.355468
Gm44175	-17.271896	-13.818018
Thsd7b	-17.314455	-13.860578
Rxra	-12.296025	-8.842147
Prrc2b	-10.813101	-7.359223
Gm26935	-15.834829	-12.380951
Tnmd	-17.358908	-13.905029
Gm13306	-15.400094	-11.946216
Slit2	-14.088648	-10.634769
Hecw1	-18.147364	-14.693486
Mycn	-17.885	-14.431123
Nlrc5	-16.260296	-12.806417
Ncoa2	-12.4875345	-9.033656
Tep1	-13.077204	-9.623325
Ccdc32	-12.130964	-8.677086
Postn	-8.564137	-5.11026
Ccdc103	-16.953442	-13.499564
Gm49871	-17.231073	-13.777196
Heatr5b	-12.810789	-9.356911
Plcb2	-20.44995	-16.996073
2900041M22Rik	-12.845056	-9.391177
Pbk	-15.854831	-12.400952
Emg1	-11.321145	-7.867267
Thoc7	-10.65199	-7.198112
Zfp459	-17.50551	-14.051633
Gm15517	-20.44995	-16.996073
Lca5l	-14.50453	-11.050652
Dchs1	-13.287553	-9.833674
Ift80	-13.290658	-9.83678
2700081O15Rik	-12.899289	-9.445411
Frk	-13.361542	-9.907663
Fam91a1	-12.230624	-8.776746
Trpc3	-16.812363	-13.358485
Gm11491	-16.984213	-13.530335
Drc3	-16.0555	-12.601623
Ogn	-8.493846	-5.0399685
Slc38a4	-19.063654	-15.6097765
Wnt5b	-14.512414	-11.058536
Pkhd1l1	-19.063654	-15.6097765
2310039L15Rik	-18.052053	-14.598176
Gm17201	-17.965042	-14.511165
Gpnmb	-16.18727	-12.733392
Ssna1	-11.489482	-8.035604
Prpf39	-11.877133	-8.423255
Tnpo3	-11.738342	-8.284464
Atad1	-12.086142	-8.632263
Ddr1	-12.035011	-8.581133
Gm40685	-18.840511	-15.386634
Gpr3	-19.351337	-15.89746
Derl1	-11.374399	-7.9205213
Gm20219	-16.68875	-13.234872
Gata6	-10.658512	-7.204634
Ooep	-15.50119	-12.047312
Ptp4a1-1	-15.060879	-11.607
Camsap2	-12.232242	-8.778363
Gm20707	-15.202926	-11.749047
Cplx1	-20.44995	-16.996073
Zbtb49	-14.756218	-11.30234
Upk1a	-17.271896	-13.818018
Ythdc2	-13.012744	-9.558866
Tesk1	-11.755615	-8.301737
Malat1	-5.5219107	-2.0680327
Gm3294	-19.756802	-16.302925
Rem1	-14.666125	-11.212247
Nsd2	-12.353742	-8.899863
Asah1	-11.240109	-7.7862315
Gm34934	-13.626664	-10.172786
Gm34342	-14.416864	-10.962986
Gmnn	-13.919072	-10.465194
Mthfd1	-12.545246	-9.091368
Ndufb3	-9.971873	-6.5179954
Gm12381	-16.786388	-13.33251
Brd4	-11.277935	-7.824057
Tial1	-11.839813	-8.385935
Nsl1	-17.559578	-14.1057
Dclre1a	-13.468016	-10.014137
Gm20703	-20.44995	-16.996073
Snrnp27	-10.642808	-7.18893
Txnrd3	-12.764247	-9.310369
Syt17	-15.574753	-12.120874
Kmo	-19.756802	-16.302925
Ube2o	-12.489278	-9.035399
Gm49519	-17.405428	-13.95155
Klra2	-19.063654	-15.6097765
Alox5	-20.44995	-16.996073
A930001M01Rik	-16.812363	-13.358485
Taf4	-13.350748	-9.89687
Kctd10	-10.70376	-7.249882
Pcdhb5	-16.518124	-13.064246
Mtx2	-12.715391	-9.261513
1500015A07Rik	-15.567148	-12.11327
Dcp1a	-13.18103	-9.727152
Eif4e3	-12.569146	-9.115268
Cox7b	-9.756552	-6.302674
Cbr3	-13.132074	-9.678196
Manea	-12.627505	-9.173627
Aplp1	-12.3626175	-8.908739
1810010H24Rik	-14.998912	-11.545033
Slc10a1	-15.815221	-12.361342
Gm30409	-20.44995	-16.996073
Ccl5	-17.231073	-13.777196
Gm43138	-14.536448	-11.082569
Syk	-18.052053	-14.598176
Entpd2	-13.48487	-10.030992
Atg14	-12.88623	-9.432352
Smim6	-15.2966585	-11.84278
Arid4b	-10.520649	-7.066771
Pard6g	-13.923455	-10.469577
Rtn1	-19.756802	-16.302925
Meis2	-11.27172	-7.817842
Smim15	-11.5105	-8.056622
Tmem53	-13.251766	-9.797888
Pcdhgc5	-15.3562	-11.902322
Gm48336	-17.810892	-14.357015
Hspbap1	-14.297217	-10.843339
Fbxw9	-13.490552	-10.036674
Gm10382	-15.337962	-11.884084
Smim40	-19.756802	-16.302925
Traf3	-12.738401	-9.284523
Bcas1	-17.885	-14.431123
Mctp1	-18.840511	-15.386634
Gm36283	-15.245943	-11.792065
Micall1	-12.227665	-8.773787
Morn5	-18.840511	-15.386634
Nectin1	-14.358641	-10.904762
Sema6c	-13.97606	-10.5221815
Esr2	-19.756802	-16.302925
Tns4	-16.578749	-13.12487
Ifngr2	-11.000829	-7.546951
Alg11	-13.03177	-9.577891
Tram1l1	-16.15949	-12.705612
Prpf40a	-11.156465	-7.7025867
4930537H20Rik	-16.621307	-13.16743
Gm38393	-15.494123	-12.040245
Csnk1a1	-9.804144	-6.350266
B230307C23Rik	-13.378377	-9.924499
Zadh2	-12.545246	-9.091368
Zc3h12c	-13.18592	-9.732041
Gpx8	-10.808672	-7.354794
4930488L21Rik	-17.810892	-14.357015
Snhg12	-11.786408	-8.33253
Dusp19	-12.9831505	-9.529272
Ubac1	-12.284871	-8.830993
Tmx2	-12.61635	-9.162472
Tk1	-14.773196	-11.319318
Rnf144b	-13.311877	-9.857999
Ripk3	-16.322815	-12.8689375
Nup50	-12.647332	-9.193454
Gm47231	-18.370508	-14.916631
Ly6k	-19.351337	-15.89746
Agtr1b	-15.79599	-12.342112
Tst	-12.897713	-9.443834
Dzip3	-13.036583	-9.582705
Hmgb3	-13.173394	-9.719516
Pwwp3b	-12.672157	-9.218279
Ppm1l	-14.099065	-10.645186
Poldip2	-12.211678	-8.757799
B230312C02Rik	-14.404944	-10.951066
Ppef1	-11.788484	-8.334605
Impdh2	-11.562021	-8.108143
Rps6kb1	-11.701645	-8.2477665
Noxred1	-17.191853	-13.737975
Nid1	-12.851049	-9.397171
Prelid3a	-14.583482	-11.129603
Oip5	-17.015963	-13.562084
Gm44053	-16.66576	-13.211882
Mtap	-11.985525	-8.531647
Chek1	-15.995603	-12.541724
Spon1	-14.61222	-11.158341
Cys1	-11.671316	-8.217438
Rcor2	-15.69636	-12.242481
Arhgap39	-14.201907	-10.748029
Rps19	-8.307637	-4.85376
D030068K23Rik	-17.231073	-13.777196
Gm32014	-17.965042	-14.511165
Kcnip2	-18.65819	-15.204312
Hinfp	-13.872088	-10.41821
Gm44421	-15.18726	-11.733381
Gm26575	-17.965042	-14.511165
Ocstamp	-20.44995	-16.996073
Atcayos	-12.117401	-8.663523
Ankrd45	-13.98692	-10.533042
Spred2	-12.826308	-9.37243
Zfp747	-14.225391	-10.771513
Psmd13	-11.030971	-7.5770926
Gm13749	-19.756802	-16.302925
Tspan3	-10.512302	-7.0584245
Gm10767	-16.339075	-12.885198
Arnt	-12.25434	-8.800462
Mgme1	-13.456935	-10.003057
Mthfr	-13.258521	-9.804643
Rab11a	-11.421012	-7.967134
Ankrd28	-13.48016	-10.026281
Pop7	-12.526239	-9.072361
Xirp1	-11.412298	-7.9584203
Mafa	-14.904773	-11.450894
Ado	-12.707982	-9.254104
Snrnp48	-11.574384	-8.120505
Cdk6	-12.117161	-8.663282
Pmpcb	-11.653157	-8.199279
Gm50136	-18.370508	-14.916631
Aatk	-14.441137	-10.987259
Cct6a	-10.560055	-7.106177
Papss1	-11.978173	-8.524295
Gm43727	-17.314455	-13.860578
Nkain2	-15.917351	-12.463472
Jakmip2	-19.756802	-16.302925
Rnf4	-12.163681	-8.709803
Vps29	-10.8715	-7.417622
Crnde	-16.291067	-12.837189
Agpat5	-11.63458	-8.180701
Samhd1	-12.442916	-8.9890375
C1qtnf7	-13.248779	-9.794901
Irf9	-13.662106	-10.208227
Rbm22	-12.140273	-8.686395
D630008O14Rik	-20.44995	-16.996073
D330023K18Rik	-13.038999	-9.58512
Brms1l	-12.749203	-9.295324
Ralgapa2	-12.016139	-8.562261
Fam193b	-13.000452	-9.546574
Map3k2	-11.345971	-7.892093
Acbd3	-10.896872	-7.4429936
Nipal1	-18.840511	-15.386634
Rnf25	-13.324667	-9.870789
Zfp553	-13.450528	-9.99665
Gm43846	-18.840511	-15.386634
Gcsh	-11.873545	-8.419666
Trpc1	-12.858593	-9.404715
A830082N09Rik	-14.862701	-11.408823
Gm9776	-15.218842	-11.764963
Gm26877	-18.252724	-14.798846
Sfrp1	-14.227374	-10.773496
Pcdhga10	-14.539153	-11.085275
Igsf9	-12.371262	-8.917383
Gm12319	-19.351337	-15.89746
Lig3	-13.283684	-9.829805
AC132307.1	-14.994629	-11.5407505
Triml2	-20.44995	-16.996073
Gm28940	-18.65819	-15.204312
Gm48025	-18.840511	-15.386634
Gm44949	-18.50404	-15.050162
Gtf2ird2	-14.684759	-11.230881
Sap30l	-11.659986	-8.206107
Xpnpep2	-20.44995	-16.996073
1810019D21Rik	-17.231073	-13.777196
Frem1	-19.351337	-15.89746
9530062K07Rik	-16.812363	-13.358485
Aak1	-12.178658	-8.724779
Nup37	-13.75045	-10.296572
2600006K01Rik	-13.176164	-9.722285
Gm45902	-15.016228	-11.562349
Tm7sf2	-14.379212	-10.925334
Eno4	-18.252724	-14.798846
Adcy2	-15.544675	-12.090796
Cd37	-18.840511	-15.386634
1700055D18Rik	-16.578749	-13.12487
Crlf3	-13.016874	-9.562996
Fcsk	-13.576786	-10.122908
Smc3	-10.736353	-7.282475
Slfn2	-18.370508	-14.916631
Cttnbp2nl	-12.034125	-8.580247
Rad51c	-15.320051	-11.866173
Tinf2	-13.9884815	-10.534603
Tbc1d23	-12.335626	-8.881747
Gm28941	-16.479658	-13.02578
Gm17018	-12.022463	-8.568584
Gm19557	-19.063654	-15.6097765
Ccl4	-20.44995	-16.996073
Wwp1	-11.332054	-7.878176
Mxd1	-12.751921	-9.298042
9530097N15Rik	-16.424599	-12.97072
Sptan1	-10.5985985	-7.1447206
Cdk5r1	-15.452738	-11.998859
Ppp1r3g	-19.756802	-16.302925
Snu13	-10.716836	-7.262958
Gm20644	-19.351337	-15.89746
Jrkl	-13.066582	-9.612703
4930426I24Rik	-14.98189	-11.528011
Gm17655	-15.262565	-11.808686
Nedd4	-8.879841	-5.4259634
Nrm	-14.151001	-10.697123
Gm26737	-16.839031	-13.385154
Gm47898	-19.063654	-15.6097765
Trim13	-14.589164	-11.135285
Gm47270	-17.231073	-13.777196
Gm9926	-18.252724	-14.798846
Abcd1	-12.93952	-9.4856415
Eef2	-9.17916	-5.725282
Polr1c	-12.267671	-8.813792
Pbx2	-12.70149	-9.247612
Slc24a1	-18.370508	-14.916631
Sarnp	-10.693166	-7.239288
1700105P06Rik	-15.5901375	-12.136259
Tcaim	-13.202158	-9.74828
Fbxw5	-12.295162	-8.841284
Eif4ebp2	-11.181436	-7.7275577
Vdac3	-10.532559	-7.0786815
Josd1	-12.822893	-9.369015
Nps	-19.351337	-15.89746
Myl2	-20.44995	-16.996073
Fbxo11	-11.623803	-8.169925
Gm15751	-19.351337	-15.89746
Zfpm2	-12.795033	-9.341155
Ankrd46	-12.335925	-8.882047
Gpsm3	-17.67736	-14.223483
Tom1l2	-12.209565	-8.755687
Gm49874	-17.965042	-14.511165
Efr3b	-14.520361	-11.066483
4930562F07Rik	-16.479658	-13.02578
Prim2	-13.581976	-10.128098
Txndc17	-10.397353	-6.9434752
Wrnip1	-12.629511	-9.175632
Gm14286	-17.67736	-14.223483
P3h3	-10.990564	-7.5366864
D930016D06Rik	-13.420862	-9.966984
Gm15271	-15.84478	-12.390902
Dynll2	-11.338988	-7.8851104
Rrp7a	-12.329361	-8.875483
Abcc1	-11.425698	-7.9718204
Mettl26	-11.763689	-8.309811
Gm48708	-17.314455	-13.860578
Efcc1	-19.351337	-15.89746
Ptbp2	-11.995058	-8.54118
Gm48780	-18.840511	-15.386634
Otud4	-12.336523	-8.882645
Dennd2d	-19.063654	-15.6097765
Gm12498	-18.370508	-14.916631
Gm11769	-17.154112	-13.700234
Dsel	-12.080562	-8.626683
Tead3	-11.952348	-8.498469
Zmynd15	-17.7419	-14.288022
Ccnjl	-18.252724	-14.798846
Rnf213	-13.870699	-10.416821
Lonrf2	-14.92849	-11.474611
Cfb	-17.67736	-14.223483
Adcyap1r1	-19.756802	-16.302925
Fhdc1	-16.18727	-12.733392
Gm11626	-18.840511	-15.386634
Adam23	-19.063654	-15.6097765
Fibp	-12.074781	-8.620903
Msln	-19.756802	-16.302925
C3ar1	-17.231073	-13.777196
Kcnd2	-19.351337	-15.89746
Fastkd5	-14.539153	-11.085275
Hist1h4i	-15.864983	-12.411104
A430093F15Rik	-15.515476	-12.061598
Mapkapk3	-15.362354	-11.908476
Ifi204	-18.65819	-15.204312
Clta	-10.078336	-6.624458
Plscr2	-16.460966	-13.007088
Coro6	-14.175188	-10.72131
Nsun5	-13.533236	-10.079357
Ap1g1	-12.179425	-8.725547
Hoxb9	-14.386165	-10.932286
Ddrgk1	-10.903781	-7.449903
Mettl18	-14.443597	-10.989718
A930016O22Rik	-17.454218	-14.0003395
Hexa	-11.198372	-7.744494
Adgrf3	-19.063654	-15.6097765
Gm12953	-18.840511	-15.386634
Ifi27l2a	-13.8624	-10.408522
Sertad1	-11.345193	-7.891315
Gm10135	-17.965042	-14.511165
Zfp593	-12.7945595	-9.340681
Slco1b2	-17.810892	-14.357015
Idh1	-12.17738	-8.723501
Gm48914	-16.372412	-12.918534
Scn4b	-20.44995	-16.996073
Gm13032	-18.840511	-15.386634
Nfia	-9.843118	-6.38924
Farp2	-13.827214	-10.373336
Lekr1	-14.374604	-10.920726
Ahsa1	-11.027972	-7.5740943
Rnf166	-12.295737	-8.841859
Ly6g5b	-18.65819	-15.204312
Gm17168	-19.756802	-16.302925
Exoc3l4	-15.834829	-12.380951
Gm48814	-18.252724	-14.798846
Gm42941	-14.885429	-11.431551
2700033N17Rik	-14.773196	-11.319318
Gck	-18.052053	-14.598176
3110021N24Rik	-15.245943	-11.792065
Gm12022	-19.756802	-16.302925
Furin	-12.0465975	-8.592719
Slurp2	-17.117744	-13.663867
Clcn5	-14.512414	-11.058536
Selenow	-9.087277	-5.6334
Gm10532	-18.052053	-14.598176
Gm36278	-17.231073	-13.777196
Dkc1	-12.406608	-8.952729
Gm10134	-15.141683	-11.687804
Polq	-17.405428	-13.95155
Gfpt2	-15.574753	-12.120874
Tmem126a	-11.700059	-8.246181
Reck	-11.998256	-8.544377
Hip1	-10.537949	-7.0840707
Gm13889	-9.877019	-6.423141
Naxd	-11.33403	-7.880152
Zfp874b	-13.795797	-10.341919
Dnajb12	-12.530957	-9.077079
Akap11	-11.472046	-8.0181675
Atp10a	-12.089879	-8.636001
Xlr3b	-14.780069	-11.326191
Tnks1bp1	-11.982998	-8.5291195
Csnk1g1	-12.340425	-8.886546
Zscan20	-14.858963	-11.405085
Vapa	-10.352707	-6.898829
Rnf14	-11.720877	-8.266998
Duxbl1	-19.063654	-15.6097765
Hdac1	-11.328441	-7.8745627
Lims2	-9.956206	-6.5023284
Slc38a1	-11.987424	-8.5335455
Cd80	-16.984213	-13.530335
Pamr1	-12.000822	-8.546944
Cox4i2	-13.134067	-9.680188
Cog7	-12.733044	-9.279165
Arfip2	-12.314017	-8.860139
Map2k6	-13.572654	-10.118775
Gm49741	-15.537295	-12.083417
Tfrc	-13.819266	-10.365388
4930579H20Rik	-19.351337	-15.89746
Ripk2	-13.231773	-9.777895
Pigw	-14.877796	-11.423918
Ints6l	-12.638382	-9.184504
Ykt6	-12.4452505	-8.991372
Fn1	-8.621973	-5.168095
Hand1	-20.44995	-16.996073
Scaf8	-12.337422	-8.883544
Upk3b	-18.840511	-15.386634
Taf1a	-12.484405	-9.030526
Nptx1	-17.559578	-14.1057
Npc2	-10.831282	-7.3774037
Slc25a24	-12.601797	-9.147919
Espl1	-16.389507	-12.935629
Obsl1	-12.895092	-9.441214
Gm50070	-18.147364	-14.693486
Pcyox1l	-12.695897	-9.242019
Zfp296	-17.082653	-13.628776
Slc52a3	-19.063654	-15.6097765
Klhl30	-12.984295	-9.5304165
Gnb1	-10.533102	-7.079224
Mzb1	-19.756802	-16.302925
Glud1	-10.742355	-7.2884774
Pop1	-14.09558	-10.641702
Mettl7a2	-19.063654	-15.6097765
2900072N19Rik	-17.885	-14.431123
2310009A05Rik	-12.034347	-8.580468
Gm9885	-12.6404085	-9.18653
Lactb	-12.902976	-9.449098
Mettl6	-12.704947	-9.251069
CAAA01147332.1	-12.31695	-8.863071
Rnf122	-15.060879	-11.607
Wdr45b	-12.018533	-8.564654
Gm19500	-18.65819	-15.204312
Ssu72	-11.162093	-7.708215
C1qtnf9	-20.44995	-16.996073
Phldb3	-17.616735	-14.162858
H2-Q7	-19.351337	-15.89746
Mob2	-10.927723	-7.473845
Tnfrsf13b	-20.44995	-16.996073
Wbp2	-11.268112	-7.8142343
Tmc4	-13.907478	-10.4536
Ndufa11	-9.672244	-6.2183666
Zdhhc8	-11.859879	-8.406
Angel1	-15.786511	-12.332633
Tomm22	-10.87747	-7.423592
Larp1	-11.567558	-8.11368
Traf5	-11.876187	-8.422309
1500002F19Rik	-15.597919	-12.144041
Dcst1	-19.756802	-16.302925
Nrbp1	-11.275133	-7.821255
Yy1	-10.942398	-7.48852
Nepro	-14.404944	-10.951066
Jph1	-13.309497	-9.8556185
Ncstn	-12.538993	-9.0851145
Ccdc136	-13.607266	-10.153388
Gm15688	-15.906655	-12.452777
Gli1	-14.829549	-11.37567
Heca	-11.641581	-8.187702
Ifitm1	-17.048752	-13.594874
St6galnac4	-12.696755	-9.242877
Slc16a9	-14.24136	-10.787481
Vegfb	-11.697685	-8.243807
Nono	-11.286806	-7.832928
Gm13205	-14.509779	-11.055901
Cycs	-10.925602	-7.471724
Dok7	-15.487105	-12.033227
Nr6a1	-14.8368225	-11.382944
D330050G23Rik	-19.351337	-15.89746
Stim2	-12.751921	-9.298042
Gm43136	-15.79599	-12.342112
Pid1	-12.394793	-8.940914
Sema3a	-11.953368	-8.49949
Tagap1	-14.2637415	-10.809863
Tnfrsf12a	-10.171388	-6.7175097
Gm7598	-16.132462	-12.678583
A430090L17Rik	-18.252724	-14.798846
Gm31152	-18.252724	-14.798846
Fabp3	-11.53023	-8.076351
Capn1	-12.804074	-9.350196
Ssbp4	-11.626891	-8.173013
Nog	-17.50551	-14.051633
Gm6116	-19.756802	-16.302925
2810004N23Rik	-11.777464	-8.3235855
Tubgcp5	-12.502625	-9.048747
Kdm8	-15.088658	-11.63478
A930018P22Rik	-17.67736	-14.223483
Npr2	-12.266832	-8.812954
Etf1	-11.516286	-8.0624075
Fam83g	-18.252724	-14.798846
Ube2b	-10.200075	-6.746197
Cldnd1	-10.891279	-7.4374013
Astl	-20.44995	-16.996073
Tirap	-13.358208	-9.904329
Trabd2b	-11.209372	-7.7554936
Acyp1	-12.187907	-8.734029
Arpc1a	-11.466636	-8.012757
Snupn	-13.061623	-9.607744
Gp5	-18.052053	-14.598176
Usp11	-14.381524	-10.927646
Gpcpd1	-11.91649	-8.462611
Itga5	-10.832413	-7.378535
Fgd3	-19.756802	-16.302925
Cd180	-20.44995	-16.996073
Gm47547	-15.208203	-11.754325
Gnptab	-12.843065	-9.389187
Bloc1s3	-14.261686	-10.807808
Smad3	-13.495312	-10.041433
Acot6	-14.877796	-11.423918
Gm26852	-17.117744	-13.663867
Tmem67	-13.784266	-10.330388
Gm16675	-16.621307	-13.16743
Gabbr2	-19.351337	-15.89746
Gpsm1	-13.297681	-9.843802
Mfap1a	-12.064918	-8.611039
Gm10097	-17.048752	-13.594874
Pla2g2d	-19.351337	-15.89746
1700025M24Rik	-19.063654	-15.6097765
Trim11	-13.120856	-9.666978
Zfand6	-11.163019	-7.7091413
Mcrs1	-12.163177	-8.709298
Nuak1	-11.994845	-8.540967
Gm17096	-18.65819	-15.204312
Capns1	-9.679235	-6.225358
Cyp2f2	-20.44995	-16.996073
Rfk	-11.982998	-8.5291195
Slc24a4	-14.515056	-11.061177
Dgat2	-15.387355	-11.933476
Ptger3	-14.1770735	-10.723195
4933433G19Rik	-19.063654	-15.6097765
mt-Nd5	-8.856625	-5.402747
Mad2l1	-14.621004	-11.167126
Tbl1x	-10.551173	-7.0972953
Fbxl3	-11.762676	-8.308798
Arf3	-11.888166	-8.434288
Anapc16	-11.389386	-7.9355083
Abcc10	-14.818738	-11.36486
Zfp518a	-13.383483	-9.929605
Agbl2	-16.537928	-13.084049
Gm9844	-15.854831	-12.400952
Cd28	-18.840511	-15.386634
Gm43254	-15.854831	-12.400952
Gm15938	-17.67736	-14.223483
Anxa13	-17.559578	-14.1057
Zfp781	-16.389507	-12.935629
Pglyrp1	-17.082653	-13.628776
Gm20554	-17.048752	-13.594874
Laptm4a	-9.413691	-5.9598126
Trmt5	-14.145501	-10.691623
A330069K06Rik	-18.50404	-15.050162
Rtf2	-11.569225	-8.115347
Guca2a	-19.063654	-15.6097765
Rasl10a	-15.961314	-12.507436
Atp13a3	-11.351436	-7.8975577
Syap1	-11.320169	-7.8662915
G430095P16Rik	-14.889269	-11.43539
Higd1a	-9.628773	-6.174895
Ncapg	-16.839031	-13.385154
Psmb6	-9.87204	-6.418162
AI463170	-15.786511	-12.332633
Frrs1	-13.793223	-10.339345
Ncald	-11.668088	-8.21421
Rps5	-8.180433	-4.7265553
Dusp28	-12.822406	-9.368527
Nudt18	-12.187649	-8.73377
Gm16853	-19.063654	-15.6097765
Pif1	-17.7419	-14.288022
Eps15l1	-12.988885	-9.5350065
Pfdn1	-10.47168	-7.017802
Odf3l1	-16.76107	-13.307192
Lpin3	-14.292971	-10.839092
Wdr78	-14.822329	-11.36845
Armc7	-14.961013	-11.507134
Cul3	-11.266775	-7.812897
Dennd2c	-15.885602	-12.431724
Jaml	-17.048752	-13.594874
C130036L24Rik	-14.463498	-11.00962
Fbxl8	-13.974518	-10.520639
Irak2	-12.038784	-8.584906
Edn1	-12.638382	-9.184504
Kpna3	-12.132672	-8.678794
Lrmp	-19.756802	-16.302925
Ptprf	-12.940615	-9.486736
Ptpn12	-12.408537	-8.9546585
Dnajc2	-12.098811	-8.644933
Fkbp9	-10.636606	-7.1827283
Rsph10b	-16.71228	-13.258402
Gm36266	-16.215843	-12.761965
Gm49901	-19.063654	-15.6097765
Dcaf1	-12.404682	-8.950804
Tmem30b	-16.518124	-13.064246
Cbarp	-14.977679	-11.523801
AI837181	-11.923798	-8.469919
Tspyl2	-13.022806	-9.568928
Tmem184c	-12.929173	-9.475295
Gm43514	-17.7419	-14.288022
Gm19510	-17.50551	-14.051633
Etfa	-11.092656	-7.638778
Golt1b	-12.259873	-8.805995
Cd40	-19.756802	-16.302925
Ehd1	-11.667627	-8.213749
Gm14379	-15.961314	-12.507436
Gm13657	-17.965042	-14.511165
Atxn2	-11.585486	-8.131608
Extl1	-17.231073	-13.777196
Casp9	-13.896017	-10.442139
Cdc34	-12.332339	-8.878461
5330417C22Rik	-18.252724	-14.798846
Mff	-11.295016	-7.8411384
C130013H08Rik	-15.256993	-11.803115
Ccdc159	-15.79599	-12.342112
Entpd7	-13.825885	-10.372006
Ttpa	-17.082653	-13.628776
Igtp	-14.965153	-11.511274
Trip10	-11.512732	-8.058853
Gdap2	-13.203582	-9.749703
Eml3	-13.464309	-10.01043
Rusc2	-11.763183	-8.309304
Wdr24	-13.963789	-10.509911
Ace	-11.517077	-8.063199
B830017H08Rik	-18.50404	-15.050162
5830405F06Rik	-17.191853	-13.737975
Btc	-11.903781	-8.449903
Gm48617	-17.015963	-13.562084
Thpo	-16.76107	-13.307192
Ilvbl	-12.855065	-9.401187
Prrc1	-11.571871	-8.117992
1700029J03Rik	-20.44995	-16.996073
Prmt3	-13.668893	-10.215014
E130304I02Rik	-19.351337	-15.89746
Ppp1r35	-12.385942	-8.932064
Ehd2	-10.077772	-6.623894
Gm26793	-20.44995	-16.996073
AW046200	-17.50551	-14.051633
Vgll4	-11.848415	-8.394537
Scamp2	-12.03037	-8.576491
Ip6k2	-12.692899	-9.23902
Bad	-11.664717	-8.210838
Camkk2	-12.029709	-8.57583
Adgra1	-17.271896	-13.818018
Gm49957	-18.370508	-14.916631
Eef1akmt3	-16.460966	-13.007088
BC052040	-15.112412	-11.658534
Gm9821	-17.965042	-14.511165
Rps27	-8.021494	-4.5676165
Gadd45g	-10.010905	-6.5570273
Plcd3	-13.078461	-9.624582
Myo1e	-11.437085	-7.983207
Cep19	-13.280601	-9.826722
Gm35721	-18.50404	-15.050162
Rasgrp1	-20.44995	-16.996073
Ttc7	-14.149164	-10.695286
Armc6	-13.578858	-10.12498
Herc2	-11.416824	-7.9629464
Ndst1	-11.56534	-8.111462
Gm37323	-18.50404	-15.050162
Gm28156	-19.756802	-16.302925
E4f1	-13.197896	-9.744018
Slc26a3	-16.080502	-12.626624
Rpl6	-8.280178	-4.8263006
Eif4e	-11.553909	-8.100031
Ate1	-11.669163	-8.215284
0610009L18Rik	-11.858763	-8.404884
Gm4035	-19.351337	-15.89746
D830039M14Rik	-16.894602	-13.440723
Csnk1e	-11.659986	-8.206107
Fkbp11	-13.102006	-9.648128
Gm14320	-17.67736	-14.223483
Arhgef4	-15.567148	-12.11327
Tle3	-12.590151	-9.136272
Ccdc6	-12.128772	-8.674893
Galnt15	-12.773013	-9.319135
Gm10605	-20.44995	-16.996073
Ccl9	-16.68875	-13.234872
Wsb1	-11.888931	-8.435053
Psmd10	-12.424434	-8.970555
Nhs	-12.841576	-9.387697
Gm10138	-14.924498	-11.470619
Ppp1r12c	-10.595233	-7.141355
Minar1	-18.840511	-15.386634
Gm47739	-18.65819	-15.204312
Grin2a	-20.44995	-16.996073
Txndc2	-18.840511	-15.386634
Acp2	-12.374057	-8.920178
Ccsap	-16.424599	-12.97072
Cask	-12.261817	-8.807939
Zfp955b	-12.863654	-9.409776
Aff3	-13.440541	-9.986663
Col5a2	-10.14903	-6.695152
Dennd4b	-14.536448	-11.082569
Sema4b	-15.098092	-11.644214
Wee1	-12.41889	-8.965012
Gm43403	-17.7419	-14.288022
Emp3	-9.468325	-6.014447
Haus5	-14.24136	-10.787481
Abraxas1	-13.917616	-10.4637375
Fam83a	-19.756802	-16.302925
Kmt2e	-10.400848	-6.9469705
Igfbp6	-15.12694	-11.673061
Plod3	-12.004468	-8.55059
A930005H10Rik	-13.858276	-10.404398
Apobr	-14.288743	-10.834865
Pgap2	-12.758293	-9.304415
Ociad2	-14.393167	-10.939288
Fam120b	-12.467534	-9.013656
Pold4	-11.126727	-7.672849
Slc14a1	-19.351337	-15.89746
Gm42937	-15.731451	-12.277573
Uhrf1	-16.479658	-13.02578
Smchd1	-11.050644	-7.596766
Tmie	-15.786511	-12.332633
Mpp2	-13.562398	-10.10852
Prg4	-18.147364	-14.693486
Larp4b	-11.441849	-7.987971
Cenps	-15.917351	-12.463472
Cux1	-10.68676	-7.232882
Homer3	-13.328697	-9.874819
3830408C21Rik	-15.758602	-12.304724
E130308A19Rik	-14.237344	-10.783465
Smyd4	-14.338483	-10.884604
Col5a3	-17.67736	-14.223483
Gm3830	-19.756802	-16.302925
Synpr	-18.65819	-15.204312
Gmds	-12.654304	-9.200425
Ggact	-13.5155525	-10.061674
Zfp647	-14.948692	-11.494814
Caprin2	-14.01862	-10.564741
E330013P04Rik	-19.756802	-16.302925
9030624G23Rik	-15.5226965	-12.068818
Lhfpl2	-18.052053	-14.598176
Map2k2	-10.8887415	-7.4348636
Tfam	-12.431983	-8.978105
Sike1	-11.8248	-8.370921
Gm30054	-18.147364	-14.693486
Brwd1	-11.6521	-8.198221
Gm14762	-17.271896	-13.818018
Lncpint	-13.128761	-9.674883
Adgrd1	-15.834829	-12.380951
Ccdc34	-11.66732	-8.213442
Ppid	-11.711215	-8.257337
Gm13054	-17.67736	-14.223483
Phldb1	-12.086841	-8.632962
Mlxipl	-14.491526	-11.037647
Tceal1	-12.739745	-9.285867
Gm49179	-16.621307	-13.16743
Gm16741	-18.50404	-15.050162
Endov	-13.603007	-10.149129
Acbd6	-11.347084	-7.893206
F10	-19.351337	-15.89746
Nfkbil1	-12.92701	-9.473131
Gosr1	-12.686079	-9.232201
Gm13446	-14.7362175	-11.282339
Mvb12b	-12.698475	-9.2445965
Rbm43	-13.134067	-9.680188
Gm1673	-14.729638	-11.27576
Ryk	-11.018228	-7.5643497
Raf1	-11.371884	-7.9180064
2610507B11Rik	-11.410872	-7.9569945
Rab6b	-12.879507	-9.425629
Pex11g	-14.111356	-10.657477
4732440D04Rik	-14.334058	-10.880179
Zfp438	-13.696512	-10.242634
Grasp	-14.284533	-10.830654
Otub1	-11.751269	-8.297391
Cavin2	-11.294277	-7.8403993
B2m	-10.007458	-6.55358
Zfp317	-13.333556	-9.879678
Gm15998	-13.935238	-10.4813595
Ppp1r13l	-14.107829	-10.653951
Susd6	-11.722982	-8.269104
Dppa5a	-17.885	-14.431123
Gm11542	-19.756802	-16.302925
Dand5	-13.541195	-10.0873165
Mmp28	-15.362354	-11.908476
Kbtbd7	-13.512636	-10.058758
Vrk1	-13.371609	-9.91773
Fahd1	-13.222287	-9.768409
Tsta3	-12.609637	-9.155759
Trmt10c	-12.888828	-9.43495
A230060F14Rik	-19.756802	-16.302925
Lrrc47	-12.94611	-9.492231
9530046B11Rik	-18.50404	-15.050162
Gm16861	-15.426069	-11.972191
Hectd1	-10.803744	-7.3498664
Kctd17	-12.009422	-8.555544
1110006O24Rik	-16.119217	-12.6653385
Sox2ot	-19.756802	-16.302925
Aqp5	-17.454218	-14.0003395
Kit	-13.921992	-10.468114
Slc13a3	-20.44995	-16.996073
Dlst	-12.017661	-8.563783
Rbp4	-9.692345	-6.238467
Acsf2	-14.483804	-11.029925
BC016579	-18.370508	-14.916631
Sox6	-13.091119	-9.63724
Pla2g6	-14.342927	-10.889049
Wars	-12.888828	-9.43495
Kti12	-13.405045	-9.951166
Glod4	-12.005973	-8.552094
Mns1	-16.04323	-12.589353
Nedd4l	-13.24209	-9.788212
Armcx2	-12.222842	-8.768964
Sec22b	-11.434044	-7.980166
Gm47093	-18.370508	-14.916631
Guf1	-12.637977	-9.184098
Coq8a	-11.698001	-8.2441225
Rcan2	-9.573111	-6.119233
Cox6c	-8.647524	-5.1936464
Rad54l2	-12.755557	-9.301679
Hspb1	-7.934486	-4.4806085
Tmem86b	-16.173283	-12.719405
Eif3a	-9.832313	-6.3784347
Enox1	-15.939091	-12.485212
Depdc1a	-16.55813	-13.104252
Wnt16	-11.212091	-7.7582135
Tmf1	-11.080728	-7.6268497
Socs7	-12.922694	-9.468816
Ubfd1	-12.25655	-8.802671
Gm49602	-14.22936	-10.775481
Selenop	-10.274339	-6.820461
Auts2	-10.165836	-6.7119584
Spef1	-13.935238	-10.4813595
Ep300	-11.569643	-8.115765
Tmem33	-11.5105	-8.056622
Rttn	-14.2824335	-10.828555
Rbm48	-12.696326	-9.242448
Gm15473	-16.55813	-13.104252
Acy1	-14.305764	-10.851886
Zfpl1	-12.235756	-8.7818775
Abcg2	-14.034853	-10.580975
Eprs	-10.827765	-7.3738875
Sdhd	-11.445282	-7.991404
Thra	-10.215326	-6.7614484
Fancm	-13.927857	-10.473979
Fra10ac1	-11.623803	-8.169925
Ift74	-12.153653	-8.699775
Kpna1	-11.922807	-8.468928
Pak4	-14.058033	-10.604155
Ahi1	-12.215916	-8.762037
Nsmce4a	-11.27265	-7.818772
Gem	-10.73835	-7.284472
Spn	-20.44995	-16.996073
Gm16185	-17.7419	-14.288022
Msrb3	-10.014365	-6.5604873
Gm39326	-19.351337	-15.89746
Dyrk3	-18.65819	-15.204312
Ins2	-19.756802	-16.302925
Lypd1	-19.063654	-15.6097765
Vps37b	-12.1662035	-8.712325
Sys1	-11.506836	-8.052958
Aurkaip1	-10.94515	-7.4912724
Galm	-14.188458	-10.73458
Lpin2	-13.703538	-10.24966
Gm11520	-17.117744	-13.663867
Trim72	-19.063654	-15.6097765
Maz	-12.10402	-8.650142
Gm10309	-19.351337	-15.89746
6430550D23Rik	-17.271896	-13.818018
Cdh26	-19.063654	-15.6097765
Socs3	-13.282141	-9.828262
Asap1	-11.278351	-7.824473
Hspb11	-12.032135	-8.578257
Sgcb	-10.940023	-7.4861455
B430306N03Rik	-20.44995	-16.996073
D630039A03Rik	-18.50404	-15.050162
Hist1h2ac	-14.769777	-11.315899
Klhl38	-14.91656	-11.462682
Gm12280	-18.50404	-15.050162
Wdr44	-12.182244	-8.728366
Dnal4	-12.348272	-8.894394
Vav3	-13.341706	-9.887828
Pck1	-19.756802	-16.302925
Gm9929	-18.65819	-15.204312
Nfkbid	-17.810892	-14.357015
Gm48295	-19.351337	-15.89746
Rab31	-12.649787	-9.195909
Spg20	-11.863977	-8.410099
Slc7a13	-20.44995	-16.996073
Parpbp	-16.953442	-13.499564
Nectin4	-19.756802	-16.302925
Degs2	-19.756802	-16.302925
Cox14	-10.780415	-7.3265367
Gm13840	-17.965042	-14.511165
Pdf	-15.213508	-11.759629
Sbno2	-13.279831	-9.825953
Oga	-12.065831	-8.611953
Rgs7bp	-10.422079	-6.968201
Ildr2	-17.559578	-14.1057
Coa3	-10.887264	-7.4333863
Znrf1	-12.165446	-8.711568
Gabarap	-9.349741	-5.895863
Nbeal2	-15.350083	-11.896205
Plxnb3	-20.44995	-16.996073
Clmp	-10.928455	-7.4745774
Cyp4x1	-19.063654	-15.6097765
Nsmaf	-12.393523	-8.939645
Sf3a2	-12.526239	-9.072361
Glis1	-14.965153	-11.511274
Mpi	-13.708249	-10.254371
Ubl3	-11.21365	-7.759772
Ttll1	-13.033571	-9.579693
Znrd1	-11.511944	-8.058065
Slc25a46	-12.3108015	-8.856923
1110018N20Rik	-13.769095	-10.315217
Usp39	-12.728158	-9.27428
Ctcflos	-16.339075	-12.885198
Il31ra	-19.756802	-16.302925
Map3k7	-12.250211	-8.796332
Tom1	-13.386902	-9.933023
Cald1	-7.3169312	-3.8630538
Lpcat4	-14.2514715	-10.797593
Dr1	-12.6613245	-9.207446
A530084C06Rik	-20.44995	-16.996073
Gpx1	-9.237238	-5.7833605
A530001N23Rik	-19.351337	-15.89746
Skor1	-20.44995	-16.996073
Mmrn1	-19.756802	-16.302925
Rtl6	-14.769777	-11.315899
Ubxn6	-11.295546	-7.8416677
Dip2b	-12.651017	-9.197139
Sox18	-19.756802	-16.302925
Itm2a	-15.508307	-12.054429
Phyhip	-19.351337	-15.89746
Ganab	-11.98658	-8.5327015
Alg13	-14.0042305	-10.550352
Gm42939	-17.454218	-14.0003395
Spata18	-17.082653	-13.628776
Trmt11	-13.351575	-9.8976965
Tmem258	-10.517292	-7.063414
P2rx6	-15.65416	-12.200281
Gm20045	-14.463498	-11.00962
Psmb11	-19.351337	-15.89746
Evc2	-12.872316	-9.418438
Rpgrip1l	-13.485814	-10.031936
Zfp455	-15.896073	-12.442195
Gm45864	-15.69636	-12.242481
Dchs2	-16.518124	-13.064246
Gm31805	-17.810892	-14.357015
Pcdhgb7	-15.972613	-12.518735
Cpne1	-12.361081	-8.907203
Irf3	-12.172284	-8.718406
Fbxl13	-15.544675	-12.090796
Snrpg	-10.010584	-6.556706
Brpf3	-13.784266	-10.330388
Smu1	-11.85173	-8.397852
Dpep2	-19.063654	-15.6097765
Fto	-11.820858	-8.36698
Ghr	-11.84182	-8.387941
Gm34006	-16.389507	-12.935629
Gm43118	-17.191853	-13.737975
5033406O09Rik	-19.756802	-16.302925
Gm26743	-19.063654	-15.6097765
2310014F06Rik	-16.04323	-12.589353
B230319C09Rik	-16.18727	-12.733392
Ankrd11	-10.521428	-7.06755
mt-Co1	-6.7364078	-3.2825303
Dbf4	-15.146646	-11.692767
Slc8b1	-13.859649	-10.40577
1700030C12Rik	-17.015963	-13.562084
Adi1	-13.255513	-9.801635
Rab28	-11.694055	-8.240176
Tmem98	-12.198547	-8.744669
Eln	-7.9906816	-4.536804
Mkln1os	-15.466344	-12.0124655
Krt13	-18.50404	-15.050162
Hdhd2	-12.260428	-8.80655
Pgam1	-10.533546	-7.0796685
D830025C05Rik	-14.205783	-10.7519045
Aven	-12.916256	-9.462378
Stag1	-11.153065	-7.699187
Pdxp	-16.007298	-12.55342
Bmpr1b	-12.114999	-8.66112
Xiap	-11.259812	-7.8059344
Hoxb1	-19.351337	-15.89746
Gm8016	-20.44995	-16.996073
P4hb	-10.009501	-6.5556235
Hnrnpul1	-11.582805	-8.128926
Mgat1	-11.752438	-8.298559
Srp54b	-16.984213	-13.530335
Slc25a15	-14.994629	-11.5407505
Rps21	-7.5710344	-4.117157
Poli	-14.100811	-10.646933
E230025N22Rik	-19.063654	-15.6097765
Morc2b	-19.063654	-15.6097765
4921504A21Rik	-14.531056	-11.077178
Ndufb8	-10.179426	-6.7255483
Prss27	-17.810892	-14.357015
Phf21b	-17.67736	-14.223483
Gm17494	-15.5901375	-12.136259
Slc25a1	-12.147684	-8.693806
Ercc3	-12.785134	-9.331256
Mss51	-15.279466	-11.825587
Ctsb	-9.497408	-6.0435305
Armcx3	-11.506705	-8.052827
Dvl3	-12.195161	-8.741282
Pten	-10.677027	-7.223149
Chil1	-16.68875	-13.234872
Snhg15	-14.198047	-10.744168
Gjc1	-11.163668	-7.7097898
Pnpla3	-18.840511	-15.386634
Lingo1	-16.18727	-12.733392
Ocrl	-12.44325	-8.989371
Nde1	-12.96502	-9.511142
4933425D22Rik	-18.50404	-15.050162
Mgst2	-19.351337	-15.89746
Smim26	-11.315304	-7.861426
Ube3b	-12.859098	-9.40522
Tubg2	-15.171836	-11.7179575
Gm19466	-18.840511	-15.386634
Armc9	-13.679161	-10.225283
Cd27	-16.643288	-13.189409
Dhx32	-11.733251	-8.279372
Rfesd	-12.829245	-9.375366
Stam	-12.493824	-9.039946
Ppic	-11.045772	-7.5918937
Kif4	-16.201454	-12.747577
Lmnb1	-14.589164	-11.135285
Prkca	-12.369713	-8.915834
Wdr72	-18.252724	-14.798846
Gm15512	-18.370508	-14.916631
Gja3	-18.052053	-14.598176
Srsf3	-10.045233	-6.591355
Car3	-18.252724	-14.798846
Gm14547	-18.50404	-15.050162
Cpt1b	-15.767818	-12.31394
Prrx1	-10.928016	-7.474138
Shc1	-12.0619545	-8.608076
Arhgap12	-12.459373	-9.005495
Lipe	-14.592017	-11.138139
Mettl23	-11.749435	-8.295557
Atraid	-10.378451	-6.9245734
Gm26728	-15.95014	-12.496262
C4a	-18.50404	-15.050162
Sdcbp2	-17.314455	-13.860578
Gm10687	-12.92701	-9.473131
Zranb3	-14.618068	-11.164189
Arhgef7	-11.777122	-8.323243
Atp13a1	-12.907207	-9.453328
Sort1	-11.8680935	-8.414215
Klc1	-11.423653	-7.9697747
Pcyt1b	-16.71228	-13.258402
Gm50203	-17.358908	-13.905029
Cln3	-13.779183	-10.325305
Golga3	-11.545591	-8.091713
Tsen34	-11.104117	-7.6502395
Dtwd2	-15.029415	-11.575537
Acot13	-11.878458	-8.42458
Dnajc16	-13.929329	-10.4754505
Atp9a	-12.259596	-8.805717
H2afy2	-12.775332	-9.321454
Htr2b	-20.44995	-16.996073
Gm4129	-16.578749	-13.12487
Atxn7l2	-14.840478	-11.3866
Rpp38	-13.432444	-9.978565
Tubgcp4	-13.117581	-9.663703
Slc16a1	-15.060879	-11.607
Tent2	-12.727273	-9.273395
Pcmt1	-11.085345	-7.6314673
Acp4	-20.44995	-16.996073
Tmem45a2	-19.756802	-16.302925
Il6st	-11.248448	-7.7945704
Smarcal1	-13.155573	-9.7016945
Dhx15	-11.060711	-7.606833
Susd2	-12.970086	-9.516208
Fnta	-11.263391	-7.8095126
Prdm5	-12.82046	-9.366582
Pepd	-12.6692295	-9.215351
Dbp	-10.42367	-6.969792
Smad5	-12.281464	-8.827585
Syne2	-11.037159	-7.583281
Wbp11	-11.423172	-7.969294
Tshr	-15.156646	-11.702767
Spg7	-11.689967	-8.236089
Prkag2	-12.027947	-8.574069
Pwp1	-12.987161	-9.533282
Kcnma1	-11.226003	-7.772125
Gm49579	-18.252724	-14.798846
Gm16499-1	-18.147364	-14.693486
Gm19696	-19.756802	-16.302925
Aldh18a1	-13.428866	-9.974988
5830444B04Rik	-17.810892	-14.357015
Gm26881	-13.249525	-9.795647
Eif3g	-10.76661	-7.312732
Gm31881	-16.145885	-12.692007
A3galt2	-17.50551	-14.051633
Bank1	-19.351337	-15.89746
4930458D05Rik	-16.406898	-12.95302
Slc19a2	-14.74284	-11.288961
Tipin	-12.2460985	-8.79222
Mtif2	-12.4228	-8.968922
Gnl3	-11.636809	-8.182931
Vil1	-20.44995	-16.996073
Haus1	-12.882088	-9.428209
Prkaa2	-12.027507	-8.573628
Stum	-11.592009	-8.13813
Adam1a	-15.400094	-11.946216
Tchp	-13.665493	-10.211615
Tnfrsf9	-19.756802	-16.302925
Melk	-17.358908	-13.905029
Slc6a20b	-16.621307	-13.16743
Plac9b	-13.512636	-10.058758
Pi16	-15.432671	-11.978792
Nabp1	-12.819489	-9.36561
Elovl1	-11.608357	-8.154479
Rab1a	-10.640169	-7.186291
Tubb4b	-10.556159	-7.102281
Gm45833	-16.424599	-12.97072
Gm16835	-15.995603	-12.541724
Tmem30a	-10.447251	-6.9933734
Rbm3os	-17.559578	-14.1057
4933424G06Rik	-17.810892	-14.357015
Ints11	-13.260028	-9.8061495
Ankrd16	-13.166502	-9.712624
Vmn2r44	-17.559578	-14.1057
Akr1a1	-10.014776	-6.5608983
Capsl	-14.804503	-11.350625
F730043M19Rik	-18.50404	-15.050162
9530036M11Rik	-15.406525	-11.952646
Ankrd49	-12.79314	-9.339262
Zfp639	-11.537477	-8.083598
Gkap1	-11.040022	-7.586144
Gm15417	-11.660595	-8.206717
Slc35d1	-12.888828	-9.43495
4930550C14Rik	-14.678509	-11.22463
Gm15614	-15.537295	-12.083417
Fundc2	-10.911602	-7.457724
Ttc36	-17.965042	-14.511165
Btbd9	-12.704947	-9.251069
Lhcgr	-18.65819	-15.204312
Grk3	-13.741866	-10.287988
Bach2	-14.746167	-11.292289
Vps45	-12.734826	-9.280948
Brd7	-11.047338	-7.5934596
Lsmem1	-14.2824335	-10.828555
Gm6569	-19.756802	-16.302925
Shc2	-16.119217	-12.6653385
Tbc1d2b	-12.095982	-8.642103
Hspa1l	-12.956077	-9.502198
Atpaf1	-12.945008	-9.49113
Pla2r1	-15.218842	-11.764963
Zhx2	-12.936787	-9.482908
Mospd1	-12.904032	-9.450153
Nxf2	-17.885	-14.431123
4921507P07Rik	-15.452738	-11.998859
Ccnq	-12.577114	-9.123236
Tmem241	-14.713378	-11.2595
Fasn	-12.643253	-9.189375
Gm37305	-14.822329	-11.36845
Tug1	-12.287148	-8.83327
9030025P20Rik	-15.146646	-11.692767
Gm2415	-13.746762	-10.292884
Ccdc39	-14.036491	-10.582613
Kdm6b	-11.986369	-8.532491
Zfp780b	-13.116927	-9.663049
Ddx60	-18.65819	-15.204312
Styk1	-19.063654	-15.6097765
Lrrk1	-13.077832	-9.623954
Rassf3	-10.203299	-6.7494206
Synpo2	-9.209595	-5.755717
Auh	-11.767412	-8.313534
Kif13b	-12.479555	-9.025677
Gm15492	-16.215843	-12.761965
Tbx3os1	-20.44995	-16.996073
Zswim1	-13.607266	-10.153388
Slbp	-12.33085	-8.876971
Scamp3	-11.961568	-8.507689
Zfp827	-13.091757	-9.637878
Gpr155	-12.864669	-9.41079
Wdr38	-18.50404	-15.050162
Cenpt	-14.397861	-10.943982
Cnih1	-11.412416	-7.9585385
Ggct	-13.646445	-10.192567
Gm13547	-19.351337	-15.89746
Mis18bp1	-16.215843	-12.761965
Tead4	-20.44995	-16.996073
Gm16214	-20.44995	-16.996073
Zim1	-17.191853	-13.737975
Gm49893	-19.756802	-16.302925
Stx2	-12.541195	-9.0873165
Rabl3	-14.08348	-10.6296015
Apc2	-16.812363	-13.358485
Nfic	-10.120737	-6.666859
Rab3gap2	-12.134139	-8.680261
Naglu	-12.489278	-9.035399
Gm44837	-16.839031	-13.385154
Zfp526	-14.8259325	-11.372054
Tap1	-14.615139	-11.161261
Tmx3	-11.665635	-8.211757
Rec8	-19.756802	-16.302925
Gm15556	-19.756802	-16.302925
Zic1	-20.44995	-16.996073
Slc9a3	-19.063654	-15.6097765
Pdzd8	-11.844379	-8.390501
Grin3a	-17.271896	-13.818018
Eml2	-11.605758	-8.151879
Raet1d	-20.44995	-16.996073
Tbc1d13	-14.09558	-10.641702
Actc1	-14.893122	-11.439243
Misp	-19.351337	-15.89746
Ncs1	-12.470954	-9.017076
Zfp771	-11.188631	-7.734753
Tpgs1	-11.791605	-8.337727
Mansc1	-14.114896	-10.661017
Klhl8	-13.718932	-10.265054
Stxbp5	-13.081611	-9.627732
9930012K11Rik	-17.191853	-13.737975
Gm3435	-16.15949	-12.705612
Tmem203	-12.5638685	-9.10999
Washc2	-11.970251	-8.516373
Gm15880	-17.616735	-14.162858
AA986860	-15.419512	-11.965633
Cd3g	-18.370508	-14.916631
Nr3c2	-13.172703	-9.718824
Setd7	-10.881656	-7.427778
Rasgrf2	-14.732923	-11.279044
Gm17638	-18.370508	-14.916631
Pfkm	-12.067203	-8.613324
Cnnm2	-12.953298	-9.499419
Gm16982	-19.063654	-15.6097765
Tarsl2	-13.632119	-10.178241
Gm10130	-14.416864	-10.962986
Gm38336	-16.578749	-13.12487
Setdb2	-14.340703	-10.886825
Sh2d3c	-16.66576	-13.211882
Cxcr2	-17.885	-14.431123
Vamp8	-10.645399	-7.191521
Gm5105	-20.44995	-16.996073
Ostc	-10.68866	-7.2347817
Csf3	-18.252724	-14.798846
Polr2b	-12.043018	-8.58914
Ghrl	-19.351337	-15.89746
Gk	-12.112841	-8.658962
B430212C06Rik	-17.454218	-14.0003395
Rnf8	-12.419215	-8.965337
Gal3st3	-13.317452	-9.863574
Col4a5	-9.9168415	-6.4629636
AI987944	-13.059769	-9.60589
Myo5a	-13.247289	-9.79341
Jdp2	-12.987735	-9.533856
Ptk2	-12.394475	-8.940597
Tmem192	-13.589287	-10.135408
Ccn5	-10.69973	-7.245852
4930430F08Rik	-12.880022	-9.426144
Hltf	-12.275529	-8.8216505
C1ql1	-18.65819	-15.204312
Ebf2	-19.351337	-15.89746
Afdn	-12.245005	-8.791126
Pan2	-13.874874	-10.420996
Tmem81	-15.18726	-11.733381
Igf2bp2	-14.700557	-11.246678
Actl7b	-18.840511	-15.386634
Ran	-10.437518	-6.98364
Mmd	-11.842368	-8.38849
Ppil4	-11.525427	-8.071548
Dpf2	-12.451279	-8.9974
Mocs3	-13.728524	-10.274646
Ndrg3	-12.31051	-8.856631
Gm5577	-16.66576	-13.211882
Gm15232	-16.92359	-13.469711
Rbm45	-13.759108	-10.305229
Cxxc5	-11.839995	-8.386117
Ahctf1	-11.936564	-8.482686
Gm10863	-16.578749	-13.12487
Gm32389	-17.965042	-14.511165
Me1	-11.405546	-7.9516683
Rin3	-13.04994	-9.596062
Aldh5a1	-14.517705	-11.063827
3110001I22Rik	-14.965153	-11.511274
Shox2	-19.351337	-15.89746
1810062G17Rik	-14.536448	-11.082569
Cntrl	-12.689483	-9.235604
Slc51a	-17.191853	-13.737975
E130114P18Rik	-16.18727	-12.733392
Serpina9	-18.252724	-14.798846
Prnp	-11.574943	-8.121064
Gm15535	-15.331956	-11.8780775
Csnk2b	-10.982181	-7.5283027
Smim22	-20.44995	-16.996073
Naa16	-12.438595	-8.984716
Mrpl21	-11.332712	-7.8788342
Zfp383	-13.831211	-10.377333
Cib3	-18.65819	-15.204312
Gm32834	-20.44995	-16.996073
9130024F11Rik	-16.894602	-13.440723
Gm49194	-18.50404	-15.050162
Atrn	-12.404041	-8.950163
Ubap1	-12.623507	-9.169628
Gm19522	-15.5901375	-12.136259
Mcm7	-13.585102	-10.131224
Rwdd3	-15.065455	-11.611577
Slc16a4	-14.881606	-11.427728
Fbxo21	-12.890912	-9.437034
CAAA01066123.1	-17.191853	-13.737975
Dnmt1	-12.700196	-9.246318
Lrrc59	-11.808241	-8.3543625
Pus1	-13.71417	-10.260292
Smtn	-9.145538	-5.6916604
Wasl	-11.134439	-7.6805615
Scube3	-10.566462	-7.1125836
Zfp24	-12.176614	-8.722735
Sephs2	-13.101362	-9.647484
Vps13b	-12.445918	-8.99204
Eef1akmt4	-14.904773	-11.450894
Gm43445	-14.783524	-11.329645
Wiz	-12.562741	-9.108863
Rab26os	-14.088648	-10.634769
Rev3l	-12.173301	-8.719422
Ypel1	-15.777122	-12.323243
Slc35a4	-12.430995	-8.977117
Cmc4	-12.990035	-9.536157
AU015336	-16.019133	-12.565255
Zfp14	-14.515056	-11.061177
Zfp141	-14.292971	-10.839092
Spag5	-16.86643	-13.412553
Ighd	-19.756802	-16.302925
Vdac1	-10.675775	-7.2218966
Gm26672	-16.215843	-12.761965
Cyth3	-11.172512	-7.718634
Gm47210	-17.810892	-14.357015
Ube2q1	-12.0066185	-8.55274
Gm47113	-17.885	-14.431123
Rai14	-14.684759	-11.230881
Fnbp4	-12.388779	-8.9349
Gm29243	-20.44995	-16.996073
Olfr338	-19.063654	-15.6097765
Vac14	-13.352402	-9.898523
Nup62	-13.188725	-9.734847
Gdap1	-16.578749	-13.12487
Nudt1	-14.00741	-10.553532
Fgf18	-16.76107	-13.307192
Hr	-12.953853	-9.499974
Gm19426	-14.499308	-11.045429
Paqr4	-13.200025	-9.746146
Ccdc82	-11.543828	-8.08995
Lysmd1	-13.821909	-10.368031
Mtrr	-14.227374	-10.773496
Cd8b1	-17.965042	-14.511165
Serhl	-13.007458	-9.553579
Mlh3	-13.161022	-9.707144
Eral1	-13.87627	-10.422392
Ppp1r18os	-16.275562	-12.821685
Gm6225	-15.4595175	-12.005639
Ddx3x	-10.260157	-6.8062787
Gm42809	-18.147364	-14.693486
Prdm8	-20.44995	-16.996073
Isl2	-19.756802	-16.302925
Hs6st3	-19.063654	-15.6097765
Vmn1r79	-18.65819	-15.204312
Pank4	-13.326278	-9.872399
Wdr91	-14.023461	-10.569583
6330562C20Rik	-15.325986	-11.8721075
Il3ra	-14.804503	-11.350625
Thoc2	-10.896729	-7.4428515
2010001A14Rik	-13.057302	-9.603424
Idh3b	-11.295228	-7.84135
Stamos	-16.372412	-12.918534
Spats2l	-10.825449	-7.371571
Clca3a2	-18.65819	-15.204312
Baiap2	-14.318724	-10.864845
Gabpb2	-12.055377	-8.601499
Chm	-12.328767	-8.874888
Gm37662	-18.252724	-14.798846
Gm20412	-17.231073	-13.777196
Gm48008	-17.616735	-14.162858
Osbpl5	-12.219906	-8.766027
Gm37612	-15.984042	-12.530164
Gm3248	-16.86643	-13.412553
Neu2	-15.098092	-11.644214
Uso1	-11.383595	-7.9297175
Twsg1	-10.220257	-6.766379
Vps4b	-11.409331	-7.9554534
Gm35166	-18.147364	-14.693486
Ift20	-10.39284	-6.9389625
Kctd9	-13.313467	-9.859589
Sun2	-10.719388	-7.26551
Sfn	-16.260296	-12.806417
Prdm16os	-12.054699	-8.600821
Lmln	-14.575019	-11.1211405
Gdf5	-19.756802	-16.302925
Pde3a	-10.027907	-6.5740294
Nip7	-12.321955	-8.868076
Asb1	-13.310289	-9.856411
Vcpip1	-12.009638	-8.555759
Sh3d19	-11.859135	-8.405256
Clvs1	-17.048752	-13.594874
Gins3	-14.773196	-11.319318
Gm49032	-16.68875	-13.234872
Gm2093	-18.840511	-15.386634
Lamc1	-10.8751745	-7.4212966
Zgrf1	-14.8259325	-11.372054
Dlx6os1	-16.578749	-13.12487
Pidd1	-16.953442	-13.499564
Anapc13	-10.69305	-7.2391725
Cyp4f17	-14.22936	-10.775481
Tub	-12.077089	-8.623211
Nr6a1os	-17.082653	-13.628776
Bbx	-11.053628	-7.59975
Dkk3	-10.243954	-6.790076
Dse	-12.545984	-9.092106
Lars2	-8.914871	-5.460994
Ptcd1	-13.715359	-10.26148
Rpusd3	-14.069828	-10.61595
Med12l	-14.247415	-10.793536
Svbp	-11.280745	-7.8268666
Mark3	-11.656338	-8.202459
Gm10277	-18.370508	-14.916631
Parg	-12.360468	-8.9065895
Hist1h4n	-17.810892	-14.357015
Tubb2b	-16.04323	-12.589353
Plxnd1	-13.445068	-9.99119
Cpsf1	-13.41029	-9.956411
Sept8	-11.993782	-8.539904
Lnpep	-10.091668	-6.63779
Prep	-12.884157	-9.430279
Rnf150	-11.680443	-8.226564
Nop10	-10.229573	-6.7756953
Aldob	-19.756802	-16.302925
Spen	-11.869595	-8.415716
Zfp462	-15.939091	-12.485212
Hars2	-13.061623	-9.607744
Cep55	-16.275562	-12.821685
Grk5	-12.554514	-9.100636
Rps12	-8.051333	-4.5974555
Boc	-12.688631	-9.234753
Gm28792	-18.50404	-15.050162
6330418K02Rik	-13.525338	-10.07146
Cbll1	-12.09504	-8.641162
Cdkl1	-16.578749	-13.12487
Kdm6a	-12.491024	-9.037146
1110051M20Rik	-13.193653	-9.739775
Slc41a2	-13.73578	-10.281901
Zfp101	-13.607266	-10.153388
Gm47257	-18.252724	-14.798846
1700030J22Rik	-15.906655	-12.452777
Sh3pxd2b	-12.354351	-8.900473
Ndst2	-14.257587	-10.803709
Slc2a8	-12.803119	-9.34924
Wnt10b	-19.063654	-15.6097765
Rfxap	-12.390674	-8.936795
Gm30961	-17.965042	-14.511165
Slc31a2	-12.548573	-9.094694
Siah2	-13.099434	-9.6455555
B4galt1	-12.25738	-8.803501
Sub1	-10.44784	-6.993962
Ddx17	-11.046843	-7.5929646
Zdhhc24	-15.070053	-11.616175
Cyp2j9	-18.65819	-15.204312
Otulinl	-19.063654	-15.6097765
Piwil4	-18.840511	-15.386634
Dcaf6	-12.191527	-8.737649
Vps18	-13.554268	-10.1003895
Ctnna3	-12.290289	-8.8364105
Psd	-14.694208	-11.24033
Xcr1	-20.44995	-16.996073
Arhgef10	-12.76839	-9.314511
6030440G07Rik	-19.756802	-16.302925
Odf2	-12.735719	-9.28184
Os9	-11.951532	-8.497654
Swsap1	-14.694208	-11.24033
Gm31087	-16.55813	-13.104252
Lrfn4	-14.08348	-10.6296015
Mrrf	-12.819489	-9.36561
6030442E23Rik	-16.55813	-13.104252
Gm48530	-18.052053	-14.598176
Ube2h	-10.770982	-7.317104
Hps3	-13.213611	-9.759732
S100a11	-8.91163	-5.4577518
Gm20633	-16.518124	-13.064246
4930539J05Rik	-15.344005	-11.890126
Zfp28	-14.603511	-11.149632
Papss2	-13.825885	-10.372006
Aunip	-18.65819	-15.204312
Smim38	-17.885	-14.431123
1700066O22Rik	-18.252724	-14.798846
Gm4631	-14.466014	-11.0121355
Notch2	-11.822827	-8.368949
Gm15737	-14.818738	-11.36486
Stard3	-12.831207	-9.377329
Hist1h2be	-14.116671	-10.662792
Lmntd1	-14.793959	-11.34008
Igf2os	-19.756802	-16.302925
Pcyox1	-12.195161	-8.741282
Slco5a1	-16.786388	-13.33251
Sumf1	-12.468901	-9.015022
Zfp964	-15.2908945	-11.837016
Cep85l	-12.6563635	-9.202485
Aebp1	-8.349977	-4.896099
St3gal6	-13.5155525	-10.061674
Lipt2	-13.724916	-10.271038
Gm38165	-17.616735	-14.162858
Wdfy4	-16.215843	-12.761965
Rspo1	-19.756802	-16.302925
Kif27	-17.405428	-13.95155
Ecscr	-15.805559	-12.351681
Zfp36l1	-9.774343	-6.3204646
Gm44699	-14.026703	-10.5728245
Nuf2	-16.786388	-13.33251
Commd8	-12.047719	-8.593841
Saraf	-10.67811	-7.224232
Gm38150	-18.50404	-15.050162
Kbtbd11	-17.67736	-14.223483
Myo7a	-16.291067	-12.837189
Gtf2h1	-12.286009	-8.83213
Pkp4	-9.858328	-6.40445
Pheta1	-13.590335	-10.1364565
Slc17a5	-12.893522	-9.439644
Zfp429	-14.61222	-11.158341
Prmt5	-12.668394	-9.214516
Notch1	-14.165816	-10.711938
Fmo1	-13.869311	-10.415433
Foxg1	-19.756802	-16.302925
Tmsb10	-10.001961	-6.548083
Snrpa	-11.835993	-8.382114
Brinp1	-18.370508	-14.916631
Vps13a	-11.692953	-8.239075
Rccd1	-13.900299	-10.446421
C030037D09Rik	-15.777122	-12.323243
Cysltr1	-19.351337	-15.89746
Tsku	-16.215843	-12.761965
Chfr	-12.550426	-9.096547
Lypd6	-16.643288	-13.189409
Tmem168	-12.535333	-9.081454
Gm28370	-18.840511	-15.386634
Cacna2d4	-17.231073	-13.777196
Frmd4b	-13.225925	-9.772047
Camk2n1	-10.833944	-7.3800664
Npc1	-12.408537	-8.9546585
Prr5	-19.063654	-15.6097765
Dctn6	-10.60903	-7.155152
Tdrp	-16.389507	-12.935629
Pdzd3	-14.641808	-11.187929
Cmklr1	-14.107829	-10.653951
Gm31786	-17.191853	-13.737975
Slc35g2	-15.224203	-11.770325
Nanos3	-16.339075	-12.885198
Crip1	-8.013365	-4.5594873
L3mbtl4	-20.44995	-16.996073
Jcad	-12.347363	-8.893485
Chrna1os	-13.510696	-10.056818
Ost4	-9.78449	-6.3306117
Spsb4	-14.354126	-10.900248
Svil	-10.149332	-6.695454
Zswim7	-13.189427	-9.735549
Zfp607b	-14.021845	-10.567966
Arfgef3	-16.55813	-13.104252
Cdc37l1	-10.826375	-7.372497
Tbc1d24	-14.924498	-11.470619
Lman1	-11.083547	-7.6296687
Cyren	-13.893171	-10.439293
Bnip2	-9.463607	-6.0097294
Ndufv1	-11.075282	-7.621404
Tchh	-19.756802	-16.302925
Ssb	-10.281179	-6.8273015
Gm12689	-16.260296	-12.806417
Slc24a5	-13.709431	-10.255552
Arhgap27	-17.67736	-14.223483
Gm15655	-16.201454	-12.747577
St3gal3	-13.459694	-10.0058155
Adam32	-17.616735	-14.162858
Mustn1	-9.193647	-5.7397695
Iws1	-11.995271	-8.541392
Tbkbp1	-16.736378	-13.282499
Fopnl	-12.346456	-8.892577
Pam16	-11.379561	-7.9256835
Art4	-13.0892105	-9.635332
Arg2	-19.351337	-15.89746
Gm16172	-19.063654	-15.6097765
Gm43566	-16.355604	-12.901727
Kcns3	-13.421749	-9.967871
Mmp3	-15.473216	-12.019338
Tcn2	-13.081611	-9.627732
Aox3	-18.147364	-14.693486
Pcmtd1	-10.565238	-7.11136
Eif2a	-11.495276	-8.041398
Vstm2b	-12.307014	-8.853136
Ifit1bl1	-18.840511	-15.386634
4930583K01Rik	-18.840511	-15.386634
Atn1	-11.732431	-8.278553
2210010C04Rik	-16.578749	-13.12487
Acadm	-10.675775	-7.2218966
Agbl4	-19.756802	-16.302925
Zfp583	-14.165816	-10.711938
Twist1	-12.064462	-8.610583
Osbpl1a	-11.62542	-8.171541
Atp2a3	-13.101362	-9.647484
Tafa2	-18.052053	-14.598176
Vwa5b2	-18.50404	-15.050162
Paip2	-10.142466	-6.6885877
Coro2a	-20.44995	-16.996073
Magi3	-12.986588	-9.532709
Psd2	-20.44995	-16.996073
Phf11b	-18.65819	-15.204312
Cyb5a	-10.188264	-6.734386
Gm14322	-14.414469	-10.96059
Fbln2	-13.79451	-10.3406315
Lrrc1	-14.6269045	-11.173026
Sec23a	-11.514968	-8.0610895
Lrrc17	-10.984657	-7.5307794
Nav2	-11.120761	-7.666883
Zfp784	-16.0555	-12.601623
Hcrt	-19.756802	-16.302925
Usp19	-11.704984	-8.251105
Msx1	-13.625576	-10.171698
Gm9887	-14.496707	-11.042829
Ccn2	-8.004828	-4.550951
Bc1	-16.424599	-12.97072
Flii	-11.0567045	-7.6028266
Ncor1	-10.053903	-6.6000247
Xrcc4	-12.577114	-9.123236
Exosc8	-12.327579	-8.8737
Trerf1	-14.132786	-10.678907
9530020I12Rik	-17.405428	-13.95155
Gm16104	-19.756802	-16.302925
Slc38a3	-15.605763	-12.151885
4632428C04Rik	-17.885	-14.431123
Fcor	-16.66576	-13.211882
Rasl12	-10.549016	-7.095138
Gm13999	-19.351337	-15.89746
Rab3c	-19.351337	-15.89746
Lgals8	-11.851177	-8.397299
Slitrk2	-20.44995	-16.996073
Bod1l	-10.5274935	-7.0736156
4931423N10Rik	-18.147364	-14.693486
Lamtor5	-10.794603	-7.3407254
Pcdhb2	-16.894602	-13.440723
Esr1	-12.909328	-9.45545
Diras2	-15.4595175	-12.005639
Lrsam1	-14.0010605	-10.547182
Tmem209	-13.386046	-9.932168
9130604C24Rik	-16.372412	-12.918534
Bhlhe41	-12.308761	-8.854882
Pdgfrb	-10.987995	-7.534117
Prkcd	-11.857835	-8.403956
A330032B11Rik	-18.147364	-14.693486
Ggta1	-13.012155	-9.558276
Cfap69	-16.291067	-12.837189
Gm12474	-18.50404	-15.050162
Slc2a10	-13.292214	-9.838336
Sdcbp	-10.594603	-7.1407247
Gm35019	-16.201454	-12.747577
Tedc1	-17.271896	-13.818018
Gpr82	-16.86643	-13.412553
A830018L16Rik	-19.063654	-15.6097765
Gm10544	-19.351337	-15.89746
Gm26876	-18.65819	-15.204312
Gm44623	-16.275562	-12.821685
Tdrd12	-18.840511	-15.386634
Mfn1	-13.024592	-9.570714
Rap2b	-12.840584	-9.386705
Tor3a	-12.994652	-9.540773
Nrbf2	-12.023119	-8.569241
Exosc5	-12.048841	-8.594963
Zfp672	-12.289718	-8.835839
Zfp617	-13.357376	-9.903498
Dcdc2b	-15.083974	-11.6300955
Gm38033	-18.65819	-15.204312
Gm15867	-13.965315	-10.511436
Pbx3	-13.135397	-9.681519
Trp53bp2	-12.518306	-9.064427
Samd10	-14.726365	-11.272487
Srsf11	-10.768731	-7.314853
5430431A17Rik	-13.646445	-10.192567
Gm37963	-17.616735	-14.162858
Klhl40	-15.917351	-12.463472
Snx3	-10.225684	-6.7718062
Lsm6	-11.011916	-7.558038
Prkar2b	-16.275562	-12.821685
Ccno	-15.202926	-11.749047
Oxtr	-18.840511	-15.386634
Areg	-17.616735	-14.162858
Adam19	-13.124801	-9.670922
Eif4a3	-11.535593	-8.081715
Mapk10	-20.44995	-16.996073
Gm29156	-18.052053	-14.598176
Psmd12	-10.930729	-7.476851
2310022B05Rik	-10.506569	-7.052691
Bahd1	-13.900299	-10.446421
Zbtb38	-10.1303215	-6.6764436
4930447N08Rik	-18.840511	-15.386634
Hyou1	-12.686929	-9.23305
Zfp965	-16.812363	-13.358485
Rgs1	-15.268167	-11.814288
Ccdc142os	-15.917351	-12.463472
Gpatch1	-12.788894	-9.335015
Gm26879	-16.031109	-12.577231
Lrrc8b	-16.306814	-12.852937
Tspan2os	-15.074672	-11.620793
Gpr63	-15.917351	-12.463472
Emc10	-10.308588	-6.85471
Gm16132	-18.65819	-15.204312
Anxa2	-10.046142	-6.5922637
Lama3	-16.498707	-13.044828
Mettl22	-13.591385	-10.1375065
Zfp949	-13.236182	-9.782304
Mettl17	-13.471736	-10.017858
Ash2l	-12.400843	-8.946964
Tspan11	-17.405428	-13.95155
Olfr373	-18.370508	-14.916631
Gramd2	-16.372412	-12.918534
Khdc3	-18.50404	-15.050162
Eppk1	-13.707069	-10.253191
Efna4	-14.87022	-11.416342
Gm10824	-18.840511	-15.386634
8030456M14Rik	-15.786511	-12.332633
Ch25h	-17.314455	-13.860578
Wac	-11.008895	-7.555017
Cplane1	-12.340124	-8.886246
Arhgap10	-11.790564	-8.336685
2310001H17Rik	-15.192454	-11.738576
Fbxo32	-10.380694	-6.9268165
Ugp2	-10.9884615	-7.5345836
Mt1	-8.7165165	-5.2626386
Dnmt3l	-20.44995	-16.996073
Tyrobp	-17.154112	-13.700234
Tead2	-14.21358	-10.759702
Gm9895	-16.080502	-12.626624
1600014C10Rik	-13.412045	-9.958166
Il23a	-19.351337	-15.89746
Gm15179	-19.063654	-15.6097765
Ppp5c	-11.991446	-8.537567
Zbtb16	-11.695474	-8.241595
Nop2	-13.344985	-9.891107
Pecam1	-11.948886	-8.4950075
Pcdhb17	-13.820587	-10.366709
Gpr45	-17.405428	-13.95155
Gpr27	-13.386902	-9.933023
Smarce1	-11.312503	-7.858625
Piezo2	-14.290854	-10.836976
Flicr	-18.370508	-14.916631
Tex35	-20.44995	-16.996073
Gm49769	-16.260296	-12.806417
Mme	-15.412997	-11.959119
Plcxd2	-15.393704	-11.939826
Epor	-18.370508	-14.916631
Aasdhppt	-12.243639	-8.789761
Gm38037	-18.147364	-14.693486
Gm29666	-16.953442	-13.499564
Ccdc15	-14.029955	-10.5760765
Mob3c	-13.565463	-10.111585
Gk5	-13.308705	-9.854827
Gm19605	-14.804503	-11.350625
Tars2	-13.09367	-9.6397915
Egr1	-9.4013	-5.947423
Aig1	-11.583933	-8.130054
Gm20457	-16.76107	-13.307192
Gm26674	-19.063654	-15.6097765
Ldb3	-10.924653	-7.470775
Gm29650	-16.09324	-12.639363
Rdh16	-19.351337	-15.89746
Gm33466	-19.756802	-16.302925
Hmgn2	-11.810008	-8.35613
6720427I07Rik	-13.75045	-10.296572
Map3k14	-14.700557	-11.246678
Igf1	-14.50453	-11.050652
1200007C13Rik	-14.684759	-11.230881
Ttc23	-12.948316	-9.494437
Gart	-12.538993	-9.0851145
Prickle1	-13.688377	-10.234499
Nipa2	-11.9517355	-8.497857
Pde8a	-14.700557	-11.246678
Ank	-11.543557	-8.089679
Zfp62	-12.384999	-8.931121
Fam169a	-17.616735	-14.162858
Sash3	-19.756802	-16.302925
Clca2	-20.44995	-16.996073
Zfp51	-14.2077265	-10.753848
Cox19	-11.988481	-8.534602
Snrnp40	-12.58553	-9.131652
Car7	-16.839031	-13.385154
Tjp1	-11.578024	-8.1241455
Gm28959	-17.271896	-13.818018
Osbp2	-16.643288	-13.189409
Uprt	-14.92849	-11.474611
4930544F09Rik	-18.50404	-15.050162
Topbp1	-13.037186	-9.583307
Gm49494	-16.92359	-13.469711
Atg16l1	-12.639192	-9.185313
Crtap	-11.14913	-7.695252
Pcp4	-14.632839	-11.178961
Atp8b1	-10.889517	-7.435639
Grk6	-12.754647	-9.300769
Phf23	-12.517588	-9.063709
6430710C18Rik	-19.756802	-16.302925
Hnrnpa3	-10.064345	-6.6104674
Rrnad1	-13.045062	-9.591184
Btbd6	-12.781389	-9.327511
Spsb3	-12.438595	-8.984716
Cacnb1	-13.880468	-10.42659
C230038L03Rik	-19.756802	-16.302925
Vkorc1l1	-12.55526	-9.101381
Trim24	-12.248838	-8.79496
Wdr55	-13.84872	-10.394841
E130119H09Rik	-20.44995	-16.996073
Mdc1	-13.332745	-9.878866
Polr3e	-13.249525	-9.795647
Fbxl12os	-16.031109	-12.577231
Frzb	-13.188725	-9.734847
Tmem260	-13.141407	-9.687529
Ube2i	-11.049403	-7.5955253
Selp	-19.351337	-15.89746
Tpcn1	-13.460615	-10.006737
Acbd7	-17.965042	-14.511165
Brms1	-13.233975	-9.780097
Oas3	-20.44995	-16.996073
Setd4	-14.656937	-11.203058
Itpkc	-14.257587	-10.803709
Prom1	-19.756802	-16.302925
Cdk12	-11.647127	-8.193249
Slc9a9	-18.65819	-15.204312
Aagab	-13.538203	-10.084325
Fgf7	-15.984042	-12.530164
Adam22	-17.231073	-13.777196
Mrpl33	-9.906031	-6.4521527
Gm17634	-15.758602	-12.304724
Ankzf1	-13.237656	-9.783777
Lrrfip1	-9.262228	-5.8083506
Ppib	-9.472314	-6.018436
Gnao1	-12.585146	-9.131268
Fam222b	-13.046889	-9.593011
Tsg101	-11.931158	-8.47728
Sema4d	-16.230442	-12.776564
Rad21	-11.511418	-8.05754
Chmp1b	-12.723296	-9.269418
Mief2	-14.041421	-10.587543
Rph3al	-18.370508	-14.916631
Duoxa1	-20.44995	-16.996073
Gm29825	-19.756802	-16.302925
Tekt2	-15.1367445	-11.682866
Phactr1	-11.128068	-7.67419
Crb3	-16.55813	-13.104252
A430106G13Rik	-16.372412	-12.918534
Ola1	-11.474067	-8.020188
Wdr35	-12.66091	-9.207031
Atp6v1e1	-10.858779	-7.404901
Epm2a	-13.808768	-10.35489
Gabra2	-20.44995	-16.996073
Olfr330	-15.344005	-11.890126
Slc35g3	-19.351337	-15.89746
Gucy1a2	-14.615139	-11.161261
Ttbk2	-13.080349	-9.626471
Gm11734	-16.76107	-13.307192
Gm39526	-18.147364	-14.693486
Lrrc56	-14.520361	-11.066483
Rplp0	-8.232438	-4.77856
Chadl	-13.736994	-10.283115
Rpl15	-8.444391	-4.9905133
Sh3bgrl2	-17.271896	-13.818018
1700001J03Rik	-19.063654	-15.6097765
Aldh2	-9.519901	-6.0660233
Tmco1	-10.416488	-6.96261
Them4	-13.457853	-10.003975
Kmt5c	-13.861024	-10.4071455
Cr2	-17.7419	-14.288022
Stc1	-14.163952	-10.710073
Gm31108	-18.052053	-14.598176
Pitpnm1	-12.95108	-9.497202
Oser1	-12.414023	-8.960145
Zfp608	-12.876933	-9.423055
Col15a1	-10.289227	-6.8353486
Selplg	-15.84478	-12.390902
Xndc1	-13.535219	-10.081341
Dcn	-12.857584	-9.403706
Zfp641	-13.874874	-10.420996
Ddx31	-14.325267	-10.871388
1500026H17Rik	-13.944166	-10.490288
Pwwp3a	-12.654304	-9.200425
Tspo2	-16.984213	-13.530335
Snapc1	-12.297464	-8.843586
4831440D22Rik	-17.454218	-14.0003395
Poglut3	-11.547903	-8.094025
Taf15	-11.587466	-8.133588
Rdh14	-12.051315	-8.597437
Scube1	-17.015963	-13.562084
Arsa	-13.118236	-9.664357
Dab1	-20.44995	-16.996073
2810410L24Rik	-15.896073	-12.442195
Etaa1	-12.761953	-9.308075
Tsx	-17.965042	-14.511165
Zc3hav1	-13.065961	-9.6120825
Togaram1	-12.593244	-9.139365
Krt1	-18.65819	-15.204312
4931431C16Rik	-20.44995	-16.996073
Hsdl1	-13.2050085	-9.75113
Tcp11l2	-12.488232	-9.034353
Fut2	-18.840511	-15.386634
Osbp	-11.596285	-8.142406
Bmyc	-11.097937	-7.6440587
Cap1	-10.59193	-7.1380525
Gm10244	-17.559578	-14.1057
Syn2	-14.143675	-10.689796
Enpp3	-15.537295	-12.083417
AC154200.1	-18.840511	-15.386634
Kcnab1	-10.425485	-6.9716067
4833412C05Rik	-14.01862	-10.564741
P4ha2	-11.758132	-8.304254
Il17rd	-14.113125	-10.659246
Gnpda1	-13.61369	-10.159812
Gm12216	-15.1367445	-11.682866
Frg1	-11.980897	-8.527019
Yipf3	-11.099761	-7.645883
Prox2	-15.060879	-11.607
Cbx5	-10.835479	-7.381601
Flt1	-12.654304	-9.200425
Rfc4	-13.76409	-10.310211
Fhl1	-9.043174	-5.5892963
Sdc4	-9.969148	-6.5152698
Fndc3b	-10.494249	-7.0403714
Cblc	-16.04323	-12.589353
Timm17a	-10.980481	-7.526603
Tmem150c	-19.756802	-16.302925
Bora	-14.316552	-10.862674
Txnl1	-10.950454	-7.496576
Gm40155	-18.370508	-14.916631
Csf3r	-20.44995	-16.996073
Itgb3	-11.396263	-7.942385
Mis12	-12.871804	-9.417926
2310030G06Rik	-13.721321	-10.267443
Ift46	-11.862112	-8.408234
Sdhc	-10.962433	-7.508555
8430426J06Rik	-20.44995	-16.996073
Ak7	-18.840511	-15.386634
Amdhd2	-13.349098	-9.89522
Rwdd1	-10.337134	-6.8832564
Gm12204	-17.810892	-14.357015
Gps2	-12.027727	-8.573849
Klhl36	-13.99318	-10.539302
Clasp1	-11.971705	-8.517827
Gm36988	-16.479658	-13.02578
Exosc4	-11.917277	-8.463399
Fbrsl1	-12.63313	-9.179252
Pgm3	-13.01865	-9.564772
S100a7a	-15.161683	-11.707805
Agpat2	-12.721094	-9.267216
Pus7	-12.675514	-9.221636
Slc37a4	-13.590335	-10.1364565
Irf6	-20.44995	-16.996073
Pigc	-13.130748	-9.676869
Hist1h2bp	-17.810892	-14.357015
Klhl26	-12.698475	-9.2445965
Gramd3	-12.86112	-9.407242
Clec2d	-12.6355505	-9.181672
Dlc1	-11.183702	-7.7298245
Atr	-13.109763	-9.655885
Cldn10	-19.351337	-15.89746
Dlgap3	-20.44995	-16.996073
Pla2g4c	-18.370508	-14.916631
Nudcd3	-11.0476675	-7.5937896
Irf7	-16.245256	-12.791379
Aip	-11.229462	-7.7755837
Cyb5r2	-18.840511	-15.386634
Nlk	-12.82582	-9.371942
Pdzd11	-12.139535	-8.685657
Inpp5j	-15.670827	-12.2169485
Becn1	-11.728837	-8.274959
Tacc1	-10.307367	-6.8534894
Psma2	-10.153205	-6.699327
Gramd1c	-14.460989	-11.007111
Nrcam	-19.351337	-15.89746
Gm13110	-20.44995	-16.996073
Rap1gap2	-13.138732	-9.684854
Mrto4	-12.159908	-8.70603
Cldn22	-13.031169	-9.577291
Aurkb	-16.55813	-13.104252
A230083N12Rik	-16.953442	-13.499564
Tmem229b	-13.071567	-9.617688
Gm29502	-19.063654	-15.6097765
Gm35021	-20.44995	-16.996073
Dcaf15	-13.99318	-10.539302
Rgma	-12.832683	-9.378804
Mroh2a	-18.50404	-15.050162
Wbp4	-11.015986	-7.5621085
Dcun1d1	-11.8052435	-8.351365
Cercam	-11.736039	-8.282161
Gpc6	-11.219808	-7.7659297
Gse1	-14.523025	-11.069146
Gm48623	-15.713752	-12.259873
Vasp	-10.7657385	-7.3118606
Wdr5b	-14.383842	-10.929964
Amer1	-12.567636	-9.113757
Ambra1	-13.155573	-9.7016945
Ehmt2	-12.166456	-8.712578
Commd3	-11.052632	-7.5987544
Utp11	-11.420652	-7.9667745
Grip2	-12.121983	-8.668104
Psmg1	-12.358323	-8.904445
Ccdc106	-15.84478	-12.390902
Rpl4	-9.051481	-5.597604
Slc30a7	-12.90986	-9.455981
Zmiz2	-12.227934	-8.7740555
Shb	-12.604926	-9.151048
Man2c1	-12.553025	-9.099147
Rpl7a	-8.884375	-5.430497
Serpinf2	-18.50404	-15.050162
Gan	-12.986588	-9.532709
Pip4k2a	-12.248015	-8.794137
H2-Ke6	-11.89008	-8.436202
Gm44982	-16.71228	-13.258402
Snhg4	-12.351611	-8.897733
Pdxk	-12.905089	-9.451211
Gm26873	-18.65819	-15.204312
Thyn1	-12.341628	-8.88775
Tepsin	-14.629868	-11.175989
1700018L02Rik	-16.15949	-12.705612
Aup1	-11.793169	-8.339291
Hmgn5	-11.286806	-7.832928
Art5	-18.147364	-14.693486
Tvp23bos	-15.344005	-11.890126
Gab3	-15.537295	-12.083417
Gm36028	-18.370508	-14.916631
Lrig1	-13.061623	-9.607744
Fancc	-14.451014	-10.997135
Ablim3	-20.44995	-16.996073
Prr15	-13.093032	-9.6391535
Xlr4c	-18.50404	-15.050162
Tmem86a	-13.058535	-9.604656
Gm10638	-13.897442	-10.443563
Sigmar1	-12.275529	-8.8216505
Pikfyve	-12.695897	-9.242019
P2ry2	-13.914709	-10.460831
Timp3	-8.630195	-5.1763167
Gm28424	-18.252724	-14.798846
Zdhhc17	-12.923232	-9.469354
Traf2	-13.181727	-9.727849
Chp1	-11.295016	-7.8411384
H2-Aa	-16.322815	-12.8689375
Cables1	-13.021023	-9.567144
Uba1	-11.183702	-7.7298245
Calm3	-10.645676	-7.1917977
Serpinb9	-12.485099	-9.03122
Plod2	-10.657618	-7.2037396
Rhbdl2	-16.92359	-13.469711
Gm17308	-17.965042	-14.511165
Pcdh18	-13.965315	-10.511436
Cnrip1	-13.183822	-9.729943
Frmd8	-13.856906	-10.403028
Gm47439	-18.052053	-14.598176
Fmod	-15.74042	-12.286542
Cenpu	-15.864983	-12.411104
Lrrc9	-18.252724	-14.798846
Cebpzos	-12.525154	-9.071276
Cnp	-13.772866	-10.318988
Gm10115	-12.667977	-9.214099
Rdm1	-12.098339	-8.644461
Sost	-8.750138	-5.2962604
Inhba	-10.791021	-7.3371434
Zmat4	-20.44995	-16.996073
Mov10	-15.197677	-11.743798
Cep170	-12.191787	-8.737908
Slc39a1	-11.568253	-8.114374
Capn3	-14.167684	-10.713805
Spata1	-14.675399	-11.22152
Rnf24	-12.323728	-8.869849
Fscn2	-16.067923	-12.614045
Plpp5	-12.468217	-9.0143385
Gm30018	-20.44995	-16.996073
Phc2	-12.004897	-8.551019
5730480H06Rik	-12.818519	-9.36464
Efhd2	-11.59657	-8.142692
Atxn7l1	-13.609404	-10.155525
Armc5	-13.177551	-9.723673
Gm50321	-15.79599	-12.342112
Zfp277	-12.769774	-9.315896
Sgcg	-10.059878	-6.6060004
Gm26917	-12.010286	-8.556408
Gm42812	-18.052053	-14.598176
Cox16	-11.126102	-7.6722245
Vipas39	-12.8475485	-9.39367
Kif2c	-16.953442	-13.499564
S100g	-19.756802	-16.302925
Bloc1s1	-10.892339	-7.438461
Thbs1	-13.968373	-10.514495
Plekho2	-11.773192	-8.319314
Ppp6r1	-12.761495	-9.307616
Mib1	-11.559264	-8.105386
Zrsr2	-11.818179	-8.364301
Tgfbr2	-11.44038	-7.986502
Ftl1	-9.83295	-6.3790717
Mkln1	-11.247339	-7.7934613
Pced1a	-14.102561	-10.648683
Gm13715	-19.063654	-15.6097765
Exosc10	-12.495578	-9.041699
Mat2a	-10.758419	-7.304541
0610040J01Rik	-19.756802	-16.302925
Slc12a2	-12.834652	-9.380774
Brox	-12.601016	-9.147138
Zfp772	-14.199975	-10.746097
D430020J02Rik	-15.928162	-12.474283
Ankrd35	-14.130982	-10.677104
Galk1	-11.838174	-8.384295
Efr3a	-10.896872	-7.4429936
Rpl10	-8.2455435	-4.791666
Gm45235	-17.885	-14.431123
Smc4	-11.903781	-8.449903
Atp2b2	-17.314455	-13.860578
Ybx3	-10.472794	-7.0189157
Rfc2	-12.689483	-9.235604
Gm50399	-17.154112	-13.700234
Tmem178b	-18.147364	-14.693486
Eif2ak4	-13.331124	-9.877246
Bivm	-13.800965	-10.347087
Ift88	-13.006287	-9.552408
Gm42679	-19.756802	-16.302925
Chst2	-13.431548	-9.97767
Tcf12	-11.53869	-8.084811
Ilrun	-11.662883	-8.209004
Fhit	-15.487105	-12.033227
Kansl1l	-11.935561	-8.481683
Ctc1	-13.565463	-10.111585
Plek	-15.224203	-11.770325
Slc44a1	-12.6971855	-9.243307
Ppme1	-11.823364	-8.369486
Ndufb9	-9.485898	-6.0320206
Gm36043	-19.756802	-16.302925
Map3k1	-12.598679	-9.1448
Gm20467	-18.370508	-14.916631
Glb1	-12.804552	-9.350674
Gm15503	-17.405428	-13.95155
Med11	-13.356545	-9.902667
Ntf5	-20.44995	-16.996073
Med9	-12.224447	-8.770569
Eif4a1	-10.153779	-6.699901
Rragc	-11.728022	-8.274143
Hnrnph3	-11.385792	-7.931914
Slc20a1	-13.368241	-9.914363
Rab10	-10.559295	-7.105417
Ryr2	-11.630432	-8.176554
Dach1	-14.539153	-11.085275
Tox4	-11.885682	-8.431804
Dmrta2	-16.132462	-12.678583
Gm39458	-18.65819	-15.204312
Ckm	-13.680308	-10.22643
Gm13091	-16.275562	-12.821685
Sh2b2	-17.454218	-14.0003395
Cyp2c23	-18.840511	-15.386634
Ubash3a	-18.370508	-14.916631
Gm28913	-17.231073	-13.777196
Cplane2	-17.616735	-14.162858
4930579P08Rik	-14.726365	-11.272487
Pcx	-14.739523	-11.285645
Sik2	-12.943908	-9.490029
Cdc40	-11.331725	-7.877847
9330175E14Rik	-20.44995	-16.996073
Mpp4	-17.616735	-14.162858
Tmem95	-18.147364	-14.693486
Osbpl3	-10.97111	-7.5172324
Efcab14	-11.586901	-8.133022
Gm16140	-18.052053	-14.598176
Pnpla6	-13.573686	-10.119807
Apeh	-12.711026	-9.257148
Sp110	-13.540196	-10.086318
Nrip3	-17.810892	-14.357015
Lrrc36	-16.984213	-13.530335
Ewsr1	-11.214234	-7.7603564
Narf	-12.797879	-9.344001
Rpp25l	-12.271312	-8.817433
Chrac1	-11.212871	-7.7589927
Med15	-12.046373	-8.592495
Platr1	-19.351337	-15.89746
Gng13	-19.756802	-16.302925
Nap1l4	-11.261855	-7.807977
Gm49027	-18.50404	-15.050162
Fip1l1	-11.620285	-8.166407
4930546K05Rik	-18.052053	-14.598176
Smurf1	-12.758293	-9.304415
Creb5	-10.82169	-7.3678117
Sgtb	-14.347391	-10.893513
Rad23b	-11.5205145	-8.066636
Cmbl	-15.251453	-11.797575
Primpol	-14.132786	-10.678907
Caskin1	-16.145885	-12.692007
Rtn4ip1	-14.829549	-11.37567
Mreg	-14.8080435	-11.354165
Tnfrsf25	-15.065455	-11.611577
Ppp6r3	-11.84182	-8.387941
Sirt2	-11.358619	-7.904741
Omp	-18.840511	-15.386634
Rbm8a	-10.664402	-7.210524
Hs3st3a1	-18.840511	-15.386634
BC065397	-14.395511	-10.941632
Pclo	-14.488945	-11.035067
Rnf169	-13.037789	-9.583911
Gm27030	-15.567148	-12.11327
Atp5md	-9.728557	-6.2746787
Slc22a13	-19.063654	-15.6097765
Adamts12	-14.74284	-11.288961
Whamm	-12.307596	-8.853718
Pnn	-10.877261	-7.423383
Gm43560	-16.09324	-12.639363
Dnajc27	-13.427082	-9.973204
Rrp15	-12.485099	-9.03122
Prkg1	-11.14439	-7.690512
Rnf32	-16.839031	-13.385154
D430036J16Rik	-14.629868	-11.175989
Gm49937	-18.840511	-15.386634
Efnb2	-11.847681	-8.393803
Alpk3	-16.0555	-12.601623
Gm34256	-18.65819	-15.204312
Tek	-18.370508	-14.916631
Aldoa	-9.445486	-5.9916086
Cidea	-11.951532	-8.497654
Tap2	-12.907737	-9.453858
Thsd4	-10.185263	-6.7313848
4930589L23Rik	-16.518124	-13.064246
Tmem63b	-12.200898	-8.74702
Mllt6	-12.458019	-9.004141
Bicdl1	-13.811382	-10.357504
Klf12	-12.8321905	-9.378312
Nacc1	-12.361388	-8.90751
Rbm14	-13.173394	-9.719516
Pgm5	-10.620701	-7.166823
Cttnbp2	-14.310065	-10.856187
Ap2m1	-10.5482645	-7.0943866
Cndp2	-12.719775	-9.265897
Phlda2	-18.147364	-14.693486
A730081D07Rik	-16.953442	-13.499564
Sft2d3	-12.67132	-9.217442
Gm21057	-18.252724	-14.798846
Zbtb32	-19.756802	-16.302925
Ndufc1	-9.772888	-6.3190103
Magi2	-12.484405	-9.030526
Zfp511	-12.336224	-8.882345
Snn	-14.50453	-11.050652
Fgf1	-11.404956	-7.951078
4930405A21Rik	-17.405428	-13.95155
Gm17344	-16.953442	-13.499564
Gm15816	-18.147364	-14.693486
Man2b2	-14.23935	-10.785472
Gak	-12.298905	-8.845027
Fam3c	-11.250873	-7.7969947
Map7d1	-10.399725	-6.945847
Clip2	-14.034853	-10.580975
Supv3l1	-13.823233	-10.369354
Brf1	-12.845553	-9.391675
Tonsl	-15.815221	-12.361342
Txnrd1	-11.800676	-8.346798
Hic1	-17.048752	-13.594874
Cox7a2l	-10.010642	-6.556764
Mogs	-13.186621	-9.732742
Hist1h3d	-17.191853	-13.737975
Gm16568	-20.44995	-16.996073
Clip3	-12.088943	-8.635064
Fut10	-13.863778	-10.4099
Gtf3c2	-12.227128	-8.77325
Arhgef1	-11.719098	-8.26522
Zfpm1	-14.245393	-10.791514
Rufy3	-13.272931	-9.819053
Gm26740	-20.44995	-16.996073
Casp8ap2	-12.102834	-8.648955
Snx25	-13.910364	-10.456486
Klk10	-19.063654	-15.6097765
Cdca4	-13.74799	-10.294111
Tmem68	-13.004533	-9.550654
H3f3aos	-16.518124	-13.064246
Fam83e	-17.405428	-13.95155
Mtfr2	-17.616735	-14.162858
Ppa1	-11.997616	-8.543737
Zfp385c	-16.230442	-12.776564
Gm42596	-18.840511	-15.386634
Mrpl12	-11.41206	-7.958182
Sec61a1	-11.390316	-7.936438
Syt2	-15.995603	-12.541724
Trmt10b	-12.878991	-9.425113
Nat8	-19.756802	-16.302925
2810002D19Rik	-13.570594	-10.116715
Golph3l	-12.72462	-9.270741
Sync	-11.548856	-8.094977
Wdr89	-12.02137	-8.567492
Rad1	-13.061623	-9.607744
Gm14435	-17.810892	-14.357015
Rasal2	-11.769109	-8.31523
Dnttip1	-12.100466	-8.646587
Plk2	-13.969906	-10.516027
Ptgfrn	-12.79314	-9.339262
Phf7	-13.824557	-10.370679
Mpc1	-9.85878	-6.404902
Ibsp	-15.69636	-12.242481
Gm17224	-17.965042	-14.511165
C130071C03Rik	-17.7419	-14.288022
Uhrf1bp1l	-11.417541	-7.9636626
Pum3	-12.368166	-8.914288
Fam71d	-18.65819	-15.204312
Pnisr	-10.636278	-7.1824
Smim18	-18.147364	-14.693486
Gm16062	-14.936522	-11.482643
Gm16278	-18.252724	-14.798846
Dazl	-18.840511	-15.386634
Gm31592	-18.370508	-14.916631
Psmd9	-12.303531	-8.849652
Lfng	-17.015963	-13.562084
Cdh16	-15.240464	-11.786586
Cbfa2t2	-12.815129	-9.361251
Zfp280d	-12.029489	-8.57561
Manf	-10.5935545	-7.1396766
Cct5	-10.55515	-7.101272
2310057M21Rik	-12.824355	-9.370477
Cntrob	-14.517705	-11.063827
Gm26822	-17.810892	-14.357015
Cfap77	-19.351337	-15.89746
Gm13305	-18.50404	-15.050162
Zfp810	-13.197896	-9.744018
4933422A05Rik	-19.063654	-15.6097765
Gm44710	-15.432671	-11.978792
Cd83	-18.65819	-15.204312
Rassf10	-17.965042	-14.511165
Decr1	-12.089644	-8.635766
Col3a1	-8.429635	-4.975757
C1galt1c1	-12.2430935	-8.789215
Tmem35a	-13.631026	-10.177148
Taf6	-12.7469425	-9.293064
Ajm1	-16.537928	-13.084049
Coil	-13.568539	-10.11466
Phkg2	-12.908797	-9.454919
Casp2	-13.715359	-10.26148
Vmn2r113	-19.351337	-15.89746
Olfr267	-16.291067	-12.837189
Prr12	-12.275248	-8.821369
Gm44040	-19.063654	-15.6097765
Hoxd3	-19.756802	-16.302925
Trak2	-11.663493	-8.209615
Thnsl1	-13.844652	-10.390774
Sdha	-11.032921	-7.579043
CT009536.1	-18.65819	-15.204312
Rabgap1l	-11.989539	-8.535661
Uba5	-11.409568	-7.95569
Gm17167	-13.511665	-10.057787
Pds5a	-11.903004	-8.449125
Ttc38	-13.592436	-10.138557
Gm50232	-15.432671	-11.978792
Gm17233	-19.351337	-15.89746
Lrrc24	-16.132462	-12.678583
Terb1	-18.50404	-15.050162
Zfp592	-12.740642	-9.286763
Pigyl	-10.975785	-7.5219073
Mtfr1l	-11.602591	-8.148712
Zfp36	-11.511288	-8.057409
8430432A02Rik	-16.786388	-13.33251
Dapk2	-11.837265	-8.383387
Noct	-14.154684	-10.700806
9330175M20Rik	-19.063654	-15.6097765
Cavin1	-9.4353285	-5.981451
Tsen2	-13.46246	-10.008581
Alkbh8	-12.447591	-8.993712
Bsg	-9.672516	-6.218638
Pus7l	-14.499308	-11.045429
Tbc1d10c	-17.454218	-14.0003395
C1qtnf1	-13.150828	-9.69695
Galk2	-13.672303	-10.218425
Bdnf	-12.142984	-8.689106
Zfp180	-13.071567	-9.617688
Slc25a10	-14.1583805	-10.704502
Ppp1r12a	-8.59342	-5.1395426
Lmbrd2	-12.434293	-8.980414
Gnl1	-12.120774	-8.666896
Hoxb2	-11.955412	-8.5015335
Phka2	-12.8103075	-9.356429
Ntn1	-11.227286	-7.7734084
Iah1	-11.906699	-8.452821
Cd96	-18.840511	-15.386634
March1	-20.44995	-16.996073
Gm15551	-15.337962	-11.884084
Hmgb2	-12.239825	-8.785947
Nek4	-13.766589	-10.312711
Upf3a	-11.614885	-8.161007
Gm9828	-16.007298	-12.55342
Cdc42bpg	-15.007532	-11.553654
Gm42567	-18.65819	-15.204312
Cux2	-16.71228	-13.258402
Gm15852	-18.50404	-15.050162
Ifrd2	-12.628708	-9.1748295
Hoxd10	-20.44995	-16.996073
Slc25a16	-12.559742	-9.105864
Gm33051	-17.885	-14.431123
Ccdc73	-13.926388	-10.472509
3300005D01Rik	-19.351337	-15.89746
C630043F03Rik	-14.8740015	-11.420123
E130102H24Rik	-12.845056	-9.391177
Myrf	-13.309497	-9.8556185
Pkp1	-19.351337	-15.89746
Slc7a3	-17.885	-14.431123
Gas2l1	-11.839813	-8.385935
Gm4285	-15.722562	-12.268683
Gm48653	-18.052053	-14.598176
Gm50322	-17.810892	-14.357015
Pcdh1	-17.559578	-14.1057
Ift27	-11.652402	-8.1985235
Phf11d	-14.261686	-10.807808
Kcnn4	-18.50404	-15.050162
Fam81a	-11.345304	-7.8914256
1110002O04Rik	-18.147364	-14.693486
Sh3yl1	-15.240464	-11.786586
E2f3	-13.684911	-10.231032
Klhl4	-20.44995	-16.996073
Ctcf	-11.236016	-7.7821383
Cep350	-11.584497	-8.130619
Farsa	-12.512575	-9.058697
Ccdc134	-13.496265	-10.042387
Frat1	-16.68875	-13.234872
Usp9y	-19.351337	-15.89746
Gm14011	-19.756802	-16.302925
Fads2	-12.155901	-8.702023
Baat	-19.351337	-15.89746
Kbtbd6	-17.154112	-13.700234
AV099323	-16.132462	-12.678583
Cyb5rl	-14.381524	-10.927646
Gm38250	-16.92359	-13.469711
Ube2l6	-14.259635	-10.805757
Plekha1	-11.159782	-7.7059045
Ttl	-12.4082155	-8.954337
Slc25a12	-12.546353	-9.092475
Gm4779	-18.840511	-15.386634
Fam149b	-12.202207	-8.748328
Gm16701	-17.7419	-14.288022
4930503L19Rik	-13.299249	-9.84537
Kcnj13	-16.66576	-13.211882
Arfip1	-11.737848	-8.28397
Rpl11	-8.52855	-5.0746727
Dusp27	-13.954684	-10.500806
Cep162	-12.679727	-9.225848
Gm27232	-18.65819	-15.204312
Ndufa2	-9.35673	-5.902853
C130050O18Rik	-16.66576	-13.211882
Zkscan7	-14.678509	-11.22463
Bicc1	-14.471065	-11.017186
Zfp652os	-15.834829	-12.380951
Wnt4	-15.758602	-12.304724
Gm14540	-18.840511	-15.386634
Amot	-14.986118	-11.53224
Zfp991	-13.98692	-10.533042
Ly6g6d	-13.9884815	-10.534603
Gm12166	-16.339075	-12.885198
Ppm1f	-13.795797	-10.341919
Ifnar1	-12.739297	-9.2854185
Adcy8	-16.894602	-13.440723
Tmem43	-11.385676	-7.9317985
Supt7l	-13.435136	-9.981257
Tgm4	-18.147364	-14.693486
Btk	-20.44995	-16.996073
Snap23	-11.241812	-7.787934
Sat2	-13.163758	-9.70988
Rpl8	-8.241505	-4.787627
Qdpr	-12.007265	-8.553387
Rbbp5	-13.579897	-10.126019
Ttc13	-13.273696	-9.819818
Poll	-13.999479	-10.545601
Rps11	-8.331512	-4.8776345
G730003C15Rik	-15.387355	-11.933476
Rarres2	-9.112807	-5.65893
Atg101	-12.239011	-8.785132
Akap6	-11.447495	-7.9936175
P4ha1	-11.284817	-7.830939
D430019H16Rik	-15.400094	-11.946216
Akr1e1	-12.384685	-8.930806
Gm20163	-18.052053	-14.598176
Srrm2	-9.967969	-6.514091
Patl1	-13.351575	-9.8976965
Mllt11	-12.425415	-8.971537
Ppp4r3b	-11.501754	-8.047875
Bid	-15.777122	-12.323243
Dpf1	-14.23135	-10.777472
Kcne1l	-19.351337	-15.89746
Stard3nl	-11.811424	-8.357546
Tecr	-10.376382	-6.922504
6430573P05Rik	-14.443597	-10.989718
Nek11	-20.44995	-16.996073
Snhg6	-11.521442	-8.067564
Hk1	-12.333533	-8.879655
Esyt3	-19.756802	-16.302925
Trmt112	-10.831082	-7.3772044
Cdkn2a	-18.052053	-14.598176
Zp1	-18.50404	-15.050162
Btaf1	-12.304111	-8.850232
Med18	-14.710157	-11.256279
Snhg10	-14.515056	-11.061177
Arrdc2	-13.765339	-10.3114605
Gm26911	-19.063654	-15.6097765
Cirbp	-11.283353	-7.829475
Acat1	-10.962963	-7.509085
Zfp811	-15.637766	-12.1838875
Supt20	-11.964042	-8.510163
Mpped2	-12.658427	-9.204549
Atad5	-13.927857	-10.473979
Dock10	-12.0734	-8.619521
Ankrd9	-11.808771	-8.354893
Fam76b	-12.258487	-8.804608
Tbc1d25	-14.3209	-10.867022
Nectin2	-13.740645	-10.286767
Msl3l2	-13.370766	-9.916887
Icam4	-17.191853	-13.737975
Fzd5	-12.932973	-9.4790945
Spr	-11.215307	-7.7614293
Cck	-13.781722	-10.327844
Gpr39	-16.275562	-12.821685
Src	-12.741539	-9.287661
Ampd1	-18.840511	-15.386634
Gstm1	-9.282109	-5.828232
5330439B14Rik	-18.50404	-15.050162
Phf13	-13.400695	-9.946816
Rbm38	-13.741866	-10.287988
Mprip	-10.577128	-7.1232505
Rpgrip1	-13.797087	-10.343208
Dag1	-10.101136	-6.6472583
Olfml2b	-10.949331	-7.4954534
Dreh	-18.65819	-15.204312
Cuedc1	-11.275133	-7.821255
Utp14b	-13.919072	-10.465194
Ciao3	-13.233975	-9.780097
Gstk1	-12.548573	-9.094694
Sppl2b	-13.194359	-9.74048
Pm20d2	-14.483804	-11.029925
Slamf1	-17.559578	-14.1057
Cep44	-13.178942	-9.725063
Bfsp1	-15.3562	-11.902322
Pou6f1	-13.605135	-10.151257
Surf2	-12.358323	-8.904445
Meg3	-10.70259	-7.248712
Pde6a	-15.961314	-12.507436
Unc13a	-16.201454	-12.747577
Klhl13	-12.496281	-9.042402
Gimap1	-20.44995	-16.996073
Tmem88b	-18.252724	-14.798846
Gm28651	-17.810892	-14.357015
Aqp7	-18.052053	-14.598176
Specc1	-11.499547	-8.045669
Kpna6	-12.11644	-8.662561
Gm36486	-18.840511	-15.386634
2010204K13Rik	-16.621307	-13.16743
Styxl1	-17.191853	-13.737975
B130034C11Rik	-15.864983	-12.411104
Has1	-16.86643	-13.412553
Cfap57	-18.147364	-14.693486
Calml4	-14.342927	-10.889049
Skp2	-14.154684	-10.700806
Itih4	-10.557878	-7.1039996
Top3a	-14.22936	-10.775481
Gm14296	-13.835224	-10.381346
Chsy3	-12.613185	-9.159307
Gm13375	-14.932497	-11.478619
Hgh1	-14.340703	-10.886825
Chid1	-13.091757	-9.637878
Gm40617	-19.063654	-15.6097765
Prim1	-13.262293	-9.808414
Alg12	-13.740645	-10.286767
Pgm2	-13.701191	-10.247313
Cdk18	-19.351337	-15.89746
1700025G04Rik	-13.091119	-9.63724
Ccdc88b	-18.840511	-15.386634
Gorab	-12.67804	-9.224161
Gfra3	-19.756802	-16.302925
Usp1	-11.923401	-8.469522
Gm13179	-18.252724	-14.798846
Ptges3l	-11.886446	-8.432568
Gm44777	-14.900874	-11.446996
Zfp955a	-13.540196	-10.086318
Tifa	-14.641808	-11.187929
Mapk9	-12.384999	-8.931121
Ggn	-16.424599	-12.97072
Insc	-17.67736	-14.223483
Lactb2	-12.386888	-8.933009
Ndufa4l2	-16.894602	-13.440723
Fam168a	-11.353227	-7.8993487
H2-D1	-10.439538	-6.98566
Capn13	-16.621307	-13.16743
Syngap1	-14.986118	-11.53224
Pms1	-14.858963	-11.405085
Cuta	-10.845003	-7.391125
Sema6d	-15.95014	-12.496262
Epha2	-17.314455	-13.860578
Ccdc22	-13.074068	-9.62019
Tspyl1	-11.720715	-8.266836
Srebf2	-11.596142	-8.142263
Abl1	-11.986791	-8.532912
2810006K23Rik	-12.941711	-9.487833
Sugp2	-13.421749	-9.967871
Ryr3	-17.965042	-14.511165
Fbxw10	-14.597748	-11.143869
Gm7072	-13.067825	-9.613947
Tmem30c	-18.65819	-15.204312
Atp8b2	-12.89039	-9.436512
Ccdc33	-17.048752	-13.594874
Rbp2	-20.44995	-16.996073
Colec11	-15.273801	-11.819922
Slco2b1	-18.65819	-15.204312
Msh4	-17.7419	-14.288022
Gm7008	-16.372412	-12.918534
Usp27x	-15.65416	-12.200281
Pigu	-13.325472	-9.871593
Coasy	-13.2093	-9.755422
Gadd45b	-10.307052	-6.8531737
Wwc2	-11.195785	-7.7419066
Tafa5	-13.423523	-9.969645
Scarf2	-11.647277	-8.193398
Tnk2	-12.244732	-8.7908535
Rps6ka4	-14.7362175	-11.282339
Tmem106b	-10.955032	-7.5011544
Zfand5	-10.502876	-7.0489984
9130008F23Rik	-13.28137	-9.827492
Rgs20	-19.756802	-16.302925
Hjurp	-12.097396	-8.6435175
Cep83	-12.490674	-9.036796
Hecw2	-15.5901375	-12.136259
Tgtp2	-18.840511	-15.386634
Optc	-10.275596	-6.8217177
Prmt6	-14.068134	-10.614256
Senp8	-14.205783	-10.7519045
Kctd18	-13.506827	-10.052949
Gm12353	-18.50404	-15.050162
Pclaf	-15.705018	-12.25114
Mbd5	-12.446921	-8.993043
Golph3	-11.746278	-8.292399
Wdr74	-12.432313	-8.978435
Tmem255b	-20.44995	-16.996073
Vta1	-12.167214	-8.713336
Mob3a	-12.711462	-9.257584
Use1	-10.694441	-7.240563
Prrg4	-19.063654	-15.6097765
Sat1	-10.020197	-6.566319
Lrrc41	-12.595957	-9.142078
5730414N17Rik	-15.3562	-11.902322
D830026I12Rik	-15.047273	-11.593394
Mamdc4	-17.231073	-13.777196
Aif1	-18.252724	-14.798846
Rap1gap	-15.487105	-12.033227
Rpl26	-8.067717	-4.6138387
Esyt2	-10.094877	-6.6409993
Fam174a	-11.203856	-7.7499785
Cd86	-19.351337	-15.89746
Atp5g1	-9.751526	-6.297648
Myom3	-14.977679	-11.523801
Slc2a4	-13.35904	-9.905162
Crebbp	-10.89943	-7.4455523
Chst14	-13.306333	-9.852454
Gm29325	-19.351337	-15.89746
Ust	-12.482324	-9.028445
Gcdh	-13.021617	-9.567739
Sun1	-12.075012	-8.621134
Tmem199	-12.917862	-9.463984
Gm34150	-18.252724	-14.798846
Vgll3	-11.749602	-8.295724
Ptdss2	-12.751468	-9.297589
Smarca1	-13.674584	-10.220706
Mcf2l	-18.147364	-14.693486
Sprn	-16.786388	-13.33251
Tex261	-11.684024	-8.230145
Adm	-11.842003	-8.388124
Gm5427	-19.351337	-15.89746
Gm15902	-18.252724	-14.798846
Ift140	-13.678015	-10.224136
Spata48	-19.756802	-16.302925
Ppp1r15a	-11.398136	-7.944258
Rnf207	-15.432671	-11.978792
Ror2	-19.756802	-16.302925
Ddi2	-11.588458	-8.13458
Gm49334	-14.780069	-11.326191
Gm20732	-16.275562	-12.821685
Mapk8ip3	-12.416941	-8.963062
Kif20a	-16.080502	-12.626624
Usp51	-17.191853	-13.737975
Ipp	-13.916162	-10.462283
Tmed4	-11.494502	-8.040624
Hace1	-13.302391	-9.848513
Gm4788	-19.351337	-15.89746
Pebp4	-19.063654	-15.6097765
Zbed5	-14.98189	-11.528011
Ldhd	-14.05971	-10.605831
Nol10	-13.808768	-10.35489
Rasa1	-11.759981	-8.306103
Slc7a6	-13.003365	-9.549486
Kbtbd4	-13.500093	-10.046215
Plaat3	-12.759665	-9.305786
Nmral1	-13.803559	-10.349681
Stap2	-19.063654	-15.6097765
Creb3l4	-15.629668	-12.17579
Ptprd	-10.777261	-7.323383
Eif3i	-10.264371	-6.810493
Ccdc62	-14.632839	-11.178961
Mrpl35	-11.69311	-8.239232
mt-Nd4	-7.236476	-3.7825985
Thsd1	-18.252724	-14.798846
C1qbp	-11.495405	-8.041527
Gcc1	-13.84872	-10.394841
Tmc7	-16.66576	-13.211882
Gm48908	-17.048752	-13.594874
Parm1	-11.950717	-8.496839
Gm12728	-17.405428	-13.95155
Tusc3	-11.796479	-8.342601
Itm2c	-10.575943	-7.122065
Gm48610	-19.351337	-15.89746
Upp2	-12.6335335	-9.179655
2700097O09Rik	-13.51458	-10.060701
Rundc3b	-20.44995	-16.996073
Zfp691	-15.020604	-11.566726
Gm11583	-19.063654	-15.6097765
Gm553	-19.351337	-15.89746
Nudt12	-14.149164	-10.695286
Pcdhb14	-13.820587	-10.366709
Ccdc121	-17.015963	-13.562084
Gm26749	-16.812363	-13.358485
Gm43666	-18.370508	-14.916631
Phtf2	-11.12959	-7.675712
Rgs6	-15.3562	-11.902322
Cdh5	-18.50404	-15.050162
Ackr3	-14.804503	-11.350625
Gm17146	-16.839031	-13.385154
Gm38190	-14.881606	-11.427728
Hmgxb4	-12.17738	-8.723501
Trim35	-12.138552	-8.684673
Smpd3	-15.95014	-12.496262
Med12	-12.382174	-8.928295
Vps11	-12.658427	-9.204549
Nus1	-11.726719	-8.2728405
Otud1	-11.001459	-7.547581
Gm26756	-17.67736	-14.223483
Csnk2a2	-11.777122	-8.323243
Gm11110	-15.13183	-11.677952
Apaf1	-13.802261	-10.348383
Isoc1	-13.220837	-9.766958
Smad4	-11.2885895	-7.8347116
Gm47956	-17.454218	-14.0003395
Fam83h	-17.314455	-13.860578
Zfp574	-13.601945	-10.1480665
Rabggta	-13.791939	-10.33806
Hsd11b1	-18.052053	-14.598176
Stx6	-12.998128	-9.54425
Cabp1	-17.154112	-13.700234
Syt12	-16.15949	-12.705612
Carnmt1	-12.136343	-8.682465
Gm35110	-17.810892	-14.357015
Neu3	-14.310065	-10.856187
Dpm1	-10.890926	-7.4370484
Mapre3	-11.988058	-8.53418
E2f5	-12.557498	-9.10362
Gdpd1	-13.5029745	-10.049096
Gm16576	-14.259635	-10.805757
Ptpn1	-11.88511	-8.4312315
Gm10125	-14.691049	-11.23717
Babam1	-11.802079	-8.348201
Bcl3	-17.50551	-14.051633
Dhx36	-11.1578455	-7.7039676
Gm5244	-19.756802	-16.302925
Slitrk6	-19.351337	-15.89746
Gm9993	-14.678509	-11.22463
Ubald2	-11.699426	-8.245547
4930517E14Rik	-16.479658	-13.02578
Akr1b8	-14.107829	-10.653951
Ccng1	-11.944425	-8.490546
Junos	-15.74042	-12.286542
Cdk19os	-16.953442	-13.499564
Slc45a1	-19.756802	-16.302925
Tbc1d16	-13.537208	-10.083329
Mcat	-13.436034	-9.982156
Unc119	-11.9517355	-8.497857
Gabre	-12.949973	-9.496095
Babam2	-12.354351	-8.900473
H2afj	-10.558282	-7.104404
Ttc7b	-12.175338	-8.721459
Gm50105	-19.063654	-15.6097765
Gm13783	-19.063654	-15.6097765
Rbck1	-11.884157	-8.430279
Rassf5	-15.662458	-12.20858
Kbtbd2	-12.675095	-9.221216
Rpp40	-13.539199	-10.08532
Ctsc	-11.792821	-8.338943
Bbs12	-14.739523	-11.285645
Polr2j	-11.074011	-7.620133
Cdkal1	-12.651427	-9.197549
Atp6v0c	-9.931034	-6.477156
Rpl9	-8.106022	-4.652144
Mapkapk2	-11.769618	-8.31574
Grm1	-18.147364	-14.693486
Gm26510	-18.370508	-14.916631
4933405L10Rik	-19.351337	-15.89746
Ankfy1	-12.592083	-9.138205
Slc8a3	-14.944618	-11.49074
Gzma	-19.351337	-15.89746
Prr5l	-13.407664	-9.953786
Eif3c	-10.121097	-6.6672187
Samd8	-12.8321905	-9.378312
Frat2	-14.621004	-11.167126
Msantd2	-12.822406	-9.368527
Exoc3l	-18.840511	-15.386634
Smarcc2	-11.485639	-8.03176
Gm29064	-18.65819	-15.204312
Mettl9	-11.583933	-8.130054
Gm36738	-17.405428	-13.95155
Zdhhc7	-13.14409	-9.690211
Gm527	-14.428926	-10.975048
Tnfsf13b	-17.405428	-13.95155
Ppp1r1a	-14.071524	-10.617645
Lrp4	-16.66576	-13.211882
Mrps17	-11.413487	-7.9596095
Ptchd4	-16.291067	-12.837189
Ccdc17	-15.452738	-11.998859
Ccdc88a	-10.788406	-7.3345284
Cdk20	-14.885429	-11.431551
Gm15201	-16.92359	-13.469711
Zfp704	-11.031945	-7.5780673
Xlr3a	-16.953442	-13.499564
Tmem158	-15.705018	-12.25114
Csnk1g2	-11.223737	-7.769859
Avpi1	-11.649686	-8.195807
Adssl1	-12.564244	-9.110366
Lrrfip2	-11.460755	-8.006877
Nrbp2	-12.382487	-8.928609
Eif4h	-10.861105	-7.407227
Dcaf12	-12.413377	-8.959498
Gm15886	-18.65819	-15.204312
Hist1h4m	-18.147364	-14.693486
Gadd45a	-13.541195	-10.0873165
Lrguk	-19.063654	-15.6097765
Gm15987	-19.756802	-16.302925
Alkal2	-17.965042	-14.511165
A030001D20Rik	-14.265801	-10.811923
D6Ertd527e	-17.559578	-14.1057
Rab12	-10.739259	-7.285381
Pfkfb2	-14.8080435	-11.354165
Klhdc4	-13.3955	-9.941622
Gm50358	-18.370508	-14.916631
Pex2	-12.550426	-9.096547
Serf1	-12.287719	-8.83384
Taf7	-12.311093	-8.857215
Ice2	-13.473602	-10.019724
Fam204a	-11.929163	-8.475285
Adamtsl5	-11.353562	-7.8996844
Camk2n2	-14.463498	-11.00962
C1qb	-16.372412	-12.918534
Plekho1	-10.620163	-7.166285
Cope	-10.513512	-7.0596337
2510002D24Rik	-11.82462	-8.370742
Yeats4	-11.885301	-8.431422
Cdiptos	-17.67736	-14.223483
Galnt10	-14.732923	-11.279044
Spire1	-12.629511	-9.175632
A630052C17Rik	-15.197677	-11.743798
Nxph4	-18.370508	-14.916631
Cebpz	-11.362117	-7.908239
Arhgap24	-12.566504	-9.112625
1700065D16Rik	-19.063654	-15.6097765
Wipf2	-12.4362755	-8.982397
Necab1	-20.44995	-16.996073
Tmem208	-11.416347	-7.9624686
Ftsj3	-12.745138	-9.29126
Ncdn	-13.235446	-9.781568
Il10rb	-12.531322	-9.077443
Gm17080	-18.370508	-14.916631
Nucks1	-10.62383	-7.169952
Ndor1	-13.85417	-10.400291
Orc5	-13.894593	-10.440715
Otud7b	-11.854686	-8.400807
Zkscan17	-13.225197	-9.771318
Slc46a2	-16.621307	-13.16743
Gm47096	-18.840511	-15.386634
Acbd4	-12.065146	-8.611268
Urb1	-13.346628	-9.89275
Dnmt3a	-11.5095825	-8.055704
Angptl7	-17.015963	-13.562084
Ulk3	-14.550053	-11.096174
Bmerb1	-19.756802	-16.302925
Mrgprh	-19.351337	-15.89746
Eif4b	-10.969811	-7.5159335
Adra2c	-19.063654	-15.6097765
Spata24	-13.702364	-10.248486
Wdr86	-18.65819	-15.204312
Abitram	-13.500093	-10.046215
Saysd1	-11.987002	-8.533124
Med4	-12.277221	-8.823342
Ralgds	-14.829549	-11.37567
Gm15915	-16.479658	-13.02578
Enpp5	-12.469584	-9.015706
A130010J15Rik	-14.719851	-11.265972
Cpsf7	-12.204041	-8.750162
A030014E15Rik	-19.063654	-15.6097765
Gm42997	-17.7419	-14.288022
Cep250	-12.975178	-9.521299
Cd302	-11.297345	-7.843467
Srf	-12.653481	-9.199602
Tubd1	-14.24136	-10.787481
Lars	-11.378986	-7.9251084
St3gal4	-13.325472	-9.871593
Tspan4	-11.268318	-7.8144403
Ifit3	-13.698849	-10.24497
Tmsb4x	-5.9141173	-2.46024
Ctbp1	-11.343527	-7.889649
Ndufa12	-10.389288	-6.93541
Stk11	-11.316599	-7.862721
Dennd3	-14.700557	-11.246678
Zfp952	-13.491502	-10.037623
Gm10643	-14.944618	-11.49074
Naaa	-13.042026	-9.588147
Pitpnm2os2	-17.559578	-14.1057
Rilpl1	-11.614304	-8.160425
Ndrg2	-10.255025	-6.801147
Nefm	-16.812363	-13.358485
Pcdhgc3	-13.676869	-10.222991
Txndc12	-12.383429	-8.92955
Ciapin1	-12.667977	-9.214099
Zfp623	-14.154684	-10.700806
Wdr5	-13.457853	-10.003975
Galnt12	-16.275562	-12.821685
Chmp2b	-11.368353	-7.914475
Pdzd2	-12.031032	-8.577153
Gm26569	-16.984213	-13.530335
Pi4k2a	-12.236839	-8.782961
Abca8a	-16.275562	-12.821685
Rlf	-11.917081	-8.463202
Mtg1	-13.47922	-10.025342
Nlgn3	-14.0938425	-10.639964
Ints12	-13.228114	-9.774236
Gm4356	-14.786989	-11.333111
Sash1	-11.786926	-8.333048
Gm45051	-14.400217	-10.946339
Gm29154	-18.147364	-14.693486
Ndufaf5	-13.552245	-10.098367
Kiz	-12.595569	-9.14169
Tbr1	-18.840511	-15.386634
Pkd1l3	-19.756802	-16.302925
Tent4a	-12.223109	-8.769231
Dusp11	-10.986674	-7.5327964
Ccdc127	-11.454165	-8.000287
Rps6ka2	-14.877796	-11.423918
Ttll5	-13.379226	-9.925347
Dguok	-11.52237	-8.068492
Uckl1	-12.547462	-9.093584
mt-Atp8	-9.481941	-6.028064
Lax1	-14.783524	-11.329645
Npl	-19.351337	-15.89746
4930432B10Rik	-16.145885	-12.692007
Gsc	-14.804503	-11.350625
Loxl2	-12.63313	-9.179252
Acer2	-15.961314	-12.507436
Rbp1	-8.8796425	-5.425765
Klhdc8b	-11.76234	-8.308461
Slc25a23	-11.278039	-7.824161
Snapc2	-12.781389	-9.327511
4930500F10Rik	-18.147364	-14.693486
Fgd2	-19.756802	-16.302925
Sox5os3	-19.063654	-15.6097765
Iqgap3	-16.04323	-12.589353
P2rx1	-12.353742	-8.899863
Hoxa3	-12.242003	-8.788125
Enox2	-13.051776	-9.597898
Acsl6	-17.154112	-13.700234
Slc22a17	-13.380927	-9.927049
Ccdc50	-10.801354	-7.3474765
Gm5426	-18.65819	-15.204312
Safb2	-11.919249	-8.46537
Gripap1	-12.235485	-8.781607
Gm13554	-18.65819	-15.204312
Stx16	-12.302662	-8.8487835
Nkain1	-20.44995	-16.996073
Fn3krp	-14.786989	-11.333111
Xlr	-14.255545	-10.801666
Clec14a	-15.13183	-11.677952
Ndc1	-13.85008	-10.396201
C230034O21Rik	-17.454218	-14.0003395
Cngb1	-17.405428	-13.95155
Fbxo44	-13.930802	-10.476924
Ints10	-13.194359	-9.74048
Ptrh1	-14.048033	-10.594154
Sumo2	-9.705283	-6.2514052
Robo1	-15.786511	-12.332633
Bcl2l13	-13.247289	-9.79341
Stbd1	-10.5104685	-7.0565906
Gm12963	-16.839031	-13.385154
Katnal1	-13.096228	-9.642349
Zkscan6	-13.985362	-10.531484
Slc12a3	-19.063654	-15.6097765
Msantd1	-16.372412	-12.918534
Mesp2	-19.351337	-15.89746
Cers1	-17.7419	-14.288022
Il2rb	-16.230442	-12.776564
Aldh1a3	-18.052053	-14.598176
Mrpl17	-11.045278	-7.5913997
Rrp1b	-13.039603	-9.585725
Ccdc18	-16.067923	-12.614045
Nsmf	-12.660496	-9.206617
Cfp	-15.2966585	-11.84278
Dlg5	-13.086037	-9.632158
Hnrnpl	-11.180775	-7.726897
Naa30	-12.7268305	-9.272952
Olfr455	-18.840511	-15.386634
