gene	log_min	log_max
Xkr4	-16.074858	-12.620979
Gm19938	-16.480322	-13.0264435
Mrpl15	-11.531563	-8.077684
Lypla1	-11.910779	-8.456901
Tcea1	-10.620961	-7.1670833
Atp6v1h	-11.744123	-8.290245
Rb1cc1	-10.758372	-7.3044944
4732440D04Rik	-13.618121	-10.164243
Pcmtd1	-10.622389	-7.168511
Rrs1	-12.651681	-9.197803
Adhfe1	-13.954594	-10.500715
Mybl1	-13.954594	-10.500715
Vcpip1	-12.067524	-8.613646
1700034P13Rik	-17.17347	-13.719591
Sgk3	-12.696133	-9.242254
Snhg6	-11.648017	-8.194139
Tcf24	-16.074858	-12.620979
Ppp1r42	-17.17347	-13.719591
Cops5	-11.652009	-8.198131
Cspp1	-11.890265	-8.436387
Arfgef1	-11.6013155	-8.147437
Cpa6	-17.17347	-13.719591
Prex2	-11.177017	-7.7231393
A830018L16Rik	-17.17347	-13.719591
Sulf1	-10.460513	-7.006635
Slco5a1	-16.480322	-13.0264435
Ncoa2	-12.268195	-8.814317
Tram1	-11.270836	-7.816958
Lactb2	-12.411296	-8.9574175
Eya1	-15.564032	-12.110153
Terf1	-12.791443	-9.337564
Sbspon	-13.995416	-10.541537
4930444P10Rik	-17.17347	-13.719591
Rpl7	-8.502354	-5.048476
Rdh10	-14.283098	-10.82922
Stau2	-13.030334	-9.576456
Ube2w	-11.636135	-8.182257
Eloc	-10.773212	-7.3193345
D030040B21Rik	-17.17347	-13.719591
Tmem70	-11.910779	-8.456901
Ly96	-13.484591	-10.030712
Jph1	-13.302269	-9.848391
Gdap1	-16.074858	-12.620979
Pi15	-10.164965	-6.7110868
Gm28154	-15.227559	-11.773681
Gm16070	-14.6085205	-11.154642
Crispld1	-11.235933	-7.7820554
Tfap2b	-11.329926	-7.8760476
Mcm3	-13.366807	-9.912929
Paqr8	-14.283098	-10.82922
Efhc1	-16.074858	-12.620979
Tram2	-11.99732	-8.543442
Tmem14a	-12.446082	-8.992204
Gsta3	-15.564032	-12.110153
Gm28836	-16.480322	-13.0264435
Kcnq5	-15.38171	-11.927832
Rims1	-15.0940275	-11.640149
Gm27028	-17.17347	-13.719591
Gm29107	-14.6085205	-11.154642
Ogfrl1	-11.688673	-8.234795
B3gat2	-16.074858	-12.620979
Smap1	-10.414214	-6.960336
Sdhaf4	-11.705409	-8.251531
Fam135a	-11.885202	-8.431324
Col9a1	-15.564032	-12.110153
Col19a1	-14.082427	-10.628549
Lmbrd1	-11.329926	-7.8760476
Adgrb3	-17.17347	-13.719591
Phf3	-10.900593	-7.446715
Ptp4a1	-15.0940275	-11.640149
Ptp4a1-1	-14.775575	-11.321696
Prim2	-13.184485	-9.730607
Rab23	-12.143031	-8.689153
Bag2	-11.676301	-8.222423
Zfp451	-11.684532	-8.230654
Bend6	-14.037975	-10.584097
Dst	-8.868233	-5.414355
Gm37233	-14.6085205	-11.154642
Ccdc115	-12.196735	-8.742857
Imp4	-12.377679	-8.9238
Ptpn18	-15.564032	-12.110153
Gm28417	-17.17347	-13.719591
Arhgef4	-15.227559	-11.773681
Gm38336	-16.480322	-13.0264435
Fam168b	-11.701199	-8.24732
Plekhb2	-13.062595	-9.608717
Hs6st1	-13.5625515	-10.108673
Gm37335	-17.17347	-13.719591
Gm33280	-17.17347	-13.719591
Uggt1	-11.684532	-8.230654
Neurl3	-17.17347	-13.719591
Arid5a	-11.456442	-8.002563
4930403P22Rik	-15.787175	-12.333297
Kansl3	-12.238996	-8.785117
Lman2l	-12.651681	-9.197803
Cnnm4	-13.062595	-9.608717
Cnnm3	-12.77902	-9.325142
Ankrd23	-13.954594	-10.500715
Ankrd39	-12.510031	-9.056152
Sema4c	-13.344828	-9.890949
D430040D24Rik	-14.6085205	-11.154642
Fam178b	-14.775575	-11.321696
Cox5b	-9.864257	-6.410379
Actr1b	-11.500146	-8.0462675
4933424G06Rik	-17.17347	-13.719591
Tmem131	-11.90047	-8.446591
Gm38115	-14.976245	-11.522367
Vwa3b	-15.227559	-11.773681
Inpp4a	-11.684532	-8.230654
Coa5	-12.558349	-9.10447
Unc50	-11.095827	-7.641949
Mgat4a	-11.347469	-7.8935914
2010300C02Rik	-13.841265	-10.387386
Tsga10	-12.869405	-9.415526
Lipt1	-14.177737	-10.723859
Mitd1	-12.369449	-8.91557
Mrpl30	-11.033585	-7.5797067
Txndc9	-11.380456	-7.926578
Eif5b	-9.857586	-6.403708
Rev1	-12.321439	-8.86756
Aff3	-12.510031	-9.056152
Gm16152	-15.227559	-11.773681
Lonrf2	-14.128947	-10.675069
Chst10	-14.870885	-11.4170065
Pdcl3	-10.420032	-6.9661536
Npas2	-12.9107895	-9.456911
Rpl31	-9.282513	-5.8286347
Tbc1d8	-13.954594	-10.500715
Cnot11	-12.66261	-9.208732
Gm15832	-17.17347	-13.719591
Rnf149	-13.366807	-9.912929
Creg2	-17.17347	-13.719591
1700066B17Rik	-17.17347	-13.719591
Map4k4	-11.035743	-7.581865
Il1r1	-12.169523	-8.715645
Slc9a2	-15.564032	-12.110153
Mfsd9	-17.17347	-13.719591
Mrps9	-12.037671	-8.583793
Gpr45	-12.5290785	-9.0752
Tgfbrap1	-12.651681	-9.197803
AI597479	-12.630175	-9.176296
Fhl2	-12.791443	-9.337564
Nck2	-13.5625515	-10.108673
Ecrg4	-12.002986	-8.549108
Gm29155	-17.17347	-13.719591
Gm29157	-17.17347	-13.719591
Gm29156	-16.480322	-13.0264435
Uxs1	-12.842736	-9.388858
Tpp2	-11.942361	-8.488482
Gm8251	-15.227559	-11.773681
Tex30	-13.4358	-9.981921
Poglut2	-12.313657	-8.859778
Bivm	-13.4358	-9.981921
Ercc5	-12.15619	-8.7023115
Gulp1	-11.632206	-8.178328
Col3a1	-8.372452	-4.918574
Col5a2	-10.116432	-6.6625543
Wdr75	-12.353188	-8.899309
Slc40a1	-16.480322	-13.0264435
Dnah7b	-15.227559	-11.773681
Slc39a10	-12.598759	-9.14488
Gm28151	-16.480322	-13.0264435
4933411E06Rik	-16.074858	-12.620979
Tmeff2	-15.787175	-12.333297
Cavin2	-10.859921	-7.4060435
1700072G22Rik	-17.17347	-13.719591
Nabp1	-13.062595	-9.608717
Myo1b	-16.074858	-12.620979
Gm31812	-17.17347	-13.719591
Stat1	-12.869405	-9.415526
Gls	-10.779879	-7.3260007
Nab1	-11.380456	-7.926578
Nemp2	-15.564032	-12.110153
Mfsd6	-11.865202	-8.411324
Inpp1	-11.958533	-8.504655
Hibch	-12.45497	-9.001092
1700019D03Rik	-15.787175	-12.333297
Pms1	-14.688563	-11.234685
Ormdl1	-14.177737	-10.723859
Osgepl1	-12.9107895	-9.456911
Asnsd1	-12.5290785	-9.0752
Dnah7a	-17.17347	-13.719591
Stk17b	-11.85535	-8.401471
Hecw2	-14.128947	-10.675069
Ccdc150	-17.17347	-13.719591
Gtf3c3	-12.64087	-9.186992
Pgap1	-13.079125	-9.625247
Ankrd44	-12.169523	-8.715645
Sf3b1	-10.133809	-6.679931
Coq10b	-11.287366	-7.833488
Hspd1	-10.380003	-6.926125
Hspe1	-10.127693	-6.6738153
Mob4	-10.795043	-7.341165
Rftn2	-11.612788	-8.15891
Gm10561	-13.166137	-9.712258
Mars2	-14.128947	-10.675069
Plcl1	-12.651681	-9.197803
Satb2	-15.38171	-11.927832
9130024F11Rik	-14.6085205	-11.154642
1700066M21Rik	-14.229031	-10.775152
Tyw5	-12.651681	-9.197803
Maip1	-12.268195	-8.814317
Spats2l	-10.891203	-7.437325
Kctd18	-13.344828	-9.890949
Sgo2a	-14.46542	-11.011541
Aox1	-13.079125	-9.625247
Aox3	-14.870885	-11.4170065
Bzw1	-11.048786	-7.594908
Clk1	-10.734119	-7.2802415
Ppil3	-12.568299	-9.114421
Nif3l1	-13.535883	-10.082005
Orc2	-12.411296	-8.9574175
Gm15834	-16.074858	-12.620979
Fam126b	-11.005953	-7.552075
Ndufb3	-10.010297	-6.556419
Cflar	-11.126098	-7.6722198
Casp8	-12.76675	-9.312872
Trak2	-11.668138	-8.214259
Stradb	-13.014586	-9.560708
Tmem237	-12.45497	-9.001092
G730003C15Rik	-15.38171	-11.927832
Als2	-14.082427	-10.628549
Cdk15	-17.17347	-13.719591
Fzd7	-12.313657	-8.859778
Sumo1	-10.933193	-7.4793153
Nop58	-11.648017	-8.194139
Bmpr2	-10.701123	-7.2472453
Fam117b	-12.791443	-9.337564
Ica1l	-16.480322	-13.0264435
Wdr12	-12.588502	-9.134624
Carf	-13.41227	-9.958391
Nbeal1	-10.192464	-6.738586
Cyp20a1	-12.162834	-8.708956
Abi2	-11.905611	-8.451733
Raph1	-11.249214	-7.7953362
Cd28	-17.17347	-13.719591
Icos	-17.17347	-13.719591
Pard3b	-11.974973	-8.521094
Pard3bos1	-16.480322	-13.0264435
Nrp2	-13.806173	-10.352295
Ino80d	-11.744123	-8.290245
Ino80dos	-14.177737	-10.723859
Gm20342	-13.38928	-9.935402
Ndufs1	-11.692831	-8.238953
Eef1b2	-9.365959	-5.9120817
Zdbf2	-14.976245	-11.522367
Fastkd2	-13.203177	-9.749299
Klf7	-10.898707	-7.4448295
Creb1	-11.496716	-8.042837
Mettl21a	-13.030334	-9.576456
2810408I11Rik	-14.688563	-11.234685
Ccnyl1	-13.535883	-10.082005
Fzd5	-12.500641	-9.046762
Plekhm3	-12.816761	-9.362883
Idh1	-12.176257	-8.722379
Pikfyve	-12.345156	-8.891277
Pth2r	-16.480322	-13.0264435
Map2	-13.806173	-10.352295
Rpe	-12.377679	-8.9238
Kansl1l	-11.684532	-8.230654
Acadl	-10.831348	-7.3774705
Myl1	-16.480322	-13.0264435
Lancl1	-11.958533	-8.504655
Erbb4	-14.6085205	-11.154642
Gm29114	-17.17347	-13.719591
Ikzf2	-12.754629	-9.300751
Gm28112	-15.564032	-12.110153
Bard1	-15.0940275	-11.640149
Atic	-12.085874	-8.631995
Fn1	-8.868975	-5.4150968
Apol7d	-15.38171	-11.927832
Mreg	-14.688563	-11.234685
Pecr	-12.855982	-9.402103
Xrcc5	-12.598759	-9.14488
Smarcal1	-12.983815	-9.529937
Rpl37a	-7.8177304	-4.363853
Igfbp2	-13.4358	-9.981921
Igfbp5	-12.002986	-8.549108
Tns1	-9.001305	-5.547427
Arpc2	-9.321031	-5.8671527
Gpbar1	-16.480322	-13.0264435
Aamp	-10.964879	-7.511001
Pnkd	-10.941022	-7.487144
Tmbim1	-11.449884	-7.9960065
Gm29358	-15.787175	-12.333297
Catip	-17.17347	-13.719591
Slc11a1	-16.480322	-13.0264435
Ctdsp1	-11.281825	-7.827947
Vil1	-17.17347	-13.719591
Usp37	-13.046335	-9.592457
Cnot9	-13.484591	-10.030712
Plcd4	-16.074858	-12.620979
Zfp142	-12.983815	-9.529937
Bcs1l	-13.344828	-9.890949
Rnf25	-13.166137	-9.712258
Stk36	-15.0940275	-11.640149
Ttll4	-13.535883	-10.082005
Cyp27a1	-13.707733	-10.253855
Prkag3	-15.787175	-12.333297
Wnt6	-15.787175	-12.333297
Ihh	-14.775575	-11.321696
Nhej1	-14.128947	-10.675069
Slc23a3	-16.480322	-13.0264435
Cnppd1	-12.446082	-8.992204
Retreg2	-12.123613	-8.669735
Zfand2b	-12.385978	-8.932099
Abcb6	-14.976245	-11.522367
Atg9a	-12.46394	-9.010061
Ankzf1	-13.28165	-9.827771
Glb1l	-13.509908	-10.056029
Stk16	-11.427266	-7.973388
Tuba4a	-13.261447	-9.807569
Dnajb2	-11.731051	-8.277173
Ptprn	-14.46542	-11.011541
Dnpep	-12.031806	-8.577928
Des	-11.3183975	-7.8645196
Speg	-10.734119	-7.2802415
Gmppa	-12.169523	-8.715645
Chpf	-11.52098	-8.0671015
Obsl1	-13.241644	-9.7877655
Tmem198	-14.870885	-11.4170065
Inha	-15.787175	-12.333297
Stk11ip	-14.283098	-10.82922
Slc4a3	-11.942361	-8.488482
Epha4	-12.9107895	-9.456911
Gm28386	-17.17347	-13.719591
Farsb	-12.64087	-9.186992
Mogat1	-17.17347	-13.719591
Acsl3	-12.57835	-9.124472
Utp14b	-13.38928	-9.935402
Kcne4	-12.329283	-8.875404
Ap1s3	-16.480322	-13.0264435
Wdfy1	-12.07972	-8.625841
Mrpl44	-12.829664	-9.375786
Serpine2	-8.364503	-4.910625
Cul3	-11.249214	-7.7953362
Dock10	-14.128947	-10.675069
Irs1	-12.369449	-8.91557
Rhbdd1	-12.953961	-9.500083
Col4a4	-13.261447	-9.807569
Col4a3	-13.954594	-10.500715
C430014B12Rik	-15.0940275	-11.640149
Mff	-11.217632	-7.7637544
Gm28941	-15.564032	-12.110153
Agfg1	-11.5105095	-8.056631
Slc19a3	-17.17347	-13.719591
Krtap28-13	-17.17347	-13.719591
Sphkap	-12.136517	-8.682638
Pid1	-11.479737	-8.025859
Trip12	-11.202208	-7.7483296
Fbxo36	-13.509908	-10.056029
Sp110	-13.241644	-9.7877655
Sp140	-13.184485	-9.730607
Sp100	-16.480322	-13.0264435
A630001G21Rik	-17.17347	-13.719591
Cab39	-10.97296	-7.5190825
Itm2c	-10.126822	-6.6729445
2810459M11Rik	-17.17347	-13.719591
Psmd1	-10.732523	-7.278645
Armc9	-13.535883	-10.082005
Ncl	-9.47001	-6.0161324
C130036L24Rik	-14.46542	-11.011541
Ptma	-8.196197	-4.7423186
Pde6d	-11.578758	-8.12488
Cops7b	-13.366807	-9.912929
Nppc	-17.17347	-13.719591
Dis3l2	-13.38928	-9.935402
Gm29055	-16.074858	-12.620979
Eif4e2	-11.563997	-8.110119
Efhd1	-11.713884	-8.260006
Gigyf2	-11.560342	-8.106463
Kcnj13	-15.787175	-12.333297
Snorc	-12.419879	-8.966001
Ngef	-12.804022	-9.350143
Neu2	-17.17347	-13.719591
Atg16l1	-12.651681	-9.197803
Sag	-14.976245	-11.522367
Dgkd	-12.321439	-8.86756
Usp40	-12.588502	-9.134624
Dnajb3	-16.480322	-13.0264435
Hjurp	-11.986084	-8.532206
Arl4c	-13.647109	-10.193231
Sh3bp4	-12.64087	-9.186992
Agap1	-12.345156	-8.891277
Ackr3	-11.735391	-8.281512
Gm28723	-17.17347	-13.719591
Cops8	-11.290147	-7.836269
Gm9991	-17.17347	-13.719591
Col6a3	-10.285917	-6.8320394
Rab17	-15.227559	-11.773681
Lrrfip1	-9.631256	-6.177378
Rbm44	-16.074858	-12.620979
Ramp1	-9.358665	-5.904788
Ube2f	-11.6013155	-8.147437
Scly	-13.5625515	-10.108673
Gm17090	-17.17347	-13.719591
Klhl30	-14.534412	-11.080534
Ilkap	-11.424076	-7.970198
Hes6	-12.791443	-9.337564
Per2	-12.110874	-8.656996
Traf3ip1	-12.76675	-9.312872
Asb1	-13.28165	-9.827771
Twist2	-14.870885	-11.4170065
Hdac4	-11.953114	-8.499235
Ndufa10	-11.152446	-7.698568
Cops9	-10.12248	-6.6686025
Otos	-15.787175	-12.333297
Gpc1	-12.630175	-9.176296
Ankmy1	-17.17347	-13.719591
Dusp28	-12.791443	-9.337564
5033417F24Rik	-15.564032	-12.110153
Rnpepl1	-12.031806	-8.577928
9430060I03Rik	-15.38171	-11.927832
Capn10	-13.484591	-10.030712
Kif1a	-11.53868	-8.084802
Sned1	-12.829664	-9.375786
Mterf4	-13.28165	-9.827771
Pask	-15.564032	-12.110153
Ppp1r7	-11.656016	-8.202138
Hdlbp	-10.074267	-6.6203895
Sept2	-12.77902	-9.325142
Farp2	-14.688563	-11.234685
Stk25	-11.582482	-8.128604
Bok	-13.203177	-9.749299
Thap4	-13.5625515	-10.108673
Atg4b	-12.437271	-8.983393
Dtymk	-11.386572	-7.932694
Ing5	-12.491339	-9.03746
D2hgdh	-13.707733	-10.253855
Gal3st2	-16.480322	-13.0264435
Gal3st2b	-16.074858	-12.620979
Gal3st2c	-15.564032	-12.110153
Fam174a	-11.035743	-7.581865
Gm28901	-17.17347	-13.719591
D1Ertd622e	-13.459897	-10.006019
Ppip5k2	-13.806173	-10.352295
Gin1	-12.76675	-9.312872
Pam	-8.596687	-5.14281
B230216N24Rik	-13.130418	-9.676539
1810006J02Rik	-16.074858	-12.620979
Rnf152	-15.227559	-11.773681
Pign	-13.841265	-10.387386
Gm28404	-16.480322	-13.0264435
Relch	-12.482121	-9.028243
Tnfrsf11a	-13.366807	-9.912929
Gm7160	-14.976245	-11.522367
Zcchc2	-13.241644	-9.7877655
Phlpp1	-12.842736	-9.388858
Bcl2	-11.194584	-7.740706
Kdsr	-11.926445	-8.472567
Vps4b	-11.233298	-7.7794204
Serpinb5	-16.480322	-13.0264435
Serpinb8	-13.28165	-9.827771
Cdh19	-15.564032	-12.110153
Dsel	-11.807493	-8.353615
Tsn	-10.498908	-7.04503
Nifk	-12.337188	-8.883309
Gm28867	-17.17347	-13.719591
Clasp1	-11.835932	-8.382053
2900060B14Rik	-14.037975	-10.584097
Tfcp2l1	-15.564032	-12.110153
Gli2	-12.896804	-9.442925
Gm26831	-16.480322	-13.0264435
Inhbb	-16.480322	-13.0264435
Ralb	-12.189863	-8.735985
Gm27184	-16.480322	-13.0264435
Tmem185b	-13.222226	-9.768348
Epb41l5	-13.4358	-9.981921
Ptpn4	-13.203177	-9.749299
Tmem177	-15.0940275	-11.640149
Tmem37	-17.17347	-13.719591
Dbi	-9.387333	-5.933455
3110009E18Rik	-13.509908	-10.056029
Steap3	-11.420897	-7.9670186
Insig2	-10.72142	-7.2675424
Ccdc93	-13.130418	-9.676539
Ddx18	-11.453157	-7.9992795
Dpp10	-15.0940275	-11.640149
Actr3	-10.361124	-6.907246
Slc35f5	-12.196735	-8.742857
Gpr39	-16.074858	-12.620979
Nckap5	-17.17347	-13.719591
Mgat5	-12.2247095	-8.770831
2900009J06Rik	-14.534412	-11.080534
Ccnt2	-12.067524	-8.613646
Map3k19	-15.564032	-12.110153
Rab3gap1	-11.632206	-8.178328
Zranb3	-14.229031	-10.775152
R3hdm1	-11.341587	-7.887709
Ubxn4	-10.435317	-6.981439
Mcm6	-12.149589	-8.69571
Dars	-11.826362	-8.372483
Thsd7b	-15.564032	-12.110153
Gm15675	-17.17347	-13.719591
Cd55	-12.869405	-9.415526
Gm16083	-16.480322	-13.0264435
Pfkfb2	-14.775575	-11.321696
Yod1	-12.630175	-9.176296
AA986860	-14.775575	-11.321696
Mapkapk2	-11.676301	-8.222423
Eif2d	-12.64087	-9.186992
Rassf5	-14.46542	-11.011541
Ikbke	-14.283098	-10.82922
Srgap2	-12.651681	-9.197803
Gm29488	-15.564032	-12.110153
Fam72a	-14.870885	-11.4170065
Slc41a1	-12.500641	-9.046762
Rab29	-13.184485	-9.730607
Nucks1	-10.514175	-7.0602975
Slc45a3	-14.6085205	-11.154642
Elk4	-12.260815	-8.806936
Mfsd4a	-13.772272	-10.318394
Cdk18	-16.480322	-13.0264435
Tmcc2	-13.806173	-10.352295
Dstyk	-12.092065	-8.638186
6030442K20Rik	-16.074858	-12.620979
Rbbp5	-13.484591	-10.030712
Tmem81	-14.976245	-11.522367
Nfasc	-14.46542	-11.011541
Lrrn2	-14.177737	-10.723859
Mdm4	-11.545849	-8.09197
Pik3c2b	-13.241644	-9.7877655
Ppp1r15b	-12.162834	-8.708956
Plekha6	-17.17347	-13.719591
Etnk2	-14.6085205	-11.154642
Sox13	-13.535883	-10.082005
Snrpe	-10.40268	-6.9488025
Zc3h11a	-13.954594	-10.500715
Gm38394	-14.534412	-11.080534
Lax1	-16.480322	-13.0264435
Atp2b4	-10.896826	-7.442948
Optc	-11.402028	-7.94815
Gm15851	-17.17347	-13.719591
Prelp	-10.849111	-7.3952327
Fmod	-13.459897	-10.006019
Btg2	-9.068766	-5.614888
Chil1	-17.17347	-13.719591
Mybph	-17.17347	-13.719591
Adora1	-14.976245	-11.522367
Ppfia4	-13.806173	-10.352295
Tmem183a	-12.149589	-8.69571
Cyb5r1	-12.369449	-8.91557
Adipor1	-11.123736	-7.6698585
Klhl12	-13.130418	-9.676539
Rabif	-12.696133	-9.242254
Kdm5b	-11.332828	-7.8789496
Syt2	-16.074858	-12.620979
Ppp1r12b	-10.153278	-6.6994004
Ube2t	-14.976245	-11.522367
Lgr6	-10.044172	-6.5902944
Arl8a	-11.731051	-8.277173
Gm15445	-16.480322	-13.0264435
Rnpep	-12.183037	-8.729158
Timm17a	-10.927362	-7.4734845
Lmod1	-8.647316	-5.1934385
Shisa4	-10.52968	-7.0758023
Ipo9	-12.500641	-9.046762
Gm28277	-17.17347	-13.719591
Nav1	-10.447236	-6.993358
Gm4793	-17.17347	-13.719591
Csrp1	-8.310419	-4.8565416
Phlda3	-11.531563	-8.077684
Tnnt2	-13.772272	-10.318394
Tmem9	-12.123613	-8.669735
Kif21b	-14.128947	-10.675069
Camsap2	-11.761824	-8.307945
9230116N13Rik	-14.976245	-11.522367
Ddx59	-13.739482	-10.285604
Kif14	-17.17347	-13.719591
Platr23	-17.17347	-13.719591
Zfp281	-11.4051485	-7.9512706
Gm19705	-13.148118	-9.69424
Gm4258	-14.229031	-10.775152
Gm26930	-16.074858	-12.620979
A430106G13Rik	-15.38171	-11.927832
Nek7	-10.942988	-7.4891105
2310009B15Rik	-12.183037	-8.729158
Dennd1b	-12.804022	-9.350143
Zbtb41	-12.104566	-8.650687
Aspm	-16.480322	-13.0264435
Cfh	-12.020178	-8.566299
Kcnt2	-15.0940275	-11.640149
Cdc73	-11.476376	-8.022497
B3galt2	-15.787175	-12.333297
Glrx2	-10.968912	-7.515034
Ro60	-11.486494	-8.032616
Uchl5	-12.28312	-8.829242
Gm29170	-15.787175	-12.333297
Rgs2	-12.353188	-8.899309
A230059L01Rik	-17.17347	-13.719591
Pla2g4a	-11.123736	-7.6698585
Ptgs2	-13.589951	-10.136072
Odr4	-11.254576	-7.800698
Tpr	-9.975286	-6.5214076
Prg4	-17.17347	-13.719591
Hmcn1	-15.227559	-11.773681
Gm10138	-15.564032	-12.110153
Ivns1abp	-13.095932	-9.642054
Swt1	-11.616641	-8.162763
Trmt1l	-12.53874	-9.084862
Rnf2	-12.598759	-9.14488
Fam129a	-10.073442	-6.6195645
2810414N06Rik	-16.074858	-12.620979
Edem3	-12.123613	-8.669735
1700025G04Rik	-13.222226	-9.768348
Tsen15	-12.491339	-9.03746
Colgalt2	-17.17347	-13.719591
Rgl1	-13.707733	-10.253855
Gm28792	-17.17347	-13.719591
Arpc5	-11.014374	-7.560496
Ncf2	-15.564032	-12.110153
Smg7	-12.253489	-8.79961
Gm28791	-14.534412	-11.080534
Nmnat2	-14.340256	-10.886377
Lamc2	-14.775575	-11.321696
Lamc1	-10.651377	-7.197499
Dhx9	-11.6013155	-8.147437
Rgs16	-17.17347	-13.719591
Rnasel	-17.17347	-13.719591
Teddm2	-15.38171	-11.927832
Glul	-12.002986	-8.549108
Cacna1e	-16.074858	-12.620979
Ier5	-11.660041	-8.206162
Mr1	-12.136517	-8.682638
Stx6	-12.64087	-9.186992
BC034090	-13.841265	-10.387386
Xpr1	-10.999683	-7.5458055
Gm5532	-14.283098	-10.82922
Acbd6	-11.295733	-7.8418555
Qsox1	-10.524485	-7.0706067
Cep350	-11.652009	-8.198131
Tor1aip1	-10.843749	-7.389871
Tor1aip2	-11.821611	-8.367733
Axdnd1	-17.17347	-13.719591
Gm2000	-13.014586	-9.560708
Soat1	-12.305935	-8.8520565
Abl2	-12.88301	-9.4291315
Tor3a	-12.619593	-9.165714
Fam20b	-12.361285	-8.907407
Ralgps2	-15.227559	-11.773681
Angptl1	-13.459897	-10.006019
Rasal2	-12.369449	-8.91557
Cryzl2	-14.400881	-10.947002
Sec16b	-16.480322	-13.0264435
Pappa2	-15.227559	-11.773681
Cop1	-11.329926	-7.8760476
4930523C07Rik	-9.953828	-6.49995
4930562F07Rik	-16.480322	-13.0264435
Tnn	-15.227559	-11.773681
Mrps14	-10.619536	-7.1656585
Cacybp	-10.793347	-7.3394694
Rabgap1l	-11.85535	-8.401471
Gm37529	-14.46542	-11.011541
Rc3h1	-11.517478	-8.0636
Serpinc1	-15.38171	-11.927832
Zbtb37	-12.953961	-9.500083
Gas5	-9.791346	-6.3374677
Dars2	-14.177737	-10.723859
Gm37634	-17.17347	-13.719591
Cenpl	-14.870885	-11.4170065
Klhl20	-12.999083	-9.545204
Ankrd45	-13.130418	-9.676539
Prdx6	-10.745364	-7.2914863
Suco	-11.722431	-8.268553
Pigc	-12.9107895	-9.456911
Gm38304	-15.787175	-12.333297
Dnm3	-13.995416	-10.541537
Dnm3os	-12.183037	-8.729158
Eef1aknmt	-14.775575	-11.321696
Vamp4	-12.268195	-8.814317
Myoc	-17.17347	-13.719591
Prrc2c	-9.908739	-6.454861
Fmo4	-14.775575	-11.321696
Fmo1	-13.184485	-9.730607
Fmo2	-8.12506	-4.671182
Fmo6	-16.480322	-13.0264435
Fmo3	-11.420897	-7.9670186
Mroh9	-17.17347	-13.719591
Prrx1	-10.066044	-6.612166
Gorab	-12.419879	-8.966001
Kifap3	-10.97296	-7.5190825
Scyl3	-13.046335	-9.592457
BC055324	-17.17347	-13.719591
Mettl18	-14.229031	-10.775152
Slc19a2	-14.688563	-11.234685
Ccdc181	-13.030334	-9.576456
Blzf1	-12.411296	-8.9574175
Nme7	-13.344828	-9.890949
Atp1b1	-11.860264	-8.406385
Dpt	-13.203177	-9.749299
Sft2d2	-11.365327	-7.911449
Tiprl	-11.52098	-8.0671015
Gm38190	-14.340256	-10.886377
Gpr161	-13.014586	-9.560708
Dcaf6	-12.049505	-8.595627
Gm37864	-15.564032	-12.110153
Mpc2	-9.974538	-6.52066
Adcy10	-17.17347	-13.719591
Gm38325	-17.17347	-13.719591
Mpzl1	-11.986084	-8.532206
Rcsd1	-12.5290785	-9.0752
Creg1	-10.929302	-7.4754243
Cd247	-17.17347	-13.719591
Pou2f1	-12.419879	-8.966001
Dusp27	-15.227559	-11.773681
Ildr2	-17.17347	-13.719591
Gm15853	-16.480322	-13.0264435
Tada1	-13.302269	-9.848391
Pogk	-13.079125	-9.625247
Gm16701-1	-14.688563	-11.234685
Fam78b	-14.229031	-10.775152
Uck2	-13.241644	-9.7877655
Tmco1	-10.307578	-6.8537
Aldh9a1	-12.76675	-9.312872
Mgst3	-11.430467	-7.9765887
Pbx1	-9.820388	-6.36651
Nuf2	-17.17347	-13.719591
Rgs5	-7.533882	-4.0800047
Rgs4	-10.676695	-7.222817
Gm15852	-17.17347	-13.719591
Hsd17b7	-13.222226	-9.768348
3110045C21Rik	-15.787175	-12.333297
Ddr2	-10.271732	-6.8178544
Uap1	-12.345156	-8.891277
Gm37748	-17.17347	-13.719591
Uhmk1	-12.754629	-9.300751
4930500M09Rik	-17.17347	-13.719591
Gm7694	-13.772272	-10.318394
Nos1ap	-13.676962	-10.2230835
Olfml2b	-9.948716	-6.494838
Atf6	-11.835932	-8.382053
Dusp12	-12.855982	-9.402103
Gm26620	-16.074858	-12.620979
Cfap126	-15.227559	-11.773681
Sdhc	-10.911978	-7.4581
Mpz	-17.17347	-13.719591
Pcp4l1	-9.604057	-6.15018
Nr1i3	-17.17347	-13.719591
Tomm40l	-13.030334	-9.576456
Fcer1g	-17.17347	-13.719591
Ndufs2	-10.718271	-7.2643933
Adamts4	-13.739482	-10.285604
B4galt3	-12.104566	-8.650687
Ppox	-12.842736	-9.388858
Usp21	-13.509908	-10.056029
Ufc1	-10.813895	-7.3600173
Gm20045	-14.534412	-11.080534
Dedd	-12.855982	-9.402103
Nit1	-12.098296	-8.644418
Pfdn2	-10.9254265	-7.4715486
Klhdc9	-14.870885	-11.4170065
Usf1	-12.482121	-9.028243
Tstd1	-17.17347	-13.719591
F11r	-13.014586	-9.560708
B930036N10Rik	-13.806173	-10.352295
Alyref2	-13.915373	-10.461494
Slamf1	-17.17347	-13.719591
Vangl2	-14.177737	-10.723859
Ncstn	-11.816883	-8.363005
Copa	-10.843749	-7.389871
Pex19	-12.037671	-8.583793
Dcaf8	-10.995525	-7.5416474
Pea15a	-11.23067	-7.776792
Casq1	-12.953961	-9.500083
Gm17224	-17.17347	-13.719591
Igsf8	-10.954869	-7.5009913
Atp1a2	-10.1002	-6.646322
Pigm	-13.222226	-9.768348
Slamf9	-13.509908	-10.056029
Igsf9	-12.169523	-8.715645
Tagln2	-9.274316	-5.820438
Cfap45	-16.074858	-12.620979
4933439K11Rik	-17.17347	-13.719591
Vsig8	-15.787175	-12.333297
Dusp23	-13.113027	-9.659148
Mndal	-15.38171	-11.927832
Ifi203	-16.480322	-13.0264435
Grem2	-16.480322	-13.0264435
Rgs7	-12.630175	-9.176296
Fh1	-11.636135	-8.182257
Opn3	-16.074858	-12.620979
Chml	-13.344828	-9.890949
Exo1	-17.17347	-13.719591
Pld5	-17.17347	-13.719591
Rbm8a2	-17.17347	-13.719591
Cep170	-12.143031	-8.689153
Sdccag8	-12.983815	-9.529937
Akt3	-11.757369	-8.303491
Zbtb18	-13.323322	-9.869444
Adss	-11.524495	-8.070617
Catspere2	-16.074858	-12.620979
Desi2	-11.145191	-7.6913133
B230369F24Rik	-13.739482	-10.285604
Cox20	-11.167116	-7.7132382
Hnrnpu	-10.168588	-6.7147098
Efcab2	-14.46542	-11.011541
Kif26b	-14.534412	-11.080534
Smyd3	-12.842736	-9.388858
Tfb2m	-12.345156	-8.891277
Cnst	-12.924974	-9.471096
Sccpdh	-12.696133	-9.242254
Ahctf1	-12.025975	-8.572097
Cdc42bpa	-10.592831	-7.1389527
Coq8a	-12.104566	-8.650687
Psen2	-12.411296	-8.9574175
Itpkb	-11.553069	-8.099191
Stum	-12.104566	-8.650687
Parp1	-11.931723	-8.477844
Lin9	-13.954594	-10.500715
Acbd3	-10.941022	-7.487144
Gm37768	-16.480322	-13.0264435
H3f3a	-8.377584	-4.9237065
H3f3aos	-16.480322	-13.0264435
Sde2	-11.507043	-8.0531645
Pycr2	-11.915975	-8.462096
Lefty1	-13.366807	-9.912929
Tmem63a	-12.196735	-8.742857
Ephx1	-11.1143465	-7.6604686
Nvl	-12.203656	-8.749778
Cnih4	-11.194584	-7.740706
Wdr26	-10.993453	-7.539575
A430110L20Rik	-17.17347	-13.719591
Ccdc121	-17.17347	-13.719591
Lbr	-12.428537	-8.974659
Enah	-9.856921	-6.4030433
Srp9	-10.660239	-7.2063613
Degs1	-10.769896	-7.3160176
1700047M11Rik	-17.17347	-13.719591
Fbxo28	-12.196735	-8.742857
Trp53bp2	-12.28312	-8.829242
Capn2	-10.540151	-7.0862727
Gm37885	-16.074858	-12.620979
Susd4	-14.534412	-11.080534
Tlr5	-16.480322	-13.0264435
Disp1	-13.841265	-10.387386
Brox	-12.5290785	-9.0752
Aida	-11.788975	-8.335096
Mia3	-10.84019	-7.386312
Taf1a	-12.548497	-9.094619
Gm37986	-16.074858	-12.620979
Dusp10	-12.246216	-8.792337
1700056E22Rik	-15.227559	-11.773681
Hlx	-14.775575	-11.321696
Gm34342	-14.775575	-11.321696
Marc2	-11.073151	-7.6192727
C130074G19Rik	-13.676962	-10.2230835
Mark1	-11.974973	-8.521094
Rab3gap2	-12.085874	-8.631995
Iars2	-11.672212	-8.218333
Bpnt1	-12.66261	-9.208732
4930532G15Rik	-15.787175	-12.333297
Eprs	-10.755105	-7.301227
Lyplal1	-13.366807	-9.912929
Tgfb2	-10.521897	-7.0680194
Rrp15	-12.419879	-8.966001
A430105J06Rik	-15.227559	-11.773681
Gpatch2	-12.53874	-9.084862
Esrrg	-15.38171	-11.927832
Kctd3	-12.924974	-9.471096
Kcnk2	-15.564032	-12.110153
Cenpf	-17.17347	-13.719591
Ptpn14	-11.947722	-8.493844
Gm26574	-17.17347	-13.719591
Gm37422	-17.17347	-13.719591
Smyd2	-12.491339	-9.03746
Rps6kc1	-13.509908	-10.056029
Angel2	-11.701199	-8.24732
Flvcr1	-14.177737	-10.723859
Tatdn3	-12.9393635	-9.485485
Nsl1	-17.17347	-13.719591
Batf3	-17.17347	-13.719591
Fam71a	-13.535883	-10.082005
Atf3	-10.467831	-7.0139527
D730003I15Rik	-13.806173	-10.352295
Nenf	-9.431935	-5.978058
Pacc1	-13.995416	-10.541537
Ppp2r5a	-10.655798	-7.20192
Dtl	-14.870885	-11.4170065
Ints7	-13.046335	-9.592457
Lpgat1	-11.798191	-8.344313
1700034H15Rik	-17.17347	-13.719591
Slc30a1	-13.203177	-9.749299
Gm26670	-15.564032	-12.110153
Traf5	-11.692831	-8.238953
Gm26879	-15.787175	-12.333297
Rcor3	-11.910779	-8.456901
Gm10516	-15.787175	-12.333297
Hhat	-15.227559	-11.773681
Sertad4	-13.5625515	-10.108673
Gm15867	-12.76675	-9.312872
Utp25	-13.484591	-10.030712
A130010J15Rik	-14.976245	-11.522367
Lamb3	-17.17347	-13.719591
Hsd11b1	-17.17347	-13.719591
G0s2	-13.38928	-9.935402
Plxna2	-12.428537	-8.974659
Cd34	-13.739482	-10.285604
Gm16897	-17.17347	-13.719591
A330023F24Rik	-13.014586	-9.560708
Gm37027	-17.17347	-13.719591
Cd46	-15.38171	-11.927832
Cr1l	-11.307001	-7.853123
Cr2	-17.17347	-13.719591
Fam171a1	-12.609121	-9.155243
Nmt2	-11.553069	-8.099191
Rpp38	-13.079125	-9.625247
Acbd7	-16.480322	-13.0264435
Dclre1c	-14.976245	-11.522367
Suv39h2	-15.227559	-11.773681
Hspa14	-12.130044	-8.676166
Gm45902	-14.6085205	-11.154642
Cdnf	-15.227559	-11.773681
Fam107b	-13.323322	-9.869444
Frmd4a	-12.816761	-9.362883
Gm36988	-16.074858	-12.620979
Prpf18	-12.482121	-9.028243
Bend7	-13.344828	-9.890949
Sephs1	-12.609121	-9.155243
Phyh	-11.420897	-7.9670186
Ucma	-13.509908	-10.056029
Optn	-12.321439	-8.86756
Ccdc3	-11.616641	-8.162763
Camk1d	-15.227559	-11.773681
Cdc123	-11.722431	-8.268553
Nudt5	-12.491339	-9.03746
Gm13199	-17.17347	-13.719591
Sec61a2	-13.38928	-9.935402
Dhtkd1	-14.775575	-11.321696
Upf2	-11.608949	-8.15507
Proser2	-13.535883	-10.082005
Echdc3	-13.148118	-9.69424
Gm13383	-17.17347	-13.719591
Usp6nl	-12.999083	-9.545204
Celf2	-10.684264	-7.2303863
Gm10855	-15.0940275	-11.640149
Gm10115	-13.241644	-9.7877655
Gata3	-14.128947	-10.675069
Gm13256	-17.17347	-13.719591
Taf3	-11.668138	-8.214259
Atp5c1	-9.90455	-6.4506717
Kin	-11.986084	-8.532206
Itih2	-13.535883	-10.082005
Itih5	-17.17347	-13.719591
Sfmbt2	-14.976245	-11.522367
Gm13293	-15.564032	-12.110153
Pfkfb3	-12.924974	-9.471096
Rbm17	-11.64404	-8.190162
Il15ra	-13.676962	-10.2230835
Fbh1	-12.377679	-8.9238
Ankrd16	-12.968777	-9.514898
Itga8	-7.969851	-4.5159736
E030013I19Rik	-10.3556385	-6.9017606
Mindy3	-11.64008	-8.186202
Pter	-12.983815	-9.529937
C1ql3	-13.41227	-9.958391
Rsu1	-9.950904	-6.497026
Gm13270	-16.480322	-13.0264435
Trdmt1	-13.184485	-9.730607
Vim	-7.179912	-3.7260346
Hacd1	-10.297205	-6.843327
Stamos	-15.787175	-12.333297
Stam	-12.402785	-8.948907
Cacnb2	-12.754629	-9.300751
Gm10848	-14.688563	-11.234685
Gm13269	-16.074858	-12.620979
Nsun6	-12.754629	-9.300751
Arl5b	-12.402785	-8.948907
Plxdc2	-10.164061	-6.7101827
Nebl	-13.806173	-10.352295
A930004D18Rik	-14.976245	-11.522367
Skida1	-15.787175	-12.333297
Mllt10	-11.64008	-8.186202
Dnajc1	-10.623818	-7.1699405
Commd3	-11.055372	-7.6014943
Bmi1	-12.246216	-8.792337
Spag6	-16.074858	-12.620979
Gm20539	-17.17347	-13.719591
Pip4k2a	-12.548497	-9.094619
4930426L09Rik	-16.074858	-12.620979
Armc3	-15.564032	-12.110153
Msrb2	-12.46394	-9.010061
Otud1	-11.12138	-7.667502
Etl4	-12.169523	-8.715645
Arhgap21	-12.169523	-8.715645
Gm13375	-15.564032	-12.110153
Enkur	-15.0940275	-11.640149
Thnsl1	-13.647109	-10.193231
Apbb1ip	-13.739482	-10.285604
Pdss1	-14.688563	-11.234685
Abi1	-11.298539	-7.844661
Acbd5	-11.371351	-7.9174733
Mastl	-15.227559	-11.773681
Yme1l1	-11.257268	-7.80339
4931423N10Rik	-17.17347	-13.719591
Spopl	-12.15619	-8.7023115
Hnmt	-13.707733	-10.253855
Ehmt1	-11.660041	-8.206162
Arrdc1	-13.772272	-10.318394
Zmynd19	-13.459897	-10.006019
Dph7	-13.459897	-10.006019
Mrpl41	-11.513988	-8.060109
Pnpla7	-14.340256	-10.886377
Nsmf	-12.446082	-8.992204
Nrarp	-15.38171	-11.927832
Tor4a	-13.676962	-10.2230835
Nelfb	-12.092065	-8.638186
Tubb4b	-10.492615	-7.038737
Ndor1	-13.647109	-10.193231
Tmem203	-12.402785	-8.948907
Tprn	-15.38171	-11.927832
Ssna1	-11.459737	-8.005858
Anapc2	-11.775307	-8.321428
Man1b1	-12.754629	-9.300751
Dpp7	-12.46394	-9.010061
Uap1l1	-12.754629	-9.300751
Entpd2	-12.313657	-8.859778
Npdc1	-10.227455	-6.773577
Abca2	-12.176257	-8.722379
Paxx	-11.713884	-8.260006
Clic3	-16.480322	-13.0264435
Ptgds	-15.227559	-11.773681
C8g	-15.787175	-12.333297
Fbxw5	-12.377679	-8.9238
Traf2	-12.855982	-9.402103
Edf1	-9.696431	-6.242553
Phpt1	-11.652009	-8.198131
Ajm1	-15.787175	-12.333297
Rabl6	-11.688673	-8.234795
Tmem141	-12.073603	-8.619724
A230005M16Rik	-16.074858	-12.620979
Bmyc	-11.012262	-7.5583844
Camsap1	-12.073603	-8.619724
Ubac1	-12.313657	-8.859778
Nacc2	-11.362329	-7.9084506
Gm13554	-17.17347	-13.719591
Tmem250-ps	-12.305935	-8.8520565
Qsox2	-12.7075615	-9.253683
Ccdc187	-17.17347	-13.719591
Gpsm1	-13.261447	-9.807569
Dnlz	-11.344524	-7.8906465
Snapc4	-13.772272	-10.318394
Entr1	-12.609121	-9.155243
Pmpca	-12.869405	-9.415526
Inpp5e	-13.676962	-10.2230835
Sec16a	-12.46394	-9.010061
0610009E02Rik	-15.564032	-12.110153
Notch1	-14.283098	-10.82922
Egfl7	-15.564032	-12.110153
Agpat2	-12.77902	-9.325142
Dipk1b	-12.246216	-8.792337
Surf6	-13.344828	-9.890949
Med22	-13.222226	-9.768348
Rpl7a	-9.057351	-5.603473
Surf1	-11.722431	-8.268553
Surf2	-12.45497	-9.001092
Surf4	-11.086695	-7.632817
Rexo4	-12.5290785	-9.0752
Cacfd1	-12.238996	-8.785117
Adamtsl2	-14.775575	-11.321696
Sardh	-12.76675	-9.312872
Vav2	-13.877633	-10.423755
Brd3os	-14.340256	-10.886377
Brd3	-11.327031	-7.873153
Wdr5	-13.459897	-10.006019
Gm13421	-16.074858	-12.620979
Rxra	-12.46394	-9.010061
2810430I11Rik	-15.564032	-12.110153
Col5a1	-10.449637	-6.9957595
F730016J06Rik	-16.480322	-13.0264435
Olfm1	-11.831136	-8.377257
Ppp1r26	-14.870885	-11.4170065
1700007K13Rik	-17.17347	-13.719591
Mrps2	-13.995416	-10.541537
Gbgt1	-17.17347	-13.719591
Gm10134	-15.227559	-11.773681
Ralgds	-13.676962	-10.2230835
Gtf3c5	-13.739482	-10.285604
Tsc1	-13.062595	-9.608717
Spaca9	-17.17347	-13.719591
Ak8	-17.17347	-13.719591
Gtf3c4	-12.742653	-9.2887745
Ddx31	-14.340256	-10.886377
Ttf1	-12.2247095	-8.770831
Setx	-12.15619	-8.7023115
Ntng2	-17.17347	-13.719591
6530402F18Rik	-14.870885	-11.4170065
Med27	-12.684834	-9.230955
Gm13402	-17.17347	-13.719591
Rapgef1	-12.394346	-8.940468
Trub2	-13.707733	-10.253855
Coq4	-13.046335	-9.592457
Slc27a4	-12.816761	-9.362883
Urm1	-12.519509	-9.065631
2600006K01Rik	-13.222226	-9.768348
Cercam	-11.64404	-8.190162
Odf2	-12.482121	-9.028243
Gle1	-12.067524	-8.613646
Sptan1	-10.460513	-7.006635
Wdr34	-13.535883	-10.082005
Set	-10.111278	-6.6573997
Zdhhc12	-12.869405	-9.415526
Zer1	-12.500641	-9.046762
Tbc1d13	-13.877633	-10.423755
Endog	-12.238996	-8.785117
Spout1	-12.983815	-9.529937
Kyat1	-14.6085205	-11.154642
1700084E18Rik	-16.074858	-12.620979
Lrrc8a	-11.632206	-8.178328
Phyhd1	-12.246216	-8.792337
Dolk	-13.222226	-9.768348
Nup188	-13.046335	-9.592457
Gm14471	-17.17347	-13.719591
Sh3glb2	-11.90047	-8.446591
Miga2	-13.484591	-10.030712
Dolpp1	-13.535883	-10.082005
Crat	-12.437271	-8.983393
Ptpa	-11.459737	-8.005858
Ier5l	-11.500146	-8.0462675
Cstad	-14.534412	-11.080534
Gm14486	-16.074858	-12.620979
Gm14488	-13.995416	-10.541537
1700001O22Rik	-14.976245	-11.522367
Ntmt1	-12.246216	-8.792337
Asb6	-13.062595	-9.608717
Prrx2	-10.414214	-6.960336
Ptges	-14.037975	-10.584097
Tor1b	-11.301352	-7.8474736
Tor1a	-11.969462	-8.515584
BC005624	-11.235933	-7.7820554
Usp20	-12.64087	-9.186992
Fnbp1	-11.835932	-8.382053
D330023K18Rik	-12.9393635	-9.485485
Gpr107	-12.008683	-8.554805
Ncs1	-13.079125	-9.625247
Ass1	-14.082427	-10.628549
Fubp3	-12.253489	-8.79961
Exosc2	-13.014586	-9.560708
Abl1	-11.688673	-8.234795
Qrfp	-17.17347	-13.719591
Lamc3	-9.685176	-6.231298
Aif1l	-15.564032	-12.110153
Nup214	-12.27563	-8.821752
Plpp7	-12.999083	-9.545204
Prrc2b	-10.59006	-7.1361823
Pomt1	-13.366807	-9.912929
Uck1	-12.548497	-9.094619
Swi5	-9.971553	-6.517675
Golga2	-11.991686	-8.537807
Dnm1	-16.074858	-12.620979
Ciz1	-12.548497	-9.094619
1110008P14Rik	-11.48311	-8.029232
Ptges2	-12.855982	-9.402103
Slc25a25	-13.915373	-10.461494
Naif1	-14.688563	-11.234685
Fam102a	-14.177737	-10.723859
Dpm2	-11.688673	-8.234795
Pip5kl1	-17.17347	-13.719591
St6galnac4	-12.27563	-8.821752
St6galnac6	-11.90047	-8.446591
Ak1	-12.28312	-8.829242
Eng	-11.507043	-8.0531645
Fpgs	-13.535883	-10.082005
Cdk9	-11.692831	-8.238953
Sh2d3c	-15.38171	-11.927832
Ttc16	-17.17347	-13.719591
Tor2a	-12.510031	-9.056152
Ptrh1	-14.177737	-10.723859
Cfap157	-17.17347	-13.719591
Stxbp1	-12.361285	-8.907407
Gm13523	-15.38171	-11.927832
Fam129b	-11.48989	-8.036012
Lrsam1	-14.283098	-10.82922
Rpl12	-8.714753	-5.260875
Slc2a8	-12.53874	-9.084862
Garnl3	-14.128947	-10.675069
Ralgps1	-13.877633	-10.423755
Gm13528	-17.17347	-13.719591
Angptl2	-10.6676855	-7.2138076
Zbtb34	-14.037975	-10.584097
Zbtb43	-12.77902	-9.325142
Mvb12b	-12.394346	-8.940468
Pbx3	-13.28165	-9.827771
Mapkap1	-11.553069	-8.099191
Gapvd1	-11.395817	-7.941939
Hspa5	-9.160458	-5.7065797
Rabepk	-12.730819	-9.27694
Fbxw2	-11.507043	-8.0531645
Psmd5	-12.337188	-8.883309
Phf19	-14.340256	-10.886377
Gm13448	-17.17347	-13.719591
Traf1	-15.227559	-11.773681
AI182371	-15.564032	-12.110153
Cntrl	-12.5290785	-9.0752
Rab14	-10.103596	-6.649718
Gsn	-9.224025	-5.7701473
Stom	-11.440128	-7.9862504
Ggta1	-12.588502	-9.134624
Gm13446	-15.0940275	-11.640149
Dab2ip	-11.398918	-7.94504
Ttll11	-16.480322	-13.0264435
Ndufa8	-10.519317	-7.0654387
Rbm18	-12.176257	-8.722379
Mrrf	-12.855982	-9.402103
Gm13431	-16.480322	-13.0264435
Ptgs1	-14.870885	-11.4170065
Pdcl	-11.99732	-8.543442
Rc3h2	-11.436897	-7.9830194
Zbtb6	-12.742653	-9.2887745
Zbtb26	-13.954594	-10.500715
Rabgap1	-11.656016	-8.202138
Strbp	-11.85535	-8.401471
Gpr21	-15.0940275	-11.640149
Dennd1a	-12.329283	-8.875404
Gm13556	-17.17347	-13.719591
Nek6	-13.877633	-10.423755
Psmb7	-10.964879	-7.511001
Nr6a1	-14.534412	-11.080534
Olfml2a	-14.037975	-10.584097
Wdr38	-17.17347	-13.719591
Rpl35	-8.634123	-5.1802454
Arpc5l	-10.781552	-7.3276744
Golga1	-12.313657	-8.859778
Scai	-12.472989	-9.019111
Ppp6c	-11.885202	-8.431324
Lrp1b	-13.222226	-9.768348
Gtdc1	-14.177737	-10.723859
Zeb2	-10.96287	-7.5089917
Zeb2os	-13.954594	-10.500715
Acvr2a	-12.953961	-9.500083
Orc4	-11.942361	-8.488482
Mbd5	-12.203656	-8.749778
Epc2	-11.389645	-7.9357667
Kif5c	-13.535883	-10.082005
Lypd6	-17.17347	-13.719591
Mmadhc	-11.612788	-8.15891
Gm13483	-15.787175	-12.333297
Rnd3	-11.535115	-8.081237
Rbm43	-12.67366	-9.219782
Nmi	-12.385978	-8.932099
Tnfaip6	-12.45497	-9.001092
Rif1	-11.427266	-7.973388
Neb	-15.564032	-12.110153
Arl5a	-11.85535	-8.401471
A430018G15Rik	-12.684834	-9.230955
Cacnb4	-14.082427	-10.628549
Stam2	-12.377679	-8.9238
Fmnl2	-12.353188	-8.899309
Prpf40a	-10.927362	-7.4734845
Arl6ip6	-12.548497	-9.094619
Rprm	-17.17347	-13.719591
Galnt13	-17.17347	-13.719591
Nr4a2	-11.167116	-7.7132382
BB557941	-15.787175	-12.333297
A930012O16Rik	-15.564032	-12.110153
Gpd2	-12.28312	-8.829242
Acvr1c	-16.074858	-12.620979
Acvr1	-12.394346	-8.940468
Upp2	-12.568299	-9.114421
Ccdc148	-14.775575	-11.321696
Pkp4	-10.691893	-7.2380147
Dapl1	-13.772272	-10.318394
Tanc1	-12.369449	-8.91557
Wdsub1	-12.345156	-8.891277
Baz2b	-10.755105	-7.301227
Gm13620	-16.480322	-13.0264435
March7	-11.563997	-8.110119
Cd302	-10.71044	-7.2565618
Ly75	-13.166137	-9.712258
Gm13571	-17.17347	-13.719591
Pla2r1	-14.688563	-11.234685
Itgb6	-17.17347	-13.719591
Rbms1	-11.0799	-7.626022
Tank	-11.986084	-8.532206
Psmd14	-11.463042	-8.009164
Tbr1	-17.17347	-13.719591
Slc4a10	-14.688563	-11.234685
Fap	-13.484591	-10.030712
Ifih1	-13.877633	-10.423755
Gca	-14.082427	-10.628549
Kcnh7	-16.480322	-13.0264435
Fign	-14.283098	-10.82922
Grb14	-11.589973	-8.136095
Cobll1	-13.062595	-9.608717
Gm13594	-14.870885	-11.4170065
Slc38a11	-14.177737	-10.723859
Scn2a	-12.345156	-8.891277
Csrnp3	-17.17347	-13.719591
Ttc21b	-12.953961	-9.500083
Scn7a	-17.17347	-13.719591
B3galt1	-12.238996	-8.785117
Stk39	-12.104566	-8.650687
Cers6	-15.38171	-11.927832
Nostrin	-15.0940275	-11.640149
Spc25	-17.17347	-13.719591
Dhrs9	-15.227559	-11.773681
Bbs5	-13.046335	-9.592457
Klhl41	-14.283098	-10.82922
Fastkd1	-13.261447	-9.807569
Ppig	-10.420032	-6.9661536
Ccdc173	-13.166137	-9.712258
Phospho2	-12.64087	-9.186992
Klhl23	-12.804022	-9.350143
Ssb	-10.164061	-6.7101827
Mettl5	-12.816761	-9.362883
Gm13625	-16.074858	-12.620979
Mettl5os	-15.38171	-11.927832
Ubr3	-11.53868	-8.084802
Erich2	-17.17347	-13.719591
Gm26558	-15.227559	-11.773681
Gorasp2	-11.137988	-7.68411
Tlk1	-11.398918	-7.94504
Mettl8	-13.806173	-10.352295
Dcaf17	-12.402785	-8.948907
Dync1i2	-10.579056	-7.125178
Slc25a12	-12.130044	-8.676166
Hat1	-12.64087	-9.186992
Metap1d	-12.651681	-9.197803
Dlx1as	-17.17347	-13.719591
Dlx1	-12.999083	-9.545204
Dlx2	-12.842736	-9.388858
Itga6	-13.877633	-10.423755
Pdk1	-13.707733	-10.253855
Rapgef4	-14.46542	-11.011541
Rapgef4os3	-17.17347	-13.719591
Map3k20	-10.354546	-6.9006677
Cdca7	-13.509908	-10.056029
Sp3	-11.535115	-8.081237
Sp3os	-12.804022	-9.350143
Ola1	-11.5937395	-8.139861
Sp9	-17.17347	-13.719591
Cir1	-11.1143465	-7.6604686
Scrn3	-12.804022	-9.350143
Gpr155	-13.166137	-9.712258
D230022J07Rik	-14.870885	-11.4170065
Wipf1	-11.974973	-8.521094
Chrna1	-17.17347	-13.719591
Chrna1os	-13.915373	-10.461494
Chn1os3	-16.074858	-12.620979
Chn1	-14.037975	-10.584097
Atf2	-11.664082	-8.210203
Atp5g3	-10.314904	-6.8610263
Lnpk	-12.169523	-8.715645
Hoxd8	-16.480322	-13.0264435
Hoxd3	-16.074858	-12.620979
Hoxd4	-13.707733	-10.253855
Mtx2	-12.345156	-8.891277
Hnrnpa3	-9.89899	-6.4451118
Nfe2l2	-10.987261	-7.533383
E030042O20Rik	-16.480322	-13.0264435
Gm13657	-16.480322	-13.0264435
Agps	-12.651681	-9.197803
Ttc30b	-13.344828	-9.890949
Ttc30a1	-15.38171	-11.927832
Rbm45	-13.5625515	-10.108673
Osbpl6	-12.855982	-9.402103
Prkra	-12.305935	-8.8520565
Fkbp7	-10.893074	-7.439196
Plekha3	-11.556699	-8.10282
Ccdc141	-11.417727	-7.9638495
Sestd1	-12.098296	-8.644418
Zfp385b	-11.926445	-8.472567
Cwc22	-12.377679	-8.9238
Ube2e3	-11.276316	-7.822438
Itga4	-14.775575	-11.321696
Cerkl	-14.688563	-11.234685
Itprid2	-11.793572	-8.339694
Pde1a	-11.324144	-7.8702664
Dnajc10	-10.530983	-7.077105
Frzb	-10.466607	-7.012729
Nckap1	-10.850904	-7.3970265
Dusp19	-12.999083	-9.545204
Nup35	-12.9393635	-9.485485
Zc3h15	-10.836644	-7.3827662
Itgav	-11.1143465	-7.6604686
Gm13684	-17.17347	-13.719591
Fam171b	-12.104566	-8.650687
Calcrl	-11.436897	-7.9830194
Tfpi	-12.76675	-9.312872
Ctnnd1	-11.276316	-7.822438
Selenoh	-12.008683	-8.554805
Tmx2	-12.558349	-9.10447
Med19	-12.067524	-8.613646
Zdhhc5	-12.253489	-8.79961
Clp1	-13.366807	-9.912929
Ypel4	-13.954594	-10.500715
Gm19426	-14.534412	-11.080534
Serping1	-11.295733	-7.8418555
Ube2l6	-13.954594	-10.500715
Timm10	-12.28312	-8.829242
Slc43a1	-15.227559	-11.773681
Slc43a3	-12.136517	-8.682638
Ssrp1	-11.259967	-7.806089
Tnks1bp1	-11.798191	-8.344313
Olfr1033	-10.786591	-7.3327127
Olfr1034	-12.651681	-9.197803
Olfr1036	-17.17347	-13.719591
Olfr1260	-17.17347	-13.719591
Ptprj	-13.030334	-9.576456
4933423P22Rik	-16.480322	-13.0264435
Nup160	-13.366807	-9.912929
Fnbp4	-12.085874	-8.631995
Agbl2	-14.976245	-11.522367
Mtch2	-11.362329	-7.9084506
C1qtnf4	-13.41227	-9.958391
Ndufs3	-10.845532	-7.3916545
Kbtbd4	-13.509908	-10.056029
Ptpmt1	-12.014414	-8.560535
Celf1	-11.073151	-7.6192727
Rapsn	-14.283098	-10.82922
Gm13778	-16.074858	-12.620979
Psmc3	-10.512895	-7.0590167
Slc39a13	-12.085874	-8.631995
Madd	-13.995416	-10.541537
Nr1h3	-13.459897	-10.006019
Acp2	-12.073603	-8.619724
Ddb2	-13.739482	-10.285604
Pacsin3	-12.238996	-8.785117
Arfgap2	-12.049505	-8.595627
1110051M20Rik	-12.953961	-9.500083
Lrp4	-15.0940275	-11.640149
Ckap5	-11.553069	-8.099191
Zfp408	-14.976245	-11.522367
Arhgap1	-11.812178	-8.358299
Atg13	-12.619593	-9.165714
Harbi1	-13.739482	-10.285604
Ambra1	-12.9107895	-9.456911
Mdk	-10.82084	-7.366962
Dgkz	-13.166137	-9.712258
Creb3l1	-12.719122	-9.265244
Phf21a	-11.798191	-8.344313
Large2	-17.17347	-13.719591
Pex16	-12.53874	-9.084862
1700029I15Rik	-15.564032	-12.110153
Mapk8ip1	-12.953961	-9.500083
Cry2	-12.385978	-8.932099
Slc35c1	-13.877633	-10.423755
Chst1	-16.480322	-13.0264435
Prdm11	-13.841265	-10.387386
4631405J19Rik	-13.366807	-9.912929
Trp53i11	-13.28165	-9.827771
Tspan18	-15.564032	-12.110153
Cd82	-14.082427	-10.628549
Ext2	-11.327031	-7.873153
Accs	-13.877633	-10.423755
Gm13889	-11.816883	-8.363005
Alkbh3	-12.76675	-9.312872
Hsd17b12	-11.463042	-8.009164
Mir670hg	-14.534412	-11.080534
Ttc17	-12.730819	-9.27694
2810002D19Rik	-13.302269	-9.848391
Api5	-11.597521	-8.143642
Gm10800	-16.074858	-12.620979
B230118H07Rik	-11.365327	-7.911449
Traf6	-13.261447	-9.807569
Prr5l	-13.954594	-10.500715
Commd9	-12.754629	-9.300751
Ldlrad3	-12.055475	-8.601597
Gm13920	-17.17347	-13.719591
Trim44	-11.3041725	-7.8502946
Fjx1	-11.718148	-8.26427
Pamr1	-11.479737	-8.025859
Slc1a2	-17.17347	-13.719591
Cd44	-13.046335	-9.592457
Pdhx	-13.095932	-9.642054
Apip	-11.684532	-8.230654
Cat	-11.845593	-8.391715
Abtb2	-12.28312	-8.829242
Nat10	-13.4358	-9.981921
Caprin1	-11.268107	-7.8142295
Lmo2	-15.227559	-11.773681
Fbxo3	-11.549452	-8.095573
Cd59b	-13.459897	-10.006019
Cd59a	-11.192056	-7.738178
A930018P22Rik	-17.17347	-13.719591
Hipk3	-11.145191	-7.6913133
Cstf3	-12.57835	-9.124472
Tcp11l1	-13.459897	-10.006019
Depdc7	-16.074858	-12.620979
Qser1	-11.744123	-8.290245
Ccdc73	-14.340256	-10.886377
Eif3m	-10.693425	-7.2395473
Rcn1	-10.420032	-6.9661536
Pax6	-17.17347	-13.719591
Elp4	-12.76675	-9.312872
Immp1l	-11.365327	-7.911449
Dnajc24	-12.696133	-9.242254
BB218582	-14.340256	-10.886377
Mpped2	-11.656016	-8.202138
Arl14ep	-12.842736	-9.388858
Mettl15	-13.647109	-10.193231
Kif18a	-14.534412	-11.080534
Bdnf	-10.330787	-6.876909
Lin7c	-11.292936	-7.8390584
Lgr4	-12.394346	-8.940468
Ccdc34	-11.430467	-7.9765887
Bbox1	-16.480322	-13.0264435
Fibin	-9.502109	-6.0482306
Ano3	-13.772272	-10.318394
Lpcat4	-13.841265	-10.387386
Nop10	-10.381125	-6.9272475
Slc12a6	-12.491339	-9.03746
Emc4	-11.356359	-7.9024806
Katnbl1	-12.337188	-8.883309
Emc7	-10.384498	-6.9306197
Aven	-12.88301	-9.4291315
Ryr3	-14.976245	-11.522367
Fmn1	-13.241644	-9.7877655
Gm13963	-16.480322	-13.0264435
Gm13966	-17.17347	-13.719591
Grem1	-12.085874	-8.631995
Scg5	-15.0940275	-11.640149
Arhgap11a	-16.074858	-12.620979
Actc1	-13.261447	-9.807569
Aqr	-11.905611	-8.451733
Zfp770	-13.079125	-9.625247
Dph6	-12.568299	-9.114421
BC052040	-14.976245	-11.522367
Meis2	-11.270836	-7.816958
2700033N17Rik	-14.870885	-11.4170065
G630016G05Rik	-17.17347	-13.719591
D330050G23Rik	-16.480322	-13.0264435
Spred1	-12.143031	-8.689153
Fam98b	-11.744123	-8.290245
Thbs1	-12.298272	-8.844394
Gpr176	-15.227559	-11.773681
Eif2ak4	-13.079125	-9.625247
Srp14	-10.124215	-6.670337
Bmf	-13.222226	-9.768348
Bub1b	-15.787175	-12.333297
Pak6	-14.6085205	-11.154642
Inafm2	-11.885202	-8.431324
Ccdc9b	-11.958533	-8.504655
Knstrn	-17.17347	-13.719591
Ivd	-12.07972	-8.625841
Bahd1	-13.806173	-10.352295
Chst14	-12.855982	-9.402103
Ccdc32	-11.845593	-8.391715
Rpusd2	-15.227559	-11.773681
Knl1	-17.17347	-13.719591
Rad51	-15.564032	-12.110153
Rmdn3	-12.953961	-9.500083
Gchfr	-15.227559	-11.773681
Dnajc17	-12.9107895	-9.456911
Zfyve19	-13.261447	-9.807569
Vps18	-13.261447	-9.807569
Chac1	-15.787175	-12.333297
Ino80	-12.217643	-8.763764
Exd1	-15.787175	-12.333297
Chp1	-11.389645	-7.9357667
Oip5os1	-10.906269	-7.452391
Oip5	-17.17347	-13.719591
Nusap1	-16.074858	-12.620979
Ndufaf1	-13.302269	-9.848391
Rtf1	-10.459299	-7.005421
Itpka	-16.074858	-12.620979
Ltk	-14.870885	-11.4170065
Rpap1	-13.366807	-9.912929
Tyro3	-13.877633	-10.423755
Mga	-11.177017	-7.7231393
Mapkbp1	-13.535883	-10.082005
Jmjd7	-14.775575	-11.321696
Pla2g4b	-16.074858	-12.620979
Ehd4	-10.854502	-7.400624
Pla2g4e	-15.564032	-12.110153
Vps39	-13.184485	-9.730607
Tmem87a	-12.791443	-9.337564
Ganc	-12.869405	-9.415526
Capn3	-14.177737	-10.723859
Zfp106	-10.746981	-7.2931027
Snap23	-11.324144	-7.8702664
Lrrc57	-12.57835	-9.124472
Haus2	-13.344828	-9.890949
Stard9	-13.739482	-10.285604
Cdan1	-13.647109	-10.193231
Ttbk2	-12.968777	-9.514898
AV039307	-15.564032	-12.110153
Ubr1	-11.890265	-8.436387
Tmem62	-13.4358	-9.981921
Ccndbp1	-12.189863	-8.735985
Lcmt2	-13.877633	-10.423755
Adal	-13.806173	-10.352295
Zscan29	-13.676962	-10.2230835
Tubgcp4	-13.079125	-9.625247
Trp53bp1	-12.27563	-8.821752
Map1a	-10.391277	-6.9373994
Ppip5k1	-12.9107895	-9.456911
Catsper2	-15.227559	-11.773681
Pdia3	-9.283635	-5.8297577
Serinc4	-16.480322	-13.0264435
Serf2	-8.2112055	-4.757328
Hypk	-12.104566	-8.650687
Mfap1b	-11.713884	-8.260006
Mfap1a	-11.835932	-8.382053
Wdr76	-13.877633	-10.423755
Frmd5	-14.870885	-11.4170065
Casc4	-10.734119	-7.2802415
Ctdspl2	-11.766297	-8.312419
Eif3j1	-10.778208	-7.32433
Spg11	-13.261447	-9.807569
B2m	-9.941459	-6.487581
Sord	-12.07972	-8.625841
Shf	-13.954594	-10.500715
Gatm	-17.17347	-13.719591
Slc30a4	-12.855982	-9.402103
4930417H01Rik	-16.480322	-13.0264435
Bloc1s6os	-17.17347	-13.719591
Bloc1s6	-12.651681	-9.197803
Sqor	-12.117224	-8.663345
Sema6d	-14.870885	-11.4170065
Slc24a5	-13.323322	-9.869444
Myef2	-12.183037	-8.729158
Dut	-11.915975	-8.462096
Fbn1	-9.864926	-6.4110484
Gm9913	-15.38171	-11.927832
Cep152	-14.46542	-11.011541
Shc4	-14.400881	-10.947002
Eid1	-9.626495	-6.1726174
Secisbp2l	-11.496716	-8.042837
Cops2	-11.528023	-8.074144
Galk2	-13.113027	-9.659148
Fgf7	-15.787175	-12.333297
Dtwd1	-13.148118	-9.69424
Gabpb1	-13.323322	-9.869444
Gm27003	-15.787175	-12.333297
Usp8	-11.473026	-8.019148
Usp50	-13.589951	-10.136072
Trpm7	-11.029284	-7.5754056
Sppl2a	-11.456442	-8.002563
Ap4e1	-13.148118	-9.69424
Blvra	-12.238996	-8.785117
Ncaph	-17.17347	-13.719591
Itpripl1	-14.976245	-11.522367
1810024B03Rik	-13.38928	-9.935402
Snrnp200	-11.672212	-8.218333
Ciao1	-11.953114	-8.499235
Tmem127	-12.231827	-8.777948
Stard7	-12.45497	-9.001092
Dusp2	-16.074858	-12.620979
Fahd2a	-12.816761	-9.362883
Kcnip3	-14.400881	-10.947002
Zfp661	-15.38171	-11.927832
Mrps5	-11.624393	-8.170515
Mal	-16.480322	-13.0264435
Mall	-15.38171	-11.927832
Nphp1	-12.619593	-9.165714
Mtln	-10.948911	-7.495033
Bcl2l11	-13.915373	-10.461494
Gm39929	-15.0940275	-11.640149
Anapc1	-11.807493	-8.353615
Mertk	-12.098296	-8.644418
Tmem87b	-11.48989	-8.036012
Fbln7	-13.203177	-9.749299
Zc3h8	-13.618121	-10.164243
Gm10762	-12.76675	-9.312872
Zc3h6	-12.482121	-9.028243
Ttl	-12.377679	-8.9238
Polr1b	-14.340256	-10.886377
Chchd5	-13.046335	-9.592457
AI847159	-17.17347	-13.719591
Gm14029	-16.480322	-13.0264435
Slc20a1	-13.062595	-9.608717
9830144P21Rik	-17.17347	-13.719591
Ckap2l	-15.787175	-12.333297
Gm14023	-15.787175	-12.333297
Sirpa	-13.995416	-10.541537
Stk35	-12.999083	-9.545204
Tgm3	-17.17347	-13.719591
Snrpb	-9.950173	-6.4962955
Nop56	-11.709638	-8.255759
Idh3b	-11.466359	-8.012481
Ebf4	-13.676962	-10.2230835
Cpxm1	-12.7075615	-9.253683
Pced1a	-14.082427	-10.628549
Vps16	-12.924974	-9.471096
Ptpra	-10.908169	-7.454291
Mrps26	-11.459737	-8.005858
Oxt	-16.480322	-13.0264435
Avp	-17.17347	-13.719591
Ubox5	-14.976245	-11.522367
Fastkd5	-14.775575	-11.321696
Lzts3	-13.995416	-10.541537
Ddrgk1	-10.956863	-7.5029855
Itpa	-12.298272	-8.844394
4930402H24Rik	-12.446082	-8.992204
A730017L22Rik	-14.340256	-10.886377
Atrn	-12.231827	-8.777948
Gfra4	-13.184485	-9.730607
Adam33	-12.5290785	-9.0752
Hspa12b	-14.6085205	-11.154642
1700037H04Rik	-14.177737	-10.723859
Spef1	-13.676962	-10.2230835
Cenpb	-10.363327	-6.909449
Cdc25b	-13.184485	-9.730607
Ap5s1	-13.062595	-9.608717
Mavs	-12.76675	-9.312872
Pank2	-12.210625	-8.756746
Rnf24	-12.203656	-8.749778
Smox	-13.676962	-10.2230835
Adra1d	-13.806173	-10.352295
Gm14285	-15.787175	-12.333297
Prnp	-11.612788	-8.15891
Prnd	-17.17347	-13.719591
Rassf2	-14.976245	-11.522367
Slc23a2	-12.999083	-9.545204
Tmem230	-12.5290785	-9.0752
Pcna	-11.718148	-8.26427
AV099323	-15.38171	-11.927832
Cds2	-11.535115	-8.081237
Gpcpd1	-11.942361	-8.488482
Shld1	-12.719122	-9.265244
Chgb	-17.17347	-13.719591
Trmt6	-12.816761	-9.362883
Mcm8	-14.976245	-11.522367
Crls1	-12.588502	-9.134624
Fermt1	-17.17347	-13.719591
Bmp2	-13.030334	-9.576456
Tmx4	-10.933193	-7.4793153
Plcb1	-12.298272	-8.844394
9630028H03Rik	-17.17347	-13.719591
Plcb4	-9.994924	-6.5410457
Pak7	-12.855982	-9.402103
Ankef1	-16.480322	-13.0264435
Snap25	-17.17347	-13.719591
Mkks	-13.095932	-9.642054
Slx4ip	-14.082427	-10.628549
Jag1	-12.548497	-9.094619
Btbd3	-12.5290785	-9.0752
Ism1	-14.229031	-10.775152
Tasp1	-13.915373	-10.461494
Esf1	-11.048786	-7.594908
Ndufaf5	-13.995416	-10.541537
Macrod2	-13.5625515	-10.108673
Flrt3	-13.739482	-10.285604
Macrod2os2	-17.17347	-13.719591
Kif16b	-12.411296	-8.9574175
Kif16bos	-17.17347	-13.719591
Snrpb2	-11.427266	-7.973388
Otor	-12.482121	-9.028243
Pcsk2os1	-15.787175	-12.333297
Pcsk2	-14.283098	-10.82922
Bfsp1	-14.870885	-11.4170065
Dstn	-7.5483074	-4.09443
Rrbp1	-9.052584	-5.598706
Snx5	-11.963984	-8.510105
Mgme1	-13.148118	-9.69424
Kat14	-13.222226	-9.768348
Dzank1	-14.688563	-11.234685
Polr3f	-12.696133	-9.242254
Rbbp9	-11.74852	-8.2946415
Sec23b	-12.510031	-9.056152
Smim26	-10.913888	-7.46001
Dtd1	-11.093536	-7.6396585
Slc24a3	-11.453157	-7.9992795
Rin2	-10.678204	-7.2243257
Naa20	-11.684532	-8.230654
Crnkl1	-11.845593	-8.391715
Ralgapa2	-12.754629	-9.300751
Kiz	-12.337188	-8.883309
Xrn2	-11.102732	-7.648854
AI646519	-17.17347	-13.719591
Pax1	-15.564032	-12.110153
Thbd	-10.655798	-7.20192
Cd93	-14.46542	-11.011541
Nxt1	-12.684834	-9.230955
Gzf1	-12.588502	-9.134624
Napb	-13.5625515	-10.108673
Cst3	-7.6434393	-4.189562
Zfp120	-13.203177	-9.749299
Zfp937	-14.400881	-10.947002
3300002I08Rik	-15.38171	-11.927832
Gm10130	-14.229031	-10.775152
Zfp442	-13.877633	-10.423755
Apmap	-12.345156	-8.891277
Acss1	-15.0940275	-11.640149
Entpd6	-14.283098	-10.82922
Pygb	-11.652009	-8.198131
Abhd12	-12.176257	-8.722379
Gins1	-14.870885	-11.4170065
Ninl	-14.340256	-10.886377
Nanp	-13.535883	-10.082005
Nsfl1c	-11.571351	-8.117473
Gm14167	-16.074858	-12.620979
Fkbp1a	-10.00412	-6.550242
Tmem74b	-17.17347	-13.719591
Psmf1	-12.896804	-9.442925
Fam110a	-14.976245	-11.522367
Srxn1	-12.7075615	-9.253683
Csnk2a1	-10.267716	-6.8138385
Tbc1d20	-11.931723	-8.477844
Rbck1	-11.816883	-8.363005
Trib3	-15.787175	-12.333297
Sox12	-13.707733	-10.253855
Zcchc3	-13.113027	-9.659148
Defb25	-14.6085205	-11.154642
Rem1	-12.110874	-8.656996
H13	-11.152446	-7.698568
Mcts2	-12.968777	-9.514898
Id1	-9.7988405	-6.3449626
Cox4i2	-11.350424	-7.896546
Bcl2l1	-12.055475	-8.601597
Tpx2	-14.870885	-11.4170065
Mylk2	-14.534412	-11.080534
Foxs1	-13.509908	-10.056029
Pdrg1	-11.850459	-8.396581
Tm9sf4	-11.942361	-8.488482
Tspyl3	-14.775575	-11.321696
Plagl2	-13.38928	-9.935402
Pofut1	-12.67366	-9.219782
Kif3b	-12.9393635	-9.485485
2500004C02Rik	-14.775575	-11.321696
Asxl1	-12.619593	-9.165714
Nol4l	-15.38171	-11.927832
Commd7	-11.784398	-8.33052
Dnmt3b	-14.037975	-10.584097
Mapre1	-10.393548	-6.93967
Bpifb1	-17.17347	-13.719591
Cdk5rap1	-13.915373	-10.461494
Snta1	-11.350424	-7.896546
Cbfa2t2	-12.742653	-9.2887745
E2f1	-17.17347	-13.719591
Pxmp4	-11.974973	-8.521094
Zfp341	-15.227559	-11.773681
Chmp4b	-10.618113	-7.1642346
Raly	-10.755105	-7.301227
Eif2s2	-10.128565	-6.674687
Ahcy	-14.283098	-10.82922
Itch	-11.398918	-7.94504
Dynlrb1	-9.93282	-6.4789424
Map1lc3a	-9.272462	-5.8185844
Pigu	-12.896804	-9.442925
Trp53inp2	-11.321267	-7.867389
Ncoa6	-12.231827	-8.777948
Ggt7	-13.509908	-10.056029
Acss2	-12.9393635	-9.485485
Gss	-12.816761	-9.362883
Trpc4ap	-11.722431	-8.268553
Edem2	-12.924974	-9.471096
Mmp24	-17.17347	-13.719591
BC029722	-12.5290785	-9.0752
Eif6	-11.386572	-7.932694
Uqcc1	-12.88301	-9.4291315
Gdf5	-16.480322	-13.0264435
Cep250	-12.791443	-9.337564
Ergic3	-10.691893	-7.2380147
Spag4	-15.38171	-11.927832
Cpne1	-12.169523	-8.715645
Nfs1	-12.7075615	-9.253683
Romo1	-9.840446	-6.3865685
Rbm39	-9.3268795	-5.8730016
Phf20	-11.5105095	-8.056631
Scand1	-10.619536	-7.1656585
Cnbd2	-15.227559	-11.773681
Gm14170	-17.17347	-13.719591
2900097C17Rik	-10.580425	-7.1265473
Epb41l1	-12.169523	-8.715645
Aar2	-12.88301	-9.4291315
Gm14168	-15.564032	-12.110153
Dlgap4	-10.755105	-7.301227
4930405A21Rik	-15.564032	-12.110153
Myl9	-7.2733874	-3.81951
Tgif2	-15.227559	-11.773681
5430405H02Rik	-12.88301	-9.4291315
Rab5if	-10.774875	-7.3209968
Ndrg3	-12.369449	-8.91557
Dsn1	-14.775575	-11.321696
Soga1	-13.241644	-9.7877655
Samhd1	-12.472989	-9.019111
Rbl1	-14.037975	-10.584097
Rpn2	-10.215972	-6.762094
Manbal	-11.254576	-7.800698
Src	-12.829664	-9.375786
Gm14286	-17.17347	-13.719591
Blcap	-13.030334	-9.576456
Ctnnbl1	-12.482121	-9.028243
Tti1	-13.589951	-10.136072
Rprd1b	-11.821611	-8.367733
Tgm2	-11.479737	-8.025859
D630003M21Rik	-16.480322	-13.0264435
Snhg17	-13.995416	-10.541537
Ralgapb	-12.253489	-8.79961
Actr5	-13.676962	-10.2230835
Ppp1r16b	-17.17347	-13.719591
Fam83d	-17.17347	-13.719591
Dhx35	-14.082427	-10.628549
Mafb	-12.313657	-8.859778
Top1	-10.124215	-6.670337
Plcg1	-12.7075615	-9.253683
Zhx3	-12.162834	-8.708956
Gm16751	-15.38171	-11.927832
Lpin3	-13.954594	-10.500715
Chd6	-10.497646	-7.0437684
Gm45447	-14.6085205	-11.154642
Srsf6	-11.207323	-7.753445
Ift52	-12.684834	-9.230955
Mybl2	-17.17347	-13.719591
Tox2	-13.806173	-10.352295
Jph2	-11.042243	-7.588365
Oser1	-12.260815	-8.806936
2900093K20Rik	-13.995416	-10.541537
Fitm2	-13.366807	-9.912929
Ttpal	-13.130418	-9.676539
Serinc3	-10.031433	-6.577555
0610039K10Rik	-16.480322	-13.0264435
Pkig	-11.197119	-7.743241
Ada	-15.0940275	-11.640149
Ccn5	-12.519509	-9.065631
Ywhab	-10.085896	-6.6320176
Pabpc1l	-17.17347	-13.719591
Tomm34	-12.238996	-8.785117
Stk4	-12.313657	-8.859778
Matn4	-16.480322	-13.0264435
Rbpjl	-17.17347	-13.719591
Sdc4	-9.9911175	-6.5372396
Sys1	-11.338658	-7.8847804
Dbndd2	-10.822584	-7.368706
Pigt	-12.210625	-8.756746
Wfdc3	-16.480322	-13.0264435
Dnttip1	-11.926445	-8.472567
Gm11457	-17.17347	-13.719591
Ube2c	-17.17347	-13.719591
Tnnc2	-16.480322	-13.0264435
Snx21	-12.098296	-8.644418
Acot8	-12.754629	-9.300751
Zswim3	-14.6085205	-11.154642
Zswim1	-13.28165	-9.827771
Spata25	-17.17347	-13.719591
Neurl2	-12.231827	-8.777948
Ctsa	-10.609614	-7.1557364
Pltp	-12.630175	-9.176296
Pcif1	-11.652009	-8.198131
Zfp335	-13.509908	-10.056029
Zfp335os	-16.074858	-12.620979
Mmp9	-16.480322	-13.0264435
Ncoa5	-13.079125	-9.625247
Slc35c2	-13.079125	-9.625247
Elmo2	-12.419879	-8.966001
Zfp334	-13.484591	-10.030712
Trp53rka	-13.113027	-9.659148
Slc2a10	-12.896804	-9.442925
Eya2	-14.037975	-10.584097
Zmynd8	-11.870165	-8.416286
Ncoa3	-11.290147	-7.836269
Sulf2	-11.241224	-7.7873464
Prex1	-13.841265	-10.387386
Trp53rkb	-13.877633	-10.423755
Arfgef2	-13.030334	-9.576456
Cse1l	-12.446082	-8.992204
Stau1	-11.850459	-8.396581
Ddx27	-12.189863	-8.735985
Znfx1	-12.329283	-8.875404
Zfas1	-11.870165	-8.416286
Kcnb1	-11.958533	-8.504655
1110018N20Rik	-13.772272	-10.318394
Ptgis	-8.837558	-5.3836803
Gm14291	-17.17347	-13.719591
B4galt5	-13.5625515	-10.108673
Slc9a8	-13.806173	-10.352295
Spata2	-13.484591	-10.030712
Rnf114	-12.588502	-9.134624
Snai1	-13.095932	-9.642054
Ube2v1	-11.035743	-7.581865
Tmem189	-12.07972	-8.625841
Gm14320	-17.17347	-13.719591
Cebpb	-10.5681715	-7.1142936
A530013C23Rik	-14.283098	-10.82922
9230111E07Rik	-16.480322	-13.0264435
1200007C13Rik	-13.459897	-10.006019
Gm14319	-17.17347	-13.719591
Ptpn1	-11.668138	-8.214259
Adnp	-11.350424	-7.896546
Dpm1	-10.887471	-7.4335933
Mocs3	-13.676962	-10.2230835
Kcng1	-17.17347	-13.719591
Atp9a	-12.117224	-8.663345
Zfp64	-13.261447	-9.807569
Gm9873	-17.17347	-13.719591
Tshz2	-10.626684	-7.1728063
Zfp217	-16.480322	-13.0264435
Pfdn4	-11.937028	-8.48315
Dok5	-17.17347	-13.719591
Fam210b	-13.203177	-9.749299
Cstf1	-13.459897	-10.006019
Gm14455	-15.38171	-11.927832
Rtf2	-11.701199	-8.24732
Fam209	-16.480322	-13.0264435
Bmp7	-15.38171	-11.927832
Rae1	-12.014414	-8.560535
Rbm38	-14.177737	-10.723859
Zbp1	-16.074858	-12.620979
Pmepa1	-8.732078	-5.2782
Pmepa1os	-17.17347	-13.719591
Rab22a	-11.440128	-7.9862504
Vapb	-10.902481	-7.448603
Stx16	-12.020178	-8.566299
Npepl1	-11.915975	-8.462096
Gnas	-8.344389	-4.8905115
Gm20721	-13.954594	-10.500715
Nelfcd	-12.64087	-9.186992
Ctsz	-10.262719	-6.808841
Atp5e	-8.928084	-5.474207
Prelid3b	-12.491339	-9.03746
Edn3	-17.17347	-13.719591
Gm14393	-17.17347	-13.719591
Gm14399	-14.128947	-10.675069
Gm14443	-14.775575	-11.321696
Gm14391	-15.787175	-12.333297
Gm4631	-14.283098	-10.82922
Zfp968	-14.6085205	-11.154642
Gm4724	-15.564032	-12.110153
Gm6710	-13.915373	-10.461494
Zfp966	-15.38171	-11.927832
Gm11008	-17.17347	-13.719591
Gm14434	-16.074858	-12.620979
Zfp967	-17.17347	-13.719591
Gm14308	-17.17347	-13.719591
Zfp973	-14.46542	-11.011541
Gm14305	-13.484591	-10.030712
Gm14295	-14.177737	-10.723859
Gm14296	-13.344828	-9.890949
Gm14419	-14.775575	-11.321696
Gm14410	-16.074858	-12.620979
Gm14409	-17.17347	-13.719591
Gm14412	-16.480322	-13.0264435
Gm14418	-13.954594	-10.500715
Zfp970	-14.870885	-11.4170065
Gm14403	-14.283098	-10.82922
Gm14322	-14.534412	-11.080534
Gm14325	-14.46542	-11.011541
Gm14327	-15.564032	-12.110153
Zfp972	-17.17347	-13.719591
Gm14326	-14.037975	-10.584097
Zfp971	-13.915373	-10.461494
Zfp931	-12.855982	-9.402103
Phactr3	-14.340256	-10.886377
Ppp1r3d	-14.229031	-10.775152
Fam217b	-13.062595	-9.608717
Cdh4	-14.082427	-10.628549
Taf4	-13.030334	-9.576456
4921531C22Rik	-13.166137	-9.712258
Lsm14b	-12.588502	-9.134624
Psma7	-9.883177	-6.429299
Ss18l1	-15.0940275	-11.640149
Mtg2	-12.598759	-9.14488
Osbpl2	-12.548497	-9.094619
Adrm1	-11.332828	-7.8789496
Lama5	-11.905611	-8.451733
Rps21	-7.700303	-4.2464256
Cables2	-13.203177	-9.749299
B230312C02Rik	-14.46542	-11.011541
Mrgbp	-13.5625515	-10.108673
Ogfr	-12.842736	-9.388858
Col9a3	-14.037975	-10.584097
Dido1	-11.835932	-8.382053
Gid8	-12.203656	-8.749778
Slc17a9	-17.17347	-13.719591
Ythdf1	-11.986084	-8.532206
Nkain4	-12.953961	-9.500083
Arfgap1	-12.598759	-9.14488
9230112E08Rik	-15.227559	-11.773681
Col20a1	-16.480322	-13.0264435
Kcnq2	-17.17347	-13.719591
Eef1a2	-16.074858	-12.620979
Ppdpf	-11.463042	-8.009164
Fndc11	-17.17347	-13.719591
Helz2	-14.128947	-10.675069
Gmeb2	-12.999083	-9.545204
Rtel1	-14.283098	-10.82922
Arfrp1	-12.049505	-8.595627
Zgpat	-12.754629	-9.300751
Zbtb46	-14.082427	-10.628549
Tpd52l2	-10.958861	-7.5049834
Dnajc5	-11.493297	-8.039418
Uckl1	-12.402785	-8.948907
Zfp512b	-12.64087	-9.186992
Prpf6	-11.816883	-8.363005
Samd10	-13.915373	-10.461494
Gm29797	-17.17347	-13.719591
Tcea2	-14.46542	-11.011541
Rgs19	-13.323322	-9.869444
Pcmtd2	-11.947722	-8.493844
Polr3k	-12.002986	-8.549108
Zfhx4	-13.366807	-9.912929
Pex2	-12.428537	-8.974659
Gm8797	-14.283098	-10.82922
Pkia	-12.061481	-8.607603
Zc2hc1a	-11.578758	-8.12488
Stmn2	-14.775575	-11.321696
Hey1	-13.28165	-9.827771
Mrps28	-11.295733	-7.8418555
Tpd52	-12.238996	-8.785117
Zbtb10	-13.366807	-9.912929
C030034L19Rik	-17.17347	-13.719591
Zfp704	-11.392726	-7.938848
Pag1	-14.46542	-11.011541
Gm16337	-17.17347	-13.719591
Fabp5	-11.660041	-8.206162
Gm9833	-16.480322	-13.0264435
Fabp4	-10.1434965	-6.6896186
Impa1	-11.128464	-7.674586
Zfand1	-13.535883	-10.082005
Chmp4c	-11.238575	-7.784697
Snx16	-12.598759	-9.14488
Gm2464	-15.564032	-12.110153
Ralyl	-14.400881	-10.947002
Lrrcc1	-11.890265	-8.436387
E2f5	-12.290668	-8.836789
Rbis	-10.985206	-7.5313277
Car13	-17.17347	-13.719591
Ythdf3	-11.648017	-8.194139
Cyp7b1	-15.787175	-12.333297
Armc1	-11.48311	-8.029232
Mtfr1	-12.437271	-8.983393
Pde7a	-12.696133	-9.242254
Gm16093	-16.480322	-13.0264435
Cp	-14.229031	-10.775152
Hps3	-13.323322	-9.869444
Hltf	-12.183037	-8.729158
Gyg	-12.025975	-8.572097
Gm43672	-13.806173	-10.352295
Tbl1xr1	-12.025975	-8.572097
Naaladl2	-13.28165	-9.827771
Nlgn1	-14.870885	-11.4170065
Ect2	-16.074858	-12.620979
Nceh1	-13.241644	-9.7877655
Fndc3b	-9.9934	-6.5395217
Tmem212	-16.480322	-13.0264435
Pld1	-11.850459	-8.396581
Tnik	-12.27563	-8.821752
1700112D23Rik	-17.17347	-13.719591
Eif5a2	-13.095932	-9.642054
Rpl22l1	-9.324925	-5.871048
Mecom	-11.23067	-7.776792
Mecomos	-16.480322	-13.0264435
Mynn	-12.9107895	-9.456911
4933429H19Rik	-16.074858	-12.620979
Sec62	-9.534789	-6.0809116
Phc3	-11.64404	-8.190162
Prkci	-13.130418	-9.676539
Skil	-10.572239	-7.118361
Cldn11	-16.480322	-13.0264435
Slc7a14	-16.074858	-12.620979
Zmat3	-12.7075615	-9.253683
Pik3ca	-11.1308365	-7.6769586
Zfp639	-11.542257	-8.088379
Gm37592	-17.17347	-13.719591
Mfn1	-13.130418	-9.676539
Gnb4	-10.0701475	-6.6162696
Actl6a	-12.169523	-8.715645
Mrpl47	-12.924974	-9.471096
Ndufb5	-10.449637	-6.9957595
Usp13	-13.014586	-9.560708
Pex5l	-16.074858	-12.620979
Ttc14	-11.140384	-7.686506
Ccdc39	-13.38928	-9.935402
Gm43140	-16.480322	-13.0264435
Fxr1	-10.941022	-7.487144
Dnajc19	-11.003859	-7.5499806
Atp11b	-11.567667	-8.113789
Dcun1d1	-11.921196	-8.467318
Gm15952	-14.688563	-11.234685
Mccc1	-12.64087	-9.186992
Mccc1os	-15.787175	-12.333297
Acad9	-12.816761	-9.362883
Zfp267	-12.510031	-9.056152
Anxa5	-9.486848	-6.0329704
1810062G17Rik	-13.772272	-10.318394
Gm11549	-15.787175	-12.333297
Exosc9	-12.64087	-9.186992
Ccna2	-17.17347	-13.719591
Bbs7	-13.261447	-9.807569
Trpc3	-16.480322	-13.0264435
4932438A13Rik	-11.184508	-7.7306304
Il2	-16.480322	-13.0264435
Cetn4	-12.924974	-9.471096
Bbs12	-14.400881	-10.947002
Fgf2os	-16.480322	-13.0264435
Fgf2	-11.542257	-8.088379
Nudt6	-13.459897	-10.006019
Spata5	-13.344828	-9.890949
Spry1	-14.775575	-11.321696
Gm5148	-16.480322	-13.0264435
Ankrd50	-12.568299	-9.114421
C230034O21Rik	-16.480322	-13.0264435
Fat4	-11.597521	-8.143642
Intu	-14.688563	-11.234685
Slc25a31	-17.17347	-13.719591
Hspa4l	-11.826362	-8.372483
Plk4	-13.806173	-10.352295
Mfsd8	-13.459897	-10.006019
Abhd18	-12.804022	-9.350143
6430590A07Rik	-13.166137	-9.712258
1700034I23Rik	-16.480322	-13.0264435
Larp1b	-11.374377	-7.9204993
Pgrmc2	-11.270836	-7.816958
Jade1	-11.980513	-8.526634
Sclt1	-12.630175	-9.176296
D3Ertd751e	-13.5625515	-10.108673
2610316D01Rik	-17.17347	-13.719591
Pcdh10	-15.38171	-11.927832
Pabpc4l	-13.739482	-10.285604
Pcdh18	-12.519509	-9.065631
Slc7a11	-17.17347	-13.719591
Noct	-14.400881	-10.947002
Elf2	-11.008052	-7.554174
Ndufc1	-9.9192915	-6.4654136
Naa15	-11.560342	-8.106463
Rab33b	-12.238996	-8.785117
Setd7	-10.735718	-7.28184
5031434O11Rik	-14.870885	-11.4170065
Maml3	-13.302269	-9.848391
Foxo1	-11.053172	-7.599294
Gm2447	-16.480322	-13.0264435
Cog6	-12.896804	-9.442925
Lhfp	-9.603541	-6.149664
Nhlrc3	-14.082427	-10.628549
Proser1	-12.896804	-9.442925
Ufm1	-11.2047615	-7.7508836
Postn	-10.417701	-6.963823
Supt20	-11.953114	-8.499235
Exosc8	-12.305935	-8.8520565
Alg5	-12.07972	-8.625841
Smad9	-12.411296	-8.9574175
Rfxap	-11.885202	-8.431324
Spg20	-11.947722	-8.493844
Ccdc169	-16.480322	-13.0264435
Dclk1	-14.128947	-10.675069
Nbea	-11.605125	-8.151247
Mab21l1	-14.340256	-10.886377
Tm4sf1	-9.408324	-5.954447
Wwtr1	-10.937099	-7.4832215
Commd2	-11.816883	-8.363005
Rnf13	-11.656016	-8.202138
Pfn2	-12.246216	-8.792337
Tsc22d2	-11.287366	-7.833488
Serp1	-11.281825	-7.827947
Eif2a	-11.624393	-8.170515
Selenot	-11.284592	-7.8307137
Siah2	-13.344828	-9.890949
Gm43570	-17.17347	-13.719591
Med12l	-13.995416	-10.541537
P2ry14	-13.877633	-10.423755
P2ry12	-17.17347	-13.719591
Igsf10	-15.227559	-11.773681
Gm38186	-17.17347	-13.719591
Mbnl1	-9.321808	-5.8679304
Rap2b	-12.696133	-9.242254
9330121J05Rik	-17.17347	-13.719591
Arhgef26	-13.222226	-9.768348
Dhx36	-10.87636	-7.422482
Gpr149	-15.787175	-12.333297
Mme	-12.983815	-9.529937
Plch1	-17.17347	-13.719591
E130311K13Rik	-13.062595	-9.608717
Slc33a1	-12.385978	-8.932099
Gmps	-11.608949	-8.15507
Vmn2r1	-16.480322	-13.0264435
Kcnab1	-11.553069	-8.099191
A330015K06Rik	-17.17347	-13.719591
Ssr3	-10.623818	-7.1699405
Tiparp	-12.548497	-9.094619
Lekr1	-13.772272	-10.318394
Ccnl1	-11.0799	-7.626022
Gm37305	-14.534412	-11.080534
Ptx3	-13.739482	-10.285604
Shox2	-13.323322	-9.869444
Rsrc1	-11.386572	-7.932694
Mlf1	-13.995416	-10.541537
Gfm1	-12.419879	-8.966001
Lxn	-11.545849	-8.09197
Rarres1	-12.696133	-9.242254
Mfsd1	-12.28312	-8.829242
Schip1	-11.513988	-8.060109
Il12a	-17.17347	-13.719591
Ift80	-12.696133	-9.242254
Smc4	-12.149589	-8.69571
Trim59	-14.775575	-11.321696
Kpna4	-11.128464	-7.674586
Ppm1l	-12.816761	-9.362883
B3galnt1	-13.589951	-10.136072
Nmd3	-12.500641	-9.046762
Bche	-11.636135	-8.182257
Pdcd10	-10.464165	-7.010287
Serpini1	-10.933193	-7.4793153
Golim4	-9.973791	-6.519913
Rapgef2	-11.895355	-8.441477
6430573P05Rik	-14.082427	-10.628549
Fnip2	-12.719122	-9.265244
Gm3513	-16.480322	-13.0264435
4930589L23Rik	-15.787175	-12.333297
Ppid	-11.628292	-8.174414
Etfdh	-12.651681	-9.197803
4930579G24Rik	-14.976245	-11.522367
Tmem144	-17.17347	-13.719591
Gm36569	-14.976245	-11.522367
Gask1b	-10.038579	-6.584701
Glrb	-15.564032	-12.110153
Pdgfc	-12.816761	-9.362883
Gm9989	-17.17347	-13.719591
Ctso	-12.558349	-9.10447
Tdo2	-17.17347	-13.719591
Gucy1b1	-10.503971	-7.050093
Gucy1a1	-10.502704	-7.0488257
Map9	-13.030334	-9.576456
Plrg1	-12.953961	-9.500083
Dchs2	-15.787175	-12.333297
1700028M03Rik	-17.17347	-13.719591
Sfrp2	-8.7743845	-5.3205066
Gm26771	-12.176257	-8.722379
Tlr2	-13.459897	-10.006019
Tmem131l	-12.684834	-9.230955
Mnd1	-13.954594	-10.500715
Trim2	-13.676962	-10.2230835
Fhdc1	-15.787175	-12.333297
Arfip1	-11.752934	-8.299056
Gm37240	-15.787175	-12.333297
Tigd4	-16.480322	-13.0264435
Tmem154	-13.877633	-10.423755
Fbxw7	-11.85535	-8.401471
1700036G14Rik	-15.227559	-11.773681
Gm15535	-14.688563	-11.234685
Gatb	-13.366807	-9.912929
Fam160a1	-13.707733	-10.253855
Glt28d2	-13.877633	-10.423755
Sh3d19	-11.52098	-8.0671015
Rps3a1	-7.9954453	-4.541568
Lrba	-12.88301	-9.4291315
Mab21l2	-12.9107895	-9.456911
Dclk2	-15.0940275	-11.640149
Cd1d1	-15.787175	-12.333297
Kirrel	-12.345156	-8.891277
Gm37855	-17.17347	-13.719591
Etv3	-12.88301	-9.4291315
Arhgef11	-12.53874	-9.084862
Lrrc71	-17.17347	-13.719591
Pear1	-12.730819	-9.27694
Prcc	-13.014586	-9.560708
Hdgf	-10.652848	-7.1989703
Mrpl24	-11.157312	-7.7034345
Rrnad1	-13.014586	-9.560708
Isg20l2	-13.241644	-9.7877655
Nes	-10.891203	-7.437325
Gpatch4	-13.166137	-9.712258
Naxe	-11.545849	-8.09197
Iqgap3	-17.17347	-13.719591
Mef2d	-11.301352	-7.8474736
1700113A16Rik	-14.870885	-11.4170065
AI849053	-17.17347	-13.719591
Tsacc	-14.229031	-10.775152
Cct3	-11.077645	-7.6237674
Glmp	-11.535115	-8.081237
Tmem79	-16.074858	-12.620979
Smg5	-12.719122	-9.265244
Paqr6	-11.582482	-8.128604
Pmf1	-12.896804	-9.442925
Slc25a44	-12.9107895	-9.456911
Sema4a	-15.38171	-11.927832
Lmna	-9.479532	-6.0256543
Gm37584	-17.17347	-13.719591
Mex3a	-14.46542	-11.011541
Lamtor2	-10.356733	-6.9028554
Ubqln4	-13.079125	-9.625247
Ssr2	-10.5283785	-7.0745006
Arhgef2	-10.9254265	-7.4715486
Gm43714	-17.17347	-13.719591
Khdc4	-12.46394	-9.010061
Rit1	-11.453157	-7.9992795
Gm17146	-16.074858	-12.620979
Syt11	-10.958861	-7.5049834
1500004A13Rik	-12.162834	-8.708956
Gon4l	-11.726732	-8.272854
Msto1	-13.4358	-9.981921
Dap3	-11.692831	-8.238953
Ash1l	-10.215972	-6.762094
Rusc1	-12.66261	-9.208732
Fdps	-11.027141	-7.5732627
Hcn3	-17.17347	-13.719591
Clk2	-12.842736	-9.388858
Scamp3	-11.895355	-8.441477
Fam189b	-12.684834	-9.230955
Gba	-13.166137	-9.712258
Mtx1	-12.085874	-8.631995
Thbs3	-12.073603	-8.619724
Trim46	-13.647109	-10.193231
Krtcap2	-10.238099	-6.784221
Dpm3	-10.245912	-6.7920337
Slc50a1	-11.11903	-7.665152
Efna1	-13.484591	-10.030712
Efna3	-15.227559	-11.773681
Gm15998	-13.4358	-9.981921
Efna4	-13.954594	-10.500715
Adam15	-12.002986	-8.549108
Dcst1	-17.17347	-13.719591
Zbtb7b	-12.791443	-9.337564
Gm15417	-11.507043	-8.0531645
Flad1	-13.995416	-10.541537
Cks1b	-12.76675	-9.312872
Shc1	-11.542257	-8.088379
Pygo2	-13.28165	-9.827771
Pbxip1	-9.092613	-5.6387353
Pmvk	-11.826362	-8.372483
Kcnn3	-14.976245	-11.522367
Adar	-13.366807	-9.912929
4632404H12Rik	-15.564032	-12.110153
Ube2q1	-11.974973	-8.521094
Il6ra	-17.17347	-13.719591
Atp8b2	-12.9393635	-9.485485
Hax1	-12.067524	-8.613646
Gm19710	-16.480322	-13.0264435
Ubap2l	-10.738923	-7.285045
4933434E20Rik	-12.619593	-9.165714
1700094D03Rik	-14.688563	-11.234685
Tpm3	-11.389645	-7.9357667
Nup210l	-16.074858	-12.620979
Rps27	-8.12659	-4.672712
Rab13	-11.865202	-8.411324
Jtb	-11.254576	-7.800698
Creb3l4	-15.227559	-11.773681
Slc39a1	-11.298539	-7.844661
Crtc2	-12.77902	-9.325142
Dennd4b	-14.128947	-10.675069
4930537H20Rik	-16.480322	-13.0264435
Gatad2b	-11.031432	-7.577554
Slc27a3	-14.6085205	-11.154642
Ints3	-12.092065	-8.638186
Npr1	-10.773212	-7.3193345
Gm16048	-17.17347	-13.719591
Ilf2	-11.608949	-8.15507
Snapin	-11.895355	-8.441477
Chtop	-11.374377	-7.9204993
S100a1	-10.496387	-7.0425086
S100a13	-10.314904	-6.8610263
S100a16	-10.956863	-7.5029855
S100a3	-16.074858	-12.620979
S100a4	-9.891396	-6.4375176
S100a6	-8.171138	-4.71726
S100a7a	-15.0940275	-11.640149
Gm9774	-15.564032	-12.110153
S100a11	-9.134635	-5.680757
S100a10	-10.401534	-6.947656
Them4	-12.730819	-9.27694
C2cd4d	-17.17347	-13.719591
Tdrkh	-16.480322	-13.0264435
Mrpl9	-12.07972	-8.625841
Riiad1	-14.229031	-10.775152
Snx27	-12.437271	-8.983393
Gm43773	-15.787175	-12.333297
Gm43774	-15.564032	-12.110153
Gm43768	-15.564032	-12.110153
Gm15234	-17.17347	-13.719591
Pogz	-12.696133	-9.242254
Psmb4	-10.183213	-6.7293353
Selenbp1	-11.752934	-8.299056
Rfx5	-13.535883	-10.082005
B230398E01Rik	-16.480322	-13.0264435
Pi4kb	-12.842736	-9.388858
A730011C13Rik	-15.787175	-12.333297
Gm15265	-16.480322	-13.0264435
Zfp687	-13.535883	-10.082005
4930481B07Rik	-15.227559	-11.773681
Psmd4	-10.630998	-7.1771197
Pip5k1a	-11.953114	-8.499235
Vps72	-12.073603	-8.619724
Scnm1	-12.402785	-8.948907
Lysmd1	-13.41227	-9.958391
Sema6c	-13.5625515	-10.108673
Gabpb2	-11.963984	-8.510105
Gm16740	-14.229031	-10.775152
Mllt11	-12.754629	-9.300751
Cdc42se1	-10.987261	-7.533383
Gm128	-15.38171	-11.927832
Bnipl	-17.17347	-13.719591
Prune1	-13.166137	-9.712258
Mindy1	-12.548497	-9.094619
6330562C20Rik	-16.074858	-12.620979
Cers2	-11.312683	-7.858805
Setdb1	-12.446082	-8.992204
Arnt	-12.110874	-8.656996
Ctsk	-12.816761	-9.362883
Ctss	-16.480322	-13.0264435
Hormad1	-17.17347	-13.719591
Golph3l	-12.491339	-9.03746
Ensa	-11.338658	-7.8847804
Mcl1	-10.420032	-6.9661536
Adamtsl4	-12.510031	-9.056152
Ecm1	-9.428034	-5.974156
Tars2	-12.869405	-9.415526
Rprd2	-11.831136	-8.377257
Prpf3	-12.9393635	-9.485485
Mrps21	-10.458086	-7.004208
C920021L13Rik	-14.534412	-11.080534
Ciart	-14.283098	-10.82922
BC028528	-13.459897	-10.006019
Aph1a	-11.676301	-8.222423
Anp32e	-11.182005	-7.728127
Plekho1	-11.08216	-7.628282
Vps45	-12.804022	-9.350143
Otud7b	-11.880165	-8.426287
Mtmr11	-12.66261	-9.208732
Gm17690	-14.976245	-11.522367
Sf3b4	-12.061481	-8.607603
Sv2a	-13.030334	-9.576456
Bola1	-11.582482	-8.128604
Gm15444	-17.17347	-13.719591
Hist2h2ab	-15.787175	-12.333297
Hist2h2ac	-13.113027	-9.659148
Hist2h2be	-14.128947	-10.675069
Hist2h3c2	-15.38171	-11.927832
Gm20632	-15.0940275	-11.640149
Gm20633	-15.787175	-12.333297
Hist2h2aa1	-12.290668	-8.836789
Hist2h3c1	-15.38171	-11.927832
Gm20627	-17.17347	-13.719591
Hist2h4	-14.128947	-10.675069
Gm20628	-17.17347	-13.719591
Hist2h3b	-16.074858	-12.620979
Hist2h2bb	-14.976245	-11.522367
Gm15441	-16.480322	-13.0264435
Txnip	-11.270836	-7.816958
Polr3gl	-11.986084	-8.532206
Ankrd34a	-14.976245	-11.522367
Lix1l	-11.722431	-8.268553
Rbm8a	-10.687308	-7.2334304
Pex11b	-12.472989	-9.019111
Itga10	-12.169523	-8.715645
Ankrd35	-14.037975	-10.584097
Pias3	-12.869405	-9.415526
Nudt17	-14.976245	-11.522367
Polr3c	-13.184485	-9.730607
Rnf115	-12.169523	-8.715645
Gpr89	-12.369449	-8.91557
Acp6	-13.166137	-9.712258
Bcl9	-12.369449	-8.91557
Chd1l	-13.014586	-9.560708
Fmo5	-12.217643	-8.763764
Prkab2	-11.578758	-8.12488
Pde4dip	-10.793347	-7.3394694
Gm31305	-17.17347	-13.719591
Sec22b	-11.287366	-7.833488
Notch2	-11.85535	-8.401471
Adam30	-14.976245	-11.522367
Hmgcs2	-12.290668	-8.836789
Phgdh	-12.402785	-8.948907
Zfp697	-14.534412	-11.080534
Wars2	-13.806173	-10.352295
Gm43024	-15.787175	-12.333297
Gm42717	-15.227559	-11.773681
Tbx15	-13.676962	-10.2230835
Spag17	-16.480322	-13.0264435
Wdr3	-12.953961	-9.500083
Gdap2	-12.791443	-9.337564
Tent5c	-12.619593	-9.165714
Gm42868	-17.17347	-13.719591
Man1a2	-10.431768	-6.9778905
Gm43466	-15.0940275	-11.640149
Gm42869	-14.340256	-10.886377
Gm43462	-13.302269	-9.848391
Gm43463	-17.17347	-13.719591
Vtcn1	-14.688563	-11.234685
Trim45	-13.841265	-10.387386
Ttf2	-13.806173	-10.352295
Ptgfrn	-11.779842	-8.325964
Gm43465	-17.17347	-13.719591
Igsf3	-11.453157	-7.9992795
Gm42939	-16.480322	-13.0264435
Atp1a1	-10.219786	-6.765908
Gm42937	-15.0940275	-11.640149
Gm42941	-13.995416	-10.541537
Mab21l3	-17.17347	-13.719591
Slc22a15	-13.130418	-9.676539
Casq2	-13.954594	-10.500715
4632404M16Rik	-16.074858	-12.620979
Vangl1	-12.924974	-9.471096
Ngf	-14.688563	-11.234685
Gm42679	-15.564032	-12.110153
Tspan2os	-15.787175	-12.333297
Tspan2	-10.791654	-7.3377757
Tshb	-17.17347	-13.719591
Sike1	-11.664082	-8.210203
Csde1	-9.860916	-6.407038
Nras	-12.402785	-8.948907
Gm43062	-16.480322	-13.0264435
Dennd2c	-14.976245	-11.522367
Bcas2	-10.941022	-7.487144
Trim33	-11.85535	-8.401471
Gm43061	-17.17347	-13.719591
Olfml3	-15.38171	-11.927832
Hipk1	-11.057577	-7.603699
Gm43149	-15.787175	-12.333297
Gm43387	-15.564032	-12.110153
Dclre1b	-14.177737	-10.723859
Ap4b1	-13.4358	-9.981921
Rsbn1	-11.500146	-8.0462675
Phtf1os	-15.38171	-11.927832
Phtf1	-12.337188	-8.883309
Magi3	-13.222226	-9.768348
Gm42696	-17.17347	-13.719591
9530097N15Rik	-17.17347	-13.719591
Gm42700	-17.17347	-13.719591
Gm42699	-16.480322	-13.0264435
Gm42702	-15.564032	-12.110153
Gm42701	-16.480322	-13.0264435
Gm43258	-16.480322	-13.0264435
C030032O16Rik	-17.17347	-13.719591
Gm43259	-16.480322	-13.0264435
Gm43260	-16.074858	-12.620979
Gm43256	-17.17347	-13.719591
Lrig2	-12.869405	-9.415526
Gm43696	-14.229031	-10.775152
A530041M06Rik	-15.787175	-12.333297
4930509H03Rik	-14.400881	-10.947002
Slc16a1	-14.976245	-11.522367
Gm43581	-16.074858	-12.620979
Tafa3	-17.17347	-13.719591
Ppm1j	-14.037975	-10.584097
Rhoc	-9.554727	-6.100849
Mov10	-14.976245	-11.522367
Capza1	-11.549452	-8.095573
Gm42658	-16.074858	-12.620979
Gm42659	-14.534412	-11.080534
St7l	-12.57835	-9.124472
Wnt2b	-15.564032	-12.110153
Cttnbp2nl	-11.411418	-7.95754
Kcnd3os	-16.074858	-12.620979
Kcnd3	-13.4358	-9.981921
Gm43847	-14.775575	-11.321696
Ddx20	-13.647109	-10.193231
Inka2	-12.15619	-8.7023115
Gm43848	-14.688563	-11.234685
Rap1a	-10.893074	-7.439196
Gm43328	-15.227559	-11.773681
Gm43329	-14.775575	-11.321696
Gm43330	-17.17347	-13.719591
Gm43331	-15.0940275	-11.640149
I830077J02Rik	-16.480322	-13.0264435
Atp5f1	-10.0002775	-6.5463996
Wdr77	-13.130418	-9.676539
Ovgp1	-17.17347	-13.719591
Cept1	-12.394346	-8.940468
Dram2	-12.719122	-9.265244
Lrif1	-12.491339	-9.03746
AI504432	-17.17347	-13.719591
Kcna2	-14.128947	-10.675069
Lamtor5	-10.591444	-7.137566
Slc16a4	-13.647109	-10.193231
Rbm15	-12.558349	-9.10447
Kcnc4	-11.371351	-7.9174733
Slc6a17	-13.302269	-9.848391
Strip1	-12.696133	-9.242254
Ahcyl1	-11.062002	-7.6081243
Csf1	-12.742653	-9.2887745
4933431E20Rik	-14.177737	-10.723859
Gstm5	-10.911978	-7.4581
Gstm7	-11.953114	-8.499235
Gstm6	-14.976245	-11.522367
Gstm2	-10.619536	-7.1656585
Gstm1	-9.242904	-5.789026
Gm12498	-17.17347	-13.719591
Gstm4	-13.676962	-10.2230835
Ampd2	-12.64087	-9.186992
Gm12500	-15.227559	-11.773681
Gnai3	-11.356359	-7.9024806
Amigo1	-13.841265	-10.387386
Cyb561d1	-14.870885	-11.4170065
Atxn7l2	-14.400881	-10.947002
Sypl2	-16.480322	-13.0264435
Psma5	-10.72142	-7.2675424
Sort1	-12.385978	-8.932099
Gm12522	-17.17347	-13.719591
Psrc1	-16.480322	-13.0264435
Celsr2	-13.806173	-10.352295
Sars	-11.262672	-7.8087945
1700013F07Rik	-17.17347	-13.719591
Tmem167b	-12.15619	-8.7023115
Taf13	-12.329283	-8.875404
Wdr47	-12.791443	-9.337564
Clcc1	-11.612788	-8.15891
Gpsm2	-11.486494	-8.032616
Aknad1	-13.095932	-9.642054
Stxbp3	-11.563997	-8.110119
Prpf38b	-11.018611	-7.564733
Fam102b	-12.598759	-9.14488
Gm19391	-15.38171	-11.927832
Slc25a24	-12.619593	-9.165714
Vav3	-13.618121	-10.164243
Ntng1	-12.719122	-9.265244
Prmt6	-13.841265	-10.387386
C130013H08Rik	-15.227559	-11.773681
Amy1	-17.17347	-13.719591
Rnpc3	-12.305935	-8.8520565
Col11a1	-13.772272	-10.318394
S1pr1	-14.400881	-10.947002
A930005H10Rik	-13.366807	-9.912929
Dph5	-13.222226	-9.768348
Slc30a7	-12.804022	-9.350143
Extl2	-12.519509	-9.065631
Vcam1	-13.915373	-10.461494
Cdc14a	-12.472989	-9.019111
Rtca	-12.66261	-9.208732
Dbt	-11.926445	-8.472567
Lrrc39	-14.46542	-11.011541
Trmt13	-12.598759	-9.14488
Sass6	-13.184485	-9.730607
Gm42893	-15.787175	-12.333297
Mfsd14a	-12.0435705	-8.589692
Slc35a3	-12.896804	-9.442925
Agl	-11.885202	-8.431324
Frrs1	-13.344828	-9.890949
Plppr4	-17.17347	-13.719591
Snx7	-12.385978	-8.932099
Dpyd	-14.534412	-11.080534
Ptbp2	-11.953114	-8.499235
Gm42664	-16.074858	-12.620979
Rwdd3	-14.283098	-10.82922
Tmem56	-14.46542	-11.011541
Alg14	-11.90047	-8.446591
Cnn3	-9.445053	-5.9911757
Slc44a3	-16.480322	-13.0264435
A730020M07Rik	-16.074858	-12.620979
F3	-10.913888	-7.46001
Abcd3	-11.6804085	-8.22653
Arhgap29	-12.290668	-8.836789
Gclm	-11.496716	-8.042837
Gm17494	-14.688563	-11.234685
Dnttip2	-11.463042	-8.009164
Bcar3	-12.025975	-8.572097
Fnbp1l	-12.002986	-8.549108
Gm43568	-16.480322	-13.0264435
Pde5a	-9.391913	-5.9380355
4930447N08Rik	-17.17347	-13.719591
4933405D12Rik	-14.400881	-10.947002
1810037I17Rik	-10.007203	-6.553325
Usp53	-10.701123	-7.2472453
Myoz2	-11.202208	-7.7483296
Synpo2	-9.590731	-6.136853
Sec24d	-11.194584	-7.740706
Mettl14	-12.510031	-9.056152
Gm35065	-15.227559	-11.773681
Prss12	-10.715131	-7.261253
Snhg8	-10.642591	-7.1887136
Ndst3	-13.877633	-10.423755
Tram1l1	-15.0940275	-11.640149
Arsj	-15.564032	-12.110153
Camk2d	-10.263717	-6.809839
Gm15551	-16.480322	-13.0264435
Ank2	-10.644051	-7.1901727
Larp7	-11.991686	-8.537807
Zgrf1	-14.534412	-11.080534
Alpk1	-14.688563	-11.234685
Tifa	-14.177737	-10.723859
Ap1ar	-12.329283	-8.875404
Fam241a	-12.630175	-9.176296
Elovl6	-14.229031	-10.775152
Gar1	-12.510031	-9.056152
Pla2g12a	-12.15619	-8.7023115
Casp6	-12.791443	-9.337564
Mcub	-14.340256	-10.886377
Sec24b	-12.123613	-8.669735
Col25a1	-16.074858	-12.620979
Ostc	-10.682746	-7.228868
Rpl34	-8.114882	-4.6610045
Gm42997	-17.17347	-13.719591
Hadh	-11.220226	-7.7663484
Cyp2u1	-14.082427	-10.628549
4930534D22Rik	-17.17347	-13.719591
Sgms2	-13.062595	-9.608717
Papss1	-11.821611	-8.367733
Dkk2	-15.564032	-12.110153
Aimp1	-10.753474	-7.2995963
Tbck	-12.9393635	-9.485485
Npnt	-8.874929	-5.421052
Gstcd	-14.46542	-11.011541
Ints12	-13.241644	-9.7877655
Gm43254	-15.38171	-11.927832
Ppa2	-11.969462	-8.515584
Tet2	-12.345156	-8.891277
Gm26691	-14.6085205	-11.154642
Cxxc4	-12.510031	-9.056152
Cenpe	-15.564032	-12.110153
Bdh2	-14.534412	-11.080534
Slc9b2	-14.46542	-11.011541
Slc9b1	-16.074858	-12.620979
Cisd2	-11.290147	-7.836269
4930539J05Rik	-14.870885	-11.4170065
Ube2d3	-10.196188	-6.74231
Manba	-12.073603	-8.619724
Nfkb1	-11.64008	-8.186202
Slc39a8	-15.227559	-11.773681
Ppp3ca	-11.479737	-8.025859
Ddit4l	-13.261447	-9.807569
Gm43403	-16.480322	-13.0264435
H2afz	-10.323343	-6.8694654
Dnajb14	-11.524495	-8.070617
Gm40155	-17.17347	-13.719591
Lamtor3	-11.259967	-7.806089
Dapp1	-13.261447	-9.807569
Mttp	-14.283098	-10.82922
Trmt10a	-13.806173	-10.352295
Adh7	-17.17347	-13.719591
Adh1	-17.17347	-13.719591
Adh5	-11.075396	-7.6215177
Metap1	-12.53874	-9.084862
Eif4e	-11.608949	-8.15507
Tspan5	-11.624393	-8.170515
Rap1gds1	-11.860264	-8.406385
Gm15688	-16.480322	-13.0264435
Unc5c	-11.845593	-8.391715
Gm15689	-17.17347	-13.719591
Bmpr1b	-10.885611	-7.4317327
Pdlim5	-10.2400465	-6.7861686
Gbp5	-16.074858	-12.620979
Gbp7	-13.130418	-9.676539
Gbp3	-14.870885	-11.4170065
Gbp2	-13.203177	-9.749299
Kyat3	-14.177737	-10.723859
Gtf2b	-11.545849	-8.09197
Pkn2	-10.476436	-7.0225577
9530052C20Rik	-17.17347	-13.719591
Gm42706	-17.17347	-13.719591
Lmo4	-10.502704	-7.0488257
Gm43445	-13.995416	-10.541537
Hs2st1	-12.76675	-9.312872
Gm43707	-15.564032	-12.110153
Gm43560	-15.38171	-11.927832
Selenof	-9.647829	-6.1939516
Sh3glb1	-10.346925	-6.893047
Clca3a1	-17.17347	-13.719591
Odf2l	-13.148118	-9.69424
Col24a1	-15.227559	-11.773681
Znhit6	-12.411296	-8.9574175
Ccn1	-9.520449	-6.066571
Gm17501	-12.77902	-9.325142
Ddah1	-15.787175	-12.333297
Bcl10	-12.130044	-8.676166
2410004B18Rik	-12.231827	-8.777948
Syde2	-11.947722	-8.493844
Mcoln2	-15.564032	-12.110153
Lpar3	-16.074858	-12.620979
Ssx2ip	-12.968777	-9.514898
Ctbs	-12.329283	-8.875404
Spata1	-14.6085205	-11.154642
Gng5	-9.225791	-5.771913
Rpf1	-12.353188	-8.899309
Samd13	-16.074858	-12.620979
Prkacb	-10.462947	-7.009069
Ttll7	-10.730929	-7.2770514
Adgrl2	-11.169582	-7.7157044
Gm43573	-14.46542	-11.011541
Gm10287	-17.17347	-13.719591
Ptgfr	-16.480322	-13.0264435
Gipc2	-13.344828	-9.890949
Gm31881	-16.074858	-12.620979
Dnajb4	-9.818467	-6.364589
Fubp1	-11.157312	-7.7034345
Nexn	-9.791346	-6.3374677
Miga1	-13.184485	-9.730607
Usp33	-12.189863	-8.735985
Zzz3	-11.513988	-8.060109
Ak5	-17.17347	-13.719591
Pigk	-11.652009	-8.198131
Rabggtb	-12.055475	-8.601597
Acadm	-10.684264	-7.2303863
Tyw3	-13.877633	-10.423755
Cryz	-13.130418	-9.676539
Fpgt	-13.509908	-10.056029
Lrriq3	-16.480322	-13.0264435
4930570G19Rik	-14.688563	-11.234685
Negr1	-12.353188	-8.899309
Zranb2	-10.629558	-7.1756797
Ptger3	-16.074858	-12.620979
Cth	-14.400881	-10.947002
Ankrd13c	-12.46394	-9.010061
Srsf11	-10.501436	-7.0475583
Lrrc40	-12.953961	-9.500083
B230334C09Rik	-13.618121	-10.164243
Lrrc7	-13.095932	-9.642054
Wls	-10.315955	-6.862077
AI838599	-12.136517	-8.682638
Tmem68	-12.9107895	-9.456911
Tgs1	-11.942361	-8.488482
Rps20	-8.130483	-4.676605
Plag1	-14.688563	-11.234685
Chchd7	-11.761824	-8.307945
Gm11808	-12.66261	-9.208732
Penk	-12.609121	-9.155243
A830012C17Rik	-17.17347	-13.719591
Impad1	-10.83311	-7.379232
Fam110b	-12.64087	-9.186992
Ubxn2b	-12.588502	-9.134624
Sdcbp	-10.165869	-6.711991
Nsmaf	-12.196735	-8.742857
Tox	-13.5625515	-10.108673
Car8	-17.17347	-13.719591
Rab2a	-10.024338	-6.57046
Chd7	-15.38171	-11.927832
Clvs1	-16.480322	-13.0264435
Asph	-10.371075	-6.9171968
4930412C18Rik	-14.082427	-10.628549
2610301B20Rik	-12.619593	-9.165714
Plekhf2	-12.472989	-9.019111
Ndufaf6	-13.535883	-10.082005
Gm11827	-15.564032	-12.110153
Trp53inp1	-11.062002	-7.6081243
Ccne2	-14.534412	-11.080534
Ints8	-12.238996	-8.785117
Dpy19l4	-12.353188	-8.899309
Virma	-11.761824	-8.307945
Fsbp	-17.17347	-13.719591
Gem	-10.2808275	-6.8269496
Cdh17	-16.480322	-13.0264435
Pdp1	-13.095932	-9.642054
1700123M08Rik	-14.534412	-11.080534
Tmem67	-13.166137	-9.712258
Rbm12b2	-13.806173	-10.352295
Rbm12b1	-13.647109	-10.193231
Fam92a	-11.350424	-7.896546
Triqk	-12.305935	-8.8520565
Runx1t1	-11.870165	-8.416286
Otud6b	-11.735391	-8.281512
Pip4p2	-12.46394	-9.010061
Gm11837	-13.302269	-9.848391
Tmem64	-11.807493	-8.353615
Decr1	-11.921196	-8.467318
Nbn	-12.217643	-8.763764
Osgin2	-13.459897	-10.006019
Ripk2	-13.079125	-9.625247
A530072M11Rik	-16.074858	-12.620979
Mmp16	-13.062595	-9.608717
Cpne3	-10.827833	-7.3739552
Rmdn1	-12.298272	-8.844394
Gm12353	-17.17347	-13.719591
Wwp1	-11.359339	-7.905461
Ttpa	-17.17347	-13.719591
Ggh	-11.177017	-7.7231393
Ccnc	-12.5290785	-9.0752
Tstd3	-12.869405	-9.415526
Usp45	-12.345156	-8.891277
Pnisr	-10.449637	-6.9957595
Coq3	-13.618121	-10.164243
Faxc	-13.535883	-10.082005
Fbxl4	-13.062595	-9.608717
Mms22l	-15.0940275	-11.640149
Klhl32	-14.976245	-11.522367
Ndufaf4	-12.025975	-8.572097
Gpr63	-15.787175	-12.333297
Ufl1	-11.463042	-8.009164
Manea	-12.696133	-9.242254
Epha7	-13.806173	-10.352295
Map3k7	-12.183037	-8.729158
Bach2	-14.46542	-11.011541
Casp8ap2	-11.926445	-8.472567
Mdn1	-13.046335	-9.592457
Lyrm2	-11.942361	-8.488482
Ankrd6	-16.074858	-12.620979
Rragd	-15.0940275	-11.640149
4933421O10Rik	-13.28165	-9.827771
Ube2j1	-11.915975	-8.462096
Pm20d2	-13.915373	-10.461494
Srsf12	-16.074858	-12.620979
Pnrc1	-10.008749	-6.554871
Gm11934	-16.480322	-13.0264435
Rngtt	-12.619593	-9.165714
Cnr1	-14.283098	-10.82922
Spaca1	-17.17347	-13.719591
Akirin2	-11.371351	-7.9174733
Orc3	-12.88301	-9.4291315
Rars2	-13.344828	-9.890949
Slc35a1	-12.491339	-9.03746
Smim8	-12.46394	-9.010061
Zfp292	-11.2047615	-7.7508836
Platr9	-17.17347	-13.719591
Mob3b	-13.261447	-9.807569
C9orf72	-13.41227	-9.958391
Gm12381	-16.480322	-13.0264435
Aco1	-12.377679	-8.9238
Ddx58	-12.88301	-9.4291315
Topors	-11.672212	-8.218333
Smim27	-11.321267	-7.867389
Ndufb6	-10.778208	-7.32433
Aptx	-12.869405	-9.415526
Dnaja1	-9.627023	-6.1731453
Smu1	-11.812178	-8.358299
B4galt1	-11.826362	-8.372483
Bag1	-10.45084	-6.996962
Chmp5	-10.952879	-7.499001
Nfx1	-11.816883	-8.363005
Aqp7	-17.17347	-13.719591
Nol6	-13.5625515	-10.108673
Ube2r2	-10.649907	-7.196029
Ubap2	-11.826362	-8.372483
Dcaf12	-12.260815	-8.806936
Ubap1	-12.568299	-9.114421
Kif24	-16.074858	-12.620979
Nudt2	-13.046335	-9.592457
Myorg	-14.775575	-11.321696
1110017D15Rik	-17.17347	-13.719591
Fam219a	-13.302269	-9.848391
Dnaic1	-17.17347	-13.719591
Enho	-12.968777	-9.514898
Cntfr	-12.104566	-8.650687
Il11ra1	-9.681266	-6.2273884
Rpp25l	-11.798191	-8.344313
Dctn3	-11.335739	-7.881861
Sigmar1	-12.313657	-8.859778
Galt	-12.402785	-8.948907
Ccl27a	-12.020178	-8.566299
Gm13307	-14.400881	-10.947002
Gm20878	-14.340256	-10.886377
Gm3892	-14.534412	-11.080534
Gm13306	-15.38171	-11.927832
Gm13305	-17.17347	-13.719591
Gm17167	-11.184508	-7.7306304
4930578G10Rik	-16.480322	-13.0264435
Gm12395	-17.17347	-13.719591
Ccl19	-12.2247095	-8.770831
Ccl21a	-17.17347	-13.719591
Gm12394	-17.17347	-13.719591
Phf24	-14.229031	-10.775152
Dnajb5	-11.672212	-8.218333
Vcp	-10.036986	-6.5831084
Fancg	-15.0940275	-11.640149
Pigo	-14.46542	-11.011541
Stoml2	-11.744123	-8.290245
Fam214b	-12.5290785	-9.0752
Gm26881	-13.38928	-9.935402
Unc13b	-14.870885	-11.4170065
Rusc2	-11.895355	-8.441477
Tesk1	-11.807493	-8.353615
Cd72	-15.564032	-12.110153
Rmrp	-14.534412	-11.080534
Ccdc107	-10.411897	-6.958019
Arhgef39	-15.0940275	-11.640149
Gm12454	-14.400881	-10.947002
Car9	-16.480322	-13.0264435
Tpm2	-7.392488	-3.9386106
Tln1	-9.738622	-6.284744
Creb3	-11.835932	-8.382053
Gba2	-13.772272	-10.318394
Rgp1	-13.166137	-9.712258
Msmp	-16.480322	-13.0264435
Npr2	-11.937028	-8.48315
Hint2	-11.380456	-7.926578
Fam221b	-15.787175	-12.333297
Tmem8b	-13.241644	-9.7877655
Hrct1	-13.877633	-10.423755
Spaar	-14.976245	-11.522367
Reck	-11.3183975	-7.8645196
Glipr2	-13.38928	-9.935402
Clta	-10.087568	-6.6336904
Gne	-11.788975	-8.335096
Gm12503	-15.564032	-12.110153
Rnf38	-12.730819	-9.27694
Zcchc7	-11.147604	-7.693726
Grhpr	-11.826362	-8.372483
Zbtb5	-13.877633	-10.423755
1700055D18Rik	-16.480322	-13.0264435
Polr1e	-13.676962	-10.2230835
Fbxo10	-13.739482	-10.285604
Tomm5	-10.827833	-7.3739552
Trmt10b	-12.568299	-9.114421
Exosc3	-12.085874	-8.631995
Dcaf10	-12.66261	-9.208732
Slc25a51	-12.260815	-8.806936
Shb	-12.816761	-9.362883
Gm12409	-15.564032	-12.110153
Aldh1b1	-14.870885	-11.4170065
Tdrd7	-13.302269	-9.848391
Tmod1	-12.491339	-9.03746
Tstd2	-13.148118	-9.69424
Ncbp1	-12.76675	-9.312872
Xpa	-11.880165	-8.426287
Trmo	-14.082427	-10.628549
Anp32b	-10.068504	-6.6146264
Nans	-12.519509	-9.065631
Tbc1d2	-15.787175	-12.333297
Gm568	-17.17347	-13.719591
Anks6	-14.229031	-10.775152
Galnt12	-15.227559	-11.773681
Gm12426	-17.17347	-13.719591
Col15a1	-8.993149	-5.539271
Tgfbr1	-10.887471	-7.4335933
Alg2	-12.88301	-9.4291315
Sec61b	-9.997215	-6.5433373
Nr4a3	-12.816761	-9.362883
Stx17	-12.092065	-8.638186
Erp44	-11.324144	-7.8702664
Invs	-12.816761	-9.362883
Tex10	-12.953961	-9.500083
Msantd3	-13.38928	-9.935402
Tmeff1	-15.38171	-11.927832
Mrpl50	-12.246216	-8.792337
Zfp189	-13.772272	-10.318394
Aldob	-17.17347	-13.719591
Tmem246	-12.268195	-8.814317
Rnf20	-11.553069	-8.099191
Grin3a	-16.480322	-13.0264435
Smc2	-12.630175	-9.176296
Nipsnap3b	-13.323322	-9.869444
Abca1	-12.968777	-9.514898
Slc44a1	-12.377679	-8.9238
Fsd1l	-14.128947	-10.675069
Fktn	-12.260815	-8.806936
Tal2	-15.227559	-11.773681
Tmem38b	-11.398918	-7.94504
Zfp462	-13.954594	-10.500715
Rad23b	-11.476376	-8.022497
Klf4	-10.577689	-7.1238112
Elp1	-12.855982	-9.402103
Abitram	-13.344828	-9.890949
Ctnnal1	-12.66261	-9.208732
Tmem245	-11.660041	-8.206162
Epb41l4b	-15.38171	-11.927832
Ptpn3	-13.459897	-10.006019
Pakap	-14.870885	-11.4170065
Pakap-1	-11.257268	-7.80339
Txn1	-9.733323	-6.279445
Svep1	-17.17347	-13.719591
Musk	-15.0940275	-11.640149
Lpar1	-11.812178	-8.358299
Olfr267	-16.074858	-12.620979
Ecpas	-11.531563	-8.077684
Ptgr1	-13.241644	-9.7877655
Dnajc25	-11.531563	-8.077684
Gng10	-10.933193	-7.4793153
Ugcg	-13.030334	-9.576456
Ptbp3	-11.636135	-8.182257
Hsdl2	-12.428537	-8.974659
E130308A19Rik	-14.082427	-10.628549
Inip	-13.302269	-9.848391
Snx30	-13.261447	-9.807569
Slc46a2	-15.38171	-11.927832
Zfp37	-12.896804	-9.442925
Slc31a2	-12.419879	-8.966001
Fkbp15	-12.53874	-9.084862
Slc31a1	-13.222226	-9.768348
Cdc26	-11.3155365	-7.8616586
Prpf4	-12.598759	-9.14488
Wdr31	-14.976245	-11.522367
Hdhd3	-13.772272	-10.318394
Alad	-12.999083	-9.545204
Pole3	-11.986084	-8.532206
Rgs3	-11.718148	-8.26427
Zfp618	-17.17347	-13.719591
Col27a1	-11.664082	-8.210203
Akna	-14.46542	-11.011541
Whrn	-13.28165	-9.827771
Atp6v1g1	-10.1443815	-6.6905036
Tmem268	-15.227559	-11.773681
Tnc	-14.229031	-10.775152
8030451A03Rik	-17.17347	-13.719591
Pappa	-14.870885	-11.4170065
Astn2	-13.4358	-9.981921
Trim32	-12.719122	-9.265244
Tlr4	-12.696133	-9.242254
Brinp1	-15.0940275	-11.640149
Cdk5rap2	-13.38928	-9.935402
Megf9	-12.9393635	-9.485485
Tle1	-11.38351	-7.9296317
C630043F03Rik	-13.707733	-10.253855
Frmd3	-16.480322	-13.0264435
Kdm4c	-12.210625	-8.756746
A230083N12Rik	-16.074858	-12.620979
Dmac1	-11.48989	-8.036012
Ptprd	-10.880051	-7.4261727
Lurap1l	-13.707733	-10.253855
Mpdz	-11.295733	-7.8418555
Gm11264	-14.976245	-11.522367
Gm5860	-13.806173	-10.352295
Nfib	-9.357052	-5.9031744
Gm11266	-14.400881	-10.947002
Zdhhc21	-12.411296	-8.9574175
Ttc39b	-12.07972	-8.625841
Snapc3	-12.829664	-9.375786
Psip1	-10.506513	-7.0526347
Ccdc171	-14.400881	-10.947002
Bnc2	-14.870885	-11.4170065
Cntln	-11.563997	-8.110119
Sh3gl2	-13.014586	-9.560708
Adamtsl1	-9.976783	-6.522905
Rraga	-11.356359	-7.9024806
Haus6	-13.484591	-10.030712
Plin2	-12.369449	-8.91557
Dennd4c	-12.345156	-8.891277
Rps6	-8.787981	-5.334103
Acer2	-15.564032	-12.110153
Mllt3	-12.482121	-9.028243
Focad	-13.647109	-10.193231
Hacd4	-11.371351	-7.9174733
Klhl9	-11.469687	-8.015809
Gm26566	-17.17347	-13.719591
Gm13274	-17.17347	-13.719591
Gm49890	-14.534412	-11.080534
Wincr1	-17.17347	-13.719591
Mtap	-12.217643	-8.763764
Cdkn2a	-16.480322	-13.0264435
Cdkn2b	-13.647109	-10.193231
Tusc1	-12.651681	-9.197803
Gm12655	-13.484591	-10.030712
Caap1	-12.684834	-9.230955
Plaa	-12.268195	-8.814317
Ift74	-11.942361	-8.488482
Tek	-17.17347	-13.719591
Eqtn	-16.480322	-13.0264435
Mysm1	-11.701199	-8.24732
Gm12694	-17.17347	-13.719591
Gm12703	-15.227559	-11.773681
Jun	-8.963616	-5.509739
Junos	-15.564032	-12.110153
Gm830	-13.707733	-10.253855
Fggy	-13.222226	-9.768348
Cyp2j6	-14.229031	-10.775152
E130114P18Rik	-16.074858	-12.620979
Gm12676	-15.227559	-11.773681
Nfia	-9.7303915	-6.2765136
Tm2d1	-11.449884	-7.9960065
Patj	-14.775575	-11.321696
Kank4	-14.6085205	-11.154642
Usp1	-11.672212	-8.218333
Dock7	-11.6013155	-8.147437
Angptl3	-17.17347	-13.719591
Gm12681	-16.480322	-13.0264435
Atg4c	-13.241644	-9.7877655
Gm12689	-17.17347	-13.719591
Alg6	-13.366807	-9.912929
Itgb3bp	-12.924974	-9.471096
Efcab7	-14.177737	-10.723859
Pgm1	-13.014586	-9.560708
Ror1	-12.149589	-8.69571
Cachd1	-13.535883	-10.082005
Raver2	-14.6085205	-11.154642
Jak1	-10.979064	-7.525186
E130102H24Rik	-12.829664	-9.375786
0610043K17Rik	-15.0940275	-11.640149
Ak4	-17.17347	-13.719591
Leprot	-11.48311	-8.029232
Lepr	-16.480322	-13.0264435
Pde4b	-10.999683	-7.5458055
Sgip1	-12.143031	-8.689153
Tctex1d1	-17.17347	-13.719591
Wdr78	-14.6085205	-11.154642
Mier1	-10.471509	-7.017631
Slc35d1	-12.76675	-9.312872
Oma1	-12.829664	-9.375786
Prkaa2	-12.719122	-9.265244
Plpp3	-10.269722	-6.815844
Gm12728	-16.074858	-12.620979
Usp24	-12.5290785	-9.0752
Dhcr24	-13.030334	-9.576456
Ttc22	-15.787175	-12.333297
Pars2	-14.775575	-11.321696
Ttc4	-12.428537	-8.974659
Acot11	-12.353188	-8.899309
Ssbp3	-11.301352	-7.8474736
Mrpl37	-12.804022	-9.350143
Cyb5rl	-13.676962	-10.2230835
Gm12802	-15.227559	-11.773681
Tceanc2	-12.66261	-9.208732
Tmem59	-9.791346	-6.3374677
Lrrc42	-12.66261	-9.208732
Hspb11	-12.169523	-8.715645
Yipf1	-11.953114	-8.499235
Ndc1	-13.647109	-10.193231
Glis1	-13.366807	-9.912929
Lrp8os3	-17.17347	-13.719591
Lrp8	-15.0940275	-11.640149
Magoh	-11.19966	-7.7457824
Czib	-11.652009	-8.198131
Cpt2	-13.046335	-9.592457
Podn	-14.082427	-10.628549
Scp2	-10.039376	-6.5854983
Echdc2	-12.385978	-8.932099
Zyg11b	-11.430467	-7.9765887
Coa7	-13.41227	-9.958391
Gpx7	-11.5105095	-8.056631
Tut4	-11.273572	-7.819694
Gm12737	-17.17347	-13.719591
Prpf38a	-12.2247095	-8.770831
Gm12743	-14.870885	-11.4170065
Cc2d1b	-12.968777	-9.514898
Gm17354	-14.46542	-11.011541
Zfyve9	-12.110874	-8.656996
3110021N24Rik	-14.870885	-11.4170065
Btf3l4	-12.46394	-9.010061
Txndc12	-12.203656	-8.749778
Kti12	-13.366807	-9.912929
Rab3b	-15.564032	-12.110153
Nrd1	-11.3155365	-7.8616586
Osbpl9	-11.048786	-7.594908
Eps15	-12.067524	-8.613646
Ttc39a	-15.564032	-12.110153
Rnf11	-10.452044	-6.9981656
Cdkn2c	-13.676962	-10.2230835
Faf1	-12.008683	-8.554805
Dmrta2	-16.074858	-12.620979
Elavl4	-16.074858	-12.620979
Agbl4	-17.17347	-13.719591
Bend5	-13.148118	-9.69424
Spata6	-12.598759	-9.14488
Skint8	-16.480322	-13.0264435
Trabd2b	-11.270836	-7.816958
Foxd2	-15.38171	-11.927832
Foxd2os	-13.5625515	-10.108673
Cmpk1	-11.463042	-8.009164
Stil	-16.074858	-12.620979
Pdzk1ip1	-16.480322	-13.0264435
Efcab14	-11.192056	-7.738178
Atpaf1	-12.719122	-9.265244
Mob3c	-13.484591	-10.030712
Mknk1	-13.302269	-9.848391
Nsun4	-14.283098	-10.82922
Uqcrh	-9.296452	-5.8425736
Lrrc41	-12.428537	-8.974659
Rad54l	-15.227559	-11.773681
Pomgnt1	-11.974973	-8.521094
Lurap1	-13.166137	-9.712258
Pik3r3	-12.5290785	-9.0752
Mast2	-12.260815	-8.806936
Ipp	-13.995416	-10.541537
Tmem69	-15.38171	-11.927832
Gpbp1l1	-11.739747	-8.285869
C530005A16Rik	-14.976245	-11.522367
Ccdc17	-14.775575	-11.321696
Nasp	-11.62051	-8.166632
Akr1a1	-10.081727	-6.627849
Prdx1	-9.287388	-5.8335104
Mmachc	-14.400881	-10.947002
Ccdc163	-13.148118	-9.69424
Tesk2	-13.877633	-10.423755
Toe1	-12.588502	-9.134624
Mutyh	-14.775575	-11.321696
Hpdl	-15.227559	-11.773681
Urod	-11.986084	-8.532206
Hectd3	-12.953961	-9.500083
Eif2b3	-12.361285	-8.907407
Ptch2	-15.564032	-12.110153
Btbd19	-15.787175	-12.333297
Plk3	-13.806173	-10.352295
Rps8	-7.7461643	-4.292287
Kif2c	-17.17347	-13.719591
Tmem53	-12.804022	-9.350143
Rnf220	-12.008683	-8.554805
Eri3	-11.624393	-8.170515
Dmap1	-12.742653	-9.2887745
Gm12840	-11.963984	-8.510105
Slc6a9	-12.67366	-9.219782
Ccdc24	-15.564032	-12.110153
B4galt2	-12.394346	-8.940468
Gm12841	-16.480322	-13.0264435
Atp6v0b	-10.077577	-6.6236987
Dph2	-14.128947	-10.675069
Ipo13	-12.968777	-9.514898
Artn	-14.976245	-11.522367
St3gal3	-13.589951	-10.136072
Kdm4a	-12.742653	-9.2887745
Ptprf	-12.651681	-9.197803
Szt2	-13.841265	-10.387386
Med8	-11.885202	-8.431324
Elovl1	-11.807493	-8.353615
Cdc20	-15.38171	-11.927832
Ebna1bp2	-11.424076	-7.970198
Slc2a1	-12.437271	-8.983393
Zfp691	-15.0940275	-11.640149
Ermap	-16.074858	-12.620979
Svbp	-11.182005	-7.728127
AU022252	-12.816761	-9.362883
Gm12898	-16.074858	-12.620979
P3h1	-11.885202	-8.431324
Ybx1	-8.678522	-5.224644
Ppih	-13.323322	-9.869444
Ccdc30	-14.6085205	-11.154642
Ppcs	-13.261447	-9.807569
Zmynd12	-17.17347	-13.719591
Frg2f1	-14.400881	-10.947002
Foxj3	-12.394346	-8.940468
Hivep3	-12.983815	-9.529937
Edn2	-16.074858	-12.620979
Foxo6	-16.074858	-12.620979
Scmh1	-11.850459	-8.396581
Slfnl1	-17.17347	-13.719591
Ctps	-12.385978	-8.932099
Gm12860	-17.17347	-13.719591
Cited4	-13.739482	-10.285604
Kcnq4	-13.509908	-10.056029
Nfyc	-12.472989	-9.019111
Rims3	-16.480322	-13.0264435
Exo5	-14.400881	-10.947002
Zfp69	-17.17347	-13.719591
Smap2	-12.446082	-8.992204
Col9a2	-16.074858	-12.620979
Zmpste24	-11.571351	-8.117473
Rlf	-12.298272	-8.844394
Ppt1	-11.228049	-7.7741714
Cap1	-10.829589	-7.375711
Mfsd2a	-16.074858	-12.620979
Mycl	-17.17347	-13.719591
Trit1	-13.535883	-10.082005
Ppie	-11.870165	-8.416286
Heyl	-12.369449	-8.91557
Pabpc4	-12.500641	-9.046762
Bmp8a	-17.17347	-13.719591
Macf1	-9.566088	-6.1122103
Gm12925	-15.38171	-11.927832
Ndufs5	-9.77346	-6.3195825
Akirin1	-11.770792	-8.316914
Mycbp	-12.246216	-8.792337
Gm12905	-17.17347	-13.719591
Rragc	-11.770792	-8.316914
Pou3f1	-13.030334	-9.576456
Utp11	-11.335739	-7.881861
Fhl3	-14.340256	-10.886377
Sf3a3	-11.942361	-8.488482
Inpp5b	-12.924974	-9.471096
Mtf1	-12.7075615	-9.253683
1110065P20Rik	-11.344524	-7.8906465
Yrdc	-12.305935	-8.8520565
Maneal	-17.17347	-13.719591
Cdca8	-16.074858	-12.620979
9930104L06Rik	-13.4358	-9.981921
Rspo1	-16.480322	-13.0264435
Gnl2	-12.268195	-8.814317
Snip1	-12.896804	-9.442925
Meaf6	-12.2247095	-8.770831
Zc3h12a	-14.128947	-10.675069
Mrps15	-11.446622	-7.992744
Oscp1	-13.113027	-9.659148
Lsm10	-12.020178	-8.566299
Stk40	-12.130044	-8.676166
Eva1b	-10.210279	-6.7564015
Sh3d21	-12.855982	-9.402103
Thrap3	-10.80015	-7.346272
Map7d1	-10.601187	-7.147309
Trappc3	-11.560342	-8.106463
Col8a2	-16.074858	-12.620979
Adprhl2	-12.568299	-9.114421
Tekt2	-15.564032	-12.110153
Ago3	-11.986084	-8.532206
Ago1	-11.942361	-8.488482
Ago4	-13.4358	-9.981921
Clspn	-15.564032	-12.110153
5730409E04Rik	-12.568299	-9.114421
Psmb2	-10.619536	-7.1656585
Ncdn	-13.148118	-9.69424
AU040320	-13.4358	-9.981921
Zmym4	-11.624393	-8.170515
Sfpq	-10.698037	-7.244159
Gm12940	-13.509908	-10.056029
Zmym1	-13.095932	-9.642054
Zmym6	-13.344828	-9.890949
Tmem35b	-13.915373	-10.461494
Dlgap3	-17.17347	-13.719591
Smim12	-11.798191	-8.344313
Gja4	-16.480322	-13.0264435
Zscan20	-15.0940275	-11.640149
Phc2	-11.807493	-8.353615
Zfp362	-12.246216	-8.792337
Trim62	-14.283098	-10.82922
Azin2	-12.896804	-9.442925
Ak2	-11.953114	-8.499235
Rnf19b	-12.9393635	-9.485485
Fndc5	-15.38171	-11.927832
S100pbp	-12.619593	-9.165714
Yars	-12.719122	-9.265244
C77080	-15.227559	-11.773681
Gm12976	-17.17347	-13.719591
Sync	-12.446082	-8.992204
Rbbp4	-11.048786	-7.594908
Zbtb8os	-11.974973	-8.521094
Zbtb8a	-14.283098	-10.82922
Bsdc1	-12.189863	-8.735985
Fam229a	-17.17347	-13.719591
Marcksl1	-13.28165	-9.827771
Hdac1	-11.145191	-7.6913133
Lck	-17.17347	-13.719591
Eif3i	-10.304455	-6.850577
Tmem234	-10.704219	-7.250341
Dcdc2b	-14.6085205	-11.154642
Iqcc	-13.323322	-9.869444
Ccdc28b	-12.031806	-8.577928
Txlna	-12.110874	-8.656996
Kpna6	-12.260815	-8.806936
Tmem39b	-13.5625515	-10.108673
Khdrbs1	-11.254576	-7.800698
Ptp4a2	-10.167681	-6.713803
Adgrb2	-17.17347	-13.719591
Gm12963	-16.480322	-13.0264435
Col16a1	-14.688563	-11.234685
Pef1	-12.27563	-8.821752
Tinagl1	-11.371351	-7.9174733
Gm10570	-15.0940275	-11.640149
Fabp3	-10.63244	-7.1785617
Zcchc17	-11.08216	-7.628282
Snrnp40	-12.385978	-8.932099
Pum1	-10.954869	-7.5009913
Gm12971	-17.17347	-13.719591
Sdc3	-12.896804	-9.442925
Ptpru	-13.995416	-10.541537
Mecr	-12.88301	-9.4291315
Srsf4	-11.739747	-8.285869
Gm12992	-15.787175	-12.333297
Tmem200b	-15.38171	-11.927832
Epb41	-11.840751	-8.386872
Ythdf2	-12.136517	-8.682638
Gmeb1	-13.113027	-9.659148
Gm28874	-17.17347	-13.719591
Taf12	-12.189863	-8.735985
Rab42	-14.775575	-11.321696
Snhg12	-11.807493	-8.353615
Trnau1ap	-11.865202	-8.411324
Rcc1	-14.400881	-10.947002
Snhg3	-11.974973	-8.521094
Phactr4	-12.169523	-8.715645
Med18	-14.177737	-10.723859
Sesn2	-14.340256	-10.886377
Gm12981	-17.17347	-13.719591
Atpif1	-9.813366	-6.359488
Dnajc8	-10.386752	-6.932874
Eya3	-13.509908	-10.056029
Xkr8	-14.340256	-10.886377
Smpdl3b	-15.227559	-11.773681
Rpa2	-13.014586	-9.560708
Ppp1r8	-13.046335	-9.592457
Stx12	-11.6013155	-8.147437
Fam76a	-11.003859	-7.5499806
Fgr	-15.787175	-12.333297
Ahdc1	-12.098296	-8.644418
Wasf2	-10.472738	-7.0188603
Gpr3	-17.17347	-13.719591
Cd164l2	-17.17347	-13.719591
Map3k6	-13.589951	-10.136072
Sytl1	-15.787175	-12.333297
Tmem222	-12.15619	-8.7023115
Wdtc1	-12.149589	-8.69571
Slc9a1	-12.67366	-9.219782
Tent5b	-13.302269	-9.848391
Trnp1	-12.123613	-8.669735
Nudc	-10.750222	-7.2963443
Gpatch3	-14.177737	-10.723859
Gpn2	-13.4358	-9.981921
Sfn	-16.480322	-13.0264435
Zdhhc18	-13.062595	-9.608717
Pigv	-13.241644	-9.7877655
Arid1a	-11.338658	-7.8847804
Rps6ka1	-15.787175	-12.333297
Hmgn2	-11.865202	-8.411324
Dhdds	-12.46394	-9.010061
Ubxn11	-16.074858	-12.620979
Sh3bgrl3	-10.68123	-7.2273517
Cep85	-13.535883	-10.082005
Catsper4	-17.17347	-13.719591
Cnksr1	-14.229031	-10.775152
Zfp593	-12.57835	-9.124472
Pdik1l	-13.484591	-10.030712
Trim63	-17.17347	-13.719591
Pafah2	-13.41227	-9.958391
Stmn1	-13.647109	-10.193231
Paqr7	-15.0940275	-11.640149
Mtfr1l	-11.692831	-8.238953
Selenon	-12.394346	-8.940468
Man1c1	-15.227559	-11.773681
Ldlrap1	-13.014586	-9.560708
Maco1	-11.744123	-8.290245
Tmem50a	-10.271732	-6.8178544
Rsrp1	-9.438036	-5.984158
Syf2	-10.719845	-7.265967
Clic4	-9.266922	-5.8130445
Srrm1	-10.295143	-6.841265
Ncmap	-14.340256	-10.886377
Rcan3	-12.968777	-9.514898
Nipal3	-13.509908	-10.056029
Stpg1	-17.17347	-13.719591
Ifnlr1	-17.17347	-13.719591
Myom3	-14.46542	-11.011541
Srsf10	-10.622389	-7.168511
Pnrc2	-11.563997	-8.110119
Fuca1	-11.037905	-7.584027
Hmgcl	-12.217643	-8.763764
Gale	-14.082427	-10.628549
Lypla2	-12.500641	-9.046762
Pithd1	-12.57835	-9.124472
Eloa	-12.031806	-8.577928
Gm24362	-16.480322	-13.0264435
Rpl11	-8.6105385	-5.1566606
Id3	-8.381527	-4.9276495
Asap3	-14.400881	-10.947002
Tcea3	-11.09125	-7.6373725
Zfp46	-12.684834	-9.230955
Hnrnpr	-10.766589	-7.3127112
6030445D17Rik	-17.17347	-13.719591
Luzp1	-10.396962	-6.9430842
Kdm1a	-11.23067	-7.776792
Ephb2	-15.0940275	-11.640149
C1qb	-16.480322	-13.0264435
C1qc	-17.17347	-13.719591
C1qa	-16.480322	-13.0264435
Zbtb40	-13.915373	-10.461494
Wnt4	-15.38171	-11.927832
Cdc42	-9.809556	-6.355678
2810405F17Rik	-15.564032	-12.110153
Gm13010	-15.227559	-11.773681
Hspg2	-9.500711	-6.0468335
Ldlrad2	-17.17347	-13.719591
Usp48	-11.991686	-8.537807
Rap1gap	-15.38171	-11.927832
Alpl	-14.775575	-11.321696
Ece1	-11.784398	-8.33052
Gm13012	-17.17347	-13.719591
Eif4g3	-11.424076	-7.970198
Hp1bp3	-10.456875	-7.002997
Kif17	-17.17347	-13.719591
Ddost	-10.36664	-6.912762
Pink1	-10.993453	-7.539575
Cda	-17.17347	-13.719591
Mul1	-13.062595	-9.608717
Camk2n1	-10.698037	-7.244159
Pla2g2d	-17.17347	-13.719591
Otud3	-14.340256	-10.886377
Tmco4	-14.46542	-11.011541
Nbl1	-10.117294	-6.6634164
Micos10	-9.79259	-6.338712
Gm16287	-16.074858	-12.620979
Capzb	-9.90804	-6.454162
Pqlc2	-13.954594	-10.500715
Akr7a5	-12.002986	-8.549108
Mrto4	-12.110874	-8.656996
Emc1	-12.136517	-8.682638
Ubr4	-11.402028	-7.94815
Iffo2	-12.896804	-9.442925
Aldh4a1	-13.184485	-9.730607
Arhgef10l	-11.85535	-8.401471
Rcc2	-12.9393635	-9.485485
Gm13032	-17.17347	-13.719591
Padi2	-14.775575	-11.321696
Gm13031	-16.480322	-13.0264435
Sdhb	-10.859921	-7.4060435
Atp13a2	-13.222226	-9.768348
Mfap2	-11.440128	-7.9862504
Crocc	-14.177737	-10.723859
Necap2	-12.64087	-9.186992
Szrd1	-11.835932	-8.382053
Fbxo42	-12.924974	-9.471096
Arhgef19	-14.082427	-10.628549
Gm13056	-14.037975	-10.584097
Epha2	-14.976245	-11.522367
Fam131c	-15.564032	-12.110153
Gm13075	-17.17347	-13.719591
Clcnkb	-16.480322	-13.0264435
Hspb7	-10.270727	-6.816849
Zbtb17	-13.676962	-10.2230835
Spen	-11.549452	-8.095573
Fblim1	-8.771912	-5.3180337
Tmem82	-13.915373	-10.461494
Slc25a34	-13.676962	-10.2230835
Plekhm2	-11.937028	-8.48315
Ddi2	-11.332828	-7.8789496
Dnajc16	-13.806173	-10.352295
Casp9	-13.459897	-10.006019
Efhd2	-12.117224	-8.663345
Gm29367	-17.17347	-13.719591
Fhad1	-15.787175	-12.333297
Tmem51	-15.787175	-12.333297
Tmem51os1	-17.17347	-13.719591
Kazn	-15.38171	-11.927832
Prdm2	-11.718148	-8.26427
Pdpn	-14.082427	-10.628549
Lrrc38	-17.17347	-13.719591
Pramef8	-13.739482	-10.285604
Dhrs3	-12.0435705	-8.589692
Vps13d	-12.298272	-8.844394
Gm13212	-14.870885	-11.4170065
Gm13166	-17.17347	-13.719591
Zfp992	-13.707733	-10.253855
Zfp993	-15.787175	-12.333297
Zfp991	-14.037975	-10.584097
Zfp982	-13.772272	-10.318394
Zfp979	-13.618121	-10.164243
Zfp984	-14.037975	-10.584097
Gm20707	-15.227559	-11.773681
Zfp933	-13.676962	-10.2230835
Miip	-13.676962	-10.2230835
Fv1	-16.480322	-13.0264435
Mfn2	-12.092065	-8.638186
Plod1	-11.845593	-8.391715
2510039O18Rik	-12.268195	-8.814317
Nppa	-17.17347	-13.719591
Clcn6	-13.739482	-10.285604
Mthfr	-13.484591	-10.030712
Agtrap	-12.491339	-9.03746
Mad2l2	-13.41227	-9.958391
Fbxo6	-12.385978	-8.932099
Fbxo44	-13.589951	-10.136072
Fbxo2	-11.775307	-8.321428
Ubiad1	-14.177737	-10.723859
Mtor	-12.411296	-8.9574175
Angptl7	-14.340256	-10.886377
Exosc10	-12.28312	-8.829242
Srm	-11.937028	-8.48315
Tardbp	-11.535115	-8.081237
Casz1	-13.459897	-10.006019
Gm13205	-15.227559	-11.773681
Pex14	-12.754629	-9.300751
Dffa	-14.037975	-10.584097
Cenps	-16.074858	-12.620979
Pgd	-12.176257	-8.722379
Kif1b	-10.898707	-7.4448295
Ube4b	-11.974973	-8.521094
Nmnat1	-13.841265	-10.387386
Lzic	-12.742653	-9.2887745
Ctnnbip1	-12.055475	-8.601597
Clstn1	-10.365535	-6.911657
Pik3cd	-14.6085205	-11.154642
Tmem201	-14.037975	-10.584097
Slc25a33	-12.9393635	-9.485485
Spsb1	-12.117224	-8.663345
H6pd	-12.855982	-9.402103
Gpr157	-15.38171	-11.927832
Eno1	-11.259967	-7.806089
Rere	-11.380456	-7.926578
Slc45a1	-17.17347	-13.719591
Errfi1	-10.008749	-6.554871
Park7	-9.915762	-6.461884
Camta1	-11.327031	-7.873153
Per3	-11.831136	-8.377257
Vamp3	-11.865202	-8.411324
Dnajc11	-12.9393635	-9.485485
Thap3	-11.870165	-8.416286
Phf13	-13.4358	-9.981921
Klhl21	-12.290668	-8.836789
Zbtb48	-14.082427	-10.628549
Nol9	-13.589951	-10.136072
Plekhg5	-12.719122	-9.265244
Tnfrsf25	-14.976245	-11.522367
Espn	-14.177737	-10.723859
Acot7	-13.647109	-10.193231
Gpr153	-13.535883	-10.082005
Icmt	-12.719122	-9.265244
Rnf207	-13.707733	-10.253855
Rpl22	-8.950378	-5.496501
Chd5	-15.787175	-12.333297
Nphp4	-16.074858	-12.620979
A430005L14Rik	-12.143031	-8.689153
Dffb	-13.954594	-10.500715
Cep104	-12.719122	-9.265244
Lrrc47	-13.030334	-9.576456
Smim1	-12.377679	-8.9238
Wrap73	-13.148118	-9.69424
Tprgl	-10.295143	-6.841265
Arhgef16	-16.480322	-13.0264435
Prdm16	-11.066446	-7.6125684
Gm13134	-15.0940275	-11.640149
Prdm16os	-12.130044	-8.676166
Ttc34	-16.480322	-13.0264435
Prxl2b	-12.558349	-9.10447
Tnfrsf14	-17.17347	-13.719591
Pank4	-13.4358	-9.981921
Plch2	-16.480322	-13.0264435
Pex10	-13.535883	-10.082005
Rer1	-10.6053915	-7.1515136
Morn1	-14.688563	-11.234685
Ski	-10.530983	-7.077105
Faap20	-11.953114	-8.499235
Prkcz	-14.775575	-11.321696
5830444B04Rik	-17.17347	-13.719591
Cfap74	-17.17347	-13.719591
Tmem52	-17.17347	-13.719591
Gnb1	-10.440067	-6.9861894
Nadk	-12.217643	-8.763764
Slc35e2	-13.28165	-9.827771
Gm16023	-15.227559	-11.773681
Gm10563	-17.17347	-13.719591
Cdk11b	-10.981107	-7.527229
Mmp23	-10.453249	-6.999371
Mib2	-12.742653	-9.2887745
Fndc10	-14.534412	-11.080534
Ssu72	-11.042243	-7.588365
1500002C15Rik	-14.46542	-11.011541
Tmem240	-14.400881	-10.947002
Atad3a	-12.924974	-9.471096
Atad3aos	-14.775575	-11.321696
Vwa1	-12.742653	-9.2887745
Mrpl20	-10.415375	-6.961497
Ccnl2	-11.135598	-7.6817203
Aurkaip1	-11.031432	-7.577554
Mxra8	-10.271732	-6.8178544
Dvl1	-12.353188	-8.899309
Cptp	-13.915373	-10.461494
Ints11	-13.148118	-9.69424
Pusl1	-13.589951	-10.136072
Acap3	-13.806173	-10.352295
Ube2j2	-11.937028	-8.48315
C1qtnf12	-11.660041	-8.206162
B3galt6	-13.707733	-10.253855
Sdf4	-10.282861	-6.828983
Tnfrsf18	-17.17347	-13.719591
9430015G10Rik	-14.128947	-10.675069
Rnf223	-17.17347	-13.719591
Agrn	-11.553069	-8.099191
Isg15	-13.28165	-9.827771
AW011738	-13.676962	-10.2230835
Perm1	-15.0940275	-11.640149
Plekhn1	-12.855982	-9.402103
Noc2l	-12.816761	-9.362883
Cdk6	-12.64087	-9.186992
Fam133b	-11.309838	-7.8559604
1700109H08Rik	-14.976245	-11.522367
Rbm48	-12.558349	-9.10447
2510017J16Rik	-14.229031	-10.775152
Pex1	-13.618121	-10.164243
4833413G10Rik	-14.775575	-11.321696
Gatad1	-11.042243	-7.588365
Ankib1	-12.290668	-8.836789
Krit1	-11.174533	-7.720655
Lrrd1	-15.38171	-11.927832
Mterf1a	-14.775575	-11.321696
Akap9	-10.36664	-6.912762
Gm43031	-17.17347	-13.719591
Cyp51	-11.739747	-8.285869
Mterf1b	-15.227559	-11.773681
Fzd1	-12.268195	-8.814317
Cdk14	-12.7075615	-9.253683
Gm43111	-16.480322	-13.0264435
Gm43623	-17.17347	-13.719591
Gm43577	-17.17347	-13.719591
Gm10484	-16.480322	-13.0264435
Gm43727	-16.480322	-13.0264435
Gm43728	-16.480322	-13.0264435
Cldn12	-13.772272	-10.318394
Gtpbp10	-13.302269	-9.848391
Cfap69	-14.870885	-11.4170065
Steap2	-13.046335	-9.592457
Steap4	-17.17347	-13.719591
Sri	-11.031432	-7.577554
Adam22	-14.870885	-11.4170065
Dbf4	-15.787175	-12.333297
Slc25a40	-12.9393635	-9.485485
Abcb1b	-14.46542	-11.011541
Crot	-12.07972	-8.625841
Tmem243	-13.014586	-9.560708
Dmtf1	-12.369449	-8.91557
9330182L06Rik	-14.534412	-11.080534
Grm3	-17.17347	-13.719591
Sema3d	-10.213121	-6.7592435
Sema3a	-15.564032	-12.110153
Pclo	-13.877633	-10.423755
Cacna2d1	-10.330787	-6.876909
Hgf	-15.564032	-12.110153
Sema3c	-9.312513	-5.8586354
Cd36	-14.400881	-10.947002
Gnai1	-11.022866	-7.5689883
4921504A21Rik	-14.082427	-10.628549
Magi2	-12.169523	-8.715645
Gm29254	-17.17347	-13.719591
Phtf2	-11.605125	-8.151247
Tmem60	-12.055475	-8.601597
Rsbn1l	-10.673682	-7.2198043
A630072M18Rik	-13.222226	-9.768348
Ptpn12	-12.369449	-8.91557
Gsap	-14.6085205	-11.154642
Ccdc146	-13.366807	-9.912929
Fgl2	-9.245063	-5.7911854
Fam185a	-13.739482	-10.285604
Fbxl13	-13.241644	-9.7877655
Lrrc17	-9.433675	-5.979797
Armc10	-12.754629	-9.300751
Napepld	-11.726732	-8.272854
Pmpcb	-11.612788	-8.15891
Dnajc2	-12.246216	-8.792337
Psmc2	-10.838415	-7.384537
Orc5	-13.772272	-10.318394
6030443J06Rik	-15.38171	-11.927832
5031425E22Rik	-12.369449	-8.91557
Kmt2e	-10.075094	-6.6212163
Srpk2	-11.062002	-7.6081243
Gm43566	-15.787175	-12.333297
AI506816	-12.183037	-8.729158
Pus7	-12.510031	-9.056152
Rint1	-12.791443	-9.337564
Tomm7	-9.554235	-6.100358
2700038G22Rik	-14.870885	-11.4170065
Fam126a	-12.742653	-9.2887745
Klhl7	-11.831136	-8.377257
Nupl2	-13.954594	-10.500715
Kcnh2	-12.924974	-9.471096
Nos3	-15.38171	-11.927832
Abcb8	-13.676962	-10.2230835
Cdk5	-12.321439	-8.86756
Slc4a2	-12.428537	-8.974659
Fastk	-11.821611	-8.367733
Tmub1	-12.983815	-9.529937
2310074N15Rik	-16.074858	-12.620979
Agap3	-12.298272	-8.844394
Asb10	-17.17347	-13.719591
Abcf2	-12.238996	-8.785117
Chpf2	-12.073603	-8.619724
Smarcd3	-10.97296	-7.5190825
Nub1	-11.616641	-8.162763
Gm26648	-17.17347	-13.719591
Rheb	-9.983547	-6.5296693
Prkag2	-12.268195	-8.814317
1500035N22Rik	-17.17347	-13.719591
2900005J15Rik	-14.870885	-11.4170065
Galnt11	-11.701199	-8.24732
Kmt2c	-10.9913845	-7.5375066
1700096K18Rik	-13.647109	-10.193231
Gm10062	-17.17347	-13.719591
Xrcc2	-14.775575	-11.321696
Actr3b	-14.534412	-11.080534
Paxip1	-13.046335	-9.592457
Gm26608	-17.17347	-13.719591
Insig1	-12.143031	-8.689153
Rbm33	-11.986084	-8.532206
Rnf32	-15.38171	-11.927832
Lmbr1	-13.079125	-9.625247
4632411P08Rik	-17.17347	-13.719591
Nom1	-12.345156	-8.891277
Ube3c	-12.329283	-8.875404
Dnajb6	-10.503971	-7.050093
Tyms	-13.148118	-9.69424
Hadha	-11.031432	-7.577554
Hadhb	-11.371351	-7.9174733
Adgrf3	-17.17347	-13.719591
Selenoi	-12.88301	-9.4291315
Gm9899	-16.074858	-12.620979
Kcnk3	-12.143031	-8.689153
Slc35f6	-13.062595	-9.608717
Cenpa	-14.775575	-11.321696
Dpysl5	-15.0940275	-11.640149
Mapre3	-11.840751	-8.386872
Gm19409	-14.775575	-11.321696
Tmem214	-12.130044	-8.676166
Agbl5	-14.534412	-11.080534
Ost4	-9.89899	-6.4451118
Emilin1	-10.999683	-7.5458055
Khk	-12.345156	-8.891277
Cgref1	-13.806173	-10.352295
Preb	-12.149589	-8.69571
Tcf23	-17.17347	-13.719591
Slc5a6	-14.775575	-11.321696
Atraid	-10.264715	-6.8108373
Cad	-13.184485	-9.730607
Mpv17	-11.624393	-8.170515
Gtf3c2	-12.025975	-8.572097
Eif2b4	-12.45497	-9.001092
Snx17	-11.1143465	-7.6604686
Zfp513	-13.618121	-10.164243
Ppm1g	-11.752934	-8.299056
Gm9970	-15.0940275	-11.640149
Nrbp1	-11.287366	-7.833488
Krtcap3	-15.787175	-12.333297
Ift172	-13.095932	-9.642054
Fndc4	-13.203177	-9.749299
Zfp512	-12.5290785	-9.0752
4930548H24Rik	-17.17347	-13.719591
Gpn1	-12.77902	-9.325142
Supt7l	-13.241644	-9.7877655
Slc4a1ap	-12.419879	-8.966001
Gm43660	-15.787175	-12.333297
AI839979	-15.38171	-11.927832
Mrpl33	-10.1010475	-6.6471696
Rbks	-15.564032	-12.110153
Babam2	-12.15619	-8.7023115
Fosl2	-11.958533	-8.504655
Plb1	-13.618121	-10.164243
Ppp1cb	-9.912947	-6.459069
Gm15614	-15.787175	-12.333297
Yes1	-12.684834	-9.230955
Pisd	-13.366807	-9.912929
Prr14l	-12.76675	-9.312872
Depdc5	-13.38928	-9.935402
Ywhah	-10.325464	-6.8715863
Ctbp1	-11.212464	-7.7585864
Maea	-12.0435705	-8.589692
Uvssa	-12.377679	-8.9238
Fam53a	-11.986084	-8.532206
Gm9903	-17.17347	-13.719591
Slbp	-12.472989	-9.019111
Tmem129	-13.095932	-9.642054
Tacc3	-14.400881	-10.947002
Fgfr3	-13.995416	-10.541537
Letm1	-11.90047	-8.446591
Nsd2	-12.268195	-8.814317
Nelfa	-12.548497	-9.094619
Gm42851	-17.17347	-13.719591
Gm1673	-11.784398	-8.33052
Nat8l	-15.564032	-12.110153
Haus3	-13.509908	-10.056029
Mxd4	-10.552064	-7.098186
Zfyve28	-13.806173	-10.352295
Gm15513	-14.6085205	-11.154642
Rnf4	-12.169523	-8.715645
Fam193a	-11.726732	-8.272854
Tnip2	-12.548497	-9.094619
Sh3bp2	-15.38171	-11.927832
Add1	-11.222827	-7.768949
Mfsd10	-11.784398	-8.33052
Nop14	-11.850459	-8.396581
Grk4	-13.5625515	-10.108673
Htt	-12.742653	-9.2887745
Msantd1	-16.480322	-13.0264435
Rgs12	-13.459897	-10.006019
Dok7	-16.480322	-13.0264435
Lrpap1	-10.245912	-6.7920337
Adra2c	-15.38171	-11.927832
Cpz	-16.074858	-12.620979
Trmt44	-13.995416	-10.541537
4931431C16Rik	-17.17347	-13.719591
Acox3	-12.719122	-9.265244
Htra3	-11.027141	-7.5732627
Ablim2	-15.787175	-12.333297
Afap1	-11.831136	-8.377257
Sorcs2	-17.17347	-13.719591
2210406O10Rik	-17.17347	-13.719591
Grpel1	-11.005953	-7.552075
Tada2b	-12.500641	-9.046762
Ccdc96	-16.480322	-13.0264435
Tbc1d14	-13.484591	-10.030712
D5Ertd579e	-11.701199	-8.24732
Bloc1s4	-12.290668	-8.836789
Mrfap1	-9.782054	-6.328176
Man2b2	-13.5625515	-10.108673
Wfs1	-12.321439	-8.86756
Evc	-12.968777	-9.514898
Evc2	-12.719122	-9.265244
Stk32b	-14.775575	-11.321696
Cytl1	-11.556699	-8.10282
Msx1	-12.217643	-8.763764
Stx18	-12.684834	-9.230955
Nsg1	-13.41227	-9.958391
Zbtb49	-14.6085205	-11.154642
Lyar	-11.5937395	-8.139861
Tmem128	-12.217643	-8.763764
Slc2a9	-15.787175	-12.333297
Wdr1	-10.964879	-7.511001
Zfp518b	-12.76675	-9.312872
Hs3st1	-16.480322	-13.0264435
Rab28	-11.636135	-8.182257
Bod1l	-10.363327	-6.909449
Cpeb2	-13.915373	-10.461494
Gm43699	-17.17347	-13.719591
C1qtnf7	-12.491339	-9.03746
Cc2d2a	-11.757369	-8.303491
Fbxl5	-12.183037	-8.729158
Gm42555	-17.17347	-13.719591
Tapt1	-12.57835	-9.124472
Gm42984	-17.17347	-13.719591
Ldb2	-15.787175	-12.333297
Qdpr	-11.974973	-8.521094
Lap3	-11.850459	-8.396581
Med28	-10.852701	-7.3988233
Fam184b	-12.999083	-9.545204
9630001P10Rik	-14.775575	-11.321696
Lcorl	-13.344828	-9.890949
Slit2	-12.88301	-9.4291315
5730480H06Rik	-12.64087	-9.186992
Kcnip4	-12.428537	-8.974659
Adgra3	-11.612788	-8.15891
Ppargc1a	-13.618121	-10.164243
Gm43177	-17.17347	-13.719591
Dhx15	-11.08897	-7.6350923
9230114K14Rik	-12.510031	-9.056152
Sod3	-8.360329	-4.9064507
Ccdc149	-13.589951	-10.136072
Gm3519	-17.17347	-13.719591
Lgi2	-13.739482	-10.285604
8030423F21Rik	-15.787175	-12.333297
Sepsecs	-13.261447	-9.807569
Pi4k2b	-12.953961	-9.500083
Zcchc4	-13.841265	-10.387386
Anapc4	-11.812178	-8.358299
Sel1l3	-12.402785	-8.948907
Smim20	-12.238996	-8.785117
Gm45495	-15.227559	-11.773681
Rbpj	-10.908169	-7.454291
Tbc1d19	-12.742653	-9.2887745
Stim2	-12.510031	-9.056152
4932441J04Rik	-14.177737	-10.723859
Pcdh7	-9.02676	-5.5728827
Arap2	-11.473026	-8.019148
0610040J01Rik	-17.17347	-13.719591
Rell1	-12.953961	-9.500083
5830416I19Rik	-16.074858	-12.620979
Pgm2	-13.459897	-10.006019
Tbc1d1	-12.073603	-8.619724
Gm20033	-15.0940275	-11.640149
Klf3	-11.254576	-7.800698
Tlr6	-17.17347	-13.719591
Fam114a1	-11.312683	-7.858805
Tmem156	-16.074858	-12.620979
Klhl5	-12.500641	-9.046762
Wdr19	-13.676962	-10.2230835
Rfc1	-11.197119	-7.743241
Rpl9	-8.181036	-4.7271585
Lias	-11.937028	-8.48315
Ugdh	-12.037671	-8.583793
Smim14	-9.912947	-6.459069
Ube2k	-10.960863	-7.506985
Gm42726	-15.0940275	-11.640149
Pds5a	-11.672212	-8.218333
N4bp2os	-14.46542	-11.011541
N4bp2	-12.77902	-9.325142
9130230L23Rik	-15.564032	-12.110153
Nsun7	-16.074858	-12.620979
Apbb2	-11.880165	-8.426287
Uchl1os	-17.17347	-13.719591
Uchl1	-11.3183975	-7.8645196
Limch1	-9.757692	-6.3038144
Gm42670	-14.688563	-11.234685
Tmem33	-11.503589	-8.04971
Slc30a9	-11.701199	-8.24732
Gm43698	-16.480322	-13.0264435
Bend4	-14.870885	-11.4170065
Atp8a1	-13.166137	-9.712258
Kctd8	-16.480322	-13.0264435
Guf1	-12.472989	-9.019111
Gnpda2	-11.905611	-8.451733
Gabra4	-16.074858	-12.620979
Gabrb1	-15.0940275	-11.640149
Commd8	-11.99732	-8.543442
Corin	-16.480322	-13.0264435
Nfxl1	-12.869405	-9.415526
Cnga1	-16.480322	-13.0264435
Nipal1	-17.17347	-13.719591
Txk	-17.17347	-13.719591
Tec	-15.0940275	-11.640149
Slain2	-11.194584	-7.740706
Gm10135	-17.17347	-13.719591
Fryl	-11.500146	-8.0462675
Gm17207	-17.17347	-13.719591
Ociad1	-11.215045	-7.761167
Ociad2	-16.480322	-13.0264435
Dcun1d4	-13.41227	-9.958391
Sgcb	-10.942988	-7.4891105
Usp46	-12.104566	-8.650687
Dancr	-13.113027	-9.659148
Rasl11b	-11.053172	-7.599294
Scfd2	-13.535883	-10.082005
Fip1l1	-11.62051	-8.166632
Lnx1	-11.513988	-8.060109
Chic2	-11.503589	-8.04971
Pdgfra	-12.123613	-8.669735
Gm42802	-16.074858	-12.620979
Kit	-13.203177	-9.749299
Kdr	-16.074858	-12.620979
Srd5a3	-12.7075615	-9.253683
Tmem165	-11.182005	-7.728127
Clock	-11.344524	-7.8906465
Gm7467	-15.564032	-12.110153
Nmu	-17.17347	-13.719591
Exoc1	-12.651681	-9.197803
Cep135	-13.484591	-10.030712
C530008M17Rik	-13.707733	-10.253855
Aasdh	-13.995416	-10.541537
Ppat	-13.41227	-9.958391
Paics	-11.371351	-7.9174733
Srp72	-11.105044	-7.6511664
Rest	-11.377412	-7.923534
Noa1	-13.772272	-10.318394
Polr2b	-11.969462	-8.515584
Igfbp7	-7.236063	-3.7821856
Adgrl3	-14.400881	-10.947002
Cenpc1	-12.588502	-9.134624
Stap1	-17.17347	-13.719591
Uba6	-12.598759	-9.14488
Ythdc1	-10.734119	-7.2802415
Sult1e1	-17.17347	-13.719591
Jchain	-17.17347	-13.719591
Utp3	-11.48311	-8.029232
Rufy3	-12.696133	-9.242254
Grsf1	-12.130044	-8.676166
Mob1b	-12.025975	-8.572097
Dck	-14.976245	-11.522367
Slc4a4	-13.302269	-9.848391
Adamts3	-14.775575	-11.321696
Cox18	-13.113027	-9.659148
Ankrd17	-11.374377	-7.9204993
Gm9958	-16.074858	-12.620979
Cxcl5	-17.17347	-13.719591
Pf4	-15.38171	-11.927832
Cxcl1	-15.787175	-12.333297
Mthfd2l	-12.149589	-8.69571
Gm19610	-16.480322	-13.0264435
Ereg	-13.915373	-10.461494
Areg	-17.17347	-13.719591
Btc	-12.5290785	-9.0752
Parm1	-11.324144	-7.8702664
Rchy1	-11.608949	-8.15507
Cdkl2	-13.046335	-9.592457
G3bp2	-10.715131	-7.261253
Uso1	-11.350424	-7.896546
U90926	-17.17347	-13.719591
Ppef2	-17.17347	-13.719591
Naaa	-12.869405	-9.415526
Sdad1	-12.500641	-9.046762
Art3	-12.77902	-9.325142
Nup54	-12.53874	-9.084862
Scarb2	-10.900593	-7.446715
Fam47e	-14.688563	-11.234685
Stbd1	-11.105044	-7.6511664
Ccdc158	-17.17347	-13.719591
Shroom3	-11.672212	-8.218333
Sept11	-12.189863	-8.735985
Ccni	-10.530983	-7.077105
2010109A12Rik	-14.400881	-10.947002
Ccng2	-13.184485	-9.730607
Cnot6l	-11.553069	-8.099191
Mrpl1	-12.548497	-9.094619
Anxa3	-11.688673	-8.234795
Bmp2k	-12.754629	-9.300751
Paqr3	-14.775575	-11.321696
Antxr2	-12.64087	-9.186992
Prdm8	-17.17347	-13.719591
Fgf5	-12.855982	-9.402103
Cfap299	-17.17347	-13.719591
Bmp3	-13.589951	-10.136072
Prkg2	-15.564032	-12.110153
Rasgef1b	-17.17347	-13.719591
Vamp9	-17.17347	-13.719591
Hnrnpd	-10.722999	-7.2691207
Gm17092	-14.177737	-10.723859
Hnrnpdl	-10.679716	-7.225838
Enoph1	-13.618121	-10.164243
Sec31a	-10.712002	-7.258124
5430416N02Rik	-13.261447	-9.807569
Lin54	-13.241644	-9.7877655
Cops4	-11.535115	-8.081237
Plac8	-13.841265	-10.387386
Coq2	-11.980513	-8.526634
Hpse	-17.17347	-13.719591
Helq	-14.177737	-10.723859
Mrps18c	-11.262672	-7.8087945
Abraxas1	-14.082427	-10.628549
Gm43514	-16.074858	-12.620979
4930458D05Rik	-15.564032	-12.110153
Gpat3	-15.564032	-12.110153
Nkx6-1	-14.340256	-10.886377
9430085M18Rik	-15.787175	-12.333297
Cds1	-13.166137	-9.712258
Wdfy3	-11.62051	-8.166632
Arhgap24	-13.079125	-9.625247
Ptpn13	-14.283098	-10.82922
Slc10a6	-17.17347	-13.719591
Aff1	-12.210625	-8.756746
Klhl8	-12.855982	-9.402103
Hsd17b11	-11.826362	-8.372483
Nudt9	-11.353387	-7.899509
Sparcl1	-9.534308	-6.0804305
Ibsp	-14.534412	-11.080534
Mepe	-16.074858	-12.620979
Spp1	-17.17347	-13.719591
Pkd2	-11.238575	-7.784697
BC005561	-11.228049	-7.7741714
D930016D06Rik	-13.014586	-9.560708
Zfp951	-14.775575	-11.321696
Gbp9	-17.17347	-13.719591
Gbp6	-15.227559	-11.773681
Lrrc8b	-14.976245	-11.522367
Lrrc8c	-12.953961	-9.500083
C230066G23Rik	-17.17347	-13.719591
Lrrc8d	-14.128947	-10.675069
Zfp326	-11.571351	-8.117473
Gm28050	-16.480322	-13.0264435
Zfp644	-10.72142	-7.2675424
Cdc7	-16.074858	-12.620979
Tgfbr3	-11.374377	-7.9204993
Brdt	-13.915373	-10.461494
Ephx4	-17.17347	-13.719591
Btbd8	-14.037975	-10.584097
Glmn	-13.046335	-9.592457
Rpap2	-12.924974	-9.471096
Evi5	-11.162202	-7.708324
Rpl5	-8.975656	-5.5217776
Dipk1a	-12.196735	-8.742857
Mtf2	-12.123613	-8.669735
Tmed5	-11.784398	-8.33052
Ccdc18	-15.38171	-11.927832
Dr1	-12.345156	-8.891277
Pigg	-13.459897	-10.006019
9330198I05Rik	-17.17347	-13.719591
Gm42517	-14.870885	-11.4170065
Gm10419	-15.227559	-11.773681
Atp5k	-9.677927	-6.2240496
Mfsd7a	-14.082427	-10.628549
Pcgf3	-12.110874	-8.656996
Gak	-12.253489	-8.79961
Tmem175	-12.88301	-9.4291315
Dgkq	-13.184485	-9.730607
Idua	-13.222226	-9.768348
Fgfrl1	-10.722999	-7.2691207
Crlf2	-12.049505	-8.595627
5430403G16Rik	-13.877633	-10.423755
4930522L14Rik	-13.222226	-9.768348
A430073D23Rik	-15.227559	-11.773681
Gm26779	-16.480322	-13.0264435
Gm15446	-14.400881	-10.947002
1010001B22Rik	-14.400881	-10.947002
Zfp932	-13.5625515	-10.108673
Gm17655	-14.870885	-11.4170065
Gm35315	-15.227559	-11.773681
Plcxd1	-17.17347	-13.719591
Gtpbp6	-12.816761	-9.362883
Zfp605	-13.676962	-10.2230835
Chfr	-12.510031	-9.056152
Gm43136	-16.074858	-12.620979
Gm15787	-14.177737	-10.723859
Golga3	-11.656016	-8.202138
Gm43138	-14.976245	-11.522367
Ankle2	-12.196735	-8.742857
Pgam5	-13.38928	-9.935402
Pxmp2	-13.915373	-10.461494
Pole	-17.17347	-13.719591
Fbrsl1	-12.510031	-9.056152
Noc4l	-13.954594	-10.500715
Ddx51	-13.676962	-10.2230835
Gm42595	-14.976245	-11.522367
Ep400	-11.692831	-8.238953
Gm15559	-16.074858	-12.620979
Pus1	-13.772272	-10.318394
Ulk1	-12.53874	-9.084862
Hscb	-12.76675	-9.312872
Chek2	-14.177737	-10.723859
Ttc28	-9.958965	-6.5050874
Pitpnb	-11.042243	-7.588365
Gm43118	-17.17347	-13.719591
Mn1	-12.183037	-8.729158
C130026L21Rik	-17.17347	-13.719591
E130006D01Rik	-13.995416	-10.541537
Cryba4	-17.17347	-13.719591
Crybb1	-17.17347	-13.719591
Tpst2	-12.7075615	-9.253683
Tfip11	-12.791443	-9.337564
Srrd	-13.203177	-9.749299
Hps4	-12.719122	-9.265244
Asphd2	-17.17347	-13.719591
Myo18b	-14.688563	-11.234685
Grk3	-12.696133	-9.242254
Crybb3	-13.707733	-10.253855
2900026A02Rik	-11.273572	-7.819694
Wscd2	-12.246216	-8.792337
Cmklr1	-13.841265	-10.387386
Ficd	-13.095932	-9.642054
Sart3	-12.816761	-9.362883
Iscu	-10.239073	-6.785195
Tmem119	-15.787175	-12.333297
Selplg	-15.787175	-12.333297
Coro1c	-11.020737	-7.566859
Ssh1	-12.253489	-8.79961
Usp30	-14.128947	-10.675069
Alkbh2	-13.323322	-9.869444
Ung	-15.564032	-12.110153
Acacb	-14.128947	-10.675069
Myo1h	-14.128947	-10.675069
Kctd10	-10.661724	-7.207846
Ube3b	-12.968777	-9.514898
Mmab	-13.535883	-10.082005
Mvk	-12.411296	-8.9574175
Fam222a	-16.480322	-13.0264435
Trpv4	-16.480322	-13.0264435
Gltp	-12.253489	-8.79961
Tchp	-13.41227	-9.958391
Git2	-12.123613	-8.669735
4930515G01Rik	-17.17347	-13.719591
Ankrd13a	-12.53874	-9.084862
1500011B03Rik	-12.754629	-9.300751
Oasl2	-16.074858	-12.620979
2210016L21Rik	-11.126098	-7.6722198
Sppl3	-11.969462	-8.515584
Gm10401	-17.17347	-13.719591
Acads	-12.143031	-8.689153
Unc119b	-13.148118	-9.69424
Mlec	-11.284592	-7.8307137
Cabp1	-16.074858	-12.620979
Pop5	-11.281825	-7.827947
Rnf10	-10.758372	-7.3044944
Coq5	-12.313657	-8.859778
Dynll1	-8.536895	-5.083017
Gm13830	-14.775575	-11.321696
Srsf9	-10.861734	-7.4078565
Gatc	-13.366807	-9.912929
Triap1	-11.910779	-8.456901
Cox6a1	-10.069325	-6.6154475
Msi1	-14.775575	-11.321696
Sirt4	-13.4358	-9.981921
Pxn	-12.9393635	-9.485485
Gm13840	-17.17347	-13.719591
Rplp0	-8.357654	-4.903776
Gcn1	-11.875153	-8.421274
1110006O24Rik	-17.17347	-13.719591
Rab35	-12.169523	-8.715645
Bicdl1	-13.877633	-10.423755
Gm14508	-16.074858	-12.620979
Prkab1	-13.184485	-9.730607
Ccdc60	-13.676962	-10.2230835
B230112J18Rik	-14.870885	-11.4170065
Hspb8	-10.527079	-7.0732007
Srrm4os	-17.17347	-13.719591
Srrm4	-14.6085205	-11.154642
Suds3	-11.726732	-8.272854
9530046B11Rik	-17.17347	-13.719591
Taok3	-11.845593	-8.391715
Pebp1	-9.754688	-6.3008103
Gm10399	-15.787175	-12.333297
Vsig10	-13.618121	-10.164243
Wsb2	-11.605125	-8.151247
Rfc5	-13.707733	-10.253855
Gm15728	-15.564032	-12.110153
Fbxo21	-12.968777	-9.514898
Tesc	-14.775575	-11.321696
Fbxw8	-12.619593	-9.165714
Hrk	-17.17347	-13.719591
Rnft2	-17.17347	-13.719591
2410131K14Rik	-13.41227	-9.958391
Med13l	-11.3155365	-7.8616586
Tbx3os1	-16.480322	-13.0264435
Tbx3	-13.366807	-9.912929
Rbm19	-13.509908	-10.056029
Lhx5	-17.17347	-13.719591
Gm15690	-16.074858	-12.620979
Plbd2	-11.440128	-7.9862504
Slc8b1	-13.344828	-9.890949
Tpcn1	-13.130418	-9.676539
Iqcd	-16.480322	-13.0264435
Rita1	-13.366807	-9.912929
Ddx54	-11.953114	-8.499235
Dtx1	-12.829664	-9.375786
Oas1c	-15.227559	-11.773681
Ptpn11	-11.027141	-7.5732627
Rpl6	-8.361817	-4.9079394
Hectd4	-12.651681	-9.197803
Trafd1	-11.238575	-7.784697
Gm42918	-15.787175	-12.333297
Naa25	-12.742653	-9.2887745
Erp29	-10.5763235	-7.1224456
Tmem116	-17.17347	-13.719591
Adam1b	-17.17347	-13.719591
Adam1a	-15.787175	-12.333297
Mapkapk5	-14.177737	-10.723859
Aldh2	-9.496069	-6.042191
Acad12	-14.128947	-10.675069
Acad10	-15.227559	-11.773681
Brap	-12.394346	-8.940468
Atxn2	-11.628292	-8.174414
Sh2b3	-13.261447	-9.807569
Pheta1	-13.509908	-10.056029
Cux2	-13.046335	-9.592457
Myl2	-17.17347	-13.719591
Ppp1cc	-11.414568	-7.96069
Tctn1	-13.535883	-10.082005
Pptc7	-11.812178	-8.358299
Rad9b	-15.38171	-11.927832
Vps29	-10.872684	-7.4188056
Fam216a	-12.491339	-9.03746
Gpn3	-12.15619	-8.7023115
Arpc3	-10.268719	-6.814841
Gm42829	-15.227559	-11.773681
Anapc7	-10.881901	-7.428023
Atp2a2	-9.081841	-5.627964
Ift81	-11.688673	-8.234795
P2rx7	-14.128947	-10.675069
P2rx4	-12.619593	-9.165714
Camkk2	-12.176257	-8.722379
Anapc5	-10.827833	-7.3739552
Rnf34	-12.298272	-8.844394
Kdm2b	-12.924974	-9.471096
A930024E05Rik	-16.074858	-12.620979
Orai1	-11.697006	-8.243128
Tmem120b	-14.340256	-10.886377
Rhof	-15.564032	-12.110153
AI480526	-14.037975	-10.584097
Gm38102	-15.0940275	-11.640149
4932422M17Rik	-14.400881	-10.947002
Setd1b	-11.770792	-8.316914
Psmd9	-12.037671	-8.583793
Wdr66	-15.787175	-12.333297
Gm15860	-15.0940275	-11.640149
Bcl7a	-12.117224	-8.663345
5830487J09Rik	-16.480322	-13.0264435
Gm15747	-17.17347	-13.719591
Mlxip	-12.57835	-9.124472
Gm43813	-13.4358	-9.981921
Diablo	-12.073603	-8.619724
B3gnt4	-16.074858	-12.620979
Vps33a	-13.203177	-9.749299
Clip1	-10.646975	-7.1930966
Zcchc8	-12.394346	-8.940468
Rsrc2	-10.518029	-7.0641513
Hcar1	-16.074858	-12.620979
Denr	-11.207323	-7.753445
Ccdc62	-14.283098	-10.82922
Hip1r	-12.5290785	-9.0752
Vps37b	-12.548497	-9.094619
Abcb9	-13.241644	-9.7877655
Gm16001	-16.480322	-13.0264435
Ogfod2	-13.366807	-9.912929
Arl6ip4	-11.524495	-8.070617
Pitpnm2	-11.921196	-8.467318
Mphosph9	-13.41227	-9.958391
2810006K23Rik	-12.816761	-9.362883
Cdk2ap1	-12.377679	-8.9238
Sbno1	-11.053172	-7.599294
Kmt5a	-10.836644	-7.3827662
Rilpl2	-12.098296	-8.644418
Snrnp35	-14.229031	-10.775152
Rilpl1	-11.870165	-8.416286
Tmed2	-10.497646	-7.0437684
Ddx55	-12.742653	-9.2887745
Eif2b1	-12.5290785	-9.0752
Gtf2h3	-13.38928	-9.935402
Tctn2	-12.953961	-9.500083
Atp6v0a2	-12.123613	-8.669735
Dnah10	-17.17347	-13.719591
Ccdc92	-14.870885	-11.4170065
Zfp664	-11.921196	-8.467318
Rflna	-14.6085205	-11.154642
Ncor2	-11.821611	-8.367733
Scarb1	-14.534412	-11.080534
Ubc	-8.654677	-5.2007995
Gm10382	-14.534412	-11.080534
Dhx37	-13.841265	-10.387386
Bri3bp	-13.046335	-9.592457
Aacs	-12.968777	-9.514898
Tmem132b	-16.074858	-12.620979
Tmem132c	-17.17347	-13.719591
Slc15a4	-13.148118	-9.69424
Stx2	-12.548497	-9.094619
Ran	-10.465385	-7.0115075
Adgrd1	-12.098296	-8.644418
Sfswap	-11.735391	-8.281512
Mmp17	-12.031806	-8.577928
Zfp11	-15.38171	-11.927832
Mrps17	-11.220226	-7.7663484
Nipsnap2	-12.353188	-8.899309
Gm15903	-17.17347	-13.719591
Psph	-13.184485	-9.730607
Cct6a	-10.663211	-7.209333
Sumf2	-12.754629	-9.300751
Phkg1	-12.073603	-8.619724
Chchd2	-8.793013	-5.339135
Zbed5	-14.534412	-11.080534
Nupr1l	-13.915373	-10.461494
Vkorc1l1	-12.651681	-9.197803
Gusb	-11.6804085	-8.22653
Asl	-12.53874	-9.084862
Crcp	-12.999083	-9.545204
Tpst1	-11.500146	-8.0462675
Kctd7	-14.400881	-10.947002
Rabgef1	-12.394346	-8.940468
Tmem248	-11.926445	-8.472567
Gm6598	-15.564032	-12.110153
Sbds	-10.750222	-7.2963443
Tyw1	-12.896804	-9.442925
Galnt17	-14.229031	-10.775152
Gm29681	-17.17347	-13.719591
Auts2	-10.155963	-6.702085
Castor2	-12.217643	-8.763764
Rcc1l	-13.130418	-9.676539
Gtf2ird2	-13.915373	-10.461494
Ncf1	-17.17347	-13.719591
Gtf2i	-11.020737	-7.566859
Gtf2ird1	-12.9107895	-9.456911
Clip2	-13.366807	-9.912929
Rfc2	-12.428537	-8.974659
Lat2	-17.17347	-13.719591
Eif4h	-10.5681715	-7.1142936
Limk1	-15.0940275	-11.640149
Eln	-7.380969	-3.9270916
Gm30003	-16.480322	-13.0264435
Mettl27	-13.095932	-9.642054
Cldn3	-12.061481	-8.607603
Abhd11	-12.394346	-8.940468
Stx1a	-12.2247095	-8.770831
Bud23	-12.049505	-8.595627
Dnajc30	-11.926445	-8.472567
Vps37d	-13.459897	-10.006019
Mlxipl	-13.841265	-10.387386
Tbl2	-13.484591	-10.030712
Bcl7b	-11.359339	-7.905461
Baz1b	-10.881901	-7.428023
Fzd9	-14.340256	-10.886377
Nsun5	-13.459897	-10.006019
Pom121	-12.353188	-8.899309
Hip1	-11.084425	-7.630547
Rhbdd2	-12.983815	-9.529937
Por	-10.858111	-7.4042335
Tmem120a	-12.45497	-9.001092
Styxl1	-17.17347	-13.719591
Mdh2	-10.496387	-7.0425086
Hspb1	-8.123767	-4.6698895
Ywhag	-11.493297	-8.039418
Ssc4d	-17.17347	-13.719591
Dtx2	-13.28165	-9.827771
Rasa4	-15.0940275	-11.640149
Polr2j	-10.974991	-7.521113
Gm43604	-17.17347	-13.719591
Lrwd1	-13.323322	-9.869444
Alkbh4	-14.46542	-11.011541
Orai2	-14.283098	-10.82922
Prkrip1	-12.260815	-8.806936
Sh2b2	-16.480322	-13.0264435
Cux1	-10.351272	-6.8973937
Ift22	-12.630175	-9.176296
4933404O12Rik	-14.037975	-10.584097
Fis1	-10.408431	-6.954553
Znhit1	-11.473026	-8.019148
Plod3	-11.812178	-8.358299
Vgf	-17.17347	-13.719591
Ap1s1	-11.788975	-8.335096
Serpine1	-10.831348	-7.3774705
Trim56	-11.545849	-8.09197
Ache	-14.775575	-11.321696
Ufsp1	-13.739482	-10.285604
Srrt	-11.798191	-8.344313
Trip6	-11.597521	-8.143642
Slc12a9	-13.739482	-10.285604
Ephb4	-12.983815	-9.529937
Pop7	-12.428537	-8.974659
9130604C24Rik	-16.480322	-13.0264435
Gm8066	-17.17347	-13.719591
Gigyf1	-12.15619	-8.7023115
Gnb2	-9.797587	-6.3437095
Tfr2	-16.480322	-13.0264435
Mospd3	-13.113027	-9.659148
Pcolce	-13.222226	-9.768348
Gm36266	-15.38171	-11.927832
Lrch4	-13.28165	-9.827771
Sap25	-14.688563	-11.234685
Irs3	-17.17347	-13.719591
Agfg2	-12.924974	-9.471096
Nyap1	-14.128947	-10.675069
Tsc22d4	-10.768241	-7.314363
Ppp1r35	-12.238996	-8.785117
Mepce	-12.361285	-8.907407
Zcwpw1	-16.480322	-13.0264435
Zkscan1	-12.085874	-8.631995
Zscan21	-13.166137	-9.712258
Zfp113	-13.130418	-9.676539
Cops6	-10.923494	-7.4696164
Mcm7	-13.707733	-10.253855
Ap4m1	-13.014586	-9.560708
Taf6	-12.568299	-9.114421
Cnpy4	-12.031806	-8.577928
Mblac1	-13.915373	-10.461494
Lamtor4	-10.488858	-7.0349803
Map11	-13.772272	-10.318394
6330418K02Rik	-13.28165	-9.827771
Gal3st4	-14.6085205	-11.154642
Gpc2	-15.787175	-12.333297
Zfp157	-13.079125	-9.625247
Zfp68	-12.162834	-8.708956
A430033K04Rik	-13.841265	-10.387386
Fam20c	-12.394346	-8.940468
Pdgfa	-10.549404	-7.095526
6330403L08Rik	-13.459897	-10.006019
Prkar1b	-13.954594	-10.500715
Gm15672	-14.976245	-11.522367
Dnaaf5	-14.283098	-10.82922
Sun1	-11.578758	-8.12488
Get4	-12.092065	-8.638186
Adap1	-15.564032	-12.110153
Cox19	-12.092065	-8.638186
3110082I17Rik	-13.38928	-9.935402
Gpr146	-12.88301	-9.4291315
C130050O18Rik	-15.227559	-11.773681
Gper1	-17.17347	-13.719591
Zfand2a	-13.302269	-9.848391
Micall2	-14.688563	-11.234685
Ints1	-12.588502	-9.134624
Mafk	-12.149589	-8.69571
Tmem184a	-17.17347	-13.719591
Psmg3	-12.136517	-8.682638
Mad1l1	-13.618121	-10.164243
Nudt1	-13.647109	-10.193231
Mrm2	-13.4358	-9.981921
Snx8	-14.229031	-10.775152
Eif3b	-11.48989	-8.036012
Chst12	-11.775307	-8.321428
Lfng	-16.074858	-12.620979
Ttyh3	-14.128947	-10.675069
Iqce	-13.995416	-10.541537
Brat1	-14.534412	-11.080534
Amz1	-16.074858	-12.620979
Gna12	-11.99732	-8.543442
Foxk1	-13.302269	-9.848391
Ap5z1	-14.037975	-10.584097
Radil	-15.38171	-11.927832
Wipi2	-11.953114	-8.499235
Tnrc18	-10.995525	-7.5416474
Fbxl18	-13.877633	-10.423755
D430018E03Rik	-17.17347	-13.719591
Actb	-6.944498	-3.4906206
Fscn1	-17.17347	-13.719591
Rnf216	-12.020178	-8.566299
Gm43378	-16.074858	-12.620979
Olfr718-ps1	-17.17347	-13.719591
Rbak	-13.535883	-10.082005
Zfp12	-13.535883	-10.082005
Zfp316	-13.707733	-10.253855
BC030343	-17.17347	-13.719591
E130309D02Rik	-13.203177	-9.749299
Zdhhc4	-12.419879	-8.966001
0610040B10Rik	-14.6085205	-11.154642
Gm20635	-17.17347	-13.719591
Kdelr2	-10.898707	-7.4448295
Daglb	-13.302269	-9.848391
Rac1	-10.332923	-6.879045
Fam220a	-14.400881	-10.947002
Fam220a-1	-14.340256	-10.886377
Cyth3	-11.424076	-7.970198
Usp42	-12.337188	-8.883309
D130017N08Rik	-14.870885	-11.4170065
Eif2ak1	-12.519509	-9.065631
Aimp2	-12.246216	-8.792337
Pms2	-13.241644	-9.7877655
Rsph10b	-16.480322	-13.0264435
Ccz1	-12.5290785	-9.0752
Lmtk2	-13.877633	-10.423755
Bhlha15	-17.17347	-13.719591
Tecpr1	-12.130044	-8.676166
2900089D17Rik	-13.995416	-10.541537
Bri3	-9.261413	-5.8075347
Baiap2l1	-13.302269	-9.848391
Gm15708	-14.229031	-10.775152
Nptx2	-12.609121	-9.155243
Trrap	-12.162834	-8.708956
Smurf1	-12.855982	-9.402103
Arpc1a	-11.238575	-7.784697
Arpc1b	-9.917172	-6.4632945
Pdap1	-10.211226	-6.7573485
Bud31	-11.731051	-8.277173
Ptcd1	-13.366807	-9.912929
Cpsf4	-13.954594	-10.500715
Atp5j2	-9.34583	-5.891952
Zkscan14	-13.995416	-10.541537
Zkscan5	-13.915373	-10.461494
Zfp655	-12.290668	-8.836789
Zscan25	-15.564032	-12.110153
B230303O12Rik	-15.564032	-12.110153
Rnf6	-11.500146	-8.0462675
Cdk8	-12.45497	-9.001092
Wasf3	-13.166137	-9.712258
Usp12	-12.510031	-9.056152
Rpl21	-8.316096	-4.862219
Rasl11a	-11.0400715	-7.5861936
Gtf3a	-11.701199	-8.24732
Mtif3	-12.88301	-9.4291315
Lnx2	-11.831136	-8.377257
Polr1d	-10.234216	-6.780338
Pan3	-12.385978	-8.932099
Flt1	-14.46542	-11.011541
Pomp	-10.259732	-6.8058543
Slc46a3	-14.534412	-11.080534
Gm15721	-15.227559	-11.773681
Mtus2	-10.595608	-7.14173
Slc7a1	-12.472989	-9.019111
Ubl3	-10.952879	-7.499001
Katnal1	-12.791443	-9.337564
Gm15406	-17.17347	-13.719591
1810059H22Rik	-14.976245	-11.522367
5930430L01Rik	-12.696133	-9.242254
Gm15411	-14.6085205	-11.154642
Gm15408	-16.480322	-13.0264435
Hmgb1	-9.054964	-5.6010866
Uspl1	-12.76675	-9.312872
2310047D07Rik	-16.480322	-13.0264435
Alox5ap	-16.074858	-12.620979
Gm19719	-17.17347	-13.719591
Medag	-13.113027	-9.659148
Tex26	-17.17347	-13.719591
4933425D22Rik	-17.17347	-13.719591
Wdr95	-14.870885	-11.4170065
Hsph1	-11.031432	-7.577554
B3glct	-11.937028	-8.48315
Fry	-10.577689	-7.1238112
Brca2	-14.688563	-11.234685
N4bp2l1	-13.459897	-10.006019
Gm43598	-17.17347	-13.719591
Gm43597	-15.38171	-11.927832
N4bp2l2	-11.095827	-7.641949
Pds5b	-11.632206	-8.178328
Stard13	-12.519509	-9.065631
D730045B01Rik	-16.074858	-12.620979
1700028E10Rik	-15.564032	-12.110153
Rfc3	-13.241644	-9.7877655
Gm20559	-12.9393635	-9.485485
Samd9l	-11.840751	-8.386872
Vps50	-13.203177	-9.749299
Gng11	-12.337188	-8.883309
Bet1	-12.025975	-8.572097
Col1a2	-7.7690434	-4.315166
Casd1	-11.840751	-8.386872
Sgce	-11.676301	-8.222423
Peg10	-16.480322	-13.0264435
Ppp1r9a	-12.321439	-8.86756
Pon3	-12.345156	-8.891277
Pon2	-11.290147	-7.836269
Asb4	-17.17347	-13.719591
Pdk4	-13.5625515	-10.108673
Dync1i1	-15.787175	-12.333297
Slc25a13	-14.177737	-10.723859
Gm20619	-16.074858	-12.620979
Sem1	-8.979516	-5.5256386
Gm20618	-15.787175	-12.333297
Dlx6os1	-11.535115	-8.081237
Dlx6	-11.332828	-7.8789496
Dlx5	-11.298539	-7.844661
Sdhaf3	-13.148118	-9.69424
Asns	-17.17347	-13.719591
C1galt1	-11.64404	-8.190162
Col28a1	-17.17347	-13.719591
Mios	-12.791443	-9.337564
Rpa3	-12.402785	-8.948907
Umad1	-13.535883	-10.082005
A430035B10Rik	-14.229031	-10.775152
Glcci1	-12.260815	-8.806936
Ica1	-14.037975	-10.584097
Ndufa4	-9.25266	-5.798782
Phf14	-11.3041725	-7.8502946
Thsd7a	-13.806173	-10.352295
Tmem106b	-10.594218	-7.1403403
Tmem168	-12.394346	-8.940468
Bmt2	-12.0435705	-8.589692
2610001J05Rik	-11.62051	-8.166632
1110019D14Rik	-14.037975	-10.584097
Ppp1r3a	-16.480322	-13.0264435
Foxp2	-10.974991	-7.521113
Mdfic	-13.302269	-9.848391
Tfec	-16.480322	-13.0264435
Gm15473	-17.17347	-13.719591
Gm4876	-13.618121	-10.164243
Tes	-11.292936	-7.8390584
D830026I12Rik	-14.976245	-11.522367
Cav2	-10.745364	-7.2914863
Cav1	-10.033016	-6.5791383
Gm29591	-17.17347	-13.719591
Capza2	-10.315955	-6.862077
St7	-13.014586	-9.560708
Cttnbp2	-15.564032	-12.110153
Gm20186	-14.177737	-10.723859
Lsm8	-11.436897	-7.9830194
Tspan12	-14.46542	-11.011541
Ing3	-12.117224	-8.663345
Cped1	-9.646214	-6.1923356
Wnt16	-13.841265	-10.387386
Fam3c	-10.977025	-7.523147
Ptprz1	-11.290147	-7.836269
Aass	-14.870885	-11.4170065
Cadps2	-16.480322	-13.0264435
Iqub	-17.17347	-13.719591
Ndufa5	-10.092602	-6.638724
Wasl	-10.942988	-7.4891105
Pot1a	-13.166137	-9.712258
Zfp800	-11.921196	-8.467318
Gcc1	-13.459897	-10.006019
Arf5	-10.456875	-7.002997
Snd1	-12.037671	-8.583793
Lrrc4	-15.787175	-12.333297
Gm3294	-15.787175	-12.333297
Rbm28	-11.545849	-8.09197
Prrt4	-17.17347	-13.719591
Impdh1	-13.203177	-9.749299
Hilpda	-12.031806	-8.577928
Fam71f2	-17.17347	-13.719591
Calu	-9.86292	-6.409042
Opn1sw	-16.074858	-12.620979
Ccdc136	-13.535883	-10.082005
Flnc	-11.476376	-8.022497
Atp6v1f	-9.983547	-6.5296693
Irf5	-15.0940275	-11.640149
Tnpo3	-11.64404	-8.190162
Tspan33	-15.227559	-11.773681
Smo	-11.632206	-8.178328
Ahcyl2	-12.231827	-8.777948
Strip2	-16.074858	-12.620979
Nrf1	-12.64087	-9.186992
Ube2h	-10.68123	-7.2273517
Zc3hc1	-12.999083	-9.545204
Klhdc10	-12.238996	-8.785117
1700012C14Rik	-17.17347	-13.719591
Tmem209	-13.366807	-9.912929
Cep41	-12.855982	-9.402103
Mest	-16.480322	-13.0264435
Copg2	-12.7075615	-9.253683
Lncpint	-12.7075615	-9.253683
2210408F21Rik	-12.67366	-9.219782
Mkln1os	-14.976245	-11.522367
Mkln1	-10.983154	-7.5292764
Podxl	-17.17347	-13.719591
Gm13848	-17.17347	-13.719591
Plxna4	-12.149589	-8.69571
Plxna4os1	-16.074858	-12.620979
Chchd3	-11.589973	-8.136095
Exoc4	-11.85535	-8.401471
Lrguk	-16.074858	-12.620979
Slc35b4	-12.829664	-9.375786
Akr1b3	-11.020737	-7.566859
Akr1b8	-13.707733	-10.253855
Akr1b10	-13.184485	-9.730607
Bpgm	-12.085874	-8.631995
Cald1	-7.5647554	-4.110878
Gm13861	-13.344828	-9.890949
Agbl3	-13.707733	-10.253855
Tmem140	-12.253489	-8.79961
Cyren	-13.841265	-10.387386
Wdr91	-13.509908	-10.056029
Slc23a4	-17.17347	-13.719591
Cnot4	-11.12138	-7.667502
Nup205	-13.28165	-9.827771
1810058I24Rik	-10.68123	-7.2273517
Fam180a	-15.227559	-11.773681
Mtpn	-10.766589	-7.3127112
Chrm2	-14.775575	-11.321696
Ptn	-14.229031	-10.775152
Dgki	-13.323322	-9.869444
Creb3l2	-10.425883	-6.9720054
Trim24	-12.110874	-8.656996
Svopl	-17.17347	-13.719591
Atp6v0a4	-17.17347	-13.719591
D630045J12Rik	-14.229031	-10.775152
Zc3hav1l	-14.082427	-10.628549
Zc3hav1	-12.491339	-9.03746
Ttc26	-13.806173	-10.352295
Ubn2	-11.044419	-7.5905414
Fmc1	-11.042243	-7.588365
Luc7l2	-10.179537	-6.725659
Hipk2	-12.27563	-8.821752
Tbxas1	-17.17347	-13.719591
Parp12	-13.41227	-9.958391
4930599N23Rik	-17.17347	-13.719591
Kdm7a	-11.915975	-8.462096
Gm49041	-14.177737	-10.723859
Slc37a3	-12.869405	-9.415526
Rab19	-17.17347	-13.719591
Mkrn1	-11.905611	-8.451733
Gm10244	-17.17347	-13.719591
Dennd2a	-13.41227	-9.958391
Adck2	-13.302269	-9.848391
Gm16272	-17.17347	-13.719591
Ndufb2	-9.866939	-6.4130607
Braf	-11.545849	-8.09197
Mrps33	-11.38351	-7.9296317
Agk	-13.130418	-9.676539
E330009J07Rik	-14.229031	-10.775152
Ssbp1	-11.44337	-7.989492
Ephb6	-13.203177	-9.749299
Gstk1	-12.353188	-8.899309
Casp2	-13.366807	-9.912929
Fam131b	-15.564032	-12.110153
Zyx	-9.266554	-5.812676
Epha1	-13.5625515	-10.108673
2010310C07Rik	-15.227559	-11.773681
Tas2r143	-17.17347	-13.719591
Tas2r126	-17.17347	-13.719591
Tcaf2	-14.688563	-11.234685
Tcaf1	-10.843749	-7.389871
Gm44731	-15.38171	-11.927832
Arhgef5	-11.507043	-8.0531645
Tpk1	-14.229031	-10.775152
Cntnap2	-15.38171	-11.927832
Cul1	-10.872684	-7.4188056
Ezh2	-13.203177	-9.749299
Pdia4	-11.145191	-7.6913133
Zfp786	-16.074858	-12.620979
Zfp398	-12.482121	-9.028243
Zfp282	-13.459897	-10.006019
Zfp212	-13.241644	-9.7877655
Zfp956	-14.6085205	-11.154642
Zfp777	-13.222226	-9.768348
Gm45738	-17.17347	-13.719591
Zfp746	-12.9393635	-9.485485
Gm16630	-17.17347	-13.719591
Gm44696	-16.074858	-12.620979
Krba1	-13.4358	-9.981921
Zfp467	-11.991686	-8.537807
Atp6v0e2	-12.896804	-9.442925
Lrrc61	-14.082427	-10.628549
Rarres2	-8.979793	-5.525915
Repin1	-13.647109	-10.193231
Zfp775	-13.806173	-10.352295
AI854703	-16.480322	-13.0264435
Gimap9	-16.074858	-12.620979
Gimap6	-15.564032	-12.110153
Tmem176b	-12.696133	-9.242254
Tmem176a	-13.739482	-10.285604
Gpnmb	-13.772272	-10.318394
Malsu1	-11.931723	-8.477844
Igf2bp3	-14.870885	-11.4170065
Tra2a	-10.852701	-7.3988233
Ccdc126	-13.484591	-10.030712
Fam221a	-14.6085205	-11.154642
Mpp6	-11.963984	-8.510105
Gsdme	-13.589951	-10.136072
Osbpl3	-11.262672	-7.8087945
Cycs	-11.005953	-7.552075
5430402O13Rik	-15.38171	-11.927832
4921507P07Rik	-15.787175	-12.333297
C530044C16Rik	-16.480322	-13.0264435
Nfe2l3	-16.074858	-12.620979
Hnrnpa2b1	-9.702106	-6.2482285
Cbx3	-10.806999	-7.3531213
Snx10	-12.472989	-9.019111
Skap2	-11.567667	-8.113789
Hoxa1	-15.227559	-11.773681
Hotairm1	-11.3041725	-7.8502946
Hoxa2	-13.184485	-9.730607
Hoxaas2	-12.684834	-9.230955
Hoxa3	-11.563997	-8.110119
Gm15050	-13.148118	-9.69424
Hoxaas3	-14.534412	-11.080534
Gm29430	-15.787175	-12.333297
Hoxa4	-12.53874	-9.084862
Hoxa5	-12.598759	-9.14488
Hoxa7	-14.870885	-11.4170065
Hoxa10	-17.17347	-13.719591
Hibadh	-11.374377	-7.9204993
Tax1bp1	-9.901072	-6.4471936
Jazf1	-14.082427	-10.628549
Creb5	-10.36443	-6.9105525
Tril	-16.480322	-13.0264435
Cpvl	-17.17347	-13.719591
Chn2	-14.400881	-10.947002
9530036M11Rik	-15.787175	-12.333297
Gm15527	-17.17347	-13.719591
9130019P16Rik	-16.480322	-13.0264435
Prr15	-14.037975	-10.584097
Wipf3	-16.480322	-13.0264435
Scrn1	-11.860264	-8.406385
Fkbp14	-12.149589	-8.69571
Plekha8	-13.5625515	-10.108673
Gm28402	-17.17347	-13.719591
Mturn	-13.38928	-9.935402
Znrf2	-12.630175	-9.176296
Nod1	-13.509908	-10.056029
Ggct	-13.484591	-10.030712
Gars	-11.958533	-8.504655
Crhr2	-15.564032	-12.110153
Inmt	-15.227559	-11.773681
Mindy4	-12.76675	-9.312872
Aqp1	-10.205561	-6.7516828
Pde1c	-16.480322	-13.0264435
Lsm5	-11.64008	-8.186202
Avl9	-12.53874	-9.084862
Kbtbd2	-12.66261	-9.208732
Fkbp9	-10.360025	-6.9061475
Nt5c3	-12.5290785	-9.0752
Vmn1r4	-17.17347	-13.719591
Vmn1r12	-16.480322	-13.0264435
Vmn1r13	-17.17347	-13.719591
Ppm1k	-12.313657	-8.859778
Herc6	-13.030334	-9.576456
Lancl2	-12.983815	-9.529937
Vopp1	-13.344828	-9.890949
Abcg2	-13.618121	-10.164243
Herc3	-12.558349	-9.10447
Nap1l5	-13.915373	-10.461494
Fam13a	-12.869405	-9.415526
Gm45060	-16.480322	-13.0264435
BB365896	-16.480322	-13.0264435
Tigd2	-12.210625	-8.756746
9330118I20Rik	-16.480322	-13.0264435
Grid2	-12.66261	-9.208732
Smarcad1	-12.07972	-8.625841
Hpgds	-14.870885	-11.4170065
Ndnf	-15.787175	-12.333297
Prdm5	-12.696133	-9.242254
Mad2l1	-14.688563	-11.234685
4930597O21Rik	-16.480322	-13.0264435
Gng12	-10.525781	-7.0719028
Gadd45a	-13.323322	-9.869444
E230016M11Rik	-16.074858	-12.620979
A430010J10Rik	-16.480322	-13.0264435
Serbp1	-9.752292	-6.2984138
Rpia	-12.791443	-9.337564
Eif2ak3	-13.589951	-10.136072
Thnsl2	-13.676962	-10.2230835
Smyd1	-17.17347	-13.719591
Krcc1	-10.960863	-7.506985
Gm44175	-16.480322	-13.0264435
Rmnd5a	-11.440128	-7.9862504
Rnf103	-11.980513	-8.526634
1700040L08Rik	-17.17347	-13.719591
Chmp3	-10.805283	-7.3514047
Kdm3a	-12.869405	-9.415526
Reep1	-12.999083	-9.545204
Mrpl35	-11.713884	-8.260006
Immt	-11.309838	-7.8559604
Ptcd3	-12.9393635	-9.485485
Polr1a	-13.184485	-9.730607
St3gal5	-12.305935	-8.8520565
Atoh8	-12.246216	-8.792337
Usp39	-12.651681	-9.197803
Gm45051	-15.0940275	-11.640149
0610030E20Rik	-12.446082	-8.992204
Tmem150a	-12.298272	-8.844394
Rnf181	-12.136517	-8.682638
Vamp5	-12.002986	-8.549108
Vamp8	-10.687308	-7.2334304
Ggcx	-12.67366	-9.219782
Mat2a	-10.84019	-7.386312
Capg	-12.369449	-8.91557
Elmod3	-13.222226	-9.768348
Retsat	-13.877633	-10.423755
Tgoln1	-10.673682	-7.2198043
Gm20536	-15.38171	-11.927832
Tcf7l1	-11.152446	-7.698568
Gm15402	-15.564032	-12.110153
Kcmf1	-11.3041725	-7.8502946
Tmsb10	-10.149711	-6.6958327
Dnah6	-17.17347	-13.719591
Suclg1	-10.894948	-7.44107
Gm44166	-17.17347	-13.719591
Gm20594	-15.564032	-12.110153
Lrrtm4	-16.074858	-12.620979
Gcfc2	-13.302269	-9.848391
Mrpl19	-12.519509	-9.065631
Gm20383	-14.870885	-11.4170065
Eva1a	-12.321439	-8.86756
Pole4	-11.652009	-8.198131
Hk2	-12.5290785	-9.0752
Dok1	-12.491339	-9.03746
Loxl3	-12.061481	-8.607603
Htra2	-12.630175	-9.176296
Aup1	-11.802832	-8.348953
Pcgf1	-14.177737	-10.723859
Ccdc142	-15.787175	-12.333297
Ccdc142os	-16.480322	-13.0264435
Mrpl53	-11.265387	-7.8115087
Mogs	-12.968777	-9.514898
Wbp1	-11.99732	-8.543442
Ino80b	-12.313657	-8.859778
Rtkn	-14.128947	-10.675069
Wdr54	-14.775575	-11.321696
1700003E16Rik	-16.480322	-13.0264435
Dctn1	-11.380456	-7.926578
Mthfd2	-12.46394	-9.010061
Mob1a	-11.496716	-8.042837
Bola3	-11.159755	-7.705877
Tet3	-11.624393	-8.170515
B230319C09Rik	-15.564032	-12.110153
Dguok	-11.567667	-8.113789
Actg2	-9.40198	-5.948103
Stambp	-11.963984	-8.510105
Tex261	-11.52098	-8.0671015
Nagk	-12.020178	-8.566299
Paip2b	-12.791443	-9.337564
Zfp638	-10.904373	-7.4504952
Gm43920	-15.38171	-11.927832
Dysf	-12.57835	-9.124472
Cyp26b1	-12.953961	-9.500083
Exoc6b	-11.5937395	-8.139861
Spr	-11.301352	-7.8474736
Sfxn5	-14.870885	-11.4170065
Rab11fip5	-13.589951	-10.136072
Smyd5	-14.128947	-10.675069
Pradc1	-13.014586	-9.560708
Cct7	-10.464165	-7.010287
Fbxo41	-15.38171	-11.927832
Alms1	-13.095932	-9.642054
Nat8f4	-17.17347	-13.719591
Nat8f1	-14.340256	-10.886377
Tprkb	-12.482121	-9.028243
Dusp11	-10.944959	-7.4910808
Tgfa	-15.0940275	-11.640149
Fam136a	-12.15619	-8.7023115
Snrpg	-10.031433	-6.577555
Pcyox1	-11.816883	-8.363005
Tia1	-11.692831	-8.238953
C87436	-12.558349	-9.10447
A430078I02Rik	-17.17347	-13.719591
2310040G24Rik	-14.283098	-10.82922
Gm43936	-16.480322	-13.0264435
Pcbp1	-10.438878	-6.985
1600020E01Rik	-13.41227	-9.958391
Mxd1	-12.369449	-8.91557
Snrnp27	-10.5388365	-7.0849586
Gmcl1	-12.855982	-9.402103
Anxa4	-11.821611	-8.367733
2610306M01Rik	-13.095932	-9.642054
Aak1	-11.931723	-8.477844
Gm44091	-15.787175	-12.333297
Nfu1	-11.517478	-8.0636
Gfpt1	-11.895355	-8.441477
D6Ertd527e	-17.17347	-13.719591
Antxr1	-10.964879	-7.511001
Prokr1	-17.17347	-13.719591
Aplf	-13.841265	-10.387386
Rab43	-12.588502	-9.134624
Isy1	-12.46394	-9.010061
Cnbp	-9.907341	-6.453463
Copg1	-11.430467	-7.9765887
Gm26636	-17.17347	-13.719591
Hmces	-12.968777	-9.514898
H1fx	-12.742653	-9.2887745
Gm5577	-16.480322	-13.0264435
Rab7	-10.849111	-7.3952327
Rpn1	-10.83311	-7.379232
Gata2	-15.227559	-11.773681
Eefsec	-12.968777	-9.514898
Gm44264	-17.17347	-13.719591
Ruvbl1	-11.980513	-8.526634
Sec61a1	-11.225434	-7.7715564
Kbtbd12	-17.17347	-13.719591
Mgll	-10.279813	-6.825935
Abtb1	-12.842736	-9.388858
Podxl2	-11.636135	-8.182257
Mcm2	-13.995416	-10.541537
Tpra1	-12.7075615	-9.253683
Plxna1	-13.062595	-9.608717
Chchd6	-12.162834	-8.708956
Txnrd3	-12.9393635	-9.485485
V1ra8	-17.17347	-13.719591
Zxdc	-12.842736	-9.388858
Klf15	-11.463042	-8.009164
Gm44421	-14.775575	-11.321696
Aldh1l1	-15.227559	-11.773681
Slc41a3	-13.095932	-9.642054
Iqsec1	-11.875153	-8.421274
Hdac11	-12.855982	-9.402103
Fbln2	-15.38171	-11.927832
1810044D09Rik	-16.480322	-13.0264435
Chchd4	-12.924974	-9.471096
Tmem43	-11.718148	-8.26427
Xpc	-12.630175	-9.176296
Lsm3	-11.338658	-7.8847804
Gm45216	-17.17347	-13.719591
Slc6a6	-11.1308365	-7.6769586
Grip2	-12.9393635	-9.485485
Ccdc174	-11.890265	-8.436387
4930590J08Rik	-16.074858	-12.620979
Nr2c2	-11.668138	-8.214259
Mrps25	-11.648017	-8.194139
Rbsn	-12.684834	-9.230955
Prickle2	-13.806173	-10.352295
Adamts9	-12.510031	-9.056152
A730049H05Rik	-16.480322	-13.0264435
Gm15737	-15.0940275	-11.640149
9530026P05Rik	-12.88301	-9.4291315
Magi1	-12.385978	-8.932099
Slc25a26	-14.128947	-10.675069
Lrig1	-12.353188	-8.899309
Kbtbd8	-16.074858	-12.620979
Suclg2	-11.517478	-8.0636
Tafa1	-15.0940275	-11.640149
1700123L14Rik	-17.17347	-13.719591
Eogt	-13.484591	-10.030712
Tmf1	-10.985206	-7.5313277
Uba3	-12.143031	-8.689153
Arl6ip5	-10.533594	-7.079716
Lmod3	-16.074858	-12.620979
Frmd4b	-12.298272	-8.844394
Mitf	-12.27563	-8.821752
Gm32592	-16.480322	-13.0264435
Foxp1	-9.573067	-6.1191893
Gm20705	-14.775575	-11.321696
Eif4e3	-12.025975	-8.572097
Gpr27	-12.482121	-9.028243
Rybp	-12.402785	-8.948907
Shq1	-13.772272	-10.318394
Gxylt2	-8.86158	-5.407702
Ppp4r2	-10.68123	-7.2273517
Gm43948	-17.17347	-13.719591
Pdzrn3	-11.290147	-7.836269
Cntn6	-14.400881	-10.947002
Trnt1	-11.986084	-8.532206
Crbn	-12.008683	-8.554805
Lrrn1	-14.688563	-11.234685
Setmar	-14.229031	-10.775152
Sumf1	-12.110874	-8.656996
Itpr1	-10.995525	-7.5416474
Bhlhe40	-13.148118	-9.69424
Arl8b	-11.549452	-8.095573
Edem1	-11.895355	-8.441477
Lmcd1	-10.045775	-6.5918975
5031434C07Rik	-16.480322	-13.0264435
Cav3	-11.99732	-8.543442
Rad18	-14.177737	-10.723859
Srgap3	-12.983815	-9.529937
Thumpd3	-13.618121	-10.164243
Gt(ROSA)26Sor	-12.77902	-9.325142
Setd5	-10.893074	-7.439196
Lhfpl4	-15.564032	-12.110153
Mtmr14	-13.014586	-9.560708
Brpf1	-12.696133	-9.242254
Gm15492	-15.227559	-11.773681
Ogg1	-13.676962	-10.2230835
Camk1	-10.669181	-7.215303
Tada3	-12.402785	-8.948907
Arpc4	-11.220226	-7.7663484
Ttll3	-15.38171	-11.927832
Rpusd3	-14.082427	-10.628549
Cidec	-17.17347	-13.719591
Jagn1	-11.744123	-8.290245
Il17rc	-12.290668	-8.836789
Creld1	-11.845593	-8.391715
Prrt3	-17.17347	-13.719591
Emc3	-11.169582	-7.7157044
Fancd2	-16.074858	-12.620979
Brk1	-10.390144	-6.9362664
Gm44200	-16.480322	-13.0264435
Vhl	-13.079125	-9.625247
Irak2	-11.963984	-8.510105
Tatdn2	-13.030334	-9.576456
Gm26982	-15.227559	-11.773681
Gm44053	-15.787175	-12.333297
Sec13	-11.177017	-7.7231393
Atp2b2	-13.366807	-9.912929
Gm44167	-17.17347	-13.719591
Atg7	-13.046335	-9.592457
Vgll4	-11.265387	-7.8115087
Tamm41	-14.177737	-10.723859
Syn2	-14.340256	-10.886377
Timp4	-12.290668	-8.836789
Pparg	-15.0940275	-11.640149
Tsen2	-13.366807	-9.912929
Mkrn2	-12.491339	-9.03746
Raf1	-11.251891	-7.798013
D830050J10Rik	-12.27563	-8.821752
Tmem40	-17.17347	-13.719591
Cand2	-13.166137	-9.712258
Rpl32	-8.365698	-4.9118204
Efcab12	-16.074858	-12.620979
Mbd4	-13.841265	-10.387386
Ift122	-13.030334	-9.576456
H1foo	-17.17347	-13.719591
Plxnd1	-13.41227	-9.958391
Tmcc1	-11.974973	-8.521094
9530062K07Rik	-16.074858	-12.620979
Washc2	-11.761824	-8.307945
Zfand4	-15.38171	-11.927832
Gm44957	-16.480322	-13.0264435
March8	-12.098296	-8.644418
Olfr212	-17.17347	-13.719591
Zfp422	-12.5290785	-9.0752
Rassf4	-12.719122	-9.265244
Depp1	-17.17347	-13.719591
Cxcl12	-11.031432	-7.577554
Gm4640	-17.17347	-13.719591
Gm9946	-15.787175	-12.333297
Zfp637	-11.6804085	-8.22653
Zfp239	-13.806173	-10.352295
Hnrnpf	-10.646975	-7.1930966
Fxyd4	-16.480322	-13.0264435
Rasgef1a	-15.38171	-11.927832
Csgalnact2	-11.420897	-7.9670186
Bms1	-12.104566	-8.650687
Zfp248	-13.509908	-10.056029
Zfp9	-12.321439	-8.86756
Ankrd26	-12.64087	-9.186992
Cacna1c	-12.9107895	-9.456911
Dcp1b	-13.509908	-10.056029
Lrtm2	-15.787175	-12.333297
Adipor2	-12.183037	-8.729158
Wnt5b	-12.66261	-9.208732
Fbxl14	-13.079125	-9.625247
Erc1	-11.3155365	-7.8616586
4930540M05Rik	-17.17347	-13.719591
Rad52	-13.772272	-10.318394
Wnk1	-10.268719	-6.814841
B4galnt3	-15.787175	-12.333297
Ccdc77	-13.166137	-9.712258
Kdm5a	-11.321267	-7.867389
Il17ra	-14.283098	-10.82922
Hdhd5	-14.340256	-10.886377
Slc25a18	-16.480322	-13.0264435
Atp6v1e1	-10.657276	-7.203398
Bcl2l13	-12.9393635	-9.485485
Bid	-15.787175	-12.333297
Mical3	-11.496716	-8.042837
Gm43915	-16.480322	-13.0264435
Pex26	-13.261447	-9.807569
Tuba8	-14.688563	-11.234685
Gm15856	-17.17347	-13.719591
Usp18	-14.976245	-11.522367
Slc6a13	-17.17347	-13.719591
M6pr	-11.48989	-8.036012
Phc1	-12.651681	-9.197803
Rimklb	-13.459897	-10.006019
Mfap5	-8.05975	-4.605872
Apobec1	-14.6085205	-11.154642
Slc2a3	-14.283098	-10.82922
Gm26826	-16.480322	-13.0264435
Foxj2	-12.203656	-8.749778
C3ar1	-17.17347	-13.719591
Necap1	-12.968777	-9.514898
Vmn2r23	-16.480322	-13.0264435
Vmn2r27	-17.17347	-13.719591
Pex5	-12.609121	-9.155243
C1rl	-13.509908	-10.056029
C1ra	-12.411296	-8.9574175
C1s1	-13.366807	-9.912929
Lpcat3	-12.76675	-9.312872
Emg1	-11.347469	-7.8935914
Phb2	-11.3041725	-7.8502946
Grcc10	-10.017293	-6.563415
Atn1	-11.676301	-8.222423
Eno2	-14.283098	-10.82922
Spsb2	-11.974973	-8.521094
Tpi1	-10.244932	-6.7910542
Usp5	-12.196735	-8.742857
Gnb3	-17.17347	-13.719591
P3h3	-10.444841	-6.9909635
Gpr162	-17.17347	-13.719591
Lag3	-14.6085205	-11.154642
Ptms	-8.604253	-5.1503754
A230083G16Rik	-17.17347	-13.719591
Mlf2	-10.315955	-6.862077
Cops7a	-11.845593	-8.391715
Pianp	-12.085874	-8.631995
Zfp384	-13.344828	-9.890949
Ing4	-11.905611	-8.451733
Acrbp	-14.688563	-11.234685
Chd4	-10.207445	-6.753567
Nop2	-13.589951	-10.136072
Iffo1	-12.983815	-9.529937
Gapdh	-9.249035	-5.7951574
Ncapd2	-15.38171	-11.927832
Mrpl51	-11.084425	-7.630547
Vamp1	-14.340256	-10.886377
Tapbpl	-13.459897	-10.006019
Cd27	-17.17347	-13.719591
Ltbr	-11.963984	-8.510105
Scnn1a	-15.38171	-11.927832
Tnfrsf1a	-11.344524	-7.8906465
Cd9	-8.671593	-5.2177153
Gm26728	-16.074858	-12.620979
Vwf	-15.38171	-11.927832
Ano2	-13.302269	-9.848391
Ntf3	-11.309838	-7.8559604
Kcna5	-16.074858	-12.620979
Kcna6	-13.113027	-9.659148
Ndufa9	-11.535115	-8.081237
Rad51ap1	-17.17347	-13.719591
D6Wsu163e	-13.241644	-9.7877655
Tigar	-13.772272	-10.318394
Platr31	-17.17347	-13.719591
Gm43126	-16.480322	-13.0264435
Ccnd2	-9.601995	-6.148118
9330179D12Rik	-14.870885	-11.4170065
Parp11	-14.340256	-10.886377
Cracr2a	-14.870885	-11.4170065
Tspan11	-15.0940275	-11.640149
Tspan9	-13.113027	-9.659148
9330102E08Rik	-16.074858	-12.620979
Gm10010	-16.480322	-13.0264435
Tulp3	-13.030334	-9.576456
Gm44190	-17.17347	-13.719591
Rhno1	-13.203177	-9.749299
Foxm1	-16.074858	-12.620979
Itfg2	-12.804022	-9.350143
Fkbp4	-10.649907	-7.196029
Gm10069	-14.688563	-11.234685
Gm44066	-16.480322	-13.0264435
Gm44067	-15.564032	-12.110153
Clec2d	-12.588502	-9.134624
2310001H17Rik	-14.775575	-11.321696
1700101I11Rik	-17.17347	-13.719591
Gabarapl1	-11.162202	-7.708324
Magohb	-12.117224	-8.663345
Ybx3	-10.104446	-6.6505685
Smim10l1	-10.774875	-7.3209968
Etv6	-12.684834	-9.230955
Lrp6	-10.766589	-7.3127112
Gm38910	-15.227559	-11.773681
Mansc1	-14.037975	-10.584097
Borcs5	-13.079125	-9.625247
Dusp16	-12.176257	-8.722379
Gm36328	-17.17347	-13.719591
Crebl2	-12.2247095	-8.770831
Gpr19	-14.128947	-10.675069
2810454H06Rik	-13.535883	-10.082005
Cdkn1b	-11.164657	-7.7107787
Lockd	-14.534412	-11.080534
Apold1	-15.787175	-12.333297
Ddx47	-12.020178	-8.566299
Hebp1	-11.528023	-8.074144
Fam234b	-14.082427	-10.628549
Emp1	-13.676962	-10.2230835
Atf7ip	-11.392726	-7.938848
Hist4h4	-13.166137	-9.712258
H2afj	-10.515458	-7.06158
Wbp11	-11.309838	-7.8559604
Art4	-13.806173	-10.352295
Mgp	-6.8538404	-3.399963
Erp27	-17.17347	-13.719591
Arhgdib	-13.38928	-9.935402
Pde6h	-16.480322	-13.0264435
Eps8	-12.353188	-8.899309
Strap	-11.377412	-7.923534
Dera	-13.222226	-9.768348
Mgst1	-11.6804085	-8.22653
Lmo3	-17.17347	-13.719591
Plekha5	-11.031432	-7.577554
Aebp2	-11.459737	-8.005858
Gm30524	-14.976245	-11.522367
Gm28523	-14.46542	-11.011541
Pde3a	-10.288983	-6.8351054
Slco1c1	-15.0940275	-11.640149
Pyroxd1	-13.046335	-9.592457
Recql	-13.014586	-9.560708
Golt1b	-12.149589	-8.69571
Spx	-17.17347	-13.719591
Ldhb	-10.101896	-6.6480184
Kcnj8	-10.77654	-7.322662
Abcc9	-10.179537	-6.725659
Cmas	-12.0435705	-8.589692
C2cd5	-13.302269	-9.848391
Etnk1	-12.031806	-8.577928
Sox5	-12.419879	-8.966001
Casc1	-15.564032	-12.110153
Etfrf1	-12.66261	-9.208732
Kras	-11.377412	-7.923534
Gm15706	-14.870885	-11.4170065
2010013B24Rik	-17.17347	-13.719591
Gm15704	-17.17347	-13.719591
Rassf8	-12.143031	-8.689153
Bhlhe41	-12.66261	-9.208732
Sspn	-10.651377	-7.197499
Sspnos	-17.17347	-13.719591
Itpr2	-13.222226	-9.768348
Ints13	-12.500641	-9.046762
Fgfr1op2	-10.71044	-7.2565618
Tm7sf3	-11.784398	-8.33052
Med21	-11.338658	-7.8847804
Stk38l	-11.3041725	-7.8502946
Arntl2	-14.229031	-10.775152
Ppfibp1	-11.100425	-7.646547
Rep15	-14.400881	-10.947002
Mrps35	-12.2247095	-8.770831
Klhl42	-12.337188	-8.883309
Pthlh	-11.831136	-8.377257
Gm6288	-17.17347	-13.719591
Ccdc91	-12.88301	-9.4291315
1700049E15Rik	-16.480322	-13.0264435
Far2	-17.17347	-13.719591
Ergic2	-11.273572	-7.819694
Gm17216	-16.480322	-13.0264435
Tmtc1	-11.112013	-7.658135
Ipo8	-12.238996	-8.785117
Caprin2	-13.841265	-10.387386
Sinhcaf	-13.5625515	-10.108673
3010003L21Rik	-13.954594	-10.500715
Dennd5b	-11.668138	-8.214259
Etfbkmt	-13.095932	-9.642054
Amn1	-12.568299	-9.114421
Resf1	-10.560085	-7.1062074
Bicd1	-11.031432	-7.577554
Gm21814	-15.227559	-11.773681
Myadm	-10.265715	-6.8118367
Prkcg	-15.38171	-11.927832
Cacng7	-12.983815	-9.529937
Ndufa3	-10.383372	-6.9294944
Tfpt	-12.76675	-9.312872
Prpf31	-12.149589	-8.69571
Gm15927	-17.17347	-13.719591
Cnot3	-11.986084	-8.532206
Leng1	-12.162834	-8.708956
Tmc4	-13.535883	-10.082005
Mboat7	-12.696133	-9.242254
Tsen34	-11.042243	-7.588365
Rps9	-8.259785	-4.805907
Pirb	-17.17347	-13.719591
Ttyh1	-14.6085205	-11.154642
Leng8	-12.037671	-8.583793
Leng9	-13.113027	-9.659148
Cdc42ep5	-11.713884	-8.260006
Rdh13	-13.915373	-10.461494
Eps8l1	-14.870885	-11.4170065
Ppp1r12c	-10.645512	-7.1916337
Tnnt1	-13.241644	-9.7877655
Tnni3	-14.870885	-11.4170065
Dnaaf3	-15.227559	-11.773681
Gm15873	-17.17347	-13.719591
Tmem86b	-15.787175	-12.333297
Ppp6r1	-12.53874	-9.084862
Hspbp1	-12.630175	-9.176296
Brsk1	-13.5625515	-10.108673
Kmt5c	-13.5625515	-10.108673
Cox6b2	-12.9393635	-9.485485
Il11	-16.074858	-12.620979
Tmem238	-11.926445	-8.472567
Rpl28	-8.392682	-4.938804
Ube2s	-10.462947	-7.009069
Isoc2b	-12.619593	-9.165714
Isoc2a	-13.5625515	-10.108673
Zfp628	-13.841265	-10.387386
Nat14	-12.28312	-8.829242
Ssc5d	-13.772272	-10.318394
Sbk3	-16.480322	-13.0264435
Zfp579	-13.41227	-9.958391
Fiz1	-13.166137	-9.712258
Zfp524	-13.079125	-9.625247
Zfp865	-13.302269	-9.848391
Ccdc106	-13.647109	-10.193231
Zfp784	-15.227559	-11.773681
Gm15510	-14.340256	-10.886377
Zfp580	-12.377679	-8.9238
U2af2	-11.709638	-8.255759
Epn1	-11.926445	-8.472567
Rasl2-9	-16.480322	-13.0264435
Gm5065	-17.17347	-13.719591
Vmn2r28	-17.17347	-13.719591
Zfp787	-12.869405	-9.415526
Gm36371	-14.400881	-10.947002
Zfp444	-12.791443	-9.337564
Gm45148	-17.17347	-13.719591
Zfp667	-13.459897	-10.006019
Zfp583	-13.877633	-10.423755
Gm38944	-15.564032	-12.110153
Gm3854	-15.564032	-12.110153
Zfp78	-14.688563	-11.234685
Zfp28	-14.6085205	-11.154642
Zim1	-16.480322	-13.0264435
Peg3	-11.033585	-7.5797067
Usp29	-15.564032	-12.110153
Zfp954	-13.707733	-10.253855
Zfp773	-16.074858	-12.620979
Zfp418	-14.870885	-11.4170065
Zfp772	-14.177737	-10.723859
Vmn2r29	-15.564032	-12.110153
Clcn4	-11.001769	-7.547891
Zik1	-14.229031	-10.775152
Vmn1r81	-17.17347	-13.719591
Zfp551	-14.229031	-10.775152
Zfp606	-13.535883	-10.082005
Zscan18	-15.787175	-12.333297
Zfp329	-12.055475	-8.601597
Zfp110	-12.968777	-9.514898
Zfp128	-15.787175	-12.333297
Zscan22	-13.509908	-10.056029
Rps5	-8.361668	-4.90779
Zfp324	-14.177737	-10.723859
Zfp446	-13.877633	-10.423755
Trim28	-11.722431	-8.268553
Zbtb45	-13.4358	-9.981921
Chmp2a	-10.276775	-6.8228974
Ube2m	-10.654323	-7.2004447
Mzf1	-16.480322	-13.0264435
Vmn1r86	-17.17347	-13.719591
Zswim9	-13.28165	-9.827771
Lig1	-13.618121	-10.164243
Selenow	-9.189007	-5.735129
Nop53	-11.169582	-7.7157044
Ehd2	-10.371075	-6.9171968
Bicra	-13.5625515	-10.108673
Napa	-11.08897	-7.6350923
Kptn	-12.804022	-9.350143
Slc8a2	-13.046335	-9.592457
Meis3	-12.361285	-8.907407
Dhx34	-13.806173	-10.352295
C5ar2	-16.480322	-13.0264435
Inafm1	-12.46394	-9.010061
Ccdc9	-12.619593	-9.165714
Bbc3	-13.877633	-10.423755
Sae1	-11.636135	-8.182257
Zc3h4	-12.968777	-9.514898
Gm45509	-15.38171	-11.927832
Tmem160	-10.611026	-7.157148
Arhgap35	-11.980513	-8.526634
Ap2s1	-10.910071	-7.4561934
Slc1a5	-11.937028	-8.48315
Fkrp	-12.313657	-8.859778
Strn4	-12.361285	-8.907407
Prkd2	-13.38928	-9.935402
9330104G04Rik	-14.688563	-11.234685
Dact3	-10.942988	-7.4891105
Gng8	-14.400881	-10.947002
Calm3	-10.690362	-7.236484
Pnmal2	-14.082427	-10.628549
Gm42372	-16.480322	-13.0264435
Ccdc8	-13.030334	-9.576456
Ppp5c	-11.850459	-8.396581
Hif3a	-16.480322	-13.0264435
Psg16	-17.17347	-13.719591
Mill2	-12.45497	-9.001092
Pglyrp1	-16.480322	-13.0264435
Ccdc61	-13.647109	-10.193231
Mypop	-13.366807	-9.912929
Irf2bp1	-12.123613	-8.669735
Sympk	-12.519509	-9.065631
Dmwd	-11.991686	-8.537807
Dmpk	-10.095971	-6.642093
Six5	-12.842736	-9.388858
Fbxo46	-13.954594	-10.500715
Qpctl	-13.707733	-10.253855
Snrpd2	-10.014177	-6.5602994
Eml2	-11.392726	-7.938848
Gpr4	-13.166137	-9.712258
Opa3	-12.53874	-9.084862
Vasp	-10.822584	-7.368706
1700058P15Rik	-16.480322	-13.0264435
Ppm1n	-15.0940275	-11.640149
Rtn2	-12.804022	-9.350143
Gm26802	-11.503589	-8.04971
Fosb	-10.383372	-6.9294944
D830036C21Rik	-15.0940275	-11.640149
Ercc1	-11.942361	-8.488482
Cd3eap	-12.588502	-9.134624
Ppp1r13l	-14.128947	-10.675069
Ercc2	-13.772272	-10.318394
Gm26852	-17.17347	-13.719591
Klc3	-12.110874	-8.656996
Ckm	-13.647109	-10.193231
Mark4	-12.968777	-9.514898
Bloc1s3	-14.037975	-10.584097
Trappc6a	-11.991686	-8.537807
Ppp1r37	-11.735391	-8.281512
Gemin7	-11.012262	-7.5583844
Zfp296	-15.564032	-12.110153
Clasrp	-13.203177	-9.749299
Relb	-12.684834	-9.230955
Clptm1	-11.517478	-8.0636
Apoe	-9.423716	-5.969838
Tomm40	-11.718148	-8.26427
Gm20512	-17.17347	-13.719591
Nectin2	-13.5625515	-10.108673
Bcam	-11.262672	-7.8087945
Cblc	-16.480322	-13.0264435
Bcl3	-17.17347	-13.719591
Gm16174	-15.787175	-12.333297
Gm19345	-17.17347	-13.719591
Pvr	-12.730819	-9.27694
Igsf23	-16.074858	-12.620979
Vmn1r183	-17.17347	-13.719591
Zfp180	-12.855982	-9.402103
Zfp112	-14.229031	-10.775152
Zfp235	-13.509908	-10.056029
Zfp114	-14.340256	-10.886377
Zfp111	-13.323322	-9.869444
Zfp109	-16.480322	-13.0264435
Zfp108	-14.976245	-11.522367
Zfp93	-14.6085205	-11.154642
Zfp61	-13.772272	-10.318394
Zfp94	-14.775575	-11.321696
Smg9	-13.535883	-10.082005
Irgc1	-17.17347	-13.719591
Plaur	-12.402785	-8.948907
Cadm4	-13.915373	-10.461494
Zfp428	-14.082427	-10.628549
Irgq	-13.130418	-9.676539
Xrcc1	-12.7075615	-9.253683
Zfp575	-14.976245	-11.522367
Ethe1	-11.341587	-7.887709
Phldb3	-17.17347	-13.719591
Gm9844	-15.564032	-12.110153
Rps19	-8.317093	-4.8632154
Cd79a	-17.17347	-13.719591
Arhgef1	-11.713884	-8.260006
Rabac1	-9.296072	-5.8421946
Grik5	-12.609121	-9.155243
Zfp574	-13.509908	-10.056029
Dedd2	-13.302269	-9.848391
Zfp526	-14.775575	-11.321696
Gsk3a	-11.860264	-8.406385
9130221H12Rik	-14.177737	-10.723859
Erf	-12.298272	-8.844394
Cic	-11.664082	-8.210203
Pafah1b3	-13.954594	-10.500715
Prr19	-17.17347	-13.719591
Megf8	-12.7075615	-9.253683
4732471J01Rik	-16.480322	-13.0264435
Lipe	-14.283098	-10.82922
Ceacam1	-16.480322	-13.0264435
Dmac2	-13.241644	-9.7877655
B3gnt8	-13.535883	-10.082005
Bckdha	-11.672212	-8.218333
Exosc5	-12.110874	-8.656996
Tmem91	-16.480322	-13.0264435
B9d2	-12.169523	-8.715645
Tgfb1	-11.616641	-8.162763
Ccdc97	-12.510031	-9.056152
Hnrnpul1	-11.6013155	-8.147437
Axl	-11.059788	-7.60591
Gm30146	-16.480322	-13.0264435
Egln2	-11.798191	-8.344313
Rab4b	-11.64008	-8.186202
Mia	-10.10615	-6.6522717
Snrpa	-11.567667	-8.113789
BC024978	-13.772272	-10.318394
Itpkc	-13.915373	-10.461494
Coq8b	-13.28165	-9.827771
Gm15567	-17.17347	-13.719591
Numbl	-12.719122	-9.265244
Ltbp4	-9.12532	-5.6714425
Shkbp1	-13.535883	-10.082005
Sptbn4	-16.480322	-13.0264435
Blvrb	-11.154877	-7.700999
Sertad3	-12.9393635	-9.485485
Sertad1	-11.705409	-8.251531
Prx	-14.400881	-10.947002
Gm15541	-15.787175	-12.333297
Hipk4	-16.074858	-12.620979
Pld3	-12.609121	-9.155243
2310022A10Rik	-12.719122	-9.265244
Akt2	-11.802832	-8.348953
Gm38973	-16.074858	-12.620979
Ttc9b	-17.17347	-13.719591
Map3k10	-12.136517	-8.682638
Zfp607b	-14.082427	-10.628549
Zfp60	-12.53874	-9.084862
Zfp626	-13.261447	-9.807569
Zfp59	-14.870885	-11.4170065
Zfp607a	-14.6085205	-11.154642
Zfp974	-14.400881	-10.947002
Zfp780b	-13.062595	-9.608717
Zfp850	-15.38171	-11.927832
Psmc4	-10.817362	-7.363484
Fbl	-11.926445	-8.472567
Dyrk1b	-13.344828	-9.890949
Eid2	-12.500641	-9.046762
Eid2b	-13.095932	-9.642054
Timm50	-12.268195	-8.814317
Supt5	-11.408278	-7.9544005
Rps16	-8.194683	-4.740805
Plekhg2	-12.353188	-8.899309
Zfp36	-11.563997	-8.110119
Gm44710	-16.074858	-12.620979
Med29	-11.6804085	-8.22653
Paf1	-11.453157	-7.9992795
Samd4b	-11.433677	-7.979799
Lrfn1	-15.227559	-11.773681
Pak4	-14.082427	-10.628549
Fbxo27	-14.400881	-10.947002
Fbxo17	-13.344828	-9.890949
Mrps12	-11.19966	-7.7457824
Sars2	-14.283098	-10.82922
Nfkbib	-12.313657	-8.859778
Sirt2	-11.301352	-7.8474736
Rinl	-15.227559	-11.773681
Hnrnpl	-11.0400715	-7.5861936
Gm44702	-15.787175	-12.333297
Ech1	-10.942988	-7.4891105
Lgals4	-15.787175	-12.333297
Capn12	-14.976245	-11.522367
Gm44700	-16.480322	-13.0264435
Actn4	-9.989599	-6.5357213
Gm44699	-14.340256	-10.886377
Eif3k	-10.119884	-6.6660056
Fam98c	-12.253489	-8.79961
1110035H17Rik	-14.400881	-10.947002
Spred3	-14.037975	-10.584097
Ggn	-17.17347	-13.719591
Psmd8	-10.103596	-6.649718
Catsperg1	-15.787175	-12.333297
Kcnk6	-14.6085205	-11.154642
Yif1b	-11.3041725	-7.8502946
2200002D01Rik	-12.394346	-8.940468
Spint2	-11.469687	-8.015809
Ppp1r14a	-9.737442	-6.283564
Dpf1	-13.772272	-10.318394
Sipa1l3	-13.014586	-9.560708
Zfp84	-12.548497	-9.094619
Zfp30	-12.983815	-9.529937
Zfp790	-13.772272	-10.318394
Zfp940	-14.534412	-11.080534
Zfp420	-14.229031	-10.775152
Zfp27	-13.915373	-10.461494
Zfp383	-13.806173	-10.352295
Zfp74	-12.77902	-9.325142
Zfp568	-12.619593	-9.165714
Zfp14	-14.037975	-10.584097
Zfp82	-16.480322	-13.0264435
Zfp566	-14.229031	-10.775152
Zfp260	-11.3183975	-7.8645196
Zfp382	-14.46542	-11.011541
Zfp146	-13.261447	-9.807569
Cox7a1	-15.564032	-12.110153
Capns1	-9.702106	-6.2482285
Gm26810	-17.17347	-13.719591
Tbcb	-10.908169	-7.454291
Polr2i	-10.9254265	-7.4715486
Wdr62	-15.38171	-11.927832
Thap8	-15.564032	-12.110153
Clip3	-11.845593	-8.391715
Alkbh6	-12.231827	-8.777948
Syne4	-17.17347	-13.719591
Sdhaf1	-12.014414	-8.560535
E130208F15Rik	-16.074858	-12.620979
Lrfn3	-13.366807	-9.912929
Tyrobp	-17.17347	-13.719591
Hcst	-17.17347	-13.719591
Aplp1	-11.821611	-8.367733
Nphs1	-17.17347	-13.719591
Arhgap33	-15.0940275	-11.640149
Proser3	-13.915373	-10.461494
Hspb6	-10.333993	-6.880115
Lin37	-12.896804	-9.442925
Psenen	-10.641135	-7.1872573
U2af1l4	-11.713884	-8.260006
Igflr1	-15.0940275	-11.640149
Kmt2b	-12.203656	-8.749778
Cox6b1	-9.727468	-6.2735896
Rbm42	-11.086695	-7.632817
Haus5	-14.283098	-10.82922
Tmem147	-11.251891	-7.798013
Tmem147os	-14.534412	-11.080534
Gm26935	-15.38171	-11.927832
Sbsn	-13.995416	-10.541537
Mag	-16.074858	-12.620979
Usf2	-11.380456	-7.926578
Gm4673	-14.6085205	-11.154642
Lsr	-17.17347	-13.719591
Fxyd5	-11.624393	-8.170515
Fxyd7	-13.222226	-9.768348
Fxyd1	-9.040469	-5.5865912
Lgi4	-14.775575	-11.321696
Fxyd3	-17.17347	-13.719591
Scn1b	-11.953114	-8.499235
Gramd1a	-12.482121	-9.028243
G630030J09Rik	-16.480322	-13.0264435
Gm10640	-17.17347	-13.719591
Wtip	-10.362226	-6.9083476
Uba2	-10.83311	-7.379232
Pdcd2l	-12.7075615	-9.253683
Gpi1	-10.42941	-6.975532
Gm12762	-17.17347	-13.719591
Gm12758	-15.38171	-11.927832
4931406P16Rik	-11.942361	-8.488482
Lsm14a	-11.578758	-8.12488
Gm12784	-16.480322	-13.0264435
Gm44837	-15.38171	-11.927832
Kctd15	-12.548497	-9.094619
Chst8	-17.17347	-13.719591
Pepd	-12.684834	-9.230955
Cebpg	-12.183037	-8.729158
Cebpa	-15.564032	-12.110153
Lrp3	-12.754629	-9.300751
Gpatch1	-12.500641	-9.046762
Rhpn2	-15.564032	-12.110153
Faap24	-14.082427	-10.628549
Cep89	-13.38928	-9.935402
Nudt19	-12.298272	-8.844394
B230322F03Rik	-15.787175	-12.333297
Ankrd27	-12.619593	-9.165714
Pdcd5	-10.303416	-6.8495383
Dpy19l3	-13.41227	-9.958391
Zfp507	-12.9107895	-9.456911
Tshz3	-12.27563	-8.821752
Zfp536	-17.17347	-13.719591
Uri1	-11.496716	-8.042837
Ccne1	-15.787175	-12.333297
1600014C10Rik	-13.41227	-9.958391
Plekhf1	-13.589951	-10.136072
Pop4	-12.791443	-9.337564
Zfp619	-14.775575	-11.321696
Gm37494	-12.2247095	-8.770831
Vstm2b	-14.283098	-10.82922
AI987944	-13.203177	-9.749299
Gm17102	-17.17347	-13.719591
Vmn2r57	-15.564032	-12.110153
AW146154	-13.995416	-10.541537
2610021A01Rik	-14.340256	-10.886377
Zfp788	-13.030334	-9.576456
Zfp141	-13.841265	-10.387386
Gm44997	-15.227559	-11.773681
Zfp977	-15.787175	-12.333297
Zfp976	-13.261447	-9.807569
Zfp975	-13.484591	-10.030712
Zfp715	-13.344828	-9.890949
Etfb	-10.923494	-7.4696164
Vsig10l	-16.074858	-12.620979
Iglon5	-13.38928	-9.935402
Zfp658	-15.227559	-11.773681
Zfp719	-13.739482	-10.285604
Ctu1	-14.283098	-10.82922
2310002F09Rik	-17.17347	-13.719591
Klk10	-17.17347	-13.719591
Klk8	-17.17347	-13.719591
1700028J19Rik	-16.074858	-12.620979
2410002F23Rik	-12.651681	-9.197803
Clec11a	-12.46394	-9.010061
Shank1	-14.082427	-10.628549
1700008O03Rik	-15.787175	-12.333297
Syt3	-14.229031	-10.775152
Lrrc4b	-13.4358	-9.981921
Josd2	-11.279067	-7.825189
5430431A17Rik	-14.688563	-11.234685
Emc10	-10.205561	-6.7516828
Fam71e1	-14.688563	-11.234685
Gm44646	-17.17347	-13.719591
Mybpc2	-14.870885	-11.4170065
Pold1	-13.915373	-10.461494
Nr1h2	-11.368335	-7.914457
Zfp473	-17.17347	-13.719591
Vrk3	-13.095932	-9.642054
Atf5	-11.586221	-8.132342
Nup62	-13.130418	-9.676539
Il4i1	-16.480322	-13.0264435
Tbc1d17	-12.28312	-8.829242
Akt1s1	-11.701199	-8.24732
Pnkp	-12.568299	-9.114421
Ptov1	-10.481386	-7.0275083
Med25	-11.942361	-8.488482
Fuz	-12.176257	-8.722379
Ap2a1	-11.676301	-8.222423
Tsks	-17.17347	-13.719591
Cpt1c	-12.896804	-9.442925
6530437J22Rik	-16.074858	-12.620979
Prmt1	-11.020737	-7.566859
Gm15545	-15.227559	-11.773681
Bcl2l12	-12.816761	-9.362883
Irf3	-12.123613	-8.669735
Scaf1	-11.875153	-8.421274
Rras	-9.669078	-6.2152
Prr12	-12.15619	-8.7023115
Prrg2	-12.9393635	-9.485485
Nosip	-11.931723	-8.477844
Rcn3	-9.3684025	-5.9145246
Gm45669	-15.38171	-11.927832
Fcgrt	-10.719845	-7.265967
Rps11	-8.505961	-5.0520835
Rpl13a	-8.581725	-5.1278477
Flt3l	-13.535883	-10.082005
Aldh16a1	-13.166137	-9.712258
Pih1d1	-12.57835	-9.124472
Tead2	-13.302269	-9.848391
Trpm4	-12.719122	-9.265244
Hrc	-13.38928	-9.935402
Ppfia3	-17.17347	-13.719591
Lin7b	-14.46542	-11.011541
Snrnp70	-10.594218	-7.1403403
Ruvbl2	-12.924974	-9.471096
Gys1	-13.739482	-10.285604
Ftl1	-9.361091	-5.907213
Bax	-10.813895	-7.3600173
Dhdh	-14.46542	-11.011541
Nucb1	-10.146155	-6.6922774
Ppp1r15a	-11.3155365	-7.8616586
Plekha4	-13.676962	-10.2230835
Bcat2	-12.253489	-8.79961
Izumo1	-16.074858	-12.620979
Rasip1	-15.564032	-12.110153
A030001D20Rik	-13.877633	-10.423755
Mamstr	-13.676962	-10.2230835
Car11	-12.588502	-9.134624
Dbp	-10.625251	-7.171373
Sphk2	-12.64087	-9.186992
Rpl18	-8.4641695	-5.0102916
Fam83e	-16.480322	-13.0264435
Sult2b1	-16.074858	-12.620979
Lmtk3	-14.976245	-11.522367
Cyth2	-11.53868	-8.084802
Grwd1	-13.618121	-10.164243
Gm45441	-17.17347	-13.719591
Grin2d	-15.227559	-11.773681
Kdelr1	-10.678204	-7.2243257
Tmem143	-13.915373	-10.461494
Emp3	-9.699265	-6.2453866
Ccdc114	-14.037975	-10.584097
Abcc6	-16.480322	-13.0264435
Nomo1	-11.90047	-8.446591
Kcnj11	-15.0940275	-11.640149
Abcc8	-17.17347	-13.719591
Sergef	-13.676962	-10.2230835
Gm45311	-16.480322	-13.0264435
Saal1	-13.079125	-9.625247
Hps5	-13.241644	-9.7877655
Gm45309	-17.17347	-13.719591
Gtf2h1	-12.238996	-8.785117
Ldha	-9.917878	-6.464
Tsg101	-11.74852	-8.2946415
Uevld	-13.484591	-10.030712
Spty2d1	-11.463042	-8.009164
Gm32031	-13.302269	-9.848391
Gm45474	-16.480322	-13.0264435
Tmem86a	-11.48989	-8.036012
Gm14377	-17.17347	-13.719591
Zdhhc13	-14.340256	-10.886377
Nav2	-10.923494	-7.4696164
9130015G15Rik	-16.074858	-12.620979
Htatip2	-13.184485	-9.730607
Prmt3	-13.261447	-9.807569
Nell1	-15.38171	-11.927832
Gm45235	-16.480322	-13.0264435
Fancf	-14.177737	-10.723859
Gas2	-14.976245	-11.522367
Svip	-12.305935	-8.8520565
Tubgcp5	-12.437271	-8.983393
Cyfip1	-11.095827	-7.641949
Nipa2	-11.937028	-8.48315
A230056P14Rik	-15.227559	-11.773681
Nipa1	-12.510031	-9.056152
Herc2	-11.123736	-7.6698585
Atp10a	-12.67366	-9.219782
Ube3a	-10.446038	-6.9921603
Snhg14	-13.995416	-10.541537
Gm38393	-15.227559	-11.773681
Snrpn	-12.305935	-8.8520565
A230057D06Rik	-16.480322	-13.0264435
A330076H08Rik	-15.227559	-11.773681
Gm9801	-15.564032	-12.110153
Ndn	-12.730819	-9.27694
Mkrn3	-16.480322	-13.0264435
Klf13	-10.299271	-6.8453927
Gm27252	-16.480322	-13.0264435
Trpm1	-14.6085205	-11.154642
Mtmr10	-12.924974	-9.471096
Gm20457	-16.480322	-13.0264435
Fan1	-13.995416	-10.541537
Mphosph10	-11.793572	-8.339694
Mcee	-11.197119	-7.743241
Nsmce3	-11.986084	-8.532206
Tjp1	-11.249214	-7.7953362
Tarsl2	-13.707733	-10.253855
Tm2d3	-11.3183975	-7.8645196
Gm20684	-17.17347	-13.719591
Pcsk6	-17.17347	-13.719591
Snrpa1	-11.915975	-8.462096
Selenos	-10.225533	-6.7716546
Chsy1	-12.020178	-8.566299
Lrrk1	-11.713884	-8.260006
Gm44752	-15.787175	-12.333297
Aldh1a3	-16.480322	-13.0264435
Asb7	-12.816761	-9.362883
Lins1	-14.177737	-10.723859
Adamts17	-13.995416	-10.541537
1700112J16Rik	-16.480322	-13.0264435
Lysmd4	-13.739482	-10.285604
Mef2a	-9.570569	-6.116691
Lrrc28	-13.459897	-10.006019
Ttc23	-12.66261	-9.208732
Synm	-12.117224	-8.663345
4833412C05Rik	-14.870885	-11.4170065
Igf1r	-10.923494	-7.4696164
Pgpep1l	-14.46542	-11.011541
Gm16157	-17.17347	-13.719591
Fam169b	-13.618121	-10.164243
Arrdc4	-13.28165	-9.827771
Nr2f2	-11.414568	-7.96069
B130024G19Rik	-16.074858	-12.620979
Gm35842	-17.17347	-13.719591
Gm42397	-15.787175	-12.333297
Gm30075	-16.480322	-13.0264435
A730056A06Rik	-17.17347	-13.719591
Rgma	-12.719122	-9.265244
Chd2	-11.560342	-8.106463
1810026B05Rik	-11.52098	-8.0671015
Fam174b	-13.148118	-9.69424
Gm21269	-17.17347	-13.719591
St8sia2	-16.480322	-13.0264435
Slco3a1	-10.910071	-7.4561934
Gm7580	-17.17347	-13.719591
Akap13	-10.458086	-7.004208
AU020206	-14.082427	-10.628549
Klhl25	-13.995416	-10.541537
Ntrk3	-11.937028	-8.48315
Gm9885	-13.302269	-9.848391
Mrpl46	-12.345156	-8.891277
Mrps11	-12.085874	-8.631995
Det1	-14.976245	-11.522367
Aen	-13.014586	-9.560708
Isg20	-17.17347	-13.719591
Acan	-11.578758	-8.12488
Mfge8	-9.186964	-5.7330866
Abhd2	-12.619593	-9.165714
Polg	-12.510031	-9.056152
Rhcg	-17.17347	-13.719591
Ticrr	-16.480322	-13.0264435
Kif7	-13.915373	-10.461494
Pex11a	-13.647109	-10.193231
Anpep	-13.806173	-10.352295
Ap3s2	-12.968777	-9.514898
Arpin	-12.829664	-9.375786
Zfp710	-13.484591	-10.030712
Idh2	-10.562774	-7.108896
Sema4b	-14.6085205	-11.154642
Cib1	-12.104566	-8.650687
Gdpgp1	-14.400881	-10.947002
Ttll13	-14.870885	-11.4170065
Ngrn	-12.472989	-9.019111
Vps33b	-13.618121	-10.164243
Rccd1	-13.676962	-10.2230835
Prc1	-15.38171	-11.927832
Unc45a	-11.033585	-7.5797067
Hddc3	-13.261447	-9.807569
Man2a2	-12.0435705	-8.589692
Furin	-11.816883	-8.363005
Blm	-14.534412	-11.080534
Crtc3	-10.458086	-7.004208
Gm15880	-16.480322	-13.0264435
Iqgap1	-10.217877	-6.7639995
Zscan2	-15.38171	-11.927832
Wdr73	-13.484591	-10.030712
Nmb	-15.0940275	-11.640149
Sec11a	-10.644051	-7.1901727
Gm44899	-17.17347	-13.719591
Zfp592	-12.491339	-9.03746
Pde8a	-13.954594	-10.500715
Rps17	-9.068766	-5.614888
Cpeb1	-13.954594	-10.500715
2900076A07Rik	-13.366807	-9.912929
Whamm	-12.419879	-8.966001
Homer2	-14.283098	-10.82922
Ramac	-11.3183975	-7.8645196
3110040N11Rik	-12.64087	-9.186992
Gm45016	-17.17347	-13.719591
Btbd1	-12.402785	-8.948907
Tm6sf1	-13.28165	-9.827771
Hdgfl3	-11.020737	-7.566859
Adamtsl3	-12.231827	-8.777948
Saxo2	-14.775575	-11.321696
Efl1	-12.630175	-9.176296
Mex3b	-14.082427	-10.628549
Gm16638	-14.870885	-11.4170065
Stard5	-14.229031	-10.775152
Il16	-13.806173	-10.352295
Tlnrd1	-13.915373	-10.461494
Mesd	-10.97296	-7.5190825
Cemip	-15.227559	-11.773681
Abhd17c	-15.0940275	-11.640149
Arnt2	-14.400881	-10.947002
Gm2115	-17.17347	-13.719591
Fah	-13.113027	-9.659148
Zfand6	-11.018611	-7.564733
Nox4	-10.335064	-6.881186
Tyr	-17.17347	-13.719591
Ctsc	-12.002986	-8.549108
Gm44751	-16.480322	-13.0264435
Tmem135	-13.030334	-9.576456
Fzd4	-12.742653	-9.2887745
AI314278	-17.17347	-13.719591
Prss23	-11.473026	-8.019148
Me3	-14.082427	-10.628549
Hikeshi	-11.420897	-7.9670186
Eed	-12.385978	-8.932099
E230029C05Rik	-14.976245	-11.522367
2310010J17Rik	-12.983815	-9.529937
Picalm	-10.642591	-7.1887136
Ccdc83	-16.480322	-13.0264435
Sytl2	-17.17347	-13.719591
Ccdc89	-16.074858	-12.620979
Crebzf	-12.268195	-8.814317
Tmem126a	-11.802832	-8.348953
Tmem126b	-12.53874	-9.084862
Dlg2	-15.227559	-11.773681
Ccdc90b	-11.802832	-8.348953
Ankrd42	-15.0940275	-11.640149
Pcf11	-11.980513	-8.526634
Gm26981	-15.787175	-12.333297
4632427E13Rik	-11.744123	-8.290245
Rab30	-13.915373	-10.461494
Ddias	-16.074858	-12.620979
Prcp	-12.896804	-9.442925
Fam181b	-15.787175	-12.333297
Nars2	-13.995416	-10.541537
Gab2	-11.386572	-7.932694
Usp35	-13.618121	-10.164243
Kctd21	-14.400881	-10.947002
Alg8	-14.534412	-11.080534
Ndufc2	-10.375529	-6.9216514
Thrsp	-12.9393635	-9.485485
Kctd14	-16.480322	-13.0264435
Ints4	-13.113027	-9.659148
Aamdc	-11.402028	-7.94815
Rsf1	-10.942988	-7.4891105
Rsf1os2	-17.17347	-13.719591
Clns1a	-11.793572	-8.339694
Aqp11	-14.688563	-11.234685
Pak1	-14.037975	-10.584097
Myo7a	-15.38171	-11.927832
Capn5	-14.870885	-11.4170065
Acer3	-12.253489	-8.79961
Tsku	-15.227559	-11.773681
Lrrc32	-14.400881	-10.947002
Emsy	-11.479737	-8.025859
Thap12	-11.517478	-8.0636
Wnt11	-16.074858	-12.620979
Uvrag	-11.860264	-8.406385
Gm45188	-16.074858	-12.620979
Gm45187	-16.480322	-13.0264435
Dgat2	-14.283098	-10.82922
Gm26705	-16.074858	-12.620979
Map6	-12.558349	-9.10447
Serpinh1	-9.0499115	-5.5960336
Gdpd5	-12.7075615	-9.253683
Rps3	-8.372602	-4.9187245
Arrb1	-13.5625515	-10.108673
Tpbgl	-17.17347	-13.719591
Gm10605	-17.17347	-13.719591
Slco2b1	-17.17347	-13.719591
Neu3	-14.340256	-10.886377
Spcs2	-10.682746	-7.228868
Rnf169	-12.816761	-9.362883
Chrdl2	-13.046335	-9.592457
Pold3	-12.804022	-9.350143
Lipt2	-13.707733	-10.253855
Pgm2l1	-12.896804	-9.442925
Ppme1	-11.816883	-8.363005
C2cd3	-12.88301	-9.4291315
Coa4	-13.344828	-9.890949
Mrpl48	-11.150022	-7.6961436
Rab6a	-10.952879	-7.499001
Plekhb1	-16.480322	-13.0264435
Fam168a	-11.172054	-7.7181764
Arhgef17	-11.109684	-7.655806
P2ry6	-14.688563	-11.234685
P2ry2	-15.787175	-12.333297
Fchsd2	-11.845593	-8.391715
Atg16l2	-12.816761	-9.362883
Stard10	-12.804022	-9.350143
Arap1	-12.719122	-9.265244
Pde2a	-14.340256	-10.886377
Clpb	-12.510031	-9.056152
Inppl1	-12.28312	-8.829242
Gm10602	-14.870885	-11.4170065
Anapc15	-13.130418	-9.676539
Lamtor1	-11.135598	-7.6817203
Lrrc51	-14.283098	-10.82922
Numa1	-11.312683	-7.858805
Il18bp	-15.564032	-12.110153
Rnf121	-12.630175	-9.176296
Xndc1	-13.38928	-9.935402
Art5	-17.17347	-13.719591
Art1	-17.17347	-13.719591
Nup98	-12.085874	-8.631995
Pgap2	-12.57835	-9.124472
Rhog	-12.67366	-9.219782
Stim1	-11.301352	-7.8474736
Rrm1	-12.88301	-9.4291315
Trim21	-14.283098	-10.82922
Trim68	-14.283098	-10.82922
Hbb-bt	-16.480322	-13.0264435
Hbb-bs	-15.38171	-11.927832
Trim6	-15.227559	-11.773681
Trim34a	-13.995416	-10.541537
Trim5	-14.775575	-11.321696
Trim12a	-12.696133	-9.242254
Gm15133	-17.17347	-13.719591
Trim12c	-12.829664	-9.375786
Trim30a	-16.480322	-13.0264435
Trim30d	-15.0940275	-11.640149
Olfr655	-14.870885	-11.4170065
Olfr667	-17.17347	-13.719591
Fam160a2	-12.684834	-9.230955
Gm45885	-14.976245	-11.522367
Cavin3	-9.640845	-6.186968
Smpd1	-11.265387	-7.8115087
Apbb1	-11.895355	-8.441477
Hpx	-17.17347	-13.719591
Trim3	-12.742653	-9.2887745
Arfip2	-12.290668	-8.836789
Timm10b	-10.660239	-7.2063613
Dnhd1	-14.976245	-11.522367
Rrp8	-11.926445	-8.472567
Ilk	-9.819107	-6.365229
Taf10	-11.309838	-7.8559604
Tpp1	-10.952879	-7.499001
Dchs1	-12.176257	-8.722379
Mrpl17	-10.915802	-7.461924
Rbmxl2	-15.787175	-12.333297
Syt9	-17.17347	-13.719591
Olfml1	-12.719122	-9.265244
Ppfibp2	-13.4358	-9.981921
Nlrp10	-12.9107895	-9.456911
Eif3f	-10.1443815	-6.6905036
Tub	-11.969462	-8.515584
Ric3	-12.968777	-9.514898
Lmo1	-12.548497	-9.094619
Stk33	-14.775575	-11.321696
1700095J03Rik	-16.480322	-13.0264435
Rpl27a	-8.077979	-4.624101
St5	-10.687308	-7.2334304
Akip1	-13.184485	-9.730607
Tmem9b	-13.079125	-9.625247
Nrip3	-17.17347	-13.719591
Dennd5a	-11.44337	-7.989492
Tmem41b	-12.684834	-9.230955
Ipo7	-11.473026	-8.019148
Zfp143	-13.222226	-9.768348
Wee1	-12.238996	-8.785117
Swap70	-11.90047	-8.446591
Sbf2	-12.014414	-8.560535
Adm	-11.885202	-8.431324
Ampd3	-14.775575	-11.321696
Rnf141	-12.953961	-9.500083
Lyve1	-14.037975	-10.584097
Mrvi1	-9.780822	-6.326944
Ctr9	-11.169582	-7.7157044
Eif4g2	-9.230396	-5.776519
1700012D14Rik	-13.806173	-10.352295
Galnt18	-13.344828	-9.890949
Usp47	-11.102732	-7.648854
Dkk3	-10.123347	-6.6694694
Mical2	-10.734119	-7.2802415
Parva	-10.939059	-7.4851813
Parvaos	-16.074858	-12.620979
2310014F06Rik	-15.787175	-12.333297
Tead1	-11.701199	-8.24732
Rassf10	-16.074858	-12.620979
Arntl	-13.095932	-9.642054
Btbd10	-12.491339	-9.03746
Far1	-11.486494	-8.032616
Spon1	-13.535883	-10.082005
Rras2	-12.446082	-8.992204
Copb1	-10.958861	-7.5049834
Psma1	-10.788275	-7.334397
4933406I18Rik	-16.480322	-13.0264435
Pde3b	-14.534412	-11.080534
Cyp2r1	-15.564032	-12.110153
Sox6	-14.283098	-10.82922
Sox6os	-15.38171	-11.927832
1110004F10Rik	-10.764941	-7.3110633
Plekha7	-15.787175	-12.333297
Rps13	-8.557517	-5.1036396
Gm44777	-14.340256	-10.886377
Pik3c2a	-11.688673	-8.234795
AV356131	-14.46542	-11.011541
Nucb2	-11.5105095	-8.056631
4732496C06Rik	-17.17347	-13.719591
Xylt1	-12.983815	-9.529937
Rps15a	-8.271831	-4.8179526
Arl6ip1	-11.020737	-7.566859
Smg1	-11.513988	-8.060109
4930583K01Rik	-16.480322	-13.0264435
Itpripl2	-11.212464	-7.7585864
Coq7	-11.915975	-8.462096
Gde1	-10.893074	-7.439196
Ccp110	-13.130418	-9.676539
Vps35l	-12.446082	-8.992204
Knop1	-12.049505	-8.595627
Iqck	-15.564032	-12.110153
Gprc5b	-13.954594	-10.500715
Thumpd1	-12.098296	-8.644418
Eri2	-13.806173	-10.352295
Rexo5	-15.564032	-12.110153
Dcun1d3	-13.261447	-9.807569
Lyrm1	-13.459897	-10.006019
Tmem159	-12.061481	-8.607603
Uqcrc2	-10.893074	-7.439196
Pdzd9	-15.564032	-12.110153
9030407P20Rik	-14.534412	-11.080534
Mosmo	-11.207323	-7.753445
Eef2k	-11.812178	-8.358299
Polr3e	-13.28165	-9.827771
Cdr2	-11.215045	-7.761167
Mettl9	-11.513988	-8.060109
Otoa	-17.17347	-13.719591
Hs3st2	-17.17347	-13.719591
Usp31	-13.484591	-10.030712
Cog7	-12.568299	-9.114421
Gm44987	-17.17347	-13.719591
Gga2	-11.752934	-8.299056
Ears2	-14.128947	-10.675069
Ubfd1	-12.055475	-8.601597
Ndufab1	-10.342595	-6.888717
Palb2	-16.480322	-13.0264435
Dctn5	-12.402785	-8.948907
Prkcb	-17.17347	-13.719591
Rbbp6	-11.029284	-7.5754056
Gm20274	-14.688563	-11.234685
Gm45847	-15.787175	-12.333297
Tnrc6a	-10.595608	-7.14173
Arhgap17	-12.130044	-8.676166
Lcmt1	-12.183037	-8.729158
Kdm8	-14.775575	-11.321696
Nsmce1	-11.503589	-8.04971
Il4ra	-14.870885	-11.4170065
Gtf3c1	-11.802832	-8.348953
D430042O09Rik	-12.558349	-9.10447
Xpo6	-12.67366	-9.219782
Sbk1	-14.400881	-10.947002
Spns1	-12.143031	-8.689153
Nfatc2ip	-13.344828	-9.890949
Rabep2	-13.046335	-9.592457
Sh2b1	-12.754629	-9.300751
Tufm	-12.548497	-9.094619
Atxn2l	-11.895355	-8.441477
Eif3c	-10.13031	-6.676432
Cln3	-13.203177	-9.749299
Apobr	-14.229031	-10.775152
Nupr1	-8.825169	-5.3712907
2510046G10Rik	-14.037975	-10.584097
Sgf29	-12.588502	-9.134624
Sult1a1	-11.99732	-8.543442
Slx1b	-13.344828	-9.890949
Bola2	-10.942988	-7.4891105
Mapk3	-11.246544	-7.792666
Gdpd3	-16.074858	-12.620979
Gm9967	-16.074858	-12.620979
Ypel3	-10.469055	-7.0151772
Tbx6	-16.074858	-12.620979
Ppp4c	-12.437271	-8.983393
Aldoa	-9.508184	-6.054307
Fam57b	-16.480322	-13.0264435
Doc2a	-17.17347	-13.719591
Ino80e	-12.073603	-8.619724
Hirip3	-12.5290785	-9.0752
Taok2	-12.385978	-8.932099
Tmem219	-11.937028	-8.48315
Kctd13	-13.148118	-9.69424
Sez6l2	-15.787175	-12.333297
Cdiptos	-17.17347	-13.719591
Cdipt	-11.880165	-8.426287
Mvp	-12.110874	-8.656996
Pagr1a	-16.074858	-12.620979
Prrt2	-17.17347	-13.719591
Maz	-12.183037	-8.729158
Kif22	-15.564032	-12.110153
Spn	-16.480322	-13.0264435
Cd2bp2	-12.598759	-9.14488
Tbc1d10b	-12.329283	-8.875404
Mylpf	-14.870885	-11.4170065
Sept1	-13.4358	-9.981921
Zfp553	-13.302269	-9.848391
Zfp771	-11.093536	-7.6396585
Dctpp1	-12.77902	-9.325142
Sephs2	-12.999083	-9.545204
Itgal	-17.17347	-13.719591
Zfp768	-13.302269	-9.848391
Zfp747	-13.954594	-10.500715
9130019O22Rik	-14.177737	-10.723859
E430018J23Rik	-13.772272	-10.318394
Zfp764	-13.954594	-10.500715
Zfp688	-13.046335	-9.592457
Zfp689	-14.400881	-10.947002
B130055M24Rik	-14.976245	-11.522367
Prr14	-12.217643	-8.763764
Fbrs	-12.983815	-9.529937
1700008J07Rik	-14.534412	-11.080534
Srcap	-12.014414	-8.560535
Tmem265	-14.283098	-10.82922
Phkg2	-12.869405	-9.415526
Ccdc189	-14.976245	-11.522367
Rnf40	-12.953961	-9.500083
Gm44759	-16.480322	-13.0264435
Zfp629	-13.509908	-10.056029
Bcl7c	-11.254576	-7.800698
Gm39090	-17.17347	-13.719591
Ctf1	-13.030334	-9.576456
Fbxl19	-13.676962	-10.2230835
Orai3	-11.807493	-8.353615
Setd1a	-12.696133	-9.242254
Hsd3b7	-12.754629	-9.300751
Stx1b	-14.037975	-10.584097
Stx4a	-11.402028	-7.94815
Zfp668	-13.995416	-10.541537
Zfp646	-12.491339	-9.03746
Prss53	-15.0940275	-11.640149
Vkorc1	-10.511615	-7.057737
Bckdk	-11.910779	-8.456901
Kat8	-12.684834	-9.230955
Prss36	-13.954594	-10.500715
Fus	-10.358927	-6.905049
Pycard	-12.598759	-9.14488
Itgam	-17.17347	-13.719591
9130023H24Rik	-14.6085205	-11.154642
Armc5	-12.953961	-9.500083
Tgfb1i1	-9.929242	-6.475364
BC017158	-13.459897	-10.006019
Rgs10	-11.840751	-8.386872
Gm15503	-16.480322	-13.0264435
Tial1	-11.624393	-8.170515
Gm32816	-17.17347	-13.719591
Bag3	-11.197119	-7.743241
Gm45121	-17.17347	-13.719591
Inpp5f	-12.238996	-8.785117
Mcmbp	-11.74852	-8.2946415
Gm44672	-17.17347	-13.719591
Sec23ip	-12.402785	-8.948907
Plpp4	-17.17347	-13.719591
Gm33027	-17.17347	-13.719591
Wdr11	-12.7075615	-9.253683
Fgfr2	-11.553069	-8.099191
Ate1	-11.44337	-7.989492
Nsmce4a	-10.997602	-7.5437245
Tacc2	-10.408431	-6.954553
Gm5602	-17.17347	-13.719591
Plekha1	-10.937099	-7.4832215
Htra1	-8.32496	-4.8710823
2310057M21Rik	-12.66261	-9.208732
Pstk	-12.183037	-8.729158
Gm44623	-16.074858	-12.620979
Ikzf5	-11.991686	-8.537807
Acadsb	-10.893074	-7.439196
Gm44982	-17.17347	-13.719591
Bub3	-11.273572	-7.819694
Cpxm2	-15.0940275	-11.640149
Chst15	-14.870885	-11.4170065
Oat	-9.115775	-5.661897
Lhpp	-13.130418	-9.676539
Fam53b	-13.806173	-10.352295
Eef1akmt2	-12.598759	-9.14488
Abraxas2	-12.15619	-8.7023115
1500002F19Rik	-15.564032	-12.110153
Zranb1	-11.335739	-7.881861
Ctbp2	-12.829664	-9.375786
Edrf1	-12.953961	-9.500083
Uros	-14.128947	-10.675069
Bccip	-11.281825	-7.827947
Dhx32	-11.701199	-8.24732
Gm45670	-13.915373	-10.461494
Fank1	-16.480322	-13.0264435
Dock1	-12.037671	-8.583793
Ptpre	-16.480322	-13.0264435
Mgmt	-13.030334	-9.576456
Ebf3	-15.787175	-12.333297
9430038I01Rik	-13.38928	-9.935402
Glrx3	-10.858111	-7.4042335
Mapk1ip1	-12.568299	-9.114421
Ppp2r2d	-11.137988	-7.68411
Bnip3	-11.563997	-8.110119
Jakmip3	-17.17347	-13.719591
Stk32c	-15.227559	-11.773681
Lrrc27	-14.340256	-10.886377
Pwwp2b	-13.4358	-9.981921
Inpp5a	-11.212464	-7.7585864
Cfap46	-17.17347	-13.719591
Adgra1	-16.074858	-12.620979
Gm16201	-14.177737	-10.723859
Adam8	-16.480322	-13.0264435
Tubgcp2	-12.651681	-9.197803
Zfp511	-12.268195	-8.814317
Fuom	-12.07972	-8.625841
Echs1	-11.233298	-7.7794204
Paox	-13.095932	-9.642054
Mtg1	-13.302269	-9.848391
Sprn	-16.480322	-13.0264435
Cyp2e1	-15.227559	-11.773681
Urah	-15.38171	-11.927832
Bet1l	-11.254576	-7.800698
Ric8a	-12.169523	-8.715645
Sirt3	-12.491339	-9.03746
Psmd13	-10.964879	-7.511001
Cox8b	-17.17347	-13.719591
Pgghg	-12.924974	-9.471096
Ifitm5	-17.17347	-13.719591
Ifitm2	-9.573567	-6.1196895
Ifitm3	-10.303416	-6.8495383
B4galnt4	-17.17347	-13.719591
Sigirr	-17.17347	-13.719591
Ptdss2	-12.45497	-9.001092
Rnh1	-10.629558	-7.1756797
Hras	-10.769896	-7.3160176
Lrrc56	-14.400881	-10.947002
Rassf7	-14.775575	-11.321696
Phrf1	-12.630175	-9.176296
Irf7	-15.38171	-11.927832
Deaf1	-12.829664	-9.375786
Tmem80	-12.313657	-8.859778
Eps8l2	-13.28165	-9.827771
Taldo1	-10.537523	-7.0836453
Gatd1	-12.804022	-9.350143
Cend1	-14.082427	-10.628549
Slc25a22	-13.676962	-10.2230835
Pidd1	-16.480322	-13.0264435
Rplp2	-8.569732	-5.115854
Pnpla2	-11.456442	-8.002563
Cracr2b	-12.238996	-8.785117
Gm10575	-14.46542	-11.011541
Cd151	-10.606797	-7.1529193
Polr2l	-11.991686	-8.537807
Tspan4	-11.142784	-7.688906
Chid1	-12.855982	-9.402103
Ap2a2	-12.07972	-8.625841
Muc2	-16.480322	-13.0264435
Tollip	-12.491339	-9.03746
Mob2	-11.057577	-7.603699
Dusp8	-10.788275	-7.334397
Ifitm10	-14.283098	-10.82922
Ctsd	-9.510061	-6.056184
Lsp1	-12.123613	-8.669735
Tnnt3	-15.787175	-12.333297
Mrpl23	-10.836644	-7.3827662
Igf2	-13.995416	-10.541537
Igf2os	-17.17347	-13.719591
Ins2	-17.17347	-13.719591
Tspan32	-17.17347	-13.719591
R74862	-14.082427	-10.628549
Cd81	-9.314056	-5.8601785
Tssc4	-12.123613	-8.669735
Kcnq1ot1	-10.493871	-7.039993
Cdkn1c	-11.788975	-8.335096
Slc22a18	-14.976245	-11.522367
Nap1l4	-11.246544	-7.792666
Cars	-13.062595	-9.608717
Tnfrsf22	-15.787175	-12.333297
Tnfrsf23	-14.177737	-10.723859
Osbpl5	-12.196735	-8.742857
Mrgpre	-16.074858	-12.620979
Nadsyn1	-15.38171	-11.927832
Dhcr7	-13.459897	-10.006019
Shank2	-15.787175	-12.333297
Cttn	-11.739747	-8.285869
Ppfia1	-11.560342	-8.106463
Fadd	-13.841265	-10.387386
Ano1	-10.891203	-7.437325
Gm44930	-17.17347	-13.719591
Fgf15	-16.480322	-13.0264435
Bc1	-17.17347	-13.719591
LTO1	-12.983815	-9.529937
Ccnd1	-15.564032	-12.110153
Tpcn2	-14.082427	-10.628549
Smim38	-16.480322	-13.0264435
Mrgprf	-14.128947	-10.675069
Insr	-11.503589	-8.04971
Arhgef18	-12.5290785	-9.0752
Pex11g	-13.915373	-10.461494
Zfp358	-12.609121	-9.155243
Mcoln1	-13.676962	-10.2230835
Pnpla6	-13.41227	-9.958391
Camsap3	-14.976245	-11.522367
Xab2	-12.742653	-9.2887745
Pet100	-11.38351	-7.9296317
Stxbp2	-14.283098	-10.82922
Fcor	-17.17347	-13.719591
Trappc5	-11.953114	-8.499235
Cd209g	-17.17347	-13.719591
Evi5l	-13.954594	-10.500715
Lrrc8e	-16.074858	-12.620979
Map2k7	-12.210625	-8.756746
Tgfbr3l	-15.227559	-11.773681
Snapc2	-12.730819	-9.27694
Ctxn1	-12.983815	-9.529937
Timm44	-12.110874	-8.656996
Elavl1	-11.408278	-7.9544005
Ccl25	-13.323322	-9.869444
Cers4	-11.341587	-7.887709
Zfp958	-13.676962	-10.2230835
Gm31135	-17.17347	-13.719591
Gm45076	-15.38171	-11.927832
A630009H07Rik	-15.787175	-12.333297
Efnb2	-11.656016	-8.202138
Arglu1	-10.581796	-7.127918
Lig4	-13.806173	-10.352295
Abhd13	-12.855982	-9.402103
Tnfsf13b	-17.17347	-13.719591
Myo16	-16.480322	-13.0264435
3930402G23Rik	-16.074858	-12.620979
Irs2	-12.067524	-8.613646
Col4a1	-9.381947	-5.9280686
Col4a2	-9.732149	-6.278271
Rab20	-14.400881	-10.947002
Naxd	-11.2047615	-7.7508836
Cars2	-12.568299	-9.114421
Ing1	-11.52098	-8.0671015
Ankrd10	-11.74852	-8.2946415
Arhgef7	-12.46394	-9.010061
Sox1ot	-17.17347	-13.719591
Tubgcp3	-12.630175	-9.176296
4931415C17Rik	-15.787175	-12.333297
Atp11a	-12.519509	-9.065631
Gm15347	-17.17347	-13.719591
Mcf2l	-16.074858	-12.620979
Proz	-17.17347	-13.719591
Pcid2	-12.829664	-9.375786
Cul4a	-11.926445	-8.472567
Lamp1	-9.294178	-5.8403
Grtp1	-15.0940275	-11.640149
2810030D12Rik	-17.17347	-13.719591
Dcun1d2	-13.095932	-9.642054
Tmco3	-12.073603	-8.619724
Tfdp1	-12.619593	-9.165714
Tmem255b	-16.074858	-12.620979
Gas6	-10.217877	-6.7639995
Rasa3	-12.730819	-9.27694
Cdc16	-11.880165	-8.426287
Upf3a	-11.433677	-7.979799
Champ1	-13.095932	-9.642054
Coprs	-13.241644	-9.7877655
Fbxo25	-12.791443	-9.337564
Tdrp	-15.564032	-12.110153
Erich1	-13.113027	-9.659148
Cln8	-13.222226	-9.768348
Arhgef10	-12.64087	-9.186992
Mcph1	-13.877633	-10.423755
Gm16725	-17.17347	-13.719591
Angpt2	-11.154877	-7.700999
Agpat5	-11.692831	-8.238953
Gm35934	-17.17347	-13.719591
Alg11	-12.983815	-9.529937
Nek5	-16.480322	-13.0264435
Nek3	-14.340256	-10.886377
Ckap2	-16.480322	-13.0264435
Vps36	-11.202208	-7.7483296
Thsd1	-17.17347	-13.719591
Slc25a15	-15.227559	-11.773681
1810012K16Rik	-17.17347	-13.719591
Mrps31	-12.130044	-8.676166
Smim19	-11.744123	-8.290245
Slc20a2	-12.253489	-8.79961
Gm17491	-14.6085205	-11.154642
Vdac3	-10.487609	-7.033731
Polb	-12.394346	-8.940468
Ikbkb	-12.377679	-8.9238
Plat	-12.953961	-9.500083
Ap3m2	-14.082427	-10.628549
1700041G16Rik	-16.074858	-12.620979
Kat6a	-11.571351	-8.117473
Ank1	-15.564032	-12.110153
Gm15816	-17.17347	-13.719591
Gpat4	-12.609121	-9.155243
Gins4	-12.548497	-9.094619
Golga7	-11.947722	-8.493844
Sfrp1	-14.082427	-10.628549
Gm26714	-17.17347	-13.719591
Tcim	-12.9393635	-9.485485
Ido1	-16.480322	-13.0264435
Adam9	-11.937028	-8.48315
Tm2d2	-10.966893	-7.5130153
Htra4	-14.082427	-10.628549
Gm16933	-17.17347	-13.719591
Plekha2	-12.500641	-9.046762
5830408C22Rik	-14.976245	-11.522367
Tacc1	-10.365535	-6.911657
Gm45237	-17.17347	-13.719591
Fgfr1	-10.431768	-6.9778905
Letm2	-12.76675	-9.312872
Gm45570	-15.564032	-12.110153
D830025C05Rik	-13.589951	-10.136072
Nsd3	-11.298539	-7.844661
Plpp5	-12.385978	-8.932099
Ddhd2	-11.770792	-8.316914
Gm17484	-15.38171	-11.927832
Bag4	-13.079125	-9.625247
Lsm1	-11.684532	-8.230654
Star	-16.480322	-13.0264435
Ash2l	-12.411296	-8.9574175
Hgsnat	-12.196735	-8.742857
Pomk	-13.589951	-10.136072
Fnta	-11.329926	-7.8760476
Hook3	-10.59006	-7.1361823
Rnf170	-13.095932	-9.642054
Gm45250	-15.564032	-12.110153
Thap1	-13.095932	-9.642054
2310008N11Rik	-16.480322	-13.0264435
Zfp703	-11.287366	-7.833488
Gm45370	-14.976245	-11.522367
Gm32389	-16.074858	-12.620979
Erlin2	-12.816761	-9.362883
Proscos	-17.17347	-13.719591
Plpbp	-12.002986	-8.549108
Adgra2	-13.841265	-10.387386
Brf2	-13.28165	-9.827771
Eif4ebp1	-11.528023	-8.074144
Unc5d	-14.229031	-10.775152
Rnf122	-14.688563	-11.234685
Tti2	-13.877633	-10.423755
Mak16	-12.329283	-8.875404
Fut10	-13.241644	-9.7877655
Wrn	-12.298272	-8.844394
Purg	-12.983815	-9.529937
Ppp2cb	-11.62051	-8.166632
Ubxn8	-12.953961	-9.500083
Gsr	-12.329283	-8.875404
Gtf2e2	-11.880165	-8.426287
Rbpms	-8.69066	-5.236783
Gm26632	-11.890265	-8.436387
Gm26978	-15.787175	-12.333297
Gm9951	-13.459897	-10.006019
Dctn6	-10.673682	-7.2198043
Gm10131	-15.227559	-11.773681
Leprotl1	-11.528023	-8.074144
Saraf	-10.569526	-7.115648
Dusp4	-17.17347	-13.719591
Tnks	-12.231827	-8.777948
Gm9939	-17.17347	-13.719591
Ppp1r3b	-13.302269	-9.848391
Eri1	-13.014586	-9.560708
Gm16793	-16.480322	-13.0264435
Mfhas1	-11.279067	-7.825189
Prag1	-13.995416	-10.541537
Gm35520	-17.17347	-13.719591
Lonrf1	-12.329283	-8.875404
Trmt9b	-13.915373	-10.461494
Dlc1	-11.344524	-7.8906465
AI429214	-15.787175	-12.333297
Tusc3	-11.726732	-8.272854
Gm6213	-17.17347	-13.719591
Micu3	-11.880165	-8.426287
Zdhhc2	-13.062595	-9.608717
Cnot7	-12.246216	-8.792337
Vps37a	-11.684532	-8.230654
Mtmr7	-14.870885	-11.4170065
Slc7a2	-12.77902	-9.325142
Pdgfrl	-12.482121	-9.028243
Mtus1	-10.97296	-7.5190825
B430010I23Rik	-13.222226	-9.768348
Gm16192	-15.787175	-12.333297
Pcm1	-10.619536	-7.1656585
Asah1	-11.005953	-7.552075
Frg1	-11.788975	-8.335096
2810404M03Rik	-16.074858	-12.620979
Gm9908	-15.0940275	-11.640149
Fat1	-11.152446	-7.698568
Gm2366	-17.17347	-13.719591
Klkb1	-15.787175	-12.333297
Cyp4v3	-13.995416	-10.541537
Fam149a	-13.484591	-10.030712
Tlr3	-13.344828	-9.890949
Gm45542	-16.480322	-13.0264435
Sorbs2	-10.70267	-7.248792
Sorbs2os	-17.17347	-13.719591
Pdlim3	-9.341852	-5.8879743
Ccdc110	-16.074858	-12.620979
1700029J07Rik	-14.128947	-10.675069
Ufsp2	-11.440128	-7.9862504
Ankrd37	-14.082427	-10.628549
Lrp2bp	-17.17347	-13.719591
Snx25	-13.739482	-10.285604
Cfap97	-12.067524	-8.613646
Slc25a4	-8.849861	-5.395983
Acsl1	-11.6013155	-8.147437
Cenpu	-15.787175	-12.333297
Primpol	-13.647109	-10.193231
Casp3	-13.062595	-9.608717
Irf2	-11.479737	-8.025859
Stox2	-12.014414	-8.560535
Trappc11	-12.305935	-8.8520565
Rwdd4a	-12.57835	-9.124472
Ing2	-12.031806	-8.577928
AA386476	-15.0940275	-11.640149
Cdkn2aip	-11.362329	-7.9084506
Gm45864	-15.787175	-12.333297
Wwc2	-11.164657	-7.7107787
Cldn22	-12.402785	-8.948907
Tenm3	-11.775307	-8.321428
Aga	-11.3041725	-7.8502946
Vegfc	-15.0940275	-11.640149
Spcs3	-12.238996	-8.785117
Asb5	-14.976245	-11.522367
Wdr17	-17.17347	-13.719591
Hpgd	-15.38171	-11.927832
Cep44	-12.88301	-9.4291315
Fbxo8	-12.46394	-9.010061
Hand2os1	-15.38171	-11.927832
Hand2	-12.999083	-9.545204
Gm34030	-14.283098	-10.82922
5033428I22Rik	-15.0940275	-11.640149
Sap30	-14.46542	-11.011541
Hmgb2	-11.74852	-8.2946415
Galnt7	-13.459897	-10.006019
AW046200	-17.17347	-13.719591
Gm45356	-17.17347	-13.719591
Mfap3l	-17.17347	-13.719591
Hpf1	-11.493297	-8.039418
Clcn3	-12.055475	-8.601597
B230317F23Rik	-17.17347	-13.719591
Nek1	-12.804022	-9.350143
Sh3rf1	-12.968777	-9.514898
Cbr4	-13.222226	-9.768348
Palld	-10.392412	-6.9385343
Spock3	-15.787175	-12.333297
Tll1	-17.17347	-13.719591
Cpe	-7.8266764	-4.372799
Msmo1	-11.608949	-8.15507
Klhl2	-13.095932	-9.642054
Gm45345	-17.17347	-13.719591
Tmem192	-13.130418	-9.676539
Tma16	-13.030334	-9.576456
Npy1r	-11.377412	-7.923534
Naf1	-12.268195	-8.814317
Nat2	-13.995416	-10.541537
Psd3	-12.196735	-8.742857
Gm15991	-16.480322	-13.0264435
Csgalnact1	-13.148118	-9.69424
Ints10	-13.079125	-9.625247
Lpl	-12.53874	-9.084862
Slc18a1	-17.17347	-13.719591
Atp6v1b2	-12.46394	-9.010061
Zfp930	-13.877633	-10.423755
D130040H23Rik	-13.954594	-10.500715
Zfp868	-13.707733	-10.253855
Zfp964	-14.976245	-11.522367
Zfp869	-12.446082	-8.992204
Zfp963	-14.688563	-11.234685
Zfp866	-12.896804	-9.442925
Atp13a1	-12.869405	-9.415526
Gmip	-14.229031	-10.775152
Lpar2	-16.480322	-13.0264435
Pbx4	-14.688563	-11.234685
Cilp2	-12.014414	-8.560535
Yjefn3	-13.772272	-10.318394
Ndufa13	-9.189689	-5.7358108
Tssk6	-16.074858	-12.620979
Gatad2a	-12.085874	-8.631995
Mau2	-11.991686	-8.537807
Sugp1	-12.804022	-9.350143
Tm6sf2	-16.480322	-13.0264435
Ncan	-17.17347	-13.719591
Rfxank	-13.509908	-10.056029
Nr2c2ap	-12.719122	-9.265244
Borcs8	-11.672212	-8.218333
Mef2b	-15.38171	-11.927832
Tmem161a	-12.067524	-8.613646
Slc25a42	-15.0940275	-11.640149
Armc6	-14.340256	-10.886377
Sugp2	-13.344828	-9.890949
Homer3	-13.014586	-9.560708
Ddx49	-12.598759	-9.14488
Cope	-10.408431	-6.954553
Upf1	-11.953114	-8.499235
Comp	-12.337188	-8.883309
Crtc1	-13.323322	-9.869444
Klhl26	-12.88301	-9.4291315
Crlf1	-13.772272	-10.318394
Rex1bd	-10.461729	-7.007851
Uba52	-8.925201	-5.471324
Kxd1	-11.6013155	-8.147437
Fkbp8	-10.751847	-7.2979693
Ell	-12.9393635	-9.485485
Isyna1	-11.766297	-8.312419
Ssbp4	-11.389645	-7.9357667
Gdf15	-14.037975	-10.584097
Pgpep1	-12.684834	-9.230955
Lsm4	-10.91772	-7.463842
Jund	-8.38793	-4.934052
Gm11175	-16.074858	-12.620979
Iqcn	-14.688563	-11.234685
Gm3336	-16.074858	-12.620979
Pde4c	-17.17347	-13.719591
Rab3a	-11.624393	-8.170515
Mpv17l2	-11.701199	-8.24732
Ifi30	-11.664082	-8.210203
Pik3r2	-12.061481	-8.607603
2010320M18Rik	-12.394346	-8.940468
Mast3	-13.995416	-10.541537
Arrdc2	-13.647109	-10.193231
Kcnn1	-14.46542	-11.011541
Ccdc124	-11.123736	-7.6698585
Rpl18a	-8.376979	-4.9231014
Map1s	-12.953961	-9.500083
Haus8	-12.369449	-8.91557
Myo9b	-12.104566	-8.650687
Use1	-10.654323	-7.2004447
Ocel1	-12.77902	-9.325142
Nr2f6	-11.6013155	-8.147437
Babam1	-11.6013155	-8.147437
Ankle1	-17.17347	-13.719591
Abhd8	-11.705409	-8.251531
Mrpl34	-11.059788	-7.60591
Dda1	-11.890265	-8.436387
Ano8	-13.806173	-10.352295
Gtpbp3	-13.28165	-9.827771
Plvap	-12.57835	-9.124472
Bst2	-11.850459	-8.396581
Mvb12a	-11.380456	-7.926578
Tmem221	-16.480322	-13.0264435
Slc27a1	-12.896804	-9.442925
Pgls	-10.630998	-7.1771197
Fam129c	-15.564032	-12.110153
Colgalt1	-10.533594	-7.079716
Unc13a	-15.38171	-11.927832
Zfp709	-14.229031	-10.775152
Zfp882	-13.772272	-10.318394
Zfp617	-13.28165	-9.827771
Zfp961	-14.128947	-10.675069
Olfr373	-17.17347	-13.719591
Tpm4	-10.06359	-6.609712
Gm16091	-17.17347	-13.719591
Rab8a	-11.726732	-8.272854
Fam32a	-11.276316	-7.822438
Ap1m1	-12.123613	-8.669735
Klf2	-11.140384	-7.686506
Eps15l1	-12.754629	-9.300751
Calr3	-16.480322	-13.0264435
1700030K09Rik	-13.954594	-10.500715
Cherp	-12.57835	-9.124472
Slc35e1	-12.88301	-9.4291315
Gm17435	-14.775575	-11.321696
Med26	-14.177737	-10.723859
Smim7	-11.164657	-7.7107787
Tmem38a	-13.28165	-9.827771
Nwd1	-17.17347	-13.719591
Sin3b	-11.265387	-7.8115087
F2rl3	-15.787175	-12.333297
Large1	-11.549452	-8.095573
Hmgxb4	-12.085874	-8.631995
Tom1	-13.241644	-9.7877655
Hmox1	-14.340256	-10.886377
Mcm5	-14.775575	-11.321696
Rasd2	-12.869405	-9.415526
Gm10649	-17.17347	-13.719591
Nr3c2	-12.76675	-9.312872
Arhgap10	-11.259967	-7.806089
0610038B21Rik	-16.074858	-12.620979
Prmt9	-13.148118	-9.69424
Tmem184c	-12.57835	-9.124472
4933431K23Rik	-15.564032	-12.110153
Ednra	-11.597521	-8.143642
Rbmxl1	-12.27563	-8.821752
Slc10a7	-13.113027	-9.659148
Lsm6	-10.819099	-7.3652215
Zfp827	-12.482121	-9.028243
1700011L22Rik	-14.534412	-11.080534
Mmaa	-12.9107895	-9.456911
Gm4890	-15.0940275	-11.640149
Smad1	-11.424076	-7.970198
Otud4	-12.098296	-8.644418
Abce1	-11.718148	-8.26427
Anapc10	-12.548497	-9.094619
Hhip	-11.003859	-7.5499806
Smarca5	-10.235185	-6.7813067
Gab1	-12.428537	-8.974659
Gm31105	-14.400881	-10.947002
Usp38	-12.869405	-9.415526
Gm9725	-16.480322	-13.0264435
Inpp4b	-15.227559	-11.773681
Il15	-14.775575	-11.321696
Zfp330	-11.937028	-8.48315
Rnf150	-12.203656	-8.749778
Tbc1d9	-12.104566	-8.650687
Ucp1	-17.17347	-13.719591
Elmod2	-13.079125	-9.625247
Scoc	-10.960863	-7.506985
Ndufb7	-9.985812	-6.5319343
Tecr	-10.382248	-6.92837
Dnajb1	-11.6013155	-8.147437
Gipc1	-11.926445	-8.472567
Pkn1	-11.880165	-8.426287
Ptger1	-14.870885	-11.4170065
Ddx39	-13.046335	-9.592457
Adgre5	-11.636135	-8.182257
Adgrl1	-11.2047615	-7.7508836
Gm10644	-16.480322	-13.0264435
Asf1b	-17.17347	-13.719591
Prkaca	-11.860264	-8.406385
Samd1	-13.261447	-9.807569
Il27ra	-16.480322	-13.0264435
Gm10643	-14.775575	-11.321696
C330011M18Rik	-14.775575	-11.321696
Rfx1	-13.509908	-10.056029
Dcaf15	-14.177737	-10.723859
Cc2d1a	-12.88301	-9.4291315
4930432K21Rik	-16.480322	-13.0264435
Nanos3	-15.0940275	-11.640149
Gm26887	-14.283098	-10.82922
Gm26532	-12.651681	-9.197803
Zswim4	-14.037975	-10.584097
D8Ertd738e	-9.868281	-6.4144034
Mri1	-12.353188	-8.899309
Ccdc130	-13.806173	-10.352295
Cacna1a	-13.954594	-10.500715
Ier2	-11.0799	-7.626022
Nacc1	-12.446082	-8.992204
Trmt1	-12.730819	-9.27694
Nfix	-9.195158	-5.7412806
Lyl1	-15.564032	-12.110153
G430095P16Rik	-15.787175	-12.333297
Dand5	-13.095932	-9.642054
Gadd45gip1	-11.567667	-8.113789
Rad23a	-11.52098	-8.0671015
Calr	-9.223319	-5.7694416
1700122E12Rik	-15.38171	-11.927832
Farsa	-12.298272	-8.844394
Syce2	-14.46542	-11.011541
Gcdh	-12.968777	-9.514898
Klf1	-17.17347	-13.719591
Dnase2a	-13.41227	-9.958391
Rnaseh2a	-12.869405	-9.415526
Prdx2	-9.975286	-6.5214076
Junb	-10.261723	-6.8078446
Hook2	-15.227559	-11.773681
Asna1	-11.875153	-8.421274
Trir	-10.5283785	-7.0745006
Tnpo2	-12.719122	-9.265244
Fbxw9	-13.676962	-10.2230835
Gm5741	-17.17347	-13.719591
Dhps	-11.980513	-8.526634
Wdr83	-12.472989	-9.019111
Wdr83os	-10.745364	-7.2914863
Man2b1	-11.427266	-7.973388
Zfp791	-15.564032	-12.110153
Gm42031	-17.17347	-13.719591
Vps35	-11.064222	-7.6103444
Orc6	-12.231827	-8.777948
Mylk3	-16.074858	-12.620979
4921524J17Rik	-11.424076	-7.970198
Gpt2	-14.283098	-10.82922
Dnaja2	-10.859921	-7.4060435
Neto2	-16.480322	-13.0264435
Itfg1	-11.202208	-7.7483296
Gm39214	-16.480322	-13.0264435
Phkb	-11.991686	-8.537807
Hm629797	-17.17347	-13.719591
Lonp2	-11.341587	-7.887709
Siah1a	-12.067524	-8.613646
Gm10638	-13.995416	-10.541537
N4bp1	-12.15619	-8.7023115
Gm2694	-17.17347	-13.719591
Zfp423	-12.999083	-9.545204
Cnep1r1	-11.739747	-8.285869
Heatr3	-12.76675	-9.312872
9430002A10Rik	-17.17347	-13.719591
Tent4b	-12.313657	-8.859778
Adcy7	-10.958861	-7.5049834
Brd7	-10.713565	-7.259687
Nkd1	-11.312683	-7.858805
Cyld	-11.731051	-8.277173
Tox3	-17.17347	-13.719591
Chd9	-10.880051	-7.4261727
Rbl2	-11.449884	-7.9960065
Aktip	-11.726732	-8.272854
Gm45464	-15.38171	-11.927832
Rpgrip1l	-12.298272	-8.844394
Fto	-11.365327	-7.911449
Irx3	-13.806173	-10.352295
Gm36670	-17.17347	-13.719591
Mmp2	-11.279067	-7.825189
Lpcat2	-16.480322	-13.0264435
Slc6a2	-17.17347	-13.719591
Ces1a	-16.480322	-13.0264435
Ces1d	-17.17347	-13.719591
Gnao1	-11.931723	-8.477844
Amfr	-11.752934	-8.299056
Nudt21	-11.793572	-8.339694
Ogfod1	-13.130418	-9.676539
Bbs2	-13.4358	-9.981921
Gm45774	-16.074858	-12.620979
Mt2	-10.910071	-7.4561934
Mt1	-8.353656	-4.8997784
Gm39228	-16.074858	-12.620979
Nup93	-12.76675	-9.312872
C78859	-16.074858	-12.620979
Gm15890	-17.17347	-13.719591
Herpud1	-10.893074	-7.439196
Nlrc5	-17.17347	-13.719591
Cpne2	-11.652009	-8.198131
Fam192a	-12.104566	-8.650687
Rspry1	-12.162834	-8.708956
Arl2bp	-11.6804085	-8.22653
Gm45767	-14.534412	-11.080534
Cx3cl1	-16.074858	-12.620979
Ciapin1	-12.696133	-9.242254
Coq9	-12.290668	-8.836789
Polr2c	-10.919641	-7.4657626
Dok4	-13.915373	-10.461494
Ccdc102a	-12.510031	-9.056152
Adgrg1	-16.480322	-13.0264435
Katnb1	-13.589951	-10.136072
Kifc3	-13.41227	-9.958391
Cngb1	-16.480322	-13.0264435
Zfp319	-13.344828	-9.890949
Usb1	-13.589951	-10.136072
Mmp15	-15.564032	-12.110153
Cfap20	-11.64404	-8.190162
Csnk2a2	-11.709638	-8.255759
Gins3	-14.340256	-10.886377
Ndrg4	-11.986084	-8.532206
Setd6	-11.446622	-7.992744
Cnot1	-11.386572	-7.932694
4930513N10Rik	-15.227559	-11.773681
Gm31659	-16.480322	-13.0264435
Sap18b	-14.128947	-10.675069
Gm31805	-16.480322	-13.0264435
Slc38a7	-13.222226	-9.768348
Got2	-11.197119	-7.743241
Gm32122	-17.17347	-13.719591
Cdh11	-12.500641	-9.046762
Bean1	-14.870885	-11.4170065
Tk2	-13.915373	-10.461494
Cklf	-14.46542	-11.011541
Cmtm3	-14.037975	-10.584097
Cmtm4	-13.366807	-9.912929
Dync1li2	-11.826362	-8.372483
K230015D01Rik	-14.775575	-11.321696
Nae1	-11.466359	-8.012481
Car7	-16.480322	-13.0264435
Pdp2	-12.394346	-8.940468
Cdh16	-14.870885	-11.4170065
Rrad	-10.595608	-7.14173
Gm33023	-13.995416	-10.541537
Ciao2b	-10.806999	-7.3531213
Ces2e	-17.17347	-13.719591
Ces2g	-12.754629	-9.300751
Gm3830	-16.480322	-13.0264435
Cbfb	-12.9107895	-9.456911
D230025D16Rik	-13.046335	-9.592457
B3gnt9	-12.45497	-9.001092
Tradd	-12.816761	-9.362883
Fbxl8	-14.128947	-10.675069
Hsf4	-15.564032	-12.110153
Nol3	-16.074858	-12.620979
4931428F04Rik	-16.480322	-13.0264435
Exoc3l	-17.17347	-13.719591
E2f4	-12.5290785	-9.0752
Elmo3	-14.340256	-10.886377
Lrrc29	-16.480322	-13.0264435
Tmem208	-11.292936	-7.8390584
Fhod1	-13.323322	-9.869444
Slc9a5	-17.17347	-13.719591
Lrrc36	-17.17347	-13.719591
Tppp3	-11.701199	-8.24732
Zdhhc1	-12.598759	-9.14488
Atp6v0d1	-11.184508	-7.7306304
Gm38250	-17.17347	-13.719591
Ripor1	-12.055475	-8.601597
Gm5914	-14.037975	-10.584097
Ctcf	-11.012262	-7.5583844
Acd	-12.791443	-9.337564
Pard6a	-13.062595	-9.608717
Enkd1	-13.954594	-10.500715
4933405L10Rik	-17.17347	-13.719591
Gfod2	-13.676962	-10.2230835
Ranbp10	-12.791443	-9.337564
Cenpt	-14.229031	-10.775152
Thap11	-12.246216	-8.792337
4930578M07Rik	-17.17347	-13.719591
Nutf2	-13.995416	-10.541537
Edc4	-12.619593	-9.165714
Pskh1	-13.28165	-9.827771
Psmb10	-12.791443	-9.337564
Lcat	-14.775575	-11.321696
Slc12a4	-11.731051	-8.277173
Dpep3	-17.17347	-13.719591
Dpep2	-17.17347	-13.719591
Dus2	-13.366807	-9.912929
Ddx28	-13.915373	-10.461494
Nfatc3	-12.203656	-8.749778
1810019D21Rik	-16.480322	-13.0264435
Pla2g15	-12.9107895	-9.456911
Slc7a6	-12.183037	-8.729158
Slc7a6os	-12.855982	-9.402103
Prmt7	-12.7075615	-9.253683
Zfp90	-13.676962	-10.2230835
Cdh3	-16.480322	-13.0264435
Tango6	-13.095932	-9.642054
Has3	-14.229031	-10.775152
Chtf8	-13.877633	-10.423755
Utp4	-13.166137	-9.712258
Sntb2	-11.259967	-7.806089
Gm16208	-17.17347	-13.719591
Vps4a	-11.757369	-8.303491
Pdf	-15.0940275	-11.640149
Cog8	-12.411296	-8.9574175
Nip7	-12.260815	-8.806936
Terf2	-12.57835	-9.124472
Cyb5b	-11.493297	-8.039418
Nfat5	-10.7167	-7.2628217
Nqo1	-12.002986	-8.549108
Nob1	-12.598759	-9.14488
Wwp2	-10.150601	-6.6967235
Psmd7	-10.071794	-6.6179156
Zfhx3	-9.738622	-6.284744
Gm20686	-17.17347	-13.719591
D030068K23Rik	-17.17347	-13.719591
Dhx38	-12.568299	-9.114421
Txnl4b	-14.775575	-11.321696
Dhodh	-13.241644	-9.7877655
Pkd1l3	-17.17347	-13.719591
Ist1	-12.305935	-8.8520565
Zfp821	-12.9107895	-9.456911
Atxn1l	-12.7075615	-9.253683
Ap1g1	-12.098296	-8.644418
Gm17344	-15.787175	-12.333297
Phlpp2	-12.88301	-9.4291315
Marveld3	-14.976245	-11.522367
Zfp612	-12.491339	-9.03746
Cmtr2	-15.227559	-11.773681
Vac14	-13.302269	-9.848391
Mtss2	-12.290668	-8.836789
Il34	-17.17347	-13.719591
Sf3b3	-11.991686	-8.537807
Cog4	-12.598759	-9.14488
Fcsk	-13.079125	-9.625247
St3gal2	-11.152446	-7.698568
Ddx19a	-12.7075615	-9.253683
Ddx19b	-13.676962	-10.2230835
Aars	-12.361285	-8.907407
Pdpr	-13.130418	-9.676539
9430091E24Rik	-15.787175	-12.333297
Glg1	-9.905247	-6.451369
Rfwd3	-13.4358	-9.981921
Mlkl	-15.787175	-12.333297
Wdr59	-13.954594	-10.500715
Znrf1	-12.169523	-8.715645
Ldhd	-13.877633	-10.423755
Zfp1	-12.558349	-9.10447
Bcar1	-13.014586	-9.560708
Cfdp1	-11.075396	-7.6215177
Tmem170	-13.618121	-10.164243
Tmem231	-13.4358	-9.981921
Gabarapl2	-10.524485	-7.0706067
Adat1	-14.340256	-10.886377
Kars	-12.098296	-8.644418
Terf2ip	-12.136517	-8.682638
Mon1b	-13.484591	-10.030712
Nudt7	-13.589951	-10.136072
Clec3a	-17.17347	-13.719591
Wwox	-13.302269	-9.848391
Gm16118	-16.480322	-13.0264435
Maf	-12.742653	-9.2887745
Gm15655	-17.17347	-13.719591
Cdyl2	-14.082427	-10.628549
Cmc2	-12.2247095	-8.770831
Cenpn	-17.17347	-13.719591
Atmin	-13.5625515	-10.108673
1700030J22Rik	-16.480322	-13.0264435
Gcsh	-12.031806	-8.577928
Gan	-13.079125	-9.625247
Cmip	-13.323322	-9.869444
Plcg2	-16.074858	-12.620979
Sdr42e1	-15.38171	-11.927832
Mphosph6	-12.260815	-8.806936
Cdh13	-10.34584	-6.8919625
Hsbp1	-10.242975	-6.7890973
Mlycd	-12.313657	-8.859778
Osgin1	-16.074858	-12.620979
Mbtps1	-11.187017	-7.7331395
Hsdl1	-13.030334	-9.576456
Taf1c	-14.177737	-10.723859
Gm32352	-14.340256	-10.886377
Wfdc1	-9.984302	-6.5304236
Meak7	-14.870885	-11.4170065
Cotl1	-15.787175	-12.333297
Klhl36	-13.707733	-10.253855
Usp10	-12.189863	-8.735985
Crispld2	-9.64031	-6.186433
Zdhhc7	-13.113027	-9.659148
A130014A01Rik	-14.229031	-10.775152
6430548M08Rik	-15.38171	-11.927832
A330074K22Rik	-15.787175	-12.333297
Gse1	-13.877633	-10.423755
Gins2	-14.534412	-11.080534
1190005I06Rik	-10.639681	-7.185803
Emc8	-10.435317	-6.981439
Cox4i1	-8.770341	-5.3164635
Irf8	-17.17347	-13.719591
Fendrr	-12.27563	-8.821752
Foxf1	-11.850459	-8.396581
Mthfsd	-13.113027	-9.659148
Foxc2	-12.268195	-8.814317
Foxl1	-13.148118	-9.69424
Fbxo31	-11.910779	-8.456901
Map1lc3b	-9.355039	-5.901161
Zcchc14	-11.436897	-7.9830194
Gm27030	-15.564032	-12.110153
Gm45833	-17.17347	-13.719591
Klhdc4	-13.166137	-9.712258
Gm42047	-15.787175	-12.333297
Slc7a5	-13.41227	-9.958391
Banp	-12.472989	-9.019111
Zfp469	-16.074858	-12.620979
Zfpm1	-14.037975	-10.584097
Zc3h18	-12.0435705	-8.589692
Cyba	-10.243953	-6.790075
Mvd	-13.877633	-10.423755
Rnf166	-12.014414	-8.560535
Ctu2	-12.719122	-9.265244
Piezo1	-11.798191	-8.344313
Cdt1	-15.0940275	-11.640149
Aprt	-10.885611	-7.4317327
Galns	-13.5625515	-10.108673
Trappc2l	-11.112013	-7.658135
Cbfa2t3	-13.366807	-9.912929
Acsf3	-13.995416	-10.541537
Ankrd11	-10.193394	-6.739516
2810013P06Rik	-12.369449	-8.91557
Spg7	-11.931723	-8.477844
Rpl13	-7.6953177	-4.2414403
Dpep1	-15.0940275	-11.640149
Chmp1a	-11.74852	-8.2946415
Spata33	-15.38171	-11.927832
Cdk10	-12.804022	-9.350143
Spata2l	-14.177737	-10.723859
4933417D19Rik	-17.17347	-13.719591
Vps9d1	-13.459897	-10.006019
Zfp276	-13.915373	-10.461494
Tcf25	-10.216924	-6.763046
Mc1r	-15.227559	-11.773681
Tubb3	-17.17347	-13.719591
Def8	-12.953961	-9.500083
Afg3l1	-12.377679	-8.9238
Gas8	-12.64087	-9.186992
Rhou	-11.947722	-8.493844
4732419C18Rik	-16.480322	-13.0264435
Rab4a	-12.385978	-8.932099
2810455O05Rik	-17.17347	-13.719591
Ccsap	-16.074858	-12.620979
Acta1	-17.17347	-13.719591
Nup133	-13.095932	-9.642054
Gm45890	-16.480322	-13.0264435
Abcb10	-12.9107895	-9.456911
Taf5l	-13.344828	-9.890949
Urb2	-14.6085205	-11.154642
Galnt2	-10.215972	-6.762094
1810008B01Rik	-17.17347	-13.719591
Gm15775	-17.17347	-13.719591
Cog2	-12.76675	-9.312872
Agt	-17.17347	-13.719591
2310022B05Rik	-11.031432	-7.577554
Ttc13	-13.113027	-9.659148
Arv1	-14.775575	-11.321696
2810004N23Rik	-11.865202	-8.411324
Gnpat	-12.46394	-9.010061
Exoc8	-13.366807	-9.912929
Sprtn	-13.241644	-9.7877655
Egln1	-11.241224	-7.7873464
Tsnax	-11.553069	-8.099191
Sipa1l2	-14.082427	-10.628549
Map10	-14.6085205	-11.154642
Ntpcr	-12.446082	-8.992204
Kcnk1	-13.589951	-10.136072
Coa6	-12.092065	-8.638186
Tarbp1	-13.772272	-10.318394
Gm26759	-15.0940275	-11.640149
Irf2bp2	-10.968912	-7.515034
Gm45805	-16.480322	-13.0264435
Gm31718	-15.38171	-11.927832
Tomm20	-10.356733	-6.9028554
Rbm34	-12.437271	-8.983393
Pard3	-11.905611	-8.451733
Nrp1	-11.202208	-7.7483296
Itgb1	-8.38518	-4.931303
2610044O15Rik8	-13.113027	-9.659148
Gm32856	-15.564032	-12.110153
Gm10720	-17.17347	-13.719591
Alkbh8	-12.437271	-8.983393
Cwf19l2	-11.542257	-8.088379
Gucy1a2	-14.46542	-11.011541
Aasdhppt	-12.203656	-8.749778
Kbtbd3	-13.062595	-9.608717
Msantd4	-11.821611	-8.367733
Casp1	-15.0940275	-11.640149
Casp4	-13.877633	-10.423755
Casp12	-11.459737	-8.005858
Pdgfd	-11.287366	-7.833488
Ddi1	-17.17347	-13.719591
Dync2h1	-12.061481	-8.607603
Dcun1d5	-11.473026	-8.019148
Mmp3	-15.787175	-12.333297
Tmem123	-11.055372	-7.6014943
Birc2	-11.802832	-8.348953
Birc3	-13.877633	-10.423755
Yap1	-11.701199	-8.24732
Gm45494	-15.564032	-12.110153
Cfap300	-17.17347	-13.719591
Cep126	-13.772272	-10.318394
Gm32014	-17.17347	-13.719591
Pgr	-11.479737	-8.025859
Arhgap42	-13.222226	-9.768348
Jrkl	-12.999083	-9.545204
Ccdc82	-11.48311	-8.029232
Maml2	-11.744123	-8.290245
Mtmr2	-12.804022	-9.350143
Cep57	-12.210625	-8.756746
Fam76b	-12.104566	-8.650687
1700019J19Rik	-16.480322	-13.0264435
Gm47565	-17.17347	-13.719591
Sesn3	-11.963984	-8.510105
Endod1	-10.592831	-7.1389527
Kdm4d	-16.480322	-13.0264435
Cwc15	-10.783229	-7.329351
Amotl1	-11.135598	-7.6817203
Gm7607	-16.074858	-12.620979
Fut4	-16.074858	-12.620979
Ankrd49	-12.88301	-9.4291315
Mre11a	-13.261447	-9.807569
Gm16302	-16.480322	-13.0264435
Izumo1r	-15.787175	-12.333297
Panx1	-15.564032	-12.110153
Vstm5	-15.564032	-12.110153
Med17	-12.619593	-9.165714
4931406C07Rik	-12.110874	-8.656996
Taf1d	-11.705409	-8.251531
Cep295	-12.519509	-9.065631
Smco4	-11.99732	-8.543442
Slc36a4	-12.361285	-8.907407
Chordc1	-11.329926	-7.8760476
Naalad2	-15.38171	-11.927832
Zfp558	-17.17347	-13.719591
Zfp317	-13.323322	-9.869444
Olfr77	-16.480322	-13.0264435
Zfp560	-11.910779	-8.456901
Zfp26	-12.88301	-9.4291315
Zfp426	-13.062595	-9.608717
Zfp266	-12.008683	-8.554805
Zfp846	-13.241644	-9.7877655
Fbxl12os	-16.480322	-13.0264435
Fbxl12	-13.261447	-9.807569
Ubl5	-9.866267	-6.4123893
Pin1	-11.105044	-7.6511664
Olfm2	-14.976245	-11.522367
Col5a3	-15.787175	-12.333297
Shfl	-13.4358	-9.981921
Angptl6	-13.806173	-10.352295
Ppan	-12.791443	-9.337564
Eif3g	-10.813895	-7.3600173
Dnmt1	-12.7075615	-9.253683
S1pr2	-14.229031	-10.775152
Mrpl4	-11.726732	-8.272854
Icam1	-14.400881	-10.947002
Icam5	-16.074858	-12.620979
Fdx2	-11.915975	-8.462096
1700084C06Rik	-15.38171	-11.927832
Tyk2	-13.5625515	-10.108673
Cdc37	-10.354546	-6.9006677
Pde4a	-11.713884	-8.260006
Keap1	-11.52098	-8.0671015
Atg4d	-12.804022	-9.350143
Kri1	-13.203177	-9.749299
Cdkn2d	-12.149589	-8.69571
Ap1m2	-16.074858	-12.620979
Gm39302	-17.17347	-13.719591
Slc44a2	-11.347469	-7.8935914
Gm36198	-17.17347	-13.719591
Ilf3	-12.117224	-8.663345
Qtrt1	-14.128947	-10.675069
Dnm2	-11.812178	-8.358299
Tmed1	-11.542257	-8.088379
AB124611	-15.0940275	-11.640149
Carm1	-12.491339	-9.03746
Yipf2	-13.344828	-9.890949
Timm29	-12.730819	-9.27694
Smarca4	-11.605125	-8.151247
Ldlr	-11.608949	-8.15507
Spc24	-16.074858	-12.620979
Kank2	-10.688834	-7.2349563
Dock6	-12.27563	-8.821752
Rab3d	-12.290668	-8.836789
Tmem205	-11.517478	-8.0636
Ccdc159	-14.6085205	-11.154642
Plppr2	-14.534412	-11.080534
Swsap1	-14.283098	-10.82922
Rgl3	-14.400881	-10.947002
Prkcsh	-11.608949	-8.15507
Zfp653	-13.184485	-9.730607
Gm16845	-14.688563	-11.234685
Ecsit	-12.321439	-8.86756
Cnn1	-8.271558	-4.8176804
Elof1	-11.177017	-7.7231393
6530413G14Rik	-16.480322	-13.0264435
Acp5	-15.564032	-12.110153
Pigyl	-11.167116	-7.7132382
Zfp872	-15.227559	-11.773681
1810064F22Rik	-17.17347	-13.719591
Zfp809	-12.031806	-8.577928
Zfp599	-16.480322	-13.0264435
Zfp810	-13.261447	-9.807569
Anln	-12.15619	-8.7023115
Gm48646	-17.17347	-13.719591
Rp9	-10.933193	-7.4793153
9530077C05Rik	-12.45497	-9.001092
Bbs9	-12.791443	-9.337564
Bmper	-13.841265	-10.387386
Dpy19l1	-12.385978	-8.932099
Gm47772	-17.17347	-13.719591
Tbx20	-13.954594	-10.500715
E130101E03Rik	-16.480322	-13.0264435
Herpud2	-11.802832	-8.348953
Sept7	-9.850299	-6.396421
Eepd1	-12.88301	-9.4291315
Glb1l2	-14.400881	-10.947002
Acad8	-12.651681	-9.197803
Thyn1	-12.353188	-8.899309
Vps26b	-12.588502	-9.134624
Ncapd3	-12.968777	-9.514898
Jam3	-10.964879	-7.511001
Gm48796	-16.074858	-12.620979
Igsf9b	-11.974973	-8.521094
Ntm	-15.0940275	-11.640149
Snx19	-12.730819	-9.27694
Adamts15	-14.6085205	-11.154642
Adamts8	-14.46542	-11.011541
Gm29724	-17.17347	-13.719591
Zbtb44	-11.660041	-8.206162
St14	-17.17347	-13.719591
Aplp2	-8.906534	-5.4526563
4930517E14Rik	-16.074858	-12.620979
Prdm10	-14.082427	-10.628549
Nfrkb	-12.558349	-9.10447
Arhgap32	-13.676962	-10.2230835
Fli1	-12.730819	-9.27694
Ets1	-12.313657	-8.859778
Gm3331	-17.17347	-13.719591
Kirrel3	-16.480322	-13.0264435
Kirrel3os	-17.17347	-13.719591
St3gal4	-12.189863	-8.735985
4930581F22Rik	-13.222226	-9.768348
Dcps	-12.568299	-9.114421
Tirap	-13.4358	-9.981921
Gm39318	-17.17347	-13.719591
Srpr	-10.693425	-7.2395473
Foxred1	-13.589951	-10.136072
Fam118b	-13.38928	-9.935402
Rpusd4	-13.302269	-9.848391
Gm33838	-14.177737	-10.723859
Cdon	-12.002986	-8.549108
Pus3	-13.739482	-10.285604
Hyls1	-15.38171	-11.927832
Pate2	-15.787175	-12.333297
Chek1	-15.787175	-12.333297
Stt3a	-11.182005	-7.728127
Ei24	-11.377412	-7.923534
Fez1	-10.13031	-6.676432
Pknox2	-13.484591	-10.030712
Tmem218	-11.986084	-8.532206
Slc37a2	-14.534412	-11.080534
Gm47633	-17.17347	-13.719591
Ccdc15	-13.841265	-10.387386
Msantd2	-12.829664	-9.375786
Esam	-14.283098	-10.82922
Nrgn	-13.113027	-9.659148
Siae	-12.619593	-9.165714
Spa17	-13.535883	-10.082005
Tbrg1	-10.611026	-7.157148
Olfr889	-16.480322	-13.0264435
Olfr905	-17.17347	-13.719591
Vwa5a	-12.313657	-8.859778
Olfr920	-14.688563	-11.234685
Olfr922	-17.17347	-13.719591
Zfp202	-16.480322	-13.0264435
Scn3b	-17.17347	-13.719591
Gramd1b	-14.128947	-10.675069
Clmp	-10.786591	-7.3327127
Gm48294	-17.17347	-13.719591
Gm16096	-17.17347	-13.719591
Hspa8	-8.351885	-4.898007
Mir100hg	-10.989321	-7.535443
Gm48742	-17.17347	-13.719591
Gm48740	-16.480322	-13.0264435
Gm28119	-15.0940275	-11.640149
Gm35940	-17.17347	-13.719591
Sorl1	-9.971553	-6.517675
Sc5d	-12.238996	-8.785117
Tbcel	-12.0435705	-8.589692
Grik4	-17.17347	-13.719591
Arhgef12	-10.105297	-6.651419
Tmem136	-12.53874	-9.084862
Pou2f3	-15.564032	-12.110153
Oaf	-12.588502	-9.134624
Trim29	-17.17347	-13.719591
Gm30015	-16.074858	-12.620979
Nectin1	-13.676962	-10.2230835
Thy1	-16.480322	-13.0264435
Gm49380	-15.564032	-12.110153
Usp2	-12.558349	-9.10447
Rnf26	-13.113027	-9.659148
Gm26737	-17.17347	-13.719591
Gm10687	-13.954594	-10.500715
Mcam	-10.858111	-7.4042335
Cbl	-11.688673	-8.234795
Pdzd3	-13.676962	-10.2230835
Nlrx1	-13.5625515	-10.108673
Abcg4	-14.283098	-10.82922
Gm48604	-16.480322	-13.0264435
Hinfp	-13.484591	-10.030712
C2cd2l	-13.261447	-9.807569
Dpagt1	-13.589951	-10.136072
H2afx	-12.791443	-9.337564
Hmbs	-13.203177	-9.749299
Vps11	-12.609121	-9.155243
Hyou1	-12.385978	-8.932099
Slc37a4	-13.841265	-10.387386
Trappc4	-11.676301	-8.222423
Rps25	-8.716876	-5.262998
Ccdc84	-13.344828	-9.890949
Upk2	-17.17347	-13.719591
C030014I23Rik	-13.841265	-10.387386
Gm47204	-14.6085205	-11.154642
Bcl9l	-11.503589	-8.04971
Gm47231	-16.480322	-13.0264435
Ddx6	-10.313854	-6.8599763
Phldb1	-11.812178	-8.358299
Arcn1	-10.944959	-7.4910808
Ift46	-11.192056	-7.738178
Tmem25	-14.400881	-10.947002
Kmt2a	-10.577689	-7.1238112
Gm39326	-16.480322	-13.0264435
Atp5l	-9.187645	-5.733767
Gm30934	-17.17347	-13.719591
Ube4a	-12.196735	-8.742857
Mpzl3	-14.6085205	-11.154642
Jaml	-16.480322	-13.0264435
Scn2b	-14.082427	-10.628549
Fxyd6	-14.283098	-10.82922
Cep164	-12.149589	-8.69571
Bace1	-11.524495	-8.070617
Gm16536	-12.953961	-9.500083
Rnf214	-12.189863	-8.735985
Pcsk7	-12.491339	-9.03746
Tagln	-6.710509	-3.2566314
Gm48529	-13.38928	-9.935402
Sidt2	-11.656016	-8.202138
A830035O19Rik	-16.074858	-12.620979
Pafah1b2	-11.648017	-8.194139
Sik3	-12.337188	-8.883309
Apoa1	-17.17347	-13.719591
Zpr1	-12.46394	-9.010061
Bud13	-13.41227	-9.958391
4930448E22Rik	-17.17347	-13.719591
Cadm1	-14.688563	-11.234685
Nxpe4	-14.976245	-11.522367
Rexo2	-9.805761	-6.3518834
Rbm7	-11.553069	-8.099191
Gm5617	-12.651681	-9.197803
Nnmt	-11.885202	-8.431324
Zbtb16	-10.931246	-7.477368
Usp28	-13.302269	-9.848391
Zw10	-12.313657	-8.859778
Tmprss5	-17.17347	-13.719591
Ankk1	-17.17347	-13.719591
Ttc12	-12.558349	-9.10447
Ncam1	-8.534766	-5.0808887
Gm11149	-15.787175	-12.333297
Rpl10-ps3	-12.67366	-9.219782
Pts	-12.183037	-8.729158
Il18	-15.38171	-11.927832
Sdhd	-11.52098	-8.0671015
Timm8b	-10.858111	-7.4042335
Nkapd1	-12.238996	-8.785117
Pih1d2	-15.564032	-12.110153
Dlat	-12.085874	-8.631995
Dixdc1	-12.651681	-9.197803
2310030G06Rik	-13.647109	-10.193231
Hspb2	-10.354546	-6.9006677
Cryab	-9.769799	-6.3159213
1110032A03Rik	-12.361285	-8.907407
Fdxacb1	-14.340256	-10.886377
Alg9	-13.5625515	-10.108673
Ppp2r1b	-13.618121	-10.164243
Sik2	-12.025975	-8.572097
Layn	-12.558349	-9.10447
Colca2	-15.38171	-11.927832
2010007H06Rik	-16.074858	-12.620979
Arhgap20	-16.074858	-12.620979
Fdx1	-11.356359	-7.9024806
Rdx	-10.1943245	-6.7404466
Zc3h12c	-13.302269	-9.848391
Ddx10	-12.482121	-9.028243
Poglut3	-11.262672	-7.8087945
4930550C14Rik	-14.037975	-10.584097
Atm	-12.76675	-9.312872
Npat	-12.411296	-8.9574175
Acat1	-10.795043	-7.341165
Cul5	-11.440128	-7.9862504
Gm16124	-13.203177	-9.749299
Slc35f2	-14.283098	-10.82922
Tnfaip8l3	-15.564032	-12.110153
Gldn	-11.571351	-8.117473
Dmxl2	-12.968777	-9.514898
Cib2	-12.742653	-9.2887745
Idh3a	-11.761824	-8.307945
Dnaja4	-12.829664	-9.375786
Wdr61	-11.636135	-8.182257
Ireb2	-12.353188	-8.899309
Hykk	-13.806173	-10.352295
AY074887	-17.17347	-13.719591
Psma4	-10.225533	-6.7716546
Ube2q2	-11.798191	-8.344313
Fbxo22	-11.826362	-8.372483
Nrg4	-17.17347	-13.719591
Etfa	-11.128464	-7.674586
Scaper	-11.926445	-8.472567
4930563M21Rik	-17.17347	-13.719591
Rcn2	-10.361124	-6.907246
Pstpip1	-16.480322	-13.0264435
Tspan3	-10.1010475	-6.6471696
Peak1	-12.345156	-8.891277
Hmg20a	-12.246216	-8.792337
Lingo1	-13.302269	-9.848391
Cspg4	-9.934255	-6.4803767
Gm47237	-15.0940275	-11.640149
Snx33	-13.030334	-9.576456
Imp3	-10.750222	-7.2963443
Snupn	-12.842736	-9.388858
Ptpn9	-11.99732	-8.543442
Gm10658	-16.074858	-12.620979
Sin3a	-12.377679	-8.9238
Man2c1os	-14.976245	-11.522367
Man2c1	-12.313657	-8.859778
Neil1	-13.772272	-10.318394
Commd4	-11.793572	-8.339694
1700017B05Rik	-13.344828	-9.890949
Ppcdc	-12.88301	-9.4291315
Scamp5	-14.976245	-11.522367
Cox5a	-10.3501835	-6.8963056
Gm26631	-16.480322	-13.0264435
Fam219b	-12.999083	-9.545204
Mpi	-13.130418	-9.676539
Scamp2	-11.726732	-8.272854
Ulk3	-14.229031	-10.775152
Csk	-12.321439	-8.86756
Edc3	-13.509908	-10.056029
Clk3	-12.345156	-8.891277
Arid3b	-13.954594	-10.500715
Ubl7	-12.361285	-8.907407
Islr	-10.746981	-7.2931027
Pml	-13.5625515	-10.108673
Stoml1	-12.5290785	-9.0752
Loxl1	-9.830043	-6.376165
Insyn1	-13.954594	-10.500715
Cd276	-13.261447	-9.807569
Nptn	-9.918585	-6.464707
Rec114	-17.17347	-13.719591
Neo1	-11.215045	-7.761167
Adpgk	-12.791443	-9.337564
Bbs4	-13.130418	-9.676539
Arih1	-11.395817	-7.941939
Tmem202	-16.074858	-12.620979
Hexa	-10.550734	-7.0968556
Parp6	-13.366807	-9.912929
Pkm	-9.6446	-6.1907225
Gramd2	-17.17347	-13.719591
Senp8	-13.772272	-10.318394
Myo9a	-11.251891	-7.798013
Nr2e3	-16.480322	-13.0264435
Gm15507	-16.480322	-13.0264435
Thsd4	-10.220741	-6.7668633
2010001M07Rik	-17.17347	-13.719591
9230112J17Rik	-14.534412	-11.080534
Gm49334	-15.38171	-11.927832
Lrrc49	-13.509908	-10.056029
Larp6	-13.5625515	-10.108673
Uaca	-10.136442	-6.6825643
Gm9869	-16.074858	-12.620979
Tle3	-12.953961	-9.500083
Rplp1	-7.7706094	-4.316732
Kif23	-17.17347	-13.719591
Glce	-13.184485	-9.730607
Anp32a	-10.616692	-7.1628137
Coro2b	-14.976245	-11.522367
Itga11	-16.480322	-13.0264435
Fem1b	-12.446082	-8.992204
Cln6	-13.647109	-10.193231
Calml4	-13.589951	-10.136072
Pias1	-11.254576	-7.800698
Gm48193	-17.17347	-13.719591
Map2k5	-12.968777	-9.514898
2300009A05Rik	-12.290668	-8.836789
Gm16759	-14.976245	-11.522367
Aagab	-13.030334	-9.576456
Smad3	-13.366807	-9.912929
Gm36033	-15.787175	-12.333297
Smad6	-12.031806	-8.577928
Scarletltr	-16.480322	-13.0264435
Zwilch	-15.227559	-11.773681
Rpl4	-9.266922	-5.8130445
Snapc5	-11.222827	-7.768949
Map2k1	-12.2247095	-8.770831
Gm48855	-15.0940275	-11.640149
Uchl4	-16.480322	-13.0264435
Tipin	-11.991686	-8.537807
Dis3l	-13.772272	-10.318394
Rab11a	-11.48311	-8.029232
Dennd4a	-12.149589	-8.69571
Ints14	-13.4358	-9.981921
Hacd3	-12.77902	-9.325142
Dpp8	-12.0435705	-8.589692
Igdcc4	-14.534412	-11.080534
Parp16	-14.229031	-10.775152
Clpx	-11.697006	-8.243128
Pdcd7	-12.203656	-8.749778
Ubap1l	-16.074858	-12.620979
Kbtbd13	-15.38171	-11.927832
Rasl12	-10.602587	-7.148709
Mtfmt	-13.079125	-9.625247
Gm47270	-17.17347	-13.719591
Spg21	-12.031806	-8.577928
Plekho2	-11.648017	-8.194139
Rbpms2	-11.664082	-8.210203
Oaz2	-10.96287	-7.5089917
Zfp609	-12.77902	-9.325142
Trip4	-12.28312	-8.829242
Csnk1g1	-12.290668	-8.836789
Ppib	-9.341852	-5.8879743
Snx22	-17.17347	-13.719591
Snx1	-12.085874	-8.631995
Ciao2a	-12.472989	-9.019111
Dapk2	-13.222226	-9.768348
Herc1	-11.284592	-7.8307137
Gm28379	-17.17347	-13.719591
Fbxl22	-9.632848	-6.17897
Usp3	-11.958533	-8.504655
Aph1b	-12.869405	-9.415526
Aph1c	-14.46542	-11.011541
Gm17098	-17.17347	-13.719591
Rab8b	-12.9107895	-9.456911
Rps27l	-9.894151	-6.440273
Lactb	-12.791443	-9.337564
Tpm1	-7.917391	-4.4635134
Tln2	-12.7075615	-9.253683
Vps13c	-12.104566	-8.650687
Rora	-10.486361	-7.0324826
Ice2	-13.184485	-9.730607
Anxa2	-10.186903	-6.733025
Gm28731	-16.480322	-13.0264435
Bnip2	-9.95823	-6.504352
Gtf2a2	-10.9913845	-7.5375066
Fam81a	-12.305935	-8.8520565
Myo1e	-11.713884	-8.260006
Ccnb2	-17.17347	-13.719591
Rnf111	-11.880165	-8.426287
Sltm	-10.954869	-7.5009913
Mindy2	-12.842736	-9.388858
Adam10	-12.210625	-8.756746
Aldh1a2	-16.480322	-13.0264435
Polr2m	-10.861734	-7.4078565
Myzap	-15.787175	-12.333297
Cgnl1	-11.676301	-8.222423
Tcf12	-11.102732	-7.648854
Zfp280d	-11.660041	-8.206162
Mns1	-15.0940275	-11.640149
Tex9	-13.030334	-9.576456
Rfx7	-12.57835	-9.124472
Nedd4	-8.841883	-5.3880053
Prtg	-16.074858	-12.620979
Pygo1	-12.123613	-8.669735
Dnaaf4	-14.688563	-11.234685
Ccpg1os	-13.062595	-9.608717
Ccpg1	-10.669181	-7.215303
Pigb	-14.082427	-10.628549
2310009A05Rik	-11.885202	-8.431324
Rab27a	-12.999083	-9.545204
Rsl24d1	-11.942361	-8.488482
Unc13c	-15.787175	-12.333297
Wdr72	-14.976245	-11.522367
Fam214a	-12.804022	-9.350143
Arpp19	-10.464165	-7.010287
Myo5a	-12.804022	-9.350143
Myo5c	-17.17347	-13.719591
Gnb5	-12.619593	-9.165714
Gm19531	-15.38171	-11.927832
Mapk6	-12.696133	-9.242254
4933433G15Rik	-15.787175	-12.333297
Leo1	-12.510031	-9.056152
Tmod3	-11.174533	-7.720655
Tmod2	-12.500641	-9.046762
Lysmd2	-11.466359	-8.012481
Scg3	-15.787175	-12.333297
Lrrc1	-14.400881	-10.947002
Gm19569	-16.480322	-13.0264435
Klhl31	-16.074858	-12.620979
Gclc	-12.149589	-8.69571
Elovl5	-12.419879	-8.966001
Fbxo9	-11.254576	-7.800698
Ick	-12.246216	-8.792337
Gsta4	-14.229031	-10.775152
Ooep	-15.787175	-12.333297
Cgas	-15.38171	-11.927832
Mto1	-13.459897	-10.006019
Eef1a1	-7.5410686	-4.087191
Slc17a5	-12.598759	-9.14488
Cd109	-11.793572	-8.339694
Col12a1	-14.46542	-11.011541
Cox7a2	-9.400717	-5.946839
Tmem30a	-10.271732	-6.8178544
Filip1	-10.859921	-7.4060435
Senp6	-10.416537	-6.9626594
Gm17477	-16.074858	-12.620979
Myo6	-12.290668	-8.836789
Htr1b	-12.619593	-9.165714
D430036J16Rik	-15.564032	-12.110153
Mei4	-16.480322	-13.0264435
Irak1bp1	-11.798191	-8.344313
Phip	-10.881901	-7.428023
Gm38398	-16.480322	-13.0264435
Hmgn3	-10.6676855	-7.2138076
Gm29054	-15.38171	-11.927832
Lca5	-13.38928	-9.935402
Sh3bgrl2	-15.564032	-12.110153
Elovl4	-14.870885	-11.4170065
Gm36278	-17.17347	-13.719591
Bckdhb	-13.130418	-9.676539
Tent5a	-10.414214	-6.960336
Ibtk	-12.136517	-8.682638
9330154J02Rik	-16.074858	-12.620979
Tpbg	-13.841265	-10.387386
Ube2cbp	-15.787175	-12.333297
Dop1a	-12.189863	-8.735985
Pgm3	-12.968777	-9.514898
Rwdd2a	-14.534412	-11.080534
Me1	-11.775307	-8.321428
A330041J22Rik	-15.38171	-11.927832
Prss35	-15.38171	-11.927832
Snap91	-16.480322	-13.0264435
Cyb5r4	-12.203656	-8.749778
Cep162	-12.5290785	-9.0752
Tbx18	-11.974973	-8.521094
Nt5e	-14.177737	-10.723859
Snx14	-11.926445	-8.472567
Gm28229	-16.074858	-12.620979
Syncrip	-11.025002	-7.5711236
Snhg5	-13.203177	-9.749299
Zfp949	-13.222226	-9.768348
9430037G07Rik	-14.775575	-11.321696
Mthfsl	-13.166137	-9.712258
9330159M07Rik	-13.459897	-10.006019
Mthfs	-12.953961	-9.500083
Minar1	-14.976245	-11.522367
Tmed3	-10.2488575	-6.7949796
Ctsh	-11.105044	-7.6511664
Morf4l1	-8.922588	-5.4687104
Adamts7	-15.227559	-11.773681
Tbc1d2b	-12.411296	-8.9574175
Plscr1	-15.0940275	-11.640149
Plscr4	-12.651681	-9.197803
Plod2	-10.719845	-7.265967
Dipk2a	-11.259967	-7.806089
Slc9a9	-13.618121	-10.164243
Chst2	-11.74852	-8.2946415
U2surp	-10.616692	-7.1628137
Paqr9	-16.480322	-13.0264435
Pcolce2	-10.6647005	-7.2108226
Trpc1	-12.169523	-8.715645
Pls1	-17.17347	-13.719591
Atr	-13.079125	-9.625247
Gm16794	-16.074858	-12.620979
Xrn1	-11.411418	-7.95754
Gk5	-12.869405	-9.415526
Tfdp2	-11.23067	-7.776792
Atp1b3	-9.950173	-6.4962955
BC043934	-14.6085205	-11.154642
Rnf7	-10.328654	-6.8747764
Rasa2	-11.531563	-8.077684
Zbtb38	-10.262719	-6.808841
A930006L05Rik	-17.17347	-13.719591
Pxylp1	-13.841265	-10.387386
Spsb4	-14.128947	-10.675069
Gm19325	-14.6085205	-11.154642
Slc25a36	-11.880165	-8.426287
Gm16185	-17.17347	-13.719591
Clstn2	-16.480322	-13.0264435
Nmnat3	-15.227559	-11.773681
Rbp1	-9.304832	-5.8509545
Rbp2	-15.38171	-11.927832
4930579K19Rik	-15.564032	-12.110153
Copb2	-10.615272	-7.1613936
Mrps22	-12.684834	-9.230955
Gm37637	-16.480322	-13.0264435
Faim	-12.77902	-9.325142
Pik3cb	-12.568299	-9.114421
Cep70	-13.707733	-10.253855
Mras	-11.816883	-8.363005
Armc8	-12.203656	-8.749778
Dbr1	-13.113027	-9.659148
Dzip1l	-12.419879	-8.966001
Il20rb	-16.480322	-13.0264435
Nck1	-11.90047	-8.446591
Gm28586	-17.17347	-13.719591
Slc35g2	-15.38171	-11.927832
Stag1	-11.08216	-7.628282
Pccb	-12.394346	-8.940468
Msl2	-12.020178	-8.566299
Ppp2r3a	-12.002986	-8.549108
Gm29521	-17.17347	-13.719591
Ephb1	-13.647109	-10.193231
Ky	-12.491339	-9.03746
Cep63	-12.385978	-8.932099
Anapc13	-10.562774	-7.108896
Amotl2	-11.684532	-8.230654
Ryk	-10.893074	-7.439196
Slco2a1	-13.772272	-10.318394
Rab6b	-12.9107895	-9.456911
Srprb	-12.183037	-8.729158
Trf	-14.46542	-11.011541
1300017J02Rik	-17.17347	-13.719591
Topbp1	-13.046335	-9.592457
Cdv3	-10.719845	-7.265967
Bfsp2	-16.074858	-12.620979
Tmem108	-13.589951	-10.136072
Nphp3	-12.999083	-9.545204
Uba5	-11.500146	-8.0462675
Acad11	-13.41227	-9.958391
Dnajc13	-12.176257	-8.722379
Mrpl3	-12.014414	-8.560535
Nudt16	-13.302269	-9.848391
Aste1	-14.082427	-10.628549
Atp2c1	-12.238996	-8.785117
Pik3r4	-12.568299	-9.114421
Col6a6	-12.189863	-8.735985
Glyctk	-16.480322	-13.0264435
Wdr82	-11.937028	-8.48315
Ppm1m	-11.895355	-8.441477
Twf2	-12.446082	-8.992204
Alas1	-12.5290785	-9.0752
Poc1a	-15.0940275	-11.640149
Dusp7	-12.305935	-8.8520565
Rpl29	-9.108519	-5.6546407
Acy1	-14.400881	-10.947002
Abhd14a	-12.014414	-8.560535
Abhd14b	-11.915975	-8.462096
Gm28959	-15.787175	-12.333297
Pcbp4	-12.020178	-8.566299
Gpr62	-17.17347	-13.719591
Parp3	-11.48311	-8.029232
Rrp9	-12.896804	-9.442925
Tex264	-11.74852	-8.2946415
Rad54l2	-12.5290785	-9.0752
Dcaf1	-12.46394	-9.010061
Manf	-10.64844	-7.1945624
Gm37612	-15.787175	-12.333297
Rbm15b	-12.791443	-9.337564
4930524O07Rik	-15.787175	-12.333297
Dock3	-17.17347	-13.719591
Mapkapk3	-15.0940275	-11.640149
Cish	-17.17347	-13.719591
Hemk1	-14.6085205	-11.154642
Cacna2d2	-14.775575	-11.321696
Tmem115	-12.149589	-8.69571
Cyb561d2	-12.719122	-9.265244
Nprl2	-13.302269	-9.848391
Rassf1	-11.798191	-8.344313
Gm9917	-17.17347	-13.719591
Tusc2	-12.45497	-9.001092
Hyal2	-12.804022	-9.350143
Hyal1	-12.345156	-8.891277
Naa80	-11.942361	-8.488482
Hyal3	-14.775575	-11.321696
Ifrd2	-13.030334	-9.576456
Lsmem2	-14.037975	-10.584097
Gm38150	-17.17347	-13.719591
Sema3b	-12.123613	-8.669735
Gnai2	-9.308281	-5.8544035
Slc38a3	-14.775575	-11.321696
Sema3f	-11.377412	-7.923534
Rbm5	-10.831348	-7.3774705
Rbm6	-11.739747	-8.285869
Mon1a	-13.222226	-9.768348
Mst1r	-15.38171	-11.927832
Traip	-15.787175	-12.333297
Uba7	-15.227559	-11.773681
Inka1	-17.17347	-13.719591
Ip6k1	-11.779842	-8.325964
Gmppb	-12.337188	-8.883309
Rnf123	-12.510031	-9.056152
Amigo3	-17.17347	-13.719591
Apeh	-12.754629	-9.300751
Dag1	-10.1443815	-6.6905036
Nicn1	-12.025975	-8.572097
Amt	-14.229031	-10.775152
Tcta	-11.865202	-8.411324
Rhoa	-9.534789	-6.0809116
Gm37401	-16.480322	-13.0264435
Gpx1	-8.887199	-5.433322
Usp4	-12.07972	-8.625841
Gm37963	-17.17347	-13.719591
1700102P08Rik	-16.074858	-12.620979
Ccdc36	-16.480322	-13.0264435
Klhdc8b	-11.507043	-8.0531645
Ccdc71	-12.816761	-9.362883
Lamb2	-9.657036	-6.2031584
Usp19	-11.632206	-8.178328
Qars	-11.953114	-8.499235
Qrich1	-12.260815	-8.806936
Impdh2	-11.556699	-8.10282
Ndufaf3	-11.816883	-8.363005
4833445I07Rik	-15.0940275	-11.640149
Dalrd3	-12.419879	-8.966001
Wdr6	-11.812178	-8.358299
P4htm	-12.5290785	-9.0752
Gm38163	-17.17347	-13.719591
Arih2	-12.696133	-9.242254
Slc25a20	-13.647109	-10.193231
Prkar2a	-10.601187	-7.147309
Ip6k2	-12.136517	-8.682638
Nckipsd	-13.995416	-10.541537
Slc26a6	-13.995416	-10.541537
Tmem89	-17.17347	-13.719591
Uqcrc1	-10.813895	-7.3600173
Col7a1	-17.17347	-13.719591
Pfkfb4	-14.6085205	-11.154642
Shisa5	-11.52098	-8.0671015
Atrip	-12.896804	-9.442925
Tma7	-10.230347	-6.7764688
Ccdc51	-14.037975	-10.584097
Gm7628	-17.17347	-13.719591
Plxnb1	-13.062595	-9.608717
Nme6	-13.41227	-9.958391
Cdc25a	-13.130418	-9.676539
Map4	-10.919641	-7.4657626
Dhx30	-11.885202	-8.431324
Smarcc1	-11.535115	-8.081237
Cspg5	-16.074858	-12.620979
Elp6	-14.037975	-10.584097
Scap	-12.719122	-9.265244
Ptpn23	-12.968777	-9.514898
Klhl18	-13.323322	-9.869444
Kif9	-16.074858	-12.620979
Setd2	-11.262672	-7.8087945
Nradd	-12.9107895	-9.456911
Nbeal2	-15.564032	-12.110153
Ccdc12	-11.284592	-7.8307137
Pth1r	-12.77902	-9.325142
Tmie	-15.38171	-11.927832
Als2cl	-16.480322	-13.0264435
Ccrl2	-12.9393635	-9.485485
Lrrfip2	-11.389645	-7.9357667
Mlh1	-13.841265	-10.387386
Epm2aip1	-12.020178	-8.566299
Dclk3	-16.074858	-12.620979
Stac	-13.4358	-9.981921
Arpp21	-14.534412	-11.080534
2900079G21Rik	-17.17347	-13.719591
AU023762	-17.17347	-13.719591
Gm36745	-17.17347	-13.719591
Pdcd6ip	-11.055372	-7.6014943
Clasp2	-11.784398	-8.33052
Ubp1	-11.850459	-8.396581
Fbxl2	-13.302269	-9.848391
Gm47950	-16.480322	-13.0264435
Susd5	-10.157757	-6.703879
4930520O04Rik	-13.302269	-9.848391
Crtap	-10.956863	-7.5029855
Glb1	-12.730819	-9.27694
Tmppe	-15.227559	-11.773681
Cnot10	-11.757369	-8.303491
Dync1li1	-11.284592	-7.8307137
Cmtm6	-12.268195	-8.814317
Cmtm7	-12.189863	-8.735985
Gm9888	-17.17347	-13.719591
Cmtm8	-13.676962	-10.2230835
Gpd1l	-12.869405	-9.415526
Osbpl10	-16.074858	-12.620979
Rps27rt	-12.855982	-9.402103
Stt3b	-11.217632	-7.7637544
Tgfbr2	-11.469687	-8.015809
Rbms3	-10.322285	-6.868407
Gm17396	-14.46542	-11.011541
Gm26614	-14.229031	-10.775152
Zcwpw2	-16.480322	-13.0264435
Azi2	-11.48989	-8.036012
Cmc1	-12.329283	-8.875404
Gm17399	-17.17347	-13.719591
Golga4	-10.929302	-7.4754243
Gm45897	-17.17347	-13.719591
Itga9	-9.435417	-5.9815392
Gm2415	-13.5625515	-10.108673
Ctdspl	-10.469055	-7.0151772
Vill	-17.17347	-13.719591
Plcd1	-11.826362	-8.372483
Dlec1	-17.17347	-13.719591
Oxsr1	-12.402785	-8.948907
Myd88	-12.999083	-9.545204
Acaa1a	-11.150022	-7.6961436
Acvr2b	-13.261447	-9.807569
Exog	-13.995416	-10.541537
Gm2449	-17.17347	-13.719591
Wdr48	-12.305935	-8.8520565
Cx3cr1	-17.17347	-13.719591
Gorasp1	-13.203177	-9.749299
Csrnp1	-12.9393635	-9.485485
1700019L13Rik	-14.976245	-11.522367
Gm47043	-17.17347	-13.719591
Gm49427	-15.38171	-11.927832
Xirp1	-11.921196	-8.467318
Ccr8	-16.480322	-13.0264435
Slc25a38	-12.558349	-9.10447
Rpsa	-8.493307	-5.0394297
Myrip	-16.480322	-13.0264435
D830035M03Rik	-15.0940275	-11.640149
Eif1b	-10.745364	-7.2914863
Rpl14	-8.731431	-5.277553
Gm39459	-16.480322	-13.0264435
Gm34425	-16.074858	-12.620979
Gm39460	-16.480322	-13.0264435
Ctnnb1	-9.959702	-6.5058236
Ulk4	-14.128947	-10.675069
Trak1	-12.238996	-8.785117
Cck	-15.38171	-11.927832
Lyzl4	-16.480322	-13.0264435
Vipr1	-17.17347	-13.719591
Sec22c	-13.772272	-10.318394
Ss18l2	-11.739747	-8.285869
Nktr	-10.766589	-7.3127112
E530011L22Rik	-14.46542	-11.011541
Zfp651	-11.628292	-8.174414
Klhl40	-17.17347	-13.719591
Ccdc13	-17.17347	-13.719591
Higd1a	-10.001813	-6.547935
Ackr2	-15.787175	-12.333297
1700048O20Rik	-15.0940275	-11.640149
Gask1a	-14.775575	-11.321696
Pomgnt2	-12.77902	-9.325142
Snrk	-11.356359	-7.9024806
Gm47121	-16.480322	-13.0264435
Ano10	-12.002986	-8.549108
Gm26797	-14.688563	-11.234685
Abhd5	-12.598759	-9.14488
Tcaim	-13.113027	-9.659148
Zfp445	-11.517478	-8.0636
Gm47140	-16.480322	-13.0264435
A530083I20Rik	-16.480322	-13.0264435
Zkscan7	-14.283098	-10.82922
Zfp105	-13.806173	-10.352295
1110059G10Rik	-12.020178	-8.566299
Kif15	-16.480322	-13.0264435
Gm9856	-13.995416	-10.541537
Tmem42	-12.64087	-9.186992
Zdhhc3	-12.253489	-8.79961
Exosc7	-12.143031	-8.689153
Clec3b	-16.480322	-13.0264435
Tmem158	-14.283098	-10.82922
Lars2	-8.737486	-5.2836084
Limd1	-11.831136	-8.377257
Sacm1l	-11.770792	-8.316914
Lztfl1	-11.821611	-8.367733
Gm17021	-17.17347	-13.719591
Fyco1	-11.459737	-8.005858
Gm39469	-13.995416	-10.541537
2010315B03Rik	-13.806173	-10.352295
Ppp2r3d	-12.804022	-9.350143
Ppp1r14c	-11.62051	-8.166632
Plekhg1	-14.283098	-10.82922
Mthfd1l	-14.340256	-10.886377
Akap12	-12.896804	-9.442925
Zbtb2	-13.4358	-9.981921
Gm21781	-15.38171	-11.927832
Rmnd1	-12.968777	-9.514898
Armt1	-13.366807	-9.912929
Esr1	-12.500641	-9.046762
Syne1	-9.736853	-6.2829747
Gm10097	-16.480322	-13.0264435
Fbxo5	-14.46542	-11.011541
Mtrf1l	-12.842736	-9.388858
Rgs17	-14.976245	-11.522367
Cnksr3	-12.231827	-8.777948
Lrp11	-15.227559	-11.773681
Pcmt1	-11.147604	-7.693726
Nup43	-13.995416	-10.541537
Lats1	-11.850459	-8.396581
Katna1	-12.28312	-8.829242
Ginm1	-10.622389	-7.168511
B430219N15Rik	-17.17347	-13.719591
Ppil4	-11.377412	-7.923534
Zc3h12d	-17.17347	-13.719591
Tab2	-11.374377	-7.9204993
Ust	-12.110874	-8.656996
Gm48654	-17.17347	-13.719591
Sash1	-11.100425	-7.646547
Gm26674	-17.17347	-13.719591
Gm48727	-14.340256	-10.886377
Samd5	-14.688563	-11.234685
Stxbp5	-13.046335	-9.592457
Rab32	-13.5625515	-10.108673
Shprh	-12.014414	-8.560535
Gm16577	-17.17347	-13.719591
4930432B10Rik	-15.787175	-12.333297
Fbxo30	-10.035397	-6.5815187
Epm2a	-13.484591	-10.030712
Utrn	-9.911543	-6.457665
B230208H11Rik	-14.976245	-11.522367
Stx11	-15.0940275	-11.640149
Sf3b5	-10.745364	-7.2914863
Plagl1	-14.775575	-11.321696
Ltv1	-12.742653	-9.2887745
Phactr2	-11.344524	-7.8906465
Fuca2	-13.995416	-10.541537
Pex3	-12.500641	-9.046762
Adat2	-13.806173	-10.352295
Aig1	-11.905611	-8.451733
Hivep2	-11.338658	-7.8847804
Adgrg6	-15.564032	-12.110153
Vta1	-12.037671	-8.583793
Cited2	-10.852701	-7.3988233
Gm20655	-14.283098	-10.82922
Txlnb	-13.261447	-9.807569
Heca	-11.6804085	-8.22653
Abracl	-10.654323	-7.2004447
Reps1	-12.953961	-9.500083
Ect2l	-14.46542	-11.011541
Ccdc28a	-12.896804	-9.442925
Gm10827	-16.074858	-12.620979
Nhsl1	-15.0940275	-11.640149
Hebp2	-14.082427	-10.628549
Perp	-12.238996	-8.785117
Tnfaip3	-14.870885	-11.4170065
Ifngr1	-11.542257	-8.088379
Slc35d3	-17.17347	-13.719591
Pex7	-12.57835	-9.124472
Map3k5	-11.969462	-8.515584
Map7	-13.41227	-9.958391
Gm48249	-16.480322	-13.0264435
4933406P04Rik	-15.564032	-12.110153
Bclaf1	-10.525781	-7.0719028
Pde7b	-16.480322	-13.0264435
Ahi1	-11.991686	-8.537807
Hbs1l	-12.437271	-8.983393
Sgk1	-10.340438	-6.88656
E030030I06Rik	-14.6085205	-11.154642
Slc2a12	-13.323322	-9.869444
Tbpl1	-12.519509	-9.065631
Rps12	-8.154895	-4.7010174
Slc18b1	-13.38928	-9.935402
Vnn3	-17.17347	-13.719591
Vnn1	-14.775575	-11.321696
Stx7	-11.377412	-7.923534
Gm15271	-15.564032	-12.110153
Gm15270	-12.260815	-8.806936
Ccn2	-8.098491	-4.644613
Enpp1	-11.380456	-7.926578
Enpp3	-11.752934	-8.299056
Med23	-12.791443	-9.337564
Arg1	-16.480322	-13.0264435
Gm47715	-17.17347	-13.719591
Akap7	-12.313657	-8.859778
Epb41l2	-11.571351	-8.117473
L3mbtl3	-12.9107895	-9.456911
Arhgap18	-14.534412	-11.080534
Lama2	-10.63533	-7.1814523
4930579H20Rik	-16.480322	-13.0264435
Ptprk	-12.305935	-8.8520565
9330159F19Rik	-15.38171	-11.927832
Gm46218	-15.0940275	-11.640149
Echdc1	-12.953961	-9.500083
Rnf146	-11.845593	-8.391715
Rspo3	-11.273572	-7.819694
Gm48159	-17.17347	-13.719591
Gm48215	-17.17347	-13.719591
Cenpw	-12.924974	-9.471096
Trmt11	-13.166137	-9.712258
Gm20300	-12.9393635	-9.485485
Hint3	-11.701199	-8.24732
Ncoa7	-11.632206	-8.178328
Hey2	-13.148118	-9.69424
Hddc2	-12.419879	-8.966001
Tpd52l1	-12.7075615	-9.253683
Rnf217	-12.290668	-8.836789
Zup1	-12.2247095	-8.770831
A830082N09Rik	-14.976245	-11.522367
Rwdd1	-10.357829	-6.903951
Gm48045	-16.480322	-13.0264435
Trappc3l	-17.17347	-13.719591
Calhm5	-11.254576	-7.800698
Dse	-11.705409	-8.251531
Gm26564	-17.17347	-13.719591
Tspyl1	-11.446622	-7.992744
Nt5dc1	-13.079125	-9.625247
Gm47512	-16.480322	-13.0264435
Tspyl4	-12.472989	-9.019111
Col10a1	-15.227559	-11.773681
Frk	-13.046335	-9.592457
Amd2	-15.564032	-12.110153
Hs3st5	-16.480322	-13.0264435
Hdac2	-11.6013155	-8.147437
Marcks	-13.130418	-9.676539
Lama4	-11.335739	-7.881861
Fam229b	-14.082427	-10.628549
Tube1	-16.074858	-12.620979
Fyn	-13.5625515	-10.108673
Gm16364	-15.787175	-12.333297
Gm16364-1	-14.340256	-10.886377
Traf3ip2	-13.4358	-9.981921
E130307A14Rik	-13.459897	-10.006019
Rev3l	-11.947722	-8.493844
Mfsd4b4	-14.400881	-10.947002
4930547M16Rik	-17.17347	-13.719591
Mfsd4b1	-17.17347	-13.719591
Slc16a10	-12.482121	-9.028243
Rpf2	-12.968777	-9.514898
Gtf3c6	-12.238996	-8.785117
Amd1	-12.437271	-8.983393
Cdk19	-12.953961	-9.500083
Ddo	-13.509908	-10.056029
Mettl24	-11.865202	-8.411324
Cdc40	-11.197119	-7.743241
Wasf1	-13.739482	-10.285604
Fig4	-13.130418	-9.676539
Zbtb24	-13.222226	-9.768348
Mical1	-11.779842	-8.325964
Smpd2	-12.353188	-8.899309
Ppil6	-14.688563	-11.234685
Cd164	-10.898707	-7.4448295
Ccdc162	-15.564032	-12.110153
Cep57l1	-12.968777	-9.514898
Sesn1	-11.392726	-7.938848
Armc2	-13.806173	-10.352295
1700016J18Rik	-17.17347	-13.719591
Foxo3	-11.356359	-7.9024806
Afg1l	-13.915373	-10.461494
Snx3	-10.353453	-6.8995748
Ostm1	-13.302269	-9.848391
Sec63	-10.942988	-7.4891105
Scml4	-17.17347	-13.719591
Gm34006	-15.564032	-12.110153
Sobp	-11.073151	-7.6192727
Gm29246	-16.074858	-12.620979
9030612E09Rik	-14.775575	-11.321696
Pdss2	-13.535883	-10.082005
Bend3	-14.6085205	-11.154642
Gm9803	-14.775575	-11.321696
1700021F05Rik	-12.394346	-8.940468
Cd24a	-15.564032	-12.110153
Qrsl1	-13.995416	-10.541537
Rtn4ip1	-14.775575	-11.321696
Crybg1	-13.915373	-10.461494
Atg5	-11.921196	-8.467318
Prep	-13.323322	-9.869444
Popdc3	-17.17347	-13.719591
Bves	-13.366807	-9.912929
Hace1	-13.062595	-9.608717
Ascc3	-11.453157	-7.9992795
Vgll2	-17.17347	-13.719591
Dcbld1	-14.283098	-10.82922
Gopc	-12.437271	-8.983393
Nus1	-11.6804085	-8.22653
Slc35f1	-17.17347	-13.719591
Cep85l	-12.730819	-9.27694
Pln	-14.870885	-11.4170065
Gm47644	-14.46542	-11.011541
Mcm9	-13.4358	-9.981921
Asf1a	-11.969462	-8.515584
Fam184a	-16.074858	-12.620979
Man1a	-13.166137	-9.712258
Tbc1d32	-13.41227	-9.958391
Msl3l2	-13.222226	-9.768348
Gja1	-10.362226	-6.9083476
Gm48053	-13.877633	-10.423755
Gm40652	-17.17347	-13.719591
Hsf2	-12.9107895	-9.456911
Serinc1	-10.176788	-6.7229104
Smpdl3a	-10.5763235	-7.1224456
Gcc2	-11.545849	-8.09197
Lims1	-11.350424	-7.896546
Ranbp2	-11.048786	-7.594908
Ccdc138	-14.229031	-10.775152
Sh3rf3	-14.037975	-10.584097
Sept10	-13.323322	-9.869444
Sowahc	-13.915373	-10.461494
P4ha1	-11.4051485	-7.9512706
Mcu	-13.28165	-9.827771
Micu1	-12.568299	-9.114421
Dnajb12	-12.428537	-8.974659
Ddit4	-11.656016	-8.202138
Anapc16	-10.854502	-7.400624
Ascc1	-12.231827	-8.777948
Spock2	-11.632206	-8.178328
Chst3	-12.123613	-8.669735
Psap	-8.961987	-5.5081086
Vsir	-14.46542	-11.011541
Gm17455	-14.870885	-11.4170065
Slc29a3	-12.76675	-9.312872
Unc5b	-12.305935	-8.8520565
Pcbd1	-15.564032	-12.110153
Sgpl1	-13.366807	-9.912929
Adamts14	-15.787175	-12.333297
Pald1	-13.806173	-10.352295
Eif4ebp2	-11.6804085	-8.22653
Gm48086	-16.480322	-13.0264435
D830039M14Rik	-17.17347	-13.719591
Lrrc20	-13.589951	-10.136072
Ppa1	-12.15619	-8.7023115
Sar1a	-10.956863	-7.5029855
Tysnd1	-12.77902	-9.325142
Aifm2	-13.509908	-10.056029
H2afy2	-12.651681	-9.197803
Fam241b	-15.787175	-12.333297
Tspan15	-15.787175	-12.333297
Hk1	-12.067524	-8.613646
Hk1os	-16.074858	-12.620979
Supv3l1	-13.841265	-10.387386
Vps26a	-11.958533	-8.504655
Srgn	-13.509908	-10.056029
Kif1bp	-11.99732	-8.543442
4933428P19Rik	-16.480322	-13.0264435
Ddx21	-11.85535	-8.401471
Ddx50	-10.883754	-7.429876
Stox1	-16.074858	-12.620979
Ccar1	-11.057577	-7.603699
Tet1	-12.130044	-8.676166
Slc25a16	-12.568299	-9.114421
Dna2	-15.38171	-11.927832
Rufy2	-12.598759	-9.14488
Hnrnph3	-11.276316	-7.822438
Pbld2	-16.074858	-12.620979
Herc4	-12.609121	-9.155243
Sirt1	-12.253489	-8.79961
Dnajc12	-13.915373	-10.461494
Ctnna3	-13.014586	-9.560708
Lrrtm3	-11.027141	-7.5732627
Reep3	-10.685785	-7.2319074
Jmjd1c	-11.628292	-8.174414
Nrbf2	-12.491339	-9.03746
Egr2	-14.688563	-11.234685
Ado	-12.7075615	-9.253683
Zfp365	-12.472989	-9.019111
Rtkn2	-17.17347	-13.719591
Arid5b	-9.508184	-6.054307
Cabcoco1	-13.184485	-9.730607
Tmem26	-11.915975	-8.462096
Rhobtb1	-11.713884	-8.260006
A930033H14Rik	-13.806173	-10.352295
Cdk1	-16.480322	-13.0264435
Ank3	-15.787175	-12.333297
Ccdc6	-12.189863	-8.735985
Mrln	-16.480322	-13.0264435
Slc16a9	-14.46542	-11.011541
Fam13c	-11.11903	-7.665152
Phyhipl	-17.17347	-13.719591
Gm48022	-17.17347	-13.719591
Bicc1	-13.772272	-10.318394
Gm48025	-17.17347	-13.719591
Tfam	-12.428537	-8.974659
Ube2d1	-12.196735	-8.742857
Cisd1	-10.948911	-7.495033
Ipmk	-13.4358	-9.981921
Zwint	-11.826362	-8.372483
Rsph14	-17.17347	-13.719591
Gnaz	-13.4358	-9.981921
Rab36	-14.128947	-10.675069
Bcr	-12.014414	-8.560535
Specc1l	-11.324144	-7.8702664
Adora2a	-16.074858	-12.620979
Gucd1	-12.754629	-9.300751
Upb1	-14.46542	-11.011541
Snrpd3	-10.870851	-7.4169726
Lrrc75b	-13.261447	-9.807569
Ggt1	-17.17347	-13.719591
Ggt5	-16.480322	-13.0264435
Susd2	-14.128947	-10.675069
Cabin1	-12.353188	-8.899309
Ddt	-11.010155	-7.556277
Gstt3	-12.437271	-8.983393
Gstt1	-11.164657	-7.7107787
Gstt4	-17.17347	-13.719591
Gstt2	-12.500641	-9.046762
Mif	-10.496387	-7.0425086
Derl3	-17.17347	-13.719591
Smarcb1	-11.701199	-8.24732
Mmp11	-13.28165	-9.827771
Chchd10	-13.28165	-9.827771
Zfp280b	-14.082427	-10.628549
Prmt2	-12.519509	-9.065631
S100b	-13.954594	-10.500715
Dip2a	-12.76675	-9.312872
Pcnt	-12.037671	-8.583793
2610028H24Rik	-17.17347	-13.719591
Ybey	-13.772272	-10.318394
Mcm3ap	-12.57835	-9.124472
Lss	-13.241644	-9.7877655
Col6a2	-9.503508	-6.0496297
Col6a1	-9.396515	-5.9426374
Gm48276	-17.17347	-13.719591
Pcbp3	-13.241644	-9.7877655
Gm35721	-17.17347	-13.719591
Slc19a1	-13.806173	-10.352295
Col18a1	-8.965523	-5.511645
Gm10941	-14.6085205	-11.154642
Pofut2	-10.6053915	-7.1515136
Adarb1	-11.942361	-8.488482
Fam207a	-12.791443	-9.337564
Pttg1ip	-10.581796	-7.127918
Sumo3	-11.194584	-7.740706
Ube2g2	-12.353188	-8.899309
Lrrc3	-14.775575	-11.321696
Cfap410	-13.014586	-9.560708
Pfkl	-11.586221	-8.132342
Icosl	-17.17347	-13.719591
Gatd3a	-11.757369	-8.303491
Pwp2	-14.037975	-10.584097
Trappc10	-11.942361	-8.488482
Gm30122	-15.38171	-11.927832
Agpat3	-11.589973	-8.136095
Rrp1	-10.878203	-7.4243255
Cstb	-10.891203	-7.437325
4921516A02Rik	-16.074858	-12.620979
Pdxk	-12.482121	-9.028243
Ilvbl	-12.510031	-9.056152
Syde1	-12.15619	-8.7023115
2610008E11Rik	-12.609121	-9.155243
Plpp2	-12.953961	-9.500083
Mier2	-13.618121	-10.164243
C2cd4c	-16.480322	-13.0264435
Shc2	-12.558349	-9.10447
Gm47163	-14.534412	-11.080534
Tpgs1	-11.705409	-8.251531
Cdc34	-12.345156	-8.891277
Gzmm	-16.074858	-12.620979
Bsg	-9.646751	-6.192874
Hcn2	-16.480322	-13.0264435
Polrmt	-13.41227	-9.958391
Fgf22	-16.074858	-12.620979
Rnf126	-12.446082	-8.992204
Fstl3	-10.929302	-7.4754243
Prss57	-14.870885	-11.4170065
Palm	-11.915975	-8.462096
E130317F20Rik	-14.400881	-10.947002
Ptbp1	-11.528023	-8.074144
Med16	-12.66261	-9.208732
R3hdm4	-11.731051	-8.277173
Kiss1r	-16.074858	-12.620979
Arid3a	-14.46542	-11.011541
Wdr18	-12.169523	-8.715645
Tmem259	-11.549452	-8.095573
Cnn2	-10.281843	-6.8279653
Abca7	-14.6085205	-11.154642
Arhgap45	-17.17347	-13.719591
Polr2e	-11.563997	-8.110119
Gpx4	-9.411299	-5.957421
Sbno2	-12.829664	-9.375786
Stk11	-11.212464	-7.7585864
Cbarp	-14.400881	-10.947002
Atp5d	-9.716437	-6.2625594
Midn	-12.162834	-8.708956
Cirbp	-10.97296	-7.5190825
1600002K03Rik	-12.829664	-9.375786
Efna2	-14.400881	-10.947002
Pwwp3a	-12.402785	-8.948907
Ndufs7	-10.459299	-7.005421
Gamt	-11.249214	-7.7953362
Dazap1	-11.775307	-8.321428
Rps15	-8.88947	-5.435592
Apc2	-16.074858	-12.620979
2310011J03Rik	-11.890265	-8.436387
Pcsk4	-15.38171	-11.927832
Adamtsl5	-11.377412	-7.923534
Mex3d	-12.855982	-9.402103
Mbd3	-11.042243	-7.588365
Uqcr11	-9.519026	-6.0651484
Tcf3	-12.491339	-9.03746
Rexo1	-12.002986	-8.549108
Klf16	-14.534412	-11.080534
Abhd17a	-11.270836	-7.816958
Gm29093	-16.480322	-13.0264435
Gm49322	-16.480322	-13.0264435
Csnk1g2	-11.233298	-7.7794204
Btbd2	-12.169523	-8.715645
Mknk2	-11.479737	-8.025859
Mob3a	-12.88301	-9.4291315
Izumo4	-11.937028	-8.48315
Ap3d1	-11.739747	-8.285869
Dot1l	-12.842736	-9.388858
Plekhj1	-11.731051	-8.277173
Sf3a2	-12.394346	-8.940468
Oaz1	-8.693978	-5.2401004
Lsm7	-11.549452	-8.095573
Sppl2b	-12.754629	-9.300751
Tmprss9	-17.17347	-13.719591
Timm13	-10.435317	-6.981439
Lmnb2	-14.082427	-10.628549
Gadd45b	-11.636135	-8.182257
Gng7	-14.870885	-11.4170065
Slc39a3	-12.67366	-9.219782
Sgta	-11.571351	-8.117473
Thop1	-12.953961	-9.500083
Map2k2	-11.005953	-7.552075
Zbtb7a	-11.010155	-7.556277
Pias4	-12.7075615	-9.253683
Eef2	-9.128522	-5.6746445
Dapk3	-11.500146	-8.0462675
Atcayos	-11.931723	-8.477844
Nmrk2	-16.074858	-12.620979
Zfr2	-13.459897	-10.006019
Mrpl54	-11.014374	-7.560496
Apba3	-12.548497	-9.094619
Pip5k1c	-12.2247095	-8.770831
Cactin	-13.062595	-9.608717
Tbxa2r	-11.885202	-8.431324
Gipc3	-13.739482	-10.285604
Hmg20b	-10.764941	-7.3110633
Mfsd12	-14.229031	-10.775152
4930404N11Rik	-15.227559	-11.773681
Fzr1	-12.999083	-9.545204
Dohh	-11.5937395	-8.139861
Gm48552	-17.17347	-13.719591
Smim24	-16.480322	-13.0264435
Nfic	-9.961175	-6.507297
Celf5	-16.074858	-12.620979
Gm16105	-17.17347	-13.719591
Ncln	-12.500641	-9.046762
Gna11	-10.493871	-7.039993
Tle5	-9.610269	-6.156391
Tle2	-13.676962	-10.2230835
Tle6	-15.38171	-11.927832
BC025920	-16.480322	-13.0264435
Sirt6	-13.915373	-10.461494
Ankrd24	-12.999083	-9.545204
Gm10778	-16.074858	-12.620979
Zfp433	-16.480322	-13.0264435
Gm3055	-16.480322	-13.0264435
Gm32687	-16.074858	-12.620979
Zfp781	-16.074858	-12.620979
Zfp873	-13.954594	-10.500715
BC024063	-14.46542	-11.011541
AU041133	-13.302269	-9.848391
Zfp938	-12.500641	-9.046762
Gm4924	-13.841265	-10.387386
1190007I07Rik	-12.66261	-9.208732
Tdg	-12.28312	-8.829242
Glt8d2	-14.6085205	-11.154642
Hcfc2	-12.651681	-9.197803
Nfyb	-11.969462	-8.515584
Txnrd1	-11.802832	-8.348953
Eid3	-16.480322	-13.0264435
Chst11	-12.0435705	-8.589692
Slc41a2	-13.241644	-9.7877655
D10Wsu102e	-12.619593	-9.165714
Aldh1l2	-13.915373	-10.461494
Washc4	-12.210625	-8.756746
Appl2	-13.079125	-9.625247
1500009L16Rik	-11.473026	-8.019148
Nuak1	-11.947722	-8.493844
Gm47962	-15.564032	-12.110153
Ckap4	-10.7167	-7.2628217
Tcp11l2	-12.061481	-8.607603
Gm17249	-15.564032	-12.110153
Polr3b	-13.954594	-10.500715
Ric8b	-12.855982	-9.402103
Tmem263	-11.692831	-8.238953
Mterf2	-13.707733	-10.253855
Cry1	-12.896804	-9.442925
Btbd11	-14.688563	-11.234685
Pwp1	-12.983815	-9.529937
Prdm4	-13.739482	-10.285604
Ascl4	-17.17347	-13.719591
Rtcb	-11.560342	-8.106463
Fbxo7	-13.5625515	-10.108673
Syn3	-11.90047	-8.446591
Timp3	-8.124707	-4.6708293
Hsp90b1	-8.87892	-5.425042
Gm15344	-16.480322	-13.0264435
Ttc41	-15.787175	-12.333297
Nt5dc3	-12.804022	-9.350143
Stab2	-16.480322	-13.0264435
Igf1os	-17.17347	-13.719591
Igf1	-12.855982	-9.402103
Nup37	-13.676962	-10.2230835
Washc3	-11.831136	-8.377257
Dram1	-12.361285	-8.907407
Gnptab	-12.64087	-9.186992
Chpt1	-10.142612	-6.6887345
Arl1	-10.362226	-6.9083476
Utp20	-13.241644	-9.7877655
Ano4	-17.17347	-13.719591
Gas2l3	-17.17347	-13.719591
Scyl2	-12.9393635	-9.485485
1500026H17Rik	-13.589951	-10.136072
Actr6	-12.719122	-9.265244
Uhrf1bp1l	-11.48311	-8.029232
Apaf1	-13.647109	-10.193231
Ikbip	-10.845532	-7.3916545
Slc25a3	-9.60975	-6.155872
Tmpo	-11.788975	-8.335096
Gm31592	-17.17347	-13.719591
Rmst	-17.17347	-13.719591
Nedd1	-12.791443	-9.337564
Cfap54	-17.17347	-13.719591
Cdk17	-12.896804	-9.442925
Elk3	-12.568299	-9.114421
Lta4h	-12.025975	-8.572097
Snrpf	-10.588678	-7.1348004
Ntn4	-13.707733	-10.253855
Gm15915	-17.17347	-13.719591
Metap2	-10.444841	-6.9909635
Vezt	-12.419879	-8.966001
Fgd6	-13.954594	-10.500715
Nr2c1	-13.095932	-9.642054
Ndufa12	-10.43295	-6.979072
Tmcc3	-11.571351	-8.117473
Gm16155	-16.480322	-13.0264435
Cep83os	-14.283098	-10.82922
Cep83	-12.321439	-8.86756
Plxnc1	-15.38171	-11.927832
Cradd	-13.113027	-9.659148
Gm48882	-14.340256	-10.886377
Socs2	-11.259967	-7.806089
5730420D15Rik	-16.480322	-13.0264435
Mrpl42	-10.817362	-7.363484
Ube2n	-10.688834	-7.2349563
Nudt4	-8.200751	-4.746874
Gm47708	-16.074858	-12.620979
4732465J04Rik	-16.074858	-12.620979
Gm33543	-14.46542	-11.011541
Gm47725	-14.6085205	-11.154642
Eea1	-10.427057	-6.9731793
Btg1	-10.623818	-7.1699405
Dcn	-10.795043	-7.341165
Lum	-11.044419	-7.5905414
Epyc	-15.38171	-11.927832
Gm10754	-17.17347	-13.719591
Atp2b1	-10.688834	-7.2349563
Gm48768	-14.46542	-11.011541
Poc1b	-13.148118	-9.69424
Galnt4	-13.535883	-10.082005
Dusp6	-13.130418	-9.676539
Gm34921	-17.17347	-13.719591
Gm48089	-17.17347	-13.719591
Kitl	-11.713884	-8.260006
Tmtc3	-12.231827	-8.777948
Cep290	-12.123613	-8.669735
4930430F08Rik	-12.696133	-9.242254
Gm47956	-17.17347	-13.719591
Gm47101	-14.775575	-11.321696
Rassf9	-14.870885	-11.4170065
Tmtc2	-10.326527	-6.8726487
Gm15663	-12.953961	-9.500083
Mettl25	-13.954594	-10.500715
Ccdc59	-10.841968	-7.3880897
Ppfia2	-14.082427	-10.628549
Acss3	-13.014586	-9.560708
Lin7a	-15.38171	-11.927832
Otogl	-16.074858	-12.620979
Ppp1r12a	-8.890986	-5.4371085
Pawr	-10.583168	-7.12929
Gm36283	-16.074858	-12.620979
Nav3	-16.480322	-13.0264435
E2f7	-16.480322	-13.0264435
Csrp2	-7.7722607	-4.318383
Zdhhc17	-12.696133	-9.242254
Osbpl8	-12.061481	-8.607603
Bbs10	-14.534412	-11.080534
Nap1l1	-10.001045	-6.5471673
Phlda1	-11.74852	-8.2946415
Krr1	-12.067524	-8.613646
Glipr1	-12.27563	-8.821752
Caps2	-15.564032	-12.110153
Kcnc2	-16.480322	-13.0264435
Atxn7l3b	-10.174047	-6.7201695
Gm31182	-17.17347	-13.719591
Tbc1d15	-11.664082	-8.210203
Rab21	-10.745364	-7.2914863
Tmem19	-12.64087	-9.186992
Thap2	-11.779842	-8.325964
Zfc3h1	-12.28312	-8.829242
Lgr5	-13.484591	-10.030712
Tspan8	-13.647109	-10.193231
Ptprb	-13.484591	-10.030712
Cnot2	-12.073603	-8.619724
5330438D12Rik	-14.340256	-10.886377
4930579P08Rik	-14.870885	-11.4170065
Rab3ip	-13.589951	-10.136072
4933412E12Rik	-15.227559	-11.773681
Best3	-16.480322	-13.0264435
Cct2	-10.447236	-6.993358
Frs2	-12.162834	-8.708956
Yeats4	-11.870165	-8.416286
Lyz2	-15.38171	-11.927832
Cpsf6	-11.62051	-8.166632
Gm48903	-17.17347	-13.719591
Gm32141	-17.17347	-13.719591
Cpm	-15.0940275	-11.640149
Mdm2	-11.921196	-8.467318
Slc35e3	-13.806173	-10.352295
Nup107	-13.5625515	-10.108673
Rap1b	-10.852701	-7.3988233
Mdm1	-15.0940275	-11.640149
Dyrk2	-12.15619	-8.7023115
Cand1	-11.798191	-8.344313
Helb	-12.983815	-9.529937
Irak3	-14.128947	-10.675069
Tmbim4	-11.436897	-7.9830194
Llph	-11.545849	-8.09197
Hmga2	-17.17347	-13.719591
Gm48202	-17.17347	-13.719591
Msrb3	-10.20274	-6.748862
Gm15910	-14.870885	-11.4170065
Gm4473	-14.976245	-11.522367
Lemd3	-12.924974	-9.471096
Wif1	-11.215045	-7.761167
Tbc1d30	-14.976245	-11.522367
Gns	-11.456442	-8.002563
Rassf3	-10.636778	-7.1829
Tbk1	-12.329283	-8.875404
Xpot	-12.510031	-9.056152
BC048403	-14.976245	-11.522367
Srgap1	-15.227559	-11.773681
Rxylt1	-11.359339	-7.905461
Ppm1h	-13.484591	-10.030712
Gm36208	-17.17347	-13.719591
Mon2	-11.5105095	-8.056631
Usp15	-11.389645	-7.9357667
Gm4129	-15.564032	-12.110153
Slc16a7	-11.652009	-8.198131
Lrig3	-11.840751	-8.386872
Atp23	-13.739482	-10.285604
Gm49335	-17.17347	-13.719591
Ctdsp2	-10.572239	-7.118361
Tsfm	-12.361285	-8.907407
Eef1akmt3	-16.480322	-13.0264435
Mettl1	-12.385978	-8.932099
March9	-13.806173	-10.352295
Cdk4	-11.486494	-8.032616
Tspan31	-11.713884	-8.260006
A730063M14Rik	-13.739482	-10.285604
Agap2	-15.787175	-12.333297
Os9	-11.6013155	-8.147437
B4galnt1	-16.074858	-12.620979
Slc26a10	-16.074858	-12.620979
Arhgef25	-11.025002	-7.5711236
Dtx3	-11.301352	-7.8474736
F420014N23Rik	-14.976245	-11.522367
Pip4k2c	-12.149589	-8.69571
Kif5a	-16.480322	-13.0264435
Dctn2	-10.620961	-7.1670833
Mbd6	-12.719122	-9.265244
Gm20492	-16.480322	-13.0264435
Gm4189	-15.0940275	-11.640149
Ddit3	-11.571351	-8.117473
Mars	-12.53874	-9.084862
Gli1	-13.459897	-10.006019
R3hdm2	-10.834875	-7.380997
Stac3	-16.074858	-12.620979
Ndufa4l2	-16.074858	-12.620979
Shmt2	-12.953961	-9.500083
Lrp1	-9.832634	-6.378756
Stat6	-12.073603	-8.619724
Nab2	-12.519509	-9.065631
Nemp1	-13.302269	-9.848391
Zbtb39	-14.037975	-10.584097
Prim1	-13.130418	-9.676539
Naca	-8.846227	-5.392349
Ptges3	-10.317008	-6.86313
Gm47438	-16.074858	-12.620979
Atp5b	-9.556202	-6.102324
Baz2a	-12.321439	-8.86756
Rbms2	-11.739747	-8.285869
Gls2	-15.564032	-12.110153
AC135859.1	-17.17347	-13.719591
Spryd4	-13.806173	-10.352295
Stat2	-13.241644	-9.7877655
Pan2	-13.589951	-10.136072
Cnpy2	-10.3382845	-6.8844066
Cs	-11.664082	-8.210203
Coq10a	-12.183037	-8.729158
Ankrd52	-13.5625515	-10.108673
Gm17201	-17.17347	-13.719591
Nabp2	-11.652009	-8.198131
Rnf41	-12.77902	-9.325142
Smarcc2	-11.290147	-7.836269
Myl6	-6.722091	-3.2682137
Myl6b	-14.400881	-10.947002
Esyt1	-11.265387	-7.8115087
Zc3h10	-13.344828	-9.890949
Rpl41	-7.980987	-4.5271096
Pa2g4	-11.053172	-7.599294
Erbb3	-16.480322	-13.0264435
Rps26	-8.797839	-5.3439617
Ikzf4	-13.618121	-10.164243
Suox	-14.128947	-10.675069
Rab5b	-11.365327	-7.911449
Cdk2	-13.589951	-10.136072
Pmel	-17.17347	-13.719591
Dgka	-13.046335	-9.592457
Pym1	-13.184485	-9.730607
Mmp19	-17.17347	-13.719591
Tmem198b	-14.400881	-10.947002
Dnajc14	-12.394346	-8.940468
Sarnp	-10.59979	-7.1459117
Ormdl2	-13.5625515	-10.108673
Gdf11	-16.074858	-12.620979
Cd63	-8.965523	-5.511645
Rdh5	-12.609121	-9.155243
Bloc1s1	-10.693425	-7.2395473
Itga7	-11.709638	-8.255759
Gm31793	-17.17347	-13.719591
Sfi1	-13.535883	-10.082005
Drg1	-11.807493	-8.353615
Eif4enif1	-11.99732	-8.543442
Patz1	-13.130418	-9.676539
Pik3ip1	-11.775307	-8.321428
Limk2	-13.739482	-10.285604
Rnf185	-13.046335	-9.592457
8430429K09Rik	-13.707733	-10.253855
Inpp5j	-16.074858	-12.620979
Selenom	-9.455229	-6.001351
Smtn	-9.299491	-5.845613
Gm11946	-16.074858	-12.620979
Tug1	-12.104566	-8.650687
Morc2a	-12.337188	-8.883309
Osbp2	-16.480322	-13.0264435
Dusp18	-14.177737	-10.723859
Slc35e4	-12.67366	-9.219782
Tcn2	-11.64008	-8.186202
Pes1	-12.842736	-9.388858
Gal3st1	-16.480322	-13.0264435
Mtfp1	-17.17347	-13.719591
Sec14l2	-14.976245	-11.522367
Rnf215	-12.246216	-8.792337
Ccdc157	-13.366807	-9.912929
Sf3a1	-12.419879	-8.966001
Tbc1d10a	-12.253489	-8.79961
Castor1	-12.64087	-9.186992
Mtmr3	-12.130044	-8.676166
Ascc2	-13.148118	-9.69424
Uqcr10	-9.578585	-6.124707
Zmat5	-11.549452	-8.095573
Nf2	-12.472989	-9.019111
Nipsnap1	-12.999083	-9.545204
Thoc5	-13.38928	-9.935402
Nefh	-17.17347	-13.719591
Ap1b1	-12.924974	-9.471096
Gas2l1	-11.807493	-8.353615
Rasl10a	-15.564032	-12.110153
Ewsr1	-11.075396	-7.6215177
Rhbdd3	-14.037975	-10.584097
Emid1	-13.302269	-9.848391
Kremen1	-12.924974	-9.471096
Znrf3	-12.855982	-9.402103
Gm11963	-16.074858	-12.620979
Xbp1	-11.133215	-7.679337
Ccdc117	-12.619593	-9.165714
Mrps24	-10.580425	-7.1265473
Urgcp	-12.684834	-9.230955
Dbnl	-11.937028	-8.48315
Polm	-13.707733	-10.253855
Aebp1	-9.199625	-5.745747
Pold2	-12.64087	-9.186992
Gm11967	-17.17347	-13.719591
Ykt6	-12.268195	-8.814317
Camk2b	-13.647109	-10.193231
Nudcd3	-10.915802	-7.461924
A730071L15Rik	-17.17347	-13.719591
Ddx56	-12.598759	-9.14488
Tmed4	-11.215045	-7.761167
Ogdh	-10.796742	-7.3428645
Zmiz2	-12.104566	-8.650687
Ppia	-7.8897853	-4.435908
H2afv	-10.155963	-6.702085
Purb	-9.987326	-6.5334477
Snhg15	-14.688563	-11.234685
Ccm2	-12.28312	-8.829242
Nacad	-12.558349	-9.10447
Tbrg4	-13.995416	-10.541537
Ramp3	-17.17347	-13.719591
Adcy1	-14.128947	-10.675069
Igfbp3	-14.6085205	-11.154642
Tns3	-12.66261	-9.208732
Hus1	-13.241644	-9.7877655
Vwc2	-12.9107895	-9.456911
Zpbp	-16.074858	-12.620979
Spata48	-16.480322	-13.0264435
Fignl1	-16.074858	-12.620979
Ddc	-15.564032	-12.110153
Grb10	-12.037671	-8.583793
Cobl	-12.588502	-9.134624
Sec61g	-9.431067	-5.9771895
Egfr	-12.15619	-8.7023115
Egfros	-16.074858	-12.620979
Eldr	-16.480322	-13.0264435
Plek	-15.564032	-12.110153
Cnrip1	-12.588502	-9.134624
Ppp3r1	-11.802832	-8.348953
Wdr92	-13.148118	-9.69424
Pno1	-12.742653	-9.2887745
C1d	-11.329926	-7.8760476
Etaa1	-12.568299	-9.114421
Etaa1os	-14.283098	-10.82922
8430419K02Rik	-17.17347	-13.719591
Meis1	-11.766297	-8.312419
Gm16140	-17.17347	-13.719591
Gm16141	-14.976245	-11.522367
Spred2	-12.369449	-8.91557
Actr2	-10.779879	-7.3260007
Gm12031	-17.17347	-13.719591
Rab1a	-10.638228	-7.1843505
Cep68	-12.791443	-9.337564
Slc1a4	-12.5290785	-9.0752
Sertad2	-11.042243	-7.588365
Aftph	-12.149589	-8.69571
Lgalsl	-10.919641	-7.4657626
Peli1	-11.463042	-8.009164
Vps54	-12.411296	-8.9574175
Ugp2	-10.676695	-7.222817
Gm12043	-16.074858	-12.620979
Mdh1	-10.197122	-6.7432437
Wdpcp	-13.589951	-10.136072
Otx1	-17.17347	-13.719591
Ehbp1	-12.730819	-9.27694
Tmem17	-13.954594	-10.500715
B3gnt2	-11.571351	-8.117473
9130230N09Rik	-15.787175	-12.333297
Commd1	-11.109684	-7.655806
Zrsr1	-12.203656	-8.749778
Cct4	-10.786591	-7.3327127
Fam161a	-13.954594	-10.500715
Gm12059	-15.0940275	-11.640149
Xpo1	-11.835932	-8.382053
Usp34	-10.592831	-7.1389527
Ahsa2	-11.616641	-8.162763
1700030C12Rik	-16.480322	-13.0264435
Selenok-ps1	-15.0940275	-11.640149
0610010F05Rik	-12.696133	-9.242254
Pex13	-12.2247095	-8.770831
Pus10	-13.535883	-10.082005
Rel	-12.9107895	-9.456911
Papolg	-13.241644	-9.7877655
Bcl11a	-14.037975	-10.584097
5730522E02Rik	-17.17347	-13.719591
Fancl	-13.806173	-10.352295
Vrk2	-13.148118	-9.69424
Ccdc85a	-13.535883	-10.082005
Efemp1	-13.484591	-10.030712
Pnpt1	-13.28165	-9.827771
A630052C17Rik	-14.400881	-10.947002
Ppp4r3b	-11.368335	-7.914457
Cfap36	-11.207323	-7.753445
Ccdc88a	-10.603988	-7.15011
Prorsd1	-11.5937395	-8.139861
Gm12089	-15.227559	-11.773681
Mtif2	-12.491339	-9.03746
Rps27a	-8.158293	-4.704415
Rtn4	-10.176788	-6.7229104
Eml6	-13.995416	-10.541537
4931440F15Rik	-16.074858	-12.620979
Sptbn1	-9.545925	-6.092047
Gm29237	-16.480322	-13.0264435
Gm8098	-17.17347	-13.719591
4930505A04Rik	-17.17347	-13.719591
Acyp2	-11.202208	-7.7483296
Psme4	-11.327031	-7.873153
Gpr75	-17.17347	-13.719591
Asb3	-12.754629	-9.300751
Erlec1	-11.1143465	-7.6604686
Chac2	-13.014586	-9.560708
Stc2	-13.261447	-9.807569
Bod1	-11.174533	-7.720655
Cpeb4	-11.850459	-8.396581
Snrnp25	-12.924974	-9.471096
Rhbdf1	-12.598759	-9.14488
Nprl3	-12.983815	-9.529937
Mpg	-12.77902	-9.325142
Hba-a1	-16.074858	-12.620979
Hba-a2	-17.17347	-13.719591
Sh3pxd2b	-11.963984	-8.510105
Ubtd2	-13.241644	-9.7877655
Stk10	-13.915373	-10.461494
Fbxw11	-12.117224	-8.663345
Fgf18	-15.564032	-12.110153
Npm1	-9.447698	-5.99382
Tlx3	-17.17347	-13.719591
Ranbp17	-13.841265	-10.387386
Kcnmb1	-10.521897	-7.0680194
Spdl1	-16.074858	-12.620979
Slit3	-11.6804085	-8.22653
Gm12122	-14.6085205	-11.154642
Pank3	-12.025975	-8.572097
Rars	-11.713884	-8.260006
Wwc1	-14.534412	-11.080534
Mat2b	-11.08897	-7.6350923
Nudcd2	-12.085874	-8.631995
Ccng1	-11.99732	-8.543442
Gabra1	-15.787175	-12.333297
Gabrb2	-16.480322	-13.0264435
Atp10b	-16.074858	-12.620979
Pttg1	-10.995525	-7.5416474
Slu7	-11.688673	-8.234795
C1qtnf2	-11.102732	-7.648854
Ccnjl	-17.17347	-13.719591
Pwwp2a	-12.394346	-8.940468
Ttc1	-11.731051	-8.277173
Adra1b	-13.509908	-10.056029
Gm12153	-17.17347	-13.719591
Ublcp1	-11.276316	-7.822438
Rnf145	-12.67366	-9.219782
4930597A21Rik	-17.17347	-13.719591
Ebf1	-11.380456	-7.926578
Clint1	-11.157312	-7.7034345
Lsm11	-13.618121	-10.164243
Thg1l	-13.954594	-10.500715
Sox30	-17.17347	-13.719591
Gm12166	-17.17347	-13.719591
Adam19	-12.402785	-8.948907
Nipal4	-15.787175	-12.333297
Cyfip2	-14.688563	-11.234685
Med7	-12.253489	-8.79961
Havcr2	-17.17347	-13.719591
Sgcd	-11.389645	-7.9357667
Rack1	-8.954951	-5.501074
Trim41	-12.742653	-9.2887745
Gm12184	-14.688563	-11.234685
Trim7	-14.229031	-10.775152
Irgm1	-13.459897	-10.006019
Gm12185	-17.17347	-13.719591
Psme2b	-14.082427	-10.628549
9930111J21Rik1	-17.17347	-13.719591
Tgtp1	-17.17347	-13.719591
9930111J21Rik2	-11.895355	-8.441477
Ifi47	-14.775575	-11.321696
Zfp62	-12.305935	-8.8520565
Mgat1	-11.560342	-8.106463
Olfr1385	-17.17347	-13.719591
Cnot6	-11.735391	-8.281512
Gfpt2	-15.0940275	-11.640149
Mapk9	-12.143031	-8.689153
Rnf130	-11.284592	-7.8307137
Tbc1d9b	-12.361285	-8.907407
Mrnip	-14.688563	-11.234685
Sqstm1	-10.6676855	-7.2138076
Mgat4b	-12.290668	-8.836789
Gm26542	-17.17347	-13.719591
Maml1	-12.829664	-9.375786
Canx	-10.110421	-6.6565433
Hnrnph1	-10.527079	-7.0732007
Rufy1	-12.238996	-8.785117
Gm12198	-16.480322	-13.0264435
Adamts2	-10.726164	-7.272286
Zfp354c	-12.092065	-8.638186
Zfp879	-15.0940275	-11.640149
Zfp454	-14.534412	-11.080534
Zfp2	-13.676962	-10.2230835
Zfp354b	-14.128947	-10.675069
Zfp354a	-13.366807	-9.912929
BC049762	-16.074858	-12.620979
Clk4	-11.865202	-8.411324
Col23a1	-12.253489	-8.79961
Phykpl	-13.079125	-9.625247
Hnrnpab	-10.414214	-6.960336
Nhp2	-11.875153	-8.421274
Rmnd5b	-12.305935	-8.8520565
N4bp3	-16.074858	-12.620979
D930048N14Rik	-15.564032	-12.110153
0610009B22Rik	-11.986084	-8.532206
Sec24a	-12.437271	-8.983393
Sar1b	-11.207323	-7.753445
Jade2	-13.062595	-9.608717
Cdkn2aipnl	-13.166137	-9.712258
Ube2b	-10.136442	-6.6825643
Cdkl3	-14.082427	-10.628549
Ppp2ca	-10.591444	-7.137566
Skp1a	-10.383372	-6.9294944
Gm12207	-17.17347	-13.719591
Tcf7	-15.564032	-12.110153
Vdac1	-10.750222	-7.2963443
9530068E07Rik	-10.367747	-6.9138694
Hspa4	-10.381125	-6.9272475
Zcchc10	-12.203656	-8.749778
Aff4	-10.238099	-6.784221
Uqcrq	-9.787619	-6.3337407
Shroom1	-14.340256	-10.886377
Sept8	-11.921196	-8.467318
Kif3a	-11.449884	-7.9960065
Il4	-17.17347	-13.719591
Rad50	-11.582482	-8.128604
Irf1	-13.28165	-9.827771
Gm12216	-13.647109	-10.193231
Slc22a5	-14.534412	-11.080534
Slc22a21	-13.995416	-10.541537
Slc22a4	-14.46542	-11.011541
Pdlim4	-10.838415	-7.384537
P4ha2	-11.459737	-8.005858
Acsl6	-14.976245	-11.522367
Fnip1	-11.616641	-8.162763
Rapgef6	-11.486494	-8.032616
Cdc42se2	-12.472989	-9.019111
Lyrm7	-15.0940275	-11.640149
Hint1	-9.449022	-5.995145
Gpx3	-15.564032	-12.110153
Tnip1	-12.869405	-9.415526
Anxa6	-10.180454	-6.7265763
Ccdc69	-12.402785	-8.948907
Gm2a	-11.347469	-7.8935914
Slc36a3os	-15.787175	-12.333297
Slc36a1	-14.688563	-11.234685
Sparc	-6.6807513	-3.2268739
Atox1	-10.243953	-6.790075
G3bp1	-11.062002	-7.6081243
Glra1	-17.17347	-13.719591
Gria1	-14.6085205	-11.154642
Fam114a2	-11.597521	-8.143642
Mfap3	-12.298272	-8.844394
Galnt10	-13.676962	-10.2230835
2010001A14Rik	-12.730819	-9.27694
Sap30l	-11.493297	-8.039418
Larp1	-11.722431	-8.268553
Cnot8	-11.969462	-8.515584
Gemin5	-13.344828	-9.890949
Mrpl22	-12.049505	-8.595627
Igtp	-14.037975	-10.584097
Irgm2	-14.128947	-10.675069
Zfp692	-13.995416	-10.541537
Zfp672	-12.385978	-8.932099
Sh3bp5l	-12.999083	-9.545204
Olfr330	-15.227559	-11.773681
Olfr329-ps	-14.976245	-11.522367
Olfr328	-16.480322	-13.0264435
Olfr224	-13.130418	-9.676539
2210407C18Rik	-9.397354	-5.943476
Olfr323	-15.564032	-12.110153
Trim58	-13.130418	-9.676539
Olfr322	-15.787175	-12.333297
Gm12258	-14.340256	-10.886377
2810021J22Rik	-14.534412	-11.080534
Zfp39	-14.082427	-10.628549
Rnf187	-10.297205	-6.843327
Hist3h2ba	-14.534412	-11.080534
Hist3h2a	-12.519509	-9.065631
Trim17	-17.17347	-13.719591
2310058D17Rik	-17.17347	-13.719591
Trim11	-13.014586	-9.560708
Iba57	-15.0940275	-11.640149
Gjc2	-17.17347	-13.719591
Guk1	-10.87636	-7.422482
2610507I01Rik	-13.459897	-10.006019
Mrpl55	-11.705409	-8.251531
2310033P09Rik	-11.931723	-8.477844
Arf1	-9.883177	-6.429299
Wnt9a	-12.896804	-9.442925
Snap47	-12.238996	-8.785117
Jmjd4	-14.6085205	-11.154642
Zfp867	-14.400881	-10.947002
Zkscan17	-13.095932	-9.642054
4933439C10Rik	-13.739482	-10.285604
Mprip	-10.263717	-6.809839
Flcn	-13.589951	-10.136072
Gm16062	-13.915373	-10.461494
Cops3	-11.597521	-8.143642
Nt5m	-12.829664	-9.375786
Gm12714	-17.17347	-13.719591
Med9os	-14.46542	-11.011541
Med9	-12.369449	-8.91557
Rasd1	-13.302269	-9.848391
Pemt	-15.0940275	-11.640149
Rai1	-12.804022	-9.350143
4930412M03Rik	-16.074858	-12.620979
Srebf1	-12.353188	-8.899309
Tom1l2	-12.183037	-8.729158
Drc3	-15.787175	-12.333297
Atpaf2	-13.261447	-9.807569
Gid4	-11.440128	-7.9862504
Drg2	-12.196735	-8.742857
Myo15	-16.480322	-13.0264435
Alkbh5	-11.374377	-7.9204993
Llgl1	-13.241644	-9.7877655
Flii	-11.251891	-7.798013
Mief2	-14.177737	-10.723859
Top3a	-14.46542	-11.011541
Smcr8	-14.037975	-10.584097
Dhrs7b	-12.53874	-9.084862
Tmem11	-12.196735	-8.742857
Natd1	-12.983815	-9.529937
Map2k3os	-14.082427	-10.628549
Map2k3	-11.395817	-7.941939
Kcnj12	-17.17347	-13.719591
Usp22	-12.428537	-8.974659
Aldh3a1	-15.564032	-12.110153
Aldh3a2	-12.7075615	-9.253683
Gm45605	-15.564032	-12.110153
Rnf112	-15.564032	-12.110153
Mfap4	-8.917381	-5.4635034
Mapk7	-13.915373	-10.461494
B9d1	-12.53874	-9.084862
Epn2	-11.608949	-8.15507
Grap	-15.564032	-12.110153
Prpsap2	-13.166137	-9.712258
Ulk2	-11.38351	-7.9296317
A530017D24Rik	-13.915373	-10.461494
Gm26964	-16.480322	-13.0264435
Akap10	-13.113027	-9.659148
Specc1	-11.287366	-7.833488
Adora2b	-16.480322	-13.0264435
Zswim7	-13.014586	-9.560708
Ttc19	-11.831136	-8.377257
Ncor1	-9.896914	-6.4430356
Pigl	-14.46542	-11.011541
Cenpv	-12.829664	-9.375786
Gm12279	-17.17347	-13.719591
Ubb	-7.8599405	-4.406063
Trpv2	-13.28165	-9.827771
2410006H16Rik	-11.374377	-7.9204993
Lrrc75a	-12.651681	-9.197803
Lrrc75aos2	-15.564032	-12.110153
Mmgt2	-12.07972	-8.625841
Zfp287	-13.323322	-9.869444
Gm27194	-17.17347	-13.719591
Zfp286	-13.459897	-10.006019
Trim16	-13.241644	-9.7877655
Fbxw10	-13.739482	-10.285604
Tvp23b	-11.766297	-8.312419
Tvp23bos	-15.38171	-11.927832
Cdrt4	-16.480322	-13.0264435
Tekt3	-15.38171	-11.927832
Pmp22	-10.075921	-6.622043
Hs3st3b1	-15.227559	-11.773681
Cox10	-13.130418	-9.676539
2810001G20Rik	-12.548497	-9.094619
Hs3st3a1	-14.283098	-10.82922
Elac2	-13.4358	-9.981921
Arhgap44	-11.937028	-8.48315
1700086D15Rik	-15.564032	-12.110153
Myocd	-10.889336	-7.4354577
Gm12295	-15.38171	-11.927832
Map2k4	-12.136517	-8.682638
Zkscan6	-13.739482	-10.285604
Dnah9	-17.17347	-13.719591
Tmem220	-13.222226	-9.768348
Adprm	-12.754629	-9.300751
Sco1	-14.283098	-10.82922
Myh13	-16.480322	-13.0264435
Gas7	-12.598759	-9.14488
Dhrs7c	-15.38171	-11.927832
9130017K11Rik	-17.17347	-13.719591
Stx8	-11.684532	-8.230654
Ntn1	-11.159755	-7.705877
Gm12305	-17.17347	-13.719591
Pik3r5	-15.787175	-12.333297
Pik3r6	-14.340256	-10.886377
Ccdc42os	-13.203177	-9.749299
Ccdc42	-12.77902	-9.325142
Myh10	-9.576073	-6.1221952
Ndel1	-11.528023	-8.074144
Rpl26	-8.164511	-4.7106333
Slc25a35	-13.203177	-9.749299
Rangrf	-12.5290785	-9.0752
Pfas	-15.787175	-12.333297
Ctc1	-13.954594	-10.500715
9330160F10Rik	-14.976245	-11.522367
Borcs6	-12.491339	-9.03746
Tmem107	-12.88301	-9.4291315
Vamp2	-11.053172	-7.599294
Per1	-11.905611	-8.451733
9130213A22Rik	-17.17347	-13.719591
Hes7	-16.074858	-12.620979
Aloxe3	-16.074858	-12.620979
Alox8	-17.17347	-13.719591
Cntrob	-14.400881	-10.947002
Trappc1	-12.049505	-8.595627
Kcnab3	-16.074858	-12.620979
Rnf227	-13.995416	-10.541537
Chd3	-10.025124	-6.5712457
Cyb5d1	-14.46542	-11.011541
Naa38	-11.057577	-7.603699
Tmem88	-15.564032	-12.110153
Kdm6b	-11.449884	-7.9960065
Dnah2	-17.17347	-13.719591
Wrap53	-14.037975	-10.584097
Trp53	-11.90047	-8.446591
Atp1b2	-11.392726	-7.938848
Sat2	-12.924974	-9.471096
Fxr2	-12.067524	-8.613646
Mpdu1	-12.609121	-9.155243
Cd68	-15.564032	-12.110153
Eif4a1	-10.162255	-6.7083774
Senp3	-12.5290785	-9.0752
Tnfsf13os	-14.870885	-11.4170065
Tnfsf13	-12.651681	-9.197803
Tnfsf12	-11.003859	-7.5499806
Polr2a	-11.152446	-7.698568
Zbtb4	-10.791654	-7.3377757
Chrnb1	-13.509908	-10.056029
Fgf11	-13.618121	-10.164243
Spem1	-16.480322	-13.0264435
Nlgn2	-12.804022	-9.350143
Tmem256	-9.90804	-6.454162
Plscr3	-11.980513	-8.526634
Kctd11	-13.954594	-10.500715
Neurl4	-13.148118	-9.69424
Gps2	-12.067524	-8.613646
Eif5a	-9.6891	-6.235223
Ybx2	-17.17347	-13.719591
Slc2a4	-13.241644	-9.7877655
Cldn7	-14.870885	-11.4170065
Elp5	-12.136517	-8.682638
Ctdnep1	-11.870165	-8.416286
Gabarap	-9.375768	-5.92189
Phf23	-12.268195	-8.814317
Dvl2	-13.148118	-9.69424
Acadvl	-11.233298	-7.7794204
Dlg4	-12.651681	-9.197803
Asgr1	-17.17347	-13.719591
Slc16a11	-14.037975	-10.584097
Slc16a13	-14.688563	-11.234685
Bcl6b	-16.480322	-13.0264435
0610010K14Rik	-11.875153	-8.421274
Rnasek	-10.007977	-6.5540986
Alox12	-13.915373	-10.461494
Pelp1	-12.519509	-9.065631
Arrb2	-14.870885	-11.4170065
Med11	-13.535883	-10.082005
Cxcl16	-13.046335	-9.592457
Zmynd15	-16.480322	-13.0264435
Vmo1	-16.074858	-12.620979
Gltpd2	-17.17347	-13.719591
Psmb6	-9.849639	-6.395761
Pld2	-13.166137	-9.712258
Mink1	-12.402785	-8.948907
Chrne	-17.17347	-13.719591
Gm12315	-17.17347	-13.719591
Slc25a11	-11.605125	-8.151247
Rnf167	-11.880165	-8.426287
Pfn1	-8.971261	-5.517383
Gm12319	-17.17347	-13.719591
Eno3	-13.707733	-10.253855
Spag7	-11.233298	-7.7794204
Camta2	-12.321439	-8.86756
Inca1	-15.38171	-11.927832
Kif1c	-11.095827	-7.641949
Zfp3	-14.229031	-10.775152
Rabep1	-11.571351	-8.117473
Gm19967	-14.46542	-11.011541
Nup88	-12.061481	-8.607603
Rpain	-12.176257	-8.722379
C1qbp	-11.535115	-8.081237
Dhx33	-13.676962	-10.2230835
Derl2	-11.860264	-8.406385
Mis12	-12.829664	-9.375786
6330403K07Rik	-12.77902	-9.325142
Pitpnm3	-13.046335	-9.592457
4933427D14Rik	-16.480322	-13.0264435
Gm43951	-16.480322	-13.0264435
Txndc17	-10.512895	-7.0590167
Med31	-11.513988	-8.060109
4930563E22Rik	-14.976245	-11.522367
Slc13a5	-15.787175	-12.333297
Xaf1	-13.079125	-9.625247
Smtnl2	-15.564032	-12.110153
Mybbp1a	-11.697006	-8.243128
Spns2	-17.17347	-13.719591
Ube2g1	-11.775307	-8.321428
Ankfy1	-12.321439	-8.86756
Cyb5d2	-13.647109	-10.193231
Zzef1	-12.217643	-8.763764
Atp2a3	-14.037975	-10.584097
P2rx1	-15.0940275	-11.640149
4732414G09Rik	-14.6085205	-11.154642
Camkk1	-13.5625515	-10.108673
Ncbp3	-12.098296	-8.644418
Itgae	-17.17347	-13.719591
P2rx5	-13.095932	-9.642054
Emc6	-11.398918	-7.94504
Tax1bp3	-11.053172	-7.599294
Ctns	-13.5625515	-10.108673
Shpk	-15.787175	-12.333297
Aspa	-16.480322	-13.0264435
Rap1gap2	-13.28165	-9.827771
Ccdc92b	-16.480322	-13.0264435
Cluh	-12.9393635	-9.485485
Pafah1b1	-9.797587	-6.3437095
Mettl16	-12.085874	-8.631995
Mnt	-12.7075615	-9.253683
Sgsm2	-13.535883	-10.082005
Tsr1	-13.095932	-9.642054
Srr	-13.014586	-9.560708
Smg6	-11.52098	-8.0671015
Ovca2	-15.38171	-11.927832
Dph1	-15.787175	-12.333297
Rtn4rl1	-15.0940275	-11.640149
Rpa1	-12.9107895	-9.456911
Smyd4	-14.283098	-10.82922
Serpinf1	-13.772272	-10.318394
Serpinf2	-17.17347	-13.719591
Wdr81	-13.5625515	-10.108673
Mir22hg	-11.235933	-7.7820554
Tlcd2	-13.806173	-10.352295
Prpf8	-11.38351	-7.9296317
Rilp	-13.589951	-10.136072
Scarf1	-15.564032	-12.110153
Slc43a2	-15.564032	-12.110153
Pitpna	-10.946933	-7.493055
Inpp5k	-12.510031	-9.056152
Myo1c	-10.734119	-7.2802415
Crk	-11.469687	-8.015809
Ywhae	-10.430589	-6.976711
Rph3al	-16.480322	-13.0264435
Rflnb	-13.707733	-10.253855
Vps53	-12.196735	-8.742857
Glod4	-11.942361	-8.488482
Fam57a	-14.976245	-11.522367
Gemin4	-17.17347	-13.719591
Mrm3	-14.128947	-10.675069
Nxn	-12.092065	-8.638186
Timm22	-12.217643	-8.763764
Abr	-12.754629	-9.300751
Gosr1	-12.411296	-8.9574175
Cpd	-11.466359	-8.012481
Tmigd1	-15.227559	-11.773681
Blmh	-11.145191	-7.6913133
Nsrp1	-11.031432	-7.577554
Efcab5	-15.787175	-12.333297
Ssh2	-12.394346	-8.940468
Coro6	-14.775575	-11.321696
Ankrd13b	-13.915373	-10.461494
Git1	-12.924974	-9.471096
Trp53i13	-11.64404	-8.190162
Abhd15	-17.17347	-13.719591
Taok1	-10.542787	-7.0889087
Nufip2	-11.368335	-7.914457
Myo18a	-12.2247095	-8.770831
Gm10277	-17.17347	-13.719591
Pipox	-13.618121	-10.164243
Phf12	-12.002986	-8.549108
Dhrs13os	-16.480322	-13.0264435
Dhrs13	-13.995416	-10.541537
Flot2	-11.718148	-8.26427
Eral1	-13.841265	-10.387386
Fam222b	-12.953961	-9.500083
Traf4	-14.128947	-10.675069
Nek8	-14.340256	-10.886377
Tlcd1	-13.095932	-9.642054
Rpl23a	-9.167102	-5.713224
Rab34	-11.027141	-7.5732627
Proca1	-13.739482	-10.285604
Supt6	-11.329926	-7.8760476
Sdf2	-11.172054	-7.7181764
2610507B11Rik	-11.5105095	-8.056631
Rskr	-16.480322	-13.0264435
Aldoc	-17.17347	-13.719591
Pigs	-12.345156	-8.891277
Unc119	-12.472989	-9.019111
Slc46a1	-15.227559	-11.773681
Sarm1	-16.480322	-13.0264435
Tmem199	-12.76675	-9.312872
Poldip2	-12.110874	-8.656996
Tnfaip1	-11.793572	-8.339694
Ift20	-10.376646	-6.922768
Tmem97	-13.184485	-9.730607
Nlk	-12.651681	-9.197803
Ccnq	-12.437271	-8.983393
Lyrm9	-12.816761	-9.362883
Lgals9	-13.877633	-10.423755
Ksr1	-13.459897	-10.006019
Wsb1	-11.840751	-8.386872
Nf1	-11.826362	-8.372483
Rab11fip4	-15.564032	-12.110153
Utp6	-12.519509	-9.065631
Suz12	-11.496716	-8.042837
Crlf3	-12.77902	-9.325142
Atad5	-13.739482	-10.285604
Tefm	-13.739482	-10.285604
Rnf135	-14.128947	-10.675069
Rhot1	-11.890265	-8.436387
Rhbdl3	-13.806173	-10.352295
5730455P16Rik	-12.196735	-8.742857
Zfp207	-11.398918	-7.94504
Psmd11	-10.931246	-7.477368
Cdk5r1	-15.0940275	-11.640149
Myo1d	-10.956863	-7.5029855
C030013C21Rik	-14.976245	-11.522367
Tmem98	-12.169523	-8.715645
Ccl11	-16.480322	-13.0264435
Cct6b	-16.480322	-13.0264435
Zfp830	-12.049505	-8.595627
Gm11423	-14.775575	-11.321696
Lig3	-13.261447	-9.807569
Rffl	-13.877633	-10.423755
Rad51d	-13.062595	-9.608717
Nle1	-13.509908	-10.056029
Slfn5	-17.17347	-13.719591
Slfn9	-16.480322	-13.0264435
Slfn8	-16.480322	-13.0264435
Slfn3	-15.38171	-11.927832
AA465934	-16.074858	-12.620979
Pex12	-13.772272	-10.318394
Ap2b1	-11.865202	-8.411324
Rasl10b	-12.64087	-9.186992
1700020L24Rik	-17.17347	-13.719591
Mmp28	-17.17347	-13.719591
Taf15	-11.660041	-8.206162
Ccl6	-17.17347	-13.719591
Heatr6	-12.394346	-8.940468
Ddx52	-12.110874	-8.656996
Synrg	-11.3155365	-7.8616586
Dusp14	-12.246216	-8.792337
Tada2a	-12.64087	-9.186992
Acaca	-12.313657	-8.859778
Aatf	-13.166137	-9.712258
Mrm1	-14.229031	-10.775152
Dhrs11	-13.995416	-10.541537
Ggnbp2	-11.220226	-7.7663484
Pigw	-15.227559	-11.773681
Myo19	-14.400881	-10.947002
Znhit3	-12.337188	-8.883309
Usp32	-12.298272	-8.844394
Appbp2	-11.53868	-8.084802
Appbp2os	-17.17347	-13.719591
Ppm1d	-12.519509	-9.065631
Bcas3	-12.345156	-8.891277
Bcas3os1	-16.480322	-13.0264435
2610027K06Rik	-15.0940275	-11.640149
Tbx2	-14.177737	-10.723859
Gm11444	-17.17347	-13.719591
Brip1	-12.025975	-8.572097
Brip1os	-12.337188	-8.883309
Ints2	-13.38928	-9.935402
Med13	-11.276316	-7.822438
Rnft1	-12.049505	-8.595627
Rps6kb1	-11.713884	-8.260006
Tubd1	-14.128947	-10.675069
Vmp1	-11.90047	-8.446591
Ptrh2	-12.9393635	-9.485485
Cltc	-10.311758	-6.85788
Dhx40	-12.290668	-8.836789
Ypel2	-12.183037	-8.729158
Gdpd1	-13.366807	-9.912929
Smg8	-13.459897	-10.006019
Prr11	-15.787175	-12.333297
Ska2	-13.509908	-10.056029
Trim37	-12.754629	-9.300751
Ppm1e	-13.184485	-9.730607
Rad51c	-14.870885	-11.4170065
Sept4	-13.166137	-9.712258
Mtmr4	-13.28165	-9.827771
Hsf5	-16.480322	-13.0264435
Supt4a	-11.389645	-7.9357667
Mks1	-14.870885	-11.4170065
Dynll2	-11.362329	-7.9084506
Gm11508	-17.17347	-13.719591
Srsf1	-11.503589	-8.04971
Gm15892	-16.480322	-13.0264435
Vezf1	-10.896826	-7.442948
Cuedc1	-11.535115	-8.081237
Mrps23	-12.061481	-8.607603
Msi2	-10.719845	-7.265967
C030037D09Rik	-15.38171	-11.927832
Akap1	-12.9393635	-9.485485
Scpep1os	-17.17347	-13.719591
Scpep1	-10.40268	-6.9488025
Coil	-13.459897	-10.006019
Trim25	-13.4358	-9.981921
Dgke	-13.241644	-9.7877655
Dgkeos	-16.480322	-13.0264435
Gm525	-14.082427	-10.628549
Nog	-13.806173	-10.352295
Pctp	-15.564032	-12.110153
Tmem100	-15.787175	-12.333297
Gm45716	-13.030334	-9.576456
Mmd	-12.073603	-8.619724
Hlf	-11.003859	-7.5499806
Stxbp4	-12.999083	-9.545204
Cox11	-13.095932	-9.642054
Tom1l1	-13.618121	-10.164243
Utp18	-12.437271	-8.983393
Mbtd1	-12.5290785	-9.0752
Nme2	-8.963345	-5.509467
Nme1	-11.184508	-7.7306304
Spag9	-10.001045	-6.5471673
B230206L02Rik	-14.46542	-11.011541
Tob1	-11.411418	-7.95754
Wfikkn2	-13.366807	-9.912929
Luc7l3	-10.597	-7.143122
Ankrd40	-11.463042	-8.009164
Cacna1g	-15.38171	-11.927832
Epn3	-17.17347	-13.719591
Rsad1	-13.915373	-10.461494
Acsf2	-13.676962	-10.2230835
Chad	-11.398918	-7.94504
Lrrc59	-11.953114	-8.499235
Mrpl27	-11.446622	-7.992744
Xylt2	-13.28165	-9.827771
Gm11542	-16.480322	-13.0264435
Gm11541	-16.480322	-13.0264435
Cdc34b	-17.17347	-13.719591
Col1a1	-8.720708	-5.2668304
Sgca	-12.189863	-8.735985
Ppp1r9b	-12.385978	-8.932099
Samd14	-13.806173	-10.352295
Pdk2	-12.77902	-9.325142
Itga3	-12.548497	-9.094619
Kat7	-12.568299	-9.114421
Gm11520	-16.480322	-13.0264435
Fam117a	-13.366807	-9.912929
Slc35b1	-11.309838	-7.8559604
Spop	-10.167681	-6.713803
Nxph3	-14.128947	-10.675069
Phb	-11.402028	-7.94815
Zfp652os	-15.787175	-12.333297
Zfp652	-11.507043	-8.0531645
Phospho1	-17.17347	-13.719591
Abi3	-14.229031	-10.775152
Gngt2	-15.227559	-11.773681
4833417C18Rik	-14.6085205	-11.154642
Snf8	-11.084425	-7.630547
Ube2z	-11.90047	-8.446591
Atp5g1	-9.924254	-6.4703765
Calcoco2	-17.17347	-13.719591
Hoxb9	-17.17347	-13.719591
Hoxb7	-16.480322	-13.0264435
Hoxb5os	-14.128947	-10.675069
Hoxb6	-14.688563	-11.234685
Hoxb5	-13.28165	-9.827771
Hoxb4	-12.136517	-8.682638
Hoxb3	-12.598759	-9.14488
Gm11536	-16.074858	-12.620979
Hoxb3os	-12.268195	-8.814317
Hoxb2	-11.895355	-8.441477
Snx11	-13.148118	-9.69424
Cbx1	-10.746981	-7.2931027
Nfe2l1	-10.375529	-6.9216514
Copz2	-10.735718	-7.28184
Cdk5rap3	-11.692831	-8.238953
D030028A08Rik	-16.480322	-13.0264435
Gm11525	-17.17347	-13.719591
Pnpo	-13.772272	-10.318394
Sp2	-12.88301	-9.4291315
Scrn2	-13.261447	-9.807569
Lrrc46	-17.17347	-13.719591
Mrpl10	-12.696133	-9.242254
Osbpl7	-13.841265	-10.387386
Tbkbp1	-14.870885	-11.4170065
Kpnb1	-11.688673	-8.234795
Npepps	-11.5105095	-8.056631
Mrpl45	-12.217643	-8.763764
Socs7	-12.842736	-9.388858
Arhgap23	-12.999083	-9.545204
Epop	-15.787175	-12.333297
Gm11613	-16.074858	-12.620979
Mllt6	-12.298272	-8.844394
Cisd3	-12.67366	-9.219782
Pcgf2	-12.869405	-9.415526
Psmb3	-10.137321	-6.6834435
Pip4k2b	-13.344828	-9.890949
Cwc25	-12.149589	-8.69571
Rpl23	-8.138078	-4.6842
Lasp1	-13.079125	-9.625247
B230217C12Rik	-14.037975	-10.584097
Fbxo47	-16.480322	-13.0264435
Plxdc1	-16.480322	-13.0264435
Arl5c	-14.775575	-11.321696
Cacnb1	-13.148118	-9.69424
Rpl19	-8.221641	-4.7677627
Fbxl20	-12.110874	-8.656996
Med1	-12.014414	-8.560535
Cdk12	-11.446622	-7.992744
Ppp1r1b	-11.446622	-7.992744
Stard3	-12.67366	-9.219782
Tcap	-9.1221285	-5.6682506
Pnmt	-17.17347	-13.719591
Pgap3	-14.283098	-10.82922
Erbb2	-13.647109	-10.193231
Mien1	-11.174533	-7.720655
Ormdl3	-11.174533	-7.720655
Psmd3	-11.612788	-8.15891
Med24	-13.079125	-9.625247
Thra	-9.920707	-6.466829
Nr1d1	-11.279067	-7.825189
Msl1	-11.493297	-8.039418
Gm12359	-14.6085205	-11.154642
Casc3	-12.189863	-8.735985
Rapgefl1	-14.976245	-11.522367
Wipf2	-12.298272	-8.844394
Rara	-13.484591	-10.030712
Igfbp4	-11.5937395	-8.139861
Tns4	-15.787175	-12.333297
Smarce1	-11.233298	-7.7794204
Krt10	-13.030334	-9.576456
Krt15	-14.400881	-10.947002
Krt19	-15.787175	-12.333297
Krt16	-16.074858	-12.620979
Krt17	-15.564032	-12.110153
Krt42	-17.17347	-13.719591
Eif1	-8.108617	-4.6547394
Hap1	-17.17347	-13.719591
Jup	-12.446082	-8.992204
P3h4	-11.053172	-7.599294
Fkbp10	-10.883754	-7.429876
Nt5c3b	-11.676301	-8.222423
Klhl11	-13.261447	-9.807569
Acly	-11.880165	-8.426287
Ttc25	-15.787175	-12.333297
Cnp	-13.261447	-9.807569
Dnajc7	-12.002986	-8.549108
Nkiras2	-12.394346	-8.940468
Zfp385c	-15.38171	-11.927832
Dhx58os	-13.915373	-10.461494
Dhx58	-16.480322	-13.0264435
Kat2a	-13.302269	-9.848391
Rab5c	-11.321267	-7.867389
Ghdc	-13.095932	-9.642054
Stat5b	-12.482121	-9.028243
Stat5a	-13.484591	-10.030712
Stat3	-11.140384	-7.686506
Cavin1	-9.594301	-6.140424
Atp6v0a1	-11.262672	-7.8087945
Naglu	-11.890265	-8.436387
Hsd17b1	-17.17347	-13.719591
Coasy	-12.896804	-9.442925
Mlx	-11.807493	-8.353615
Psmc3ip	-13.148118	-9.69424
Retreg3	-12.64087	-9.186992
Tubg1	-12.5290785	-9.0752
Tubg2	-13.772272	-10.318394
Plekhh3	-12.45497	-9.001092
Cntnap1	-14.688563	-11.234685
Ccr10	-16.074858	-12.620979
Ezh1	-11.793572	-8.339694
Ramp2	-13.484591	-10.030712
Vps25	-14.534412	-11.080534
Wnk4	-15.787175	-12.333297
Coa3	-10.900593	-7.446715
Cntd1	-16.480322	-13.0264435
Becn1	-11.571351	-8.117473
Psme3	-12.696133	-9.242254
Aoc2	-16.074858	-12.620979
Aoc3	-10.066863	-6.612985
Aarsd1	-10.902481	-7.448603
Ptges3l	-11.341587	-7.887709
Rundc1	-13.184485	-9.730607
Rpl27	-8.687767	-5.233889
Ifi35	-12.025975	-8.572097
Vat1	-11.692831	-8.238953
Rnd2	-12.67366	-9.219782
Brca1	-16.480322	-13.0264435
Nbr1	-11.779842	-8.325964
Tmem106a	-15.0940275	-11.640149
Rdm1	-12.008683	-8.554805
Arl4d	-12.558349	-9.10447
Dhx8	-12.446082	-8.992204
4930417O22Rik	-15.38171	-11.927832
Sost	-8.327548	-4.8736706
Gm20659	-17.17347	-13.719591
Dusp3	-10.5231905	-7.0693126
Cd300lg	-17.17347	-13.719591
Mpp2	-13.344828	-9.890949
Tmem101	-12.510031	-9.056152
Lsm12	-11.265387	-7.8115087
G6pc3	-12.500641	-9.046762
Hdac5	-11.479737	-8.025859
Asb16	-16.480322	-13.0264435
Tmub2	-12.377679	-8.9238
Atxn7l3	-12.217643	-8.763764
Ubtf	-11.222827	-7.768949
Slc25a39	-11.456442	-8.002563
Grn	-10.332923	-6.879045
Fam171a2	-13.5625515	-10.108673
Itga2b	-15.38171	-11.927832
Gpatch8	-11.238575	-7.784697
Gm11627	-11.430467	-7.9765887
Fzd2	-10.594218	-7.1403403
Gm11636	-17.17347	-13.719591
2810433D01Rik	-12.53874	-9.084862
Ccdc43	-12.804022	-9.350143
Adam11	-11.865202	-8.411324
Gjc1	-11.135598	-7.6817203
Eftud2	-12.419879	-8.966001
Ccdc103	-15.787175	-12.333297
Gfap	-16.480322	-13.0264435
C1ql1	-16.480322	-13.0264435
2410004I01Rik	-17.17347	-13.719591
Dcakd	-12.896804	-9.442925
Nmt1	-11.427266	-7.973388
Plcd3	-12.730819	-9.27694
Acbd4	-11.821611	-8.367733
Hexim1	-11.307001	-7.853123
Hexim2	-15.0940275	-11.640149
Fmnl1	-17.17347	-13.719591
1700023F06Rik	-16.480322	-13.0264435
Map3k14	-14.340256	-10.886377
Arhgap27	-16.480322	-13.0264435
Plekhm1	-13.38928	-9.935402
Gosr2	-12.651681	-9.197803
C130046K22Rik	-16.074858	-12.620979
Nsf	-12.217643	-8.763764
Arf2	-12.020178	-8.566299
Mapt	-13.676962	-10.2230835
Kansl1	-11.605125	-8.151247
Cdc27	-12.411296	-8.9574175
Myl4	-13.877633	-10.423755
Gm11665	-17.17347	-13.719591
Itgb3	-11.953114	-8.499235
Gm11639	-15.564032	-12.110153
Mettl2	-13.484591	-10.030712
1700052K11Rik	-13.459897	-10.006019
Tlk2	-11.880165	-8.426287
Mrc2	-11.850459	-8.396581
March10	-17.17347	-13.719591
Gm11638	-17.17347	-13.719591
Tanc2	-11.986084	-8.532206
Cyb561	-11.905611	-8.451733
Ace	-10.948911	-7.495033
Dcaf7	-12.411296	-8.9574175
Gm11646	-17.17347	-13.719591
Taco1os	-14.775575	-11.321696
Taco1	-14.46542	-11.011541
Map3k3	-12.337188	-8.883309
Gm11672	-17.17347	-13.719591
Limd2	-13.509908	-10.056029
Strada	-12.842736	-9.388858
Ccdc47	-11.09125	-7.6373725
Ddx42	-11.430467	-7.9765887
Ftsj3	-12.719122	-9.265244
Psmc5	-10.698037	-7.244159
Smarcd2	-12.7075615	-9.253683
Icam2	-14.46542	-11.011541
Ern1	-12.896804	-9.442925
Tex2	-12.804022	-9.350143
Pecam1	-11.705409	-8.251531
Milr1	-15.564032	-12.110153
Polg2	-13.323322	-9.869444
Ddx5	-8.782519	-5.328642
Cep95	-14.229031	-10.775152
Smurf2	-11.3155365	-7.8616586
Kpna2	-14.037975	-10.584097
1810010H24Rik	-13.841265	-10.387386
Bptf	-10.4436455	-6.9897676
Gm11715	-17.17347	-13.719591
Nol11	-12.210625	-8.756746
Pitpnc1	-13.772272	-10.318394
Gm11713	-17.17347	-13.719591
Psmd12	-10.902481	-7.448603
Helz	-11.309838	-7.8559604
Cacng4	-14.870885	-11.4170065
Gm11650	-16.480322	-13.0264435
Prkca	-12.437271	-8.983393
Cep112	-12.76675	-9.312872
Cep112os1	-17.17347	-13.719591
Cep112it	-14.688563	-11.234685
Axin2	-13.954594	-10.500715
Gm11696	-15.787175	-12.333297
Gna13	-11.942361	-8.488482
Amz2	-12.684834	-9.230955
Slc16a6	-16.480322	-13.0264435
Arsg	-14.283098	-10.82922
Wipi1	-11.64008	-8.186202
Prkar1a	-10.125083	-6.671205
Fam20a	-13.676962	-10.2230835
Abca8b	-16.074858	-12.620979
Abca9	-17.17347	-13.719591
Abca6	-16.074858	-12.620979
Abca5	-13.062595	-9.608717
Map2k6	-13.676962	-10.2230835
BC006965	-16.480322	-13.0264435
Sox9	-11.035743	-7.581865
2610035D17Rik	-14.082427	-10.628549
Slc39a11	-15.564032	-12.110153
Cog1	-13.261447	-9.807569
Fam104a	-10.861734	-7.4078565
D11Wsu47e	-14.976245	-11.522367
Cdc42ep4	-12.510031	-9.056152
Sdk2	-15.38171	-11.927832
Rpl38	-8.263558	-4.809681
Ttyh2	-14.6085205	-11.154642
Dnaic2	-14.775575	-11.321696
Kif19a	-17.17347	-13.719591
Gprc5c	-16.074858	-12.620979
Slc9a3r1	-13.459897	-10.006019
Nat9	-12.491339	-9.03746
Tmem104	-13.535883	-10.082005
Fdxr	-13.38928	-9.935402
Fads6	-16.480322	-13.0264435
Hid1	-12.684834	-9.230955
Cdr2l	-13.739482	-10.285604
Mrpl58	-11.344524	-7.8906465
Ict1os	-17.17347	-13.719591
Atp5h	-9.2555685	-5.801691
Kctd2	-12.162834	-8.708956
Armc7	-15.38171	-11.927832
Nt5c	-11.414568	-7.96069
Jpt1	-12.290668	-8.836789
Sumo2	-9.626495	-6.1726174
Nup85	-12.953961	-9.500083
Gga3	-13.772272	-10.318394
Mrps7	-11.528023	-8.074144
Mif4gd	-11.831136	-8.377257
Slc25a19	-12.791443	-9.337564
Grb2	-11.524495	-8.070617
Tmem94	-13.261447	-9.807569
Caskin2	-12.869405	-9.415526
Tsen54	-13.302269	-9.848391
Llgl2	-15.0940275	-11.640149
Recql5	-14.082427	-10.628549
Smim5	-12.510031	-9.056152
Smim6	-16.074858	-12.620979
Sap30bp	-12.419879	-8.966001
Itgb4	-16.074858	-12.620979
Galk1	-11.531563	-8.077684
H3f3b	-8.712	-5.2581224
Unk	-13.38928	-9.935402
Unc13d	-15.787175	-12.333297
Wbp2	-11.228049	-7.7741714
Trim47	-11.692831	-8.238953
Trim65	-13.184485	-9.730607
Mrpl38	-12.098296	-8.644418
Fbf1	-13.509908	-10.056029
Acox1	-12.353188	-8.899309
Ten1	-12.008683	-8.554805
Evpl	-16.074858	-12.620979
Srp68	-11.980513	-8.526634
Galr2	-14.128947	-10.675069
Exoc7	-11.910779	-8.456901
Foxj1	-15.564032	-12.110153
Rnf157	-13.41227	-9.958391
Ubald2	-11.466359	-8.012481
Qrich2	-17.17347	-13.719591
Prpsap1	-11.251891	-7.798013
Sphk1	-13.148118	-9.69424
Ube2o	-12.27563	-8.821752
Aanat	-17.17347	-13.719591
Rhbdf2	-13.739482	-10.285604
Cygb	-14.976245	-11.522367
Snhg16	-14.177737	-10.723859
St6galnac2	-17.17347	-13.719591
BC018473	-16.074858	-12.620979
St6galnac1	-16.480322	-13.0264435
Mxra7	-11.042243	-7.588365
Jmjd6	-11.963984	-8.510105
Mettl23	-11.761824	-8.307945
Srsf2	-10.594218	-7.1403403
Mfsd11	-12.804022	-9.350143
Mgat5b	-13.302269	-9.848391
Snhg20	-12.924974	-9.471096
Sec14l1	-11.628292	-8.174414
Sept9	-11.212464	-7.7585864
Gm16045	-17.17347	-13.719591
Gm11733	-17.17347	-13.719591
Gm11734	-17.17347	-13.719591
2900041M22Rik	-12.5290785	-9.0752
Tnrc6c	-10.376646	-6.922768
Tmc6	-13.676962	-10.2230835
Tmc8	-17.17347	-13.719591
Syngr2	-11.147604	-7.693726
Tk1	-14.775575	-11.321696
Afmid	-13.915373	-10.461494
Birc5	-16.480322	-13.0264435
Tha1	-14.870885	-11.4170065
Socs3	-13.5625515	-10.108673
Pgs1	-13.062595	-9.608717
Dnah17	-17.17347	-13.719591
Cyth1	-13.302269	-9.848391
Usp36	-12.5290785	-9.0752
Timp2	-9.029661	-5.5757837
Cep295nl	-16.074858	-12.620979
Lgals3bp	-13.38928	-9.935402
Cant1	-12.117224	-8.663345
C1qtnf1	-14.534412	-11.080534
Engase	-14.775575	-11.321696
Cbx2	-14.870885	-11.4170065
Cbx8	-13.589951	-10.136072
Cbx4	-12.568299	-9.114421
Tbc1d16	-13.4358	-9.981921
Gaa	-10.82433	-7.3704524
Eif4a3	-11.365327	-7.911449
Sgsh	-13.344828	-9.890949
Slc26a11	-13.459897	-10.006019
Rnf213	-13.38928	-9.935402
A930037H05Rik	-15.38171	-11.927832
Endov	-13.535883	-10.082005
Rptor	-12.609121	-9.155243
Chmp6	-12.2247095	-8.770831
Gm11767	-17.17347	-13.719591
Baiap2	-14.128947	-10.675069
Aatk	-13.203177	-9.749299
Cep131	-13.647109	-10.193231
Tepsin	-14.688563	-11.234685
Ndufaf8	-11.212464	-7.7585864
Slc38a10	-11.821611	-8.367733
Gm11769	-17.17347	-13.719591
2810410L24Rik	-15.787175	-12.333297
2900052L18Rik	-15.227559	-11.773681
Bahcc1	-14.340256	-10.886377
Gm11772	-17.17347	-13.719591
Actg1	-8.328989	-4.875111
0610009L18Rik	-12.020178	-8.566299
Fscn2	-15.564032	-12.110153
Faap100	-13.095932	-9.642054
Nploc4	-12.719122	-9.265244
Pde6g	-16.480322	-13.0264435
Oxld1	-13.014586	-9.560708
Ccdc137	-13.148118	-9.69424
Arl16	-12.169523	-8.715645
Hgs	-12.519509	-9.065631
Mrpl12	-11.353387	-7.899509
Slc25a10	-13.203177	-9.749299
Mcrip1	-10.83311	-7.379232
P4hb	-9.835232	-6.381354
Arhgdia	-10.377764	-6.923886
Alyref	-11.761824	-8.307945
Anapc11	-10.573599	-7.119721
Npb	-16.074858	-12.620979
Pcyt2	-12.321439	-8.86756
Sirt7	-12.684834	-9.230955
Mafg	-11.752934	-8.299056
Pycr1	-13.995416	-10.541537
Myadml2	-16.074858	-12.620979
Aspscr1	-12.377679	-8.9238
Cenpx	-11.433677	-7.979799
Lrrc45	-12.64087	-9.186992
Rac3	-12.5290785	-9.0752
Dcxr	-12.290668	-8.836789
Cbr2	-10.06359	-6.609712
Rfng	-13.113027	-9.659148
Gps1	-11.589973	-8.136095
Dus1l	-13.113027	-9.659148
Fasn	-12.313657	-8.859778
Ccdc57	-14.229031	-10.775152
Slc16a3	-13.222226	-9.768348
Csnk1d	-11.931723	-8.477844
Gm28192	-17.17347	-13.719591
Uts2r	-15.227559	-11.773681
Ogfod3	-12.253489	-8.79961
Hexdc	-13.5625515	-10.108673
Cybc1	-12.754629	-9.300751
Narf	-12.619593	-9.165714
Foxk2	-12.46394	-9.010061
Wdr45b	-11.816883	-8.363005
Rab40b	-12.684834	-9.230955
Fn3krp	-14.775575	-11.321696
Fn3k	-13.806173	-10.352295
Tbcd	-13.589951	-10.136072
B3gntl1	-14.870885	-11.4170065
Metrnl	-11.24388	-7.7900023
Gm12589	-17.17347	-13.719591
Rab10os	-12.804022	-9.350143
Rab10	-10.718271	-7.2643933
Gm26520	-16.480322	-13.0264435
Kif3c	-13.148118	-9.69424
1110002L01Rik	-13.302269	-9.848391
Asxl2	-12.092065	-8.638186
Dtnb	-13.806173	-10.352295
Dnmt3a	-11.220226	-7.7663484
Pomc	-16.074858	-12.620979
Efr3b	-13.509908	-10.056029
Dnajc27	-12.9393635	-9.485485
Adcy3	-12.377679	-8.9238
Cenpo	-14.177737	-10.723859
Ptrhd1	-12.210625	-8.756746
Ncoa1	-11.597521	-8.143642
2900045O20Rik	-17.17347	-13.719591
AC241534.1	-14.46542	-11.011541
Itsn2	-11.402028	-7.94815
Fam228b	-15.227559	-11.773681
Pfn4	-17.17347	-13.719591
Sf3b6	-10.806999	-7.3531213
Fkbp1b	-14.283098	-10.82922
Wdcp	-13.647109	-10.193231
Mfsd2b	-15.38171	-11.927832
Ubxn2a	-10.999683	-7.5458055
Atad2b	-11.793572	-8.339694
Klhl29	-14.177737	-10.723859
2810032G03Rik	-16.074858	-12.620979
Ldah	-11.986084	-8.532206
Hs1bp3	-13.707733	-10.253855
Rhob	-10.309666	-6.8557878
Pum2	-10.87636	-7.422482
Gm4755	-17.17347	-13.719591
Sdc1	-13.014586	-9.560708
Laptm4a	-9.406629	-5.952751
Matn3	-15.787175	-12.333297
Wdr35	-12.482121	-9.028243
Ttc32	-12.842736	-9.388858
Gm46323	-12.77902	-9.325142
Osr1	-8.9011545	-5.4472766
Rdh14	-11.969462	-8.515584
Kcns3	-14.976245	-11.522367
9530020I12Rik	-16.480322	-13.0264435
Gen1	-16.480322	-13.0264435
Smc6	-10.519317	-7.0654387
Rad51ap2	-14.283098	-10.82922
Fam49a	-14.6085205	-11.154642
4930519A11Rik	-17.17347	-13.719591
Ddx1	-11.220226	-7.7663484
Nbas	-12.57835	-9.124472
Lratd1	-13.302269	-9.848391
Trib2	-12.210625	-8.756746
Gm5432	-17.17347	-13.719591
Gm48558	-16.480322	-13.0264435
Gm36235	-17.17347	-13.719591
Gm48607	-16.480322	-13.0264435
Gm36372	-17.17347	-13.719591
Lpin1	-12.217643	-8.763764
E2f6	-12.791443	-9.337564
Rock2	-9.664134	-6.210256
Pqlc3	-13.4358	-9.981921
Pdia6	-10.452044	-6.9981656
Nol10	-13.915373	-10.461494
Odc1	-11.207323	-7.753445
Hpcal1	-11.885202	-8.431324
5730507C01Rik	-17.17347	-13.719591
Gm5784	-16.074858	-12.620979
Gm49769	-16.480322	-13.0264435
Gm49698	-16.480322	-13.0264435
Gm49700	-14.870885	-11.4170065
Asap2	-10.850904	-7.3970265
Gm30124	-17.17347	-13.719591
Itgb1bp1	-11.831136	-8.377257
Gm20535	-17.17347	-13.719591
Cpsf3	-12.64087	-9.186992
Iah1	-11.807493	-8.353615
Adam17	-12.369449	-8.91557
Gm49586	-17.17347	-13.719591
Ywhaq	-9.911543	-6.457665
Gm4419	-17.17347	-13.719591
2410018L13Rik	-16.480322	-13.0264435
9030624G23Rik	-16.074858	-12.620979
Taf1b	-12.558349	-9.10447
Grhl1	-16.480322	-13.0264435
Klf11	-13.5625515	-10.108673
Cys1	-11.974973	-8.521094
Rrm2	-15.38171	-11.927832
Mboat2	-13.28165	-9.827771
Kidins220	-11.109684	-7.655806
Gm47701	-17.17347	-13.719591
Id2	-9.51477	-6.060892
Gm17746	-17.17347	-13.719591
Gm36287	-16.074858	-12.620979
Gm36723	-16.480322	-13.0264435
Rnf144a	-15.38171	-11.927832
Rsad2	-16.480322	-13.0264435
Cmpk2	-14.229031	-10.775152
Colec11	-15.227559	-11.773681
Rps7	-8.41192	-4.9580417
Rnaseh1	-12.953961	-9.500083
Adi1	-12.968777	-9.514898
Trappc12	-12.630175	-9.176296
Eipr1	-13.095932	-9.642054
Pxdn	-12.117224	-8.663345
Tpo	-17.17347	-13.719591
Sntg2	-12.067524	-8.613646
Tmem18	-12.402785	-8.948907
Acp1	-11.075396	-7.6215177
Sh3yl1	-15.38171	-11.927832
Lamb1	-17.17347	-13.719591
Dld	-11.660041	-8.206162
Slc26a3	-15.787175	-12.333297
Cbll1	-12.07972	-8.625841
Gm29542	-16.074858	-12.620979
Bcap29	-12.53874	-9.084862
Dus4l	-13.877633	-10.423755
Cog5	-12.377679	-8.9238
Hbp1	-11.268107	-7.8142295
Prkar2b	-15.787175	-12.333297
Ccdc71l	-11.921196	-8.467318
Nampt	-11.90047	-8.446591
Gm47948	-17.17347	-13.719591
4933406C10Rik	-17.17347	-13.719591
Sypl	-10.808719	-7.3548408
F730043M19Rik	-16.074858	-12.620979
Atxn7l1	-13.459897	-10.006019
Twistnb	-11.549452	-8.095573
Twist1	-11.880165	-8.426287
Hdac9	-12.098296	-8.644418
Snx13	-12.253489	-8.79961
Ahr	-15.0940275	-11.640149
Tspan13	-17.17347	-13.719591
Bzw2	-12.869405	-9.415526
Ankmy2	-12.15619	-8.7023115
D630036H23Rik	-15.227559	-11.773681
Crppa	-14.870885	-11.4170065
Gm48617	-16.480322	-13.0264435
Dgkb	-13.772272	-10.318394
Etv1	-12.53874	-9.084862
Arl4a	-10.055453	-6.6015754
Arl4aos	-17.17347	-13.719591
Scin	-13.344828	-9.890949
Lsmem1	-15.227559	-11.773681
Gm17056	-13.806173	-10.352295
Ifrd1	-10.793347	-7.3394694
Gm17024	-16.074858	-12.620979
Zfp277	-12.66261	-9.208732
Dock4	-13.739482	-10.285604
Immp2l	-14.976245	-11.522367
Lrrn3	-17.17347	-13.719591
Dnajb9	-11.761824	-8.307945
Pnpla8	-11.0466	-7.5927224
Stxbp6	-14.400881	-10.947002
Gm48508	-17.17347	-13.719591
Prkd1	-13.030334	-9.576456
G2e3	-12.999083	-9.545204
Scfd1	-11.6804085	-8.22653
Coch	-12.869405	-9.415526
Strn3	-10.639681	-7.185803
Ap4s1	-11.684532	-8.230654
Hectd1	-10.742139	-7.288261
Heatr5a	-12.298272	-8.844394
Dtd2	-12.143031	-8.689153
Nubpl	-13.841265	-10.387386
Arhgap5	-10.518029	-7.0641513
Akap6	-11.890265	-8.436387
Npas3	-16.074858	-12.620979
Egln3	-11.865202	-8.411324
Sptssa	-10.616692	-7.1628137
Eapp	-11.207323	-7.753445
Snx6	-11.207323	-7.753445
Cfl2	-10.423538	-6.9696603
1700081N11Rik	-15.787175	-12.333297
Baz1a	-13.535883	-10.082005
2700097O09Rik	-13.484591	-10.030712
Srp54a	-12.15619	-8.7023115
Fam177a	-12.5290785	-9.0752
Srp54b	-16.480322	-13.0264435
Srp54c	-14.082427	-10.628549
Ppp2r3c	-12.7075615	-9.253683
Prorp	-14.400881	-10.947002
Psma6	-10.660239	-7.2063613
Nfkbia	-10.340438	-6.88656
Ralgapa1	-11.624393	-8.170515
Brms1l	-12.609121	-9.155243
Mbip	-12.76675	-9.312872
Gm15524	-16.480322	-13.0264435
Pax9	-12.696133	-9.242254
Slc25a21	-15.38171	-11.927832
Prps1l3	-13.484591	-10.030712
Mipol1	-13.877633	-10.423755
Clec14a	-12.684834	-9.230955
Gm17529	-15.564032	-12.110153
Sec23a	-11.62051	-8.166632
Gemin2	-13.28165	-9.827771
Trappc6b	-10.948911	-7.495033
Pnn	-10.729339	-7.2754607
Mia2	-11.262672	-7.8087945
Fbxo33	-12.482121	-9.028243
Gm527	-14.6085205	-11.154642
Klhl28	-12.719122	-9.265244
Togaram1	-12.45497	-9.001092
Prpf39	-11.672212	-8.218333
Fkbp3	-11.075396	-7.6215177
Fancm	-14.128947	-10.675069
Mis18bp1	-17.17347	-13.719591
Mdga2	-11.586221	-8.132342
Rps29	-7.6904335	-4.236556
Rpl36al	-9.472721	-6.0188437
Mgat2	-11.496716	-8.042837
Dnaaf2	-13.062595	-9.608717
9330151L19Rik	-14.46542	-11.011541
Pole2	-14.400881	-10.947002
Klhdc1	-13.130418	-9.676539
Klhdc2	-11.395817	-7.941939
Nemf	-11.374377	-7.9204993
Gm9887	-14.688563	-11.234685
Arf6	-12.568299	-9.114421
5830428M24Rik	-17.17347	-13.719591
Vcpkmt	-14.6085205	-11.154642
Sos2	-12.143031	-8.689153
L2hgdh	-13.589951	-10.136072
Dmac2l	-13.995416	-10.541537
Cdkl1	-15.564032	-12.110153
Map4k5	-11.915975	-8.462096
Atl1	-13.589951	-10.136072
Sav1	-12.149589	-8.69571
Nin	-12.791443	-9.337564
Pygl	-14.340256	-10.886377
Tmx1	-11.281825	-7.827947
Gm32219	-16.074858	-12.620979
Gm40437	-17.17347	-13.719591
Frmd6	-11.571351	-8.117473
Gm10457	-17.17347	-13.719591
Actr10	-10.941022	-7.487144
Psma3	-10.099353	-6.645475
3110056K07Rik	-13.095932	-9.642054
Arid4a	-11.169582	-7.7157044
Timm9	-12.482121	-9.028243
2700049A03Rik	-12.9107895	-9.456911
Dact1	-13.772272	-10.318394
Daam1	-12.037671	-8.583793
Gpr135	-14.870885	-11.4170065
L3hypdh	-13.261447	-9.807569
Jkamp	-11.162202	-7.708324
Pcnx4	-12.855982	-9.402103
Dhrs7	-10.910071	-7.4561934
Ppm1a	-10.96287	-7.5089917
4930447C04Rik	-14.128947	-10.675069
Six1	-14.400881	-10.947002
Six4	-13.915373	-10.461494
Mnat1	-11.6013155	-8.147437
Trmt5	-14.082427	-10.628549
Slc38a6	-13.676962	-10.2230835
Tmem30b	-16.074858	-12.620979
2210039B01Rik	-16.480322	-13.0264435
Gm15283	-15.787175	-12.333297
Hif1a	-11.066446	-7.6125684
Snapc1	-12.210625	-8.756746
Gm34552	-17.17347	-13.719591
Rhoj	-10.729339	-7.2754607
Ppp2r5e	-11.4051485	-7.9512706
Gm47689	-15.787175	-12.333297
Wdr89	-12.176257	-8.722379
Sgpp1	-12.57835	-9.124472
Syne2	-10.788275	-7.334397
Mthfd1	-12.67366	-9.219782
Gm34868	-17.17347	-13.719591
Akap5	-13.484591	-10.030712
Zbtb25	-13.772272	-10.318394
Zbtb1	-11.735391	-8.281512
4930426I24Rik	-14.688563	-11.234685
Hspa2	-11.4051485	-7.9512706
Ppp1r36	-13.130418	-9.676539
Gm10451	-17.17347	-13.719591
Plekhg3	-11.5105095	-8.056631
AI463170	-16.480322	-13.0264435
Churc1	-10.956863	-7.5029855
Fntb	-13.707733	-10.253855
Rab15	-17.17347	-13.719591
Max	-12.196735	-8.742857
9530018F02Rik	-14.688563	-11.234685
Fut8	-11.74852	-8.2946415
Gm48226	-13.589951	-10.136072
Gphn	-12.7075615	-9.253683
Mpp5	-12.210625	-8.756746
Atp6v1d	-11.380456	-7.926578
Eif2s1	-11.62051	-8.166632
Tmem229b	-13.841265	-10.387386
Plekhh1	-16.074858	-12.620979
Pigh	-13.095932	-9.642054
9230116L04Rik	-16.480322	-13.0264435
Vti1b	-11.189533	-7.7356553
Rdh11	-12.924974	-9.471096
Rdh12	-14.46542	-11.011541
Zfyve26	-13.589951	-10.136072
Rad51b	-15.564032	-12.110153
9430078K24Rik	-17.17347	-13.719591
Gm36660	-16.074858	-12.620979
Zfp36l1	-9.802609	-6.3487315
2310015A10Rik	-13.062595	-9.608717
Actn1	-8.594993	-5.141115
Gm47765	-17.17347	-13.719591
Gm47767	-14.6085205	-11.154642
Dcaf5	-12.394346	-8.940468
Gm30025	-13.166137	-9.712258
Exd2	-13.222226	-9.768348
2310002D06Rik	-16.074858	-12.620979
Gm26777	-16.074858	-12.620979
Galnt16	-12.45497	-9.001092
Erh	-11.169582	-7.7157044
Slc39a9	-12.598759	-9.14488
Susd6	-11.64008	-8.186202
Gm20337	-17.17347	-13.719591
Srsf5	-10.089243	-6.635365
Slc10a1	-16.074858	-12.620979
Smoc1	-9.093232	-5.639354
Slc8a3	-12.57835	-9.124472
Cox16	-11.12138	-7.667502
Gm4787	-17.17347	-13.719591
Adam4	-15.564032	-12.110153
Synj2bp	-11.19966	-7.7457824
Gm17191	-16.480322	-13.0264435
Med6	-12.231827	-8.777948
Pcnx	-11.656016	-8.202138
Sipa1l1	-12.419879	-8.966001
Rgs6	-14.128947	-10.675069
Dcaf4	-13.618121	-10.164243
Zfyve1	-13.203177	-9.749299
Rbm25	-10.2400465	-6.7861686
Gm29361	-15.787175	-12.333297
Psen1	-12.730819	-9.27694
Numb	-12.298272	-8.844394
Riox1	-13.5625515	-10.108673
Acot2	-13.148118	-9.69424
Acot1	-15.227559	-11.773681
Acot6	-14.688563	-11.234685
Dnal1	-12.791443	-9.337564
Pnma1	-15.227559	-11.773681
Elmsan1	-12.754629	-9.300751
Ptgr2	-12.651681	-9.197803
Gm47484	-15.38171	-11.927832
Zfp410	-12.816761	-9.362883
Fam161b	-14.037975	-10.584097
Coq6	-12.968777	-9.514898
Entpd5	-13.535883	-10.082005
Bbof1	-16.480322	-13.0264435
Rnf113a2	-13.241644	-9.7877655
Aldh6a1	-11.788975	-8.335096
Lin52	-13.130418	-9.676539
Abcd4	-12.77902	-9.325142
Npc2	-10.507786	-7.053908
Isca2	-11.90047	-8.446591
Ltbp2	-10.246893	-6.793015
D030025P21Rik	-15.787175	-12.333297
Gm48709	-17.17347	-13.719591
Gm17139	-17.17347	-13.719591
Arel1	-13.184485	-9.730607
Gm17193	-17.17347	-13.719591
Fcf1	-12.067524	-8.613646
Ylpm1	-11.5937395	-8.139861
Prox2os	-16.074858	-12.620979
Prox2	-14.775575	-11.321696
Dlst	-11.870165	-8.416286
Pgf	-13.647109	-10.193231
Eif2b2	-12.510031	-9.056152
Mlh3	-12.7075615	-9.253683
Acyp1	-11.766297	-8.312419
Zc2hc1c	-14.6085205	-11.154642
Nek9	-11.433677	-7.979799
Tmed10	-9.90455	-6.4506717
Gm40477	-17.17347	-13.719591
Fos	-8.654478	-5.2006
Gm47863	-14.229031	-10.775152
Jdp2	-12.684834	-9.230955
Flvcr2	-17.17347	-13.719591
Erg28	-11.74852	-8.2946415
Ttll5	-11.636135	-8.182257
Gm26531	-17.17347	-13.719591
Tgfb3	-11.556699	-8.10282
Gm48008	-17.17347	-13.719591
Ift43	-10.701123	-7.2472453
Gpatch2l	-12.9107895	-9.456911
Vash1	-15.787175	-12.333297
Angel1	-16.074858	-12.620979
Irf2bpl	-11.350424	-7.896546
Cipc	-12.7075615	-9.253683
Ngb	-14.340256	-10.886377
Pomt2	-13.41227	-9.958391
Gstz1	-12.9107895	-9.456911
Gm6566	-17.17347	-13.719591
Tmed8	-12.804022	-9.350143
Samd15	-14.775575	-11.321696
Noxred1	-17.17347	-13.719591
Vipas39	-12.446082	-8.992204
Ahsa1	-11.105044	-7.6511664
Sptlc2	-12.53874	-9.084862
Alkbh1	-12.999083	-9.545204
Slirp	-11.194584	-7.740706
Snw1	-10.979064	-7.525186
Adck1	-13.344828	-9.890949
Dio2	-16.074858	-12.620979
Cep128	-14.46542	-11.011541
Tshr	-16.480322	-13.0264435
Gtf2a1	-12.217643	-8.763764
Ston2	-13.647109	-10.193231
Sel1l	-11.262672	-7.8087945
Flrt2	-12.598759	-9.14488
Galc	-14.46542	-11.011541
Spata7	-13.203177	-9.749299
Ptpn21	-11.826362	-8.372483
Zc3h14	-11.476376	-8.022497
Eml5	-14.229031	-10.775152
Ttc8	-12.558349	-9.10447
Foxn3	-10.165869	-6.711991
Gm20682	-15.0940275	-11.640149
Efcab11	-16.074858	-12.620979
Tdp1	-13.806173	-10.352295
Psmc1	-11.249214	-7.7953362
Nrde2	-13.41227	-9.958391
Calm1	-8.168923	-4.715046
Gm40557	-16.480322	-13.0264435
Gm10432	-14.976245	-11.522367
Ttc7b	-11.44337	-7.989492
Rps6ka5	-13.38928	-9.935402
Dglucy	-14.775575	-11.321696
Ccdc88c	-15.227559	-11.773681
Ppp4r3a	-11.648017	-8.194139
D130020L05Rik	-14.400881	-10.947002
Tc2n	-15.227559	-11.773681
Fbln5	-8.209285	-4.7554073
Trip11	-10.577689	-7.1238112
Atxn3	-12.500641	-9.046762
Ndufb1-ps	-9.563607	-6.1097293
Cpsf2	-11.980513	-8.526634
Gm16339	-17.17347	-13.719591
Slc24a4	-12.855982	-9.402103
Rin3	-13.148118	-9.69424
Lgmn	-10.68123	-7.2273517
Golga5	-12.073603	-8.619724
Itpk1	-12.246216	-8.792337
Moap1	-15.227559	-11.773681
Tmem251	-12.651681	-9.197803
Ubr7	-12.27563	-8.821752
Btbd7	-10.4424515	-6.9885736
Gm47167	-17.17347	-13.719591
Prima1	-16.480322	-13.0264435
Asb2	-11.276316	-7.822438
Otub2	-13.915373	-10.461494
Ddx24	-10.524485	-7.0706067
Ifi27	-10.295143	-6.841265
Ifi27l2a	-11.986084	-8.532206
Ppp4r4	-15.38171	-11.927832
Dicer1	-11.722431	-8.268553
Clmn	-14.688563	-11.234685
Gm28875	-13.806173	-10.352295
Syne3	-14.870885	-11.4170065
Snhg10	-14.688563	-11.234685
Glrx5	-11.500146	-8.0462675
D430019H16Rik	-14.128947	-10.675069
Gm47796	-15.564032	-12.110153
Bdkrb2	-12.953961	-9.500083
Bdkrb1	-16.074858	-12.620979
Atg2b	-13.203177	-9.749299
Gskip	-12.500641	-9.046762
Papola	-10.849111	-7.3952327
Vrk1	-13.014586	-9.560708
Gm46378	-16.480322	-13.0264435
Setd3	-11.066446	-7.6125684
Ccnk	-12.609121	-9.155243
Ccdc85c	-15.564032	-12.110153
Hhipl1	-12.742653	-9.2887745
Cyp46a1	-17.17347	-13.719591
Eml1	-11.586221	-8.132342
Evl	-12.88301	-9.4291315
Yy1	-10.883754	-7.429876
Slc25a29	-12.804022	-9.350143
Slc25a47	-14.082427	-10.628549
Wars	-12.754629	-9.300751
Wdr25	-14.870885	-11.4170065
Begain	-17.17347	-13.719591
Dlk1	-17.17347	-13.719591
Meg3	-9.410023	-5.9561453
Rian	-11.542257	-8.088379
B830012L14Rik	-13.877633	-10.423755
Mirg	-14.082427	-10.628549
Ppp2r5c	-11.189533	-7.7356553
Gm19605	-14.976245	-11.522367
B930059L03Rik	-17.17347	-13.719591
Gm35558-1	-17.17347	-13.719591
Dync1h1	-10.613854	-7.1599765
Hsp90aa1	-8.620909	-5.1670313
Wdr20	-12.9107895	-9.456911
Mok	-17.17347	-13.719591
Gm26912	-16.074858	-12.620979
Zfp839	-13.484591	-10.030712
Cinp	-12.189863	-8.735985
Tecpr2	-13.772272	-10.318394
Ankrd9	-12.002986	-8.549108
Rcor1	-12.055475	-8.601597
Traf3	-12.037671	-8.583793
A230087F16Rik	-17.17347	-13.719591
Cdc42bpb	-11.6804085	-8.22653
Lbhd2	-15.0940275	-11.640149
Exoc3l4	-14.775575	-11.321696
Eif5	-10.150601	-6.6967235
2810029C07Rik	-16.074858	-12.620979
Mark3	-11.411418	-7.95754
Gm48286	-16.480322	-13.0264435
Ckb	-9.0285	-5.574622
Trmt61a	-13.707733	-10.253855
Bag5	-11.807493	-8.353615
Apopt1	-11.713884	-8.260006
Klc1	-11.197119	-7.743241
Xrcc3	-17.17347	-13.719591
Zfyve21	-11.182005	-7.728127
Ppp1r13b	-12.110874	-8.656996
Atp5mpl	-10.5388365	-7.0849586
A530016L24Rik	-17.17347	-13.719591
Inf2	-13.079125	-9.625247
Adssl1	-13.095932	-9.642054
Siva1	-10.960863	-7.506985
Akt1	-11.374377	-7.9204993
Zbtb42	-14.283098	-10.82922
Cep170b	-12.268195	-8.814317
Ahnak2	-11.100425	-7.646547
Clba1	-13.739482	-10.285604
Cdca4	-13.618121	-10.164243
Jag2	-15.787175	-12.333297
Nudt14	-13.38928	-9.935402
Gm26583	-16.480322	-13.0264435
Brf1	-12.67366	-9.219782
Gm47541	-17.17347	-13.719591
Btbd6	-12.696133	-9.242254
9230104M06Rik	-17.17347	-13.719591
Pacs2	-12.999083	-9.545204
Mta1	-11.905611	-8.451733
Crip2	-10.1595545	-6.7056766
Crip1	-9.192761	-5.738884
Tmem121	-16.480322	-13.0264435
Ighm	-17.17347	-13.719591
Zfp386	-12.5290785	-9.0752
Vipr2	-16.480322	-13.0264435
Wdr60	-12.067524	-8.613646
Gm48079	-16.480322	-13.0264435
Esyt2	-10.1443815	-6.6905036
D430020J02Rik	-17.17347	-13.719591
Ncapg2	-14.229031	-10.775152
Rapgef5	-13.995416	-10.541537
Dnah11	-17.17347	-13.719591
Gm49602	-13.877633	-10.423755
Sp4	-12.519509	-9.065631
Itgb8	-11.672212	-8.218333
Macc1	-16.074858	-12.620979
Tmem196	-14.283098	-10.82922
Gdi2	-10.431768	-6.9778905
Tasor2	-12.305935	-8.8520565
Asb13	-12.64087	-9.186992
Net1	-11.098124	-7.6442456
Akr1c14	-13.366807	-9.912929
Akr1c13	-17.17347	-13.719591
Akr1e1	-12.491339	-9.03746
Gm47450	-16.480322	-13.0264435
Gm35330	-16.480322	-13.0264435
1700016G22Rik	-17.17347	-13.719591
Klf6	-9.922834	-6.4689565
Pitrm1	-12.651681	-9.197803
Pfkp	-10.514175	-7.0602975
Wdr37	-12.754629	-9.300751
Idi1	-11.722431	-8.268553
Gtpbp4	-11.449884	-7.9960065
Larp4b	-11.414568	-7.96069
Dip2c	-11.586221	-8.132342
Gm36423	-15.787175	-12.333297
Zmynd11	-10.629558	-7.1756797
Gm47802	-15.787175	-12.333297
Ryr2	-12.5290785	-9.0752
Mtr	-12.719122	-9.265244
Actn2	-13.589951	-10.136072
Heatr1	-13.344828	-9.890949
Lgals8	-11.597521	-8.143642
Edaradd	-17.17347	-13.719591
Gm30239	-17.17347	-13.719591
Ero1lb	-13.030334	-9.576456
Gpr137b	-13.241644	-9.7877655
Nid1	-12.428537	-8.974659
Lyst	-11.779842	-8.325964
B3galnt2	-11.535115	-8.081237
Tbce	-12.588502	-9.134624
Ggps1	-11.459737	-8.005858
Arid4b	-10.307578	-6.8537
Gm48027	-14.340256	-10.886377
Hecw1	-17.17347	-13.719591
Mrpl32	-11.788975	-8.335096
Psma2	-10.156859	-6.7029815
AW209491	-12.57835	-9.124472
Gm6556	-16.074858	-12.620979
Gm26645	-16.074858	-12.620979
Gli3	-14.037975	-10.584097
A530046M15Rik	-16.480322	-13.0264435
Inhba	-9.856257	-6.4023795
Sugct	-14.400881	-10.947002
Mplkip	-12.073603	-8.619724
Cdk13	-11.775307	-8.321428
Rala	-11.466359	-8.012481
Yae1d1	-11.420897	-7.9670186
Gm48829	-17.17347	-13.719591
Vps41	-11.860264	-8.406385
Amph	-16.480322	-13.0264435
Stard3nl	-11.74852	-8.2946415
Epdr1	-11.105044	-7.6511664
Sfrp4	-12.313657	-8.859778
Elmo1	-12.804022	-9.350143
Gm32036	-16.480322	-13.0264435
Gm47664	-13.676962	-10.2230835
Trim27	-12.183037	-8.729158
Zscan12	-13.877633	-10.423755
Zkscan3	-11.632206	-8.178328
Pgbd1	-14.870885	-11.4170065
4930470G03Rik	-15.564032	-12.110153
Zscan26	-12.067524	-8.613646
Nkapl	-14.688563	-11.234685
Zkscan4	-15.787175	-12.333297
AK157302	-17.17347	-13.719591
Gm11273	-16.480322	-13.0264435
Zkscan8	-12.76675	-9.312872
Hist1h2bn	-17.17347	-13.719591
Hist1h1b	-15.787175	-12.333297
Hist1h3i	-17.17347	-13.719591
Hist1h2ap	-13.4358	-9.981921
Hist1h2br	-16.074858	-12.620979
Zfp184	-14.976245	-11.522367
Hist1h4i	-15.38171	-11.927832
Zfp322a	-12.15619	-8.7023115
Abt1	-12.428537	-8.974659
C230035I16Rik	-17.17347	-13.719591
Gm46404	-14.283098	-10.82922
Hist1h4h	-12.253489	-8.79961
Hist1h2bh	-14.688563	-11.234685
Hist1h3f	-14.534412	-11.080534
Hist1h1d	-15.227559	-11.773681
Hist1h3e	-14.976245	-11.522367
Hist1h2ae	-14.400881	-10.947002
Hist1h2bg	-17.17347	-13.719591
Hist1h2bf	-17.17347	-13.719591
Hist1h3d	-16.074858	-12.620979
Hist1h4d	-11.692831	-8.238953
Hist1h2be	-13.618121	-10.164243
Hist1h1e	-11.3155365	-7.8616586
Hist1h2ac	-13.772272	-10.318394
Hist1h2bc	-10.252798	-6.79892
Hist1h4c	-14.534412	-11.080534
Hfe	-14.283098	-10.82922
Hist1h1c	-11.473026	-8.019148
Hist1h2bb	-16.074858	-12.620979
Hist1h4a	-14.283098	-10.82922
Hist1h3a	-16.074858	-12.620979
Hist1h1a	-15.787175	-12.333297
Carmil1	-13.148118	-9.69424
Ripor2	-16.480322	-13.0264435
Gmnn	-13.707733	-10.253855
BC005537	-10.766589	-7.3127112
Acot13	-11.668138	-8.214259
Tdp2	-12.791443	-9.337564
Aldh5a1	-13.772272	-10.318394
9330162012Rik	-16.074858	-12.620979
Gpld1	-15.787175	-12.333297
Mrs2	-12.829664	-9.375786
Gm11361	-16.480322	-13.0264435
Gm40841	-16.480322	-13.0264435
2610307P16Rik	-13.079125	-9.625247
Sox4	-11.222827	-7.768949
A330102I10Rik	-17.17347	-13.719591
Cdkal1	-12.519509	-9.065631
E2f3	-13.954594	-10.500715
Mboat1	-14.6085205	-11.154642
Agtr1a	-15.38171	-11.927832
Uqcrfs1	-11.189533	-7.7356553
Dusp22	-13.509908	-10.056029
Gm29675	-16.480322	-13.0264435
Exoc2	-12.77902	-9.325142
Hus1b	-16.480322	-13.0264435
G630018N14Rik	-17.17347	-13.719591
A530084C06Rik	-16.074858	-12.620979
Foxq1	-13.484591	-10.030712
Foxf2	-17.17347	-13.719591
Foxc1	-10.688834	-7.2349563
Gmds	-12.268195	-8.814317
Mylk4	-11.362329	-7.9084506
D930007J09Rik	-16.074858	-12.620979
Wrnip1	-12.394346	-8.940468
Serpinb1a	-13.366807	-9.912929
Serpinb1c	-17.17347	-13.719591
Serpinb6b	-10.690362	-7.236484
Serpinb9	-11.860264	-8.406385
Serpinb6a	-10.466607	-7.012729
1110046J04Rik	-13.203177	-9.749299
Nqo2	-13.302269	-9.848391
Ripk1	-12.176257	-8.722379
Bphl	-11.860264	-8.406385
Tubb2a	-11.53868	-8.084802
Tubb2b	-14.688563	-11.234685
Psmg4	-11.535115	-8.081237
Gm40909	-16.480322	-13.0264435
Pxdc1	-11.463042	-8.009164
Gm36839	-15.227559	-11.773681
Prpf4b	-10.509061	-7.055183
Fam217a	-17.17347	-13.719591
Eci3	-17.17347	-13.719591
Gm16984	-16.074858	-12.620979
Eci2	-11.301352	-7.8474736
Cdyl	-12.130044	-8.676166
Gm48708	-17.17347	-13.719591
Rpp40	-13.344828	-9.890949
Lyrm4	-13.203177	-9.749299
Fars2	-12.651681	-9.197803
Gm46409	-17.17347	-13.719591
Nrn1	-11.890265	-8.436387
Gm30177	-17.17347	-13.719591
F13a1	-13.676962	-10.2230835
Gm4035	-15.787175	-12.333297
Rreb1	-12.77902	-9.325142
Ssr1	-10.878203	-7.4243255
Cage1	-15.227559	-11.773681
Riok1	-12.0435705	-8.589692
Dsp	-10.324403	-6.870525
Snrnp48	-11.417727	-7.9638495
Gm47990	-16.480322	-13.0264435
Txndc5	-10.764941	-7.3110633
Gm31834	-16.480322	-13.0264435
Bloc1s5	-13.030334	-9.576456
Gm47400	-16.074858	-12.620979
Eef1e1	-13.079125	-9.625247
Slc35b3	-12.896804	-9.442925
5033403F01Rik	-15.787175	-12.333297
Tfap2a	-14.340256	-10.886377
Gcnt2	-12.031806	-8.577928
A730081D07Rik	-15.787175	-12.333297
Pak1ip1	-11.225434	-7.7715564
Tmem14c	-10.56412	-7.1102424
Smim13	-12.085874	-8.631995
Nedd9	-11.001769	-7.547891
Tmem170b	-13.046335	-9.592457
Hivep1	-11.870165	-8.416286
Edn1	-12.651681	-9.197803
Phactr1	-9.858252	-6.4043736
Gm15809	-13.915373	-10.461494
Tbc1d7	-12.983815	-9.529937
Gfod1	-14.128947	-10.675069
Sirt5	-13.203177	-9.749299
Nol7	-10.455665	-7.0017867
Ranbp9	-12.092065	-8.638186
Mcur1	-11.279067	-7.825189
Rnf182	-14.6085205	-11.154642
Cd83	-16.480322	-13.0264435
Gm33195	-17.17347	-13.719591
Jarid2	-12.238996	-8.785117
Dtnbp1	-11.958533	-8.504655
Mylip	-12.098296	-8.644418
Gmpr	-13.203177	-9.749299
Atxn1	-11.420897	-7.9670186
4930453C13Rik	-17.17347	-13.719591
5033430I15Rik	-13.841265	-10.387386
Gm10113	-16.480322	-13.0264435
Stmnd1	-15.227559	-11.773681
Rbm24	-11.775307	-8.321428
Cap2	-11.145191	-7.6913133
Fam8a1	-11.5105095	-8.056631
Nup153	-12.176257	-8.722379
Kif13a	-11.718148	-8.26427
2010001K21Rik	-16.074858	-12.620979
Nhlrc1	-14.6085205	-11.154642
Tpmt	-13.095932	-9.642054
Kdm1b	-13.5625515	-10.108673
Dek	-9.866267	-6.4123893
Rnf144b	-13.707733	-10.253855
A930002C04Rik	-15.564032	-12.110153
G630093K05Rik	-16.480322	-13.0264435
A330033J07Rik	-17.17347	-13.719591
Gm36346	-17.17347	-13.719591
Id4	-10.328654	-6.8747764
A330048O09Rik	-14.534412	-11.080534
Zfp169	-14.534412	-11.080534
A830005F24Rik	-17.17347	-13.719591
6720427I07Rik	-13.707733	-10.253855
Ptpdc1	-13.323322	-9.869444
Barx1	-12.999083	-9.545204
Phf2	-11.798191	-8.344313
Phf2os1	-16.480322	-13.0264435
Fam120a	-11.107362	-7.653484
Ninj1	-10.68123	-7.2273517
Card19	-11.174533	-7.720655
Bicd2	-12.037671	-8.583793
Ippk	-13.41227	-9.958391
Cenpp	-15.38171	-11.927832
Tes3-ps	-15.564032	-12.110153
Ecm2	-9.877734	-6.4238563
Aspn	-12.609121	-9.155243
Omd	-12.345156	-8.891277
Ogn	-9.527594	-6.0737157
Nol8	-12.446082	-8.992204
Iars	-12.719122	-9.265244
Fbxw17	-12.999083	-9.545204
Spin1	-12.055475	-8.601597
S1pr3	-16.480322	-13.0264435
Cks2	-13.806173	-10.352295
Secisbp2	-12.77902	-9.325142
Sema4d	-15.227559	-11.773681
Gadd45g	-10.3382845	-6.8844066
Diras2	-13.841265	-10.387386
Syk	-16.074858	-12.620979
BB123696	-14.976245	-11.522367
Auh	-11.220226	-7.7663484
Nfil3	-11.807493	-8.353615
Gm48336	-16.480322	-13.0264435
Ror2	-13.877633	-10.423755
Sptlc1	-12.730819	-9.27694
Msx2	-11.761824	-8.307945
Gm34278	-16.074858	-12.620979
Sfxn1	-11.947722	-8.493844
Gm48623	-14.976245	-11.522367
Cplx2	-13.877633	-10.423755
Thoc3	-12.369449	-8.91557
Simc1	-13.954594	-10.500715
4833439L19Rik	-11.290147	-7.836269
Arl10	-13.841265	-10.387386
Nop16	-12.651681	-9.197803
Higd2a	-10.933193	-7.4793153
Cltb	-10.68123	-7.2273517
Faf2	-11.779842	-8.325964
Rnf44	-12.472989	-9.019111
Tspan17	-13.222226	-9.768348
Uimc1	-11.958533	-8.504655
Zfp346	-13.509908	-10.056029
Nsd1	-11.107362	-7.653484
Rab24	-11.563997	-8.110119
Prelid1	-10.796742	-7.3428645
Lman2	-11.2047615	-7.7508836
Grk6	-12.869405	-9.415526
Prr7	-14.229031	-10.775152
Dbn1	-11.969462	-8.515584
Pdlim7	-9.919999	-6.466121
Dok3	-15.227559	-11.773681
Ddx41	-12.210625	-8.756746
Fam193b	-12.67366	-9.219782
Tmed9	-10.085061	-6.631183
B4galt7	-13.589951	-10.136072
Caml	-12.298272	-8.844394
Ddx46	-11.0400715	-7.5861936
B230219D22Rik	-10.079235	-6.625357
Txndc15	-11.068676	-7.614798
Pcbd2	-11.709638	-8.255759
H2afy	-10.829589	-7.375711
Fbxl21	-14.976245	-11.522367
Tgfbi	-15.38171	-11.927832
Smad5	-12.085874	-8.631995
Klhl3	-14.229031	-10.775152
Hnrnpa0	-10.4436455	-6.9897676
Gm48295	-17.17347	-13.719591
Idnk	-11.974973	-8.521094
Ubqln1	-12.0435705	-8.589692
Gm48357	-15.787175	-12.333297
Gkap1	-11.062002	-7.6081243
Kif27	-17.17347	-13.719591
2210016F16Rik	-11.701199	-8.24732
Hnrnpk	-9.804499	-6.3506207
Rmi1	-13.38928	-9.935402
Ntrk2	-15.38171	-11.927832
Gm34788	-17.17347	-13.719591
Agtpbp1	-11.6804085	-8.22653
Naa35	-12.313657	-8.859778
Golm1	-14.400881	-10.947002
Isca1	-12.5290785	-9.0752
Etohd2	-14.870885	-11.4170065
Tut7	-11.350424	-7.896546
Gm48194	-15.787175	-12.333297
Gm34961	-17.17347	-13.719591
A530065N20Rik	-16.480322	-13.0264435
Gas1	-10.476436	-7.0225577
Dapk1	-14.870885	-11.4170065
Ctla2a	-16.480322	-13.0264435
Zfp808	-15.0940275	-11.640149
Gm3604	-14.534412	-11.080534
Gm49359	-13.046335	-9.592457
Zfp934	-13.772272	-10.318394
6720489N17Rik	-14.283098	-10.82922
Platr25	-13.38928	-9.935402
Gm5141	-14.340256	-10.886377
Aopep	-10.047382	-6.5935044
Fancc	-14.775575	-11.321696
Gm16133	-14.688563	-11.234685
Ptch1	-12.630175	-9.176296
Ercc6l2	-12.619593	-9.165714
Gm47424	-16.480322	-13.0264435
Slc35d2	-14.6085205	-11.154642
Zfp367	-12.345156	-8.891277
Habp4	-12.203656	-8.749778
Cdc14b	-12.9393635	-9.485485
1810034E14Rik	-14.976245	-11.522367
Prxl2c	-10.566819	-7.1129413
Gm47003	-17.17347	-13.719591
Ctsl	-9.529029	-6.075151
Gm47123	-17.17347	-13.719591
Cdk20	-14.688563	-11.234685
Prss47	-17.17347	-13.719591
Mfsd14b	-12.394346	-8.940468
Gm36445	-15.787175	-12.333297
Zfp369	-12.9393635	-9.485485
Uqcrb	-9.563607	-6.1097293
Gm10767	-16.480322	-13.0264435
Mterf3	-12.246216	-8.792337
Ptdss1	-12.66261	-9.208732
Zfp712	-14.037975	-10.584097
Gm46440	-16.074858	-12.620979
Gm28557	-14.229031	-10.775152
Rslcan18	-16.074858	-12.620979
Zfp759	-14.340256	-10.886377
Rsl1	-14.688563	-11.234685
Zfp455	-16.074858	-12.620979
Zfp458	-14.177737	-10.723859
Zfp457	-17.17347	-13.719591
Gm48824	-17.17347	-13.719591
Zfp595	-13.4358	-9.981921
Zfp456	-14.775575	-11.321696
Zfp429	-14.46542	-11.011541
Zfp874a	-13.915373	-10.461494
Zfp874b	-13.344828	-9.890949
Gm48899	-16.074858	-12.620979
Zfp58	-13.4358	-9.981921
Zfp87	-12.869405	-9.415526
Zfp748	-13.772272	-10.318394
9430065F17Rik	-14.688563	-11.234685
Zfp729b	-13.323322	-9.869444
Zfp729a	-13.130418	-9.676539
Zfp738	-12.953961	-9.500083
Zfp65	-13.28165	-9.827771
Zfp85os	-15.787175	-12.333297
Zfp85	-14.775575	-11.321696
Zfp493	-15.0940275	-11.640149
4930525G20Rik	-14.976245	-11.522367
Zfp273	-14.870885	-11.4170065
Gm10037	-14.976245	-11.522367
Mtrr	-14.775575	-11.321696
Fastkd3	-14.128947	-10.675069
Adcy2	-15.564032	-12.110153
Tent4a	-12.136517	-8.682638
Nsun2	-12.558349	-9.10447
A530095I07Rik	-14.400881	-10.947002
Srd5a1	-14.775575	-11.321696
Gm17108	-15.38171	-11.927832
Ube2ql1	-15.38171	-11.927832
Med10	-11.980513	-8.526634
Ice1	-12.0435705	-8.589692
Ndufs6	-10.219786	-6.765908
Mrpl36	-11.3183975	-7.8645196
Lpcat1	-13.095932	-9.642054
Clptm1l	-11.542257	-8.088379
Tert	-16.480322	-13.0264435
Slc12a7	-13.739482	-10.285604
Nkd2	-15.787175	-12.333297
Trip13	-15.787175	-12.333297
Brd9	-11.4051485	-7.9512706
Gm15912	-14.46542	-11.011541
Tppp	-13.954594	-10.500715
Cep72	-16.074858	-12.620979
Exoc3	-11.359339	-7.905461
Ahrr	-17.17347	-13.719591
Pdcd6	-10.910071	-7.4561934
Sdha	-11.055372	-7.6014943
Ccdc127	-11.312683	-7.858805
Lrrc14b	-14.283098	-10.82922
Zfp72	-13.618121	-10.164243
Ftl1-ps1	-14.128947	-10.675069
E430024I08Rik	-13.589951	-10.136072
Gm49762	-17.17347	-13.719591
Zfp825	-13.618121	-10.164243
Gm47467	-16.074858	-12.620979
Gm47469	-16.074858	-12.620979
Gm46430	-13.676962	-10.2230835
Erap1	-12.073603	-8.619724
Cast	-10.32972	-6.8758416
Ell2	-12.169523	-8.715645
Gm48302	-15.38171	-11.927832
Glrx	-12.619593	-9.165714
Rhobtb3	-12.345156	-8.891277
Rfesd	-13.062595	-9.608717
Gpr150	-17.17347	-13.719591
Arsk	-12.385978	-8.932099
Ttc37	-12.2247095	-8.770831
Mctp1	-14.775575	-11.321696
Slf1	-12.77902	-9.325142
2210408I21Rik	-13.079125	-9.625247
Fam172a	-11.735391	-8.281512
Pou5f2	-14.775575	-11.321696
Nr2f1	-12.88301	-9.4291315
A830082K12Rik	-14.400881	-10.947002
Arrdc3	-10.974991	-7.521113
5430425K12Rik	-17.17347	-13.719591
Adgrv1	-15.787175	-12.333297
Lysmd3	-11.701199	-8.24732
Polr3g	-15.38171	-11.927832
Mblac2	-13.046335	-9.592457
Gm17259	-14.688563	-11.234685
Cetn3	-10.606797	-7.1529193
Mef2c	-9.924966	-6.471088
Tmem161b	-13.261447	-9.807569
Ccnh	-11.798191	-8.344313
Rasa1	-11.586221	-8.132342
Cox7c	-8.874433	-5.4205546
Hapln1	-11.850459	-8.396581
Vcan	-9.219799	-5.7659216
Gm4117	-11.947722	-8.493844
Xrcc4	-12.411296	-8.9574175
Tmem167	-10.841968	-7.3880897
Atp6ap1l	-14.082427	-10.628549
Rps23	-7.9560537	-4.5021763
Atg10	-12.260815	-8.806936
A830009L08Rik	-17.17347	-13.719591
Ssbp2	-11.254576	-7.800698
4833422C13Rik	-17.17347	-13.719591
Acot12	-17.17347	-13.719591
Zcchc9	-11.735391	-8.281512
Rasgrf2	-14.775575	-11.321696
Msh3	-13.166137	-9.712258
Dhfr	-13.676962	-10.2230835
Fam151b	-14.128947	-10.675069
Zfyve16	-12.15619	-8.7023115
Serinc5	-13.130418	-9.676539
Thbs4	-15.787175	-12.333297
Mtx3	-13.995416	-10.541537
Cmya5	-12.290668	-8.836789
Gm4814	-17.17347	-13.719591
Tent2	-12.651681	-9.197803
Homer1	-12.953961	-9.500083
Jmy	-11.235933	-7.7820554
Bhmt	-17.17347	-13.719591
Gm47210	-16.480322	-13.0264435
Arsb	-12.482121	-9.028243
Lhfpl2	-14.870885	-11.4170065
Scamp1	-12.110874	-8.656996
Gm9776	-14.870885	-11.4170065
Ap3b1	-11.816883	-8.363005
Tbca	-10.40268	-6.9488025
Wdr41	-13.5625515	-10.108673
Gm48420	-17.17347	-13.719591
Pde8b	-14.870885	-11.4170065
Zbed3	-12.609121	-9.155243
Aggf1	-12.136517	-8.682638
F2rl1	-15.227559	-11.773681
F2r	-11.116686	-7.662808
Iqgap2	-15.787175	-12.333297
Sv2c	-16.074858	-12.620979
Gm20075	-15.787175	-12.333297
Poc5	-13.030334	-9.576456
Polk	-12.630175	-9.176296
Col4a3bp	-11.958533	-8.504655
Hmgcr	-12.353188	-8.899309
Gcnt4	-17.17347	-13.719591
Fam169a	-17.17347	-13.719591
Nsa2	-10.182293	-6.728415
Gfm2	-13.484591	-10.030712
Hexb	-11.062002	-7.6081243
Enc1	-13.707733	-10.253855
Gm5086	-17.17347	-13.719591
Gm26619	-16.480322	-13.0264435
Gm10260	-14.46542	-11.011541
Arhgef28	-13.954594	-10.500715
Utp15	-12.924974	-9.471096
Ankra2	-11.840751	-8.386872
Btf3	-9.485472	-6.0315943
Gm9828	-15.787175	-12.333297
Gm10320	-16.074858	-12.620979
Fcho2	-10.845532	-7.3916545
D130062J10Rik	-15.227559	-11.773681
Gm47551	-17.17347	-13.719591
Tnpo1	-11.350424	-7.896546
2310020H05Rik	-17.17347	-13.719591
Ptcd2	-12.9107895	-9.456911
Mrps27	-13.841265	-10.387386
6430562O15Rik	-14.400881	-10.947002
Map1b	-8.387776	-4.933899
Gm26559	-14.534412	-11.080534
Mccc2	-12.9107895	-9.456911
Bdp1	-11.414568	-7.96069
Serf1	-12.253489	-8.79961
Smn1	-12.210625	-8.756746
Gtf2h2	-13.323322	-9.869444
Rad17	-12.130044	-8.676166
Ak6	-11.726732	-8.272854
Ccdc125	-15.38171	-11.927832
Cdk7	-12.149589	-8.69571
Mrps36	-11.189533	-7.7356553
Cenph	-16.480322	-13.0264435
Ccnb1	-14.082427	-10.628549
Slc30a5	-12.217643	-8.763764
Pik3r1	-11.3041725	-7.8502946
Mast4	-11.48989	-8.036012
Srek1	-11.050977	-7.597099
Erbin	-11.466359	-8.012481
Nln	-13.772272	-10.318394
Sgtb	-14.037975	-10.584097
Trappc13	-11.974973	-8.521094
Shld3	-14.400881	-10.947002
Trim23	-13.459897	-10.006019
Ppwd1	-12.446082	-8.992204
Cenpk	-14.976245	-11.522367
Adamts6	-12.548497	-9.094619
Cwc27	-12.394346	-8.940468
2610204G07Rik	-16.480322	-13.0264435
Srek1ip1	-11.5937395	-8.139861
Rgs7bp	-11.207323	-7.753445
Rnf180	-17.17347	-13.719591
Ipo11	-13.41227	-9.958391
Gm28988	-17.17347	-13.719591
Dimt1	-12.5290785	-9.0752
Kif2a	-11.779842	-8.325964
3830408C21Rik	-15.787175	-12.333297
Zswim6	-12.321439	-8.86756
Ndufaf2	-11.556699	-8.10282
Smim15	-11.456442	-8.002563
Ercc8	-13.877633	-10.423755
Elovl7	-14.037975	-10.584097
Gm2822	-17.17347	-13.719591
Depdc1b	-17.17347	-13.719591
Pde4d	-11.20989	-7.7560124
Plk2	-13.509908	-10.056029
Gpbp1	-11.377412	-7.923534
Mier3	-12.446082	-8.992204
Map3k1	-13.366807	-9.912929
Gm15327	-16.480322	-13.0264435
Il6st	-11.162202	-7.708324
Slc38a9	-12.67366	-9.219782
Plpp1	-11.338658	-7.8847804
Mtrex	-11.875153	-8.421274
Dhx29	-12.696133	-9.242254
Ccno	-14.775575	-11.321696
Gpx8	-10.913888	-7.46001
BC067074	-14.177737	-10.723859
4921509O07Rik	-17.17347	-13.719591
Gm34471	-16.480322	-13.0264435
Snx18	-11.044419	-7.5905414
Arl15	-12.394346	-8.940468
Ndufs4	-11.016491	-7.562613
Fst	-13.739482	-10.285604
Mocs2	-11.605125	-8.151247
Itga2	-17.17347	-13.719591
Itga1	-10.2808275	-6.8269496
Pelo	-12.804022	-9.350143
Gm10734	-15.787175	-12.333297
Parp8	-12.313657	-8.859778
Emb	-11.731051	-8.277173
Gm17509	-17.17347	-13.719591
Hcn1	-14.400881	-10.947002
Mrps30	-12.394346	-8.940468
B430218F22Rik	-17.17347	-13.719591
Nnt	-13.995416	-10.541537
Paip1	-11.672212	-8.218333
4833420G17Rik	-12.210625	-8.756746
3110070M22Rik	-14.283098	-10.82922
Tmem267	-14.177737	-10.723859
Ccl28	-17.17347	-13.719591
Hmgcs1	-11.284592	-7.8307137
Nim1k	-12.9107895	-9.456911
Gm41077	-17.17347	-13.719591
Zfp131	-11.605125	-8.151247
Gm3248	-17.17347	-13.719591
Gm3468	-16.480322	-13.0264435
Gm3636	-15.564032	-12.110153
Flnb	-12.361285	-8.907407
Abhd6	-13.184485	-9.730607
Rpp14	-12.548497	-9.094619
Pxk	-12.15619	-8.7023115
Pdhb	-11.802832	-8.348953
Kctd6	-13.095932	-9.642054
Fam107a	-13.079125	-9.625247
4930452B06Rik	-16.074858	-12.620979
Fhit	-15.227559	-11.773681
Ptprg	-12.411296	-8.9574175
3830406C13Rik	-11.845593	-8.391715
Gm281	-17.17347	-13.719591
Gm11100	-17.17347	-13.719591
Thoc7	-10.560085	-7.1062074
Atxn7	-11.905611	-8.451733
Psmd6	-11.031432	-7.577554
Il3ra	-15.0940275	-11.640149
Slc4a7	-11.788975	-8.335096
Nek10	-17.17347	-13.719591
Lrrc3b	-15.0940275	-11.640149
B230110C06Rik	-17.17347	-13.719591
Oxsm	-13.618121	-10.164243
Ngly1	-11.865202	-8.411324
5430414B19Rik	-16.074858	-12.620979
Top2b	-10.585919	-7.1320415
Rarb	-14.534412	-11.080534
Thrb	-10.950893	-7.4970155
Gm48321	-16.480322	-13.0264435
Nr1d2	-11.420897	-7.9670186
Rpl15	-8.569915	-5.1160374
Nkiras1	-12.049505	-8.595627
Ube2e1	-11.392726	-7.938848
Ube2e2	-12.491339	-9.03746
Gm2237	-15.38171	-11.927832
Nid2	-16.074858	-12.620979
Rtraf	-10.470282	-7.0164037
Gng2	-11.338658	-7.8847804
Saysd1	-11.779842	-8.325964
Nudt13	-12.377679	-8.9238
Ecd	-12.999083	-9.545204
Fam149b	-12.268195	-8.814317
Dnajc9	-12.619593	-9.165714
Mrps16	-11.268107	-7.8142295
Anxa7	-11.0466	-7.5927224
Mss51	-14.870885	-11.4170065
Ppp3cb	-11.420897	-7.9670186
1810062O18Rik	-15.787175	-12.333297
Usp54	-12.2247095	-8.770831
2810402E24Rik	-13.676962	-10.2230835
Myoz1	-17.17347	-13.719591
Synpo2l	-13.739482	-10.285604
Sec24c	-12.073603	-8.619724
6230400D17Rik	-14.6085205	-11.154642
Fut11	-12.143031	-8.689153
Chchd1	-10.941022	-7.487144
Zswim8	-11.628292	-8.174414
Ndst2	-13.707733	-10.253855
Camk2g	-11.420897	-7.9670186
Gm30108	-15.227559	-11.773681
Plau	-16.480322	-13.0264435
Vcl	-9.866939	-6.4130607
Ap3m1	-11.850459	-8.396581
Adk	-10.72775	-7.273872
Kat6b	-11.398918	-7.94504
Samd8	-12.500641	-9.046762
Vdac2	-10.2361555	-6.7822776
Comtd1	-13.38928	-9.935402
A430057M04Rik	-17.17347	-13.719591
Zfp503	-11.942361	-8.488482
Lrmda	-16.480322	-13.0264435
Kcnma1	-10.891203	-7.437325
Gm31392	-17.17347	-13.719591
Dlg5	-12.869405	-9.415526
Gm47814	-17.17347	-13.719591
Polr3a	-13.184485	-9.730607
Rps24	-7.9102516	-4.456374
Gm47906	-17.17347	-13.719591
Gm32123	-17.17347	-13.719591
Zmiz1os1	-16.480322	-13.0264435
Gm26660	-15.227559	-11.773681
Zmiz1	-11.821611	-8.367733
Ppif	-13.954594	-10.500715
Zcchc24	-11.563997	-8.110119
Anxa11	-10.964879	-7.511001
Plac9a	-15.227559	-11.773681
Tmem254a	-14.870885	-11.4170065
Gm9780	-16.074858	-12.620979
Tmem254c	-17.17347	-13.719591
Plac9b	-12.999083	-9.545204
Duxbl3	-16.480322	-13.0264435
4933413J09Rik	-16.074858	-12.620979
Slmapos2	-17.17347	-13.719591
Slmap	-9.2389555	-5.785078
Dennd6a	-11.473026	-8.019148
Arf4os	-16.074858	-12.620979
Arf4	-10.181373	-6.7274947
Pde12	-12.968777	-9.514898
Appl1	-11.321267	-7.867389
Il17rd	-13.915373	-10.461494
Arhgef3	-14.177737	-10.723859
Tasor	-11.449884	-7.9960065
Ccdc66	-12.28312	-8.829242
Erc2	-17.17347	-13.719591
Wnt5a	-12.321439	-8.86756
Cacna2d3	-11.752934	-8.299056
Lrtm1	-15.787175	-12.333297
Selenok	-9.686856	-6.2329783
Actr8	-12.472989	-9.019111
Il17rb	-17.17347	-13.719591
Chdh	-14.46542	-11.011541
Cacna1d	-11.338658	-7.8847804
CT009536.1	-17.17347	-13.719591
Dcp1a	-13.014586	-9.560708
Tkt	-10.684264	-7.2303863
Prkcd	-12.472989	-9.019111
Rft1	-13.323322	-9.869444
Sfmbt1	-13.014586	-9.560708
Stimate	-11.073151	-7.6192727
Mustn1	-9.383187	-5.9293094
Itih4	-11.446622	-7.992744
Itih3	-13.877633	-10.423755
Nek4	-13.222226	-9.768348
Spcs1	-10.368855	-6.9149776
Glt8d1	-11.664082	-8.210203
Gnl3	-11.816883	-8.363005
Pbrm1	-10.095128	-6.64125
Smim4	-11.528023	-8.074144
Nt5dc2	-12.085874	-8.631995
Nisch	-10.587297	-7.1334195
Tnnc1	-15.0940275	-11.640149
Sema3g	-17.17347	-13.719591
Phf7	-13.739482	-10.285604
Bap1	-12.9107895	-9.456911
Dnah1	-17.17347	-13.719591
Capn7	-12.53874	-9.084862
Sh3bp5	-15.0940275	-11.640149
Mettl6	-12.66261	-9.208732
Eaf1	-13.261447	-9.807569
Colq	-15.227559	-11.773681
Hacl1	-12.896804	-9.442925
Btd	-11.926445	-8.472567
Ankrd28	-13.095932	-9.642054
D830044D21Rik	-17.17347	-13.719591
Galnt15	-13.113027	-9.659148
Dph3	-10.784908	-7.3310304
Oxnad1	-12.77902	-9.325142
Ncoa4	-11.676301	-8.222423
Timm23	-11.688673	-8.234795
Parg	-12.260815	-8.806936
Gm46447	-15.564032	-12.110153
Gm48914	-16.480322	-13.0264435
Ercc6	-13.323322	-9.869444
3425401B19Rik	-13.184485	-9.730607
Gm28651	-16.480322	-13.0264435
Vstm4	-11.270836	-7.816958
Wdfy4	-16.480322	-13.0264435
Lrrc18	-15.564032	-12.110153
Mapk8	-12.510031	-9.056152
Gdf10	-10.625251	-7.171373
A630023A22Rik	-15.564032	-12.110153
Anxa8	-14.688563	-11.234685
Gm30556	-15.227559	-11.773681
Npy4r	-13.28165	-9.827771
Gprin2	-13.618121	-10.164243
Syt15	-12.651681	-9.197803
Shld2	-13.366807	-9.912929
Glud1	-10.806999	-7.3531213
Fam25c	-15.787175	-12.333297
Sncg	-14.082427	-10.628549
Mmrn2	-14.870885	-11.4170065
Bmpr1a	-10.241998	-6.78812
9230112D13Rik	-17.17347	-13.719591
Ldb3	-11.744123	-8.290245
Gm49024	-16.074858	-12.620979
5830448L01Rik	-15.227559	-11.773681
Wapl	-11.126098	-7.6722198
A930038B10Rik	-16.480322	-13.0264435
Ccser2	-10.167681	-6.713803
Ghitm	-11.217632	-7.7637544
Tspan14	-14.6085205	-11.154642
Prxl2a	-13.261447	-9.807569
Gm47547	-15.227559	-11.773681
Gm7324	-17.17347	-13.719591
Gm49083	-17.17347	-13.719591
Gm8113	-16.480322	-13.0264435
AC160336.1	-14.177737	-10.723859
4930431P03Rik	-16.074858	-12.620979
Gm17173	-16.074858	-12.620979
Ptger2	-14.229031	-10.775152
Txndc16	-12.345156	-8.891277
Gpr137c	-13.841265	-10.387386
Ero1l	-11.99732	-8.543442
Psmc6	-10.783229	-7.329351
Styx	-13.28165	-9.827771
Gnpnat1	-12.411296	-8.9574175
Fermt2	-9.198249	-5.744371
Ddhd1	-13.459897	-10.006019
Bmp4	-13.707733	-10.253855
Gm15222	-16.480322	-13.0264435
Cdkn3	-16.480322	-13.0264435
Cnih1	-11.362329	-7.9084506
Gm48933	-15.564032	-12.110153
Gmfb	-12.46394	-9.010061
Gm10101	-16.074858	-12.620979
Cgrrf1	-11.845593	-8.391715
Gm48949	-17.17347	-13.719591
Gm34934	-13.41227	-9.958391
Samd4	-9.776521	-6.322643
2810457G06Rik	-14.128947	-10.675069
Gm10371	-14.6085205	-11.154642
Gch1	-14.534412	-11.080534
Wdhd1	-16.074858	-12.620979
Socs4	-12.136517	-8.682638
Mapk1ip1l	-11.910779	-8.456901
Lgals3	-13.148118	-9.69424
Fbxo34	-12.45497	-9.001092
Atg14	-12.67366	-9.219782
Ktn1	-10.1216135	-6.6677356
Peli2	-11.624393	-8.170515
Tmem260	-12.9107895	-9.456911
Gm49519	-17.17347	-13.719591
Exoc5	-11.739747	-8.285869
Ap5m1	-12.730819	-9.27694
Naa30	-12.500641	-9.046762
Slc35f4	-17.17347	-13.719591
Armh4	-12.049505	-8.595627
Ttc5	-12.217643	-8.763764
Ccnb1ip1	-15.38171	-11.927832
Parp2	-12.411296	-8.9574175
Tep1	-13.030334	-9.576456
Gm26782	-12.446082	-8.992204
Klhl33	-16.480322	-13.0264435
Osgep	-11.556699	-8.10282
Apex1	-12.816761	-9.362883
Pip4p1	-12.217643	-8.763764
Pnp	-11.684532	-8.230654
Pnp2	-15.0940275	-11.640149
Rnase10	-17.17347	-13.719591
Rnase4	-11.816883	-8.363005
Ang	-13.806173	-10.352295
Vmn2r89	-17.17347	-13.719591
Mettl17	-13.38928	-9.935402
Slc39a2	-16.074858	-12.620979
Ndrg2	-10.322285	-6.868407
Arhgef40	-12.067524	-8.613646
Zfp219	-12.829664	-9.375786
Tmem253	-17.17347	-13.719591
Hnrnpc	-10.649907	-7.196029
Rpgrip1	-13.676962	-10.2230835
Supt16	-11.270836	-7.816958
Gm26590	-15.38171	-11.927832
Chd8	-11.571351	-8.117473
Rab2b	-12.169523	-8.715645
Tox4	-11.826362	-8.372483
Mettl3	-13.261447	-9.807569
Sall2	-13.535883	-10.082005
Trdv4	-17.17347	-13.719591
Trdc	-17.17347	-13.719591
Trac	-16.480322	-13.0264435
Dad1	-9.864926	-6.4110484
Abhd4	-12.77902	-9.325142
Gm43305	-13.772272	-10.318394
Oxa1l	-12.268195	-8.814317
Slc7a7	-13.5625515	-10.108673
Mrpl52	-10.43769	-6.983812
Mmp14	-11.473026	-8.019148
Lrp10	-11.265387	-7.8115087
Prmt5	-12.57835	-9.124472
Haus4	-13.995416	-10.541537
Ajuba	-14.229031	-10.775152
4931414P19Rik	-14.688563	-11.234685
Psmb5	-10.1443815	-6.6905036
Cdh24	-15.38171	-11.927832
Acin1	-10.583168	-7.12929
1700123O20Rik	-11.880165	-8.426287
Homez	-14.177737	-10.723859
Ppp1r3e	-14.400881	-10.947002
Bcl2l2	-12.548497	-9.094619
Pabpn1	-10.735718	-7.28184
Slc22a17	-12.402785	-8.948907
Efs	-12.510031	-9.056152
Myh7	-17.17347	-13.719591
Ngdn	-12.149589	-8.69571
Zfhx2	-13.459897	-10.006019
Thtpa	-13.261447	-9.807569
Ap1g2	-15.38171	-11.927832
Jph4	-14.6085205	-11.154642
Dhrs4	-12.037671	-8.583793
Carmil3	-16.074858	-12.620979
Cpne6	-14.775575	-11.321696
Pck2	-12.092065	-8.638186
Dcaf11	-11.926445	-8.472567
Fitm1	-15.38171	-11.927832
Psme1	-11.048786	-7.594908
Emc9	-12.183037	-8.729158
Psme2	-11.238575	-7.784697
Rnf31	-13.4358	-9.981921
Irf9	-13.130418	-9.676539
Ipo4	-12.754629	-9.300751
Tm9sf1	-12.0435705	-8.589692
Gm49747	-17.17347	-13.719591
Tssk4	-16.480322	-13.0264435
Mdp1	-12.014414	-8.560535
Nedd8	-9.750498	-6.29662
Gmpr2	-12.329283	-8.875404
Tinf2	-14.283098	-10.82922
Rabggta	-13.38928	-9.935402
Dhrs1	-11.752934	-8.299056
Nop9	-12.804022	-9.350143
Ltb4r2	-17.17347	-13.719591
Adcy4	-14.400881	-10.947002
Ripk3	-16.480322	-13.0264435
Nfatc4	-12.651681	-9.197803
Nynrin	-13.014586	-9.560708
Khnyn	-13.030334	-9.576456
Sdr39u1	-12.684834	-9.230955
Cma1	-17.17347	-13.719591
Rnf17	-17.17347	-13.719591
Cenpj	-13.954594	-10.500715
Parp4	-12.337188	-8.883309
Mphosph8	-11.064222	-7.6103444
Gm16973	-15.38171	-11.927832
Pspc1	-12.730819	-9.27694
Zmym5	-11.578758	-8.12488
2410022M11Rik	-13.806173	-10.352295
Zmym2	-11.895355	-8.441477
Gja3	-16.480322	-13.0264435
Cryl1	-12.842736	-9.388858
Ift88	-12.924974	-9.471096
Il17d	-13.38928	-9.935402
Eef1akmt1	-12.085874	-8.631995
Xpo4	-12.548497	-9.094619
Lats2	-11.341587	-7.887709
Sap18	-10.887471	-7.4335933
Mrpl57	-11.1308365	-7.6769586
Zdhhc20	-11.535115	-8.081237
Micu2	-12.609121	-9.155243
Rcbtb1	-12.855982	-9.402103
Phf11b	-17.17347	-13.719591
Phf11d	-13.130418	-9.676539
Phf11c	-16.480322	-13.0264435
Setdb2	-14.283098	-10.82922
Cab39l	-11.942361	-8.488482
Cdadc1	-11.947722	-8.493844
Shisa2	-15.787175	-12.333297
Atp8a2	-17.17347	-13.719591
Gm49336	-12.5290785	-9.0752
Mtmr6	-11.628292	-8.174414
Spata13	-12.829664	-9.375786
Mipep	-13.166137	-9.712258
Sacs	-11.821611	-8.367733
Sgcg	-10.12248	-6.6686025
Ebpl	-11.6804085	-8.22653
Kpna3	-12.067524	-8.613646
Spryd7	-12.548497	-9.094619
Trim13	-15.227559	-11.773681
Dleu2	-11.327031	-7.873153
Gm27010	-15.787175	-12.333297
Gm27017	-16.480322	-13.0264435
Rnaseh2b	-13.148118	-9.69424
Fam124a	-15.38171	-11.927832
Ints6	-12.203656	-8.749778
Wdfy2	-13.184485	-9.730607
Defb42	-16.074858	-12.620979
Ctsb	-9.3619	-5.908023
Fdft1	-12.136517	-8.682638
Fam167a	-17.17347	-13.719591
Mtmr9	-13.222226	-9.768348
Xkr6	-15.0940275	-11.640149
Pinx1	-12.696133	-9.242254
Sox7	-17.17347	-13.719591
9630015K15Rik	-14.128947	-10.675069
Msra	-11.726732	-8.272854
Kif13b	-11.915975	-8.462096
Hmbox1	-12.369449	-8.91557
Ints9	-12.730819	-9.27694
Extl3	-12.15619	-8.7023115
Fzd3	-13.302269	-9.848391
Fbxo16	-16.480322	-13.0264435
Zfp395	-12.369449	-8.91557
Pnoc	-14.534412	-11.080534
Elp3	-12.9393635	-9.485485
Scara5	-12.337188	-8.883309
Pbk	-17.17347	-13.719591
Ccdc25	-11.821611	-8.367733
Scara3	-11.254576	-7.800698
Clu	-9.167435	-5.7135572
Ephx2	-14.534412	-11.080534
Ptk2b	-17.17347	-13.719591
1700001G11Rik	-15.787175	-12.333297
Trim35	-11.910779	-8.456901
Stmn4	-17.17347	-13.719591
Dpysl2	-11.3041725	-7.8502946
Gm5464	-17.17347	-13.719591
Bnip3l	-10.722999	-7.2691207
Ppp2r2a	-11.281825	-7.827947
Cdca2	-17.17347	-13.719591
Kctd9	-13.366807	-9.912929
Dock5	-12.394346	-8.940468
Gm31107	-17.17347	-13.719591
Nefm	-17.17347	-13.719591
Gm41192	-16.480322	-13.0264435
Stc1	-13.261447	-9.807569
Nkx3-1	-14.177737	-10.723859
Slc25a37	-12.983815	-9.529937
Gm27222	-17.17347	-13.719591
Gm16867	-14.400881	-10.947002
Loxl2	-11.612788	-8.15891
R3hcc1	-12.361285	-8.907407
Chmp7	-12.446082	-8.992204
Tnfrsf10b	-13.739482	-10.285604
Rhobtb2	-13.484591	-10.030712
Pebp4	-17.17347	-13.719591
Egr3	-13.344828	-9.890949
Bin3	-13.676962	-10.2230835
Ccar2	-13.647109	-10.193231
Pdlim2	-11.402028	-7.94815
Sorbs3	-13.014586	-9.560708
Gm49417	-15.564032	-12.110153
Ppp3cc	-13.241644	-9.7877655
Slc39a14	-12.061481	-8.607603
Piwil2	-16.074858	-12.620979
Polr3d	-12.619593	-9.165714
Bmp1	-11.788975	-8.335096
Lgi3	-13.995416	-10.541537
Reep4	-13.509908	-10.056029
Hr	-12.983815	-9.529937
Nudt18	-12.321439	-8.86756
Fam160b2	-12.953961	-9.500083
Dmtn	-13.877633	-10.423755
Xpo7	-12.472989	-9.019111
Fndc3a	-11.3041725	-7.8502946
Rcbtb2	-11.798191	-8.344313
Gm17233	-17.17347	-13.719591
Rb1	-12.098296	-8.644418
Lpar6	-13.954594	-10.500715
Itm2b	-8.407387	-4.9535093
Med4	-12.104566	-8.650687
Nudt15	-16.074858	-12.620979
Sucla2	-11.262672	-7.8087945
Gm49164	-16.480322	-13.0264435
Htr2a	-13.806173	-10.352295
Esd	-10.409585	-6.955707
Lrch1	-12.896804	-9.442925
Lcp1	-16.480322	-13.0264435
Zc3h13	-10.815627	-7.361749
Erich6b	-17.17347	-13.719591
Cog3	-13.113027	-9.659148
Slc25a30	-13.739482	-10.285604
Gm4285	-15.0940275	-11.640149
Tpt1	-7.49275	-4.0388727
Gtf2f2	-13.302269	-9.848391
Gpalpp1	-12.730819	-9.27694
Nufip1	-13.046335	-9.592457
Tsc22d1	-9.278778	-5.8249006
Serp2	-12.742653	-9.2887745
1700108F19Rik	-16.074858	-12.620979
4930431P22Rik	-16.074858	-12.620979
Gm48969	-17.17347	-13.719591
Lacc1	-17.17347	-13.719591
Ccdc122	-15.0940275	-11.640149
Enox1	-17.17347	-13.719591
Dnajc15	-11.684532	-8.230654
Akap11	-11.430467	-7.9765887
Dgkh	-11.85535	-8.401471
Vwa8	-13.38928	-9.935402
Rgcc	-13.130418	-9.676539
Naa16	-12.361285	-8.907407
Mtrf1	-13.41227	-9.958391
Kbtbd7	-13.130418	-9.676539
Wbp4	-10.919641	-7.4657626
Elf1	-11.212464	-7.7585864
Sugt1	-10.740529	-7.286651
Cnmd	-17.17347	-13.719591
Gm32913	-15.38171	-11.927832
Diaph3	-14.6085205	-11.154642
Tdrd3	-12.353188	-8.899309
Pcdh20	-14.976245	-11.522367
Pcdh9	-14.46542	-11.011541
Dach1	-13.459897	-10.006019
Rpl36a-ps1	-14.688563	-11.234685
Mzt1	-12.290668	-8.836789
Bora	-14.340256	-10.886377
Dis3	-12.696133	-9.242254
Pibf1	-12.305935	-8.8520565
Klf5	-15.564032	-12.110153
Klf12	-12.419879	-8.966001
Gm41231	-15.564032	-12.110153
Tbc1d4	-14.6085205	-11.154642
Commd6	-11.3155365	-7.8616586
Uchl3	-12.896804	-9.442925
Gm9922	-15.787175	-12.333297
Lmo7	-14.229031	-10.775152
Kctd12	-13.261447	-9.807569
Gm34643	-17.17347	-13.719591
Cln5	-13.166137	-9.712258
Fbxl3	-11.656016	-8.202138
Mycbp2	-10.795043	-7.341165
1700087I21Rik	-17.17347	-13.719591
Ednrb	-17.17347	-13.719591
Rnf219	-12.46394	-9.010061
Rbm26	-11.184508	-7.7306304
Gm17066	-14.128947	-10.675069
Ndfip2	-11.926445	-8.472567
9330188P03Rik	-16.480322	-13.0264435
Gm10076	-8.647119	-5.1932406
Spry2	-12.446082	-8.992204
Tpm3-rs7	-15.38171	-11.927832
Mir17hg	-14.775575	-11.321696
Gpc6	-11.64404	-8.190162
Tgds	-13.222226	-9.768348
Gpr180	-12.143031	-8.689153
Abcc4	-16.074858	-12.620979
Cldn10	-17.17347	-13.719591
Dzip1	-13.38928	-9.935402
Gm49179	-15.564032	-12.110153
Dnajc3	-10.105297	-6.651419
Gm49768	-14.976245	-11.522367
Uggt2	-12.385978	-8.932099
Gm16835	-15.787175	-12.333297
Hs6st3	-16.074858	-12.620979
1700006F04Rik	-17.17347	-13.719591
Mbnl2	-9.589205	-6.135327
Rap2a	-12.246216	-8.792337
Ipo5	-12.061481	-8.607603
Farp1	-12.804022	-9.350143
B930095G15Rik	-14.400881	-10.947002
Stk24	-11.676301	-8.222423
Dock9	-12.983815	-9.529937
1810041H14Rik	-16.480322	-13.0264435
Ubac2	-12.369449	-8.91557
Gpr18	-17.17347	-13.719591
Gpr183	-16.480322	-13.0264435
A330035P11Rik	-15.787175	-12.333297
Tm9sf2	-10.418865	-6.9649873
Clybl	-12.57835	-9.124472
Pcca	-12.361285	-8.907407
Ggact	-13.5625515	-10.108673
Tmtc4	-13.995416	-10.541537
4930594M22Rik-1	-17.17347	-13.719591
Nalcn	-13.166137	-9.712258
Itgbl1	-12.085874	-8.631995
Gm28932	-16.480322	-13.0264435
Selenop	-10.305495	-6.8516173
Ccdc152	-15.0940275	-11.640149
Ghr	-11.676301	-8.222423
Fbxo4	-12.472989	-9.019111
AW549877	-11.549452	-8.095573
BC037032	-14.082427	-10.628549
Oxct1	-9.530466	-6.076588
Plcxd3	-15.227559	-11.773681
C7	-17.17347	-13.719591
Card6	-15.0940275	-11.640149
Rpl37	-7.9959617	-4.542084
Prkaa1	-12.428537	-8.974659
Gm15938	-17.17347	-13.719591
Ttc33	-12.073603	-8.619724
Ptger4	-15.227559	-11.773681
Dab2	-12.176257	-8.722379
Fyb	-13.806173	-10.352295
Rictor	-11.942361	-8.488482
Osmr	-13.806173	-10.352295
Lifr	-12.394346	-8.940468
Egflam	-16.480322	-13.0264435
Gm49207	-17.17347	-13.719591
Gdnf	-17.17347	-13.719591
Wdr70	-12.253489	-8.79961
Nup155	-13.184485	-9.730607
Cplane1	-12.092065	-8.638186
Nipbl	-10.436502	-6.9826245
Nadk2	-13.184485	-9.730607
Skp2	-14.037975	-10.584097
Lmbrd2	-12.446082	-8.992204
Capsl	-17.17347	-13.719591
Dnajc21	-11.371351	-7.9174733
Brix1	-12.238996	-8.785117
Rad1	-12.804022	-9.350143
Rai14	-14.229031	-10.775152
4930556M19Rik	-15.787175	-12.333297
Amacr	-13.589951	-10.136072
Slc45a2	-17.17347	-13.719591
Adamts12	-15.0940275	-11.640149
Tars	-12.049505	-8.595627
Npr3	-13.28165	-9.827771
Gm5144	-16.074858	-12.620979
Sub1	-10.411897	-6.958019
Zfr	-10.642591	-7.1887136
Mtmr12	-13.148118	-9.69424
Golph3	-11.513988	-8.060109
Pdzd2	-11.942361	-8.488482
6030458C11Rik	-12.924974	-9.471096
Drosha	-12.684834	-9.230955
Cdh6	-11.991686	-8.537807
Cdh9	-15.38171	-11.927832
Cdh18	-12.2247095	-8.770831
Basp1	-15.787175	-12.333297
Myo10	-12.651681	-9.197803
Retreg1	-12.67366	-9.219782
Zfp622	-12.189863	-8.735985
Fbxl7	-11.890265	-8.436387
Gm36899	-16.480322	-13.0264435
Ank	-10.778208	-7.32433
Otulin	-11.798191	-8.344313
Otulinl	-15.0940275	-11.640149
Trio	-11.064222	-7.6103444
Gm49233	-17.17347	-13.719591
Dnah5	-14.037975	-10.584097
Ctnnd2	-14.229031	-10.775152
Dap	-10.795043	-7.341165
Ankrd33b	-17.17347	-13.719591
Ropn1l	-14.870885	-11.4170065
March6	-12.020178	-8.566299
Gm49216	-16.480322	-13.0264435
Cmbl	-14.870885	-11.4170065
Cct5	-10.583168	-7.12929
Atpsckmt	-12.983815	-9.529937
Snhg18	-9.740394	-6.2865157
Sema5a	-10.598393	-7.1445155
4930465K09Rik	-17.17347	-13.719591
Gm32618	-14.177737	-10.723859
Sdc2	-10.806999	-7.3531213
Cpq	-10.0701475	-6.6162696
4930592A05Rik	-17.17347	-13.719591
Tspyl5	-13.203177	-9.749299
Mtdh	-9.636572	-6.1826944
Laptm4b	-11.672212	-8.218333
Matn2	-13.030334	-9.576456
Rpl30	-8.198725	-4.744847
Rida	-12.742653	-9.2887745
Pop1	-14.082427	-10.628549
Nipal2	-12.829664	-9.375786
4930413F20Rik	-13.618121	-10.164243
Kcns2	-16.480322	-13.0264435
Stk3	-11.870165	-8.416286
Osr2	-16.480322	-13.0264435
Gm48960	-17.17347	-13.719591
Vps13b	-12.28312	-8.829242
Cox6c	-8.832536	-5.3786583
Polr2k	-10.87452	-7.4206424
Spag1	-14.6085205	-11.154642
Rnf19a	-11.259967	-7.806089
Gm34093	-16.074858	-12.620979
Ankrd46	-12.136517	-8.682638
Pabpc1	-10.43295	-6.979072
Ywhaz	-9.7595	-6.3056216
Gm49282	-16.480322	-13.0264435
Gm34590	-16.480322	-13.0264435
Zfp706	-10.737319	-7.283441
Gm26766	-17.17347	-13.719591
Ncald	-12.123613	-8.669735
Gm35019	-16.074858	-12.620979
Rrm2b	-11.905611	-8.451733
Gm49085	-14.340256	-10.886377
Ubr5	-10.863551	-7.409673
Gm35167	-17.17347	-13.719591
Klf10	-12.684834	-9.230955
G930009F23Rik	-16.480322	-13.0264435
Azin1	-11.453157	-7.9992795
Gm49077	-15.564032	-12.110153
Atp6v1c1	-11.905611	-8.451733
Gm49097	-17.17347	-13.719591
Baalc	-15.787175	-12.333297
Fzd6	-13.484591	-10.030712
Gm49786	-17.17347	-13.719591
Cthrc1	-15.227559	-11.773681
Slc25a32	-12.742653	-9.2887745
Dcaf13	-12.437271	-8.983393
Rims2	-15.227559	-11.773681
Lrp12	-13.459897	-10.006019
Zfpm2	-12.143031	-8.689153
Oxr1	-11.947722	-8.493844
Abra	-12.313657	-8.859778
Angpt1	-14.082427	-10.628549
Eif3e	-10.268719	-6.814841
Gm10373	-17.17347	-13.719591
Emc2	-11.433677	-7.979799
Nudcd1	-13.28165	-9.827771
Eny2	-10.893074	-7.439196
Ebag9	-12.829664	-9.375786
Sybu	-15.564032	-12.110153
Trps1	-11.371351	-7.9174733
Eif3h	-10.019636	-6.565758
Utp23	-12.855982	-9.402103
Rad21	-11.344524	-7.8906465
Aard	-17.17347	-13.719591
Med30	-11.589973	-8.136095
Ext1	-10.987261	-7.533383
Samd12	-14.229031	-10.775152
Tnfrsf11b	-12.037671	-8.583793
Ccn3	-9.205843	-5.751965
Enpp2	-10.573599	-7.119721
Gm26684	-14.775575	-11.321696
Taf2	-12.136517	-8.682638
Dscc1	-15.787175	-12.333297
Deptor	-12.558349	-9.10447
Col14a1	-9.747516	-6.2936378
Mrpl13	-11.102732	-7.648854
Mtbp	-13.5625515	-10.108673
Sntb1	-12.008683	-8.554805
Has2	-17.17347	-13.719591
Has2os	-17.17347	-13.719591
Zhx2	-12.816761	-9.362883
Derl1	-11.338658	-7.8847804
Tbc1d31	-14.283098	-10.82922
9130401M01Rik	-12.329283	-8.875404
Gm29394	-16.074858	-12.620979
Zhx1	-11.826362	-8.372483
Atad2	-12.754629	-9.300751
Wdyhv1	-13.323322	-9.869444
Fbxo32	-9.9956875	-6.5418096
Gm15943	-17.17347	-13.719591
Klhl38	-15.38171	-11.927832
Anxa13	-17.17347	-13.719591
Fam91a1	-12.014414	-8.560535
Fer1l6	-16.480322	-13.0264435
Gm20712	-13.707733	-10.253855
Tmem65	-10.939059	-7.4851813
Trmt12	-13.459897	-10.006019
Rnf139	-12.176257	-8.722379
Tatdn1	-12.651681	-9.197803
Ndufb9	-9.47544	-6.0215626
Mtss1	-11.050977	-7.597099
Sqle	-12.203656	-8.749778
Washc5	-12.9393635	-9.485485
Nsmce2	-12.27563	-8.821752
Gm36677	-17.17347	-13.719591
Trib1	-13.014586	-9.560708
Lratd2	-15.787175	-12.333297
9930014A18Rik	-14.976245	-11.522367
Myc	-17.17347	-13.719591
Pvt1	-14.128947	-10.675069
Fam49b	-12.588502	-9.134624
Asap1	-11.5937395	-8.139861
Adcy8	-16.480322	-13.0264435
Efr3a	-10.690362	-7.236484
Kcnq3	-13.618121	-10.164243
Phf20l1	-10.902481	-7.448603
Ccn4	-14.534412	-11.080534
Ndrg1	-12.619593	-9.165714
St3gal1	-13.589951	-10.136072
Zfat	-14.229031	-10.775152
Gm26621	-14.46542	-11.011541
Gm20732	-15.787175	-12.333297
Khdrbs3	-11.189533	-7.7356553
Col22a1	-16.074858	-12.620979
Trappc9	-12.519509	-9.065631
Peg13	-11.926445	-8.472567
Chrac1	-11.09125	-7.6373725
Ago2	-11.0466	-7.5927224
Ptk2	-12.369449	-8.91557
Gm49066	-15.787175	-12.333297
Dennd3	-14.037975	-10.584097
Slc45a4	-13.222226	-9.768348
Gpr20	-15.38171	-11.927832
Ptp4a3	-11.605125	-8.151247
Arc	-13.841265	-10.387386
Jrk	-14.340256	-10.886377
Them6	-14.177737	-10.723859
Lynx1	-12.353188	-8.899309
Ly6e	-13.618121	-10.164243
Ly6a	-16.074858	-12.620979
Ly6c1	-16.074858	-12.620979
Zfp41	-13.954594	-10.500715
Top1mt	-13.647109	-10.193231
Mafa	-14.283098	-10.82922
Zc3h3	-13.589951	-10.136072
Gsdmd	-14.775575	-11.321696
Naprt	-13.366807	-9.912929
Eef1d	-10.008749	-6.554871
Tigd5	-13.877633	-10.423755
Pycrl	-12.742653	-9.2887745
Tsta3	-12.5290785	-9.0752
Zfp623	-14.283098	-10.82922
Zfp707	-12.619593	-9.165714
Ccdc166	-15.564032	-12.110153
Fam83h	-16.074858	-12.620979
Iqank1	-16.480322	-13.0264435
Scrib	-13.130418	-9.676539
Puf60	-11.3155365	-7.8616586
Nrbp2	-12.149589	-8.69571
Gm41349	-17.17347	-13.719591
Eppk1	-14.340256	-10.886377
Plec	-10.929302	-7.4754243
Parp10	-14.283098	-10.82922
Grina	-11.563997	-8.110119
Smpd5	-15.564032	-12.110153
Oplah	-13.014586	-9.560708
Exosc4	-11.684532	-8.230654
Gpaa1	-12.305935	-8.8520565
Cyc1	-10.944959	-7.4910808
Sharpin	-12.353188	-8.899309
Maf1	-11.507043	-8.0531645
Gm35339	-15.564032	-12.110153
Hgh1	-14.400881	-10.947002
Mroh1	-12.88301	-9.4291315
Bop1	-12.27563	-8.821752
Scx	-11.424076	-7.970198
Hsf1	-12.329283	-8.875404
Dgat1	-13.184485	-9.730607
Fbxl6	-12.76675	-9.312872
Slc52a2	-13.484591	-10.030712
Adck5	-13.366807	-9.912929
Cpsf1	-13.148118	-9.69424
Vps28	-10.673682	-7.2198043
Tonsl	-15.227559	-11.773681
Cyhr1	-10.82433	-7.3704524
Kifc2	-14.46542	-11.011541
Ppp1r16a	-13.618121	-10.164243
Gpt	-14.229031	-10.775152
Mfsd3	-14.229031	-10.775152
Recql4	-17.17347	-13.719591
Lrrc14	-12.696133	-9.242254
Lrrc24	-16.074858	-12.620979
C030006K11Rik	-13.046335	-9.592457
Arhgap39	-13.915373	-10.461494
Zfp251	-12.791443	-9.337564
Zfp7	-14.976245	-11.522367
Commd5	-17.17347	-13.719591
Rpl8	-8.300422	-4.846544
Zfp647	-14.688563	-11.234685
1110038F14Rik	-11.718148	-8.26427
Mb	-17.17347	-13.719591
Apol6	-13.459897	-10.006019
Rbfox2	-10.712002	-7.258124
Apol10b	-17.17347	-13.719591
Apol9b	-17.17347	-13.719591
Apol8	-17.17347	-13.719591
Myh9	-10.645512	-7.1916337
Txn2	-11.162202	-7.708324
Foxred2	-15.38171	-11.927832
Eif3d	-11.105044	-7.6511664
Ift27	-11.433677	-7.979799
Tst	-12.64087	-9.186992
Mpst	-11.980513	-8.526634
Kctd17	-11.885202	-8.431324
Il2rb	-17.17347	-13.719591
C1qtnf6	-11.486494	-8.032616
Gm49490	-16.480322	-13.0264435
Gm36738	-16.480322	-13.0264435
Cyth4	-17.17347	-13.719591
Card10	-16.074858	-12.620979
Cdc42ep1	-15.227559	-11.773681
Gga1	-12.290668	-8.836789
Sh3bp1	-13.509908	-10.056029
1700027A07Rik	-17.17347	-13.719591
Pdxp	-15.38171	-11.927832
Lgals1	-7.90354	-4.4496627
Nol12	-12.472989	-9.019111
Triobp	-12.210625	-8.756746
Gm17753	-16.074858	-12.620979
H1f0	-11.292936	-7.8390584
Gcat	-12.804022	-9.350143
Ankrd54	-12.568299	-9.114421
Eif3l	-11.154877	-7.700999
Micall1	-11.974973	-8.521094
1700088E04Rik	-14.037975	-10.584097
Polr2f	-10.219786	-6.765908
Gm10863	-17.17347	-13.719591
Pick1	-12.855982	-9.402103
Slc16a8	-16.480322	-13.0264435
Baiap2l2	-15.38171	-11.927832
Pla2g6	-14.128947	-10.675069
Maff	-12.684834	-9.230955
Tmem184b	-12.189863	-8.735985
Csnk1e	-11.281825	-7.827947
Gm16059	-17.17347	-13.719591
Kcnj4	-17.17347	-13.719591
Kdelr3	-11.140384	-7.686506
Ddx17	-10.831348	-7.3774705
Dmc1	-13.995416	-10.541537
Fam227a	-14.688563	-11.234685
Cby1	-11.85535	-8.401471
Tomm22	-10.82084	-7.366962
Josd1	-12.5290785	-9.0752
Gtpbp1	-12.999083	-9.545204
Sun2	-10.572239	-7.118361
Gm16576	-14.775575	-11.321696
Dnal4	-12.162834	-8.708956
Nptxr	-12.329283	-8.875404
Cbx6	-10.72775	-7.273872
AC113595.1	-17.17347	-13.719591
Apobec3	-13.995416	-10.541537
Cbx7	-12.472989	-9.019111
Pdgfb	-15.0940275	-11.640149
Rpl3	-8.570649	-5.116771
Tab1	-13.41227	-9.958391
Mgat3	-14.128947	-10.675069
Mief1	-12.9393635	-9.485485
Atf4	-10.944959	-7.4910808
Rps19bp1	-11.880165	-8.426287
Tnrc6b	-10.579056	-7.125178
Adsl	-12.313657	-8.859778
Sgsm3	-13.4358	-9.981921
Mrtfa	-13.079125	-9.625247
4930483J18Rik	-17.17347	-13.719591
Slc25a17	-11.718148	-8.26427
St13	-10.360025	-6.9061475
Xpnpep3	-13.41227	-9.958391
Rbx1	-9.915762	-6.461884
Ep300	-11.531563	-8.077684
L3mbtl2	-13.5625515	-10.108673
Chadl	-13.184485	-9.730607
Rangap1	-12.369449	-8.91557
Zc3h7b	-11.890265	-8.436387
Tef	-11.427266	-7.973388
Tob2	-10.173135	-6.719257
Phf5a	-11.290147	-7.836269
Aco2	-10.964879	-7.511001
Polr3h	-12.804022	-9.350143
Csdc2	-12.369449	-8.91557
Pmm1	-11.259967	-7.806089
Xrcc6	-12.66261	-9.208732
Desi1	-12.924974	-9.471096
Snu13	-10.670679	-7.216801
Ccdc134	-13.113027	-9.659148
Srebf2	-11.329926	-7.8760476
Cenpm	-15.564032	-12.110153
Naga	-12.298272	-8.844394
Pheta2	-14.128947	-10.675069
Smdt1	-9.828105	-6.374227
Ndufa6	-9.858252	-6.4043736
Cyp2d22	-12.482121	-9.028243
Cyp2d9	-17.17347	-13.719591
Tcf20	-12.361285	-8.907407
Gm20324	-16.074858	-12.620979
Serhl	-13.014586	-9.560708
Rrp7a	-12.183037	-8.729158
Poldip3	-12.238996	-8.785117
Cyb5r3	-9.587173	-6.1332955
Gm49463	-14.775575	-11.321696
A4galt	-12.77902	-9.325142
Arfgap3	-12.110874	-8.656996
1700001L05Rik	-14.688563	-11.234685
Pacsin2	-11.414568	-7.96069
Ttll1	-12.76675	-9.312872
Bik	-11.217632	-7.7637544
Mcat	-13.222226	-9.768348
Tspo	-9.473174	-6.0192966
Ttll12	-14.177737	-10.723859
Scube1	-13.877633	-10.423755
Samm50	-11.327031	-7.873153
Rtl6	-14.46542	-11.011541
Prr5	-17.17347	-13.719591
Arhgap8	-16.480322	-13.0264435
Nup50	-12.67366	-9.219782
5031439G07Rik	-13.079125	-9.625247
Fam118a	-12.482121	-9.028243
Fbln1	-10.649907	-7.196029
Atxn10	-11.347469	-7.8935914
Gm49539	-14.340256	-10.886377
Lncppara	-13.877633	-10.423755
Ppara	-14.177737	-10.723859
Cdpf1	-12.143031	-8.689153
Pkdrej	-17.17347	-13.719591
Ttc38	-13.184485	-9.730607
Trmu	-13.618121	-10.164243
Celsr1	-17.17347	-13.719591
Gramd4	-14.340256	-10.886377
Cerk	-11.885202	-8.431324
Tbc1d22a	-14.46542	-11.011541
A930001M01Rik	-16.480322	-13.0264435
Tafa5	-12.609121	-9.155243
Brd1	-11.259967	-7.806089
Zbed4	-14.177737	-10.723859
Alg12	-13.589951	-10.136072
Creld2	-12.305935	-8.8520565
Pim3	-12.020178	-8.566299
Gm20621	-16.480322	-13.0264435
1810021B22Rik	-14.534412	-11.080534
Trabd	-12.630175	-9.176296
Selenoo	-12.7075615	-9.253683
Tubgcp6	-14.229031	-10.775152
Hdac10	-14.6085205	-11.154642
Mapk12	-14.46542	-11.011541
Plxnb2	-11.5750475	-8.121169
Dennd6b	-14.688563	-11.234685
Ppp6r2	-12.742653	-9.2887745
Sbf1	-12.519509	-9.065631
Lmf2	-12.196735	-8.742857
Ncaph2	-12.110874	-8.656996
Sco2	-13.535883	-10.082005
Cpt1b	-17.17347	-13.719591
Chkb	-12.64087	-9.186992
C730034F03Rik	-13.841265	-10.387386
Mapk8ip2	-17.17347	-13.719591
Arsa	-12.7075615	-9.253683
C230037L18Rik	-14.775575	-11.321696
Shank3	-14.976245	-11.522367
Gm15609	-16.480322	-13.0264435
Rabl2	-13.509908	-10.056029
Alg10b	-12.588502	-9.134624
Cpne8	-13.148118	-9.69424
Kif21a	-13.459897	-10.006019
Slc2a13	-11.947722	-8.493844
Lrrk2	-12.558349	-9.10447
Smgc	-17.17347	-13.719591
Muc19	-17.17347	-13.719591
Cntn1	-17.17347	-13.719591
Gm26760	-15.227559	-11.773681
Pdzrn4	-11.380456	-7.926578
4930588J15Rik	-15.564032	-12.110153
Gxylt1	-12.558349	-9.10447
Yaf2	-11.524495	-8.070617
Zcrb1	-10.482627	-7.028749
Pphln1	-12.651681	-9.197803
Prickle1	-13.459897	-10.006019
Pus7l	-14.534412	-11.080534
Irak4	-12.983815	-9.529937
Twf1	-11.503589	-8.04971
Tmem117	-12.88301	-9.4291315
Nell2	-13.366807	-9.912929
A130051J06Rik	-15.787175	-12.333297
Ano6	-11.010155	-7.556277
2610037D02Rik	-12.88301	-9.4291315
Arid2	-11.798191	-8.344313
Scaf11	-10.473969	-7.0200915
Slc38a1	-11.553069	-8.099191
Slc38a2	-9.353833	-5.8999553
Slc38a4	-15.38171	-11.927832
Amigo2	-12.77902	-9.325142
Pced1b	-13.995416	-10.541537
Rpap3	-12.46394	-9.010061
Endou	-15.227559	-11.773681
Rapgef3	-15.38171	-11.927832
Slc48a1	-10.870851	-7.4169726
Hdac7	-12.696133	-9.242254
Tmem106c	-13.302269	-9.848391
Col2a1	-11.287366	-7.833488
Senp1	-12.53874	-9.084862
Pfkm	-11.974973	-8.521094
Gm26513	-16.480322	-13.0264435
Asb8	-12.298272	-8.844394
Zfp641	-13.647109	-10.193231
Olfr279	-17.17347	-13.719591
Kansl2	-12.558349	-9.10447
Ccnt1	-11.74852	-8.2946415
9330020H09Rik	-14.283098	-10.82922
Adcy6	-12.402785	-8.948907
Cacnb3	-12.073603	-8.619724
Ddx23	-12.482121	-9.028243
Rnd1	-15.787175	-12.333297
Ccdc65	-15.564032	-12.110153
Fkbp11	-13.241644	-9.7877655
Arf3	-11.880165	-8.426287
Wnt10b	-17.17347	-13.719591
B130046B21Rik	-16.480322	-13.0264435
Prkag1	-11.713884	-8.260006
Kmt2d	-12.428537	-8.974659
5730414N17Rik	-15.38171	-11.927832
Rhebl1	-13.806173	-10.352295
Lmbr1l	-13.806173	-10.352295
Tuba1b	-10.883754	-7.429876
Tuba1a	-10.4436455	-6.9897676
4930578M01Rik	-15.787175	-12.333297
Tuba1c	-12.037671	-8.583793
Prph	-15.787175	-12.333297
Spats2	-13.095932	-9.642054
Kcnh3	-17.17347	-13.719591
Mcrs1	-12.073603	-8.619724
1700120C14Rik	-13.366807	-9.912929
Prpf40b	-12.742653	-9.2887745
Fmnl3	-13.222226	-9.768348
Tmbim6	-10.5681715	-7.1142936
Nckap5l	-13.647109	-10.193231
Nckap5los	-17.17347	-13.719591
Bcdin3d	-13.4358	-9.981921
Faim2	-14.229031	-10.775152
Aqp2	-14.870885	-11.4170065
Aqp5	-17.17347	-13.719591
Racgap1	-16.074858	-12.620979
Asic1	-17.17347	-13.719591
Smarcd1	-12.130044	-8.676166
Gm17349	-17.17347	-13.719591
Gpd1	-14.534412	-11.080534
Cox14	-10.719845	-7.265967
Cers5	-11.761824	-8.307945
Lima1	-11.958533	-8.504655
Gm17057	-17.17347	-13.719591
Gm49494	-16.480322	-13.0264435
Larp4	-11.411418	-7.95754
2310068J16Rik	-14.46542	-11.011541
Dip2b	-12.428537	-8.974659
Atf1	-11.865202	-8.411324
Mettl7a1	-11.766297	-8.312419
Mettl7a2	-17.17347	-13.719591
Slc11a2	-13.095932	-9.642054
5330439K02Rik	-17.17347	-13.719591
Letmd1	-13.166137	-9.712258
Csrnp2	-14.775575	-11.321696
Tfcp2	-12.983815	-9.529937
Pou6f1	-13.41227	-9.958391
Gm49492	-15.564032	-12.110153
1110013H19Rik	-15.787175	-12.333297
C330013E15Rik	-14.534412	-11.080534
Dazap2	-11.033585	-7.5797067
Cela1	-14.128947	-10.675069
Galnt6	-12.073603	-8.619724
Slc4a8	-14.775575	-11.321696
Fignl2	-15.564032	-12.110153
Acvrl1	-11.905611	-8.451733
Acvr1b	-13.772272	-10.318394
A330009N23Rik	-15.787175	-12.333297
Grasp	-13.647109	-10.193231
Nr4a1	-10.638228	-7.1843505
Atg101	-12.162834	-8.708956
Smim41	-15.787175	-12.333297
Gm35853	-17.17347	-13.719591
Krt80	-15.564032	-12.110153
Krt79	-16.480322	-13.0264435
Krt78	-17.17347	-13.719591
Krt18	-13.014586	-9.560708
Eif4b	-11.100425	-7.646547
Tns2	-11.249214	-7.7953362
Spryd3	-11.986084	-8.532206
Igfbp6	-14.229031	-10.775152
Csad	-11.770792	-8.316914
Zfp740	-12.369449	-8.91557
Rarg	-12.253489	-8.79961
Mfsd5	-12.9107895	-9.456911
Espl1	-15.38171	-11.927832
Pfdn5	-9.254113	-5.8002353
Myg1	-12.014414	-8.560535
Aaas	-13.915373	-10.461494
Sp7	-14.46542	-11.011541
Sp1	-11.553069	-8.099191
Prr13	-12.014414	-8.560535
Pcbp2	-9.915057	-6.4611793
Map3k12	-12.730819	-9.27694
Tarbp2	-12.804022	-9.350143
Npff	-14.775575	-11.321696
Atf7	-11.6804085	-8.22653
Gm4544	-16.074858	-12.620979
Atp5g2	-9.693041	-6.2391634
Calcoco1	-11.417727	-7.9638495
Hoxc10	-16.480322	-13.0264435
Hoxc8	-17.17347	-13.719591
Hoxc4	-17.17347	-13.719591
Smug1	-13.38928	-9.935402
Cbx5	-10.507786	-7.053908
Hnrnpa1	-10.645512	-7.1916337
Copz1	-11.905611	-8.451733
Zfp385a	-13.618121	-10.164243
Itga5	-12.067524	-8.613646
Pde1b	-14.870885	-11.4170065
Ppp1r1a	-14.082427	-10.628549
Zfp263	-13.030334	-9.576456
Zfp174	-14.177737	-10.723859
Zfp597	-13.184485	-9.730607
Naa60	-12.619593	-9.165714
1700037C18Rik	-14.283098	-10.82922
Cluap1	-12.15619	-8.7023115
Gm15537	-16.480322	-13.0264435
Nlrc3	-16.480322	-13.0264435
Slx4	-14.283098	-10.82922
Gm15879	-16.074858	-12.620979
Trap1	-12.402785	-8.948907
Crebbp	-10.629558	-7.1756797
Adcy9	-12.88301	-9.4291315
Srl	-15.564032	-12.110153
Tfap4	-15.38171	-11.927832
Glis2	-13.38928	-9.935402
Pam16	-11.4051485	-7.9512706
Coro7	-14.340256	-10.886377
Vasn	-10.298238	-6.84436
Dnaja3	-12.855982	-9.402103
Nmral1	-14.128947	-10.675069
Hmox2	-11.752934	-8.299056
Cdip1	-12.143031	-8.689153
4930562C15Rik	-16.480322	-13.0264435
Ubald1	-12.619593	-9.165714
Mgrn1	-11.821611	-8.367733
Gm16861	-14.976245	-11.522367
Nudt16l1	-12.260815	-8.806936
Anks3	-12.9393635	-9.485485
Rogdi	-12.630175	-9.176296
Glyr1	-11.85535	-8.401471
Ubn1	-11.254576	-7.800698
Ppl	-17.17347	-13.719591
Nagpa	-12.419879	-8.966001
Alg1	-12.754629	-9.300751
Eef2kmt	-12.588502	-9.134624
Mettl22	-13.877633	-10.423755
Abat	-11.784398	-8.33052
Tmem186	-14.283098	-10.82922
Pmm2	-12.684834	-9.230955
Carhsp1	-12.104566	-8.650687
Usp7	-11.567667	-8.113789
1810013L24Rik	-12.07972	-8.625841
Grin2a	-16.074858	-12.620979
Rpl39l	-17.17347	-13.719591
Atf7ip2	-17.17347	-13.719591
Emp2	-10.315955	-6.862077
Nubp1	-12.619593	-9.165714
Tvp23a	-14.976245	-11.522367
Ciita	-17.17347	-13.719591
Dexi	-12.329283	-8.875404
Clec16a	-13.344828	-9.890949
Socs1	-13.095932	-9.642054
Prm3	-17.17347	-13.719591
Gm26822	-16.074858	-12.620979
Rmi2	-16.074858	-12.620979
Litaf	-12.696133	-9.242254
Snn	-13.995416	-10.541537
Txndc11	-12.5290785	-9.0752
Zc3h7a	-11.845593	-8.391715
Rsl1d1	-11.507043	-8.0531645
2610020C07Rik	-14.870885	-11.4170065
Gspt1	-10.913888	-7.46001
Snx29	-13.995416	-10.541537
4833415N18Rik	-12.098296	-8.644418
Cpped1	-12.008683	-8.554805
Shisa9	-15.227559	-11.773681
Ercc4	-13.113027	-9.659148
Mrtfb	-12.588502	-9.134624
Gm32817	-13.995416	-10.541537
2310015D24Rik	-14.340256	-10.886377
Parn	-12.45497	-9.001092
Bfar	-11.402028	-7.94815
3110001I22Rik	-15.227559	-11.773681
Rrn3	-12.9393635	-9.485485
Ntan1	-10.923494	-7.4696164
Pdxdc1	-11.386572	-7.932694
Mpv17l	-12.361285	-8.907407
Marf1	-11.731051	-8.277173
Nde1	-12.816761	-9.362883
Myh11	-7.405286	-3.9514084
Fopnl	-12.104566	-8.650687
Abcc1	-11.424076	-7.970198
Snai2	-12.816761	-9.362883
Efcab1	-17.17347	-13.719591
Ube2v2	-11.24388	-7.7900023
Mcm4	-12.896804	-9.442925
Prkdc	-12.719122	-9.265244
Mzt2	-12.394346	-8.940468
Cebpd	-10.910071	-7.4561934
Spidr	-13.4358	-9.981921
Yars2	-13.647109	-10.193231
Dnm1l	-11.493297	-8.039418
Fgd4	-13.030334	-9.576456
Vpreb1	-15.787175	-12.333297
Top3b	-12.53874	-9.084862
Ppm1f	-13.509908	-10.056029
Mapk1	-11.389645	-7.9357667
1700056N10Rik	-14.976245	-11.522367
Ypel1	-14.870885	-11.4170065
Ppil2	-11.895355	-8.441477
Sdf2l1	-13.707733	-10.253855
Ydjc	-14.870885	-11.4170065
Ube2l3	-10.887471	-7.4335933
Hic2	-14.128947	-10.675069
Tmem191c	-13.954594	-10.500715
Pi4ka	-12.27563	-8.821752
Snap29	-12.999083	-9.545204
Crkl	-12.588502	-9.134624
Aifm3	-15.0940275	-11.640149
Lztr1	-12.210625	-8.756746
Thap7	-12.231827	-8.777948
Gm49785	-17.17347	-13.719591
P2rx6	-16.074858	-12.620979
Smpd4	-13.589951	-10.136072
Ccdc74a	-15.38171	-11.927832
Med15	-12.002986	-8.549108
Klhl22	-12.730819	-9.27694
Scarf2	-10.856305	-7.402427
Car15	-15.38171	-11.927832
Dgcr2	-12.055475	-8.601597
Ess2	-12.953961	-9.500083
Slc25a1	-11.969462	-8.515584
Dgcr6	-11.324144	-7.8702664
Prodh	-13.28165	-9.827771
Rtn4r	-15.787175	-12.333297
4933432I09Rik	-17.17347	-13.719591
Zdhhc8	-11.788975	-8.335096
Ranbp1	-10.6647005	-7.2108226
Trmt2a	-12.855982	-9.402103
Dgcr8	-12.719122	-9.265244
Tango2	-12.869405	-9.415526
Arvcf	-13.707733	-10.253855
Comt	-10.609614	-7.1557364
Gm15764	-17.17347	-13.719591
Txnrd2	-13.28165	-9.827771
Gnb1l	-14.976245	-11.522367
Tbx1	-14.177737	-10.723859
Gp1bb	-16.480322	-13.0264435
Sept5	-13.130418	-9.676539
Cldn5	-16.480322	-13.0264435
Cdc45	-14.870885	-11.4170065
Ufd1	-12.0435705	-8.589692
2510002D24Rik	-12.061481	-8.607603
Mrpl40	-12.337188	-8.883309
Hira	-12.983815	-9.529937
Iglc2	-16.480322	-13.0264435
B3gnt5	-15.38171	-11.927832
Klhl24	-11.371351	-7.9174733
Yeats2	-13.261447	-9.807569
Parl	-11.986084	-8.532206
Abcc5	-11.931723	-8.477844
Eif2b5	-12.117224	-8.663345
Gm16618	-17.17347	-13.719591
Dvl3	-12.253489	-8.79961
Ap2m1	-10.469055	-7.0151772
Abcf3	-12.64087	-9.186992
Gm49745	-17.17347	-13.719591
Vwa5b2	-16.074858	-12.620979
Alg3	-13.261447	-9.807569
Eef1akmt4	-14.46542	-11.011541
Camk2n2	-13.707733	-10.253855
Ece2	-13.148118	-9.69424
Psmd2	-11.005953	-7.552075
Eif4g1	-10.588678	-7.1348004
Fam131a	-12.651681	-9.197803
Clcn2	-15.0940275	-11.640149
Polr2h	-12.321439	-8.86756
Thpo	-17.17347	-13.719591
Chrd	-13.28165	-9.827771
Ephb3	-13.739482	-10.285604
Vps8	-12.9107895	-9.456911
2510009E07Rik	-11.980513	-8.526634
Ehhadh	-15.564032	-12.110153
1300002E11Rik	-12.176257	-8.722379
Map3k13	-14.688563	-11.234685
Gm26744	-17.17347	-13.719591
Tmem41a	-13.28165	-9.827771
Liph	-17.17347	-13.719591
Senp2	-11.974973	-8.521094
Igf2bp2	-14.775575	-11.321696
Tra2b	-10.495128	-7.0412498
Etv5	-13.509908	-10.056029
Dgkg	-13.676962	-10.2230835
Crygs	-17.17347	-13.719591
Tbccd1	-13.676962	-10.2230835
Dnajb11	-11.417727	-7.9638495
Ahsg	-15.564032	-12.110153
Fetub	-14.870885	-11.4170065
Eif4a2	-10.05141	-6.597532
Rfc4	-13.509908	-10.056029
6330408M09Rik	-14.976245	-11.522367
B630019A10Rik	-14.46542	-11.011541
BC106179	-15.227559	-11.773681
St6gal1	-12.7075615	-9.253683
Rtp4	-15.227559	-11.773681
Bcl6	-12.217643	-8.763764
Gm49518	-17.17347	-13.719591
Lpp	-8.692525	-5.2386475
A230028O05Rik	-17.17347	-13.719591
Trp63	-16.480322	-13.0264435
P3h2	-13.915373	-10.461494
AU015336	-17.17347	-13.719591
Il1rap	-12.46394	-9.010061
Gmnc	-14.6085205	-11.154642
Ostn	-15.787175	-12.333297
Ccdc50	-10.595608	-7.14173
Fgf12	-12.548497	-9.094619
Mb21d2	-13.995416	-10.541537
Plaat1	-13.954594	-10.500715
Opa1	-12.28312	-8.829242
Gm26569	-17.17347	-13.719591
4632428C04Rik	-17.17347	-13.719591
Hes1	-12.510031	-9.056152
Gm26562	-17.17347	-13.719591
Gp5	-17.17347	-13.719591
Atp13a3	-11.469687	-8.015809
Tmem44	-16.074858	-12.620979
Lsg1	-12.67366	-9.219782
Fam43a	-14.870885	-11.4170065
Xxylt1	-12.491339	-9.03746
Acap2	-11.542257	-8.088379
Ppp1r2	-10.685785	-7.2319074
Gm49767	-13.995416	-10.541537
Bdh1	-12.290668	-8.836789
Dlg1	-11.793572	-8.339694
Pigz	-14.976245	-11.522367
0610012G03Rik	-11.414568	-7.96069
Ncbp2	-11.567667	-8.113789
Senp5	-12.07972	-8.625841
Gm49733	-17.17347	-13.719591
Pak2	-10.425883	-6.9720054
Pigx	-12.437271	-8.983393
Cep19	-13.113027	-9.659148
Fbxo45	-13.302269	-9.848391
Wdr53	-13.344828	-9.890949
Rnf168	-12.217643	-8.763764
Ubxn7	-12.136517	-8.682638
Tctex1d2	-12.298272	-8.844394
Pcyt1a	-11.542257	-8.088379
Slc51a	-17.17347	-13.719591
Zdhhc19	-17.17347	-13.719591
Tfrc	-13.995416	-10.541537
Tnk2	-12.176257	-8.722379
Muc4	-14.46542	-11.011541
Rubcn	-12.696133	-9.242254
Fyttd1	-10.756737	-7.302859
Lrch3	-11.628292	-8.174414
Iqcg	-16.480322	-13.0264435
Rpl35a	-8.007917	-4.5540395
Lmln	-14.128947	-10.675069
Osbpl11	-12.5290785	-9.0752
Snx4	-11.48311	-8.029232
1700007L15Rik	-15.227559	-11.773681
Zfp148	-11.048786	-7.594908
Slc12a8	-16.074858	-12.620979
Heg1	-12.816761	-9.362883
Itgb5	-9.891396	-6.4375176
Umps	-13.166137	-9.712258
Kalrn	-11.958533	-8.504655
Ccdc14	-13.739482	-10.285604
Mylk	-8.600085	-5.1462073
E130310I04Rik	-15.0940275	-11.640149
Gm21691	-15.38171	-11.927832
Hacd2	-12.15619	-8.7023115
Adcy5	-10.2400465	-6.7861686
Sec22a	-12.500641	-9.046762
Pdia5	-12.7075615	-9.253683
Sema5b	-16.480322	-13.0264435
Slc49a4	-11.761824	-8.307945
Hspbap1	-14.283098	-10.82922
Parp14	-13.41227	-9.958391
Dtx3l	-13.203177	-9.749299
Parp9	-13.241644	-9.7877655
Gm15564	-14.6085205	-11.154642
Kpna1	-11.779842	-8.325964
Wdr5b	-14.46542	-11.011541
Fam162a	-10.021201	-6.567323
Ccdc58	-13.261447	-9.807569
Slc15a2	-14.534412	-11.080534
Eaf2	-15.38171	-11.927832
Iqcb1	-12.696133	-9.242254
2600002D14Rik	-16.074858	-12.620979
Golgb1	-10.314904	-6.8610263
Hcls1	-16.480322	-13.0264435
Fbxo40	-13.707733	-10.253855
Gtf2e1	-14.037975	-10.584097
Rabl3	-14.283098	-10.82922
Ndufb4	-10.32972	-6.8758416
Fstl1	-8.75986	-5.3059826
Lrrc58	-10.561429	-7.107551
Gsk3b	-10.414214	-6.960336
Maats1	-17.17347	-13.719591
Cox17	-10.105297	-6.651419
Popdc2	-14.082427	-10.628549
Adprh	-11.802832	-8.348953
Cd80	-15.787175	-12.333297
Timmdc1	-13.323322	-9.869444
Poglut1	-11.860264	-8.406385
Tmem39a	-12.345156	-8.891277
Arhgap31	-12.049505	-8.595627
B4galt4	-13.241644	-9.7877655
Zbtb20	-8.345708	-4.89183
Gm19522	-14.976245	-11.522367
Qtrt2	-13.261447	-9.807569
Ccdc191	-12.598759	-9.14488
Zdhhc23	-14.400881	-10.947002
Gramd1c	-14.976245	-11.522367
Atp6v1a	-10.493871	-7.039993
Naa50	-11.07091	-7.6170325
Usf3	-12.130044	-8.676166
Spice1	-13.323322	-9.869444
Boc	-11.766297	-8.312419
Nepro	-14.775575	-11.321696
Gtpbp8	-13.113027	-9.659148
Ccdc80	-10.0118475	-6.5579696
Slc35a5	-12.210625	-8.756746
Atg3	-10.894948	-7.44107
Btla	-15.787175	-12.333297
Cd200	-8.94236	-5.488482
Gm609	-17.17347	-13.719591
BC016579	-16.480322	-13.0264435
Tagln3	-16.480322	-13.0264435
Abhd10	-12.696133	-9.242254
Phldb2	-11.556699	-8.10282
Plcxd2	-15.787175	-12.333297
Nectin3	-12.696133	-9.242254
Dppa2	-17.17347	-13.719591
Retnla	-17.17347	-13.719591
Dzip3	-12.730819	-9.27694
Cip2a	-16.074858	-12.620979
Ift57	-12.098296	-8.644418
Cd47	-10.185057	-6.7311788
Bbx	-10.906269	-7.452391
Dubr	-12.049505	-8.595627
Gm29686	-17.17347	-13.719591
Cblb	-13.222226	-9.768348
Alcam	-10.462947	-7.009069
Nfkbiz	-11.701199	-8.24732
Nxpe3	-14.976245	-11.522367
Cep97	-13.113027	-9.659148
Rpl24	-8.545809	-5.091931
Zbtb11os1	-12.855982	-9.402103
Zbtb11	-12.15619	-8.7023115
Pcnp	-10.738923	-7.285045
Trmt10c	-12.88301	-9.4291315
Senp7	-11.731051	-8.277173
Abi3bp	-9.630726	-6.176848
Tfg	-11.341587	-7.887709
Tmem45a	-12.008683	-8.554805
Gm15839	-15.38171	-11.927832
Tomm70a	-11.90047	-8.446591
Nit2	-12.472989	-9.019111
Gm16892	-17.17347	-13.719591
Tbc1d23	-12.136517	-8.682638
Cmss1	-13.203177	-9.749299
Filip1l	-8.671999	-5.2181215
Col8a1	-11.567667	-8.113789
Dcbld2	-12.57835	-9.124472
St3gal6	-13.014586	-9.560708
Cpox	-12.7075615	-9.253683
Cldnd1	-10.789963	-7.336085
Riox2	-13.618121	-10.164243
Crybg3	-11.937028	-8.48315
Arl6	-12.67366	-9.219782
Nsun3	-14.6085205	-11.154642
Arl13b	-11.788975	-8.335096
Pros1	-11.341587	-7.887709
Epha3	-11.567667	-8.113789
4930453N24Rik	-11.831136	-8.377257
Zfp654	-12.684834	-9.230955
Cggbp1	-10.758372	-7.3044944
Pou1f1	-17.17347	-13.719591
Chmp2b	-11.262672	-7.8087945
Vgll3	-12.394346	-8.940468
Gbe1	-13.113027	-9.659148
Robo1	-13.030334	-9.576456
Rbm11	-16.480322	-13.0264435
Hspa13	-11.701199	-8.24732
Nrip1	-10.858111	-7.4042335
Usp25	-11.974973	-8.521094
Mir99ahg	-12.073603	-8.619724
E330011O21Rik	-17.17347	-13.719591
Cxadr	-17.17347	-13.719591
Btg3	-10.893074	-7.439196
D16Ertd472e	-12.46394	-9.010061
Chodl	-17.17347	-13.719591
Ncam2	-15.564032	-12.110153
Gm21833	-17.17347	-13.719591
Mir155hg	-17.17347	-13.719591
Mrpl39	-12.696133	-9.242254
Jam2	-13.344828	-9.890949
Atp5j	-9.483183	-6.0293055
Gabpa	-12.203656	-8.749778
App	-8.849376	-5.395498
Cyyr1	-15.564032	-12.110153
Adamts1	-9.620183	-6.166305
Adamts5	-13.046335	-9.592457
N6amt1	-11.177017	-7.7231393
Ltn1	-11.840751	-8.386872
Rwdd2b	-14.283098	-10.82922
Usp16	-11.556699	-8.10282
Cct8	-10.685785	-7.2319074
B130034C11Rik	-15.38171	-11.927832
Map3k7cl	-11.327031	-7.873153
Bach1	-12.055475	-8.601597
2810407A14Rik	-17.17347	-13.719591
Tiam1	-14.6085205	-11.154642
Sod1	-10.719845	-7.265967
Scaf4	-12.67366	-9.219782
Gm49708	-11.705409	-8.251531
Hunk	-16.074858	-12.620979
Mis18a	-14.082427	-10.628549
Urb1	-13.772272	-10.318394
Eva1c	-12.730819	-9.27694
Cfap298	-12.15619	-8.7023115
Synj1	-12.57835	-9.124472
Paxbp1	-12.104566	-8.650687
Ifnar2	-11.276316	-7.822438
Il10rb	-12.588502	-9.134624
A930006K02Rik	-16.074858	-12.620979
Ifnar1	-12.588502	-9.134624
Ifngr2	-11.958533	-8.504655
Tmem50b	-12.130044	-8.676166
Dnajc28	-14.400881	-10.947002
Gart	-12.558349	-9.10447
Son	-9.068162	-5.614284
Donson	-14.229031	-10.775152
Gm10785	-15.787175	-12.333297
Cryzl1	-11.910779	-8.456901
Itsn1	-12.67366	-9.219782
Atp5o	-10.387882	-6.9340043
Mrps6	-11.612788	-8.15891
Slc5a3	-12.5290785	-9.0752
Gm16310	-14.340256	-10.886377
Smim11	-10.6647005	-7.2108226
Rcan1	-12.53874	-9.084862
Runx1	-13.915373	-10.461494
Setd4	-14.46542	-11.011541
Cbr1	-11.969462	-8.515584
Cbr3	-12.394346	-8.940468
Dop1b	-13.222226	-9.768348
Gm30881	-17.17347	-13.719591
Morc3	-12.203656	-8.749778
Chaf1b	-14.976245	-11.522367
Sim2	-17.17347	-13.719591
Hlcs	-13.459897	-10.006019
Ripply3	-17.17347	-13.719591
Pigp	-10.852701	-7.3988233
Ttc3	-10.336137	-6.882259
Vps26c	-12.27563	-8.821752
Dyrk1a	-12.104566	-8.650687
Gm41505	-15.38171	-11.927832
Gm31641	-15.787175	-12.333297
Kcnj15	-10.740529	-7.286651
Gm49643	-15.38171	-11.927832
Erg	-11.279067	-7.825189
Ets2	-12.025975	-8.572097
Psmg1	-12.428537	-8.974659
Brwd1	-11.517478	-8.0636
Hmgn1	-9.462368	-6.0084906
Wrb	-13.095932	-9.642054
Lca5l	-14.128947	-10.675069
Sh3bgr	-9.458345	-6.004468
Pcp4	-12.519509	-9.065631
Bace2	-14.775575	-11.321696
Prdm15	-13.535883	-10.082005
C2cd2	-12.061481	-8.607603
Zbtb21	-12.472989	-9.019111
C030010L15Rik	-17.17347	-13.719591
B230307C23Rik	-13.41227	-9.958391
A630089N07Rik	-13.509908	-10.056029
Scaf8	-12.098296	-8.644418
Gm49797	-13.323322	-9.869444
Tiam2	-12.558349	-9.10447
Tfb1m	-14.534412	-11.080534
Cldn20	-17.17347	-13.719591
1700102H20Rik	-15.787175	-12.333297
Gm41517	-17.17347	-13.719591
Arid1b	-11.605125	-8.151247
Tmem242	-12.07972	-8.625841
Ldhal6b	-17.17347	-13.719591
Zdhhc14	-13.676962	-10.2230835
Snx9	-11.371351	-7.9174733
Synj2	-12.27563	-8.821752
Serac1	-14.6085205	-11.154642
Gtf2h5	-10.628119	-7.1742415
Tulp4	-11.09125	-7.6373725
Tmem181a	-13.095932	-9.642054
Dynlt1a	-14.870885	-11.4170065
Dynlt1b	-14.6085205	-11.154642
Dynlt1c	-16.480322	-13.0264435
Dynlt1f	-13.877633	-10.423755
Ezr	-13.772272	-10.318394
Rsph3b	-14.177737	-10.723859
Gm49719	-15.564032	-12.110153
Tagap1	-13.995416	-10.541537
Rnaset2b	-13.28165	-9.827771
Rps6ka2	-14.775575	-11.321696
Fndc1	-15.38171	-11.927832
E430024P14Rik	-15.227559	-11.773681
Tagap	-16.074858	-12.620979
Rsph3a	-14.283098	-10.82922
Rnaset2a	-13.739482	-10.285604
Fgfr1op	-13.166137	-9.712258
Mpc1	-10.007977	-6.5540986
4930506C21Rik	-17.17347	-13.719591
Sft2d1	-13.589951	-10.136072
Prr18	-17.17347	-13.719591
Pde10a	-12.696133	-9.242254
1700010I14Rik	-17.17347	-13.719591
Qk	-10.784908	-7.3310304
Pacrg	-17.17347	-13.719591
Prkn	-14.688563	-11.234685
Agpat4	-12.07972	-8.625841
Map3k4	-11.660041	-8.206162
4732491K20Rik	-13.113027	-9.659148
Slc22a3	-14.128947	-10.675069
Slc22a2	-12.049505	-8.595627
Slc22a1	-11.265387	-7.8115087
Igf2r	-11.463042	-8.009164
Airn	-12.136517	-8.682638
Pnldc1	-13.079125	-9.625247
Mrpl18	-10.763294	-7.3094163
Tcp1	-10.548078	-7.0941997
Acat3	-16.074858	-12.620979
Acat2	-13.203177	-9.749299
Wtap	-11.947722	-8.493844
Sod2	-10.881901	-7.428023
2700054A10Rik	-16.480322	-13.0264435
Tcte2	-17.17347	-13.719591
Afdn	-11.705409	-8.251531
Smoc2	-13.915373	-10.461494
Thbs2	-11.739747	-8.285869
Wdr27	-14.283098	-10.82922
1600012H06Rik	-12.869405	-9.415526
Phf10	-11.890265	-8.436387
9030025P20Rik	-14.688563	-11.234685
Gm3448	-15.227559	-11.773681
Gm3435	-15.564032	-12.110153
Ermard	-14.037975	-10.584097
Dll1	-14.46542	-11.011541
Fam120b	-12.260815	-8.806936
Psmb1	-10.032225	-6.5783467
Tbp	-13.41227	-9.958391
Pdcd2	-12.57835	-9.124472
Prdm9	-14.688563	-11.234685
Chd1	-11.578758	-8.12488
Rgmb	-12.260815	-8.806936
BC002059	-14.082427	-10.628549
Zfp960	-14.775575	-11.321696
Zfp97	-14.6085205	-11.154642
Gm5165	-13.772272	-10.318394
Gm6712	-14.775575	-11.321696
AC154200.1	-17.17347	-13.719591
Riok2	-12.7075615	-9.253683
Lix1	-15.564032	-12.110153
Lnpep	-10.561429	-7.107551
Spaca6	-12.5290785	-9.0752
Vmn2r108	-17.17347	-13.719591
Ppp2r1a	-11.066446	-7.6125684
Zfp160	-12.609121	-9.155243
Zfp677	-14.128947	-10.675069
Gm49691	-17.17347	-13.719591
Zfp54	-14.976245	-11.522367
Zfp51	-13.954594	-10.500715
Zfp53	-13.166137	-9.712258
9330136K24Rik	-16.480322	-13.0264435
Zfp52	-12.77902	-9.325142
Zfp948	-12.999083	-9.545204
Zfp983	-13.323322	-9.869444
Gm10226	-17.17347	-13.719591
Zfp760	-13.5625515	-10.108673
Zfp229	-14.128947	-10.675069
Zfp820	-13.954594	-10.500715
Zfp995	-13.806173	-10.352295
Zfp942	-13.28165	-9.827771
Zfp943	-13.113027	-9.659148
Zfp947	-14.534412	-11.080534
Zfp994	-13.302269	-9.848391
Gm7072	-12.804022	-9.350143
Zfp944	-13.366807	-9.912929
Zfp758	-13.28165	-9.827771
Zfp946	-13.589951	-10.136072
Gm5493	-17.17347	-13.719591
Zfp945	-12.345156	-8.891277
Zfp40	-13.535883	-10.082005
Zfp213	-14.128947	-10.675069
Zfp13	-14.037975	-10.584097
Thoc6	-13.38928	-9.935402
Hcfc1r1	-9.449906	-5.996029
Tnfrsf12a	-10.269722	-6.815844
Pkmyt1	-15.0940275	-11.640149
Paqr4	-13.184485	-9.730607
9530082P21Rik	-14.775575	-11.321696
Flywch1	-12.203656	-8.749778
Flywch2	-12.345156	-8.891277
Srrm2	-9.764939	-6.3110614
Elob	-9.204111	-5.7502337
Prss27	-17.17347	-13.719591
Kctd5	-13.166137	-9.712258
Pdpk1	-11.616641	-8.162763
Gm50071	-16.480322	-13.0264435
Amdhd2	-13.014586	-9.560708
Atp6v0c	-9.817189	-6.3633113
Tbc1d24	-14.177737	-10.723859
Ntn3	-14.688563	-11.234685
Tedc2	-14.283098	-10.82922
Abca3	-12.77902	-9.325142
D330041H03Rik	-14.870885	-11.4170065
Rnps1	-11.449884	-7.9960065
Eci1	-11.64008	-8.186202
Dnase1l2	-15.227559	-11.773681
E4f1	-13.302269	-9.848391
Pgp	-11.362329	-7.9084506
Mlst8	-13.841265	-10.387386
Caskin1	-15.787175	-12.333297
Traf7	-11.726732	-8.272854
Rab26	-14.688563	-11.234685
Rab26os	-14.229031	-10.775152
Pkd1	-9.800723	-6.346845
Tsc2	-12.519509	-9.065631
Nthl1	-12.76675	-9.312872
Slc9a3r2	-13.014586	-9.560708
Zfp598	-12.568299	-9.114421
Syngr3	-14.534412	-11.080534
Gfer	-12.816761	-9.362883
Noxo1	-14.6085205	-11.154642
Tbl3	-13.302269	-9.848391
Rps2	-8.6027355	-5.1488576
Snhg9	-14.534412	-11.080534
Ndufb10	-9.985057	-6.531179
Rpl3l	-17.17347	-13.719591
Msrb1	-9.808923	-6.355045
Hagh	-11.380456	-7.926578
Fahd1	-13.184485	-9.730607
Nubp2	-12.696133	-9.242254
Spsb3	-11.942361	-8.488482
Eme2	-15.0940275	-11.640149
Mapk8ip3	-12.305935	-8.8520565
Mrps34	-11.417727	-7.9638495
Nme3	-13.954594	-10.500715
Jpt2	-14.283098	-10.82922
Cramp1l	-12.742653	-9.2887745
Ift140	-13.915373	-10.461494
Tmem204	-12.428537	-8.974659
Telo2	-13.046335	-9.592457
Clcn7	-12.983815	-9.529937
Ccdc154	-16.480322	-13.0264435
BC003965	-12.183037	-8.729158
Unkl	-13.459897	-10.006019
Gnptg	-12.5290785	-9.0752
Tsr3	-12.76675	-9.312872
Baiap3	-16.480322	-13.0264435
Ube2i	-10.843749	-7.389871
Sox8	-14.688563	-11.234685
2810468N07Rik	-15.787175	-12.333297
Lmf1	-13.079125	-9.625247
Chtf18	-15.787175	-12.333297
Rpusd1	-13.877633	-10.423755
Mslnl	-15.787175	-12.333297
Ciao3	-13.203177	-9.749299
Haghl	-11.963984	-8.510105
Fam173a	-11.549452	-8.095573
Metrn	-13.079125	-9.625247
Fbxl16	-14.870885	-11.4170065
Wdr24	-13.995416	-10.541537
Jmjd8	-12.66261	-9.208732
Stub1	-10.505241	-7.0513635
Rhbdl1	-13.484591	-10.030712
Rhot2	-13.4358	-9.981921
Wdr90	-14.870885	-11.4170065
Mcrip2	-13.095932	-9.642054
Mettl26	-11.493297	-8.039418
Rab40c	-13.323322	-9.869444
Pigq	-13.014586	-9.560708
Capn15	-13.014586	-9.560708
1700022N22Rik	-17.17347	-13.719591
Rab11fip3	-13.095932	-9.642054
Decr2	-13.014586	-9.560708
Nme4	-15.564032	-12.110153
Mrpl28	-11.5105095	-8.056631
Axin1	-12.696133	-9.242254
Arhgdig	-17.17347	-13.719591
Rgs11	-15.787175	-12.333297
Fam234a	-12.491339	-9.03746
Luc7l	-11.676301	-8.222423
Gm50013	-16.480322	-13.0264435
Neurl1b	-17.17347	-13.719591
Gm34455	-11.048786	-7.594908
Dusp1	-9.483183	-6.0293055
Ergic1	-11.589973	-8.136095
Atp6v0e	-9.677372	-6.223494
Crebrf	-11.164657	-7.7107787
Bnip1	-13.366807	-9.912929
Gm17382	-17.17347	-13.719591
Phf1	-12.519509	-9.065631
Cuta	-10.852701	-7.3988233
Syngap1	-13.841265	-10.387386
Zbtb9	-13.995416	-10.541537
Gm50254	-17.17347	-13.719591
Ggnbp1	-12.77902	-9.325142
Bak1	-12.66261	-9.208732
Itpr3	-15.227559	-11.773681
Uqcc2	-10.498908	-7.04503
Lemd2	-12.025975	-8.572097
Gm26724	-14.340256	-10.886377
9630028I04Rik	-16.480322	-13.0264435
Gm49794	-17.17347	-13.719591
Gm49774	-15.38171	-11.927832
Hmga1	-14.283098	-10.82922
AI413582	-12.472989	-9.019111
Nudt3	-12.149589	-8.69571
Gm49741	-16.074858	-12.620979
Rps10	-8.277155	-4.823277
Gm15420	-17.17347	-13.719591
Ilrun	-11.664082	-8.210203
Snrpc	-10.948911	-7.495033
Uhrf1bp1	-14.400881	-10.947002
Taf11	-11.885202	-8.431324
Gm49801	-15.564032	-12.110153
Anks1	-12.816761	-9.362883
Gm35290	-17.17347	-13.719591
Scube3	-11.0400715	-7.5861936
C230013L11Rik	-14.976245	-11.522367
Zfp523	-12.730819	-9.27694
Def6	-14.976245	-11.522367
Ppard	-12.619593	-9.165714
Fance	-12.104566	-8.650687
Gm49886	-17.17347	-13.719591
Rpl10a	-8.719642	-5.265764
Tead3	-11.761824	-8.307945
Tulp1	-13.877633	-10.423755
Fkbp5	-12.321439	-8.86756
Gm49838	-16.074858	-12.620979
Gm22146	-14.870885	-11.4170065
Gm20109	-16.480322	-13.0264435
E230001N04Rik	-13.062595	-9.608717
Srpk1	-11.85535	-8.401471
Slc26a8	-17.17347	-13.719591
Mapk14	-12.321439	-8.86756
Gm4356	-14.6085205	-11.154642
Mapk13	-15.564032	-12.110153
Gm49864	-16.074858	-12.620979
Brpf3	-13.739482	-10.285604
1700063J08Rik	-17.17347	-13.719591
Kctd20	-12.754629	-9.300751
Stk38	-11.605125	-8.151247
Gm16196	-14.976245	-11.522367
Srsf3	-9.905247	-6.451369
Trp53cor1	-15.0940275	-11.640149
Cdkn1a	-11.362329	-7.9084506
Cpne5	-14.534412	-11.080534
Ppil1	-12.361285	-8.907407
Gm50068	-17.17347	-13.719591
BC004004	-11.812178	-8.358299
Pi16	-12.162834	-8.708956
Mtch1	-10.336137	-6.882259
Gm26885	-17.17347	-13.719591
Pim1	-13.184485	-9.730607
Tbc1d22b	-13.4358	-9.981921
Rnf8	-12.305935	-8.8520565
Cmtr1	-12.57835	-9.124472
Ccdc167	-12.298272	-8.844394
Mdga1	-12.588502	-9.134624
Zfand3	-11.338658	-7.8847804
Btbd9	-12.27563	-8.821752
Gm50240	-13.222226	-9.768348
Glo1	-10.86902	-7.4151425
Dnah8	-14.229031	-10.775152
Gm50242	-17.17347	-13.719591
Abcg1	-16.074858	-12.620979
Rsph1	-14.688563	-11.234685
Slc37a1	-15.564032	-12.110153
Pde9a	-15.227559	-11.773681
Wdr4	-13.954594	-10.500715
Gm50103	-17.17347	-13.719591
Ndufv3	-9.908739	-6.454861
AC166172.1	-13.995416	-10.541537
Pknox1	-12.953961	-9.500083
Gm50107	-17.17347	-13.719591
Cbs	-13.323322	-9.869444
U2af1	-10.82608	-7.3722024
Sik1	-13.095932	-9.642054
2310015A16Rik	-15.787175	-12.333297
Hsf2bp	-16.480322	-13.0264435
Rrp1b	-12.9107895	-9.456911
Notch3	-13.589951	-10.136072
Brd4	-11.123736	-7.6698585
Gm26549	-14.870885	-11.4170065
Akap8	-11.890265	-8.436387
Akap8l	-11.779842	-8.325964
Wiz	-12.472989	-9.019111
Cyp4f17	-13.995416	-10.541537
Cyp4f16	-13.459897	-10.006019
Zfp871	-11.545849	-8.09197
Zfp811	-15.227559	-11.773681
Zfp799	-13.323322	-9.869444
Zfp870	-13.995416	-10.541537
Cyp4f14	-15.227559	-11.773681
Cyp4f13	-12.983815	-9.529937
Zfp472	-13.995416	-10.541537
Zfp952	-13.38928	-9.935402
Zfp763	-13.995416	-10.541537
Zfp563	-14.177737	-10.723859
Zfp955a	-13.589951	-10.136072
Zfp955b	-12.67366	-9.219782
Zfp81	-12.999083	-9.545204
Zfp101	-13.130418	-9.676539
Adamts10	-11.726732	-8.272854
Zfp414	-12.500641	-9.046762
Pram1	-17.17347	-13.719591
Hnrnpm	-10.946933	-7.493055
March2	-11.12138	-7.667502
Rab11b	-10.872684	-7.4188056
Gm17251	-14.128947	-10.675069
Angptl4	-15.227559	-11.773681
Kank3	-15.0940275	-11.640149
Rps28	-8.323812	-4.869934
Ndufa7	-9.658669	-6.204792
Cd320	-12.446082	-8.992204
BC051226	-13.618121	-10.164243
Daxx	-12.742653	-9.2887745
Tapbp	-11.042243	-7.588365
Zbtb22	-13.095932	-9.642054
Gm19412	-14.775575	-11.321696
Rgl2	-12.983815	-9.529937
Pfdn6	-11.268107	-7.8142295
Wdr46	-13.28165	-9.827771
B3galt4	-13.739482	-10.285604
Rps18	-8.560239	-5.1063614
Vps52	-12.482121	-9.028243
AA388235	-17.17347	-13.719591
H2-K1	-10.566819	-7.1129413
Ring1	-12.5290785	-9.0752
H2-Ke6	-12.162834	-8.708956
Slc39a7	-11.589973	-8.136095
Rxrb	-12.183037	-8.729158
Col11a2	-14.177737	-10.723859
Brd2	-10.537523	-7.0836453
H2-DMa	-15.564032	-12.110153
Gm50336	-16.480322	-13.0264435
H2-DMb1	-12.369449	-8.91557
Psmb9	-14.283098	-10.82922
Tap1	-13.954594	-10.500715
Psmb8	-13.241644	-9.7877655
Tap2	-12.598759	-9.14488
H2-Ab1	-14.177737	-10.723859
H2-Aa	-15.227559	-11.773681
H2-Eb1	-14.775575	-11.321696
Notch4	-15.38171	-11.927832
Gpsm3	-16.480322	-13.0264435
Pbx2	-12.598759	-9.14488
Rnf5	-12.500641	-9.046762
Agpat1	-12.896804	-9.442925
Egfl8	-15.564032	-12.110153
Ppt2	-12.037671	-8.583793
Prrt1	-14.534412	-11.080534
Fkbpl	-13.676962	-10.2230835
Atf6b	-12.136517	-8.682638
Tnxb	-12.098296	-8.644418
C4b	-13.203177	-9.749299
C4a	-16.480322	-13.0264435
Stk19	-12.419879	-8.966001
Dxo	-12.968777	-9.514898
Skiv2l	-12.482121	-9.028243
Nelfe	-12.110874	-8.656996
Cfb	-17.17347	-13.719591
C2	-16.074858	-12.620979
Zbtb12	-13.739482	-10.285604
Ehmt2	-11.937028	-8.48315
Slc44a4	-17.17347	-13.719591
Neu1	-12.002986	-8.549108
1110038B12Rik	-12.9107895	-9.456911
Hspa1b	-10.391277	-6.9373994
Hspa1a	-9.777134	-6.323256
Hspa1l	-13.148118	-9.69424
Gm10501	-16.074858	-12.620979
Lsm2	-12.110874	-8.656996
Vars	-12.619593	-9.165714
Msh5	-16.480322	-13.0264435
Clic1	-10.278799	-6.824921
Ddah2	-11.295733	-7.8418555
Ly6g6d	-13.618121	-10.164243
Abhd16a	-11.64404	-8.190162
Csnk2b	-10.974991	-7.521113
Gpank1	-12.754629	-9.300751
Gm20522	-15.787175	-12.333297
D17H6S53E	-13.647109	-10.193231
Bag6	-11.493297	-8.039418
Prrc2a	-11.189533	-7.7356553
Aif1	-17.17347	-13.719591
Lst1	-16.074858	-12.620979
Tnf	-17.17347	-13.719591
Nfkbil1	-12.842736	-9.388858
Atp6v1g2	-15.0940275	-11.640149
Ddx39b	-10.819099	-7.3652215
H2-D1	-9.942906	-6.4890285
Gm11131	-16.074858	-12.620979
H2-Q4	-13.647109	-10.193231
H2-Q10	-16.074858	-12.620979
Pou5f1	-15.227559	-11.773681
Tcf19	-13.509908	-10.056029
Cchcr1	-13.676962	-10.2230835
Psors1c2	-17.17347	-13.719591
Cdsn	-17.17347	-13.719591
Vars2	-13.954594	-10.500715
Gtf2h4	-12.9393635	-9.485485
Ddr1	-12.143031	-8.689153
4833427F10Rik	-17.17347	-13.719591
Ier3	-11.010155	-7.556277
Flot1	-11.52098	-8.0671015
Tubb5	-10.193394	-6.739516
Mdc1	-13.203177	-9.749299
Ppp1r18os	-16.074858	-12.620979
Nrm	-14.229031	-10.775152
Ppp1r18	-11.793572	-8.339694
Dhx16	-12.609121	-9.155243
2310061I04Rik	-12.829664	-9.375786
Atat1	-12.730819	-9.27694
Mrps18b	-12.428537	-8.974659
Ppp1r10	-11.402028	-7.94815
Abcf1	-11.177017	-7.7231393
Prr3	-13.344828	-9.890949
Gnl1	-12.143031	-8.689153
A930015D03Rik	-16.074858	-12.620979
H2-T23	-12.696133	-9.242254
H2-T22	-12.568299	-9.114421
Rpp21	-11.628292	-8.174414
Trim39	-13.062595	-9.608717
Trim26	-12.377679	-8.9238
Rnf39	-17.17347	-13.719591
Ppp1r11	-10.997602	-7.5437245
Znrd1	-11.493297	-8.039418
Znrd1as	-13.459897	-10.006019
Zfp57	-17.17347	-13.719591
Gabbr1	-11.701199	-8.24732
H2-M3	-13.366807	-9.912929
Olfr107	-17.17347	-13.719591
Gm26917	-11.628292	-8.174414
Gm42418	-5.30765	-1.8537723
AY036118	-8.92861	-5.4747324
9130008F23Rik	-14.46542	-11.011541
Cenpq	-13.589951	-10.136072
Mmut	-11.648017	-8.194139
Ptchd4	-17.17347	-13.719591
Adgrf4	-17.17347	-13.719591
Cd2ap	-10.549404	-7.095526
Tnfrsf21	-13.647109	-10.193231
Adgrf5	-16.480322	-13.0264435
Slc25a27	-13.014586	-9.560708
Cyp39a1	-13.184485	-9.730607
Rcan2	-9.705527	-6.2516494
Enpp5	-10.889336	-7.4354577
Enpp4	-11.963984	-8.510105
Clic5	-15.564032	-12.110153
Runx2	-12.791443	-9.337564
Runx2os1	-14.46542	-11.011541
Supt3	-12.88301	-9.4291315
Cdc5l	-11.022866	-7.5689883
B230354K17Rik	-13.079125	-9.625247
Aars2	-14.037975	-10.584097
Nfkbie	-16.480322	-13.0264435
Slc35b2	-12.217643	-8.763764
Hsp90ab1	-7.941367	-4.4874897
Slc29a1	-11.0466	-7.5927224
Gm17080	-17.17347	-13.719591
Tmem63b	-12.031806	-8.577928
Mrpl14	-10.872684	-7.4188056
Vegfa	-14.229031	-10.775152
Mrps18a	-11.456442	-8.002563
Rsph9	-12.519509	-9.065631
Mad2l1bp	-13.184485	-9.730607
Gtpbp2	-12.123613	-8.669735
Polh	-14.128947	-10.675069
Xpo5	-13.030334	-9.576456
Polr1c	-12.049505	-8.595627
Yipf3	-11.086695	-7.632817
Lrrc73	-13.995416	-10.541537
Tjap1	-13.302269	-9.848391
Dlk2	-16.480322	-13.0264435
Abcc10	-14.283098	-10.82922
Zfp318	-11.974973	-8.521094
Crip3	-15.564032	-12.110153
Cul9	-12.953961	-9.500083
Srf	-12.558349	-9.10447
Ptk7	-17.17347	-13.719591
Klc4	-13.113027	-9.659148
Mrpl2	-11.905611	-8.451733
Cul7	-13.062595	-9.608717
Rrp36	-12.609121	-9.155243
Klhdc3	-12.085874	-8.631995
Mea1	-11.761824	-8.307945
Ppp2r5d	-12.76675	-9.312872
Pex6	-12.519509	-9.065631
Cnpy3	-11.937028	-8.48315
2310039H08Rik	-12.136517	-8.682638
Rpl7l1	-11.389645	-7.9357667
Bicral	-12.092065	-8.638186
Tbcc	-12.231827	-8.777948
Ubr2	-11.307001	-7.853123
Trerf1	-13.28165	-9.827771
Mrps10	-12.45497	-9.001092
Guca1b	-15.564032	-12.110153
Guca1a	-14.976245	-11.522367
Taf8	-13.241644	-9.7877655
Ccnd3	-11.140384	-7.686506
Bysl	-13.030334	-9.576456
Med20	-12.742653	-9.2887745
Usp49	-13.841265	-10.387386
Tomm6	-9.859583	-6.405705
Prickle4	-16.480322	-13.0264435
Frs3	-14.775575	-11.321696
Tfeb	-12.290668	-8.836789
Mdfi	-14.870885	-11.4170065
Foxp4	-11.860264	-8.406385
Nfya	-12.983815	-9.529937
Oard1	-11.807493	-8.353615
Apobec2	-14.400881	-10.947002
Tspo2	-16.480322	-13.0264435
Mocs1	-14.037975	-10.584097
Daam2	-13.302269	-9.848391
Kif6	-16.480322	-13.0264435
Rftn1	-17.17347	-13.719591
Tbc1d5	-12.67366	-9.219782
Satb1	-13.739482	-10.285604
Efhb	-14.775575	-11.321696
Rab5a	-11.053172	-7.599294
Gm49915	-17.17347	-13.719591
Kat2b	-11.556699	-8.10282
Sgo1	-17.17347	-13.719591
Pot1b	-13.618121	-10.164243
Zfp119a	-13.772272	-10.318394
Zfp959	-13.323322	-9.869444
Zfp119b	-14.128947	-10.675069
Yju2	-13.046335	-9.592457
Shd	-13.302269	-9.848391
Fsd1	-15.787175	-12.333297
Stap2	-17.17347	-13.719591
Mpnd	-11.676301	-8.222423
Sh3gl1	-11.688673	-8.234795
Chaf1a	-15.0940275	-11.640149
Ubxn6	-11.3041725	-7.8502946
Hdgfl2	-11.963984	-8.510105
Plin4	-10.977025	-7.523147
Lrg1	-15.38171	-11.927832
Tnfaip8l1	-17.17347	-13.719591
Mydgf	-10.813895	-7.3600173
Dpp9	-12.5290785	-9.0752
Fem1a	-12.76675	-9.312872
Ticam1	-13.459897	-10.006019
Plin3	-11.254576	-7.800698
Kdm4b	-13.241644	-9.7877655
Ptprs	-10.5388365	-7.0849586
Gm20219	-16.480322	-13.0264435
Safb2	-11.885202	-8.431324
Safb	-11.542257	-8.088379
Micos13	-10.413054	-6.9591765
Rpl36	-8.318662	-4.864784
Lonp1	-12.329283	-8.875404
Ranbp3	-12.353188	-8.899309
Vmac	-13.130418	-9.676539
Ndufa11	-9.881813	-6.427935
Nrtn	-12.061481	-8.607603
Dus3l	-12.67366	-9.219782
Prr22	-17.17347	-13.719591
Rfx2	-13.113027	-9.659148
1700061G19Rik	-14.775575	-11.321696
Mllt1	-13.130418	-9.676539
Clpp	-11.298539	-7.844661
Alkbh7	-12.369449	-8.91557
Gtf2f1	-11.974973	-8.521094
Gm17949	-17.17347	-13.719591
Khsrp	-12.176257	-8.722379
Slc25a23	-11.402028	-7.94815
Crb3	-15.787175	-12.333297
Dennd1c	-17.17347	-13.719591
Tubb4a	-12.337188	-8.883309
Gm11110	-14.775575	-11.321696
Tnfsf9	-14.340256	-10.886377
C3	-15.38171	-11.927832
Gpr108	-11.752934	-8.299056
Trip10	-11.597521	-8.143642
Nudt12	-13.535883	-10.082005
Efna5	-10.466607	-7.012729
Fbxl17	-12.896804	-9.442925
Fer	-11.926445	-8.472567
Pja2	-10.763294	-7.3094163
Man2a1	-11.098124	-7.6442456
Dreh	-17.17347	-13.719591
Vapa	-10.45084	-6.996962
Rab31	-12.27563	-8.821752
Ppp4r1	-12.730819	-9.27694
Ralbp1	-10.447236	-6.993358
Twsg1	-10.031433	-6.577555
Ankrd12	-10.081727	-6.627849
Ndufv2	-10.5587435	-7.1048656
Washc1	-12.411296	-8.9574175
Ddx11	-14.688563	-11.234685
Gm49932	-17.17347	-13.719591
Mtcl1	-14.082427	-10.628549
Rab12	-10.693425	-7.2395473
Ptprm	-12.260815	-8.806936
Arhgap28	-14.46542	-11.011541
L3mbtl4	-15.787175	-12.333297
Tmem200c	-16.480322	-13.0264435
Epb41l3	-13.130418	-9.676539
Zbtb14	-13.344828	-9.890949
A930029G22Rik	-15.38171	-11.927832
C030034I22Rik	-14.534412	-11.080534
Dlgap1	-12.896804	-9.442925
Tgif1	-14.082427	-10.628549
Myl12b	-10.726164	-7.272286
Myl12a	-9.425873	-5.971995
Myom1	-9.950904	-6.497026
Lpin2	-12.482121	-9.028243
Emilin2	-17.17347	-13.719591
Smchd1	-10.843749	-7.389871
Gm4707	-16.074858	-12.620979
Ndc80	-16.480322	-13.0264435
Spdya	-15.227559	-11.773681
Trmt61b	-12.968777	-9.514898
Wdr43	-11.586221	-8.132342
Togaram2	-15.787175	-12.333297
Clip4	-11.628292	-8.174414
Ypel5	-11.64404	-8.190162
Lbh	-10.546752	-7.092874
Lclat1	-12.696133	-9.242254
Galnt14	-16.480322	-13.0264435
Ehd3	-12.754629	-9.300751
Xdh	-17.17347	-13.719591
Memo1	-12.77902	-9.325142
Dpy30	-11.52098	-8.0671015
Spast	-12.28312	-8.829242
Slc30a6	-13.366807	-9.912929
Yipf4	-10.766589	-7.3127112
Birc6	-10.773212	-7.3193345
Ttc27	-13.877633	-10.423755
Ltbp1	-8.682415	-5.228537
Fam98a	-12.183037	-8.729158
Gm32282	-16.074858	-12.620979
Crim1	-11.473026	-8.019148
Fez2	-11.826362	-8.372483
Vit	-16.074858	-12.620979
Strn	-12.696133	-9.242254
Heatr5b	-12.510031	-9.056152
Gpatch11	-11.963984	-8.510105
Eif2ak2	-12.345156	-8.891277
Cebpzos	-12.45497	-9.001092
Cebpz	-11.287366	-7.833488
Ndufaf7	-12.361285	-8.907407
Prkd3	-12.002986	-8.549108
Qpct	-11.344524	-7.8906465
Cdc42ep3	-9.768582	-6.3147044
Rmdn2	-13.589951	-10.136072
Cyp1b1	-12.67366	-9.219782
Gm49984	-16.480322	-13.0264435
Atl2	-12.361285	-8.907407
Hnrnpll	-12.305935	-8.8520565
Galm	-13.535883	-10.082005
Srsf7	-10.552064	-7.098186
Gemin6	-13.344828	-9.890949
Dhx57	-12.7075615	-9.253683
Morn2	-12.816761	-9.362883
Arhgef33	-17.17347	-13.719591
Sos1	-12.345156	-8.891277
Map4k3	-12.9393635	-9.485485
Thumpd2	-13.484591	-10.030712
Slc8a1	-11.453157	-7.9992795
Pkdcc	-11.152446	-7.698568
Eml4	-12.588502	-9.134624
Cox7a2l	-10.1434965	-6.6896186
Mta3	-12.117224	-8.663345
Gm41639	-16.480322	-13.0264435
Gm35229	-16.480322	-13.0264435
Zfp36l2	-10.861734	-7.4078565
Thada	-13.509908	-10.056029
Plekhh2	-12.558349	-9.10447
Dync2li1	-12.067524	-8.613646
Lrpprc	-12.45497	-9.001092
1110020A21Rik	-14.283098	-10.82922
Ppm1b	-11.560342	-8.106463
Prepl	-13.166137	-9.712258
Camkmt	-13.589951	-10.136072
Six2	-15.227559	-11.773681
Srbd1	-13.166137	-9.712258
Prkce	-13.113027	-9.659148
Epas1	-11.793572	-8.339694
Rhoq	-10.189679	-6.735801
Gm50012	-13.41227	-9.958391
Pigf	-13.148118	-9.69424
Cript	-11.225434	-7.7715564
Socs5	-11.937028	-8.48315
Mcfd2	-11.701199	-8.24732
4833418N02Rik	-14.775575	-11.321696
Ttc7	-14.400881	-10.947002
Stpg4	-17.17347	-13.719591
Calm2	-9.31715	-5.863272
Gm30794	-16.480322	-13.0264435
Gm30938	-15.227559	-11.773681
Gm30984	-15.38171	-11.927832
Msh2	-12.869405	-9.415526
Msh6	-13.28165	-9.827771
Fbxo11	-11.62051	-8.166632
Foxn2	-12.548497	-9.094619
Ppp1r21	-12.754629	-9.300751
Ston1	-12.983815	-9.529937
Gm10184	-16.480322	-13.0264435
Mettl4	-12.88301	-9.4291315
Gm1976	-13.995416	-10.541537
Gm20939	-15.227559	-11.773681
Crem	-11.692831	-8.238953
Gm6225	-15.0940275	-11.640149
Cul2	-12.253489	-8.79961
Bambi	-10.827833	-7.3739552
Map3k8	-12.742653	-9.2887745
4833419F23Rik	-15.564032	-12.110153
Mtpap	-12.754629	-9.300751
Jcad	-12.049505	-8.595627
Svil	-9.585652	-6.1317744
Gm26682	-15.564032	-12.110153
Zfp438	-13.739482	-10.285604
Gm10125	-14.400881	-10.947002
Gm26575	-17.17347	-13.719591
Zeb1	-10.581796	-7.127918
Arhgap12	-12.345156	-8.891277
Kif5b	-9.767366	-6.3134885
Epc1	-11.709638	-8.255759
Gm28529	-17.17347	-13.719591
Rab18	-10.603988	-7.15011
Mkx	-17.17347	-13.719591
Mpp7	-11.821611	-8.367733
Gm9993	-14.128947	-10.675069
Wac	-10.968912	-7.515034
Fzd8	-12.77902	-9.325142
Ccny	-11.513988	-8.060109
Colec12	-9.985812	-6.5319343
Thoc1	-11.942361	-8.488482
Usp14	-11.5937395	-8.139861
Rock1	-8.970713	-5.516835
Greb1l	-14.6085205	-11.154642
Esco1	-12.268195	-8.814317
Snrpd1	-11.044419	-7.5905414
Abhd3	-14.082427	-10.628549
Mib1	-11.476376	-8.022497
1010001N08Rik	-14.340256	-10.886377
Gata6	-10.480145	-7.0262675
Rbbp8	-12.598759	-9.14488
Gm50069	-14.283098	-10.82922
Gm6277	-13.954594	-10.500715
Cables1	-13.113027	-9.659148
Tmem241	-13.841265	-10.387386
Riok3	-11.424076	-7.970198
Rmc1	-13.302269	-9.848391
Npc1	-11.74852	-8.2946415
Gm15956	-17.17347	-13.719591
Ankrd29	-12.924974	-9.471096
Ttc39c	-13.915373	-10.461494
Osbpl1a	-11.549452	-8.095573
Gm49970	-15.787175	-12.333297
Impact	-11.802832	-8.348953
AC103362.1	-17.17347	-13.719591
Zfp521	-16.480322	-13.0264435
Ss18	-11.788975	-8.335096
Psma8	-16.480322	-13.0264435
Taf4b	-14.6085205	-11.154642
Kctd1	-12.67366	-9.219782
Cdh2	-15.38171	-11.927832
Dsc3	-17.17347	-13.719591
Dsc2	-14.082427	-10.628549
Dsg2	-17.17347	-13.719591
B4galt6	-12.246216	-8.792337
Trappc8	-12.196735	-8.742857
Rnf125	-14.688563	-11.234685
Rnf138	-12.176257	-8.722379
Garem1	-12.491339	-9.03746
Asxl3	-16.074858	-12.620979
Nol4	-17.17347	-13.719591
Dtna	-11.374377	-7.9204993
Gm15972	-15.564032	-12.110153
Mapre2	-11.324144	-7.8702664
Zfp397	-12.136517	-8.682638
Zfp35	-13.203177	-9.749299
Zfp24	-12.002986	-8.549108
Ino80c	-13.130418	-9.676539
Galnt1	-10.548078	-7.0941997
2700062C07Rik	-12.353188	-8.899309
Rprd1a	-12.5290785	-9.0752
Slc39a6	-12.246216	-8.792337
Elp2	-12.472989	-9.019111
Mocos	-14.082427	-10.628549
Fhod3	-15.787175	-12.333297
Tpgs2	-12.651681	-9.197803
AW554918	-13.079125	-9.625247
Celf4	-13.366807	-9.912929
Gm49980	-14.037975	-10.584097
Pik3c3	-12.77902	-9.325142
Slc25a46	-12.329283	-8.875404
B930094E09Rik	-17.17347	-13.719591
Sap130	-12.719122	-9.265244
Ammecr1l	-12.437271	-8.983393
Gm26533	-17.17347	-13.719591
Polr2d	-12.176257	-8.722379
Wdr33	-11.408278	-7.9544005
Sft2d3	-12.337188	-8.883309
Lims2	-10.500172	-7.0462937
Iws1	-11.744123	-8.290245
Gm26717	-16.480322	-13.0264435
Map3k2	-11.246544	-7.792666
Ercc3	-12.719122	-9.265244
A830052D11Rik	-16.480322	-13.0264435
Bin1	-11.605125	-8.151247
Gypc	-12.598759	-9.14488
Tslp	-17.17347	-13.719591
Wdr36	-13.014586	-9.560708
Camk4	-16.480322	-13.0264435
Stard4	-13.184485	-9.730607
Nrep	-11.0466	-7.5927224
Gm10549	-14.534412	-11.080534
Epb41l4aos	-13.014586	-9.560708
Apc	-11.517478	-8.0636
Srp19	-10.773212	-7.3193345
Reep5	-9.372896	-5.9190187
Pkd2l2	-15.564032	-12.110153
Fam13b	-12.149589	-8.69571
Nme5	-13.647109	-10.193231
4933408B17Rik	-15.0940275	-11.640149
Brd8	-11.64008	-8.186202
Kif20a	-17.17347	-13.719591
Cdc23	-12.27563	-8.821752
Gm3550	-17.17347	-13.719591
Fam53c	-12.162834	-8.708956
Kdm3b	-12.684834	-9.230955
Reep2	-13.915373	-10.461494
Egr1	-9.542038	-6.08816
Etf1	-11.545849	-8.09197
Hspa9	-11.174533	-7.720655
Ctnna1	-10.310712	-6.856834
Sil1	-12.055475	-8.601597
Snhg4	-12.76675	-9.312872
Matr3	-10.738923	-7.285045
Gm50163	-17.17347	-13.719591
Paip2	-10.035397	-6.5815187
Prob1	-14.976245	-11.522367
Spata24	-13.113027	-9.659148
Dnajc18	-12.049505	-8.595627
Ecscr	-15.0940275	-11.640149
Tmem173	-16.074858	-12.620979
Ube2d2a	-10.691893	-7.2380147
Cxxc5	-11.449884	-7.9960065
Gm50399	-17.17347	-13.719591
Gm36315	-17.17347	-13.719591
Psd2	-17.17347	-13.719591
Nrg2	-13.38928	-9.935402
Pura	-9.89484	-6.4409623
Igip	-12.446082	-8.992204
Cystm1	-11.860264	-8.406385
Pfdn1	-10.459299	-7.005421
Hbegf	-11.098124	-7.6442456
Ankhd1	-11.624393	-8.170515
Eif4ebp3	-13.344828	-9.890949
Sra1	-11.386572	-7.932694
Apbb3	-13.4358	-9.981921
Slc35a4	-12.411296	-8.9574175
Cd14	-15.0940275	-11.640149
Tmco6	-13.915373	-10.461494
Ndufa2	-9.458792	-6.0049143
Ik	-10.795043	-7.341165
Wdr55	-13.739482	-10.285604
Dnd1	-17.17347	-13.719591
Hars	-11.99732	-8.543442
Hars2	-12.609121	-9.155243
Zmat2	-10.885611	-7.4317327
Pcdhac2	-15.564032	-12.110153
Gm10544	-16.480322	-13.0264435
Pcdhb2	-16.074858	-12.620979
Pcdhb3	-15.787175	-12.333297
Pcdhb5	-14.976245	-11.522367
Pcdhb6	-16.074858	-12.620979
Pcdhb7	-14.976245	-11.522367
Pcdhb8	-15.38171	-11.927832
Pcdhb9	-14.46542	-11.011541
Pcdhb10	-15.38171	-11.927832
Pcdhb11	-15.787175	-12.333297
Pcdhb12	-14.976245	-11.522367
Pcdhb13	-15.227559	-11.773681
Pcdhb14	-13.030334	-9.576456
Pcdhb15	-15.564032	-12.110153
Pcdhb16	-14.46542	-11.011541
Pcdhb17	-13.38928	-9.935402
Pcdhb18	-15.38171	-11.927832
Pcdhb19	-14.082427	-10.628549
Pcdhb20	-13.4358	-9.981921
Pcdhb21	-14.775575	-11.321696
Pcdhb22	-13.5625515	-10.108673
Taf7	-12.123613	-8.669735
3222401L13Rik	-13.484591	-10.030712
Pcdhga2	-16.074858	-12.620979
Pcdhga3	-14.976245	-11.522367
Pcdhgb1	-15.38171	-11.927832
Pcdhga4	-15.787175	-12.333297
Pcdhgb2	-14.46542	-11.011541
Pcdhga5	-13.877633	-10.423755
Pcdhga6	-14.400881	-10.947002
Pcdhga7	-14.976245	-11.522367
Pcdhgb4	-14.128947	-10.675069
Pcdhga8	-16.074858	-12.620979
Pcdhgb5	-14.46542	-11.011541
Pcdhga9	-14.688563	-11.234685
Pcdhgb6	-15.38171	-11.927832
Gm26672	-15.38171	-11.927832
Pcdhga10	-14.340256	-10.886377
Pcdhgb7	-15.227559	-11.773681
Pcdhga11	-14.775575	-11.321696
Pcdhga12	-14.037975	-10.584097
BC037039	-16.480322	-13.0264435
Pcdhgc3	-13.113027	-9.659148
Pcdhgc4	-14.6085205	-11.154642
Pcdhgc5	-14.775575	-11.321696
Gm38182	-17.17347	-13.719591
Gm29994	-17.17347	-13.719591
Diaph1	-11.207323	-7.753445
Hdac3	-12.098296	-8.644418
Fchsd1	-14.283098	-10.82922
Pcdh1	-17.17347	-13.719591
1700086O06Rik	-14.400881	-10.947002
Dele1	-12.268195	-8.814317
Rnf14	-11.766297	-8.312419
Gnpda1	-13.366807	-9.912929
Ndfip1	-10.178619	-6.7247415
Spry4	-13.915373	-10.461494
9630014M24Rik	-17.17347	-13.719591
Fgf1	-12.061481	-8.607603
Gm5820	-14.775575	-11.321696
Arhgap26	-15.227559	-11.773681
Gm15337	-16.074858	-12.620979
Nr3c1	-10.090081	-6.6362033
Pabpc2	-17.17347	-13.719591
Gm50396	-15.787175	-12.333297
Yipf5	-11.044419	-7.5905414
Kctd16	-12.64087	-9.186992
Gm31019	-17.17347	-13.719591
C030017B01Rik	-13.38928	-9.935402
Gm50410	-12.651681	-9.197803
Prelid2	-13.877633	-10.423755
Sh3rf2	-12.402785	-8.948907
Lars	-11.251891	-7.798013
Gm4013	-13.954594	-10.500715
Rbm27	-11.338658	-7.8847804
Tcerg1	-11.430467	-7.9765887
C030004G16Rik	-14.177737	-10.723859
Stk32a	-11.718148	-8.26427
Dpysl3	-9.642989	-6.1891117
Eif3j2	-12.924974	-9.471096
Spink5	-15.38171	-11.927832
Gm41717	-17.17347	-13.719591
Myot	-17.17347	-13.719591
Dcp2	-12.855982	-9.402103
Mcc	-14.082427	-10.628549
A930012L18Rik	-17.17347	-13.719591
Ythdc2	-13.062595	-9.608717
Kcnn2	-17.17347	-13.719591
Trim36	-14.6085205	-11.154642
Pggt1b	-11.672212	-8.218333
Ccdc112	-12.651681	-9.197803
Fem1c	-12.428537	-8.974659
Tmed7	-11.167116	-7.7132382
Eif1a	-11.411418	-7.95754
Gm3734	-17.17347	-13.719591
Cdo1	-10.729339	-7.2754607
Atg12	-11.865202	-8.411324
Ap3s1	-12.446082	-8.992204
Lvrn	-16.480322	-13.0264435
Commd10	-12.88301	-9.4291315
Hspe1-rs1	-14.283098	-10.82922
Gm49975	-17.17347	-13.719591
Sema6a	-14.534412	-11.080534
Eno1b	-15.564032	-12.110153
Dtwd2	-14.775575	-11.321696
Gm16283	-15.787175	-12.333297
Dmxl1	-11.368335	-7.914457
Tnfaip8	-11.793572	-8.339694
C030005K06Rik	-15.787175	-12.333297
Hsd17b4	-11.563997	-8.110119
Prr16	-14.400881	-10.947002
Srfbp1	-12.754629	-9.300751
Lox	-10.294114	-6.840236
Gm41724	-14.688563	-11.234685
Sncaip	-13.203177	-9.749299
Snx2	-11.582482	-8.128604
Snx24	-11.5937395	-8.139861
Ppic	-10.019636	-6.565758
Prdm6	-10.500172	-7.0462937
Gm19466	-13.877633	-10.423755
Cep120	-12.290668	-8.836789
Csnk1g3	-11.953114	-8.499235
Zfp608	-12.238996	-8.785117
Gm4221	-15.38171	-11.927832
AC163347.1	-17.17347	-13.719591
Gramd3	-12.651681	-9.197803
Aldh7a1	-11.395817	-7.941939
Phax	-11.386572	-7.932694
Lmnb1	-14.340256	-10.886377
March3	-15.564032	-12.110153
C330018D20Rik	-13.995416	-10.541537
Megf10	-12.630175	-9.176296
Prrc1	-11.344524	-7.8906465
4930511M06Rik	-12.568299	-9.114421
Gm19500	-17.17347	-13.719591
Ctxn3	-15.227559	-11.773681
1700066O22Rik	-15.564032	-12.110153
Slc12a2	-11.831136	-8.377257
Fbn2	-15.38171	-11.927832
Isoc1	-12.67366	-9.219782
Minar2	-14.6085205	-11.154642
Chsy3	-11.612788	-8.15891
Gm4951	-17.17347	-13.719591
F830016B08Rik	-16.480322	-13.0264435
Iigp1	-14.283098	-10.82922
Smim3	-12.999083	-9.545204
Dctn4	-11.215045	-7.761167
Rbm22	-11.826362	-8.372483
Myoz3	-17.17347	-13.719591
Synpo	-10.910071	-7.4561934
Ndst1	-11.38351	-7.9296317
Rps14	-8.038499	-4.5846214
Cd74	-13.589951	-10.136072
Tcof1	-12.345156	-8.891277
Arsi	-17.17347	-13.719591
Slc6a7	-13.38928	-9.935402
Pdgfrb	-10.676695	-7.222817
Csf1r	-16.480322	-13.0264435
Hmgxb3	-13.079125	-9.625247
Slc26a2	-12.896804	-9.442925
Pde6a	-16.074858	-12.620979
Ppargc1b	-14.400881	-10.947002
Arhgef37	-16.074858	-12.620979
Csnk1a1	-9.680709	-6.2268314
Bvht	-15.787175	-12.333297
Carmn	-10.506513	-7.0526347
Il17b	-12.092065	-8.638186
Pcyox1l	-12.130044	-8.676166
Grpel2	-13.014586	-9.560708
1500015A07Rik	-15.227559	-11.773681
Adrb2	-15.787175	-12.333297
Fbxo38	-12.816761	-9.362883
2700046A07Rik	-17.17347	-13.719591
Apcdd1	-14.283098	-10.82922
Napg	-11.697006	-8.243128
Piezo2	-11.697006	-8.243128
Txnl1	-10.977025	-7.523147
Wdr7	-13.130418	-9.676539
Fech	-12.104566	-8.650687
Nars	-10.937099	-7.4832215
Atp8b1	-11.254576	-7.800698
A330084C13Rik	-16.074858	-12.620979
Nedd4l	-12.855982	-9.402103
Alpk2	-17.17347	-13.719591
Malt1	-13.241644	-9.7877655
Gm41760	-15.564032	-12.110153
Zfp532	-12.394346	-8.940468
Gm50115	-17.17347	-13.719591
AC132307.1	-15.564032	-12.110153
Oacyl	-17.17347	-13.719591
Sec11c	-10.964879	-7.511001
Grp	-17.17347	-13.719591
Rax	-16.074858	-12.620979
Cplx4	-17.17347	-13.719591
Lman1	-10.887471	-7.4335933
Gnal	-15.227559	-11.773681
Chmp1b	-12.588502	-9.134624
Mppe1	-13.203177	-9.749299
Impa2	-13.841265	-10.387386
B430212C06Rik	-17.17347	-13.719591
Cidea	-12.231827	-8.777948
Tubb6	-12.07972	-8.625841
Afg3l2	-12.53874	-9.084862
Prelid3a	-14.229031	-10.775152
Spire1	-12.385978	-8.932099
Cep76	-13.915373	-10.461494
Psmg2	-11.885202	-8.431324
Ptpn2	-12.15619	-8.7023115
4930549G23Rik	-15.787175	-12.333297
Gm26910	-14.128947	-10.675069
Seh1l	-12.176257	-8.722379
Cep192	-13.344828	-9.890949
Ldlrad4	-11.752934	-8.299056
Gm41764	-14.340256	-10.886377
Fam210a	-12.510031	-9.056152
Rnmt	-12.203656	-8.749778
Mc5r	-17.17347	-13.719591
Tcf4	-10.292058	-6.83818
Ccdc68	-12.2247095	-8.770831
Rab27b	-12.630175	-9.176296
4930503L19Rik	-12.696133	-9.242254
Stard6	-14.775575	-11.321696
Poli	-13.954594	-10.500715
Mbd2	-11.020737	-7.566859
Mex3c	-12.136517	-8.682638
Smad4	-11.084425	-7.630547
Elac1	-13.41227	-9.958391
Me2	-13.28165	-9.827771
Gm9925	-17.17347	-13.719591
Cxxc1	-12.055475	-8.601597
Mbd1	-12.53874	-9.084862
Cfap53	-16.074858	-12.620979
Acaa2	-11.793572	-8.339694
Rpl17	-8.434093	-4.9802155
BC031181	-10.534902	-7.0810237
Dym	-12.76675	-9.312872
Gm20544	-15.787175	-12.333297
Smad7	-11.159755	-7.705877
Ctif	-12.983815	-9.529937
Zbtb7c	-14.082427	-10.628549
BC026513	-17.17347	-13.719591
Smad2	-12.598759	-9.14488
Ier3ip1	-10.699579	-7.2457013
Hdhd2	-12.130044	-8.676166
Pias2	-12.869405	-9.415526
Rnf165	-14.037975	-10.584097
8030462N17Rik	-12.7075615	-9.253683
A330094K24Rik	-15.38171	-11.927832
Haus1	-12.88301	-9.4291315
Atp5a1	-9.748112	-6.294234
Pstpip2	-17.17347	-13.719591
F830208F22Rik	-17.17347	-13.719591
Epg5	-13.647109	-10.193231
Gm6133	-16.074858	-12.620979
Setbp1	-11.380456	-7.926578
Pard6g	-13.241644	-9.7877655
Adnp2	-12.7075615	-9.253683
Rbfa	-12.149589	-8.69571
Gm16286	-11.197119	-7.743241
Txnl4a	-11.926445	-8.472567
Hsbp1l1	-15.787175	-12.333297
Pqlc1	-12.548497	-9.094619
Kcng2	-15.564032	-12.110153
Ctdp1	-13.222226	-9.768348
Nfatc1	-13.459897	-10.006019
Atp9b	-12.428537	-8.974659
B020010K11Rik	-15.227559	-11.773681
Zfp236	-13.184485	-9.730607
Gm46620	-16.074858	-12.620979
Zfp516	-12.07972	-8.625841
Tshz1	-11.875153	-8.421274
Zadh2	-12.855982	-9.402103
Zfp407	-13.062595	-9.608717
Cndp1	-17.17347	-13.719591
Cndp2	-12.568299	-9.114421
Cyb5a	-10.050603	-6.596725
Timm21	-12.27563	-8.821752
Socs6	-12.377679	-8.9238
Rttn	-13.772272	-10.318394
Dok6	-14.976245	-11.522367
Tmx3	-11.517478	-8.0636
Gm45871	-13.995416	-10.541537
Ighmbp2	-13.841265	-10.387386
Mrpl21	-11.202208	-7.7483296
Cpt1a	-12.313657	-8.859778
Ppp6r3	-11.726732	-8.272854
Lrp5	-13.41227	-9.958391
Gm36608	-14.775575	-11.321696
1810055G02Rik	-12.345156	-8.891277
Kmt5b	-11.309838	-7.8559604
Chka	-11.705409	-8.251531
Tcirg1	-13.647109	-10.193231
Ndufs8	-11.022866	-7.5689883
Aldh3b1	-14.6085205	-11.154642
Unc93b1	-14.037975	-10.584097
Acy3	-14.6085205	-11.154642
4833408A19Rik	-15.227559	-11.773681
Nudt8	-13.203177	-9.749299
Doc2g	-14.688563	-11.234685
Ndufv1	-11.031432	-7.577554
Gstp1	-10.414214	-6.960336
Gstp2	-14.870885	-11.4170065
Cdk2ap2	-11.220226	-7.7663484
Pitpnm1	-13.113027	-9.659148
Aip	-11.251891	-7.798013
Tmem134	-10.781552	-7.3276744
Gpr152	-17.17347	-13.719591
Coro1b	-12.999083	-9.545204
Rps6kb2	-12.9393635	-9.485485
Carns1	-12.7075615	-9.253683
Gm17552	-15.787175	-12.333297
Ppp1ca	-10.465385	-7.0115075
Rad9a	-14.400881	-10.947002
Gm30082	-16.074858	-12.620979
Clcf1	-14.400881	-10.947002
Pold4	-11.08216	-7.628282
Ssh3	-13.618121	-10.164243
Ankrd13d	-13.877633	-10.423755
Gm50152	-17.17347	-13.719591
Grk2	-12.183037	-8.729158
Kdm2a	-11.48989	-8.036012
Rhod	-12.510031	-9.056152
A930001C03Rik	-17.17347	-13.719591
Syt12	-14.177737	-10.723859
Pcx	-14.229031	-10.775152
Lrfn4	-13.647109	-10.193231
Rce1	-12.46394	-9.010061
Rbm4b	-12.5290785	-9.0752
Rbm4	-12.630175	-9.176296
Rbm14	-13.222226	-9.768348
Ccs	-11.517478	-8.0636
Ctsf	-10.913888	-7.46001
Actn3	-16.480322	-13.0264435
Zdhhc24	-14.177737	-10.723859
Bbs1	-13.841265	-10.387386
Dpp3	-12.27563	-8.821752
Peli3	-13.841265	-10.387386
Mrpl11	-11.788975	-8.335096
Npas4	-14.775575	-11.321696
Slc29a2	-15.787175	-12.333297
B4gat1	-11.816883	-8.363005
Brms1	-13.261447	-9.807569
Rin1	-15.564032	-12.110153
Cd248	-11.798191	-8.344313
Tmem151a	-15.564032	-12.110153
Gm46658	-16.480322	-13.0264435
Yif1a	-11.726732	-8.272854
Cnih2	-16.074858	-12.620979
Rab1b	-11.53868	-8.084802
Klc2	-13.095932	-9.642054
Gm10817	-17.17347	-13.719591
Pacs1	-12.684834	-9.230955
Sf3b2	-10.255764	-6.801886
Gm50203	-17.17347	-13.719591
Gal3st3	-13.535883	-10.082005
Cst6	-14.688563	-11.234685
Banf1	-10.915802	-7.461924
Eif1ad	-12.437271	-8.983393
Sart1	-11.986084	-8.532206
D330050I16Rik	-16.480322	-13.0264435
4930481A15Rik	-14.128947	-10.675069
Drap1	-10.138201	-6.684323
AI837181	-11.713884	-8.260006
Ccdc85b	-10.409585	-6.955707
Fibp	-11.958533	-8.504655
Ctsw	-17.17347	-13.719591
Efemp2	-10.620961	-7.1670833
Mus81	-12.804022	-9.350143
Cfl1	-9.6532345	-6.199357
Snx32	-13.203177	-9.749299
1700020D05Rik	-16.074858	-12.620979
Ap5b1	-15.564032	-12.110153
Rnaseh2c	-10.704219	-7.250341
Kat5	-12.45497	-9.001092
Rela	-11.327031	-7.873153
Sipa1	-13.707733	-10.253855
Pcnx3	-12.953961	-9.500083
Map3k11	-13.877633	-10.423755
Gm50315	-16.480322	-13.0264435
Ehbp1l1	-10.923494	-7.4696164
Fam89b	-11.567667	-8.113789
Znrd2	-11.845593	-8.391715
Ltbp3	-9.67294	-6.2190623
Scyl1	-11.636135	-8.182257
Malat1	-5.2615128	-1.807635
Neat1	-10.1595545	-6.7056766
Frmd8os	-14.870885	-11.4170065
Frmd8	-13.535883	-10.082005
Slc25a45	-15.564032	-12.110153
Tigd3	-17.17347	-13.719591
Dpf2	-12.305935	-8.8520565
Gm42067	-14.534412	-11.080534
Cdc42ep2	-15.227559	-11.773681
Pola2	-13.954594	-10.500715
Capn1	-12.598759	-9.14488
Syvn1	-12.9393635	-9.485485
Mrpl49	-12.176257	-8.722379
Fau	-8.089373	-4.6354947
Znhit2	-12.548497	-9.094619
Tm7sf2	-14.229031	-10.775152
Vps51	-12.924974	-9.471096
Zfpl1	-12.203656	-8.749778
Sac3d1	-12.482121	-9.028243
Snx15	-12.953961	-9.500083
Arl2	-11.338658	-7.8847804
Gpha2	-16.074858	-12.620979
Ppp2r5b	-12.64087	-9.186992
Atg2a	-13.030334	-9.576456
Ehd1	-12.130044	-8.676166
Cdc42bpg	-14.229031	-10.775152
Men1	-13.261447	-9.807569
Map4k2	-13.739482	-10.285604
Gm14966	-14.775575	-11.321696
Sf1	-11.486494	-8.032616
Pygm	-12.055475	-8.601597
Rasgrp2	-11.479737	-8.025859
Nrxn2	-13.995416	-10.541537
Gm14964	-13.261447	-9.807569
CAAA01066123.1	-17.17347	-13.719591
Rps6ka4	-14.870885	-11.4170065
Prdx5	-10.177703	-6.723825
Trmt112	-10.82433	-7.3704524
Esrra	-12.953961	-9.500083
Gpr137	-13.095932	-9.642054
Bad	-11.545849	-8.09197
Plcb3	-12.446082	-8.992204
Ppp1r14b	-11.676301	-8.222423
Fkbp2	-10.715131	-7.261253
Vegfb	-12.0435705	-8.589692
Dnajc4	-11.731051	-8.277173
Nudt22	-12.548497	-9.094619
Trpt1	-13.484591	-10.030712
Fermt3	-15.38171	-11.927832
Stip1	-11.174533	-7.720655
Macrod1	-12.210625	-8.756746
AC109619.1	-14.688563	-11.234685
Flrt1	-13.079125	-9.625247
Otub1	-11.616641	-8.162763
Cox8a	-9.010668	-5.5567904
Naa40	-13.772272	-10.318394
Rcor2	-15.564032	-12.110153
Mark2	-11.793572	-8.339694
Gm17227	-16.480322	-13.0264435
Spindoc	-13.344828	-9.890949
Gm50232	-16.074858	-12.620979
1700105P06Rik	-15.564032	-12.110153
2700081O15Rik	-12.829664	-9.375786
Rtn3	-10.708881	-7.2550035
Atl3	-10.729339	-7.2754607
Plaat3	-12.76675	-9.312872
Chrm1	-15.564032	-12.110153
Slc3a2	-11.605125	-8.151247
Snhg1	-12.104566	-8.650687
Wdr74	-12.377679	-8.9238
Stx5a	-11.752934	-8.299056
Nxf1	-12.437271	-8.983393
Tmem223	-11.055372	-7.6014943
Tmem179b	-12.260815	-8.806936
Taf6l	-14.229031	-10.775152
Polr2g	-11.246544	-7.792666
Zbtb3	-16.074858	-12.620979
Ttc9c	-12.9393635	-9.485485
Hnrnpul2	-10.891203	-7.437325
Gng3	-16.480322	-13.0264435
Bscl2	-11.921196	-8.467318
Lrrn4cl	-17.17347	-13.719591
Ubxn1	-10.2808275	-6.8269496
Uqcc3	-11.414568	-7.96069
Lbhd1	-15.38171	-11.927832
1810009A15Rik	-12.791443	-9.337564
Ints5	-13.366807	-9.912929
Ganab	-11.676301	-8.222423
B3gat3	-11.752934	-8.299056
Rom1	-12.754629	-9.300751
Eml3	-13.203177	-9.749299
Gm10353	-17.17347	-13.719591
Mta2	-12.45497	-9.001092
Tut1	-14.128947	-10.675069
Eef1g	-9.856257	-6.4023795
Ahnak	-9.00385	-5.549972
Asrgl1	-11.287366	-7.833488
Gm9750	-17.17347	-13.719591
Gm50321	-16.480322	-13.0264435
Incenp	-14.340256	-10.886377
Gm50340	-15.227559	-11.773681
Fth1	-7.2063966	-3.7525191
Best1	-17.17347	-13.719591
Rab3il1	-14.283098	-10.82922
Fads3	-12.446082	-8.992204
Fads2	-12.46394	-9.010061
Fads1	-11.821611	-8.367733
Fen1	-14.6085205	-11.154642
Tmem258	-10.459299	-7.005421
Myrf	-13.739482	-10.285604
Dagla	-14.46542	-11.011541
Syt7	-16.074858	-12.620979
Sdhaf2	-12.419879	-8.966001
Cpsf7	-11.958533	-8.504655
Tmem216	-13.366807	-9.912929
Tmem138	-13.095932	-9.642054
Cyb561a3	-13.166137	-9.712258
Tkfc	-14.400881	-10.947002
Ddb1	-10.84019	-7.386312
Vps37c	-12.77902	-9.325142
A430093F15Rik	-14.976245	-11.522367
Tmem132a	-10.829589	-7.375711
Tmem109	-10.503971	-7.050093
Prpf19	-11.845593	-8.391715
Ccdc86	-13.166137	-9.712258
Ms4a6c	-17.17347	-13.719591
Mrpl16	-12.28312	-8.829242
Stx3	-13.4358	-9.981921
Patl1	-13.535883	-10.082005
Osbp	-11.890265	-8.436387
Olfr1423	-17.17347	-13.719591
Dtx4	-16.074858	-12.620979
Fam111a	-14.775575	-11.321696
Cntf	-17.17347	-13.719591
Zfp91	-10.198991	-6.745113
Lpxn	-17.17347	-13.719591
Tle4	-12.008683	-8.554805
Psat1	-16.480322	-13.0264435
Cep78	-13.707733	-10.253855
C130060C02Rik	-16.480322	-13.0264435
Gnaq	-10.964879	-7.511001
Gna14	-15.0940275	-11.640149
Vps13a	-11.835932	-8.382053
Prune2	-13.166137	-9.712258
Rfk	-11.90047	-8.446591
Pcsk5	-12.829664	-9.375786
Ostf1	-11.159755	-7.705877
Nmrk1	-13.4358	-9.981921
Carnmt1	-12.203656	-8.749778
D030056L22Rik	-12.64087	-9.186992
Anxa1	-10.497646	-7.0437684
Aldh1a1	-15.787175	-12.333297
Zfand5	-10.421199	-6.967321
Gda	-16.480322	-13.0264435
1110059E24Rik	-11.991686	-8.537807
Abhd17b	-11.865202	-8.411324
Cemip2	-11.496716	-8.042837
Trpm3	-13.707733	-10.253855
2410080I02Rik	-13.459897	-10.006019
Klf9	-9.185945	-5.732067
Smc5	-12.002986	-8.549108
Mamdc2	-13.28165	-9.827771
Ptar1	-12.037671	-8.583793
Apba1	-13.095932	-9.642054
Fam189a2	-14.283098	-10.82922
Tjp2	-11.770792	-8.316914
Fxn	-13.062595	-9.608717
Pip5k1b	-12.558349	-9.10447
Fam122a	-11.64008	-8.186202
Tmem252	-16.074858	-12.620979
Pgm5	-10.810441	-7.356563
Gm10053	-14.775575	-11.321696
Cbwd1	-13.046335	-9.592457
Dock8	-12.696133	-9.242254
Kank1	-10.3501835	-6.8963056
Smarca2	-10.638228	-7.1843505
Vldlr	-11.301352	-7.8474736
Pum3	-12.321439	-8.86756
Rfx3	-13.772272	-10.318394
Glis3	-13.046335	-9.592457
Slc1a1	-15.787175	-12.333297
4430402I18Rik	-13.877633	-10.423755
Plpp6	-13.095932	-9.642054
Cdc37l1	-10.654323	-7.2004447
Ak3	-10.822584	-7.368706
1700018L02Rik	-16.480322	-13.0264435
Gm9895	-17.17347	-13.719591
Rcl1	-13.261447	-9.807569
Jak2	-12.210625	-8.756746
Insl6	-15.38171	-11.927832
Plgrkt	-11.684532	-8.230654
Cd274	-16.480322	-13.0264435
A930007I19Rik	-16.074858	-12.620979
Ric1	-12.411296	-8.9574175
Ermp1	-12.385978	-8.932099
9930021J03Rik	-11.739747	-8.285869
Ranbp6	-12.924974	-9.471096
Il33	-12.630175	-9.176296
Uhrf2	-11.430467	-7.9765887
Prkg1	-11.53868	-8.084802
Cstf2t	-12.9393635	-9.485485
Asah2	-12.53874	-9.084862
Sgms1	-12.446082	-8.992204
Gm50210	-16.480322	-13.0264435
2700046G09Rik	-13.676962	-10.2230835
Rpl9-ps6	-13.344828	-9.890949
Minpp1	-12.377679	-8.9238
Papss2	-13.148118	-9.69424
Atad1	-11.845593	-8.391715
Pten	-10.719845	-7.265967
Lipo3	-12.9393635	-9.485485
Stambpl1	-14.229031	-10.775152
Acta2	-6.2530856	-2.7992082
Fas	-12.117224	-8.663345
Lipa	-12.136517	-8.682638
Ifit2	-13.28165	-9.827771
Ifit3	-13.954594	-10.500715
Ifit3b	-14.128947	-10.675069
Ifit1bl2	-16.480322	-13.0264435
Ifit1	-15.0940275	-11.640149
Pank1	-12.568299	-9.114421
Kif20b	-15.38171	-11.927832
Rpp30	-12.510031	-9.056152
Ankrd1	-13.589951	-10.136072
Gm50147	-17.17347	-13.719591
Gm47735	-17.17347	-13.719591
Pcgf5	-11.395817	-7.941939
Hectd2	-13.113027	-9.659148
Hectd2os	-14.870885	-11.4170065
Ppp1r3c	-12.76675	-9.312872
Tnks2	-11.265387	-7.8115087
Fgfbp3	-14.283098	-10.82922
Btaf1	-12.149589	-8.69571
Cpeb3	-12.482121	-9.028243
March5	-11.215045	-7.761167
Ide	-11.52098	-8.0671015
Exoc6	-12.924974	-9.471096
Myof	-11.192056	-7.738178
I830134H01Rik	-16.480322	-13.0264435
Rbp4	-11.991686	-8.537807
Fra10ac1	-12.008683	-8.554805
Slc35g1	-14.037975	-10.584097
Plce1	-12.896804	-9.442925
Noc3l	-12.924974	-9.471096
Tbc1d12	-11.722431	-8.268553
Hells	-14.775575	-11.321696
Pdlim1	-10.408431	-6.954553
Sorbs1	-11.08216	-7.628282
A930028N01Rik	-15.787175	-12.333297
Aldh18a1	-13.148118	-9.69424
Tctn3	-14.128947	-10.675069
Entpd1	-10.569526	-7.115648
Cc2d2b	-16.480322	-13.0264435
Ccnj	-14.870885	-11.4170065
Zfp518a	-13.030334	-9.576456
Tm9sf3	-10.118156	-6.6642785
Lcor	-12.446082	-8.992204
Arhgap19	-15.227559	-11.773681
Frat1	-16.074858	-12.620979
Frat2	-15.227559	-11.773681
Rrp12	-14.46542	-11.011541
Pgam1	-10.521897	-7.0680194
Exosc1	-12.149589	-8.69571
Zdhhc16	-13.954594	-10.500715
Mms19	-13.046335	-9.592457
Ubtd1	-13.28165	-9.827771
Hoga1	-16.480322	-13.0264435
Morn4	-14.128947	-10.675069
Pi4k2a	-12.136517	-8.682638
Avpi1	-11.430467	-7.9765887
Marveld1	-10.284897	-6.831019
Zfyve27	-12.9393635	-9.485485
Crtac1	-17.17347	-13.719591
R3hcc1l	-12.953961	-9.500083
Loxl4	-15.787175	-12.333297
Pyroxd2	-17.17347	-13.719591
Hps1	-13.484591	-10.030712
Cnnm1	-16.074858	-12.620979
Got1	-13.323322	-9.869444
Slc25a28	-12.630175	-9.176296
BC037704	-17.17347	-13.719591
Entpd7	-13.647109	-10.193231
Cox15	-13.589951	-10.136072
Cutc	-14.082427	-10.628549
Dnmbp	-13.707733	-10.253855
Erlin1	-13.618121	-10.164243
Chuk	-12.428537	-8.974659
Cwf19l1	-14.400881	-10.947002
Bloc1s2	-13.148118	-9.69424
Scd2	-11.184508	-7.7306304
Gm50334	-17.17347	-13.719591
Scd1	-11.752934	-8.299056
Sec31b	-16.480322	-13.0264435
Ndufb8	-10.34584	-6.8919625
Hif1an	-12.999083	-9.545204
Gm35610	-17.17347	-13.719591
Pax2	-15.38171	-11.927832
Slf2	-12.568299	-9.114421
Sema4g	-14.229031	-10.775152
Mrpl43	-11.344524	-7.8906465
Twnk	-13.484591	-10.030712
Lzts2	-11.249214	-7.7953362
Pdzd7	-17.17347	-13.719591
Sfxn3	-12.321439	-8.86756
Gm35867	-16.480322	-13.0264435
Kazald1	-11.463042	-8.009164
Btrc	-12.742653	-9.2887745
Poll	-14.229031	-10.775152
Gm17018	-11.880165	-8.426287
Fbxw4	-12.5290785	-9.0752
Npm3	-11.668138	-8.214259
Gm15491	-17.17347	-13.719591
Oga	-12.049505	-8.595627
Kcnip2	-17.17347	-13.719591
Armh3	-13.995416	-10.541537
4930505N22Rik	-17.17347	-13.719591
Hps6	-13.915373	-10.461494
Ldb1	-11.757369	-8.303491
Pprc1	-13.954594	-10.500715
Nolc1	-11.807493	-8.353615
Gbf1	-11.386572	-7.932694
4833438C02Rik	-14.775575	-11.321696
Nfkb2	-13.130418	-9.676539
Psd	-12.953961	-9.500083
Fbxl15	-12.88301	-9.4291315
Cuedc2	-10.838415	-7.384537
Mfsd13a	-15.787175	-12.333297
2310034G01Rik	-15.38171	-11.927832
Actr1a	-11.947722	-8.493844
Sufu	-13.222226	-9.768348
Trim8	-12.394346	-8.940468
Arl3	-10.758372	-7.3044944
Sfxn2	-14.082427	-10.628549
Wbp1l	-12.482121	-9.028243
Borcs7	-11.5750475	-8.121169
As3mt	-14.46542	-11.011541
Cnnm2	-13.079125	-9.625247
Gm50431	-15.227559	-11.773681
Nt5c2	-11.885202	-8.431324
Pcgf6	-13.030334	-9.576456
Taf5	-13.203177	-9.749299
Atp5md	-9.86292	-6.409042
Pdcd11	-12.231827	-8.777948
Calhm2	-12.64087	-9.186992
Neurl1a	-13.459897	-10.006019
Gm36693	-15.0940275	-11.640149
Sh3pxd2a	-10.0522175	-6.5983396
Stn1	-13.484591	-10.030712
Slk	-11.142784	-7.688906
Gm50358	-17.17347	-13.719591
Sfr1	-9.959702	-6.5058236
Cfap43	-16.480322	-13.0264435
Gsto1	-12.869405	-9.415526
Gsto2	-16.074858	-12.620979
Itprip	-13.806173	-10.352295
Xpnpep1	-11.688673	-8.234795
Add3	-11.865202	-8.411324
Mxi1	-11.980513	-8.526634
Gm30541	-14.534412	-11.080534
Smndc1	-11.281825	-7.827947
8030456M14Rik	-16.074858	-12.620979
Gm50394	-15.787175	-12.333297
Dusp5	-14.283098	-10.82922
Nutf2-ps1	-15.227559	-11.773681
Smc3	-10.59006	-7.1361823
Rbm20	-14.6085205	-11.154642
Gm16299	-15.787175	-12.333297
Pdcd4	-11.652009	-8.198131
Bbip1	-11.424076	-7.970198
Shoc2	-11.6804085	-8.22653
Adra2a	-17.17347	-13.719591
Gpam	-13.302269	-9.848391
Gm31356	-16.074858	-12.620979
Gucy2g	-16.480322	-13.0264435
Acsl5	-12.742653	-9.2887745
Zdhhc6	-12.829664	-9.375786
Vti1a	-12.609121	-9.155243
Tcf7l2	-11.064222	-7.6103444
Ppnr	-14.775575	-11.321696
Nrap	-14.870885	-11.4170065
Casp7	-13.676962	-10.2230835
Plekhs1	-14.688563	-11.234685
Dclre1a	-12.9107895	-9.456911
Nhlrc2	-11.64404	-8.190162
Adrb1	-12.619593	-9.165714
Gm50100	-13.877633	-10.423755
Ccdc186	-11.031432	-7.577554
Afap1l2	-17.17347	-13.719591
Ablim1	-10.831348	-7.3774705
B230217O12Rik	-15.787175	-12.333297
Fam160b1	-11.636135	-8.182257
Trub1	-13.014586	-9.560708
Atrnl1	-12.002986	-8.549108
Gfra1	-15.787175	-12.333297
Hspa12a	-16.480322	-13.0264435
Kcnk18	-17.17347	-13.719591
Slc18a2	-16.480322	-13.0264435
Pdzd8	-11.684532	-8.230654
Gm17203	-16.074858	-12.620979
Rab11fip2	-11.589973	-8.136095
Fam204a	-11.6804085	-8.22653
Cacul1	-12.619593	-9.165714
Nanos1	-14.400881	-10.947002
Eif3a	-9.865597	-6.411719
Fam45a	-12.402785	-8.948907
Sfxn4	-13.954594	-10.500715
Prdx3	-11.958533	-8.504655
Grk5	-12.609121	-9.155243
Zfp950	-11.74852	-8.2946415
Csf2ra	-13.647109	-10.193231
Nudt11	-13.772272	-10.318394
Nudt10	-14.775575	-11.321696
Shroom4	-13.344828	-9.890949
Dgkk	-12.7075615	-9.253683
Clcn5	-14.400881	-10.947002
Usp27x	-14.976245	-11.522367
Gm14379	-17.17347	-13.719591
2010204K13Rik	-15.787175	-12.333297
Ppp1r3f	-14.6085205	-11.154642
Flicr	-17.17347	-13.719591
Ccdc22	-13.046335	-9.592457
Syp	-15.787175	-12.333297
Prickle3	-13.707733	-10.253855
Plp2	-11.937028	-8.48315
Magix	-16.480322	-13.0264435
Gpkow	-13.41227	-9.958391
Wdr45	-12.268195	-8.814317
Praf2	-12.008683	-8.554805
Ccdc120	-16.480322	-13.0264435
Tfe3	-12.730819	-9.27694
Gripap1	-11.963984	-8.510105
Kcnd1	-15.0940275	-11.640149
Otud5	-12.345156	-8.891277
Pim2	-14.340256	-10.886377
Slc35a2	-12.419879	-8.966001
Pqbp1	-12.055475	-8.601597
Timm17b	-11.709638	-8.255759
Pcsk1n	-15.564032	-12.110153
Hdac6	-13.739482	-10.285604
Suv39h1	-13.877633	-10.423755
Gm6787	-17.17347	-13.719591
Wdr13	-12.548497	-9.094619
Rbm3	-10.166775	-6.712897
Rbm3os	-16.074858	-12.620979
Tbc1d25	-14.128947	-10.675069
Ebp	-11.821611	-8.367733
Porcn	-13.535883	-10.082005
Ftsj1	-12.983815	-9.529937
B630019K06Rik	-14.46542	-11.011541
Lancl3	-12.253489	-8.79961
Gm14862	-16.480322	-13.0264435
Xk	-11.905611	-8.451733
H2al1m	-17.17347	-13.719591
Cybb	-17.17347	-13.719591
Dynlt3	-10.729339	-7.2754607
Sytl5	-14.870885	-11.4170065
Srpx	-14.976245	-11.522367
Rpgr	-14.534412	-11.080534
Tspan7	-11.027141	-7.5732627
Mid1ip1	-11.757369	-8.303491
Bcor	-12.253489	-8.79961
Atp6ap2	-10.9913845	-7.5375066
1810030O07Rik	-12.630175	-9.176296
Med14	-12.446082	-8.992204
Gm14634	-16.074858	-12.620979
5730405O15Rik	-16.074858	-12.620979
Usp9x	-10.80015	-7.346272
Ddx3x	-10.223613	-6.769735
Nyx	-16.074858	-12.620979
Cask	-12.313657	-8.859778
Drr1	-17.17347	-13.719591
Maoa	-12.394346	-8.940468
Maob	-12.816761	-9.362883
Ndp	-14.870885	-11.4170065
Efhc2	-14.46542	-11.011541
Fundc1	-12.45497	-9.001092
Kdm6a	-12.519509	-9.065631
Gm14636	-14.870885	-11.4170065
Gm26652	-17.17347	-13.719591
Chst7	-16.480322	-13.0264435
Rp2	-12.394346	-8.940468
Jade3	-15.0940275	-11.640149
Ndufb11	-9.834581	-6.3807034
Rbm10	-12.558349	-9.10447
Uba1	-11.251891	-7.798013
Cdk16	-12.313657	-8.859778
Usp11	-13.877633	-10.423755
Araf	-11.466359	-8.012481
Syn1	-14.775575	-11.321696
Timp1	-12.696133	-9.242254
Cfp	-14.976245	-11.522367
Elk1	-13.261447	-9.807569
Uxt	-12.64087	-9.186992
A230072C01Rik	-15.227559	-11.773681
Zfp182	-13.014586	-9.560708
Zfp300	-14.46542	-11.011541
Gm6938	-16.480322	-13.0264435
Klhl13	-12.500641	-9.046762
Wdr44	-12.369449	-8.91557
Dock11	-12.651681	-9.197803
Il13ra1	-13.079125	-9.625247
Lonrf3	-15.227559	-11.773681
Pgrmc1	-10.74375	-7.2898717
Akap17b	-12.896804	-9.442925
Slc25a43	-14.870885	-11.4170065
Slc25a5	-10.207445	-6.753567
C330007P06Rik	-11.910779	-8.456901
Ube2a	-11.414568	-7.96069
Nkrf	-13.618121	-10.164243
Sept6	-11.582482	-8.128604
Rpl39	-8.307311	-4.853433
Upf3b	-11.64404	-8.190162
Nkap	-11.850459	-8.396581
Ndufa1	-9.981288	-6.52741
Rnf113a1	-14.534412	-11.080534
Zbtb33	-13.079125	-9.625247
Tmem255a	-17.17347	-13.719591
Lamp2	-10.272738	-6.8188605
Gm7598	-15.38171	-11.927832
Cul4b	-12.609121	-9.155243
Mcts1	-11.713884	-8.260006
C1galt1c1	-12.196735	-8.742857
Gria3	-11.531563	-8.077684
Thoc2	-10.766589	-7.3127112
Xiap	-11.24388	-7.7900023
Stag2	-10.944959	-7.4910808
Dcaf12l1	-15.0940275	-11.640149
Smarca1	-13.707733	-10.253855
Ocrl	-12.313657	-8.859778
Zdhhc9	-12.9393635	-9.485485
Utp14a	-12.321439	-8.86756
Bcorl1	-12.77902	-9.325142
Elf4	-14.177737	-10.723859
Aifm1	-12.298272	-8.844394
Rab33a	-17.17347	-13.719591
Zfp280c	-13.509908	-10.056029
Slc25a14	-13.166137	-9.712258
Rbmx2	-12.754629	-9.300751
Enox2	-13.241644	-9.7877655
Firre	-13.079125	-9.625247
Stk26	-12.7075615	-9.253683
Rap2c	-12.568299	-9.114421
Hs6st2	-15.564032	-12.110153
Gpc4	-13.062595	-9.608717
Gpc3	-11.053172	-7.599294
Phf6	-12.64087	-9.186992
Hprt	-11.860264	-8.406385
C430049B03Rik	-15.0940275	-11.640149
Fam122b	-14.870885	-11.4170065
Mospd1	-12.9107895	-9.456911
Gm14597	-16.480322	-13.0264435
Rtl8c	-14.688563	-11.234685
Rtl8a	-11.672212	-8.218333
Rtl8b	-12.260815	-8.806936
Xlr	-17.17347	-13.719591
Gm15482	-17.17347	-13.719591
3830403N18Rik	-17.17347	-13.719591
Zfp449	-13.113027	-9.659148
Smim10l2a	-14.775575	-11.321696
Ints6l	-12.419879	-8.966001
Mmgt1	-12.305935	-8.8520565
Slc9a6	-12.5290785	-9.0752
Fhl1	-9.281765	-5.827887
Map7d3	-13.5625515	-10.108673
Htatsf1	-11.377412	-7.923534
Arhgef6	-12.46394	-9.010061
Rbmx	-12.290668	-8.836789
Fgf13	-12.64087	-9.186992
Mcf2	-17.17347	-13.719591
Atp11c	-12.588502	-9.134624
Cdr1os	-14.177737	-10.723859
Cdr1	-17.17347	-13.719591
Fmr1	-11.542257	-8.088379
Gm14698	-16.074858	-12.620979
Aff2	-13.030334	-9.576456
Ids	-11.476376	-8.022497
1110012L19Rik	-12.45497	-9.001092
Tmem185a	-12.855982	-9.402103
Mamld1	-13.046335	-9.592457
Mtm1	-13.148118	-9.69424
Mtmr1	-12.519509	-9.065631
Cd99l2	-11.752934	-8.299056
Hmgb3	-12.742653	-9.2887745
Vma21	-11.90047	-8.446591
Prrg3	-12.510031	-9.056152
Gabre	-12.598759	-9.14488
Gabra3	-11.453157	-7.9992795
Gabrq	-15.564032	-12.110153
Cetn2	-11.179508	-7.7256303
Nsdhl	-13.095932	-9.642054
Zfp185	-14.46542	-11.011541
Xlr4a	-17.17347	-13.719591
Xlr3a	-17.17347	-13.719591
Xlr3b	-14.976245	-11.522367
F8a	-13.241644	-9.7877655
Zfp275	-12.791443	-9.337564
Haus7	-13.366807	-9.912929
Bgn	-7.46892	-4.015043
Dusp9	-17.17347	-13.719591
Pnck	-11.766297	-8.312419
Slc6a8	-11.761824	-8.307945
Bcap31	-10.603988	-7.15011
Abcd1	-12.630175	-9.176296
Srpk3	-12.298272	-8.844394
Idh3g	-11.182005	-7.728127
Ssr4	-9.959702	-6.5058236
Pdzd4	-13.148118	-9.69424
L1cam	-16.480322	-13.0264435
Naa10	-11.910779	-8.456901
Renbp	-17.17347	-13.719591
Hcfc1	-11.99732	-8.543442
Irak1	-11.718148	-8.26427
Mecp2	-11.241224	-7.7873464
Flna	-8.124707	-4.6708293
Emd	-11.048786	-7.594908
Rpl10	-8.461862	-5.0079837
Dnase1l1	-13.4358	-9.981921
Taz	-12.189863	-8.735985
Atp6ap1	-10.746981	-7.2931027
Gdi1	-11.6804085	-8.22653
Fam50a	-11.62051	-8.166632
Plxna3	-15.227559	-11.773681
Lage3	-11.636135	-8.182257
Ubl4a	-12.321439	-8.86756
Slc10a3	-15.0940275	-11.640149
Fam3a	-12.268195	-8.814317
Ikbkg	-13.28165	-9.827771
G6pdx	-12.983815	-9.529937
Gab3	-14.340256	-10.886377
Dkc1	-12.268195	-8.814317
Mpp1	-12.149589	-8.69571
F8	-14.976245	-11.522367
Fundc2	-10.948911	-7.495033
Cmc4	-13.030334	-9.576456
Mtcp1	-14.177737	-10.723859
Brcc3	-12.130044	-8.676166
Vbp1	-11.845593	-8.391715
Rab39b	-13.509908	-10.056029
Gm15063	-16.480322	-13.0264435
4933407K13Rik	-13.954594	-10.500715
Pls3	-9.2350235	-5.781146
Tbl1x	-10.411897	-6.958019
Prkx	-12.754629	-9.300751
Prrg1	-13.877633	-10.423755
Tmem47	-10.670679	-7.216801
Dmd	-9.695865	-6.241987
Tab3	-13.739482	-10.285604
Gk	-12.231827	-8.777948
Gm14764	-17.17347	-13.719591
Gm14762	-16.074858	-12.620979
Pola1	-12.472989	-9.019111
Pcyt1b	-13.841265	-10.387386
Pdk3	-12.189863	-8.735985
Zfx	-11.752934	-8.299056
Eif2s3x	-11.660041	-8.206162
Klhl15	-13.28165	-9.827771
Apoo	-12.869405	-9.415526
Maged1	-10.452044	-6.9981656
Gspt2	-13.184485	-9.730607
Zxdb	-13.166137	-9.712258
Spin4	-13.915373	-10.461494
Arhgef9	-12.896804	-9.442925
Amer1	-12.742653	-9.2887745
Asb12	-17.17347	-13.719591
Zc4h2	-13.647109	-10.193231
Zc3h12b	-12.619593	-9.165714
Las1l	-11.870165	-8.416286
Msn	-9.8602495	-6.4063716
Heph	-15.38171	-11.927832
Gpr165	-15.564032	-12.110153
Eda2r	-16.074858	-12.620979
Ar	-12.008683	-8.554805
Ophn1	-12.896804	-9.442925
Yipf6	-12.558349	-9.10447
Stard8	-13.589951	-10.136072
Efnb1	-13.130418	-9.676539
Pja1	-12.28312	-8.829242
Eda	-14.128947	-10.675069
Awat2	-16.074858	-12.620979
Igbp1	-11.821611	-8.367733
Pdzd11	-11.870165	-8.416286
Gdpd2	-13.676962	-10.2230835
Gm14866	-17.17347	-13.719591
Gm14902	-14.775575	-11.321696
Dlg3	-12.385978	-8.932099
Slc7a3	-15.564032	-12.110153
Snx12	-12.57835	-9.124472
Foxo4	-13.344828	-9.890949
Med12	-12.45497	-9.001092
Nlgn3	-13.535883	-10.082005
Zmym3	-12.9107895	-9.456911
Nono	-11.298539	-7.844661
Itgb1bp2	-16.480322	-13.0264435
Taf1	-11.6804085	-8.22653
Ogt	-11.332828	-7.8789496
Gm4779	-17.17347	-13.719591
Nhsl2	-11.692831	-8.238953
Rtl5	-15.564032	-12.110153
Pin4	-11.169582	-7.7157044
Ercc6l	-17.17347	-13.719591
Rps4x	-8.225924	-4.7720456
Cited1	-16.074858	-12.620979
Hdac8	-13.366807	-9.912929
Phka1	-13.509908	-10.056029
Dmrtc1a	-16.074858	-12.620979
Chic1	-12.598759	-9.14488
Tsx	-17.17347	-13.719591
Xist	-15.787175	-12.333297
Jpx	-14.534412	-11.080534
Ftx	-13.302269	-9.848391
Slc16a2	-12.305935	-8.8520565
Rlim	-12.055475	-8.601597
Abcb7	-13.261447	-9.807569
Uprt	-14.400881	-10.947002
Zdhhc15	-14.775575	-11.321696
5530601H04Rik	-13.148118	-9.69424
Pbdc1	-12.353188	-8.899309
Magee1	-12.869405	-9.415526
Fgf16	-14.870885	-11.4170065
Atrx	-9.968577	-6.5146995
Magt1	-11.672212	-8.218333
Cox7b	-9.888649	-6.434771
Atp7a	-12.9393635	-9.485485
Pgk1	-11.202208	-7.7483296
Taf9b	-13.484591	-10.030712
Gm5127	-16.480322	-13.0264435
Rtl3	-16.480322	-13.0264435
Lpar4	-13.877633	-10.423755
P2ry10b	-16.480322	-13.0264435
Itm2a	-13.589951	-10.136072
2610002M06Rik	-12.696133	-9.242254
Brwd3	-12.76675	-9.312872
2810403D21Rik	-14.082427	-10.628549
Hmgn5	-11.1308365	-7.6769586
Sh3bgrl	-9.3113575	-5.8574796
Gm6377	-16.480322	-13.0264435
Hdx	-15.0940275	-11.640149
Apool	-12.730819	-9.27694
Zfp711	-16.074858	-12.620979
Chm	-12.246216	-8.792337
Pabpc5	-15.787175	-12.333297
Pcdh11x	-14.775575	-11.321696
Nap1l3	-14.283098	-10.82922
Cldn34c1	-13.222226	-9.768348
Diaph2	-11.109684	-7.655806
Pcdh19	-17.17347	-13.719591
Tspan6	-12.268195	-8.814317
Srpx2	-12.298272	-8.844394
Sytl4	-14.229031	-10.775152
Cstf2	-13.535883	-10.082005
Trmt2b	-12.57835	-9.124472
Tmem35a	-13.046335	-9.592457
Timm8a1	-13.046335	-9.592457
Rpl36a	-8.89682	-5.4429426
Gla	-13.589951	-10.136072
Hnrnph2	-11.356359	-7.9024806
Armcx4	-12.66261	-9.208732
Armcx1	-12.176257	-8.722379
Armcx6	-14.775575	-11.321696
Armcx3	-11.386572	-7.932694
Armcx2	-12.169523	-8.715645
Nxf2	-16.480322	-13.0264435
Zmat1	-12.57835	-9.124472
Tceal6	-11.582482	-8.128604
Armcx5	-12.855982	-9.402103
Gprasp1	-11.860264	-8.406385
Bhlhb9	-12.829664	-9.375786
Gprasp2	-12.696133	-9.242254
Arxes2	-14.976245	-11.522367
Arxes1	-16.480322	-13.0264435
Bex2	-15.787175	-12.333297
Bex4	-14.283098	-10.82922
Tceal8	-11.469687	-8.015809
Tceal5	-13.41227	-9.958391
Bex1	-15.227559	-11.773681
Tceal9	-10.217877	-6.7639995
Bex3	-10.9913845	-7.5375066
Tceal3	-11.123736	-7.6698585
Tceal1	-12.337188	-8.883309
Morf4l2	-10.495128	-7.0412498
BC065397	-13.877633	-10.423755
Plp1	-14.534412	-11.080534
Rab9b	-16.074858	-12.620979
Tmsb15b2	-12.816761	-9.362883
Tmsb15b1	-12.77902	-9.325142
Slc25a53	-14.6085205	-11.154642
Zcchc18	-12.829664	-9.375786
Fam199x	-12.77902	-9.325142
Il1rapl2	-16.480322	-13.0264435
Nrk	-12.558349	-9.10447
Pwwp3b	-13.41227	-9.958391
Rnf128	-16.480322	-13.0264435
Tbc1d8b	-12.57835	-9.124472
Gm15013	-15.38171	-11.927832
Cldn2	-15.0940275	-11.640149
Morc4	-13.41227	-9.958391
Rbm41	-13.41227	-9.958391
Prps1	-12.791443	-9.337564
Tsc22d3	-12.855982	-9.402103
Mid2	-12.829664	-9.375786
Eif2c5	-15.787175	-12.333297
Psmd10	-12.53874	-9.084862
Atg4a	-13.079125	-9.625247
Col4a6	-9.886593	-6.432715
Col4a5	-9.352227	-5.8983493
Irs4	-15.787175	-12.333297
Nxt2	-12.53874	-9.084862
Kcne1l	-17.17347	-13.719591
Acsl4	-12.500641	-9.046762
Tmem164	-13.148118	-9.69424
Ammecr1	-13.647109	-10.193231
Chrdl1	-13.184485	-9.730607
Pak3	-15.227559	-11.773681
Capn6	-13.38928	-9.935402
Dcx	-16.074858	-12.620979
Alg13	-13.459897	-10.006019
Rtl4	-17.17347	-13.719591
Amot	-15.38171	-11.927832
Lrch2	-12.369449	-8.91557
Tmem29	-12.169523	-8.715645
Apex2	-13.366807	-9.912929
Pfkfb1	-16.074858	-12.620979
Tro	-12.983815	-9.529937
Maged2	-11.560342	-8.106463
Gnl3l	-11.937028	-8.48315
Fgd1	-12.9393635	-9.485485
Tsr2	-12.598759	-9.14488
Wnk3	-16.074858	-12.620979
A230072E10Rik	-17.17347	-13.719591
Fam120c	-13.535883	-10.082005
Phf8	-12.491339	-9.03746
Huwe1	-10.803569	-7.349691
Hsd17b10	-10.831348	-7.3774705
Ribc1	-16.074858	-12.620979
Smc1a	-10.454456	-7.0005784
Iqsec2	-13.046335	-9.592457
Kdm5c	-12.337188	-8.883309
Kantr	-12.968777	-9.514898
Tspyl2	-12.730819	-9.27694
Gpr173	-13.772272	-10.318394
3010001F23Rik	-15.38171	-11.927832
Shroom2	-15.38171	-11.927832
Usp51	-17.17347	-13.719591
Mageh1	-12.061481	-8.607603
9530051G07Rik	-15.227559	-11.773681
Rragb	-14.283098	-10.82922
Klf8	-14.340256	-10.886377
Ubqln2	-11.986084	-8.532206
Kctd12b	-13.323322	-9.869444
Gm45022	-15.787175	-12.333297
Nbdy	-11.270836	-7.816958
Spin2c	-17.17347	-13.719591
Sat1	-10.05141	-6.597532
Acot9	-11.697006	-8.243128
Prdx4	-10.057887	-6.604009
Ptchd1	-17.17347	-13.719591
Gm15155	-17.17347	-13.719591
Phex	-13.41227	-9.958391
Sms	-11.802832	-8.348953
Mbtps2	-13.589951	-10.136072
Cnksr2	-17.17347	-13.719591
Rps6ka3	-11.90047	-8.446591
Eif1ax	-10.515458	-7.06158
Map7d2	-12.609121	-9.155243
Bclaf3	-12.558349	-9.10447
Sh3kbp1	-11.469687	-8.015809
Map3k15	-16.074858	-12.620979
Pdha1	-10.803569	-7.349691
Adgrg2	-12.568299	-9.114421
Phka2	-12.804022	-9.350143
Ppef1	-11.991686	-8.537807
Cdkl5	-11.398918	-7.94504
Gja6	-14.128947	-10.675069
Scml2	-15.38171	-11.927832
Rai2	-14.976245	-11.522367
Nhs	-12.53874	-9.084862
Reps2	-14.976245	-11.522367
Gm15201	-15.787175	-12.333297
Rbbp7	-10.6647005	-7.2108226
Txlng	-12.5290785	-9.0752
Syap1	-11.235933	-7.7820554
Ctps2	-12.377679	-8.9238
Ap1s2	-11.417727	-7.9638495
Zrsr2	-11.52098	-8.0671015
Car5b	-13.323322	-9.869444
Siah1b	-14.037975	-10.584097
Pir	-12.66261	-9.208732
Vegfd	-12.76675	-9.312872
Piga	-14.340256	-10.886377
Mospd2	-11.963984	-8.510105
Fancb	-14.870885	-11.4170065
Gemin8	-13.806173	-10.352295
Gpm6b	-14.870885	-11.4170065
Ofd1	-13.589951	-10.136072
Trappc2	-12.804022	-9.350143
Rab9	-11.582482	-8.128604
Tceanc	-14.46542	-11.011541
Tmsb4x	-6.480979	-3.0271015
Prps2	-12.411296	-8.9574175
Msl3	-11.463042	-8.009164
Arhgap6	-12.510031	-9.056152
Gm15261	-14.037975	-10.584097
Hccs	-12.88301	-9.4291315
Mid1	-13.323322	-9.869444
G530011O06Rik	-13.062595	-9.608717
Gm15726	-16.074858	-12.620979
Gm15247	-16.074858	-12.620979
Gm21887	-13.41227	-9.958391
Kdm5d	-12.896804	-9.442925
Eif2s3y	-11.648017	-8.194139
Gm29650	-15.564032	-12.110153
Uty	-12.730819	-9.27694
Ddx3y	-10.997602	-7.5437245
Gm21860	-12.361285	-8.907407
Gm47283	-11.197119	-7.743241
mt-Nd1	-7.4985776	-4.0447
mt-Nd2	-7.2969418	-3.8430643
mt-Co1	-6.639215	-3.1853375
mt-Co2	-6.4090133	-2.9551358
mt-Atp8	-9.4786215	-6.0247436
mt-Atp6	-5.973475	-2.5195975
mt-Co3	-6.2424893	-2.788612
mt-Nd3	-7.9675384	-4.513661
mt-Nd4l	-8.3331785	-4.879301
mt-Nd4	-7.209639	-3.7557616
mt-Nd5	-8.851805	-5.397927
mt-Nd6	-11.744123	-8.290245
mt-Cytb	-6.534949	-3.0810714
CAAA01118383.1	-12.46394	-9.010061
Vamp7	-12.2247095	-8.770831
Tmlhe	-14.775575	-11.321696
CR974586.4	-15.227559	-11.773681
4933409K07Rik	-15.787175	-12.333297
CT868723.1	-16.480322	-13.0264435
CAAA01147332.1	-12.305935	-8.8520565
AC149090.1	-11.726732	-8.272854
