gene	log_min	log_max
Lbx2	-13.632299	-10.178421
Zdhhc12	-14.006992	-10.553114
Trmt11	-14.006992	-10.553114
Nckap5l	-14.458978	-11.005099
Sec24d	-12.620698	-9.16682
Lama5	-14.79545	-11.341572
Slc13a3	-12.79397	-9.340092
4930563E22Rik	-15.7117405	-12.257862
Laptm5	-8.758056	-5.304178
Il12rb2	-16.404888	-12.95101
Zfp622	-11.962236	-8.508358
Phactr2	-11.492233	-8.038355
Coq2	-12.434596	-8.980718
Syt3	-14.006992	-10.553114
4833408A19Rik	-15.7117405	-12.257862
Gm43403	-14.006992	-10.553114
Shisal1	-16.404888	-12.95101
Arhgap39	-12.533687	-9.079808
Zfp667	-13.839938	-10.38606
Tmem74	-15.7117405	-12.257862
9330159M07Rik	-14.325446	-10.871568
Ccdc34	-11.789767	-8.335889
Dlg4	-11.514539	-8.06066
Pak2	-10.241573	-6.7876954
Ndufb11	-10.302329	-6.848451
Pex19	-12.492865	-9.038986
Oxsm	-13.003691	-9.549812
Kif9	-15.7117405	-12.257862
Aqr	-11.986047	-8.532168
Alg12	-13.919981	-10.466103
Pfdn6	-11.311137	-7.8572593
D830050J10Rik	-14.325446	-10.871568
Smpd2	-13.76583	-10.311952
2810004N23Rik	-12.277753	-8.823874
Zrsr1	-13.571674	-10.117796
Asprv1	-16.404888	-12.95101
Mcm7	-12.048179	-8.5943
Abhd6	-12.878528	-9.424649
Kif27	-15.306275	-11.852397
Slc25a51	-12.1282215	-8.674343
Kat7	-11.998169	-8.544291
Stag3	-16.404888	-12.95101
Unk	-13.313846	-9.859967
Ampd1	-14.613129	-11.15925
Cbr2	-8.793045	-5.3391676
Agpat4	-12.048179	-8.5943
Ampd2	-14.325446	-10.871568
Btbd1	-11.407676	-7.953798
Abca2	-13.696837	-10.242959
Asb3	-13.037592	-9.583714
Vac14	-12.310543	-8.856665
Rdh10	-13.226834	-9.772956
Ptpn22	-12.939152	-9.485273
Sec23b	-12.513067	-9.059189
Fbrs	-12.261753	-8.807875
Pdrg1	-11.84054	-8.386662
Plagl2	-12.667218	-9.21334
Adam23	-15.306275	-11.852397
Rwdd2a	-13.919981	-10.466103
Ghitm	-11.274989	-7.821111
Gm16537	-16.404888	-12.95101
P2ry1	-16.404888	-12.95101
Cd300lb	-12.691316	-9.237437
Ash1l	-10.867554	-7.413676
Bmp6	-14.102303	-10.648424
Actl6a	-12.0354395	-8.581561
Ccdc47	-11.217502	-7.7636237
Pcbp2	-9.932542	-6.478664
Tmem163	-15.018594	-11.564715
Ttll4	-13.632299	-10.178421
Asxl1	-11.962236	-8.508358
Eapp	-11.722756	-8.268878
Gm45890	-16.404888	-12.95101
Unc13a	-15.306275	-11.852397
Cyp20a1	-12.277753	-8.823874
Ubtd2	-15.306275	-11.852397
Wwc2	-12.294014	-8.840136
Txnrd1	-11.263225	-7.8093467
Mob1a	-10.552685	-7.098807
Agbl1	-16.404888	-12.95101
Ripply3	-15.306275	-11.852397
Cpne7	-15.7117405	-12.257862
Slc16a1	-13.226834	-9.772956
Srsf4	-12.1282215	-8.674343
Mss51	-14.006992	-10.553114
Cd209c	-15.018594	-11.564715
Dnah11	-16.404888	-12.95101
Rapgef6	-11.168446	-7.7145677
B130046B21Rik	-16.404888	-12.95101
Gm14325	-16.404888	-12.95101
Sox17	-15.306275	-11.852397
Gm19585	-16.404888	-12.95101
Ilf3	-11.974071	-8.520192
Exog	-13.76583	-10.311952
Kansl2	-12.767302	-9.313423
Iqsec1	-11.938979	-8.485101
Rnaset2b	-12.010439	-8.5565605
Lrrc40	-13.360365	-9.9064865
Fjx1	-16.404888	-12.95101
Gm45464	-14.79545	-11.341572
Tubgcp4	-12.9083805	-9.454502
Thap4	-13.360365	-9.9064865
Helz2	-14.458978	-11.005099
Cstf2t	-12.878528	-9.424649
Zfp772	-14.207664	-10.753785
Pp2d1	-16.404888	-12.95101
Gm11613	-15.7117405	-12.257862
Pdlim3	-13.571674	-10.117796
Ppp2r1a	-11.522086	-8.068208
2810405F17Rik	-14.325446	-10.871568
Apaf1	-11.998169	-8.544291
Ocrl	-11.905078	-8.4512
Dnlz	-12.1282215	-8.674343
Fbxo7	-13.269394	-9.8155155
Wnt11	-14.006992	-10.553114
Gm45805	-16.404888	-12.95101
Crybb3	-15.7117405	-12.257862
Atp13a2	-11.286894	-7.833016
Olfr921	-13.919981	-10.466103
Tsen34	-11.435075	-7.981197
Manba	-12.361836	-8.907958
Fbxo27	-16.404888	-12.95101
Vangl2	-15.7117405	-12.257862
Armcx4	-16.404888	-12.95101
Dmxl1	-11.245832	-7.7919545
Wdr24	-13.919981	-10.466103
Rps14	-7.683448	-4.2295704
Meak7	-14.458978	-11.005099
Med23	-12.9083805	-9.454502
Tlr6	-13.514516	-10.060637
Xirp1	-15.306275	-11.852397
Srd5a3	-12.261753	-8.807875
Psma2	-10.60883	-7.1549525
Tada3	-12.598226	-9.144347
Slc38a1	-12.170781	-8.716903
Capg	-10.546954	-7.093076
Dctd	-16.404888	-12.95101
Hyal1	-13.269394	-9.8155155
Zmym6	-13.514516	-10.060637
Gm20627	-16.404888	-12.95101
Sf3b6	-10.867554	-7.413676
Jaml	-12.156392	-8.702514
Tmem138	-15.018594	-11.564715
Fcer1a	-12.327351	-8.873472
E130317F20Rik	-16.404888	-12.95101
Lnpep	-11.179141	-7.725263
Gm15927	-15.7117405	-12.257862
Bloc1s6os	-15.7117405	-12.257862
Hemk1	-15.306275	-11.852397
Haghl	-13.003691	-9.549812
Phf2	-12.513067	-9.059189
Gm5150	-15.306275	-11.852397
Best2	-16.404888	-12.95101
Tnxb	-14.458978	-11.005099
Lat2	-11.642714	-8.188835
Atg4b	-12.576246	-9.122368
Cnih4	-10.941056	-7.4871783
Ate1	-11.986047	-8.532168
Acp2	-11.407676	-7.953798
Llgl2	-15.7117405	-12.257862
Atp6v1fnb	-16.404888	-12.95101
Nkapd1	-12.492865	-9.038986
Gm11707	-16.404888	-12.95101
Mpdz	-15.7117405	-12.257862
Tead2	-16.404888	-12.95101
Col4a1	-13.146791	-9.692913
Fbxo11	-11.686389	-8.232511
1600020E01Rik	-12.9083805	-9.454502
Pcgf5	-12.294014	-8.840136
Urgcp	-13.226834	-9.772956
Fktn	-13.269394	-9.8155155
Als2cl	-14.613129	-11.15925
Eno4	-16.404888	-12.95101
Car5b	-14.325446	-10.871568
Gm12159	-16.404888	-12.95101
Ifrd2	-13.632299	-10.178421
A930012O16Rik	-16.404888	-12.95101
Txnl4a	-11.894029	-8.44015
Mrpl21	-11.634203	-8.180325
Fam89b	-10.993241	-7.5393634
Gle1	-12.970901	-9.517022
Dap3	-12.397554	-8.943676
Edem3	-13.226834	-9.772956
Card19	-10.704444	-7.250566
Htr1b	-15.306275	-11.852397
Tpmt	-14.458978	-11.005099
Mospd2	-11.8831	-8.429221
Nfyb	-12.667218	-9.21334
Rrp15	-12.741326	-9.287448
Gbp6	-13.919981	-10.466103
F730311O21Rik	-16.404888	-12.95101
Map2k4	-12.434596	-8.980718
Ccdc180	-15.018594	-11.564715
Omg	-16.404888	-12.95101
Ncl	-9.374914	-5.9210367
Slc7a13	-13.632299	-10.178421
Il1r2	-14.207664	-10.753785
Mst1r	-15.306275	-11.852397
Sept6	-12.492865	-9.038986
Pcyt1b	-13.269394	-9.8155155
Bfsp2	-15.7117405	-12.257862
Cldn10	-16.404888	-12.95101
Gm41496	-16.404888	-12.95101
Kif24	-15.018594	-11.564715
Bpifc	-16.404888	-12.95101
Fancc	-14.006992	-10.553114
Pde1b	-14.207664	-10.753785
Gm48066	-15.7117405	-12.257862
Rufy2	-13.146791	-9.692913
Cdc42se1	-11.367935	-7.9140573
Mif4gd	-12.156392	-8.702514
Riok3	-11.251596	-7.7977185
Gm49201	-15.7117405	-12.257862
Glra1	-13.696837	-10.242959
Cwf19l2	-11.809768	-8.355889
Usf3	-12.55474	-9.100862
Ptp4a1	-14.458978	-11.005099
Psmb9	-10.813901	-7.360023
Prdm11	-15.306275	-11.852397
Yjefn3	-15.018594	-11.564715
Tmem231	-15.7117405	-12.257862
Dcaf11	-12.1144285	-8.66055
Zmat1	-13.76583	-10.311952
Map1a	-14.006992	-10.553114
Setd2	-11.477634	-8.023756
Ints8	-12.79397	-9.340092
Ccnt2	-12.277753	-8.823874
Ccdc142	-15.306275	-11.852397
Fibp	-11.809768	-8.355889
Zg16	-14.79545	-11.341572
Gm13840	-16.404888	-12.95101
Pla2g4f	-16.404888	-12.95101
Birc6	-11.240102	-7.786224
Slc9a8	-12.970901	-9.517022
A930005H10Rik	-12.878528	-9.424649
Ccdc186	-11.809768	-8.355889
Txn1	-9.927916	-6.4740376
Xaf1	-12.1144285	-8.66055
Gm28417	-13.571674	-10.117796
Mtmr10	-12.492865	-9.038986
Itga2	-15.306275	-11.852397
Tmsb4x	-5.8684273	-2.4145498
Eef1aknmt	-13.919981	-10.466103
Rabif	-13.571674	-10.117796
Prrg2	-13.003691	-9.549812
Trim11	-12.434596	-8.980718
Gars	-12.261753	-8.807875
Casq1	-15.7117405	-12.257862
Maml2	-12.492865	-9.038986
Dusp27	-16.404888	-12.95101
Ccdc30	-16.404888	-12.95101
Cisd3	-13.409156	-9.955277
Tmbim6	-9.775524	-6.321646
Ildr1	-14.207664	-10.753785
Gm47956	-16.404888	-12.95101
Tmpo	-11.05303	-7.599152
Mfn2	-13.037592	-9.583714
Cenps	-13.460449	-10.006571
Mea1	-11.851011	-8.397133
Gm49016	-13.919981	-10.466103
Tifab	-12.0873995	-8.633521
Pif1	-15.306275	-11.852397
Gm30881	-16.404888	-12.95101
Tbl3	-13.313846	-9.859967
Tmem14c	-10.44905	-6.995172
F2rl2	-15.7117405	-12.257862
Dgat2l6	-15.7117405	-12.257862
Psmc1	-11.484907	-8.031029
Notch1	-11.477634	-8.023756
Fam210a	-12.878528	-9.424649
Nfam1	-10.836543	-7.382665
Bmp8a	-16.404888	-12.95101
Bub1	-14.207664	-10.753785
Ttc23	-15.7117405	-12.257862
Ano8	-13.571674	-10.117796
Txnrd3	-14.006992	-10.553114
0610040B10Rik	-14.006992	-10.553114
Dlgap4	-11.5607	-8.106822
Dus2	-13.76583	-10.311952
Gm47709	-15.7117405	-12.257862
Prorsd1	-12.100822	-8.646944
Cep350	-11.552857	-8.098979
Mlkl	-13.919981	-10.466103
Chka	-10.895499	-7.4416213
Qk	-9.984893	-6.531015
Arhgap1	-11.809768	-8.355889
Zfp958	-13.839938	-10.38606
Ddx46	-11.179141	-7.725263
Tmem52	-16.404888	-12.95101
8030456M14Rik	-15.018594	-11.564715
Zfyve9	-13.632299	-10.178421
Zfp945	-12.691316	-9.237437
Fcrls	-9.152125	-5.6982474
Rfc5	-12.767302	-9.313423
4930581F22Rik	-13.360365	-9.9064865
Cpd	-11.905078	-8.4512
Mipep	-13.919981	-10.466103
Ogfod1	-13.632299	-10.178421
Ranbp10	-12.55474	-9.100862
Gm14023	-15.7117405	-12.257862
Uros	-13.76583	-10.311952
Trappc11	-13.037592	-9.583714
Prdx2	-10.371801	-6.9179235
Gm10320	-15.306275	-11.852397
Aimp2	-12.878528	-9.424649
Gm20621	-16.404888	-12.95101
Gm49980	-13.409156	-9.955277
Zcchc9	-11.872289	-8.41841
Ndufs8	-11.034249	-7.5803714
Zadh2	-13.226834	-9.772956
Exoc6	-12.344445	-8.890567
Patj	-14.207664	-10.753785
Ercc3	-12.716008	-9.26213
Clec4b2	-16.404888	-12.95101
Gtf2ird2	-14.79545	-11.341572
Epb41l1	-12.434596	-8.980718
Tmem106a	-10.741927	-7.288049
Il4i1	-14.79545	-11.341572
Gm45716	-14.207664	-10.753785
Gm3488	-16.404888	-12.95101
Psma8	-14.79545	-11.341572
Pacc1	-13.460449	-10.006571
Zfas1	-10.899556	-7.445678
Rhno1	-13.109051	-9.655172
Commd4	-11.634203	-8.180325
Ripk2	-12.767302	-9.313423
Cplane2	-16.404888	-12.95101
Klrd1	-13.037592	-9.583714
Scfd2	-14.458978	-11.005099
Hnrnpul1	-11.228738	-7.77486
Elob	-9.630664	-6.176786
Cep97	-14.102303	-10.648424
1700025G04Rik	-12.1282215	-8.674343
Pnp	-10.164612	-6.710734
Prox2	-14.613129	-11.15925
Jrk	-15.7117405	-12.257862
Dnajc12	-13.514516	-10.060637
1700097N02Rik	-16.404888	-12.95101
2410131K14Rik	-13.571674	-10.117796
C030005K06Rik	-14.207664	-10.753785
Lpar5	-16.404888	-12.95101
Clnk	-15.7117405	-12.257862
Rdh13	-13.696837	-10.242959
Utp14a	-11.998169	-8.544291
Wdsub1	-12.84954	-9.395661
Mapk1ip1l	-11.84054	-8.386662
Ythdc1	-10.859711	-7.405833
Fbxo28	-12.620698	-9.16682
Mrvi1	-12.821369	-9.367491
Tmem41a	-14.458978	-11.005099
Gcsh	-12.4730625	-9.019184
Stil	-14.613129	-11.15925
Gm13431	-14.207664	-10.753785
Vav3	-11.568605	-8.114727
Gm32817	-16.404888	-12.95101
Cox15	-13.696837	-10.242959
Agbl5	-14.458978	-11.005099
B930059L03Rik	-14.207664	-10.753785
Commd6	-11.617396	-8.163518
E330032C10Rik	-15.306275	-11.852397
Cfap36	-12.576246	-9.122368
Ier3	-8.50351	-5.0496325
Gm43971	-15.7117405	-12.257862
Dcaf7	-12.0354395	-8.581561
Unc45a	-12.84954	-9.395661
Tcta	-13.632299	-10.178421
Ccpg1	-11.428154	-7.974276
Ubfd1	-12.294014	-8.840136
Cyba	-8.696028	-5.2421503
Dnm2	-10.953849	-7.499971
Gcnt1	-11.916251	-8.462373
Dgcr8	-13.186012	-9.732134
Gns	-10.415926	-6.962048
Rbx1	-10.135792	-6.681914
Rabgap1	-12.061082	-8.6072035
Zfp457	-16.404888	-12.95101
Zfp574	-13.696837	-10.242959
Fgfr1op2	-11.020392	-7.5665145
Fbxo48	-16.404888	-12.95101
Edem1	-11.545075	-8.091197
Eml3	-12.716008	-9.26213
Ripk3	-13.186012	-9.732134
Rtn4ip1	-14.102303	-10.648424
Pphln1	-13.226834	-9.772956
Cd300lf	-14.458978	-11.005099
9130023H24Rik	-14.79545	-11.341572
Nsfl1c	-11.789767	-8.335889
Snu13	-10.655495	-7.201617
Gm20075	-16.404888	-12.95101
Zeb1	-13.571674	-10.117796
Gtf2h1	-11.779915	-8.326036
Rbm18	-12.598226	-9.144347
Sap130	-13.072683	-9.618805
Gtse1	-15.018594	-11.564715
Tmem19	-12.327351	-8.873472
Ribc1	-15.7117405	-12.257862
Amd2	-15.306275	-11.852397
Pqlc2	-13.460449	-10.006571
Olfr433	-14.207664	-10.753785
Stk38	-11.274989	-7.821111
Krcc1	-11.274989	-7.821111
Tmem192	-12.344445	-8.890567
Mob3c	-11.779915	-8.326036
Fam126b	-12.741326	-9.287448
Hacl1	-14.325446	-10.871568
Eed	-11.659956	-8.206078
Slc2a1	-13.571674	-10.117796
Tnfsf11	-16.404888	-12.95101
Gm43768	-16.404888	-12.95101
Plac8	-13.146791	-9.692913
Racgap1	-12.246005	-8.792127
Nucb1	-10.90772	-7.4538417
Resf1	-11.006725	-7.5528474
Polr2k	-11.305021	-7.8511434
Gimap7	-15.306275	-11.852397
Nat2	-14.207664	-10.753785
Btaf1	-12.170781	-8.716903
Timp1	-15.306275	-11.852397
Ppef1	-15.7117405	-12.257862
Mapkapk3	-12.598226	-9.144347
Ndc80	-12.878528	-9.424649
Utp20	-12.513067	-9.059189
Slc10a1	-14.207664	-10.753785
Pkib	-12.667218	-9.21334
Gpr84	-13.514516	-10.060637
Zfat	-14.613129	-11.15925
Yars2	-13.571674	-10.117796
Uprt	-16.404888	-12.95101
Jtb	-11.317291	-7.8634133
Rtn2	-15.306275	-11.852397
4632427E13Rik	-12.277753	-8.823874
Col5a1	-13.839938	-10.38606
Zfp94	-14.613129	-11.15925
Zfp983	-13.919981	-10.466103
Mfsd8	-13.919981	-10.466103
Slc35d1	-13.360365	-9.9064865
Dusp28	-13.696837	-10.242959
Pim1	-10.684576	-7.230698
Gpx8	-14.325446	-10.871568
Dcaf4	-13.76583	-10.311952
Inmt	-14.325446	-10.871568
Pdk4	-15.018594	-11.564715
Nme3	-14.79545	-11.341572
AY036118	-8.676472	-5.222594
Wwox	-13.226834	-9.772956
Gm15965	-15.7117405	-12.257862
Slc19a2	-14.458978	-11.005099
Mapkbp1	-14.325446	-10.871568
Myo1a	-16.404888	-12.95101
Pcmtd1	-11.522086	-8.068208
Bzw1	-10.401001	-6.947123
4930430E12Rik	-14.79545	-11.341572
Mttp	-13.313846	-9.859967
Lhfpl2	-15.018594	-11.564715
Ankrd45	-15.7117405	-12.257862
Cops3	-12.0873995	-8.633521
Gm48768	-15.018594	-11.564715
Pnma1	-16.404888	-12.95101
AU041133	-13.839938	-10.38606
Phldb2	-14.613129	-11.15925
Ntn3	-15.018594	-11.564715
Gm9873	-13.409156	-9.955277
Cbfa2t2	-13.072683	-9.618805
D330041H03Rik	-14.613129	-11.15925
Fabp4	-14.102303	-10.648424
Zfp341	-16.404888	-12.95101
Kras	-11.048302	-7.594424
Tmem120b	-14.006992	-10.553114
Gm43848	-14.006992	-10.553114
R3hdm4	-11.492233	-8.038355
Ranbp3	-12.691316	-9.237437
Zfp626	-13.571674	-10.117796
Diaph3	-13.146791	-9.692913
Cldn1	-15.306275	-11.852397
Ptgis	-12.156392	-8.702514
Atmin	-12.513067	-9.059189
Cyb5r3	-11.168446	-7.7145677
Men1	-12.878528	-9.424649
Zbtb48	-14.207664	-10.753785
Hdgfl2	-13.037592	-9.583714
Tmcc2	-12.9083805	-9.454502
Wdfy3	-11.211931	-7.7580533
Pla2g2d	-10.469994	-7.0161157
Uba1	-11.2231045	-7.7692266
Dvl1	-13.146791	-9.692913
Gm50232	-15.7117405	-12.257862
Sugt1	-11.2929	-7.839022
Creb5	-11.741448	-8.28757
Col11a2	-15.018594	-11.564715
Rtl5	-13.226834	-9.772956
Efcab11	-15.306275	-11.852397
A930027H12Rik	-16.404888	-12.95101
Gm15133	-15.7117405	-12.257862
Lrp1	-10.552685	-7.098807
Zfp229	-14.325446	-10.871568
Stoml1	-12.716008	-9.26213
C1galt1	-11.998169	-8.544291
Hmgn1	-10.480632	-7.026754
Zfp606	-14.325446	-10.871568
Gm15952	-15.306275	-11.852397
Gm33023	-15.7117405	-12.257862
Bank1	-11.086768	-7.63289
Gchfr	-16.404888	-12.95101
Dnase1l2	-15.7117405	-12.257862
Slf2	-11.986047	-8.532168
Ddias	-13.919981	-10.466103
Huwe1	-11.44906	-7.9951825
Timm17a	-12.010439	-8.5565605
Tulp1	-13.360365	-9.9064865
Gm35154	-13.696837	-10.242959
Slc25a45	-12.170781	-8.716903
Ficd	-14.458978	-11.005099
Sri	-10.561343	-7.1074653
Med30	-12.2305	-8.776622
Pbx4	-15.7117405	-12.257862
Tfeb	-12.434596	-8.980718
2410006H16Rik	-10.045314	-6.591436
Cnih2	-16.404888	-12.95101
Pcnp	-11.116621	-7.662743
Epdr1	-15.018594	-11.564715
Smarcd1	-12.667218	-9.21334
Gm15764	-15.7117405	-12.257862
2610507B11Rik	-10.697778	-7.2439
Glod4	-12.010439	-8.5565605
Gm43065	-15.306275	-11.852397
Lage3	-11.799718	-8.3458395
Srprb	-12.4730625	-9.019184
Osbpl6	-15.7117405	-12.257862
Tceanc	-14.79545	-11.341572
Pgs1	-12.691316	-9.237437
Mybl1	-16.404888	-12.95101
Gm12185	-15.7117405	-12.257862
Maged2	-12.767302	-9.313423
Tusc1	-13.839938	-10.38606
Fam13b	-12.1282215	-8.674343
Abcd3	-12.246005	-8.792127
Aptx	-14.325446	-10.871568
Dlg1	-12.200195	-8.746317
Actl7b	-16.404888	-12.95101
Slc4a7	-11.872289	-8.41841
Dedd2	-13.269394	-9.8155155
Cep85l	-13.313846	-9.859967
Unc79	-15.306275	-11.852397
Mcmdc2	-13.460449	-10.006571
Mturn	-13.109051	-9.655172
Trip12	-10.958151	-7.504273
Gm48194	-16.404888	-12.95101
Gen1	-14.613129	-11.15925
Rnf185	-13.269394	-9.8155155
Sft2d3	-13.109051	-9.655172
Glt8d1	-12.667218	-9.21334
Itgav	-12.4730625	-9.019184
Stk17b	-9.560072	-6.1061945
Paxx	-13.072683	-9.618805
Plcb4	-13.632299	-10.178421
Tmem17	-15.018594	-11.564715
Utp18	-12.415904	-8.962026
Brd4	-11.067349	-7.6134715
Gtf2b	-11.348642	-7.8947644
Ovgp1	-16.404888	-12.95101
Atxn2	-12.048179	-8.5943
Pde7b	-14.79545	-11.341572
Nt5c	-11.200881	-7.747003
Pcdhga12	-15.306275	-11.852397
Cluh	-13.072683	-9.618805
Clec5a	-11.986047	-8.532168
9230114K14Rik	-14.458978	-11.005099
Mad2l1bp	-12.939152	-9.485273
C1qtnf12	-12.9083805	-9.454502
Ccl19	-14.458978	-11.005099
Ganab	-11.938979	-8.485101
Rela	-11.477634	-8.023756
Mboat7	-12.598226	-9.144347
Ergic3	-10.887435	-7.433557
Galnt6	-14.79545	-11.341572
Psmg1	-12.9083805	-9.454502
Yju2	-13.514516	-10.060637
Adhfe1	-16.404888	-12.95101
Pbx2	-11.938979	-8.485101
Psmg2	-12.576246	-9.122368
Col6a1	-13.839938	-10.38606
Tceal1	-13.460449	-10.006571
Clta	-8.874408	-5.42053
9130401M01Rik	-12.576246	-9.122368
Gm47754	-13.696837	-10.242959
Phlda3	-13.360365	-9.9064865
Sbf1	-12.878528	-9.424649
mt-Atp8	-10.208444	-6.7545657
Lum	-14.207664	-10.753785
Tuba1a	-11.335983	-7.8821054
Gm12963	-15.7117405	-12.257862
Brox	-12.010439	-8.5565605
2610035D17Rik	-14.006992	-10.553114
Ulk2	-11.435075	-7.981197
Bag5	-12.643687	-9.189809
Sox4	-13.632299	-10.178421
Slc9a3r2	-13.037592	-9.583714
Fdx2	-11.872289	-8.41841
Gm26944	-16.404888	-12.95101
Pdcd5	-10.6878605	-7.2339826
5830448L01Rik	-15.7117405	-12.257862
Trim6	-15.7117405	-12.257862
Plekha3	-12.415904	-8.962026
Vmn1r86	-16.404888	-12.95101
Dync1h1	-10.840367	-7.3864894
Kctd4	-15.7117405	-12.257862
BC055324	-15.018594	-11.564715
Trim39	-13.571674	-10.117796
Naa50	-11.131888	-7.6780105
Kcnj8	-15.7117405	-12.257862
Klrk1	-13.360365	-9.9064865
Arhgef17	-15.306275	-11.852397
Mcub	-10.91595	-7.462072
Tnfrsf1b	-11.400942	-7.947064
Gm35550	-15.7117405	-12.257862
Tspan14	-12.074155	-8.620276
Adgrf5	-16.404888	-12.95101
Vwa7	-15.7117405	-12.257862
Snx18	-11.750927	-8.297049
Rbm3	-9.732855	-6.278977
Gm9484	-14.458978	-11.005099
Snf8	-11.361463	-7.9075847
Klhl3	-13.919981	-10.466103
Ppat	-12.939152	-9.485273
Abcb1b	-11.938979	-8.485101
Gpx1	-8.738666	-5.2847877
Ube2j2	-11.799718	-8.3458395
Aifm2	-14.102303	-10.648424
Paqr9	-16.404888	-12.95101
Tbc1d10a	-11.905078	-8.4512
Nnmt	-15.018594	-11.564715
Hmbs	-12.156392	-8.702514
Gm47439	-14.613129	-11.15925
Fam149a	-13.571674	-10.117796
Mtmr11	-14.207664	-10.753785
Sema4a	-10.374203	-6.920325
Unc5a	-14.006992	-10.553114
Rbm20	-16.404888	-12.95101
Cd164	-10.4913845	-7.0375066
Anxa6	-11.179141	-7.725263
Tubgcp6	-14.207664	-10.753785
Gpt2	-11.861593	-8.407715
Tmsb15b1	-14.207664	-10.753785
Ppp1r3f	-15.7117405	-12.257862
Cd48	-10.362255	-6.908377
Dpysl2	-11.05303	-7.599152
Prr7	-13.76583	-10.311952
Acot2	-13.409156	-9.955277
Gm15535	-15.306275	-11.852397
Med6	-12.643687	-9.189809
Srpr	-11.529691	-8.075812
Dido1	-11.894029	-8.44015
Emg1	-11.335983	-7.8821054
Hectd3	-12.939152	-9.485273
Pacs1	-11.986047	-8.532168
Gm12689	-14.613129	-11.15925
Noa1	-13.76583	-10.311952
Rmdn3	-13.409156	-9.955277
Gmeb1	-12.327351	-8.873472
Phkg2	-12.513067	-9.059189
Pla2g4a	-12.142208	-8.68833
Isoc2a	-14.102303	-10.648424
Grcc10	-10.269322	-6.8154445
Cep162	-12.84954	-9.395661
Tie1	-15.7117405	-12.257862
Gm19557	-16.404888	-12.95101
Tmem260	-12.691316	-9.237437
Lhx3	-16.404888	-12.95101
Cenpa	-11.323483	-7.8696055
Tra2a	-10.728134	-7.274256
Olfr73	-16.404888	-12.95101
Mamdc4	-16.404888	-12.95101
Rps27l	-9.879858	-6.42598
Ten1	-11.470414	-8.016536
Enho	-12.667218	-9.21334
Abcg4	-16.404888	-12.95101
Stoml2	-12.18538	-8.731502
1810058I24Rik	-10.966808	-7.5129304
Ifitm2	-8.800989	-5.3471117
Adamts4	-16.404888	-12.95101
Smug1	-13.76583	-10.311952
Tent4a	-13.109051	-9.655172
Ccar1	-11.142198	-7.6883197
Bend6	-13.919981	-10.466103
Lrrc29	-15.306275	-11.852397
2610008E11Rik	-14.102303	-10.648424
Mxi1	-11.659956	-8.206078
H2-Ob	-12.453644	-8.999765
Enkur	-14.207664	-10.753785
Hspb7	-14.325446	-10.871568
Gm35339	-15.306275	-11.852397
Sntb2	-12.716008	-9.26213
Hck	-11.394253	-7.940375
Gm45871	-15.018594	-11.564715
Oaz1	-8.775397	-5.32152
Mzb1	-12.878528	-9.424649
Med15	-11.830176	-8.376298
Optc	-14.458978	-11.005099
Rtbdn	-14.207664	-10.753785
1110035H17Rik	-13.360365	-9.9064865
Nmb	-14.102303	-10.648424
Rundc1	-14.102303	-10.648424
Gm10053	-15.018594	-11.564715
Hyal3	-14.006992	-10.553114
Rae1	-12.55474	-9.100862
Cisd1	-12.156392	-8.702514
Olfr975	-16.404888	-12.95101
Lyrm1	-14.613129	-11.15925
Cpz	-16.404888	-12.95101
Stk24	-11.625764	-8.1718855
Atg16l1	-12.741326	-9.287448
0610010K14Rik	-11.006725	-7.5528474
Slc23a3	-13.146791	-9.692913
Brap	-12.261753	-8.807875
Vpreb3	-13.146791	-9.692913
Rxrb	-12.0354395	-8.581561
Rab11fip4os1	-14.458978	-11.005099
Gpn3	-12.492865	-9.038986
Fxr2	-12.246005	-8.792127
Mefv	-14.458978	-11.005099
Mettl6	-12.667218	-9.21334
F10	-16.404888	-12.95101
Prkar2b	-12.533687	-9.079808
Fbn1	-15.018594	-11.564715
Glud1	-10.204378	-6.7505
Nol12	-12.434596	-8.980718
Prxl2c	-11.634203	-8.180325
Wbp1l	-12.170781	-8.716903
1810020O05Rik	-16.404888	-12.95101
Dolpp1	-13.571674	-10.117796
Mef2d	-11.286894	-7.833016
Ano6	-11.789767	-8.335889
Homez	-14.79545	-11.341572
Ifitm6	-12.142208	-8.68833
Ptpra	-10.770098	-7.31622
Zfp830	-12.716008	-9.26213
Chil5	-15.7117405	-12.257862
1700018L02Rik	-15.7117405	-12.257862
Akap17b	-14.79545	-11.341572
Rsph3b	-14.613129	-11.15925
Zfp605	-14.613129	-11.15925
Fam217b	-14.102303	-10.648424
Kif1c	-11.71354	-8.259662
Them6	-14.102303	-10.648424
Barx2	-13.409156	-9.955277
Bclaf3	-13.072683	-9.618805
Ell	-12.9083805	-9.454502
Eif4a3	-11.492233	-8.038355
Krba1	-16.404888	-12.95101
Ica1	-15.306275	-11.852397
Bad	-11.916251	-8.462373
Gm15976	-15.7117405	-12.257862
Dgkz	-11.659956	-8.206078
Arsa	-12.4730625	-9.019184
Gpat4	-12.598226	-9.144347
1700123M08Rik	-14.613129	-11.15925
Aloxe3	-15.306275	-11.852397
Smyd2	-13.313846	-9.859967
Zhx1	-11.974071	-8.520192
Slc38a2	-9.755903	-6.3020253
Zdhhc2	-14.325446	-10.871568
Scfd1	-12.1144285	-8.66055
Ndrg1	-13.76583	-10.311952
Gpc4	-16.404888	-12.95101
Napepld	-15.018594	-11.564715
Lypla1	-12.492865	-9.038986
Aurkaip1	-11.20639	-7.7525125
Gm9970	-14.458978	-11.005099
Gm5165	-14.79545	-11.341572
Adam30	-12.310543	-8.856665
Sdhaf1	-12.939152	-9.485273
Tmem251	-12.215233	-8.761354
Zfp296	-15.306275	-11.852397
C030037D09Rik	-15.306275	-11.852397
Slc27a1	-12.576246	-9.122368
Cdo1	-14.102303	-10.648424
Sec24c	-12.074155	-8.620276
Slc36a3os	-15.018594	-11.564715
Rft1	-13.360365	-9.9064865
Psmb8	-9.9575815	-6.5037036
Shroom1	-16.404888	-12.95101
Porcn	-13.919981	-10.466103
Cdc5l	-11.184532	-7.7306542
Stk4	-11.305021	-7.8511434
Ggta1	-13.409156	-9.955277
Gm31087	-16.404888	-12.95101
Gm10827	-15.7117405	-12.257862
Snrpd2	-10.53842	-7.084542
Gm48898	-15.306275	-11.852397
Pdgfa	-12.576246	-9.122368
Zbtb38	-11.905078	-8.4512
Tmem43	-12.453644	-8.999765
Ralgps2	-11.514539	-8.06066
Ufsp2	-11.916251	-8.462373
Coa5	-11.962236	-8.508358
Cutc	-13.269394	-9.8155155
Fem1c	-11.819921	-8.366042
Gm17112	-16.404888	-12.95101
Kif14	-15.306275	-11.852397
Rbmxl2	-16.404888	-12.95101
Yy1	-10.855812	-7.401934
Zdhhc24	-14.207664	-10.753785
Acer2	-14.613129	-11.15925
Plekhm1	-12.55474	-9.100862
Ryr1	-12.939152	-9.485273
Gm16104	-15.7117405	-12.257862
Ccnd2	-11.514539	-8.06066
Dcst1	-16.404888	-12.95101
Prkci	-13.186012	-9.732134
Nod1	-12.79397	-9.340092
Gm10384	-16.404888	-12.95101
Nrip1	-11.257393	-7.803515
Tmem51	-12.970901	-9.517022
Mtfmt	-14.006992	-10.553114
D10Wsu102e	-12.277753	-8.823874
Phactr1	-13.632299	-10.178421
Lpcat3	-12.513067	-9.059189
Dad1	-10.345764	-6.891886
Kif17	-16.404888	-12.95101
Capn1	-12.415904	-8.962026
Gm16161	-16.404888	-12.95101
Mllt6	-12.379536	-8.925657
Sgsm2	-14.325446	-10.871568
Plekha2	-11.576574	-8.122696
Rev3l	-12.576246	-9.122368
Mtmr2	-13.072683	-9.618805
Fam229b	-15.018594	-11.564715
Ap2m1	-10.410926	-6.957048
Bbs10	-15.018594	-11.564715
1700055D18Rik	-15.306275	-11.852397
Tmem171	-16.404888	-12.95101
Itgb4	-15.306275	-11.852397
Zc3h10	-13.037592	-9.583714
Zfp811	-15.7117405	-12.257862
Cript	-11.348642	-7.8947644
Bcat2	-12.261753	-8.807875
Hspa12b	-16.404888	-12.95101
Hspa2	-12.415904	-8.962026
Map3k20	-12.9083805	-9.454502
Pou1f1	-15.7117405	-12.257862
Eme1	-15.306275	-11.852397
Ier5l	-11.927551	-8.473673
Ddx39b	-11.006725	-7.5528474
Cenpc1	-12.767302	-9.313423
Fam120a	-11.381007	-7.9271293
Fosb	-9.220259	-5.766381
Ndufc1	-10.5022545	-7.0483766
Preb	-12.379536	-8.925657
Zfp955a	-14.207664	-10.753785
Srfbp1	-13.313846	-9.859967
BC050972	-15.7117405	-12.257862
Fntb	-15.018594	-11.564715
Ptpre	-10.997716	-7.543838
Arhgef37	-14.613129	-11.15925
Nebl	-16.404888	-12.95101
Pam	-12.379536	-8.925657
Luc7l2	-10.3434305	-6.8895526
Nat8f2	-16.404888	-12.95101
Usp32	-12.379536	-8.925657
Pnrc2	-11.686389	-8.232511
Tsfm	-12.620698	-9.16682
Smim41	-15.018594	-11.564715
Exosc8	-11.695357	-8.241479
A430057M04Rik	-15.7117405	-12.257862
Sec24b	-11.779915	-8.326036
Capn2	-11.428154	-7.974276
4632404H12Rik	-13.919981	-10.466103
Stxbp2	-12.142208	-8.68833
Nes	-12.716008	-9.26213
Fcgr3	-9.196287	-5.742409
Mpp7	-12.074155	-8.620276
Akr1e1	-12.643687	-9.189809
Adarb1	-14.207664	-10.753785
Azi2	-11.779915	-8.326036
Adgra2	-15.018594	-11.564715
Gpr75	-16.404888	-12.95101
Map1lc3a	-11.37445	-7.920572
Vnn1	-16.404888	-12.95101
Wdr36	-12.074155	-8.620276
Gm13889	-13.571674	-10.117796
Fyco1	-13.072683	-9.618805
Cend1	-16.404888	-12.95101
Foxd2	-15.018594	-11.564715
Rps4x	-7.843677	-4.3897996
Tmem97	-12.767302	-9.313423
Ppm1j	-14.79545	-11.341572
Fyb	-10.19028	-6.736402
Gm20544	-16.404888	-12.95101
Rprd1a	-13.146791	-9.692913
Rpl24	-8.38956	-4.9356823
Prorp	-13.76583	-10.311952
Rida	-13.632299	-10.178421
Igsf10	-13.186012	-9.732134
Eif2s3x	-11.522086	-8.068208
Rfwd3	-12.513067	-9.059189
Mef2a	-10.210483	-6.7566047
5033406O09Rik	-14.325446	-10.871568
Nagk	-11.568605	-8.114727
Nbeal2	-14.006992	-10.553114
BC024978	-13.632299	-10.178421
Ruvbl1	-11.8831	-8.429221
Ulk4	-14.458978	-11.005099
Ttc14	-11.394253	-7.940375
Ascc2	-12.939152	-9.485273
Tnfsf14	-15.018594	-11.564715
Epb41l2	-11.71354	-8.259662
Gm26947	-16.404888	-12.95101
Cd9	-11.13703	-7.6831517
Hist3h2a	-11.851011	-8.397133
Elovl1	-11.651298	-8.197419
Hcls1	-10.273662	-6.8197837
Nsd1	-11.184532	-7.7306542
Gm29055	-15.7117405	-12.257862
Wapl	-11.002211	-7.5483327
Ufsp1	-15.7117405	-12.257862
Kif23	-11.407676	-7.953798
Rhbdd1	-13.269394	-9.8155155
Mbd2	-11.732059	-8.27818
Ly75	-14.79545	-11.341572
Ppp1r1a	-14.613129	-11.15925
Marco	-16.404888	-12.95101
Rbks	-13.839938	-10.38606
Rbm48	-13.146791	-9.692913
Agk	-13.409156	-9.955277
Snn	-13.460449	-10.006571
Grin2d	-16.404888	-12.95101
Abcf2	-12.576246	-9.122368
Zfp691	-14.79545	-11.341572
Dusp10	-13.226834	-9.772956
4933406P04Rik	-15.7117405	-12.257862
C2cd2	-13.76583	-10.311952
Brd1	-11.695357	-8.241479
Nudt21	-11.6775	-8.223621
Nkx3-1	-16.404888	-12.95101
Pdk2	-13.76583	-10.311952
Gm29395	-16.404888	-12.95101
Rapgef4	-16.404888	-12.95101
9330160F10Rik	-13.514516	-10.060637
Myl12b	-10.20033	-6.746452
Pole	-13.696837	-10.242959
Lrsam1	-13.919981	-10.466103
Gm14399	-15.306275	-11.852397
Trmt2b	-13.003691	-9.549812
Trim5	-13.037592	-9.583714
Proser3	-13.919981	-10.466103
Reep3	-10.642837	-7.1889586
Rem1	-13.409156	-9.955277
Rtkn	-15.7117405	-12.257862
Slc25a19	-13.003691	-9.549812
Snapc5	-11.286894	-7.833016
Sorbs2	-14.613129	-11.15925
Fam13a	-13.186012	-9.732134
Zfp369	-14.102303	-10.648424
Ppp2r5d	-13.037592	-9.583714
Mfap4	-12.379536	-8.925657
Dqx1	-15.306275	-11.852397
Eid3	-13.919981	-10.466103
Gm39929	-16.404888	-12.95101
Fbxo2	-15.018594	-11.564715
Uqcrfs1	-11.329714	-7.875836
Pbxip1	-12.200195	-8.746317
Btg2	-9.058877	-5.6049995
Ncf1	-10.451645	-6.997767
Hsp90aa1	-8.891178	-5.4373007
Sidt2	-11.779915	-8.326036
Htra4	-15.306275	-11.852397
Ndufb1-ps	-9.752025	-6.2981467
Hsf1	-12.9083805	-9.454502
Polr3a	-13.313846	-9.859967
Tmppe	-14.613129	-11.15925
Nprl2	-13.269394	-9.8155155
Ep400	-11.394253	-7.940375
Gigyf1	-11.8831	-8.429221
Gm16230	-15.7117405	-12.257862
Gtf2a1l	-15.306275	-11.852397
Elf2	-11.342293	-7.888415
Mob3b	-12.55474	-9.100862
Vezf1	-11.568605	-8.114727
Gtf2a1	-11.584606	-8.130728
Ccny	-11.732059	-8.27818
Agmo	-12.2305	-8.776622
Mall	-16.404888	-12.95101
3110056K07Rik	-13.003691	-9.549812
Aldh1a3	-16.404888	-12.95101
Haspin	-13.696837	-10.242959
Pop7	-12.55474	-9.100862
Cep250	-12.533687	-9.079808
Gprc5b	-13.514516	-10.060637
Tcf19	-12.84954	-9.395661
Igfbp6	-15.018594	-11.564715
Slc22a20	-16.404888	-12.95101
Kcnc2	-15.018594	-11.564715
Tlr8	-12.156392	-8.702514
Dock4	-12.79397	-9.340092
mt-Cytb	-7.5180635	-4.064186
Tstd2	-12.767302	-9.313423
Ppp2r5c	-11.006725	-7.5528474
Hsp90ab1	-8.142328	-4.688451
Lsr	-13.313846	-9.859967
Glcci1	-12.156392	-8.702514
Ltbr	-12.18538	-8.731502
Cxcl2	-7.612945	-4.1590676
Csnk1e	-11.576574	-8.122696
Ifi211	-11.950541	-8.496662
Fancd2	-14.325446	-10.871568
Fhl1	-12.4730625	-9.019184
Zfp629	-13.226834	-9.772956
Lipt2	-14.79545	-11.341572
Timmdc1	-13.919981	-10.466103
Gopc	-12.533687	-9.079808
Gm20163	-15.306275	-11.852397
Gm14634	-16.404888	-12.95101
Ewsr1	-11.05303	-7.599152
Gm31479	-16.404888	-12.95101
Bmp4	-13.269394	-9.8155155
Elovl5	-12.344445	-8.890567
Pde8a	-12.513067	-9.059189
5033428I22Rik	-16.404888	-12.95101
Prkaa2	-15.7117405	-12.257862
B3gnt7	-16.404888	-12.95101
Ccdc14	-15.018594	-11.564715
Gm11457	-15.018594	-11.564715
Mast3	-12.0228615	-8.568983
Hal	-15.306275	-11.852397
Ptprz1	-15.018594	-11.564715
Lyz2	-6.5320134	-3.078136
Fzd1	-15.306275	-11.852397
Fyn	-12.361836	-8.907958
Plekha7	-14.102303	-10.648424
Gtf3c4	-13.146791	-9.692913
Sde2	-11.043595	-7.5897174
9530036M11Rik	-15.018594	-11.564715
Tpp1	-10.438741	-6.984863
Ptcd3	-13.839938	-10.38606
Uqcrb	-9.99966	-6.5457816
Tmsb10	-9.075138	-5.62126
Hectd2os	-15.7117405	-12.257862
Hacd4	-10.386294	-6.9324164
Nrde2	-12.939152	-9.485273
Mtg1	-14.006992	-10.553114
Gm45620	-14.79545	-11.341572
Mapk8	-13.186012	-9.732134
Srrt	-11.830176	-8.376298
Mettl9	-11.950541	-8.496662
Rbbp9	-13.514516	-10.060637
Engase	-12.643687	-9.189809
Plat	-16.404888	-12.95101
Vps45	-13.037592	-9.583714
Dnaaf2	-13.514516	-10.060637
Ankrd9	-15.018594	-11.564715
Rln3	-16.404888	-12.95101
Chchd5	-12.598226	-9.144347
Cplx3	-15.7117405	-12.257862
Ssbp1	-11.686389	-8.232511
Hps6	-14.207664	-10.753785
Cpne2	-12.453644	-8.999765
Xylt1	-13.919981	-10.466103
Fsd1l	-15.7117405	-12.257862
Tnfrsf23	-14.006992	-10.553114
Jag2	-14.79545	-11.341572
Gm10062	-16.404888	-12.95101
Ift74	-13.072683	-9.618805
Vmac	-13.571674	-10.117796
Itfg1	-12.361836	-8.907958
Scd2	-13.514516	-10.060637
Rpl3	-8.40756	-4.953683
Gbp2b	-14.79545	-11.341572
Il12rb1	-15.306275	-11.852397
Gm20559	-12.533687	-9.079808
Leprot	-11.234404	-7.7805257
Mdm2	-11.5607	-8.106822
Gm34466	-16.404888	-12.95101
A530017D24Rik	-13.269394	-9.8155155
H2-Q1	-16.404888	-12.95101
Trmt12	-14.207664	-10.753785
Kctd9	-14.207664	-10.753785
Pcdh7	-12.878528	-9.424649
Rhbdl1	-15.306275	-11.852397
Ethe1	-11.286894	-7.833016
Aunip	-15.018594	-11.564715
Nmrk2	-16.404888	-12.95101
Rps29	-6.389098	-2.9352207
Camk1	-10.60277	-7.148892
Gm37800	-15.7117405	-12.257862
Fancm	-14.102303	-10.648424
Tlk2	-12.170781	-8.716903
Gpr52	-16.404888	-12.95101
Pop1	-13.919981	-10.466103
Lats2	-11.529691	-8.075812
Psme1	-9.976783	-6.522905
Zfp444	-13.360365	-9.9064865
Gm49032	-16.404888	-12.95101
Prelid3a	-15.018594	-11.564715
Idh3b	-11.704408	-8.250529
Cabyr	-15.7117405	-12.257862
Cyp4f13	-12.716008	-9.26213
Gm44850	-16.404888	-12.95101
Matr3	-11.305021	-7.8511434
E030042O20Rik	-16.404888	-12.95101
Gmcl1	-13.409156	-9.955277
Gpr55	-16.404888	-12.95101
Dnajc3	-10.53277	-7.078892
Ube2e3	-11.367935	-7.9140573
Trpv4	-11.625764	-8.1718855
Cntln	-12.156392	-8.702514
A730081D07Rik	-16.404888	-12.95101
Abca8b	-16.404888	-12.95101
Ncbp1	-12.821369	-9.367491
Vps37c	-12.576246	-9.122368
Hist1h2ak	-14.613129	-11.15925
Zfp503	-15.018594	-11.564715
Sh2d1a	-16.404888	-12.95101
Dph3	-11.861593	-8.407715
2310068J16Rik	-14.613129	-11.15925
Vamp5	-12.492865	-9.038986
Smpdl3a	-11.592704	-8.138825
Mirt1	-16.404888	-12.95101
Dctpp1	-11.484907	-8.031029
Oip5	-15.018594	-11.564715
Cmpk1	-10.932617	-7.4787393
Klf11	-12.716008	-9.26213
Klhl2	-13.226834	-9.772956
Cic	-11.545075	-8.091197
Plin3	-11.592704	-8.138825
Atxn7l1os1	-16.404888	-12.95101
Dctn5	-11.974071	-8.520192
Ddi2	-11.280924	-7.827046
B3gnt8	-13.269394	-9.8155155
Zfp385c	-16.404888	-12.95101
Emc7	-11.147392	-7.6935143
Rtn1	-12.453644	-8.999765
Siah2	-12.344445	-8.890567
Cd320	-14.102303	-10.648424
Bace1	-13.76583	-10.311952
Cib3	-15.7117405	-12.257862
Mapre2	-11.286894	-7.833016
Pml	-12.074155	-8.620276
Fam189b	-14.325446	-10.871568
A930015D03Rik	-15.7117405	-12.257862
Nlrc4	-12.0354395	-8.581561
Vps9d1	-12.691316	-9.237437
Dnajb6	-10.652315	-7.198437
Gab1	-12.361836	-8.907958
Rnf150	-10.844206	-7.390328
Cavin1	-12.513067	-9.059189
Hgsnat	-11.442043	-7.9881654
B4galt5	-12.200195	-8.746317
Atpaf1	-13.109051	-9.655172
Ebna1bp2	-11.974071	-8.520192
Abhd2	-12.878528	-9.424649
Kdm5c	-12.061082	-8.6072035
Kat14	-13.072683	-9.618805
Txndc12	-12.100822	-8.646944
Rnps1	-11.584606	-8.130728
Rab3il1	-10.684576	-7.230698
Stambp	-12.598226	-9.144347
Cbl	-10.581841	-7.1279635
Pigp	-11.819921	-8.366042
G6pdx	-11.950541	-8.496662
Bmpr1b	-15.7117405	-12.257862
Tesmin	-14.79545	-11.341572
Hat1	-11.84054	-8.386662
Mt1	-8.395857	-4.941979
Gm12758	-15.7117405	-12.257862
Pold4	-11.463245	-8.009367
Lin52	-13.839938	-10.38606
Atp6v1g1	-10.105939	-6.652061
Parp6	-14.207664	-10.753785
Rrp1b	-14.102303	-10.648424
Henmt1	-15.306275	-11.852397
Hccs	-13.146791	-9.692913
Cd79a	-11.732059	-8.27818
Ighv1-5	-16.404888	-12.95101
Hmgn2	-11.072169	-7.6182914
Anapc4	-12.598226	-9.144347
Cnot4	-11.5607	-8.106822
Msn	-9.915683	-6.461805
Zfp865	-12.821369	-9.367491
Rasa1	-11.257393	-7.803515
Gm14966	-14.613129	-11.15925
C9	-16.404888	-12.95101
Fmnl1	-11.37445	-7.920572
Pck1	-15.7117405	-12.257862
Bglap	-16.404888	-12.95101
Mcemp1	-14.458978	-11.005099
Rab40b	-15.306275	-11.852397
Immp1l	-12.156392	-8.702514
Frmd8os	-15.306275	-11.852397
Kank4	-16.404888	-12.95101
Zfp260	-12.939152	-9.485273
Pigg	-14.207664	-10.753785
Acat2	-13.571674	-10.117796
Eef1d	-10.068062	-6.614184
Gm11361	-16.404888	-12.95101
Selplg	-10.655495	-7.201617
Lrrc61	-14.458978	-11.005099
Wdr5b	-14.325446	-10.871568
mt-Nd4	-8.030642	-4.5767636
Crocc	-14.79545	-11.341572
Setd3	-11.6775	-8.223621
Pip4p1	-10.988788	-7.5349097
Gm6169	-15.7117405	-12.257862
Mier1	-10.871498	-7.41762
Ebp	-11.2231045	-7.7692266
Atp8b1	-14.458978	-11.005099
Agrn	-13.409156	-9.955277
Clspn	-12.716008	-9.26213
Ncoa5	-12.79397	-9.340092
Cenpx	-10.817639	-7.3637614
Samhd1	-10.156845	-6.702967
Mdga2	-16.404888	-12.95101
Pla2g12a	-13.109051	-9.655172
Ptbp2	-12.667218	-9.21334
Disp1	-14.207664	-10.753785
Rpl34	-7.8011494	-4.347272
Mad2l1	-13.409156	-9.955277
Celf1	-11.189952	-7.736074
Hira	-12.821369	-9.367491
Mdm4	-11.750927	-8.297049
Dhx9	-11.421281	-7.967403
Qtrt1	-12.576246	-9.122368
Ppp3r1	-11.704408	-8.250529
4833413G10Rik	-15.7117405	-12.257862
Isca1	-11.998169	-8.544291
Hmgn3	-13.186012	-9.732134
Gm41442	-16.404888	-12.95101
Rbm39	-9.49115	-6.0372725
1700052K11Rik	-14.325446	-10.871568
AI847159	-16.404888	-12.95101
Azin2	-15.7117405	-12.257862
Fbxl22	-13.313846	-9.859967
Prss16	-15.7117405	-12.257862
Ppef2	-16.404888	-12.95101
Cdc123	-11.84054	-8.386662
Pxylp1	-15.306275	-11.852397
Tbc1d16	-13.409156	-9.955277
Psip1	-11.916251	-8.462373
Pwwp3b	-15.306275	-11.852397
Insig1	-11.529691	-8.075812
Hhex	-11.916251	-8.462373
B4gat1	-12.9083805	-9.454502
Kcnk6	-11.634203	-8.180325
Sept10	-13.696837	-10.242959
Tpbgl	-13.360365	-9.9064865
Hook1	-16.404888	-12.95101
Tmem170	-14.458978	-11.005099
Cox7a2	-9.92331	-6.4694324
Sult2b1	-15.306275	-11.852397
Pggt1b	-12.010439	-8.5565605
Meaf6	-12.327351	-8.873472
Jmjd1c	-10.29564	-6.841762
Pdcd2	-12.970901	-9.517022
Ptger3	-16.404888	-12.95101
Zfp938	-13.76583	-10.311952
Senp5	-12.716008	-9.26213
Rbbp8	-11.26909	-7.815212
Atg12	-11.974071	-8.520192
Cd209b	-11.477634	-8.023756
Noct	-13.632299	-10.178421
Ccnq	-12.667218	-9.21334
Gm26632	-15.7117405	-12.257862
Atp5k	-9.946549	-6.4926715
Dtx2	-12.691316	-9.237437
Gm30082	-15.306275	-11.852397
Nktr	-11.02499	-7.571112
Dus4l	-15.018594	-11.564715
Gm49494	-15.306275	-11.852397
Cdsn	-15.7117405	-12.257862
4930488L21Rik	-16.404888	-12.95101
Lgals3bp	-10.945302	-7.491424
E430024P14Rik	-15.018594	-11.564715
Ptpn18	-9.083037	-5.62916
Sfxn2	-13.632299	-10.178421
5830408C22Rik	-14.613129	-11.15925
Orc6	-12.620698	-9.16682
Ppp4r2	-11.499613	-8.045734
Gm32591	-16.404888	-12.95101
Myh10	-12.261753	-8.807875
Kdm5b	-12.79397	-9.340092
Map3k7	-11.986047	-8.532168
Mcts1	-11.695357	-8.241479
2900052L18Rik	-14.458978	-11.005099
Cwc15	-10.895499	-7.4416213
Smarcd3	-13.839938	-10.38606
Pik3r6	-12.310543	-8.856665
Cd81	-8.938088	-5.4842105
Zfp109	-16.404888	-12.95101
1810055G02Rik	-14.102303	-10.648424
4932441J04Rik	-16.404888	-12.95101
Taco1os	-14.79545	-11.341572
Asl	-12.4730625	-9.019184
Usp50	-14.006992	-10.553114
Pkd1	-12.4730625	-9.019184
Tmem136	-15.7117405	-12.257862
Nedd4	-12.492865	-9.038986
Gm12089	-15.018594	-11.564715
Rrm1	-11.927551	-8.473673
Ipo4	-13.109051	-9.655172
Gng3	-14.613129	-11.15925
Ccdc134	-12.691316	-9.237437
Wdr25	-15.306275	-11.852397
Ptk2b	-12.415904	-8.962026
Zfp408	-15.7117405	-12.257862
Samd1	-11.998169	-8.544291
Yipf3	-11.950541	-8.496662
Prox2os	-15.306275	-11.852397
Ms4a4c	-12.294014	-8.840136
Aldh16a1	-12.598226	-9.144347
Smarce1	-11.592704	-8.138825
Gbp9	-13.460449	-10.006571
Tlcd1	-14.207664	-10.753785
Sh3bp4	-14.325446	-10.871568
Psme3	-12.246005	-8.792127
4933412E12Rik	-14.613129	-11.15925
Gm26777	-16.404888	-12.95101
Pld4	-9.856668	-6.4027905
Pcdhgb7	-15.7117405	-12.257862
Narf	-13.003691	-9.549812
Mansc1	-15.018594	-11.564715
Lrrc8b	-13.76583	-10.311952
Zfp74	-13.839938	-10.38606
Smarca1	-15.7117405	-12.257862
Ecm2	-14.006992	-10.553114
Fam162a	-11.986047	-8.532168
Natd1	-13.460449	-10.006571
Il1b	-10.871498	-7.41762
Upf3b	-12.156392	-8.702514
Syap1	-12.100822	-8.646944
Tecpr2	-13.919981	-10.466103
Wdr41	-12.294014	-8.840136
Spryd7	-12.397554	-8.943676
Exosc3	-12.2305	-8.776622
Ptpn11	-11.760497	-8.306619
Gm5741	-16.404888	-12.95101
Nolc1	-11.894029	-8.44015
Trappc4	-11.421281	-7.967403
Mocs2	-11.894029	-8.44015
Phka1	-13.839938	-10.38606
Hnrnph1	-10.396074	-6.9421964
Ints13	-12.878528	-9.424649
Mdc1	-12.397554	-8.943676
Susd6	-11.695357	-8.241479
Fkbp10	-15.306275	-11.852397
Nfya	-11.819921	-8.366042
Casp8ap2	-11.938979	-8.485101
Rps6ka5	-13.003691	-9.549812
Gm10353	-15.306275	-11.852397
Gm15601	-15.7117405	-12.257862
Spib	-16.404888	-12.95101
Hoxb5os	-16.404888	-12.95101
Serpinb2	-16.404888	-12.95101
Dnajb4	-12.261753	-8.807875
Nacc1	-12.397554	-8.943676
Stimate	-13.360365	-9.9064865
Vnn3	-15.306275	-11.852397
BC034090	-16.404888	-12.95101
Phyh	-12.215233	-8.761354
Zbtb16	-12.327351	-8.873472
Bcl9l	-13.186012	-9.732134
Ckap2l	-12.643687	-9.189809
Nkiras1	-14.102303	-10.648424
Gpr34	-11.043595	-7.5897174
Bub3	-11.317291	-7.8634133
Gm26916	-16.404888	-12.95101
Slfn8	-11.974071	-8.520192
Tctex1d2	-12.767302	-9.313423
Lrrc32	-15.7117405	-12.257862
Faf2	-12.200195	-8.746317
9430091E24Rik	-15.306275	-11.852397
Spag4	-15.7117405	-12.257862
Atraid	-10.984353	-7.530475
Lrrc45	-13.037592	-9.583714
Rnf103	-12.246005	-8.792127
Grap2	-13.76583	-10.311952
Ust	-13.186012	-9.732134
Dcp1a	-13.696837	-10.242959
Nlrp1b	-13.632299	-10.178421
Acyp1	-12.716008	-9.26213
Trib1	-10.844206	-7.390328
Oas1g	-13.839938	-10.38606
Adgrg5	-14.006992	-10.553114
Satb2	-15.7117405	-12.257862
Phf7	-13.839938	-10.38606
Mettl8	-13.632299	-10.178421
Tpm2	-10.887435	-7.433557
Ncapd3	-12.576246	-9.122368
Abcg1	-12.434596	-8.980718
Gltp	-10.130126	-6.676248
Pla2g15	-11.245832	-7.7919545
Kif3a	-12.55474	-9.100862
Ddx60	-11.463245	-8.009367
Vegfb	-12.100822	-8.646944
Zfp41	-14.102303	-10.648424
Gm17251	-13.460449	-10.006571
Gm47400	-16.404888	-12.95101
Abi3bp	-14.458978	-11.005099
Aifm1	-12.716008	-9.26213
Cdkn2aip	-12.142208	-8.68833
Tmed3	-10.920091	-7.4662127
Eif4ebp2	-11.26909	-7.815212
Rfk	-11.634203	-8.180325
Ccsap	-14.006992	-10.553114
Ube2g2	-11.66869	-8.214811
Uqcr10	-9.998008	-6.54413
Chst11	-16.404888	-12.95101
Zgpat	-13.839938	-10.38606
Prdm4	-13.571674	-10.117796
Rnmt	-12.397554	-8.943676
Zzef1	-12.010439	-8.5565605
Rnf8	-12.741326	-9.287448
Mtmr1	-13.146791	-9.692913
Spg20	-12.261753	-8.807875
Rad51c	-15.7117405	-12.257862
Pkhd1l1	-14.613129	-11.15925
Mrps2	-13.571674	-10.117796
Eif4g3	-11.274989	-7.821111
Gm16973	-14.006992	-10.553114
Dennd1a	-11.760497	-8.306619
Tex2	-13.514516	-10.060637
Senp1	-12.18538	-8.731502
Tshz1	-12.492865	-9.038986
Gm10441	-16.404888	-12.95101
Gal3st1	-16.404888	-12.95101
Cnksr3	-13.409156	-9.955277
Tnfrsf17	-11.986047	-8.532168
Gm12088	-16.404888	-12.95101
Gbf1	-12.061082	-8.6072035
Ctnna1	-10.844206	-7.390328
Hist1h4f	-16.404888	-12.95101
Dna2	-13.003691	-9.549812
Rgs1	-11.126773	-7.672895
Tada1	-12.939152	-9.485273
Mob3a	-12.261753	-8.807875
Gm37469	-16.404888	-12.95101
Manf	-10.51601	-7.0621324
Fgd2	-11.043595	-7.5897174
Sgce	-12.598226	-9.144347
Zfp777	-13.632299	-10.178421
Gm29264	-15.306275	-11.852397
D6Wsu163e	-12.84954	-9.395661
B430319H21Rik	-15.306275	-11.852397
Sgcb	-12.4730625	-9.019184
Mtch2	-11.872289	-8.41841
Gm19434	-16.404888	-12.95101
Rita1	-14.325446	-10.871568
Msh5	-14.006992	-10.553114
Gprasp1	-13.460449	-10.006571
Sema4g	-16.404888	-12.95101
Rcn1	-14.613129	-11.15925
Timm21	-12.84954	-9.395661
Atp10a	-15.306275	-11.852397
Fbxo42	-12.767302	-9.313423
Optn	-13.571674	-10.117796
Gm47920	-15.306275	-11.852397
Dolk	-13.571674	-10.117796
Psmb5	-10.766533	-7.312655
Lmbrd2	-12.170781	-8.716903
St7l	-12.821369	-9.367491
Zfp326	-11.552857	-8.098979
Zfp764	-14.102303	-10.648424
Cox6a2	-13.919981	-10.466103
Cyfip2	-13.409156	-9.955277
Frat1	-14.79545	-11.341572
Coro7	-12.048179	-8.5943
Lox	-14.325446	-10.871568
Spdl1	-14.79545	-11.341572
Cpeb2	-12.074155	-8.620276
Hnrnph2	-11.280924	-7.827046
B4galt6	-10.883427	-7.4295487
Hapln1	-16.404888	-12.95101
Ttc33	-12.453644	-8.999765
Scmh1	-13.109051	-9.655172
Chaf1a	-13.269394	-9.8155155
Gm14296	-14.458978	-11.005099
Lta	-15.7117405	-12.257862
Kcnj13	-16.404888	-12.95101
Egln2	-11.367935	-7.9140573
Dalrd3	-12.453644	-8.999765
Auts2	-13.003691	-9.549812
Fkbp3	-11.228738	-7.77486
Tbcc	-12.970901	-9.517022
Mto1	-13.269394	-9.8155155
Arpc2	-8.930116	-5.476238
B230303O12Rik	-16.404888	-12.95101
Kdm1b	-13.571674	-10.117796
Gm48079	-15.7117405	-12.257862
Shc1	-12.156392	-8.702514
Gm48824	-16.404888	-12.95101
Fnbp1	-10.374203	-6.920325
F13a1	-8.136412	-4.682534
Prr14l	-12.691316	-9.237437
Fam234a	-11.463245	-8.009367
Olfr18	-16.404888	-12.95101
Vps8	-13.003691	-9.549812
Nnt	-15.018594	-11.564715
Gm42829	-13.514516	-10.060637
Gstk1	-13.409156	-9.955277
Nudcd3	-11.361463	-7.9075847
Galc	-11.686389	-8.232511
Gm35097	-16.404888	-12.95101
Stard10	-14.102303	-10.648424
Rcsd1	-10.975542	-7.521664
E330009J07Rik	-14.207664	-10.753785
Nckap1l	-10.694461	-7.240583
Cdc6	-13.571674	-10.117796
Poldip3	-11.722756	-8.268878
Wdr61	-11.741448	-8.28757
Ska3	-14.458978	-11.005099
Slc18a2	-13.514516	-10.060637
1010001N08Rik	-16.404888	-12.95101
Zfand2b	-12.4730625	-9.019184
Brf2	-13.514516	-10.060637
Pin1	-11.986047	-8.532168
Gm48086	-15.306275	-11.852397
Ssr3	-10.624145	-7.1702666
Slc25a10	-12.361836	-8.907958
Gm43466	-14.613129	-11.15925
Riok1	-12.598226	-9.144347
Cdca5	-14.79545	-11.341572
Popdc2	-16.404888	-12.95101
Zfp414	-13.269394	-9.8155155
Dhx35	-14.207664	-10.753785
Ndel1	-11.2929	-7.839022
4933405D12Rik	-15.7117405	-12.257862
Cnnm1	-15.018594	-11.564715
Plcl2	-11.986047	-8.532168
Rdh12	-13.76583	-10.311952
Gigyf2	-11.44906	-7.9951825
Pitrm1	-12.434596	-8.980718
Bmt2	-12.170781	-8.716903
Ube2q1	-11.2929	-7.839022
Zbtb11	-12.55474	-9.100862
Slfn5	-10.7315645	-7.2776866
Hspb8	-15.7117405	-12.257862
Ulk1	-12.576246	-9.122368
Sumo1	-10.642837	-7.1889586
Senp2	-11.779915	-8.326036
BC024063	-15.7117405	-12.257862
Cdkn1a	-9.490156	-6.0362787
Gm13212	-12.970901	-9.517022
Nprl3	-13.839938	-10.38606
Tgfbr1	-11.584606	-8.130728
Alg14	-13.037592	-9.583714
Chst7	-12.492865	-9.038986
Timm17b	-11.704408	-8.250529
Kmt5a	-11.770159	-8.31628
Eif4a2	-10.649145	-7.195267
Mtx2	-12.4730625	-9.019184
Mrps22	-13.226834	-9.772956
Bmf	-12.741326	-9.287448
Tbc1d9	-11.938979	-8.485101
Il11ra1	-11.974071	-8.520192
Ubp1	-12.1144285	-8.66055
Gm32401	-16.404888	-12.95101
Dpf1	-14.79545	-11.341572
Ubr3	-11.8831	-8.429221
Ipo11	-12.215233	-8.761354
Sqstm1	-10.614927	-7.1610494
Scly	-12.79397	-9.340092
Gm12940	-12.620698	-9.16682
Creb3	-12.142208	-8.68833
Zpbp	-15.7117405	-12.257862
Zfp932	-13.839938	-10.38606
Ptpn13	-14.325446	-10.871568
Homer3	-12.9083805	-9.454502
Paqr6	-15.306275	-11.852397
C130074G19Rik	-15.7117405	-12.257862
Rnf125	-16.404888	-12.95101
Tjp2	-13.360365	-9.9064865
Pcdh17	-14.79545	-11.341572
Trim45	-15.306275	-11.852397
Nono	-10.984353	-7.530475
Gprin3	-14.458978	-11.005099
Gm28229	-14.458978	-11.005099
4933439K11Rik	-16.404888	-12.95101
Wdr90	-14.102303	-10.648424
Ncoa4	-10.895499	-7.4416213
Mcts2	-14.613129	-11.15925
Pgm2l1	-11.799718	-8.3458395
Gm46224	-12.878528	-9.424649
AC160336.1	-13.460449	-10.006571
Tes3-ps	-16.404888	-12.95101
Copb1	-11.048302	-7.594424
Prelid3b	-12.691316	-9.237437
Zfp951	-14.325446	-10.871568
Slc35f6	-12.074155	-8.620276
Il17rb	-15.7117405	-12.257862
Hist1h2ai	-15.018594	-11.564715
Fmo2	-12.397554	-8.943676
Ankrd1	-15.7117405	-12.257862
Chchd7	-11.522086	-8.068208
Sub1	-9.806378	-6.3525004
Thap2	-11.927551	-8.473673
Gm30211	-14.79545	-11.341572
Ccdc13	-16.404888	-12.95101
Ggt5	-12.074155	-8.620276
Tsacc	-13.839938	-10.38606
Acp5	-12.4730625	-9.019184
Rdx	-10.671546	-7.217668
Nudt3	-11.8831	-8.429221
Ccnc	-13.76583	-10.311952
Otud7b	-12.533687	-9.079808
Btk	-11.355032	-7.901154
Gnrh1	-15.7117405	-12.257862
Znhit1	-11.492233	-8.038355
Gm10277	-16.404888	-12.95101
2700049A03Rik	-12.821369	-9.367491
Chmp2a	-10.300095	-6.8462167
Nanos3	-16.404888	-12.95101
Brsk1	-16.404888	-12.95101
Kbtbd11	-13.072683	-9.618805
Tgm1	-14.102303	-10.648424
Lrrn4cl	-16.404888	-12.95101
Sost	-13.409156	-9.955277
Gm973	-15.7117405	-12.257862
Moap1	-16.404888	-12.95101
Trp53inp1	-12.156392	-8.702514
Il13ra1	-11.625764	-8.1718855
Wdr48	-12.576246	-9.122368
Pkia	-14.613129	-11.15925
Scarf1	-14.102303	-10.648424
Pcgf6	-13.571674	-10.117796
Icam5	-14.458978	-11.005099
Jdp2	-10.813901	-7.360023
Acot8	-12.767302	-9.313423
Bbs4	-13.696837	-10.242959
Fgf22	-16.404888	-12.95101
Xpo6	-12.277753	-8.823874
Tedc1	-14.458978	-11.005099
Cd37	-10.859711	-7.405833
Slc12a2	-13.072683	-9.618805
Cisd2	-11.456128	-8.00225
Lmod3	-14.458978	-11.005099
Arrdc1	-11.851011	-8.397133
Arhgap26	-12.533687	-9.079808
Chfr	-12.741326	-9.287448
Akt3	-12.878528	-9.424649
Krit1	-11.830176	-8.376298
Fkbpl	-14.006992	-10.553114
Fbxo45	-13.146791	-9.692913
Emp2	-15.018594	-11.564715
E130311K13Rik	-13.409156	-9.955277
Eif4e3	-12.048179	-8.5943
Inpp5d	-10.668316	-7.214438
Rpf2	-12.533687	-9.079808
Odr4	-11.872289	-8.41841
Tspan32	-12.261753	-8.807875
Gm10369	-15.306275	-11.852397
Gm10501	-16.404888	-12.95101
Ptprf	-16.404888	-12.95101
Gm20300	-13.76583	-10.311952
Gm50240	-13.514516	-10.060637
Tmem177	-14.79545	-11.341572
Kbtbd3	-14.102303	-10.648424
Rasl10b	-16.404888	-12.95101
Iba57	-13.919981	-10.466103
Pcdhga4	-16.404888	-12.95101
Gm44956	-15.7117405	-12.257862
Rbms2	-12.716008	-9.26213
Zfp62	-11.962236	-8.508358
Lrmp	-11.617396	-8.163518
Mrgprb1	-12.970901	-9.517022
Gins3	-13.839938	-10.38606
Neu1	-11.311137	-7.8572593
Rcan1	-12.261753	-8.807875
Mettl4	-13.696837	-10.242959
Uap1l1	-11.592704	-8.138825
Exoc3l2	-16.404888	-12.95101
Tmem164	-12.294014	-8.840136
Ndufs7	-10.6911545	-7.2372766
Dcstamp	-14.613129	-11.15925
Cybrd1	-16.404888	-12.95101
Rpl36al	-9.169989	-5.716111
Ubr5	-11.686389	-8.232511
Lrch4	-11.695357	-8.241479
Pcdh8	-16.404888	-12.95101
Sft2d1	-11.584606	-8.130728
Mprip	-11.819921	-8.366042
Pvt1	-14.102303	-10.648424
Nf2	-12.741326	-9.287448
Pomp	-9.903598	-6.44972
Gm26576	-15.7117405	-12.257862
Mrpl39	-13.003691	-9.549812
Ddx50	-11.26909	-7.815212
Hacd3	-12.434596	-8.980718
Gm31834	-16.404888	-12.95101
Stx6	-12.261753	-8.807875
Tmprss7	-16.404888	-12.95101
2610044O15Rik8	-13.839938	-10.38606
Zfp599	-15.7117405	-12.257862
Zfp568	-13.460449	-10.006571
Zfp280c	-13.003691	-9.549812
Ubiad1	-14.102303	-10.648424
Nod2	-15.018594	-11.564715
Dkk3	-14.102303	-10.648424
Adam19	-11.274989	-7.821111
Ankrd39	-13.146791	-9.692913
Krt18	-16.404888	-12.95101
Cep19	-13.919981	-10.466103
Pianp	-13.76583	-10.311952
Tdrd7	-11.986047	-8.532168
Rpl22	-8.398187	-4.9443088
Kat6a	-11.228738	-7.77486
Mmgt2	-13.146791	-9.692913
Fbxw2	-11.998169	-8.544291
Gpat3	-15.7117405	-12.257862
Bloc1s2	-11.938979	-8.485101
H2-Q10	-14.102303	-10.648424
Zfp101	-14.102303	-10.648424
Cdkn2a	-13.460449	-10.006571
Cemip2	-12.667218	-9.21334
Fhl3	-13.409156	-9.955277
Abca1	-9.962348	-6.50847
Lacc1	-11.034249	-7.5803714
Parl	-12.0228615	-8.568983
Gm12454	-14.79545	-11.341572
Raf1	-11.819921	-8.366042
H2-Q7	-11.770159	-8.31628
Kdm3a	-12.533687	-9.079808
Abhd15	-14.006992	-10.553114
Fnta	-11.514539	-8.06066
Dubr	-12.939152	-9.485273
Ccnt1	-11.872289	-8.41841
Ndufa9	-11.642714	-8.188835
Whrn	-16.404888	-12.95101
Fahd2a	-13.226834	-9.772956
Klhl36	-13.269394	-9.8155155
Aamdc	-12.453644	-8.999765
Adgrl1	-14.79545	-11.341572
Ctu1	-14.325446	-10.871568
Clec12a	-10.704444	-7.250566
Spred3	-14.325446	-10.871568
Zfp120	-12.620698	-9.16682
Btbd3	-13.360365	-9.9064865
Zfp458	-14.458978	-11.005099
Zfp292	-11.617396	-8.163518
Bcl6b	-14.325446	-10.871568
Mief2	-15.306275	-11.852397
Stra8	-16.404888	-12.95101
Rell2	-15.7117405	-12.257862
Pigs	-12.18538	-8.731502
Zfp979	-16.404888	-12.95101
Rad52	-13.571674	-10.117796
Olfr639	-16.404888	-12.95101
Arhgdia	-9.915683	-6.461805
Cherp	-12.453644	-8.999765
Arl2	-12.55474	-9.100862
Smim5	-14.102303	-10.648424
Slc1a5	-12.215233	-8.761354
Myl4	-15.306275	-11.852397
Cbll1	-12.397554	-8.943676
Maip1	-13.037592	-9.583714
Dennd4b	-11.962236	-8.508358
Rilpl1	-14.458978	-11.005099
Prdm2	-11.522086	-8.068208
Cd3g	-14.613129	-11.15925
Mccc1	-14.006992	-10.553114
Zfp410	-13.186012	-9.732134
Pgls	-10.541257	-7.087379
4930550C14Rik	-15.7117405	-12.257862
Acox1	-11.986047	-8.532168
Rrn3	-12.9083805	-9.454502
Gm3336	-11.916251	-8.462373
Snx8	-11.263225	-7.8093467
Gm47484	-15.7117405	-12.257862
Irak2	-12.492865	-9.038986
Them4	-13.409156	-9.955277
Fam83g	-16.404888	-12.95101
Egfl7	-12.741326	-9.287448
Hax1	-12.2305	-8.776622
Fam222b	-13.460449	-10.006571
Lmcd1	-13.696837	-10.242959
Snap23	-10.7917595	-7.3378816
Rpl21	-8.1156	-4.6617217
Snrpa1	-11.84054	-8.386662
Snhg12	-11.514539	-8.06066
Gm16283	-15.018594	-11.564715
Cyp27a1	-11.770159	-8.31628
Cracr2a	-14.613129	-11.15925
Rpain	-11.809768	-8.355889
Serac1	-15.7117405	-12.257862
Tmem37	-10.485993	-7.0321155
Hist1h4m	-16.404888	-12.95101
Far1os	-16.404888	-12.95101
Herc2	-11.659956	-8.206078
Iqce	-13.76583	-10.311952
Ints3	-12.576246	-9.122368
Zfp763	-15.018594	-11.564715
Ndufs3	-11.329714	-7.875836
Adam22	-14.458978	-11.005099
Matn2	-13.76583	-10.311952
Son	-9.391871	-5.937994
H2-Q6	-12.4730625	-9.019184
Gm26631	-14.458978	-11.005099
Hars	-12.327351	-8.873472
Zscan12	-14.102303	-10.648424
Ndc1	-12.741326	-9.287448
Emsy	-11.71354	-8.259662
Cyp2c23	-16.404888	-12.95101
Isoc2b	-13.269394	-9.8155155
Trim14	-13.146791	-9.692913
Gm42809	-13.839938	-10.38606
Btbd11	-16.404888	-12.95101
Igf2	-15.7117405	-12.257862
Gm26714	-14.613129	-11.15925
Inpp1	-13.109051	-9.655172
Gm20274	-13.571674	-10.117796
Ssna1	-11.514539	-8.06066
Plgrkt	-11.799718	-8.3458395
Pik3ip1	-13.226834	-9.772956
Fbl	-10.984353	-7.530475
Snhg9	-13.146791	-9.692913
Sec62	-10.216623	-6.7627454
Pmel	-15.7117405	-12.257862
Mlf1	-15.018594	-11.564715
Bmx	-14.613129	-11.15925
1700109H08Rik	-14.79545	-11.341572
Ufc1	-10.949567	-7.495689
Ighd	-13.003691	-9.549812
Pcsk4	-15.7117405	-12.257862
Gga2	-13.109051	-9.655172
C5ar1	-10.018008	-6.5641303
Gpaa1	-12.453644	-8.999765
Lman2	-10.859711	-7.405833
Dpp8	-12.215233	-8.761354
Dnttip1	-12.379536	-8.925657
Glce	-13.146791	-9.692913
Stom	-11.71354	-8.259662
Rdh9	-16.404888	-12.95101
Gm15856	-16.404888	-12.95101
Trp53bp1	-13.571674	-10.117796
Pi4k2a	-11.905078	-8.4512
Ifi208	-12.9083805	-9.454502
Tnfaip8l2	-10.832734	-7.378856
Slc24a3	-14.613129	-11.15925
Gpr152	-16.404888	-12.95101
Dusp16	-12.294014	-8.840136
Zap70	-16.404888	-12.95101
Slc35a2	-12.576246	-9.122368
Bloc1s4	-12.84954	-9.395661
Knop1	-11.84054	-8.386662
Gm36738	-13.037592	-9.583714
Fignl1	-13.313846	-9.859967
Cox6b1	-9.47537	-6.021493
Acss1	-12.576246	-9.122368
Man1c1	-11.05303	-7.599152
Pdlim7	-13.186012	-9.732134
Dnajc19	-11.157864	-7.7039857
Gsn	-10.748896	-7.2950177
Tpi1	-10.75944	-7.3055625
Luc7l3	-10.494091	-7.040213
Rad51d	-13.360365	-9.9064865
Kat2a	-12.379536	-8.925657
1700104B16Rik	-16.404888	-12.95101
Gm17066	-13.460449	-10.006571
Tax1bp3	-12.100822	-8.646944
Zfp322a	-13.037592	-9.583714
Gnaz	-16.404888	-12.95101
Nfkb2	-11.361463	-7.9075847
Iqgap1	-9.595848	-6.1419706
Sfrp4	-15.018594	-11.564715
Grpel1	-11.568605	-8.114727
Herc6	-12.434596	-8.980718
Pknox1	-12.100822	-8.646944
Hfe	-10.441308	-6.98743
Atn1	-12.620698	-9.16682
Sema6d	-12.0354395	-8.581561
Pick1	-13.632299	-10.178421
Limd1	-11.26909	-7.815212
Stx17	-12.142208	-8.68833
Lrmda	-14.207664	-10.753785
Ube2c	-11.659956	-8.206078
Tmod1	-11.280924	-7.827046
Igf2r	-14.79545	-11.341572
Nfia	-11.545075	-8.091197
Dhx57	-12.970901	-9.517022
Cnnm3	-12.277753	-8.823874
Slc35c2	-12.261753	-8.807875
Cpe	-11.770159	-8.31628
Clip4	-16.404888	-12.95101
Apba3	-13.226834	-9.772956
Cntf	-14.325446	-10.871568
Oaz3	-15.7117405	-12.257862
Abcb8	-13.839938	-10.38606
Icmt	-13.186012	-9.732134
Slc15a4	-12.261753	-8.807875
Zcchc17	-11.642714	-8.188835
Acvr2a	-13.571674	-10.117796
Il1rl2	-13.313846	-9.859967
Slc16a12	-14.458978	-11.005099
Tex261	-11.10657	-7.6526923
Akt2	-11.634203	-8.180325
Car11	-14.458978	-11.005099
Itpr1	-12.84954	-9.395661
Itm2c	-10.433626	-6.9797482
Pigt	-11.779915	-8.326036
Ube2g1	-12.200195	-8.746317
Cnbd2	-16.404888	-12.95101
Gpatch11	-12.620698	-9.16682
Ylpm1	-11.998169	-8.544291
Acot11	-15.306275	-11.852397
Npff	-15.306275	-11.852397
Fchsd2	-11.5373535	-8.083475
Bivm	-14.006992	-10.553114
Ddx28	-14.006992	-10.553114
Slc8b1	-11.819921	-8.366042
Gm7160	-14.102303	-10.648424
Nme7	-13.696837	-10.242959
Rpl38	-7.7213326	-4.267455
Taf1b	-13.313846	-9.859967
Thy1	-15.7117405	-12.257862
Bud13	-13.409156	-9.955277
Tubb2b	-14.613129	-11.15925
Las1l	-12.667218	-9.21334
Smim13	-12.379536	-8.925657
Tial1	-11.507048	-8.053169
Ncor2	-12.142208	-8.68833
Omp	-16.404888	-12.95101
D930028M14Rik	-16.404888	-12.95101
Shisa3	-15.7117405	-12.257862
Dctn3	-10.984353	-7.530475
Thop1	-13.269394	-9.8155155
Gabpb2	-11.986047	-8.532168
Cop1	-11.779915	-8.326036
Etv3	-11.16314	-7.7092624
Ms4a8a	-12.821369	-9.367491
2210408I21Rik	-15.7117405	-12.257862
Ccnh	-12.310543	-8.856665
4930453N24Rik	-12.79397	-9.340092
Ube2r2	-11.131888	-7.6780105
Acaa2	-11.484907	-8.031029
Gsk3b	-10.799086	-7.3452077
Epg5	-13.460449	-10.006571
Farsa	-12.716008	-9.26213
Retreg2	-11.642714	-8.188835
5730455P16Rik	-13.226834	-9.772956
Taf1	-11.704408	-8.250529
1700013D24Rik	-15.306275	-11.852397
Trim47	-11.038912	-7.585034
Fgfr1	-10.567158	-7.11328
Col23a1	-16.404888	-12.95101
Flrt3	-16.404888	-12.95101
Pcyox1l	-13.360365	-9.9064865
Olfr1564	-16.404888	-12.95101
Rpap3	-13.360365	-9.9064865
Blmh	-11.695357	-8.241479
Ifi44	-15.7117405	-12.257862
Ppp1r3e	-14.79545	-11.341572
Ranbp9	-12.061082	-8.6072035
Mustn1	-13.360365	-9.9064865
Srr	-13.919981	-10.466103
Il15	-12.741326	-9.287448
Zmym2	-12.18538	-8.731502
Nudt13	-12.970901	-9.517022
Abcb7	-12.939152	-9.485273
Tnks2	-11.463245	-8.009367
Tex10	-12.492865	-9.038986
Atxn1	-12.170781	-8.716903
Gpatch2	-12.84954	-9.395661
Gm15929	-16.404888	-12.95101
Adck1	-13.360365	-9.9064865
A530088E08Rik	-15.018594	-11.564715
Olfr111	-15.7117405	-12.257862
Adap2os	-12.939152	-9.485273
Zranb3	-15.306275	-11.852397
Mapkapk5	-13.76583	-10.311952
Ccdc96	-16.404888	-12.95101
Mycbpap	-16.404888	-12.95101
Klhl25	-14.006992	-10.553114
Igfbp7	-10.966808	-7.5129304
Serping1	-13.919981	-10.466103
Apex1	-12.643687	-9.189809
Hnrnpdl	-11.002211	-7.5483327
4930509H03Rik	-14.325446	-10.871568
Mylk	-11.741448	-8.28757
Ogn	-12.939152	-9.485273
Afap1l2	-16.404888	-12.95101
Zkscan8	-13.919981	-10.466103
Ckb	-10.009626	-6.5557485
Aurkb	-12.4730625	-9.019184
C2cd5	-13.360365	-9.9064865
Tmem221	-13.409156	-9.955277
Gm44751	-12.79397	-9.340092
Gm50394	-16.404888	-12.95101
Ormdl2	-11.722756	-8.268878
Gm15564	-13.186012	-9.732134
Pigo	-14.102303	-10.648424
Clec4a1	-10.341103	-6.8872247
2610002M06Rik	-12.939152	-9.485273
Cfap74	-15.7117405	-12.257862
Cttnbp2nl	-11.020392	-7.5665145
Gm43914	-14.613129	-11.15925
Myzap	-15.7117405	-12.257862
Armc2	-14.79545	-11.341572
Akap7	-12.434596	-8.980718
Tyk2	-12.310543	-8.856665
Armc3	-13.409156	-9.955277
Lgi2	-16.404888	-12.95101
Pnkp	-13.003691	-9.549812
Smchd1	-10.96247	-7.508592
Eml6	-14.102303	-10.648424
Ccl17	-14.102303	-10.648424
Abi2	-12.513067	-9.059189
D830025C05Rik	-11.529691	-8.075812
Gemin6	-13.226834	-9.772956
Golga3	-12.294014	-8.840136
Dnajb13	-13.632299	-10.178421
Zswim6	-10.7523985	-7.2985206
Ahnak2	-14.207664	-10.753785
Abl1	-11.916251	-8.462373
Pttg1ip	-11.038912	-7.585034
Lyg1	-16.404888	-12.95101
Hmmr	-12.620698	-9.16682
Trmt61a	-13.76583	-10.311952
Mbd6	-12.533687	-9.079808
Eif2b5	-12.767302	-9.313423
Cdk16	-12.970901	-9.517022
Zfp449	-15.018594	-11.564715
Slc7a2	-15.7117405	-12.257862
Tmem140	-12.344445	-8.890567
Cyp2ab1	-14.325446	-10.871568
Rev1	-12.620698	-9.16682
Pgk1	-11.311137	-7.8572593
Git1	-12.79397	-9.340092
Gp1bb	-16.404888	-12.95101
Sptssa	-10.717913	-7.2640347
Tmem263	-15.018594	-11.564715
Plxnb2	-10.825158	-7.37128
Leng1	-12.453644	-8.999765
Tmem205	-11.651298	-8.197419
Med31	-12.84954	-9.395661
Zbtb8a	-13.839938	-10.38606
Chmp2b	-11.779915	-8.326036
Vps51	-13.226834	-9.772956
Lat	-14.613129	-11.15925
Smim26	-12.327351	-8.873472
Aldoc	-14.613129	-11.15925
Gm45370	-15.7117405	-12.257862
Ybx1	-8.9138	-5.4599223
Hsph1	-11.750927	-8.297049
Timm29	-13.269394	-9.8155155
Fnip1	-11.13703	-7.6831517
Xk	-15.018594	-11.564715
Pigx	-12.074155	-8.620276
Gm14866	-16.404888	-12.95101
Glipr2	-13.632299	-10.178421
Eloa	-11.400942	-7.947064
Ap2s1	-10.269322	-6.8154445
2410004B18Rik	-12.18538	-8.731502
Adrb1	-13.003691	-9.549812
Trappc13	-12.453644	-8.999765
Gm49975	-13.571674	-10.117796
B3galt4	-13.514516	-10.060637
Cox17	-10.401001	-6.947123
Ttc9c	-12.310543	-8.856665
Tbc1d13	-12.767302	-9.313423
Dhdds	-12.691316	-9.237437
Kitl	-11.342293	-7.888415
Jak1	-10.210483	-6.7566047
Olfr76	-16.404888	-12.95101
Ccdc138	-13.696837	-10.242959
Nxnl2	-15.018594	-11.564715
Dapp1	-11.499613	-8.045734
Hist2h2ac	-12.821369	-9.367491
Noc3l	-13.313846	-9.859967
Lpl	-10.535591	-7.081713
Tecpr1	-12.9083805	-9.454502
Dnajc2	-11.642714	-8.188835
Elavl1	-11.44906	-7.9951825
Ripk1	-11.26909	-7.815212
Cog6	-13.109051	-9.655172
Dlgap5	-13.313846	-9.859967
Slc35e2	-13.186012	-9.732134
Slc22a5	-14.458978	-11.005099
Slc5a3	-11.361463	-7.9075847
Dennd4c	-11.916251	-8.462373
Myoz2	-15.7117405	-12.257862
Rcan2	-14.613129	-11.15925
Gapdh	-9.428539	-5.974662
Gm7467	-14.79545	-11.341572
Igfbp2	-14.79545	-11.341572
Mypopos	-14.79545	-11.341572
Fat4	-15.018594	-11.564715
Rcn2	-12.0354395	-8.581561
AU040320	-12.821369	-9.367491
2900089D17Rik	-13.514516	-10.060637
Tmem129	-13.919981	-10.466103
Mtx1	-12.18538	-8.731502
Dohh	-12.246005	-8.792127
Rnf14	-12.598226	-9.144347
Myoc	-16.404888	-12.95101
Vopp1	-13.839938	-10.38606
Gm15675	-15.306275	-11.852397
Igf1r	-11.634203	-8.180325
Slc39a7	-11.84054	-8.386662
Slc7a1	-13.571674	-10.117796
Fam76a	-11.998169	-8.544291
Dnah2	-16.404888	-12.95101
1010001B22Rik	-15.7117405	-12.257862
Lrp4	-14.79545	-11.341572
Pygb	-12.1282215	-8.674343
Mettl5	-13.226834	-9.772956
Slc25a24	-12.327351	-8.873472
Rhou	-16.404888	-12.95101
Vps18	-11.962236	-8.508358
Smim10l1	-11.470414	-8.016536
Sept7	-10.27149	-6.817612
Spin1	-11.974071	-8.520192
Tns3	-11.286894	-7.833016
Abi3	-13.696837	-10.242959
1810062G17Rik	-16.404888	-12.95101
Ikzf5	-12.492865	-9.038986
Maob	-14.325446	-10.871568
Rtn4rl1	-14.325446	-10.871568
Cptp	-14.325446	-10.871568
Bcl2l12	-12.821369	-9.367491
Plaat3	-11.686389	-8.232511
Nmi	-12.170781	-8.716903
Nhp2	-11.634203	-8.180325
Colca2	-13.919981	-10.466103
Aldh9a1	-11.435075	-7.981197
Zswim7	-13.460449	-10.006571
Ddx19a	-12.741326	-9.287448
Ccdc181	-13.76583	-10.311952
Dbt	-12.821369	-9.367491
Fbf1	-13.003691	-9.549812
Negr1	-15.018594	-11.564715
Gm26674	-16.404888	-12.95101
Rabac1	-9.954417	-6.5005393
2610203C22Rik	-12.074155	-8.620276
Ints7	-13.839938	-10.38606
Klf10	-11.228738	-7.77486
Il9r	-16.404888	-12.95101
Slc4a4	-16.404888	-12.95101
Dtd2	-13.109051	-9.655172
Mkrn1	-11.121684	-7.667806
Pdia3	-9.601382	-6.147505
Urb2	-14.006992	-10.553114
Hsdl2	-12.55474	-9.100862
Gng2	-10.398535	-6.944657
Zfp282	-13.313846	-9.859967
Ntf3	-15.7117405	-12.257862
5530601H04Rik	-13.037592	-9.583714
Gm29290	-13.514516	-10.060637
Itgb5	-11.335983	-7.8821054
Plscr1	-14.325446	-10.871568
9530077C05Rik	-16.404888	-12.95101
Klhl22	-13.460449	-10.006571
Hsbp1	-10.318113	-6.8642354
Epcam	-14.458978	-11.005099
Gsap	-12.55474	-9.100862
Depdc7	-13.269394	-9.8155155
Fat3	-16.404888	-12.95101
Rpl6	-8.015983	-4.5621047
Hilpda	-13.360365	-9.9064865
Timm8a2	-15.7117405	-12.257862
Notch3	-15.018594	-11.564715
Mdh2	-11.157864	-7.7039857
Arl5a	-11.962236	-8.508358
Gm46411	-15.7117405	-12.257862
Bbc3	-12.878528	-9.424649
Bnc2	-16.404888	-12.95101
Gabarapl1	-11.66869	-8.214811
Timm8a1	-13.146791	-9.692913
Sec14l2	-15.7117405	-12.257862
Cdk5rap1	-13.839938	-10.38606
Esyt3	-14.613129	-11.15925
Gatad2b	-11.200881	-7.747003
Dppa3	-15.306275	-11.852397
Hirip3	-12.55474	-9.100862
Ptpn6	-10.784487	-7.330609
Mrps11	-12.55474	-9.100862
Gabrd	-16.404888	-12.95101
Mutyh	-15.7117405	-12.257862
Tshz3	-14.458978	-11.005099
Arpc5	-9.76632	-6.3124423
Aip	-11.974071	-8.520192
Brd9	-11.507048	-8.053169
Agap1	-12.397554	-8.943676
Irx5	-16.404888	-12.95101
Dctn1	-11.37445	-7.920572
Rin3	-12.246005	-8.792127
Gm14027	-16.404888	-12.95101
Nptn	-10.6179905	-7.1641126
Kmo	-12.4730625	-9.019184
2310040G24Rik	-12.598226	-9.144347
9330136K24Rik	-16.404888	-12.95101
Ccno	-14.613129	-11.15925
Sapcd1	-14.613129	-11.15925
Atp5g1	-10.104102	-6.650224
Vmn2r120	-16.404888	-12.95101
Magoh	-11.329714	-7.875836
Gm31374	-16.404888	-12.95101
Prr13	-11.038912	-7.585034
Mrpl42	-11.002211	-7.5483327
Macrod1	-13.696837	-10.242959
Phf21b	-16.404888	-12.95101
Ccr7	-13.003691	-9.549812
Il33	-15.306275	-11.852397
Eif4ebp1	-11.043595	-7.5897174
Ankrd13c	-12.294014	-8.840136
Zcchc7	-11.625764	-8.1718855
Mob4	-11.950541	-8.496662
Cxcl3	-15.018594	-11.564715
Blk	-16.404888	-12.95101
Wdr35	-14.325446	-10.871568
Anln	-12.620698	-9.16682
Shisa2	-16.404888	-12.95101
Ercc1	-12.84954	-9.395661
Atrnl1	-12.79397	-9.340092
C530005A16Rik	-14.79545	-11.341572
Acot7	-13.514516	-10.060637
Dcaf8	-11.66869	-8.214811
Spry2	-14.102303	-10.648424
Cope	-11.02499	-7.571112
Caprin1	-10.813901	-7.360023
Mrpl54	-11.456128	-8.00225
A230087F16Rik	-14.79545	-11.341572
Zscan29	-13.003691	-9.549812
Dnajc4	-12.379536	-8.925657
Snx9	-10.975542	-7.521664
Cep170b	-15.7117405	-12.257862
Mad1l1	-13.146791	-9.692913
Rmrp	-13.226834	-9.772956
Acsf3	-14.325446	-10.871568
Smim15	-11.342293	-7.888415
Khnyn	-12.598226	-9.144347
Gyg	-12.821369	-9.367491
1810030O07Rik	-12.200195	-8.746317
Nacc2	-11.894029	-8.44015
1700016G22Rik	-13.313846	-9.859967
Cwc22	-12.970901	-9.517022
Gm43936	-13.226834	-9.772956
Rab5c	-10.220738	-6.7668605
Suco	-12.18538	-8.731502
Klrb1b	-13.146791	-9.692913
Gm47043	-16.404888	-12.95101
Lrr1	-15.018594	-11.564715
Frk	-16.404888	-12.95101
Ube2f	-11.732059	-8.27818
Slc25a43	-16.404888	-12.95101
Atp2b4	-14.102303	-10.648424
Polr2i	-11.367935	-7.9140573
Asnsd1	-11.750927	-8.297049
Stk35	-13.460449	-10.006571
Tmub1	-13.514516	-10.060637
Tdrkh	-13.269394	-9.8155155
Nelfb	-12.0228615	-8.568983
Utp23	-13.037592	-9.583714
Msra	-12.821369	-9.367491
Ints9	-12.691316	-9.237437
Scaf8	-12.741326	-9.287448
Pdcd7	-12.576246	-9.122368
C530008M17Rik	-15.306275	-11.852397
C2	-12.379536	-8.925657
2310057M21Rik	-13.632299	-10.178421
1810014P07Rik	-15.7117405	-12.257862
Csf1	-14.458978	-11.005099
Chrnb2	-14.458978	-11.005099
Arap3	-12.970901	-9.517022
Arpc4	-10.428536	-6.9746585
Zfp119b	-14.325446	-10.871568
Fkbp1a	-10.25003	-6.7961516
Nadk2	-13.186012	-9.732134
Clcn6	-14.006992	-10.553114
Klhdc8b	-15.7117405	-12.257862
Zfp28	-15.7117405	-12.257862
Wasf2	-10.29564	-6.841762
Pbdc1	-11.760497	-8.306619
Pakap-1	-13.839938	-10.38606
Arl4a	-11.894029	-8.44015
Cd300c2	-11.081878	-7.628
Ptbp1	-11.257393	-7.803515
Usb1	-12.970901	-9.517022
Grasp	-13.571674	-10.117796
Ogt	-11.387608	-7.9337296
Zfp943	-13.072683	-9.618805
Atg101	-11.819921	-8.366042
Ssbp4	-11.184532	-7.7306542
Gm28809	-16.404888	-12.95101
Tex9	-14.79545	-11.341572
Rictor	-12.142208	-8.68833
Mthfsl	-12.533687	-9.079808
Aktip	-12.716008	-9.26213
BC029722	-12.576246	-9.122368
Trmo	-14.458978	-11.005099
Unc50	-11.634203	-8.180325
Mrpl36	-11.545075	-8.091197
Sdr42e1	-15.018594	-11.564715
Dus3l	-13.003691	-9.549812
Fam161a	-14.325446	-10.871568
Pcyt2	-13.003691	-9.549812
Kctd2	-12.0354395	-8.581561
Slco3a1	-14.458978	-11.005099
AY074887	-13.514516	-10.060637
Polr1b	-13.919981	-10.466103
Hdac3	-12.327351	-8.873472
Set	-10.1491375	-6.6952596
Cd74	-6.2878623	-2.8339849
Ass1	-13.571674	-10.117796
Gng5	-9.097685	-5.6438074
Rab32	-12.1144285	-8.66055
Ankle2	-11.905078	-8.4512
Slc25a23	-13.632299	-10.178421
Rgsl1	-16.404888	-12.95101
Izumo4	-13.919981	-10.466103
2510017J16Rik	-14.207664	-10.753785
Dennd4a	-11.152615	-7.6987367
Gucy1a1	-15.018594	-11.564715
Rsbn1l	-11.323483	-7.8696055
Plekhf2	-11.830176	-8.376298
B130055M24Rik	-16.404888	-12.95101
Ift88	-13.919981	-10.466103
Hnrnph3	-12.277753	-8.823874
Lratd2	-13.571674	-10.117796
Opcml	-16.404888	-12.95101
Ptpn14	-14.79545	-11.341572
Nup54	-12.55474	-9.100862
Trappc2l	-11.189952	-7.736074
Apcdd1	-15.7117405	-12.257862
Ssr2	-11.245832	-7.7919545
Pdap1	-10.721308	-7.26743
4933404O12Rik	-16.404888	-12.95101
Lst1	-9.835406	-6.3815284
Wdtc1	-12.9083805	-9.454502
Vps25	-15.306275	-11.852397
Slc37a2	-12.246005	-8.792127
Ago3	-11.799718	-8.3458395
Wbp2	-11.421281	-7.967403
Fam174b	-15.306275	-11.852397
Rbm3os	-15.7117405	-12.257862
Ppid	-12.0354395	-8.581561
Tug1	-11.381007	-7.9271293
2210411M09Rik	-16.404888	-12.95101
Ctu2	-13.919981	-10.466103
Ndufb9	-10.278019	-6.824141
Snhg6	-12.010439	-8.5565605
C3	-13.632299	-10.178421
Sphk2	-12.55474	-9.100862
Bach2	-12.84954	-9.395661
Kremen1	-13.919981	-10.466103
Dnaja4	-15.306275	-11.852397
Dennd2a	-13.919981	-10.466103
Mettl5os	-15.7117405	-12.257862
Slc30a5	-12.156392	-8.702514
Iqcc	-13.76583	-10.311952
Akap10	-13.109051	-9.655172
Lrrc57	-12.741326	-9.287448
Fhod1	-13.360365	-9.9064865
Nras	-11.048302	-7.594424
Eif1a	-11.067349	-7.6134715
Ciao2b	-11.592704	-8.138825
1700126G02Rik	-15.7117405	-12.257862
Cmtm8	-15.018594	-11.564715
Pcdhb19	-15.7117405	-12.257862
Dync1li2	-11.695357	-8.241479
Slamf7	-11.950541	-8.496662
Nid2	-12.1282215	-8.674343
3110009E18Rik	-13.460449	-10.006571
Gm43378	-15.018594	-11.564715
C920021L13Rik	-15.306275	-11.852397
Ccnl2	-11.686389	-8.232511
Mef2c	-9.498133	-6.0442553
Itgb1	-9.968738	-6.5148597
E330034G19Rik	-16.404888	-12.95101
Rgma	-16.404888	-12.95101
Fam111a	-10.665094	-7.2112164
Zfp280b	-14.458978	-11.005099
Triqk	-15.306275	-11.852397
Gins1	-14.207664	-10.753785
Elp2	-12.878528	-9.424649
Enpp4	-12.878528	-9.424649
Gm12762	-16.404888	-12.95101
Obsl1	-14.613129	-11.15925
Mydgf	-11.101583	-7.6477046
Zfp799	-14.102303	-10.648424
BC048403	-15.306275	-11.852397
Aspa	-13.696837	-10.242959
Cnpy2	-10.911826	-7.457948
Rmdn2	-14.79545	-11.341572
2310022A10Rik	-13.409156	-9.955277
5330438D12Rik	-15.306275	-11.852397
Gm37637	-16.404888	-12.95101
Olfr889	-16.404888	-12.95101
Itgb7	-12.513067	-9.059189
Tfcp2	-14.458978	-11.005099
Sox15	-16.404888	-12.95101
Sash1	-11.015816	-7.561938
Gm10309	-16.404888	-12.95101
Tppp3	-11.311137	-7.8572593
Eif3h	-10.122621	-6.6687427
Calr4	-15.7117405	-12.257862
Stk38l	-13.919981	-10.466103
Rbm27	-11.5607	-8.106822
Nsmf	-13.072683	-9.618805
Gm15323	-16.404888	-12.95101
Zfp775	-14.006992	-10.553114
Erg	-14.458978	-11.005099
Hus1	-14.207664	-10.753785
Rad54l	-13.460449	-10.006571
4930524O07Rik	-15.7117405	-12.257862
Aida	-11.732059	-8.27818
BC005561	-12.453644	-8.999765
Mgl2	-8.728414	-5.274536
Setd5	-11.625764	-8.1718855
Slc29a3	-11.381007	-7.9271293
P3h1	-14.006992	-10.553114
Klkb1	-15.7117405	-12.257862
Ecrg4	-15.7117405	-12.257862
Tor3a	-12.533687	-9.079808
Snx16	-13.269394	-9.8155155
Zfp36	-9.053729	-5.5998516
Itga9	-11.8831	-8.429221
Dpagt1	-12.310543	-8.856665
Rexo1	-12.261753	-8.807875
Ubc	-8.142328	-4.688451
Enc1	-13.514516	-10.060637
Jpt1	-9.975168	-6.5212903
Mgat1	-10.997716	-7.543838
Taf3	-12.0354395	-8.581561
Zc3h7b	-13.037592	-9.583714
Nmd3	-11.950541	-8.496662
Slc8a1	-11.66869	-8.214811
Eef2k	-11.642714	-8.188835
Nfat5	-11.66869	-8.214811
Ice2	-13.696837	-10.242959
1700047K16Rik	-15.7117405	-12.257862
A530064D06Rik	-14.102303	-10.648424
Donson	-13.409156	-9.955277
Nr1h3	-14.325446	-10.871568
Gm4316	-16.404888	-12.95101
Clic1	-9.385591	-5.931713
Rgs7bp	-12.261753	-8.807875
Il1rl1	-11.251596	-7.7977185
Ruvbl2	-12.55474	-9.100862
Irak1bp1	-15.018594	-11.564715
Il6st	-11.71354	-8.259662
Grb10	-15.306275	-11.852397
Zfp12	-14.613129	-11.15925
Shb	-14.006992	-10.553114
Syngr4	-15.7117405	-12.257862
Gm16552	-16.404888	-12.95101
Zxdc	-13.072683	-9.618805
Rgl2	-11.642714	-8.188835
Ltv1	-12.79397	-9.340092
Plekha8	-12.939152	-9.485273
Timm50	-12.2305	-8.776622
Hmgxb4	-12.878528	-9.424649
AI506816	-12.215233	-8.761354
Gm14762	-16.404888	-12.95101
Fstl3	-14.613129	-11.15925
Plppr4	-15.018594	-11.564715
Acvr1	-12.84954	-9.395661
Pex12	-14.006992	-10.553114
Maco1	-12.18538	-8.731502
Gm15337	-16.404888	-12.95101
Adamts9	-16.404888	-12.95101
Mafk	-12.576246	-9.122368
Rpp21	-11.552857	-8.098979
Pygm	-13.226834	-9.772956
Ern1	-13.186012	-9.732134
Ccdc152	-11.686389	-8.232511
Tnfrsf11b	-15.7117405	-12.257862
Gli1	-15.7117405	-12.257862
Msto1	-14.207664	-10.753785
Pafah2	-14.458978	-11.005099
Dot1l	-12.434596	-8.980718
Gm45311	-15.7117405	-12.257862
Gm49085	-13.839938	-10.38606
Gm49864	-15.306275	-11.852397
Klhdc10	-12.620698	-9.16682
Lztr1	-12.767302	-9.313423
Mir17hg	-12.84954	-9.395661
AW011738	-14.79545	-11.341572
Pgf	-16.404888	-12.95101
Ism1	-16.404888	-12.95101
Specc1l	-11.311137	-7.8572593
Fam135b	-16.404888	-12.95101
Foxp2	-15.018594	-11.564715
Gm42699	-16.404888	-12.95101
Clec4e	-15.018594	-11.564715
Bola2	-10.593747	-7.139869
Tab3	-13.696837	-10.242959
Fam49b	-10.355154	-6.901276
Cyb5b	-11.750927	-8.297049
Ncstn	-11.529691	-8.075812
Ablim3	-16.404888	-12.95101
Gm43597	-14.79545	-11.341572
Vps16	-13.003691	-9.549812
Gm12992	-14.613129	-11.15925
Fcer2a	-14.613129	-11.15925
Tmem258	-10.364633	-6.9107547
Pafah1b3	-11.704408	-8.250529
Nme2	-9.285252	-5.831374
Ntn4	-15.7117405	-12.257862
Mtr	-11.66869	-8.214811
Fh1	-11.456128	-8.00225
Dtd1	-12.79397	-9.340092
Gm44278	-16.404888	-12.95101
Rasip1	-15.306275	-11.852397
Hpf1	-11.592704	-8.138825
Copa	-11.1737795	-7.7199016
Pard6g	-15.7117405	-12.257862
Gm16183	-16.404888	-12.95101
Scd1	-13.919981	-10.466103
Clpp	-12.327351	-8.873472
Serp2	-16.404888	-12.95101
Gm16033	-15.306275	-11.852397
Mak16	-12.379536	-8.925657
Gm47140	-16.404888	-12.95101
Iglv1	-16.404888	-12.95101
Prr12	-12.492865	-9.038986
Kazn	-16.404888	-12.95101
Zscan20	-14.79545	-11.341572
Clu	-11.830176	-8.376298
Gm44053	-15.7117405	-12.257862
Map2k1	-11.779915	-8.326036
Dnah17	-15.7117405	-12.257862
Mfap1b	-12.4730625	-9.019184
Ift172	-12.878528	-9.424649
Aldh1a2	-12.55474	-9.100862
Ssh2	-10.168518	-6.71464
Pla2g6	-14.613129	-11.15925
Xylt2	-12.55474	-9.100862
Kcnmb1	-14.79545	-11.341572
Rab33b	-13.003691	-9.549812
Frmd5	-15.7117405	-12.257862
Zfp991	-13.109051	-9.655172
Zfp82	-14.458978	-11.005099
Zfp526	-15.7117405	-12.257862
Tspan17	-12.010439	-8.5565605
Luc7l	-11.8831	-8.429221
Atp8b3	-15.7117405	-12.257862
Epop	-14.006992	-10.553114
Tm9sf3	-10.573006	-7.1191278
Zfp759	-15.7117405	-12.257862
Polr3k	-12.1144285	-8.66055
Ldb3	-15.7117405	-12.257862
Gm26887	-15.306275	-11.852397
Etl4	-13.571674	-10.117796
Rai1	-12.939152	-9.485273
Fam53c	-12.492865	-9.038986
Gcnt2	-13.460449	-10.006571
Dsn1	-14.207664	-10.753785
Patz1	-13.146791	-9.692913
Khsrp	-11.894029	-8.44015
Orc3	-12.821369	-9.367491
9530026P05Rik	-15.7117405	-12.257862
Gm47204	-16.404888	-12.95101
Mcur1	-11.732059	-8.27818
Pgm1	-13.003691	-9.549812
Yaf2	-12.492865	-9.038986
Cmc2	-12.142208	-8.68833
2810403D21Rik	-14.207664	-10.753785
Mrps36	-11.463245	-8.009367
Atpaf2	-13.269394	-9.8155155
Mtf1	-13.269394	-9.8155155
H3f3aos	-15.7117405	-12.257862
Rpl12	-8.384946	-4.931068
Clns1a	-12.100822	-8.646944
Tcn2	-10.320388	-6.86651
Hexa	-9.280409	-5.8265314
Repin1	-14.207664	-10.753785
Pik3c2b	-15.306275	-11.852397
Khdc3	-16.404888	-12.95101
Gm24362	-16.404888	-12.95101
Wscd1	-16.404888	-12.95101
Cenpo	-13.269394	-9.8155155
Tmem54	-16.404888	-12.95101
Gm9895	-15.7117405	-12.257862
Tmem53	-13.919981	-10.466103
Zbtb22	-13.269394	-9.8155155
Rgs13	-14.458978	-11.005099
Mrpl28	-11.317291	-7.8634133
Chordc1	-11.470414	-8.016536
Rab26	-15.7117405	-12.257862
Clec16a	-13.514516	-10.060637
Gm26590	-15.7117405	-12.257862
Cebpa	-10.895499	-7.4416213
Cep128	-13.632299	-10.178421
Josd2	-12.142208	-8.68833
Mettl3	-13.269394	-9.8155155
5830418P13Rik	-16.404888	-12.95101
Mrpl20	-11.240102	-7.786224
Cbfb	-11.732059	-8.27818
Arhgap17	-10.7523985	-7.2985206
Npepps	-11.974071	-8.520192
Dapk1	-11.568605	-8.114727
Sigmar1	-12.2305	-8.776622
Rasa4	-12.010439	-8.5565605
Gm44700	-15.7117405	-12.257862
Camta1	-12.9083805	-9.454502
Gpr107	-12.1282215	-8.674343
Tmco6	-13.571674	-10.117796
Gem	-13.460449	-10.006571
Dnajc18	-13.696837	-10.242959
Kctd16	-16.404888	-12.95101
Sdcbp	-9.794191	-6.3403134
Znrd2	-12.716008	-9.26213
Dis3	-13.269394	-9.8155155
Pskh1	-13.839938	-10.38606
Ppic	-15.018594	-11.564715
Platr29	-15.018594	-11.564715
2010016I18Rik	-16.404888	-12.95101
Aqp11	-15.7117405	-12.257862
Cped1	-13.460449	-10.006571
Fam50a	-11.499613	-8.045734
Glipr1	-11.770159	-8.31628
Zfp335	-13.632299	-10.178421
Smg1	-11.5607	-8.106822
Hist1h4j	-16.404888	-12.95101
Smarcc2	-11.463245	-8.009367
Ifi204	-10.60883	-7.1549525
Kdelr3	-15.018594	-11.564715
Lipt1	-16.404888	-12.95101
Asf1a	-12.643687	-9.189809
Sh2b2	-13.76583	-10.311952
Nup107	-13.226834	-9.772956
Usp6nl	-13.109051	-9.655172
Ephb6	-15.306275	-11.852397
Capza2	-9.520401	-6.066523
Snx5	-9.645632	-6.1917543
Gm17249	-14.79545	-11.341572
Bax	-10.649145	-7.195267
Myh14	-16.404888	-12.95101
4930515G01Rik	-16.404888	-12.95101
Coq5	-12.55474	-9.100862
Ppp1r15b	-11.704408	-8.250529
Capsl	-15.018594	-11.564715
Exoc2	-12.598226	-9.144347
Lekr1	-13.696837	-10.242959
Coq10b	-11.168446	-7.7145677
Cyp2u1	-16.404888	-12.95101
Trappc9	-12.741326	-9.287448
Ubl7	-12.598226	-9.144347
Slc9a5	-14.79545	-11.341572
Dync1li1	-11.8831	-8.429221
Ly6g6c	-16.404888	-12.95101
Timd4	-11.189952	-7.736074
Iglc1	-12.767302	-9.313423
Fmo5	-12.691316	-9.237437
Aurka	-13.696837	-10.242959
Dhx36	-11.704408	-8.250529
Fam76b	-11.6090975	-8.155219
Cops7b	-13.360365	-9.9064865
Slc52a2	-14.102303	-10.648424
Klf16	-13.514516	-10.060637
Trak2	-12.434596	-8.980718
Mpnd	-12.327351	-8.873472
Slk	-11.195401	-7.7415233
Gprin2	-16.404888	-12.95101
Nudt7	-13.514516	-10.060637
Plpp2	-13.003691	-9.549812
Retreg1	-11.938979	-8.485101
Mcrs1	-12.18538	-8.731502
Cd55	-12.598226	-9.144347
Kctd14	-14.325446	-10.871568
Flna	-10.304569	-6.8506913
Zfp451	-11.998169	-8.544291
Malat1	-5.7323337	-2.2784562
Hba-a1	-15.018594	-11.564715
Gm8013	-15.7117405	-12.257862
Slc37a1	-14.102303	-10.648424
Mnt	-12.513067	-9.059189
Bmp2	-12.100822	-8.646944
Fcmr	-13.409156	-9.955277
Gm16638	-13.186012	-9.732134
3110045C21Rik	-15.7117405	-12.257862
Zfp623	-14.207664	-10.753785
Sart3	-12.55474	-9.100862
4930509G22Rik	-15.7117405	-12.257862
Ccdc88b	-13.003691	-9.549812
Osbp2	-16.404888	-12.95101
Zfp729b	-12.361836	-8.907958
Gm49915	-15.306275	-11.852397
Chic2	-11.217502	-7.7636237
Prss36	-15.7117405	-12.257862
Qrich1	-12.200195	-8.746317
Nsl1	-13.839938	-10.38606
Iffo2	-12.620698	-9.16682
Zfp963	-14.207664	-10.753785
Tespa1	-15.7117405	-12.257862
Gm15446	-14.613129	-11.15925
Gm48306	-16.404888	-12.95101
Helz	-11.651298	-8.197419
Smarca4	-11.5607	-8.106822
Mrps18a	-11.760497	-8.306619
Itga6	-12.741326	-9.287448
Col1a1	-12.379536	-8.925657
Txndc9	-11.470414	-8.016536
Ifi213	-12.821369	-9.367491
Heatr6	-12.453644	-8.999765
Gm16894	-15.7117405	-12.257862
Rnf123	-13.76583	-10.311952
Pck2	-12.821369	-9.367491
Prep	-13.146791	-9.692913
Zfp719	-13.632299	-10.178421
Atp2a3	-13.072683	-9.618805
Ank3	-15.7117405	-12.257862
Myo7a	-11.8831	-8.429221
Ube2o	-13.460449	-10.006571
Wdr70	-12.2305	-8.776622
Dph7	-14.458978	-11.005099
Ola1	-11.695357	-8.241479
Pex11a	-14.325446	-10.871568
Jun	-8.395857	-4.941979
Pip4k2c	-12.939152	-9.485273
Gm12971	-16.404888	-12.95101
Hmga1b	-15.7117405	-12.257862
Rassf4	-10.216623	-6.7627454
Olfr461	-16.404888	-12.95101
Gdpd2	-16.404888	-12.95101
Ptpn12	-11.463245	-8.009367
Spa17	-14.458978	-11.005099
Chpf	-14.006992	-10.553114
1700028E10Rik	-16.404888	-12.95101
Zbtb43	-13.269394	-9.8155155
Rrm2b	-12.492865	-9.038986
Tspoap1	-12.878528	-9.424649
Piga	-14.325446	-10.871568
Alkbh6	-13.072683	-9.618805
Myof	-10.867554	-7.413676
Sall2	-14.207664	-10.753785
Rnf169	-11.305021	-7.8511434
C130046K22Rik	-16.404888	-12.95101
Shmt1	-14.79545	-11.341572
1110006O24Rik	-16.404888	-12.95101
Hexdc	-13.839938	-10.38606
Pcf11	-10.879435	-7.4255567
Acvrl1	-11.732059	-8.27818
Atl2	-12.767302	-9.313423
Ddx31	-14.006992	-10.553114
Ttbk2	-13.632299	-10.178421
Ildr2	-13.226834	-9.772956
Zfp277	-12.598226	-9.144347
Gm43136	-16.404888	-12.95101
Rapgef5	-13.76583	-10.311952
Lsm2	-11.499613	-8.045734
Pcdhga11	-15.7117405	-12.257862
Neu3	-15.7117405	-12.257862
Trmt44	-14.613129	-11.15925
Gm42413	-16.404888	-12.95101
Dusp18	-13.76583	-10.311952
Gvin1	-15.018594	-11.564715
Ppme1	-12.741326	-9.287448
Gpc6	-15.018594	-11.564715
Spcs3	-11.545075	-8.091197
Prex2	-15.7117405	-12.257862
Cltb	-11.435075	-7.981197
Scaf1	-11.998169	-8.544291
Serpinb1a	-11.986047	-8.532168
BC065397	-14.79545	-11.341572
Nfic	-10.655495	-7.201617
2010320M18Rik	-13.571674	-10.117796
Gch1	-12.246005	-8.792127
Otud6b	-12.533687	-9.079808
Sag	-12.79397	-9.340092
Tmem38a	-13.76583	-10.311952
Plppr2	-15.018594	-11.564715
Rab27b	-14.006992	-10.553114
Ammecr1l	-12.821369	-9.367491
Farp2	-14.006992	-10.553114
Il27ra	-14.207664	-10.753785
Hspb11	-12.361836	-8.907958
Ankrd12	-10.91595	-7.462072
Pitpnb	-12.100822	-8.646944
Tubb4b	-10.91595	-7.462072
2900097C17Rik	-11.37445	-7.920572
Samd4	-11.962236	-8.508358
Gm47802	-15.306275	-11.852397
1700030J22Rik	-15.306275	-11.852397
Rbm15	-12.453644	-8.999765
Ccl2	-9.054372	-5.600494
Prdx4	-10.871498	-7.41762
Rnf6	-11.592704	-8.138825
Gm49066	-13.919981	-10.466103
Depdc1a	-13.839938	-10.38606
Eaf1	-12.878528	-9.424649
Gm15261	-14.79545	-11.341572
Polq	-15.018594	-11.564715
Ube2e2	-14.102303	-10.648424
Ccne1	-13.696837	-10.242959
Setmar	-16.404888	-12.95101
Chrna5	-15.306275	-11.852397
Nploc4	-12.9083805	-9.454502
B430305J03Rik	-15.306275	-11.852397
Gm50107	-16.404888	-12.95101
Map4k1	-12.741326	-9.287448
Mcoln1	-13.037592	-9.583714
Smad6	-15.7117405	-12.257862
Rrp1	-11.081878	-7.628
Pwwp2b	-14.006992	-10.553114
9430085M18Rik	-16.404888	-12.95101
Ldb2	-16.404888	-12.95101
Spsb3	-12.767302	-9.313423
Etv6	-11.695357	-8.241479
Hdlbp	-10.788116	-7.3342385
Ccnk	-12.415904	-8.962026
Tspan4	-11.251596	-7.7977185
Ccr5	-11.704408	-8.250529
Cdca7	-13.696837	-10.242959
Tnfaip3	-10.958151	-7.504273
Prpf18	-12.492865	-9.038986
Zcchc4	-13.76583	-10.311952
Mta3	-12.4730625	-9.019184
Mtpn	-10.755914	-7.302036
1700096K18Rik	-13.76583	-10.311952
Clint1	-10.802769	-7.348891
Gm17745	-13.226834	-9.772956
Bst2	-10.026462	-6.5725837
Fbxl20	-12.261753	-8.807875
Slc26a8	-16.404888	-12.95101
Lbx1	-12.620698	-9.16682
Ascc1	-12.716008	-9.26213
Secisbp2l	-11.428154	-7.974276
Clec4a3	-10.273662	-6.8197837
Fndc9	-16.404888	-12.95101
I830134H01Rik	-16.404888	-12.95101
Gm35551	-15.7117405	-12.257862
Car13	-15.018594	-11.564715
Nom1	-12.379536	-8.925657
Prrc2c	-10.222803	-6.768925
Dnaaf4	-16.404888	-12.95101
Papss1	-12.379536	-8.925657
Gm16062	-13.571674	-10.117796
Gm38843	-12.142208	-8.68833
Cma2	-15.7117405	-12.257862
N4bp3	-14.79545	-11.341572
Gm48653	-14.325446	-10.871568
Scarb2	-10.932617	-7.4787393
Fbxo9	-12.55474	-9.100862
Myo18a	-12.0873995	-8.633521
Cdk7	-13.409156	-9.955277
4930452A19Rik	-16.404888	-12.95101
Spry4	-16.404888	-12.95101
Irak4	-12.142208	-8.68833
Zfp532	-14.79545	-11.341572
Mpo	-13.571674	-10.117796
Ppp3ca	-10.359882	-6.9060044
Gm12802	-15.306275	-11.852397
Fadd	-14.006992	-10.553114
Usp7	-11.329714	-7.875836
Ndufa5	-10.899556	-7.445678
Diablo	-12.55474	-9.100862
Emc8	-12.100822	-8.646944
Prkca	-13.003691	-9.549812
Pcnx	-13.313846	-9.859967
Tcf3	-12.327351	-8.873472
Il10	-13.226834	-9.772956
Zfp968	-16.404888	-12.95101
Prxl2b	-11.20639	-7.7525125
Gm43331	-14.006992	-10.553114
A630012P03Rik	-16.404888	-12.95101
Ext2	-12.0873995	-8.633521
C1qb	-7.203487	-3.7496095
9330104G04Rik	-14.613129	-11.15925
Ap3m2	-13.360365	-9.9064865
Parp1	-11.576574	-8.122696
Rpap1	-13.632299	-10.178421
Tpm3-rs7	-14.458978	-11.005099
Gm45081	-16.404888	-12.95101
Fhad1	-15.7117405	-12.257862
Syne2	-11.830176	-8.376298
Zfp748	-13.409156	-9.955277
Git2	-11.116621	-7.662743
Smg5	-12.533687	-9.079808
Jam3	-15.7117405	-12.257862
Gorasp2	-11.950541	-8.496662
Mdh1	-10.84806	-7.3941817
Cycs	-11.470414	-8.016536
Gm47283	-11.435075	-7.981197
Gm20513	-15.018594	-11.564715
Zfp113	-13.919981	-10.466103
Dgcr6	-12.620698	-9.16682
Sav1	-12.0354395	-8.581561
Efl1	-13.313846	-9.859967
Sdc3	-10.590757	-7.1368794
Rabep2	-13.109051	-9.655172
Wdyhv1	-13.226834	-9.772956
4930481B07Rik	-16.404888	-12.95101
Polr2m	-11.634203	-8.180325
Dynlt1f	-12.434596	-8.980718
Cdkn2aipnl	-12.261753	-8.807875
Agps	-11.625764	-8.1718855
Tm6sf1	-9.810474	-6.3565965
Taf10	-10.535591	-7.081713
P2rx6	-15.306275	-11.852397
Clasrp	-13.037592	-9.583714
Agap3	-12.156392	-8.702514
Txndc2	-15.018594	-11.564715
Rps17	-8.6474085	-5.193531
Mcm10	-13.632299	-10.178421
Slc37a4	-13.632299	-10.178421
Chsy1	-12.246005	-8.792127
Psd3	-10.795416	-7.341538
Gm3435	-14.79545	-11.341572
Sept11	-11.329714	-7.875836
Cd2ap	-10.590757	-7.1368794
Med18	-14.613129	-11.15925
Gm49602	-14.006992	-10.553114
G6pc3	-12.767302	-9.313423
Actn4	-11.05778	-7.6039023
Mrpl49	-13.146791	-9.692913
Gm4907	-16.404888	-12.95101
Denr	-11.311137	-7.8572593
Midn	-11.043595	-7.5897174
Irf7	-12.434596	-8.980718
AA986860	-16.404888	-12.95101
Pdha1	-11.962236	-8.508358
Cmah	-11.189952	-7.736074
Coil	-13.76583	-10.311952
Ccdc93	-12.453644	-8.999765
Psrc1	-14.325446	-10.871568
Zfp947	-15.306275	-11.852397
Fbxo44	-15.7117405	-12.257862
Nfatc2	-11.2231045	-7.7692266
Epb41l3	-15.018594	-11.564715
Gm43703	-16.404888	-12.95101
Prom2	-15.306275	-11.852397
Ubn1	-11.038912	-7.585034
Cyc1	-11.421281	-7.967403
Cox6b2	-12.620698	-9.16682
Coprs	-13.226834	-9.772956
Sspn	-14.207664	-10.753785
0610010F05Rik	-12.821369	-9.367491
Selp	-15.7117405	-12.257862
Trpt1	-15.018594	-11.564715
Ndnf	-14.207664	-10.753785
Gimap9	-14.102303	-10.648424
Metap2	-10.701105	-7.247227
Tcf20	-12.397554	-8.943676
Gm28901	-16.404888	-12.95101
Selenos	-10.825158	-7.37128
Hacd2	-12.215233	-8.761354
Fam114a2	-11.600866	-8.146988
Mfsd3	-14.325446	-10.871568
Myom1	-12.453644	-8.999765
Zbtb12	-13.409156	-9.955277
Appbp2	-11.634203	-8.180325
Mill2	-13.037592	-9.583714
Selenom	-11.05303	-7.599152
Nit2	-12.620698	-9.16682
Tprn	-14.458978	-11.005099
Wnt16	-16.404888	-12.95101
Cidea	-15.306275	-11.852397
Gm13620	-16.404888	-12.95101
Fam227a	-15.306275	-11.852397
Nepro	-13.632299	-10.178421
Hbegf	-11.355032	-7.901154
Calhm6	-13.460449	-10.006571
Snw1	-11.121684	-7.667806
2900009J06Rik	-15.7117405	-12.257862
Eif2s1	-11.456128	-8.00225
Mbtps2	-13.269394	-9.8155155
9430015G10Rik	-15.018594	-11.564715
Rnf126	-12.691316	-9.237437
Sumo2	-9.929455	-6.475577
Col1a2	-11.830176	-8.376298
Cyren	-12.492865	-9.038986
Tomm70a	-11.974071	-8.520192
B3gat2	-16.404888	-12.95101
Armc1	-12.061082	-8.6072035
Zfp771	-12.643687	-9.189809
Dipk1a	-11.938979	-8.485101
Cdk4	-11.387608	-7.9337296
E330020D12Rik	-12.576246	-9.122368
Gm13710	-15.7117405	-12.257862
Matn4	-12.397554	-8.943676
St3gal4	-11.962236	-8.508358
Map3k1	-11.245832	-7.7919545
A430005L14Rik	-12.344445	-8.890567
Cp	-10.879435	-7.4255567
Gm44752	-15.7117405	-12.257862
Ttc8	-14.325446	-10.871568
Lnx1	-16.404888	-12.95101
Tuba3b	-16.404888	-12.95101
4930513N10Rik	-16.404888	-12.95101
Ccdc17	-16.404888	-12.95101
Ddb2	-14.006992	-10.553114
Sinhcaf	-13.186012	-9.732134
Fer	-12.142208	-8.68833
Rab9	-12.2305	-8.776622
Stap1	-11.71354	-8.259662
Gm9888	-15.7117405	-12.257862
Slc35a4	-12.061082	-8.6072035
Creg1	-10.0146475	-6.5607696
Bloc1s1	-11.617396	-8.163518
Mzf1	-15.306275	-11.852397
Rrad	-12.261753	-8.807875
Ccr9	-15.018594	-11.564715
Herc3	-14.613129	-11.15925
Naa10	-11.894029	-8.44015
Caap1	-12.878528	-9.424649
Tpsab1	-14.006992	-10.553114
Ap2a2	-9.934089	-6.480211
2300009A05Rik	-12.415904	-8.962026
Fbxl18	-11.09662	-7.6427417
Cep135	-12.878528	-9.424649
P2rx4	-10.883427	-7.4295487
Sec61g	-9.528623	-6.074745
Zfp157	-13.360365	-9.9064865
Rbm47	-11.470414	-8.016536
Trap1	-12.620698	-9.16682
Cul7	-13.514516	-10.060637
Gm28151	-15.306275	-11.852397
Grtp1	-16.404888	-12.95101
Coa4	-13.186012	-9.732134
Atp8b4	-12.691316	-9.237437
A030001D20Rik	-16.404888	-12.95101
Apobec1	-11.809768	-8.355889
Ciapin1	-13.072683	-9.618805
Rpl19	-7.9001718	-4.4462943
Lamb2	-12.767302	-9.313423
Mcrip2	-13.072683	-9.618805
Alox5ap	-9.279604	-5.8257265
Jmjd4	-14.79545	-11.341572
Abcd1	-11.686389	-8.232511
Npr2	-15.306275	-11.852397
Tstd1	-15.018594	-11.564715
D330050G23Rik	-15.018594	-11.564715
Ahnak	-8.756624	-5.302747
Gm10282	-15.7117405	-12.257862
Dtymk	-11.998169	-8.544291
Washc3	-11.950541	-8.496662
Umodl1	-15.7117405	-12.257862
Gm14327	-15.306275	-11.852397
Rasd1	-14.79545	-11.341572
Micall2	-15.7117405	-12.257862
Thoc6	-12.55474	-9.100862
Nkd2	-15.7117405	-12.257862
Hnrnpm	-10.671546	-7.217668
Bicc1	-15.018594	-11.564715
4930432J09Rik	-15.306275	-11.852397
Dlat	-12.533687	-9.079808
Skp2	-13.146791	-9.692913
Fhl2	-16.404888	-12.95101
Gm4890	-15.7117405	-12.257862
Ptar1	-13.072683	-9.618805
Vkorc1l1	-13.146791	-9.692913
Wfs1	-13.76583	-10.311952
Ackr3	-14.458978	-11.005099
Znrd1	-11.435075	-7.981197
Pde4c	-12.970901	-9.517022
Myo10	-15.306275	-11.852397
Rab11fip5	-10.91595	-7.462072
Gm43727	-13.696837	-10.242959
Mrpl2	-12.048179	-8.5943
Thoc2	-11.086768	-7.63289
Rpl13a	-8.212594	-4.758716
Fmc1	-11.986047	-8.532168
Mrfap1	-10.057499	-6.603621
Ikbkg	-13.226834	-9.772956
Cpsf4	-12.598226	-9.144347
Siae	-12.741326	-9.287448
C230037L18Rik	-15.018594	-11.564715
Klf7	-11.280924	-7.827046
Gm45184	-14.79545	-11.341572
Cfhr2	-15.7117405	-12.257862
Gm21123	-16.404888	-12.95101
Gm49888	-16.404888	-12.95101
Utp11	-11.66869	-8.214811
Recql4	-15.306275	-11.852397
Trpm1	-14.613129	-11.15925
Gpr85	-13.919981	-10.466103
Abhd12	-10.367017	-6.913139
Rsf1	-11.421281	-7.967403
Rpgrip1	-13.072683	-9.618805
Tnfrsf18	-14.102303	-10.648424
2410002F23Rik	-12.939152	-9.485273
Apbb3	-14.325446	-10.871568
Zwilch	-14.102303	-10.648424
Sp3	-11.37445	-7.920572
Eya4	-15.018594	-11.564715
Ndn	-15.018594	-11.564715
Bbs12	-16.404888	-12.95101
Lrba	-12.767302	-9.313423
Tle2	-14.006992	-10.553114
Cip2a	-13.696837	-10.242959
Ik	-10.806466	-7.352588
Actr6	-14.325446	-10.871568
Gm15902	-13.696837	-10.242959
Kif3b	-12.2305	-8.776622
Col14a1	-12.767302	-9.313423
Ldb1	-11.916251	-8.462373
Phyhd1	-12.691316	-9.237437
Gm29361	-15.7117405	-12.257862
Tnfrsf21	-12.492865	-9.038986
Galk2	-12.344445	-8.890567
Rsbn1	-11.600866	-8.146988
Smim12	-12.2305	-8.776622
Pkn3	-15.306275	-11.852397
Has1	-15.018594	-11.564715
0610030E20Rik	-12.415904	-8.962026
Ddx51	-13.919981	-10.466103
Tmem95	-16.404888	-12.95101
Zbtb11os1	-13.571674	-10.117796
Gm2044	-15.306275	-11.852397
Ucp1	-15.7117405	-12.257862
Pmm2	-12.513067	-9.059189
Rgmb	-12.79397	-9.340092
Tspan31	-11.529691	-8.075812
Neurl1b	-13.919981	-10.466103
Scpep1	-10.590757	-7.1368794
Aldh18a1	-15.018594	-11.564715
Tab1	-14.006992	-10.553114
Smg7	-12.397554	-8.943676
Prkab2	-12.878528	-9.424649
Exo5	-14.458978	-11.005099
Gm48283	-16.404888	-12.95101
Emc10	-11.157864	-7.7039857
Ephx3	-15.7117405	-12.257862
Arhgap24	-15.7117405	-12.257862
Camk2g	-12.79397	-9.340092
Ltbp4	-12.492865	-9.038986
Cep63	-13.226834	-9.772956
Sarnp	-10.813901	-7.360023
Fosl2	-10.704444	-7.250566
Farp1	-15.7117405	-12.257862
Gm45510	-16.404888	-12.95101
Zfp652os	-15.018594	-11.564715
Lss	-14.613129	-11.15925
Tor1b	-12.1282215	-8.674343
Dars	-12.215233	-8.761354
Gm47770	-16.404888	-12.95101
Arfip2	-12.84954	-9.395661
Serpinf2	-14.102303	-10.648424
Tmem68	-12.9083805	-9.454502
Rbm44	-14.207664	-10.753785
Lair1	-11.286894	-7.833016
Mrpl1	-12.878528	-9.424649
Med20	-12.741326	-9.287448
Ddx42	-11.695357	-8.241479
Ntf5	-16.404888	-12.95101
Nyap1	-16.404888	-12.95101
Mitf	-11.916251	-8.462373
Gm43847	-16.404888	-12.95101
Ptpro	-11.442043	-7.9881654
Gtpbp3	-13.571674	-10.117796
Ndufa13	-9.690717	-6.2368393
Btbd9	-12.142208	-8.68833
Tmem70	-12.492865	-9.038986
Rgs10	-9.24249	-5.7886124
Dpf3	-15.306275	-11.852397
Trim30d	-11.750927	-8.297049
Reps1	-12.492865	-9.038986
Cnot9	-12.939152	-9.485273
Zfp146	-13.919981	-10.466103
Ncoa7	-11.394253	-7.940375
Larp7	-11.962236	-8.508358
Wbp4	-11.552857	-8.098979
Cited2	-9.380239	-5.9263606
Ino80dos	-14.458978	-11.005099
Top2b	-11.101583	-7.6477046
9930014A18Rik	-16.404888	-12.95101
Rab3c	-16.404888	-12.95101
Slc9a3r1	-11.592704	-8.138825
Cnot7	-12.821369	-9.367491
Med22	-13.269394	-9.8155155
Kynu	-15.306275	-11.852397
Ube2v1	-11.387608	-7.9337296
Slc39a14	-13.76583	-10.311952
Atf7ip	-11.387608	-7.9337296
Sec11a	-11.0916815	-7.6378036
Zup1	-12.142208	-8.68833
2610021A01Rik	-13.76583	-10.311952
Podxl	-15.306275	-11.852397
Gm21738	-16.404888	-12.95101
Eci2	-11.986047	-8.532168
Tmem184b	-12.767302	-9.313423
Zfp593	-12.79397	-9.340092
Igkc	-7.0945206	-3.6406431
Mettl17	-14.207664	-10.753785
Tle3	-11.894029	-8.44015
Rsl1d1	-11.592704	-8.138825
Dop1b	-12.643687	-9.189809
Gm29107	-14.325446	-10.871568
Vps54	-12.0873995	-8.633521
Bicdl1	-15.7117405	-12.257862
Spop	-10.652315	-7.198437
Zswim4	-13.919981	-10.466103
Rab2b	-13.109051	-9.655172
Aif1	-9.424811	-5.970934
Gm30889	-16.404888	-12.95101
Bhlhb9	-15.306275	-11.852397
F9	-15.306275	-11.852397
Orc2	-12.970901	-9.517022
Rhof	-14.458978	-11.005099
Ypel1	-14.325446	-10.871568
1700066B19Rik	-16.404888	-12.95101
Zfp706	-10.379022	-6.9251437
Lztfl1	-12.667218	-9.21334
Ift80	-13.76583	-10.311952
Dmac2l	-14.458978	-11.005099
0610009L18Rik	-13.839938	-10.38606
Disc1	-14.006992	-10.553114
Spic	-13.109051	-9.655172
Mrps25	-11.779915	-8.326036
Osmr	-16.404888	-12.95101
Axdnd1	-15.018594	-11.564715
Slc6a6	-10.247909	-6.7940307
Dguok	-11.367935	-7.9140573
Pask	-15.306275	-11.852397
Bace2	-15.306275	-11.852397
Gm29994	-13.919981	-10.466103
Mrpl4	-11.998169	-8.544291
Gm27019	-15.306275	-11.852397
Akr1c14	-15.7117405	-12.257862
Rgp1	-13.839938	-10.38606
Gm42047	-13.460449	-10.006571
Cdk2ap1	-12.415904	-8.962026
A930006I01Rik	-16.404888	-12.95101
Supt3	-13.226834	-9.772956
Nr4a3	-11.916251	-8.462373
Ston2	-13.186012	-9.732134
Rbm14	-12.741326	-9.287448
Stim1	-12.048179	-8.5943
Csnk1g3	-11.894029	-8.44015
Gm33180	-16.404888	-12.95101
Dgkd	-11.407676	-7.953798
Cramp1l	-12.533687	-9.079808
Ssbp2	-12.667218	-9.21334
Tfpt	-13.76583	-10.311952
Npnt	-13.109051	-9.655172
Fzd3	-16.404888	-12.95101
Ppih	-12.716008	-9.26213
Rnase4	-9.611422	-6.1575437
Gm12207	-16.404888	-12.95101
Itga5	-12.415904	-8.962026
Tmbim1	-11.529691	-8.075812
Pbld2	-15.306275	-11.852397
Pigyl	-11.974071	-8.520192
Tmem91	-14.458978	-11.005099
Rpl11	-8.009862	-4.555984
Gm33973	-15.7117405	-12.257862
Gm10521	-15.7117405	-12.257862
Samd9l	-11.280924	-7.827046
Ccdc86	-12.741326	-9.287448
Hist2h2ab	-15.306275	-11.852397
Pold2	-13.226834	-9.772956
Dcun1d4	-13.839938	-10.38606
Pdcd4	-11.240102	-7.786224
Zfp36l1	-8.722866	-5.268988
Vat1	-11.741448	-8.28757
Aasdhppt	-13.109051	-9.655172
Gm21917	-15.7117405	-12.257862
Aco1	-12.4730625	-9.019184
Gm12655	-15.306275	-11.852397
Ncf4	-11.317291	-7.8634133
Bag3	-11.861593	-8.407715
Arap1	-11.157864	-7.7039857
Gm11696	-14.458978	-11.005099
Hes6	-12.716008	-9.26213
Rflnb	-14.458978	-11.005099
Gm49519	-14.79545	-11.341572
Pomt1	-13.919981	-10.466103
Ptpn23	-12.9083805	-9.454502
Dcp1b	-13.76583	-10.311952
Ptprd	-14.79545	-11.341572
Ublcp1	-12.533687	-9.079808
Psmd10	-12.453644	-8.999765
Socs7	-12.970901	-9.517022
D030007L05Rik	-16.404888	-12.95101
BC030867	-15.018594	-11.564715
Daam1	-12.970901	-9.517022
Tdp2	-11.894029	-8.44015
Cav3	-15.306275	-11.852397
Cntd1	-15.306275	-11.852397
Obscn	-16.404888	-12.95101
Ssh3	-13.269394	-9.8155155
Tbc1d5	-11.760497	-8.306619
Grpel2	-12.939152	-9.485273
Kifc1	-14.613129	-11.15925
A330023F24Rik	-13.696837	-10.242959
3830406C13Rik	-12.246005	-8.792127
Rnf138	-12.598226	-9.144347
Enoph1	-12.878528	-9.424649
Gon4l	-11.819921	-8.366042
Chp1	-12.074155	-8.620276
Ttc39c	-13.460449	-10.006571
Rtcb	-11.617396	-8.163518
Rpl23a	-8.721484	-5.2676063
Nhlh2	-16.404888	-12.95101
A230056P14Rik	-15.7117405	-12.257862
Gadd45a	-12.741326	-9.287448
Atp5h	-9.480275	-6.026397
Zfp768	-13.571674	-10.117796
Gm34868	-16.404888	-12.95101
Pdk1	-12.878528	-9.424649
Fbxl6	-12.716008	-9.26213
1700001P01Rik	-16.404888	-12.95101
Eya3	-12.741326	-9.287448
Appl2	-12.327351	-8.873472
Psd	-14.006992	-10.553114
Mrps27	-13.919981	-10.466103
Rplp2	-8.040147	-4.586269
Dnpep	-12.344445	-8.890567
1700034H15Rik	-16.404888	-12.95101
Rpl8	-8.18907	-4.735192
Oas3	-13.76583	-10.311952
Atp8b2	-13.839938	-10.38606
Miga2	-14.102303	-10.648424
Appl1	-11.634203	-8.180325
Bcap31	-10.997716	-7.543838
Rogdi	-12.2305	-8.776622
Cfl1	-8.683096	-5.229218
Apip	-12.0873995	-8.633521
Txndc17	-10.25003	-6.7961516
Cryba1	-16.404888	-12.95101
Eif5b	-10.214572	-6.760694
Gm15708	-12.327351	-8.873472
Qpct	-12.1282215	-8.674343
Lrrc63	-15.7117405	-12.257862
Hnrnpd	-10.7384615	-7.2845836
Spata31d1a	-16.404888	-12.95101
Tmem176a	-9.4608	-6.0069227
Yeats4	-11.463245	-8.009367
Dennd6b	-16.404888	-12.95101
Spata24	-15.018594	-11.564715
Ceacam1	-14.207664	-10.753785
Trub2	-13.632299	-10.178421
Polr2j	-11.086768	-7.63289
Rab22a	-11.986047	-8.532168
Plekhf1	-15.7117405	-12.257862
P2rx5	-16.404888	-12.95101
Ppp1r2	-11.617396	-8.163518
Cinp	-12.79397	-9.340092
Ssbp3	-11.986047	-8.532168
U2af1l4	-12.415904	-8.962026
Igfbp5	-14.207664	-10.753785
Exosc10	-12.598226	-9.144347
Stard4	-12.79397	-9.340092
2510046G10Rik	-13.76583	-10.311952
Heg1	-13.571674	-10.117796
Rcan3	-12.79397	-9.340092
Ighmbp2	-14.613129	-11.15925
Sft2d2	-11.10657	-7.6526923
Ndufaf1	-13.632299	-10.178421
Gid4	-12.344445	-8.890567
Arsi	-15.306275	-11.852397
Lrrc56	-16.404888	-12.95101
2210417A02Rik	-15.7117405	-12.257862
Dpysl3	-13.186012	-9.732134
Vmn1r218	-16.404888	-12.95101
Tmem39a	-13.109051	-9.655172
Snrpg	-9.724032	-6.270155
Dcun1d3	-13.632299	-10.178421
Aasdh	-14.102303	-10.648424
Gpx4	-9.838215	-6.384337
Atoh8	-16.404888	-12.95101
Mboat1	-13.76583	-10.311952
Baiap2	-11.809768	-8.355889
Vwc2	-15.306275	-11.852397
Rbm5	-11.015816	-7.561938
Gm49797	-13.146791	-9.692913
Fam160b1	-12.156392	-8.702514
Zfp746	-13.313846	-9.859967
Prpf6	-12.215233	-8.761354
St8sia4	-11.280924	-7.827046
Cdk13	-11.545075	-8.091197
Zfp566	-14.79545	-11.341572
Coro2a	-13.072683	-9.618805
Socs3	-10.642837	-7.1889586
Pira2	-13.003691	-9.549812
Sec16a	-12.533687	-9.079808
Med8	-11.741448	-8.28757
A130010J15Rik	-13.409156	-9.955277
Cradd	-13.313846	-9.859967
Thg1l	-14.207664	-10.753785
Myc	-12.643687	-9.189809
Ccdc106	-12.310543	-8.856665
Klrb1c	-16.404888	-12.95101
Itpkb	-11.851011	-8.397133
Cyb5d1	-14.207664	-10.753785
Fiz1	-12.576246	-9.122368
Cacna2d1	-14.79545	-11.341572
Slc25a39	-11.592704	-8.138825
Trip4	-12.84954	-9.395661
Actn1	-12.0228615	-8.568983
Chml	-12.9083805	-9.454502
Mre11a	-13.072683	-9.618805
B3galt2	-16.404888	-12.95101
Lamb1	-16.404888	-12.95101
Tomt	-15.7117405	-12.257862
Ramp2	-13.186012	-9.732134
Kat2b	-12.010439	-8.5565605
G430095P16Rik	-14.79545	-11.341572
Cep57	-12.513067	-9.059189
Gm49871	-16.404888	-12.95101
Per1	-11.10657	-7.6526923
Smcr8	-12.397554	-8.943676
Gatad1	-11.492233	-8.038355
Nudt16	-12.84954	-9.395661
Ccdc73	-14.458978	-11.005099
Chn1	-16.404888	-12.95101
Afp	-16.404888	-12.95101
Tdp1	-13.109051	-9.655172
Anpep	-13.109051	-9.655172
Junos	-15.306275	-11.852397
Nsun2	-12.061082	-8.6072035
Rab11a	-10.840367	-7.3864894
Cdkal1	-12.821369	-9.367491
Pdcd2l	-11.779915	-8.326036
Gm28941	-15.7117405	-12.257862
Gm41307	-14.102303	-10.648424
Angel1	-14.613129	-11.15925
Tmc4	-14.102303	-10.648424
Alyref	-11.251596	-7.7977185
S100a16	-13.839938	-10.38606
Plaat1	-16.404888	-12.95101
Gm31019	-16.404888	-12.95101
St18	-16.404888	-12.95101
Fign	-16.404888	-12.95101
Gm28087	-16.404888	-12.95101
Shq1	-13.514516	-10.060637
Flcn	-12.048179	-8.5943
Ccl3	-10.262851	-6.808973
Cdk8	-12.492865	-9.038986
Tex15	-15.7117405	-12.257862
Stard3	-11.809768	-8.355889
Tatdn1	-13.072683	-9.618805
Xpo4	-12.970901	-9.517022
Stard13	-14.102303	-10.648424
Cep41	-14.006992	-10.553114
Sfi1	-13.571674	-10.117796
Nupl2	-14.613129	-11.15925
Ttc37	-13.226834	-9.772956
Gm10097	-16.404888	-12.95101
Nek10	-16.404888	-12.95101
Hmgb1	-9.2589035	-5.8050256
Taf15	-11.861593	-8.407715
Gm6225	-15.018594	-11.564715
Gm38336	-14.79545	-11.341572
Pwp2	-13.919981	-10.466103
Rnf217	-14.207664	-10.753785
Tspan11	-16.404888	-12.95101
Gpank1	-12.821369	-9.367491
Psma6	-10.988788	-7.5349097
Mcc	-14.102303	-10.648424
Rbm28	-11.770159	-8.31628
Prr11	-14.006992	-10.553114
Senp3	-12.415904	-8.962026
Atp13a1	-12.492865	-9.038986
Fbxl3	-11.732059	-8.27818
Glo1	-11.568605	-8.114727
AW146154	-14.102303	-10.648424
Gpr171	-13.696837	-10.242959
1700023H06Rik	-15.306275	-11.852397
Wls	-11.189952	-7.736074
Tpx2	-12.620698	-9.16682
2310030G06Rik	-15.7117405	-12.257862
Qprt	-14.79545	-11.341572
Tmem86a	-11.799718	-8.3458395
Dync2li1	-14.458978	-11.005099
Ffar4	-14.325446	-10.871568
Pou2f2	-10.704444	-7.250566
Npat	-13.037592	-9.583714
St6galnac4	-11.789767	-8.335889
Lpin1	-11.6775	-8.223621
Sel1l	-11.592704	-8.138825
Zfp287	-14.79545	-11.341572
St6gal1	-11.750927	-8.297049
Msmo1	-12.327351	-8.873472
Rps6ka2	-14.458978	-11.005099
Spata2	-12.878528	-9.424649
Nck1	-11.529691	-8.075812
Mpped2	-15.7117405	-12.257862
Mcm9	-13.109051	-9.655172
Inpp5b	-13.313846	-9.859967
Slc40a1	-11.428154	-7.974276
Gm49479	-15.7117405	-12.257862
Mtmr6	-11.499613	-8.045734
Flvcr1	-12.9083805	-9.454502
Tmem87b	-11.552857	-8.098979
Tpra1	-13.186012	-9.732134
Fance	-12.741326	-9.287448
Uqcc3	-11.421281	-7.967403
Mmab	-13.632299	-10.178421
Smox	-12.939152	-9.485273
Cela1	-12.55474	-9.100862
Dhodh	-13.839938	-10.38606
Ppfia1	-12.200195	-8.746317
Dclre1c	-10.997716	-7.543838
Osbpl10	-16.404888	-12.95101
Pidd1	-14.458978	-11.005099
Rbis	-11.2929	-7.839022
Gm19605	-15.7117405	-12.257862
Mecp2	-12.200195	-8.746317
Ints11	-12.620698	-9.16682
Prrc2b	-11.592704	-8.138825
Suv39h1	-12.741326	-9.287448
Nhsl1	-16.404888	-12.95101
Rras2	-12.9083805	-9.454502
Nfatc1	-11.861593	-8.407715
Gm19938	-16.404888	-12.95101
Ccdc74a	-16.404888	-12.95101
Tbc1d2b	-12.397554	-8.943676
Smpd3	-13.514516	-10.060637
Naa60	-11.950541	-8.496662
Scube3	-14.613129	-11.15925
4931431C16Rik	-16.404888	-12.95101
Tfpi	-12.453644	-8.999765
Mcam	-13.76583	-10.311952
Pcnx4	-13.460449	-10.006571
1700109G14Rik	-16.404888	-12.95101
Slc5a6	-14.102303	-10.648424
Zfp78	-15.306275	-11.852397
Smpx	-15.7117405	-12.257862
Fancg	-14.102303	-10.648424
Gatad2a	-11.722756	-8.268878
Cblc	-15.7117405	-12.257862
Sec61b	-9.788822	-6.3349442
9530018F02Rik	-14.613129	-11.15925
Fndc4	-13.313846	-9.859967
Cldn34c1	-13.919981	-10.466103
Ndufs6	-10.6911545	-7.2372766
4930500F10Rik	-16.404888	-12.95101
Ndufaf3	-12.434596	-8.980718
Tmsb15b2	-15.018594	-11.564715
Nalcn	-16.404888	-12.95101
Rab3ip	-13.76583	-10.311952
Ankrd23	-14.79545	-11.341572
Poglut2	-13.919981	-10.466103
Wdr5	-13.360365	-9.9064865
Enox2	-11.809768	-8.355889
Gm4419	-15.7117405	-12.257862
Golim4	-12.741326	-9.287448
Rnf220	-11.998169	-8.544291
Iffo1	-12.415904	-8.962026
Rubcnl	-13.696837	-10.242959
Gm15849	-16.404888	-12.95101
Rlf	-12.310543	-8.856665
1700020D05Rik	-16.404888	-12.95101
Nek8	-15.7117405	-12.257862
Mbip	-12.939152	-9.485273
Gm34655	-16.404888	-12.95101
Mthfd2	-12.246005	-8.792127
Jmjd6	-11.298943	-7.8450646
Iglc2	-12.643687	-9.189809
Alad	-13.360365	-9.9064865
Idua	-12.878528	-9.424649
Cox8b	-16.404888	-12.95101
R74862	-14.458978	-11.005099
Desi2	-12.074155	-8.620276
March7	-11.6090975	-8.155219
Rack1	-8.456856	-5.002978
mt-Nd6	-12.453644	-8.999765
Ccdc69	-13.360365	-9.9064865
Armt1	-13.571674	-10.117796
Adtrp	-16.404888	-12.95101
Mtmr12	-11.695357	-8.241479
Parg	-12.741326	-9.287448
Mbnl2	-10.755914	-7.302036
Arf4	-10.590757	-7.1368794
Gm48681	-15.7117405	-12.257862
Tiam1	-12.2305	-8.776622
2010001A14Rik	-14.458978	-11.005099
Gm48882	-15.306275	-11.852397
Sirt6	-14.207664	-10.753785
Tbck	-12.453644	-8.999765
Lsm1	-12.2305	-8.776622
Foxred1	-13.839938	-10.38606
Bet1	-12.2305	-8.776622
C030034I22Rik	-14.613129	-11.15925
Rap1a	-10.216623	-6.7627454
Smyd3	-13.226834	-9.772956
Arrb2	-10.494091	-7.040213
Rncr4	-16.404888	-12.95101
Armcx1	-15.018594	-11.564715
Gm13373	-15.306275	-11.852397
Kif15	-13.146791	-9.692913
Adcy10	-15.306275	-11.852397
Erbin	-11.245832	-7.7919545
Nipal3	-13.360365	-9.9064865
Psen1	-12.100822	-8.646944
Pbk	-13.146791	-9.692913
Ifi203	-10.383864	-6.9299865
Btbd10	-12.667218	-9.21334
Sult1a1	-10.527152	-7.073274
Zfp950	-12.327351	-8.873472
Tma16	-13.146791	-9.692913
Vipas39	-12.620698	-9.16682
Wnt5a	-15.7117405	-12.257862
Nup50	-12.215233	-8.761354
Ppp2r5e	-12.2305	-8.776622
Rpl32	-7.6937733	-4.239896
Hyls1	-14.458978	-11.005099
Rpgr	-15.306275	-11.852397
Arhgef1	-11.189952	-7.736074
Sspo	-15.7117405	-12.257862
Atp6v1d	-11.484907	-8.031029
Ftsj3	-12.643687	-9.189809
Slc43a3	-14.006992	-10.553114
Mknk1	-11.552857	-8.098979
Nadsyn1	-16.404888	-12.95101
Kbtbd4	-14.006992	-10.553114
Gm42717	-16.404888	-12.95101
Ezh2	-11.916251	-8.462373
Pgap3	-14.613129	-11.15925
Zfp738	-13.003691	-9.549812
Cd82	-11.950541	-8.496662
Ch25h	-13.919981	-10.466103
Rps12	-7.582123	-4.1282454
Gm35696	-16.404888	-12.95101
Apobr	-12.215233	-8.761354
Hs3st3b1	-14.79545	-11.341572
Gm26558	-16.404888	-12.95101
Ankrd66	-15.306275	-11.852397
Mbnl3	-15.7117405	-12.257862
Mtx3	-14.207664	-10.753785
Bmyc	-11.335983	-7.8821054
Cecr2	-15.018594	-11.564715
Nfxl1	-11.442043	-7.9881654
Hcrtr2	-16.404888	-12.95101
Gm11973	-15.306275	-11.852397
Gm31597	-15.018594	-11.564715
Slc25a28	-11.950541	-8.496662
Fbxo38	-12.576246	-9.122368
Scand1	-10.293421	-6.839543
Chadl	-16.404888	-12.95101
Rabl6	-11.66869	-8.214811
Serbp1	-9.712804	-6.258926
Rrp8	-12.79397	-9.340092
Spag7	-11.5373535	-8.083475
9930004E17Rik	-15.7117405	-12.257862
Rgs16	-16.404888	-12.95101
Hoxb2	-15.7117405	-12.257862
Ripor1	-13.226834	-9.772956
Fen1	-12.767302	-9.313423
H1f0	-11.894029	-8.44015
Zfp710	-11.251596	-7.7977185
Msl3l2	-15.018594	-11.564715
Ctbs	-12.620698	-9.16682
Gm7072	-12.643687	-9.189809
Cish	-13.313846	-9.859967
Hps1	-13.146791	-9.692913
Ammecr1	-13.839938	-10.38606
Vwf	-13.186012	-9.732134
Trpm2	-13.226834	-9.772956
Tm7sf2	-14.325446	-10.871568
Slc4a11	-16.404888	-12.95101
Gm14326	-14.325446	-10.871568
Eaf2	-14.79545	-11.341572
Irs2	-11.414455	-7.9605775
Nvl	-12.397554	-8.943676
Wdcp	-14.006992	-10.553114
C4b	-10.454246	-7.0003676
Crbn	-13.037592	-9.583714
Gm44258	-15.7117405	-12.257862
Hid1	-15.7117405	-12.257862
Aff1	-11.477634	-8.023756
Mucl1	-16.404888	-12.95101
P2ry6	-10.578888	-7.12501
Layn	-13.409156	-9.955277
Sh3yl1	-15.7117405	-12.257862
1810013L24Rik	-12.261753	-8.807875
Adamtsl4	-14.006992	-10.553114
Rhot2	-12.9083805	-9.454502
Dbf4	-12.741326	-9.287448
2810402E24Rik	-13.146791	-9.692913
Hist1h3e	-13.514516	-10.060637
Polr1a	-13.514516	-10.060637
Plxnc1	-11.950541	-8.496662
Pus7	-13.696837	-10.242959
Ncbp2	-11.830176	-8.376298
Mtus2	-14.102303	-10.648424
Tlr3	-12.821369	-9.367491
Zfp580	-14.207664	-10.753785
B4galt4	-13.571674	-10.117796
Nipbl	-10.561343	-7.1074653
Arhgef11	-13.146791	-9.692913
Ccnb1	-14.006992	-10.553114
Nup205	-13.072683	-9.618805
Chst15	-14.207664	-10.753785
Alkbh2	-13.003691	-9.549812
Tcim	-13.269394	-9.8155155
Map3k14	-12.767302	-9.313423
Ppfibp2	-12.215233	-8.761354
Nlk	-12.643687	-9.189809
Fam110b	-13.226834	-9.772956
Lurap1	-15.7117405	-12.257862
Copg2	-12.691316	-9.237437
Eif3c	-10.252155	-6.7982774
Pptc7	-12.434596	-8.980718
Hk3	-12.170781	-8.716903
Gm10130	-14.613129	-11.15925
Odc1	-11.927551	-8.473673
5330439K02Rik	-14.207664	-10.753785
Arhgap27os3	-15.306275	-11.852397
Zfp58	-14.79545	-11.341572
Zmynd10	-16.404888	-12.95101
Gm32089	-15.306275	-11.852397
Pard6a	-13.76583	-10.311952
Mettl21a	-13.571674	-10.117796
Ppp1r9b	-11.10657	-7.6526923
D430020J02Rik	-14.79545	-11.341572
Arl13b	-12.2305	-8.776622
Gimap6	-12.215233	-8.761354
Ascc3	-11.651298	-8.197419
Hoxa2	-16.404888	-12.95101
Mmp28	-16.404888	-12.95101
Gm15537	-16.404888	-12.95101
Taok2	-12.200195	-8.746317
Zfp57	-16.404888	-12.95101
Mrm3	-14.325446	-10.871568
Xpo1	-11.799718	-8.3458395
Kdelr1	-11.077011	-7.623133
Immp2l	-13.003691	-9.549812
Il5ra	-15.7117405	-12.257862
Hnrnpc	-10.472643	-7.018765
Gm15867	-16.404888	-12.95101
Arl4d	-12.453644	-8.999765
Arf1	-10.08953	-6.635652
Slc13a2	-14.613129	-11.15925
Nkapl	-15.018594	-11.564715
Wdr11	-12.492865	-9.038986
Usp45	-12.344445	-8.890567
Sphk1	-16.404888	-12.95101
Wdfy4	-11.5373535	-8.083475
Shld3	-14.613129	-11.15925
Slu7	-11.799718	-8.3458395
Akap8l	-11.8831	-8.429221
5330417C22Rik	-16.404888	-12.95101
Cops8	-12.142208	-8.68833
Dnmt1	-11.686389	-8.232511
Exoc3l4	-15.306275	-11.852397
Steap2	-16.404888	-12.95101
4833420G17Rik	-12.277753	-8.823874
Cd27	-13.632299	-10.178421
Tmed10	-9.926378	-6.4725003
Mycl	-14.102303	-10.648424
Map3k15	-14.613129	-11.15925
Atp6v0d1	-10.975542	-7.521664
Vav2	-12.533687	-9.079808
Rplp0	-8.080066	-4.6261883
Dact3	-13.839938	-10.38606
Cd209g	-10.524355	-7.070477
Ppp4r4	-15.7117405	-12.257862
Elmsan1	-11.686389	-8.232511
Rgs5	-13.146791	-9.692913
Lonp1	-12.598226	-9.144347
E130018N17Rik	-16.404888	-12.95101
Tas2r143	-16.404888	-12.95101
E030030I06Rik	-14.613129	-11.15925
Gm26782	-13.037592	-9.583714
Vsig10	-14.79545	-11.341572
Cpsf2	-11.600866	-8.146988
4930599N23Rik	-14.79545	-11.341572
Pank1	-12.643687	-9.189809
Dhx15	-10.936828	-7.4829497
Krt4	-15.306275	-11.852397
Cox7b	-10.115172	-6.6612945
Exoc3	-11.305021	-7.8511434
Rps8	-7.493492	-4.0396147
Gm5122	-16.404888	-12.95101
Trib3	-15.7117405	-12.257862
Bcas3	-13.146791	-9.692913
Uqcrc1	-11.189952	-7.736074
Itgb1bp1	-12.215233	-8.761354
Ushbp1	-14.102303	-10.648424
Med13	-11.342293	-7.888415
Ccl25	-13.632299	-10.178421
Tmem158	-13.226834	-9.772956
Amt	-15.306275	-11.852397
Gbe1	-13.460449	-10.006571
Ptprj	-10.701105	-7.247227
Fxyd2	-10.045314	-6.591436
Olfr545	-16.404888	-12.95101
Ppp1r3d	-16.404888	-12.95101
Tnnt1	-13.76583	-10.311952
Cnst	-13.460449	-10.006571
Csnk2b	-11.317291	-7.8634133
4930578M01Rik	-14.006992	-10.553114
Majin	-16.404888	-12.95101
Tpm3	-9.480275	-6.026397
Zswim1	-15.018594	-11.564715
Gas2	-16.404888	-12.95101
Castor1	-13.514516	-10.060637
1700122E12Rik	-14.613129	-11.15925
Zmat2	-11.121684	-7.667806
Chst12	-12.55474	-9.100862
Cdk5	-12.939152	-9.485273
Barhl1	-16.404888	-12.95101
Ddx11	-14.79545	-11.341572
St7	-13.919981	-10.466103
Slc12a9	-12.821369	-9.367491
Camkk2	-11.809768	-8.355889
Golgb1	-11.435075	-7.981197
Sil1	-12.379536	-8.925657
Smtn	-12.939152	-9.485273
Tob2	-10.194287	-6.7404094
Pold1	-13.003691	-9.549812
Pld2	-12.294014	-8.840136
Pcsk5	-15.018594	-11.564715
Pitpnc1	-11.651298	-8.197419
Gm16201	-15.018594	-11.564715
Ankrd28	-15.306275	-11.852397
Rpl27a	-7.733429	-4.2795515
Cxcl9	-15.7117405	-12.257862
AC121792.1	-16.404888	-12.95101
Cog4	-12.741326	-9.287448
Cplane1	-13.186012	-9.732134
Gm47438	-15.306275	-11.852397
Commd1	-11.067349	-7.6134715
Lamtor4	-10.258558	-6.8046803
Cep44	-13.514516	-10.060637
Hectd1	-11.126773	-7.672895
Gm32856	-15.306275	-11.852397
Gfm1	-13.146791	-9.692913
Dlg3	-14.79545	-11.341572
Ly6c2	-14.79545	-11.341572
Got1	-10.844206	-7.390328
Tarm1	-15.7117405	-12.257862
Tmem144	-13.313846	-9.859967
Pisd	-11.851011	-8.397133
Nphp3	-13.839938	-10.38606
Unc5c	-15.306275	-11.852397
Hebp2	-14.207664	-10.753785
Pcmt1	-11.442043	-7.9881654
Nfx1	-12.0873995	-8.633521
Cxcr2	-16.404888	-12.95101
Nr2c2	-12.170781	-8.716903
Actr10	-11.659956	-8.206078
Slc25a14	-13.839938	-10.38606
Bola1	-12.142208	-8.68833
Zfp703	-11.442043	-7.9881654
Parvb	-11.916251	-8.462373
Mmp12	-11.211931	-7.7580533
Gpr27	-16.404888	-12.95101
Wdr6	-14.102303	-10.648424
Slc35c1	-13.072683	-9.618805
Nrd1	-11.552857	-8.098979
Pithd1	-12.453644	-8.999765
Pcdhga7	-15.7117405	-12.257862
Stk26	-15.306275	-11.852397
Mfhas1	-11.522086	-8.068208
Trir	-10.5967455	-7.1428676
Synm	-15.7117405	-12.257862
Prkg1	-14.79545	-11.341572
4921536K21Rik	-16.404888	-12.95101
Oxld1	-13.696837	-10.242959
Nelfe	-12.246005	-8.792127
C9orf72	-13.109051	-9.655172
Plk3	-12.415904	-8.962026
Btbd2	-12.4730625	-9.019184
Tmed5	-10.859711	-7.405833
Syce2	-12.453644	-8.999765
Pkp4	-11.872289	-8.41841
Mrm1	-14.102303	-10.648424
Tmem87a	-13.186012	-9.732134
Rab26os	-13.919981	-10.466103
Nagpa	-12.1282215	-8.674343
Nadk	-11.274989	-7.821111
Hdhd2	-12.84954	-9.395661
Ube2k	-11.298943	-7.8450646
Mpzl1	-14.102303	-10.648424
Fam57b	-16.404888	-12.95101
Gm15880	-16.404888	-12.95101
Relt	-12.643687	-9.189809
Rps18	-8.042479	-4.5886006
Eif2ak3	-12.667218	-9.21334
Gm15533	-15.7117405	-12.257862
Atr	-13.186012	-9.732134
Fam3a	-12.691316	-9.237437
Ppil6	-15.7117405	-12.257862
Spon1	-14.102303	-10.648424
Smagp	-10.38144	-6.927562
Ptms	-9.679853	-6.225976
Wfdc21	-15.306275	-11.852397
Zmym3	-13.072683	-9.618805
Gm28523	-16.404888	-12.95101
Hspa1b	-10.784487	-7.330609
Cep131	-14.79545	-11.341572
D030056L22Rik	-13.003691	-9.549812
Zfp143	-12.821369	-9.367491
Tspan6	-14.79545	-11.341572
Abcc12	-16.404888	-12.95101
Pxdc1	-11.642714	-8.188835
Phkb	-13.186012	-9.732134
Gdpd3	-10.260702	-6.806824
Xab2	-12.513067	-9.059189
Mtch1	-10.810176	-7.356298
AA465934	-15.7117405	-12.257862
Ssc5d	-15.7117405	-12.257862
Creg2	-15.018594	-11.564715
Gm5544	-16.404888	-12.95101
Dtnb	-14.006992	-10.553114
Gne	-14.207664	-10.753785
Kifc2	-15.7117405	-12.257862
Rpl37a	-7.3492146	-3.895337
Spem1	-15.7117405	-12.257862
Gpr108	-12.200195	-8.746317
Gmip	-11.5607	-8.106822
Sod1	-10.614927	-7.1610494
Rnd1	-14.79545	-11.341572
Cdc23	-13.146791	-9.692913
Trim25	-10.941056	-7.4871783
Slc9a1	-12.821369	-9.367491
Traf6	-13.313846	-9.859967
Gm10644	-16.404888	-12.95101
Zc3hc1	-12.939152	-9.485273
Morf4l1	-9.585963	-6.132086
Vgll4	-11.872289	-8.41841
Dpp3	-12.0228615	-8.568983
Itgae	-14.207664	-10.753785
Txnl4b	-14.458978	-11.005099
Mfsd11	-11.05303	-7.599152
Ino80e	-12.1282215	-8.674343
Gmpr2	-12.100822	-8.646944
Dffb	-14.458978	-11.005099
Hdgf	-10.773676	-7.319798
Taf8	-13.226834	-9.772956
Nr3c1	-10.593747	-7.139869
Fuz	-13.919981	-10.466103
Bcl2	-12.361836	-8.907958
Pls3	-12.415904	-8.962026
Arhgef2	-11.305021	-7.8511434
Numa1	-11.463245	-8.009367
Traf2	-13.072683	-9.618805
Lingo1	-16.404888	-12.95101
Ccp110	-13.514516	-10.060637
Pstk	-13.360365	-9.9064865
Rab3gap2	-11.927551	-8.473673
Zfp40	-13.839938	-10.38606
Nol4l	-13.696837	-10.242959
Hist1h2bm	-14.458978	-11.005099
Chrnb1	-15.7117405	-12.257862
Dip2a	-13.76583	-10.311952
Dnal4	-12.9083805	-9.454502
Xrra1	-16.404888	-12.95101
Agl	-12.970901	-9.517022
Nrros	-10.311318	-6.8574405
Zfp354c	-15.306275	-11.852397
Tbl2	-13.919981	-10.466103
Btg1	-9.727804	-6.2739263
Mical2	-12.598226	-9.144347
Gpr89	-13.072683	-9.618805
Cox18	-13.409156	-9.955277
Zdhhc16	-13.226834	-9.772956
Hnrnpa0	-10.575942	-7.122064
Gorab	-14.006992	-10.553114
Riiad1	-16.404888	-12.95101
Peak1os	-14.006992	-10.553114
Gmfb	-11.463245	-8.009367
Camk2n1	-13.514516	-10.060637
Pcolce	-13.514516	-10.060637
Tut4	-10.988788	-7.5349097
Magee1	-14.458978	-11.005099
Exoc7	-12.415904	-8.962026
Dock9	-14.325446	-10.871568
Rexo2	-11.072169	-7.6182914
Tmem236	-15.306275	-11.852397
Wfdc18	-14.207664	-10.753785
Ppm1n	-13.226834	-9.772956
Tmem69	-14.325446	-10.871568
Fes	-11.152615	-7.6987367
Rilpl2	-11.799718	-8.3458395
Gm9885	-16.404888	-12.95101
Sirt2	-11.217502	-7.7636237
Zc3h14	-12.2305	-8.776622
Arhgef6	-10.949567	-7.495689
Vps13b	-11.704408	-8.250529
Nthl1	-13.839938	-10.38606
Arf5	-9.87401	-6.420132
Zfp14	-14.613129	-11.15925
Ajm1	-15.7117405	-12.257862
Ilk	-10.984353	-7.530475
Ikbke	-14.458978	-11.005099
4930426I24Rik	-15.306275	-11.852397
Cep112it	-16.404888	-12.95101
Tyw3	-14.79545	-11.341572
Mgat4b	-11.974071	-8.520192
Actg2	-13.571674	-10.117796
Abl2	-12.156392	-8.702514
Ptk2	-12.513067	-9.059189
Itga8	-12.434596	-8.980718
Apc	-11.442043	-7.9881654
Adprhl2	-12.84954	-9.395661
Gpsm3	-10.979938	-7.5260596
Trem3	-15.7117405	-12.257862
Gm28499	-16.404888	-12.95101
Gtsf1	-16.404888	-12.95101
Gm16299	-16.404888	-12.95101
Wee1	-12.397554	-8.943676
Rgs12	-13.839938	-10.38606
Ncf2	-10.469994	-7.0161157
Spast	-12.048179	-8.5943
Pdgfra	-16.404888	-12.95101
Snrnp48	-12.100822	-8.646944
Fgf2	-14.458978	-11.005099
Tmem202	-14.79545	-11.341572
Coro1c	-11.121684	-7.667806
Chrac1	-11.355032	-7.901154
Gm20939	-15.306275	-11.852397
Trappc6a	-11.44906	-7.9951825
Extl2	-13.919981	-10.466103
B4galt3	-13.003691	-9.549812
Pfkfb4	-12.434596	-8.980718
Tspo	-9.843857	-6.389979
Colgalt2	-16.404888	-12.95101
Pex11b	-12.691316	-9.237437
Bri3bp	-12.492865	-9.038986
Mettl26	-12.878528	-9.424649
Ctnnbl1	-12.397554	-8.943676
Fip1l1	-11.463245	-8.009367
Fam20b	-12.513067	-9.059189
Ttc30b	-14.613129	-11.15925
Cdkn2c	-12.061082	-8.6072035
Dusp6	-10.903629	-7.4497514
Cox14	-10.795416	-7.341538
Pan3	-11.552857	-8.098979
Hbb-bs	-13.76583	-10.311952
Cenpe	-12.361836	-8.907958
Ldha	-10.43618	-6.982302
Atf3	-8.898295	-5.444418
Gtpbp8	-13.514516	-10.060637
Dlg5	-15.306275	-11.852397
Mgmt	-13.146791	-9.692913
Ccdc155	-16.404888	-12.95101
Lgals3	-9.891658	-6.43778
Lmf2	-12.453644	-8.999765
Uevld	-13.360365	-9.9064865
Tigd5	-15.7117405	-12.257862
Tirap	-13.360365	-9.9064865
Pqbp1	-11.950541	-8.496662
Echdc2	-15.306275	-11.852397
Gga3	-12.741326	-9.287448
Rpl7l1	-11.492233	-8.038355
Fam118a	-11.938979	-8.485101
Olfr1124	-15.7117405	-12.257862
Rpl18	-8.276893	-4.8230147
Rasa2	-12.533687	-9.079808
Sf3b4	-12.061082	-8.6072035
Mosmo	-12.598226	-9.144347
Trib2	-16.404888	-12.95101
Mgat5	-12.716008	-9.26213
Dexi	-13.571674	-10.117796
Atp9a	-15.7117405	-12.257862
Plin4	-14.613129	-11.15925
Igtp	-12.415904	-8.962026
Rab35	-11.492233	-8.038355
Rad23b	-11.381007	-7.9271293
Egfl8	-14.325446	-10.871568
Snhg4	-13.839938	-10.38606
Stamos	-15.306275	-11.852397
Cd200r1	-11.998169	-8.544291
Tbc1d19	-14.207664	-10.753785
Hsd17b11	-11.342293	-7.888415
Tcrg-C2	-16.404888	-12.95101
Topors	-11.421281	-7.967403
Pdgfb	-12.667218	-9.21334
Mri1	-12.878528	-9.424649
Gm26676	-15.7117405	-12.257862
Gm7967	-14.79545	-11.341572
Zfp846	-13.839938	-10.38606
Klhl5	-11.916251	-8.462373
Tmcc1	-10.302329	-6.848451
Tspan8	-16.404888	-12.95101
Gm46404	-16.404888	-12.95101
Hist1h2bg	-16.404888	-12.95101
H2-T23	-10.293421	-6.839543
Ndrg3	-12.716008	-9.26213
Tmed1	-12.576246	-9.122368
Tpst1	-12.84954	-9.395661
Rrp9	-13.269394	-9.8155155
Fgd3	-12.397554	-8.943676
Trim46	-15.306275	-11.852397
4833439L19Rik	-12.344445	-8.890567
Sipa1l2	-12.79397	-9.340092
Car8	-15.306275	-11.852397
Gm13814	-16.404888	-12.95101
Colgalt1	-10.825158	-7.37128
Il18rap	-14.325446	-10.871568
Sept2	-12.970901	-9.517022
Chst1	-13.919981	-10.466103
Ttll12	-13.313846	-9.859967
Efcab7	-16.404888	-12.95101
Pf4	-7.2910576	-3.8371801
Nipsnap1	-14.207664	-10.753785
Kcne4	-16.404888	-12.95101
Fads6	-15.306275	-11.852397
Gpr162	-15.7117405	-12.257862
Serinc1	-10.96247	-7.508592
Map3k5	-12.310543	-8.856665
Gadd45gip1	-12.048179	-8.5943
Brca2	-13.269394	-9.8155155
Ccdc141	-14.613129	-11.15925
Maoa	-11.732059	-8.27818
Slc7a8	-11.26909	-7.815212
9330102E08Rik	-16.404888	-12.95101
Ap1s1	-11.799718	-8.3458395
Zfpm1	-14.613129	-11.15925
Rnf181	-12.939152	-9.485273
Romo1	-10.4059515	-6.9520736
Ctbp1	-11.263225	-7.8093467
Serpinf1	-11.2231045	-7.7692266
Hist1h1a	-13.571674	-10.117796
Gm4070	-12.9083805	-9.454502
Ccni	-11.286894	-7.833016
Eno3	-13.514516	-10.060637
Ssx2ip	-13.269394	-9.8155155
Rgs3	-12.821369	-9.367491
Usp30	-13.571674	-10.117796
Zfp707	-15.018594	-11.564715
Uvssa	-12.741326	-9.287448
Hamp	-16.404888	-12.95101
Ccdc71l	-12.434596	-8.980718
Bri3	-9.563272	-6.1093946
Zcchc10	-13.109051	-9.655172
Gata6	-15.018594	-11.564715
Gm9796	-15.7117405	-12.257862
Nuak2	-11.732059	-8.27818
Arhgef3	-11.002211	-7.5483327
Mon1a	-13.226834	-9.772956
Lipe	-12.344445	-8.890567
Vegfa	-15.018594	-11.564715
Gcat	-13.696837	-10.242959
Car15	-15.7117405	-12.257862
Hgh1	-14.613129	-11.15925
Slc25a15	-14.325446	-10.871568
Gm15672	-15.7117405	-12.257862
Fbxo6	-12.821369	-9.367491
Iscu	-11.286894	-7.833016
Prr5	-12.84954	-9.395661
Olfr77	-16.404888	-12.95101
Rcc1	-12.970901	-9.517022
Mcm6	-12.0873995	-8.633521
Sgcg	-15.7117405	-12.257862
Map4k5	-12.9083805	-9.454502
Fuca2	-12.598226	-9.144347
Cd19	-14.613129	-11.15925
A230083N12Rik	-15.7117405	-12.257862
Ppp1r18	-10.661884	-7.2080064
Cfb	-12.4730625	-9.019184
Crkl	-12.598226	-9.144347
B230354K17Rik	-13.839938	-10.38606
Clgn	-14.458978	-11.005099
Nubpl	-13.839938	-10.38606
Atxn10	-12.010439	-8.5565605
Cbx5	-11.950541	-8.496662
Cuta	-10.813901	-7.360023
Lyrm4	-13.696837	-10.242959
Gm49741	-15.7117405	-12.257862
Nedd1	-13.109051	-9.655172
Srpx	-16.404888	-12.95101
Ogdh	-11.228738	-7.77486
Tnni2	-12.84954	-9.395661
Pnpt1	-13.003691	-9.549812
Acbd6	-11.938979	-8.485101
Srsf9	-10.810176	-7.356298
Tmod2	-15.7117405	-12.257862
Ppp6r1	-11.66869	-8.214811
Gm15342	-16.404888	-12.95101
Rnf114	-11.938979	-8.485101
C8g	-15.7117405	-12.257862
Rbm7	-11.760497	-8.306619
Gm45250	-15.018594	-11.564715
Parp3	-12.620698	-9.16682
Trem2	-10.717913	-7.2640347
Zfp597	-13.003691	-9.549812
9130024F11Rik	-16.404888	-12.95101
Ndufc2	-10.420952	-6.967074
Esr1	-13.632299	-10.178421
Apoc4	-15.7117405	-12.257862
Samd10	-15.018594	-11.564715
Svil	-11.6775	-8.223621
Zfp52	-12.716008	-9.26213
Rpl7	-8.210935	-4.7570567
Mrpl33	-10.331843	-6.8779655
Pwp1	-12.620698	-9.16682
Ccdc163	-13.072683	-9.618805
Rnf135	-12.878528	-9.424649
Rab31	-11.111583	-7.657705
Gm42869	-15.018594	-11.564715
Birc2	-12.156392	-8.702514
Rsl1	-13.919981	-10.466103
Pkd1l2	-14.79545	-11.341572
M1ap	-15.7117405	-12.257862
Dip2c	-12.84954	-9.395661
Btnl1	-16.404888	-12.95101
Spata33	-16.404888	-12.95101
Nr2c2ap	-12.492865	-9.038986
Pigz	-12.79397	-9.340092
Eral1	-13.76583	-10.311952
Cenpi	-15.7117405	-12.257862
Rel	-10.379022	-6.9251437
Slc46a3	-12.939152	-9.485273
Phb2	-11.13703	-7.6831517
Star	-14.79545	-11.341572
2700038G22Rik	-14.102303	-10.648424
Smarca2	-11.37445	-7.920572
Vps35	-10.728134	-7.274256
Foxc2	-15.018594	-11.564715
Klre1	-15.306275	-11.852397
Ubxn6	-11.819921	-8.366042
Card9	-13.360365	-9.9064865
Zkscan4	-15.7117405	-12.257862
Mettl1	-12.741326	-9.287448
Vhl	-13.146791	-9.692913
Laptm4b	-13.839938	-10.38606
Rab42	-15.018594	-11.564715
Itgb2	-10.649145	-7.195267
6720489N17Rik	-14.207664	-10.753785
Poglut3	-12.261753	-8.807875
Snrpf	-10.320388	-6.86651
Ccr1	-12.010439	-8.5565605
Ttll7	-14.79545	-11.341572
Naif1	-14.006992	-10.553114
Rhoh	-12.576246	-9.122368
Cdiptos	-13.632299	-10.178421
CAAA01118383.1	-12.061082	-8.6072035
Gm13381	-15.7117405	-12.257862
Taco1	-15.306275	-11.852397
Rab28	-12.4730625	-9.019184
Caskin2	-15.306275	-11.852397
1110038F14Rik	-11.779915	-8.326036
4932422M17Rik	-16.404888	-12.95101
Cenpw	-13.146791	-9.692913
Rab8a	-11.463245	-8.009367
Pcbd1	-16.404888	-12.95101
Zfand4	-15.7117405	-12.257862
Ing1	-11.355032	-7.901154
Erf	-12.294014	-8.840136
Dnhd1	-14.006992	-10.553114
Topbp1	-12.010439	-8.5565605
Prpf38a	-12.344445	-8.890567
Zfp869	-11.938979	-8.485101
Pfdn5	-9.280409	-5.8265314
5830428M24Rik	-15.306275	-11.852397
Cask	-12.1282215	-8.674343
Olfm1	-11.6090975	-8.155219
Vsir	-10.262851	-6.808973
Xrcc2	-15.018594	-11.564715
Adck5	-12.821369	-9.367491
Pm20d2	-15.7117405	-12.257862
Rnf128	-15.7117405	-12.257862
Ecscr	-14.207664	-10.753785
Ttpal	-12.716008	-9.26213
Notch2	-11.2929	-7.839022
Syn3	-16.404888	-12.95101
Gm43560	-15.018594	-11.564715
Pygl	-13.571674	-10.117796
Gipc2	-16.404888	-12.95101
Ticam2	-12.156392	-8.702514
Spindoc	-13.460449	-10.006571
Atp8b5	-13.696837	-10.242959
Gm16196	-14.458978	-11.005099
Zkscan14	-13.919981	-10.466103
Fmn1	-13.072683	-9.618805
Pno1	-12.741326	-9.287448
Gm43581	-15.018594	-11.564715
Vdac3	-11.043595	-7.5897174
B230219D22Rik	-11.101583	-7.6477046
Lnpk	-13.109051	-9.655172
Kcnk10	-16.404888	-12.95101
Smad2	-11.861593	-8.407715
Urm1	-12.277753	-8.823874
Ccnb2	-12.598226	-9.144347
Mrpl9	-12.294014	-8.840136
Myo1g	-11.750927	-8.297049
Zfp189	-14.613129	-11.15925
Borcs8	-12.215233	-8.761354
Uqcrq	-9.998008	-6.54413
H6pd	-12.767302	-9.313423
Tusc3	-12.643687	-9.189809
Psmd12	-11.428154	-7.974276
Lrwd1	-12.878528	-9.424649
Pan2	-13.226834	-9.772956
D5Ertd605e	-15.306275	-11.852397
Med17	-12.294014	-8.840136
Ttc7	-11.414455	-7.9605775
Nop58	-11.348642	-7.8947644
Haus2	-13.109051	-9.655172
Eif1ad	-12.643687	-9.189809
Neat1	-8.846892	-5.393015
Tmem185a	-13.460449	-10.006571
Wdr13	-12.261753	-8.807875
Zmym5	-11.861593	-8.407715
Ift20	-11.240102	-7.786224
Snrnp35	-13.146791	-9.692913
Gm47512	-16.404888	-12.95101
Sh2d4b	-15.306275	-11.852397
Gm37494	-11.686389	-8.232511
Dcun1d1	-12.492865	-9.038986
Dcaf12	-11.499613	-8.045734
Ppp1ca	-10.038417	-6.584539
Dmxl2	-13.226834	-9.772956
Tmem201	-13.919981	-10.466103
Gm20682	-15.306275	-11.852397
Zfp809	-13.037592	-9.583714
mt-Co1	-6.8469934	-3.393116
Pih1d1	-11.722756	-8.268878
Scimp	-12.215233	-8.761354
1110008P14Rik	-12.344445	-8.890567
Mtor	-13.269394	-9.8155155
Trim30a	-10.887435	-7.433557
Pde4a	-12.716008	-9.26213
Efna1	-15.306275	-11.852397
Zfp647	-15.018594	-11.564715
Mtmr4	-13.313846	-9.859967
Med28	-11.126773	-7.672895
Washc1	-12.1144285	-8.66055
Dicer1	-12.277753	-8.823874
Ptgr2	-12.261753	-8.807875
Avpi1	-12.4730625	-9.019184
Psmc3	-10.871498	-7.41762
Sh3d21	-14.613129	-11.15925
Ddhd1	-12.492865	-9.038986
Bicd2	-12.0354395	-8.581561
Gypc	-12.741326	-9.287448
Hic1	-16.404888	-12.95101
Zfp365	-16.404888	-12.95101
Sf3a1	-12.294014	-8.840136
BC049352	-13.360365	-9.9064865
Ciao2a	-11.400942	-7.947064
Amigo1	-13.460449	-10.006571
Gp5	-15.7117405	-12.257862
Poc5	-13.360365	-9.9064865
Spsb4	-15.7117405	-12.257862
Hist1h2ac	-14.613129	-11.15925
Dnajc30	-13.003691	-9.549812
Fcor	-14.458978	-11.005099
Gm11967	-16.404888	-12.95101
Mgat4a	-12.215233	-8.761354
Zfp563	-14.613129	-11.15925
Ankrd26	-13.313846	-9.859967
Ncdn	-13.839938	-10.38606
Gm49077	-14.79545	-11.341572
Gm13822	-14.613129	-11.15925
Tomm22	-10.735006	-7.2811284
Milr1	-11.387608	-7.9337296
Etf1	-11.20639	-7.7525125
Kif11	-12.453644	-8.999765
2010310C07Rik	-15.306275	-11.852397
Atg4d	-13.003691	-9.549812
Zfp54	-15.018594	-11.564715
Slc17a7	-15.7117405	-12.257862
ETV3L	-16.404888	-12.95101
Cep170	-11.200881	-7.747003
Rgl3	-13.514516	-10.060637
Scn1b	-12.0228615	-8.568983
Mfsd7a	-13.696837	-10.242959
Bcl2a1b	-10.871498	-7.41762
Acot4	-16.404888	-12.95101
Tbxa2r	-16.404888	-12.95101
Eif3i	-10.741927	-7.288049
Fra10ac1	-13.037592	-9.583714
Hist1h1d	-13.632299	-10.178421
Sntg2	-14.79545	-11.341572
Thap3	-12.246005	-8.792127
Cd300e	-15.7117405	-12.257862
Dpp7	-11.916251	-8.462373
Dzip1	-15.306275	-11.852397
Rftn2	-14.102303	-10.648424
Camk2b	-14.613129	-11.15925
Rnf38	-12.513067	-9.059189
Tmem254a	-16.404888	-12.95101
Gm31718	-14.207664	-10.753785
Mib2	-13.269394	-9.8155155
Ywhab	-10.214572	-6.760694
Atg4c	-13.226834	-9.772956
Guk1	-11.634203	-8.180325
Rps16	-7.7194715	-4.265594
Map4k3	-13.146791	-9.692913
Ier2	-9.647955	-6.1940775
Zfp874a	-13.839938	-10.38606
Lockd	-12.691316	-9.237437
Fam241a	-13.514516	-10.060637
Cdkn3	-13.460449	-10.006571
Clmp	-12.939152	-9.485273
Ltbp1	-13.839938	-10.38606
2310001H17Rik	-12.84954	-9.395661
Gstt1	-14.325446	-10.871568
Adgrg3	-16.404888	-12.95101
Slc25a35	-16.404888	-12.95101
Muc6	-15.7117405	-12.257862
Ankrd37	-14.102303	-10.648424
1700016J18Rik	-16.404888	-12.95101
Hist1h3g	-16.404888	-12.95101
Phtf2	-13.072683	-9.618805
Pex3	-12.643687	-9.189809
Dact1	-15.306275	-11.852397
Tagap	-11.37445	-7.920572
Gnl3	-11.617396	-8.163518
Lax1	-15.7117405	-12.257862
Arhgap10	-12.010439	-8.5565605
Uchl5	-12.0228615	-8.568983
5430427O19Rik	-13.186012	-9.732134
Mterf4	-13.919981	-10.466103
2810429I04Rik	-16.404888	-12.95101
Mtf2	-12.379536	-8.925657
Mettl16	-12.741326	-9.287448
Gm50217	-16.404888	-12.95101
Gspt2	-15.306275	-11.852397
Harbi1	-14.325446	-10.871568
Sdccag8	-12.533687	-9.079808
Metap1d	-13.360365	-9.9064865
Ptpmt1	-11.704408	-8.250529
Ikzf3	-15.306275	-11.852397
Zswim3	-14.458978	-11.005099
Wdr43	-12.061082	-8.6072035
Psma3	-10.573006	-7.1191278
Gm5475	-15.306275	-11.852397
Mthfd1l	-13.696837	-10.242959
Gpd1	-15.306275	-11.852397
Gm26542	-14.325446	-10.871568
Tomm20	-10.575942	-7.122064
Tmem126b	-12.821369	-9.367491
Kctd6	-13.146791	-9.692913
Foxj1	-15.306275	-11.852397
Mettl14	-13.186012	-9.732134
Sema3e	-16.404888	-12.95101
Atp1b4	-15.018594	-11.564715
Aar2	-13.037592	-9.583714
Yipf6	-12.84954	-9.395661
Tob1	-10.802769	-7.348891
Nfkbid	-10.578888	-7.12501
Ppp1r13l	-15.306275	-11.852397
Zfp110	-13.003691	-9.549812
Cxxc5	-12.79397	-9.340092
Hes1	-11.463245	-8.009367
Pcdhgb5	-15.7117405	-12.257862
Gm49041	-13.226834	-9.772956
Gm13056	-15.306275	-11.852397
Prkce	-13.109051	-9.655172
Atg10	-12.821369	-9.367491
Srek1ip1	-11.938979	-8.485101
Cdc25c	-15.7117405	-12.257862
Thoc7	-11.37445	-7.920572
Pdgfd	-15.306275	-11.852397
Gucy2c	-15.306275	-11.852397
Fut11	-12.142208	-8.68833
Ttc27	-13.839938	-10.38606
Mtbp	-14.613129	-11.15925
Gm47121	-16.404888	-12.95101
Cd274	-14.102303	-10.648424
Xlr	-11.499613	-8.045734
Csrp1	-11.116621	-7.662743
Abhd8	-13.146791	-9.692913
Sox30	-16.404888	-12.95101
Styx	-13.313846	-9.859967
Hsd17b13	-15.306275	-11.852397
Supt6	-11.584606	-8.130728
R3hcc1	-13.003691	-9.549812
Uba2	-11.545075	-8.091197
Aebp1	-12.79397	-9.340092
Olfr1033	-14.79545	-11.341572
Poglut1	-12.667218	-9.21334
Wdr20	-12.84954	-9.395661
Catip	-14.207664	-10.753785
Elf4	-12.2305	-8.776622
Dysf	-16.404888	-12.95101
Pdcd11	-12.0873995	-8.633521
Gemin2	-13.360365	-9.9064865
Gm29170	-14.458978	-11.005099
Dbr1	-13.269394	-9.8155155
Timm22	-12.142208	-8.68833
Atp2b1	-9.221017	-5.767139
Man1b1	-12.453644	-8.999765
Ccrl2	-12.215233	-8.761354
Wfikkn1	-15.7117405	-12.257862
Calhm2	-12.667218	-9.21334
Pkn1	-10.941056	-7.4871783
Wdr86	-16.404888	-12.95101
Adcy9	-12.716008	-9.26213
Zyx	-10.584805	-7.1309266
Med12l	-14.458978	-11.005099
Czib	-12.261753	-8.807875
Acads	-12.0228615	-8.568983
Susd5	-14.006992	-10.553114
Wwp1	-9.698025	-6.2441473
Ttc4	-12.79397	-9.340092
Ndufv3	-10.741927	-7.288049
Nos1ap	-13.313846	-9.859967
Cd300ld2	-15.7117405	-12.257862
Ssu72	-10.903629	-7.4497514
Bard1	-14.102303	-10.648424
Olfr1336	-16.404888	-12.95101
Rab4b	-11.625764	-8.1718855
H2-M2	-12.048179	-8.5943
Slc26a2	-12.1144285	-8.66055
Anxa11os	-15.7117405	-12.257862
Pde4dip	-13.146791	-9.692913
Dhx37	-14.207664	-10.753785
Mlf2	-11.116621	-7.662743
Ptrh2	-12.821369	-9.367491
Gm49719	-16.404888	-12.95101
Ipo8	-12.397554	-8.943676
Paxip1	-13.514516	-10.060637
Clec10a	-9.689504	-6.235626
Sh3pxd2b	-11.367935	-7.9140573
Tspan13	-12.1282215	-8.674343
Tbc1d4	-11.545075	-8.091197
Safb	-11.568605	-8.114727
Nudt15	-14.207664	-10.753785
Capns1	-10.311318	-6.8574405
Lrrc36	-16.404888	-12.95101
Tmem219	-11.456128	-8.00225
Bahcc1	-14.006992	-10.553114
Arl10	-12.620698	-9.16682
Rnf168	-12.246005	-8.792127
Gm3448	-12.576246	-9.122368
Bcam	-12.878528	-9.424649
Pou3f1	-13.226834	-9.772956
4933411K16Rik	-16.404888	-12.95101
Gm13524	-16.404888	-12.95101
Gpr141b	-13.839938	-10.38606
Fas	-13.109051	-9.655172
Ifih1	-11.986047	-8.532168
Zwint	-12.156392	-8.702514
Adprm	-13.313846	-9.859967
Kazald1	-15.306275	-11.852397
Gm43149	-16.404888	-12.95101
Eef1e1	-13.037592	-9.583714
Gm12280	-16.404888	-12.95101
Pxk	-11.686389	-8.232511
Stk39	-14.207664	-10.753785
Gm11827	-16.404888	-12.95101
Cd22	-14.102303	-10.648424
Cox7c	-9.04034	-5.586463
Mrtfb	-12.767302	-9.313423
Il2ra	-15.7117405	-12.257862
Mgat3	-16.404888	-12.95101
Seh1l	-12.170781	-8.716903
Klc4	-13.146791	-9.692913
Vstm5	-16.404888	-12.95101
Plekhb2	-11.381007	-7.9271293
Fads3	-14.325446	-10.871568
Padi2	-13.571674	-10.117796
Pabpc1	-9.380239	-5.9263606
Polr3c	-12.878528	-9.424649
Rbp4	-13.514516	-10.060637
Agap2	-15.018594	-11.564715
Smad1	-12.0873995	-8.633521
Map3k12	-13.109051	-9.655172
Epha4	-15.7117405	-12.257862
Trim72	-16.404888	-12.95101
Gm29666	-13.571674	-10.117796
Ddit4	-11.5607	-8.106822
Pawr	-15.306275	-11.852397
Psmb3	-10.636567	-7.182689
Ints10	-13.146791	-9.692913
Gm9856	-15.7117405	-12.257862
Dbn1	-14.613129	-11.15925
Efhd2	-10.087723	-6.633845
Gm16576	-16.404888	-12.95101
Abcc3	-12.643687	-9.189809
Tead1	-15.7117405	-12.257862
Platr25	-13.839938	-10.38606
Wnt4	-13.003691	-9.549812
Borcs5	-13.839938	-10.38606
Tmem175	-13.226834	-9.772956
Napb	-15.7117405	-12.257862
Fuom	-12.970901	-9.517022
Rfc4	-12.716008	-9.26213
Gm1123	-15.7117405	-12.257862
Il2	-15.7117405	-12.257862
Tmc8	-15.7117405	-12.257862
Hibch	-13.460449	-10.006571
Ipo7	-11.927551	-8.473673
Def8	-13.839938	-10.38606
Stac	-16.404888	-12.95101
Ppp1r15a	-10.311318	-6.8574405
Gm15938	-16.404888	-12.95101
Adprh	-11.84054	-8.386662
S100a10	-9.243265	-5.7893877
Fgfr1op	-12.79397	-9.340092
Fbln7	-15.7117405	-12.257862
Med24	-13.514516	-10.060637
Zfp456	-13.919981	-10.466103
Mcpt2	-16.404888	-12.95101
Psmd11	-11.317291	-7.8634133
Cd226	-12.4730625	-9.019184
Zfp874b	-13.839938	-10.38606
Parp14	-10.920091	-7.4662127
Mfsd2b	-16.404888	-12.95101
Hist1h3d	-14.006992	-10.553114
Bcap29	-12.492865	-9.038986
Trmt1	-11.600866	-8.146988
Apol8	-14.458978	-11.005099
Klhdc2	-12.415904	-8.962026
Irf2bp2	-10.269322	-6.8154445
Slc25a29	-15.018594	-11.564715
Foxo4	-13.186012	-9.732134
Hist1h4d	-11.529691	-8.075812
1700056N10Rik	-15.018594	-11.564715
Tgoln1	-10.825158	-7.37128
Arl6ip4	-11.819921	-8.366042
Arhgap12	-11.779915	-8.326036
Slc39a13	-12.513067	-9.059189
Npc2	-9.069254	-5.615376
Nckipsd	-12.576246	-9.122368
Ube2z	-11.938979	-8.485101
March5	-11.686389	-8.232511
Selenoh	-11.251596	-7.7977185
Atxn1l	-13.146791	-9.692913
Cspg4	-14.613129	-11.15925
Mlxipl	-15.7117405	-12.257862
Nat9	-12.878528	-9.424649
Abcc10	-14.613129	-11.15925
Txnrd2	-12.939152	-9.485273
Htr7	-15.7117405	-12.257862
Stx8	-11.770159	-8.31628
Akr7a5	-12.598226	-9.144347
Desi1	-12.691316	-9.237437
Ralb	-11.05778	-7.6039023
Uba52	-9.164955	-5.711077
Ric3	-15.7117405	-12.257862
Setbp1	-16.404888	-12.95101
Gpr135	-16.404888	-12.95101
Kifap3	-11.84054	-8.386662
Gm15326	-15.7117405	-12.257862
Gm17396	-16.404888	-12.95101
Slc2a6	-14.458978	-11.005099
Ndufv1	-11.741448	-8.28757
Stk11ip	-13.76583	-10.311952
Mdn1	-12.513067	-9.059189
Gm43260	-15.018594	-11.564715
Slc22a18	-15.018594	-11.564715
Hic2	-14.006992	-10.553114
Gm10392	-15.018594	-11.564715
Cd63	-9.296643	-5.842766
Rapgef3	-16.404888	-12.95101
Prr15	-15.306275	-11.852397
Sdha	-10.997716	-7.543838
Btbd17	-15.7117405	-12.257862
Sin3b	-10.941056	-7.4871783
Glrx3	-11.211931	-7.7580533
Olfr1238	-16.404888	-12.95101
Bfar	-12.061082	-8.6072035
Spidr	-12.939152	-9.485273
Psmg3	-12.344445	-8.890567
Atp5j2	-9.550533	-6.0966554
Anxa7	-11.522086	-8.068208
Polh	-13.839938	-10.38606
4930503L19Rik	-13.269394	-9.8155155
Styk1	-16.404888	-12.95101
Ube4a	-12.1144285	-8.66055
Ccdc117	-13.037592	-9.583714
Gm20492	-13.409156	-9.955277
Olfr556	-16.404888	-12.95101
Ostc	-10.91595	-7.462072
Pacrg	-16.404888	-12.95101
Mypop	-14.613129	-11.15925
Thsd4	-14.006992	-10.553114
Uba3	-12.620698	-9.16682
Jph2	-14.79545	-11.341572
Gpr180	-12.84954	-9.395661
Ebf1	-12.048179	-8.5943
L3mbtl1	-14.79545	-11.341572
Esco2	-12.79397	-9.340092
Derl3	-14.458978	-11.005099
Gm42941	-14.102303	-10.648424
Supv3l1	-13.226834	-9.772956
Gm9958	-16.404888	-12.95101
Aph1b	-12.061082	-8.6072035
Evi2	-13.360365	-9.9064865
Ssc4d	-15.7117405	-12.257862
Sar1a	-11.44906	-7.9951825
Zfp810	-14.207664	-10.753785
Zbtb7b	-12.142208	-8.68833
Arhgap25	-12.18538	-8.731502
Rps11	-7.7361755	-4.282298
1700056E22Rik	-15.018594	-11.564715
Gm29093	-16.404888	-12.95101
Umad1	-13.109051	-9.655172
Gm16153	-16.404888	-12.95101
Dhx8	-12.415904	-8.962026
Gm49417	-13.514516	-10.060637
Ctrl	-16.404888	-12.95101
Hagh	-11.809768	-8.355889
4833411C07Rik	-15.7117405	-12.257862
Ptp4a1-1	-15.018594	-11.564715
Dctn2	-11.126773	-7.672895
Nudt4	-11.6090975	-8.155219
F630028O10Rik	-12.878528	-9.424649
Slc25a42	-14.458978	-11.005099
Ccl12	-9.743033	-6.2891555
Ppt2	-12.061082	-8.6072035
Xpo7	-11.851011	-8.397133
Erlec1	-12.170781	-8.716903
Tle5	-10.082322	-6.628444
Srpk3	-14.613129	-11.15925
Vegfd	-15.306275	-11.852397
Spc24	-12.261753	-8.807875
Tle6	-14.207664	-10.753785
Hnrnpk	-9.791504	-6.337626
Tefm	-13.269394	-9.8155155
N4bp2l2	-11.394253	-7.940375
Cep83os	-14.458978	-11.005099
Calcoco1	-12.878528	-9.424649
Gata1	-16.404888	-12.95101
Gm38394	-14.79545	-11.341572
Ap3s2	-13.226834	-9.772956
Ly6a	-12.576246	-9.122368
Wbp11	-11.421281	-7.967403
Pemt	-16.404888	-12.95101
Acadsb	-12.767302	-9.313423
Stard6	-15.7117405	-12.257862
Taf9	-16.404888	-12.95101
Ppp2r1b	-13.313846	-9.859967
Tm4sf5	-14.458978	-11.005099
Rbm34	-12.4730625	-9.019184
Arhgef9	-15.7117405	-12.257862
Myo18b	-15.7117405	-12.257862
Gm4356	-15.018594	-11.564715
AC154200.1	-16.404888	-12.95101
Ndufa4	-9.701699	-6.247822
Bcr	-13.571674	-10.117796
Plbd2	-11.456128	-8.00225
Tmem241	-14.325446	-10.871568
Lrrc55	-16.404888	-12.95101
Wdr19	-15.306275	-11.852397
Jrkl	-13.313846	-9.859967
H2afv	-10.324955	-6.871077
Impact	-11.435075	-7.981197
Ano10	-12.939152	-9.485273
Tfdp1	-12.667218	-9.21334
Rdh11	-13.109051	-9.655172
Ahdc1	-13.460449	-10.006571
Hexim1	-9.843857	-6.389979
Rpsa	-8.013484	-4.5596066
Tmem181a	-13.313846	-9.859967
Marcksl1	-9.598058	-6.1441803
B3gnt5	-14.458978	-11.005099
Ccna2	-12.620698	-9.16682
Mcoln2	-14.102303	-10.648424
Lars2	-8.898295	-5.444418
Recql5	-13.460449	-10.006571
Clic4	-10.639697	-7.185819
Slc9a4	-14.613129	-11.15925
Cmc4	-13.460449	-10.006571
Sap30l	-11.552857	-8.098979
Srsf10	-11.552857	-8.098979
Gm41409	-16.404888	-12.95101
Gm17749	-12.643687	-9.189809
Alg5	-11.861593	-8.407715
Gpd2	-12.821369	-9.367491
Cd200	-12.939152	-9.485273
Dazap1	-11.695357	-8.241479
Ccdc122	-13.409156	-9.955277
Hyou1	-12.598226	-9.144347
Crtc2	-12.492865	-9.038986
Cgref1	-16.404888	-12.95101
1700029J07Rik	-16.404888	-12.95101
Ppp4c	-11.257393	-7.803515
Foxk2	-12.821369	-9.367491
Crnde	-13.919981	-10.466103
Rhpn2	-16.404888	-12.95101
Enox1	-16.404888	-12.95101
Nck2	-15.306275	-11.852397
E230032D23Rik	-15.018594	-11.564715
Slc27a6	-16.404888	-12.95101
5830444B04Rik	-14.458978	-11.005099
Plxdc1	-14.79545	-11.341572
Glmn	-13.919981	-10.466103
Gm2026	-16.404888	-12.95101
Kif20b	-13.037592	-9.583714
Asb7	-13.146791	-9.692913
Gm37612	-15.7117405	-12.257862
Myd88	-11.770159	-8.31628
Arl6	-14.207664	-10.753785
Gm10143	-16.404888	-12.95101
Oxnad1	-14.207664	-10.753785
Ccnd3	-11.048302	-7.594424
5033403F01Rik	-16.404888	-12.95101
Bcl7c	-11.361463	-7.9075847
Rin2	-10.928424	-7.474546
Rbmxl1	-11.916251	-8.462373
Slc35a5	-12.2305	-8.776622
Gm43330	-15.018594	-11.564715
Irgq	-13.313846	-9.859967
Tbc1d10b	-11.872289	-8.41841
Letm1	-12.261753	-8.807875
Nek2	-13.919981	-10.466103
Rps6kl1	-16.404888	-12.95101
Srpx2	-16.404888	-12.95101
4833417C18Rik	-15.018594	-11.564715
Gm14295	-14.458978	-11.005099
1700086P04Rik	-15.306275	-11.852397
Dleu2	-10.001313	-6.5474353
Slc11a1	-11.062553	-7.6086755
L2hgdh	-14.79545	-11.341572
Sox2ot	-15.7117405	-12.257862
Fastkd3	-14.613129	-11.15925
Thap7	-13.269394	-9.8155155
Mtln	-11.442043	-7.9881654
Gda	-10.945302	-7.491424
Ibtk	-12.939152	-9.485273
Rad1	-13.037592	-9.583714
Ear2	-11.20639	-7.7525125
Ncln	-11.8831	-8.429221
Gm42670	-13.037592	-9.583714
Cpne1	-12.170781	-8.716903
Lrp6	-10.590757	-7.1368794
Zbtb1	-12.361836	-8.907958
Sp3os	-12.598226	-9.144347
Abca6	-14.325446	-10.871568
Sh3tc1	-12.361836	-8.907958
Bmpr2	-11.507048	-8.053169
Zfp7	-14.458978	-11.005099
Gm8075	-16.404888	-12.95101
Slc35b1	-12.156392	-8.702514
Fsbp	-15.306275	-11.852397
Gm29358	-15.018594	-11.564715
Micall1	-13.571674	-10.117796
Fam199x	-13.037592	-9.583714
Camkmt	-13.514516	-10.060637
Smc3	-10.924249	-7.470371
Lgr6	-15.7117405	-12.257862
Degs2	-15.018594	-11.564715
Slc46a2	-13.632299	-10.178421
Gpr132	-12.55474	-9.100862
Tcf12	-11.529691	-8.075812
Srp19	-11.421281	-7.967403
Setd1b	-11.659956	-8.206078
Scyl1	-12.327351	-8.873472
Adora1	-16.404888	-12.95101
Nudt22	-13.186012	-9.732134
Emc6	-11.651298	-8.197419
Ophn1	-11.072169	-7.6182914
Mbtd1	-11.851011	-8.397133
Gm20407	-16.404888	-12.95101
Glis3	-16.404888	-12.95101
Rlim	-11.367935	-7.9140573
Nfkbib	-12.0354395	-8.581561
1700061G19Rik	-15.306275	-11.852397
Phactr4	-12.010439	-8.5565605
Syt11	-13.313846	-9.859967
Clec4n	-11.477634	-8.023756
Smarcb1	-12.010439	-8.5565605
Proca1	-15.7117405	-12.257862
Ntn1	-14.613129	-11.15925
Prdm10	-13.632299	-10.178421
S1pr2	-12.716008	-9.26213
Abca7	-13.109051	-9.655172
Tmem80	-13.146791	-9.692913
Myo9b	-11.71354	-8.259662
2310009B15Rik	-12.344445	-8.890567
Mbnl1	-9.549479	-6.095601
Cct2	-10.665094	-7.2112164
6030407O03Rik	-16.404888	-12.95101
F630040K05Rik	-16.404888	-12.95101
Gm10605	-14.613129	-11.15925
Gm28187	-15.306275	-11.852397
Chsy3	-15.7117405	-12.257862
Gm47689	-15.7117405	-12.257862
Vwa8	-14.006992	-10.553114
Gm13594	-14.79545	-11.341572
Cald1	-11.651298	-8.197419
Ctnnd2	-13.360365	-9.9064865
Brpf1	-12.246005	-8.792127
Fam57a	-14.458978	-11.005099
Usp33	-12.716008	-9.26213
Adam3	-16.404888	-12.95101
Rad9a	-13.839938	-10.38606
Prss30	-15.7117405	-12.257862
Prss53	-16.404888	-12.95101
Gm43305	-12.1144285	-8.66055
Fto	-12.261753	-8.807875
Akt1	-11.01126	-7.557382
Serf2	-8.533195	-5.079317
Gdf15	-12.2305	-8.776622
Sfxn5	-13.460449	-10.006571
Eif4ebp3	-12.9083805	-9.454502
Pwwp3a	-12.361836	-8.907958
Gm36208	-16.404888	-12.95101
Rusc1	-13.696837	-10.242959
Pms1	-14.207664	-10.753785
Rinl	-12.598226	-9.144347
Tppp	-12.667218	-9.21334
Ramac	-11.617396	-8.163518
Wars2	-13.839938	-10.38606
Cops9	-10.311318	-6.8574405
Txk	-13.514516	-10.060637
Gm43329	-14.006992	-10.553114
Acaa1a	-11.421281	-7.967403
Rer1	-10.7917595	-7.3378816
Gnaq	-10.844206	-7.390328
Kctd5	-13.003691	-9.549812
Dnaja3	-12.84954	-9.395661
Kcna3	-16.404888	-12.95101
Zfp105	-14.613129	-11.15925
Pfdn4	-12.434596	-8.980718
Gm26930	-15.018594	-11.564715
Ip6k3	-14.458978	-11.005099
B9d1os	-16.404888	-12.95101
Paxbp1	-11.770159	-8.31628
Gm14410	-16.404888	-12.95101
Gm50044	-16.404888	-12.95101
Gm28707	-14.613129	-11.15925
AU021092	-15.018594	-11.564715
Tmem45a	-16.404888	-12.95101
Gtf2i	-11.659956	-8.206078
Nsdhl	-13.839938	-10.38606
Dgkg	-15.018594	-11.564715
Oxct1	-11.111583	-7.657705
Polr2d	-12.576246	-9.122368
Actr1a	-12.074155	-8.620276
Gsg1	-15.306275	-11.852397
Hnrnpf	-9.832605	-6.3787274
Pmvk	-12.310543	-8.856665
9930111J21Rik2	-10.555563	-7.101685
Abca3	-11.927551	-8.473673
Ndufa2	-9.716533	-6.2626553
2210407C18Rik	-16.404888	-12.95101
Gm48683	-16.404888	-12.95101
0610012G03Rik	-11.006725	-7.5528474
Lilra5	-11.317291	-7.8634133
4933408B17Rik	-16.404888	-12.95101
Gm31036	-16.404888	-12.95101
2310033P09Rik	-12.100822	-8.646944
Plscr3	-12.170781	-8.716903
Cct4	-10.755914	-7.302036
Hdac10	-13.76583	-10.311952
Zfp583	-14.207664	-10.753785
Pigv	-13.360365	-9.9064865
Adamts1	-13.696837	-10.242959
Cpeb3	-13.109051	-9.655172
2010204K13Rik	-15.018594	-11.564715
Mettl15	-13.919981	-10.466103
Carf	-13.839938	-10.38606
Tfb2m	-13.460449	-10.006571
Cdc20	-13.313846	-9.859967
Anapc11	-11.034249	-7.5803714
Mphosph9	-14.207664	-10.753785
Napg	-12.1144285	-8.66055
Bicra	-12.79397	-9.340092
Gm49785	-16.404888	-12.95101
Efcab9	-16.404888	-12.95101
Myl2	-15.7117405	-12.257862
BC049715	-14.458978	-11.005099
Invs	-13.919981	-10.466103
Snhg16	-13.919981	-10.466103
Tuba1c	-11.02961	-7.5757318
Aldh6a1	-12.970901	-9.517022
Stx2	-12.397554	-8.943676
Gm19590	-16.404888	-12.95101
Dock6	-14.102303	-10.648424
Metap1	-12.434596	-8.980718
Evi2a	-10.7523985	-7.2985206
Kcnt2	-14.613129	-11.15925
Slc30a7	-12.741326	-9.287448
Naglu	-12.598226	-9.144347
A730032A03Rik	-16.404888	-12.95101
Dynlt1b	-15.018594	-11.564715
2900005J15Rik	-15.7117405	-12.257862
Rnf26	-13.571674	-10.117796
Phf13	-12.970901	-9.517022
Wwp2	-12.1144285	-8.66055
Mvk	-13.360365	-9.9064865
1700067K01Rik	-15.306275	-11.852397
Pih1d2	-15.306275	-11.852397
Sla	-11.329714	-7.875836
Gm5547	-13.313846	-9.859967
Pet100	-10.883427	-7.4295487
Gm10138	-12.741326	-9.287448
Hnrnpr	-11.394253	-7.940375
Dnajc25	-12.643687	-9.189809
Prkd3	-11.722756	-8.268878
Klhl18	-12.310543	-8.856665
Gkap1	-11.894029	-8.44015
Ino80	-12.361836	-8.907958
Supt7l	-14.006992	-10.553114
Klhl30	-16.404888	-12.95101
Mkln1os	-15.306275	-11.852397
Notch4	-16.404888	-12.95101
Atp5a1	-9.914165	-6.4602866
Zbed4	-13.186012	-9.732134
Trim10	-16.404888	-12.95101
Bmp1	-15.018594	-11.564715
Islr	-14.207664	-10.753785
Yipf1	-11.770159	-8.31628
Lrrd1	-16.404888	-12.95101
Klf4	-8.919957	-5.4660797
Mgat2	-11.387608	-7.9337296
Magi1	-16.404888	-12.95101
Vmn2r97	-16.404888	-12.95101
Cacnb1	-14.79545	-11.341572
Lamp2	-9.563272	-6.1093946
Clec4b1	-11.05303	-7.599152
Gm47545	-16.404888	-12.95101
Oxr1	-11.779915	-8.326036
Wdr77	-12.741326	-9.287448
Pdcl3	-11.5607	-8.106822
Rpp30	-12.716008	-9.26213
Acsl1	-12.061082	-8.6072035
Slc7a5	-13.226834	-9.772956
Dph6	-13.226834	-9.772956
Rgs7	-15.7117405	-12.257862
D430018E03Rik	-12.970901	-9.517022
Rho	-16.404888	-12.95101
Aldh7a1	-11.732059	-8.27818
Gm16174	-14.79545	-11.341572
Sec22b	-11.974071	-8.520192
Zfp433	-16.404888	-12.95101
Ncs1	-14.79545	-11.341572
D830024N08Rik	-15.7117405	-12.257862
Cnnm4	-13.360365	-9.9064865
Anapc15	-11.974071	-8.520192
Ednrb	-10.658685	-7.204807
Rnase12	-16.404888	-12.95101
Yme1l1	-11.592704	-8.138825
Haus1	-13.146791	-9.692913
1700058P15Rik	-15.306275	-11.852397
Mcpt8	-16.404888	-12.95101
Lin7b	-16.404888	-12.95101
Mysm1	-12.010439	-8.5565605
Cep68	-12.379536	-8.925657
Ak6	-12.261753	-8.807875
Gm32633	-16.404888	-12.95101
Hadhb	-11.741448	-8.28757
Klri2	-15.7117405	-12.257862
Hdac5	-12.1282215	-8.674343
Fam204a	-12.379536	-8.925657
Olfr948	-16.404888	-12.95101
Zfp354b	-15.7117405	-12.257862
Tjp3	-14.458978	-11.005099
Cd24a	-12.0873995	-8.633521
Tubgcp2	-12.84954	-9.395661
Trafd1	-11.179141	-7.725263
Trim27	-12.074155	-8.620276
Ascl2	-15.306275	-11.852397
Otud4	-12.215233	-8.761354
Stum	-15.306275	-11.852397
Mmp11	-15.7117405	-12.257862
Arhgap5	-11.861593	-8.407715
Gm12743	-14.458978	-11.005099
Cdyl	-12.878528	-9.424649
Tmem255a	-16.404888	-12.95101
9330151L19Rik	-15.7117405	-12.257862
Slc4a8	-16.404888	-12.95101
Tek	-15.018594	-11.564715
Id3	-11.770159	-8.31628
Mafg	-11.13703	-7.6831517
Gnai3	-11.245832	-7.7919545
Hist2h3b	-15.306275	-11.852397
Csde1	-10.26716	-6.8132825
Flt3	-13.839938	-10.38606
Ebpl	-11.938979	-8.485101
Man1a	-10.376609	-6.922731
Trps1	-10.966808	-7.5129304
Zfp36l3	-16.404888	-12.95101
Terf2	-12.79397	-9.340092
Fundc2	-11.342293	-7.888415
Tmem47	-15.306275	-11.852397
4930403D09Rik	-16.404888	-12.95101
Hhat	-14.458978	-11.005099
Hipk3	-12.074155	-8.620276
Exosc1	-12.576246	-9.122368
Vsig10l	-14.458978	-11.005099
Akap6	-15.306275	-11.852397
Gm17233	-16.404888	-12.95101
Gm5141	-15.306275	-11.852397
Cox4i1	-9.006102	-5.5522237
Rsrc1	-11.8831	-8.429221
Ext1	-11.71354	-8.259662
Arcn1	-11.394253	-7.940375
OR5BS1P	-16.404888	-12.95101
Nos3	-16.404888	-12.95101
Fam118b	-12.643687	-9.189809
Golph3l	-12.434596	-8.980718
Gm48960	-15.7117405	-12.257862
Thyn1	-12.643687	-9.189809
Hoxc6	-15.7117405	-12.257862
Cfap43	-14.613129	-11.15925
Gpr19	-14.79545	-11.341572
Ccdc136	-16.404888	-12.95101
Zfpm2	-16.404888	-12.95101
Neil3	-13.514516	-10.060637
Mrm2	-13.269394	-9.8155155
Mylk4	-13.839938	-10.38606
Scrn1	-15.7117405	-12.257862
Cma1	-10.115172	-6.6612945
Slc36a1	-12.100822	-8.646944
Myct1	-14.325446	-10.871568
Gnpnat1	-13.514516	-10.060637
Ermard	-13.072683	-9.618805
Cd244a	-13.571674	-10.117796
Hist1h1t	-16.404888	-12.95101
Vdac2	-10.529957	-7.076079
Zfp787	-12.970901	-9.517022
9930012K11Rik	-14.458978	-11.005099
Pcx	-15.7117405	-12.257862
Gng12	-11.361463	-7.9075847
Ccdc88c	-14.458978	-11.005099
Taz	-12.061082	-8.6072035
Cd2bp2	-12.643687	-9.189809
Map3k19	-16.404888	-12.95101
C330013E15Rik	-14.102303	-10.648424
2900060B14Rik	-13.514516	-10.060637
Gm45016	-16.404888	-12.95101
4933421O10Rik	-13.460449	-10.006571
Slamf8	-13.186012	-9.732134
1700001L05Rik	-14.613129	-11.15925
Klk8	-15.7117405	-12.257862
Bmpr1a	-13.072683	-9.618805
Fahd1	-13.409156	-9.955277
Ecsit	-13.571674	-10.117796
Hmg20a	-12.246005	-8.792127
Cyb561d2	-13.003691	-9.549812
Rgs14	-12.970901	-9.517022
Ubtd1	-11.905078	-8.4512
Gm8113	-15.018594	-11.564715
1700122C19Rik	-16.404888	-12.95101
Gnl2	-12.691316	-9.237437
Fgl2	-11.305021	-7.8511434
Ms4a6c	-9.247152	-5.7932744
Gm13283	-16.404888	-12.95101
Themis2	-11.552857	-8.098979
5031439G07Rik	-10.766533	-7.312655
Proser2	-15.306275	-11.852397
Siglecf	-15.7117405	-12.257862
Micos13	-10.813901	-7.360023
Cd84	-11.09662	-7.6427417
Mrps28	-12.1282215	-8.674343
Ly6g6d	-14.006992	-10.553114
Lzic	-13.186012	-9.732134
Ltb	-13.460449	-10.006571
Renbp	-11.634203	-8.180325
Taf1c	-13.919981	-10.466103
Colec12	-10.795416	-7.341538
Bik	-14.325446	-10.871568
Jak2	-11.962236	-8.508358
Sec24a	-12.741326	-9.287448
Cd33	-10.717913	-7.2640347
Mllt10	-11.770159	-8.31628
Mcm3ap	-13.037592	-9.583714
Snrpd3	-11.02961	-7.5757318
Rps6ka3	-11.367935	-7.9140573
Rbm22	-11.600866	-8.146988
Casp4	-10.825158	-7.37128
Gramd3	-12.2305	-8.776622
Map7	-14.79545	-11.341572
Rnh1	-10.802769	-7.348891
Zbtb20	-10.518784	-7.0649056
Mcm2	-12.741326	-9.287448
Steap4	-15.7117405	-12.257862
2310043M15Rik	-15.7117405	-12.257862
Eif2b2	-12.4730625	-9.019184
App	-9.489164	-6.0352864
Gm26592	-16.404888	-12.95101
4930483P17Rik	-16.404888	-12.95101
Gm28884	-16.404888	-12.95101
Ggh	-11.116621	-7.662743
Stx3	-13.76583	-10.311952
Dll4	-16.404888	-12.95101
Gm34215	-15.018594	-11.564715
Sgk3	-11.584606	-8.130728
Mrps15	-11.552857	-8.098979
Tnrc6c	-11.111583	-7.657705
Tspan10	-16.404888	-12.95101
Tfrc	-11.329714	-7.875836
Nit1	-12.691316	-9.237437
Ptprs	-12.327351	-8.873472
Gm13479	-14.79545	-11.341572
Gm15859	-15.306275	-11.852397
Thap11	-12.691316	-9.237437
Orc5	-13.313846	-9.859967
Tmem50b	-12.310543	-8.856665
Lgr4	-14.102303	-10.648424
Bin2	-12.1282215	-8.674343
Gm50228	-16.404888	-12.95101
Lactb2	-12.492865	-9.038986
Bicd1	-14.79545	-11.341572
Fdxr	-13.696837	-10.242959
Galnt15	-15.7117405	-12.257862
Crebzf	-12.379536	-8.925657
Fam193b	-12.576246	-9.122368
Crip1	-7.676299	-4.2224216
Gm46218	-16.404888	-12.95101
Gm26815	-16.404888	-12.95101
Gm20342	-12.878528	-9.424649
Tnfsf13	-11.470414	-8.016536
Ctdsp2	-10.920091	-7.4662127
Cd38	-11.394253	-7.940375
Utp14b	-12.415904	-8.962026
Rps9	-7.6637506	-4.209873
Hsd17b4	-11.37445	-7.920572
Camk2d	-11.799718	-8.3458395
Il6	-14.458978	-11.005099
Nhej1	-13.919981	-10.466103
1110051M20Rik	-13.919981	-10.466103
Gpr183	-11.043595	-7.5897174
Kantr	-13.696837	-10.242959
Tmem108	-16.404888	-12.95101
Mblac2	-14.102303	-10.648424
Gm6787	-16.404888	-12.95101
Fam53a	-12.821369	-9.367491
Wnk1	-9.535873	-6.0819955
Cdk19	-12.0228615	-8.568983
Wdr45b	-11.576574	-8.122696
Tbc1d2	-16.404888	-12.95101
Fzd4	-15.018594	-11.564715
Zfp808	-15.7117405	-12.257862
Htra3	-14.613129	-11.15925
Jak3	-13.919981	-10.466103
Dgkb	-15.7117405	-12.257862
Fam129b	-13.313846	-9.859967
Whamm	-13.109051	-9.655172
Fam220a	-16.404888	-12.95101
Areg	-13.072683	-9.618805
Ppcs	-13.514516	-10.060637
Osgepl1	-13.919981	-10.466103
St3gal6	-10.966808	-7.5129304
Tm2d1	-11.938979	-8.485101
Ap5z1	-12.939152	-9.485273
Ahr	-12.048179	-8.5943
Rab23	-13.919981	-10.466103
Ei24	-11.998169	-8.544291
Osbpl7	-14.102303	-10.648424
Stn1	-13.109051	-9.655172
Hes2	-14.325446	-10.871568
Rps6ka1	-11.584606	-8.130728
Triobp	-12.434596	-8.980718
Frmd6	-12.667218	-9.21334
Angel2	-12.074155	-8.620276
Mfsd13b	-16.404888	-12.95101
Gm13025	-16.404888	-12.95101
Gm15611	-16.404888	-12.95101
Pcbp1	-10.269322	-6.8154445
Gm20633	-16.404888	-12.95101
Rwdd4a	-12.878528	-9.424649
Ppfibp1	-12.939152	-9.485273
Stx1a	-15.306275	-11.852397
Atf2	-12.1282215	-8.674343
Chst10	-16.404888	-12.95101
Prcp	-10.280205	-6.826327
Klhl33	-13.003691	-9.549812
2010109A12Rik	-13.839938	-10.38606
Sugp2	-13.460449	-10.006571
Prkd2	-13.226834	-9.772956
Scaper	-13.226834	-9.772956
Atp8a1	-11.66869	-8.214811
Il21r	-12.261753	-8.807875
A530013C23Rik	-13.360365	-9.9064865
Rbfa	-11.545075	-8.091197
Itgb3	-16.404888	-12.95101
Eif3l	-11.499613	-8.045734
Nfkbil1	-12.344445	-8.890567
Tm7sf3	-12.4730625	-9.019184
Mapk1ip1	-13.460449	-10.006571
Gfi1b	-15.7117405	-12.257862
Tex45	-15.306275	-11.852397
Trim3	-12.939152	-9.485273
Slc39a11	-13.460449	-10.006571
9230105E05Rik	-16.404888	-12.95101
Acer3	-11.407676	-7.953798
Gm28875	-12.970901	-9.517022
Osm	-13.003691	-9.549812
Ptdss1	-12.716008	-9.26213
Itga2b	-15.306275	-11.852397
St13	-10.11889	-6.665012
Ppp4r1	-12.277753	-8.823874
Gm12158	-16.404888	-12.95101
Mmut	-12.513067	-9.059189
Klhl4	-15.7117405	-12.257862
Nek7	-11.048302	-7.594424
Tmem18	-13.839938	-10.38606
Tbc1d20	-11.851011	-8.397133
Gm15809	-16.404888	-12.95101
Gm40685	-15.7117405	-12.257862
4930540M05Rik	-15.018594	-11.564715
Pgd	-11.298943	-7.8450646
Uqcc1	-13.313846	-9.859967
Pycrl	-12.716008	-9.26213
Gstp2	-14.458978	-11.005099
Ralgps1	-13.409156	-9.955277
3110040N11Rik	-12.878528	-9.424649
Clec2i	-13.269394	-9.8155155
Fmo3	-16.404888	-12.95101
Gm30122	-16.404888	-12.95101
Tent2	-11.576574	-8.122696
Bvht	-16.404888	-12.95101
Taok1	-10.945302	-7.491424
Gm10687	-16.404888	-12.95101
Txlng	-12.767302	-9.313423
Entr1	-12.415904	-8.962026
Atp5o	-10.524355	-7.070477
Aagab	-12.453644	-8.999765
Cybb	-9.436037	-5.9821596
Adipor2	-11.522086	-8.068208
0610009B22Rik	-12.643687	-9.189809
Scn7a	-16.404888	-12.95101
Tfap2e	-16.404888	-12.95101
Dcaf15	-13.269394	-9.8155155
Arhgef5	-13.460449	-10.006571
Drosha	-13.226834	-9.772956
Casc3	-12.2305	-8.776622
Sp1	-11.625764	-8.1718855
Hmga1	-13.460449	-10.006571
Spred1	-11.034249	-7.5803714
Cbwd1	-13.514516	-10.060637
Lap3	-12.074155	-8.620276
Ubxn2a	-12.277753	-8.823874
Dars2	-13.696837	-10.242959
Gart	-12.2305	-8.776622
Mrpl55	-12.010439	-8.5565605
Anapc2	-11.830176	-8.376298
Laptm4a	-9.935637	-6.4817595
Vim	-8.498341	-5.0444627
Cyth2	-12.170781	-8.716903
Mtcp1	-14.102303	-10.648424
Eno1	-11.002211	-7.5483327
Klra17	-16.404888	-12.95101
Tgds	-13.460449	-10.006571
Btg3	-12.533687	-9.079808
Hs1bp3	-12.79397	-9.340092
Zfyve1	-12.970901	-9.517022
Leng9	-13.409156	-9.955277
Rps5	-7.9637117	-4.5098343
Zfp619	-14.102303	-10.648424
Casd1	-12.379536	-8.925657
Smim3	-13.360365	-9.9064865
Ifngr1	-10.026462	-6.5725837
Nfe2l3	-14.458978	-11.005099
H2-Aa	-7.2805405	-3.826663
Gtf2ird1	-13.696837	-10.242959
Glb1l	-13.571674	-10.117796
Wdr53	-12.970901	-9.517022
P2rx1	-15.306275	-11.852397
Gm5577	-16.404888	-12.95101
Med14	-12.716008	-9.26213
Apol7c	-15.018594	-11.564715
Cul3	-11.387608	-7.9337296
Ifi207	-9.422025	-5.9681473
Abi1	-10.821391	-7.367513
Hnrnpa1	-10.22902	-6.775142
Rps21	-7.559974	-4.1060967
Ctnnal1	-15.306275	-11.852397
Zfp362	-13.037592	-9.583714
Nrbp2	-15.7117405	-12.257862
Mknk2	-10.958151	-7.504273
Cdca3	-12.84954	-9.395661
Pex6	-12.4730625	-9.019184
Habp4	-13.76583	-10.311952
Eml2	-14.325446	-10.871568
5430405H02Rik	-13.839938	-10.38606
Gm13266	-16.404888	-12.95101
Galnt4	-12.716008	-9.26213
Zfp993	-15.306275	-11.852397
Troap	-14.613129	-11.15925
Ccr2	-10.879435	-7.4255567
Nav2	-13.037592	-9.583714
Diras2	-13.696837	-10.242959
Rc3h2	-11.779915	-8.326036
AV356131	-14.207664	-10.753785
Usp36	-12.513067	-9.059189
Polr3f	-13.313846	-9.859967
Capn7	-12.344445	-8.890567
Fam71e1	-16.404888	-12.95101
Eif1	-8.114846	-4.6609683
Tnfsf13os	-14.613129	-11.15925
Ints5	-13.269394	-9.8155155
Gm16287	-14.102303	-10.648424
Tgm2	-13.919981	-10.466103
Gm15013	-15.306275	-11.852397
Net1	-12.667218	-9.21334
Kmt5b	-11.927551	-8.473673
Tmem106b	-12.215233	-8.761354
Gm48065	-15.018594	-11.564715
Iqch	-16.404888	-12.95101
Phpt1	-13.186012	-9.732134
Prmt9	-13.226834	-9.772956
Bbs7	-13.696837	-10.242959
2700046G09Rik	-14.79545	-11.341572
Dtx3l	-11.741448	-8.28757
Shld2	-13.072683	-9.618805
Ift46	-13.696837	-10.242959
Fam228a	-16.404888	-12.95101
AU022252	-13.76583	-10.311952
Llph	-10.895499	-7.4416213
Nmral1	-12.716008	-9.26213
Armh3	-13.696837	-10.242959
Gm4117	-16.404888	-12.95101
Ppp5c	-11.770159	-8.31628
Gm16188	-16.404888	-12.95101
6030458C11Rik	-13.632299	-10.178421
Nxn	-14.102303	-10.648424
Serinc5	-13.409156	-9.955277
Ociad1	-11.428154	-7.974276
Ltn1	-12.327351	-8.873472
Fam117a	-13.514516	-10.060637
Gm20632	-15.7117405	-12.257862
Phf20l1	-11.323483	-7.8696055
Zfp59	-15.306275	-11.852397
P2ry10	-13.146791	-9.692913
Rpn1	-10.867554	-7.413676
Gm39375	-16.404888	-12.95101
Alas1	-12.0873995	-8.633521
Gm36198	-14.458978	-11.005099
Rmi1	-12.513067	-9.059189
Suox	-13.839938	-10.38606
Pmaip1	-11.750927	-8.297049
Zfp329	-13.037592	-9.583714
Tnip3	-12.327351	-8.873472
Phip	-11.038912	-7.585034
Twf2	-11.142198	-7.6883197
Aldh3b1	-12.310543	-8.856665
Psen2	-12.2305	-8.776622
Ppp1r37	-12.741326	-9.287448
Mrpl22	-12.741326	-9.287448
Cd28	-14.102303	-10.648424
Cyb5d2	-13.839938	-10.38606
Nudt19	-12.741326	-9.287448
Dennd5b	-13.696837	-10.242959
Eif4g2	-9.647955	-6.1940775
Cd164l2	-16.404888	-12.95101
Gm13610	-16.404888	-12.95101
Raly	-10.53277	-7.078892
Dab2ip	-15.018594	-11.564715
Hgs	-12.215233	-8.761354
BC051077	-15.7117405	-12.257862
Plscr4	-13.76583	-10.311952
Oip5os1	-11.342293	-7.888415
Ttc39b	-12.361836	-8.907958
Gm4598	-16.404888	-12.95101
Cygb	-13.460449	-10.006571
Ankrd27	-12.821369	-9.367491
Lsmem1	-12.79397	-9.340092
Scx	-15.306275	-11.852397
Slc25a33	-13.632299	-10.178421
Pnpla2	-11.71354	-8.259662
Ctss	-8.846371	-5.3924932
Ppm1g	-11.5607	-8.106822
P3h2	-12.010439	-8.5565605
Arvcf	-14.79545	-11.341572
Arhgap11a	-11.998169	-8.544291
Dtnbp1	-11.617396	-8.163518
Sh3rf1	-14.613129	-11.15925
Klhl9	-11.157864	-7.7039857
Rep15	-15.306275	-11.852397
Neil1	-13.919981	-10.466103
Rusc2	-12.767302	-9.313423
E030013I19Rik	-15.7117405	-12.257862
Gngt2	-12.361836	-8.907958
Gm14391	-16.404888	-12.95101
Hspa1a	-9.855237	-6.401359
Nt5c2	-11.659956	-8.206078
Spaca1	-16.404888	-12.95101
Gm20705	-16.404888	-12.95101
Bahd1	-13.360365	-9.9064865
Snd1	-12.18538	-8.731502
Ccdc40	-15.7117405	-12.257862
Hspa5	-8.771518	-5.3176403
E130215H24Rik	-14.79545	-11.341572
Elk3	-11.499613	-8.045734
Avil	-16.404888	-12.95101
Gm44777	-15.018594	-11.564715
Rbfox3	-14.325446	-10.871568
Gm47093	-15.306275	-11.852397
Gm15417	-12.643687	-9.189809
Rflna	-16.404888	-12.95101
Usp3	-12.170781	-8.716903
Loxl3	-14.79545	-11.341572
Sap18b	-13.919981	-10.466103
A430035B10Rik	-14.006992	-10.553114
Mvb12a	-11.741448	-8.28757
Prmt5	-12.821369	-9.367491
Plpp1	-13.226834	-9.772956
Zdhhc23	-12.9083805	-9.454502
Mamdc2	-13.409156	-9.955277
Zfp160	-13.313846	-9.859967
Tnpo1	-11.592704	-8.138825
Mcl1	-8.872264	-5.4183865
Faim	-12.0228615	-8.568983
Nt5c3b	-13.313846	-9.859967
Actc1	-16.404888	-12.95101
Gm9828	-15.018594	-11.564715
Zfp948	-13.072683	-9.618805
Gtf3a	-11.905078	-8.4512
Cuedc2	-11.048302	-7.594424
Arhgap8	-16.404888	-12.95101
Gm11525	-16.404888	-12.95101
Gpatch8	-11.634203	-8.180325
Rsph9	-14.458978	-11.005099
Pstpip1	-12.0354395	-8.581561
Cacnb4	-16.404888	-12.95101
Akap5	-15.306275	-11.852397
Ccdc18	-14.207664	-10.753785
Ppp6r2	-13.269394	-9.8155155
Strbp	-13.109051	-9.655172
Rbl1	-12.620698	-9.16682
Gm3550	-16.404888	-12.95101
Rrp7a	-12.576246	-9.122368
B3gnt9	-14.79545	-11.341572
Ank2	-13.514516	-10.060637
Riok2	-13.146791	-9.692913
N4bp2	-12.453644	-8.999765
Cyp2j9	-16.404888	-12.95101
Rskr	-14.613129	-11.15925
AU022793	-14.79545	-11.341572
Gtpbp2	-11.861593	-8.407715
Usp8	-11.157864	-7.7039857
Zfp868	-14.207664	-10.753785
Sec63	-11.6090975	-8.155219
Gm11127	-16.404888	-12.95101
Chid1	-12.716008	-9.26213
Srpk2	-11.568605	-8.114727
Tmem127	-11.894029	-8.44015
Carns1	-16.404888	-12.95101
Ptprc	-9.787485	-6.333607
Zfp112	-16.404888	-12.95101
Hspe1-rs1	-14.006992	-10.553114
Crebl2	-12.970901	-9.517022
Adgrd1	-16.404888	-12.95101
Klhdc4	-13.003691	-9.549812
Adamdec1	-16.404888	-12.95101
Kri1	-13.186012	-9.732134
Eif1ax	-11.584606	-8.130728
Ralbp1	-10.338779	-6.8849015
Gucy1b1	-14.325446	-10.871568
Ubac2	-12.142208	-8.68833
Gm16337	-16.404888	-12.95101
Nop16	-12.55474	-9.100862
Atl3	-11.659956	-8.206078
Chmp1b	-12.1282215	-8.674343
Skap1	-15.7117405	-12.257862
Cpox	-12.939152	-9.485273
6430531B16Rik	-14.325446	-10.871568
Gm21814	-16.404888	-12.95101
Dhrs7	-11.414455	-7.9605775
Caprin2	-12.55474	-9.100862
Ly6g5b	-15.7117405	-12.257862
D1Ertd622e	-11.484907	-8.031029
Chst14	-13.571674	-10.117796
2510039O18Rik	-11.916251	-8.462373
Vezt	-12.18538	-8.731502
Gusb	-10.652315	-7.198437
Dstyk	-12.061082	-8.6072035
Mecom	-15.306275	-11.852397
Mta2	-11.760497	-8.306619
Irs1	-16.404888	-12.95101
Mospd1	-13.919981	-10.466103
Myg1	-12.434596	-8.980718
Gm11808	-11.492233	-8.038355
Rab1a	-10.624145	-7.1702666
Npc1	-11.499613	-8.045734
Polb	-11.750927	-8.297049
Gm50105	-14.207664	-10.753785
Ednra	-15.018594	-11.564715
Trim37	-13.313846	-9.859967
Park7	-10.214572	-6.760694
Clec14a	-14.613129	-11.15925
Cd207	-13.003691	-9.549812
Rgs2	-10.369407	-6.915529
Gm26716	-15.7117405	-12.257862
Prpf40a	-10.821391	-7.367513
Nudcd1	-13.632299	-10.178421
Tapt1	-14.006992	-10.553114
Clip2	-13.919981	-10.466103
Gramd2	-14.613129	-11.15925
Hinfp	-13.109051	-9.655172
Bex6	-16.404888	-12.95101
AI504432	-13.360365	-9.9064865
Wnt2b	-16.404888	-12.95101
Mrpl19	-12.453644	-8.999765
Zbtb25	-13.919981	-10.466103
Pou2f1	-13.037592	-9.583714
Ccm2	-11.779915	-8.326036
Plau	-12.397554	-8.943676
Parpbp	-15.306275	-11.852397
Rapgefl1	-16.404888	-12.95101
Gadd45g	-11.66869	-8.214811
Ltbp3	-13.409156	-9.955277
Caml	-12.0873995	-8.633521
Nemp1	-13.226834	-9.772956
Rab3a	-13.409156	-9.955277
Ets1	-12.970901	-9.517022
Stbd1	-14.207664	-10.753785
Gab2	-12.310543	-8.856665
Pnrc1	-9.912648	-6.4587703
Ankrd16	-13.072683	-9.618805
Chn2	-12.415904	-8.962026
Myl6b	-15.306275	-11.852397
Rap2a	-12.0228615	-8.568983
Lilra6	-13.269394	-9.8155155
Zbtb40	-14.79545	-11.341572
Amer1	-14.207664	-10.753785
Rmc1	-12.767302	-9.313423
Nelfcd	-12.79397	-9.340092
Itgbl1	-13.839938	-10.38606
Adap1	-13.460449	-10.006571
Tpcn1	-11.651298	-8.197419
Cwc27	-12.716008	-9.26213
Hif3a	-14.207664	-10.753785
Siglece	-11.750927	-8.297049
Drg2	-13.037592	-9.583714
Rbbp6	-10.714528	-7.26065
Ago1	-12.379536	-8.925657
Casp3	-11.414455	-7.9605775
Tbrg4	-13.313846	-9.859967
Zfp459	-16.404888	-12.95101
Kcnh2	-16.404888	-12.95101
Lrrc14	-13.226834	-9.772956
Gm26510	-13.226834	-9.772956
Jag1	-14.006992	-10.553114
Ppp1r10	-9.787485	-6.333607
Sra1	-11.5607	-8.106822
Setd1a	-12.361836	-8.907958
Carnmt1	-12.533687	-9.079808
Gm13919	-15.7117405	-12.257862
Usp48	-11.71354	-8.259662
Yipf5	-12.142208	-8.68833
Pheta1	-13.409156	-9.955277
Psmb2	-10.587776	-7.1338983
Pcp4l1	-14.207664	-10.753785
Ddr2	-13.919981	-10.466103
M6pr	-10.932617	-7.4787393
Dnase1l3	-11.819921	-8.366042
Rhoa	-9.36786	-5.9139824
Tyw5	-14.006992	-10.553114
Rd3	-15.7117405	-12.257862
Rassf8	-12.821369	-9.367491
Entpd7	-12.620698	-9.16682
Adgre4	-12.9083805	-9.454502
Ncoa6	-12.215233	-8.761354
Ms4a7	-9.651449	-6.1975718
Smap2	-11.02961	-7.5757318
Aldoa	-10.245792	-6.7919145
Paics	-11.361463	-7.9075847
Dnph1	-13.919981	-10.466103
Sec11c	-10.441308	-6.98743
Fez1	-15.018594	-11.564715
Gpam	-13.919981	-10.466103
4933429H19Rik	-14.325446	-10.871568
Ccdc9b	-16.404888	-12.95101
Zfp944	-13.269394	-9.8155155
Tkfc	-15.306275	-11.852397
Ccn1	-10.90772	-7.4538417
Ktn1	-11.592704	-8.138825
Rnf149	-12.246005	-8.792127
D630045J12Rik	-16.404888	-12.95101
Fau	-7.158601	-3.7047234
Napsa	-11.414455	-7.9605775
Mrpl34	-11.568605	-8.114727
Sephs1	-13.037592	-9.583714
Gm47123	-14.207664	-10.753785
Lrrc1	-14.102303	-10.648424
Cdca2	-14.006992	-10.553114
Ptdss2	-13.514516	-10.060637
Ubr7	-12.691316	-9.237437
Shprh	-12.55474	-9.100862
Anapc16	-11.211931	-7.7580533
Wdr4	-13.632299	-10.178421
Atp7a	-12.100822	-8.646944
Ankrd11	-10.507734	-7.0538564
Prph	-14.613129	-11.15925
Slc35b2	-11.625764	-8.1718855
Errfi1	-11.002211	-7.5483327
Cst6	-16.404888	-12.95101
Pik3cg	-10.988788	-7.5349097
Gm15614	-14.613129	-11.15925
Rasgef1b	-11.872289	-8.41841
Smu1	-11.872289	-8.41841
Zfp511	-12.643687	-9.189809
Wipi2	-12.215233	-8.761354
Ssh1	-12.691316	-9.237437
Mmp3	-15.306275	-11.852397
Oxt	-15.306275	-11.852397
Vps72	-12.061082	-8.6072035
Nrxn2	-15.306275	-11.852397
Arrdc3	-12.1282215	-8.674343
Cdkl4	-16.404888	-12.95101
Kit	-12.667218	-9.21334
Spats2l	-13.269394	-9.8155155
Frg2f1	-14.79545	-11.341572
Cops4	-11.861593	-8.407715
Klf3	-10.770098	-7.31622
Erap1	-11.998169	-8.544291
Olfr1029	-15.018594	-11.564715
Zfp97	-15.7117405	-12.257862
Plcg2	-11.851011	-8.397133
Galnt12	-14.006992	-10.553114
Ms4a1	-12.4730625	-9.019184
Mybbp1a	-11.799718	-8.3458395
Tap2	-11.600866	-8.146988
Phf8	-12.9083805	-9.454502
1110004F10Rik	-10.979938	-7.5260596
Trappc3	-11.732059	-8.27818
Gm11464	-16.404888	-12.95101
Tk1	-12.4730625	-9.019184
Cox5a	-10.075167	-6.621289
Gm45570	-15.7117405	-12.257862
Zc3h8	-13.571674	-10.117796
AW209491	-14.325446	-10.871568
Zfp128	-16.404888	-12.95101
Ypel5	-11.421281	-7.967403
Vps53	-12.215233	-8.761354
Sclt1	-12.821369	-9.367491
Vsig4	-12.576246	-9.122368
Kank2	-12.294014	-8.840136
Il17ra	-12.620698	-9.16682
Vapa	-10.711156	-7.257278
Ppp1r7	-11.8831	-8.429221
Cep78	-13.919981	-10.466103
Pola2	-13.360365	-9.9064865
Ppp1r9a	-11.998169	-8.544291
Vps11	-12.397554	-8.943676
Tyw1	-12.84954	-9.395661
Gm20511	-16.404888	-12.95101
Sgip1	-15.306275	-11.852397
Ocel1	-12.434596	-8.980718
Frs3	-15.7117405	-12.257862
Ppp1r14b	-10.573006	-7.1191278
2900093K20Rik	-12.513067	-9.059189
Nle1	-14.79545	-11.341572
Ip6k2	-13.571674	-10.117796
Sec16b	-14.325446	-10.871568
Cdk2ap2	-10.7523985	-7.2985206
Clasp1	-12.620698	-9.16682
Mars2	-14.207664	-10.753785
4930455M05Rik	-16.404888	-12.95101
Itpk1	-12.415904	-8.962026
Ptpru	-16.404888	-12.95101
Tmem107	-13.839938	-10.38606
Lig4	-14.613129	-11.15925
Gm4129	-16.404888	-12.95101
Kif1bp	-12.716008	-9.26213
Ccser2	-12.667218	-9.21334
Mta1	-12.767302	-9.313423
Fryl	-12.156392	-8.702514
Kif3c	-15.018594	-11.564715
Gm44851	-16.404888	-12.95101
Rpusd3	-16.404888	-12.95101
Myo1b	-16.404888	-12.95101
Rbsn	-13.003691	-9.549812
Mrps30	-12.55474	-9.100862
H2-DMb1	-9.912648	-6.4587703
Gm4631	-15.018594	-11.564715
Ccnj	-15.018594	-11.564715
2210408F21Rik	-14.458978	-11.005099
Zfand5	-9.980019	-6.5261407
Dgat2	-13.839938	-10.38606
Rnf7	-10.755914	-7.302036
Syngr3	-15.7117405	-12.257862
Pex2	-12.55474	-9.100862
Ppp2cb	-13.186012	-9.732134
Gucd1	-13.360365	-9.9064865
Snupn	-13.072683	-9.618805
Asb4	-14.102303	-10.648424
Utp25	-14.006992	-10.553114
Cbx7	-12.4730625	-9.019184
Litaf	-10.3936205	-6.9397426
Gm48529	-15.018594	-11.564715
Il1rap	-14.006992	-10.553114
Crppa	-14.613129	-11.15925
Gm38410	-15.306275	-11.852397
Ar	-14.613129	-11.15925
Efna5	-14.613129	-11.15925
Dxo	-13.146791	-9.692913
Wnt5b	-16.404888	-12.95101
Lamtor3	-11.26909	-7.815212
Mief1	-13.696837	-10.242959
Gm12216	-13.360365	-9.9064865
Ppp1r14c	-15.7117405	-12.257862
Rab20	-11.998169	-8.544291
Dcakd	-12.79397	-9.340092
Gm9844	-14.458978	-11.005099
B130034C11Rik	-15.306275	-11.852397
Sfrp1	-13.696837	-10.242959
Amz2	-12.492865	-9.038986
Galnt16	-15.7117405	-12.257862
Tmem198b	-13.460449	-10.006571
Ifi27l2b	-16.404888	-12.95101
Gm5086	-13.313846	-9.859967
Fgf7	-15.7117405	-12.257862
Tfip11	-13.003691	-9.549812
Pinx1	-14.458978	-11.005099
Fam222a	-14.458978	-11.005099
Dmd	-13.460449	-10.006571
Cmbl	-16.404888	-12.95101
Slc39a8	-13.919981	-10.466103
Med9	-12.821369	-9.367491
Lmnb2	-13.072683	-9.618805
Virma	-11.986047	-8.532168
Mark4	-12.821369	-9.367491
Trappc8	-11.974071	-8.520192
4921514A10Rik	-16.404888	-12.95101
Tmem86b	-15.306275	-11.852397
7330404K18Rik	-16.404888	-12.95101
Commd9	-12.0228615	-8.568983
Lrrc71	-16.404888	-12.95101
Slc41a1	-13.146791	-9.692913
Tctn3	-14.613129	-11.15925
Gm6598	-16.404888	-12.95101
Usp49	-13.226834	-9.772956
4930555A03Rik	-15.018594	-11.564715
Ephx2	-15.306275	-11.852397
Slc35b3	-13.269394	-9.8155155
Pgghg	-12.667218	-9.21334
Limch1	-14.79545	-11.341572
Ms4a4d	-15.306275	-11.852397
Txndc11	-12.327351	-8.873472
Gm14409	-16.404888	-12.95101
Zfp523	-14.207664	-10.753785
Gsto2	-13.696837	-10.242959
Traf3	-13.109051	-9.655172
Ocstamp	-13.632299	-10.178421
Gja5	-15.306275	-11.852397
Ang	-11.034249	-7.5803714
Csf1r	-8.438994	-4.985117
Sfswap	-12.1144285	-8.66055
Hlx	-12.691316	-9.237437
Rundc3a	-16.404888	-12.95101
P4ha3	-15.018594	-11.564715
Atp5d	-10.082322	-6.628444
Actr2	-10.102269	-6.6483912
Pou5f1	-15.306275	-11.852397
Dtwd1	-14.325446	-10.871568
Gm49870	-16.404888	-12.95101
Slc20a1	-11.686389	-8.232511
Mkln1	-11.335983	-7.8821054
Max	-11.634203	-8.180325
Grn	-8.799495	-5.3456173
A430093F15Rik	-16.404888	-12.95101
Rps23	-7.714413	-4.2605357
Eif2b4	-12.84954	-9.395661
Mllt11	-13.571674	-10.117796
Reep4	-12.598226	-9.144347
Mxd4	-10.60883	-7.1549525
Chpt1	-12.434596	-8.980718
Tgfb1	-10.059252	-6.605374
Med12	-12.327351	-8.873472
Tlk1	-11.916251	-8.462373
Plxnd1	-11.121684	-7.667806
Zfp959	-13.409156	-9.955277
1700099I09Rik	-15.7117405	-12.257862
Nr2e3	-15.7117405	-12.257862
Serp1	-10.245792	-6.7919145
Taf1a	-13.919981	-10.466103
Tns4	-13.460449	-10.006571
Creld1	-13.360365	-9.9064865
Cacna1a	-15.306275	-11.852397
Ly6d	-11.617396	-8.163518
9130230N09Rik	-16.404888	-12.95101
Aopep	-12.261753	-8.807875
Rps27a	-7.752639	-4.2987614
Fbxw5	-12.9083805	-9.454502
Ppm1k	-12.55474	-9.100862
Naga	-11.6090975	-8.155219
Gm3892	-16.404888	-12.95101
Zfyve27	-13.460449	-10.006571
Agbl3	-14.207664	-10.753785
Rab4a	-14.458978	-11.005099
Slit1	-15.7117405	-12.257862
Cog1	-12.878528	-9.424649
Sirt4	-14.325446	-10.871568
Smim27	-11.6090975	-8.155219
Slc25a25	-13.313846	-9.859967
Nfix	-11.492233	-8.038355
Shd	-15.018594	-11.564715
Tsc22d2	-11.592704	-8.138825
Gm49207	-16.404888	-12.95101
Meox2	-16.404888	-12.95101
Ccdc25	-12.277753	-8.823874
Inka1	-12.767302	-9.313423
Ebi3	-11.750927	-8.297049
Selenof	-9.951262	-6.4973845
Eloc	-10.784487	-7.330609
Hbp1	-11.280924	-7.827046
Nphp4	-15.7117405	-12.257862
Hipk1	-11.305021	-7.8511434
3830408C21Rik	-15.306275	-11.852397
Cops2	-11.916251	-8.462373
Gk	-15.7117405	-12.257862
Melk	-13.839938	-10.38606
Tmem179b	-11.421281	-7.967403
Dclre1b	-13.632299	-10.178421
Sez6l2	-15.018594	-11.564715
Nop2	-12.821369	-9.367491
Dbp	-11.157864	-7.7039857
Arl5c	-12.620698	-9.16682
Zbtb21	-13.072683	-9.618805
Pld3	-11.463245	-8.009367
Cxcr5	-16.404888	-12.95101
Gm20707	-13.460449	-10.006571
1110059G10Rik	-11.998169	-8.544291
Pus10	-13.460449	-10.006571
Ubap2	-12.397554	-8.943676
Ski	-10.91595	-7.462072
Mapk11	-15.306275	-11.852397
Zfp773	-15.7117405	-12.257862
A630001O12Rik	-16.404888	-12.95101
Cd34	-14.006992	-10.553114
Mocs3	-14.325446	-10.871568
Vrk3	-12.576246	-9.122368
Man2a2	-11.722756	-8.268878
Nlgn2	-13.76583	-10.311952
Arap2	-13.76583	-10.311952
Csgalnact2	-12.200195	-8.746317
Abhd3	-15.306275	-11.852397
Pxmp2	-14.79545	-11.341572
Mrpl43	-11.414455	-7.9605775
Ppp1r12a	-10.825158	-7.37128
Plekhj1	-11.286894	-7.833016
Edc4	-12.878528	-9.424649
Kif18b	-15.018594	-11.564715
Lin7c	-12.061082	-8.6072035
Ccl21a	-15.7117405	-12.257862
Paip2	-10.6911545	-7.2372766
Epm2a	-14.458978	-11.005099
Cyb5r1	-12.261753	-8.807875
Znrf3	-14.207664	-10.753785
Kif5b	-10.504991	-7.0511127
Snapin	-11.986047	-8.532168
Trp53	-11.5607	-8.106822
Gm17494	-15.018594	-11.564715
Procr	-14.79545	-11.341572
Gm16794	-15.018594	-11.564715
Dnase2a	-11.038912	-7.585034
Adam17	-11.545075	-8.091197
4930439A04Rik	-16.404888	-12.95101
Tfg	-11.84054	-8.386662
Atg5	-11.861593	-8.407715
Fgf13	-16.404888	-12.95101
Man2c1os	-14.79545	-11.341572
Abcc1	-11.732059	-8.27818
C1qtnf1	-12.620698	-9.16682
Tbc1d15	-12.0228615	-8.568983
9230112J17Rik	-16.404888	-12.95101
Sod2	-11.280924	-7.827046
Gm26902	-16.404888	-12.95101
Cldn5	-14.102303	-10.648424
Pars2	-16.404888	-12.95101
Dgki	-15.7117405	-12.257862
Scamp3	-11.872289	-8.41841
Tesk1	-12.170781	-8.716903
Tubd1	-14.006992	-10.553114
Washc5	-12.200195	-8.746317
Fbxl2	-16.404888	-12.95101
1110020A21Rik	-14.613129	-11.15925
Slc39a1	-11.367935	-7.9140573
Sept4	-16.404888	-12.95101
Pcna	-10.485993	-7.0321155
Runx1t1	-16.404888	-12.95101
Gm16867	-15.018594	-11.564715
Ap1s3	-13.839938	-10.38606
Gm43714	-16.404888	-12.95101
Tmem63a	-12.379536	-8.925657
9430037G07Rik	-16.404888	-12.95101
Phc2	-11.8831	-8.429221
Zmynd19	-13.269394	-9.8155155
Rasgrp1	-13.696837	-10.242959
Ppig	-10.728134	-7.274256
Gm45449	-14.79545	-11.341572
Rnf152	-14.325446	-10.871568
Actr5	-13.696837	-10.242959
Gm33785	-16.404888	-12.95101
Mapk14	-10.76298	-7.3091025
Trmt13	-12.741326	-9.287448
Brwd1	-11.872289	-8.41841
Elmod2	-13.109051	-9.655172
Eif3b	-11.522086	-8.068208
Gm40773	-16.404888	-12.95101
Tmem25	-15.306275	-11.852397
Ahcy	-14.613129	-11.15925
Sik3	-12.9083805	-9.454502
Irf3	-12.277753	-8.823874
Gm47666	-16.404888	-12.95101
Rab5if	-10.825158	-7.37128
Smyd5	-13.632299	-10.178421
Zkscan5	-14.325446	-10.871568
Il4ra	-11.499613	-8.045734
Arid1b	-11.779915	-8.326036
Mcat	-13.919981	-10.466103
Ada	-13.696837	-10.242959
Nars2	-14.325446	-10.871568
Arih1	-11.407676	-7.953798
9530059O14Rik	-15.306275	-11.852397
Kcnj15	-16.404888	-12.95101
Nip7	-12.361836	-8.907958
Arl4c	-11.507048	-8.053169
Gnpat	-12.970901	-9.517022
Ptp4a3	-11.927551	-8.473673
Rab8b	-10.684576	-7.230698
Psat1	-12.970901	-9.517022
Lamc1	-12.878528	-9.424649
Rpp38	-13.919981	-10.466103
Frg1	-11.234404	-7.7805257
BC051142	-15.018594	-11.564715
Klhl26	-13.919981	-10.466103
Nutf2	-14.006992	-10.553114
Abcb10	-13.360365	-9.9064865
4930402H24Rik	-12.643687	-9.189809
Gria4	-16.404888	-12.95101
R3hdm2	-11.189952	-7.736074
Cd163	-8.989713	-5.535835
Sqor	-12.048179	-8.5943
Cabcoco1	-16.404888	-12.95101
Elmo1	-11.499613	-8.045734
Slc25a32	-13.460449	-10.006571
Gm4755	-14.79545	-11.341572
Cab39l	-12.415904	-8.962026
Gm11266	-15.306275	-11.852397
Tmem167	-11.189952	-7.736074
Cebpd	-10.320388	-6.86651
Emc9	-13.109051	-9.655172
Adig	-16.404888	-12.95101
Cmtm7	-10.652315	-7.198437
A630001G21Rik	-12.533687	-9.079808
Rps20	-7.7439404	-4.290063
Angptl2	-16.404888	-12.95101
Echdc1	-13.76583	-10.311952
Sdf4	-10.784487	-7.330609
Mroh1	-12.453644	-8.999765
Depdc5	-12.970901	-9.517022
Bbs2	-14.613129	-11.15925
Gm39228	-15.7117405	-12.257862
Ormdl1	-12.821369	-9.367491
Zfp2	-14.613129	-11.15925
Snhg18	-13.003691	-9.549812
Gm40304	-15.7117405	-12.257862
Cds1	-12.939152	-9.485273
Gna15	-11.732059	-8.27818
Klhl8	-15.018594	-11.564715
Ptges2	-13.109051	-9.655172
Col18a1	-13.514516	-10.060637
Stat3	-10.575942	-7.122064
Gm16759	-16.404888	-12.95101
Tnks1bp1	-13.919981	-10.466103
Rhobtb1	-11.998169	-8.544291
Dab2	-8.707313	-5.2534347
Trmt6	-12.492865	-9.038986
Ppp1r16b	-14.102303	-10.648424
Xkrx	-16.404888	-12.95101
Unkl	-13.632299	-10.178421
Mlph	-15.7117405	-12.257862
Spaca9	-14.325446	-10.871568
Cep70	-13.269394	-9.8155155
Coq9	-13.146791	-9.692913
Clk2	-12.878528	-9.424649
Rtn3	-10.867554	-7.413676
Gm49539	-14.458978	-11.005099
Bin3	-12.415904	-8.962026
Tns2	-13.514516	-10.060637
Hspa12a	-15.7117405	-12.257862
Chd1	-11.305021	-7.8511434
Fabp3	-14.79545	-11.341572
Nasp	-10.945302	-7.491424
C3ar1	-9.996359	-6.542481
Alg13	-13.571674	-10.117796
Asph	-12.170781	-8.716903
Fut4	-14.325446	-10.871568
Zfp39	-14.207664	-10.753785
Prpf39	-12.142208	-8.68833
Psmd2	-11.251596	-7.7977185
Gm29019	-14.79545	-11.341572
Gpx3	-12.170781	-8.716903
Kcnma1	-15.7117405	-12.257862
Gm43774	-14.207664	-10.753785
Pigb	-14.006992	-10.553114
Btf3l4	-13.632299	-10.178421
Ccdc82	-12.142208	-8.68833
Efnb2	-13.514516	-10.060637
Lpcat1	-11.998169	-8.544291
Gm43672	-15.306275	-11.852397
Chmp4c	-16.404888	-12.95101
Tnfsf13b	-12.9083805	-9.454502
Kcnab1	-14.006992	-10.553114
Hyal2	-12.643687	-9.189809
Tspan3	-10.958151	-7.504273
Mmp9	-10.433626	-6.9797482
A230072C01Rik	-15.018594	-11.564715
Gm43462	-14.006992	-10.553114
1700010I14Rik	-15.018594	-11.564715
Cog5	-12.55474	-9.100862
Slfn9	-12.767302	-9.313423
Wdpcp	-15.7117405	-12.257862
Wfdc1	-13.632299	-10.178421
Lzts1	-15.7117405	-12.257862
Gm14418	-15.306275	-11.852397
Amot	-15.018594	-11.564715
Armc6	-13.696837	-10.242959
Mccc2	-14.102303	-10.648424
Eif3j2	-15.018594	-11.564715
Prr14	-12.453644	-8.999765
Edf1	-10.280205	-6.826327
Nhlrc2	-12.327351	-8.873472
Nav1	-10.6780405	-7.2241626
Wdr76	-12.939152	-9.485273
Gm41556	-15.306275	-11.852397
Ephb4	-15.306275	-11.852397
Mast1	-14.79545	-11.341572
Srebf1	-13.109051	-9.655172
Edn1	-14.102303	-10.648424
Gpr137	-12.878528	-9.424649
Gm9530	-14.613129	-11.15925
Ino80d	-11.779915	-8.326036
Cdc42ep3	-12.691316	-9.237437
Adcy3	-13.226834	-9.772956
Ntan1	-11.435075	-7.981197
Mrps17	-11.732059	-8.27818
Ms4a6b	-9.566483	-6.1126046
Foxn3	-10.701105	-7.247227
Col4a6	-14.613129	-11.15925
Ccdc114	-15.306275	-11.852397
Hps5	-12.327351	-8.873472
Slc35e1	-12.767302	-9.313423
H2afy	-10.408436	-6.954558
Muc1	-15.7117405	-12.257862
Serpine2	-13.186012	-9.732134
Dok4	-14.102303	-10.648424
Bex3	-11.5373535	-8.083475
Knstrn	-12.939152	-9.485273
Ipcef1	-14.613129	-11.15925
Atad5	-13.269394	-9.8155155
Tceanc2	-12.821369	-9.367491
Axl	-11.872289	-8.41841
Bcl2l14	-16.404888	-12.95101
Plcxd2	-15.7117405	-12.257862
Lmtk3	-15.7117405	-12.257862
Strip1	-12.767302	-9.313423
Asap2	-13.696837	-10.242959
Cep76	-14.006992	-10.553114
Dipk2a	-13.037592	-9.583714
Immt	-11.507048	-8.053169
Pfkl	-12.620698	-9.16682
Slc22a17	-13.514516	-10.060637
Eps15l1	-12.716008	-9.26213
Praf2	-13.409156	-9.955277
Zfp358	-13.514516	-10.060637
Sos2	-12.261753	-8.807875
Cntrl	-11.819921	-8.366042
1700028J19Rik	-16.404888	-12.95101
Gm47664	-13.037592	-9.583714
Ctla2a	-12.361836	-8.907958
Gm48321	-16.404888	-12.95101
Ciao1	-12.453644	-8.999765
Stxbp4	-14.458978	-11.005099
Smim14	-10.840367	-7.3864894
Slc7a3	-16.404888	-12.95101
Gm15283	-15.7117405	-12.257862
Tifa	-11.298943	-7.8450646
Nin	-11.789767	-8.335889
Padi3	-14.79545	-11.341572
Tasor2	-12.691316	-9.237437
Zfp330	-12.061082	-8.6072035
Tsen54	-13.632299	-10.178421
Gm30541	-16.404888	-12.95101
Trim34a	-12.821369	-9.367491
Tsen15	-12.84954	-9.395661
Cdipt	-11.819921	-8.366042
Map2k5	-12.9083805	-9.454502
Rnf4	-11.8831	-8.429221
Tmem185b	-12.767302	-9.313423
Pnp2	-12.939152	-9.485273
Rnf180	-12.84954	-9.395661
A930001M01Rik	-14.458978	-11.005099
Cnot2	-12.1282215	-8.674343
Apold1	-15.306275	-11.852397
F830016B08Rik	-12.939152	-9.485273
1110032A03Rik	-12.620698	-9.16682
Rnaset2a	-11.5373535	-8.083475
Nxf1	-11.514539	-8.06066
Gpn2	-13.514516	-10.060637
Opn3	-13.839938	-10.38606
Gm11754	-16.404888	-12.95101
Atad2	-11.651298	-8.197419
Cacul1	-12.1144285	-8.66055
Polr2l	-11.101583	-7.6477046
C6	-14.102303	-10.648424
Slx4	-13.919981	-10.466103
Snap47	-13.696837	-10.242959
Ccnl1	-9.658475	-6.2045975
Ttll5	-14.613129	-11.15925
Srcin1	-15.7117405	-12.257862
Catsper2	-15.7117405	-12.257862
Zfp212	-13.269394	-9.8155155
Fn1	-10.139586	-6.6857085
Ubald2	-11.552857	-8.098979
Bgn	-11.26909	-7.815212
Stpg4	-15.7117405	-12.257862
Rex1bd	-10.971166	-7.5172877
Ubxn4	-11.111583	-7.657705
Rmdn1	-13.072683	-9.618805
Ndufaf4	-12.79397	-9.340092
Hectd2	-14.458978	-11.005099
Stambpl1	-13.571674	-10.117796
Taf11	-11.927551	-8.473673
Bysl	-13.460449	-10.006571
Lsm6	-11.37445	-7.920572
Zfp383	-15.018594	-11.564715
Zfp709	-14.006992	-10.553114
Orai3	-12.074155	-8.620276
Pkd2	-12.9083805	-9.454502
Tmem173	-11.600866	-8.146988
Fcgr1	-10.802769	-7.348891
Rb1	-11.819921	-8.366042
9430065F17Rik	-16.404888	-12.95101
Chmp1a	-11.732059	-8.27818
Man1a2	-11.552857	-8.098979
Odf2	-12.741326	-9.287448
Fancb	-16.404888	-12.95101
Yif1a	-12.361836	-8.907958
Ly6e	-8.556734	-5.1028566
Zgrf1	-14.325446	-10.871568
Ranbp2	-11.116621	-7.662743
1810034E14Rik	-14.325446	-10.871568
Ccdc91	-13.696837	-10.242959
Galnt9	-13.839938	-10.38606
Fkbp2	-10.327246	-6.873368
Anapc5	-11.280924	-7.827046
Map3k9	-15.306275	-11.852397
Mrpl32	-12.1282215	-8.674343
Stat4	-13.571674	-10.117796
Ccdc58	-12.970901	-9.517022
Wrnip1	-13.571674	-10.117796
Pibf1	-12.691316	-9.237437
Kctd1	-15.7117405	-12.257862
Dym	-12.620698	-9.16682
Rmnd5b	-12.767302	-9.313423
Impa1	-12.074155	-8.620276
Gtf2a2	-11.311137	-7.8572593
Pcdhb22	-16.404888	-12.95101
Plod3	-11.789767	-8.335889
Cst3	-6.763544	-3.3096666
2310022B05Rik	-12.79397	-9.340092
Hsd17b12	-11.317291	-7.8634133
Tigar	-15.018594	-11.564715
Zfp940	-16.404888	-12.95101
Cox7a2l	-9.710325	-6.256448
Adora3	-14.458978	-11.005099
Mia2	-10.770098	-7.31622
Intu	-14.613129	-11.15925
Gm26583	-15.7117405	-12.257862
Lrrk2	-14.325446	-10.871568
Prkar1b	-15.018594	-11.564715
Dpep2	-14.207664	-10.753785
Lias	-12.716008	-9.26213
Fastkd5	-15.018594	-11.564715
Carmil1	-14.458978	-11.005099
Gm29340	-14.006992	-10.553114
Ift22	-12.643687	-9.189809
Nek4	-13.571674	-10.117796
Akr1b10	-12.310543	-8.856665
Api5	-11.44906	-7.9951825
Rxra	-12.156392	-8.702514
Dsp	-15.306275	-11.852397
Ffar1	-15.7117405	-12.257862
Rbms3	-14.102303	-10.648424
Eif2b1	-13.514516	-10.060637
Efhb	-15.306275	-11.852397
Madd	-11.861593	-8.407715
Elmo2	-12.0354395	-8.581561
4930544F09Rik	-16.404888	-12.95101
0610009E02Rik	-14.79545	-11.341572
Zscan22	-14.458978	-11.005099
Gm14091	-16.404888	-12.95101
Gm12905	-14.458978	-11.005099
Tbp	-13.514516	-10.060637
4930505N22Rik	-15.306275	-11.852397
Zfp677	-14.207664	-10.753785
Arpc1a	-11.147392	-7.6935143
Pja2	-11.789767	-8.335889
Hist1h2bk	-16.404888	-12.95101
Tmem186	-14.207664	-10.753785
Ap4m1	-12.667218	-9.21334
Gm48226	-13.571674	-10.117796
Acly	-11.522086	-8.068208
Vars	-12.361836	-8.907958
Smim19	-12.246005	-8.792127
Unc119b	-12.79397	-9.340092
Igbp1	-11.600866	-8.146988
Trank1	-16.404888	-12.95101
Cdh23	-15.7117405	-12.257862
Gtf3c5	-13.696837	-10.242959
Zc3h12d	-14.325446	-10.871568
Acvr1b	-13.76583	-10.311952
Hnmt	-12.9083805	-9.454502
Wasf3	-16.404888	-12.95101
Tmem161b	-13.460449	-10.006571
Gm15910	-16.404888	-12.95101
Cacna1s	-14.458978	-11.005099
BC043934	-15.7117405	-12.257862
Gfi1	-15.306275	-11.852397
Unc119	-11.37445	-7.920572
Rasgrf1	-14.79545	-11.341572
Slpi	-12.79397	-9.340092
4930430F08Rik	-13.696837	-10.242959
Szt2	-14.325446	-10.871568
Pim3	-11.552857	-8.098979
Blnk	-11.072169	-7.6182914
Srrm1	-10.7523985	-7.2985206
Erich1	-12.741326	-9.287448
Anxa2	-10.477962	-7.0240836
Usp31	-13.696837	-10.242959
Xpnpep1	-12.79397	-9.340092
Arhgap35	-13.839938	-10.38606
Gm43625	-15.7117405	-12.257862
4930537H20Rik	-16.404888	-12.95101
Lancl3	-15.7117405	-12.257862
Zfp930	-14.79545	-11.341572
Naip2	-12.533687	-9.079808
Slc35f3	-16.404888	-12.95101
Gfod2	-15.7117405	-12.257862
Pik3cb	-12.821369	-9.367491
Gm7008	-15.7117405	-12.257862
Hist1h2ad	-15.018594	-11.564715
Sema6c	-15.7117405	-12.257862
BC024386	-16.404888	-12.95101
Reep2	-15.7117405	-12.257862
Inpp5f	-12.061082	-8.6072035
Pccb	-12.643687	-9.189809
Nfib	-13.037592	-9.583714
1700037H04Rik	-13.109051	-9.655172
Gm29336	-15.018594	-11.564715
Zfp65	-13.514516	-10.060637
Nr4a2	-11.2231045	-7.7692266
Slx1b	-13.632299	-10.178421
Il6ra	-10.19028	-6.736402
Rdh5	-14.458978	-11.005099
Ccl24	-9.494137	-6.040259
Hprt	-10.6179905	-7.1641126
Rpa3	-12.361836	-8.907958
Osbpl8	-11.617396	-8.163518
Tmem35b	-12.970901	-9.517022
4932438H23Rik	-16.404888	-12.95101
Hspb1	-11.695357	-8.241479
Rnf170	-13.037592	-9.583714
Fam122a	-12.84954	-9.395661
H2-DMa	-9.529655	-6.0757775
Ap4s1	-12.18538	-8.731502
Cpa3	-10.350449	-6.8965707
Irf2	-10.379022	-6.9251437
Hist1h4k	-16.404888	-12.95101
Tnip1	-12.576246	-9.122368
Gm10069	-15.306275	-11.852397
Fzd7	-13.632299	-10.178421
Gmds	-13.360365	-9.9064865
Camk2n2	-15.7117405	-12.257862
Epm2aip1	-13.460449	-10.006571
7530414M10Rik	-15.7117405	-12.257862
Gm12184	-15.306275	-11.852397
Tmprss2	-16.404888	-12.95101
Tmbim4	-11.121684	-7.667806
Gpr4	-16.404888	-12.95101
A430033K04Rik	-15.018594	-11.564715
Rps15	-8.335546	-4.8816676
Otud5	-11.986047	-8.532168
Rpp14	-12.643687	-9.189809
Ccdc78	-15.306275	-11.852397
Ptgr1	-13.003691	-9.549812
Gm43259	-14.458978	-11.005099
Anxa9	-14.458978	-11.005099
Zmpste24	-12.4730625	-9.019184
Thtpa	-14.458978	-11.005099
Ppm1h	-12.294014	-8.840136
Suz12	-11.66869	-8.214811
Slc9b2	-16.404888	-12.95101
Xcr1	-13.76583	-10.311952
Adamtsl3	-16.404888	-12.95101
Dsg2	-16.404888	-12.95101
Luzp1	-11.770159	-8.31628
Cebpzos	-11.905078	-8.4512
Rnf213	-11.329714	-7.875836
Nufip1	-12.970901	-9.517022
P3h4	-15.7117405	-12.257862
Tspyl2	-12.970901	-9.517022
Gm44623	-16.404888	-12.95101
Olfr1034	-15.306275	-11.852397
G3bp2	-10.245792	-6.7919145
Castor2	-12.741326	-9.287448
Gna14	-16.404888	-12.95101
Scaf4	-12.0228615	-8.568983
Caly	-15.7117405	-12.257862
Tfe3	-10.883427	-7.4295487
Dennd2c	-13.109051	-9.655172
Gm20712	-16.404888	-12.95101
Nipsnap2	-12.170781	-8.716903
Eif3a	-9.989791	-6.535913
Gss	-14.102303	-10.648424
Tsc1	-12.643687	-9.189809
G530011O06Rik	-11.507048	-8.053169
Mrps7	-12.048179	-8.5943
Hist1h2bc	-11.428154	-7.974276
Tmem119	-14.79545	-11.341572
Vps13c	-11.642714	-8.188835
Agpat1	-12.939152	-9.485273
Erlin2	-12.361836	-8.907958
Klhl7	-13.226834	-9.772956
Bpgm	-13.839938	-10.38606
Gm36445	-16.404888	-12.95101
1700088E04Rik	-16.404888	-12.95101
Abat	-16.404888	-12.95101
Srsf2	-9.6363945	-6.1825166
Stard8	-10.245792	-6.7919145
Trip6	-13.037592	-9.583714
Chchd6	-13.037592	-9.583714
Kremen2	-16.404888	-12.95101
Haus3	-12.84954	-9.395661
Stx19	-15.7117405	-12.257862
Plxnb3	-14.79545	-11.341572
Gm16553	-16.404888	-12.95101
Dpt	-13.839938	-10.38606
Traf4	-15.7117405	-12.257862
Hoxb6	-14.79545	-11.341572
Rbpj	-9.783483	-6.3296046
Mapre3	-14.006992	-10.553114
Keap1	-11.938979	-8.485101
Clasp2	-11.905078	-8.4512
Ankrd10	-12.513067	-9.059189
Trnp1	-14.79545	-11.341572
Arfgef1	-11.576574	-8.122696
Pde1a	-16.404888	-12.95101
Parp8	-12.1282215	-8.674343
Dglucy	-13.037592	-9.583714
Kif22	-13.514516	-10.060637
Spcs2	-10.415926	-6.962048
Sympk	-12.415904	-8.962026
Ipo9	-12.1282215	-8.674343
Enpp2	-16.404888	-12.95101
Psmb4	-10.584805	-7.1309266
Gm42722	-15.7117405	-12.257862
Socs5	-13.072683	-9.618805
Msx1	-16.404888	-12.95101
Tnni3	-14.458978	-11.005099
Ehd4	-9.672677	-6.218799
Cdkn2d	-12.246005	-8.792127
Rbm41	-14.207664	-10.753785
Apbb1	-13.76583	-10.311952
Cabp1	-16.404888	-12.95101
Zfp169	-15.306275	-11.852397
Gm32389	-14.79545	-11.341572
Ctf1	-15.306275	-11.852397
Snhg3	-11.861593	-8.407715
Ric1	-13.037592	-9.583714
Gm10244	-16.404888	-12.95101
Golga2	-12.344445	-8.890567
Tti2	-14.006992	-10.553114
Slc2a5	-16.404888	-12.95101
Eri2	-15.306275	-11.852397
Brd3	-11.830176	-8.376298
Slc4a2	-12.667218	-9.21334
Atp2a2	-11.157864	-7.7039857
Pir	-14.613129	-11.15925
Mir22hg	-11.6090975	-8.155219
Atp6v1f	-10.059252	-6.605374
Gm16845	-14.207664	-10.753785
Gm47389	-15.7117405	-12.257862
Tle1	-12.9083805	-9.454502
Gm33195	-15.306275	-11.852397
Zfp825	-14.325446	-10.871568
Gm20628	-15.306275	-11.852397
Gper1	-16.404888	-12.95101
Ogg1	-14.006992	-10.553114
Mpzl3	-15.7117405	-12.257862
Ncam2	-16.404888	-12.95101
Prss27	-16.404888	-12.95101
Atg2a	-12.294014	-8.840136
Pank3	-12.0354395	-8.581561
Edil3	-13.460449	-10.006571
Zfp235	-14.79545	-11.341572
Gm43138	-16.404888	-12.95101
Zc3h12a	-11.651298	-8.197419
Anxa11	-11.809768	-8.355889
Trip11	-11.034249	-7.5803714
Ifi27	-10.90772	-7.4538417
Zcchc8	-12.156392	-8.702514
Nxt1	-12.55474	-9.100862
Capza1	-10.84806	-7.3941817
Ampd3	-12.691316	-9.237437
Prdm16os	-16.404888	-12.95101
Pik3cd	-11.722756	-8.268878
Zfp607b	-14.006992	-10.553114
Dcbld1	-15.7117405	-12.257862
Gm9887	-13.360365	-9.9064865
Gps2	-11.492233	-8.038355
Stxbp3	-10.988788	-7.5349097
Arih2	-11.986047	-8.532168
Cap2	-16.404888	-12.95101
Pi15	-14.79545	-11.341572
Inpp5e	-14.207664	-10.753785
Gm15635	-15.306275	-11.852397
Ash2l	-12.4730625	-9.019184
Arhgef28	-15.7117405	-12.257862
Mapk8ip1	-14.613129	-11.15925
Cnrip1	-12.716008	-9.26213
Dnaaf3	-13.514516	-10.060637
1700030K09Rik	-15.7117405	-12.257862
Fdxacb1	-14.102303	-10.648424
Atf6b	-12.294014	-8.840136
Rnf113a1	-15.018594	-11.564715
Gm47230	-14.79545	-11.341572
Sdc2	-15.306275	-11.852397
Ap3d1	-11.651298	-8.197419
Adss	-11.916251	-8.462373
Egfr	-11.950541	-8.496662
Fbrsl1	-12.246005	-8.792127
Gng11	-13.313846	-9.859967
Chd1l	-13.571674	-10.117796
Slc25a46	-12.379536	-8.925657
Gm48876	-16.404888	-12.95101
Gm16023	-16.404888	-12.95101
Ubqln4	-13.003691	-9.549812
Bclaf1	-10.6878605	-7.2339826
Txndc15	-11.5373535	-8.083475
Elac2	-13.226834	-9.772956
Gna13	-11.086768	-7.63289
Trmu	-13.839938	-10.38606
Arl8b	-11.5373535	-8.083475
Gna12	-11.006725	-7.5528474
Cryl1	-11.974071	-8.520192
Flt3l	-13.313846	-9.859967
Psma5	-10.984353	-7.530475
Dhfr	-12.716008	-9.26213
Dek	-9.915683	-6.461805
Amd1	-12.4730625	-9.019184
Etnk1	-11.584606	-8.130728
Sgsm3	-13.839938	-10.38606
Map3k2	-11.686389	-8.232511
Arf6	-11.568605	-8.114727
Rec114	-15.018594	-11.564715
Gm41609	-15.306275	-11.852397
C130013H08Rik	-14.79545	-11.341572
Kncn	-15.7117405	-12.257862
Atp8a2	-16.404888	-12.95101
Hps3	-11.686389	-8.232511
Prkar1a	-10.6780405	-7.2241626
Sap30	-11.938979	-8.485101
Tsen2	-13.839938	-10.38606
Dck	-11.84054	-8.386662
Gm44899	-15.7117405	-12.257862
Gm43813	-12.620698	-9.16682
Wtip	-12.100822	-8.646944
Xrcc5	-14.006992	-10.553114
Iqcb1	-13.514516	-10.060637
Dok1	-12.18538	-8.731502
Dgkq	-14.006992	-10.553114
Zfp952	-14.006992	-10.553114
Gcc2	-11.600866	-8.146988
Rpe	-12.533687	-9.079808
Cadm1	-12.061082	-8.6072035
Atp2a1	-15.7117405	-12.257862
Ak8	-14.613129	-11.15925
Ccdc77	-14.102303	-10.648424
Wipf1	-10.932617	-7.4787393
Zfp316	-14.458978	-11.005099
Glmp	-10.851928	-7.39805
Usp38	-12.598226	-9.144347
Skint3	-13.632299	-10.178421
Map3k6	-13.460449	-10.006571
Pald1	-12.643687	-9.189809
Sprtn	-13.632299	-10.178421
A630089N07Rik	-14.458978	-11.005099
Ipp	-14.006992	-10.553114
Wac	-11.038912	-7.585034
Tbc1d32	-13.186012	-9.732134
Gm35853	-13.632299	-10.178421
Thbd	-12.55474	-9.100862
St3gal1	-12.170781	-8.716903
Siah1b	-14.79545	-11.341572
Hk1os	-15.7117405	-12.257862
Mmp2	-14.207664	-10.753785
Cox10	-12.741326	-9.287448
AU015336	-16.404888	-12.95101
Acsf2	-13.571674	-10.117796
Aak1	-12.4730625	-9.019184
Otub2	-14.79545	-11.341572
Ugt1a5	-15.7117405	-12.257862
Ncoa1	-11.659956	-8.206078
Csprs	-14.613129	-11.15925
Samd4b	-11.770159	-8.31628
Fndc10	-14.79545	-11.341572
Med27	-13.186012	-9.732134
Ctsg	-16.404888	-12.95101
Prps1l3	-14.006992	-10.553114
Wdr27	-14.79545	-11.341572
Mbp	-12.310543	-8.856665
Ppp6c	-11.916251	-8.462373
Stox2	-15.018594	-11.564715
Exosc7	-12.310543	-8.856665
Otub1	-12.1144285	-8.66055
Nxpe2	-16.404888	-12.95101
Usp47	-11.770159	-8.31628
Ifitm5	-14.325446	-10.871568
Gtf2f2	-12.767302	-9.313423
Ptafr	-10.1491375	-6.6952596
Sdc1	-14.325446	-10.871568
Kif7	-15.306275	-11.852397
Fgf11	-13.460449	-10.006571
Tmem101	-13.186012	-9.732134
Gpatch1	-13.003691	-9.549812
Gnb4	-14.006992	-10.553114
Mrps24	-10.993241	-7.5393634
Nipa1	-14.207664	-10.753785
Stau2	-13.313846	-9.859967
Phka2	-12.643687	-9.189809
Gla	-12.294014	-8.840136
Cd302	-10.355154	-6.901276
Zfp518a	-12.84954	-9.395661
Mb21d2	-14.79545	-11.341572
Clec4a2	-10.13201	-6.6781325
Sec61a1	-11.625764	-8.1718855
Akirin1	-11.545075	-8.091197
Cyp4f17	-15.7117405	-12.257862
Ttc30a1	-14.79545	-11.341572
Hmox2	-10.770098	-7.31622
Gm43598	-16.404888	-12.95101
Mrgprx1	-16.404888	-12.95101
Mrpl37	-13.226834	-9.772956
Rcl1	-13.919981	-10.466103
Asb10	-14.325446	-10.871568
Nr1d1	-12.246005	-8.792127
Pkm	-10.464717	-7.010839
Tbpl1	-12.327351	-8.873472
Kpna1	-12.215233	-8.761354
Cyp4f16	-12.79397	-9.340092
Fzr1	-12.767302	-9.313423
Acot1	-14.207664	-10.753785
Smpdl3b	-11.750927	-8.297049
Stab2	-16.404888	-12.95101
Ifi214	-14.102303	-10.648424
Syne4	-16.404888	-12.95101
Armc8	-11.872289	-8.41841
Cstf1	-13.003691	-9.549812
Ecm1	-10.694461	-7.240583
Klf15	-15.306275	-11.852397
Gm50340	-15.306275	-11.852397
Prlh	-15.7117405	-12.257862
Tln2	-11.861593	-8.407715
Naca	-9.069254	-5.615376
Cfh	-8.942673	-5.488795
Smurf2	-11.894029	-8.44015
Snx10	-11.367935	-7.9140573
Mat2b	-11.552857	-8.098979
Mau2	-12.0873995	-8.633521
Lag3	-14.207664	-10.753785
Gm50069	-15.7117405	-12.257862
Ifitm10	-14.207664	-10.753785
1700039M15Rik	-16.404888	-12.95101
Zfp870	-15.018594	-11.564715
Zfp655	-12.620698	-9.16682
Gm2447	-15.7117405	-12.257862
E130307A14Rik	-13.360365	-9.9064865
Casp7	-12.970901	-9.517022
Herpud1	-10.396074	-6.9421964
Wscd2	-16.404888	-12.95101
Pigl	-15.7117405	-12.257862
Cgrrf1	-12.261753	-8.807875
Ttc5	-12.598226	-9.144347
Gfra2	-11.686389	-8.232511
Tmem191c	-13.514516	-10.060637
Otoa	-16.404888	-12.95101
Pten	-10.60883	-7.1549525
Gm15860	-16.404888	-12.95101
Oma1	-12.453644	-8.999765
Rundc3b	-16.404888	-12.95101
Tbkbp1	-12.741326	-9.287448
A730036I17Rik	-15.306275	-11.852397
Diaph2	-11.492233	-8.038355
Crot	-12.048179	-8.5943
Mis18bp1	-13.226834	-9.772956
Gm38973	-14.458978	-11.005099
Agpat3	-11.5373535	-8.083475
C1qtnf2	-15.7117405	-12.257862
Vmn2r66	-16.404888	-12.95101
Gm16014	-15.306275	-11.852397
Pth1r	-16.404888	-12.95101
Lig3	-13.037592	-9.583714
Sipa1l1	-12.344445	-8.890567
Rbck1	-11.8831	-8.429221
Zfp524	-13.003691	-9.549812
Rnaseh1	-13.409156	-9.955277
Cd79b	-11.819921	-8.366042
Scrn3	-13.696837	-10.242959
Nol8	-12.643687	-9.189809
Ankrd52	-14.458978	-11.005099
Pgm3	-13.514516	-10.060637
Tmed9	-10.494091	-7.040213
Wars	-12.643687	-9.189809
Capn10	-14.613129	-11.15925
Acp4	-16.404888	-12.95101
Pdcd6ip	-10.799086	-7.3452077
Axin2	-15.7117405	-12.257862
Gstz1	-13.632299	-10.178421
Ccdc112	-13.037592	-9.583714
D11Wsu47e	-14.102303	-10.648424
Anapc7	-12.434596	-8.980718
Cfap126	-14.207664	-10.753785
Flt1	-14.79545	-11.341572
Gm43568	-16.404888	-12.95101
Plekhm3	-12.1144285	-8.66055
Snhg10	-16.404888	-12.95101
Ndufaf8	-11.2231045	-7.7692266
Lmod1	-12.79397	-9.340092
Ppp1r16a	-13.919981	-10.466103
Dnm1	-13.76583	-10.311952
Ppp1r21	-10.883427	-7.4295487
4930404I05Rik	-15.018594	-11.564715
Ccdc32	-12.970901	-9.517022
Ctse	-13.460449	-10.006571
Klhl14	-16.404888	-12.95101
Atf4	-9.911134	-6.457256
Cd40	-12.821369	-9.367491
1110002L01Rik	-15.018594	-11.564715
Hrc	-16.404888	-12.95101
Nat10	-13.146791	-9.692913
Vrk1	-11.695357	-8.241479
Fcf1	-11.84054	-8.386662
Top1	-9.85238	-6.398502
Gtf2h4	-12.878528	-9.424649
Nek6	-12.598226	-9.144347
Kdm1a	-11.861593	-8.407715
Gm20703	-14.79545	-11.341572
Zfp651	-13.460449	-10.006571
Maea	-11.927551	-8.473673
Dusp22	-11.442043	-7.9881654
Spsb2	-12.667218	-9.21334
Smg6	-12.277753	-8.823874
Cry2	-13.696837	-10.242959
Ankrd35	-15.7117405	-12.257862
Ctcf	-11.20639	-7.7525125
Rcor1	-12.200195	-8.746317
Sh3bp5l	-14.207664	-10.753785
Mga	-11.20639	-7.7525125
Cc2d2a	-13.839938	-10.38606
Ccr10	-14.613129	-11.15925
Slbp	-11.200881	-7.747003
Hsf2bp	-15.7117405	-12.257862
Agfg2	-13.003691	-9.549812
Eya2	-15.7117405	-12.257862
Fndc5	-16.404888	-12.95101
Sesn3	-13.003691	-9.549812
Pigk	-12.200195	-8.746317
Akap8	-11.789767	-8.335889
Hspa4l	-12.0873995	-8.633521
Stac2	-15.018594	-11.564715
Gabarapl2	-10.936828	-7.4829497
Rab11fip3	-14.613129	-11.15925
Fam168a	-11.71354	-8.259662
5830432E09Rik	-14.458978	-11.005099
4930520O04Rik	-16.404888	-12.95101
Siglecg	-13.571674	-10.117796
Tctex1d4	-15.306275	-11.852397
Gabbr1	-12.2305	-8.776622
Fam168b	-11.152615	-7.6987367
Sp110	-11.576574	-8.122696
E2f8	-13.696837	-10.242959
Arhgap33	-14.79545	-11.341572
Abhd16a	-11.799718	-8.3458395
Hectd4	-12.598226	-9.144347
Sytl1	-16.404888	-12.95101
Shank1	-16.404888	-12.95101
B930036N10Rik	-13.037592	-9.583714
Mpi	-13.409156	-9.955277
Ehd2	-14.102303	-10.648424
Slc12a4	-13.460449	-10.006571
Gm30124	-16.404888	-12.95101
Cpsf1	-12.453644	-8.999765
Gm45096	-16.404888	-12.95101
Degs1	-11.16314	-7.7092624
Peak1	-11.211931	-7.7580533
Dnajc10	-12.142208	-8.68833
Gm30329	-14.207664	-10.753785
Grip2	-15.306275	-11.852397
Timp2	-8.936945	-5.4830675
Tom1	-12.261753	-8.807875
Best1	-16.404888	-12.95101
Paox	-11.950541	-8.496662
E2f7	-14.613129	-11.15925
Cpq	-11.642714	-8.188835
Gm11998	-16.404888	-12.95101
Nhsl2	-11.789767	-8.335889
Lrch2	-15.7117405	-12.257862
Pacs2	-11.355032	-7.901154
Cdc25b	-13.186012	-9.732134
Gmps	-12.0873995	-8.633521
Vwce	-15.7117405	-12.257862
Abraxas2	-11.779915	-8.326036
Mpv17l	-14.79545	-11.341572
Dhx34	-12.939152	-9.485273
Polr1e	-15.306275	-11.852397
Igsf6	-11.111583	-7.657705
Meis3	-13.632299	-10.178421
Pcdhgb2	-15.018594	-11.564715
H1fx	-16.404888	-12.95101
Espl1	-12.767302	-9.313423
Rabgap1l	-12.327351	-8.873472
B2m	-8.055166	-4.601289
Txndc16	-11.830176	-8.376298
Fanca	-14.207664	-10.753785
Arl1	-11.342293	-7.888415
Eef1g	-9.948118	-6.4942403
Nqo1	-16.404888	-12.95101
Pde6d	-12.970901	-9.517022
Tnfaip1	-12.048179	-8.5943
Comt	-10.564246	-7.1103683
Ift140	-14.325446	-10.871568
Gm30411	-14.613129	-11.15925
Gm44167	-16.404888	-12.95101
Prrc1	-12.246005	-8.792127
Pdxk	-11.126773	-7.672895
Rad9b	-15.018594	-11.564715
4931414P19Rik	-15.7117405	-12.257862
Erp27	-14.79545	-11.341572
Med1	-11.861593	-8.407715
Itih2	-16.404888	-12.95101
Xbp1	-10.6878605	-7.2339826
1600010M07Rik	-12.667218	-9.21334
Unc5b	-15.7117405	-12.257862
Bsx	-16.404888	-12.95101
Mfap3	-11.905078	-8.4512
Tst	-14.458978	-11.005099
Il11	-15.306275	-11.852397
Maf1	-11.492233	-8.038355
1110059E24Rik	-12.821369	-9.367491
Dcaf10	-12.939152	-9.485273
C5ar2	-11.217502	-7.7636237
Armcx2	-14.79545	-11.341572
Icam4	-15.306275	-11.852397
Slc10a3	-13.109051	-9.655172
Cdc26	-11.552857	-8.098979
Cbr4	-13.571674	-10.117796
Ccndbp1	-12.277753	-8.823874
Adamts6	-15.018594	-11.564715
Slc37a3	-13.037592	-9.583714
Nipa2	-11.5373535	-8.083475
Tmem170b	-12.261753	-8.807875
Tsku	-16.404888	-12.95101
Zfp36l2	-9.193331	-5.739453
Creb3l4	-16.404888	-12.95101
Plpp3	-14.79545	-11.341572
Csnk2a2	-12.142208	-8.68833
Pkn2	-11.317291	-7.8634133
Gm38134	-16.404888	-12.95101
Krr1	-12.821369	-9.367491
Mxra7	-12.310543	-8.856665
Nsun4	-13.226834	-9.772956
Igf1	-9.664368	-6.21049
4833438C02Rik	-12.667218	-9.21334
4933411E06Rik	-15.306275	-11.852397
Sdf2	-11.329714	-7.875836
Mmp13	-13.003691	-9.549812
Ywhaq	-10.636567	-7.182689
Atad3a	-13.003691	-9.549812
Iglc3	-12.9083805	-9.454502
Gm45542	-16.404888	-12.95101
Gm43111	-14.325446	-10.871568
Folr2	-8.746188	-5.29231
Zc3h15	-11.1737795	-7.7199016
Crtap	-12.598226	-9.144347
Actl6b	-16.404888	-12.95101
C030032O16Rik	-16.404888	-12.95101
Cd46	-15.306275	-11.852397
Tut1	-14.102303	-10.648424
Pbx3	-12.0873995	-8.633521
Tax1bp1	-10.338779	-6.8849015
Gm16094	-15.7117405	-12.257862
Snx25	-13.919981	-10.466103
Pcsk7	-12.667218	-9.21334
Fkbp4	-11.20639	-7.7525125
C330011M18Rik	-14.458978	-11.005099
Cobll1	-13.409156	-9.955277
Rfc1	-11.492233	-8.038355
Ahrr	-15.7117405	-12.257862
Etohd2	-14.458978	-11.005099
Ralgapa1	-12.55474	-9.100862
CAAA01147332.1	-12.79397	-9.340092
Dock11	-11.274989	-7.821111
Arsg	-14.79545	-11.341572
Sdf2l1	-10.788116	-7.3342385
Dctn6	-12.344445	-8.890567
Efemp2	-13.037592	-9.583714
Vcam1	-10.997716	-7.543838
Gm42802	-16.404888	-12.95101
Edaradd	-14.613129	-11.15925
Jpt2	-13.037592	-9.583714
Tmed2	-10.555563	-7.101685
Picalm	-9.596952	-6.143075
Fpgt	-13.409156	-9.955277
Oaf	-14.613129	-11.15925
Fam122b	-13.919981	-10.466103
Tmem135	-12.767302	-9.313423
Os9	-11.05778	-7.6039023
1110012L19Rik	-13.76583	-10.311952
Tnfrsf10b	-16.404888	-12.95101
Ptrh1	-14.613129	-11.15925
Clptm1	-11.463245	-8.009367
Exosc9	-13.037592	-9.583714
Tcf24	-16.404888	-12.95101
Cenpm	-13.072683	-9.618805
Mlxip	-11.695357	-8.241479
Setdb1	-11.741448	-8.28757
Cyp2r1	-14.79545	-11.341572
Rbm15b	-13.109051	-9.655172
Selenok-ps1	-13.76583	-10.311952
Ccs	-12.294014	-8.840136
Ablim1	-13.696837	-10.242959
F2r	-15.018594	-11.564715
Armc9	-14.458978	-11.005099
Atp6v1b2	-11.286894	-7.833016
Rbfox2	-13.696837	-10.242959
Grem2	-16.404888	-12.95101
2410080I02Rik	-13.460449	-10.006571
Mog	-15.306275	-11.852397
Naf1	-13.269394	-9.8155155
Lhfpl5	-16.404888	-12.95101
Enpep	-13.146791	-9.692913
Mark1	-16.404888	-12.95101
Fbxw11	-12.1144285	-8.66055
Sipa1l3	-12.716008	-9.26213
Zfr2	-15.018594	-11.564715
Pip4p2	-12.939152	-9.485273
Pot1a	-13.360365	-9.9064865
Cdc42ep4	-13.037592	-9.583714
Impdh2	-11.477634	-8.023756
Cd3eap	-12.691316	-9.237437
Pced1a	-13.696837	-10.242959
B430010I23Rik	-15.7117405	-12.257862
B4galt2	-15.018594	-11.564715
Zfp273	-15.7117405	-12.257862
Cit	-12.84954	-9.395661
Gm15408	-16.404888	-12.95101
Arhgap45	-11.002211	-7.5483327
Nbas	-13.409156	-9.955277
Ube2t	-13.571674	-10.117796
Adora2a	-14.207664	-10.753785
C1qtnf6	-16.404888	-12.95101
Kiz	-13.109051	-9.655172
Bcar1	-15.7117405	-12.257862
Dock10	-10.997716	-7.543838
Nedd4l	-13.360365	-9.9064865
Gldn	-16.404888	-12.95101
Gm15327	-15.306275	-11.852397
Mybl2	-14.613129	-11.15925
Pspc1	-12.667218	-9.21334
Nfatc3	-12.344445	-8.890567
Dll3	-16.404888	-12.95101
Rhebl1	-14.325446	-10.871568
Polg	-12.513067	-9.059189
Arhgap4	-12.970901	-9.517022
Hk2	-11.529691	-8.075812
Ddx10	-12.344445	-8.890567
Xdh	-11.067349	-7.6134715
Cep85	-12.741326	-9.287448
Serpinc1	-14.325446	-10.871568
Gng10	-10.887435	-7.433557
Rhbdl3	-15.306275	-11.852397
Selenop	-7.4145703	-3.960693
Psmb10	-10.871498	-7.41762
Trim24	-12.1144285	-8.66055
Elk4	-12.1282215	-8.674343
Bcl2a1c	-16.404888	-12.95101
G2e3	-12.821369	-9.367491
Trim21	-13.269394	-9.8155155
Osr1	-15.7117405	-12.257862
Tmem267	-14.207664	-10.753785
Gm17359	-16.404888	-12.95101
Frmd4b	-10.054002	-6.600124
Dnajc21	-12.2305	-8.776622
Mrpl50	-12.9083805	-9.454502
Nfkbie	-12.4730625	-9.019184
Zfp788	-14.458978	-11.005099
Fam124a	-16.404888	-12.95101
Stk40	-11.998169	-8.544291
Epb41l4aos	-11.986047	-8.532168
Gm17657	-16.404888	-12.95101
Gm41290	-16.404888	-12.95101
Pdzd3	-16.404888	-12.95101
Ring1	-12.397554	-8.943676
Ston1	-14.207664	-10.753785
Upf2	-11.750927	-8.297049
Rpl4	-9.3307705	-5.876893
G3bp1	-10.836543	-7.382665
Trbc2	-15.018594	-11.564715
Gm47772	-15.306275	-11.852397
Cdk10	-13.186012	-9.732134
Ercc6	-14.006992	-10.553114
Pdgfrl	-14.79545	-11.341572
Tcaf1	-13.313846	-9.859967
Ube2e1	-11.44906	-7.9951825
Pabpn1l	-14.613129	-11.15925
Fermt3	-10.510485	-7.056607
Cdc42bpg	-13.072683	-9.618805
Dpm1	-11.44906	-7.9951825
Rap1gap2	-13.696837	-10.242959
Dbi	-9.796887	-6.3430095
Evi5l	-13.839938	-10.38606
Nudt18	-13.037592	-9.583714
Me2	-11.938979	-8.485101
Tlr7	-11.13703	-7.6831517
1110019D14Rik	-13.514516	-10.060637
Mtmr14	-12.533687	-9.079808
Insig2	-12.434596	-8.980718
Ndufs1	-12.1144285	-8.66055
Lancl1	-12.55474	-9.100862
Mcm3	-11.8831	-8.429221
Pcgf1	-13.839938	-10.38606
Dnajc17	-13.313846	-9.859967
Colec11	-15.7117405	-12.257862
Eln	-12.074155	-8.620276
Yrdc	-12.453644	-8.999765
Csrnp1	-11.20639	-7.7525125
Cetn3	-11.126773	-7.672895
Ttc38	-13.226834	-9.772956
Sfpq	-10.164612	-6.710734
Rngtt	-12.9083805	-9.454502
Nus1	-11.799718	-8.3458395
Scn3b	-14.79545	-11.341572
Dyrk3	-14.79545	-11.341572
Pqlc3	-13.037592	-9.583714
Ddit3	-11.37445	-7.920572
Lsg1	-12.533687	-9.079808
Cdc27	-12.878528	-9.424649
Mrps10	-13.109051	-9.655172
Trp53cor1	-15.7117405	-12.257862
Ier3ip1	-10.5022545	-7.0483766
Irgm2	-12.513067	-9.059189
Ldhc	-16.404888	-12.95101
Zfp781	-16.404888	-12.95101
Nlgn3	-15.306275	-11.852397
Rhot1	-12.200195	-8.746317
Vamp1	-13.460449	-10.006571
Rnf146	-12.379536	-8.925657
Ddx49	-12.716008	-9.26213
Crtc3	-12.0354395	-8.581561
Gm10638	-15.306275	-11.852397
D930015M05Rik	-15.7117405	-12.257862
Gsta3	-16.404888	-12.95101
Gm13657	-15.018594	-11.564715
Nosip	-12.310543	-8.856665
Cavin2	-13.571674	-10.117796
Vkorc1	-11.234404	-7.7805257
Mfap5	-12.79397	-9.340092
Gm34455	-10.91595	-7.462072
Rffl	-13.313846	-9.859967
Cenpv	-12.878528	-9.424649
Micos10	-10.324955	-6.871077
Zfp300	-15.018594	-11.564715
Fam98b	-12.2305	-8.776622
Gm43134	-16.404888	-12.95101
Retnla	-7.46308	-4.0092025
Wbp1	-13.146791	-9.692913
Bcl6	-11.799718	-8.3458395
Gfer	-12.170781	-8.716903
Kmt2a	-11.217502	-7.7636237
Zfp426	-13.460449	-10.006571
Slain2	-12.170781	-8.716903
Dhx30	-12.492865	-9.038986
Zc2hc1a	-13.514516	-10.060637
Frmd8	-12.415904	-8.962026
Mios	-13.839938	-10.38606
Nptxr	-14.006992	-10.553114
Gm20659	-16.404888	-12.95101
Rnpep	-11.05778	-7.6039023
Mcf2l	-16.404888	-12.95101
Mxd3	-14.006992	-10.553114
Thap8	-14.006992	-10.553114
Snx29	-11.986047	-8.532168
Rrbp1	-9.510218	-6.0563397
Jmjd7	-14.613129	-11.15925
Fkbp11	-14.613129	-11.15925
Prc1	-11.938979	-8.485101
Phf10	-12.170781	-8.716903
Ska2	-13.839938	-10.38606
Creld2	-12.261753	-8.807875
8030462N17Rik	-13.360365	-9.9064865
Plpbp	-11.732059	-8.27818
Lrrc58	-11.514539	-8.06066
Fam160b2	-13.269394	-9.8155155
Ulk3	-14.458978	-11.005099
Rnasek	-9.875469	-6.4215913
Pcdhgb4	-15.7117405	-12.257862
1700112J16Rik	-14.613129	-11.15925
Trio	-11.651298	-8.197419
Med25	-12.492865	-9.038986
Golga1	-12.970901	-9.517022
Slc3a1	-16.404888	-12.95101
Fscn1	-13.460449	-10.006571
Rgs18	-11.286894	-7.833016
Zranb1	-11.962236	-8.508358
E230016M11Rik	-16.404888	-12.95101
Neurl4	-12.970901	-9.517022
Vps50	-12.361836	-8.907958
Slc7a14	-16.404888	-12.95101
Akap1	-13.839938	-10.38606
Ank1	-15.7117405	-12.257862
Ankrd54	-12.576246	-9.122368
Batf2	-13.76583	-10.311952
4933401D09Rik	-16.404888	-12.95101
Suds3	-11.851011	-8.397133
Polr3g	-13.839938	-10.38606
Slc39a4	-16.404888	-12.95101
Vmn1r46	-16.404888	-12.95101
Zfp438	-15.018594	-11.564715
Eif2ak2	-11.732059	-8.27818
Dnah7b	-16.404888	-12.95101
BC017158	-13.919981	-10.466103
Adgrl3	-14.102303	-10.648424
Fam49a	-11.950541	-8.496662
Cep120	-12.379536	-8.925657
Myorg	-16.404888	-12.95101
Zfp652	-11.189952	-7.736074
Blvrb	-9.364351	-5.9104733
Zfp646	-12.533687	-9.079808
Kpnb1	-11.335983	-7.8821054
Ppm1d	-12.767302	-9.313423
Cbarp	-14.207664	-10.753785
1600014C10Rik	-13.919981	-10.466103
Mmachc	-16.404888	-12.95101
Slc1a3	-16.404888	-12.95101
Mpv17l2	-12.598226	-9.144347
Lysmd3	-12.0354395	-8.581561
Gaa	-11.938979	-8.485101
Nfkbia	-8.476842	-5.022964
Cryba4	-13.76583	-10.311952
Rfesd	-13.76583	-10.311952
Gm49322	-15.7117405	-12.257862
Zfp949	-15.018594	-11.564715
1700001K19Rik	-15.7117405	-12.257862
Gpkow	-13.226834	-9.772956
B230217C12Rik	-13.003691	-9.549812
Cdip1	-12.1144285	-8.66055
Ilrun	-11.651298	-8.197419
AI429214	-15.7117405	-12.257862
Six4	-15.306275	-11.852397
Gm36037	-16.404888	-12.95101
Atp6v0c	-8.93866	-5.484782
Bend4	-12.84954	-9.395661
A030005L19Rik	-16.404888	-12.95101
Zbtb8os	-12.1144285	-8.66055
AW112010	-11.394253	-7.940375
Gba	-12.048179	-8.5943
Nxpe5	-12.277753	-8.823874
Gcn1	-12.142208	-8.68833
Peg3	-14.325446	-10.871568
Cgas	-12.643687	-9.189809
Sestd1	-12.716008	-9.26213
Zfp986	-16.404888	-12.95101
Stc1	-16.404888	-12.95101
Nsd3	-11.121684	-7.667806
Sit1	-16.404888	-12.95101
Cracr2b	-11.974071	-8.520192
Ginm1	-12.434596	-8.980718
Vil1	-14.613129	-11.15925
Osbpl3	-13.313846	-9.859967
Gm31812	-16.404888	-12.95101
Cenpp	-13.409156	-9.955277
Nol10	-13.696837	-10.242959
Ccl6	-8.765245	-5.3113675
Prpf8	-11.348642	-7.8947644
Sord	-11.770159	-8.31628
Wsb2	-12.344445	-8.890567
Napa	-11.400942	-7.947064
Gid8	-12.327351	-8.873472
Uhmk1	-11.830176	-8.376298
Ttn	-16.404888	-12.95101
Stx18	-13.186012	-9.732134
Pitpnm2	-15.018594	-11.564715
Kcnk13	-12.598226	-9.144347
Nomo1	-12.821369	-9.367491
Ttc32	-12.741326	-9.287448
Phlda1	-11.1737795	-7.7199016
Sertad1	-10.355154	-6.901276
Pou6f1	-13.571674	-10.117796
Syn1	-15.018594	-11.564715
Per2	-13.003691	-9.549812
Cyb561	-15.018594	-11.564715
Mdm1	-14.207664	-10.753785
Eid2b	-14.458978	-11.005099
Map2k3os	-14.102303	-10.648424
Ctsb	-7.8671074	-4.41323
Lalba	-14.613129	-11.15925
Ap1m1	-12.327351	-8.873472
Fos	-7.854066	-4.4001884
Bop1	-13.226834	-9.772956
Rcbtb2	-12.18538	-8.731502
Vti1b	-11.625764	-8.1718855
D17H6S53E	-13.632299	-10.178421
Szrd1	-11.435075	-7.981197
Kcnk5	-13.76583	-10.311952
Slfn1	-13.696837	-10.242959
Xrcc4	-12.821369	-9.367491
Zfp942	-13.571674	-10.117796
Pde7a	-12.620698	-9.16682
Nbeal1	-11.568605	-8.114727
Prickle1	-14.79545	-11.341572
Mrto4	-12.361836	-8.907958
Krtcap2	-10.38144	-6.927562
Cenpf	-11.927551	-8.473673
Aacs	-14.102303	-10.648424
Wdr83os	-10.863625	-7.4097466
Sema4b	-13.696837	-10.242959
Jagn1	-12.434596	-8.980718
Crb3	-16.404888	-12.95101
Gnb2	-9.734121	-6.2802434
4930403P22Rik	-13.460449	-10.006571
Sf3a2	-12.294014	-8.840136
Gm26705	-16.404888	-12.95101
Gm29773	-16.404888	-12.95101
Gm10642	-15.306275	-11.852397
Cpt1c	-15.018594	-11.564715
Pgrmc2	-12.0228615	-8.568983
Dancr	-14.613129	-11.15925
Ufl1	-11.998169	-8.544291
Olfr873	-16.404888	-12.95101
Msl3	-11.872289	-8.41841
Rad21	-11.01126	-7.557382
Acd	-13.072683	-9.618805
Tmem30a	-11.168446	-7.7145677
Gcfc2	-14.006992	-10.553114
Map6	-16.404888	-12.95101
Cbr1	-12.576246	-9.122368
Pstpip2	-12.4730625	-9.019184
Nat8f1	-15.306275	-11.852397
Zdhhc18	-13.037592	-9.583714
Gm15751	-16.404888	-12.95101
Tpm4	-10.480632	-7.026754
Gm48604	-15.018594	-11.564715
Ing2	-12.0228615	-8.568983
Tns1	-10.575942	-7.122064
Noc2l	-11.750927	-8.297049
Arsb	-11.280924	-7.827046
Irf2bpl	-13.226834	-9.772956
Gm17089	-16.404888	-12.95101
Gnat3	-15.7117405	-12.257862
Abraxas1	-14.006992	-10.553114
Masp2	-16.404888	-12.95101
Idh3a	-12.513067	-9.059189
Nars	-10.521565	-7.0676875
Gm11032	-16.404888	-12.95101
Tmem168	-12.200195	-8.746317
Mapk6	-12.142208	-8.68833
Blcap	-12.939152	-9.485273
Crispld1	-16.404888	-12.95101
Tpgs2	-13.072683	-9.618805
Maff	-12.643687	-9.189809
Gm43063	-14.79545	-11.341572
Insyn2a	-16.404888	-12.95101
Cbx8	-13.514516	-10.060637
6430562O15Rik	-15.7117405	-12.257862
Klhl6	-11.830176	-8.376298
Vrk2	-11.872289	-8.41841
Cxcr3	-13.186012	-9.732134
Hivep3	-12.142208	-8.68833
6030445D17Rik	-16.404888	-12.95101
Tbc1d22a	-12.344445	-8.890567
Xpo5	-13.003691	-9.549812
Mki67	-11.126773	-7.672895
Chmp5	-11.048302	-7.594424
Ltb4r1	-12.246005	-8.792127
Fam171b	-15.7117405	-12.257862
Saraf	-10.993241	-7.5393634
Arhgef18	-13.186012	-9.732134
Cd209e	-15.306275	-11.852397
Lrrfip1	-11.168446	-7.7145677
Cry1	-14.102303	-10.648424
Magi3	-14.102303	-10.648424
Mroh2a	-16.404888	-12.95101
Mia3	-11.298943	-7.8450646
Slc6a20b	-16.404888	-12.95101
Tiam2	-15.306275	-11.852397
Poldip2	-12.620698	-9.16682
Polr3h	-13.632299	-10.178421
Mrpl44	-13.146791	-9.692913
Rpap2	-13.360365	-9.9064865
Kif1b	-11.081878	-7.628
Ppp1r14a	-12.821369	-9.367491
Isg20l2	-12.79397	-9.340092
Rufy3	-12.415904	-8.962026
Nt5e	-16.404888	-12.95101
Poln	-14.79545	-11.341572
Gm43387	-15.7117405	-12.257862
Stat6	-11.499613	-8.045734
Gm27010	-13.571674	-10.117796
Nim1k	-14.79545	-11.341572
B430306N03Rik	-15.7117405	-12.257862
Mtus1	-11.916251	-8.462373
Zfp202	-15.018594	-11.564715
Abcc5	-12.1144285	-8.66055
Lsm10	-12.294014	-8.840136
Tm2d2	-11.131888	-7.6780105
Gimap8	-16.404888	-12.95101
Hibadh	-12.074155	-8.620276
Trf	-8.405544	-4.951667
Mrps18b	-12.9083805	-9.454502
Serpinb6a	-10.082322	-6.628444
Hsdl1	-12.397554	-8.943676
Zmynd11	-11.407676	-7.953798
Gm20219	-15.306275	-11.852397
Fbxo32	-13.146791	-9.692913
Skil	-10.454246	-7.0003676
Supt4a	-10.813901	-7.360023
Washc4	-11.034249	-7.5803714
Scn8a	-16.404888	-12.95101
Kank3	-12.643687	-9.189809
Pbx1	-12.453644	-8.999765
Afmid	-13.632299	-10.178421
Gm16192	-15.7117405	-12.257862
Plcg1	-14.102303	-10.648424
Nmt1	-10.971166	-7.5172877
Upf1	-11.552857	-8.098979
Klra2	-13.269394	-9.8155155
Tmem29	-12.939152	-9.485273
1700094D03Rik	-12.878528	-9.424649
Uhrf1bp1	-13.919981	-10.466103
Cd72	-11.584606	-8.130728
Pole4	-11.6090975	-8.155219
Dchs1	-15.7117405	-12.257862
Phf11c	-16.404888	-12.95101
Dgka	-13.072683	-9.618805
Ppp2r2a	-11.311137	-7.8572593
Cdc42bpa	-13.269394	-9.8155155
Spaca6	-13.072683	-9.618805
Dcbld2	-14.006992	-10.553114
Vmn2r27	-16.404888	-12.95101
Hmgn5	-12.156392	-8.702514
Rrs1	-13.313846	-9.859967
Gm17300	-16.404888	-12.95101
Matn1	-16.404888	-12.95101
Samd15	-15.7117405	-12.257862
Prkaca	-12.415904	-8.962026
Rubcn	-12.246005	-8.792127
Zfp131	-11.456128	-8.00225
Gm35035	-16.404888	-12.95101
Bmp2k	-10.941056	-7.4871783
Galk1	-12.200195	-8.746317
Zfp933	-14.102303	-10.648424
Lemd2	-11.986047	-8.532168
Prpf31	-12.200195	-8.746317
Pde8b	-15.306275	-11.852397
Copz2	-12.294014	-8.840136
Herpud2	-11.950541	-8.496662
Tox4	-11.789767	-8.335889
Iqck	-16.404888	-12.95101
Slc2a9	-13.76583	-10.311952
Tanc1	-14.613129	-11.15925
Vps36	-11.5373535	-8.083475
Hsd17b10	-11.600866	-8.146988
Ppm1l	-15.306275	-11.852397
Sms	-11.830176	-8.376298
Gsdme	-12.716008	-9.26213
Gemin5	-13.313846	-9.859967
Rab39	-13.919981	-10.466103
Ddx58	-12.1144285	-8.66055
Tex11	-16.404888	-12.95101
Stc2	-16.404888	-12.95101
Piezo2	-16.404888	-12.95101
Kyat3	-16.404888	-12.95101
Fgd5	-14.79545	-11.341572
Bccip	-12.156392	-8.702514
Casp2	-12.878528	-9.424649
Cspp1	-12.100822	-8.646944
Aars2	-14.79545	-11.341572
Dnajc11	-13.037592	-9.583714
Zfhx2os	-16.404888	-12.95101
4933428G20Rik	-16.404888	-12.95101
Pacsin1	-15.7117405	-12.257862
Usf1	-11.872289	-8.41841
Cpeb4	-11.770159	-8.31628
Synpo	-13.696837	-10.242959
Dennd6a	-11.927551	-8.473673
Gm43328	-15.7117405	-12.257862
Taldo1	-10.304569	-6.8506913
Gm28404	-15.7117405	-12.257862
Ighg2b	-13.76583	-10.311952
Psmc4	-11.634203	-8.180325
Grwd1	-14.325446	-10.871568
Tex52	-16.404888	-12.95101
Gbp2	-12.397554	-8.943676
Rpa1	-12.620698	-9.16682
Atp13a3	-11.394253	-7.940375
D8Ertd738e	-9.967136	-6.5132585
Calhm5	-16.404888	-12.95101
Il3ra	-11.5373535	-8.083475
Tbc1d14	-11.317291	-7.8634133
Nek5	-16.404888	-12.95101
Rps19bp1	-12.048179	-8.5943
Pcdhgc4	-14.613129	-11.15925
Ptcd1	-13.76583	-10.311952
Baz2b	-10.895499	-7.4416213
Mettl2	-14.006992	-10.553114
Mpp5	-12.741326	-9.287448
Ypel3	-10.480632	-7.026754
Sorbs3	-12.533687	-9.079808
Aaas	-13.313846	-9.859967
Cul1	-11.400942	-7.947064
Rfx3	-13.76583	-10.311952
Bcorl1	-13.76583	-10.311952
Zfp954	-13.226834	-9.772956
Cox16	-11.13703	-7.6831517
Vcpkmt	-13.269394	-9.8155155
P2ry13	-12.246005	-8.792127
Gm16740	-15.018594	-11.564715
Gdi2	-9.506173	-6.052295
Htatsf1	-12.0873995	-8.633521
Nop10	-10.544102	-7.090224
Supt16	-11.16314	-7.7092624
Irf1	-10.755914	-7.302036
Mafb	-8.933524	-5.4796467
Med13l	-11.407676	-7.953798
Rab10	-10.8289385	-7.3750606
Psma4	-10.488686	-7.0348077
Mettl27	-15.7117405	-12.257862
Aff3	-13.632299	-10.178421
Kmt2e	-10.196298	-6.7424197
Gm26810	-15.306275	-11.852397
Tm2d3	-11.894029	-8.44015
Etfrf1	-13.460449	-10.006571
Champ1	-13.146791	-9.692913
Zfp770	-13.696837	-10.242959
E530011L22Rik	-14.102303	-10.648424
Acta1	-15.7117405	-12.257862
Gdap1l1	-15.7117405	-12.257862
Gm11175	-16.404888	-12.95101
Hist1h1e	-12.142208	-8.68833
Msi2	-12.55474	-9.100862
Vcp	-10.151059	-6.697181
Gm45187	-15.018594	-11.564715
Tmem123	-11.44906	-7.9951825
Naa38	-11.184532	-7.7306542
Cenph	-13.632299	-10.178421
Plcl1	-14.102303	-10.648424
Zfp207	-11.240102	-7.786224
Hist2h4	-14.458978	-11.005099
Smpd4	-13.226834	-9.772956
Gm10076	-8.97418	-5.520303
A630052C17Rik	-16.404888	-12.95101
Clptm1l	-11.470414	-8.016536
Tmem230	-11.348642	-7.8947644
Cers6	-13.037592	-9.583714
Zfp142	-14.006992	-10.553114
Gm47127	-16.404888	-12.95101
Hikeshi	-12.0228615	-8.568983
Adgrl4	-16.404888	-12.95101
Fars2	-12.84954	-9.395661
Atp11a	-13.269394	-9.8155155
Flnc	-15.7117405	-12.257862
Taf4	-12.821369	-9.367491
Pdzd2	-16.404888	-12.95101
Shcbp1	-13.514516	-10.060637
Kptn	-12.939152	-9.485273
H2afz	-8.8084955	-5.3546176
Pimreg	-13.76583	-10.311952
Strn4	-12.010439	-8.5565605
Smim20	-12.170781	-8.716903
Zbtb18	-12.9083805	-9.454502
Ndor1	-13.839938	-10.38606
Fbxo3	-12.0873995	-8.633521
AC142100.1	-15.7117405	-12.257862
Prpf38b	-10.810176	-7.356298
Hypk	-12.0228615	-8.568983
Dock7	-11.704408	-8.250529
Rhobtb2	-13.919981	-10.466103
Gimap4	-14.613129	-11.15925
Ets2	-10.844206	-7.390328
Vps37a	-12.576246	-9.122368
Sh3bgrl	-9.8946295	-6.4407516
Rps28	-7.334614	-3.8807364
Ccdc97	-12.767302	-9.313423
Tlr12	-15.306275	-11.852397
Pold3	-12.18538	-8.731502
Mt2	-10.707794	-7.2539163
Mfng	-12.9083805	-9.454502
Ccdc80	-14.006992	-10.553114
Ptch1	-13.839938	-10.38606
Mitd1	-12.513067	-9.059189
Sh2d3c	-15.018594	-11.564715
Higd1a	-11.251596	-7.7977185
Plekha4	-14.006992	-10.553114
Ttc41	-15.7117405	-12.257862
Lysmd1	-14.613129	-11.15925
Evi5	-11.484907	-8.031029
Cby1	-13.037592	-9.583714
Mast4	-14.325446	-10.871568
Hras	-11.642714	-8.188835
Hcfc1	-11.962236	-8.508358
Stradb	-13.409156	-9.955277
Crtam	-15.306275	-11.852397
Mpc1	-10.941056	-7.4871783
Wdr18	-12.453644	-8.999765
E430018J23Rik	-15.018594	-11.564715
Ndufb5	-10.636567	-7.182689
Elp4	-13.696837	-10.242959
Zfp974	-14.102303	-10.648424
S1pr1	-11.722756	-8.268878
Cct3	-11.157864	-7.7039857
Nol3	-16.404888	-12.95101
Nhlh1	-16.404888	-12.95101
9630028I04Rik	-14.207664	-10.753785
Lmo1	-12.415904	-8.962026
Myo9a	-11.600866	-8.146988
Ly6c1	-14.102303	-10.648424
Cep192	-12.513067	-9.059189
Tnfaip8l3	-14.79545	-11.341572
Gm13713	-15.306275	-11.852397
Prkx	-11.851011	-8.397133
Sgo1	-13.571674	-10.117796
Gm42893	-15.306275	-11.852397
Tollip	-12.620698	-9.16682
Bok	-16.404888	-12.95101
Lmo2	-10.423473	-6.9695954
Smdt1	-9.918727	-6.464849
Npr1	-13.146791	-9.692913
Dlc1	-13.76583	-10.311952
2310011J03Rik	-11.799718	-8.3458395
Lilrb4a	-10.262851	-6.808973
Isg20	-13.226834	-9.772956
Cks1b	-12.1282215	-8.674343
Snrnp200	-11.545075	-8.091197
Swi5	-10.521565	-7.0676875
Marcks	-8.985507	-5.531629
Vbp1	-12.048179	-8.5943
Tlcd2	-12.156392	-8.702514
Sfmbt1	-12.294014	-8.840136
Aldh3a2	-12.434596	-8.980718
Cpt2	-13.269394	-9.8155155
Mmp25	-15.7117405	-12.257862
Hoxa11os	-16.404888	-12.95101
Tmem45b	-16.404888	-12.95101
Abhd11	-12.598226	-9.144347
Fam83d	-14.458978	-11.005099
Nsun6	-12.100822	-8.646944
Casp12	-14.006992	-10.553114
Pfdn1	-11.111583	-7.657705
Polr3d	-13.186012	-9.732134
Pom121	-11.71354	-8.259662
Pcca	-13.186012	-9.732134
Tmtc3	-13.226834	-9.772956
Col6a3	-15.306275	-11.852397
Cnp	-11.600866	-8.146988
Ifrd1	-10.840367	-7.3864894
Hist1h3c	-13.146791	-9.692913
Safb2	-11.37445	-7.920572
Gm44175	-15.7117405	-12.257862
Spg21	-11.168446	-7.7145677
Gstm2	-13.76583	-10.311952
Zfp114	-15.306275	-11.852397
Foxk1	-12.821369	-9.367491
Gm4707	-15.018594	-11.564715
2610001J05Rik	-11.251596	-7.7977185
Mkrn2os	-15.7117405	-12.257862
Gm9803	-15.7117405	-12.257862
Zfhx3	-10.137688	-6.6838098
Dkc1	-12.576246	-9.122368
Psmd9	-12.492865	-9.038986
Cadm3	-16.404888	-12.95101
Esyt2	-12.0354395	-8.581561
Shoc2	-11.974071	-8.520192
Smad4	-11.686389	-8.232511
Gpr174	-15.018594	-11.564715
Ybx3	-11.779915	-8.326036
A630072M18Rik	-14.613129	-11.15925
Polr2f	-10.971166	-7.5172877
Banf1	-11.13703	-7.6831517
Stox1	-16.404888	-12.95101
Gm38190	-14.325446	-10.871568
Fgd6	-12.074155	-8.620276
Cd7	-15.7117405	-12.257862
Gpr31b	-15.7117405	-12.257862
Slc35e3	-14.006992	-10.553114
Tspan33	-13.76583	-10.311952
Tiprl	-11.8831	-8.429221
Cort	-16.404888	-12.95101
Fry	-12.716008	-9.26213
Ybey	-13.76583	-10.311952
Kif20a	-13.360365	-9.9064865
Dennd1b	-11.428154	-7.974276
Zranb2	-11.348642	-7.8947644
Nudt8	-13.76583	-10.311952
Kbtbd7	-13.696837	-10.242959
Ccm2l	-16.404888	-12.95101
Plch2	-16.404888	-12.95101
Alg11	-13.696837	-10.242959
Trip10	-12.970901	-9.517022
Gas7	-10.464717	-7.010839
Fam3c	-11.634203	-8.180325
Add1	-11.189952	-7.736074
Arhgap9	-11.44906	-7.9951825
Polr3b	-12.939152	-9.485273
Slc31a1	-11.851011	-8.397133
Gas1	-15.306275	-11.852397
AI838599	-15.018594	-11.564715
Snx11	-12.767302	-9.313423
Mib1	-11.779915	-8.326036
H2-M5	-16.404888	-12.95101
Inf2	-14.325446	-10.871568
Adck2	-13.109051	-9.655172
Gtpbp6	-13.76583	-10.311952
Ercc8	-14.79545	-11.341572
Mzt2	-13.072683	-9.618805
Adam15	-10.38144	-6.927562
Efna4	-14.458978	-11.005099
Fpgs	-14.006992	-10.553114
Sectm1a	-14.79545	-11.341572
Prkacb	-10.924249	-7.470371
Cirbp	-11.799718	-8.3458395
A330084C13Rik	-14.79545	-11.341572
Igflr1	-14.325446	-10.871568
Psmb7	-11.280924	-7.827046
Aoah	-11.298943	-7.8450646
Gm26533	-16.404888	-12.95101
Edem2	-12.061082	-8.6072035
Fig4	-13.360365	-9.9064865
Ccn5	-14.613129	-11.15925
Mindy3	-12.667218	-9.21334
Nsmce1	-11.8831	-8.429221
Dst	-11.625764	-8.1718855
Bcs1l	-13.409156	-9.955277
Ints2	-13.460449	-10.006571
Ccl8	-9.827026	-6.3731484
Cenpt	-14.102303	-10.648424
Psmc2	-11.317291	-7.8634133
Brcc3	-12.533687	-9.079808
Carm1	-13.360365	-9.9064865
Cacnb2	-16.404888	-12.95101
Jpx	-13.360365	-9.9064865
Hist1h3f	-13.269394	-9.8155155
Tesc	-16.404888	-12.95101
Acap1	-14.613129	-11.15925
Commd2	-11.872289	-8.41841
Il2rg	-12.0873995	-8.633521
Atad3aos	-15.306275	-11.852397
Gm14419	-15.018594	-11.564715
1700026D11Rik	-16.404888	-12.95101
Sirpb1a	-15.306275	-11.852397
Gm14154	-15.7117405	-12.257862
Rpl14	-8.587665	-5.133787
Zdhhc5	-12.2305	-8.776622
Gm14508	-14.79545	-11.341572
Gm48552	-15.7117405	-12.257862
Zfand3	-11.71354	-8.259662
Gm15322	-16.404888	-12.95101
Pcm1	-11.298943	-7.8450646
Prelid1	-10.7917595	-7.3378816
Efs	-15.7117405	-12.257862
Atp6v0a1	-11.152615	-7.6987367
Samd12	-15.7117405	-12.257862
St8sia6	-15.018594	-11.564715
Zfp472	-13.460449	-10.006571
Dse	-10.6747875	-7.2209096
Gm34086	-16.404888	-12.95101
Card11	-14.458978	-11.005099
Calm1	-8.241801	-4.7879233
Pcdhga9	-16.404888	-12.95101
Ccdc191	-12.970901	-9.517022
1700029H14Rik	-16.404888	-12.95101
Gm16239	-16.404888	-12.95101
Ppp1cb	-11.280924	-7.827046
Nr1h2	-11.695357	-8.241479
Cfap299	-15.7117405	-12.257862
Sh2d5	-16.404888	-12.95101
Ttyh1	-16.404888	-12.95101
Armcx6	-14.458978	-11.005099
Slfn2	-10.071609	-6.6177306
Slc18b1	-13.409156	-9.955277
Pyroxd2	-13.146791	-9.692913
Npm1	-9.2788	-5.8249226
D230025D16Rik	-13.072683	-9.618805
Mapre1	-10.53277	-7.078892
Kdm2a	-11.442043	-7.9881654
Il18r1	-14.79545	-11.341572
Prpf3	-12.55474	-9.100862
Gfra4	-14.79545	-11.341572
Zer1	-13.226834	-9.772956
Tasp1	-14.207664	-10.753785
Wdr75	-13.269394	-9.8155155
Adh7	-14.006992	-10.553114
Pmpca	-12.598226	-9.144347
Dbndd2	-11.760497	-8.306619
Pik3ap1	-11.400942	-7.947064
Ppp1r26	-16.404888	-12.95101
B3gat3	-11.950541	-8.496662
Echs1	-12.0873995	-8.633521
Jkamp	-12.361836	-8.907958
Akna	-11.986047	-8.532168
C1qa	-7.031323	-3.5774455
Fut10	-14.613129	-11.15925
Snx17	-11.317291	-7.8634133
Zfhx2	-13.072683	-9.618805
Larp1b	-12.643687	-9.189809
Ndfip1	-9.757199	-6.3033214
Fam167b	-14.006992	-10.553114
Txn2	-10.75944	-7.3055625
Hspd1	-10.766533	-7.312655
Igkv4-57-1	-12.361836	-8.907958
Slc30a1	-12.691316	-9.237437
Ankk1	-16.404888	-12.95101
Elmod3	-13.839938	-10.38606
Rbbp4	-11.16314	-7.7092624
Psmb1	-10.322669	-6.868791
Tmx1	-11.5373535	-8.083475
Twist2	-16.404888	-12.95101
Abcg3	-12.9083805	-9.454502
Zbtb7c	-15.306275	-11.852397
Ifi206	-12.878528	-9.424649
Tbcel	-12.667218	-9.21334
Apoc2	-14.458978	-11.005099
Gm10941	-15.306275	-11.852397
Nsun5	-13.632299	-10.178421
Lpar1	-12.878528	-9.424649
Fam13c	-14.79545	-11.341572
Phldb1	-14.207664	-10.753785
Sirt1	-11.770159	-8.31628
Rnft1	-12.513067	-9.059189
Copz1	-11.84054	-8.386662
Kcnq1	-14.102303	-10.648424
Basp1	-10.7772665	-7.3233886
AC171003.1	-16.404888	-12.95101
Bcl2a1a	-12.327351	-8.873472
Nynrin	-14.207664	-10.753785
S100a11	-9.9591675	-6.5052896
2310009A05Rik	-11.962236	-8.508358
Vcan	-14.613129	-11.15925
Ebag9	-12.878528	-9.424649
Nabp2	-12.0228615	-8.568983
Slc16a7	-11.600866	-8.146988
Nudc	-10.958151	-7.504273
Tbc1d10c	-14.613129	-11.15925
Aoc2	-16.404888	-12.95101
Fkbp5	-10.630336	-7.176458
Adcy6	-14.006992	-10.553114
Crebrf	-11.240102	-7.786224
Gas2l1	-12.415904	-8.962026
Gm8251	-12.576246	-9.122368
Bbip1	-11.651298	-8.197419
Lrpprc	-12.453644	-8.999765
Ttc19	-12.84954	-9.395661
Coasy	-13.269394	-9.8155155
Ints4	-13.072683	-9.618805
Smim40	-14.207664	-10.753785
Gpr155	-13.226834	-9.772956
Rpia	-12.9083805	-9.454502
Tle4	-11.189952	-7.736074
Ugt1a1	-16.404888	-12.95101
Kctd12b	-13.037592	-9.583714
Alpk2	-15.018594	-11.564715
Kctd7	-14.79545	-11.341572
Clk3	-12.0228615	-8.568983
Emilin1	-13.632299	-10.178421
Thap1	-13.839938	-10.38606
Gm49801	-15.306275	-11.852397
Pmpcb	-12.0873995	-8.633521
Havcr2	-13.072683	-9.618805
Trim59	-13.460449	-10.006571
Eps8l1	-14.458978	-11.005099
Cd247	-16.404888	-12.95101
Ap4e1	-14.006992	-10.553114
Cmss1	-13.109051	-9.655172
Gm37696	-16.404888	-12.95101
Ube2s	-10.158781	-6.704903
Rnf227	-12.821369	-9.367491
Cys1	-14.613129	-11.15925
2700081O15Rik	-13.632299	-10.178421
Tmem242	-12.327351	-8.873472
Pcyt1a	-11.592704	-8.138825
Arhgap27	-13.76583	-10.311952
Slmap	-11.927551	-8.473673
Ubash3b	-11.950541	-8.496662
Pofut1	-13.037592	-9.583714
Rce1	-12.492865	-9.038986
Mxra8	-13.571674	-10.117796
Fam8a1	-13.003691	-9.549812
Mphosph8	-11.732059	-8.27818
Cars2	-12.741326	-9.287448
Slc25a31	-16.404888	-12.95101
Dtna	-14.325446	-10.871568
Hars2	-12.970901	-9.517022
5031425F14Rik	-14.325446	-10.871568
Hoxc10	-16.404888	-12.95101
Cfp	-9.426674	-5.972796
Lyplal1	-14.458978	-11.005099
Haus4	-12.533687	-9.079808
Gm10612	-16.404888	-12.95101
Mtrex	-12.100822	-8.646944
Use1	-10.724715	-7.2708373
Dock8	-11.067349	-7.6134715
Gpr160	-12.0228615	-8.568983
Zfp46	-14.613129	-11.15925
Cited4	-15.7117405	-12.257862
Tut7	-9.902098	-6.44822
Dtx4	-13.186012	-9.732134
Emc2	-11.732059	-8.27818
Mical3	-14.102303	-10.648424
Gm32184	-16.404888	-12.95101
Uchl1	-15.018594	-11.564715
Ccdc167	-13.003691	-9.549812
B3galt6	-14.102303	-10.648424
Pik3r2	-13.313846	-9.859967
Lama2	-16.404888	-12.95101
Sdc4	-10.0146475	-6.5607696
Mrap	-15.306275	-11.852397
Sppl2b	-13.632299	-10.178421
4930473A02Rik	-16.404888	-12.95101
Lysmd4	-15.018594	-11.564715
Lhpp	-13.76583	-10.311952
Pum2	-10.795416	-7.341538
Sytl3	-14.79545	-11.341572
Igha	-7.8955245	-4.441647
A130051J06Rik	-16.404888	-12.95101
Rif1	-12.310543	-8.856665
4930578M07Rik	-15.7117405	-12.257862
Zfp821	-13.76583	-10.311952
4930488N15Rik	-15.306275	-11.852397
Tmtc1	-14.613129	-11.15925
Guca1a	-12.170781	-8.716903
Nsmaf	-12.277753	-8.823874
Tnrc18	-11.323483	-7.8696055
Gm41396	-16.404888	-12.95101
Osbpl2	-13.409156	-9.955277
Wdr3	-11.799718	-8.3458395
Zfp553	-14.102303	-10.648424
Wrap73	-13.313846	-9.859967
Cand2	-15.018594	-11.564715
Sin3a	-12.310543	-8.856665
Zfp800	-11.8831	-8.429221
Ssb	-10.649145	-7.195267
Xpc	-13.226834	-9.772956
Asap1	-11.142198	-7.6883197
Camsap2	-12.513067	-9.059189
Spint2	-13.109051	-9.655172
Twnk	-13.632299	-10.178421
Mkrn2	-13.269394	-9.8155155
Mterf1a	-15.7117405	-12.257862
Lin54	-12.79397	-9.340092
Cox19	-12.344445	-8.890567
Erp29	-9.654956	-6.2010784
Lrrc4	-16.404888	-12.95101
Gipc1	-11.974071	-8.520192
Fkbp8	-10.984353	-7.530475
Ngly1	-12.415904	-8.962026
Gatb	-13.313846	-9.859967
Anks6	-14.207664	-10.753785
Ppie	-12.327351	-8.873472
1810019N24Rik	-15.7117405	-12.257862
Zfp251	-13.919981	-10.466103
Eif2d	-13.696837	-10.242959
Gm17491	-14.458978	-11.005099
BC003965	-12.261753	-8.807875
Ogfod3	-13.839938	-10.38606
Kansl1	-11.428154	-7.974276
Cfap97	-13.003691	-9.549812
Serinc4	-15.7117405	-12.257862
Snx24	-12.453644	-8.999765
2500004C02Rik	-16.404888	-12.95101
Twsg1	-13.514516	-10.060637
Prmt3	-12.878528	-9.424649
Fam151b	-14.613129	-11.15925
Pecr	-13.409156	-9.955277
Sox5	-15.7117405	-12.257862
Prelid2	-13.226834	-9.772956
Zfp334	-16.404888	-12.95101
Efna2	-12.716008	-9.26213
Spns1	-12.533687	-9.079808
Ppm1a	-11.634203	-8.180325
Ice1	-12.277753	-8.823874
Mapk1	-11.484907	-8.031029
Zfp1	-13.072683	-9.618805
Pex26	-13.839938	-10.38606
Mipol1	-15.7117405	-12.257862
Scp2	-10.102269	-6.6483912
Ppp1r12b	-13.146791	-9.692913
Zfp839	-13.409156	-9.955277
Foxc1	-15.7117405	-12.257862
Ccdc113	-16.404888	-12.95101
Rnf145	-11.851011	-8.397133
1700066M21Rik	-14.325446	-10.871568
Angptl3	-15.306275	-11.852397
Mark2	-11.779915	-8.326036
Sfn	-15.306275	-11.852397
Shisa4	-14.006992	-10.553114
Tuba1b	-9.739204	-6.2853265
Swsap1	-15.018594	-11.564715
Ssrp1	-11.26909	-7.815212
Agmat	-16.404888	-12.95101
Zfp280d	-12.453644	-8.999765
Gm40645	-16.404888	-12.95101
Ppm1f	-13.76583	-10.311952
Zc3h4	-12.361836	-8.907958
Gm35166	-15.7117405	-12.257862
Ncoa3	-11.16314	-7.7092624
Olfml2a	-16.404888	-12.95101
Msantd2	-13.269394	-9.8155155
Fbxo46	-13.460449	-10.006571
Gm6213	-14.458978	-11.005099
Gm48682	-16.404888	-12.95101
Klhl32	-16.404888	-12.95101
Imp4	-11.905078	-8.4512
L3mbtl2	-13.571674	-10.117796
Entpd6	-13.839938	-10.38606
Zfp850	-14.79545	-11.341572
Klhl31	-16.404888	-12.95101
Pde4b	-11.01126	-7.557382
Gm36371	-14.325446	-10.871568
5430403G16Rik	-15.018594	-11.564715
Emd	-11.634203	-8.180325
Bcl7b	-11.576574	-8.122696
Slc9a6	-13.460449	-10.006571
Tmem126a	-11.962236	-8.508358
Dnajc16	-13.460449	-10.006571
Ensa	-11.342293	-7.888415
Med4	-12.533687	-9.079808
Mapk12	-15.306275	-11.852397
Rnasel	-10.836543	-7.382665
Btbd16	-15.7117405	-12.257862
Zfp867	-15.7117405	-12.257862
Gm43728	-13.632299	-10.178421
Arhgdib	-9.454073	-6.000195
Pcgf2	-15.7117405	-12.257862
2310039H08Rik	-13.003691	-9.549812
Arhgef12	-11.381007	-7.9271293
Chd9	-11.355032	-7.901154
2010309G21Rik	-15.7117405	-12.257862
Ppib	-9.536913	-6.0830355
Banp	-12.453644	-8.999765
Dtx3	-12.9083805	-9.454502
Tmem8	-11.998169	-8.544291
Rtl6	-14.613129	-11.15925
Ldlr	-12.100822	-8.646944
Rnf111	-11.552857	-8.098979
Slc25a4	-10.859711	-7.405833
Nup155	-12.878528	-9.424649
Mat2a	-9.643314	-6.189437
Rmst	-16.404888	-12.95101
S100a6	-9.338421	-5.884543
Ndufa11	-10.949567	-7.495689
Pdzd4	-16.404888	-12.95101
Lcp2	-11.5607	-8.106822
Yipf2	-13.632299	-10.178421
Gm20234	-15.306275	-11.852397
Ccdc126	-13.269394	-9.8155155
Crlf1	-15.7117405	-12.257862
Ppp2r5a	-11.2929	-7.839022
4933417D19Rik	-16.404888	-12.95101
Chchd3	-11.938979	-8.485101
2010007H06Rik	-16.404888	-12.95101
Gm21188	-11.986047	-8.532168
Ap5b1	-14.79545	-11.341572
6330408M09Rik	-15.306275	-11.852397
Mettl23	-11.760497	-8.306619
Timm23	-11.2231045	-7.7692266
Babam2	-12.142208	-8.68833
Ccdc115	-11.741448	-8.28757
Grina	-11.116621	-7.662743
Snx15	-12.821369	-9.367491
Gm7644	-16.404888	-12.95101
Khk	-12.0873995	-8.633521
Klf5	-16.404888	-12.95101
4930405A21Rik	-16.404888	-12.95101
Susd2	-16.404888	-12.95101
Psmd14	-11.962236	-8.508358
Exosc4	-12.361836	-8.907958
9530082P21Rik	-16.404888	-12.95101
Rab3d	-12.294014	-8.840136
Rfx2	-13.696837	-10.242959
Aldh2	-9.807742	-6.353864
Fabp5	-12.344445	-8.890567
Prdx1	-9.281215	-5.8273373
9230112E08Rik	-14.79545	-11.341572
0610039K10Rik	-15.7117405	-12.257862
Ddb1	-11.355032	-7.901154
Zfp984	-12.4730625	-9.019184
Sh3pxd2a	-11.651298	-8.197419
Gm13205	-14.613129	-11.15925
Phgdh	-14.325446	-10.871568
Rps3a1	-7.841956	-4.3880787
Sltm	-11.02499	-7.571112
A130014A01Rik	-13.76583	-10.311952
Spryd3	-13.460449	-10.006571
Lzts3	-15.018594	-11.564715
Dok3	-11.799718	-8.3458395
Ufd1	-12.667218	-9.21334
Tjp1	-14.79545	-11.341572
Arhgap6	-12.643687	-9.189809
Fap	-15.7117405	-12.257862
Mcee	-11.592704	-8.138825
Ttc1	-12.261753	-8.807875
Stat2	-12.1144285	-8.66055
Rsrp1	-9.008553	-5.5546746
H2-M3	-11.280924	-7.827046
Sorl1	-12.741326	-9.287448
Ftx	-13.696837	-10.242959
Flot2	-12.142208	-8.68833
Bag4	-13.003691	-9.549812
Lypla2	-11.789767	-8.335889
Tnf	-10.324955	-6.871077
1700102P08Rik	-16.404888	-12.95101
Dnajb5	-14.006992	-10.553114
A330040F15Rik	-16.404888	-12.95101
Pop4	-12.79397	-9.340092
Wdr44	-12.142208	-8.68833
Anxa4	-11.499613	-8.045734
Plekhm2	-12.0228615	-8.568983
Itga3	-14.79545	-11.341572
Tmem222	-12.379536	-8.925657
Twist1	-15.018594	-11.564715
Tfdp2	-12.767302	-9.313423
Ess2	-13.313846	-9.859967
Fam189a2	-14.613129	-11.15925
Lyst	-12.741326	-9.287448
Atp1b2	-14.79545	-11.341572
Trmt10b	-13.696837	-10.242959
Zfp729a	-12.767302	-9.313423
Gm20655	-14.79545	-11.341572
Rab34	-12.767302	-9.313423
Phldb3	-13.76583	-10.311952
Zmym1	-12.821369	-9.367491
Itpripl2	-11.147392	-7.6935143
Klf12	-16.404888	-12.95101
Gba2	-14.613129	-11.15925
Cdk11b	-11.263225	-7.8093467
Mrtfa	-11.950541	-8.496662
Gm36266	-14.458978	-11.005099
Rgs19	-11.592704	-8.138825
Vit	-16.404888	-12.95101
Gm16048	-16.404888	-12.95101
C430014B12Rik	-15.018594	-11.564715
Inhba	-15.306275	-11.852397
Prpsap1	-12.4730625	-9.019184
Rasgef1a	-15.7117405	-12.257862
Hoxb7	-16.404888	-12.95101
Fbxo22	-11.998169	-8.544291
Phf11a	-14.102303	-10.648424
Zfp182	-13.514516	-10.060637
Pard3b	-14.458978	-11.005099
Gm49027	-16.404888	-12.95101
Gm16181	-15.7117405	-12.257862
Trp53i11	-13.919981	-10.466103
Clstn3	-16.404888	-12.95101
Fam177a	-13.76583	-10.311952
Cfd	-16.404888	-12.95101
Gm42067	-16.404888	-12.95101
Jmy	-12.492865	-9.038986
Golm1	-12.9083805	-9.454502
Hnrnpu	-9.983266	-6.529388
Apoc1	-16.404888	-12.95101
Map1b	-12.533687	-9.079808
BC004004	-12.0228615	-8.568983
Cdc42ep2	-14.458978	-11.005099
Adk	-12.156392	-8.702514
Prrg1	-14.102303	-10.648424
Rab30	-14.79545	-11.341572
Map3k11	-11.686389	-8.232511
Esrra	-12.261753	-8.807875
Mex3d	-13.76583	-10.311952
Ddn	-15.7117405	-12.257862
Cacnb3	-16.404888	-12.95101
Gm33609	-16.404888	-12.95101
Kank1	-14.458978	-11.005099
Dhps	-12.156392	-8.702514
Mindy4	-14.79545	-11.341572
Lsamp	-15.306275	-11.852397
Lrp11	-16.404888	-12.95101
Mfsd5	-12.215233	-8.761354
Rcc2	-11.274989	-7.821111
Nectin4	-13.514516	-10.060637
Apeh	-12.821369	-9.367491
Srp68	-12.200195	-8.746317
4930539J05Rik	-15.018594	-11.564715
Gm49463	-15.306275	-11.852397
Atg4a	-14.325446	-10.871568
Socs1	-12.939152	-9.485273
Ccng2	-12.533687	-9.079808
4930548H24Rik	-16.404888	-12.95101
Pds5a	-11.470414	-8.016536
Gnptg	-12.397554	-8.943676
Commd10	-12.310543	-8.856665
Esf1	-11.625764	-8.1718855
Wdr46	-12.939152	-9.485273
Sh3bp5	-11.634203	-8.180325
Zfp111	-14.325446	-10.871568
Pik3r5	-12.434596	-8.980718
Ftl1-ps1	-11.381007	-7.9271293
Acot6	-16.404888	-12.95101
Psmf1	-13.003691	-9.549812
E2f5	-12.310543	-8.856665
Sap18	-10.507734	-7.0538564
Spi1	-9.719027	-6.2651486
Fbh1	-11.950541	-8.496662
Rab29	-12.741326	-9.287448
Zfp213	-14.006992	-10.553114
Yars	-13.186012	-9.732134
Spata1	-15.306275	-11.852397
Tjap1	-13.696837	-10.242959
Zfpl1	-12.667218	-9.21334
Vav1	-11.819921	-8.366042
Atp1a3	-13.919981	-10.466103
Serpini1	-14.325446	-10.871568
Cryab	-13.186012	-9.732134
Pde12	-12.9083805	-9.454502
Zpr1	-12.200195	-8.746317
Gm47644	-15.7117405	-12.257862
Azin1	-11.348642	-7.8947644
Cebpz	-11.16314	-7.7092624
Fam133b	-11.625764	-8.1718855
Wdfy1	-13.514516	-10.060637
Cav2	-12.4730625	-9.019184
Akip1	-13.313846	-9.859967
Tubb4a	-15.306275	-11.852397
1300002E11Rik	-13.360365	-9.9064865
8430429K09Rik	-14.613129	-11.15925
Stam2	-12.576246	-9.122368
Ctnnbip1	-11.809768	-8.355889
Ppa2	-12.327351	-8.873472
Slc26a9	-16.404888	-12.95101
Lpar3	-15.7117405	-12.257862
Mkks	-13.360365	-9.9064865
Amdhd1	-16.404888	-12.95101
Lcat	-15.7117405	-12.257862
Clec4d	-13.571674	-10.117796
Crlf3	-11.067349	-7.6134715
Abracl	-10.327246	-6.873368
Mid1	-11.938979	-8.485101
Bscl2	-11.617396	-8.163518
Kl	-16.404888	-12.95101
Maz	-11.552857	-8.098979
Ticam1	-13.226834	-9.772956
Spire1	-11.84054	-8.386662
Pdlim1	-11.367935	-7.9140573
Qrsl1	-14.006992	-10.553114
Plpp7	-15.018594	-11.564715
Clec9a	-13.514516	-10.060637
Zcchc14	-12.576246	-9.122368
Ndufb4	-10.658685	-7.204807
Kti12	-13.514516	-10.060637
Pparg	-13.919981	-10.466103
Auh	-12.492865	-9.038986
Pigf	-12.939152	-9.485273
Svbp	-11.927551	-8.473673
Apool	-13.571674	-10.117796
Twf1	-11.26909	-7.815212
Urod	-12.434596	-8.980718
Tnfsf10	-15.306275	-11.852397
Atic	-12.170781	-8.716903
Mrps6	-11.950541	-8.496662
Prmt7	-12.878528	-9.424649
Eml4	-11.84054	-8.386662
Polk	-12.878528	-9.424649
Ambra1	-12.939152	-9.485273
Rest	-11.8831	-8.429221
Steap3	-12.598226	-9.144347
Cdc42ep1	-15.7117405	-12.257862
Iqgap3	-13.360365	-9.9064865
Ptpn9	-12.643687	-9.189809
Tomm20l	-16.404888	-12.95101
Pdik1l	-13.186012	-9.732134
Psmd3	-11.741448	-8.28757
Ugcg	-11.131888	-7.6780105
Ccdc102a	-13.460449	-10.006571
Afap1l1	-11.861593	-8.407715
Snhg17	-14.613129	-11.15925
Hook2	-13.146791	-9.692913
Zbtb42	-14.102303	-10.648424
Naaa	-10.875459	-7.421581
Nsmce3	-12.492865	-9.038986
Grhpr	-13.632299	-10.178421
Cul5	-11.872289	-8.41841
Tmem116	-15.018594	-11.564715
Col7a1	-16.404888	-12.95101
Slx4ip	-13.360365	-9.9064865
Znrd1as	-13.839938	-10.38606
Slc39a12	-14.79545	-11.341572
Arl6ip1	-10.0349865	-6.5811086
Rasgrp4	-11.342293	-7.888415
Kcnj2	-15.306275	-11.852397
Wdr37	-12.200195	-8.746317
Stx12	-11.6775	-8.223621
Gm10484	-14.458978	-11.005099
Gm16081	-16.404888	-12.95101
Pigq	-13.313846	-9.859967
Traf7	-12.533687	-9.079808
Hip1r	-14.006992	-10.553114
Nme6	-13.514516	-10.060637
Trim56	-11.894029	-8.44015
Piwil2	-15.7117405	-12.257862
Unc93b1	-9.364351	-5.9104733
Gm37401	-16.404888	-12.95101
Usf2	-10.7315645	-7.2776866
Sbno1	-11.081878	-7.628
Rbpms	-12.620698	-9.16682
Tmem11	-12.415904	-8.962026
Zfp784	-15.306275	-11.852397
Gm12227	-16.404888	-12.95101
Kif19a	-13.839938	-10.38606
Meig1	-14.613129	-11.15925
Cpsf3	-12.200195	-8.746317
Cd300lg	-13.226834	-9.772956
Manbal	-12.010439	-8.5565605
Cdadc1	-13.269394	-9.8155155
Smtnl2	-16.404888	-12.95101
Cotl1	-9.566483	-6.1126046
Ppard	-12.716008	-9.26213
Ppp1r13b	-12.434596	-8.980718
Pcdh19	-15.7117405	-12.257862
Btbd7	-11.507048	-8.053169
Kifc3	-12.200195	-8.746317
Gm14168	-16.404888	-12.95101
Cipc	-14.325446	-10.871568
Dyrk1a	-11.927551	-8.473673
Dhx33	-13.696837	-10.242959
Bbx	-11.861593	-8.407715
Armcx5	-13.839938	-10.38606
Cat	-11.329714	-7.875836
Dcp2	-12.361836	-8.907958
Camsap1	-13.037592	-9.583714
Rab5a	-11.228738	-7.77486
Adat2	-14.458978	-11.005099
Sh2d1b1	-13.313846	-9.859967
AI427809	-14.458978	-11.005099
Zfp612	-16.404888	-12.95101
Gm9929	-16.404888	-12.95101
Mcph1	-13.514516	-10.060637
Cd69	-12.970901	-9.517022
Aste1	-13.919981	-10.466103
Pgp	-11.770159	-8.31628
Ncald	-15.306275	-11.852397
Cd300a	-10.770098	-7.31622
Scarb1	-12.667218	-9.21334
Fnip2	-12.434596	-8.980718
Timm8b	-11.545075	-8.091197
Gm10791	-14.79545	-11.341572
Tex264	-11.986047	-8.532168
Gm17056	-12.598226	-9.144347
Golga4	-11.634203	-8.180325
Sart1	-12.1144285	-8.66055
Stip1	-11.568605	-8.114727
Relb	-11.927551	-8.473673
Gm17025	-14.325446	-10.871568
Bcl2l11	-11.651298	-8.197419
Fastkd1	-14.102303	-10.648424
Xndc1	-14.207664	-10.753785
Mad2l2	-13.146791	-9.692913
Slc22a23	-14.102303	-10.648424
Bco2	-14.207664	-10.753785
Hdac4	-12.878528	-9.424649
Phax	-11.722756	-8.268878
Clcn7	-12.576246	-9.122368
Sparcl1	-14.207664	-10.753785
Gm16028	-16.404888	-12.95101
Lgmn	-9.098356	-5.6444783
Cad	-13.409156	-9.955277
Irgm1	-11.998169	-8.544291
Eogt	-13.360365	-9.9064865
Cd180	-12.1282215	-8.674343
Spns3	-15.306275	-11.852397
Tpt1	-6.910647	-3.4567695
Snap29	-12.010439	-8.5565605
Arhgap32	-16.404888	-12.95101
Pi4kb	-13.146791	-9.692913
Gm10101	-15.7117405	-12.257862
Sla2	-16.404888	-12.95101
Prr18	-15.018594	-11.564715
Bcas1	-16.404888	-12.95101
Puf60	-11.484907	-8.031029
Vwa5a	-10.810176	-7.356298
Katna1	-11.905078	-8.4512
Slc25a3	-9.549479	-6.095601
Zbtb46	-13.571674	-10.117796
Btbd19	-13.313846	-9.859967
Loxl1	-14.006992	-10.553114
Pag1	-12.397554	-8.943676
Nsrp1	-11.659956	-8.206078
Mnd1	-14.79545	-11.341572
Gm35867	-14.613129	-11.15925
Fbxo21	-13.696837	-10.242959
Pex10	-14.102303	-10.648424
Rpl35a	-7.4344554	-3.980578
Prox1	-14.325446	-10.871568
Tex43	-16.404888	-12.95101
Foxp4	-14.006992	-10.553114
Naip5	-12.643687	-9.189809
Ppbp	-14.458978	-11.005099
Ercc5	-12.513067	-9.059189
Fndc1	-15.7117405	-12.257862
Cmklr1	-11.081878	-7.628
Mrpl53	-12.4730625	-9.019184
Tmem33	-11.851011	-8.397133
Gm48855	-15.018594	-11.564715
Nek9	-12.0354395	-8.581561
Jsrp1	-16.404888	-12.95101
Tpk1	-13.146791	-9.692913
Fdx1	-12.434596	-8.980718
Senp8	-13.696837	-10.242959
Plod1	-11.507048	-8.053169
Bzw2	-12.821369	-9.367491
E2f2	-14.458978	-11.005099
Dhrs4	-12.4730625	-9.019184
Nudt2	-12.716008	-9.26213
Ccdc137	-14.006992	-10.553114
Pfn1	-8.540084	-5.086206
Snta1	-12.2305	-8.776622
Cc2d1b	-12.361836	-8.907958
Pot1b	-12.79397	-9.340092
Poll	-14.325446	-10.871568
Wdr82	-12.361836	-8.907958
Pfkfb3	-11.71354	-8.259662
Ercc6l2	-13.839938	-10.38606
Brix1	-12.246005	-8.792127
Zfp975	-14.613129	-11.15925
Apoe	-5.871965	-2.4180875
Zcchc3	-14.613129	-11.15925
Ahcyl1	-11.894029	-8.44015
Cmip	-11.779915	-8.326036
Fth1	-6.752557	-3.2986794
Gm32548	-16.404888	-12.95101
Atox1	-9.307339	-5.853461
Cth	-16.404888	-12.95101
Phlpp2	-12.821369	-9.367491
Fbxl5	-12.061082	-8.6072035
Kcnrg	-15.7117405	-12.257862
Xrcc1	-12.667218	-9.21334
1300017J02Rik	-15.306275	-11.852397
Gm10382	-13.072683	-9.618805
Nkrf	-14.207664	-10.753785
Cacng7	-15.7117405	-12.257862
Slc35a1	-13.226834	-9.772956
Syngr1	-14.613129	-11.15925
Tbc1d8	-12.878528	-9.424649
Il27	-16.404888	-12.95101
Cs	-11.809768	-8.355889
Sdhc	-11.342293	-7.888415
4933427D14Rik	-15.7117405	-12.257862
Epha2	-15.018594	-11.564715
Hmox1	-9.845272	-6.391394
Scml4	-15.306275	-11.852397
Terf2ip	-12.84954	-9.395661
Rybp	-11.819921	-8.366042
Gm16536	-13.571674	-10.117796
Ldhb	-13.919981	-10.466103
Coro6	-14.325446	-10.871568
Smarcal1	-12.667218	-9.21334
Csrp2	-11.234404	-7.7805257
Zbtb41	-13.919981	-10.466103
Farsb	-12.878528	-9.424649
Dbnl	-11.184532	-7.7306542
Slc49a4	-12.061082	-8.6072035
Mir99ahg	-11.722756	-8.268878
Dynll1	-9.554761	-6.1008835
Mapk3	-10.91595	-7.462072
Slc25a1	-12.533687	-9.079808
Ranbp6	-13.632299	-10.178421
Slc18a1	-16.404888	-12.95101
Lrrc59	-11.499613	-8.045734
Pou2af1	-14.207664	-10.753785
Paf1	-12.277753	-8.823874
Gm17435	-14.207664	-10.753785
Fbxo25	-13.696837	-10.242959
Mtfr2	-14.79545	-11.341572
Dera	-12.691316	-9.237437
Kmt2b	-12.277753	-8.823874
Smim6	-16.404888	-12.95101
Ccl7	-9.813214	-6.3593364
Ddx47	-11.872289	-8.41841
Cldn7	-15.7117405	-12.257862
Hspa9	-11.361463	-7.9075847
Spsb1	-15.7117405	-12.257862
Atp9b	-12.4730625	-9.019184
Sdr39u1	-14.207664	-10.753785
Sash3	-12.1282215	-8.674343
Plagl1	-16.404888	-12.95101
A830082N09Rik	-15.7117405	-12.257862
Zfp689	-15.306275	-11.852397
Hoxa5	-15.7117405	-12.257862
4732440D04Rik	-14.325446	-10.871568
Zfp873	-14.006992	-10.553114
Nabp1	-10.570077	-7.116199
2810468N07Rik	-15.7117405	-12.257862
Map9	-15.7117405	-12.257862
Naa40	-12.79397	-9.340092
Slc25a13	-13.514516	-10.060637
Smoc1	-14.325446	-10.871568
Josd1	-12.878528	-9.424649
4930553M12Rik	-16.404888	-12.95101
Adipor1	-11.168446	-7.7145677
F3	-15.306275	-11.852397
Gm37748	-16.404888	-12.95101
Tmem190	-15.7117405	-12.257862
Cog2	-13.146791	-9.692913
Cnbp	-10.273662	-6.8197837
Rasal2	-12.691316	-9.237437
Depdc1b	-15.306275	-11.852397
Ehmt2	-11.492233	-8.038355
Enkd1	-14.79545	-11.341572
Foxo1	-12.821369	-9.367491
Eef1b2	-8.934664	-5.480786
1810024B03Rik	-13.226834	-9.772956
Heatr5b	-13.072683	-9.618805
Tapbpl	-12.397554	-8.943676
Coq3	-13.696837	-10.242959
Fndc3a	-10.883427	-7.4295487
Phlpp1	-13.696837	-10.242959
Tceal3	-16.404888	-12.95101
1700001G11Rik	-15.7117405	-12.257862
Enpp1	-13.313846	-9.859967
Crem	-11.342293	-7.888415
Taok3	-10.590757	-7.1368794
Ncor1	-10.472643	-7.018765
Erlin1	-11.998169	-8.544291
Rab43	-11.189952	-7.736074
En2	-16.404888	-12.95101
U2af2	-11.305021	-7.8511434
Gm16152	-15.306275	-11.852397
Gm30978	-13.839938	-10.38606
Kctd17	-14.79545	-11.341572
Ifitm3	-8.509824	-5.0559464
Rpl36a-ps1	-14.102303	-10.648424
Aldh1b1	-15.018594	-11.564715
Prkab1	-12.576246	-9.122368
P4ha1	-11.234404	-7.7805257
Trmt61b	-14.325446	-10.871568
Olfr109	-16.404888	-12.95101
Usp40	-12.878528	-9.424649
Arfgap1	-13.226834	-9.772956
Pign	-12.691316	-9.237437
Tex14	-15.7117405	-12.257862
Prpf19	-11.799718	-8.3458395
Snx32	-13.919981	-10.466103
As3mt	-12.294014	-8.840136
Tmem82	-15.306275	-11.852397
Gm42595	-15.7117405	-12.257862
Srsf5	-9.8946295	-6.4407516
Kcmf1	-11.507048	-8.053169
Mepce	-10.993241	-7.5393634
Kctd18	-14.207664	-10.753785
Zfp473	-15.7117405	-12.257862
Zkscan6	-14.207664	-10.753785
1810062O18Rik	-15.7117405	-12.257862
Fgf18	-16.404888	-12.95101
Bach2os	-16.404888	-12.95101
Cpne8	-12.344445	-8.890567
Ncapg	-13.313846	-9.859967
Tada2a	-14.325446	-10.871568
Ctbp2	-11.5373535	-8.083475
Haus8	-12.533687	-9.079808
Adi1	-12.9083805	-9.454502
Cd93	-11.421281	-7.967403
Mul1	-13.360365	-9.9064865
Coro1b	-12.79397	-9.340092
Ephb2	-16.404888	-12.95101
Ythdf3	-11.830176	-8.376298
Cytl1	-11.962236	-8.508358
Nemf	-11.463245	-8.009367
Gm26826	-15.306275	-11.852397
Abce1	-12.0228615	-8.568983
Htra1	-13.360365	-9.9064865
Pikfyve	-11.617396	-8.163518
Gm50070	-13.76583	-10.311952
Cdpf1	-12.598226	-9.144347
Gnai2	-8.902701	-5.4488235
Tmem79	-14.79545	-11.341572
Dlx1	-16.404888	-12.95101
Mrps31	-12.9083805	-9.454502
Klf9	-10.087723	-6.633845
Tnfrsf11a	-11.916251	-8.462373
Tor1aip2	-12.0354395	-8.581561
Mphosph6	-12.691316	-9.237437
Lyrm9	-13.409156	-9.955277
Gm9999	-16.404888	-12.95101
Ythdc2	-12.598226	-9.144347
Gm26513	-16.404888	-12.95101
Neurl3	-10.7772665	-7.3233886
6430548M08Rik	-12.767302	-9.313423
Nedd8	-9.893143	-6.439265
Cmtm4	-12.361836	-8.907958
Hist2h2be	-13.696837	-10.242959
Ift81	-13.839938	-10.38606
Inpp5a	-13.313846	-9.859967
Ppp4r3b	-11.492233	-8.038355
Knl1	-12.878528	-9.424649
Cwf19l1	-14.102303	-10.648424
Polr3gl	-12.261753	-8.807875
Phf23	-11.381007	-7.9271293
Ncoa2	-11.830176	-8.376298
Mertk	-11.02961	-7.5757318
Fam214a	-12.878528	-9.424649
Pwwp2a	-12.327351	-8.873472
mt-Co2	-6.94972	-3.4958425
Cndp2	-10.6747875	-7.2209096
Arl6ip6	-12.310543	-8.856665
Cxcl1	-11.305021	-7.8511434
Ppp1r11	-11.217502	-7.7636237
Slc25a27	-14.613129	-11.15925
Nfs1	-12.598226	-9.144347
Olfr961	-16.404888	-12.95101
Ldhd	-16.404888	-12.95101
Cox6c	-9.36786	-5.9139824
Purb	-10.766533	-7.312655
Akap12	-14.79545	-11.341572
Nsmce2	-11.722756	-8.268878
Gm11697	-16.404888	-12.95101
Uqcr11	-9.905101	-6.451223
Necap1	-13.186012	-9.732134
Gga1	-11.799718	-8.3458395
Gm10570	-16.404888	-12.95101
Gm19719	-16.404888	-12.95101
Stac3	-14.458978	-11.005099
Gjc1	-15.018594	-11.564715
Gm26569	-14.79545	-11.341572
Nme5	-16.404888	-12.95101
Tmem229a	-15.7117405	-12.257862
Nubp1	-12.061082	-8.6072035
Saal1	-12.767302	-9.313423
5830416I19Rik	-15.018594	-11.564715
Map11	-12.620698	-9.16682
Gm3636	-16.404888	-12.95101
Gm4279	-16.404888	-12.95101
Tspyl1	-12.0354395	-8.581561
Tmem143	-13.696837	-10.242959
Pusl1	-13.460449	-10.006571
Esyt1	-11.659956	-8.206078
Sncg	-14.006992	-10.553114
Pdlim5	-11.499613	-8.045734
Eng	-12.215233	-8.761354
Gt(ROSA)26Sor	-12.327351	-8.873472
Homer2	-13.409156	-9.955277
Ino80b	-12.2305	-8.776622
Ecd	-13.072683	-9.618805
Prxl2a	-12.9083805	-9.454502
1810026B05Rik	-12.100822	-8.646944
D630023F18Rik	-16.404888	-12.95101
Cers4	-13.226834	-9.772956
Clec1b	-13.696837	-10.242959
Thrb	-13.919981	-10.466103
Trim44	-11.986047	-8.532168
Mrpl10	-12.691316	-9.237437
4930579G24Rik	-14.102303	-10.648424
Ankrd13d	-14.006992	-10.553114
Myef2	-13.226834	-9.772956
Timp3	-12.821369	-9.367491
Insyn2b	-16.404888	-12.95101
Peli2	-12.434596	-8.980718
Ctsf	-11.686389	-8.232511
6430590A07Rik	-14.613129	-11.15925
E230001N04Rik	-13.003691	-9.549812
Hdac7	-13.269394	-9.8155155
Slc16a14	-14.006992	-10.553114
Zfp607a	-14.102303	-10.648424
Col15a1	-14.613129	-11.15925
Glrx5	-11.704408	-8.250529
Bend5	-15.7117405	-12.257862
Coq8a	-14.458978	-11.005099
Vasn	-14.458978	-11.005099
H2-DMb2	-12.327351	-8.873472
Cep104	-13.460449	-10.006571
Trmt1l	-12.327351	-8.873472
Dhrs11	-14.207664	-10.753785
Gm33104	-15.7117405	-12.257862
Acad10	-15.018594	-11.564715
Avl9	-12.691316	-9.237437
Nbl1	-14.102303	-10.648424
Prdm5	-15.7117405	-12.257862
Atad1	-12.434596	-8.980718
Tnnc1	-15.7117405	-12.257862
C1rl	-13.919981	-10.466103
Ccl27a	-14.207664	-10.753785
2010315B03Rik	-13.269394	-9.8155155
Gm43660	-15.306275	-11.852397
Pfkfb2	-15.018594	-11.564715
Myadm	-10.573006	-7.1191278
Cct6a	-11.034249	-7.5803714
Galnt11	-11.8831	-8.429221
Znfx1	-11.695357	-8.241479
Necab2	-16.404888	-12.95101
Ucp2	-8.974773	-5.5208955
6720427I07Rik	-12.453644	-8.999765
Dapk2	-16.404888	-12.95101
Cdc14b	-12.970901	-9.517022
Rbm17	-11.514539	-8.06066
Gm44702	-15.018594	-11.564715
mt-Nd1	-7.9379354	-4.484058
Aatf	-12.821369	-9.367491
Kctd21	-13.919981	-10.466103
Rabep1	-11.514539	-8.06066
Tent5a	-9.595848	-6.1419706
Snrpc	-11.251596	-7.7977185
Itm2b	-7.4600763	-4.006199
Oas1a	-12.620698	-9.16682
Slc28a2	-12.453644	-8.999765
Ubb	-7.9663043	-4.512427
Cnot1	-11.44906	-7.9951825
Rabepk	-12.970901	-9.517022
Rarres2	-12.970901	-9.517022
Tmem209	-13.409156	-9.955277
AC132444.1	-16.404888	-12.95101
Txnl1	-11.179141	-7.725263
Gstm4	-14.102303	-10.648424
Chrna1os	-15.7117405	-12.257862
Dnajc7	-11.342293	-7.888415
Sphkap	-16.404888	-12.95101
Mindy2	-11.245832	-7.7919545
Tm9sf4	-11.617396	-8.163518
Gstm7	-15.7117405	-12.257862
Lrrc17	-15.7117405	-12.257862
Tigd2	-12.246005	-8.792127
Relch	-12.277753	-8.823874
Bola3	-12.200195	-8.746317
Gm43445	-15.306275	-11.852397
Dennd5a	-10.821391	-7.367513
Tnnc2	-16.404888	-12.95101
Fbxo33	-12.277753	-8.823874
1700112D23Rik	-16.404888	-12.95101
Sdsl	-16.404888	-12.95101
Accs	-13.919981	-10.466103
Pgam5	-13.146791	-9.692913
Gm45767	-15.306275	-11.852397
Hist1h2be	-13.839938	-10.38606
Tada2b	-13.226834	-9.772956
Gls	-10.371801	-6.9179235
Mmp17	-15.306275	-11.852397
Amn1	-13.037592	-9.583714
Ivd	-12.533687	-9.079808
Eif3d	-11.1737795	-7.7199016
Bsn	-16.404888	-12.95101
Cd52	-9.066649	-5.6127715
Dvl2	-12.074155	-8.620276
Crlf2	-10.671546	-7.217668
Mgst3	-12.0354395	-8.581561
Il15ra	-13.696837	-10.242959
Gm16225	-16.404888	-12.95101
Tubg1	-13.696837	-10.242959
Gm42962	-16.404888	-12.95101
Coq6	-14.102303	-10.648424
Cnppd1	-11.298943	-7.8450646
Rtl8c	-16.404888	-12.95101
Atp6v0e	-9.915683	-6.461805
Tmx3	-11.750927	-8.297049
Phf6	-13.109051	-9.655172
Tnpo2	-12.970901	-9.517022
Tmem156	-16.404888	-12.95101
Epor	-12.327351	-8.873472
Sulf1	-14.207664	-10.753785
Lbp	-16.404888	-12.95101
Zbed3	-14.102303	-10.648424
Cd200r3	-14.207664	-10.753785
Efr3a	-11.477634	-8.023756
Dhrs1	-11.819921	-8.366042
Pyroxd1	-13.146791	-9.692913
Ap1g1	-11.916251	-8.462373
St6galnac3	-16.404888	-12.95101
Tcirg1	-11.779915	-8.326036
Dock2	-10.755914	-7.302036
Rbm8a	-10.984353	-7.530475
Tma7	-9.960756	-6.5068784
Arglu1	-11.006725	-7.5528474
Coq4	-14.006992	-10.553114
Lyrm2	-12.533687	-9.079808
Tlr2	-10.975542	-7.521664
Slc2a12	-16.404888	-12.95101
Gm20429	-15.7117405	-12.257862
Uxt	-12.970901	-9.517022
Dnajc13	-11.020392	-7.5665145
Opa1	-12.513067	-9.059189
Ubqln1	-11.962236	-8.508358
Rfx7	-12.397554	-8.943676
Arhgef25	-14.613129	-11.15925
Tnfrsf12a	-12.55474	-9.100862
Cog8	-12.598226	-9.144347
Mrpl47	-13.632299	-10.178421
Gm4610	-16.404888	-12.95101
Wdr7	-13.632299	-10.178421
Upf3a	-11.872289	-8.41841
Atp5l	-9.447391	-5.9935126
Dcaf5	-12.741326	-9.287448
Trabd	-12.142208	-8.68833
Trrap	-12.0873995	-8.633521
Acta2	-9.717779	-6.263901
Sec13	-11.927551	-8.473673
Mapk8ip3	-13.109051	-9.655172
Olfr1342	-16.404888	-12.95101
Gm16556	-16.404888	-12.95101
Gm5089	-16.404888	-12.95101
Zc3h6	-14.207664	-10.753785
Cd44	-10.836543	-7.382665
Hopx	-12.767302	-9.313423
Smpd5	-15.018594	-11.564715
Tmco3	-12.716008	-9.26213
Acbd7	-16.404888	-12.95101
Ccdc88a	-10.899556	-7.445678
Tbc1d12	-12.9083805	-9.454502
Tbce	-12.970901	-9.517022
Col16a1	-13.919981	-10.466103
Bin1	-10.362255	-6.908377
Cldn15	-14.613129	-11.15925
Ube2w	-12.620698	-9.16682
Zfp3	-15.7117405	-12.257862
Dhcr24	-13.696837	-10.242959
Rnase6	-11.974071	-8.520192
Cx3cl1	-14.79545	-11.341572
Zfp866	-13.514516	-10.060637
Ndst2	-12.361836	-8.907958
Prkcsh	-11.617396	-8.163518
Gm36423	-16.404888	-12.95101
Crybb1	-16.404888	-12.95101
Gm10575	-14.325446	-10.871568
Thumpd1	-12.55474	-9.100862
Gm7324	-16.404888	-12.95101
Cse1l	-11.986047	-8.532168
Hexim2	-16.404888	-12.95101
Eri1	-11.986047	-8.532168
Slc25a26	-14.325446	-10.871568
Mrrf	-13.037592	-9.583714
Lix1l	-13.109051	-9.655172
Slc35f5	-12.939152	-9.485273
Plk1	-13.919981	-10.466103
Fcho2	-10.573006	-7.1191278
Xlr4c	-15.7117405	-12.257862
Usp21	-13.226834	-9.772956
Mrpl23	-10.584805	-7.1309266
Rassf5	-11.71354	-8.259662
Adgra3	-14.325446	-10.871568
Celsr2	-15.018594	-11.564715
Trappc6b	-11.348642	-7.8947644
Atp5md	-10.184298	-6.7304196
Hist1h3a	-14.613129	-11.15925
Nrg2	-13.186012	-9.732134
Alpk1	-13.313846	-9.859967
Emc4	-12.361836	-8.907958
2900026A02Rik	-14.325446	-10.871568
Adnp	-11.592704	-8.138825
Tmcc3	-11.819921	-8.366042
Zfp595	-13.037592	-9.583714
Iglv3	-15.306275	-11.852397
Ankmy2	-13.226834	-9.772956
Ttyh3	-11.651298	-8.197419
Gspt1	-11.179141	-7.725263
Hbs1l	-12.397554	-8.943676
Gm26759	-14.79545	-11.341572
Fam120c	-14.79545	-11.341572
Dnaic1	-16.404888	-12.95101
Nudcd2	-12.379536	-8.925657
Fggy	-13.409156	-9.955277
Atp5g2	-9.537954	-6.0840764
Gm47376	-16.404888	-12.95101
Plxna1	-12.939152	-9.485273
Naxe	-11.927551	-8.473673
Tmco4	-13.919981	-10.466103
Ptger2	-13.839938	-10.38606
Pim2	-14.207664	-10.753785
Bmp3	-16.404888	-12.95101
Mcpt4	-9.905101	-6.451223
Nup35	-13.514516	-10.060637
Map2k2	-11.015816	-7.561938
Atp5c1	-10.176376	-6.7224984
Pex7	-12.215233	-8.761354
Zkscan3	-11.84054	-8.386662
Sell	-13.919981	-10.466103
Lims2	-13.632299	-10.178421
Nfatc2ip	-13.269394	-9.8155155
Il18	-11.905078	-8.4512
Tent5c	-12.741326	-9.287448
A830035A12Rik	-16.404888	-12.95101
Snip1	-13.571674	-10.117796
Dkkl1	-15.7117405	-12.257862
Klrg2	-15.018594	-11.564715
Clpb	-13.003691	-9.549812
Spata5	-13.76583	-10.311952
A830005F24Rik	-16.404888	-12.95101
Fis1	-10.658685	-7.204807
Zfr	-11.651298	-8.197419
9630013D21Rik	-14.79545	-11.341572
Gas5	-9.664368	-6.21049
Klf6	-9.259691	-5.805814
Gm20878	-16.404888	-12.95101
Arhgap27os1	-16.404888	-12.95101
Rbm10	-13.146791	-9.692913
Pltp	-8.744773	-5.2908955
Khdrbs3	-15.018594	-11.564715
Ing5	-12.397554	-8.943676
Prepl	-14.102303	-10.648424
Cchcr1	-14.207664	-10.753785
Zfp664	-12.513067	-9.059189
Syf2	-10.694461	-7.240583
2900076A07Rik	-14.207664	-10.753785
Cntnap3	-16.404888	-12.95101
Rbm38	-12.939152	-9.485273
Rnf166	-11.927551	-8.473673
Pmm1	-13.186012	-9.732134
Ccdc59	-11.428154	-7.974276
Gm47601	-15.018594	-11.564715
Gm43113	-14.458978	-11.005099
Tango2	-12.434596	-8.980718
Atp5b	-9.841032	-6.387154
Irf2bp1	-12.55474	-9.100862
Adgre1	-9.604717	-6.15084
Stat5a	-12.84954	-9.395661
Morc3	-11.274989	-7.821111
Zcrb1	-11.043595	-7.5897174
Klhl13	-13.146791	-9.692913
Prkcq	-14.006992	-10.553114
Tatdn2	-12.55474	-9.100862
Hjurp	-12.200195	-8.746317
Acat1	-11.189952	-7.736074
Dhx16	-12.327351	-8.873472
Lcorl	-11.779915	-8.326036
Hey2	-14.458978	-11.005099
Polr1d	-10.309063	-6.855185
Slc35b4	-12.84954	-9.395661
Bet1l	-11.962236	-8.508358
Chd7	-12.1282215	-8.674343
Gm17455	-16.404888	-12.95101
A430078I02Rik	-14.325446	-10.871568
Gm40723	-16.404888	-12.95101
Psme2b	-12.261753	-8.807875
Il7r	-14.207664	-10.753785
Bhlhe41	-13.072683	-9.618805
4732471J01Rik	-15.306275	-11.852397
Fxr1	-10.953849	-7.499971
Cep295nl	-15.018594	-11.564715
Ubr2	-11.286894	-7.833016
Pglyrp1	-14.006992	-10.553114
Tmem64	-12.344445	-8.890567
Mmrn2	-14.006992	-10.553114
Acaca	-13.313846	-9.859967
Ankhd1	-11.367935	-7.9140573
Lonrf1	-13.632299	-10.178421
Gm49774	-11.986047	-8.532168
Ccpg1os	-14.79545	-11.341572
Mpeg1	-10.499526	-7.045648
Tbx2	-15.7117405	-12.257862
Ugp2	-11.760497	-8.306619
Tmem131	-11.651298	-8.197419
Morf4l2	-11.217502	-7.7636237
Comp	-15.7117405	-12.257862
Rorc	-16.404888	-12.95101
Nrm	-12.4730625	-9.019184
Map3k3	-12.0873995	-8.633521
Taf6l	-13.514516	-10.060637
Gbp5	-14.006992	-10.553114
Cyb5rl	-14.613129	-11.15925
Arhgap21	-12.84954	-9.395661
Crtc1	-14.325446	-10.871568
Xpnpep3	-13.313846	-9.859967
Bms1	-11.894029	-8.44015
Arnt	-12.100822	-8.646944
Mrgbp	-13.632299	-10.178421
St6galnac5	-16.404888	-12.95101
Arhgap23	-13.072683	-9.618805
Taf5	-12.970901	-9.517022
Khdc4	-12.2305	-8.776622
Mageh1	-15.018594	-11.564715
Tbc1d25	-14.006992	-10.553114
Map3k10	-13.269394	-9.8155155
Tsr1	-13.696837	-10.242959
Lsm5	-11.5607	-8.106822
Mvd	-13.839938	-10.38606
Mctp1	-11.043595	-7.5897174
Zfp955b	-13.514516	-10.060637
Arpp19	-10.480632	-7.026754
Il23a	-14.79545	-11.341572
F8	-15.018594	-11.564715
Acin1	-10.433626	-6.9797482
Plek	-9.849531	-6.3956532
Rpl30	-7.810548	-4.3566704
Mrpl57	-11.44906	-7.9951825
Hdac2	-12.261753	-8.807875
Cln5	-12.434596	-8.980718
Trim17	-14.325446	-10.871568
Plekhn1	-13.269394	-9.8155155
4933406I18Rik	-14.79545	-11.341572
Pip5k1c	-11.456128	-8.00225
Gosr1	-12.598226	-9.144347
Cdc37l1	-12.18538	-8.731502
Nlrx1	-13.696837	-10.242959
Ddx19b	-13.919981	-10.466103
Fxyd6	-15.7117405	-12.257862
Togaram1	-12.716008	-9.26213
Tmem139	-16.404888	-12.95101
Lamp1	-8.902149	-5.4482718
Carhsp1	-11.905078	-8.4512
Vapb	-11.323483	-7.8696055
Oas1c	-13.919981	-10.466103
Fam131b	-16.404888	-12.95101
Gm16853	-15.306275	-11.852397
Cd3e	-15.7117405	-12.257862
Lsp1	-9.981641	-6.527763
Gm9993	-13.839938	-10.38606
Brpf3	-13.360365	-9.9064865
Gm49768	-16.404888	-12.95101
Mlh3	-13.409156	-9.955277
Cggbp1	-10.988788	-7.5349097
Trnt1	-12.4730625	-9.019184
Impdh1	-12.9083805	-9.454502
Ndst1	-12.9083805	-9.454502
Ereg	-15.7117405	-12.257862
Pdgfrb	-14.325446	-10.871568
Atrip	-13.360365	-9.9064865
Abhd14a	-13.109051	-9.655172
Fam81a	-16.404888	-12.95101
Olfml3	-13.839938	-10.38606
Tcerg1l	-15.306275	-11.852397
Rcn3	-11.020392	-7.5665145
Ankrd40	-11.962236	-8.508358
Gpx7	-13.460449	-10.006571
Ncam1	-13.460449	-10.006571
A730017L22Rik	-14.79545	-11.341572
Ucn	-16.404888	-12.95101
Palm	-15.306275	-11.852397
Il18bp	-13.839938	-10.38606
Ankrd46	-12.9083805	-9.454502
Smc5	-12.18538	-8.731502
Cd151	-12.061082	-8.6072035
Ppp2r3a	-13.109051	-9.655172
Chchd4	-13.109051	-9.655172
2210011C24Rik	-14.79545	-11.341572
Rhog	-10.802769	-7.348891
Pi16	-14.006992	-10.553114
Yae1d1	-12.767302	-9.313423
Pitpna	-9.79959	-6.345712
Haao	-13.919981	-10.466103
Ptgir	-14.102303	-10.648424
Foxj3	-12.513067	-9.059189
Sae1	-12.074155	-8.620276
Cdk1	-12.294014	-8.840136
Card10	-15.7117405	-12.257862
Dnah12	-16.404888	-12.95101
Trim36	-12.970901	-9.517022
Arl2bp	-12.79397	-9.340092
Nup37	-13.919981	-10.466103
Sirt3	-13.460449	-10.006571
Soga1	-12.84954	-9.395661
Gm16316	-16.404888	-12.95101
Zfp106	-10.636567	-7.182689
Plpp5	-13.409156	-9.955277
Ap1g2	-13.146791	-9.692913
Exo1	-15.018594	-11.564715
Rab11b	-10.920091	-7.4662127
Gm10260	-15.7117405	-12.257862
Dap	-11.305021	-7.8511434
Rprd1b	-12.379536	-8.925657
Pmf1	-12.100822	-8.646944
Arl11	-11.779915	-8.326036
Rpa2	-12.434596	-8.980718
Tmem160	-10.825158	-7.37128
Rims3	-16.404888	-12.95101
Ap2a1	-12.84954	-9.395661
Ccdc68	-15.7117405	-12.257862
Chd3	-11.722756	-8.268878
Zfyve16	-12.18538	-8.731502
Ndufa7	-9.967136	-6.5132585
Sephs2	-12.576246	-9.122368
Gm39556	-14.458978	-11.005099
Mcmbp	-11.361463	-7.9075847
Strada	-13.460449	-10.006571
Zmynd15	-12.434596	-8.980718
Sugct	-15.7117405	-12.257862
Hdhd5	-15.018594	-11.564715
2310015D24Rik	-16.404888	-12.95101
Aga	-12.415904	-8.962026
Map7d1	-11.184532	-7.7306542
Capn15	-13.003691	-9.549812
Atf7	-11.894029	-8.44015
Tmem8b	-15.018594	-11.564715
Vwa1	-14.458978	-11.005099
Tex22	-16.404888	-12.95101
Ube3a	-10.984353	-7.530475
Fcrl1	-15.018594	-11.564715
Dhx40	-11.2231045	-7.7692266
Rrm2	-12.821369	-9.367491
Nt5dc3	-13.109051	-9.655172
Stau1	-12.200195	-8.746317
Slc16a10	-12.1144285	-8.66055
Rnf144a	-15.018594	-11.564715
Mrpl35	-12.156392	-8.702514
Gm10643	-14.325446	-10.871568
Zfp994	-12.821369	-9.367491
Gm8369	-12.9083805	-9.454502
Tcf25	-10.518784	-7.0649056
Pilra	-12.1144285	-8.66055
Fbxl15	-12.767302	-9.313423
9130016M20Rik	-15.7117405	-12.257862
Mir155hg	-15.306275	-11.852397
Mthfd1	-12.939152	-9.485273
Crispld2	-14.79545	-11.341572
Slc38a6	-12.215233	-8.761354
Guf1	-13.571674	-10.117796
Cant1	-12.048179	-8.5943
Ppargc1b	-13.460449	-10.006571
Espn	-13.409156	-9.955277
Idh1	-11.394253	-7.940375
Foxo3	-12.0873995	-8.633521
Parva	-14.613129	-11.15925
Mrps18c	-11.545075	-8.091197
Nanp	-14.006992	-10.553114
Tmem60	-12.513067	-9.059189
Ak1	-15.306275	-11.852397
Mlst8	-14.458978	-11.005099
Emid1	-16.404888	-12.95101
Atxn7	-11.962236	-8.508358
Nans	-11.722756	-8.268878
Ppp2r2d	-11.750927	-8.297049
Rbm12b2	-13.76583	-10.311952
Ttc17	-13.003691	-9.549812
Adam33	-11.5373535	-8.083475
Eldr	-13.313846	-9.859967
Ptcra	-15.7117405	-12.257862
Col8a1	-16.404888	-12.95101
Hspa14	-11.760497	-8.306619
Mir100hg	-15.306275	-11.852397
Dpm2	-11.927551	-8.473673
Alkbh4	-14.613129	-11.15925
Fam220a-1	-15.7117405	-12.257862
Ctdnep1	-11.342293	-7.888415
Gadd45b	-9.497132	-6.0432544
Fkbp7	-13.409156	-9.955277
Gdpd5	-13.919981	-10.466103
Ctps2	-12.397554	-8.943676
Slc35g1	-13.696837	-10.242959
Zfp324	-16.404888	-12.95101
Cox11	-14.325446	-10.871568
Zfyve21	-12.156392	-8.702514
Rplp1	-7.0728602	-3.6189828
A730011C13Rik	-15.018594	-11.564715
Bex1	-15.7117405	-12.257862
Gamt	-12.1144285	-8.66055
Speg	-14.102303	-10.648424
Rnf225	-15.7117405	-12.257862
Gm15991	-15.7117405	-12.257862
D130040H23Rik	-13.919981	-10.466103
Usp46	-13.313846	-9.859967
Mfsd4b4	-14.613129	-11.15925
Gm5431	-12.767302	-9.313423
Flrt2	-14.006992	-10.553114
Tceal9	-10.587776	-7.1338983
Bod1	-12.821369	-9.367491
Lmbrd1	-11.335983	-7.8821054
Mif	-10.895499	-7.4416213
Fam171a1	-15.306275	-11.852397
Gm26797	-14.006992	-10.553114
Zfp560	-12.691316	-9.237437
Rassf7	-15.306275	-11.852397
Dnm1l	-11.861593	-8.407715
Cr2	-15.018594	-11.564715
Adgrg6	-12.215233	-8.761354
Gpr35	-13.360365	-9.9064865
Srebf2	-11.66869	-8.214811
Tsr3	-13.313846	-9.859967
Cyth3	-11.830176	-8.376298
Cybc1	-11.484907	-8.031029
Noc4l	-13.839938	-10.38606
Atp6v0d2	-13.571674	-10.117796
1700017B05Rik	-11.086768	-7.63289
Fam216a	-14.325446	-10.871568
Naip6	-13.109051	-9.655172
Mettl18	-14.79545	-11.341572
Pex16	-13.226834	-9.772956
Serpinb6b	-14.207664	-10.753785
Kcnj10	-15.018594	-11.564715
Chuk	-12.691316	-9.237437
Rraga	-11.830176	-8.376298
Tbc1d1	-12.344445	-8.890567
Gm5464	-15.7117405	-12.257862
Tlnrd1	-12.767302	-9.313423
Idnk	-11.750927	-8.297049
Oser1	-11.361463	-7.9075847
Msh6	-12.533687	-9.079808
Tpcn2	-13.460449	-10.006571
Cebpe	-14.613129	-11.15925
Ccdc90b	-12.200195	-8.746317
Zfhx4	-16.404888	-12.95101
Tceal8	-11.686389	-8.232511
N6amt1	-12.643687	-9.189809
Gm44296	-16.404888	-12.95101
Pde2a	-12.667218	-9.21334
Gdf7	-16.404888	-12.95101
Gm12524	-15.7117405	-12.257862
Tnks	-12.310543	-8.856665
Xxylt1	-12.970901	-9.517022
Gm4258	-14.613129	-11.15925
Gm26865	-16.404888	-12.95101
Crybg3	-11.522086	-8.068208
Decr1	-12.741326	-9.287448
Fam160a2	-13.696837	-10.242959
Btrc	-13.409156	-9.955277
Gins4	-12.261753	-8.807875
Endog	-13.360365	-9.9064865
Cspg5	-13.76583	-10.311952
Msrb1	-11.5373535	-8.083475
Mrps26	-11.962236	-8.508358
Gm14636	-12.0873995	-8.633521
Ndrg4	-15.306275	-11.852397
1700003F12Rik	-14.006992	-10.553114
Vps4a	-12.215233	-8.761354
Runx3	-11.851011	-8.397133
Nup153	-12.142208	-8.68833
Llgl1	-13.226834	-9.772956
Abcd4	-12.878528	-9.424649
Gm29675	-15.018594	-11.564715
Fhdc1	-15.7117405	-12.257862
1190007I07Rik	-12.667218	-9.21334
Zbp1	-12.18538	-8.731502
Vps13d	-12.215233	-8.761354
Calr	-9.31815	-5.8642716
Endov	-14.207664	-10.753785
Gm10762	-13.919981	-10.466103
Acox3	-12.1144285	-8.66055
Ndufb7	-10.208444	-6.7545657
Vps37b	-11.927551	-8.473673
Tnfrsf22	-15.7117405	-12.257862
Nup188	-13.186012	-9.732134
Fcho1	-14.79545	-11.341572
Cdc42	-9.048608	-5.59473
Fgfrl1	-14.102303	-10.648424
Gtf3c1	-12.716008	-9.26213
Mastl	-13.460449	-10.006571
Borcs7	-12.691316	-9.237437
Gstt3	-14.102303	-10.648424
Vps29	-11.072169	-7.6182914
Ppp1r8	-13.037592	-9.583714
Prnp	-13.919981	-10.466103
Tead3	-15.018594	-11.564715
Pcif1	-11.760497	-8.306619
Cstad	-15.7117405	-12.257862
Gm37170	-15.7117405	-12.257862
Mrps35	-12.643687	-9.189809
Slc12a5	-14.102303	-10.648424
2410004P03Rik	-15.7117405	-12.257862
Alms1	-13.514516	-10.060637
Zxdb	-13.571674	-10.117796
Tango6	-14.102303	-10.648424
Gm17231	-16.404888	-12.95101
Tap1	-11.6775	-8.223621
Polrmt	-14.006992	-10.553114
Atp5g3	-10.587776	-7.1338983
March2	-11.830176	-8.376298
Gm42744	-16.404888	-12.95101
Zscan2	-15.018594	-11.564715
Rpl35	-8.272475	-4.8185973
Gm2814	-15.7117405	-12.257862
Vasp	-11.286894	-7.833016
Cnih1	-11.584606	-8.130728
Tbc1d23	-12.170781	-8.716903
Tepsin	-14.207664	-10.753785
Prpsap2	-12.074155	-8.620276
Pole2	-13.226834	-9.772956
Yipf4	-11.861593	-8.407715
Ifitm1	-14.325446	-10.871568
Itih4	-14.79545	-11.341572
9930021J03Rik	-11.962236	-8.508358
Sgtb	-15.306275	-11.852397
Atl1	-15.7117405	-12.257862
Bbs9	-14.207664	-10.753785
Pid1	-10.059252	-6.605374
Irf6	-16.404888	-12.95101
Qser1	-12.492865	-9.038986
Rabl2	-14.325446	-10.871568
Fam173a	-11.428154	-7.974276
Vps35l	-11.950541	-8.496662
Kif21b	-13.186012	-9.732134
Pgap1	-12.453644	-8.999765
Ccdc39	-15.018594	-11.564715
Strn	-12.261753	-8.807875
Mbd1	-12.716008	-9.26213
Tubgcp5	-11.789767	-8.335889
Plekhg5	-11.414455	-7.9605775
Zfp180	-13.072683	-9.618805
Zmiz2	-11.625764	-8.1718855
Il17rc	-15.018594	-11.564715
Stk10	-11.584606	-8.130728
Cerkl	-15.018594	-11.564715
Klf13	-10.345764	-6.891886
Cdk6	-11.704408	-8.250529
Smc2os	-15.7117405	-12.257862
Pipox	-16.404888	-12.95101
Rnf19b	-10.91595	-7.462072
Tbcd	-13.409156	-9.955277
Map4k2	-13.109051	-9.655172
Ankfy1	-11.499613	-8.045734
C130036L24Rik	-16.404888	-12.95101
Slc38a10	-11.584606	-8.130728
Ptma	-8.074265	-4.620387
Rnf2	-11.986047	-8.532168
Pik3r3	-14.79545	-11.341572
Fam20a	-15.018594	-11.564715
D030028A08Rik	-14.325446	-10.871568
Eif4b	-10.6911545	-7.2372766
Ehd1	-10.684576	-7.230698
Zfp513	-12.878528	-9.424649
Fam92a	-13.514516	-10.060637
Map4k4	-11.421281	-7.967403
Zfp827	-15.018594	-11.564715
Pcdhga6	-15.306275	-11.852397
Snx3	-9.750735	-6.2968574
Dsel	-13.571674	-10.117796
Pfkp	-12.010439	-8.5565605
Susd3	-12.074155	-8.620276
Hk1	-12.453644	-8.999765
Tmem131l	-11.974071	-8.520192
Pik3r4	-12.9083805	-9.454502
Usp10	-13.003691	-9.549812
Tsg101	-11.704408	-8.250529
Arhgef39	-14.207664	-10.753785
Fubp1	-11.335983	-7.8821054
Usp9x	-11.02961	-7.5757318
Gm14029	-16.404888	-12.95101
6030442K20Rik	-15.7117405	-12.257862
Pfn2	-15.306275	-11.852397
Rbmx2	-12.970901	-9.517022
Atxn7l3	-12.513067	-9.059189
Aplp2	-9.890175	-6.436297
Oasl2	-11.659956	-8.206078
Rpl15	-8.460041	-5.006163
Thumpd2	-14.458978	-11.005099
Nedd9	-12.741326	-9.287448
Gale	-13.76583	-10.311952
Fubp3	-12.741326	-9.287448
Rnf122	-14.458978	-11.005099
Wrn	-12.4730625	-9.019184
Gm13999	-16.404888	-12.95101
Slc16a6	-11.962236	-8.508358
Rpl7a	-8.815552	-5.361674
Lpin2	-11.704408	-8.250529
Gm16302	-16.404888	-12.95101
Nsg1	-15.7117405	-12.257862
Alg8	-13.409156	-9.955277
2210016L21Rik	-11.998169	-8.544291
Znrf1	-12.878528	-9.424649
Snhg1	-10.966808	-7.5129304
Ube2m	-11.179141	-7.725263
Adam10	-11.179141	-7.725263
Ctdsp1	-11.750927	-8.297049
Efcab14	-11.789767	-8.335889
Gm5608	-14.79545	-11.341572
Kcnd1	-15.306275	-11.852397
Apoo	-13.76583	-10.311952
Lgals9	-11.492233	-8.038355
Elavl3	-15.018594	-11.564715
Clp1	-13.003691	-9.549812
Rhbdf2	-12.939152	-9.485273
Gli2	-16.404888	-12.95101
Plekho1	-10.102269	-6.6483912
Tes	-12.397554	-8.943676
Zfp639	-12.246005	-8.792127
Ifi30	-9.89761	-6.443732
Purg	-14.325446	-10.871568
Gm31728	-16.404888	-12.95101
Ddah1	-14.325446	-10.871568
Ttll13	-16.404888	-12.95101
Atp11b	-11.998169	-8.544291
Gse1	-12.513067	-9.059189
Zc3h13	-11.26909	-7.815212
Cyld	-11.894029	-8.44015
Cox6a1	-10.113318	-6.6594405
Pilrb2	-12.327351	-8.873472
Eif4a1	-9.486193	-6.032315
Ndufb10	-10.315843	-6.8619647
Gxylt2	-13.919981	-10.466103
Fgd4	-11.789767	-8.335889
Arntl	-13.313846	-9.859967
Gm15655	-12.620698	-9.16682
Cks2	-11.2929	-7.839022
Stim2	-11.998169	-8.544291
Crat	-11.905078	-8.4512
Cebpb	-9.486193	-6.032315
Tardbp	-11.251596	-7.7977185
Gm17276	-16.404888	-12.95101
Gm35248	-16.404888	-12.95101
N4bp2os	-15.7117405	-12.257862
Frat2	-15.7117405	-12.257862
Zfp820	-15.7117405	-12.257862
Zfp90	-12.142208	-8.68833
Gm10399	-15.7117405	-12.257862
Etfbkmt	-14.325446	-10.871568
Mical1	-13.696837	-10.242959
Atp6v0a2	-12.397554	-8.943676
Zfp53	-13.571674	-10.117796
Pnpla1	-15.7117405	-12.257862
Myo5c	-15.018594	-11.564715
Gm48914	-16.404888	-12.95101
Zcwpw2	-15.7117405	-12.257862
Dr1	-11.950541	-8.496662
Kdr	-15.018594	-11.564715
Thsd1	-14.325446	-10.871568
Gas8	-13.632299	-10.178421
Hdac1	-11.651298	-8.197419
Gal3st2c	-16.404888	-12.95101
Csf2ra	-10.3936205	-6.9397426
Vmn1r9	-15.7117405	-12.257862
Adat1	-15.018594	-11.564715
Tsta3	-12.598226	-9.144347
Pias1	-10.945302	-7.491424
Tstd3	-13.514516	-10.060637
Bora	-14.102303	-10.648424
Msh3	-13.226834	-9.772956
Eprs	-11.280924	-7.827046
Sgcd	-15.306275	-11.852397
Ocln	-16.404888	-12.95101
4930432K21Rik	-16.404888	-12.95101
Enah	-13.76583	-10.311952
Fxn	-13.460449	-10.006571
Nt5dc1	-13.76583	-10.311952
Arrdc2	-12.716008	-9.26213
Gm15513	-15.306275	-11.852397
Kcnip4	-15.306275	-11.852397
Slc7a7	-12.310543	-8.856665
Tmem245	-12.200195	-8.746317
Filip1	-16.404888	-12.95101
Hist1h4h	-13.186012	-9.732134
Agfg1	-11.962236	-8.508358
Myo1d	-15.018594	-11.564715
Prmt6	-14.207664	-10.753785
Rasl11a	-14.325446	-10.871568
Scai	-13.313846	-9.859967
Gpsm1	-13.76583	-10.311952
Tex30	-12.379536	-8.925657
Ddx59	-14.006992	-10.553114
Slc2a3	-13.839938	-10.38606
Gmppa	-12.620698	-9.16682
Tgfbr2	-10.331843	-6.8779655
Fam32a	-11.251596	-7.7977185
Sik1	-11.66869	-8.214811
P2ry14	-13.514516	-10.060637
Rap1gds1	-11.348642	-7.8947644
Hnrnpl	-11.184532	-7.7306542
Surf4	-11.355032	-7.901154
Rpgrip1l	-14.325446	-10.871568
Ppip5k1	-14.207664	-10.753785
Mrpl27	-11.927551	-8.473673
Lasp1	-11.44906	-7.9951825
Tep1	-10.813901	-7.360023
Ctns	-12.1282215	-8.674343
Mid1ip1	-12.156392	-8.702514
Smc4	-10.887435	-7.433557
Etv5	-11.499613	-8.045734
Gm11491	-14.79545	-11.341572
Olfr267	-16.404888	-12.95101
Smim4	-11.927551	-8.473673
Edc3	-13.632299	-10.178421
Igsf9b	-16.404888	-12.95101
Stag1	-11.015816	-7.561938
Atp5e	-9.041608	-5.58773
Zfp119a	-13.696837	-10.242959
Nampt	-11.456128	-8.00225
Kirrel	-15.7117405	-12.257862
Pts	-11.568605	-8.114727
Zfp442	-15.018594	-11.564715
Pin4	-11.394253	-7.940375
Rab18	-11.323483	-7.8696055
Tmem109	-11.305021	-7.8511434
Dpep1	-16.404888	-12.95101
Ergic2	-11.861593	-8.407715
Acap3	-13.269394	-9.8155155
B230307C23Rik	-13.360365	-9.9064865
Hmgcs1	-12.716008	-9.26213
Gm6133	-15.018594	-11.564715
0610033M10Rik	-15.306275	-11.852397
Plin2	-10.151059	-6.697181
Nup210	-13.460449	-10.006571
Cd4	-12.79397	-9.340092
Fmo1	-15.306275	-11.852397
Cactin	-13.037592	-9.583714
Snrpb2	-11.121684	-7.667806
Spint1	-13.76583	-10.311952
Amdhd2	-11.916251	-8.462373
Tnc	-14.79545	-11.341572
Psmd4	-10.958151	-7.504273
Gm11273	-15.018594	-11.564715
Cd14	-9.32739	-5.873512
Kcnn1	-16.404888	-12.95101
Gm2a	-9.930997	-6.477119
Ccdc171	-13.696837	-10.242959
Mndal	-10.43618	-6.982302
Zdhhc3	-12.261753	-8.807875
2610507I01Rik	-13.632299	-10.178421
Hdac8	-14.613129	-11.15925
Usp35	-14.458978	-11.005099
Tmem9b	-12.048179	-8.5943
Gmppb	-13.514516	-10.060637
Rfc3	-12.4730625	-9.019184
Eipr1	-13.269394	-9.8155155
Lclat1	-14.006992	-10.553114
Fignl2	-14.325446	-10.871568
Grk3	-13.072683	-9.618805
Nol9	-13.269394	-9.8155155
Rapsn	-14.325446	-10.871568
9130015A21Rik	-15.018594	-11.564715
Scap	-13.360365	-9.9064865
Gm7480	-16.404888	-12.95101
Grb14	-15.7117405	-12.257862
Ddx5	-8.386921	-4.933043
Ccdc85b	-11.37445	-7.920572
4930404N11Rik	-13.919981	-10.466103
Elavl4	-14.325446	-10.871568
Dag1	-12.0354395	-8.581561
Slc6a13	-16.404888	-12.95101
Gm13986	-14.79545	-11.341572
Ugt1a7c	-13.839938	-10.38606
Bcl10	-10.527152	-7.073274
Faah	-16.404888	-12.95101
Dhh	-16.404888	-12.95101
Uvrag	-11.10657	-7.6526923
Gm17638	-16.404888	-12.95101
Bc1	-16.404888	-12.95101
Eef1akmt2	-13.514516	-10.060637
Kalrn	-14.79545	-11.341572
Usp18	-12.716008	-9.26213
Rps15a	-7.9723806	-4.518503
Gm15472	-14.79545	-11.341572
Tbc1d7	-13.514516	-10.060637
Rwdd2b	-14.102303	-10.648424
Gm15892	-16.404888	-12.95101
Etfa	-11.760497	-8.306619
Gm13075	-16.404888	-12.95101
Rad50	-11.722756	-8.268878
Ccdc3	-14.102303	-10.648424
Ms4a6d	-10.282395	-6.8285174
Hpdl	-16.404888	-12.95101
Nacad	-15.306275	-11.852397
Araf	-11.974071	-8.520192
Gm36161	-13.460449	-10.006571
Gm50012	-13.76583	-10.311952
Ttll3	-13.109051	-9.655172
Itpr2	-11.872289	-8.41841
A530072M11Rik	-15.7117405	-12.257862
Gm28086	-16.404888	-12.95101
Papolg	-13.919981	-10.466103
Rps13	-8.052569	-4.5986915
Mmaa	-13.632299	-10.178421
Tradd	-12.598226	-9.144347
Xpr1	-11.6775	-8.223621
Shld1	-12.878528	-9.424649
Sptbn5	-14.325446	-10.871568
Slco2a1	-14.79545	-11.341572
Nab2	-12.55474	-9.100862
Map7d3	-15.7117405	-12.257862
Snapc3	-13.460449	-10.006571
Pym1	-13.186012	-9.732134
F2rl3	-16.404888	-12.95101
Ift122	-14.613129	-11.15925
Znhit6	-12.667218	-9.21334
Arhgef7	-12.4730625	-9.019184
Asah1	-10.166563	-6.712685
Ctdp1	-12.970901	-9.517022
BC051226	-13.460449	-10.006571
4933404K13Rik	-16.404888	-12.95101
Rnaseh2b	-12.576246	-9.122368
Cul4b	-12.878528	-9.424649
Calm3	-10.499526	-7.045648
Bnip3	-12.643687	-9.189809
Zfp493	-15.7117405	-12.257862
Rfxap	-12.1282215	-8.674343
Ccser1	-15.7117405	-12.257862
Pds5b	-12.0228615	-8.568983
Zmiz1	-10.813901	-7.360023
Hmces	-12.741326	-9.287448
Rasa3	-12.1144285	-8.66055
Mmadhc	-12.691316	-9.237437
Gm20522	-15.306275	-11.852397
Rpn2	-10.636567	-7.182689
Gabpa	-12.453644	-8.999765
Fam126a	-11.584606	-8.130728
Shroom3	-15.306275	-11.852397
Mrpl46	-12.434596	-8.980718
Sergef	-13.109051	-9.655172
Lrrfip2	-11.872289	-8.41841
Gm11110	-14.79545	-11.341572
Zw10	-12.878528	-9.424649
Gm12927	-16.404888	-12.95101
Phf3	-11.111583	-7.657705
Sun1	-12.878528	-9.424649
Irs3	-15.306275	-11.852397
Lima1	-11.435075	-7.981197
Tspyl3	-14.79545	-11.341572
Usp1	-11.974071	-8.520192
Tfap4	-14.102303	-10.648424
Ntmt1	-13.514516	-10.060637
Asb6	-13.514516	-10.060637
Pnck	-15.306275	-11.852397
Fasn	-13.514516	-10.060637
Gm14963	-15.306275	-11.852397
Mocos	-14.102303	-10.648424
Manea	-12.79397	-9.340092
Ifit3b	-13.632299	-10.178421
Dnmbp	-13.072683	-9.618805
Tmem208	-11.499613	-8.045734
Ormdl3	-12.767302	-9.313423
Mettl22	-14.79545	-11.341572
Tapbp	-10.496805	-7.0429273
Agpat5	-11.974071	-8.520192
Peg10	-13.632299	-10.178421
N4bp1	-11.492233	-8.038355
Gpr68	-14.207664	-10.753785
Gm36287	-16.404888	-12.95101
Vmn2r53	-16.404888	-12.95101
Anapc10	-12.492865	-9.038986
Guca1b	-16.404888	-12.95101
Slc16a9	-15.018594	-11.564715
Srcap	-11.916251	-8.462373
Fli1	-10.748896	-7.2950177
Npm2	-16.404888	-12.95101
Helb	-12.667218	-9.21334
Alkbh1	-12.970901	-9.517022
Bag1	-10.6878605	-7.2339826
Serinc3	-8.354822	-4.900944
Syngr2	-10.863625	-7.4097466
Prickle3	-13.696837	-10.242959
Gm10785	-15.7117405	-12.257862
Zfp512b	-14.325446	-10.871568
Gm13920	-16.404888	-12.95101
Piezo1	-12.379536	-8.925657
Pigw	-13.919981	-10.466103
Gm16059	-15.7117405	-12.257862
Nppc	-16.404888	-12.95101
Gm16091	-15.7117405	-12.257862
Taf7	-12.200195	-8.746317
Gtpbp10	-13.460449	-10.006571
Trappc5	-11.584606	-8.130728
Slc30a9	-12.691316	-9.237437
Cul4a	-12.576246	-9.122368
Cnot6	-11.770159	-8.31628
Zswim9	-14.325446	-10.871568
1700028K03Rik	-16.404888	-12.95101
Smg9	-12.643687	-9.189809
Hykk	-15.018594	-11.564715
Kcng2	-13.632299	-10.178421
Lrp12	-13.313846	-9.859967
2810454H06Rik	-12.620698	-9.16682
Ifnar2	-10.48331	-7.029432
Rpusd1	-14.207664	-10.753785
Ifit1	-13.037592	-9.583714
Hes7	-15.306275	-11.852397
Tfec	-12.878528	-9.424649
Exoc8	-13.269394	-9.8155155
Gm16286	-11.189952	-7.736074
Pdzrn3	-15.7117405	-12.257862
Ercc4	-13.409156	-9.955277
Macf1	-10.671546	-7.217668
G630030J09Rik	-16.404888	-12.95101
Hdac9	-12.200195	-8.746317
Fam102b	-11.361463	-7.9075847
Pex14	-13.003691	-9.549812
Dnah10	-16.404888	-12.95101
Cxcl10	-11.770159	-8.31628
Plekhg3	-12.0354395	-8.581561
Rc3h1	-11.274989	-7.821111
Dedd	-13.037592	-9.583714
Nf1	-12.492865	-9.038986
Slc35a3	-12.691316	-9.237437
Slc4a3	-15.7117405	-12.257862
Rbm26	-11.280924	-7.827046
Ccnyl1	-13.360365	-9.9064865
Commd3	-11.545075	-8.091197
Phf24	-14.79545	-11.341572
Sf3b1	-9.99307	-6.5391917
Csnk1g2	-11.779915	-8.326036
Tubb2a	-10.352798	-6.8989205
Gm32036	-14.79545	-11.341572
Hist1h2ap	-10.016326	-6.562448
Rasl11b	-14.458978	-11.005099
C1qbp	-11.442043	-7.9881654
Zfp992	-12.327351	-8.873472
Asb13	-13.186012	-9.732134
Tet2	-11.819921	-8.366042
Map1lc3b	-9.99966	-6.5457816
Bbs5	-15.018594	-11.564715
Prkrip1	-12.513067	-9.059189
Ptger4	-11.695357	-8.241479
9230104M06Rik	-15.306275	-11.852397
Bach1	-10.840367	-7.3864894
Marc2	-11.142198	-7.6883197
Isoc1	-11.974071	-8.520192
E2f4	-12.2305	-8.776622
Uba6	-12.598226	-9.144347
Lmnb1	-12.0354395	-8.581561
Gm7879	-16.404888	-12.95101
Ncapd2	-12.741326	-9.287448
Prkag2	-12.716008	-9.26213
6430573P05Rik	-15.7117405	-12.257862
Nup85	-12.970901	-9.517022
Rftn1	-12.277753	-8.823874
B230369F24Rik	-12.691316	-9.237437
Gm3417	-16.404888	-12.95101
Vgll3	-15.7117405	-12.257862
Fzd2	-14.613129	-11.15925
Macrod2	-14.207664	-10.753785
Acad11	-13.632299	-10.178421
2010013B24Rik	-15.018594	-11.564715
Tusc2	-12.4730625	-9.019184
P2rx7	-11.02961	-7.5757318
Gbgt1	-14.207664	-10.753785
Larp4	-11.470414	-8.016536
Hist2h2bb	-13.632299	-10.178421
Hddc3	-14.458978	-11.005099
Ankra2	-12.620698	-9.16682
Gsr	-12.741326	-9.287448
Rps27	-7.6447477	-4.1908703
E2f6	-13.696837	-10.242959
Tmem256	-10.0610075	-6.6071296
Kif26b	-16.404888	-12.95101
Acsl4	-11.750927	-8.297049
Spef2	-15.7117405	-12.257862
Brdt	-15.306275	-11.852397
Lmf1	-13.360365	-9.9064865
Atp5f1	-10.057499	-6.603621
Gm26802	-12.048179	-8.5943
5031434O11Rik	-14.79545	-11.341572
Armc7	-13.360365	-9.9064865
Sh2b1	-12.434596	-8.980718
Gm15503	-13.696837	-10.242959
Clec4a4	-15.7117405	-12.257862
Ccdc66	-13.313846	-9.859967
Osgin2	-13.514516	-10.060637
Gm46378	-15.306275	-11.852397
Slc10a7	-12.939152	-9.485273
A630072L19Rik	-16.404888	-12.95101
Ywhag	-11.131888	-7.6780105
Plekhg1	-14.325446	-10.871568
Bid	-13.003691	-9.549812
Dennd2d	-14.102303	-10.648424
Srsf7	-10.139586	-6.6857085
Dtwd2	-14.79545	-11.341572
Prpf4b	-10.76298	-7.3091025
Wdhd1	-13.571674	-10.117796
Enpp5	-15.306275	-11.852397
Cnot11	-13.409156	-9.955277
Mrpl58	-11.998169	-8.544291
Fbxw7	-12.55474	-9.100862
Doc2g	-15.7117405	-12.257862
Dusp4	-16.404888	-12.95101
Cd300ld	-10.218679	-6.7648015
Uqcrh	-9.4579115	-6.0040336
Atp5mpl	-10.23947	-6.7855916
Ptprk	-16.404888	-12.95101
Ndst3	-16.404888	-12.95101
Pcnt	-12.100822	-8.646944
Tmem132c	-16.404888	-12.95101
Tra2b	-10.306813	-6.8529353
Bcl9	-13.003691	-9.549812
Gpr146	-12.0354395	-8.581561
Rwdd3	-16.404888	-12.95101
Gm15832	-14.613129	-11.15925
Sap25	-12.741326	-9.287448
Gm26981	-15.7117405	-12.257862
Klf8	-14.613129	-11.15925
AU020206	-13.003691	-9.549812
Hcfc2	-13.460449	-10.006571
Gm13465	-15.7117405	-12.257862
Crip2	-13.003691	-9.549812
Rasgrp3	-12.2305	-8.776622
Pomt2	-13.76583	-10.311952
Pacsin3	-15.306275	-11.852397
Klhl20	-13.186012	-9.732134
A930024E05Rik	-14.613129	-11.15925
Abcg2	-13.360365	-9.9064865
Trp53i13	-13.186012	-9.732134
Anxa5	-9.484216	-6.0303383
Sowahc	-12.576246	-9.122368
Mtmr3	-11.974071	-8.520192
Exoc6b	-11.799718	-8.3458395
Fads2	-15.018594	-11.564715
Pkdcc	-13.003691	-9.549812
Irf5	-11.05778	-7.6039023
Txlnb	-14.79545	-11.341572
Maml1	-12.643687	-9.189809
Chpf2	-12.576246	-9.122368
Rbm8a2	-15.306275	-11.852397
Hs2st1	-12.397554	-8.943676
Fut8	-12.691316	-9.237437
Cyb5a	-10.379022	-6.9251437
Nrep	-14.458978	-11.005099
Ankle1	-15.7117405	-12.257862
Jade1	-11.927551	-8.473673
Hint1	-9.4173975	-5.9635196
Tagln3	-16.404888	-12.95101
Eef2kmt	-12.9083805	-9.454502
Gm45494	-15.7117405	-12.257862
B3gnt2	-12.492865	-9.038986
B230216N24Rik	-16.404888	-12.95101
Gm49336	-12.576246	-9.122368
Canx	-9.84669	-6.3928123
Numbl	-14.325446	-10.871568
Syvn1	-12.620698	-9.16682
Hs3st3a1	-15.018594	-11.564715
Bcl2l1	-12.1282215	-8.674343
Gm43256	-16.404888	-12.95101
Fam78a	-12.878528	-9.424649
Blzf1	-13.571674	-10.117796
Nid1	-14.79545	-11.341572
Cenpl	-13.313846	-9.859967
Tctn1	-14.458978	-11.005099
Myh11	-11.394253	-7.940375
Fkbp1b	-12.55474	-9.100862
Matk	-12.620698	-9.16682
Scyl3	-13.186012	-9.732134
Thbs1	-13.696837	-10.242959
Pigm	-12.84954	-9.395661
Hnrnpa3	-9.694365	-6.2404866
Apba1	-12.970901	-9.517022
Prg2	-13.109051	-9.655172
Ankrd33b	-14.207664	-10.753785
Brd3os	-15.306275	-11.852397
Memo1	-12.821369	-9.367491
Ralgds	-11.927551	-8.473673
2810029C07Rik	-16.404888	-12.95101
Nqo2	-12.767302	-9.313423
Grk4	-13.409156	-9.955277
Trim2	-12.878528	-9.424649
Acrbp	-13.186012	-9.732134
Tti1	-13.571674	-10.117796
K230015D01Rik	-15.7117405	-12.257862
Tmlhe	-15.7117405	-12.257862
AV099323	-14.613129	-11.15925
Derl2	-11.861593	-8.407715
Stra6l	-16.404888	-12.95101
Unc13d	-13.460449	-10.006571
Snrpb	-10.158781	-6.704903
Ttc28	-11.894029	-8.44015
Gm13483	-15.7117405	-12.257862
Mctp2	-14.325446	-10.871568
Zfp428	-16.404888	-12.95101
Dcaf1	-12.620698	-9.16682
Gdpd1	-12.277753	-8.823874
Kcnk12	-16.404888	-12.95101
Snrnp27	-11.317291	-7.8634133
Rnf24	-14.458978	-11.005099
Gm13684	-15.7117405	-12.257862
3222401L13Rik	-13.409156	-9.955277
Zfyve19	-13.269394	-9.8155155
Prcc	-12.970901	-9.517022
Vps37d	-15.306275	-11.852397
Plp2	-12.142208	-8.68833
Fam45a	-12.767302	-9.313423
Mrgprb2	-13.632299	-10.178421
Coa7	-13.76583	-10.311952
Tesk2	-13.919981	-10.466103
Cep152	-13.76583	-10.311952
Srsf6	-10.953849	-7.499971
Cox7a1	-13.632299	-10.178421
Fbxo36	-13.839938	-10.38606
Cog7	-12.767302	-9.313423
Fus	-9.860976	-6.4070983
Gm20337	-15.306275	-11.852397
Prim2	-13.003691	-9.549812
Slc25a20	-12.767302	-9.313423
Bag2	-14.207664	-10.753785
Gng8	-15.7117405	-12.257862
Atg2b	-13.269394	-9.8155155
Rpl10	-8.03434	-4.580462
Cdk5rap2	-12.598226	-9.144347
Gm42529	-16.404888	-12.95101
4833422M21Rik	-15.7117405	-12.257862
Rbm4	-12.970901	-9.517022
Pip4k2a	-10.446463	-6.9925847
Dnajb11	-11.355032	-7.901154
Iqcm	-15.7117405	-12.257862
Gm11627	-15.018594	-11.564715
Ppp2r5b	-13.226834	-9.772956
Rbm42	-11.317291	-7.8634133
Gsk3a	-11.779915	-8.326036
Ccdc43	-13.003691	-9.549812
Morn2	-13.409156	-9.955277
Lcmt2	-13.839938	-10.38606
1700014D04Rik	-16.404888	-12.95101
Insr	-11.861593	-8.407715
Brf1	-12.79397	-9.340092
Ccdc62	-14.613129	-11.15925
Pld1	-12.667218	-9.21334
Tbc1d9b	-11.568605	-8.114727
Ptrhd1	-11.927551	-8.473673
Sh2b3	-11.245832	-7.7919545
B230206L02Rik	-15.7117405	-12.257862
Gm36486	-14.102303	-10.648424
9930104L06Rik	-14.325446	-10.871568
Agpat2	-12.434596	-8.980718
Ccdc166	-14.613129	-11.15925
Gm21887	-13.696837	-10.242959
Nradd	-13.313846	-9.859967
Chm	-12.598226	-9.144347
Acad12	-14.325446	-10.871568
Ndufab1	-11.002211	-7.5483327
Gstm1	-10.997716	-7.543838
Catsperg1	-14.325446	-10.871568
Exd2	-13.409156	-9.955277
Slfn4	-15.306275	-11.852397
Zfp658	-13.313846	-9.859967
Rpl23	-7.5273657	-4.073488
Dgke	-13.919981	-10.466103
Polg2	-12.327351	-8.873472
Cdnf	-15.306275	-11.852397
9530097N15Rik	-16.404888	-12.95101
Gm47792	-16.404888	-12.95101
Kdm5a	-11.576574	-8.122696
Hsp90b1	-9.132489	-5.6786113
Zscan26	-11.789767	-8.335889
Gm26566	-16.404888	-12.95101
Cd109	-16.404888	-12.95101
Mrpl45	-12.716008	-9.26213
Arhgap44	-15.7117405	-12.257862
2810013P06Rik	-11.732059	-8.27818
Sharpin	-12.576246	-9.122368
Olfr1322	-16.404888	-12.95101
Prpf4	-13.072683	-9.618805
AC113595.1	-14.458978	-11.005099
Gm29707	-15.018594	-11.564715
Cyp4v3	-12.667218	-9.21334
Get4	-12.620698	-9.16682
P2ry10b	-13.514516	-10.060637
Tgfa	-15.306275	-11.852397
Ap5s1	-13.313846	-9.859967
Alg6	-13.919981	-10.466103
Gm17103	-14.006992	-10.553114
Snhg20	-13.919981	-10.466103
Taf6	-12.716008	-9.26213
Trim13	-14.458978	-11.005099
Tor2a	-12.1282215	-8.674343
Ppp1r3b	-14.207664	-10.753785
Thoc5	-12.939152	-9.485273
Slit3	-15.018594	-11.564715
Nlrp1a	-15.306275	-11.852397
Mrpl51	-11.240102	-7.786224
Mgp	-10.192282	-6.738404
Setd4	-14.006992	-10.553114
Dph5	-13.409156	-9.955277
3830403N18Rik	-14.79545	-11.341572
Isg15	-11.499613	-8.045734
Mxd1	-12.361836	-8.907958
Mrpl13	-11.861593	-8.407715
Mtcl1	-16.404888	-12.95101
Tfr2	-16.404888	-12.95101
Lrrc49	-13.696837	-10.242959
Trp53rkb	-14.458978	-11.005099
Acsl3	-12.0873995	-8.633521
Sh3bgrl3	-8.47973	-5.025852
Tmub2	-12.643687	-9.189809
Tmem265	-14.006992	-10.553114
Antxr2	-11.387608	-7.9337296
4933401L05Rik	-16.404888	-12.95101
Celf5	-15.306275	-11.852397
Gm29394	-15.7117405	-12.257862
Gm17196	-15.306275	-11.852397
Gm33115	-15.7117405	-12.257862
Gm40915	-16.404888	-12.95101
Erbb3	-15.306275	-11.852397
Marveld2	-14.79545	-11.341572
Ftl1	-6.673791	-3.2199135
Blm	-13.313846	-9.859967
Zfp638	-11.189952	-7.736074
Fitm2	-14.79545	-11.341572
Gm44957	-15.306275	-11.852397
0610040J01Rik	-13.571674	-10.117796
Nae1	-12.492865	-9.038986
Gm10603	-14.79545	-11.341572
Tslp	-11.477634	-8.023756
Mylpf	-15.7117405	-12.257862
Abitram	-14.207664	-10.753785
Rfxank	-13.409156	-9.955277
Gm10451	-16.404888	-12.95101
Gdi1	-12.533687	-9.079808
Akr1b8	-13.571674	-10.117796
Tmem94	-13.360365	-9.9064865
Ttk	-14.102303	-10.648424
Rbm45	-13.919981	-10.466103
Tia1	-12.246005	-8.792127
Prdm15	-14.207664	-10.753785
Dynlt1c	-15.7117405	-12.257862
Nlrc3	-14.613129	-11.15925
Ube3b	-12.533687	-9.079808
Ccdc173	-15.306275	-11.852397
Tnpo3	-11.407676	-7.953798
Insyn1	-16.404888	-12.95101
Socs4	-12.533687	-9.079808
Klhl40	-16.404888	-12.95101
Ap4b1	-13.632299	-10.178421
Mtss1	-10.428536	-6.9746585
Fgr	-13.360365	-9.9064865
Ccng1	-12.074155	-8.620276
Ndfip2	-12.010439	-8.5565605
Lrrc75aos2	-15.018594	-11.564715
Dynlt1a	-12.453644	-8.999765
Cd1d1	-12.821369	-9.367491
Timm10b	-10.5022545	-7.0483766
Leng8	-12.0228615	-8.568983
Ak3	-12.18538	-8.731502
Dok2	-10.78087	-7.3269925
Dock5	-14.102303	-10.648424
Eif2ak4	-13.571674	-10.117796
Cbx2	-14.79545	-11.341572
Casp9	-13.409156	-9.955277
Epsti1	-10.410926	-6.957048
Ddx17	-10.6747875	-7.2209096
Polr1c	-12.55474	-9.100862
Ptgs2	-12.939152	-9.485273
BC147527	-14.79545	-11.341572
Smap1	-11.168446	-7.7145677
Hist1h2bn	-15.7117405	-12.257862
Slc22a1	-15.7117405	-12.257862
Glyctk	-15.7117405	-12.257862
Tedc2	-14.613129	-11.15925
Etaa1	-12.667218	-9.21334
Card6	-12.79397	-9.340092
Gm26672	-15.306275	-11.852397
Eci1	-12.246005	-8.792127
Fdps	-12.767302	-9.313423
Cox20	-11.26909	-7.815212
Cntrob	-14.207664	-10.753785
Zbtb14	-13.409156	-9.955277
Qpctl	-13.269394	-9.8155155
Cavin3	-12.821369	-9.367491
Dcun1d2	-13.360365	-9.9064865
Lactb	-11.927551	-8.473673
Tulp4	-11.584606	-8.130728
Gm17133	-15.7117405	-12.257862
Rom1	-15.7117405	-12.257862
Lrig2	-13.514516	-10.060637
Gm9733	-16.404888	-12.95101
Gm19409	-16.404888	-12.95101
Prtn3	-15.018594	-11.564715
Fam102a	-15.018594	-11.564715
Hpx	-15.306275	-11.852397
Wdr59	-14.102303	-10.648424
Egln1	-12.0228615	-8.568983
Mvb12b	-12.691316	-9.237437
Ptgfrn	-14.613129	-11.15925
4933424M12Rik	-16.404888	-12.95101
Tmem81	-14.613129	-11.15925
2310061I04Rik	-12.939152	-9.485273
Tbc1d22b	-14.207664	-10.753785
Ube2d2a	-10.7384615	-7.2845836
Tenm4	-14.613129	-11.15925
Creb3l1	-14.006992	-10.553114
Gosr2	-12.327351	-8.873472
Slc22a21	-14.613129	-11.15925
Tmtc4	-14.79545	-11.341572
Ostm1	-12.55474	-9.100862
Lta4h	-12.156392	-8.702514
Nmnat3	-13.76583	-10.311952
mt-Atp6	-6.7451286	-3.2912512
Zfp51	-14.102303	-10.648424
Ppp1r18os	-13.76583	-10.311952
Top1mt	-14.79545	-11.341572
Gm47231	-15.7117405	-12.257862
Bpnt1	-13.460449	-10.006571
2810403G07Rik	-16.404888	-12.95101
Nsun3	-13.839938	-10.38606
Zfp366	-15.306275	-11.852397
Ms4a2	-15.7117405	-12.257862
Cdk20	-14.613129	-11.15925
Siva1	-11.329714	-7.875836
Fam129a	-10.799086	-7.3452077
Poli	-14.613129	-11.15925
Lrrc8a	-12.200195	-8.746317
Car2	-16.404888	-12.95101
B4galnt1	-12.4730625	-9.019184
Eva1b	-12.18538	-8.731502
Gm13391	-16.404888	-12.95101
Cetn4	-15.018594	-11.564715
Zmat5	-12.074155	-8.620276
Kcp	-16.404888	-12.95101
Klhdc1	-14.102303	-10.648424
Atg7	-12.533687	-9.079808
Foxd2os	-13.839938	-10.38606
Slc7a6os	-13.409156	-9.955277
B3galnt1	-12.048179	-8.5943
Gm19967	-14.102303	-10.648424
Acsl5	-11.861593	-8.407715
Snhg14	-14.79545	-11.341572
Kars	-12.397554	-8.943676
Ggact	-14.613129	-11.15925
9130604C24Rik	-15.306275	-11.852397
Osgep	-11.157864	-7.7039857
Gm43332	-16.404888	-12.95101
Vipr1	-16.404888	-12.95101
Ifi205	-12.598226	-9.144347
Slfn14	-16.404888	-12.95101
Hecw2	-15.306275	-11.852397
Slc38a8	-15.7117405	-12.257862
Cyfip1	-10.210483	-6.7566047
Gm43825	-15.7117405	-12.257862
Arel1	-12.9083805	-9.454502
Cxcl13	-13.571674	-10.117796
Ptov1	-11.342293	-7.888415
Lyn	-10.096789	-6.6429114
Prkcb	-11.121684	-7.667806
Zcchc18	-16.404888	-12.95101
Prkag1	-12.215233	-8.761354
Nkiras2	-12.379536	-8.925657
Spata48	-16.404888	-12.95101
Rabggtb	-12.598226	-9.144347
Nap1l4	-11.584606	-8.130728
Adam9	-11.407676	-7.953798
Foxp1	-10.0367	-6.5828223
Cd200r4	-14.207664	-10.753785
Helq	-14.458978	-11.005099
Aqp1	-13.072683	-9.618805
Mrnip	-13.76583	-10.311952
Gm32552	-16.404888	-12.95101
Fam234b	-13.839938	-10.38606
Smn1	-12.434596	-8.980718
Tubb5	-9.49115	-6.0372725
Lgalsl	-13.839938	-10.38606
E130309D02Rik	-12.9083805	-9.454502
Csk	-11.062553	-7.6086755
Polr3e	-13.146791	-9.692913
Slc33a1	-13.409156	-9.955277
Nr4a1	-10.17244	-6.7185616
Gm15964	-15.7117405	-12.257862
Igf1os	-15.7117405	-12.257862
Nln	-12.691316	-9.237437
Gm11423	-14.102303	-10.648424
Cenpj	-13.696837	-10.242959
Trpm7	-11.463245	-8.009367
Has3	-15.7117405	-12.257862
Nemp2	-15.018594	-11.564715
Jakmip1	-16.404888	-12.95101
Zfyve28	-14.79545	-11.341572
Ninl	-15.7117405	-12.257862
Sorbs1	-15.7117405	-12.257862
Fam71a	-12.048179	-8.5943
Svopl	-16.404888	-12.95101
Fam98c	-12.261753	-8.807875
Gmfg	-9.711564	-6.257686
Aven	-12.598226	-9.144347
E130208F15Rik	-16.404888	-12.95101
Aass	-16.404888	-12.95101
Tdg	-12.821369	-9.367491
Atp1a2	-13.919981	-10.466103
Ipmk	-12.142208	-8.68833
Eif4e	-11.211931	-7.7580533
Dynll2	-10.988788	-7.5349097
Gm28791	-14.207664	-10.753785
Inafm1	-13.072683	-9.618805
Mgst1	-12.310543	-8.856665
Tcp11l2	-11.84054	-8.386662
Sh3glb1	-9.73539	-6.281512
Dnd1	-15.7117405	-12.257862
Lonp2	-12.397554	-8.943676
I830077J02Rik	-13.360365	-9.9064865
Ptp4a2	-9.714046	-6.2601676
H2-K1	-8.696926	-5.243048
Faap100	-12.878528	-9.424649
Gm26707	-16.404888	-12.95101
Mettl7a1	-12.9083805	-9.454502
Traf3ip3	-13.460449	-10.006571
6530402F18Rik	-14.613129	-11.15925
Tmed7	-11.116621	-7.662743
Otulin	-11.492233	-8.038355
Hist1h4c	-14.207664	-10.753785
Thnsl1	-14.006992	-10.553114
Zfp964	-14.79545	-11.341572
Ndufb3	-10.6878605	-7.2339826
Akr1c18	-15.7117405	-12.257862
Nsun7	-16.404888	-12.95101
Trdmt1	-14.006992	-10.553114
Rasgrf2	-15.306275	-11.852397
Pxn	-11.179141	-7.725263
Bhlhe40	-12.79397	-9.340092
Zfp68	-12.821369	-9.367491
Rnf214	-12.620698	-9.16682
Bod1l	-10.7523985	-7.2985206
Eepd1	-13.226834	-9.772956
Ppif	-13.514516	-10.060637
Arrdc4	-11.8831	-8.429221
Ngrn	-12.939152	-9.485273
Fam181b	-16.404888	-12.95101
Ccdc51	-14.207664	-10.753785
Cenpu	-14.207664	-10.753785
Gpr151	-16.404888	-12.95101
Tal1	-12.939152	-9.485273
Cx3cr1	-11.576574	-8.122696
Cdon	-16.404888	-12.95101
Rspry1	-12.344445	-8.890567
Zfp688	-14.613129	-11.15925
Sik2	-13.037592	-9.583714
Znrf2	-11.348642	-7.8947644
4921516A02Rik	-14.325446	-10.871568
Gm49767	-16.404888	-12.95101
Xlr4a	-15.306275	-11.852397
Snrpe	-10.25003	-6.7961516
Kctd20	-12.294014	-8.840136
Gm11772	-14.102303	-10.648424
Prdm6	-15.306275	-11.852397
Gm43696	-15.306275	-11.852397
C78859	-16.404888	-12.95101
Lrch3	-12.142208	-8.68833
Schip1	-15.018594	-11.564715
Lrrc28	-13.839938	-10.38606
Spag5	-13.360365	-9.9064865
Dzip3	-12.9083805	-9.454502
Wdr33	-11.6090975	-8.155219
Rbl2	-11.905078	-8.4512
Abr	-12.598226	-9.144347
Eef1akmt4	-14.207664	-10.753785
Tcea1	-11.02961	-7.5757318
2810408A11Rik	-16.404888	-12.95101
S100b	-15.306275	-11.852397
Pgpep1	-12.79397	-9.340092
Nlrp3	-11.189952	-7.736074
Prima1	-14.102303	-10.648424
Crym	-13.072683	-9.618805
Ado	-12.716008	-9.26213
Gstcd	-14.325446	-10.871568
Ncapg2	-13.072683	-9.618805
Pak1ip1	-12.010439	-8.5565605
Klhl23	-14.613129	-11.15925
Gm29112	-16.404888	-12.95101
Mrps34	-12.170781	-8.716903
Fmr1	-12.061082	-8.6072035
Ercc2	-13.460449	-10.006571
Ptchd1	-15.306275	-11.852397
Gpbp1l1	-12.061082	-8.6072035
Iah1	-11.799718	-8.3458395
Tmem240	-14.79545	-11.341572
Gm1587	-15.018594	-11.564715
Zfp85	-14.207664	-10.753785
Cd209a	-11.072169	-7.6182914
Tmf1	-11.6090975	-8.155219
Xkr6	-15.7117405	-12.257862
Slc14a1	-12.327351	-8.873472
Socs6	-11.938979	-8.485101
Gm9725	-14.79545	-11.341572
Actg1	-8.19694	-4.743063
E230016K23Rik	-14.006992	-10.553114
Gm12703	-14.458978	-11.005099
Hrct1	-16.404888	-12.95101
Pex11g	-14.79545	-11.341572
Zfp93	-15.306275	-11.852397
Ifit3	-12.156392	-8.702514
Ing4	-11.741448	-8.28757
Gm43062	-16.404888	-12.95101
Gm2453	-16.404888	-12.95101
Cytip	-11.0916815	-7.6378036
Cdr2	-11.962236	-8.508358
Lpcat2	-12.2305	-8.776622
Rasl2-9	-14.325446	-10.871568
2310015A10Rik	-13.839938	-10.38606
Zbtb49	-15.018594	-11.564715
Toe1	-13.409156	-9.955277
Gnao1	-16.404888	-12.95101
E130308A19Rik	-13.632299	-10.178421
Utp3	-11.477634	-8.023756
Adamts2	-15.7117405	-12.257862
Zdhhc21	-12.741326	-9.287448
Atp6v1a	-10.658685	-7.204807
Traip	-15.018594	-11.564715
Adm	-13.514516	-10.060637
Hmgb2	-9.468545	-6.014667
Shtn1	-11.101583	-7.6477046
Higd2a	-10.584805	-7.1309266
Fam135a	-13.76583	-10.311952
Lrrc51	-15.306275	-11.852397
Ppp6r3	-11.617396	-8.163518
Mex3a	-14.207664	-10.753785
Sncaip	-15.018594	-11.564715
4930539E08Rik	-16.404888	-12.95101
Rfc2	-11.642714	-8.188835
Gm15396	-16.404888	-12.95101
Pelp1	-12.821369	-9.367491
Ube2q2	-11.329714	-7.875836
Pnkd	-11.651298	-8.197419
Abca5	-15.306275	-11.852397
Cabin1	-12.215233	-8.761354
Fcna	-10.451645	-6.997767
Medag	-15.7117405	-12.257862
Cnot8	-11.974071	-8.520192
Borcs6	-11.428154	-7.974276
Slc2a8	-12.970901	-9.517022
Ctdspl2	-12.100822	-8.646944
Gm45538	-16.404888	-12.95101
Slc30a2	-14.79545	-11.341572
Usp14	-11.741448	-8.28757
Pgam1	-11.157864	-7.7039857
Lgals8	-11.799718	-8.3458395
Rnf20	-11.950541	-8.496662
Gm42418	-4.7651267	-1.3112489
Gskip	-12.939152	-9.485273
Gm12258	-14.613129	-11.15925
Tmem14a	-14.79545	-11.341572
Clcn5	-11.286894	-7.833016
Lyve1	-8.881947	-5.428069
Nyx	-16.404888	-12.95101
Mlh1	-14.006992	-10.553114
Lgals1	-8.885195	-5.4313173
Pard3	-16.404888	-12.95101
Fcrla	-13.632299	-10.178421
Rad54b	-14.325446	-10.871568
Gm10857	-16.404888	-12.95101
Thada	-14.006992	-10.553114
Zfp286	-15.306275	-11.852397
Ddx24	-10.836543	-7.382665
Olfml2b	-15.306275	-11.852397
Atg9a	-13.360365	-9.9064865
Csnk1a1	-10.443882	-6.990004
Gask1b	-13.269394	-9.8155155
Tsix	-11.938979	-8.485101
Taf9b	-15.306275	-11.852397
Pgrmc1	-11.195401	-7.7415233
Sh3bp1	-11.789767	-8.335889
Adamts8	-15.018594	-11.564715
Exoc1	-12.344445	-8.890567
Sco1	-13.919981	-10.466103
Galm	-14.207664	-10.753785
Gtf2h5	-11.072169	-7.6182914
Uaca	-12.691316	-9.237437
Malsu1	-12.142208	-8.68833
Itgal	-13.313846	-9.859967
Gm43221	-15.7117405	-12.257862
Pdcd10	-11.038912	-7.585034
Pola1	-12.397554	-8.943676
Lnx2	-13.839938	-10.38606
Rbfox1	-16.404888	-12.95101
B3galt1	-15.7117405	-12.257862
Atp6ap2	-10.535591	-7.081713
Gm37305	-13.514516	-10.060637
Plcb1	-14.458978	-11.005099
Gpr137c	-14.458978	-11.005099
Jarid2	-11.584606	-8.130728
Fam171a2	-15.7117405	-12.257862
Vps39	-12.691316	-9.237437
Cd55b	-16.404888	-12.95101
5730414N17Rik	-15.306275	-11.852397
Ppp1r35	-12.434596	-8.980718
Rptor	-12.741326	-9.287448
Yod1	-14.102303	-10.648424
Pilrb1	-12.643687	-9.189809
Srgap3	-13.571674	-10.117796
Ceacam19	-13.919981	-10.466103
Zfp398	-13.360365	-9.9064865
Tmem154	-13.186012	-9.732134
Pa2g4	-11.184532	-7.7306542
Spry1	-15.7117405	-12.257862
Lrrc41	-12.434596	-8.980718
Zcchc2	-12.246005	-8.792127
Zdhhc7	-12.215233	-8.761354
Kansl1l	-11.168446	-7.7145677
Mthfs	-12.939152	-9.485273
Cbr3	-13.360365	-9.9064865
Med26	-13.460449	-10.006571
Ddx55	-13.226834	-9.772956
Mrpl3	-11.974071	-8.520192
Far1	-11.131888	-7.6780105
Haus6	-13.269394	-9.8155155
Mrps12	-11.576574	-8.122696
Klhl21	-13.003691	-9.549812
Pdhx	-13.003691	-9.549812
Rnf141	-11.367935	-7.9140573
B9d2	-12.170781	-8.716903
AC149090.1	-10.821391	-7.367513
Plcd4	-16.404888	-12.95101
Sema3d	-15.306275	-11.852397
BC005537	-9.468545	-6.014667
Bckdha	-12.741326	-9.287448
Iigp1	-12.156392	-8.702514
Brd2	-9.754609	-6.300731
Syde1	-14.613129	-11.15925
Lpp	-11.387608	-7.9337296
Pdp2	-13.360365	-9.9064865
Gm50275	-15.7117405	-12.257862
Fbxl16	-16.404888	-12.95101
Rfx5	-13.76583	-10.311952
A730071L15Rik	-15.7117405	-12.257862
Coq7	-12.716008	-9.26213
Casp6	-13.109051	-9.655172
Tprkb	-12.598226	-9.144347
Ctla2b	-10.426002	-6.9721236
Rfx1	-13.360365	-9.9064865
Kdm6b	-9.850954	-6.397076
Ddc	-16.404888	-12.95101
Tsc22d3	-9.12764	-5.673762
Myh9	-10.166563	-6.712685
Bud23	-12.643687	-9.189809
Eif3g	-11.44906	-7.9951825
Wdr47	-13.313846	-9.859967
Snx21	-12.620698	-9.16682
Tmem203	-13.146791	-9.692913
Morc2a	-12.620698	-9.16682
Klc3	-14.79545	-11.341572
Map2k3	-11.394253	-7.940375
Spink2	-14.102303	-10.648424
Gm2000	-12.215233	-8.761354
Shkbp1	-12.878528	-9.424649
5430431A17Rik	-15.018594	-11.564715
C430049B03Rik	-13.919981	-10.466103
Stab1	-9.090335	-5.636457
Spns2	-16.404888	-12.95101
Sync	-15.7117405	-12.257862
Mc5r	-16.404888	-12.95101
Parp12	-12.1282215	-8.674343
Marc1	-15.7117405	-12.257862
Zfp407	-12.513067	-9.059189
Gm45509	-14.458978	-11.005099
Pdk3	-13.226834	-9.772956
Pja1	-12.878528	-9.424649
Papola	-10.832734	-7.378856
Ero1l	-12.878528	-9.424649
Ccdc189	-15.7117405	-12.257862
Cyp2d22	-14.102303	-10.648424
Ilkap	-11.750927	-8.297049
Fam98a	-13.269394	-9.8155155
Hsh2d	-15.018594	-11.564715
Runx1	-10.124492	-6.670614
Zfp598	-12.4730625	-9.019184
Tyms	-12.4730625	-9.019184
Psmc6	-11.2929	-7.839022
Arhgap15	-11.407676	-7.953798
Ift52	-12.691316	-9.237437
Snx2	-9.644473	-6.190595
Gm47398	-16.404888	-12.95101
Gm16124	-13.226834	-9.772956
Slc3a2	-10.415926	-6.962048
Rac1	-9.762401	-6.3085227
Tomm40l	-13.186012	-9.732134
Pdlim4	-11.634203	-8.180325
Pla2g7	-10.047046	-6.593168
Smarcc1	-11.568605	-8.114727
Hs6st2	-14.006992	-10.553114
Zhx3	-13.839938	-10.38606
Naxd	-11.830176	-8.376298
Pdia6	-10.216623	-6.7627454
Dip2b	-11.157864	-7.7039857
Id4	-16.404888	-12.95101
Tnfrsf13c	-14.79545	-11.341572
Snrnp25	-12.156392	-8.702514
Baz1a	-10.979938	-7.5260596
Mfap2	-15.7117405	-12.257862
Dyrk1b	-14.102303	-10.648424
Ttf1	-12.453644	-8.999765
Tomm40	-11.962236	-8.508358
Serpinb9	-13.76583	-10.311952
Bcl7a	-13.696837	-10.242959
Cplx2	-15.306275	-11.852397
Cab39	-11.37445	-7.920572
Gprc5a	-15.018594	-11.564715
Gm16096	-15.7117405	-12.257862
Gm48617	-15.7117405	-12.257862
Gm37529	-15.018594	-11.564715
Ptprg	-15.7117405	-12.257862
Ddx52	-12.170781	-8.716903
4930428N03Rik	-16.404888	-12.95101
Dusp1	-8.40119	-4.9473124
Pafah1b2	-12.0228615	-8.568983
Txnip	-9.123502	-5.6696243
Zfp275	-14.458978	-11.005099
Gm32296	-15.7117405	-12.257862
Rab3gap1	-12.0873995	-8.633521
Bak1	-12.156392	-8.702514
Dnajc14	-12.1144285	-8.66055
Cr1l	-11.5607	-8.106822
Ddt	-11.894029	-8.44015
Msh2	-12.4730625	-9.019184
Zfp217	-12.215233	-8.761354
Mthfsd	-13.313846	-9.859967
Slc35d3	-16.404888	-12.95101
Gm12166	-15.306275	-11.852397
Ace	-13.514516	-10.060637
Gm26549	-14.613129	-11.15925
Gm26879	-15.306275	-11.852397
Alox5	-11.09662	-7.6427417
Gm17501	-15.7117405	-12.257862
Fbxo8	-13.037592	-9.583714
Zbtb9	-15.018594	-11.564715
Trappc12	-12.716008	-9.26213
Ramp3	-14.325446	-10.871568
Ftsj1	-14.207664	-10.753785
Rchy1	-11.84054	-8.386662
Trappc10	-12.1282215	-8.674343
Lgals4	-14.325446	-10.871568
AC241534.1	-16.404888	-12.95101
Trim12c	-11.962236	-8.508358
Ccdc61	-14.207664	-10.753785
Supt5	-10.6911545	-7.2372766
Mid2	-15.306275	-11.852397
Hace1	-13.839938	-10.38606
Selenoi	-13.186012	-9.732134
Stoml3	-16.404888	-12.95101
Idh3g	-11.234404	-7.7805257
Tdrd3	-13.919981	-10.466103
Runx2	-16.404888	-12.95101
Smim1	-12.598226	-9.144347
Gm13012	-14.79545	-11.341572
Rpl17	-7.962202	-4.5083246
Nfil3	-13.109051	-9.655172
Slc15a3	-11.240102	-7.786224
Syngap1	-14.79545	-11.341572
Pam16	-12.246005	-8.792127
Clic5	-15.7117405	-12.257862
Rnf10	-11.142198	-7.6883197
Lsm3	-11.642714	-8.188835
Atxn2l	-11.184532	-7.7306542
Adora2b	-14.79545	-11.341572
Syne1	-12.9083805	-9.454502
Sepsecs	-13.632299	-10.178421
Tpr	-9.744312	-6.2904344
Nat8l	-16.404888	-12.95101
Adcy5	-13.919981	-10.466103
Mcrip1	-11.02499	-7.571112
Rps26	-8.133083	-4.679206
Gm11444	-16.404888	-12.95101
Adnp2	-13.269394	-9.8155155
Slc41a3	-13.186012	-9.732134
Gm26881	-13.072683	-9.618805
Afg3l1	-12.215233	-8.761354
Fam207a	-13.072683	-9.618805
Bub1b	-12.643687	-9.189809
Smim24	-13.226834	-9.772956
Eps15	-10.206409	-6.7525315
Ahctf1	-12.200195	-8.746317
Orai1	-10.945302	-7.491424
H2-Eb2	-14.006992	-10.553114
Nudt5	-12.667218	-9.21334
Scamp1	-12.434596	-8.980718
Krt80	-12.741326	-9.287448
Bloc1s3	-13.460449	-10.006571
Tgfb3	-14.325446	-10.871568
Pprc1	-12.9083805	-9.454502
Tasor	-11.20639	-7.7525125
Chmp7	-12.821369	-9.367491
Ankrd24	-13.571674	-10.117796
Olfr1444	-14.79545	-11.341572
Zfp72	-14.613129	-11.15925
Vcl	-12.170781	-8.716903
Aig1	-13.037592	-9.583714
Focad	-14.325446	-10.871568
Zbtb44	-12.246005	-8.792127
Cblb	-12.79397	-9.340092
Kpna2	-13.409156	-9.955277
Nup210l	-13.186012	-9.732134
Klhl11	-13.632299	-10.178421
Sec22c	-14.613129	-11.15925
Rilp	-14.79545	-11.341572
Fbxw17	-13.839938	-10.38606
Gimap5	-15.018594	-11.564715
Chp2	-10.887435	-7.433557
Srsf3	-9.813214	-6.3593364
Tgfbr3	-15.7117405	-12.257862
Txndc5	-11.938979	-8.485101
Mrpl40	-12.246005	-8.792127
B630019K06Rik	-15.7117405	-12.257862
B4galt1	-11.067349	-7.6134715
Sat1	-9.353898	-5.90002
BC035044	-12.598226	-9.144347
Gm12059	-14.325446	-10.871568
Gm20186	-14.006992	-10.553114
Hp1bp3	-10.899556	-7.445678
Sirpa	-10.224871	-6.7709928
Ndufs5	-10.652315	-7.198437
Spats2	-12.643687	-9.189809
Dlgap1	-15.018594	-11.564715
Spef1	-14.613129	-11.15925
Plekhh3	-13.919981	-10.466103
Filip1l	-10.851928	-7.39805
Ids	-11.799718	-8.3458395
Bmi1	-12.821369	-9.367491
2200002D01Rik	-14.613129	-11.15925
Lifr	-10.098613	-6.644735
Uimc1	-12.246005	-8.792127
1810019D21Rik	-16.404888	-12.95101
Cpt1a	-11.342293	-7.888415
Plcb2	-13.269394	-9.8155155
H3f3b	-8.079097	-4.6252193
Ddhd2	-12.100822	-8.646944
E230013L22Rik	-13.919981	-10.466103
Uso1	-12.0354395	-8.581561
Got2	-11.750927	-8.297049
Gm15445	-15.7117405	-12.257862
Tmem67	-14.79545	-11.341572
Gpr82	-15.306275	-11.852397
Grpr	-16.404888	-12.95101
Ywhaz	-10.019693	-6.5658154
Trp53rka	-13.037592	-9.583714
Wsb1	-10.080529	-6.6266513
Haus7	-13.146791	-9.692913
Myo1f	-11.342293	-7.888415
Mrps14	-11.126773	-7.672895
Impad1	-12.18538	-8.731502
Olfr1419	-16.404888	-12.95101
Oard1	-12.294014	-8.840136
Mtfr1l	-12.170781	-8.716903
Cul9	-12.821369	-9.367491
Rab10os	-12.277753	-8.823874
Vps52	-12.246005	-8.792127
Fbxo30	-12.1144285	-8.66055
Dusp11	-10.96247	-7.508592
Txlna	-11.938979	-8.485101
Ctla4	-15.7117405	-12.257862
Lama4	-14.613129	-11.15925
Tpsb2	-10.728134	-7.274256
Lcor	-12.361836	-8.907958
Idh2	-10.60277	-7.148892
Gm49144	-16.404888	-12.95101
Cep72	-15.306275	-11.852397
Rab21	-11.006725	-7.5528474
Eno1b	-15.018594	-11.564715
Rpl10a	-8.491733	-5.0378547
Actr3	-9.696803	-6.2429256
Aen	-13.460449	-10.006571
Asgr2	-13.460449	-10.006571
Fat1	-15.306275	-11.852397
AI480526	-14.006992	-10.553114
Ubac1	-12.821369	-9.367491
Gnas	-9.682258	-6.2283797
Rps2	-8.364441	-4.910563
Brwd3	-12.821369	-9.367491
Spg7	-12.261753	-8.807875
Igfbp4	-9.287682	-5.833804
2810006K23Rik	-12.970901	-9.517022
Mier2	-13.571674	-10.117796
Lyz1	-10.578888	-7.12501
Gm15706	-14.79545	-11.341572
Phospho2	-12.970901	-9.517022
Gm15903	-15.018594	-11.564715
Sigirr	-14.207664	-10.753785
Slco2b1	-10.555563	-7.101685
Fndc7	-13.514516	-10.060637
Dnajb2	-12.9083805	-9.454502
Atp2b2	-14.79545	-11.341572
Lemd3	-12.691316	-9.237437
Synj1	-10.665094	-7.2112164
Epn1	-10.714528	-7.26065
Tnik	-14.613129	-11.15925
Gm44763	-15.7117405	-12.257862
AI837181	-12.261753	-8.807875
Cd276	-14.613129	-11.15925
Ssr1	-11.081878	-7.628
3300005D01Rik	-15.306275	-11.852397
Secisbp2	-12.767302	-9.313423
6530409C15Rik	-16.404888	-12.95101
Defb47	-16.404888	-12.95101
Nucb2	-11.189952	-7.736074
Ly86	-9.794191	-6.3403134
Cpped1	-13.109051	-9.655172
1700084E18Rik	-15.7117405	-12.257862
Gm34589	-14.325446	-10.871568
Olfr1423	-16.404888	-12.95101
Cnn1	-12.379536	-8.925657
Snx7	-13.632299	-10.178421
Tet1	-16.404888	-12.95101
Ralgapa2	-13.269394	-9.8155155
Surf1	-12.1282215	-8.674343
Ehbp1l1	-11.147392	-7.6935143
Oscp1	-14.79545	-11.341572
Slc25a5	-9.884267	-6.430389
Acap2	-11.157864	-7.7039857
Hist3h2ba	-12.667218	-9.21334
Mesd	-11.584606	-8.130728
Naa15	-11.5373535	-8.083475
Fam117b	-11.286894	-7.833016
Zfp281	-12.878528	-9.424649
Kif4	-13.409156	-9.955277
Osbpl9	-10.867554	-7.413676
Tbx18	-15.7117405	-12.257862
Ccdc28a	-13.409156	-9.955277
Spg11	-12.667218	-9.21334
Prss23	-14.613129	-11.15925
Gm43017	-16.404888	-12.95101
Kcnc4	-16.404888	-12.95101
Sccpdh	-14.006992	-10.553114
Tmem39b	-13.186012	-9.732134
Ggct	-14.207664	-10.753785
Oxa1l	-12.327351	-8.873472
Osbpl1a	-13.109051	-9.655172
Rad51	-13.76583	-10.311952
Snhg8	-10.338779	-6.8849015
Cct5	-10.549816	-7.095938
Slc25a30	-12.767302	-9.313423
Gm28874	-15.7117405	-12.257862
Echdc3	-16.404888	-12.95101
Baz1b	-11.077011	-7.623133
Shf	-15.7117405	-12.257862
Bag6	-11.6775	-8.223621
Kif2a	-11.950541	-8.496662
Mzt1	-12.643687	-9.189809
Add3	-10.928424	-7.474546
Siah1a	-12.84954	-9.395661
Fchsd1	-15.018594	-11.564715
Tmem88	-11.400942	-7.947064
Psmd6	-11.507048	-8.053169
E4f1	-13.003691	-9.549812
Arntl2	-15.018594	-11.564715
Zglp1	-15.306275	-11.852397
Prune1	-13.76583	-10.311952
Kpna4	-11.020392	-7.5665145
Fyttd1	-11.962236	-8.508358
Fam83e	-15.018594	-11.564715
Slc25a16	-13.037592	-9.583714
Sptbn2	-16.404888	-12.95101
3300002I08Rik	-15.306275	-11.852397
Cd300ld3	-12.821369	-9.367491
Cdc42se2	-11.152615	-7.6987367
Ndufb6	-11.329714	-7.875836
Lipo3	-12.513067	-9.059189
Ephx1	-11.147392	-7.6935143
Tmem59	-10.26716	-6.8132825
Gm46430	-13.76583	-10.311952
Phc1	-13.409156	-9.955277
Scn2b	-15.306275	-11.852397
Col3a1	-12.048179	-8.5943
Cyb561a3	-13.072683	-9.618805
Fbxl14	-12.691316	-9.237437
9330175E14Rik	-16.404888	-12.95101
AI987944	-13.186012	-9.732134
4931406P16Rik	-12.0354395	-8.581561
Sh3glb2	-12.55474	-9.100862
Itih5	-15.7117405	-12.257862
Zfp455	-15.7117405	-12.257862
Elovl7	-15.7117405	-12.257862
Clip1	-11.6775	-8.223621
1700017J07Rik	-15.7117405	-12.257862
Pclaf	-11.470414	-8.016536
Zfp354a	-14.458978	-11.005099
Mfsd14a	-11.625764	-8.1718855
Ciita	-11.779915	-8.326036
Gsto1	-12.074155	-8.620276
Rab38	-15.018594	-11.564715
Cmpk2	-12.9083805	-9.454502
Pkig	-10.871498	-7.41762
Phf19	-14.207664	-10.753785
Ncbp3	-12.4730625	-9.019184
Gm26620	-15.7117405	-12.257862
Cd36	-9.644473	-6.190595
Lrch1	-12.970901	-9.517022
Mphosph10	-12.1144285	-8.66055
Mterf2	-15.7117405	-12.257862
Fam219a	-12.9083805	-9.454502
Cklf	-11.722756	-8.268878
Mrps9	-12.434596	-8.980718
Prkdc	-13.269394	-9.8155155
Carmil2	-15.306275	-11.852397
Dhx38	-12.492865	-9.038986
Ryr2	-16.404888	-12.95101
Cmtm3	-11.072169	-7.6182914
Cenpk	-13.269394	-9.8155155
Myrip	-15.7117405	-12.257862
Rpp40	-15.306275	-11.852397
Samsn1	-11.695357	-8.241479
Cdk9	-11.317291	-7.8634133
Wdr62	-13.839938	-10.38606
Rpl29	-8.6742735	-5.2203956
Suv39h2	-15.306275	-11.852397
Cops6	-11.499613	-8.045734
Ndufa4l2	-16.404888	-12.95101
Eef2	-9.314811	-5.860933
Cyp2d26	-16.404888	-12.95101
Tmem167b	-13.146791	-9.692913
Npy1r	-14.613129	-11.15925
Tlr1	-12.970901	-9.517022
Wipi1	-13.313846	-9.859967
Rap1gap	-15.7117405	-12.257862
Csnk2a1	-10.7523985	-7.2985206
Mettl25	-13.571674	-10.117796
Qdpr	-11.789767	-8.335889
Dhx32	-13.072683	-9.618805
Bcl2l2	-13.072683	-9.618805
Slc39a3	-13.003691	-9.549812
Ythdf2	-11.760497	-8.306619
Prrc2a	-11.131888	-7.6780105
Parp11	-13.839938	-10.38606
Tmigd3	-16.404888	-12.95101
Jup	-11.686389	-8.232511
Gtf2e1	-13.839938	-10.38606
Tbca	-10.396074	-6.9421964
1700021F05Rik	-13.146791	-9.692913
Dnttip2	-11.576574	-8.122696
Mark3	-11.634203	-8.180325
Was	-11.421281	-7.967403
Ckap4	-12.767302	-9.313423
Ctnnd1	-11.020392	-7.5665145
Ccdc9	-12.261753	-8.807875
Ogfrl1	-11.228738	-7.77486
A230059L01Rik	-14.79545	-11.341572
Lrrcc1	-12.620698	-9.16682
Cd80	-12.691316	-9.237437
Amz1	-13.003691	-9.549812
Camta2	-11.974071	-8.520192
Zbtb24	-14.006992	-10.553114
Gm46447	-15.7117405	-12.257862
Slc43a2	-10.605795	-7.151917
Pcyox1	-11.659956	-8.206078
Dpy19l3	-14.207664	-10.753785
Lca5	-14.79545	-11.341572
Fzd5	-13.109051	-9.655172
Asb8	-12.79397	-9.340092
Ubr4	-11.998169	-8.544291
Ltbp2	-16.404888	-12.95101
Cdkn1b	-11.407676	-7.953798
Rarg	-12.691316	-9.237437
Spred2	-12.620698	-9.16682
Sfxn1	-12.716008	-9.26213
Nutf2-ps1	-15.7117405	-12.257862
Ctsl	-9.984893	-6.531015
Sugp1	-13.313846	-9.859967
4933433G19Rik	-15.7117405	-12.257862
Arfrp1	-12.142208	-8.68833
Cops7a	-12.598226	-9.144347
Stxbp1	-13.632299	-10.178421
Armh4	-16.404888	-12.95101
Sfxn3	-12.18538	-8.731502
Fkbp9	-12.513067	-9.059189
Dpy19l1	-11.741448	-8.28757
Wwtr1	-14.207664	-10.753785
Vamp8	-9.759797	-6.305919
Hist1h2af	-14.79545	-11.341572
Ptgdr2	-16.404888	-12.95101
Arfip1	-12.939152	-9.485273
Ccl11	-14.79545	-11.341572
Cldnd1	-11.872289	-8.41841
Sema4d	-12.79397	-9.340092
Map4	-11.552857	-8.098979
Lhfp	-14.006992	-10.553114
Adgrv1	-16.404888	-12.95101
Fgfr2	-14.79545	-11.341572
Art3	-15.7117405	-12.257862
Nr1d2	-11.732059	-8.27818
Zc3h12c	-13.571674	-10.117796
Mien1	-11.184532	-7.7306542
Zbtb37	-13.360365	-9.9064865
Arc	-12.767302	-9.313423
Scara3	-15.018594	-11.564715
A430018G15Rik	-14.325446	-10.871568
Wrap53	-14.325446	-10.871568
Chst3	-15.7117405	-12.257862
Gm38287	-14.613129	-11.15925
Slf1	-13.460449	-10.006571
Ints12	-12.716008	-9.26213
Ugt1a6a	-15.018594	-11.564715
Rfng	-13.109051	-9.655172
Ccl4	-10.174406	-6.720528
Thap12	-12.0873995	-8.633521
Impg2	-16.404888	-12.95101
Zfp219	-12.84954	-9.395661
Ube4b	-12.0228615	-8.568983
Stx4a	-11.1737795	-7.7199016
Gm42463	-14.79545	-11.341572
Brca1	-13.696837	-10.242959
Ydjc	-14.325446	-10.871568
Rnaseh2a	-12.361836	-8.907958
Bsdc1	-12.379536	-8.925657
Mlycd	-12.79397	-9.340092
Mfsd12	-12.397554	-8.943676
Gpr18	-15.018594	-11.564715
Meg3	-15.018594	-11.564715
Cpne9	-15.018594	-11.564715
Kpna3	-12.061082	-8.6072035
Rnf165	-16.404888	-12.95101
Tox2	-14.79545	-11.341572
Dapk3	-12.492865	-9.038986
Klra3	-15.7117405	-12.257862
Hipk2	-12.0354395	-8.581561
Dnaaf5	-15.018594	-11.564715
Rab7b	-10.529957	-7.076079
Slc12a6	-11.576574	-8.122696
Cfap45	-13.409156	-9.955277
Stard7	-12.643687	-9.189809
Nupr1	-11.111583	-7.657705
Hmg20b	-11.634203	-8.180325
Rccd1	-13.571674	-10.117796
Rac2	-10.527152	-7.073274
Lsm14a	-11.545075	-8.091197
Hapln3	-14.79545	-11.341572
Wnt6	-16.404888	-12.95101
Rabggta	-13.003691	-9.549812
Ifi35	-11.750927	-8.297049
Gstp1	-12.453644	-8.999765
Rras	-11.37445	-7.920572
Bsg	-10.151059	-6.697181
Tmem62	-14.458978	-11.005099
Gm34084	-11.950541	-8.496662
Casc1	-14.79545	-11.341572
Hist2h2aa1	-13.313846	-9.859967
R3hcc1l	-12.4730625	-9.019184
Adamts5	-16.404888	-12.95101
Vta1	-12.261753	-8.807875
Wdr81	-12.142208	-8.68833
Atat1	-13.313846	-9.859967
Phf21a	-11.851011	-8.397133
Wdr95	-16.404888	-12.95101
Adamts10	-12.970901	-9.517022
Neurl1a	-12.9083805	-9.454502
Pelo	-13.460449	-10.006571
Zfp395	-12.18538	-8.731502
Gm19325	-13.919981	-10.466103
Ifnab	-16.404888	-12.95101
Lman2l	-12.84954	-9.395661
Eif3m	-10.773676	-7.319798
Tmem178b	-16.404888	-12.95101
Deaf1	-13.460449	-10.006571
Als2	-13.696837	-10.242959
Paqr4	-13.109051	-9.655172
Ung	-14.458978	-11.005099
Slc30a4	-13.76583	-10.311952
Cib2	-12.453644	-8.999765
Gm14305	-15.7117405	-12.257862
Apod	-16.404888	-12.95101
Lrrc34	-16.404888	-12.95101
Rhoq	-12.010439	-8.5565605
Eif1b	-10.855812	-7.401934
Ldlrad3	-15.306275	-11.852397
Pak1	-11.522086	-8.068208
Ano1	-16.404888	-12.95101
5730480H06Rik	-13.76583	-10.311952
Nt5c3	-12.533687	-9.079808
Fpr2	-14.613129	-11.15925
Cbx4	-11.576574	-8.122696
Gm9889	-15.7117405	-12.257862
Serpina3f	-15.7117405	-12.257862
Gm38115	-14.006992	-10.553114
Ighv1-85	-12.691316	-9.237437
Pip4k2b	-12.379536	-8.925657
Akr1a1	-9.653786	-6.1999083
Fosl1	-15.306275	-11.852397
Gm37233	-12.327351	-8.873472
Ddost	-10.721308	-7.26743
Gm11725	-15.7117405	-12.257862
Pcolce2	-13.919981	-10.466103
Snx12	-12.1282215	-8.674343
Amotl2	-14.458978	-11.005099
Carmn	-15.7117405	-12.257862
Cyp1b1	-14.325446	-10.871568
Eif3f	-9.838215	-6.384337
Zdhhc14	-11.732059	-8.27818
Nr1i3	-16.404888	-12.95101
Pop5	-11.545075	-8.091197
Eny2	-11.381007	-7.9271293
Olfr1310	-16.404888	-12.95101
Nsa2	-9.99307	-6.5391917
Nucks1	-10.329542	-6.875664
Ndufaf2	-12.716008	-9.26213
Dmpk	-13.269394	-9.8155155
Rufy1	-12.2305	-8.776622
F730043M19Rik	-15.018594	-11.564715
Postn	-12.767302	-9.313423
Hrh1	-12.598226	-9.144347
Ndufs2	-11.015816	-7.561938
Apol9a	-15.306275	-11.852397
Psmd7	-11.147392	-7.6935143
Coq10a	-12.878528	-9.424649
Il20rb	-15.018594	-11.564715
Acsbg1	-16.404888	-12.95101
Cox5b	-9.989791	-6.535913
Gm47467	-16.404888	-12.95101
Gm27003	-16.404888	-12.95101
Sertad3	-13.632299	-10.178421
Gm36447	-16.404888	-12.95101
6330403L08Rik	-14.79545	-11.341572
Birc5	-11.799718	-8.3458395
9230116N13Rik	-14.207664	-10.753785
Gdf9	-15.018594	-11.564715
Diras1	-16.404888	-12.95101
Spice1	-12.667218	-9.21334
Pdcl	-12.327351	-8.873472
Gm34342	-14.207664	-10.753785
Cc2d1a	-13.072683	-9.618805
Fermt2	-13.571674	-10.117796
Gm35611	-15.7117405	-12.257862
Met	-15.018594	-11.564715
Wdr78	-16.404888	-12.95101
Hist1h1c	-11.916251	-8.462373
2610306M01Rik	-14.613129	-11.15925
Simc1	-14.79545	-11.341572
Cnpy4	-12.576246	-9.122368
Magi2	-14.207664	-10.753785
Gpi1	-10.291205	-6.8373275
5930403N24Rik	-15.306275	-11.852397
Slc45a4	-12.061082	-8.6072035
Zcwpw1	-14.006992	-10.553114
Fbln1	-15.7117405	-12.257862
Kif13a	-12.620698	-9.16682
Dvl3	-13.186012	-9.732134
Dync2h1	-14.458978	-11.005099
Isl1	-15.7117405	-12.257862
Slc39a2	-16.404888	-12.95101
Gsc	-16.404888	-12.95101
Gmnn	-12.397554	-8.943676
Ldlrad4	-13.003691	-9.549812
Chtf8	-14.79545	-11.341572
Nxnl1	-16.404888	-12.95101
Dstn	-9.890175	-6.436297
4930447K03Rik	-14.79545	-11.341572
Xrn2	-10.844206	-7.390328
Gm28557	-14.613129	-11.15925
Tor1aip1	-10.6878605	-7.2339826
Mrpl16	-12.453644	-8.999765
Cacybp	-10.958151	-7.504273
Usp34	-11.381007	-7.9271293
Ccdc42	-14.79545	-11.341572
AI413582	-11.522086	-8.068208
Sdad1	-12.716008	-9.26213
Hist2h3c1	-14.102303	-10.648424
Cd2	-12.741326	-9.287448
Gas2l3	-11.84054	-8.386662
Zmym4	-12.200195	-8.746317
St6galnac2	-15.306275	-11.852397
Nfe2l2	-9.911134	-6.457256
Sntg1	-16.404888	-12.95101
Slc24a5	-14.79545	-11.341572
Tchp	-13.632299	-10.178421
Spata2l	-14.325446	-10.871568
Lefty1	-14.458978	-11.005099
Myo1e	-13.072683	-9.618805
Hint3	-12.667218	-9.21334
Pqlc1	-12.453644	-8.999765
Snrnp40	-12.397554	-8.943676
Apbb2	-15.306275	-11.852397
Rax	-14.613129	-11.15925
Gm15912	-14.79545	-11.341572
Npm3	-11.750927	-8.297049
Kxd1	-11.317291	-7.8634133
Thnsl2	-15.7117405	-12.257862
Prx	-16.404888	-12.95101
Srf	-13.313846	-9.859967
3110001I22Rik	-14.325446	-10.871568
Olfr63	-16.404888	-12.95101
Akap9	-11.6090975	-8.155219
Teddm2	-16.404888	-12.95101
Tmtc2	-14.79545	-11.341572
Gps1	-11.894029	-8.44015
Zbtb34	-12.767302	-9.313423
Gm26964	-15.7117405	-12.257862
Atp1a1	-10.462089	-7.0082107
Aggf1	-11.950541	-8.496662
Ly9	-13.037592	-9.583714
Ippk	-13.919981	-10.466103
Hlcs	-12.55474	-9.100862
Gm19705	-15.306275	-11.852397
Gtpbp1	-12.767302	-9.313423
Mrc1	-8.010992	-4.5571146
Itga10	-15.306275	-11.852397
Mfsd4a	-13.460449	-10.006571
Crebbp	-10.879435	-7.4255567
Arid3b	-13.186012	-9.732134
Pcdh11x	-16.404888	-12.95101
Oxsr1	-12.55474	-9.100862
Gtf2f1	-11.830176	-8.376298
Srsf11	-10.859711	-7.405833
4933434E20Rik	-11.851011	-8.397133
Eif2a	-11.71354	-8.259662
Arl3	-12.1282215	-8.674343
Cnpy3	-11.298943	-7.8450646
Thbs3	-15.7117405	-12.257862
Angpt1	-15.7117405	-12.257862
3110082I17Rik	-13.146791	-9.692913
Cog3	-12.878528	-9.424649
A830052D11Rik	-15.018594	-11.564715
Crls1	-12.576246	-9.122368
Gm44091	-15.018594	-11.564715
Becn1	-11.986047	-8.532168
Iars2	-12.598226	-9.144347
Pheta2	-15.018594	-11.564715
Eif3j1	-10.966808	-7.5129304
Gca	-14.613129	-11.15925
Trim7	-15.018594	-11.564715
Ppifos	-16.404888	-12.95101
Ofd1	-13.571674	-10.117796
Tssc4	-12.1144285	-8.66055
Tacc2	-13.269394	-9.8155155
Epha3	-15.7117405	-12.257862
Gata2	-14.613129	-11.15925
Cdc45	-13.571674	-10.117796
Adssl1	-12.2305	-8.776622
Serhl	-13.037592	-9.583714
Rell1	-10.979938	-7.5260596
Ube2a	-11.5373535	-8.083475
Gm50321	-16.404888	-12.95101
Flnb	-13.003691	-9.549812
Hpse	-13.460449	-10.006571
Casz1	-13.571674	-10.117796
Cfap298	-13.269394	-9.8155155
Strn3	-11.514539	-8.06066
Creb3l2	-12.492865	-9.038986
1700072G22Rik	-14.613129	-11.15925
Ankrd17	-11.189952	-7.736074
2700097O09Rik	-14.102303	-10.648424
Lin37	-12.821369	-9.367491
Tmem65	-12.492865	-9.038986
Gm36723	-14.006992	-10.553114
Mthfr	-12.576246	-9.122368
Slc31a2	-11.741448	-8.28757
Htra2	-11.962236	-8.508358
Tecr	-11.02961	-7.5757318
Miga1	-13.696837	-10.242959
Nbn	-12.453644	-8.999765
Tln1	-9.770254	-6.316376
Tab2	-10.821391	-7.367513
Agtpbp1	-12.741326	-9.287448
Dreh	-14.102303	-10.648424
Rab12	-11.819921	-8.366042
Spata6	-12.2305	-8.776622
Snx19	-13.037592	-9.583714
Siglec1	-12.0354395	-8.581561
Uri1	-12.379536	-8.925657
Gm26917	-11.2231045	-7.7692266
Gm20045	-13.76583	-10.311952
Pcid2	-13.360365	-9.9064865
Islr2	-15.7117405	-12.257862
5730409E04Rik	-13.409156	-9.955277
Pes1	-12.277753	-8.823874
Afap1	-14.458978	-11.005099
Ankrd63	-16.404888	-12.95101
Gcsam	-13.696837	-10.242959
Ctnnb1	-10.735006	-7.2811284
Hadha	-11.228738	-7.77486
Cux1	-11.348642	-7.8947644
Capn5	-15.018594	-11.564715
Med10	-11.998169	-8.544291
Ccdc127	-12.434596	-8.980718
Parvg	-13.514516	-10.060637
Ube2j1	-12.0354395	-8.581561
Arfgap2	-12.215233	-8.761354
A930029G22Rik	-16.404888	-12.95101
Aamp	-10.802769	-7.348891
Ubr1	-12.513067	-9.059189
B9d1	-14.79545	-11.341572
Rapgef2	-11.741448	-8.28757
Cdc34	-12.4730625	-9.019184
Lrp10	-11.6090975	-8.155219
Sgpl1	-10.928424	-7.474546
Cdc42bpb	-12.327351	-8.873472
5430416N02Rik	-13.919981	-10.466103
Surf6	-14.006992	-10.553114
E2f1	-12.453644	-8.999765
Gm31282	-16.404888	-12.95101
Slirp	-11.234404	-7.7805257
Dnajc1	-11.750927	-8.297049
Ogfod2	-13.919981	-10.466103
Zrsr2	-11.722756	-8.268878
Cmtr2	-15.018594	-11.564715
Msl2	-11.830176	-8.376298
Fam72a	-13.409156	-9.955277
Fmnl2	-12.533687	-9.079808
Zdhhc6	-12.939152	-9.485273
Ntrk2	-16.404888	-12.95101
Alkbh5	-11.625764	-8.1718855
Nuak1	-12.643687	-9.189809
Otulinl	-11.015816	-7.561938
Ctc1	-12.327351	-8.873472
Fnbp1l	-12.643687	-9.189809
Nudt17	-15.306275	-11.852397
Hist1h4a	-14.102303	-10.648424
Fcsk	-14.79545	-11.341572
Btbd8	-14.325446	-10.871568
Lyar	-12.061082	-8.6072035
Gm11713	-14.006992	-10.553114
Xlr4b	-13.76583	-10.311952
Syncrip	-10.936828	-7.4829497
Gm28112	-16.404888	-12.95101
6330562C20Rik	-14.458978	-11.005099
Krt79	-16.404888	-12.95101
Brip1	-13.409156	-9.955277
Hrh2	-14.458978	-11.005099
Prpf40b	-14.79545	-11.341572
Man2a1	-10.23947	-6.7855916
Sfr1	-10.633447	-7.179569
Bud31	-11.5373535	-8.083475
Klhl15	-14.207664	-10.753785
Pex5	-12.415904	-8.962026
Rbmx	-12.767302	-9.313423
Sned1	-15.018594	-11.564715
Igf2bp2	-15.7117405	-12.257862
Gm33699	-15.306275	-11.852397
Gm4524	-15.7117405	-12.257862
Gm48796	-14.79545	-11.341572
Hcfc1r1	-11.0916815	-7.6378036
Tspan15	-15.7117405	-12.257862
Tmem9	-12.970901	-9.517022
Chek1	-14.325446	-10.871568
Msantd1	-15.7117405	-12.257862
Nr2f2	-14.102303	-10.648424
Mplkip	-12.246005	-8.792127
1500009L16Rik	-16.404888	-12.95101
Gm16170	-16.404888	-12.95101
Gm50241	-16.404888	-12.95101
Icosl	-11.938979	-8.485101
Maf	-8.445961	-4.9920835
Slc17a9	-14.79545	-11.341572
Lrrc3	-15.306275	-11.852397
Ddx39	-11.950541	-8.496662
9430038I01Rik	-12.415904	-8.962026
Cdk5rap3	-12.246005	-8.792127
Chmp3	-11.05778	-7.6039023
Rpl9	-8.104608	-4.6507297
Ubap2l	-10.098613	-6.644735
Gm48899	-16.404888	-12.95101
Zfp24	-12.533687	-9.079808
Meox1	-15.7117405	-12.257862
Eid1	-10.252155	-6.7982774
Wdr91	-12.55474	-9.100862
Rab6a	-11.421281	-7.967403
Tom1l1	-15.7117405	-12.257862
Celf3	-16.404888	-12.95101
Gm20594	-14.458978	-11.005099
Ncmap	-16.404888	-12.95101
Tcp1	-10.971166	-7.5172877
Metrnl	-10.920091	-7.4662127
Plcb3	-12.513067	-9.059189
Atxn3	-11.974071	-8.520192
Cpsf7	-11.809768	-8.355889
Hm629797	-16.404888	-12.95101
Mfsd4b5	-16.404888	-12.95101
Chd8	-11.552857	-8.098979
Rapgef1	-12.397554	-8.943676
Fam120b	-12.533687	-9.079808
Ciz1	-12.294014	-8.840136
Gm3252	-16.404888	-12.95101
Myo5a	-10.288996	-6.835118
Vps26c	-12.010439	-8.5565605
Dmac2	-12.970901	-9.517022
Slc52a3	-14.79545	-11.341572
Bambi	-12.970901	-9.517022
Cacna1i	-16.404888	-12.95101
Fibin	-14.325446	-10.871568
Utp15	-13.072683	-9.618805
Zbtb7a	-10.599752	-7.1458745
Fam114a1	-13.360365	-9.9064865
Aqp3	-15.7117405	-12.257862
Ctr9	-12.156392	-8.702514
Ripor2	-12.361836	-8.907958
Trim68	-15.018594	-11.564715
Rpusd4	-12.598226	-9.144347
Ctsd	-9.511231	-6.0573535
Cct7	-10.971166	-7.5172877
Btbd6	-14.006992	-10.553114
Gm15441	-14.613129	-11.15925
Klhl12	-15.7117405	-12.257862
Atad2b	-12.1282215	-8.674343
Gm6377	-12.048179	-8.5943
Nxt2	-12.821369	-9.367491
Gm9968	-16.404888	-12.95101
Asxl2	-11.704408	-8.250529
Agbl2	-16.404888	-12.95101
Sec61a2	-13.76583	-10.311952
2700062C07Rik	-13.571674	-10.117796
Ppcdc	-12.821369	-9.367491
Ccnf	-14.325446	-10.871568
Prr5l	-13.514516	-10.060637
6230400D17Rik	-14.458978	-11.005099
Mllt1	-13.460449	-10.006571
Gpm6b	-15.7117405	-12.257862
Rpl27	-8.391875	-4.937998
Setdb2	-13.919981	-10.466103
Ptprr	-15.7117405	-12.257862
Gal3st3	-16.404888	-12.95101
Itpka	-16.404888	-12.95101
Terf1	-12.533687	-9.079808
Zfp668	-14.102303	-10.648424
Dnmt3a	-11.286894	-7.833016
Oat	-10.958151	-7.504273
Erg28	-12.310543	-8.856665
Surf2	-12.691316	-9.237437
Swap70	-11.280924	-7.827046
AC166172.1	-14.102303	-10.648424
Zfp653	-13.514516	-10.060637
Tmem243	-11.44906	-7.9951825
Clk4	-11.760497	-8.306619
Gm10134	-11.704408	-8.250529
Med11	-12.415904	-8.962026
Crk	-11.157864	-7.7039857
Nudt6	-13.919981	-10.466103
Tsc22d1	-11.311137	-7.8572593
Dcn	-12.142208	-8.68833
Snhg5	-13.146791	-9.692913
Ptpdc1	-15.018594	-11.564715
Mtss2	-15.018594	-11.564715
Col4a5	-13.839938	-10.38606
Clk1	-10.057499	-6.603621
Pnpo	-12.84954	-9.395661
Spin4	-16.404888	-12.95101
S100a7a	-16.404888	-12.95101
Fam219b	-12.513067	-9.059189
Crybg2	-16.404888	-12.95101
1600002K03Rik	-12.1144285	-8.66055
Myb	-14.79545	-11.341572
Tmx2	-12.415904	-8.962026
Ugdh	-12.620698	-9.16682
Cdk18	-15.306275	-11.852397
Gm41611	-16.404888	-12.95101
Dusp8	-13.269394	-9.8155155
Anapc1	-12.246005	-8.792127
Srbd1	-13.003691	-9.549812
Usp27x	-14.458978	-11.005099
Mast2	-12.576246	-9.122368
Sema5a	-15.7117405	-12.257862
Vamp7	-12.361836	-8.907958
Rab24	-11.484907	-8.031029
Gm9776	-15.018594	-11.564715
Ptges3l	-14.79545	-11.341572
Phtf1	-13.360365	-9.9064865
Rnf13	-10.825158	-7.37128
Sypl	-11.323483	-7.8696055
Zbtb3	-16.404888	-12.95101
Tspan7	-14.613129	-11.15925
Ppnr	-15.7117405	-12.257862
Lipa	-10.507734	-7.0538564
Art4	-15.7117405	-12.257862
A730061H03Rik	-15.7117405	-12.257862
Gm17552	-16.404888	-12.95101
Prps1	-12.667218	-9.21334
Mrpl17	-11.552857	-8.098979
Pdzd8	-12.294014	-8.840136
Tmem248	-11.916251	-8.462373
Fbxw8	-13.109051	-9.655172
Slamf1	-15.7117405	-12.257862
Rtl8a	-12.074155	-8.620276
Id2	-10.945302	-7.491424
Faap20	-12.327351	-8.873472
Ppm1m	-12.074155	-8.620276
Marf1	-11.974071	-8.520192
Chtf18	-14.613129	-11.15925
Synpo2l	-16.404888	-12.95101
D930016D06Rik	-14.006992	-10.553114
Tpm1	-11.704408	-8.250529
Copb2	-11.184532	-7.7306542
Smpd1	-12.379536	-8.925657
Ube2i	-10.802769	-7.348891
Usp11	-14.325446	-10.871568
Dennd1c	-11.8831	-8.429221
Armcx3	-12.0354395	-8.581561
Cttn	-14.613129	-11.15925
E2f3	-13.696837	-10.242959
Rpl5	-8.705045	-5.2511673
Ccnd1	-10.510485	-7.056607
Gm7854	-16.404888	-12.95101
Mis12	-12.397554	-8.943676
1700025N23Rik	-16.404888	-12.95101
Ero1lb	-12.361836	-8.907958
Naa20	-11.809768	-8.355889
Tmem134	-11.05778	-7.6039023
Adh5	-11.545075	-8.091197
Dtx1	-16.404888	-12.95101
Fam149b	-13.037592	-9.583714
Zfp941	-16.404888	-12.95101
Flii	-11.251596	-7.7977185
Tmem141	-11.286894	-7.833016
Asns	-15.306275	-11.852397
Gm28424	-16.404888	-12.95101
Gripap1	-11.522086	-8.068208
2610037D02Rik	-12.643687	-9.189809
Ergic1	-12.397554	-8.943676
Dimt1	-13.186012	-9.732134
Faap24	-13.632299	-10.178421
Tnfrsf14	-15.306275	-11.852397
Hist1h4b	-16.404888	-12.95101
Gm45606	-13.571674	-10.117796
Gm19412	-15.018594	-11.564715
Tmem218	-13.839938	-10.38606
Sgk1	-10.96247	-7.508592
Extl3	-12.939152	-9.485273
Blvra	-11.348642	-7.8947644
Atp5j	-9.87693	-6.4230523
Gm45669	-16.404888	-12.95101
Plbd1	-10.652315	-7.198437
Prdx3	-12.1144285	-8.66055
H2-Eb1	-7.3988686	-3.944991
Tmem51os1	-16.404888	-12.95101
Gm49579	-15.018594	-11.564715
Fam110a	-12.970901	-9.517022
Smarcad1	-12.0873995	-8.633521
Btd	-14.006992	-10.553114
Slc29a1	-10.932617	-7.4787393
Ahcyl2	-11.6775	-8.223621
Tgfb1i1	-13.919981	-10.466103
Synj2bp	-12.170781	-8.716903
Cacna2d4	-15.7117405	-12.257862
Hoxa3	-15.7117405	-12.257862
Stard5	-12.84954	-9.395661
Nup98	-11.600866	-8.146988
Adal	-14.79545	-11.341572
Arl14ep	-12.939152	-9.485273
Lsm12	-11.407676	-7.953798
Gm16565	-16.404888	-12.95101
Satb1	-13.514516	-10.060637
Rpl31	-9.151417	-5.6975393
Pde3a	-13.514516	-10.060637
Rps25	-8.22681	-4.7729325
Gm4013	-14.458978	-11.005099
Erbb2	-15.7117405	-12.257862
Myo6	-15.7117405	-12.257862
Phf12	-12.010439	-8.5565605
Gm14548	-13.76583	-10.311952
Tmem223	-11.962236	-8.508358
Cdk5r1	-14.458978	-11.005099
Zfp385b	-16.404888	-12.95101
Pknox2	-16.404888	-12.95101
1700006J14Rik	-14.458978	-11.005099
Ttc25	-14.613129	-11.15925
Entpd5	-13.76583	-10.311952
2610020C07Rik	-14.207664	-10.753785
Polr2a	-10.472643	-7.018765
Prr3	-13.460449	-10.006571
Prr19	-16.404888	-12.95101
Lars	-11.750927	-8.297049
Mmd	-12.379536	-8.925657
Tmem89	-16.404888	-12.95101
Abca9	-10.168518	-6.71464
Wdr73	-14.006992	-10.553114
Stt3a	-11.576574	-8.122696
Gm45495	-16.404888	-12.95101
Lbh	-11.20639	-7.7525125
Nlrc5	-13.839938	-10.38606
Gm13830	-15.306275	-11.852397
Galt	-13.514516	-10.060637
Pitpnm1	-12.79397	-9.340092
Gatd1	-11.986047	-8.532168
Sp2	-12.620698	-9.16682
Gm8817	-15.7117405	-12.257862
Retreg3	-12.1282215	-8.674343
Ddx41	-11.998169	-8.544291
Nde1	-12.156392	-8.702514
Flywch2	-15.018594	-11.564715
Aplf	-14.207664	-10.753785
Pcdhga10	-16.404888	-12.95101
Gfm2	-13.109051	-9.655172
Zmynd8	-11.189952	-7.736074
4931415C17Rik	-16.404888	-12.95101
Sgta	-11.695357	-8.241479
Catspere2	-16.404888	-12.95101
Xrcc6	-13.186012	-9.732134
Trmt10a	-13.146791	-9.692913
Arid4b	-11.126773	-7.672895
Gm26660	-15.306275	-11.852397
Tor1a	-12.1144285	-8.66055
Eefsec	-13.313846	-9.859967
Mrps16	-11.584606	-8.130728
Tnfrsf13b	-11.634203	-8.180325
St3gal5	-12.4730625	-9.019184
Tmem268	-13.839938	-10.38606
Cmas	-12.156392	-8.702514
Mov10	-13.696837	-10.242959
1700008B11Rik	-16.404888	-12.95101
Zfp236	-12.741326	-9.287448
Impa2	-13.226834	-9.772956
Fam169a	-16.404888	-12.95101
Pnpla7	-11.779915	-8.326036
Abt1	-12.939152	-9.485273
Lzts2	-13.409156	-9.955277
Baz2a	-12.200195	-8.746317
Cmtm6	-11.048302	-7.594424
Pctp	-13.839938	-10.38606
Sema3b	-14.79545	-11.341572
Ppp1cc	-10.836543	-7.382665
Alg10b	-13.072683	-9.618805
Gm5820	-16.404888	-12.95101
Ccdc71	-12.939152	-9.485273
Polr2h	-12.344445	-8.890567
Atg13	-13.76583	-10.311952
Tec	-11.568605	-8.114727
Gm47815	-15.7117405	-12.257862
Rhoj	-12.767302	-9.313423
Ppip5k2	-12.878528	-9.424649
Aspm	-12.716008	-9.26213
Zfp976	-14.458978	-11.005099
Ddx27	-12.18538	-8.731502
Dmac1	-11.157864	-7.7039857
Zfand1	-13.460449	-10.006571
Gm28730	-15.7117405	-12.257862
Epha5	-16.404888	-12.95101
Lcp1	-9.227869	-5.773991
Nphs2	-16.404888	-12.95101
Gm20467	-16.404888	-12.95101
Herc4	-11.861593	-8.407715
Plekha5	-13.632299	-10.178421
Car9	-14.458978	-11.005099
Mag	-14.325446	-10.871568
Ikbkb	-11.286894	-7.833016
Hebp1	-12.9083805	-9.454502
Sumf1	-12.310543	-8.856665
Hepacam2	-12.691316	-9.237437
Tlr13	-12.074155	-8.620276
Fkbp15	-11.407676	-7.953798
Gp1ba	-15.7117405	-12.257862
Aplp1	-14.458978	-11.005099
Slc16a13	-14.325446	-10.871568
Rint1	-13.460449	-10.006571
Rbms1	-10.162664	-6.7087865
Parn	-13.072683	-9.618805
Gm10790	-13.571674	-10.117796
Spryd4	-14.613129	-11.15925
Zfp609	-13.037592	-9.583714
Sgf29	-12.716008	-9.26213
Spr	-11.905078	-8.4512
Platr32	-16.404888	-12.95101
Arl6ip5	-11.435075	-7.981197
Tnip2	-12.074155	-8.620276
Pkp3	-14.458978	-11.005099
Zfc3h1	-12.0228615	-8.568983
Klf2	-9.322339	-5.868461
Adar	-12.344445	-8.890567
Tbx1	-16.404888	-12.95101
Snrk	-12.18538	-8.731502
Abcc9	-14.613129	-11.15925
Thra	-11.962236	-8.508358
Kcnq1ot1	-11.323483	-7.8696055
Pum1	-11.407676	-7.953798
Tars	-12.379536	-8.925657
4931406C07Rik	-11.905078	-8.4512
Fbxo34	-12.4730625	-9.019184
Ttc13	-13.037592	-9.583714
Uchl4	-15.7117405	-12.257862
Tsga10	-12.878528	-9.424649
Mthfd2l	-12.533687	-9.079808
Cln6	-12.533687	-9.079808
Mfn1	-13.514516	-10.060637
Mnat1	-12.878528	-9.424649
Gm31105	-15.306275	-11.852397
Pabpc4	-13.226834	-9.772956
Gm43263	-16.404888	-12.95101
Cnot10	-12.533687	-9.079808
Snx4	-11.770159	-8.31628
Aspscr1	-12.767302	-9.313423
Tlr11	-14.613129	-11.15925
Neo1	-13.76583	-10.311952
Cxcr4	-11.179141	-7.725263
Mfsd10	-11.905078	-8.4512
March1	-11.200881	-7.747003
Erp44	-11.642714	-8.188835
Gm49064	-16.404888	-12.95101
4732496C06Rik	-16.404888	-12.95101
Nup133	-12.691316	-9.237437
Vwa5b2	-16.404888	-12.95101
5830454E08Rik	-16.404888	-12.95101
Egr1	-8.240947	-4.787069
Nostrin	-12.576246	-9.122368
Gm33370	-15.306275	-11.852397
Gm14698	-15.7117405	-12.257862
Pde4d	-13.409156	-9.955277
Foxn2	-11.84054	-8.386662
Commd8	-11.0916815	-7.6378036
Dhrs3	-10.241573	-6.7876954
Cpt1b	-15.306275	-11.852397
Lrrk1	-12.261753	-8.807875
Zc3h7a	-11.779915	-8.326036
2500002B13Rik	-16.404888	-12.95101
1700037C18Rik	-13.839938	-10.38606
Hmgcl	-11.329714	-7.875836
1110002J07Rik	-14.325446	-10.871568
Fbxo10	-14.79545	-11.341572
Hspa13	-12.453644	-8.999765
Ddx20	-13.269394	-9.8155155
Plekhg2	-11.126773	-7.672895
Mbd5	-13.146791	-9.692913
Abcf3	-12.821369	-9.367491
Lrrc8d	-11.732059	-8.27818
Ccdc107	-12.18538	-8.731502
Coa6	-12.434596	-8.980718
Cmc1	-11.779915	-8.326036
Gpha2	-16.404888	-12.95101
Cenpq	-13.037592	-9.583714
9030025P20Rik	-14.613129	-11.15925
Gdpgp1	-14.458978	-11.005099
Ccdc125	-14.79545	-11.341572
Lrp8	-15.018594	-11.564715
Hif1an	-13.186012	-9.732134
Zbtb5	-13.571674	-10.117796
Gm43689	-16.404888	-12.95101
Gm50405	-16.404888	-12.95101
Cxxc1	-12.4730625	-9.019184
AI467606	-12.170781	-8.716903
Gm43514	-16.404888	-12.95101
Nckap1	-14.102303	-10.648424
Zfp712	-15.018594	-11.564715
Gm14302	-15.7117405	-12.257862
Tmem259	-11.732059	-8.27818
Upp2	-13.919981	-10.466103
Il2rb	-15.7117405	-12.257862
Lig1	-12.1144285	-8.66055
Gzf1	-13.409156	-9.955277
Dnajb14	-10.697778	-7.2439
Dclre1a	-13.360365	-9.9064865
Ankrd50	-13.514516	-10.060637
Gm5617	-12.741326	-9.287448
Ss18	-11.938979	-8.485101
Rab7	-10.262851	-6.808973
S100a13	-10.22902	-6.775142
Angpt2	-16.404888	-12.95101
1810037I17Rik	-10.446463	-6.9925847
Anp32b	-10.0349865	-6.5811086
Fam210b	-13.109051	-9.655172
Nup214	-12.156392	-8.702514
Pik3r1	-11.015816	-7.561938
Inppl1	-12.379536	-8.925657
Gramd1b	-13.460449	-10.006571
5031425E22Rik	-11.71354	-8.259662
Dpyd	-16.404888	-12.95101
Cngb1	-16.404888	-12.95101
Anp32e	-11.006725	-7.5528474
Smurf1	-13.003691	-9.549812
Ckap2	-13.360365	-9.9064865
Mms19	-12.620698	-9.16682
Rhbdd3	-13.514516	-10.060637
Alg9	-12.970901	-9.517022
D130017N08Rik	-15.018594	-11.564715
1810041H14Rik	-15.7117405	-12.257862
Pbrm1	-10.721308	-7.26743
Adamtsl1	-16.404888	-12.95101
Adgre5	-10.614927	-7.1610494
Efnb1	-14.458978	-11.005099
Rbpjl	-14.79545	-11.341572
Hoxa4	-15.306275	-11.852397
Magohb	-13.186012	-9.732134
Map3k8	-11.514539	-8.06066
Vmn2r69	-16.404888	-12.95101
Col6a2	-14.207664	-10.753785
Rap2b	-11.625764	-8.1718855
Zfp791	-16.404888	-12.95101
Ap3b1	-11.552857	-8.098979
Zdhhc13	-13.839938	-10.38606
Nfrkb	-13.037592	-9.583714
Hadh	-12.261753	-8.807875
Mtrr	-14.006992	-10.553114
Sac3d1	-13.003691	-9.549812
Hgf	-13.76583	-10.311952
Unc13c	-16.404888	-12.95101
1190005I06Rik	-14.325446	-10.871568
Hoxb4	-14.006992	-10.553114
Grhl1	-16.404888	-12.95101
Snx13	-11.938979	-8.485101
Coro2b	-12.970901	-9.517022
Fam71f2	-16.404888	-12.95101
Kdm6bos	-14.458978	-11.005099
Serf1	-12.9083805	-9.454502
Sipa1	-11.152615	-7.6987367
Akr1c13	-12.84954	-9.395661
Actn2	-15.7117405	-12.257862
Frmd4a	-11.686389	-8.232511
Psmc3ip	-13.919981	-10.466103
9530062K07Rik	-14.458978	-11.005099
Gm21781	-15.018594	-11.564715
5330434G04Rik	-16.404888	-12.95101
Hotairm1	-13.919981	-10.466103
Rab5b	-11.84054	-8.386662
Snrpn	-15.7117405	-12.257862
Lamtor5	-11.126773	-7.672895
Ddx23	-12.310543	-8.856665
Ubtf	-11.280924	-7.827046
Elof1	-11.529691	-8.075812
Naa35	-12.2305	-8.776622
Orc1	-15.306275	-11.852397
Rem2	-15.7117405	-12.257862
Rasd2	-15.7117405	-12.257862
F8a	-13.146791	-9.692913
Man2b2	-12.379536	-8.925657
Mfsd1	-10.899556	-7.445678
2810408I11Rik	-13.696837	-10.242959
Ddx54	-11.927551	-8.473673
Larp1	-11.335983	-7.8821054
Trim71	-15.7117405	-12.257862
Ak2	-11.492233	-8.038355
Gm26771	-15.306275	-11.852397
Zc2hc1c	-16.404888	-12.95101
Aimp1	-11.317291	-7.8634133
9630009A06Rik	-16.404888	-12.95101
Gm29488	-13.696837	-10.242959
Fam172a	-11.799718	-8.3458395
Swt1	-11.830176	-8.376298
Csnk1d	-11.600866	-8.146988
Lmo4	-11.400942	-7.947064
Xkr8	-14.458978	-11.005099
Gm45235	-16.404888	-12.95101
Gm47863	-14.006992	-10.553114
Pou5f2	-14.102303	-10.648424
Nt5dc2	-12.379536	-8.925657
Csnk1g1	-12.821369	-9.367491
Tnnt3	-16.404888	-12.95101
Phf11d	-12.310543	-8.856665
Gar1	-12.434596	-8.980718
Igip	-13.037592	-9.583714
Tmem165	-11.651298	-8.197419
1500011B03Rik	-12.9083805	-9.454502
Parm1	-15.306275	-11.852397
Psma7	-9.943419	-6.4895415
Lpxn	-12.200195	-8.746317
Slc1a4	-15.306275	-11.852397
Fam221b	-15.306275	-11.852397
Gm34121	-16.404888	-12.95101
Tufm	-12.492865	-9.038986
Trbc1	-15.7117405	-12.257862
AA388235	-15.7117405	-12.257862
Zfp960	-15.7117405	-12.257862
Wiz	-12.767302	-9.313423
6820408C15Rik	-15.7117405	-12.257862
Dnal1	-14.613129	-11.15925
Gm16861	-15.018594	-11.564715
Itga7	-16.404888	-12.95101
Tm4sf1	-11.732059	-8.27818
Col4a4	-14.613129	-11.15925
Eif3k	-10.0367	-6.5828223
Uckl1	-13.146791	-9.692913
Il10rb	-10.477962	-7.0240836
Smad5	-12.576246	-9.122368
Fem1a	-13.186012	-9.732134
Trak1	-12.453644	-8.999765
St8sia1	-15.7117405	-12.257862
Crnkl1	-12.074155	-8.620276
Nap1l1	-10.139586	-6.6857085
Dnajc8	-10.844206	-7.390328
Mlx	-12.878528	-9.424649
mt-Nd5	-9.489164	-6.0352864
Jazf1	-16.404888	-12.95101
Uck1	-12.767302	-9.313423
Mycbp	-12.576246	-9.122368
Grk5	-12.9083805	-9.454502
Cdc25a	-13.109051	-9.655172
Emc3	-11.477634	-8.023756
Rock1	-10.362255	-6.908377
Tspan12	-16.404888	-12.95101
Clcc1	-12.170781	-8.716903
Tmem150a	-14.458978	-11.005099
Rnf11	-12.156392	-8.702514
Zzz3	-11.770159	-8.31628
4933439C10Rik	-14.102303	-10.648424
1700008J07Rik	-14.006992	-10.553114
Clec1a	-14.006992	-10.553114
Xpot	-12.18538	-8.731502
Asb2	-13.146791	-9.692913
Acyp2	-14.102303	-10.648424
Pura	-10.867554	-7.413676
Trim16	-14.613129	-11.15925
Hddc2	-13.226834	-9.772956
Gm35206	-16.404888	-12.95101
Prkg2	-16.404888	-12.95101
Unc45b	-16.404888	-12.95101
Cyp8b1	-14.79545	-11.341572
Adrm1	-11.770159	-8.31628
Zeb2os	-11.809768	-8.355889
Med21	-11.830176	-8.376298
Cetn2	-11.830176	-8.376298
C030006K11Rik	-14.207664	-10.753785
Svip	-13.571674	-10.117796
Nek1	-13.514516	-10.060637
C030034L19Rik	-13.269394	-9.8155155
Psd2	-15.7117405	-12.257862
Il17rd	-14.325446	-10.871568
Paip2b	-13.269394	-9.8155155
Carlr	-16.404888	-12.95101
Itpripl1	-11.66869	-8.214811
Rnf167	-11.974071	-8.520192
B4galt7	-13.571674	-10.117796
Tnfrsf1a	-10.90772	-7.4538417
Scamp5	-12.0354395	-8.581561
Pigu	-12.598226	-9.144347
Arpin	-13.76583	-10.311952
Glb1l2	-16.404888	-12.95101
Slc12a7	-12.0873995	-8.633521
D5Ertd579e	-11.974071	-8.520192
Gabpb1	-13.003691	-9.549812
Fzd8	-13.919981	-10.466103
Eid2	-14.102303	-10.648424
Kmt2d	-12.048179	-8.5943
BE692007	-12.878528	-9.424649
Dhrs13os	-16.404888	-12.95101
Zfp385a	-11.704408	-8.250529
Gm29243	-16.404888	-12.95101
Mgst2	-15.7117405	-12.257862
Scyl2	-12.667218	-9.21334
Myo19	-14.79545	-11.341572
Gm43573	-16.404888	-12.95101
Batf	-12.397554	-8.943676
Ykt6	-11.974071	-8.520192
Phrf1	-12.667218	-9.21334
Ints6l	-11.861593	-8.407715
Rhoc	-11.819921	-8.366042
Fam193a	-11.809768	-8.355889
Tmem150b	-14.207664	-10.753785
Ifi47	-11.927551	-8.473673
Rgl1	-10.773676	-7.319798
Acp1	-11.695357	-8.241479
Tnfrsf26	-16.404888	-12.95101
St6galnac6	-12.453644	-8.999765
Gm11131	-15.306275	-11.852397
BC028528	-11.116621	-7.662743
Acbd5	-11.634203	-8.180325
Fsd2	-15.306275	-11.852397
Sbno2	-10.945302	-7.491424
Gm17705	-16.404888	-12.95101
Dhrs7b	-12.246005	-8.792127
Ro60	-12.79397	-9.340092
Hip1	-11.02961	-7.5757318
4932438A13Rik	-11.732059	-8.27818
Tbk1	-11.576574	-8.122696
Sesn2	-13.313846	-9.859967
Gm28050	-15.306275	-11.852397
D930048N14Rik	-15.7117405	-12.257862
Fam131a	-14.102303	-10.648424
Lilr4b	-10.949567	-7.495689
Fbxl17	-12.79397	-9.340092
Art2b	-16.404888	-12.95101
Lrrc75a	-14.613129	-11.15925
Gm9774	-15.306275	-11.852397
Gatc	-12.9083805	-9.454502
Nop14	-11.986047	-8.532168
Arhgap20	-15.306275	-11.852397
Orai2	-13.632299	-10.178421
Mrpl15	-11.779915	-8.326036
Atxn7l1	-12.434596	-8.980718
Usp2	-13.696837	-10.242959
Gm6277	-14.207664	-10.753785
Sgca	-15.7117405	-12.257862
2310067P03Rik	-16.404888	-12.95101
Gpr141	-13.632299	-10.178421
Galnt10	-11.916251	-8.462373
Pdlim2	-11.998169	-8.544291
Mylk2	-15.7117405	-12.257862
Lrrc20	-14.006992	-10.553114
Camk2a	-14.613129	-11.15925
Cdca8	-12.277753	-8.823874
Kdm4c	-12.767302	-9.313423
Atp1b1	-13.839938	-10.38606
U2surp	-11.101583	-7.6477046
S1pr3	-15.7117405	-12.257862
Tlr5	-12.55474	-9.100862
Ttyh2	-14.006992	-10.553114
Trim28	-11.499613	-8.045734
Cd83	-9.795539	-6.341661
H13	-11.240102	-7.786224
Suclg2	-12.010439	-8.5565605
Dyrk2	-11.916251	-8.462373
Armc10	-13.003691	-9.549812
Gm15787	-15.306275	-11.852397
Sel1l3	-16.404888	-12.95101
8030423F21Rik	-16.404888	-12.95101
Rnaseh2c	-10.941056	-7.4871783
Lix1	-13.109051	-9.655172
Copg1	-12.361836	-8.907958
Lrfn3	-16.404888	-12.95101
Gm12974	-15.7117405	-12.257862
Ap1s2	-11.006725	-7.5528474
Gm2415	-15.018594	-11.564715
Limk1	-13.409156	-9.955277
Zc3h3	-13.571674	-10.117796
Cdkl5	-14.613129	-11.15925
Gm17690	-15.7117405	-12.257862
AW549877	-12.513067	-9.059189
Wdr55	-13.186012	-9.732134
Calml4	-13.919981	-10.466103
Zbtb39	-14.325446	-10.871568
Rbm12b1	-13.76583	-10.311952
Tmem229b	-12.84954	-9.395661
Nfkbiz	-9.363476	-5.9095984
Cep290	-13.109051	-9.655172
Slamf9	-10.707794	-7.2539163
Nr6a1	-14.79545	-11.341572
Telo2	-14.458978	-11.005099
Cnga1	-15.7117405	-12.257862
Il1a	-13.839938	-10.38606
Dnajc5	-11.311137	-7.8572593
AB124611	-11.695357	-8.241479
Ccn2	-12.215233	-8.761354
Ell2	-12.939152	-9.485273
Wdr12	-12.379536	-8.925657
Phkg1	-13.632299	-10.178421
Nme4	-12.277753	-8.823874
Rgcc	-13.269394	-9.8155155
Dnaja1	-9.338421	-5.884543
Baiap2l1	-16.404888	-12.95101
Ccdc12	-10.645986	-7.1921077
Uhrf1	-12.691316	-9.237437
Zfp148	-11.274989	-7.821111
Zfp384	-12.9083805	-9.454502
Rps19	-7.9331098	-4.4792323
Pter	-14.325446	-10.871568
Rbm4b	-12.767302	-9.313423
Zfp467	-11.986047	-8.532168
Gm44366	-15.7117405	-12.257862
Grk2	-10.627235	-7.1733575
Slc22a13	-16.404888	-12.95101
Nxpe3	-14.458978	-11.005099
Rnf115	-11.905078	-8.4512
Acadm	-11.394253	-7.940375
Gm50322	-15.306275	-11.852397
Phf1	-12.79397	-9.340092
Dusp23	-12.379536	-8.925657
Mink1	-11.592704	-8.138825
Gm13568	-16.404888	-12.95101
Ghr	-15.018594	-11.564715
Ctsz	-9.406378	-5.9525003
Nrg1	-16.404888	-12.95101
Cgnl1	-13.571674	-10.117796
Ube2d3	-9.765012	-6.311134
Med29	-12.156392	-8.702514
Utp6	-12.643687	-9.189809
Nufip2	-10.459467	-7.005589
BC002059	-14.102303	-10.648424
Gm43920	-16.404888	-12.95101
Fbxl12os	-15.7117405	-12.257862
Ap1b1	-10.7315645	-7.2776866
Cd47	-10.016326	-6.562448
Rbm24	-16.404888	-12.95101
Gm49492	-14.79545	-11.341572
Tbxas1	-11.05303	-7.599152
Pros1	-11.228738	-7.77486
Heatr3	-12.878528	-9.424649
Esd	-10.788116	-7.3342385
Cers2	-11.184532	-7.7306542
Parp2	-11.861593	-8.407715
Epn2	-13.226834	-9.772956
Duox2	-16.404888	-12.95101
Map3k7cl	-14.79545	-11.341572
Rpl37	-7.6650305	-4.211153
1110018N20Rik	-16.404888	-12.95101
0610038B21Rik	-15.7117405	-12.257862
Creb3l3	-15.306275	-11.852397
Sh3bgr	-13.696837	-10.242959
Slc38a7	-12.598226	-9.144347
Tacc3	-12.533687	-9.079808
Itgam	-10.359882	-6.9060044
Capn11	-16.404888	-12.95101
Emp3	-9.187444	-5.7335663
Grb2	-10.304569	-6.8506913
Abcb4	-13.409156	-9.955277
Zfp973	-16.404888	-12.95101
Heyl	-15.306275	-11.852397
Etfb	-10.578888	-7.12501
Tmem42	-13.313846	-9.859967
Usp15	-11.335983	-7.8821054
Tbc1d31	-12.970901	-9.517022
Sf3b5	-10.766533	-7.312655
Synrg	-11.584606	-8.130728
Kcnk3	-15.018594	-11.564715
Smyd4	-13.632299	-10.178421
Nbdy	-12.048179	-8.5943
mt-Co3	-6.804534	-3.3506565
Rps6kb2	-13.632299	-10.178421
Strip2	-13.76583	-10.311952
Plag1	-15.7117405	-12.257862
Rab11fip4	-15.306275	-11.852397
Ggnbp1	-14.458978	-11.005099
Tmem216	-14.79545	-11.341572
Adamts12	-15.7117405	-12.257862
6030443J06Rik	-15.306275	-11.852397
Golga5	-12.79397	-9.340092
Tmem220	-13.632299	-10.178421
Gramd4	-13.571674	-10.117796
Arhgap29	-13.919981	-10.466103
Gatd3a	-12.361836	-8.907958
9530068E07Rik	-11.514539	-8.06066
Calm2	-9.012856	-5.558978
Ttc16	-16.404888	-12.95101
Paip1	-11.962236	-8.508358
Timm13	-10.529957	-7.076079
Riox2	-13.360365	-9.9064865
Acan	-16.404888	-12.95101
Glb1	-11.851011	-8.397133
Ccdc63	-14.102303	-10.648424
Gm36888	-16.404888	-12.95101
Mpst	-12.878528	-9.424649
L3hypdh	-14.613129	-11.15925
Lmbr1l	-13.360365	-9.9064865
Abcf1	-11.1737795	-7.7199016
Ino80c	-12.691316	-9.237437
Asb1	-14.006992	-10.553114
Asrgl1	-13.696837	-10.242959
Ptpn1	-10.681303	-7.227425
L3mbtl3	-14.102303	-10.648424
Gm30948	-16.404888	-12.95101
Atp6v1c1	-11.659956	-8.206078
Lrp5	-12.620698	-9.16682
I730030J21Rik	-15.7117405	-12.257862
Rxylt1	-11.651298	-8.197419
Slc25a37	-11.905078	-8.4512
Zfp617	-12.878528	-9.424649
Nipsnap3b	-12.1144285	-8.66055
Gm22146	-13.360365	-9.9064865
Fam104a	-11.286894	-7.833016
Zfp819	-16.404888	-12.95101
Dnajc9	-12.310543	-8.856665
Rpl39	-7.7301774	-4.2763
Elf1	-11.05778	-7.6039023
4833445I07Rik	-14.613129	-11.15925
Slc6a9	-15.7117405	-12.257862
Zfp317	-13.632299	-10.178421
Palld	-12.1282215	-8.674343
Gm17259	-14.325446	-10.871568
Rps6kb1	-11.722756	-8.268878
Icam2	-13.696837	-10.242959
Mdk	-14.207664	-10.753785
Mgrn1	-12.277753	-8.823874
Fmnl3	-12.84954	-9.395661
Snapc1	-12.716008	-9.26213
Treml2	-15.306275	-11.852397
A430110L20Rik	-15.7117405	-12.257862
Tgif1	-11.168446	-7.7145677
Ankdd1a	-16.404888	-12.95101
Zfp276	-13.839938	-10.38606
Igf2bp3	-14.458978	-11.005099
Fuca1	-10.605795	-7.151917
Gm46620	-16.404888	-12.95101
Rit1	-11.71354	-8.259662
Ddx18	-11.600866	-8.146988
Ppp1r12c	-10.979938	-7.5260596
Iws1	-12.0228615	-8.568983
Tub	-15.306275	-11.852397
Mfsd13a	-14.006992	-10.553114
Nphp1	-14.006992	-10.553114
Limk2	-13.919981	-10.466103
Uggt1	-11.522086	-8.068208
Wdr74	-12.767302	-9.313423
Ccdc170	-14.613129	-11.15925
Zfp512	-12.939152	-9.485273
A530041M06Rik	-15.018594	-11.564715
B230208H11Rik	-15.306275	-11.852397
Zfp790	-13.76583	-10.311952
Pde1c	-16.404888	-12.95101
Evl	-11.750927	-8.297049
Mrpl12	-11.484907	-8.031029
Zbtb17	-14.207664	-10.753785
Smo	-12.741326	-9.287448
Zfp946	-13.839938	-10.38606
Parp9	-12.18538	-8.731502
Adap2	-10.911826	-7.457948
Tmem234	-10.386294	-6.9324164
Ptgs1	-11.234404	-7.7805257
Sh3kbp1	-11.240102	-7.786224
Tuba8	-16.404888	-12.95101
Cgn	-16.404888	-12.95101
Elp3	-13.037592	-9.583714
Brip1os	-12.415904	-8.962026
Hint2	-11.905078	-8.4512
Rps24	-7.2764077	-3.8225303
Rab27a	-15.306275	-11.852397
Mdga1	-14.102303	-10.648424
Bdp1	-11.592704	-8.138825
Mllt3	-13.313846	-9.859967
Rbp1	-12.18538	-8.731502
Spen	-11.592704	-8.138825
Ndufa10	-11.529691	-8.075812
Mrgpre	-16.404888	-12.95101
Mtdh	-10.282395	-6.8285174
Hspbap1	-13.839938	-10.38606
Gm9949	-14.325446	-10.871568
5730522E02Rik	-16.404888	-12.95101
Tbl1xr1	-11.592704	-8.138825
Ivns1abp	-11.323483	-7.8696055
Mynn	-13.514516	-10.060637
Gm47917	-16.404888	-12.95101
Gm10775	-16.404888	-12.95101
Sptan1	-11.240102	-7.786224
Gm44949	-16.404888	-12.95101
Itpr3	-14.613129	-11.15925
Rbm43	-13.109051	-9.655172
Gm47428	-14.102303	-10.648424
4921524J17Rik	-12.294014	-8.840136
H2afj	-10.254285	-6.800407
4930471G03Rik	-15.306275	-11.852397
Heca	-11.695357	-8.241479
Mapkapk2	-10.802769	-7.348891
Ngdn	-11.861593	-8.407715
B230322F03Rik	-16.404888	-12.95101
Cmtr1	-12.379536	-8.925657
Fads1	-11.659956	-8.206078
Rtl8b	-12.434596	-8.980718
Ndufb2	-11.006725	-7.5528474
Daxx	-12.741326	-9.287448
Tsc22d4	-10.286791	-6.832913
Wnk4	-16.404888	-12.95101
Rala	-11.228738	-7.77486
Mrs2	-13.186012	-9.732134
Zfp871	-11.741448	-8.28757
BB218582	-16.404888	-12.95101
Mpdu1	-12.142208	-8.68833
Hist4h4	-13.037592	-9.583714
Mapk13	-15.306275	-11.852397
Capzb	-9.8396225	-6.3857446
Daglb	-11.2231045	-7.7692266
Ran	-10.235277	-6.7813993
Cep95	-13.409156	-9.955277
Wdr66	-16.404888	-12.95101
Elac1	-13.146791	-9.692913
4833418N02Rik	-15.306275	-11.852397
Mtmr9	-13.146791	-9.692913
Ccdc6	-12.415904	-8.962026
Nif3l1	-14.102303	-10.648424
Abca8a	-13.360365	-9.9064865
Prdx6	-11.584606	-8.130728
Slc44a1	-12.533687	-9.079808
Tmem44	-16.404888	-12.95101
Lrif1	-11.809768	-8.355889
Nisch	-10.614927	-7.1610494
B3gnt3	-13.571674	-10.117796
Casc4	-15.7117405	-12.257862
Nop9	-13.037592	-9.583714
Gm17092	-13.409156	-9.955277
Aatk	-15.7117405	-12.257862
Letmd1	-12.79397	-9.340092
Lncpint	-12.294014	-8.840136
Tomm6	-9.927916	-6.4740376
Gpr65	-10.711156	-7.257278
Gm38405	-14.006992	-10.553114
Megf6	-16.404888	-12.95101
Cryzl1	-12.415904	-8.962026
Snhg15	-12.716008	-9.26213
Ksr1	-13.571674	-10.117796
Ggps1	-12.667218	-9.21334
1700019L13Rik	-13.76583	-10.311952
Diaph1	-11.002211	-7.5483327
Gm5914	-14.613129	-11.15925
Maml3	-12.716008	-9.26213
Dpy30	-11.568605	-8.114727
Palmd	-16.404888	-12.95101
Trit1	-13.696837	-10.242959
Actr8	-12.741326	-9.287448
Comtd1	-13.109051	-9.655172
Oplah	-13.632299	-10.178421
Rpl39l	-15.306275	-11.852397
1810044D09Rik	-13.919981	-10.466103
Aup1	-11.251596	-7.7977185
Npl	-11.522086	-8.068208
2200002J24Rik	-16.404888	-12.95101
Ahi1	-14.006992	-10.553114
Galnt3	-15.7117405	-12.257862
Katnb1	-14.325446	-10.871568
Myo15	-15.7117405	-12.257862
Gm45774	-15.018594	-11.564715
Dclk2	-15.306275	-11.852397
Sgsh	-12.55474	-9.100862
Rangap1	-11.779915	-8.326036
Lpcat4	-14.325446	-10.871568
Dhdh	-12.716008	-9.26213
Ezr	-11.732059	-8.27818
Imp3	-11.507048	-8.053169
Cbx6	-12.667218	-9.21334
Nop53	-10.899556	-7.445678
Epc1	-11.779915	-8.326036
Firre	-14.325446	-10.871568
Cln3	-11.861593	-8.407715
Rnf113a2	-13.186012	-9.732134
Ubl3	-10.331843	-6.8779655
Gm44066	-16.404888	-12.95101
Zik1	-15.7117405	-12.257862
Prag1	-14.613129	-11.15925
Dusp3	-10.6911545	-7.2372766
4930522L14Rik	-14.207664	-10.753785
Iqgap2	-10.6179905	-7.1641126
Rag1	-16.404888	-12.95101
Dnajc15	-11.189952	-7.736074
Ighm	-9.930997	-6.477119
Eef1akmt1	-12.170781	-8.716903
Ift43	-13.146791	-9.692913
Prmt2	-12.55474	-9.100862
Sept3	-13.313846	-9.859967
Pnn	-11.217502	-7.7636237
Ubn2	-11.286894	-7.833016
Cables2	-14.79545	-11.341572
Anxa3	-11.195401	-7.7415233
Paqr5	-13.919981	-10.466103
Tspan9	-14.613129	-11.15925
Cdh24	-15.018594	-11.564715
Megf11	-15.7117405	-12.257862
Apmap	-13.003691	-9.549812
Ifit2	-12.513067	-9.059189
Ap1ar	-12.643687	-9.189809
Aco2	-11.355032	-7.901154
Anxa1	-10.958151	-7.504273
Gad2	-16.404888	-12.95101
Smoc2	-14.79545	-11.341572
Chek2	-13.460449	-10.006571
Eif5a2	-14.207664	-10.753785
Ccn3	-12.970901	-9.517022
Cdc73	-12.1282215	-8.674343
BC025920	-15.7117405	-12.257862
Cfap157	-15.7117405	-12.257862
Ercc6l	-14.006992	-10.553114
A830082K12Rik	-16.404888	-12.95101
Cstb	-10.147221	-6.6933427
Scml2	-16.404888	-12.95101
Tarbp2	-12.970901	-9.517022
Trim32	-13.409156	-9.955277
Sntb1	-15.7117405	-12.257862
Atp6v1h	-11.499613	-8.045734
Ufm1	-11.625764	-8.1718855
2310034G01Rik	-16.404888	-12.95101
Prune2	-11.592704	-8.138825
Hacd1	-13.571674	-10.117796
Dld	-11.986047	-8.532168
Gm44067	-13.696837	-10.242959
Fam43a	-11.704408	-8.250529
Sdhd	-11.477634	-8.023756
Epha1	-16.404888	-12.95101
Itgb3bp	-13.839938	-10.38606
Ffar2	-16.404888	-12.95101
Arhgap30	-10.621062	-7.1671844
Rnf139	-12.415904	-8.962026
Lrrc42	-13.269394	-9.8155155
Gramd1a	-12.453644	-8.999765
Gtf3c6	-11.905078	-8.4512
Slc20a2	-14.325446	-10.871568
Elp6	-13.632299	-10.178421
Mon1b	-13.146791	-9.692913
Zfp30	-13.76583	-10.311952
Gm26724	-15.018594	-11.564715
Galnt1	-10.971166	-7.5172877
Adcy4	-15.7117405	-12.257862
Gm48089	-14.613129	-11.15925
Zfp995	-13.632299	-10.178421
Actr1b	-12.327351	-8.873472
Cd3d	-15.018594	-11.564715
Rprd2	-12.100822	-8.646944
Tsc2	-12.84954	-9.395661
Gm14198	-16.404888	-12.95101
Katnbl1	-12.970901	-9.517022
Fam129c	-15.306275	-11.852397
Ppm1b	-12.667218	-9.21334
Atp6v1e1	-10.396074	-6.9421964
Ndufaf6	-13.460449	-10.006571
Nmrk1	-14.613129	-11.15925
Plaur	-12.310543	-8.856665
Grik5	-16.404888	-12.95101
Syt17	-15.306275	-11.852397
Hltf	-11.872289	-8.41841
Rtkn2	-14.79545	-11.341572
Numb	-13.409156	-9.955277
Gm16180	-16.404888	-12.95101
Dhtkd1	-15.7117405	-12.257862
Uqcc2	-11.02499	-7.571112
Fcgr2b	-9.545273	-6.091395
Ppa1	-12.533687	-9.079808
Nudt14	-13.226834	-9.772956
Ctif	-14.207664	-10.753785
Slc35e4	-12.716008	-9.26213
Mier3	-12.939152	-9.485273
Mmp15	-15.306275	-11.852397
Ttf2	-13.571674	-10.117796
mt-Nd3	-8.7182665	-5.2643886
B4galnt3	-16.404888	-12.95101
Uba5	-11.974071	-8.520192
Fpr1	-16.404888	-12.95101
Gkn3	-13.696837	-10.242959
Hkdc1	-16.404888	-12.95101
Gm9917	-16.404888	-12.95101
Ilvbl	-12.643687	-9.189809
Arhgef4	-15.306275	-11.852397
Zfp266	-13.037592	-9.583714
Nupr1l	-14.79545	-11.341572
Rheb	-10.8289385	-7.3750606
Timm9	-12.667218	-9.21334
Amacr	-14.613129	-11.15925
Minpp1	-13.003691	-9.549812
Ank	-11.916251	-8.462373
Il12b	-16.404888	-12.95101
Snapc4	-13.919981	-10.466103
Gm15972	-16.404888	-12.95101
Gm43569	-15.306275	-11.852397
Sema4c	-14.325446	-10.871568
Marveld1	-11.974071	-8.520192
Pkd1l3	-16.404888	-12.95101
Fam214b	-12.344445	-8.890567
Ppfia4	-12.100822	-8.646944
Epb41	-11.456128	-8.00225
Hvcn1	-12.9083805	-9.454502
Arhgef40	-14.207664	-10.753785
Cby3	-16.404888	-12.95101
Zc3hav1l	-13.919981	-10.466103
Gm42937	-14.102303	-10.648424
Arpc3	-9.300743	-5.8468657
Igsf3	-15.018594	-11.564715
Zfp518b	-14.102303	-10.648424
Sdhb	-11.015816	-7.561938
Cnot3	-11.507048	-8.053169
Shcbp1l	-16.404888	-12.95101
Hist1h2ab	-13.186012	-9.732134
Ncaph	-13.072683	-9.618805
Bphl	-12.939152	-9.485273
Pdzd11	-12.453644	-8.999765
Snx22	-15.306275	-11.852397
Atrn	-13.072683	-9.618805
Oga	-11.625764	-8.1718855
Parp16	-14.207664	-10.753785
1500004A13Rik	-14.613129	-11.15925
Ric8a	-12.061082	-8.6072035
Rab40c	-13.313846	-9.859967
Taf13	-11.6775	-8.223621
Ipo13	-13.313846	-9.859967
Mbd4	-13.460449	-10.006571
Anapc13	-10.711156	-7.257278
Prmt1	-11.779915	-8.326036
Rnase2a	-16.404888	-12.95101
Vegfc	-16.404888	-12.95101
Dnajb1	-10.855812	-7.401934
Itga1	-14.207664	-10.753785
Chic1	-16.404888	-12.95101
Ptprm	-15.7117405	-12.257862
Megf9	-15.018594	-11.564715
Klhdc3	-12.261753	-8.807875
Zfp9	-15.306275	-11.852397
Spn	-13.269394	-9.8155155
Pgap2	-12.142208	-8.68833
Uba7	-12.361836	-8.907958
Fech	-12.821369	-9.367491
Gtpbp4	-11.634203	-8.180325
Sbds	-11.463245	-8.009367
Glul	-9.244819	-5.7909408
Lmo7	-16.404888	-12.95101
Gm29291	-13.696837	-10.242959
Fbxl19	-13.409156	-9.955277
Gm40770	-16.404888	-12.95101
Snrpa	-11.659956	-8.206078
Rasgrp2	-12.142208	-8.68833
Abhd4	-12.434596	-8.980718
Ano2	-16.404888	-12.95101
Bptf	-10.642837	-7.1889586
Stk16	-12.1144285	-8.66055
Tomm5	-11.147392	-7.6935143
Nova2	-16.404888	-12.95101
Cpne3	-11.323483	-7.8696055
Rab2a	-10.575942	-7.122064
Rsl24d1	-11.927551	-8.473673
Defb30	-15.306275	-11.852397
Pcdhga1	-15.306275	-11.852397
Atxn7l3b	-10.821391	-7.367513
Golph3	-11.499613	-8.045734
Nifk	-12.513067	-9.059189
Cdh26	-16.404888	-12.95101
Glis2	-14.458978	-11.005099
Tbl1x	-11.463245	-8.009367
Myl12a	-10.109622	-6.655744
Kif5c	-14.325446	-10.871568
1700016P03Rik	-15.7117405	-12.257862
Wasl	-12.215233	-8.761354
Hivep2	-10.911826	-7.457948
Ccdc159	-16.404888	-12.95101
Crcp	-12.939152	-9.485273
Paqr8	-15.306275	-11.852397
Fgf6	-16.404888	-12.95101
Nbea	-15.306275	-11.852397
Igsf8	-11.851011	-8.397133
Tmem50a	-9.994713	-6.540835
Amigo3	-14.79545	-11.341572
Hpgds	-10.694461	-7.240583
Recql	-13.109051	-9.655172
Igkv3-12	-16.404888	-12.95101
Srp72	-11.335983	-7.8821054
Ccdc50	-10.423473	-6.9695954
Tbc1d17	-12.246005	-8.792127
Hunk	-14.613129	-11.15925
Pomgnt1	-13.460449	-10.006571
Gm4924	-15.7117405	-12.257862
Hist1h2bp	-15.7117405	-12.257862
Ptpn4	-13.514516	-10.060637
Arl15	-14.325446	-10.871568
Gm15747	-14.325446	-10.871568
Samd14	-16.404888	-12.95101
Ralgapb	-12.767302	-9.313423
Mtif2	-12.492865	-9.038986
Rab14	-9.980019	-6.5261407
Rbbp5	-12.821369	-9.367491
Gm30489	-16.404888	-12.95101
Stx16	-11.456128	-8.00225
Gm47018	-16.404888	-12.95101
Spata13	-15.018594	-11.564715
Abhd10	-13.696837	-10.242959
Psenen	-10.369407	-6.915529
Ythdf1	-12.010439	-8.5565605
Rrp12	-14.79545	-11.341572
Dlst	-12.1282215	-8.674343
Mras	-12.048179	-8.5943
Clstn1	-12.767302	-9.313423
Six5	-16.404888	-12.95101
Cfap410	-13.460449	-10.006571
Zdhhc17	-12.767302	-9.313423
Alkbh3	-12.513067	-9.059189
Usp42	-13.696837	-10.242959
Pabpn1	-10.668316	-7.214438
Srrm2	-9.758497	-6.3046193
Slc23a4	-15.7117405	-12.257862
Lin9	-13.313846	-9.859967
Mcu	-13.409156	-9.955277
Reln	-15.7117405	-12.257862
Chtop	-11.617396	-8.163518
Mindy1	-12.327351	-8.873472
Gpat2	-16.404888	-12.95101
Phb	-11.779915	-8.326036
Alyref2	-14.207664	-10.753785
Mterf1b	-15.306275	-11.852397
Cdkn2b	-15.018594	-11.564715
Hoxb9	-16.404888	-12.95101
Ric8b	-13.313846	-9.859967
Hist1h2ae	-11.240102	-7.786224
9430060I03Rik	-14.458978	-11.005099
Thoc3	-12.379536	-8.925657
Frs2	-12.767302	-9.313423
Fam20c	-13.226834	-9.772956
Mmp24	-16.404888	-12.95101
Oas2	-12.533687	-9.079808
Olfm2	-16.404888	-12.95101
Pik3c3	-12.643687	-9.189809
Aarsd1	-12.048179	-8.5943
Zfp507	-15.306275	-11.852397
Plekho2	-10.91595	-7.462072
Gm47167	-16.404888	-12.95101
Gm49151	-16.404888	-12.95101
Apobec3	-10.975542	-7.521664
Lbr	-11.142198	-7.6883197
Cabp4	-16.404888	-12.95101
Itgad	-16.404888	-12.95101
Elovl6	-15.306275	-11.852397
Pclo	-16.404888	-12.95101
Slc27a3	-13.919981	-10.466103
Arhgap28	-16.404888	-12.95101
Antxr1	-15.306275	-11.852397
Dnm3	-14.102303	-10.648424
Gm48954	-16.404888	-12.95101
Pxdn	-16.404888	-12.95101
Plaa	-12.4730625	-9.019184
Epas1	-14.207664	-10.753785
Bap1	-13.109051	-9.655172
Rbm19	-13.409156	-9.955277
Atf6	-11.568605	-8.114727
4930525G20Rik	-16.404888	-12.95101
Micu1	-11.851011	-8.397133
Ndufa6	-10.087723	-6.633845
Pepd	-10.273662	-6.8197837
Arg1	-16.404888	-12.95101
A730063M14Rik	-14.613129	-11.15925
Gabbr2	-15.306275	-11.852397
Lgi3	-15.306275	-11.852397
Cyp2j6	-14.458978	-11.005099
Wipf2	-12.576246	-9.122368
S100pbp	-12.513067	-9.059189
Etaa1os	-14.613129	-11.15925
Gm26621	-15.018594	-11.564715
Arl8a	-11.400942	-7.947064
Sc5d	-12.741326	-9.287448
Slc25a36	-11.872289	-8.41841
Ep300	-11.002211	-7.5483327
Bst1	-12.667218	-9.21334
Pdxp	-13.696837	-10.242959
Ctnna3	-15.306275	-11.852397
Cxcl12	-12.415904	-8.962026
Map2k7	-12.261753	-8.807875
Psap	-8.356738	-4.9028606
Gm42701	-16.404888	-12.95101
Smco4	-12.79397	-9.340092
Eif5	-10.012971	-6.559093
Gm14964	-16.404888	-12.95101
Ccz1	-11.986047	-8.532168
Pcbd2	-11.387608	-7.9337296
Clock	-11.851011	-8.397133
Wdr34	-14.325446	-10.871568
Gm12204	-15.7117405	-12.257862
D130020L05Rik	-15.306275	-11.852397
Olfr920	-12.397554	-8.943676
Mblac1	-14.79545	-11.341572
Nectin1	-13.460449	-10.006571
Gm13184	-15.7117405	-12.257862
Setx	-11.617396	-8.163518
Zeb2	-9.403642	-5.9497643
Ddx56	-13.186012	-9.732134
Tbcb	-10.971166	-7.5172877
Lrig3	-14.325446	-10.871568
Sept8	-11.576574	-8.122696
Taf2	-12.970901	-9.517022
Gm6710	-14.79545	-11.341572
Psme2	-10.78087	-7.3269925
Cacfd1	-13.186012	-9.732134
Cerk	-11.381007	-7.9271293
Hoxa9	-16.404888	-12.95101
Gstp3	-13.514516	-10.060637
Cfl2	-12.533687	-9.079808
Itgb8	-16.404888	-12.95101
Zfyve26	-12.492865	-9.038986
Nt5m	-13.409156	-9.955277
Nova1	-14.207664	-10.753785
Flad1	-13.696837	-10.242959
2810455O05Rik	-15.7117405	-12.257862
Tpd52	-10.4059515	-6.9520736
Hspb2	-14.102303	-10.648424
Plxna3	-14.613129	-11.15925
Sumf2	-13.226834	-9.772956
Hoxa10	-15.7117405	-12.257862
Prickle2	-15.7117405	-12.257862
Ttll1	-14.613129	-11.15925
Mrpl14	-11.240102	-7.786224
C1galt1c1	-13.109051	-9.655172
Fam221a	-14.102303	-10.648424
S100a1	-10.799086	-7.3452077
Hcar2	-14.458978	-11.005099
2810001G20Rik	-13.696837	-10.242959
Def6	-12.598226	-9.144347
4930532G15Rik	-14.613129	-11.15925
Kif2c	-13.919981	-10.466103
Cystm1	-14.79545	-11.341572
Fam91a1	-11.799718	-8.3458395
Plxdc2	-12.1144285	-8.66055
Gpr150	-15.7117405	-12.257862
Kat6b	-12.79397	-9.340092
Gm30794	-16.404888	-12.95101
Eif2ak1	-12.453644	-8.999765
Nup43	-13.632299	-10.178421
Nenf	-10.735006	-7.2811284
Uspl1	-12.9083805	-9.454502
Mus81	-13.313846	-9.859967
Abcc4	-13.696837	-10.242959
Sass6	-12.397554	-8.943676
Pex1	-14.102303	-10.648424
Mfsd9	-16.404888	-12.95101
Pate2	-15.306275	-11.852397
Sept9	-11.44906	-7.9951825
Esam	-13.571674	-10.117796
Rpl9-ps6	-12.716008	-9.26213
Kcne3	-14.006992	-10.553114
Slc7a11	-14.325446	-10.871568
Stxbp6	-12.0354395	-8.581561
Cuedc1	-13.632299	-10.178421
Myrf	-16.404888	-12.95101
Tuba4a	-12.576246	-9.122368
Gcc1	-13.409156	-9.955277
Usp5	-12.379536	-8.925657
Srek1	-11.659956	-8.206078
Fam209	-15.018594	-11.564715
Gab3	-12.55474	-9.100862
Gabarap	-9.130408	-5.6765304
Zfp747	-14.102303	-10.648424
Gak	-11.872289	-8.41841
Uhrf2	-11.522086	-8.068208
Zfp397	-12.492865	-9.038986
Gnb5	-14.207664	-10.753785
Myocd	-15.018594	-11.564715
Aim2	-11.986047	-8.532168
Ttc3	-11.26909	-7.815212
Lins1	-14.613129	-11.15925
Usp12	-11.927551	-8.473673
Pigh	-14.613129	-11.15925
Gm36419	-16.404888	-12.95101
Tbc1d8b	-13.571674	-10.117796
Gm15663	-16.404888	-12.95101
Decr2	-13.037592	-9.583714
Lancl2	-13.696837	-10.242959
Hhipl1	-16.404888	-12.95101
Calu	-11.760497	-8.306619
Itch	-11.381007	-7.9271293
Bcl3	-11.986047	-8.532168
Enpp6	-14.613129	-11.15925
Gm12359	-15.7117405	-12.257862
Gm28192	-16.404888	-12.95101
Wdr45	-12.9083805	-9.454502
Fkrp	-12.767302	-9.313423
Gdf3	-13.226834	-9.772956
Cdh13	-13.269394	-9.8155155
Wnt2	-16.404888	-12.95101
Mest	-16.404888	-12.95101
Rwdd1	-11.20639	-7.7525125
Chchd2	-9.066649	-5.6127715
Zfp81	-13.696837	-10.242959
Unc13b	-14.207664	-10.753785
Pttg1	-12.0873995	-8.633521
Gm11944	-16.404888	-12.95101
Cyp2s1	-16.404888	-12.95101
Kbtbd2	-12.010439	-8.5565605
Bckdhb	-13.571674	-10.117796
Rcc1l	-13.460449	-10.006571
Nudt1	-13.269394	-9.8155155
Sfxn4	-15.018594	-11.564715
Gm26935	-16.404888	-12.95101
Tsn	-10.941056	-7.4871783
AI661453	-15.7117405	-12.257862
Rad54l2	-12.9083805	-9.454502
Gm6712	-15.306275	-11.852397
Smarcd2	-11.916251	-8.462373
Rnf34	-13.186012	-9.732134
Msl1	-11.428154	-7.974276
Fbxw4	-11.741448	-8.28757
Mospd3	-12.261753	-8.807875
Arl9	-16.404888	-12.95101
D2hgdh	-14.458978	-11.005099
Kin	-12.1282215	-8.674343
Dus1l	-13.037592	-9.583714
Nrtn	-14.613129	-11.15925
Fnbp4	-11.986047	-8.532168
Cds2	-12.453644	-8.999765
Fxyd1	-13.186012	-9.732134
4833427F10Rik	-13.76583	-10.311952
Snx6	-10.202353	-6.7484746
Epb41l5	-15.018594	-11.564715
Rp2	-11.263225	-7.8093467
Thrap3	-10.8914585	-7.4375806
Eif4enif1	-12.310543	-8.856665
Mbd3	-11.1737795	-7.7199016
Tmem199	-13.072683	-9.618805
Dusp7	-11.695357	-8.241479
Rpf1	-12.048179	-8.5943
Itm2a	-15.306275	-11.852397
Metrn	-12.667218	-9.21334
1700063J08Rik	-15.306275	-11.852397
Ost4	-9.906606	-6.452728
Gm47675	-13.037592	-9.583714
Man2b1	-9.5421295	-6.088252
Stag2	-10.840367	-7.3864894
Sun2	-11.819921	-8.366042
Zfp318	-12.294014	-8.840136
Hoxb3	-16.404888	-12.95101
Endod1	-12.821369	-9.367491
Gm13288	-16.404888	-12.95101
Sptlc1	-12.415904	-8.962026
Pdss1	-14.613129	-11.15925
Fbxl21	-15.7117405	-12.257862
Trim41	-11.545075	-8.091197
Mns1	-14.006992	-10.553114
Tmem26	-16.404888	-12.95101
Sema3f	-15.018594	-11.564715
Arl16	-13.696837	-10.242959
Iqcn	-11.986047	-8.532168
Gnpda2	-12.667218	-9.21334
Stmnd1	-16.404888	-12.95101
Zfp346	-14.613129	-11.15925
Tmem273	-12.767302	-9.313423
Bloc1s5	-13.186012	-9.732134
Psmd5	-12.767302	-9.313423
Chaf1b	-13.76583	-10.311952
Stmn1	-10.128244	-6.6743665
Ctso	-12.1282215	-8.674343
Mob1b	-12.18538	-8.731502
Gulp1	-15.7117405	-12.257862
Tmie	-15.7117405	-12.257862
Cables1	-12.513067	-9.059189
Cast	-10.883427	-7.4295487
C330007P06Rik	-11.950541	-8.496662
Ms4a4b	-13.409156	-9.955277
Noxo1	-14.79545	-11.341572
Prelp	-14.458978	-11.005099
March9	-15.306275	-11.852397
Ppdpf	-12.533687	-9.079808
Tcf7l1	-15.306275	-11.852397
Proser1	-12.643687	-9.189809
Flot1	-12.215233	-8.761354
Pi4k2b	-13.313846	-9.859967
Pak4	-13.003691	-9.549812
Mok	-15.306275	-11.852397
Rnd3	-11.552857	-8.098979
Trpm5	-16.404888	-12.95101
Klrb1a	-14.613129	-11.15925
Vdac1	-11.189952	-7.736074
Npepl1	-11.584606	-8.130728
Gm26912	-16.404888	-12.95101
Gxylt1	-11.861593	-8.407715
Cd209f	-9.730327	-6.2764487
Tarbp1	-14.006992	-10.553114
Il17b	-16.404888	-12.95101
Trim35	-11.998169	-8.544291
Abcd2	-12.379536	-8.925657
Pus7l	-15.018594	-11.564715
Htatip2	-12.294014	-8.840136
Pms2	-13.313846	-9.859967
Alg1	-12.716008	-9.26213
Cd101	-14.613129	-11.15925
Ighv8-6	-16.404888	-12.95101
Sv2b	-14.613129	-11.15925
Galns	-13.632299	-10.178421
Wtap	-11.492233	-8.038355
Pced1b	-13.571674	-10.117796
C130040N14Rik	-16.404888	-12.95101
Actb	-6.6029897	-3.1491122
Tert	-16.404888	-12.95101
Capn3	-16.404888	-12.95101
Snx30	-11.323483	-7.8696055
Ppwd1	-12.533687	-9.079808
1110046J04Rik	-14.458978	-11.005099
Zfp469	-16.404888	-12.95101
Cebpg	-11.034249	-7.5803714
Ptpa	-11.2929	-7.839022
Tph1	-14.458978	-11.005099
Lpar6	-13.109051	-9.655172
Junb	-8.035962	-4.5820847
Gm50431	-14.006992	-10.553114
Rab6b	-11.998169	-8.544291
Pnisr	-11.217502	-7.7636237
Dcaf13	-12.598226	-9.144347
Gal	-16.404888	-12.95101
Dusp12	-13.146791	-9.692913
Hist1h2an	-15.7117405	-12.257862
Gm16253	-15.306275	-11.852397
Hmgcr	-12.2305	-8.776622
Cd99l2	-12.513067	-9.059189
Il1bos	-16.404888	-12.95101
Dpp9	-12.361836	-8.907958
Nudt16l1	-12.0354395	-8.581561
Zfp382	-15.7117405	-12.257862
Zbtb26	-15.018594	-11.564715
Nol11	-12.156392	-8.702514
Prkcg	-13.571674	-10.117796
Snx14	-12.667218	-9.21334
Necap2	-10.6911545	-7.2372766
Rbbp7	-11.200881	-7.747003
Frmpd1	-15.7117405	-12.257862
Gm45894	-15.306275	-11.852397
Mir142hg	-13.76583	-10.311952
BC005624	-11.522086	-8.068208
Cln8	-11.861593	-8.407715
Inip	-13.109051	-9.655172
Gpatch2l	-13.003691	-9.549812
Afg3l2	-12.170781	-8.716903
Ttc12	-14.458978	-11.005099
Pon3	-12.142208	-8.68833
Hdac11	-15.306275	-11.852397
Sars	-11.552857	-8.098979
A530032D15Rik	-14.458978	-11.005099
Zfp592	-12.453644	-8.999765
Gm15728	-15.018594	-11.564715
Mrpl52	-10.433626	-6.9797482
Zfand2a	-12.9083805	-9.454502
Neurl2	-13.269394	-9.8155155
Zfp628	-13.696837	-10.242959
Gm37168	-15.306275	-11.852397
Aph1a	-11.407676	-7.953798
D16Ertd472e	-12.79397	-9.340092
Csf3r	-12.361836	-8.907958
Rtp4	-11.686389	-8.232511
Tnk2	-13.409156	-9.955277
Trim8	-11.529691	-8.075812
Usp54	-14.458978	-11.005099
Babam1	-11.861593	-8.407715
Lsm14b	-13.360365	-9.9064865
Zfp637	-12.453644	-8.999765
Src	-13.696837	-10.242959
Rprm	-15.306275	-11.852397
1700120C14Rik	-14.613129	-11.15925
Mob2	-12.1144285	-8.66055
Rnf5	-12.261753	-8.807875
4930512J16Rik	-16.404888	-12.95101
Riox1	-13.76583	-10.311952
Wnt9a	-16.404888	-12.95101
Mir9-3hg	-16.404888	-12.95101
Tmed4	-12.048179	-8.5943
Tatdn3	-13.109051	-9.655172
Limd2	-11.131888	-7.6780105
Itfg2	-13.514516	-10.060637
Slc4a1ap	-12.970901	-9.517022
Rtraf	-10.681303	-7.227425
Gbp3	-12.170781	-8.716903
Rreb1	-11.463245	-8.009367
Gm15559	-15.018594	-11.564715
Aff2	-16.404888	-12.95101
Gatm	-10.658685	-7.204807
Nmt2	-12.434596	-8.980718
Glrx2	-11.770159	-8.31628
Mrps21	-10.53277	-7.078892
Rab13	-12.576246	-9.122368
Selenbp1	-11.211931	-7.7580533
Krt7	-15.7117405	-12.257862
Trmt10c	-13.037592	-9.583714
Atp6v0e2	-15.7117405	-12.257862
D3Ertd751e	-13.571674	-10.117796
Trpc1	-16.404888	-12.95101
Btla	-13.696837	-10.242959
Tmem63b	-12.84954	-9.395661
Asphd2	-15.7117405	-12.257862
Zdhhc20	-11.0916815	-7.6378036
Rbpms2	-14.458978	-11.005099
Sptbn1	-11.072169	-7.6182914
Car7	-15.7117405	-12.257862
Nmnat1	-13.514516	-10.060637
Pdss2	-14.006992	-10.553114
Gas6	-9.306512	-5.8526344
Sesn1	-11.5607	-8.106822
Reep5	-9.917204	-6.463326
Gm17018	-12.576246	-9.122368
Sfrp2	-13.919981	-10.466103
Cyhr1	-11.809768	-8.355889
Atcayos	-12.691316	-9.237437
Anks1	-12.0354395	-8.581561
Ntpcr	-11.195401	-7.7415233
Adsl	-12.939152	-9.485273
Col4a3bp	-11.470414	-8.016536
Adcy7	-11.179141	-7.725263
Gm43653	-16.404888	-12.95101
Parp10	-13.072683	-9.618805
Tbrg1	-11.529691	-8.075812
Gm14403	-15.7117405	-12.257862
Traf1	-12.415904	-8.962026
Gbp8	-14.207664	-10.753785
Gnpda1	-11.195401	-7.7415233
Tmem204	-14.458978	-11.005099
Uchl3	-11.819921	-8.366042
Stx11	-14.458978	-11.005099
Hist1h1b	-11.348642	-7.8947644
Plk4	-13.269394	-9.8155155
Hdc	-13.360365	-9.9064865
Acbd3	-11.421281	-7.967403
Lims1	-11.421281	-7.967403
2210406O10Rik	-15.306275	-11.852397
Cdk17	-12.878528	-9.424649
Rnpepl1	-11.779915	-8.326036
Olfr916	-16.404888	-12.95101
Ckap5	-11.634203	-8.180325
9430002A10Rik	-15.7117405	-12.257862
4932412D23Rik	-16.404888	-12.95101
Ankrd13b	-15.7117405	-12.257862
D430042O09Rik	-12.691316	-9.237437
Sema3c	-14.79545	-11.341572
Celf2	-10.158781	-6.704903
Zmat3	-14.207664	-10.753785
Ndufaf5	-14.458978	-11.005099
Col4a2	-13.003691	-9.549812
Mcfd2	-11.463245	-8.009367
Dgcr2	-12.415904	-8.962026
Gm17484	-15.306275	-11.852397
Hivep1	-12.142208	-8.68833
Tfam	-12.643687	-9.189809
Cst7	-15.306275	-11.852397
4833419F23Rik	-14.79545	-11.341572
Gm20324	-15.018594	-11.564715
Cdkn1c	-12.0354395	-8.581561
Wdr60	-13.571674	-10.117796
Fgf9	-15.7117405	-12.257862
Slc30a6	-13.696837	-10.242959
Gnai1	-14.207664	-10.753785
Umps	-12.716008	-9.26213
Pnmal2	-16.404888	-12.95101
Usp28	-13.632299	-10.178421
Alcam	-11.686389	-8.232511
Tmem132a	-14.006992	-10.553114
Cdc14a	-13.226834	-9.772956
Specc1	-12.344445	-8.890567
Dut	-11.974071	-8.520192
Ubald1	-12.1144285	-8.66055
1700113A16Rik	-14.102303	-10.648424
Atg3	-11.286894	-7.833016
Flt4	-16.404888	-12.95101
4930579K19Rik	-15.7117405	-12.257862
Adgb	-15.018594	-11.564715
Tgif2	-13.696837	-10.242959
Icam1	-10.446463	-6.9925847
Gm43258	-15.7117405	-12.257862
Tgs1	-11.421281	-7.967403
Akap11	-12.310543	-8.856665
Rnf40	-13.037592	-9.583714
Lats1	-12.643687	-9.189809
Msantd4	-12.261753	-8.807875
Mtfp1	-16.404888	-12.95101
Stard3nl	-11.05303	-7.599152
AC168977.1	-16.404888	-12.95101
Egfros	-15.018594	-11.564715
Gm16549	-16.404888	-12.95101
Ube2l6	-12.691316	-9.237437
Eda	-15.7117405	-12.257862
Cfap20	-12.294014	-8.840136
H2-Q4	-11.421281	-7.967403
Ilf2	-12.156392	-8.702514
Kbtbd8	-14.79545	-11.341572
Scrn2	-14.458978	-11.005099
Gm5767	-16.404888	-12.95101
Tmem250-ps	-12.620698	-9.16682
Pon2	-10.993241	-7.5393634
Rnf215	-12.691316	-9.237437
Spag9	-10.341103	-6.8872247
Gm10184	-15.7117405	-12.257862
Rmnd1	-12.620698	-9.16682
2900041M22Rik	-16.404888	-12.95101
Mybpc3	-14.613129	-11.15925
Ubxn7	-12.620698	-9.16682
Gnl1	-12.344445	-8.890567
Cflar	-10.78087	-7.3269925
Prdm9	-14.613129	-11.15925
Ctsh	-9.170711	-5.7168326
Rrp36	-12.415904	-8.962026
Rcbtb1	-13.037592	-9.583714
1700019D03Rik	-15.018594	-11.564715
Cntfr	-16.404888	-12.95101
Cnep1r1	-12.327351	-8.873472
Dpf2	-12.277753	-8.823874
C330018D20Rik	-13.514516	-10.060637
Kctd3	-13.571674	-10.117796
Atf1	-11.686389	-8.232511
Bnip1	-12.84954	-9.395661
Rhob	-9.991428	-6.5375504
Thoc1	-12.453644	-8.999765
Tube1	-15.018594	-11.564715
Tssk6	-15.306275	-11.852397
Prkch	-12.741326	-9.287448
Sox12	-14.458978	-11.005099
Slc46a1	-13.76583	-10.311952
Sema6b	-13.571674	-10.117796
Nob1	-12.970901	-9.517022
D030051J21Rik	-14.613129	-11.15925
Usp16	-11.905078	-8.4512
Gm13625	-16.404888	-12.95101
Zfp971	-14.79545	-11.341572
Mylip	-11.002211	-7.5483327
Rnf208	-16.404888	-12.95101
B3glct	-12.533687	-9.079808
Ccdc22	-12.620698	-9.16682
Itprid2	-11.695357	-8.241479
Gnl3l	-13.696837	-10.242959
Gm49795	-16.404888	-12.95101
Kcnn4	-13.269394	-9.8155155
Eif4e2	-11.311137	-7.8572593
Zfp64	-12.821369	-9.367491
Cdhr4	-16.404888	-12.95101
Sf3b3	-11.779915	-8.326036
Med19	-12.55474	-9.100862
Maged1	-12.061082	-8.6072035
Itpkc	-13.696837	-10.242959
Ano4	-16.404888	-12.95101
Kcnn3	-16.404888	-12.95101
Mtap	-13.360365	-9.9064865
Ehbp1	-14.458978	-11.005099
Mrgprx2	-15.018594	-11.564715
Hist1h4i	-13.632299	-10.178421
Gm10457	-15.7117405	-12.257862
Bnip2	-10.477962	-7.0240836
U2af1	-11.1737795	-7.7199016
Tulp3	-14.613129	-11.15925
Tcof1	-11.323483	-7.8696055
Adgrl2	-13.146791	-9.692913
Ggcx	-14.102303	-10.648424
Zfp60	-14.207664	-10.753785
Rap2c	-11.704408	-8.250529
Entpd1	-10.8914585	-7.4375806
Hist1h2bb	-14.458978	-11.005099
Tarsl2	-14.79545	-11.341572
Arpc1b	-8.96886	-5.5149817
Smc1a	-10.825158	-7.37128
Pde3b	-11.234404	-7.7805257
Sgms2	-16.404888	-12.95101
Gm21860	-13.76583	-10.311952
2610528A11Rik	-15.7117405	-12.257862
Opa3	-12.691316	-9.237437
Gm12840	-14.006992	-10.553114
Mgll	-14.207664	-10.753785
Dcun1d5	-11.463245	-8.009367
Gm42918	-16.404888	-12.95101
Cyb561d1	-13.839938	-10.38606
Dnase1l1	-11.659956	-8.206078
Mcm5	-12.327351	-8.873472
Gm32486	-16.404888	-12.95101
Sp140	-11.722756	-8.268878
Pias2	-12.821369	-9.367491
Gm35315	-15.7117405	-12.257862
Tmem161a	-12.84954	-9.395661
P4ha2	-14.207664	-10.753785
Acoxl	-16.404888	-12.95101
Axin1	-12.18538	-8.731502
Gm34280	-16.404888	-12.95101
Rttn	-13.919981	-10.466103
Zfp760	-14.006992	-10.553114
Sgms1	-11.13703	-7.6831517
Ect2	-13.360365	-9.9064865
Gm20109	-15.306275	-11.852397
E230029C05Rik	-11.695357	-8.241479
S100a4	-9.732855	-6.278977
Kif5a	-15.018594	-11.564715
Slc22a15	-15.018594	-11.564715
Nkpd1	-16.404888	-12.95101
Gm32031	-14.102303	-10.648424
Gm11412	-16.404888	-12.95101
Hlf	-14.79545	-11.341572
Alg3	-13.460449	-10.006571
Ip6k1	-11.335983	-7.8821054
Hps4	-12.716008	-9.26213
Tcp11l1	-13.360365	-9.9064865
Uap1	-11.830176	-8.376298
Wdr83	-13.146791	-9.692913
Sqle	-13.919981	-10.466103
Tagap1	-14.458978	-11.005099
Gimap1	-13.632299	-10.178421
Tcerg1	-11.770159	-8.31628
Ctsc	-8.561039	-5.107161
Gm15232	-14.458978	-11.005099
Cfdp1	-11.545075	-8.091197
Pea15a	-10.260702	-6.806824
Bicral	-12.361836	-8.907958
Pofut2	-12.100822	-8.646944
Klhl28	-13.003691	-9.549812
Rpp25l	-12.513067	-9.059189
4921531C22Rik	-11.779915	-8.326036
B230317F23Rik	-14.79545	-11.341572
Cluap1	-12.9083805	-9.454502
Clip3	-15.306275	-11.852397
Trp53bp2	-12.598226	-9.144347
Zhx2	-14.458978	-11.005099
Fam53b	-12.4730625	-9.019184
Lrrc73	-15.7117405	-12.257862
Acot9	-12.100822	-8.646944
Kif21a	-15.306275	-11.852397
Pomk	-12.970901	-9.517022
Fbln5	-13.003691	-9.549812
Gemin7	-11.704408	-8.250529
Lrfn1	-13.632299	-10.178421
Glg1	-10.911826	-7.457948
Arf2	-11.894029	-8.44015
Lgr5	-16.404888	-12.95101
Msrb3	-15.018594	-11.564715
Slc9a7	-16.404888	-12.95101
Psmd1	-11.2231045	-7.7692266
Dhx58	-12.767302	-9.313423
Setd7	-12.246005	-8.792127
Rnf121	-12.84954	-9.395661
Rnf216	-11.499613	-8.045734
Lif	-15.7117405	-12.257862
Gm43522	-16.404888	-12.95101
4930481A15Rik	-13.696837	-10.242959
Tmem183a	-12.716008	-9.26213
Btnl2	-13.839938	-10.38606
Tcp11	-16.404888	-12.95101
Slc7a4	-15.306275	-11.852397
Tnfaip8l1	-15.018594	-11.564715
Hmbox1	-12.344445	-8.890567
Ncaph2	-11.986047	-8.532168
Gm9920	-14.207664	-10.753785
Akr1c12	-14.79545	-11.341572
Gm49838	-15.7117405	-12.257862
Tmem237	-13.360365	-9.9064865
Nkap	-12.0354395	-8.581561
Ppp2r3d	-12.9083805	-9.454502
Gm45051	-15.306275	-11.852397
Tagln2	-9.346129	-5.8922515
Inpp5k	-11.927551	-8.473673
Top3a	-13.696837	-10.242959
Stk25	-12.453644	-8.999765
Cd53	-10.080529	-6.6266513
Sec14l1	-10.953849	-7.499971
Mafa	-14.458978	-11.005099
Spty2d1	-11.342293	-7.888415
Ulbp1	-13.037592	-9.583714
Gm5244	-14.79545	-11.341572
Drap1	-10.504991	-7.0511127
Sp100	-11.081878	-7.628
Rtf1	-10.90772	-7.4538417
Ccdc57	-15.7117405	-12.257862
Zfp937	-15.018594	-11.564715
Fam83h	-16.404888	-12.95101
Ifi209	-11.799718	-8.3458395
Sacm1l	-12.074155	-8.620276
Htt	-12.18538	-8.731502
Ryk	-13.409156	-9.955277
Celf4	-13.146791	-9.692913
Oaz2	-12.434596	-8.980718
Ppox	-12.821369	-9.367491
Gm11716	-16.404888	-12.95101
Zfp661	-15.018594	-11.564715
R3hdm1	-11.84054	-8.386662
Csf2rb2	-12.878528	-9.424649
Zfp961	-13.919981	-10.466103
Kif1a	-16.404888	-12.95101
Ifi27l2a	-8.256731	-4.802853
Amfr	-11.470414	-8.016536
Mr1	-14.207664	-10.753785
Cdv3	-10.958151	-7.504273
Scaf11	-10.887435	-7.433557
Fastk	-12.716008	-9.26213
Ccne2	-13.514516	-10.060637
Selenok	-10.018008	-6.5641303
Foxred2	-11.938979	-8.485101
Tmc6	-13.226834	-9.772956
N4bp2l1	-11.750927	-8.297049
1700012D14Rik	-14.79545	-11.341572
Clhc1	-16.404888	-12.95101
Cpm	-15.018594	-11.564715
Gm38163	-15.306275	-11.852397
Gm31645	-15.7117405	-12.257862
Gpx2	-16.404888	-12.95101
Eif6	-11.323483	-7.8696055
Stx5a	-12.379536	-8.925657
Tmem169	-16.404888	-12.95101
Cnr2	-13.919981	-10.466103
Gm17655	-14.79545	-11.341572
Efcab2	-14.613129	-11.15925
Zfp687	-13.186012	-9.732134
Orc4	-12.397554	-8.943676
Fndc3b	-11.6775	-8.223621
Nipal2	-16.404888	-12.95101
Ghdc	-13.460449	-10.006571
Psmd13	-11.584606	-8.130728
Pias4	-12.643687	-9.189809
Klrb1f	-16.404888	-12.95101
Yeats2	-13.003691	-9.549812
Ganc	-13.514516	-10.060637
Zfp579	-13.360365	-9.9064865
Ankrd55	-15.018594	-11.564715
Dmtn	-16.404888	-12.95101
Sdhaf2	-12.643687	-9.189809
1700123O20Rik	-12.246005	-8.792127
Gm15545	-15.7117405	-12.257862
C230013L11Rik	-16.404888	-12.95101
C030014I23Rik	-15.7117405	-12.257862
Slc25a40	-14.006992	-10.553114
Ireb2	-12.246005	-8.792127
Qsox1	-12.767302	-9.313423
Serpina3n	-16.404888	-12.95101
Arpc5l	-11.522086	-8.068208
Ahsa2	-12.397554	-8.943676
Mapk9	-13.109051	-9.655172
Map1s	-12.361836	-8.907958
Gstt2	-12.939152	-9.485273
Jade3	-13.76583	-10.311952
Rb1cc1	-11.298943	-7.8450646
Tmem238	-12.970901	-9.517022
Hells	-12.434596	-8.980718
Cib1	-11.5607	-8.106822
Ecpas	-11.84054	-8.386662
Clybl	-13.313846	-9.859967
Mapt	-14.207664	-10.753785
Gm31243	-12.513067	-9.059189
Gm31805	-14.207664	-10.753785
Heatr1	-12.9083805	-9.454502
Ago4	-12.1282215	-8.674343
Tnfrsf25	-12.970901	-9.517022
Siglech	-11.195401	-7.7415233
4930444P10Rik	-16.404888	-12.95101
Kdm2b	-11.722756	-8.268878
Abcb9	-15.018594	-11.564715
Dock1	-11.8831	-8.429221
Cep89	-13.460449	-10.006571
Naa80	-13.186012	-9.732134
Amph	-15.7117405	-12.257862
Cyp4f18	-12.1144285	-8.66055
Plxna4	-12.327351	-8.873472
Cass4	-12.344445	-8.890567
Abhd17b	-12.294014	-8.840136
Mterf3	-12.643687	-9.189809
E130102H24Rik	-13.313846	-9.859967
Serpinb8	-11.147392	-7.6935143
Pfkm	-14.207664	-10.753785
Edrf1	-13.269394	-9.8155155
Rasl12	-15.306275	-11.852397
Gm26543	-16.404888	-12.95101
Pxmp4	-12.821369	-9.367491
2510009E07Rik	-12.716008	-9.26213
Rnf187	-11.002211	-7.5483327
Lsm8	-12.0354395	-8.581561
Timeless	-13.571674	-10.117796
Tmem246	-14.207664	-10.753785
Fdft1	-13.839938	-10.38606
Ap3m1	-12.415904	-8.962026
Fam187b	-15.018594	-11.564715
Lamtor2	-10.222803	-6.768925
Gm48420	-15.018594	-11.564715
Ift27	-12.878528	-9.424649
Igsf9	-13.037592	-9.583714
H2-Oa	-12.9083805	-9.454502
Abhd13	-13.109051	-9.655172
Gdf11	-16.404888	-12.95101
Gm8797	-14.79545	-11.341572
Plekhb1	-16.404888	-12.95101
Tamm41	-14.006992	-10.553114
Osbpl5	-15.306275	-11.852397
1500026H17Rik	-15.306275	-11.852397
Fez2	-11.1737795	-7.7199016
9130221H12Rik	-16.404888	-12.95101
Slc38a11	-15.7117405	-12.257862
Slc36a4	-13.003691	-9.549812
Gm30984	-16.404888	-12.95101
Smndc1	-11.659956	-8.206078
Bcl2a1d	-11.894029	-8.44015
Inpp4b	-12.667218	-9.21334
Zfp740	-12.344445	-8.890567
Dop1a	-12.878528	-9.424649
Scoc	-11.830176	-8.376298
Ubap1	-12.379536	-8.925657
Gm43773	-15.7117405	-12.257862
Grap	-11.179141	-7.725263
Tor4a	-12.939152	-9.485273
Smad7	-12.277753	-8.823874
Acadl	-11.428154	-7.974276
Tomm7	-9.66792	-6.2140427
Mbtps1	-12.142208	-8.68833
Sgpp1	-11.067349	-7.6134715
Grsf1	-12.379536	-8.925657
Tmem40	-16.404888	-12.95101
March6	-12.061082	-8.6072035
Megf8	-13.146791	-9.692913
Isyna1	-12.397554	-8.943676
Stk36	-16.404888	-12.95101
Pycr2	-12.492865	-9.038986
Gpn1	-12.767302	-9.313423
Pkmyt1	-13.037592	-9.583714
Mrpl48	-11.584606	-8.130728
Nop56	-11.355032	-7.901154
Brms1l	-13.313846	-9.859967
Hpcal1	-11.456128	-8.00225
Polr2g	-11.400942	-7.947064
Atpsckmt	-12.9083805	-9.454502
Ss18l2	-12.767302	-9.313423
Clcf1	-14.458978	-11.005099
Nup93	-13.360365	-9.9064865
Gm26982	-14.613129	-11.15925
Psmg4	-11.407676	-7.953798
Akt1s1	-12.2305	-8.776622
Nphs1	-14.79545	-11.341572
Rab17	-16.404888	-12.95101
Tspyl4	-14.458978	-11.005099
Cdkl3	-14.207664	-10.753785
Rdm1	-12.741326	-9.287448
Selenon	-12.2305	-8.776622
Srpk1	-12.261753	-8.807875
Fbxw10	-16.404888	-12.95101
Prkra	-12.361836	-8.907958
Loxl2	-16.404888	-12.95101
Senp6	-11.499613	-8.045734
Papss2	-14.006992	-10.553114
P3h3	-14.006992	-10.553114
Creb1	-11.348642	-7.8947644
Ovca2	-14.613129	-11.15925
Rpl36	-8.044114	-4.5902367
Hspa4	-10.988788	-7.5349097
2310058D17Rik	-15.306275	-11.852397
Fbxo4	-12.741326	-9.287448
Gnb1l	-14.79545	-11.341572
Rpl26	-7.833964	-4.3800864
Hsd3b7	-13.072683	-9.618805
Brd7	-11.387608	-7.9337296
Tmem159	-12.294014	-8.840136
Ints6	-10.721308	-7.26743
Cdk2	-13.072683	-9.618805
Gm30239	-16.404888	-12.95101
8030453O22Rik	-14.458978	-11.005099
Slc17a5	-12.691316	-9.237437
Jmjd8	-14.006992	-10.553114
Btf3	-9.466603	-6.0127254
Gins2	-12.878528	-9.424649
Tlx1	-16.404888	-12.95101
Smc2	-11.522086	-8.068208
Cdyl2	-14.458978	-11.005099
Fah	-15.306275	-11.852397
Trp53inp2	-12.970901	-9.517022
Podnl1	-16.404888	-12.95101
Slc35g2	-16.404888	-12.95101
Adcy1	-15.7117405	-12.257862
D730045B01Rik	-14.613129	-11.15925
Osbp	-12.0228615	-8.568983
Rps6ka4	-15.018594	-11.564715
D330023K18Rik	-13.460449	-10.006571
Polr2e	-10.920091	-7.4662127
Acadvl	-11.799718	-8.3458395
Ttl	-13.313846	-9.859967
Nubp2	-12.344445	-8.890567
Dgkk	-16.404888	-12.95101
Setd6	-13.409156	-9.955277
Gm29322	-16.404888	-12.95101
Golga7	-11.779915	-8.326036
Snx20	-11.228738	-7.77486
Plk2	-10.936828	-7.4829497
Tprgl	-11.006725	-7.5528474
Camk1d	-11.26909	-7.815212
Ska1	-14.207664	-10.753785
Uck2	-13.409156	-9.955277
Gpbp1	-11.09662	-7.6427417
Ccdc146	-13.919981	-10.466103
Tmem38b	-13.632299	-10.178421
Sppl3	-12.156392	-8.702514
5033421B08Rik	-14.006992	-10.553114
AI597479	-13.632299	-10.178421
Ldah	-12.0873995	-8.633521
Dhx29	-12.939152	-9.485273
Map10	-16.404888	-12.95101
Dele1	-12.79397	-9.340092
Cars	-13.186012	-9.732134
Clpx	-12.2305	-8.776622
AI839979	-13.460449	-10.006571
Zbtb45	-13.003691	-9.549812
Ctsk	-15.306275	-11.852397
Gm15987	-13.460449	-10.006571
Glrx	-12.010439	-8.5565605
Fancf	-14.613129	-11.15925
Homer1	-12.397554	-8.943676
Mlec	-11.407676	-7.953798
Gm26910	-15.306275	-11.852397
Ptbp3	-10.085919	-6.6320415
Alkbh7	-13.269394	-9.8155155
Gm13053	-16.404888	-12.95101
Atm	-12.9083805	-9.454502
St3gal3	-12.84954	-9.395661
Tkt	-10.605795	-7.151917
Trim69	-13.919981	-10.466103
Erh	-11.529691	-8.075812
Arsk	-12.576246	-9.122368
Cept1	-11.642714	-8.188835
Exoc5	-11.71354	-8.259662
Bdh2	-16.404888	-12.95101
Fmn2	-16.404888	-12.95101
H2-T22	-11.830176	-8.376298
Tnfaip2	-11.750927	-8.297049
Cryz	-13.696837	-10.242959
Gm12976	-16.404888	-12.95101
Ccdc174	-12.246005	-8.792127
Glyr1	-11.274989	-7.821111
Bcl2l13	-12.939152	-9.485273
Mff	-11.66869	-8.214811
Wbscr25	-16.404888	-12.95101
BC031181	-11.263225	-7.8093467
Dynlrb1	-10.883427	-7.4295487
Wdfy2	-11.361463	-7.9075847
Tmem120a	-12.79397	-9.340092
Chmp4b	-10.441308	-6.98743
Gabrb1	-16.404888	-12.95101
Dennd3	-15.7117405	-12.257862
Ankzf1	-13.460449	-10.006571
Pmp22	-9.896119	-6.442241
Pear1	-15.018594	-11.564715
Pink1	-11.428154	-7.974276
Furin	-11.428154	-7.974276
Il10ra	-11.131888	-7.6780105
Ppp2r3c	-12.821369	-9.367491
Eftud2	-12.074155	-8.620276
Gm48027	-15.018594	-11.564715
Vps13a	-11.872289	-8.41841
Zfp429	-13.109051	-9.655172
6330418K02Rik	-13.919981	-10.466103
Treml1	-16.404888	-12.95101
Hormad2	-15.7117405	-12.257862
Tspan5	-12.84954	-9.395661
Kidins220	-11.625764	-8.1718855
Ywhae	-9.856668	-6.4027905
Trim23	-13.839938	-10.38606
Pole3	-12.18538	-8.731502
Acy3	-14.207664	-10.753785
Ttc21a	-14.79545	-11.341572
Sdk1	-16.404888	-12.95101
Zfand6	-10.895499	-7.4416213
Klhl42	-15.018594	-11.564715
Ostf1	-10.085919	-6.6320415
P4hb	-10.428536	-6.9746585
Gmpr	-13.514516	-10.060637
Stat5b	-12.277753	-8.823874
Sf1	-11.16314	-7.7092624
Tbc1d30	-15.7117405	-12.257862
Igkv8-21	-16.404888	-12.95101
Ssr4	-9.949689	-6.495811
Anks3	-12.598226	-9.144347
Irf4	-12.294014	-8.840136
A230072E10Rik	-15.7117405	-12.257862
2310010J17Rik	-13.186012	-9.732134
St5	-13.360365	-9.9064865
Csf2rb	-11.507048	-8.053169
Pdgfc	-12.048179	-8.5943
Hspg2	-13.269394	-9.8155155
Gm15270	-13.919981	-10.466103
Rbak	-14.325446	-10.871568
Elp1	-12.939152	-9.485273
Fmod	-15.7117405	-12.257862
Cysltr1	-11.507048	-8.053169
Gm19951	-14.613129	-11.15925
Eif2b3	-13.360365	-9.9064865
Tars2	-12.9083805	-9.454502
Sh3d19	-13.514516	-10.060637
Pus1	-12.84954	-9.395661
Syne3	-12.939152	-9.485273
4732491K20Rik	-15.7117405	-12.257862
Fv1	-16.404888	-12.95101
Ramp1	-11.568605	-8.114727
Usp22	-12.434596	-8.980718
Sec23ip	-12.327351	-8.873472
Lrrc8c	-12.513067	-9.059189
Fxyd7	-15.7117405	-12.257862
Akap13	-10.182311	-6.728433
Myo1c	-11.484907	-8.031029
Tmx4	-12.453644	-8.999765
Tmem115	-12.79397	-9.340092
Gstm5	-12.620698	-9.16682
Gm42031	-12.620698	-9.16682
Rexo4	-12.261753	-8.807875
St14	-14.325446	-10.871568
Psd4	-12.691316	-9.237437
Gk5	-13.360365	-9.9064865
Mtif3	-13.003691	-9.549812
Arl5b	-11.962236	-8.508358
Tvp23b	-12.533687	-9.079808
Oasl1	-13.186012	-9.732134
Xlr3b	-15.7117405	-12.257862
Cnot6l	-11.0916815	-7.6378036
Lyl1	-11.020392	-7.5665145
Gm43463	-16.404888	-12.95101
Mrps23	-12.074155	-8.620276
Snrnp70	-10.43618	-6.982302
Cc2d2b	-15.306275	-11.852397
Gm42997	-14.325446	-10.871568
Gm10800	-15.7117405	-12.257862
Spout1	-13.696837	-10.242959
Cep83	-12.156392	-8.702514
Plpp6	-13.571674	-10.117796
Csad	-11.998169	-8.544291
Apbb1ip	-11.2231045	-7.7692266
Cacng4	-16.404888	-12.95101
Fan1	-14.613129	-11.15925
Phf14	-11.642714	-8.188835
Kcnab2	-12.344445	-8.890567
Gm40849	-16.404888	-12.95101
Rbm33	-11.998169	-8.544291
Syp	-14.79545	-11.341572
Nr2f6	-12.379536	-8.925657
Gfod1	-14.613129	-11.15925
Mavs	-12.716008	-9.26213
Cep164	-12.55474	-9.100862
Rabl3	-14.102303	-10.648424
Gm45902	-14.613129	-11.15925
Zfp692	-13.839938	-10.38606
Gin1	-13.186012	-9.732134
Serpina3g	-14.207664	-10.753785
1500002F19Rik	-16.404888	-12.95101
Haus5	-14.102303	-10.648424
Tmem104	-12.415904	-8.962026
Col27a1	-13.76583	-10.311952
Tlr4	-11.819921	-8.366042
Tnfsf12	-10.748896	-7.2950177
Rdh14	-12.878528	-9.424649
Prrx1	-15.306275	-11.852397
Gm45885	-15.7117405	-12.257862
Gm14221	-14.613129	-11.15925
Gm1673	-14.325446	-10.871568
Gm38079	-14.79545	-11.341572
Bend3	-14.207664	-10.753785
Coro1a	-9.555821	-6.1019435
Selenot	-11.394253	-7.940375
Fam185a	-15.7117405	-12.257862
Ece2	-15.7117405	-12.257862
Scarf2	-15.018594	-11.564715
Muc2	-15.7117405	-12.257862
Naa16	-12.598226	-9.144347
Tfb1m	-14.458978	-11.005099
Trub1	-13.269394	-9.8155155
Tnrc6b	-11.1737795	-7.7199016
Gm4951	-11.938979	-8.485101
Mcm4	-12.361836	-8.907958
Phc3	-12.1282215	-8.674343
Kpna6	-12.741326	-9.287448
Elp5	-12.361836	-8.907958
Zc3hav1	-11.394253	-7.940375
Naa30	-12.9083805	-9.454502
Nfkb1	-11.067349	-7.6134715
Gm28068	-15.7117405	-12.257862
Tinagl1	-13.109051	-9.655172
Slc27a4	-12.821369	-9.367491
Aqp9	-14.458978	-11.005099
Ptgs2os2	-16.404888	-12.95101
Gemin8	-15.306275	-11.852397
Tom1l2	-13.571674	-10.117796
Gm43112	-14.79545	-11.341572
Klhl24	-11.015816	-7.561938
5930430L01Rik	-15.306275	-11.852397
Srp54a	-12.821369	-9.367491
Dnah3	-16.404888	-12.95101
Fzd6	-15.7117405	-12.257862
Synj2	-13.632299	-10.178421
Trim62	-14.613129	-11.15925
Atf5	-12.598226	-9.144347
Pank2	-12.261753	-8.807875
Tal2	-16.404888	-12.95101
Gm41077	-16.404888	-12.95101
Xylb	-14.79545	-11.341572
Eps8	-10.4059515	-6.9520736
Nexn	-13.919981	-10.466103
Acad9	-13.269394	-9.8155155
Cstf3	-12.84954	-9.395661
Gorasp1	-13.269394	-9.8155155
Zfp319	-13.632299	-10.178421
Ick	-13.269394	-9.8155155
Ikzf4	-15.7117405	-12.257862
Bcor	-11.998169	-8.544291
Gja1	-14.458978	-11.005099
Pias3	-12.84954	-9.395661
Ica1l	-13.632299	-10.178421
Ccdc15	-14.102303	-10.648424
Gm16675	-15.306275	-11.852397
Slc41a2	-12.970901	-9.517022
2810021J22Rik	-14.325446	-10.871568
Cdca4	-13.226834	-9.772956
Emc1	-12.200195	-8.746317
Micu2	-12.18538	-8.731502
Clec2g	-15.306275	-11.852397
Cdc16	-12.598226	-9.144347
Neil2	-15.7117405	-12.257862
Mdp1	-12.0873995	-8.633521
Rtel1	-14.458978	-11.005099
Dhcr7	-13.360365	-9.9064865
Kif18a	-14.325446	-10.871568
Slfn3	-16.404888	-12.95101
Ddx21	-11.152615	-7.6987367
Nme9	-16.404888	-12.95101
Crim1	-12.010439	-8.5565605
Fam192a	-12.061082	-8.6072035
H2-Ke6	-12.277753	-8.823874
Rassf2	-10.535591	-7.081713
Bnip3l	-10.784487	-7.330609
Rab19	-15.018594	-11.564715
Abtb2	-16.404888	-12.95101
Ahsa1	-11.381007	-7.9271293
Gm15356	-16.404888	-12.95101
Gm49708	-14.325446	-10.871568
Fastkd2	-13.632299	-10.178421
Nat14	-15.306275	-11.852397
Aspn	-14.79545	-11.341572
Rhobtb3	-15.7117405	-12.257862
Iqca1l	-16.404888	-12.95101
Ubxn1	-10.451645	-6.997767
Nrbf2	-12.18538	-8.731502
Fxyd4	-13.839938	-10.38606
Tmem176b	-8.928982	-5.475104
Sirt7	-11.66869	-8.214811
Tmem214	-12.0354395	-8.581561
3010003L21Rik	-14.458978	-11.005099
Pkd2l2	-16.404888	-12.95101
Osbpl11	-11.592704	-8.138825
Ttc7b	-13.696837	-10.242959
H60b	-16.404888	-12.95101
Jchain	-8.57208	-5.118202
Pradc1	-13.839938	-10.38606
Slc25a11	-11.179141	-7.725263
Tmem147	-11.499613	-8.045734
Iars	-12.142208	-8.68833
Skiv2l	-12.643687	-9.189809
Krt10	-12.821369	-9.367491
Jcad	-14.79545	-11.341572
Ezh1	-12.170781	-8.716903
Tm9sf2	-10.859711	-7.405833
Inka2	-15.306275	-11.852397
Hoxb5	-16.404888	-12.95101
Pef1	-13.146791	-9.692913
Snrpd1	-10.903629	-7.4497514
Kmt2c	-11.2929	-7.839022
Col5a2	-13.696837	-10.242959
Ggnbp2	-11.142198	-7.6883197
Qtrt2	-14.207664	-10.753785
C1ra	-13.226834	-9.772956
Ndufb8	-10.288996	-6.835118
Eef1a1	-7.5043383	-4.050461
Kcnc3	-16.404888	-12.95101
Zfp174	-15.7117405	-12.257862
Hist1h3i	-15.306275	-11.852397
Ubl4a	-12.100822	-8.646944
Sox13	-16.404888	-12.95101
Kif13b	-12.576246	-9.122368
Cd68	-9.641003	-6.1871247
Kdm8	-16.404888	-12.95101
Gja4	-14.613129	-11.15925
Ube2n	-10.936828	-7.4829497
Hist2h3c2	-15.306275	-11.852397
Tinf2	-13.460449	-10.006571
Fblim1	-11.819921	-8.366042
Stx7	-10.821391	-7.367513
Gpc2	-15.306275	-11.852397
Dcaf6	-13.696837	-10.242959
Mmp19	-13.571674	-10.117796
Ndufaf7	-12.620698	-9.16682
Scn4b	-16.404888	-12.95101
Csrnp2	-13.919981	-10.466103
4933433G15Rik	-13.037592	-9.583714
Pi4ka	-12.415904	-8.962026
Srgap2	-10.810176	-7.356298
Utp4	-13.571674	-10.117796
Ehmt1	-11.8831	-8.429221
Gm47450	-16.404888	-12.95101
Shisa5	-10.578888	-7.12501
Cacna1f	-13.632299	-10.178421
Cdk12	-11.394253	-7.940375
Paqr3	-15.7117405	-12.257862
Acot13	-11.986047	-8.532168
Eml1	-15.306275	-11.852397
Atpif1	-9.418321	-5.964443
Chmp6	-12.691316	-9.237437
Pdxdc1	-12.074155	-8.620276
Adh1	-15.306275	-11.852397
Nr2c1	-13.313846	-9.859967
Plod2	-15.306275	-11.852397
Pcbp4	-13.839938	-10.38606
Ndufv2	-11.043595	-7.5897174
Pus3	-14.006992	-10.553114
1500015A07Rik	-14.102303	-10.648424
Prdm16	-14.613129	-11.15925
Adamtsl5	-12.415904	-8.962026
1600012H06Rik	-12.939152	-9.485273
Zfp367	-12.667218	-9.21334
Gm30042	-16.404888	-12.95101
Klc2	-14.102303	-10.648424
Gm15247	-14.458978	-11.005099
Slc26a6	-14.79545	-11.341572
Gtf3c2	-11.938979	-8.485101
Ddah2	-11.916251	-8.462373
Ubxn8	-13.514516	-10.060637
Gm44206	-16.404888	-12.95101
Afg1l	-14.325446	-10.871568
Dnajc24	-12.84954	-9.395661
Med7	-12.55474	-9.100862
Foxj2	-12.277753	-8.823874
Xrcc3	-15.7117405	-12.257862
Mfsd14b	-11.84054	-8.386662
Sh3bp2	-11.938979	-8.485101
Hmgxb3	-13.037592	-9.583714
Gm42659	-14.102303	-10.648424
Tomm34	-11.998169	-8.544291
Rab1b	-11.257393	-7.803515
Sike1	-12.061082	-8.6072035
Gtf2e2	-12.55474	-9.100862
Morc4	-14.613129	-11.15925
Slc23a2	-12.310543	-8.856665
Srp9	-10.581841	-7.1279635
Uhrf1bp1l	-11.799718	-8.3458395
Phf5a	-11.584606	-8.130728
Gm1043	-16.404888	-12.95101
9330020H09Rik	-14.613129	-11.15925
Smad3	-13.269394	-9.8155155
Brms1	-12.156392	-8.702514
Psmd8	-10.936828	-7.4829497
Ddr1	-14.458978	-11.005099
Dmrta2	-15.7117405	-12.257862
Stk3	-12.048179	-8.5943
Rbm25	-10.388731	-6.934853
Ube2cbp	-15.306275	-11.852397
Lrrc25	-10.8289385	-7.3750606
Gm13166	-14.79545	-11.341572
Zdhhc19	-16.404888	-12.95101
Kctd11	-14.458978	-11.005099
Mpp1	-10.549816	-7.095938
Srp54c	-15.7117405	-12.257862
Rap1b	-9.537954	-6.0840764
Asah2	-12.9083805	-9.454502
Incenp	-12.0873995	-8.633521
Dram2	-11.470414	-8.016536
Gm10802	-14.613129	-11.15925
Vps26a	-11.442043	-7.9881654
Abhd17a	-11.514539	-8.06066
Dync1i2	-10.355154	-6.901276
Ptprcap	-13.226834	-9.772956
Tshr	-15.7117405	-12.257862
Gsdmd	-11.779915	-8.326036
Ddrgk1	-10.895499	-7.4416213
Dgat1	-13.003691	-9.549812
H2-T24	-13.514516	-10.060637
Morn1	-15.7117405	-12.257862
Nrp2	-10.966808	-7.5129304
Kifc5b	-15.306275	-11.852397
Fem1b	-12.821369	-9.367491
Batf3	-11.463245	-8.009367
Eif4g1	-11.126773	-7.672895
Serpinh1	-13.109051	-9.655172
Trappc1	-11.470414	-8.016536
Wdr26	-10.43618	-6.982302
Emb	-11.695357	-8.241479
Trpc4ap	-11.305021	-7.8511434
Dph2	-14.207664	-10.753785
March3	-14.613129	-11.15925
Cd300c	-15.306275	-11.852397
Casp1	-11.484907	-8.031029
Ears2	-13.839938	-10.38606
Rps27rt	-11.8831	-8.429221
Rsph3a	-15.306275	-11.852397
Zfp608	-13.109051	-9.655172
Nfe2l1	-11.323483	-7.8696055
Nr3c2	-14.102303	-10.648424
Ccnb1ip1	-12.379536	-8.925657
Plekhg4	-16.404888	-12.95101
Ppil4	-11.659956	-8.206078
Ogfr	-11.809768	-8.355889
Perp	-14.79545	-11.341572
Pla2g4b	-15.306275	-11.852397
Psmb6	-10.665094	-7.2112164
Gm49359	-13.313846	-9.859967
Inafm2	-13.696837	-10.242959
Ksr2	-16.404888	-12.95101
Hsf4	-15.7117405	-12.257862
B3galnt2	-13.226834	-9.772956
A630035G10Rik	-15.7117405	-12.257862
Acp6	-13.226834	-9.772956
Rps10	-7.873791	-4.419914
Hhip	-16.404888	-12.95101
Tgfbrap1	-11.851011	-8.397133
Gm5129	-16.404888	-12.95101
Zfp26	-13.186012	-9.732134
Tdrd5	-16.404888	-12.95101
Rhbdd2	-14.325446	-10.871568
Retsat	-13.460449	-10.006571
Gm527	-15.018594	-11.564715
Vdr	-15.7117405	-12.257862
Id1	-13.514516	-10.060637
Rpl28	-7.889696	-4.4358187
Gm12708	-15.7117405	-12.257862
Entpd2	-15.306275	-11.852397
Mrpl24	-11.184532	-7.7306542
Fxyd5	-9.705387	-6.251509
Cand1	-12.397554	-8.943676
Zbtb2	-12.9083805	-9.454502
Tmem106c	-12.513067	-9.059189
Il16	-11.770159	-8.31628
2610301B20Rik	-14.102303	-10.648424
Map2k6	-13.313846	-9.859967
Mpp6	-10.958151	-7.504273
Apopt1	-11.695357	-8.241479
Stam	-12.716008	-9.26213
Cyb5r4	-12.061082	-8.6072035
Trip13	-13.919981	-10.466103
Slc19a1	-13.839938	-10.38606
Nfe2	-15.7117405	-12.257862
Dagla	-14.207664	-10.753785
Cercam	-14.325446	-10.871568
Sparc	-11.211931	-7.7580533
Ube2l3	-10.6179905	-7.1641126
Arhgap22	-12.55474	-9.100862
Lrpap1	-11.16314	-7.7092624
Cstf2	-13.409156	-9.955277
Zfx	-11.84054	-8.386662
Nfu1	-11.625764	-8.1718855
Hspbp1	-12.55474	-9.100862
Pdp1	-14.102303	-10.648424
Nup62	-12.691316	-9.237437
Sucla2	-12.170781	-8.716903
Rabgef1	-12.434596	-8.980718
Pld6	-16.404888	-12.95101
Pnldc1	-15.018594	-11.564715
Rcor2	-16.404888	-12.95101
Gm10115	-16.404888	-12.95101
Lamtor1	-10.438741	-6.984863
Prdm1	-14.325446	-10.871568
Por	-11.770159	-8.31628
Abhd17c	-13.360365	-9.9064865
Gm39469	-15.306275	-11.852397
Rps3	-8.107095	-4.6532173
Pde5a	-14.325446	-10.871568
Rnd2	-14.207664	-10.753785
Itgax	-12.4730625	-9.019184
Cadm4	-15.7117405	-12.257862
Spopl	-12.397554	-8.943676
Gm10390	-16.404888	-12.95101
Cacna1d	-13.632299	-10.178421
Gm43623	-14.613129	-11.15925
Zfp61	-14.325446	-10.871568
Gpr137b	-11.974071	-8.520192
D230022J07Rik	-16.404888	-12.95101
Lonrf3	-14.458978	-11.005099
Pgm2	-12.9083805	-9.454502
Rpl18a	-7.8898964	-4.436019
Sec31a	-11.916251	-8.462373
Gm30025	-13.76583	-10.311952
Lxn	-12.344445	-8.890567
Sgo2a	-13.571674	-10.117796
9130019O22Rik	-15.018594	-11.564715
Ddx6	-10.408436	-6.954558
Gm49586	-16.404888	-12.95101
Itpa	-12.576246	-9.122368
Mtg2	-13.360365	-9.9064865
Gm26740	-11.927551	-8.473673
Cdk14	-11.779915	-8.326036
Ptprb	-13.146791	-9.692913
Cdca7l	-15.018594	-11.564715
Nicn1	-13.919981	-10.466103
Ptcd2	-12.434596	-8.980718
Gm36660	-15.7117405	-12.257862
Gm26728	-16.404888	-12.95101
Plac9b	-16.404888	-12.95101
Atxn7l1os2	-16.404888	-12.95101
Trmt2a	-12.397554	-8.943676
Kctd12	-9.188178	-5.7343
9930022D16Rik	-15.7117405	-12.257862
Sbsn	-14.458978	-11.005099
Cbfa2t3	-11.081878	-7.628
Ech1	-11.067349	-7.6134715
Rian	-15.018594	-11.564715
Smim11	-11.077011	-7.623133
Cyth1	-10.810176	-7.356298
Nox1	-15.7117405	-12.257862
Zbtb10	-12.84954	-9.395661
Leo1	-12.716008	-9.26213
Zfp934	-13.839938	-10.38606
Slc39a10	-11.986047	-8.532168
Zfp516	-12.100822	-8.646944
Mapkap1	-12.1282215	-8.674343
Mmp23	-14.325446	-10.871568
Nxph4	-15.306275	-11.852397
Plec	-11.442043	-7.9881654
Gm4285	-14.613129	-11.15925
Cxcr6	-15.7117405	-12.257862
March8	-12.156392	-8.702514
Eif5a	-9.712804	-6.258926
Iqsec2	-12.9083805	-9.454502
Arid2	-12.061082	-8.6072035
Gm35974	-16.404888	-12.95101
P4htm	-14.79545	-11.341572
Inpp4a	-11.760497	-8.306619
Hpgd	-9.499134	-6.0452566
9130008F23Rik	-15.306275	-11.852397
Gm47794	-14.79545	-11.341572
Ap2b1	-11.152615	-7.6987367
Kdm6a	-11.584606	-8.130728
Patl1	-12.1282215	-8.674343
Rars	-12.1282215	-8.674343
Gm826	-14.207664	-10.753785
Mars	-12.79397	-9.340092
Tcaim	-14.613129	-11.15925
Nme1	-10.581841	-7.1279635
Gm37850	-16.404888	-12.95101
Ppp3cb	-11.950541	-8.496662
Dis3l	-12.939152	-9.485273
Prex1	-11.400942	-7.947064
Afdn	-13.269394	-9.8155155
Det1	-15.018594	-11.564715
Ltc4s	-9.695583	-6.2417054
Ccl9	-9.284443	-5.8305655
Gm16120	-16.404888	-12.95101
Miip	-13.409156	-9.955277
Prrt3	-15.7117405	-12.257862
Gm42702	-14.458978	-11.005099
Amigo2	-14.458978	-11.005099
Aldh8a1	-16.404888	-12.95101
Sumo3	-10.697778	-7.2439
Trim30c	-12.598226	-9.144347
Dda1	-11.741448	-8.28757
Lmln	-14.613129	-11.15925
Prim1	-13.072683	-9.618805
Egr2	-11.760497	-8.306619
Rpl36a	-8.841687	-5.3878093
Hif1a	-11.592704	-8.138825
C130026I21Rik	-15.018594	-11.564715
Sp4	-13.269394	-9.8155155
Braf	-12.361836	-8.907958
Ap5m1	-13.037592	-9.583714
Pbld1	-15.7117405	-12.257862
Cul2	-12.643687	-9.189809
AA386476	-15.7117405	-12.257862
Atp23	-13.360365	-9.9064865
Gtdc1	-13.186012	-9.732134
AW554918	-13.313846	-9.859967
Paqr7	-13.226834	-9.772956
Tagln	-10.302329	-6.848451
Gm14546	-16.404888	-12.95101
Prkd1	-16.404888	-12.95101
Nsmce4a	-11.407676	-7.953798
Thumpd3	-12.156392	-8.702514
Nccrp1	-15.306275	-11.852397
Gpatch4	-12.878528	-9.424649
Slc50a1	-11.8831	-8.429221
Osgin1	-13.919981	-10.466103
Galnt2	-11.463245	-8.009367
Gm26812	-15.7117405	-12.257862
Gm47320	-16.404888	-12.95101
Klc1	-11.789767	-8.335889
Pogz	-12.18538	-8.731502
S1pr4	-14.006992	-10.553114
Slc24a1	-15.7117405	-12.257862
Gm10602	-14.79545	-11.341572
Dnah14	-15.018594	-11.564715
Aldh1l1	-15.7117405	-12.257862
Ccar2	-13.226834	-9.772956
Plxna4os1	-12.741326	-9.287448
Pram1	-16.404888	-12.95101
Fancl	-13.269394	-9.8155155
Scamp2	-10.258558	-6.8046803
Skap2	-10.555563	-7.101685
Trac	-16.404888	-12.95101
D130043K22Rik	-16.404888	-12.95101
Sh3bgrl2	-13.186012	-9.732134
Sbf2	-10.958151	-7.504273
Atp1b3	-10.527152	-7.073274
Mrps5	-12.074155	-8.620276
Tuft1	-12.9083805	-9.454502
Pcdhac2	-15.018594	-11.564715
4930477G07Rik	-16.404888	-12.95101
Gm34788	-16.404888	-12.95101
Pum3	-11.950541	-8.496662
Ggt7	-16.404888	-12.95101
Gm19710	-15.306275	-11.852397
Tubb6	-11.048302	-7.594424
Arfgef2	-12.667218	-9.21334
Slc38a9	-11.8831	-8.429221
Gm12865	-16.404888	-12.95101
Gm45237	-16.404888	-12.95101
Gan	-13.313846	-9.859967
Eif4h	-10.6878605	-7.2339826
Rps6kc1	-12.691316	-9.237437
Pecam1	-12.492865	-9.038986
A930006K02Rik	-13.460449	-10.006571
Ticrr	-14.613129	-11.15925
4921517D22Rik	-16.404888	-12.95101
Larp4b	-11.067349	-7.6134715
Sufu	-13.460449	-10.006571
Plin5	-16.404888	-12.95101
Tpsg1	-15.018594	-11.564715
Golt1b	-12.620698	-9.16682
Zkscan1	-12.970901	-9.517022
Plrg1	-13.072683	-9.618805
Katnal1	-13.839938	-10.38606
Ppia	-8.008507	-4.5546293
Rad23a	-11.394253	-7.940375
Nkx2-3	-16.404888	-12.95101
Gm28935	-16.404888	-12.95101
Ndufa1	-10.386294	-6.9324164
Asna1	-11.938979	-8.485101
Dtl	-13.409156	-9.955277
Gdap2	-12.4730625	-9.019184
Pramef8	-13.696837	-10.242959
Cops5	-11.950541	-8.496662
Samm50	-11.348642	-7.8947644
Gm7694	-14.613129	-11.15925
Twistnb	-11.916251	-8.462373
Vps28	-11.116621	-7.662743
Ikbip	-12.9083805	-9.454502
Cers5	-12.048179	-8.5943
Dnajc27	-13.76583	-10.311952
Nrarp	-14.79545	-11.341572
Ubqln2	-12.344445	-8.890567
Itprip	-13.072683	-9.618805
Gm15862	-16.404888	-12.95101
Rock2	-10.293421	-6.839543
Trappc2	-13.696837	-10.242959
Tanc2	-11.157864	-7.7039857
Dnajc28	-14.613129	-11.15925
Irf8	-10.587776	-7.1338983
Lfng	-11.6775	-8.223621
Tyrobp	-8.1191225	-4.6652446
Trpv2	-12.492865	-9.038986
Lsm11	-13.460449	-10.006571
Ier5	-9.572934	-6.119056
Fkbp14	-14.458978	-11.005099
Tram2	-14.006992	-10.553114
Sar1b	-11.722756	-8.268878
Tm9sf1	-12.200195	-8.746317
Cap1	-10.817639	-7.3637614
Kyat1	-14.79545	-11.341572
Gm45083	-16.404888	-12.95101
Cltc	-8.974773	-5.5208955
Myl9	-10.979938	-7.5260596
Mmgt1	-13.269394	-9.8155155
Sh3gl1	-11.686389	-8.232511
Arid3a	-12.453644	-8.999765
Plcxd1	-15.7117405	-12.257862
Ndufa3	-10.160721	-6.706843
Vps33a	-12.598226	-9.144347
Birc3	-10.949567	-7.495689
Prkaa1	-12.939152	-9.485273
Pcnx3	-12.598226	-9.144347
Uqcrc2	-11.456128	-8.00225
Zfp422	-11.986047	-8.532168
Grk6	-12.200195	-8.746317
Brat1	-13.76583	-10.311952
Clec3b	-13.76583	-10.311952
Pomc	-15.018594	-11.564715
C87436	-12.821369	-9.367491
Gpsm2	-13.76583	-10.311952
Gm16133	-14.458978	-11.005099
Gmeb2	-13.696837	-10.242959
C1qc	-7.4815626	-4.027685
Hnrnpa2b1	-9.497132	-6.0432544
Trem1	-15.7117405	-12.257862
Trnau1ap	-11.894029	-8.44015
Psph	-13.696837	-10.242959
Cbx1	-11.048302	-7.594424
Zfp931	-13.632299	-10.178421
Alkbh8	-12.84954	-9.395661
Icos	-15.7117405	-12.257862
Smarca5	-10.661884	-7.2080064
Tmprss9	-16.404888	-12.95101
Zfp446	-14.613129	-11.15925
Olfr432	-16.404888	-12.95101
Vars2	-14.325446	-10.871568
Urb1	-14.613129	-11.15925
Ptpn7	-12.379536	-8.925657
Naa25	-12.716008	-9.26213
Pnpla6	-12.878528	-9.424649
Atg16l2	-13.571674	-10.117796
Gapvd1	-10.748896	-7.2950177
Mpv17	-11.950541	-8.496662
Reck	-15.7117405	-12.257862
2210016F16Rik	-11.470414	-8.016536
Gm26520	-14.102303	-10.648424
Exoc4	-11.651298	-8.197419
Zdhhc9	-11.722756	-8.268878
Ccdc130	-13.109051	-9.655172
Cobl	-15.306275	-11.852397
Kdm4b	-14.102303	-10.648424
Cnnm2	-13.460449	-10.006571
Leprotl1	-11.5607	-8.106822
Triap1	-11.704408	-8.250529
Sptlc2	-11.361463	-7.9075847
4933423P22Rik	-15.018594	-11.564715
Jade2	-11.732059	-8.27818
Ifnar1	-11.342293	-7.888415
Taf4b	-13.76583	-10.311952
Vill	-14.102303	-10.648424
Polr2b	-12.061082	-8.6072035
Cd59a	-13.919981	-10.466103
Kat5	-12.643687	-9.189809
P2ry12	-11.317291	-7.8634133
Znhit2	-13.037592	-9.583714
Gpt	-15.306275	-11.852397
Taf1d	-11.038912	-7.585034
Cpsf6	-11.894029	-8.44015
Cnn2	-11.034249	-7.5803714
Lmtk2	-15.7117405	-12.257862
Tgfbi	-9.091001	-5.637123
Rnf41	-12.970901	-9.517022
Strap	-11.750927	-8.297049
Cysltr2	-16.404888	-12.95101
Ptpn2	-12.18538	-8.731502
Hdac6	-13.839938	-10.38606
9830144P21Rik	-16.404888	-12.95101
Vmp1	-10.928424	-7.474546
Socs2	-14.102303	-10.648424
Mapk7	-14.006992	-10.553114
G930009F23Rik	-16.404888	-12.95101
Gm17203	-15.306275	-11.852397
Gm34921	-15.7117405	-12.257862
Retn	-16.404888	-12.95101
Smim8	-12.970901	-9.517022
Kdm3b	-12.156392	-8.702514
Zbtb33	-12.970901	-9.517022
Ptpn21	-13.919981	-10.466103
Ypel2	-12.84954	-9.395661
Rnf31	-12.9083805	-9.454502
Zfp37	-14.613129	-11.15925
Tnfrsf4	-15.018594	-11.564715
Man2c1	-12.691316	-9.237437
Cnn3	-13.186012	-9.732134
Isy1	-11.84054	-8.386662
Mms22l	-13.839938	-10.38606
Sec22a	-13.460449	-10.006571
Gm4673	-14.207664	-10.753785
Kat8	-12.970901	-9.517022
Pcmtd2	-12.170781	-8.716903
Zfp882	-15.018594	-11.564715
Sdhaf3	-13.460449	-10.006571
Cage1	-16.404888	-12.95101
Stk11	-11.463245	-8.009367
Ppan	-13.037592	-9.583714
Kdm7a	-10.570077	-7.116199
Tmem41b	-12.767302	-9.313423
Rnf19a	-12.84954	-9.395661
Zfp704	-12.0354395	-8.581561
Gnal	-15.306275	-11.852397
Mrc2	-16.404888	-12.95101
Ptger1	-14.613129	-11.15925
Nox4	-14.207664	-10.753785
Dusp19	-14.79545	-11.341572
Col9a3	-16.404888	-12.95101
Tubgcp3	-12.970901	-9.517022
Acy1	-14.325446	-10.871568
Mpg	-12.741326	-9.287448
Gm41764	-15.018594	-11.564715
Spp1	-14.613129	-11.15925
Acad8	-12.513067	-9.059189
Cep112	-13.269394	-9.8155155
Gm12498	-16.404888	-12.95101
Gm2788	-16.404888	-12.95101
Acss2	-14.79545	-11.341572
Plppr3	-15.7117405	-12.257862
C2cd3	-13.003691	-9.549812
Hoxa7	-15.7117405	-12.257862
F11r	-13.571674	-10.117796
Wdr1	-10.863625	-7.4097466
Atp2c1	-11.861593	-8.407715
Fstl1	-12.821369	-9.367491
Dusp5	-12.294014	-8.840136
Tgtp2	-13.919981	-10.466103
Gnb1	-10.331843	-6.8779655
Tcf4	-9.850954	-6.397076
Tbccd1	-13.072683	-9.618805
Plscr2	-16.404888	-12.95101
Vti1a	-12.691316	-9.237437
Treml4	-13.919981	-10.466103
Hsd11b1	-16.404888	-12.95101
C1d	-11.71354	-8.259662
Zkscan17	-13.003691	-9.549812
Rere	-11.576574	-8.122696
Vma21	-11.414455	-7.9605775
Frrs1	-12.492865	-9.038986
Zbtb4	-11.5607	-8.106822
Tank	-11.463245	-8.009367
C130050O18Rik	-14.207664	-10.753785
Abtb1	-13.186012	-9.732134
Slc25a17	-12.434596	-8.980718
Kmt5c	-12.691316	-9.237437
Dazap2	-10.160721	-6.706843
Fam78b	-15.018594	-11.564715
Fam136a	-12.84954	-9.395661
Acvr2b	-14.79545	-11.341572
C2cd2l	-13.186012	-9.732134
Xpa	-12.0873995	-8.633521
Gm45442	-16.404888	-12.95101
Gys1	-13.571674	-10.117796
Gm47270	-16.404888	-12.95101
4930590J08Rik	-14.613129	-11.15925
Gtf2h3	-14.207664	-10.753785
mt-Nd4l	-9.571856	-6.117978
Gm40155	-14.006992	-10.553114
Cdkl1	-16.404888	-12.95101
Emp1	-11.038912	-7.585034
Naprt	-14.102303	-10.648424
Otud3	-13.919981	-10.466103
Lsm7	-11.576574	-8.122696
Fbxw9	-13.76583	-10.311952
Mrps33	-10.859711	-7.405833
Micu3	-13.146791	-9.692913
Bcas2	-11.240102	-7.786224
Rtn4	-9.853807	-6.3999295
Zswim8	-12.261753	-8.807875
Ube2d1	-12.170781	-8.716903
Nol7	-10.6911545	-7.2372766
Gm26670	-15.7117405	-12.257862
Cdc40	-11.522086	-8.068208
Pigc	-13.360365	-9.9064865
Srp14	-10.352798	-6.8989205
Rangrf	-13.919981	-10.466103
Reps2	-11.704408	-8.250529
Parp4	-12.4730625	-9.019184
Rars2	-13.313846	-9.859967
Fbxo31	-13.460449	-10.006571
Ndrg2	-14.102303	-10.648424
Aph1c	-11.927551	-8.473673
Abhd18	-14.613129	-11.15925
Sort1	-13.839938	-10.38606
Synpo2	-13.571674	-10.117796
Mal	-16.404888	-12.95101
Scd4	-16.404888	-12.95101
4933407K13Rik	-15.306275	-11.852397
Ubap1l	-16.404888	-12.95101
Trim30b	-14.006992	-10.553114
Nrp1	-10.13201	-6.6781325
Zdhhc8	-13.109051	-9.655172
Sf3b2	-10.379022	-6.9251437
Gm35110	-16.404888	-12.95101
Scrib	-12.821369	-9.367491
Nub1	-11.830176	-8.376298
Nxf2	-16.404888	-12.95101
A4galt	-14.006992	-10.553114
Traf3ip1	-13.76583	-10.311952
Trim12a	-12.0354395	-8.581561
Stxbp5	-12.074155	-8.620276
Tiparp	-10.645986	-7.1921077
Clec4g	-15.306275	-11.852397
Gm29367	-14.207664	-10.753785
Gm27017	-16.404888	-12.95101
Soat2	-15.018594	-11.564715
Asf1b	-12.667218	-9.21334
Phtf1os	-15.7117405	-12.257862
Aftph	-11.020392	-7.5665145
Prkcd	-10.770098	-7.31622
Fcer1g	-8.05872	-4.604842
Slc17a8	-15.7117405	-12.257862
Usp20	-14.458978	-11.005099
Ldlrap1	-13.696837	-10.242959
Sept1	-15.018594	-11.564715
Zfp386	-12.9083805	-9.454502
Cryzl2	-13.186012	-9.732134
Neb	-16.404888	-12.95101
Il4	-15.7117405	-12.257862
Gpr83	-15.7117405	-12.257862
Usp24	-11.484907	-8.031029
Fxyd3	-16.404888	-12.95101
Etfdh	-13.313846	-9.859967
Anp32a	-10.278019	-6.824141
Snx1	-11.894029	-8.44015
Trmt5	-14.613129	-11.15925
Upk1b	-16.404888	-12.95101
Cpeb1	-14.325446	-10.871568
Sardh	-14.325446	-10.871568
Rora	-12.513067	-9.059189
Tbc1d24	-12.939152	-9.485273
Polm	-14.207664	-10.753785
Stk19	-12.061082	-8.6072035
Zyg11b	-12.277753	-8.823874
Slc25a44	-12.9083805	-9.454502
Derl1	-11.323483	-7.8696055
1700022I11Rik	-16.404888	-12.95101
Nceh1	-12.1282215	-8.674343
Dcps	-12.55474	-9.100862
Bcar3	-14.006992	-10.553114
Rad51ap1	-13.360365	-9.9064865
Wfdc17	-9.024009	-5.570131
Psme4	-11.722756	-8.268878
Gclc	-12.533687	-9.079808
Gm3055	-16.404888	-12.95101
Arhgap31	-11.477634	-8.023756
Dpys	-15.7117405	-12.257862
Pygo2	-12.55474	-9.100862
Mc1r	-14.458978	-11.005099
Gm13861	-15.7117405	-12.257862
Gm11261	-16.404888	-12.95101
Pcbp3	-16.404888	-12.95101
Gm10371	-16.404888	-12.95101
Smim7	-11.625764	-8.1718855
Plcd1	-13.76583	-10.311952
Tnfsf9	-11.779915	-8.326036
Ints1	-12.643687	-9.189809
Meis1	-14.79545	-11.341572
Rassf1	-11.26909	-7.815212
Xiap	-11.234404	-7.7805257
B3gnt6	-16.404888	-12.95101
Rpl41	-7.6315026	-4.177625
Angptl6	-15.306275	-11.852397
Zfp758	-13.460449	-10.006571
Otof	-14.79545	-11.341572
Fhit	-14.325446	-10.871568
Arid5a	-11.514539	-8.06066
Itsn1	-10.496805	-7.0429273
Mis18a	-12.533687	-9.079808
Gbp7	-10.924249	-7.470371
Rsad2	-12.246005	-8.792127
Podn	-15.7117405	-12.257862
Plk5	-16.404888	-12.95101
Nhlrc1	-16.404888	-12.95101
Tsnax	-12.2305	-8.776622
Top2a	-10.875459	-7.421581
F5	-16.404888	-12.95101
Wdr89	-11.84054	-8.386662
Usp39	-12.939152	-9.485273
Eif3e	-10.480632	-7.026754
Bcdin3d	-13.919981	-10.466103
Nuf2	-13.571674	-10.117796
Zfp69	-16.404888	-12.95101
Gm3604	-14.458978	-11.005099
Hnrnpab	-10.313578	-6.8596997
Sox8	-15.018594	-11.564715
Ninj1	-9.136664	-5.682787
Plekha1	-12.156392	-8.702514
Rnpc3	-12.667218	-9.21334
Zbed5	-14.613129	-11.15925
Tcap	-13.186012	-9.732134
Usp25	-11.152615	-7.6987367
Pogk	-12.667218	-9.21334
Nsd2	-11.799718	-8.3458395
Sbk1	-13.839938	-10.38606
B020010K11Rik	-13.696837	-10.242959
Mettl24	-16.404888	-12.95101
Gpr153	-16.404888	-12.95101
Mppe1	-12.79397	-9.340092
2310047D07Rik	-16.404888	-12.95101
Brk1	-10.001313	-6.5474353
Esco1	-12.397554	-8.943676
Fopnl	-12.716008	-9.26213
Pmepa1	-12.0873995	-8.633521
Hsd17b7	-14.207664	-10.753785
Ddx3x	-9.584871	-6.1309934
Poc1a	-14.325446	-10.871568
Etv1	-11.10657	-7.6526923
Mrpl11	-11.905078	-8.4512
4930580E04Rik	-16.404888	-12.95101
Gm16310	-13.003691	-9.549812
Amotl1	-14.79545	-11.341572
Srxn1	-13.460449	-10.006571
Kansl3	-12.434596	-8.980718
AI662270	-11.116621	-7.662743
C330018A13Rik	-16.404888	-12.95101
Fn3krp	-14.79545	-11.341572
Ppp2ca	-10.6780405	-7.2241626
Atrx	-10.254285	-6.800407
Iqcd	-14.79545	-11.341572
Ctps	-13.919981	-10.466103
Syde2	-16.404888	-12.95101
Gcdh	-13.696837	-10.242959
9230111E07Rik	-14.613129	-11.15925
Usp19	-11.894029	-8.44015
Prkn	-13.76583	-10.311952
Chd6	-11.741448	-8.28757
Ccdc28b	-12.397554	-8.943676
Il7	-15.7117405	-12.257862
Heatr5a	-11.760497	-8.306619
Tmem98	-15.7117405	-12.257862
Ciao3	-12.741326	-9.287448
Nol6	-13.460449	-10.006571
Cep295	-12.643687	-9.189809
Nup88	-11.962236	-8.508358
Slc11a2	-12.9083805	-9.454502
Apex2	-14.325446	-10.871568
Dis3l2	-13.003691	-9.549812
Rad17	-12.434596	-8.980718
Gapt	-13.839938	-10.38606
Fbxl12	-13.360365	-9.9064865
Phykpl	-13.146791	-9.692913
Fanci	-15.7117405	-12.257862
Fgfbp3	-15.018594	-11.564715
Emilin2	-11.750927	-8.297049
Mpc2	-10.766533	-7.312655
Lncppara	-14.79545	-11.341572
Gclm	-12.156392	-8.702514
Arid4a	-10.717913	-7.2640347
Gm12589	-16.404888	-12.95101
Mrpl38	-12.156392	-8.702514
Yif1b	-11.651298	-8.197419
Slc25a22	-13.839938	-10.38606
Gm43707	-15.306275	-11.852397
Klk11	-16.404888	-12.95101
E030018B13Rik	-16.404888	-12.95101
C1s1	-15.018594	-11.564715
Slc45a3	-13.632299	-10.178421
Serpine1	-12.767302	-9.313423
Pdpr	-13.839938	-10.38606
Pafah1b1	-10.403473	-6.949595
Cav1	-12.716008	-9.26213
Pvr	-12.939152	-9.485273
Cbx3	-11.02499	-7.571112
Dnmt3b	-13.919981	-10.466103
Gm17949	-15.7117405	-12.257862
4930589L23Rik	-14.006992	-10.553114
Sars2	-14.613129	-11.15925
Snapc2	-13.514516	-10.060637
Gm45833	-16.404888	-12.95101
Mdfic	-11.477634	-8.023756
Bloc1s6	-12.84954	-9.395661
Chd2	-11.26909	-7.815212
Skp1a	-11.111583	-7.657705
Slc39a6	-13.037592	-9.583714
Tram1	-11.01126	-7.557382
Nhlrc3	-11.938979	-8.485101
Top3b	-13.360365	-9.9064865
Gm26571	-16.404888	-12.95101
Foxs1	-16.404888	-12.95101
Akr1b3	-10.90772	-7.4538417
Klhl29	-16.404888	-12.95101
Coa3	-11.043595	-7.5897174
Dcxr	-11.634203	-8.180325
Herc1	-11.217502	-7.7636237
Gm48102	-16.404888	-12.95101
Cep57l1	-13.632299	-10.178421
Rsrc2	-10.84806	-7.3941817
9330179D12Rik	-16.404888	-12.95101
Ndufs4	-11.507048	-8.053169
Slc15a2	-11.974071	-8.520192
D930030I03Rik	-14.006992	-10.553114
Dpy19l4	-12.18538	-8.731502
Mecr	-12.492865	-9.038986
Slc9a9	-10.788116	-7.3342385
Pycard	-10.668316	-7.214438
Hnrnpll	-12.2305	-8.776622
Scnm1	-12.716008	-9.26213
Agtrap	-11.625764	-8.1718855
Fundc1	-11.760497	-8.306619
Rasal3	-13.269394	-9.8155155
Slc10a6	-12.767302	-9.313423
Omd	-15.306275	-11.852397
4930455G09Rik	-13.571674	-10.117796
Zfp445	-11.950541	-8.496662
Qars	-11.950541	-8.496662
1810009A15Rik	-13.571674	-10.117796
Sec23a	-13.226834	-9.772956
Tspan2	-13.919981	-10.466103
Smg8	-13.409156	-9.955277
Gpcpd1	-12.1282215	-8.674343
Slc16a3	-13.409156	-9.955277
Hnrnpul2	-10.788116	-7.3342385
Susd1	-12.970901	-9.517022
Ywhah	-10.260702	-6.806824
Tmem184c	-12.970901	-9.517022
Lin28a	-16.404888	-12.95101
Fbln2	-14.102303	-10.648424
Clcn4	-11.5607	-8.106822
Timm10	-12.576246	-9.122368
Rmnd5a	-11.625764	-8.1718855
Gm17354	-16.404888	-12.95101
Ccdc124	-11.584606	-8.130728
Mfap1a	-12.453644	-8.999765
Stt3b	-11.799718	-8.3458395
Igkv3-5	-16.404888	-12.95101
Chkb	-12.1144285	-8.66055
Gm15704	-16.404888	-12.95101
Gm26511	-15.7117405	-12.257862
Gm36693	-15.7117405	-12.257862
Ube3c	-12.4730625	-9.019184
Fam174a	-10.993241	-7.5393634
Pfas	-14.102303	-10.648424
Mogs	-12.55474	-9.100862
Spag1	-15.306275	-11.852397
Gm43061	-16.404888	-12.95101
Timm44	-11.998169	-8.544291
Armc5	-13.003691	-9.549812
Gm27168	-15.018594	-11.564715
Taf12	-11.905078	-8.4512
Mon2	-11.116621	-7.662743
Rbp7	-16.404888	-12.95101
Phf11b	-12.0873995	-8.633521
Rtf2	-11.245832	-7.7919545
Kdsr	-12.643687	-9.189809
1700007L15Rik	-14.458978	-11.005099
Med16	-12.620698	-9.16682
Ccdc84	-13.514516	-10.060637
9830107B12Rik	-15.306275	-11.852397
Ccdc144b	-16.404888	-12.95101
Gbp4	-14.207664	-10.753785
Akirin2	-11.507048	-8.053169
Gm26789	-15.7117405	-12.257862
Zfp672	-13.186012	-9.732134
1110065P20Rik	-12.821369	-9.367491
Rrnad1	-13.696837	-10.242959
Gm36839	-14.79545	-11.341572
Aldh1l2	-16.404888	-12.95101
Dlg2	-16.404888	-12.95101
Shc4	-15.7117405	-12.257862
Slain1	-16.404888	-12.95101
Podxl2	-14.79545	-11.341572
Sirt5	-14.006992	-10.553114
Rpl22l1	-9.832605	-6.3787274
Cct8	-10.936828	-7.4829497
Kctd13	-13.571674	-10.117796
Gm19522	-16.404888	-12.95101
1500002C15Rik	-12.100822	-8.646944
Perm1	-16.404888	-12.95101
Abcb6	-14.207664	-10.753785
Yap1	-15.306275	-11.852397
2810002D19Rik	-14.613129	-11.15925
Gpd1l	-13.409156	-9.955277
Rragc	-11.081878	-7.628
Dusp2	-11.5607	-8.106822
Srgn	-9.294191	-5.8403134
Abhd5	-12.878528	-9.424649
Slc29a2	-15.7117405	-12.257862
Rps6	-8.558689	-5.104811
Angptl4	-12.691316	-9.237437
Tnfaip8	-10.398535	-6.944657
Tssk4	-16.404888	-12.95101
Zfp335os	-16.404888	-12.95101
Rara	-11.71354	-8.259662
Wrb	-13.696837	-10.242959
Uxs1	-12.170781	-8.716903
BC052040	-14.325446	-10.871568
Cir1	-11.37445	-7.920572
Rassf3	-11.305021	-7.8511434
Ss18l1	-14.613129	-11.15925
Apoa1	-16.404888	-12.95101
Pacsin2	-11.335983	-7.8821054
Stat1	-11.642714	-8.188835
Sap30bp	-12.533687	-9.079808
Ikzf2	-13.313846	-9.859967
Sirpb1b	-14.458978	-11.005099
Prdx5	-10.256419	-6.8025413
Aprt	-11.211931	-7.7580533
Gm1976	-15.018594	-11.564715
Elk1	-14.006992	-10.553114
Prss47	-16.404888	-12.95101
Aoc3	-14.79545	-11.341572
Mtrf1l	-13.571674	-10.117796
Mex3b	-13.632299	-10.178421
Gm20536	-14.79545	-11.341572
Sos1	-12.667218	-9.21334
Hmgb3	-14.325446	-10.871568
Crybg1	-13.360365	-9.9064865
Dgkh	-13.409156	-9.955277
Hscb	-12.667218	-9.21334
1110038B12Rik	-11.704408	-8.250529
Rnf144b	-13.514516	-10.060637
Gm45309	-15.7117405	-12.257862
Ece1	-12.716008	-9.26213
Shmt2	-13.003691	-9.549812
Atxn7l2	-14.458978	-11.005099
Tmem71	-12.142208	-8.68833
Traf5	-12.576246	-9.122368
Hist1h2bh	-16.404888	-12.95101
mt-Nd2	-8.010992	-4.5571146
Atp6v1g2	-14.207664	-10.753785
Gnptab	-12.84954	-9.395661
Bcl11a	-13.839938	-10.38606
9130230L23Rik	-12.55474	-9.100862
Sf3a3	-11.722756	-8.268878
Ehhadh	-15.306275	-11.852397
Vps33b	-13.514516	-10.060637
Spata7	-14.325446	-10.871568
Peli3	-14.458978	-11.005099
Fam169b	-15.7117405	-12.257862
Zfp263	-12.4730625	-9.019184
Pik3c2a	-11.704408	-8.250529
Pax5	-15.306275	-11.852397
Dffa	-13.409156	-9.955277
Nrbp1	-11.335983	-7.8821054
Hspa8	-8.009184	-4.5553064
Rnf130	-10.016326	-6.562448
Rnf219	-13.514516	-10.060637
Nrap	-13.919981	-10.466103
Zfp644	-11.634203	-8.180325
Mex3c	-12.453644	-8.999765
H2-D1	-8.255863	-4.8019857
Gm17024	-15.7117405	-12.257862
Cyth4	-10.055749	-6.601871
Nusap1	-11.986047	-8.532168
Cxcl16	-10.504991	-7.0511127
B930018H19Rik	-16.404888	-12.95101
Gm50071	-14.613129	-11.15925
Ddx43	-16.404888	-12.95101
Gm48163	-16.404888	-12.95101
Mfsd6	-11.545075	-8.091197
4930523C07Rik	-12.100822	-8.646944
Tchh	-15.018594	-11.564715
Zc3h18	-12.010439	-8.5565605
Taf5l	-13.072683	-9.618805
Tshz2	-14.458978	-11.005099
Nr2f1	-15.7117405	-12.257862
Cwc25	-12.048179	-8.5943
Xrn1	-11.760497	-8.306619
Ankrd44	-11.131888	-7.6780105
Kif16b	-12.767302	-9.313423
Selenoo	-13.313846	-9.859967
Usp37	-12.215233	-8.761354
Snx27	-11.545075	-8.091197
Ints14	-12.821369	-9.367491
Tpd52l2	-11.651298	-8.197419
Med9os	-16.404888	-12.95101
Pdpk1	-11.576574	-8.122696
Zfp35	-13.313846	-9.859967
Gm30382	-15.306275	-11.852397
Ube2b	-10.527152	-7.073274
LTO1	-12.691316	-9.237437
Rhbdf1	-13.072683	-9.618805
Tnrc6a	-11.126773	-7.672895
Hist1h3b	-13.839938	-10.38606
D430040D24Rik	-15.018594	-11.564715
Dcaf17	-12.767302	-9.313423
Serpinb12	-16.404888	-12.95101
Slc39a9	-12.533687	-9.079808
Slc25a38	-13.109051	-9.655172
Arhgap18	-10.76298	-7.3091025
Senp7	-12.397554	-8.943676
Msr1	-11.015816	-7.561938
Upb1	-12.533687	-9.079808
Ccdc183	-15.7117405	-12.257862
Nab1	-11.872289	-8.41841
Mocs1	-14.207664	-10.753785
Ttc39a	-15.7117405	-12.257862
Ubl5	-9.700473	-6.2465954
Zfp654	-12.821369	-9.367491
Lysmd2	-15.306275	-11.852397
Snx33	-14.613129	-11.15925
Olfr1274-ps	-16.404888	-12.95101
Erc1	-13.632299	-10.178421
2410022M11Rik	-14.458978	-11.005099
Exosc2	-13.409156	-9.955277
Znhit3	-13.146791	-9.692913
Mtm1	-12.142208	-8.68833
Dpp4	-12.741326	-9.287448
Mgme1	-12.598226	-9.144347
Tmem128	-12.074155	-8.620276
Tent4b	-12.434596	-8.980718
Fam107b	-12.0873995	-8.633521
Fbxl4	-14.006992	-10.553114
Rp9	-11.09662	-7.6427417
Stard9	-11.592704	-8.138825
Chac2	-14.458978	-11.005099
Egr3	-12.200195	-8.746317
Meis2	-13.839938	-10.38606
Prps2	-12.415904	-8.962026
Pak3	-16.404888	-12.95101
Usp4	-12.048179	-8.5943
Mpp4	-16.404888	-12.95101
Rad18	-14.207664	-10.753785
F830208F22Rik	-15.7117405	-12.257862
Gm20546	-16.404888	-12.95101
Prr36	-16.404888	-12.95101
Ntrk3	-14.458978	-11.005099
Lamb3	-13.839938	-10.38606
Slc25a34	-14.458978	-11.005099
Crnn	-16.404888	-12.95101
Rpl13	-7.4871745	-4.033297
Gm17399	-16.404888	-12.95101
Dmap1	-13.360365	-9.9064865
Dmtf1	-12.576246	-9.122368
Supt20	-11.916251	-8.462373
Peg13	-13.072683	-9.618805
Srd5a1	-15.7117405	-12.257862
Irak1	-11.514539	-8.06066
Rexo5	-14.613129	-11.15925
Deptor	-11.600866	-8.146988
Washc2	-10.7523985	-7.2985206
Msrb2	-12.741326	-9.287448
Trim26	-11.779915	-8.326036
Gfpt1	-12.170781	-8.716903
Tpgs1	-12.18538	-8.731502
Ipo5	-12.261753	-8.807875
Pnpla8	-11.286894	-7.833016
Zfp420	-14.79545	-11.341572
Gm43614	-16.404888	-12.95101
Mtrf1	-14.613129	-11.15925
Rpl10-ps3	-12.100822	-8.646944
Lman1	-11.456128	-8.00225
Acpp	-14.458978	-11.005099
Stpg3	-16.404888	-12.95101
Scara5	-16.404888	-12.95101
Cox8a	-9.096345	-5.642467
Zdhhc4	-13.460449	-10.006571
Gimap3	-15.018594	-11.564715
Nsf	-12.200195	-8.746317
Tipin	-12.344445	-8.890567
Nrf1	-12.4730625	-9.019184
Gm37362	-16.404888	-12.95101
Zfp87	-13.632299	-10.178421
Phex	-15.7117405	-12.257862
C1qtnf7	-15.7117405	-12.257862
Fbxl8	-13.571674	-10.117796
Ankrd49	-13.003691	-9.549812
Idi1	-12.533687	-9.079808
Il1r1	-14.325446	-10.871568
Sat2	-14.325446	-10.871568
1700086O06Rik	-15.018594	-11.564715
Gm2629	-16.404888	-12.95101
Vps41	-11.789767	-8.335889
Adra2a	-14.102303	-10.648424
2510002D24Rik	-12.667218	-9.21334
Ly96	-11.184532	-7.7306542
Krtcap3	-15.018594	-11.564715
Dand5	-11.37445	-7.920572
A930007I19Rik	-14.325446	-10.871568
Rad51b	-12.598226	-9.144347
D730003I15Rik	-12.84954	-9.395661
Kcnk4	-15.7117405	-12.257862
Gm34961	-14.207664	-10.753785
Camkk1	-16.404888	-12.95101
Kdm4a	-12.246005	-8.792127
Kcnk7	-13.919981	-10.466103
Ajuba	-14.325446	-10.871568
Gtf2h2	-13.460449	-10.006571
Slc25a53	-15.018594	-11.564715
Srm	-12.620698	-9.16682
Sdhaf4	-11.872289	-8.41841
Faf1	-12.576246	-9.122368
Spc25	-13.226834	-9.772956
B230118H07Rik	-12.939152	-9.485273
Myl6	-8.590084	-5.136206
Cdh5	-14.79545	-11.341572
Gria3	-15.7117405	-12.257862
Gm15726	-13.632299	-10.178421
Syk	-10.655495	-7.201617
B3gntl1	-14.79545	-11.341572
Pank4	-13.460449	-10.006571
Chchd10	-13.313846	-9.859967
Nanos1	-13.409156	-9.955277
Zfp267	-13.571674	-10.117796
Tmod3	-11.1737795	-7.7199016
Clec2d	-11.086768	-7.63289
Dhrs13	-16.404888	-12.95101
Syt7	-16.404888	-12.95101
Ide	-12.716008	-9.26213
Gm10131	-16.404888	-12.95101
Primpol	-13.037592	-9.583714
4930435F18Rik	-16.404888	-12.95101
Usp53	-13.146791	-9.692913
Gphn	-12.576246	-9.122368
Nbr1	-11.861593	-8.407715
Vamp4	-11.6775	-8.223621
H2afx	-11.470414	-8.016536
Hdgfl3	-14.325446	-10.871568
A430106G13Rik	-14.458978	-11.005099
Stub1	-11.116621	-7.662743
Prodh	-14.102303	-10.648424
Mcm8	-14.325446	-10.871568
A730085E03Rik	-16.404888	-12.95101
Gabra3	-16.404888	-12.95101
Vcpip1	-11.819921	-8.366042
Eri3	-12.361836	-8.907958
Mtpap	-12.55474	-9.100862
A130077B15Rik	-15.306275	-11.852397
Arrb1	-11.659956	-8.206078
Chd4	-10.006292	-6.5524144
Polr2c	-11.741448	-8.28757
Slc48a1	-11.394253	-7.940375
Tcf7l2	-12.4730625	-9.019184
Trpm4	-13.696837	-10.242959
Cdh11	-15.7117405	-12.257862
Ccdc24	-15.018594	-11.564715
Npdc1	-14.006992	-10.553114
Ranbp1	-10.605795	-7.151917
Hsf2	-13.409156	-9.955277
Foxm1	-13.839938	-10.38606
Yes1	-16.404888	-12.95101
1110013H19Rik	-14.613129	-11.15925
Fut7	-16.404888	-12.95101
Itga4	-10.920091	-7.4662127
Nfyc	-12.434596	-8.980718
Isca2	-12.434596	-8.980718
Hist1h2br	-14.458978	-11.005099
Trmt112	-10.6747875	-7.2209096
Ddx1	-11.986047	-8.532168
Gm13293	-16.404888	-12.95101
Zfp715	-13.186012	-9.732134
Gm29480	-16.404888	-12.95101
Gprc5c	-11.905078	-8.4512
Mtfr1	-13.571674	-10.117796
Adra2b	-16.404888	-12.95101
Ube2v2	-12.074155	-8.620276
Dpm3	-10.581841	-7.1279635
Aldh4a1	-13.919981	-10.466103
Zscan21	-13.460449	-10.006571
Smc6	-11.13703	-7.6831517
Ms4a14	-12.344445	-8.890567
Slc22a28	-16.404888	-12.95101
Ciart	-13.037592	-9.583714
Zc4h2	-14.325446	-10.871568
Tacc1	-10.265003	-6.8111253
Prkar2a	-11.6775	-8.223621
Zfp248	-14.79545	-11.341572
Slc6a4	-14.102303	-10.648424
AA467197	-14.79545	-11.341572
Ptpn3	-16.404888	-12.95101
Casp8	-11.034249	-7.5803714
Ankrd13a	-11.428154	-7.974276
Adgrg1	-14.325446	-10.871568
Map3k4	-11.916251	-8.462373
Efhd1	-14.006992	-10.553114
Zc3h11a	-14.207664	-10.753785
Cdan1	-13.460449	-10.006571
Letm2	-12.741326	-9.287448
Trim65	-12.142208	-8.68833
Galnt7	-12.294014	-8.840136
Ermp1	-12.643687	-9.189809
Pip5k1a	-12.310543	-8.856665
Trerf1	-11.704408	-8.250529
Radx	-15.7117405	-12.257862
Sys1	-11.305021	-7.8511434
Pdia5	-14.325446	-10.871568
Gm28723	-16.404888	-12.95101
Hspb6	-13.632299	-10.178421
Chchd1	-11.20639	-7.7525125
Sacs	-13.514516	-10.060637
Ing3	-12.397554	-8.943676
Gm31763	-16.404888	-12.95101
Zfp956	-14.79545	-11.341572
Pdcd6	-11.234404	-7.7805257
Dnaja2	-10.928424	-7.474546
Cd209d	-11.26909	-7.815212
9930111J21Rik1	-14.006992	-10.553114
Tef	-11.905078	-8.4512
Gm47469	-15.306275	-11.852397
Mrpl18	-11.200881	-7.747003
Kcnip3	-14.207664	-10.753785
Rsad1	-14.458978	-11.005099
Cenpb	-10.840367	-7.3864894
Pik3ca	-11.617396	-8.163518
Rbm6	-11.770159	-8.31628
Casr	-16.404888	-12.95101
Peli1	-11.257393	-7.803515
Kctd10	-12.415904	-8.962026
Hr	-14.102303	-10.648424
Tpst2	-11.37445	-7.920572
Dscc1	-15.7117405	-12.257862
Abhd14b	-13.072683	-9.618805
Dynlt3	-11.722756	-8.268878
Atp11c	-12.598226	-9.144347
Gm6583	-15.306275	-11.852397
Zfp27	-15.306275	-11.852397
Gpr165	-16.404888	-12.95101
Raph1	-10.911826	-7.457948
Slamf6	-14.79545	-11.341572
Ctsa	-9.800944	-6.3470664
Smim10l2a	-15.7117405	-12.257862
Gm42743	-13.919981	-10.466103
Ubxn2b	-13.514516	-10.060637
Tmco1	-10.624145	-7.1702666
Cpxm1	-13.919981	-10.466103
Ppm1e	-15.306275	-11.852397
Ppil2	-11.66869	-8.214811
Aars	-12.327351	-8.873472
Otud1	-13.514516	-10.060637
Vamp3	-11.081878	-7.628
Rac3	-11.651298	-8.197419
Qsox2	-13.919981	-10.466103
Gpalpp1	-12.2305	-8.776622
Zcchc24	-11.428154	-7.974276
Odf2l	-13.839938	-10.38606
Rab11fip1	-12.667218	-9.21334
Tsr2	-13.226834	-9.772956
Gm48286	-16.404888	-12.95101
Hspa1l	-15.306275	-11.852397
Hist1h2bj	-14.207664	-10.753785
Gm14443	-16.404888	-12.95101
Gm48302	-14.325446	-10.871568
Arfgap3	-13.109051	-9.655172
Shfl	-13.360365	-9.9064865
Kcna2	-16.404888	-12.95101
Naalad2	-15.306275	-11.852397
Nudt9	-11.770159	-8.31628
Hcst	-11.552857	-8.098979
Cenpn	-14.207664	-10.753785
E430024I08Rik	-14.325446	-10.871568
Lsm4	-10.924249	-7.470371
Drg1	-11.998169	-8.544291
Phf20	-11.470414	-8.016536
Rnf157	-13.003691	-9.549812
Pex13	-11.974071	-8.520192
Zbtb6	-13.514516	-10.060637
Atg14	-12.513067	-9.059189
Ift57	-13.514516	-10.060637
Mks1	-14.006992	-10.553114
Malt1	-12.294014	-8.840136
Rnf44	-12.074155	-8.620276
1110017D15Rik	-16.404888	-12.95101
L1cam	-13.76583	-10.311952
Pirb	-10.802769	-7.348891
Mfsd4b1	-16.404888	-12.95101
Gpr157	-14.006992	-10.553114
Gm50362	-16.404888	-12.95101
Spcs1	-10.932617	-7.4787393
Ndufa8	-11.067349	-7.6134715
Ago2	-11.568605	-8.114727
Ppil1	-12.691316	-9.237437
Gm47232	-16.404888	-12.95101
Gna11	-12.4730625	-9.019184
Hspe1	-10.396074	-6.9421964
Stmn4	-16.404888	-12.95101
Mrpl30	-11.111583	-7.657705
Jund	-8.744302	-5.2904243
Gm26532	-10.297865	-6.843987
Gm16933	-15.7117405	-12.257862
Adam8	-13.037592	-9.583714
Acbd4	-14.207664	-10.753785
Ccdc120	-15.7117405	-12.257862
Kdelr2	-11.6775	-8.223621
BC106179	-15.7117405	-12.257862
Tysnd1	-13.109051	-9.655172
Ube2h	-11.830176	-8.376298
Lck	-14.102303	-10.648424
Gpatch3	-14.325446	-10.871568
4931406B18Rik	-15.018594	-11.564715
Dram1	-13.146791	-9.692913
Fcgrt	-9.313146	-5.8592677
St3gal2	-12.878528	-9.424649
Tha1	-15.018594	-11.564715
Hpn	-14.79545	-11.341572
Klk1b11	-16.404888	-12.95101
BC051537	-13.919981	-10.466103
Sco2	-12.878528	-9.424649
Tpp2	-11.342293	-7.888415
Palm3	-15.7117405	-12.257862
Lyzl4	-15.7117405	-12.257862
Poc1b	-12.716008	-9.26213
Gm43577	-15.7117405	-12.257862
Gm50210	-16.404888	-12.95101
Zfp84	-12.643687	-9.189809
6430628N08Rik	-16.404888	-12.95101
Vps4b	-11.081878	-7.628
Psmc5	-11.329714	-7.875836
Gm35363	-15.7117405	-12.257862
Zfp780b	-13.360365	-9.9064865
Pdhb	-11.986047	-8.532168
Zfp91	-10.426002	-6.9721236
Rcor3	-12.9083805	-9.454502
Ctdspl	-13.313846	-9.859967
Lcmt1	-12.513067	-9.059189
Ms4a4a	-12.277753	-8.823874
1600022D10Rik	-14.79545	-11.341572
Ppt1	-10.671546	-7.217668
Pcgf3	-13.226834	-9.772956
Dnajb9	-10.327246	-6.873368
Lrrtm2	-16.404888	-12.95101
Itsn2	-11.006725	-7.5528474
Il1rn	-14.207664	-10.753785
Cnksr1	-16.404888	-12.95101
Pfdn2	-11.006725	-7.5528474
Cdc7	-15.018594	-11.564715
Des	-15.306275	-11.852397
Tmem189	-11.298943	-7.8450646
Sema6a	-12.379536	-8.925657
Bckdk	-12.261753	-8.807875
Fbxo5	-12.691316	-9.237437
Rab11fip2	-13.146791	-9.692913
Arid5b	-11.760497	-8.306619
Rtca	-13.072683	-9.618805
Rsu1	-11.015816	-7.561938
Commd7	-11.5607	-8.106822
Hs6st1	-11.916251	-8.462373
Ankib1	-12.327351	-8.873472
Sertad2	-11.552857	-8.098979
Aebp2	-11.927551	-8.473673
Hook3	-11.002211	-7.5483327
Gm15411	-16.404888	-12.95101
Pebp1	-10.681303	-7.227425
C730034F03Rik	-13.226834	-9.772956
Suclg1	-11.552857	-8.098979
Slc44a2	-13.037592	-9.583714
Cdc42ep5	-14.325446	-10.871568
Magt1	-11.09662	-7.6427417
Gm28505	-15.7117405	-12.257862
Tgfb2	-14.613129	-11.15925
Fcgr4	-12.741326	-9.287448
Atp6v0b	-9.3307705	-5.876893
Vamp2	-12.361836	-8.907958
Khdrbs1	-11.111583	-7.657705
Zfp141	-13.839938	-10.38606
Sod3	-12.821369	-9.367491
Tk2	-12.215233	-8.761354
Aff4	-11.13703	-7.6831517
Gng7	-14.613129	-11.15925
Mmp14	-14.006992	-10.553114
Irf9	-11.625764	-8.1718855
Mamld1	-14.207664	-10.753785
Slc25a12	-12.741326	-9.287448
Tet3	-10.979938	-7.5260596
Rai14	-16.404888	-12.95101
Arhgap19	-12.261753	-8.807875
Alg2	-13.919981	-10.466103
Eea1	-11.121684	-7.667806
Atp6ap1	-10.7523985	-7.2985206
Arhgef10l	-11.905078	-8.4512
Arf3	-11.421281	-7.967403
Zscan18	-14.79545	-11.341572
Ccr4	-16.404888	-12.95101
Cd86	-10.570077	-7.116199
Lpar2	-14.613129	-11.15925
Dmwd	-15.7117405	-12.257862
Ndufa12	-11.048302	-7.594424
Mycbp2	-10.464717	-7.010839
AI854703	-16.404888	-12.95101
Per3	-12.598226	-9.144347
Utrn	-11.894029	-8.44015
Exosc5	-12.0873995	-8.633521
Lmna	-10.130126	-6.676248
Ppp3cc	-13.76583	-10.311952
Gm12195	-15.306275	-11.852397
Irak3	-12.277753	-8.823874
A930033H14Rik	-14.79545	-11.341572
Cdc37	-10.6911545	-7.2372766
Ppp4r3a	-11.732059	-8.27818
Adrb2	-10.867554	-7.413676
Gm42726	-14.458978	-11.005099
Xist	-8.805486	-5.3516083
Mvp	-11.659956	-8.206078
A230098N10Rik	-16.404888	-12.95101
Hmga2	-15.7117405	-12.257862
Trim33	-11.927551	-8.473673
Clcn3	-12.18538	-8.731502
Arid1a	-10.895499	-7.4416213
Arhgef10	-13.109051	-9.655172
Gm35576	-16.404888	-12.95101
Lpgat1	-11.986047	-8.532168
Hap1	-14.79545	-11.341572
Srrd	-13.360365	-9.9064865
Ttc21b	-13.632299	-10.178421
Gm21057	-15.7117405	-12.257862
Ifngr2	-11.286894	-7.833016
Kntc1	-14.325446	-10.871568
Panx1	-13.76583	-10.311952
Cep55	-13.696837	-10.242959
Selenow	-9.788822	-6.3349442
AW046200	-16.404888	-12.95101
Gm45572	-16.404888	-12.95101
Hexb	-10.464717	-7.010839
Calcrl	-12.84954	-9.395661
Epc2	-11.950541	-8.496662
Cox4i2	-15.7117405	-12.257862
Tcfl5	-16.404888	-12.95101
H3f3a	-8.438994	-4.985117
A930037H05Rik	-15.306275	-11.852397
Lrrc47	-12.513067	-9.059189
Mogat1	-16.404888	-12.95101
Psma1	-10.832734	-7.378856
Rgs11	-15.7117405	-12.257862
Gm37876	-16.404888	-12.95101
Jam2	-15.7117405	-12.257862
Zic5	-16.404888	-12.95101
Gtf3c3	-12.939152	-9.485273
Ppil3	-12.620698	-9.16682
Cdkl2	-14.207664	-10.753785
Adpgk	-13.072683	-9.618805
Sulf2	-10.717913	-7.2640347
Stk32c	-15.306275	-11.852397
Brd8	-11.71354	-8.259662
Rps7	-8.094964	-4.6410866
Tcea3	-14.006992	-10.553114
Lmbr1	-14.207664	-10.753785
Ap3s1	-11.522086	-8.068208
Plvap	-15.306275	-11.852397
Slc35d2	-14.325446	-10.871568
Soat1	-11.514539	-8.06066
Nup160	-13.226834	-9.772956
Srsf1	-11.414455	-7.9605775
Vps26b	-13.109051	-9.655172
Tmed8	-13.76583	-10.311952
Pdia4	-11.077011	-7.623133
Mfge8	-11.695357	-8.241479
Tlr9	-14.613129	-11.15925
Churc1	-11.545075	-8.091197
Large1	-14.102303	-10.648424
Wdr92	-13.632299	-10.178421
Pgm5	-16.404888	-12.95101
Mrpl41	-12.010439	-8.5565605
Flywch1	-13.226834	-9.772956
Vldlr	-14.79545	-11.341572
H2-Ab1	-7.342699	-3.8888216
Ropn1l	-14.325446	-10.871568
Ist1	-11.861593	-8.407715
G730003C15Rik	-14.79545	-11.341572
Eif2s2	-10.369407	-6.915529
Samd8	-12.643687	-9.189809
Ikzf1	-11.576574	-8.122696
4931428F04Rik	-15.306275	-11.852397
Nelfa	-12.716008	-9.26213
Bfsp1	-15.7117405	-12.257862
Rhox8	-16.404888	-12.95101
Palb2	-13.571674	-10.117796
Arhgap27os2	-15.018594	-11.564715
Dctn4	-11.477634	-8.023756
Gm49747	-16.404888	-12.95101
Gde1	-12.246005	-8.792127
Cdt1	-12.667218	-9.21334
Sv2a	-15.7117405	-12.257862
Coq8b	-12.84954	-9.395661
Rnf25	-13.632299	-10.178421
Cacna1c	-15.7117405	-12.257862
Slc26a11	-12.643687	-9.189809
4930486L24Rik	-13.460449	-10.006571
Ptges3	-10.527152	-7.073274
Hoga1	-14.613129	-11.15925
Sem1	-9.157095	-5.703217
Slc6a8	-14.006992	-10.553114
Dnajb12	-12.533687	-9.079808
Saysd1	-12.415904	-8.962026
Anxa13	-16.404888	-12.95101
Sppl2a	-10.599752	-7.1458745
Ehf	-15.306275	-11.852397
Zdhhc1	-13.76583	-10.311952
Cyp51	-12.767302	-9.313423
Garnl3	-14.325446	-10.871568
